datetime,open,high,low,close,volume,open_oi,close_oi
2023-08-07 13:30:00,7506.0,7506.0,7466.0,7472.0,48268.0,249944.0,253510.0
2023-08-07 14:00:00,7472.0,7476.0,7458.0,7460.0,44002.0,253510.0,255887.0
2023-08-07 14:30:00,7460.0,7478.0,7450.0,7470.0,64121.0,255887.0,252515.0
2023-08-07 21:00:00,7414.0,7446.0,7404.0,7438.0,78982.0,252515.0,256751.0
2023-08-07 21:30:00,7438.0,7440.0,7412.0,7416.0,46599.0,256751.0,258752.0
2023-08-07 22:00:00,7416.0,7434.0,7408.0,7422.0,32679.0,258752.0,257495.0
2023-08-07 22:30:00,7422.0,7444.0,7416.0,7424.0,36497.0,257495.0,253339.0
2023-08-08 09:00:00,7434.0,7464.0,7408.0,7422.0,73462.0,253339.0,249991.0
2023-08-08 09:30:00,7422.0,7444.0,7364.0,7372.0,74473.0,249991.0,250592.0
2023-08-08 10:00:00,7372.0,7372.0,7310.0,7318.0,75507.0,250592.0,253279.0
2023-08-08 10:30:00,7316.0,7364.0,7288.0,7354.0,99822.0,253279.0,252284.0
2023-08-08 11:00:00,7354.0,7370.0,7336.0,7350.0,42469.0,252284.0,251573.0
2023-08-08 13:30:00,7348.0,7348.0,7320.0,7330.0,39000.0,251573.0,252639.0
2023-08-08 14:00:00,7330.0,7342.0,7320.0,7330.0,25189.0,252639.0,249588.0
2023-08-08 14:30:00,7330.0,7364.0,7330.0,7338.0,52706.0,249588.0,242301.0
2023-08-08 21:00:00,7282.0,7324.0,7268.0,7310.0,72207.0,242301.0,235250.0
2023-08-08 21:30:00,7310.0,7314.0,7282.0,7284.0,63928.0,235250.0,235152.0
2023-08-08 22:00:00,7284.0,7310.0,7282.0,7298.0,38086.0,235152.0,233508.0
2023-08-08 22:30:00,7298.0,7334.0,7288.0,7334.0,36236.0,233508.0,227641.0
2023-08-09 09:00:00,7388.0,7398.0,7352.0,7372.0,84096.0,227641.0,221687.0
2023-08-09 09:30:00,7372.0,7406.0,7364.0,7398.0,37162.0,221687.0,218906.0
2023-08-09 10:00:00,7398.0,7416.0,7380.0,7404.0,20800.0,218906.0,217857.0
2023-08-09 10:30:00,7402.0,7404.0,7356.0,7364.0,43350.0,217857.0,219002.0
2023-08-09 11:00:00,7364.0,7400.0,7358.0,7388.0,36190.0,219002.0,217894.0
2023-08-09 13:30:00,7392.0,7410.0,7382.0,7392.0,38739.0,217894.0,219574.0
2023-08-09 14:00:00,7392.0,7448.0,7390.0,7446.0,46647.0,219574.0,218317.0
2023-08-09 14:30:00,7446.0,7464.0,7436.0,7448.0,42551.0,218317.0,211501.0
2023-08-09 21:00:00,7476.0,7502.0,7460.0,7498.0,62743.0,211501.0,209477.0
2023-08-09 21:30:00,7498.0,7504.0,7474.0,7480.0,44341.0,209477.0,207910.0
2023-08-09 22:00:00,7480.0,7494.0,7462.0,7486.0,37436.0,207910.0,208192.0
2023-08-09 22:30:00,7486.0,7530.0,7482.0,7482.0,53938.0,208192.0,203975.0
2023-08-10 09:00:00,7472.0,7484.0,7442.0,7460.0,51687.0,203975.0,201752.0
2023-08-10 09:30:00,7460.0,7470.0,7442.0,7452.0,33338.0,201752.0,201284.0
2023-08-10 10:00:00,7452.0,7454.0,7408.0,7420.0,31214.0,201284.0,203471.0
2023-08-10 10:30:00,7420.0,7444.0,7402.0,7410.0,44835.0,203471.0,203461.0
2023-08-10 11:00:00,7410.0,7440.0,7406.0,7432.0,31575.0,203461.0,200279.0
2023-08-10 13:30:00,7440.0,7480.0,7440.0,7464.0,43042.0,200279.0,198703.0
2023-08-10 14:00:00,7464.0,7466.0,7440.0,7452.0,24558.0,198703.0,196765.0
2023-08-10 14:30:00,7452.0,7490.0,7438.0,7458.0,44157.0,196765.0,190961.0
2023-08-10 21:00:00,7424.0,7458.0,7420.0,7444.0,58633.0,190961.0,188319.0
2023-08-10 21:30:00,7444.0,7464.0,7424.0,7446.0,53989.0,188319.0,188165.0
2023-08-10 22:00:00,7446.0,7496.0,7416.0,7492.0,56042.0,188165.0,188121.0
2023-08-10 22:30:00,7492.0,7494.0,7420.0,7440.0,47284.0,188121.0,181461.0
2023-08-11 09:00:00,7444.0,7456.0,7424.0,7430.0,37274.0,181461.0,173407.0
2023-08-11 09:30:00,7430.0,7442.0,7390.0,7426.0,38424.0,173407.0,173108.0
2023-08-11 10:00:00,7426.0,7438.0,7414.0,7436.0,9396.0,173108.0,171778.0
2023-08-11 10:30:00,7434.0,7434.0,7366.0,7370.0,42239.0,171778.0,172137.0
2023-08-11 11:00:00,7370.0,7396.0,7358.0,7388.0,28866.0,172137.0,169326.0
2023-08-11 13:30:00,7394.0,7398.0,7344.0,7358.0,35006.0,169326.0,170628.0
2023-08-11 14:00:00,7358.0,7404.0,7358.0,7388.0,25559.0,170628.0,169886.0
2023-08-11 14:30:00,7388.0,7404.0,7368.0,7392.0,25469.0,169886.0,166210.0
2023-08-11 21:00:00,7306.0,7322.0,7278.0,7290.0,45057.0,166210.0,351209.0
2023-08-11 21:30:00,7290.0,7298.0,7258.0,7262.0,41199.0,351209.0,355618.0
2023-08-11 22:00:00,7262.0,7294.0,7256.0,7290.0,27872.0,355618.0,354815.0
2023-08-11 22:30:00,7290.0,7308.0,7272.0,7284.0,28017.0,354815.0,353078.0
2023-08-14 09:00:00,7316.0,7378.0,7312.0,7376.0,70080.0,353078.0,349168.0
2023-08-14 09:30:00,7376.0,7394.0,7356.0,7386.0,40308.0,349168.0,347347.0
2023-08-14 10:00:00,7386.0,7388.0,7362.0,7376.0,12785.0,347347.0,347203.0
2023-08-14 10:30:00,7372.0,7380.0,7282.0,7282.0,53395.0,347203.0,353577.0
2023-08-14 11:00:00,7282.0,7290.0,7262.0,7280.0,30790.0,353577.0,357336.0
2023-08-14 13:30:00,7282.0,7282.0,7240.0,7264.0,39103.0,357336.0,359950.0
2023-08-14 14:00:00,7264.0,7272.0,7240.0,7240.0,23846.0,359950.0,365368.0
2023-08-14 14:30:00,7240.0,7278.0,7240.0,7270.0,28853.0,365368.0,364202.0
2023-08-14 21:00:00,7270.0,7280.0,7250.0,7272.0,62045.0,364202.0,373371.0
2023-08-14 21:30:00,7272.0,7278.0,7234.0,7268.0,66704.0,373371.0,378379.0
2023-08-14 22:00:00,7268.0,7294.0,7262.0,7282.0,47928.0,378379.0,374875.0
2023-08-14 22:30:00,7282.0,7286.0,7252.0,7268.0,37204.0,374875.0,374285.0
2023-08-15 09:00:00,7284.0,7354.0,7276.0,7352.0,82915.0,374285.0,374778.0
2023-08-15 09:30:00,7352.0,7390.0,7348.0,7376.0,85791.0,374778.0,383283.0
2023-08-15 10:00:00,7376.0,7406.0,7360.0,7390.0,35137.0,383283.0,383310.0
2023-08-15 10:30:00,7394.0,7414.0,7388.0,7398.0,61657.0,383310.0,386350.0
2023-08-15 11:00:00,7398.0,7450.0,7396.0,7450.0,65365.0,386350.0,391534.0
2023-08-15 13:30:00,7436.0,7502.0,7430.0,7496.0,86603.0,391534.0,398643.0
2023-08-15 14:00:00,7496.0,7540.0,7492.0,7536.0,89048.0,398643.0,409366.0
2023-08-15 14:30:00,7536.0,7544.0,7506.0,7520.0,96820.0,409366.0,407800.0
2023-08-15 21:00:00,7512.0,7570.0,7502.0,7562.0,110966.0,407800.0,415630.0
2023-08-15 21:30:00,7562.0,7574.0,7544.0,7556.0,78321.0,415630.0,419794.0
2023-08-15 22:00:00,7556.0,7568.0,7538.0,7552.0,61298.0,419794.0,424648.0
2023-08-15 22:30:00,7552.0,7556.0,7512.0,7530.0,75274.0,424648.0,421395.0
2023-08-16 09:00:00,7512.0,7524.0,7484.0,7510.0,85024.0,421395.0,420110.0
2023-08-16 09:30:00,7510.0,7528.0,7504.0,7522.0,37434.0,420110.0,418339.0
2023-08-16 10:00:00,7522.0,7524.0,7502.0,7516.0,24618.0,418339.0,414380.0
2023-08-16 10:30:00,7518.0,7526.0,7504.0,7512.0,31980.0,414380.0,413475.0
2023-08-16 11:00:00,7512.0,7552.0,7506.0,7536.0,54318.0,413475.0,414338.0
2023-08-16 13:30:00,7524.0,7544.0,7510.0,7540.0,43637.0,414338.0,415530.0
2023-08-16 14:00:00,7540.0,7546.0,7524.0,7536.0,36386.0,415530.0,417446.0
2023-08-16 14:30:00,7536.0,7538.0,7522.0,7526.0,37476.0,417446.0,412448.0
2023-08-16 21:00:00,7578.0,7592.0,7542.0,7552.0,85252.0,412448.0,415636.0
2023-08-16 21:30:00,7552.0,7572.0,7540.0,7550.0,66878.0,415636.0,417430.0
2023-08-16 22:00:00,7550.0,7562.0,7532.0,7540.0,42343.0,417430.0,416242.0
2023-08-16 22:30:00,7540.0,7586.0,7540.0,7578.0,67500.0,416242.0,416857.0
2023-08-17 09:00:00,7562.0,7562.0,7510.0,7526.0,87320.0,416857.0,416125.0
2023-08-17 09:30:00,7526.0,7538.0,7504.0,7528.0,48396.0,416125.0,415512.0
2023-08-17 10:00:00,7528.0,7536.0,7516.0,7536.0,13022.0,415512.0,416174.0
2023-08-17 10:30:00,7538.0,7560.0,7538.0,7552.0,45887.0,416174.0,418998.0
2023-08-17 11:00:00,7552.0,7568.0,7542.0,7566.0,31035.0,418998.0,420828.0
2023-08-17 13:30:00,7558.0,7562.0,7544.0,7556.0,36451.0,420828.0,419560.0
2023-08-17 14:00:00,7556.0,7606.0,7548.0,7590.0,68431.0,419560.0,424837.0
2023-08-17 14:30:00,7590.0,7604.0,7584.0,7594.0,61282.0,424837.0,424221.0
2023-08-17 21:00:00,7620.0,7646.0,7600.0,7626.0,95929.0,424221.0,433100.0
2023-08-17 21:30:00,7626.0,7632.0,7602.0,7606.0,58731.0,433100.0,434232.0
2023-08-17 22:00:00,7606.0,7636.0,7602.0,7634.0,44020.0,434232.0,434191.0
2023-08-17 22:30:00,7634.0,7640.0,7608.0,7626.0,47592.0,434191.0,428121.0
2023-08-18 09:00:00,7624.0,7656.0,7622.0,7632.0,68910.0,428121.0,430954.0
2023-08-18 09:30:00,7632.0,7664.0,7626.0,7652.0,40715.0,430954.0,434360.0
2023-08-18 10:00:00,7652.0,7672.0,7638.0,7668.0,19372.0,434360.0,436367.0
2023-08-18 10:30:00,7668.0,7676.0,7612.0,7652.0,70762.0,436367.0,436431.0
2023-08-18 11:00:00,7652.0,7656.0,7622.0,7640.0,34406.0,436431.0,433781.0
2023-08-18 13:30:00,7628.0,7648.0,7614.0,7646.0,34965.0,433781.0,434954.0
2023-08-18 14:00:00,7646.0,7646.0,7622.0,7632.0,25066.0,434954.0,436183.0
2023-08-18 14:30:00,7632.0,7638.0,7610.0,7614.0,50695.0,436183.0,433951.0
2023-08-18 21:00:00,7578.0,7590.0,7550.0,7582.0,84886.0,433951.0,430470.0
2023-08-18 21:30:00,7582.0,7612.0,7572.0,7608.0,60884.0,430470.0,434438.0
2023-08-18 22:00:00,7608.0,7622.0,7596.0,7598.0,42980.0,434438.0,433421.0
2023-08-18 22:30:00,7598.0,7620.0,7594.0,7606.0,35101.0,433421.0,431758.0
2023-08-21 09:00:00,7666.0,7750.0,7646.0,7740.0,135812.0,431758.0,444943.0
2023-08-21 09:30:00,7740.0,7768.0,7730.0,7740.0,72434.0,444943.0,449780.0
2023-08-21 10:00:00,7740.0,7742.0,7660.0,7722.0,67107.0,449780.0,446988.0
2023-08-21 10:30:00,7724.0,7740.0,7682.0,7714.0,66523.0,446988.0,448005.0
2023-08-21 11:00:00,7714.0,7716.0,7676.0,7688.0,39872.0,448005.0,447233.0
2023-08-21 13:30:00,7686.0,7696.0,7668.0,7672.0,33104.0,447233.0,449979.0
2023-08-21 14:00:00,7672.0,7682.0,7646.0,7676.0,47358.0,449979.0,448823.0
2023-08-21 14:30:00,7676.0,7692.0,7640.0,7670.0,61261.0,448823.0,442444.0
2023-08-21 21:00:00,7676.0,7694.0,7662.0,7680.0,70725.0,442444.0,448497.0
2023-08-21 21:30:00,7680.0,7690.0,7642.0,7652.0,63028.0,448497.0,449763.0
2023-08-21 22:00:00,7652.0,7660.0,7616.0,7634.0,55396.0,449763.0,448421.0
2023-08-21 22:30:00,7634.0,7654.0,7632.0,7640.0,35280.0,448421.0,444736.0
2023-08-22 09:00:00,7604.0,7680.0,7590.0,7672.0,73896.0,444736.0,442006.0
2023-08-22 09:30:00,7672.0,7680.0,7622.0,7636.0,47840.0,442006.0,442783.0
2023-08-22 10:00:00,7636.0,7654.0,7630.0,7646.0,13380.0,442783.0,442866.0
2023-08-22 10:30:00,7648.0,7668.0,7588.0,7608.0,69982.0,442866.0,443132.0
2023-08-22 11:00:00,7608.0,7622.0,7600.0,7622.0,31123.0,443132.0,439299.0
2023-08-22 13:30:00,7618.0,7618.0,7532.0,7578.0,91524.0,439299.0,439405.0
2023-08-22 14:00:00,7578.0,7618.0,7578.0,7614.0,46696.0,439405.0,437385.0
2023-08-22 14:30:00,7614.0,7618.0,7582.0,7612.0,42773.0,437385.0,431783.0
2023-08-22 21:00:00,7604.0,7662.0,7584.0,7654.0,93056.0,431783.0,438689.0
2023-08-22 21:30:00,7654.0,7666.0,7622.0,7634.0,72697.0,438689.0,440721.0
2023-08-22 22:00:00,7634.0,7648.0,7602.0,7610.0,55489.0,440721.0,439298.0
2023-08-22 22:30:00,7610.0,7618.0,7586.0,7610.0,45119.0,439298.0,436316.0
2023-08-23 09:00:00,7542.0,7548.0,7476.0,7542.0,157875.0,436316.0,434092.0
2023-08-23 09:30:00,7542.0,7550.0,7518.0,7540.0,44111.0,434092.0,434869.0
2023-08-23 10:00:00,7540.0,7550.0,7528.0,7532.0,13960.0,434869.0,434877.0
2023-08-23 10:30:00,7534.0,7562.0,7522.0,7560.0,42979.0,434877.0,432799.0
2023-08-23 11:00:00,7560.0,7604.0,7548.0,7582.0,59002.0,432799.0,430430.0
2023-08-23 13:30:00,7580.0,7590.0,7570.0,7580.0,37673.0,430430.0,430786.0
2023-08-23 14:00:00,7580.0,7590.0,7560.0,7568.0,36671.0,430786.0,429029.0
2023-08-23 14:30:00,7568.0,7574.0,7550.0,7574.0,42568.0,429029.0,425825.0
2023-08-23 21:00:00,7558.0,7580.0,7528.0,7552.0,97525.0,425825.0,428358.0
2023-08-23 21:30:00,7552.0,7588.0,7548.0,7582.0,72303.0,428358.0,427600.0
2023-08-23 22:00:00,7582.0,7642.0,7570.0,7618.0,92086.0,427600.0,432184.0
2023-08-23 22:30:00,7618.0,7682.0,7610.0,7682.0,79215.0,432184.0,432361.0
2023-08-24 09:00:00,7708.0,7740.0,7702.0,7728.0,101531.0,432361.0,437265.0
2023-08-24 09:30:00,7728.0,7732.0,7708.0,7726.0,48893.0,437265.0,433028.0
2023-08-24 10:00:00,7726.0,7752.0,7706.0,7750.0,29776.0,433028.0,435018.0
2023-08-24 10:30:00,7748.0,7754.0,7688.0,7702.0,70392.0,435018.0,438144.0
2023-08-24 11:00:00,7702.0,7724.0,7678.0,7716.0,47535.0,438144.0,436109.0
2023-08-24 13:30:00,7716.0,7728.0,7698.0,7726.0,45338.0,436109.0,441835.0
2023-08-24 14:00:00,7726.0,7726.0,7668.0,7682.0,48029.0,441835.0,444783.0
2023-08-24 14:30:00,7682.0,7684.0,7626.0,7630.0,83563.0,444783.0,436184.0
2023-08-24 21:00:00,7608.0,7654.0,7606.0,7648.0,100665.0,436184.0,440683.0
2023-08-24 21:30:00,7648.0,7658.0,7610.0,7656.0,71460.0,440683.0,440298.0
2023-08-24 22:00:00,7656.0,7672.0,7644.0,7652.0,58660.0,440298.0,440479.0
2023-08-24 22:30:00,7652.0,7690.0,7634.0,7686.0,59237.0,440479.0,435412.0
2023-08-25 09:00:00,7698.0,7758.0,7686.0,7724.0,124448.0,435412.0,445116.0
2023-08-25 09:30:00,7724.0,7742.0,7700.0,7738.0,61565.0,445116.0,447554.0
2023-08-25 10:00:00,7738.0,7740.0,7698.0,7720.0,29018.0,447554.0,449061.0
2023-08-25 10:30:00,7720.0,7738.0,7696.0,7722.0,51838.0,449061.0,454561.0
2023-08-25 11:00:00,7722.0,7728.0,7700.0,7722.0,41827.0,454561.0,454243.0
2023-08-25 13:30:00,7724.0,7748.0,7706.0,7746.0,61640.0,454243.0,459965.0
2023-08-25 14:00:00,7746.0,7746.0,7722.0,7732.0,33082.0,459965.0,460044.0
2023-08-25 14:30:00,7732.0,7784.0,7714.0,7752.0,64729.0,460044.0,465153.0
2023-08-25 21:00:00,7804.0,7810.0,7754.0,7806.0,115972.0,465153.0,466650.0
2023-08-25 21:30:00,7806.0,7874.0,7804.0,7854.0,133292.0,466650.0,475876.0
2023-08-25 22:00:00,7854.0,7860.0,7824.0,7832.0,69538.0,475876.0,477283.0
2023-08-25 22:30:00,7832.0,7856.0,7824.0,7852.0,45286.0,477283.0,473144.0
2023-08-28 09:00:00,7896.0,7922.0,7806.0,7848.0,152459.0,473144.0,464179.0
2023-08-28 09:30:00,7848.0,7850.0,7778.0,7800.0,80678.0,464179.0,458865.0
2023-08-28 10:00:00,7800.0,7802.0,7764.0,7800.0,29926.0,458865.0,458164.0
2023-08-28 10:30:00,7800.0,7810.0,7772.0,7782.0,55746.0,458164.0,459268.0
2023-08-28 11:00:00,7782.0,7792.0,7770.0,7790.0,30700.0,459268.0,455697.0
2023-08-28 13:30:00,7786.0,7788.0,7716.0,7726.0,72584.0,455697.0,448142.0
2023-08-28 14:00:00,7726.0,7740.0,7686.0,7700.0,61654.0,448142.0,447598.0
2023-08-28 14:30:00,7700.0,7738.0,7670.0,7720.0,66548.0,447598.0,443875.0
2023-08-28 21:00:00,7720.0,7730.0,7688.0,7692.0,79729.0,443875.0,450021.0
2023-08-28 21:30:00,7692.0,7734.0,7676.0,7722.0,69484.0,450021.0,452101.0
2023-08-28 22:00:00,7722.0,7764.0,7720.0,7762.0,57201.0,452101.0,455624.0
2023-08-28 22:30:00,7762.0,7792.0,7758.0,7786.0,59000.0,455624.0,455362.0
2023-08-29 09:00:00,7758.0,7784.0,7736.0,7784.0,85896.0,455362.0,457527.0
2023-08-29 09:30:00,7784.0,7794.0,7760.0,7778.0,48842.0,457527.0,459950.0
2023-08-29 10:00:00,7778.0,7822.0,7764.0,7812.0,43486.0,459950.0,463497.0
2023-08-29 10:30:00,7810.0,7852.0,7786.0,7846.0,88104.0,463497.0,467280.0
2023-08-29 11:00:00,7846.0,7852.0,7816.0,7836.0,48334.0,467280.0,464716.0
2023-08-29 13:30:00,7822.0,7834.0,7810.0,7816.0,42331.0,464716.0,466029.0
2023-08-29 14:00:00,7816.0,7842.0,7814.0,7818.0,33472.0,466029.0,466299.0
2023-08-29 14:30:00,7818.0,7822.0,7750.0,7764.0,84304.0,466299.0,455912.0
2023-08-29 21:00:00,7778.0,7834.0,7764.0,7820.0,97901.0,455912.0,464417.0
2023-08-29 21:30:00,7820.0,7832.0,7804.0,7818.0,60421.0,464417.0,464795.0
2023-08-29 22:00:00,7818.0,7866.0,7810.0,7856.0,81002.0,464795.0,467790.0
2023-08-29 22:30:00,7856.0,7872.0,7840.0,7858.0,54242.0,467790.0,465670.0
2023-08-30 09:00:00,7852.0,7882.0,7836.0,7858.0,68747.0,465670.0,466504.0
2023-08-30 09:30:00,7858.0,7878.0,7816.0,7868.0,83421.0,466504.0,468728.0
2023-08-30 10:00:00,7868.0,7870.0,7836.0,7852.0,32480.0,468728.0,469196.0
2023-08-30 10:30:00,7852.0,7852.0,7778.0,7780.0,87093.0,469196.0,462185.0
2023-08-30 11:00:00,7780.0,7820.0,7770.0,7814.0,57191.0,462185.0,461013.0
2023-08-30 13:30:00,7818.0,7828.0,7784.0,7802.0,39350.0,461013.0,463096.0
2023-08-30 14:00:00,7802.0,7826.0,7784.0,7822.0,34520.0,463096.0,462318.0
2023-08-30 14:30:00,7822.0,7838.0,7792.0,7804.0,61042.0,462318.0,459534.0
2023-08-30 21:00:00,7882.0,7898.0,7850.0,7880.0,125139.0,459534.0,473639.0
2023-08-30 21:30:00,7880.0,7892.0,7862.0,7890.0,62813.0,473639.0,476760.0
2023-08-30 22:00:00,7890.0,7890.0,7852.0,7866.0,51052.0,476760.0,476935.0
2023-08-30 22:30:00,7866.0,7878.0,7852.0,7876.0,46904.0,476935.0,471041.0
2023-08-31 09:00:00,7842.0,7888.0,7830.0,7870.0,95495.0,471041.0,473559.0
2023-08-31 09:30:00,7870.0,7936.0,7846.0,7884.0,155394.0,473559.0,479141.0
2023-08-31 10:00:00,7884.0,7934.0,7874.0,7930.0,59337.0,479141.0,489722.0
2023-08-31 10:30:00,7934.0,7954.0,7918.0,7946.0,88247.0,489722.0,497647.0
2023-08-31 11:00:00,7946.0,7952.0,7924.0,7942.0,46497.0,497647.0,496866.0
2023-08-31 13:30:00,7938.0,7966.0,7930.0,7958.0,63439.0,496866.0,504452.0
2023-08-31 14:00:00,7958.0,7962.0,7922.0,7936.0,66143.0,504452.0,498586.0
2023-08-31 14:30:00,7936.0,7962.0,7894.0,7896.0,84302.0,498586.0,487178.0
2023-08-31 21:00:00,7920.0,7924.0,7874.0,7876.0,94789.0,487178.0,491600.0
2023-08-31 21:30:00,7876.0,7880.0,7832.0,7864.0,115021.0,491600.0,491684.0
2023-08-31 22:00:00,7864.0,7886.0,7850.0,7878.0,56324.0,491684.0,492882.0
2023-08-31 22:30:00,7878.0,7914.0,7868.0,7908.0,70630.0,492882.0,488145.0
2023-09-01 09:00:00,7870.0,7900.0,7866.0,7878.0,78698.0,488145.0,489584.0
2023-09-01 09:30:00,7878.0,7936.0,7874.0,7914.0,75076.0,489584.0,492584.0
2023-09-01 10:00:00,7914.0,7926.0,7892.0,7916.0,22477.0,492584.0,492846.0
2023-09-01 10:30:00,7918.0,7936.0,7874.0,7934.0,75132.0,492846.0,490231.0
2023-09-01 11:00:00,7934.0,7956.0,7920.0,7944.0,80362.0,490231.0,497696.0
2023-09-01 13:30:00,7950.0,7980.0,7944.0,7956.0,94609.0,497696.0,507325.0
2023-09-01 14:00:00,7956.0,7968.0,7928.0,7942.0,58269.0,507325.0,507789.0
2023-09-01 14:30:00,7942.0,7956.0,7936.0,7952.0,52049.0,507789.0,504484.0
2023-09-01 21:00:00,7972.0,7984.0,7840.0,7858.0,162250.0,504484.0,498629.0
2023-09-01 21:30:00,7858.0,7892.0,7852.0,7878.0,92703.0,498629.0,496805.0
2023-09-01 22:00:00,7878.0,7884.0,7848.0,7864.0,60823.0,496805.0,498489.0
2023-09-01 22:30:00,7864.0,7906.0,7864.0,7876.0,60087.0,498489.0,490463.0
2023-09-04 09:00:00,7892.0,7902.0,7802.0,7816.0,138389.0,490463.0,494831.0
2023-09-04 09:30:00,7816.0,7832.0,7772.0,7790.0,71362.0,494831.0,495551.0
2023-09-04 10:00:00,7790.0,7818.0,7782.0,7812.0,24694.0,495551.0,494934.0
2023-09-04 10:30:00,7810.0,7824.0,7784.0,7786.0,43119.0,494934.0,498740.0
2023-09-04 11:00:00,7786.0,7790.0,7762.0,7776.0,55075.0,498740.0,501021.0
2023-09-04 13:30:00,7768.0,7776.0,7708.0,7714.0,96513.0,501021.0,496439.0
2023-09-04 14:00:00,7714.0,7738.0,7714.0,7720.0,43660.0,496439.0,494619.0
2023-09-04 14:30:00,7720.0,7760.0,7718.0,7750.0,69774.0,494619.0,483406.0
2023-09-04 21:00:00,7740.0,7766.0,7718.0,7766.0,87212.0,483406.0,489514.0
2023-09-04 21:30:00,7766.0,7784.0,7762.0,7778.0,41572.0,489514.0,487148.0
2023-09-04 22:00:00,7778.0,7784.0,7712.0,7728.0,73481.0,487148.0,486088.0
2023-09-04 22:30:00,7728.0,7758.0,7728.0,7744.0,35575.0,486088.0,480966.0
2023-09-05 09:00:00,7748.0,7786.0,7748.0,7782.0,74433.0,480966.0,480806.0
2023-09-05 09:30:00,7782.0,7782.0,7716.0,7726.0,56167.0,480806.0,485529.0
2023-09-05 10:00:00,7726.0,7746.0,7704.0,7716.0,39621.0,485529.0,484522.0
2023-09-05 10:30:00,7716.0,7740.0,7684.0,7734.0,63179.0,484522.0,481721.0
2023-09-05 11:00:00,7734.0,7772.0,7726.0,7764.0,50010.0,481721.0,478272.0
2023-09-05 13:30:00,7758.0,7762.0,7726.0,7730.0,44079.0,478272.0,475704.0
2023-09-05 14:00:00,7730.0,7738.0,7706.0,7712.0,39481.0,475704.0,477157.0
2023-09-05 14:30:00,7712.0,7722.0,7700.0,7716.0,50143.0,477157.0,473124.0
2023-09-05 21:00:00,7726.0,7780.0,7714.0,7776.0,106034.0,473124.0,477277.0
2023-09-05 21:30:00,7776.0,7798.0,7762.0,7794.0,78027.0,477277.0,477515.0
2023-09-05 22:00:00,7794.0,7798.0,7748.0,7752.0,59201.0,477515.0,475870.0
2023-09-05 22:30:00,7752.0,7766.0,7746.0,7762.0,42568.0,475870.0,472704.0
2023-09-06 09:00:00,7760.0,7804.0,7758.0,7782.0,76976.0,472704.0,473180.0
2023-09-06 09:30:00,7782.0,7816.0,7762.0,7802.0,49543.0,473180.0,471710.0
2023-09-06 10:00:00,7802.0,7808.0,7788.0,7796.0,25191.0,471710.0,472691.0
2023-09-06 10:30:00,7798.0,7798.0,7704.0,7746.0,108235.0,472691.0,472330.0
2023-09-06 11:00:00,7746.0,7748.0,7676.0,7686.0,77704.0,472330.0,477810.0
2023-09-06 13:30:00,7690.0,7708.0,7662.0,7700.0,74845.0,477810.0,476846.0
2023-09-06 14:00:00,7700.0,7706.0,7676.0,7690.0,38271.0,476846.0,477443.0
2023-09-06 14:30:00,7690.0,7700.0,7678.0,7690.0,46838.0,477443.0,473490.0
2023-09-06 21:00:00,7690.0,7716.0,7676.0,7696.0,84792.0,473490.0,481250.0
2023-09-06 21:30:00,7696.0,7732.0,7682.0,7724.0,72945.0,481250.0,477427.0
2023-09-06 22:00:00,7724.0,7726.0,7700.0,7708.0,37782.0,477427.0,477720.0
2023-09-06 22:30:00,7708.0,7714.0,7676.0,7678.0,50531.0,477720.0,477130.0
2023-09-07 09:00:00,7680.0,7682.0,7626.0,7654.0,113862.0,477130.0,477047.0
2023-09-07 09:30:00,7654.0,7672.0,7630.0,7640.0,52959.0,477047.0,479582.0
2023-09-07 10:00:00,7640.0,7644.0,7624.0,7638.0,24426.0,479582.0,479155.0
2023-09-07 10:30:00,7638.0,7664.0,7618.0,7622.0,50550.0,479155.0,478782.0
2023-09-07 11:00:00,7622.0,7622.0,7580.0,7582.0,83156.0,478782.0,481759.0
2023-09-07 13:30:00,7580.0,7602.0,7558.0,7584.0,63588.0,481759.0,480590.0
2023-09-07 14:00:00,7584.0,7616.0,7582.0,7602.0,38721.0,480590.0,477142.0
2023-09-07 14:30:00,7602.0,7610.0,7580.0,7582.0,48321.0,477142.0,473410.0
2023-09-07 21:00:00,7572.0,7600.0,7564.0,7576.0,79798.0,473410.0,477933.0
2023-09-07 21:30:00,7576.0,7576.0,7510.0,7528.0,105915.0,477933.0,482266.0
2023-09-07 22:00:00,7528.0,7554.0,7520.0,7528.0,55469.0,482266.0,481502.0
2023-09-07 22:30:00,7528.0,7542.0,7510.0,7520.0,49214.0,481502.0,479417.0
2023-09-08 09:00:00,7518.0,7546.0,7504.0,7540.0,70288.0,479417.0,477408.0
2023-09-08 09:30:00,7540.0,7552.0,7524.0,7536.0,44384.0,477408.0,474030.0
2023-09-08 10:00:00,7536.0,7558.0,7532.0,7548.0,21292.0,474030.0,473757.0
2023-09-08 10:30:00,7548.0,7562.0,7530.0,7546.0,51534.0,473757.0,471479.0
2023-09-08 11:00:00,7546.0,7550.0,7518.0,7532.0,36236.0,471479.0,469590.0
2023-09-08 13:30:00,7524.0,7554.0,7480.0,7550.0,92537.0,469590.0,468499.0
2023-09-08 14:00:00,7550.0,7594.0,7548.0,7580.0,81879.0,468499.0,466424.0
2023-09-08 14:30:00,7580.0,7590.0,7558.0,7560.0,51534.0,466424.0,459130.0
2023-09-08 21:00:00,7608.0,7680.0,7590.0,7666.0,155462.0,459130.0,459820.0
2023-09-08 21:30:00,7666.0,7666.0,7634.0,7652.0,71523.0,459820.0,454829.0
2023-09-08 22:00:00,7652.0,7652.0,7620.0,7636.0,48880.0,454829.0,450584.0
2023-09-08 22:30:00,7636.0,7648.0,7630.0,7646.0,36641.0,450584.0,443680.0
2023-09-11 09:00:00,7638.0,7656.0,7606.0,7618.0,83905.0,443680.0,444065.0
2023-09-11 09:30:00,7618.0,7628.0,7596.0,7624.0,43661.0,444065.0,444210.0
2023-09-11 10:00:00,7624.0,7640.0,7616.0,7634.0,21088.0,444210.0,442709.0
2023-09-11 10:30:00,7638.0,7660.0,7614.0,7660.0,44929.0,442709.0,443892.0
2023-09-11 11:00:00,7660.0,7670.0,7640.0,7644.0,42969.0,443892.0,444506.0
2023-09-11 13:30:00,7610.0,7610.0,7444.0,7456.0,233966.0,444506.0,470392.0
2023-09-11 14:00:00,7456.0,7458.0,7408.0,7420.0,109307.0,470392.0,482562.0
2023-09-11 14:30:00,7420.0,7452.0,7418.0,7446.0,80570.0,482562.0,474896.0
2023-09-11 21:00:00,7420.0,7446.0,7402.0,7446.0,119184.0,474896.0,485343.0
2023-09-11 21:30:00,7446.0,7472.0,7434.0,7450.0,84466.0,485343.0,481239.0
2023-09-11 22:00:00,7450.0,7464.0,7432.0,7452.0,42012.0,481239.0,479766.0
2023-09-11 22:30:00,7452.0,7468.0,7444.0,7466.0,35746.0,479766.0,474365.0
2023-09-12 09:00:00,7476.0,7488.0,7458.0,7480.0,59136.0,474365.0,475622.0
2023-09-12 09:30:00,7480.0,7488.0,7460.0,7462.0,44874.0,475622.0,477273.0
2023-09-12 10:00:00,7462.0,7486.0,7452.0,7478.0,27984.0,477273.0,475876.0
2023-09-12 10:30:00,7476.0,7488.0,7454.0,7456.0,45825.0,475876.0,477830.0
2023-09-12 11:00:00,7456.0,7466.0,7442.0,7452.0,35772.0,477830.0,478893.0
2023-09-12 13:30:00,7448.0,7448.0,7418.0,7422.0,48743.0,478893.0,481792.0
2023-09-12 14:00:00,7422.0,7448.0,7410.0,7412.0,37350.0,481792.0,481867.0
2023-09-12 14:30:00,7412.0,7438.0,7408.0,7436.0,47900.0,481867.0,479127.0
2023-09-12 21:00:00,7428.0,7454.0,7422.0,7438.0,68723.0,479127.0,481133.0
2023-09-12 21:30:00,7438.0,7448.0,7420.0,7426.0,49493.0,481133.0,482015.0
2023-09-12 22:00:00,7426.0,7442.0,7410.0,7422.0,50264.0,482015.0,481952.0
2023-09-12 22:30:00,7422.0,7470.0,7414.0,7444.0,70535.0,481952.0,478017.0
2023-09-13 09:00:00,7462.0,7504.0,7460.0,7488.0,103005.0,478017.0,479743.0
2023-09-13 09:30:00,7488.0,7494.0,7454.0,7458.0,50381.0,479743.0,483260.0
2023-09-13 10:00:00,7458.0,7462.0,7430.0,7442.0,36514.0,483260.0,483525.0
2023-09-13 10:30:00,7440.0,7442.0,7358.0,7394.0,108398.0,483525.0,482580.0
2023-09-13 11:00:00,7394.0,7420.0,7380.0,7392.0,60420.0,482580.0,481746.0
2023-09-13 13:30:00,7394.0,7412.0,7360.0,7380.0,58492.0,481746.0,484660.0
2023-09-13 14:00:00,7380.0,7388.0,7354.0,7366.0,40231.0,484660.0,487436.0
2023-09-13 14:30:00,7366.0,7382.0,7352.0,7368.0,47184.0,487436.0,483654.0
2023-09-13 21:00:00,7402.0,7414.0,7382.0,7396.0,71894.0,483654.0,483195.0
2023-09-13 21:30:00,7396.0,7418.0,7364.0,7390.0,59533.0,483195.0,486476.0
2023-09-13 22:00:00,7390.0,7394.0,7358.0,7372.0,42048.0,486476.0,489039.0
2023-09-13 22:30:00,7372.0,7412.0,7362.0,7408.0,46580.0,489039.0,481880.0
2023-09-14 09:00:00,7438.0,7484.0,7438.0,7470.0,124889.0,481880.0,474539.0
2023-09-14 09:30:00,7470.0,7492.0,7460.0,7476.0,57887.0,474539.0,475774.0
2023-09-14 10:00:00,7476.0,7492.0,7470.0,7480.0,23947.0,475774.0,474384.0
2023-09-14 10:30:00,7476.0,7498.0,7458.0,7478.0,58598.0,474384.0,471880.0
2023-09-14 11:00:00,7478.0,7490.0,7472.0,7472.0,28115.0,471880.0,470011.0
2023-09-14 13:30:00,7474.0,7490.0,7454.0,7460.0,46741.0,470011.0,472576.0
2023-09-14 14:00:00,7460.0,7472.0,7450.0,7468.0,31924.0,472576.0,474258.0
2023-09-14 14:30:00,7468.0,7476.0,7454.0,7472.0,34074.0,474258.0,470588.0
2023-09-14 21:00:00,7490.0,7518.0,7478.0,7500.0,89056.0,470588.0,473370.0
2023-09-14 21:30:00,7500.0,7520.0,7492.0,7506.0,65688.0,473370.0,475212.0
2023-09-14 22:00:00,7506.0,7538.0,7488.0,7528.0,62768.0,475212.0,475991.0
2023-09-14 22:30:00,7528.0,7530.0,7502.0,7520.0,40905.0,475991.0,471666.0
2023-09-15 09:00:00,7556.0,7576.0,7532.0,7544.0,80872.0,471666.0,468942.0
2023-09-15 09:30:00,7544.0,7548.0,7504.0,7510.0,49248.0,468942.0,469112.0
2023-09-15 10:00:00,7510.0,7518.0,7494.0,7508.0,24264.0,469112.0,470061.0
2023-09-15 10:30:00,7508.0,7526.0,7500.0,7506.0,37620.0,470061.0,470777.0
2023-09-15 11:00:00,7506.0,7516.0,7494.0,7506.0,34125.0,470777.0,469610.0
2023-09-15 13:30:00,7502.0,7502.0,7462.0,7474.0,58432.0,469610.0,471416.0
2023-09-15 14:00:00,7474.0,7484.0,7466.0,7470.0,26699.0,471416.0,472409.0
2023-09-15 14:30:00,7470.0,7488.0,7448.0,7478.0,57063.0,472409.0,469808.0
2023-09-15 21:00:00,7454.0,7468.0,7408.0,7420.0,120309.0,469808.0,480021.0
2023-09-15 21:30:00,7420.0,7428.0,7368.0,7382.0,106599.0,480021.0,495113.0
2023-09-15 22:00:00,7382.0,7408.0,7374.0,7380.0,60221.0,495113.0,498538.0
2023-09-15 22:30:00,7380.0,7380.0,7330.0,7340.0,81693.0,498538.0,503574.0
2023-09-18 09:00:00,7374.0,7390.0,7310.0,7326.0,126385.0,503574.0,517899.0
2023-09-18 09:30:00,7326.0,7356.0,7310.0,7346.0,59543.0,517899.0,520274.0
2023-09-18 10:00:00,7346.0,7366.0,7328.0,7360.0,26843.0,520274.0,519317.0
2023-09-18 10:30:00,7360.0,7362.0,7314.0,7318.0,51185.0,519317.0,523785.0
2023-09-18 11:00:00,7318.0,7324.0,7296.0,7314.0,51543.0,523785.0,530781.0
2023-09-18 13:30:00,7318.0,7364.0,7316.0,7344.0,65793.0,530781.0,522673.0
2023-09-18 14:00:00,7344.0,7380.0,7342.0,7366.0,47351.0,522673.0,518787.0
2023-09-18 14:30:00,7366.0,7382.0,7358.0,7382.0,47904.0,518787.0,512062.0
2023-09-18 21:00:00,7350.0,7358.0,7330.0,7348.0,75431.0,512062.0,523537.0
2023-09-18 21:30:00,7348.0,7350.0,7306.0,7312.0,75853.0,523537.0,534420.0
2023-09-18 22:00:00,7312.0,7336.0,7288.0,7326.0,65516.0,534420.0,534783.0
2023-09-18 22:30:00,7326.0,7340.0,7316.0,7324.0,32575.0,534783.0,530583.0
2023-09-19 09:00:00,7306.0,7322.0,7282.0,7300.0,76560.0,530583.0,536792.0
2023-09-19 09:30:00,7300.0,7302.0,7260.0,7270.0,67901.0,536792.0,542732.0
2023-09-19 10:00:00,7270.0,7278.0,7254.0,7258.0,31120.0,542732.0,543776.0
2023-09-19 10:30:00,7260.0,7286.0,7254.0,7284.0,56044.0,543776.0,546212.0
2023-09-19 11:00:00,7284.0,7302.0,7276.0,7298.0,50150.0,546212.0,539891.0
2023-09-19 13:30:00,7292.0,7318.0,7278.0,7286.0,54833.0,539891.0,538602.0
2023-09-19 14:00:00,7286.0,7294.0,7260.0,7270.0,42671.0,538602.0,537660.0
2023-09-19 14:30:00,7270.0,7304.0,7264.0,7266.0,62056.0,537660.0,532126.0
2023-09-19 21:00:00,7312.0,7334.0,7292.0,7320.0,104166.0,532126.0,526416.0
2023-09-19 21:30:00,7320.0,7346.0,7312.0,7346.0,63948.0,526416.0,525031.0
2023-09-19 22:00:00,7346.0,7356.0,7320.0,7324.0,48581.0,525031.0,524477.0
2023-09-19 22:30:00,7324.0,7340.0,7322.0,7330.0,36585.0,524477.0,519725.0
2023-09-20 09:00:00,7320.0,7342.0,7280.0,7338.0,77682.0,519725.0,523636.0
2023-09-20 09:30:00,7338.0,7368.0,7322.0,7352.0,51947.0,523636.0,520695.0
2023-09-20 10:00:00,7352.0,7354.0,7308.0,7312.0,31090.0,520695.0,521676.0
2023-09-20 10:30:00,7312.0,7318.0,7264.0,7284.0,80049.0,521676.0,527804.0
2023-09-20 11:00:00,7284.0,7324.0,7282.0,7316.0,45040.0,527804.0,523495.0
2023-09-20 13:30:00,7316.0,7338.0,7310.0,7312.0,48721.0,523495.0,525656.0
2023-09-20 14:00:00,7312.0,7332.0,7308.0,7324.0,35534.0,525656.0,525787.0
2023-09-20 14:30:00,7324.0,7332.0,7316.0,7330.0,38744.0,525787.0,524439.0
2023-09-20 21:00:00,7314.0,7332.0,7294.0,7308.0,87033.0,524439.0,526948.0
2023-09-20 21:30:00,7308.0,7332.0,7290.0,7312.0,86821.0,526948.0,527396.0
2023-09-20 22:00:00,7312.0,7338.0,7290.0,7292.0,67907.0,527396.0,527912.0
2023-09-20 22:30:00,7292.0,7306.0,7276.0,7292.0,58394.0,527912.0,526217.0
2023-09-21 09:00:00,7274.0,7300.0,7206.0,7276.0,149520.0,526217.0,530740.0
2023-09-21 09:30:00,7276.0,7280.0,7230.0,7240.0,55605.0,530740.0,538907.0
2023-09-21 10:00:00,7240.0,7248.0,7216.0,7224.0,36775.0,538907.0,544003.0
2023-09-21 10:30:00,7218.0,7242.0,7214.0,7234.0,63785.0,544003.0,549505.0
2023-09-21 11:00:00,7234.0,7248.0,7218.0,7226.0,43460.0,549505.0,549712.0
2023-09-21 13:30:00,7224.0,7234.0,7202.0,7214.0,57961.0,549712.0,554501.0
2023-09-21 14:00:00,7214.0,7226.0,7178.0,7188.0,65911.0,554501.0,554484.0
2023-09-21 14:30:00,7188.0,7190.0,7152.0,7156.0,85539.0,554484.0,550258.0
2023-09-21 21:00:00,7178.0,7204.0,7168.0,7196.0,85001.0,550258.0,549921.0
2023-09-21 21:30:00,7196.0,7214.0,7192.0,7210.0,66012.0,549921.0,551500.0
2023-09-21 22:00:00,7210.0,7244.0,7206.0,7216.0,68507.0,551500.0,545603.0
2023-09-21 22:30:00,7216.0,7226.0,7204.0,7220.0,38530.0,545603.0,541857.0
2023-09-22 09:00:00,7198.0,7234.0,7190.0,7224.0,78199.0,541857.0,543049.0
2023-09-22 09:30:00,7224.0,7238.0,7210.0,7230.0,36798.0,543049.0,541827.0
2023-09-22 10:00:00,7230.0,7244.0,7226.0,7234.0,26259.0,541827.0,539532.0
2023-09-22 10:30:00,7236.0,7250.0,7220.0,7232.0,52090.0,539532.0,535800.0
2023-09-22 11:00:00,7232.0,7244.0,7220.0,7232.0,29506.0,535800.0,533584.0
2023-09-22 13:30:00,7230.0,7232.0,7204.0,7218.0,41772.0,533584.0,536500.0
2023-09-22 14:00:00,7218.0,7248.0,7216.0,7242.0,38972.0,536500.0,535701.0
2023-09-22 14:30:00,7242.0,7248.0,7220.0,7242.0,50848.0,535701.0,530680.0
2023-09-22 21:00:00,7278.0,7294.0,7250.0,7252.0,97332.0,530680.0,528977.0
2023-09-22 21:30:00,7252.0,7268.0,7248.0,7266.0,45966.0,528977.0,528675.0
2023-09-22 22:00:00,7266.0,7286.0,7254.0,7268.0,52376.0,528675.0,525667.0
2023-09-22 22:30:00,7268.0,7326.0,7266.0,7306.0,102492.0,525667.0,509812.0
2023-09-25 09:00:00,7284.0,7302.0,7260.0,7296.0,71935.0,509812.0,510233.0
2023-09-25 09:30:00,7296.0,7298.0,7214.0,7226.0,77243.0,510233.0,509291.0
2023-09-25 10:00:00,7226.0,7280.0,7222.0,7280.0,34081.0,509291.0,507694.0
2023-09-25 10:30:00,7280.0,7346.0,7280.0,7324.0,99549.0,507694.0,507843.0
2023-09-25 11:00:00,7324.0,7330.0,7294.0,7298.0,44840.0,507843.0,505753.0
2023-09-25 13:30:00,7290.0,7290.0,7182.0,7200.0,164574.0,505753.0,520505.0
2023-09-25 14:00:00,7200.0,7202.0,7176.0,7184.0,69141.0,520505.0,527865.0
2023-09-25 14:30:00,7184.0,7232.0,7184.0,7214.0,67341.0,527865.0,515155.0
2023-09-25 21:00:00,7228.0,7244.0,7220.0,7236.0,68947.0,515155.0,513004.0
2023-09-25 21:30:00,7236.0,7238.0,7192.0,7204.0,63563.0,513004.0,516245.0
2023-09-25 22:00:00,7204.0,7230.0,7192.0,7206.0,56355.0,516245.0,517136.0
2023-09-25 22:30:00,7206.0,7216.0,7190.0,7200.0,42514.0,517136.0,513021.0
2023-09-26 09:00:00,7204.0,7266.0,7204.0,7264.0,73824.0,513021.0,508954.0
2023-09-26 09:30:00,7264.0,7298.0,7256.0,7288.0,75141.0,508954.0,505863.0
2023-09-26 10:00:00,7288.0,7290.0,7262.0,7266.0,27614.0,505863.0,503650.0
2023-09-26 10:30:00,7268.0,7270.0,7244.0,7260.0,45379.0,503650.0,502417.0
2023-09-26 11:00:00,7260.0,7282.0,7252.0,7278.0,39476.0,502417.0,502168.0
2023-09-26 13:30:00,7280.0,7294.0,7264.0,7274.0,56368.0,502168.0,503354.0
2023-09-26 14:00:00,7274.0,7274.0,7250.0,7254.0,35151.0,503354.0,501915.0
2023-09-26 14:30:00,7254.0,7254.0,7220.0,7230.0,73044.0,501915.0,496670.0
2023-09-26 21:00:00,7238.0,7264.0,7230.0,7256.0,60418.0,496670.0,494082.0
2023-09-26 21:30:00,7256.0,7256.0,7230.0,7236.0,51273.0,494082.0,494498.0
2023-09-26 22:00:00,7236.0,7246.0,7214.0,7228.0,46099.0,494498.0,495029.0
2023-09-26 22:30:00,7228.0,7240.0,7220.0,7238.0,32300.0,495029.0,491323.0
2023-09-27 09:00:00,7242.0,7316.0,7242.0,7292.0,116182.0,491323.0,482372.0
2023-09-27 09:30:00,7292.0,7296.0,7254.0,7274.0,43596.0,482372.0,482264.0
2023-09-27 10:00:00,7274.0,7286.0,7270.0,7284.0,14927.0,482264.0,482244.0
2023-09-27 10:30:00,7280.0,7282.0,7250.0,7254.0,35162.0,482244.0,484471.0
2023-09-27 11:00:00,7254.0,7260.0,7222.0,7252.0,58294.0,484471.0,488340.0
2023-09-27 13:30:00,7268.0,7290.0,7262.0,7290.0,60567.0,488340.0,483367.0
2023-09-27 14:00:00,7290.0,7304.0,7284.0,7296.0,47452.0,483367.0,483051.0
2023-09-27 14:30:00,7296.0,7330.0,7290.0,7320.0,79733.0,483051.0,474701.0
2023-09-27 21:00:00,7336.0,7404.0,7320.0,7396.0,123987.0,474701.0,471424.0
2023-09-27 21:30:00,7396.0,7412.0,7378.0,7410.0,69727.0,471424.0,469227.0
2023-09-27 22:00:00,7410.0,7426.0,7398.0,7416.0,47534.0,469227.0,468024.0
2023-09-27 22:30:00,7416.0,7418.0,7398.0,7412.0,35181.0,468024.0,462078.0
2023-09-28 09:00:00,7410.0,7418.0,7394.0,7416.0,57527.0,462078.0,459346.0
2023-09-28 09:30:00,7416.0,7424.0,7394.0,7400.0,37822.0,459346.0,459203.0
2023-09-28 10:00:00,7400.0,7420.0,7394.0,7416.0,16480.0,459203.0,458040.0
2023-09-28 10:30:00,7418.0,7438.0,7404.0,7412.0,43743.0,458040.0,455640.0
2023-09-28 11:00:00,7412.0,7414.0,7386.0,7400.0,35930.0,455640.0,452439.0
2023-09-28 13:30:00,7400.0,7414.0,7390.0,7406.0,32303.0,452439.0,452363.0
2023-09-28 14:00:00,7406.0,7434.0,7398.0,7426.0,32366.0,452363.0,451079.0
2023-09-28 14:30:00,7426.0,7472.0,7420.0,7468.0,78591.0,451079.0,435316.0
2023-10-09 09:00:00,7310.0,7324.0,7162.0,7172.0,246180.0,435316.0,444192.0
2023-10-09 09:30:00,7172.0,7198.0,7142.0,7158.0,92906.0,444192.0,451154.0
2023-10-09 10:00:00,7158.0,7162.0,7134.0,7144.0,37629.0,451154.0,457177.0
2023-10-09 10:30:00,7146.0,7184.0,7130.0,7166.0,68358.0,457177.0,458769.0
2023-10-09 11:00:00,7166.0,7170.0,7148.0,7152.0,29021.0,458769.0,461182.0
2023-10-09 13:30:00,7156.0,7188.0,7154.0,7178.0,48221.0,461182.0,458996.0
2023-10-09 14:00:00,7178.0,7178.0,7158.0,7160.0,28882.0,458996.0,460952.0
2023-10-09 14:30:00,7160.0,7176.0,7156.0,7172.0,36428.0,460952.0,457412.0
2023-10-09 21:00:00,7144.0,7190.0,7138.0,7180.0,84696.0,457412.0,463513.0
2023-10-09 21:30:00,7180.0,7180.0,7112.0,7130.0,75995.0,463513.0,469760.0
2023-10-09 22:00:00,7130.0,7140.0,7108.0,7126.0,61872.0,469760.0,473126.0
2023-10-09 22:30:00,7126.0,7130.0,7082.0,7090.0,45502.0,473126.0,475394.0
2023-10-10 09:00:00,7044.0,7066.0,6990.0,7008.0,142430.0,475394.0,491327.0
2023-10-10 09:30:00,7008.0,7020.0,6982.0,6992.0,67555.0,491327.0,495629.0
2023-10-10 10:00:00,6992.0,6998.0,6984.0,6990.0,20482.0,495629.0,497880.0
2023-10-10 10:30:00,6986.0,7002.0,6982.0,7002.0,41852.0,497880.0,501067.0
2023-10-10 11:00:00,7002.0,7032.0,6992.0,7032.0,49766.0,501067.0,498446.0
2023-10-10 13:30:00,7042.0,7098.0,7040.0,7074.0,118136.0,498446.0,492118.0
2023-10-10 14:00:00,7074.0,7078.0,7056.0,7068.0,48188.0,492118.0,491770.0
2023-10-10 14:30:00,7068.0,7084.0,7050.0,7076.0,46066.0,491770.0,487036.0
2023-10-10 21:00:00,7082.0,7090.0,7054.0,7066.0,73295.0,487036.0,486461.0
2023-10-10 21:30:00,7066.0,7092.0,7042.0,7048.0,68681.0,486461.0,488469.0
2023-10-10 22:00:00,7048.0,7096.0,7046.0,7078.0,51258.0,488469.0,488023.0
2023-10-10 22:30:00,7078.0,7084.0,7056.0,7068.0,37642.0,488023.0,484476.0
2023-10-11 09:00:00,7110.0,7132.0,7096.0,7126.0,85955.0,484476.0,481459.0
2023-10-11 09:30:00,7126.0,7158.0,7118.0,7140.0,68762.0,481459.0,477554.0
2023-10-11 10:00:00,7140.0,7140.0,7130.0,7138.0,12727.0,477554.0,477265.0
2023-10-11 10:30:00,7140.0,7148.0,7084.0,7094.0,70229.0,477265.0,477457.0
2023-10-11 11:00:00,7094.0,7096.0,7060.0,7080.0,64458.0,477457.0,482412.0
2023-10-11 13:30:00,7076.0,7084.0,7060.0,7066.0,33972.0,482412.0,484160.0
2023-10-11 14:00:00,7066.0,7068.0,7034.0,7046.0,38616.0,484160.0,485652.0
2023-10-11 14:30:00,7046.0,7086.0,7032.0,7086.0,61319.0,485652.0,479049.0
2023-10-11 21:00:00,7034.0,7078.0,7028.0,7068.0,86409.0,479049.0,480836.0
2023-10-11 21:30:00,7068.0,7094.0,7046.0,7070.0,69729.0,480836.0,482293.0
2023-10-11 22:00:00,7070.0,7080.0,7056.0,7062.0,39306.0,482293.0,482202.0
2023-10-11 22:30:00,7062.0,7072.0,7048.0,7068.0,43295.0,482202.0,480247.0
2023-10-12 09:00:00,7048.0,7070.0,7010.0,7050.0,76407.0,480247.0,484597.0
2023-10-12 09:30:00,7050.0,7090.0,7046.0,7078.0,48135.0,484597.0,482141.0
2023-10-12 10:00:00,7078.0,7110.0,7072.0,7080.0,39152.0,482141.0,481515.0
2023-10-12 10:30:00,7080.0,7116.0,7074.0,7094.0,65764.0,481515.0,476848.0
2023-10-12 11:00:00,7094.0,7126.0,7090.0,7112.0,54803.0,476848.0,474750.0
2023-10-12 13:30:00,7112.0,7124.0,7096.0,7108.0,52513.0,474750.0,473692.0
2023-10-12 14:00:00,7108.0,7130.0,7102.0,7120.0,32267.0,473692.0,472329.0
2023-10-12 14:30:00,7120.0,7148.0,7110.0,7144.0,61104.0,472329.0,464813.0
2023-10-12 21:00:00,7182.0,7196.0,7142.0,7152.0,95446.0,464813.0,462226.0
2023-10-12 21:30:00,7152.0,7152.0,7132.0,7136.0,57496.0,462226.0,464350.0
2023-10-12 22:00:00,7136.0,7148.0,7120.0,7138.0,37738.0,464350.0,465006.0
2023-10-12 22:30:00,7138.0,7150.0,7116.0,7132.0,36211.0,465006.0,462696.0
2023-10-13 09:00:00,7180.0,7190.0,7156.0,7182.0,90976.0,462696.0,460435.0
2023-10-13 09:30:00,7182.0,7212.0,7180.0,7208.0,70889.0,460435.0,458810.0
2023-10-13 10:00:00,7208.0,7216.0,7190.0,7214.0,26095.0,458810.0,458199.0
2023-10-13 10:30:00,7214.0,7266.0,7212.0,7240.0,87228.0,458199.0,455982.0
2023-10-13 11:00:00,7240.0,7244.0,7218.0,7238.0,41731.0,455982.0,450270.0
2023-10-13 13:30:00,7240.0,7258.0,7240.0,7254.0,34493.0,450270.0,452130.0
2023-10-13 14:00:00,7254.0,7276.0,7246.0,7262.0,36649.0,452130.0,449926.0
2023-10-13 14:30:00,7262.0,7280.0,7252.0,7272.0,51402.0,449926.0,442516.0
2023-10-13 21:00:00,7322.0,7332.0,7290.0,7332.0,108313.0,442516.0,444727.0
2023-10-13 21:30:00,7332.0,7340.0,7312.0,7332.0,62538.0,444727.0,447629.0
2023-10-13 22:00:00,7332.0,7332.0,7296.0,7302.0,65412.0,447629.0,444378.0
2023-10-13 22:30:00,7302.0,7316.0,7282.0,7314.0,58209.0,444378.0,439956.0
2023-10-16 09:00:00,7374.0,7388.0,7338.0,7346.0,93392.0,439956.0,438042.0
2023-10-16 09:30:00,7346.0,7348.0,7310.0,7320.0,52762.0,438042.0,437138.0
2023-10-16 10:00:00,7320.0,7330.0,7314.0,7326.0,12799.0,437138.0,436590.0
2023-10-16 10:30:00,7328.0,7340.0,7308.0,7336.0,40860.0,436590.0,437962.0
2023-10-16 11:00:00,7336.0,7340.0,7314.0,7328.0,32104.0,437962.0,435413.0
2023-10-16 13:30:00,7330.0,7344.0,7330.0,7334.0,28910.0,435413.0,436679.0
2023-10-16 14:00:00,7334.0,7340.0,7320.0,7326.0,23154.0,436679.0,437120.0
2023-10-16 14:30:00,7326.0,7330.0,7308.0,7320.0,41315.0,437120.0,434074.0
2023-10-16 21:00:00,7338.0,7356.0,7332.0,7338.0,68134.0,434074.0,433057.0
2023-10-16 21:30:00,7338.0,7364.0,7330.0,7352.0,65231.0,433057.0,436675.0
2023-10-16 22:00:00,7352.0,7354.0,7288.0,7312.0,69637.0,436675.0,437186.0
2023-10-16 22:30:00,7312.0,7312.0,7282.0,7284.0,61880.0,437186.0,434638.0
2023-10-17 09:00:00,7314.0,7330.0,7310.0,7324.0,62962.0,434638.0,437470.0
2023-10-17 09:30:00,7324.0,7334.0,7306.0,7316.0,34590.0,437470.0,439461.0
2023-10-17 10:00:00,7316.0,7326.0,7304.0,7322.0,15289.0,439461.0,439412.0
2023-10-17 10:30:00,7324.0,7336.0,7298.0,7312.0,52560.0,439412.0,440186.0
2023-10-17 11:00:00,7312.0,7340.0,7308.0,7328.0,54524.0,440186.0,442778.0
2023-10-17 13:30:00,7330.0,7340.0,7312.0,7338.0,35305.0,442778.0,446082.0
2023-10-17 14:00:00,7338.0,7342.0,7330.0,7340.0,22158.0,446082.0,445760.0
2023-10-17 14:30:00,7340.0,7340.0,7302.0,7318.0,44342.0,445760.0,439536.0
2023-10-17 21:00:00,7324.0,7332.0,7304.0,7324.0,62329.0,439536.0,439922.0
2023-10-17 21:30:00,7324.0,7344.0,7318.0,7338.0,48274.0,439922.0,441456.0
2023-10-17 22:00:00,7338.0,7394.0,7336.0,7388.0,88127.0,441456.0,449404.0
2023-10-17 22:30:00,7388.0,7402.0,7372.0,7396.0,49942.0,449404.0,447765.0
2023-10-18 09:00:00,7400.0,7422.0,7374.0,7378.0,71966.0,447765.0,445656.0
2023-10-18 09:30:00,7378.0,7382.0,7338.0,7354.0,61375.0,445656.0,442278.0
2023-10-18 10:00:00,7354.0,7380.0,7352.0,7378.0,24885.0,442278.0,439631.0
2023-10-18 10:30:00,7382.0,7406.0,7364.0,7388.0,71505.0,439631.0,437433.0
2023-10-18 11:00:00,7388.0,7398.0,7364.0,7366.0,37148.0,437433.0,435938.0
2023-10-18 13:30:00,7366.0,7384.0,7358.0,7382.0,40838.0,435938.0,435372.0
2023-10-18 14:00:00,7382.0,7394.0,7366.0,7374.0,43409.0,435372.0,434131.0
2023-10-18 14:30:00,7374.0,7382.0,7350.0,7362.0,60663.0,434131.0,425847.0
2023-10-18 21:00:00,7376.0,7380.0,7324.0,7338.0,82903.0,425847.0,430986.0
2023-10-18 21:30:00,7338.0,7346.0,7326.0,7328.0,39240.0,430986.0,430579.0
2023-10-18 22:00:00,7328.0,7352.0,7320.0,7348.0,38114.0,430579.0,428859.0
2023-10-18 22:30:00,7348.0,7360.0,7328.0,7330.0,42485.0,428859.0,424410.0
2023-10-19 09:00:00,7326.0,7398.0,7326.0,7394.0,86316.0,424410.0,431075.0
2023-10-19 09:30:00,7394.0,7400.0,7378.0,7384.0,43420.0,431075.0,434236.0
2023-10-19 10:00:00,7384.0,7408.0,7384.0,7396.0,25129.0,434236.0,436719.0
2023-10-19 10:30:00,7396.0,7412.0,7384.0,7394.0,44105.0,436719.0,436494.0
2023-10-19 11:00:00,7394.0,7398.0,7370.0,7380.0,48935.0,436494.0,434587.0
2023-10-19 13:30:00,7378.0,7396.0,7358.0,7364.0,41377.0,434587.0,436153.0
2023-10-19 14:00:00,7364.0,7382.0,7356.0,7378.0,31893.0,436153.0,433283.0
2023-10-19 14:30:00,7378.0,7380.0,7314.0,7334.0,83334.0,433283.0,427635.0
2023-10-19 21:00:00,7290.0,7328.0,7276.0,7320.0,112438.0,427635.0,431940.0
2023-10-19 21:30:00,7320.0,7324.0,7288.0,7302.0,68512.0,431940.0,432546.0
2023-10-19 22:00:00,7302.0,7310.0,7280.0,7280.0,40914.0,432546.0,433207.0
2023-10-19 22:30:00,7280.0,7280.0,7216.0,7234.0,112588.0,433207.0,428150.0
2023-10-20 09:00:00,7252.0,7268.0,7232.0,7240.0,70269.0,428150.0,428718.0
2023-10-20 09:30:00,7240.0,7250.0,7202.0,7208.0,61398.0,428718.0,434895.0
2023-10-20 10:00:00,7208.0,7216.0,7196.0,7202.0,28081.0,434895.0,437386.0
2023-10-20 10:30:00,7200.0,7230.0,7190.0,7214.0,60613.0,437386.0,437740.0
2023-10-20 11:00:00,7214.0,7230.0,7208.0,7224.0,27648.0,437740.0,435300.0
2023-10-20 13:30:00,7228.0,7258.0,7220.0,7254.0,43572.0,435300.0,431253.0
2023-10-20 14:00:00,7254.0,7268.0,7210.0,7216.0,58473.0,431253.0,426084.0
2023-10-20 14:30:00,7216.0,7240.0,7208.0,7228.0,47016.0,426084.0,424781.0
2023-10-20 21:00:00,7238.0,7248.0,7216.0,7220.0,56440.0,424781.0,429224.0
2023-10-20 21:30:00,7220.0,7240.0,7202.0,7236.0,51735.0,429224.0,430055.0
2023-10-20 22:00:00,7236.0,7260.0,7220.0,7226.0,48827.0,430055.0,428102.0
2023-10-20 22:30:00,7226.0,7266.0,7222.0,7252.0,31866.0,428102.0,425079.0
2023-10-23 09:00:00,7210.0,7232.0,7148.0,7212.0,128443.0,425079.0,427342.0
2023-10-23 09:30:00,7212.0,7236.0,7186.0,7186.0,45526.0,427342.0,427176.0
2023-10-23 10:00:00,7186.0,7232.0,7186.0,7220.0,22101.0,427176.0,428841.0
2023-10-23 10:30:00,7216.0,7216.0,7160.0,7166.0,63523.0,428841.0,432481.0
2023-10-23 11:00:00,7166.0,7176.0,7152.0,7162.0,37830.0,432481.0,435070.0
2023-10-23 13:30:00,7168.0,7180.0,7154.0,7158.0,31720.0,435070.0,438017.0
2023-10-23 14:00:00,7158.0,7172.0,7152.0,7154.0,26656.0,438017.0,439026.0
2023-10-23 14:30:00,7154.0,7178.0,7140.0,7170.0,44916.0,439026.0,437465.0
2023-10-23 21:00:00,7176.0,7186.0,7162.0,7178.0,54956.0,437465.0,444074.0
2023-10-23 21:30:00,7178.0,7182.0,7158.0,7174.0,42008.0,444074.0,444730.0
2023-10-23 22:00:00,7174.0,7182.0,7160.0,7176.0,32989.0,444730.0,443058.0
2023-10-23 22:30:00,7176.0,7188.0,7166.0,7170.0,28160.0,443058.0,438504.0
2023-10-24 09:00:00,7120.0,7134.0,7090.0,7110.0,104860.0,438504.0,444791.0
2023-10-24 09:30:00,7110.0,7130.0,7070.0,7084.0,67221.0,444791.0,452893.0
2023-10-24 10:00:00,7084.0,7092.0,7070.0,7078.0,25313.0,452893.0,454026.0
2023-10-24 10:30:00,7080.0,7110.0,7056.0,7060.0,55291.0,454026.0,455424.0
2023-10-24 11:00:00,7060.0,7074.0,7054.0,7058.0,34800.0,455424.0,457118.0
2023-10-24 13:30:00,7056.0,7060.0,7032.0,7038.0,47962.0,457118.0,458956.0
2023-10-24 14:00:00,7038.0,7060.0,7036.0,7058.0,30044.0,458956.0,457330.0
2023-10-24 14:30:00,7058.0,7092.0,7052.0,7080.0,52413.0,457330.0,448970.0
2023-10-24 21:00:00,7094.0,7102.0,7060.0,7064.0,60545.0,448970.0,455668.0
2023-10-24 21:30:00,7064.0,7082.0,7052.0,7070.0,57163.0,455668.0,458495.0
2023-10-24 22:00:00,7070.0,7090.0,7060.0,7084.0,46246.0,458495.0,459849.0
2023-10-24 22:30:00,7084.0,7088.0,7064.0,7082.0,36822.0,459849.0,456411.0
2023-10-25 09:00:00,7090.0,7112.0,7060.0,7066.0,73057.0,456411.0,458802.0
2023-10-25 09:30:00,7066.0,7066.0,7042.0,7060.0,47026.0,458802.0,461732.0
2023-10-25 10:00:00,7060.0,7064.0,7022.0,7030.0,27357.0,461732.0,465447.0
2023-10-25 10:30:00,7032.0,7040.0,7010.0,7022.0,63697.0,465447.0,474346.0
2023-10-25 11:00:00,7022.0,7050.0,7018.0,7030.0,45439.0,474346.0,470473.0
2023-10-25 13:30:00,7028.0,7028.0,7006.0,7014.0,44698.0,470473.0,477390.0
2023-10-25 14:00:00,7014.0,7032.0,7008.0,7022.0,28823.0,477390.0,477293.0
2023-10-25 14:30:00,7022.0,7034.0,7014.0,7016.0,34459.0,477293.0,473414.0
2023-10-25 21:00:00,7040.0,7058.0,7032.0,7052.0,70166.0,473414.0,478511.0
2023-10-25 21:30:00,7052.0,7066.0,7044.0,7058.0,51201.0,478511.0,479927.0
2023-10-25 22:00:00,7058.0,7060.0,7034.0,7046.0,36018.0,479927.0,481026.0
2023-10-25 22:30:00,7046.0,7074.0,7044.0,7060.0,45508.0,481026.0,477203.0
2023-10-26 09:00:00,7096.0,7124.0,7086.0,7094.0,87202.0,477203.0,477322.0
2023-10-26 09:30:00,7094.0,7098.0,7072.0,7082.0,37970.0,477322.0,478703.0
2023-10-26 10:00:00,7082.0,7098.0,7076.0,7096.0,16385.0,478703.0,479120.0
2023-10-26 10:30:00,7094.0,7114.0,7076.0,7098.0,39390.0,479120.0,479745.0
2023-10-26 11:00:00,7098.0,7162.0,7094.0,7150.0,73387.0,479745.0,477187.0
2023-10-26 13:30:00,7154.0,7210.0,7152.0,7196.0,106402.0,477187.0,475519.0
2023-10-26 14:00:00,7196.0,7234.0,7190.0,7222.0,71865.0,475519.0,469296.0
2023-10-26 14:30:00,7222.0,7258.0,7218.0,7256.0,87188.0,469296.0,459478.0
2023-10-26 21:00:00,7238.0,7270.0,7230.0,7258.0,108923.0,459478.0,459593.0
2023-10-26 21:30:00,7258.0,7262.0,7246.0,7254.0,52809.0,459593.0,459079.0
2023-10-26 22:00:00,7254.0,7256.0,7234.0,7236.0,43011.0,459079.0,459651.0
2023-10-26 22:30:00,7236.0,7246.0,7222.0,7232.0,52818.0,459651.0,450434.0
2023-10-27 09:00:00,7188.0,7202.0,7162.0,7166.0,92422.0,450434.0,446970.0
2023-10-27 09:30:00,7166.0,7174.0,7156.0,7156.0,45213.0,446970.0,447324.0
2023-10-27 10:00:00,7156.0,7164.0,7146.0,7150.0,21182.0,447324.0,447867.0
2023-10-27 10:30:00,7160.0,7196.0,7146.0,7170.0,66926.0,447867.0,446592.0
2023-10-27 11:00:00,7170.0,7186.0,7158.0,7184.0,34328.0,446592.0,446646.0
2023-10-27 13:30:00,7188.0,7230.0,7186.0,7226.0,57478.0,446646.0,447780.0
2023-10-27 14:00:00,7226.0,7250.0,7216.0,7248.0,56537.0,447780.0,449431.0
2023-10-27 14:30:00,7248.0,7266.0,7238.0,7260.0,63395.0,449431.0,445410.0
2023-10-27 21:00:00,7288.0,7312.0,7272.0,7284.0,87439.0,445410.0,443742.0
2023-10-27 21:30:00,7284.0,7290.0,7272.0,7280.0,41727.0,443742.0,442513.0
2023-10-27 22:00:00,7280.0,7292.0,7266.0,7270.0,39657.0,442513.0,441606.0
2023-10-27 22:30:00,7270.0,7288.0,7262.0,7266.0,34317.0,441606.0,436765.0
2023-10-30 09:00:00,7302.0,7306.0,7270.0,7272.0,73029.0,436765.0,438994.0
2023-10-30 09:30:00,7272.0,7302.0,7268.0,7294.0,43398.0,438994.0,438289.0
2023-10-30 10:00:00,7294.0,7300.0,7274.0,7294.0,20986.0,438289.0,437366.0
2023-10-30 10:30:00,7296.0,7300.0,7256.0,7260.0,50278.0,437366.0,436216.0
2023-10-30 11:00:00,7260.0,7266.0,7236.0,7246.0,50983.0,436216.0,434753.0
2023-10-30 13:30:00,7248.0,7262.0,7240.0,7256.0,30210.0,434753.0,434831.0
2023-10-30 14:00:00,7256.0,7272.0,7250.0,7262.0,22085.0,434831.0,434943.0
2023-10-30 14:30:00,7262.0,7266.0,7248.0,7252.0,32117.0,434943.0,433640.0
2023-10-30 21:00:00,7230.0,7250.0,7220.0,7232.0,69568.0,433640.0,429938.0
2023-10-30 21:30:00,7232.0,7246.0,7212.0,7216.0,56227.0,429938.0,427950.0
2023-10-30 22:00:00,7216.0,7216.0,7174.0,7178.0,71313.0,427950.0,428833.0
2023-10-30 22:30:00,7178.0,7186.0,7126.0,7132.0,77655.0,428833.0,428231.0
2023-10-31 09:00:00,7124.0,7138.0,7106.0,7122.0,66662.0,428231.0,434338.0
2023-10-31 09:30:00,7122.0,7124.0,7090.0,7094.0,55650.0,434338.0,440685.0
2023-10-31 10:00:00,7094.0,7122.0,7092.0,7114.0,20904.0,440685.0,442638.0
2023-10-31 10:30:00,7114.0,7114.0,7056.0,7070.0,72738.0,442638.0,454387.0
2023-10-31 11:00:00,7070.0,7082.0,7052.0,7068.0,41164.0,454387.0,455679.0
2023-10-31 13:30:00,7072.0,7088.0,7068.0,7084.0,39029.0,455679.0,455280.0
2023-10-31 14:00:00,7084.0,7110.0,7084.0,7098.0,52732.0,455280.0,454545.0
2023-10-31 14:30:00,7098.0,7114.0,7092.0,7098.0,47923.0,454545.0,450890.0
2023-10-31 21:00:00,7110.0,7120.0,7090.0,7116.0,75077.0,450890.0,457972.0
2023-10-31 21:30:00,7116.0,7126.0,7094.0,7108.0,60294.0,457972.0,459926.0
2023-10-31 22:00:00,7108.0,7134.0,7078.0,7110.0,71842.0,459926.0,459428.0
2023-10-31 22:30:00,7110.0,7152.0,7108.0,7152.0,51487.0,459428.0,455574.0
2023-11-01 09:00:00,7120.0,7156.0,7112.0,7146.0,60146.0,455574.0,454022.0
2023-11-01 09:30:00,7146.0,7158.0,7098.0,7110.0,61587.0,454022.0,452806.0
2023-11-01 10:00:00,7110.0,7112.0,7058.0,7066.0,37150.0,452806.0,455876.0
2023-11-01 10:30:00,7068.0,7098.0,7060.0,7084.0,47140.0,455876.0,456853.0
2023-11-01 11:00:00,7084.0,7118.0,7082.0,7090.0,43848.0,456853.0,455304.0
2023-11-01 13:30:00,7088.0,7106.0,7076.0,7104.0,29427.0,455304.0,457719.0
2023-11-01 14:00:00,7104.0,7166.0,7104.0,7130.0,65708.0,457719.0,453378.0
2023-11-01 14:30:00,7130.0,7154.0,7128.0,7146.0,40075.0,453378.0,449717.0
2023-11-01 21:00:00,7158.0,7174.0,7122.0,7136.0,88560.0,449717.0,452405.0
2023-11-01 21:30:00,7136.0,7158.0,7122.0,7142.0,52138.0,452405.0,452813.0
2023-11-01 22:00:00,7142.0,7166.0,7130.0,7148.0,44371.0,452813.0,451376.0
2023-11-01 22:30:00,7148.0,7170.0,7142.0,7148.0,37357.0,451376.0,449693.0
2023-11-02 09:00:00,7082.0,7154.0,7066.0,7150.0,103011.0,449693.0,453480.0
2023-11-02 09:30:00,7150.0,7172.0,7146.0,7164.0,48743.0,453480.0,453388.0
2023-11-02 10:00:00,7164.0,7184.0,7154.0,7176.0,25616.0,453388.0,453268.0
2023-11-02 10:30:00,7176.0,7246.0,7162.0,7234.0,99902.0,453268.0,454674.0
2023-11-02 11:00:00,7234.0,7280.0,7228.0,7268.0,86818.0,454674.0,450791.0
2023-11-02 13:30:00,7268.0,7322.0,7262.0,7316.0,96607.0,450791.0,458034.0
2023-11-02 14:00:00,7316.0,7328.0,7290.0,7314.0,85562.0,458034.0,456705.0
2023-11-02 14:30:00,7314.0,7338.0,7312.0,7320.0,71993.0,456705.0,448239.0
2023-11-02 21:00:00,7334.0,7350.0,7314.0,7332.0,78681.0,448239.0,451143.0
2023-11-02 21:30:00,7332.0,7346.0,7320.0,7338.0,51985.0,451143.0,451671.0
2023-11-02 22:00:00,7338.0,7344.0,7312.0,7318.0,36713.0,451671.0,452282.0
2023-11-02 22:30:00,7318.0,7320.0,7296.0,7316.0,49698.0,452282.0,446209.0
2023-11-03 09:00:00,7346.0,7358.0,7328.0,7350.0,59361.0,446209.0,443811.0
2023-11-03 09:30:00,7350.0,7378.0,7348.0,7350.0,52310.0,443811.0,443149.0
2023-11-03 10:00:00,7350.0,7354.0,7316.0,7330.0,44946.0,443149.0,441666.0
2023-11-03 10:30:00,7330.0,7340.0,7308.0,7326.0,52561.0,441666.0,441607.0
2023-11-03 11:00:00,7326.0,7344.0,7310.0,7332.0,34118.0,441607.0,438050.0
2023-11-03 13:30:00,7326.0,7344.0,7326.0,7344.0,33256.0,438050.0,437771.0
2023-11-03 14:00:00,7344.0,7348.0,7324.0,7328.0,23426.0,437771.0,434978.0
2023-11-03 14:30:00,7328.0,7358.0,7318.0,7350.0,48916.0,434978.0,429291.0
2023-11-03 21:00:00,7370.0,7382.0,7308.0,7314.0,83074.0,429291.0,431732.0
2023-11-03 21:30:00,7314.0,7366.0,7306.0,7354.0,72853.0,431732.0,434138.0
2023-11-03 22:00:00,7354.0,7362.0,7340.0,7342.0,33260.0,434138.0,434083.0
2023-11-03 22:30:00,7342.0,7356.0,7330.0,7352.0,28761.0,434083.0,429222.0
2023-11-06 09:00:00,7318.0,7324.0,7282.0,7314.0,107221.0,429222.0,427972.0
2023-11-06 09:30:00,7314.0,7334.0,7308.0,7322.0,40287.0,427972.0,428290.0
2023-11-06 10:00:00,7322.0,7330.0,7282.0,7306.0,31942.0,428290.0,427876.0
2023-11-06 10:30:00,7308.0,7314.0,7266.0,7274.0,66743.0,427876.0,428391.0
2023-11-06 11:00:00,7274.0,7298.0,7270.0,7290.0,37970.0,428391.0,428585.0
2023-11-06 13:30:00,7292.0,7318.0,7282.0,7308.0,51389.0,428585.0,431222.0
2023-11-06 14:00:00,7308.0,7346.0,7304.0,7336.0,55985.0,431222.0,428641.0
2023-11-06 14:30:00,7336.0,7364.0,7334.0,7350.0,65761.0,428641.0,429494.0
2023-11-06 21:00:00,7358.0,7390.0,7328.0,7338.0,90116.0,429494.0,434786.0
2023-11-06 21:30:00,7338.0,7362.0,7336.0,7356.0,32547.0,434786.0,437332.0
2023-11-06 22:00:00,7356.0,7386.0,7356.0,7380.0,44578.0,437332.0,438778.0
2023-11-06 22:30:00,7380.0,7388.0,7360.0,7380.0,50302.0,438778.0,437154.0
2023-11-07 09:00:00,7380.0,7386.0,7346.0,7380.0,70204.0,437154.0,437911.0
2023-11-07 09:30:00,7380.0,7392.0,7346.0,7360.0,41622.0,437911.0,438032.0
2023-11-07 10:00:00,7360.0,7374.0,7350.0,7360.0,15881.0,438032.0,437593.0
2023-11-07 10:30:00,7362.0,7442.0,7358.0,7436.0,85506.0,437593.0,445955.0
2023-11-07 11:00:00,7436.0,7458.0,7402.0,7406.0,83184.0,445955.0,442974.0
2023-11-07 13:30:00,7398.0,7422.0,7368.0,7416.0,79196.0,442974.0,442883.0
2023-11-07 14:00:00,7416.0,7420.0,7342.0,7354.0,87086.0,442883.0,437956.0
2023-11-07 14:30:00,7354.0,7354.0,7316.0,7320.0,80132.0,437956.0,434158.0
2023-11-07 21:00:00,7286.0,7336.0,7280.0,7334.0,90839.0,434158.0,440447.0
2023-11-07 21:30:00,7334.0,7374.0,7330.0,7368.0,69296.0,440447.0,445029.0
2023-11-07 22:00:00,7368.0,7398.0,7358.0,7374.0,72099.0,445029.0,445008.0
2023-11-07 22:30:00,7374.0,7396.0,7368.0,7378.0,52721.0,445008.0,441328.0
2023-11-08 09:00:00,7324.0,7350.0,7300.0,7328.0,95107.0,441328.0,446620.0
2023-11-08 09:30:00,7328.0,7358.0,7318.0,7350.0,47991.0,446620.0,447200.0
2023-11-08 10:00:00,7350.0,7362.0,7344.0,7358.0,15142.0,447200.0,447247.0
2023-11-08 10:30:00,7360.0,7378.0,7352.0,7378.0,41371.0,447247.0,447004.0
2023-11-08 11:00:00,7378.0,7414.0,7372.0,7384.0,69226.0,447004.0,447561.0
2023-11-08 13:30:00,7380.0,7382.0,7322.0,7328.0,82898.0,447561.0,444085.0
2023-11-08 14:00:00,7328.0,7408.0,7326.0,7382.0,75190.0,444085.0,445666.0
2023-11-08 14:30:00,7382.0,7386.0,7352.0,7384.0,65775.0,445666.0,439088.0
2023-11-08 21:00:00,7358.0,7366.0,7312.0,7342.0,126191.0,439088.0,442503.0
2023-11-08 21:30:00,7342.0,7360.0,7326.0,7338.0,60087.0,442503.0,443867.0
2023-11-08 22:00:00,7338.0,7360.0,7330.0,7348.0,54049.0,443867.0,442620.0
2023-11-08 22:30:00,7348.0,7352.0,7318.0,7320.0,52105.0,442620.0,438123.0
2023-11-09 09:00:00,7338.0,7338.0,7300.0,7334.0,76096.0,438123.0,443768.0
2023-11-09 09:30:00,7334.0,7370.0,7328.0,7350.0,52350.0,443768.0,441109.0
2023-11-09 10:00:00,7350.0,7368.0,7342.0,7364.0,21169.0,441109.0,441478.0
2023-11-09 10:30:00,7364.0,7384.0,7308.0,7314.0,93799.0,441478.0,443335.0
2023-11-09 11:00:00,7314.0,7330.0,7302.0,7308.0,58089.0,443335.0,445643.0
2023-11-09 13:30:00,7306.0,7306.0,7218.0,7248.0,159659.0,445643.0,448400.0
2023-11-09 14:00:00,7248.0,7256.0,7202.0,7254.0,112665.0,448400.0,447938.0
2023-11-09 14:30:00,7254.0,7284.0,7238.0,7280.0,91190.0,447938.0,438093.0
2023-11-09 21:00:00,7276.0,7298.0,7268.0,7290.0,80948.0,438093.0,439495.0
2023-11-09 21:30:00,7290.0,7322.0,7284.0,7310.0,61329.0,439495.0,441039.0
2023-11-09 22:00:00,7310.0,7318.0,7294.0,7314.0,37944.0,441039.0,440822.0
2023-11-09 22:30:00,7314.0,7318.0,7288.0,7298.0,63488.0,440822.0,436792.0
2023-11-10 09:00:00,7296.0,7352.0,7278.0,7346.0,82261.0,436792.0,437849.0
2023-11-10 09:30:00,7346.0,7388.0,7340.0,7366.0,98904.0,437849.0,433767.0
2023-11-10 10:00:00,7366.0,7366.0,7344.0,7360.0,27052.0,433767.0,432020.0
2023-11-10 10:30:00,7358.0,7364.0,7302.0,7324.0,78987.0,432020.0,430031.0
2023-11-10 11:00:00,7324.0,7370.0,7318.0,7356.0,56018.0,430031.0,429608.0
2023-11-10 13:30:00,7376.0,7476.0,7364.0,7398.0,198447.0,429608.0,437694.0
2023-11-10 14:00:00,7398.0,7412.0,7362.0,7384.0,77779.0,437694.0,436724.0
2023-11-10 14:30:00,7384.0,7416.0,7362.0,7398.0,79086.0,436724.0,430775.0
2023-11-10 21:00:00,7422.0,7440.0,7406.0,7422.0,108660.0,430775.0,440069.0
2023-11-10 21:30:00,7422.0,7450.0,7414.0,7426.0,61954.0,440069.0,441589.0
2023-11-10 22:00:00,7426.0,7438.0,7410.0,7430.0,38747.0,441589.0,442838.0
2023-11-10 22:30:00,7430.0,7442.0,7390.0,7424.0,65687.0,442838.0,434949.0
2023-11-13 09:00:00,7428.0,7440.0,7356.0,7360.0,106796.0,434949.0,434337.0
2023-11-13 09:30:00,7360.0,7398.0,7358.0,7372.0,54858.0,434337.0,436111.0
2023-11-13 10:00:00,7372.0,7378.0,7340.0,7358.0,29274.0,436111.0,435472.0
2023-11-13 10:30:00,7356.0,7380.0,7354.0,7364.0,33016.0,435472.0,435590.0
2023-11-13 11:00:00,7364.0,7372.0,7324.0,7338.0,48225.0,435590.0,434626.0
2023-11-13 13:30:00,7338.0,7392.0,7336.0,7366.0,56979.0,434626.0,434287.0
2023-11-13 14:00:00,7366.0,7378.0,7340.0,7352.0,47632.0,434287.0,433239.0
2023-11-13 14:30:00,7352.0,7376.0,7350.0,7374.0,35618.0,433239.0,429241.0
2023-11-13 21:00:00,7344.0,7358.0,7308.0,7314.0,112216.0,429241.0,433857.0
2023-11-13 21:30:00,7314.0,7334.0,7278.0,7322.0,87635.0,433857.0,435526.0
2023-11-13 22:00:00,7322.0,7332.0,7306.0,7314.0,39934.0,435526.0,430604.0
2023-11-13 22:30:00,7314.0,7342.0,7310.0,7336.0,43783.0,430604.0,426796.0
2023-11-14 09:00:00,7390.0,7462.0,7390.0,7452.0,153079.0,426796.0,426270.0
2023-11-14 09:30:00,7452.0,7474.0,7428.0,7458.0,93430.0,426270.0,425330.0
2023-11-14 10:00:00,7458.0,7478.0,7454.0,7470.0,48431.0,425330.0,429742.0
2023-11-14 10:30:00,7468.0,7490.0,7448.0,7482.0,64325.0,429742.0,436790.0
2023-11-14 11:00:00,7482.0,7492.0,7466.0,7480.0,39769.0,436790.0,435629.0
2023-11-14 13:30:00,7486.0,7488.0,7468.0,7474.0,37376.0,435629.0,436334.0
2023-11-14 14:00:00,7474.0,7484.0,7462.0,7474.0,25040.0,436334.0,435256.0
2023-11-14 14:30:00,7474.0,7496.0,7464.0,7484.0,45695.0,435256.0,433350.0
2023-11-14 21:00:00,7504.0,7548.0,7496.0,7542.0,116418.0,433350.0,442199.0
2023-11-14 21:30:00,7542.0,7586.0,7542.0,7572.0,101813.0,442199.0,450547.0
2023-11-14 22:00:00,7572.0,7588.0,7558.0,7564.0,58881.0,450547.0,449587.0
2023-11-14 22:30:00,7564.0,7606.0,7554.0,7592.0,75488.0,449587.0,449099.0
2023-11-15 09:00:00,7578.0,7610.0,7576.0,7592.0,76805.0,449099.0,449420.0
2023-11-15 09:30:00,7592.0,7592.0,7572.0,7588.0,40718.0,449420.0,449685.0
2023-11-15 10:00:00,7588.0,7596.0,7584.0,7592.0,14285.0,449685.0,450477.0
2023-11-15 10:30:00,7594.0,7628.0,7590.0,7622.0,64579.0,450477.0,456485.0
2023-11-15 11:00:00,7622.0,7630.0,7602.0,7610.0,49955.0,456485.0,456256.0
2023-11-15 13:30:00,7614.0,7624.0,7594.0,7612.0,40198.0,456256.0,456206.0
2023-11-15 14:00:00,7612.0,7636.0,7592.0,7632.0,42300.0,456206.0,458253.0
2023-11-15 14:30:00,7632.0,7636.0,7618.0,7634.0,53956.0,458253.0,457469.0
2023-11-15 21:00:00,7636.0,7644.0,7600.0,7616.0,101864.0,457469.0,461606.0
2023-11-15 21:30:00,7616.0,7632.0,7608.0,7626.0,40597.0,461606.0,461790.0
2023-11-15 22:00:00,7626.0,7626.0,7604.0,7614.0,27798.0,461790.0,459959.0
2023-11-15 22:30:00,7614.0,7650.0,7612.0,7626.0,58303.0,459959.0,455745.0
2023-11-16 09:00:00,7618.0,7622.0,7588.0,7618.0,66630.0,455745.0,454109.0
2023-11-16 09:30:00,7618.0,7634.0,7608.0,7630.0,35267.0,454109.0,456092.0
2023-11-16 10:00:00,7630.0,7636.0,7622.0,7632.0,14284.0,456092.0,456412.0
2023-11-16 10:30:00,7632.0,7664.0,7622.0,7642.0,59802.0,456412.0,460021.0
2023-11-16 11:00:00,7642.0,7642.0,7584.0,7594.0,105170.0,460021.0,452412.0
2023-11-16 13:30:00,7584.0,7596.0,7550.0,7596.0,81787.0,452412.0,449633.0
2023-11-16 14:00:00,7596.0,7614.0,7592.0,7604.0,41938.0,449633.0,449903.0
2023-11-16 14:30:00,7604.0,7610.0,7586.0,7600.0,38564.0,449903.0,445526.0
2023-11-16 21:00:00,7590.0,7598.0,7566.0,7578.0,69616.0,445526.0,450269.0
2023-11-16 21:30:00,7578.0,7606.0,7572.0,7606.0,58352.0,450269.0,446856.0
2023-11-16 22:00:00,7606.0,7610.0,7556.0,7572.0,51289.0,446856.0,442925.0
2023-11-16 22:30:00,7572.0,7584.0,7516.0,7520.0,96433.0,442925.0,433962.0
2023-11-17 09:00:00,7486.0,7490.0,7434.0,7442.0,132134.0,433962.0,425767.0
2023-11-17 09:30:00,7442.0,7442.0,7418.0,7428.0,58080.0,425767.0,425543.0
2023-11-17 10:00:00,7428.0,7446.0,7424.0,7440.0,21099.0,425543.0,424265.0
2023-11-17 10:30:00,7440.0,7494.0,7438.0,7486.0,64076.0,424265.0,417498.0
2023-11-17 11:00:00,7486.0,7498.0,7470.0,7486.0,43046.0,417498.0,415129.0
2023-11-17 13:30:00,7488.0,7508.0,7476.0,7502.0,36175.0,415129.0,416634.0
2023-11-17 14:00:00,7502.0,7508.0,7474.0,7492.0,31422.0,416634.0,414948.0
2023-11-17 14:30:00,7492.0,7500.0,7486.0,7490.0,36914.0,414948.0,411021.0
2023-11-17 21:00:00,7504.0,7508.0,7454.0,7478.0,68120.0,411021.0,417072.0
2023-11-17 21:30:00,7478.0,7480.0,7432.0,7432.0,52795.0,417072.0,414258.0
2023-11-17 22:00:00,7432.0,7458.0,7432.0,7448.0,36159.0,414258.0,412204.0
2023-11-17 22:30:00,7448.0,7468.0,7438.0,7452.0,42040.0,412204.0,408008.0
2023-11-20 09:00:00,7464.0,7480.0,7406.0,7478.0,104688.0,408008.0,408822.0
2023-11-20 09:30:00,7478.0,7484.0,7444.0,7472.0,58280.0,408822.0,410059.0
2023-11-20 10:00:00,7472.0,7488.0,7460.0,7484.0,19512.0,410059.0,410031.0
2023-11-20 10:30:00,7488.0,7492.0,7470.0,7486.0,39329.0,410031.0,408536.0
2023-11-20 11:00:00,7486.0,7504.0,7478.0,7488.0,38605.0,408536.0,407698.0
2023-11-20 13:30:00,7498.0,7514.0,7462.0,7466.0,48760.0,407698.0,406426.0
2023-11-20 14:00:00,7466.0,7502.0,7458.0,7492.0,37858.0,406426.0,407392.0
2023-11-20 14:30:00,7492.0,7492.0,7446.0,7452.0,50902.0,407392.0,404438.0
2023-11-20 21:00:00,7466.0,7528.0,7460.0,7504.0,97437.0,404438.0,404454.0
2023-11-20 21:30:00,7504.0,7530.0,7500.0,7518.0,43371.0,404454.0,405608.0
2023-11-20 22:00:00,7518.0,7518.0,7488.0,7512.0,38339.0,405608.0,405118.0
2023-11-20 22:30:00,7512.0,7544.0,7506.0,7526.0,73943.0,405118.0,407667.0
2023-11-21 09:00:00,7562.0,7572.0,7540.0,7544.0,75727.0,407667.0,410293.0
2023-11-21 09:30:00,7544.0,7562.0,7530.0,7552.0,51043.0,410293.0,411099.0
2023-11-21 10:00:00,7552.0,7556.0,7542.0,7552.0,16991.0,411099.0,413239.0
2023-11-21 10:30:00,7554.0,7558.0,7498.0,7538.0,77432.0,413239.0,409830.0
2023-11-21 11:00:00,7538.0,7542.0,7474.0,7504.0,57333.0,409830.0,405847.0
2023-11-21 13:30:00,7498.0,7502.0,7432.0,7442.0,85245.0,405847.0,403065.0
2023-11-21 14:00:00,7442.0,7442.0,7384.0,7392.0,100864.0,403065.0,404048.0
2023-11-21 14:30:00,7392.0,7446.0,7390.0,7418.0,78879.0,404048.0,395457.0
2023-11-21 21:00:00,7418.0,7428.0,7368.0,7408.0,98857.0,395457.0,398858.0
2023-11-21 21:30:00,7408.0,7436.0,7406.0,7430.0,47675.0,398858.0,399819.0
2023-11-21 22:00:00,7430.0,7446.0,7420.0,7432.0,26121.0,399819.0,396072.0
2023-11-21 22:30:00,7432.0,7474.0,7428.0,7472.0,44177.0,396072.0,392771.0
2023-11-22 09:00:00,7496.0,7520.0,7466.0,7488.0,108393.0,392771.0,391654.0
2023-11-22 09:30:00,7488.0,7502.0,7468.0,7500.0,37334.0,391654.0,390348.0
2023-11-22 10:00:00,7500.0,7510.0,7484.0,7498.0,20321.0,390348.0,390504.0
2023-11-22 10:30:00,7500.0,7540.0,7498.0,7522.0,85187.0,390504.0,394421.0
2023-11-22 11:00:00,7522.0,7558.0,7522.0,7546.0,74593.0,394421.0,397644.0
2023-11-22 13:30:00,7550.0,7552.0,7474.0,7518.0,77582.0,397644.0,393007.0
2023-11-22 14:00:00,7518.0,7522.0,7484.0,7510.0,48770.0,393007.0,391544.0
2023-11-22 14:30:00,7510.0,7564.0,7508.0,7558.0,80950.0,391544.0,395826.0
2023-11-22 21:00:00,7512.0,7520.0,7436.0,7464.0,155226.0,395826.0,387588.0
2023-11-22 21:30:00,7464.0,7516.0,7458.0,7496.0,82780.0,387588.0,392354.0
2023-11-22 22:00:00,7496.0,7524.0,7482.0,7502.0,50292.0,392354.0,390833.0
2023-11-22 22:30:00,7502.0,7506.0,7454.0,7478.0,60951.0,390833.0,384241.0
2023-11-23 09:00:00,7500.0,7518.0,7450.0,7452.0,77576.0,384241.0,383842.0
2023-11-23 09:30:00,7452.0,7462.0,7428.0,7442.0,52523.0,383842.0,384559.0
2023-11-23 10:00:00,7442.0,7454.0,7432.0,7446.0,18104.0,384559.0,385134.0
2023-11-23 10:30:00,7446.0,7462.0,7406.0,7424.0,76974.0,385134.0,382795.0
2023-11-23 11:00:00,7424.0,7424.0,7384.0,7410.0,74558.0,382795.0,385557.0
2023-11-23 13:30:00,7408.0,7426.0,7398.0,7412.0,35614.0,385557.0,385670.0
2023-11-23 14:00:00,7412.0,7446.0,7408.0,7438.0,40466.0,385670.0,382240.0
2023-11-23 14:30:00,7438.0,7456.0,7426.0,7444.0,57419.0,382240.0,375750.0
2023-11-23 21:00:00,7428.0,7430.0,7376.0,7400.0,106779.0,375750.0,382153.0
2023-11-23 21:30:00,7400.0,7402.0,7348.0,7384.0,78304.0,382153.0,380649.0
2023-11-23 22:00:00,7384.0,7394.0,7370.0,7384.0,32937.0,380649.0,379947.0
2023-11-23 22:30:00,7384.0,7400.0,7374.0,7380.0,36449.0,379947.0,378336.0
2023-11-24 09:00:00,7396.0,7410.0,7374.0,7376.0,51356.0,378336.0,378541.0
2023-11-24 09:30:00,7376.0,7384.0,7356.0,7362.0,33825.0,378541.0,380250.0
2023-11-24 10:00:00,7362.0,7374.0,7358.0,7370.0,13884.0,380250.0,379991.0
2023-11-24 10:30:00,7372.0,7378.0,7334.0,7338.0,57585.0,379991.0,381578.0
2023-11-24 11:00:00,7338.0,7344.0,7314.0,7320.0,43725.0,381578.0,383260.0
2023-11-24 13:30:00,7324.0,7358.0,7320.0,7354.0,41712.0,383260.0,382830.0
2023-11-24 14:00:00,7354.0,7358.0,7342.0,7348.0,25963.0,382830.0,381861.0
2023-11-24 14:30:00,7348.0,7366.0,7334.0,7338.0,46260.0,381861.0,377434.0
2023-11-24 21:00:00,7300.0,7330.0,7268.0,7328.0,89002.0,377434.0,383758.0
2023-11-24 21:30:00,7328.0,7334.0,7300.0,7310.0,32170.0,383758.0,383033.0
2023-11-24 22:00:00,7310.0,7314.0,7272.0,7282.0,44553.0,383033.0,384785.0
2023-11-24 22:30:00,7282.0,7304.0,7264.0,7292.0,55750.0,384785.0,380555.0
2023-11-27 09:00:00,7268.0,7350.0,7260.0,7342.0,99489.0,380555.0,376740.0
2023-11-27 09:30:00,7342.0,7362.0,7306.0,7324.0,54434.0,376740.0,373194.0
2023-11-27 10:00:00,7324.0,7350.0,7318.0,7328.0,20989.0,373194.0,371159.0
2023-11-27 10:30:00,7328.0,7328.0,7270.0,7278.0,64106.0,371159.0,373483.0
2023-11-27 11:00:00,7278.0,7296.0,7252.0,7296.0,52029.0,373483.0,371113.0
2023-11-27 13:30:00,7294.0,7342.0,7294.0,7336.0,53323.0,371113.0,365422.0
2023-11-27 14:00:00,7336.0,7376.0,7332.0,7360.0,52553.0,365422.0,359962.0
2023-11-27 14:30:00,7360.0,7414.0,7356.0,7410.0,76553.0,359962.0,352423.0
2023-11-27 21:00:00,7408.0,7422.0,7368.0,7370.0,92436.0,352423.0,348649.0
2023-11-27 21:30:00,7370.0,7416.0,7366.0,7404.0,53429.0,348649.0,348429.0
2023-11-27 22:00:00,7404.0,7424.0,7390.0,7402.0,46383.0,348429.0,346794.0
2023-11-27 22:30:00,7402.0,7414.0,7376.0,7408.0,44096.0,346794.0,341124.0
2023-11-28 09:00:00,7412.0,7460.0,7412.0,7448.0,87607.0,341124.0,332193.0
2023-11-28 09:30:00,7448.0,7456.0,7424.0,7430.0,33928.0,332193.0,331151.0
2023-11-28 10:00:00,7430.0,7434.0,7416.0,7422.0,14828.0,331151.0,330428.0
2023-11-28 10:30:00,7424.0,7448.0,7384.0,7390.0,62600.0,330428.0,329826.0
2023-11-28 11:00:00,7390.0,7430.0,7388.0,7412.0,33158.0,329826.0,330166.0
2023-11-28 13:30:00,7398.0,7398.0,7362.0,7380.0,58624.0,330166.0,330363.0
2023-11-28 14:00:00,7380.0,7410.0,7374.0,7398.0,38423.0,330363.0,329048.0
2023-11-28 14:30:00,7398.0,7404.0,7370.0,7372.0,54557.0,329048.0,325043.0
2023-11-28 21:00:00,7370.0,7384.0,7312.0,7324.0,117904.0,325043.0,329345.0
2023-11-28 21:30:00,7324.0,7334.0,7310.0,7330.0,43076.0,329345.0,332537.0
2023-11-28 22:00:00,7330.0,7338.0,7316.0,7336.0,27888.0,332537.0,332848.0
2023-11-28 22:30:00,7336.0,7366.0,7336.0,7348.0,48260.0,332848.0,327208.0
2023-11-29 09:00:00,7396.0,7434.0,7392.0,7398.0,78799.0,327208.0,323532.0
2023-11-29 09:30:00,7398.0,7402.0,7346.0,7350.0,59422.0,323532.0,331879.0
2023-11-29 10:00:00,7350.0,7354.0,7322.0,7328.0,27603.0,331879.0,335961.0
2023-11-29 10:30:00,7328.0,7330.0,7272.0,7304.0,89917.0,335961.0,346548.0
2023-11-29 11:00:00,7304.0,7308.0,7286.0,7294.0,32549.0,346548.0,348547.0
2023-11-29 13:30:00,7290.0,7324.0,7282.0,7292.0,43149.0,348547.0,345867.0
2023-11-29 14:00:00,7292.0,7294.0,7256.0,7262.0,50296.0,345867.0,348208.0
2023-11-29 14:30:00,7262.0,7282.0,7238.0,7248.0,78099.0,348208.0,352844.0
2023-11-29 21:00:00,7262.0,7298.0,7260.0,7290.0,72017.0,352844.0,350274.0
2023-11-29 21:30:00,7290.0,7308.0,7286.0,7302.0,35407.0,350274.0,348195.0
2023-11-29 22:00:00,7302.0,7314.0,7288.0,7300.0,32297.0,348195.0,344864.0
2023-11-29 22:30:00,7300.0,7304.0,7268.0,7278.0,48368.0,344864.0,341414.0
2023-11-30 09:00:00,7306.0,7306.0,7278.0,7278.0,42435.0,341414.0,339124.0
2023-11-30 09:30:00,7278.0,7310.0,7274.0,7304.0,35171.0,339124.0,337060.0
2023-11-30 10:00:00,7304.0,7324.0,7302.0,7324.0,20171.0,337060.0,335157.0
2023-11-30 10:30:00,7324.0,7340.0,7298.0,7306.0,55904.0,335157.0,326969.0
2023-11-30 11:00:00,7306.0,7328.0,7302.0,7322.0,20765.0,326969.0,324101.0
2023-11-30 13:30:00,7320.0,7352.0,7314.0,7334.0,55377.0,324101.0,314674.0
2023-11-30 14:00:00,7334.0,7350.0,7330.0,7342.0,21730.0,314674.0,311833.0
2023-11-30 14:30:00,7342.0,7348.0,7318.0,7336.0,37021.0,311833.0,305981.0
2023-11-30 21:00:00,7344.0,7374.0,7330.0,7356.0,74481.0,305981.0,305820.0
2023-11-30 21:30:00,7356.0,7380.0,7354.0,7362.0,33175.0,305820.0,304304.0
2023-11-30 22:00:00,7362.0,7364.0,7324.0,7348.0,40751.0,304304.0,304738.0
2023-11-30 22:30:00,7348.0,7356.0,7334.0,7356.0,31369.0,304738.0,301535.0
2023-12-01 09:00:00,7316.0,7324.0,7214.0,7228.0,141438.0,301535.0,320605.0
2023-12-01 09:30:00,7228.0,7258.0,7220.0,7246.0,52309.0,320605.0,322054.0
2023-12-01 10:00:00,7246.0,7260.0,7206.0,7208.0,33866.0,322054.0,322729.0
2023-12-01 10:30:00,7210.0,7216.0,7166.0,7172.0,93956.0,322729.0,330874.0
2023-12-01 11:00:00,7172.0,7202.0,7170.0,7192.0,40423.0,330874.0,332332.0
2023-12-01 13:30:00,7192.0,7220.0,7166.0,7188.0,49827.0,332332.0,335361.0
2023-12-01 14:00:00,7188.0,7206.0,7176.0,7192.0,27185.0,335361.0,335330.0
2023-12-01 14:30:00,7192.0,7222.0,7186.0,7188.0,47082.0,335330.0,329753.0
2023-12-01 21:00:00,7204.0,7238.0,7196.0,7234.0,58440.0,329753.0,328929.0
2023-12-01 21:30:00,7234.0,7254.0,7226.0,7254.0,30903.0,328929.0,325372.0
2023-12-01 22:00:00,7254.0,7268.0,7248.0,7258.0,30511.0,325372.0,322670.0
2023-12-01 22:30:00,7258.0,7266.0,7246.0,7258.0,30494.0,322670.0,317207.0
2023-12-04 09:00:00,7214.0,7236.0,7178.0,7182.0,83543.0,317207.0,317846.0
2023-12-04 09:30:00,7182.0,7194.0,7150.0,7160.0,52724.0,317846.0,319272.0
2023-12-04 10:00:00,7160.0,7178.0,7158.0,7166.0,12831.0,319272.0,319957.0
2023-12-04 10:30:00,7166.0,7214.0,7166.0,7210.0,46801.0,319957.0,318318.0
2023-12-04 11:00:00,7210.0,7214.0,7188.0,7198.0,18726.0,318318.0,317867.0
2023-12-04 13:30:00,7198.0,7230.0,7196.0,7202.0,40529.0,317867.0,313547.0
2023-12-04 14:00:00,7202.0,7220.0,7192.0,7194.0,27126.0,313547.0,312401.0
2023-12-04 14:30:00,7194.0,7218.0,7188.0,7208.0,34180.0,312401.0,306579.0
2023-12-04 21:00:00,7206.0,7224.0,7196.0,7220.0,61892.0,306579.0,305554.0
2023-12-04 21:30:00,7220.0,7220.0,7178.0,7190.0,40228.0,305554.0,307801.0
2023-12-04 22:00:00,7190.0,7220.0,7188.0,7196.0,27485.0,307801.0,306084.0
2023-12-04 22:30:00,7196.0,7202.0,7184.0,7196.0,24062.0,306084.0,302475.0
2023-12-05 09:00:00,7180.0,7206.0,7164.0,7178.0,52721.0,302475.0,300971.0
2023-12-05 09:30:00,7178.0,7186.0,7130.0,7142.0,83068.0,300971.0,306597.0
2023-12-05 10:00:00,7142.0,7158.0,7140.0,7142.0,15392.0,306597.0,307028.0
2023-12-05 10:30:00,7144.0,7196.0,7130.0,7142.0,66871.0,307028.0,306782.0
2023-12-05 11:00:00,7142.0,7162.0,7136.0,7156.0,27969.0,306782.0,304963.0
2023-12-05 13:30:00,7140.0,7144.0,7122.0,7134.0,37324.0,304963.0,306893.0
2023-12-05 14:00:00,7134.0,7142.0,7120.0,7136.0,23026.0,306893.0,305877.0
2023-12-05 14:30:00,7136.0,7142.0,7092.0,7112.0,49812.0,305877.0,304882.0
2023-12-05 21:00:00,7106.0,7114.0,7072.0,7090.0,62780.0,304882.0,307074.0
2023-12-05 21:30:00,7090.0,7098.0,7062.0,7070.0,36840.0,307074.0,307677.0
2023-12-05 22:00:00,7070.0,7090.0,7066.0,7088.0,26545.0,307677.0,305118.0
2023-12-05 22:30:00,7088.0,7102.0,7076.0,7088.0,32731.0,305118.0,299895.0
2023-12-06 09:00:00,7058.0,7070.0,6956.0,6958.0,105732.0,299895.0,304563.0
2023-12-06 09:30:00,6958.0,6962.0,6896.0,6926.0,95684.0,304563.0,314733.0
2023-12-06 10:00:00,6926.0,6942.0,6898.0,6934.0,32771.0,314733.0,316002.0
2023-12-06 10:30:00,6932.0,6950.0,6922.0,6924.0,41763.0,316002.0,316845.0
2023-12-06 11:00:00,6924.0,6934.0,6914.0,6920.0,25077.0,316845.0,315382.0
2023-12-06 13:30:00,6928.0,6958.0,6926.0,6942.0,37906.0,315382.0,312759.0
2023-12-06 14:00:00,6942.0,6946.0,6926.0,6930.0,19661.0,312759.0,314131.0
2023-12-06 14:30:00,6930.0,6948.0,6920.0,6930.0,37589.0,314131.0,309152.0
2023-12-06 21:00:00,6942.0,6950.0,6914.0,6922.0,69745.0,309152.0,317767.0
2023-12-06 21:30:00,6922.0,6952.0,6922.0,6940.0,29117.0,317767.0,316964.0
2023-12-06 22:00:00,6940.0,6940.0,6890.0,6898.0,39520.0,316964.0,318875.0
2023-12-06 22:30:00,6898.0,6908.0,6850.0,6850.0,54553.0,318875.0,317267.0
2023-12-07 09:00:00,6818.0,6828.0,6732.0,6748.0,112211.0,317267.0,311553.0
2023-12-07 09:30:00,6748.0,6832.0,6746.0,6820.0,72870.0,311553.0,300550.0
2023-12-07 10:00:00,6820.0,6826.0,6788.0,6808.0,22003.0,300550.0,296983.0
2023-12-07 10:30:00,6804.0,6834.0,6798.0,6826.0,35315.0,296983.0,295084.0
2023-12-07 11:00:00,6826.0,6874.0,6824.0,6866.0,56025.0,295084.0,287262.0
2023-12-07 13:30:00,6870.0,6886.0,6862.0,6876.0,33335.0,287262.0,283239.0
2023-12-07 14:00:00,6876.0,6892.0,6864.0,6876.0,22734.0,283239.0,281110.0
2023-12-07 14:30:00,6876.0,6926.0,6876.0,6916.0,68333.0,281110.0,274786.0
2023-12-07 21:00:00,6948.0,7000.0,6930.0,6972.0,101480.0,274786.0,267573.0
2023-12-07 21:30:00,6972.0,6980.0,6952.0,6976.0,34962.0,267573.0,265598.0
2023-12-07 22:00:00,6976.0,6982.0,6964.0,6980.0,15578.0,265598.0,264344.0
2023-12-07 22:30:00,6980.0,6996.0,6966.0,6984.0,32247.0,264344.0,259101.0
2023-12-08 09:00:00,7010.0,7038.0,7000.0,7002.0,49111.0,259101.0,254125.0
2023-12-08 09:30:00,7002.0,7028.0,6982.0,7026.0,30345.0,254125.0,250801.0
2023-12-08 10:00:00,7026.0,7046.0,7022.0,7040.0,16874.0,250801.0,248785.0
2023-12-08 10:30:00,7042.0,7046.0,7024.0,7028.0,30226.0,248785.0,242344.0
2023-12-08 11:00:00,7028.0,7044.0,7012.0,7038.0,28903.0,242344.0,235990.0
2023-12-08 13:30:00,7042.0,7082.0,7036.0,7074.0,39004.0,235990.0,232378.0
2023-12-08 14:00:00,7074.0,7100.0,7066.0,7096.0,32693.0,232378.0,229483.0
2023-12-08 14:30:00,7096.0,7104.0,7078.0,7092.0,39540.0,229483.0,222012.0
2023-12-08 21:00:00,7070.0,7102.0,7060.0,7072.0,55894.0,222012.0,215232.0
2023-12-08 21:30:00,7072.0,7080.0,7046.0,7060.0,33418.0,215232.0,211014.0
2023-12-08 22:00:00,7060.0,7066.0,7038.0,7048.0,20300.0,211014.0,209024.0
2023-12-08 22:30:00,7048.0,7066.0,7042.0,7056.0,20533.0,209024.0,206036.0
2023-12-11 09:00:00,7006.0,7054.0,6992.0,7050.0,62035.0,206036.0,205999.0
2023-12-11 09:30:00,7050.0,7072.0,7044.0,7068.0,30274.0,205999.0,205874.0
2023-12-11 10:00:00,7068.0,7084.0,7060.0,7068.0,14554.0,205874.0,205596.0
2023-12-11 10:30:00,7064.0,7088.0,7032.0,7072.0,32826.0,205596.0,203145.0
2023-12-11 11:00:00,7072.0,7078.0,7046.0,7058.0,16728.0,203145.0,201752.0
2023-12-11 13:30:00,7052.0,7074.0,7042.0,7070.0,17181.0,201752.0,199751.0
2023-12-11 14:00:00,7070.0,7114.0,7070.0,7098.0,31495.0,199751.0,196622.0
2023-12-11 14:30:00,7098.0,7134.0,7092.0,7116.0,29451.0,196622.0,191160.0
2023-12-11 21:00:00,7118.0,7126.0,7088.0,7092.0,42733.0,191160.0,185683.0
2023-12-11 21:30:00,7092.0,7094.0,7076.0,7082.0,18667.0,185683.0,184173.0
2023-12-11 22:00:00,7082.0,7090.0,7078.0,7088.0,9393.0,184173.0,183772.0
2023-12-11 22:30:00,7088.0,7106.0,7080.0,7086.0,21170.0,183772.0,182255.0
2023-12-12 09:00:00,7116.0,7144.0,7110.0,7112.0,41958.0,182255.0,179784.0
2023-12-12 09:30:00,7112.0,7116.0,7098.0,7104.0,17373.0,179784.0,178395.0
2023-12-12 10:00:00,7104.0,7118.0,7092.0,7098.0,7189.0,178395.0,178104.0
2023-12-12 10:30:00,7096.0,7106.0,7078.0,7094.0,16030.0,178104.0,177456.0
2023-12-12 11:00:00,7094.0,7096.0,7070.0,7096.0,15861.0,177456.0,177737.0
2023-12-12 13:30:00,7076.0,7112.0,7074.0,7112.0,20242.0,177737.0,175576.0
2023-12-12 14:00:00,7112.0,7128.0,7104.0,7126.0,14169.0,175576.0,171716.0
2023-12-12 14:30:00,7126.0,7140.0,7110.0,7136.0,29055.0,171716.0,166416.0
2023-12-12 21:00:00,7174.0,7190.0,7144.0,7168.0,79215.0,166416.0,347733.0
2023-12-12 21:30:00,7168.0,7174.0,7136.0,7140.0,47279.0,347733.0,355986.0
2023-12-12 22:00:00,7140.0,7148.0,7118.0,7126.0,38302.0,355986.0,360286.0
2023-12-12 22:30:00,7126.0,7126.0,7088.0,7110.0,53296.0,360286.0,364607.0
2023-12-13 09:00:00,7106.0,7160.0,7100.0,7150.0,62232.0,364607.0,369290.0
2023-12-13 09:30:00,7150.0,7164.0,7128.0,7158.0,43838.0,369290.0,371939.0
2023-12-13 10:00:00,7158.0,7158.0,7132.0,7156.0,18936.0,371939.0,371278.0
2023-12-13 10:30:00,7158.0,7164.0,7118.0,7120.0,41218.0,371278.0,374854.0
2023-12-13 11:00:00,7120.0,7122.0,7066.0,7072.0,57666.0,374854.0,381962.0
2023-12-13 13:30:00,7084.0,7092.0,7076.0,7082.0,33039.0,381962.0,386630.0
2023-12-13 14:00:00,7082.0,7090.0,7060.0,7076.0,22683.0,386630.0,388743.0
2023-12-13 14:30:00,7076.0,7080.0,7056.0,7076.0,37884.0,388743.0,387893.0
2023-12-13 21:00:00,7078.0,7126.0,7072.0,7116.0,74113.0,387893.0,390382.0
2023-12-13 21:30:00,7116.0,7132.0,7108.0,7112.0,37617.0,390382.0,389903.0
2023-12-13 22:00:00,7112.0,7126.0,7096.0,7100.0,32852.0,389903.0,390406.0
2023-12-13 22:30:00,7100.0,7110.0,7092.0,7096.0,31837.0,390406.0,389432.0
2023-12-14 09:00:00,7100.0,7120.0,7078.0,7100.0,69290.0,389432.0,395275.0
2023-12-14 09:30:00,7100.0,7110.0,7076.0,7092.0,31911.0,395275.0,398098.0
2023-12-14 10:00:00,7092.0,7110.0,7080.0,7104.0,15973.0,398098.0,398099.0
2023-12-14 10:30:00,7104.0,7120.0,7062.0,7094.0,54226.0,398099.0,398593.0
2023-12-14 11:00:00,7094.0,7104.0,7080.0,7088.0,23593.0,398593.0,399732.0
2023-12-14 13:30:00,7086.0,7088.0,7066.0,7074.0,24998.0,399732.0,402725.0
2023-12-14 14:00:00,7074.0,7086.0,7056.0,7076.0,25073.0,402725.0,404150.0
2023-12-14 14:30:00,7076.0,7084.0,7070.0,7070.0,20119.0,404150.0,402942.0
2023-12-14 21:00:00,7106.0,7114.0,7084.0,7098.0,55137.0,402942.0,407959.0
2023-12-14 21:30:00,7098.0,7122.0,7094.0,7118.0,33877.0,407959.0,407461.0
2023-12-14 22:00:00,7118.0,7130.0,7106.0,7108.0,24272.0,407461.0,404976.0
2023-12-14 22:30:00,7108.0,7124.0,7108.0,7122.0,24430.0,404976.0,403995.0
2023-12-15 09:00:00,7100.0,7192.0,7096.0,7186.0,98899.0,403995.0,405792.0
2023-12-15 09:30:00,7186.0,7186.0,7126.0,7140.0,66828.0,405792.0,406582.0
2023-12-15 10:00:00,7140.0,7176.0,7138.0,7156.0,31231.0,406582.0,406567.0
2023-12-15 10:30:00,7158.0,7158.0,7134.0,7144.0,30324.0,406567.0,408210.0
2023-12-15 11:00:00,7144.0,7158.0,7120.0,7132.0,33342.0,408210.0,410773.0
2023-12-15 13:30:00,7130.0,7130.0,7070.0,7082.0,67305.0,410773.0,420563.0
2023-12-15 14:00:00,7082.0,7088.0,7042.0,7050.0,69289.0,420563.0,425505.0
2023-12-15 14:30:00,7050.0,7078.0,7044.0,7070.0,43703.0,425505.0,422038.0
2023-12-15 21:00:00,7098.0,7116.0,7058.0,7066.0,76335.0,422038.0,424204.0
2023-12-15 21:30:00,7066.0,7070.0,7022.0,7040.0,65770.0,424204.0,432370.0
2023-12-15 22:00:00,7040.0,7056.0,7036.0,7038.0,23470.0,432370.0,433653.0
2023-12-15 22:30:00,7038.0,7044.0,6996.0,7002.0,62479.0,433653.0,436383.0
2023-12-18 09:00:00,7052.0,7094.0,7036.0,7070.0,104575.0,436383.0,433023.0
2023-12-18 09:30:00,7070.0,7070.0,7028.0,7034.0,53443.0,433023.0,435230.0
2023-12-18 10:00:00,7034.0,7042.0,7014.0,7022.0,20450.0,435230.0,438049.0
2023-12-18 10:30:00,7022.0,7060.0,7012.0,7024.0,52147.0,438049.0,439965.0
2023-12-18 11:00:00,7024.0,7080.0,7024.0,7076.0,38460.0,439965.0,437534.0
2023-12-18 13:30:00,7076.0,7120.0,7068.0,7104.0,67474.0,437534.0,434655.0
2023-12-18 14:00:00,7104.0,7116.0,7092.0,7116.0,34240.0,434655.0,434569.0
2023-12-18 14:30:00,7116.0,7164.0,7114.0,7164.0,85584.0,434569.0,423992.0
2023-12-18 21:00:00,7152.0,7200.0,7146.0,7178.0,99816.0,423992.0,424606.0
2023-12-18 21:30:00,7178.0,7192.0,7170.0,7192.0,39370.0,424606.0,424346.0
2023-12-18 22:00:00,7192.0,7198.0,7178.0,7186.0,31030.0,424346.0,424202.0
2023-12-18 22:30:00,7186.0,7194.0,7166.0,7174.0,37939.0,424202.0,420427.0
2023-12-19 09:00:00,7178.0,7184.0,7138.0,7142.0,57780.0,420427.0,423682.0
2023-12-19 09:30:00,7142.0,7146.0,7116.0,7124.0,51644.0,423682.0,425133.0
2023-12-19 10:00:00,7124.0,7154.0,7112.0,7148.0,28793.0,425133.0,426189.0
2023-12-19 10:30:00,7146.0,7162.0,7140.0,7148.0,31244.0,426189.0,427572.0
2023-12-19 11:00:00,7148.0,7158.0,7136.0,7142.0,22199.0,427572.0,429102.0
2023-12-19 13:30:00,7152.0,7174.0,7146.0,7152.0,37991.0,429102.0,430179.0
2023-12-19 14:00:00,7152.0,7178.0,7150.0,7172.0,30819.0,430179.0,431392.0
2023-12-19 14:30:00,7172.0,7192.0,7150.0,7152.0,55275.0,431392.0,424589.0
2023-12-19 21:00:00,7142.0,7170.0,7132.0,7168.0,65202.0,424589.0,428062.0
2023-12-19 21:30:00,7168.0,7184.0,7162.0,7176.0,26349.0,428062.0,428838.0
2023-12-19 22:00:00,7176.0,7206.0,7172.0,7174.0,45125.0,428838.0,429432.0
2023-12-19 22:30:00,7174.0,7178.0,7150.0,7164.0,48044.0,429432.0,426285.0
2023-12-20 09:00:00,7176.0,7220.0,7176.0,7200.0,76860.0,426285.0,430306.0
2023-12-20 09:30:00,7200.0,7202.0,7160.0,7184.0,56156.0,430306.0,431878.0
2023-12-20 10:00:00,7184.0,7206.0,7180.0,7202.0,19746.0,431878.0,431198.0
2023-12-20 10:30:00,7198.0,7200.0,7172.0,7192.0,37165.0,431198.0,430602.0
2023-12-20 11:00:00,7192.0,7196.0,7156.0,7172.0,40787.0,430602.0,429818.0
2023-12-20 13:30:00,7174.0,7184.0,7154.0,7174.0,33510.0,429818.0,431049.0
2023-12-20 14:00:00,7174.0,7188.0,7172.0,7178.0,16050.0,431049.0,430131.0
2023-12-20 14:30:00,7178.0,7180.0,7160.0,7164.0,32595.0,430131.0,426803.0
2023-12-20 21:00:00,7194.0,7208.0,7170.0,7186.0,71882.0,426803.0,429055.0
2023-12-20 21:30:00,7186.0,7202.0,7182.0,7184.0,29354.0,429055.0,430848.0
2023-12-20 22:00:00,7184.0,7246.0,7184.0,7244.0,78617.0,430848.0,434152.0
2023-12-20 22:30:00,7244.0,7260.0,7230.0,7238.0,69513.0,434152.0,427013.0
2023-12-21 09:00:00,7210.0,7214.0,7172.0,7190.0,107468.0,427013.0,424354.0
2023-12-21 09:30:00,7190.0,7198.0,7168.0,7182.0,47434.0,424354.0,425627.0
2023-12-21 10:00:00,7182.0,7186.0,7152.0,7162.0,35349.0,425627.0,426228.0
2023-12-21 10:30:00,7166.0,7166.0,7098.0,7126.0,89447.0,426228.0,430130.0
2023-12-21 11:00:00,7126.0,7136.0,7112.0,7124.0,32363.0,430130.0,431365.0
2023-12-21 13:30:00,7124.0,7152.0,7122.0,7152.0,46522.0,431365.0,431639.0
2023-12-21 14:00:00,7152.0,7182.0,7148.0,7160.0,61243.0,431639.0,426784.0
2023-12-21 14:30:00,7160.0,7178.0,7154.0,7168.0,38210.0,426784.0,421945.0
2023-12-21 21:00:00,7138.0,7148.0,7056.0,7064.0,147483.0,421945.0,440191.0
2023-12-21 21:30:00,7064.0,7080.0,7042.0,7070.0,76517.0,440191.0,447267.0
2023-12-21 22:00:00,7070.0,7080.0,7044.0,7052.0,46844.0,447267.0,453675.0
2023-12-21 22:30:00,7052.0,7074.0,7044.0,7048.0,40120.0,453675.0,448877.0
2023-12-22 09:00:00,7036.0,7036.0,6960.0,6982.0,134496.0,448877.0,470650.0
2023-12-22 09:30:00,6982.0,7030.0,6980.0,7012.0,57772.0,470650.0,466961.0
2023-12-22 10:00:00,7012.0,7030.0,7004.0,7024.0,24074.0,466961.0,466796.0
2023-12-22 10:30:00,7024.0,7066.0,7016.0,7064.0,63820.0,466796.0,465652.0
2023-12-22 11:00:00,7064.0,7122.0,7050.0,7114.0,99129.0,465652.0,456297.0
2023-12-22 13:30:00,7114.0,7146.0,7102.0,7120.0,81900.0,456297.0,451124.0
2023-12-22 14:00:00,7120.0,7120.0,7094.0,7120.0,32150.0,451124.0,449659.0
2023-12-22 14:30:00,7120.0,7140.0,7110.0,7126.0,47196.0,449659.0,444885.0
2023-12-22 21:00:00,7146.0,7168.0,7112.0,7124.0,83379.0,444885.0,447232.0
2023-12-22 21:30:00,7124.0,7158.0,7116.0,7148.0,42528.0,447232.0,447038.0
2023-12-22 22:00:00,7148.0,7164.0,7128.0,7130.0,40711.0,447038.0,445322.0
2023-12-22 22:30:00,7130.0,7140.0,7106.0,7108.0,54994.0,445322.0,441770.0
2023-12-25 09:00:00,7098.0,7098.0,6968.0,7024.0,215572.0,441770.0,466325.0
2023-12-25 09:30:00,7024.0,7060.0,7008.0,7056.0,59892.0,466325.0,467631.0
2023-12-25 10:00:00,7056.0,7102.0,7048.0,7100.0,46444.0,467631.0,460707.0
2023-12-25 10:30:00,7102.0,7122.0,7090.0,7110.0,69015.0,460707.0,456546.0
2023-12-25 11:00:00,7110.0,7128.0,7096.0,7120.0,38285.0,456546.0,457135.0
2023-12-25 13:30:00,7120.0,7152.0,7120.0,7136.0,55834.0,457135.0,460058.0
2023-12-25 14:00:00,7136.0,7138.0,7110.0,7130.0,32384.0,460058.0,458458.0
2023-12-25 14:30:00,7130.0,7140.0,7114.0,7140.0,35330.0,458458.0,451157.0
2023-12-25 21:00:00,7148.0,7190.0,7134.0,7152.0,96535.0,451157.0,450399.0
2023-12-25 21:30:00,7152.0,7164.0,7140.0,7160.0,38906.0,450399.0,451827.0
2023-12-25 22:00:00,7160.0,7162.0,7140.0,7152.0,22772.0,451827.0,449682.0
2023-12-25 22:30:00,7152.0,7158.0,7138.0,7144.0,19029.0,449682.0,446732.0
2023-12-26 09:00:00,7144.0,7192.0,7144.0,7180.0,76921.0,446732.0,448220.0
2023-12-26 09:30:00,7180.0,7188.0,7158.0,7186.0,46912.0,448220.0,448301.0
2023-12-26 10:00:00,7186.0,7204.0,7178.0,7196.0,39371.0,448301.0,448833.0
2023-12-26 10:30:00,7198.0,7210.0,7176.0,7180.0,61611.0,448833.0,449127.0
2023-12-26 11:00:00,7180.0,7190.0,7166.0,7176.0,40828.0,449127.0,446442.0
2023-12-26 13:30:00,7182.0,7192.0,7172.0,7186.0,29952.0,446442.0,447811.0
2023-12-26 14:00:00,7186.0,7198.0,7184.0,7186.0,26493.0,447811.0,447082.0
2023-12-26 14:30:00,7186.0,7206.0,7180.0,7186.0,41984.0,447082.0,442354.0
2023-12-26 21:00:00,7218.0,7242.0,7208.0,7234.0,83367.0,442354.0,450451.0
2023-12-26 21:30:00,7234.0,7276.0,7228.0,7262.0,85118.0,450451.0,459404.0
2023-12-26 22:00:00,7262.0,7268.0,7250.0,7264.0,32671.0,459404.0,459939.0
2023-12-26 22:30:00,7264.0,7264.0,7220.0,7224.0,75074.0,459939.0,452341.0
2023-12-27 09:00:00,7224.0,7260.0,7200.0,7258.0,87805.0,452341.0,456841.0
2023-12-27 09:30:00,7258.0,7286.0,7238.0,7278.0,50261.0,456841.0,456719.0
2023-12-27 10:00:00,7278.0,7282.0,7268.0,7274.0,21567.0,456719.0,457202.0
2023-12-27 10:30:00,7276.0,7280.0,7252.0,7268.0,41183.0,457202.0,456270.0
2023-12-27 11:00:00,7268.0,7272.0,7240.0,7250.0,43130.0,456270.0,452928.0
2023-12-27 13:30:00,7252.0,7268.0,7242.0,7256.0,30251.0,452928.0,454207.0
2023-12-27 14:00:00,7256.0,7272.0,7254.0,7266.0,21548.0,454207.0,452990.0
2023-12-27 14:30:00,7266.0,7294.0,7266.0,7284.0,48988.0,452990.0,447542.0
2023-12-27 21:00:00,7240.0,7256.0,7230.0,7250.0,93034.0,447542.0,452146.0
2023-12-27 21:30:00,7250.0,7262.0,7246.0,7262.0,27952.0,452146.0,453523.0
2023-12-27 22:00:00,7262.0,7266.0,7240.0,7250.0,26025.0,453523.0,451446.0
2023-12-27 22:30:00,7250.0,7250.0,7234.0,7236.0,30224.0,451446.0,447798.0
2023-12-28 09:00:00,7268.0,7272.0,7242.0,7250.0,64789.0,447798.0,444772.0
2023-12-28 09:30:00,7250.0,7266.0,7242.0,7256.0,21828.0,444772.0,444472.0
2023-12-28 10:00:00,7256.0,7258.0,7216.0,7230.0,32014.0,444472.0,444805.0
2023-12-28 10:30:00,7228.0,7240.0,7202.0,7232.0,66832.0,444805.0,445588.0
2023-12-28 11:00:00,7232.0,7238.0,7214.0,7226.0,30191.0,445588.0,447087.0
2023-12-28 13:30:00,7228.0,7256.0,7226.0,7254.0,33830.0,447087.0,449910.0
2023-12-28 14:00:00,7254.0,7258.0,7222.0,7224.0,31373.0,449910.0,449225.0
2023-12-28 14:30:00,7224.0,7240.0,7218.0,7234.0,43553.0,449225.0,443115.0
2023-12-28 21:00:00,7236.0,7242.0,7178.0,7196.0,105895.0,443115.0,441001.0
2023-12-28 21:30:00,7196.0,7206.0,7186.0,7194.0,33297.0,441001.0,441052.0
2023-12-28 22:00:00,7194.0,7212.0,7194.0,7206.0,23069.0,441052.0,439495.0
2023-12-28 22:30:00,7206.0,7228.0,7206.0,7226.0,40114.0,439495.0,437155.0
2023-12-29 09:00:00,7186.0,7194.0,7118.0,7130.0,147907.0,437155.0,434222.0
2023-12-29 09:30:00,7130.0,7136.0,7110.0,7122.0,50437.0,434222.0,436149.0
2023-12-29 10:00:00,7122.0,7146.0,7118.0,7134.0,25165.0,436149.0,431961.0
2023-12-29 10:30:00,7134.0,7136.0,7090.0,7108.0,64456.0,431961.0,439516.0
2023-12-29 11:00:00,7108.0,7120.0,7092.0,7106.0,37982.0,439516.0,439521.0
2023-12-29 13:30:00,7112.0,7134.0,7108.0,7116.0,37656.0,439521.0,439280.0
2023-12-29 14:00:00,7116.0,7116.0,7098.0,7102.0,22085.0,439280.0,438751.0
2023-12-29 14:30:00,7102.0,7114.0,7082.0,7086.0,52843.0,438751.0,430244.0
2024-01-02 09:00:00,7094.0,7142.0,7030.0,7036.0,143537.0,430244.0,443982.0
2024-01-02 09:30:00,7036.0,7062.0,7020.0,7024.0,62284.0,443982.0,448353.0
2024-01-02 10:00:00,7024.0,7046.0,7022.0,7042.0,17834.0,448353.0,448910.0
2024-01-02 10:30:00,7042.0,7102.0,7042.0,7092.0,65299.0,448910.0,445963.0
2024-01-02 11:00:00,7092.0,7124.0,7086.0,7104.0,44109.0,445963.0,442578.0
2024-01-02 13:30:00,7104.0,7114.0,7090.0,7106.0,32169.0,442578.0,445472.0
2024-01-02 14:00:00,7106.0,7106.0,7072.0,7074.0,25653.0,445472.0,446117.0
2024-01-02 14:30:00,7074.0,7096.0,7060.0,7062.0,46816.0,446117.0,444065.0
2024-01-02 21:00:00,7050.0,7074.0,7034.0,7070.0,81909.0,444065.0,438422.0
2024-01-02 21:30:00,7070.0,7074.0,7042.0,7060.0,35226.0,438422.0,440499.0
2024-01-02 22:00:00,7060.0,7062.0,7026.0,7036.0,38336.0,440499.0,442423.0
2024-01-02 22:30:00,7036.0,7044.0,6984.0,6988.0,70007.0,442423.0,446232.0
2024-01-03 09:00:00,7014.0,7020.0,6990.0,7000.0,62423.0,446232.0,450721.0
2024-01-03 09:30:00,7000.0,7036.0,6990.0,7024.0,45515.0,450721.0,450523.0
2024-01-03 10:00:00,7024.0,7036.0,7018.0,7018.0,11465.0,450523.0,450186.0
2024-01-03 10:30:00,7018.0,7018.0,6952.0,6968.0,79308.0,450186.0,463087.0
2024-01-03 11:00:00,6968.0,6968.0,6922.0,6940.0,67751.0,463087.0,473004.0
2024-01-03 13:30:00,6940.0,6954.0,6930.0,6950.0,36110.0,473004.0,474924.0
2024-01-03 14:00:00,6950.0,6966.0,6944.0,6948.0,28711.0,474924.0,475356.0
2024-01-03 14:30:00,6948.0,6960.0,6946.0,6952.0,35992.0,475356.0,472705.0
2024-01-03 21:00:00,6986.0,6988.0,6956.0,6964.0,59425.0,472705.0,475376.0
2024-01-03 21:30:00,6964.0,6970.0,6954.0,6964.0,22996.0,475376.0,476036.0
2024-01-03 22:00:00,6964.0,6982.0,6958.0,6978.0,24863.0,476036.0,473879.0
2024-01-03 22:30:00,6978.0,6980.0,6950.0,6962.0,42474.0,473879.0,473652.0
2024-01-04 09:00:00,6992.0,7020.0,6986.0,6996.0,64324.0,473652.0,470309.0
2024-01-04 09:30:00,6996.0,7010.0,6982.0,6988.0,27711.0,470309.0,472491.0
2024-01-04 10:00:00,6988.0,7000.0,6976.0,6992.0,14996.0,472491.0,473630.0
2024-01-04 10:30:00,6992.0,6994.0,6972.0,6984.0,23098.0,473630.0,476073.0
2024-01-04 11:00:00,6984.0,6986.0,6962.0,6964.0,21460.0,476073.0,475822.0
2024-01-04 13:30:00,6964.0,6974.0,6954.0,6972.0,24464.0,475822.0,477900.0
2024-01-04 14:00:00,6972.0,7010.0,6968.0,7010.0,42307.0,477900.0,476055.0
2024-01-04 14:30:00,7010.0,7010.0,6980.0,6984.0,30011.0,476055.0,475741.0
2024-01-04 21:00:00,6990.0,7010.0,6980.0,7006.0,55913.0,475741.0,476635.0
2024-01-04 21:30:00,7006.0,7016.0,6996.0,6998.0,35076.0,476635.0,477986.0
2024-01-04 22:00:00,6998.0,7008.0,6984.0,6998.0,25424.0,477986.0,477875.0
2024-01-04 22:30:00,6998.0,7000.0,6962.0,6988.0,48705.0,477875.0,475930.0
2024-01-05 09:00:00,6972.0,6990.0,6930.0,6964.0,71528.0,475930.0,476475.0
2024-01-05 09:30:00,6964.0,7044.0,6962.0,7028.0,85418.0,476475.0,469583.0
2024-01-05 10:00:00,7028.0,7028.0,6990.0,6992.0,27852.0,469583.0,470011.0
2024-01-05 10:30:00,6990.0,7038.0,6982.0,7038.0,50196.0,470011.0,472176.0
2024-01-05 11:00:00,7038.0,7048.0,7026.0,7032.0,48546.0,472176.0,467070.0
2024-01-05 13:30:00,7028.0,7042.0,7020.0,7034.0,26462.0,467070.0,466256.0
2024-01-05 14:00:00,7034.0,7066.0,7034.0,7038.0,44122.0,466256.0,465077.0
2024-01-05 14:30:00,7038.0,7046.0,7020.0,7022.0,38461.0,465077.0,457759.0
2024-01-05 21:00:00,7038.0,7060.0,7026.0,7034.0,57047.0,457759.0,456654.0
2024-01-05 21:30:00,7034.0,7060.0,7014.0,7052.0,46853.0,456654.0,456380.0
2024-01-05 22:00:00,7052.0,7080.0,7044.0,7064.0,43550.0,456380.0,455590.0
2024-01-05 22:30:00,7064.0,7066.0,7044.0,7056.0,33927.0,455590.0,450970.0
2024-01-08 09:00:00,7040.0,7044.0,6990.0,7010.0,75709.0,450970.0,455184.0
2024-01-08 09:30:00,7010.0,7028.0,6986.0,7000.0,39535.0,455184.0,457233.0
2024-01-08 10:00:00,7000.0,7008.0,6982.0,6994.0,19373.0,457233.0,458513.0
2024-01-08 10:30:00,6992.0,7090.0,6986.0,7060.0,95801.0,458513.0,456822.0
2024-01-08 11:00:00,7060.0,7068.0,7040.0,7058.0,38567.0,456822.0,452104.0
2024-01-08 13:30:00,7058.0,7062.0,7018.0,7018.0,38736.0,452104.0,450808.0
2024-01-08 14:00:00,7018.0,7022.0,7006.0,7020.0,32625.0,450808.0,452843.0
2024-01-08 14:30:00,7020.0,7024.0,7000.0,7006.0,43048.0,452843.0,449335.0
2024-01-08 21:00:00,6974.0,7008.0,6954.0,6988.0,91236.0,449335.0,445869.0
2024-01-08 21:30:00,6988.0,6994.0,6952.0,6964.0,55111.0,445869.0,453326.0
2024-01-08 22:00:00,6964.0,6976.0,6914.0,6926.0,56775.0,453326.0,458698.0
2024-01-08 22:30:00,6926.0,6934.0,6898.0,6914.0,67203.0,458698.0,460273.0
2024-01-09 09:00:00,6954.0,7016.0,6940.0,7008.0,95179.0,460273.0,451522.0
2024-01-09 09:30:00,7008.0,7030.0,6998.0,7018.0,54743.0,451522.0,448510.0
2024-01-09 10:00:00,7018.0,7028.0,7010.0,7024.0,12979.0,448510.0,447333.0
2024-01-09 10:30:00,7024.0,7046.0,7008.0,7042.0,49530.0,447333.0,446254.0
2024-01-09 11:00:00,7042.0,7076.0,7028.0,7072.0,54421.0,446254.0,444926.0
2024-01-09 13:30:00,7068.0,7070.0,7048.0,7052.0,41953.0,444926.0,444693.0
2024-01-09 14:00:00,7052.0,7066.0,7044.0,7056.0,24994.0,444693.0,445131.0
2024-01-09 14:30:00,7056.0,7070.0,7038.0,7054.0,43000.0,445131.0,442268.0
2024-01-09 21:00:00,7096.0,7130.0,7080.0,7120.0,116731.0,442268.0,425488.0
2024-01-09 21:30:00,7120.0,7130.0,7104.0,7108.0,39608.0,425488.0,424347.0
2024-01-09 22:00:00,7108.0,7122.0,7106.0,7118.0,20785.0,424347.0,424924.0
2024-01-09 22:30:00,7118.0,7118.0,7072.0,7100.0,58381.0,424924.0,419067.0
2024-01-10 09:00:00,7124.0,7144.0,7116.0,7130.0,65264.0,419067.0,420941.0
2024-01-10 09:30:00,7130.0,7160.0,7118.0,7142.0,46260.0,420941.0,421655.0
2024-01-10 10:00:00,7142.0,7158.0,7140.0,7156.0,18278.0,421655.0,421707.0
2024-01-10 10:30:00,7156.0,7168.0,7142.0,7146.0,32706.0,421707.0,421939.0
2024-01-10 11:00:00,7146.0,7178.0,7140.0,7170.0,38914.0,421939.0,421098.0
2024-01-10 13:30:00,7196.0,7216.0,7180.0,7212.0,91909.0,421098.0,425480.0
2024-01-10 14:00:00,7212.0,7260.0,7210.0,7258.0,80580.0,425480.0,427795.0
2024-01-10 14:30:00,7258.0,7258.0,7206.0,7226.0,80859.0,427795.0,420130.0
2024-01-10 21:00:00,7212.0,7220.0,7188.0,7200.0,87069.0,420130.0,415605.0
2024-01-10 21:30:00,7200.0,7248.0,7196.0,7228.0,62180.0,415605.0,418523.0
2024-01-10 22:00:00,7228.0,7236.0,7220.0,7232.0,25930.0,418523.0,420178.0
2024-01-10 22:30:00,7232.0,7238.0,7216.0,7238.0,42034.0,420178.0,417755.0
2024-01-11 09:00:00,7212.0,7232.0,7208.0,7228.0,51731.0,417755.0,412948.0
2024-01-11 09:30:00,7228.0,7248.0,7220.0,7234.0,33872.0,412948.0,414242.0
2024-01-11 10:00:00,7234.0,7238.0,7224.0,7236.0,11340.0,414242.0,413180.0
2024-01-11 10:30:00,7236.0,7256.0,7196.0,7208.0,63779.0,413180.0,413512.0
2024-01-11 11:00:00,7208.0,7276.0,7206.0,7262.0,54634.0,413512.0,415394.0
2024-01-11 13:30:00,7274.0,7292.0,7262.0,7276.0,58636.0,415394.0,417992.0
2024-01-11 14:00:00,7276.0,7286.0,7256.0,7268.0,36243.0,417992.0,417729.0
2024-01-11 14:30:00,7268.0,7274.0,7244.0,7256.0,43385.0,417729.0,412375.0
2024-01-11 21:00:00,7262.0,7272.0,7240.0,7250.0,68255.0,412375.0,407877.0
2024-01-11 21:30:00,7250.0,7250.0,7222.0,7232.0,55607.0,407877.0,409811.0
2024-01-11 22:00:00,7232.0,7250.0,7224.0,7238.0,29751.0,409811.0,409022.0
2024-01-11 22:30:00,7238.0,7250.0,7228.0,7250.0,37795.0,409022.0,404843.0
2024-01-12 09:00:00,7256.0,7278.0,7244.0,7278.0,60526.0,404843.0,401044.0
2024-01-12 09:30:00,7278.0,7302.0,7262.0,7290.0,59148.0,401044.0,405903.0
2024-01-12 10:00:00,7290.0,7294.0,7262.0,7270.0,20406.0,405903.0,404978.0
2024-01-12 10:30:00,7270.0,7292.0,7252.0,7286.0,59560.0,404978.0,408158.0
2024-01-12 11:00:00,7286.0,7312.0,7278.0,7302.0,49063.0,408158.0,409625.0
2024-01-12 13:30:00,7302.0,7328.0,7300.0,7310.0,70706.0,409625.0,414088.0
2024-01-12 14:00:00,7310.0,7344.0,7304.0,7338.0,44036.0,414088.0,417250.0
2024-01-12 14:30:00,7338.0,7344.0,7322.0,7338.0,50724.0,417250.0,411379.0
2024-01-12 21:00:00,7376.0,7384.0,7316.0,7320.0,92161.0,411379.0,413926.0
2024-01-12 21:30:00,7320.0,7330.0,7310.0,7316.0,38579.0,413926.0,411907.0
2024-01-12 22:00:00,7316.0,7328.0,7304.0,7314.0,30148.0,411907.0,409846.0
2024-01-12 22:30:00,7314.0,7318.0,7290.0,7294.0,43596.0,409846.0,403616.0
2024-01-15 09:00:00,7268.0,7290.0,7240.0,7264.0,98107.0,403616.0,394127.0
2024-01-15 09:30:00,7264.0,7282.0,7244.0,7280.0,36105.0,394127.0,392792.0
2024-01-15 10:00:00,7280.0,7292.0,7272.0,7284.0,21988.0,392792.0,391845.0
2024-01-15 10:30:00,7284.0,7308.0,7276.0,7302.0,36714.0,391845.0,393152.0
2024-01-15 11:00:00,7302.0,7314.0,7292.0,7310.0,26231.0,393152.0,393694.0
2024-01-15 13:30:00,7306.0,7316.0,7294.0,7314.0,30800.0,393694.0,395715.0
2024-01-15 14:00:00,7314.0,7328.0,7308.0,7312.0,28629.0,395715.0,395466.0
2024-01-15 14:30:00,7312.0,7314.0,7296.0,7300.0,29205.0,395466.0,390644.0
2024-01-15 21:00:00,7276.0,7324.0,7270.0,7318.0,59950.0,390644.0,397200.0
2024-01-15 21:30:00,7318.0,7330.0,7306.0,7322.0,32760.0,397200.0,400841.0
2024-01-15 22:00:00,7322.0,7340.0,7316.0,7330.0,28355.0,400841.0,402363.0
2024-01-15 22:30:00,7330.0,7336.0,7318.0,7328.0,19334.0,402363.0,399578.0
2024-01-16 09:00:00,7330.0,7336.0,7296.0,7298.0,54927.0,399578.0,399507.0
2024-01-16 09:30:00,7298.0,7312.0,7286.0,7286.0,36369.0,399507.0,399408.0
2024-01-16 10:00:00,7286.0,7312.0,7282.0,7300.0,19183.0,399408.0,398937.0
2024-01-16 10:30:00,7302.0,7356.0,7300.0,7342.0,66894.0,398937.0,402658.0
2024-01-16 11:00:00,7342.0,7362.0,7334.0,7340.0,41481.0,402658.0,402383.0
2024-01-16 13:30:00,7350.0,7366.0,7340.0,7344.0,45442.0,402383.0,405854.0
2024-01-16 14:00:00,7344.0,7370.0,7340.0,7364.0,37113.0,405854.0,407300.0
2024-01-16 14:30:00,7364.0,7390.0,7354.0,7384.0,56183.0,407300.0,405293.0
2024-01-16 21:00:00,7390.0,7444.0,7380.0,7436.0,89387.0,405293.0,421323.0
2024-01-16 21:30:00,7436.0,7440.0,7418.0,7420.0,34843.0,421323.0,423218.0
2024-01-16 22:00:00,7420.0,7420.0,7396.0,7404.0,40830.0,423218.0,421375.0
2024-01-16 22:30:00,7404.0,7408.0,7366.0,7370.0,51105.0,421375.0,417717.0
2024-01-17 09:00:00,7340.0,7370.0,7330.0,7350.0,79997.0,417717.0,418057.0
2024-01-17 09:30:00,7350.0,7374.0,7336.0,7370.0,42479.0,418057.0,419451.0
2024-01-17 10:00:00,7370.0,7370.0,7350.0,7354.0,17247.0,419451.0,419291.0
2024-01-17 10:30:00,7356.0,7374.0,7328.0,7344.0,50981.0,419291.0,418509.0
2024-01-17 11:00:00,7344.0,7346.0,7322.0,7330.0,36322.0,418509.0,417755.0
2024-01-17 13:30:00,7324.0,7338.0,7308.0,7330.0,42076.0,417755.0,415746.0
2024-01-17 14:00:00,7330.0,7332.0,7318.0,7328.0,20473.0,415746.0,415788.0
2024-01-17 14:30:00,7328.0,7332.0,7276.0,7298.0,69592.0,415788.0,409181.0
2024-01-17 21:00:00,7280.0,7312.0,7264.0,7294.0,66254.0,409181.0,413778.0
2024-01-17 21:30:00,7294.0,7298.0,7278.0,7292.0,32528.0,413778.0,415070.0
2024-01-17 22:00:00,7292.0,7322.0,7274.0,7314.0,51900.0,415070.0,417471.0
2024-01-17 22:30:00,7314.0,7338.0,7306.0,7330.0,57086.0,417471.0,416694.0
2024-01-18 09:00:00,7348.0,7396.0,7344.0,7382.0,72867.0,416694.0,424106.0
2024-01-18 09:30:00,7382.0,7402.0,7372.0,7378.0,54489.0,424106.0,426855.0
2024-01-18 10:00:00,7378.0,7380.0,7352.0,7356.0,31562.0,426855.0,424913.0
2024-01-18 10:30:00,7358.0,7362.0,7330.0,7344.0,43457.0,424913.0,422072.0
2024-01-18 11:00:00,7344.0,7384.0,7338.0,7366.0,41130.0,422072.0,423210.0
2024-01-18 13:30:00,7370.0,7384.0,7358.0,7378.0,37077.0,423210.0,424802.0
2024-01-18 14:00:00,7378.0,7390.0,7370.0,7382.0,25045.0,424802.0,425331.0
2024-01-18 14:30:00,7382.0,7416.0,7374.0,7412.0,57073.0,425331.0,427430.0
2024-01-18 21:00:00,7428.0,7456.0,7416.0,7420.0,96395.0,427430.0,438713.0
2024-01-18 21:30:00,7420.0,7430.0,7414.0,7430.0,36494.0,438713.0,440615.0
2024-01-18 22:00:00,7430.0,7432.0,7418.0,7420.0,24650.0,440615.0,440793.0
2024-01-18 22:30:00,7420.0,7440.0,7402.0,7420.0,55051.0,440793.0,437003.0
2024-01-19 09:00:00,7438.0,7446.0,7420.0,7436.0,51286.0,437003.0,437399.0
2024-01-19 09:30:00,7436.0,7460.0,7432.0,7458.0,40033.0,437399.0,440111.0
2024-01-19 10:00:00,7458.0,7466.0,7442.0,7462.0,15853.0,440111.0,441132.0
2024-01-19 10:30:00,7464.0,7500.0,7454.0,7492.0,60548.0,441132.0,450428.0
2024-01-19 11:00:00,7492.0,7528.0,7490.0,7514.0,62323.0,450428.0,460057.0
2024-01-19 13:30:00,7488.0,7502.0,7476.0,7494.0,59035.0,460057.0,455818.0
2024-01-19 14:00:00,7494.0,7530.0,7494.0,7522.0,42184.0,455818.0,460845.0
2024-01-19 14:30:00,7522.0,7532.0,7512.0,7520.0,61182.0,460845.0,453258.0
2024-01-19 21:00:00,7536.0,7564.0,7530.0,7542.0,77893.0,453258.0,459747.0
2024-01-19 21:30:00,7542.0,7542.0,7514.0,7518.0,62361.0,459747.0,456862.0
2024-01-19 22:00:00,7518.0,7532.0,7510.0,7526.0,33769.0,456862.0,454626.0
2024-01-19 22:30:00,7526.0,7526.0,7492.0,7498.0,59877.0,454626.0,449159.0
2024-01-22 09:00:00,7474.0,7496.0,7460.0,7490.0,77802.0,449159.0,444919.0
2024-01-22 09:30:00,7490.0,7492.0,7462.0,7484.0,36387.0,444919.0,443366.0
2024-01-22 10:00:00,7484.0,7496.0,7476.0,7486.0,13853.0,443366.0,443102.0
2024-01-22 10:30:00,7490.0,7508.0,7476.0,7498.0,47559.0,443102.0,442762.0
2024-01-22 11:00:00,7498.0,7518.0,7492.0,7496.0,29309.0,442762.0,443610.0
2024-01-22 13:30:00,7490.0,7492.0,7468.0,7482.0,33195.0,443610.0,441052.0
2024-01-22 14:00:00,7482.0,7488.0,7446.0,7468.0,41929.0,441052.0,436318.0
2024-01-22 14:30:00,7468.0,7482.0,7460.0,7474.0,34524.0,436318.0,434916.0
2024-01-22 21:00:00,7460.0,7472.0,7440.0,7468.0,64610.0,434916.0,440999.0
2024-01-22 21:30:00,7468.0,7474.0,7442.0,7452.0,34692.0,440999.0,440740.0
2024-01-22 22:00:00,7452.0,7464.0,7446.0,7460.0,24633.0,440740.0,441070.0
2024-01-22 22:30:00,7460.0,7488.0,7448.0,7472.0,52373.0,441070.0,443477.0
2024-01-23 09:00:00,7508.0,7542.0,7506.0,7520.0,80318.0,443477.0,441915.0
2024-01-23 09:30:00,7520.0,7522.0,7492.0,7496.0,41689.0,441915.0,442676.0
2024-01-23 10:00:00,7496.0,7512.0,7492.0,7504.0,16117.0,442676.0,441997.0
2024-01-23 10:30:00,7504.0,7508.0,7422.0,7434.0,111450.0,441997.0,444508.0
2024-01-23 11:00:00,7434.0,7488.0,7434.0,7480.0,53049.0,444508.0,442266.0
2024-01-23 13:30:00,7482.0,7482.0,7450.0,7450.0,47839.0,442266.0,442840.0
2024-01-23 14:00:00,7450.0,7476.0,7448.0,7466.0,32830.0,442840.0,442911.0
2024-01-23 14:30:00,7466.0,7466.0,7424.0,7432.0,64593.0,442911.0,443966.0
2024-01-23 21:00:00,7420.0,7452.0,7410.0,7446.0,74063.0,443966.0,446793.0
2024-01-23 21:30:00,7446.0,7480.0,7442.0,7468.0,47434.0,446793.0,448796.0
2024-01-23 22:00:00,7468.0,7470.0,7446.0,7462.0,31982.0,448796.0,448864.0
2024-01-23 22:30:00,7462.0,7476.0,7452.0,7468.0,32409.0,448864.0,445977.0
2024-01-24 09:00:00,7472.0,7498.0,7456.0,7492.0,49914.0,445977.0,450145.0
2024-01-24 09:30:00,7492.0,7506.0,7468.0,7488.0,40505.0,450145.0,450007.0
2024-01-24 10:00:00,7488.0,7488.0,7470.0,7478.0,12638.0,450007.0,451170.0
2024-01-24 10:30:00,7476.0,7520.0,7470.0,7504.0,48097.0,451170.0,457402.0
2024-01-24 11:00:00,7504.0,7510.0,7478.0,7486.0,33911.0,457402.0,453974.0
2024-01-24 13:30:00,7478.0,7478.0,7446.0,7472.0,55466.0,453974.0,451571.0
2024-01-24 14:00:00,7472.0,7492.0,7464.0,7490.0,29296.0,451571.0,452854.0
2024-01-24 14:30:00,7490.0,7510.0,7488.0,7498.0,48085.0,452854.0,453285.0
2024-01-24 21:00:00,7508.0,7558.0,7498.0,7550.0,99292.0,453285.0,457742.0
2024-01-24 21:30:00,7550.0,7554.0,7534.0,7546.0,32758.0,457742.0,459560.0
2024-01-24 22:00:00,7546.0,7548.0,7522.0,7536.0,26601.0,459560.0,456103.0
2024-01-24 22:30:00,7536.0,7540.0,7508.0,7518.0,39881.0,456103.0,450127.0
2024-01-25 09:00:00,7514.0,7516.0,7484.0,7496.0,58476.0,450127.0,446312.0
2024-01-25 09:30:00,7496.0,7542.0,7492.0,7534.0,38147.0,446312.0,448077.0
2024-01-25 10:00:00,7534.0,7542.0,7520.0,7524.0,14798.0,448077.0,448895.0
2024-01-25 10:30:00,7524.0,7550.0,7514.0,7548.0,33469.0,448895.0,451093.0
2024-01-25 11:00:00,7548.0,7574.0,7542.0,7556.0,52200.0,451093.0,454019.0
2024-01-25 13:30:00,7558.0,7564.0,7540.0,7546.0,27173.0,454019.0,456575.0
2024-01-25 14:00:00,7546.0,7558.0,7530.0,7536.0,29624.0,456575.0,452365.0
2024-01-25 14:30:00,7536.0,7538.0,7520.0,7532.0,30879.0,452365.0,447638.0
2024-01-25 21:00:00,7526.0,7540.0,7510.0,7524.0,54390.0,447638.0,454120.0
2024-01-25 21:30:00,7524.0,7544.0,7520.0,7528.0,33659.0,454120.0,456803.0
2024-01-25 22:00:00,7528.0,7544.0,7522.0,7528.0,26025.0,456803.0,458679.0
2024-01-25 22:30:00,7528.0,7528.0,7490.0,7508.0,68459.0,458679.0,455216.0
2024-01-26 09:00:00,7490.0,7502.0,7462.0,7466.0,65774.0,455216.0,459267.0
2024-01-26 09:30:00,7466.0,7480.0,7450.0,7458.0,37728.0,459267.0,458880.0
2024-01-26 10:00:00,7458.0,7478.0,7454.0,7464.0,19109.0,458880.0,459799.0
2024-01-26 10:30:00,7468.0,7504.0,7456.0,7502.0,44035.0,459799.0,460473.0
2024-01-26 11:00:00,7502.0,7506.0,7490.0,7500.0,26347.0,460473.0,462106.0
2024-01-26 13:30:00,7506.0,7598.0,7504.0,7592.0,117982.0,462106.0,486374.0
2024-01-26 14:00:00,7592.0,7598.0,7560.0,7564.0,71257.0,486374.0,492275.0
2024-01-26 14:30:00,7564.0,7566.0,7542.0,7544.0,59766.0,492275.0,485647.0
2024-01-26 21:00:00,7554.0,7568.0,7504.0,7520.0,103807.0,485647.0,482236.0
2024-01-26 21:30:00,7520.0,7526.0,7484.0,7496.0,53439.0,482236.0,478825.0
2024-01-26 22:00:00,7496.0,7500.0,7474.0,7482.0,37185.0,478825.0,476534.0
2024-01-26 22:30:00,7482.0,7506.0,7468.0,7490.0,46669.0,476534.0,473070.0
2024-01-29 09:00:00,7524.0,7532.0,7490.0,7492.0,63300.0,473070.0,473956.0
2024-01-29 09:30:00,7492.0,7496.0,7434.0,7462.0,73952.0,473956.0,469316.0
2024-01-29 10:00:00,7462.0,7466.0,7448.0,7466.0,20027.0,469316.0,467067.0
2024-01-29 10:30:00,7464.0,7512.0,7458.0,7476.0,67016.0,467067.0,466327.0
2024-01-29 11:00:00,7476.0,7490.0,7448.0,7462.0,40692.0,466327.0,465861.0
2024-01-29 13:30:00,7462.0,7462.0,7426.0,7438.0,49217.0,465861.0,465674.0
2024-01-29 14:00:00,7438.0,7460.0,7422.0,7452.0,40601.0,465674.0,464147.0
2024-01-29 14:30:00,7452.0,7456.0,7402.0,7412.0,63218.0,464147.0,451223.0
2024-01-29 21:00:00,7406.0,7420.0,7390.0,7406.0,71351.0,451223.0,456175.0
2024-01-29 21:30:00,7406.0,7414.0,7396.0,7402.0,27444.0,456175.0,455467.0
2024-01-29 22:00:00,7402.0,7410.0,7386.0,7406.0,25376.0,455467.0,456104.0
2024-01-29 22:30:00,7406.0,7410.0,7376.0,7386.0,49301.0,456104.0,453671.0
2024-01-30 09:00:00,7366.0,7378.0,7350.0,7354.0,67871.0,453671.0,456579.0
2024-01-30 09:30:00,7354.0,7406.0,7342.0,7394.0,73677.0,456579.0,451309.0
2024-01-30 10:00:00,7394.0,7406.0,7384.0,7388.0,25212.0,451309.0,451121.0
2024-01-30 10:30:00,7386.0,7386.0,7316.0,7322.0,81277.0,451121.0,454169.0
2024-01-30 11:00:00,7322.0,7342.0,7302.0,7318.0,63283.0,454169.0,448852.0
2024-01-30 13:30:00,7320.0,7320.0,7252.0,7260.0,98463.0,448852.0,446810.0
2024-01-30 14:00:00,7260.0,7278.0,7242.0,7244.0,53778.0,446810.0,444987.0
2024-01-30 14:30:00,7244.0,7248.0,7184.0,7196.0,112742.0,444987.0,440738.0
2024-01-30 21:00:00,7186.0,7192.0,7166.0,7178.0,92365.0,440738.0,444407.0
2024-01-30 21:30:00,7178.0,7182.0,7162.0,7174.0,37332.0,444407.0,446195.0
2024-01-30 22:00:00,7174.0,7190.0,7168.0,7184.0,30221.0,446195.0,443227.0
2024-01-30 22:30:00,7184.0,7218.0,7178.0,7204.0,59673.0,443227.0,436856.0
2024-01-31 09:00:00,7254.0,7274.0,7228.0,7238.0,98977.0,436856.0,425437.0
2024-01-31 09:30:00,7238.0,7248.0,7222.0,7224.0,29137.0,425437.0,424055.0
2024-01-31 10:00:00,7224.0,7236.0,7216.0,7232.0,15351.0,424055.0,422661.0
2024-01-31 10:30:00,7232.0,7232.0,7188.0,7202.0,54421.0,422661.0,428519.0
2024-01-31 11:00:00,7202.0,7204.0,7178.0,7184.0,32771.0,428519.0,430299.0
2024-01-31 13:30:00,7180.0,7182.0,7112.0,7122.0,97920.0,430299.0,441144.0
2024-01-31 14:00:00,7122.0,7128.0,7100.0,7108.0,51729.0,441144.0,442527.0
2024-01-31 14:30:00,7108.0,7146.0,7106.0,7138.0,64503.0,442527.0,431057.0
2024-01-31 21:00:00,7120.0,7130.0,7084.0,7108.0,79120.0,431057.0,435830.0
2024-01-31 21:30:00,7108.0,7122.0,7100.0,7118.0,33898.0,435830.0,435965.0
2024-01-31 22:00:00,7118.0,7136.0,7116.0,7126.0,38528.0,435965.0,430475.0
2024-01-31 22:30:00,7126.0,7128.0,7072.0,7086.0,88210.0,430475.0,416065.0
2024-02-01 09:00:00,7090.0,7102.0,7066.0,7080.0,59050.0,416065.0,419595.0
2024-02-01 09:30:00,7080.0,7100.0,7078.0,7086.0,34916.0,419595.0,415413.0
2024-02-01 10:00:00,7086.0,7106.0,7074.0,7098.0,23773.0,415413.0,414543.0
2024-02-01 10:30:00,7098.0,7118.0,7086.0,7112.0,44296.0,414543.0,409960.0
2024-02-01 11:00:00,7112.0,7122.0,7100.0,7120.0,29499.0,409960.0,408624.0
2024-02-01 13:30:00,7118.0,7124.0,7084.0,7102.0,43424.0,408624.0,409064.0
2024-02-01 14:00:00,7102.0,7118.0,7086.0,7092.0,32155.0,409064.0,408647.0
2024-02-01 14:30:00,7092.0,7124.0,7090.0,7118.0,36547.0,408647.0,400478.0
2024-02-01 21:00:00,7116.0,7142.0,7104.0,7126.0,65594.0,400478.0,399733.0
2024-02-01 21:30:00,7126.0,7132.0,7108.0,7116.0,35717.0,399733.0,402320.0
2024-02-01 22:00:00,7116.0,7118.0,7096.0,7110.0,24838.0,402320.0,403327.0
2024-02-01 22:30:00,7110.0,7122.0,7102.0,7120.0,33696.0,403327.0,401776.0
2024-02-02 09:00:00,7102.0,7112.0,7082.0,7092.0,55101.0,401776.0,402524.0
2024-02-02 09:30:00,7092.0,7104.0,7062.0,7074.0,51380.0,402524.0,403550.0
2024-02-02 10:00:00,7074.0,7076.0,7054.0,7060.0,21660.0,403550.0,403362.0
2024-02-02 10:30:00,7058.0,7090.0,7050.0,7080.0,46641.0,403362.0,403682.0
2024-02-02 11:00:00,7080.0,7092.0,7058.0,7070.0,33311.0,403682.0,401040.0
2024-02-02 13:30:00,7068.0,7070.0,7032.0,7048.0,38790.0,401040.0,405098.0
2024-02-02 14:00:00,7048.0,7050.0,7008.0,7048.0,59116.0,405098.0,406312.0
2024-02-02 14:30:00,7048.0,7076.0,7042.0,7052.0,62121.0,406312.0,393036.0
2024-02-02 21:00:00,7052.0,7058.0,7032.0,7052.0,49035.0,393036.0,394490.0
2024-02-02 21:30:00,7052.0,7054.0,7032.0,7040.0,25493.0,394490.0,396048.0
2024-02-02 22:00:00,7040.0,7042.0,7014.0,7022.0,26166.0,396048.0,399405.0
2024-02-02 22:30:00,7022.0,7032.0,6990.0,7020.0,61474.0,399405.0,394184.0
2024-02-05 09:00:00,7014.0,7084.0,7004.0,7066.0,87700.0,394184.0,390484.0
2024-02-05 09:30:00,7066.0,7070.0,7044.0,7058.0,34527.0,390484.0,392021.0
2024-02-05 10:00:00,7058.0,7064.0,7030.0,7040.0,17391.0,392021.0,391640.0
2024-02-05 10:30:00,7040.0,7066.0,7032.0,7046.0,32955.0,391640.0,391142.0
2024-02-05 11:00:00,7046.0,7080.0,7044.0,7058.0,32851.0,391142.0,389737.0
2024-02-05 13:30:00,7064.0,7072.0,7048.0,7056.0,30322.0,389737.0,390866.0
2024-02-05 14:00:00,7056.0,7058.0,7050.0,7052.0,11464.0,390866.0,390607.0
2024-02-05 14:30:00,7052.0,7060.0,7038.0,7054.0,27267.0,390607.0,387615.0
2024-02-05 21:00:00,7068.0,7076.0,7046.0,7064.0,51876.0,387615.0,390834.0
2024-02-05 21:30:00,7064.0,7084.0,7056.0,7060.0,33470.0,390834.0,390962.0
2024-02-05 22:00:00,7060.0,7070.0,7056.0,7070.0,17338.0,390962.0,391639.0
2024-02-05 22:30:00,7070.0,7080.0,7058.0,7078.0,35585.0,391639.0,387858.0
2024-02-06 09:00:00,7108.0,7118.0,7086.0,7104.0,60681.0,387858.0,387821.0
2024-02-06 09:30:00,7104.0,7146.0,7096.0,7138.0,49936.0,387821.0,387369.0
2024-02-06 10:00:00,7138.0,7146.0,7132.0,7140.0,16096.0,387369.0,385892.0
2024-02-06 10:30:00,7140.0,7166.0,7104.0,7116.0,66248.0,385892.0,383082.0
2024-02-06 11:00:00,7116.0,7120.0,7088.0,7092.0,38193.0,383082.0,383562.0
2024-02-06 13:30:00,7114.0,7130.0,7110.0,7118.0,35010.0,383562.0,383058.0
2024-02-06 14:00:00,7118.0,7118.0,7094.0,7096.0,21606.0,383058.0,384031.0
2024-02-06 14:30:00,7096.0,7114.0,7082.0,7114.0,40694.0,384031.0,381346.0
2024-02-06 21:00:00,7134.0,7152.0,7126.0,7144.0,52470.0,381346.0,379036.0
2024-02-06 21:30:00,7144.0,7148.0,7132.0,7142.0,19760.0,379036.0,379828.0
2024-02-06 22:00:00,7142.0,7154.0,7134.0,7148.0,16559.0,379828.0,378907.0
2024-02-06 22:30:00,7148.0,7152.0,7136.0,7150.0,25160.0,378907.0,374854.0
2024-02-07 09:00:00,7148.0,7156.0,7118.0,7126.0,39758.0,374854.0,375062.0
2024-02-07 09:30:00,7126.0,7140.0,7112.0,7126.0,23423.0,375062.0,373045.0
2024-02-07 10:00:00,7126.0,7144.0,7120.0,7140.0,10579.0,373045.0,372439.0
2024-02-07 10:30:00,7138.0,7138.0,7068.0,7088.0,58624.0,372439.0,371398.0
2024-02-07 11:00:00,7088.0,7090.0,7056.0,7078.0,42273.0,371398.0,371211.0
2024-02-07 13:30:00,7078.0,7078.0,7044.0,7058.0,34327.0,371211.0,373894.0
2024-02-07 14:00:00,7058.0,7078.0,7056.0,7072.0,17967.0,373894.0,372438.0
2024-02-07 14:30:00,7072.0,7122.0,7070.0,7110.0,42106.0,372438.0,365477.0
2024-02-07 21:00:00,7124.0,7140.0,7106.0,7128.0,54291.0,365477.0,363957.0
2024-02-07 21:30:00,7128.0,7128.0,7110.0,7110.0,15910.0,363957.0,363095.0
2024-02-07 22:00:00,7110.0,7118.0,7090.0,7094.0,22185.0,363095.0,362084.0
2024-02-07 22:30:00,7094.0,7106.0,7070.0,7104.0,33587.0,362084.0,360236.0
2024-02-08 09:00:00,7138.0,7168.0,7122.0,7152.0,60193.0,360236.0,360435.0
2024-02-08 09:30:00,7152.0,7190.0,7138.0,7182.0,38031.0,360435.0,359011.0
2024-02-08 10:00:00,7182.0,7188.0,7166.0,7182.0,16403.0,359011.0,358592.0
2024-02-08 10:30:00,7180.0,7182.0,7160.0,7176.0,22369.0,358592.0,357027.0
2024-02-08 11:00:00,7176.0,7208.0,7176.0,7190.0,27737.0,357027.0,355795.0
2024-02-08 13:30:00,7188.0,7188.0,7152.0,7176.0,29105.0,355795.0,351932.0
2024-02-08 14:00:00,7176.0,7198.0,7172.0,7190.0,22163.0,351932.0,350128.0
2024-02-08 14:30:00,7190.0,7228.0,7188.0,7216.0,37872.0,350128.0,338407.0
2024-02-19 09:00:00,7176.0,7236.0,7118.0,7216.0,98825.0,338407.0,345676.0
2024-02-19 09:30:00,7216.0,7260.0,7176.0,7252.0,50876.0,345676.0,345936.0
2024-02-19 10:00:00,7252.0,7264.0,7246.0,7256.0,18558.0,345936.0,347467.0
2024-02-19 10:30:00,7258.0,7262.0,7196.0,7224.0,46483.0,347467.0,345936.0
2024-02-19 11:00:00,7224.0,7248.0,7208.0,7244.0,30223.0,345936.0,346035.0
2024-02-19 13:30:00,7242.0,7258.0,7240.0,7256.0,18688.0,346035.0,346740.0
2024-02-19 14:00:00,7256.0,7272.0,7254.0,7268.0,19348.0,346740.0,348935.0
2024-02-19 14:30:00,7268.0,7280.0,7258.0,7270.0,23643.0,348935.0,346608.0
2024-02-19 21:00:00,7284.0,7320.0,7274.0,7320.0,59010.0,346608.0,358987.0
2024-02-19 21:30:00,7320.0,7350.0,7320.0,7348.0,39128.0,358987.0,363022.0
2024-02-19 22:00:00,7348.0,7368.0,7342.0,7352.0,35134.0,363022.0,367929.0
2024-02-19 22:30:00,7352.0,7356.0,7338.0,7348.0,29235.0,367929.0,364496.0
2024-02-20 09:00:00,7346.0,7354.0,7312.0,7324.0,51762.0,364496.0,368565.0
2024-02-20 09:30:00,7324.0,7342.0,7320.0,7334.0,24300.0,368565.0,369697.0
2024-02-20 10:00:00,7334.0,7342.0,7324.0,7326.0,9116.0,369697.0,370128.0
2024-02-20 10:30:00,7328.0,7334.0,7308.0,7312.0,30425.0,370128.0,368581.0
2024-02-20 11:00:00,7312.0,7332.0,7308.0,7324.0,26757.0,368581.0,368311.0
2024-02-20 13:30:00,7324.0,7332.0,7316.0,7324.0,20911.0,368311.0,370885.0
2024-02-20 14:00:00,7324.0,7340.0,7318.0,7320.0,19410.0,370885.0,371933.0
2024-02-20 14:30:00,7320.0,7326.0,7310.0,7320.0,28523.0,371933.0,368889.0
2024-02-20 21:00:00,7312.0,7360.0,7312.0,7358.0,59779.0,368889.0,377399.0
2024-02-20 21:30:00,7358.0,7376.0,7352.0,7366.0,33749.0,377399.0,379673.0
2024-02-20 22:00:00,7366.0,7378.0,7364.0,7374.0,27744.0,379673.0,383725.0
2024-02-20 22:30:00,7374.0,7374.0,7354.0,7356.0,32381.0,383725.0,379416.0
2024-02-21 09:00:00,7344.0,7352.0,7326.0,7344.0,51228.0,379416.0,380209.0
2024-02-21 09:30:00,7344.0,7372.0,7342.0,7372.0,28999.0,380209.0,384208.0
2024-02-21 10:00:00,7372.0,7382.0,7366.0,7368.0,18282.0,384208.0,386498.0
2024-02-21 10:30:00,7368.0,7396.0,7366.0,7390.0,40141.0,386498.0,390229.0
2024-02-21 11:00:00,7390.0,7402.0,7372.0,7382.0,36274.0,390229.0,388667.0
2024-02-21 13:30:00,7386.0,7390.0,7376.0,7378.0,23044.0,388667.0,390868.0
2024-02-21 14:00:00,7378.0,7394.0,7374.0,7392.0,20008.0,390868.0,392716.0
2024-02-21 14:30:00,7392.0,7412.0,7372.0,7382.0,61303.0,392716.0,390207.0
2024-02-21 21:00:00,7356.0,7396.0,7352.0,7370.0,66165.0,390207.0,393090.0
2024-02-21 21:30:00,7370.0,7376.0,7360.0,7372.0,21975.0,393090.0,392823.0
2024-02-21 22:00:00,7372.0,7380.0,7352.0,7354.0,30111.0,392823.0,392385.0
2024-02-21 22:30:00,7354.0,7378.0,7344.0,7366.0,38929.0,392385.0,390530.0
2024-02-22 09:00:00,7356.0,7368.0,7328.0,7362.0,54598.0,390530.0,393963.0
2024-02-22 09:30:00,7362.0,7376.0,7358.0,7370.0,22542.0,393963.0,395586.0
2024-02-22 10:00:00,7370.0,7376.0,7352.0,7358.0,13035.0,395586.0,394791.0
2024-02-22 10:30:00,7358.0,7394.0,7346.0,7380.0,49076.0,394791.0,397237.0
2024-02-22 11:00:00,7380.0,7390.0,7370.0,7372.0,20764.0,397237.0,395320.0
2024-02-22 13:30:00,7384.0,7394.0,7352.0,7352.0,45038.0,395320.0,392937.0
2024-02-22 14:00:00,7352.0,7374.0,7320.0,7336.0,73156.0,392937.0,387311.0
2024-02-22 14:30:00,7336.0,7354.0,7312.0,7350.0,65914.0,387311.0,383667.0
2024-02-22 21:00:00,7324.0,7330.0,7272.0,7286.0,110890.0,383667.0,383888.0
2024-02-22 21:30:00,7286.0,7288.0,7262.0,7264.0,37761.0,383888.0,384043.0
2024-02-22 22:00:00,7264.0,7296.0,7256.0,7288.0,49912.0,384043.0,382500.0
2024-02-22 22:30:00,7288.0,7312.0,7282.0,7304.0,52315.0,382500.0,378115.0
2024-02-23 09:00:00,7282.0,7288.0,7264.0,7274.0,43873.0,378115.0,377843.0
2024-02-23 09:30:00,7274.0,7294.0,7268.0,7270.0,27516.0,377843.0,378294.0
2024-02-23 10:00:00,7270.0,7290.0,7268.0,7284.0,11467.0,378294.0,378568.0
2024-02-23 10:30:00,7282.0,7290.0,7250.0,7260.0,52213.0,378568.0,381560.0
2024-02-23 11:00:00,7260.0,7274.0,7252.0,7268.0,23623.0,381560.0,379446.0
2024-02-23 13:30:00,7268.0,7284.0,7266.0,7282.0,23758.0,379446.0,377766.0
2024-02-23 14:00:00,7282.0,7294.0,7272.0,7290.0,25575.0,377766.0,375926.0
2024-02-23 14:30:00,7290.0,7304.0,7284.0,7294.0,31897.0,375926.0,371042.0
2024-02-23 21:00:00,7288.0,7310.0,7280.0,7284.0,50105.0,371042.0,373133.0
2024-02-23 21:30:00,7284.0,7286.0,7262.0,7276.0,34406.0,373133.0,375289.0
2024-02-23 22:00:00,7276.0,7286.0,7262.0,7264.0,21624.0,375289.0,373925.0
2024-02-23 22:30:00,7264.0,7300.0,7258.0,7300.0,39372.0,373925.0,373080.0
2024-02-26 09:00:00,7292.0,7328.0,7284.0,7316.0,78257.0,373080.0,378183.0
2024-02-26 09:30:00,7316.0,7318.0,7272.0,7276.0,49975.0,378183.0,375007.0
2024-02-26 10:00:00,7276.0,7290.0,7274.0,7278.0,14511.0,375007.0,374269.0
2024-02-26 10:30:00,7278.0,7326.0,7278.0,7288.0,61349.0,374269.0,373369.0
2024-02-26 11:00:00,7288.0,7290.0,7262.0,7280.0,43846.0,373369.0,371501.0
2024-02-26 13:30:00,7282.0,7294.0,7274.0,7276.0,22388.0,371501.0,371006.0
2024-02-26 14:00:00,7276.0,7286.0,7230.0,7250.0,54918.0,371006.0,371391.0
2024-02-26 14:30:00,7250.0,7278.0,7248.0,7274.0,51340.0,371391.0,368342.0
2024-02-26 21:00:00,7280.0,7320.0,7274.0,7316.0,72591.0,368342.0,379535.0
2024-02-26 21:30:00,7316.0,7338.0,7310.0,7324.0,50215.0,379535.0,380147.0
2024-02-26 22:00:00,7324.0,7328.0,7312.0,7314.0,22503.0,380147.0,378116.0
2024-02-26 22:30:00,7314.0,7336.0,7310.0,7334.0,37146.0,378116.0,375251.0
2024-02-27 09:00:00,7336.0,7376.0,7336.0,7356.0,78670.0,375251.0,382261.0
2024-02-27 09:30:00,7356.0,7370.0,7354.0,7368.0,28482.0,382261.0,387019.0
2024-02-27 10:00:00,7368.0,7370.0,7354.0,7360.0,9963.0,387019.0,387050.0
2024-02-27 10:30:00,7360.0,7362.0,7340.0,7342.0,27799.0,387050.0,386358.0
2024-02-27 11:00:00,7342.0,7358.0,7332.0,7354.0,25314.0,386358.0,384369.0
2024-02-27 13:30:00,7354.0,7362.0,7344.0,7348.0,22802.0,384369.0,383569.0
2024-02-27 14:00:00,7348.0,7358.0,7340.0,7356.0,19111.0,383569.0,382094.0
2024-02-27 14:30:00,7356.0,7368.0,7350.0,7360.0,33501.0,382094.0,377206.0
2024-02-27 21:00:00,7382.0,7406.0,7382.0,7392.0,72164.0,377206.0,383829.0
2024-02-27 21:30:00,7392.0,7398.0,7386.0,7392.0,20959.0,383829.0,385073.0
2024-02-27 22:00:00,7392.0,7400.0,7392.0,7394.0,14848.0,385073.0,385732.0
2024-02-27 22:30:00,7394.0,7416.0,7388.0,7406.0,49198.0,385732.0,383506.0
2024-02-28 09:00:00,7390.0,7400.0,7372.0,7394.0,50910.0,383506.0,383755.0
2024-02-28 09:30:00,7394.0,7398.0,7382.0,7384.0,19441.0,383755.0,384739.0
2024-02-28 10:00:00,7384.0,7390.0,7364.0,7378.0,17566.0,384739.0,383455.0
2024-02-28 10:30:00,7376.0,7436.0,7376.0,7432.0,65963.0,383455.0,391959.0
2024-02-28 11:00:00,7432.0,7436.0,7400.0,7412.0,31170.0,391959.0,390982.0
2024-02-28 13:30:00,7404.0,7418.0,7400.0,7414.0,26070.0,390982.0,391866.0
2024-02-28 14:00:00,7414.0,7420.0,7400.0,7408.0,17565.0,391866.0,392991.0
2024-02-28 14:30:00,7408.0,7416.0,7384.0,7392.0,39919.0,392991.0,387860.0
2024-02-28 21:00:00,7386.0,7426.0,7380.0,7420.0,58869.0,387860.0,402161.0
2024-02-28 21:30:00,7420.0,7430.0,7414.0,7416.0,35509.0,402161.0,407976.0
2024-02-28 22:00:00,7416.0,7442.0,7412.0,7432.0,32534.0,407976.0,413193.0
2024-02-28 22:30:00,7432.0,7436.0,7418.0,7434.0,34620.0,413193.0,413306.0
2024-02-29 09:00:00,7430.0,7448.0,7426.0,7434.0,41150.0,413306.0,419086.0
2024-02-29 09:30:00,7434.0,7474.0,7432.0,7450.0,59763.0,419086.0,425526.0
2024-02-29 10:00:00,7450.0,7476.0,7446.0,7474.0,18670.0,425526.0,425175.0
2024-02-29 10:30:00,7478.0,7494.0,7458.0,7490.0,49015.0,425175.0,432725.0
2024-02-29 11:00:00,7490.0,7492.0,7456.0,7456.0,40810.0,432725.0,431277.0
2024-02-29 13:30:00,7456.0,7460.0,7442.0,7456.0,33274.0,431277.0,429510.0
2024-02-29 14:00:00,7456.0,7464.0,7446.0,7460.0,17025.0,429510.0,429221.0
2024-02-29 14:30:00,7460.0,7478.0,7460.0,7478.0,31647.0,429221.0,429006.0
2024-02-29 21:00:00,7484.0,7516.0,7478.0,7494.0,84037.0,429006.0,439516.0
2024-02-29 21:30:00,7494.0,7508.0,7492.0,7508.0,22882.0,439516.0,440427.0
2024-02-29 22:00:00,7508.0,7510.0,7488.0,7492.0,18231.0,440427.0,439314.0
2024-02-29 22:30:00,7492.0,7494.0,7470.0,7474.0,48476.0,439314.0,434055.0
2024-03-01 09:00:00,7488.0,7512.0,7484.0,7504.0,40854.0,434055.0,435135.0
2024-03-01 09:30:00,7504.0,7520.0,7502.0,7518.0,30570.0,435135.0,439761.0
2024-03-01 10:00:00,7518.0,7524.0,7510.0,7512.0,12620.0,439761.0,439635.0
2024-03-01 10:30:00,7512.0,7552.0,7510.0,7534.0,58638.0,439635.0,452092.0
2024-03-01 11:00:00,7534.0,7548.0,7528.0,7540.0,24569.0,452092.0,451244.0
2024-03-01 13:30:00,7540.0,7568.0,7538.0,7568.0,41170.0,451244.0,459285.0
2024-03-01 14:00:00,7568.0,7570.0,7552.0,7558.0,27794.0,459285.0,461758.0
2024-03-01 14:30:00,7558.0,7566.0,7542.0,7562.0,45365.0,461758.0,463721.0
2024-03-01 21:00:00,7558.0,7560.0,7532.0,7538.0,51185.0,463721.0,465581.0
2024-03-01 21:30:00,7538.0,7546.0,7528.0,7542.0,24737.0,465581.0,463865.0
2024-03-01 22:00:00,7542.0,7548.0,7518.0,7522.0,30277.0,463865.0,460792.0
2024-03-01 22:30:00,7522.0,7528.0,7506.0,7512.0,43330.0,460792.0,456509.0
2024-03-04 09:00:00,7524.0,7556.0,7522.0,7526.0,62793.0,456509.0,452619.0
2024-03-04 09:30:00,7526.0,7530.0,7506.0,7528.0,39467.0,452619.0,451632.0
2024-03-04 10:00:00,7528.0,7528.0,7500.0,7512.0,22307.0,451632.0,450456.0
2024-03-04 10:30:00,7512.0,7524.0,7492.0,7500.0,43583.0,450456.0,450497.0
2024-03-04 11:00:00,7500.0,7512.0,7484.0,7502.0,32002.0,450497.0,447992.0
2024-03-04 13:30:00,7498.0,7512.0,7490.0,7494.0,25957.0,447992.0,448108.0
2024-03-04 14:00:00,7494.0,7508.0,7488.0,7508.0,19466.0,448108.0,447647.0
2024-03-04 14:30:00,7508.0,7532.0,7504.0,7522.0,35785.0,447647.0,447318.0
2024-03-04 21:00:00,7492.0,7504.0,7464.0,7468.0,84005.0,447318.0,453757.0
2024-03-04 21:30:00,7468.0,7478.0,7456.0,7466.0,33281.0,453757.0,453616.0
2024-03-04 22:00:00,7466.0,7480.0,7466.0,7472.0,22290.0,453616.0,451396.0
2024-03-04 22:30:00,7472.0,7488.0,7470.0,7478.0,30231.0,451396.0,448552.0
2024-03-05 09:00:00,7470.0,7508.0,7464.0,7504.0,42571.0,448552.0,447538.0
2024-03-05 09:30:00,7504.0,7516.0,7490.0,7510.0,37631.0,447538.0,448999.0
2024-03-05 10:00:00,7510.0,7514.0,7494.0,7502.0,13219.0,448999.0,448991.0
2024-03-05 10:30:00,7500.0,7520.0,7458.0,7512.0,64655.0,448991.0,450583.0
2024-03-05 11:00:00,7512.0,7528.0,7506.0,7516.0,39353.0,450583.0,453304.0
2024-03-05 13:30:00,7512.0,7558.0,7510.0,7536.0,51779.0,453304.0,458176.0
2024-03-05 14:00:00,7536.0,7550.0,7526.0,7530.0,30948.0,458176.0,456194.0
2024-03-05 14:30:00,7530.0,7544.0,7514.0,7534.0,36554.0,456194.0,453515.0
2024-03-05 21:00:00,7526.0,7562.0,7518.0,7534.0,68666.0,453515.0,458543.0
2024-03-05 21:30:00,7534.0,7544.0,7528.0,7540.0,24373.0,458543.0,458475.0
2024-03-05 22:00:00,7540.0,7552.0,7534.0,7548.0,20021.0,458475.0,459785.0
2024-03-05 22:30:00,7548.0,7616.0,7542.0,7610.0,104860.0,459785.0,469814.0
2024-03-06 09:00:00,7594.0,7636.0,7586.0,7610.0,84536.0,469814.0,480367.0
2024-03-06 09:30:00,7610.0,7624.0,7596.0,7606.0,44587.0,480367.0,479401.0
2024-03-06 10:00:00,7606.0,7608.0,7586.0,7596.0,20163.0,479401.0,476962.0
2024-03-06 10:30:00,7596.0,7640.0,7596.0,7630.0,57516.0,476962.0,489016.0
2024-03-06 11:00:00,7630.0,7658.0,7624.0,7646.0,48353.0,489016.0,494628.0
2024-03-06 13:30:00,7646.0,7672.0,7638.0,7664.0,38173.0,494628.0,500841.0
2024-03-06 14:00:00,7664.0,7680.0,7662.0,7668.0,33734.0,500841.0,502385.0
2024-03-06 14:30:00,7668.0,7684.0,7648.0,7662.0,63345.0,502385.0,500378.0
2024-03-06 21:00:00,7700.0,7734.0,7690.0,7698.0,123057.0,500378.0,500209.0
2024-03-06 21:30:00,7698.0,7708.0,7672.0,7676.0,57083.0,500209.0,499417.0
2024-03-06 22:00:00,7676.0,7694.0,7672.0,7674.0,29870.0,499417.0,500457.0
2024-03-06 22:30:00,7674.0,7686.0,7666.0,7676.0,40732.0,500457.0,495968.0
2024-03-07 09:00:00,7682.0,7684.0,7662.0,7676.0,49867.0,495968.0,498590.0
2024-03-07 09:30:00,7676.0,7690.0,7672.0,7688.0,28268.0,498590.0,499871.0
2024-03-07 10:00:00,7688.0,7694.0,7680.0,7692.0,10496.0,499871.0,501091.0
2024-03-07 10:30:00,7690.0,7706.0,7670.0,7688.0,45779.0,501091.0,501751.0
2024-03-07 11:00:00,7688.0,7690.0,7650.0,7656.0,40154.0,501751.0,496920.0
2024-03-07 13:30:00,7662.0,7680.0,7658.0,7664.0,36320.0,496920.0,494179.0
2024-03-07 14:00:00,7664.0,7704.0,7660.0,7698.0,34810.0,494179.0,498445.0
2024-03-07 14:30:00,7698.0,7710.0,7672.0,7682.0,51336.0,498445.0,495397.0
2024-03-07 21:00:00,7714.0,7742.0,7702.0,7724.0,76564.0,495397.0,504008.0
2024-03-07 21:30:00,7724.0,7730.0,7706.0,7710.0,25997.0,504008.0,505139.0
2024-03-07 22:00:00,7710.0,7712.0,7686.0,7688.0,27595.0,505139.0,503112.0
2024-03-07 22:30:00,7688.0,7712.0,7684.0,7708.0,34792.0,503112.0,499369.0
2024-03-08 09:00:00,7726.0,7750.0,7720.0,7736.0,61850.0,499369.0,505986.0
2024-03-08 09:30:00,7736.0,7780.0,7734.0,7774.0,73545.0,505986.0,515013.0
2024-03-08 10:00:00,7774.0,7788.0,7766.0,7784.0,24314.0,515013.0,516857.0
2024-03-08 10:30:00,7784.0,7784.0,7720.0,7730.0,78183.0,516857.0,507159.0
2024-03-08 11:00:00,7730.0,7748.0,7702.0,7734.0,68083.0,507159.0,501013.0
2024-03-08 13:30:00,7744.0,7802.0,7744.0,7794.0,72347.0,501013.0,515343.0
2024-03-08 14:00:00,7794.0,7812.0,7792.0,7796.0,48413.0,515343.0,522464.0
2024-03-08 14:30:00,7796.0,7820.0,7786.0,7818.0,65180.0,522464.0,516294.0
2024-03-08 21:00:00,7774.0,7792.0,7764.0,7774.0,78476.0,516294.0,509681.0
2024-03-08 21:30:00,7774.0,7790.0,7770.0,7774.0,31208.0,509681.0,508540.0
2024-03-08 22:00:00,7774.0,7784.0,7768.0,7772.0,23367.0,508540.0,507480.0
2024-03-08 22:30:00,7772.0,7776.0,7760.0,7764.0,36939.0,507480.0,499756.0
2024-03-11 09:00:00,7798.0,7806.0,7740.0,7772.0,80989.0,499756.0,498939.0
2024-03-11 09:30:00,7772.0,7794.0,7762.0,7782.0,55930.0,498939.0,503479.0
2024-03-11 10:00:00,7782.0,7790.0,7764.0,7788.0,15745.0,503479.0,503794.0
2024-03-11 10:30:00,7786.0,7792.0,7750.0,7760.0,43314.0,503794.0,503563.0
2024-03-11 11:00:00,7760.0,7780.0,7752.0,7774.0,25405.0,503563.0,503795.0
2024-03-11 13:30:00,7780.0,7788.0,7750.0,7760.0,40312.0,503795.0,503741.0
2024-03-11 14:00:00,7760.0,7780.0,7756.0,7762.0,25824.0,503741.0,503695.0
2024-03-11 14:30:00,7762.0,7770.0,7728.0,7768.0,65430.0,503695.0,498609.0
2024-03-11 21:00:00,7800.0,7856.0,7792.0,7808.0,108474.0,498609.0,507664.0
2024-03-11 21:30:00,7808.0,7818.0,7792.0,7816.0,39466.0,507664.0,508926.0
2024-03-11 22:00:00,7816.0,7822.0,7788.0,7792.0,43351.0,508926.0,506094.0
2024-03-11 22:30:00,7792.0,7850.0,7792.0,7830.0,52733.0,506094.0,503415.0
2024-03-12 09:00:00,7834.0,7844.0,7818.0,7828.0,36608.0,503415.0,505510.0
2024-03-12 09:30:00,7828.0,7830.0,7776.0,7790.0,56036.0,505510.0,501344.0
2024-03-12 10:00:00,7790.0,7802.0,7778.0,7786.0,19725.0,501344.0,501454.0
2024-03-12 10:30:00,7788.0,7816.0,7782.0,7810.0,36569.0,501454.0,502737.0
2024-03-12 11:00:00,7810.0,7822.0,7784.0,7820.0,33690.0,502737.0,502258.0
2024-03-12 13:30:00,7834.0,7868.0,7818.0,7836.0,74814.0,502258.0,508117.0
2024-03-12 14:00:00,7836.0,7842.0,7822.0,7834.0,27325.0,508117.0,508798.0
2024-03-12 14:30:00,7834.0,7872.0,7832.0,7852.0,66827.0,508798.0,509281.0
2024-03-12 21:00:00,7830.0,7834.0,7808.0,7810.0,61898.0,509281.0,507712.0
2024-03-12 21:30:00,7810.0,7836.0,7804.0,7836.0,52650.0,507712.0,507058.0
2024-03-12 22:00:00,7836.0,7844.0,7826.0,7832.0,33934.0,507058.0,509874.0
2024-03-12 22:30:00,7832.0,7870.0,7832.0,7866.0,52671.0,509874.0,510739.0
2024-03-13 09:00:00,7878.0,7900.0,7862.0,7894.0,69365.0,510739.0,523665.0
2024-03-13 09:30:00,7894.0,7904.0,7868.0,7870.0,45819.0,523665.0,521701.0
2024-03-13 10:00:00,7870.0,7876.0,7850.0,7860.0,29668.0,521701.0,518031.0
2024-03-13 10:30:00,7860.0,7880.0,7840.0,7846.0,69199.0,518031.0,518897.0
2024-03-13 11:00:00,7846.0,7864.0,7834.0,7860.0,39231.0,518897.0,518096.0
2024-03-13 13:30:00,7856.0,7876.0,7848.0,7866.0,31697.0,518096.0,519911.0
2024-03-13 14:00:00,7866.0,7872.0,7856.0,7858.0,17528.0,519911.0,520165.0
2024-03-13 14:30:00,7858.0,7904.0,7848.0,7900.0,68476.0,520165.0,524641.0
2024-03-13 21:00:00,7942.0,7956.0,7928.0,7950.0,110046.0,524641.0,538498.0
2024-03-13 21:30:00,7950.0,7966.0,7920.0,7928.0,77032.0,538498.0,538312.0
2024-03-13 22:00:00,7928.0,7960.0,7918.0,7952.0,49217.0,538312.0,542415.0
2024-03-13 22:30:00,7952.0,7960.0,7940.0,7950.0,41116.0,542415.0,539148.0
2024-03-14 09:00:00,7960.0,8018.0,7960.0,7990.0,98550.0,539148.0,552173.0
2024-03-14 09:30:00,7990.0,8054.0,7990.0,8046.0,77864.0,552173.0,555974.0
2024-03-14 10:00:00,8046.0,8086.0,8040.0,8076.0,63754.0,555974.0,557734.0
2024-03-14 10:30:00,8074.0,8144.0,8056.0,8122.0,120459.0,557734.0,561707.0
2024-03-14 11:00:00,8122.0,8132.0,8088.0,8088.0,76920.0,561707.0,553054.0
2024-03-14 13:30:00,8084.0,8128.0,8072.0,8124.0,71844.0,553054.0,551749.0
2024-03-14 14:00:00,8124.0,8156.0,8110.0,8130.0,84576.0,551749.0,548749.0
2024-03-14 14:30:00,8130.0,8172.0,8118.0,8132.0,113568.0,548749.0,537156.0
2024-03-14 21:00:00,8120.0,8150.0,8108.0,8140.0,89450.0,537156.0,539602.0
2024-03-14 21:30:00,8140.0,8192.0,8140.0,8188.0,74506.0,539602.0,545428.0
2024-03-14 22:00:00,8188.0,8216.0,8176.0,8186.0,93040.0,545428.0,546528.0
2024-03-14 22:30:00,8186.0,8220.0,8182.0,8208.0,76976.0,546528.0,538296.0
2024-03-15 09:00:00,8182.0,8200.0,8158.0,8184.0,82158.0,538296.0,536369.0
2024-03-15 09:30:00,8184.0,8194.0,8116.0,8124.0,103855.0,536369.0,529694.0
2024-03-15 10:00:00,8124.0,8132.0,8106.0,8124.0,40408.0,529694.0,527165.0
2024-03-15 10:30:00,8124.0,8144.0,8114.0,8122.0,61373.0,527165.0,526145.0
2024-03-15 11:00:00,8122.0,8168.0,8110.0,8140.0,64874.0,526145.0,524870.0
2024-03-15 13:30:00,8134.0,8148.0,8120.0,8136.0,59400.0,524870.0,519190.0
2024-03-15 14:00:00,8136.0,8144.0,8116.0,8132.0,42605.0,519190.0,515484.0
2024-03-15 14:30:00,8132.0,8172.0,8080.0,8084.0,116919.0,515484.0,505051.0
2024-03-15 21:00:00,8066.0,8136.0,8054.0,8118.0,111253.0,505051.0,512422.0
2024-03-15 21:30:00,8118.0,8148.0,8102.0,8126.0,73935.0,512422.0,511208.0
2024-03-15 22:00:00,8126.0,8196.0,8122.0,8178.0,90043.0,511208.0,513872.0
2024-03-15 22:30:00,8178.0,8296.0,8172.0,8296.0,123236.0,513872.0,511545.0
2024-03-18 09:00:00,8330.0,8336.0,8170.0,8200.0,195021.0,511545.0,503651.0
2024-03-18 09:30:00,8200.0,8248.0,8186.0,8212.0,79622.0,503651.0,501934.0
2024-03-18 10:00:00,8212.0,8238.0,8204.0,8228.0,22840.0,501934.0,500714.0
2024-03-18 10:30:00,8234.0,8236.0,8158.0,8180.0,68558.0,500714.0,498934.0
2024-03-18 11:00:00,8180.0,8186.0,8104.0,8132.0,81374.0,498934.0,492001.0
2024-03-18 13:30:00,8136.0,8174.0,8136.0,8150.0,59488.0,492001.0,490977.0
2024-03-18 14:00:00,8150.0,8168.0,8140.0,8152.0,29995.0,490977.0,488453.0
2024-03-18 14:30:00,8152.0,8156.0,8124.0,8132.0,54336.0,488453.0,481285.0
2024-03-18 21:00:00,8130.0,8220.0,8120.0,8208.0,124302.0,481285.0,489153.0
2024-03-18 21:30:00,8208.0,8216.0,8158.0,8168.0,87463.0,489153.0,487342.0
2024-03-18 22:00:00,8168.0,8196.0,8158.0,8188.0,50450.0,487342.0,486932.0
2024-03-18 22:30:00,8188.0,8196.0,8138.0,8154.0,63028.0,486932.0,477575.0
2024-03-19 09:00:00,8158.0,8186.0,8150.0,8180.0,47881.0,477575.0,479028.0
2024-03-19 09:30:00,8180.0,8194.0,8162.0,8192.0,53579.0,479028.0,480544.0
2024-03-19 10:00:00,8192.0,8212.0,8184.0,8202.0,39818.0,480544.0,483050.0
2024-03-19 10:30:00,8200.0,8202.0,8100.0,8128.0,117977.0,483050.0,476161.0
2024-03-19 11:00:00,8128.0,8162.0,8120.0,8144.0,58322.0,476161.0,477363.0
2024-03-19 13:30:00,8138.0,8140.0,8108.0,8116.0,59286.0,477363.0,477971.0
2024-03-19 14:00:00,8116.0,8158.0,8116.0,8152.0,54470.0,477971.0,483548.0
2024-03-19 14:30:00,8152.0,8194.0,8150.0,8180.0,77820.0,483548.0,478421.0
2024-03-19 21:00:00,8124.0,8156.0,8114.0,8138.0,95990.0,478421.0,478882.0
2024-03-19 21:30:00,8138.0,8174.0,8138.0,8148.0,69998.0,478882.0,480700.0
2024-03-19 22:00:00,8148.0,8184.0,8132.0,8174.0,64384.0,480700.0,482176.0
2024-03-19 22:30:00,8174.0,8204.0,8172.0,8184.0,62792.0,482176.0,482824.0
2024-03-20 09:00:00,8168.0,8186.0,8160.0,8160.0,54298.0,482824.0,484999.0
2024-03-20 09:30:00,8160.0,8184.0,8138.0,8158.0,60270.0,484999.0,483720.0
2024-03-20 10:00:00,8158.0,8170.0,8142.0,8168.0,20464.0,483720.0,483491.0
2024-03-20 10:30:00,8168.0,8218.0,8158.0,8204.0,82488.0,483491.0,493126.0
2024-03-20 11:00:00,8204.0,8284.0,8192.0,8280.0,106855.0,493126.0,506090.0
2024-03-20 13:30:00,8282.0,8320.0,8278.0,8304.0,116700.0,506090.0,517253.0
2024-03-20 14:00:00,8304.0,8328.0,8288.0,8314.0,61049.0,517253.0,521182.0
2024-03-20 14:30:00,8314.0,8384.0,8306.0,8362.0,138573.0,521182.0,522129.0
2024-03-20 21:00:00,8364.0,8368.0,8330.0,8354.0,112085.0,522129.0,524350.0
2024-03-20 21:30:00,8354.0,8404.0,8352.0,8382.0,107713.0,524350.0,528894.0
2024-03-20 22:00:00,8382.0,8408.0,8364.0,8390.0,81853.0,528894.0,528682.0
2024-03-20 22:30:00,8390.0,8406.0,8376.0,8392.0,66291.0,528682.0,523243.0
2024-03-21 09:00:00,8434.0,8462.0,8312.0,8326.0,218555.0,523243.0,504861.0
2024-03-21 09:30:00,8326.0,8342.0,8300.0,8336.0,94243.0,504861.0,497712.0
2024-03-21 10:00:00,8336.0,8354.0,8332.0,8348.0,33299.0,497712.0,498217.0
2024-03-21 10:30:00,8346.0,8358.0,8322.0,8334.0,51585.0,498217.0,496456.0
2024-03-21 11:00:00,8334.0,8350.0,8318.0,8338.0,38468.0,496456.0,493215.0
2024-03-21 13:30:00,8336.0,8376.0,8336.0,8368.0,51228.0,493215.0,494261.0
2024-03-21 14:00:00,8368.0,8374.0,8332.0,8344.0,41686.0,494261.0,491552.0
2024-03-21 14:30:00,8344.0,8344.0,8256.0,8284.0,118017.0,491552.0,477231.0
2024-03-21 21:00:00,8272.0,8368.0,8272.0,8364.0,121977.0,477231.0,495041.0
2024-03-21 21:30:00,8364.0,8394.0,8344.0,8376.0,112097.0,495041.0,500528.0
2024-03-21 22:00:00,8376.0,8396.0,8360.0,8360.0,75172.0,500528.0,504655.0
2024-03-21 22:30:00,8360.0,8368.0,8320.0,8338.0,109463.0,504655.0,493545.0
2024-03-22 09:00:00,8348.0,8368.0,8324.0,8358.0,73656.0,493545.0,499512.0
2024-03-22 09:30:00,8358.0,8372.0,8296.0,8302.0,83622.0,499512.0,496418.0
2024-03-22 10:00:00,8302.0,8330.0,8242.0,8262.0,77468.0,496418.0,491803.0
2024-03-22 10:30:00,8264.0,8296.0,8254.0,8294.0,70461.0,491803.0,492629.0
2024-03-22 11:00:00,8294.0,8338.0,8282.0,8284.0,82328.0,492629.0,493474.0
2024-03-22 13:30:00,8294.0,8310.0,8276.0,8290.0,57195.0,493474.0,492941.0
2024-03-22 14:00:00,8290.0,8328.0,8288.0,8294.0,49555.0,492941.0,492442.0
2024-03-22 14:30:00,8294.0,8296.0,8242.0,8262.0,89131.0,492442.0,481694.0
2024-03-22 21:00:00,8266.0,8300.0,8236.0,8294.0,127701.0,481694.0,492868.0
2024-03-22 21:30:00,8294.0,8342.0,8262.0,8294.0,123461.0,492868.0,493982.0
2024-03-22 22:00:00,8294.0,8322.0,8258.0,8272.0,93430.0,493982.0,494801.0
2024-03-22 22:30:00,8272.0,8272.0,8222.0,8256.0,103449.0,494801.0,483884.0
2024-03-25 09:00:00,8244.0,8312.0,8186.0,8304.0,145547.0,483884.0,494931.0
2024-03-25 09:30:00,8304.0,8358.0,8300.0,8334.0,102928.0,494931.0,505370.0
2024-03-25 10:00:00,8334.0,8334.0,8292.0,8302.0,46349.0,505370.0,503161.0
2024-03-25 10:30:00,8302.0,8302.0,8248.0,8274.0,105851.0,503161.0,495886.0
2024-03-25 11:00:00,8274.0,8356.0,8274.0,8344.0,98321.0,495886.0,508612.0
2024-03-25 13:30:00,8348.0,8386.0,8348.0,8370.0,89071.0,508612.0,519293.0
2024-03-25 14:00:00,8370.0,8378.0,8336.0,8374.0,63460.0,519293.0,516386.0
2024-03-25 14:30:00,8374.0,8382.0,8340.0,8372.0,73484.0,516386.0,508539.0
2024-03-25 21:00:00,8388.0,8410.0,8354.0,8372.0,139925.0,508539.0,512989.0
2024-03-25 21:30:00,8372.0,8390.0,8360.0,8384.0,74457.0,512989.0,512548.0
2024-03-25 22:00:00,8384.0,8388.0,8344.0,8362.0,74452.0,512548.0,508032.0
2024-03-25 22:30:00,8362.0,8404.0,8356.0,8402.0,69012.0,508032.0,504471.0
2024-03-26 09:00:00,8410.0,8424.0,8332.0,8340.0,117305.0,504471.0,498516.0
2024-03-26 09:30:00,8340.0,8348.0,8306.0,8316.0,90354.0,498516.0,490684.0
2024-03-26 10:00:00,8316.0,8332.0,8300.0,8312.0,37722.0,490684.0,488892.0
2024-03-26 10:30:00,8312.0,8332.0,8264.0,8286.0,92941.0,488892.0,486651.0
2024-03-26 11:00:00,8286.0,8288.0,8260.0,8272.0,56405.0,486651.0,483842.0
2024-03-26 13:30:00,8280.0,8314.0,8272.0,8302.0,65336.0,483842.0,484062.0
2024-03-26 14:00:00,8302.0,8326.0,8230.0,8254.0,105099.0,484062.0,483130.0
2024-03-26 14:30:00,8254.0,8268.0,8232.0,8266.0,78100.0,483130.0,474422.0
2024-03-26 21:00:00,8272.0,8296.0,8262.0,8278.0,93444.0,474422.0,483530.0
2024-03-26 21:30:00,8278.0,8336.0,8262.0,8332.0,107799.0,483530.0,489012.0
2024-03-26 22:00:00,8332.0,8336.0,8296.0,8302.0,79649.0,489012.0,490635.0
2024-03-26 22:30:00,8302.0,8316.0,8272.0,8292.0,82319.0,490635.0,482683.0
2024-03-27 09:00:00,8272.0,8292.0,8244.0,8284.0,97323.0,482683.0,484838.0
2024-03-27 09:30:00,8284.0,8292.0,8250.0,8258.0,54010.0,484838.0,484164.0
2024-03-27 10:00:00,8258.0,8262.0,8192.0,8198.0,76192.0,484164.0,477421.0
2024-03-27 10:30:00,8196.0,8202.0,8130.0,8158.0,147852.0,477421.0,472843.0
2024-03-27 11:00:00,8158.0,8176.0,8088.0,8116.0,118754.0,472843.0,460923.0
2024-03-27 13:30:00,8108.0,8132.0,8094.0,8120.0,81481.0,460923.0,459529.0
2024-03-27 14:00:00,8120.0,8148.0,8116.0,8140.0,60063.0,459529.0,457056.0
2024-03-27 14:30:00,8140.0,8146.0,8114.0,8130.0,73501.0,457056.0,448019.0
2024-03-27 21:00:00,8130.0,8142.0,8094.0,8104.0,106638.0,448019.0,455340.0
2024-03-27 21:30:00,8104.0,8130.0,8082.0,8104.0,90459.0,455340.0,454436.0
2024-03-27 22:00:00,8104.0,8122.0,8074.0,8116.0,92743.0,454436.0,452724.0
2024-03-27 22:30:00,8116.0,8136.0,8100.0,8126.0,74607.0,452724.0,447522.0
2024-03-28 09:00:00,8130.0,8172.0,8108.0,8114.0,75493.0,447522.0,449990.0
2024-03-28 09:30:00,8114.0,8128.0,8102.0,8110.0,44028.0,449990.0,450901.0
2024-03-28 10:00:00,8110.0,8120.0,8084.0,8118.0,41383.0,450901.0,447201.0
2024-03-28 10:30:00,8120.0,8134.0,8098.0,8116.0,57992.0,447201.0,445124.0
2024-03-28 11:00:00,8116.0,8124.0,8090.0,8114.0,50618.0,445124.0,443492.0
2024-03-28 13:30:00,8118.0,8128.0,8070.0,8116.0,92471.0,443492.0,446129.0
2024-03-28 14:00:00,8116.0,8130.0,8098.0,8114.0,60395.0,446129.0,445009.0
2024-03-28 14:30:00,8114.0,8124.0,8104.0,8122.0,41257.0,445009.0,437383.0
2024-03-28 21:00:00,8118.0,8126.0,8026.0,8036.0,175716.0,437383.0,437203.0
2024-03-28 21:30:00,8036.0,8054.0,8014.0,8022.0,97725.0,437203.0,434701.0
2024-03-28 22:00:00,8022.0,8032.0,7984.0,7996.0,103027.0,434701.0,432221.0
2024-03-28 22:30:00,7996.0,8040.0,7988.0,8028.0,91793.0,432221.0,416843.0
2024-03-29 09:00:00,8052.0,8140.0,8052.0,8096.0,171126.0,416843.0,422874.0
2024-03-29 09:30:00,8096.0,8146.0,8088.0,8138.0,71435.0,422874.0,426447.0
2024-03-29 10:00:00,8138.0,8166.0,8126.0,8162.0,42180.0,426447.0,425651.0
2024-03-29 10:30:00,8162.0,8186.0,8136.0,8168.0,72015.0,425651.0,427434.0
2024-03-29 11:00:00,8168.0,8184.0,8158.0,8160.0,41655.0,427434.0,425513.0
2024-03-29 13:30:00,8164.0,8168.0,8140.0,8156.0,45599.0,425513.0,422387.0
2024-03-29 14:00:00,8156.0,8198.0,8154.0,8188.0,48921.0,422387.0,422649.0
2024-03-29 14:30:00,8188.0,8218.0,8182.0,8216.0,72896.0,422649.0,417785.0
2024-03-29 21:00:00,8224.0,8232.0,8184.0,8192.0,82753.0,417785.0,418083.0
2024-03-29 21:30:00,8192.0,8194.0,8156.0,8158.0,53086.0,418083.0,414333.0
2024-03-29 22:00:00,8158.0,8174.0,8150.0,8170.0,47170.0,414333.0,410976.0
2024-03-29 22:30:00,8170.0,8188.0,8150.0,8168.0,52216.0,410976.0,404611.0
2024-04-01 09:00:00,8176.0,8222.0,8124.0,8218.0,114152.0,404611.0,405151.0
2024-04-01 09:30:00,8218.0,8280.0,8216.0,8276.0,98484.0,405151.0,411523.0
2024-04-01 10:00:00,8276.0,8296.0,8260.0,8292.0,36007.0,411523.0,409979.0
2024-04-01 10:30:00,8290.0,8326.0,8270.0,8316.0,80754.0,409979.0,412933.0
2024-04-01 11:00:00,8316.0,8320.0,8246.0,8278.0,82233.0,412933.0,402887.0
2024-04-01 13:30:00,8280.0,8310.0,8264.0,8298.0,48555.0,402887.0,404311.0
2024-04-01 14:00:00,8298.0,8330.0,8282.0,8320.0,63647.0,404311.0,409823.0
2024-04-01 14:30:00,8320.0,8338.0,8288.0,8328.0,66082.0,409823.0,404334.0
2024-04-01 21:00:00,8328.0,8342.0,8318.0,8338.0,75847.0,404334.0,412195.0
2024-04-01 21:30:00,8338.0,8356.0,8310.0,8342.0,80436.0,412195.0,415857.0
2024-04-01 22:00:00,8342.0,8352.0,8318.0,8322.0,51002.0,415857.0,415418.0
2024-04-01 22:30:00,8322.0,8338.0,8316.0,8328.0,39798.0,415418.0,410234.0
2024-04-02 09:00:00,8318.0,8318.0,8260.0,8276.0,89234.0,410234.0,404078.0
2024-04-02 09:30:00,8276.0,8288.0,8256.0,8278.0,53343.0,404078.0,400716.0
2024-04-02 10:00:00,8278.0,8288.0,8242.0,8252.0,34158.0,400716.0,397449.0
2024-04-02 10:30:00,8252.0,8316.0,8244.0,8298.0,63757.0,397449.0,399763.0
2024-04-02 11:00:00,8298.0,8326.0,8294.0,8300.0,52904.0,399763.0,399079.0
2024-04-02 13:30:00,8300.0,8302.0,8270.0,8290.0,43971.0,399079.0,398360.0
2024-04-02 14:00:00,8290.0,8306.0,8276.0,8278.0,32570.0,398360.0,395950.0
2024-04-02 14:30:00,8278.0,8298.0,8264.0,8286.0,40682.0,395950.0,388724.0
2024-04-02 21:00:00,8342.0,8412.0,8326.0,8404.0,137769.0,388724.0,404677.0
2024-04-02 21:30:00,8404.0,8466.0,8396.0,8454.0,141168.0,404677.0,412630.0
2024-04-02 22:00:00,8454.0,8524.0,8448.0,8510.0,127218.0,412630.0,415504.0
2024-04-02 22:30:00,8510.0,8518.0,8484.0,8512.0,85582.0,415504.0,409467.0
2024-04-03 09:00:00,8476.0,8512.0,8464.0,8488.0,100965.0,409467.0,406137.0
2024-04-03 09:30:00,8488.0,8502.0,8470.0,8478.0,41953.0,406137.0,404839.0
2024-04-03 10:00:00,8478.0,8492.0,8466.0,8470.0,19542.0,404839.0,402494.0
2024-04-03 10:30:00,8466.0,8476.0,8450.0,8468.0,52088.0,402494.0,396416.0
2024-04-03 11:00:00,8468.0,8534.0,8464.0,8506.0,81714.0,396416.0,395281.0
2024-04-03 13:30:00,8508.0,8536.0,8496.0,8532.0,54274.0,395281.0,390549.0
2024-04-03 14:00:00,8532.0,8538.0,8494.0,8498.0,61050.0,390549.0,384519.0
2024-04-03 14:30:00,8498.0,8572.0,8496.0,8570.0,87029.0,384519.0,372265.0
2024-04-08 09:00:00,8524.0,8528.0,8370.0,8414.0,200972.0,372265.0,350229.0
2024-04-08 09:30:00,8414.0,8444.0,8400.0,8438.0,66035.0,350229.0,343939.0
2024-04-08 10:00:00,8438.0,8466.0,8430.0,8448.0,20975.0,343939.0,343078.0
2024-04-08 10:30:00,8448.0,8462.0,8406.0,8416.0,45463.0,343078.0,339171.0
2024-04-08 11:00:00,8416.0,8422.0,8370.0,8380.0,56269.0,339171.0,332324.0
2024-04-08 13:30:00,8368.0,8368.0,8210.0,8246.0,177189.0,332324.0,312729.0
2024-04-08 14:00:00,8246.0,8250.0,8210.0,8214.0,73966.0,312729.0,309323.0
2024-04-08 14:30:00,8214.0,8238.0,8202.0,8218.0,75301.0,309323.0,296744.0
2024-04-08 21:00:00,8226.0,8244.0,8210.0,8216.0,74859.0,296744.0,295590.0
2024-04-08 21:30:00,8216.0,8238.0,8186.0,8192.0,76312.0,295590.0,290441.0
2024-04-08 22:00:00,8192.0,8214.0,8182.0,8196.0,48926.0,290441.0,287986.0
2024-04-08 22:30:00,8196.0,8208.0,8180.0,8194.0,33023.0,287986.0,283450.0
2024-04-09 09:00:00,8194.0,8212.0,8166.0,8192.0,60500.0,283450.0,280745.0
2024-04-09 09:30:00,8192.0,8198.0,8152.0,8166.0,57155.0,280745.0,279852.0
2024-04-09 10:00:00,8166.0,8176.0,8156.0,8162.0,14527.0,279852.0,278102.0
2024-04-09 10:30:00,8162.0,8226.0,8154.0,8216.0,70732.0,278102.0,275631.0
2024-04-09 11:00:00,8216.0,8240.0,8208.0,8212.0,55040.0,275631.0,270208.0
2024-04-09 13:30:00,8208.0,8236.0,8196.0,8210.0,35154.0,270208.0,267345.0
2024-04-09 14:00:00,8210.0,8278.0,8208.0,8256.0,54490.0,267345.0,267696.0
2024-04-09 14:30:00,8256.0,8262.0,8214.0,8236.0,77302.0,267696.0,261443.0
2024-04-09 21:00:00,7880.0,7888.0,7840.0,7844.0,81389.0,261443.0,404911.0
2024-04-09 21:30:00,7844.0,7852.0,7816.0,7844.0,58912.0,404911.0,406052.0
2024-04-09 22:00:00,7844.0,7904.0,7836.0,7892.0,57218.0,406052.0,408516.0
2024-04-09 22:30:00,7892.0,7896.0,7822.0,7846.0,61617.0,408516.0,403799.0
2024-04-10 09:00:00,7852.0,7882.0,7842.0,7850.0,55864.0,403799.0,409511.0
2024-04-10 09:30:00,7850.0,7868.0,7844.0,7852.0,28246.0,409511.0,412784.0
2024-04-10 10:00:00,7852.0,7854.0,7810.0,7826.0,32389.0,412784.0,412308.0
2024-04-10 10:30:00,7826.0,7892.0,7820.0,7878.0,54004.0,412308.0,414860.0
2024-04-10 11:00:00,7878.0,7886.0,7860.0,7876.0,28215.0,414860.0,416270.0
2024-04-10 13:30:00,7874.0,7892.0,7854.0,7882.0,41192.0,416270.0,419016.0
2024-04-10 14:00:00,7882.0,7924.0,7870.0,7912.0,59087.0,419016.0,429037.0
2024-04-10 14:30:00,7912.0,7920.0,7874.0,7880.0,53901.0,429037.0,427393.0
2024-04-10 21:00:00,7898.0,7902.0,7848.0,7876.0,82230.0,427393.0,437705.0
2024-04-10 21:30:00,7876.0,7884.0,7800.0,7818.0,108275.0,437705.0,436100.0
2024-04-10 22:00:00,7818.0,7836.0,7792.0,7832.0,71233.0,436100.0,440778.0
2024-04-10 22:30:00,7832.0,7860.0,7822.0,7826.0,46994.0,440778.0,437204.0
2024-04-11 09:00:00,7842.0,7876.0,7832.0,7860.0,74964.0,437204.0,444328.0
2024-04-11 09:30:00,7860.0,7888.0,7856.0,7888.0,70780.0,444328.0,445395.0
2024-04-11 10:00:00,7888.0,7892.0,7876.0,7888.0,22087.0,445395.0,448418.0
2024-04-11 10:30:00,7888.0,7914.0,7880.0,7892.0,55770.0,448418.0,452975.0
2024-04-11 11:00:00,7892.0,7900.0,7874.0,7880.0,28574.0,452975.0,451537.0
2024-04-11 13:30:00,7878.0,7886.0,7862.0,7882.0,34950.0,451537.0,453343.0
2024-04-11 14:00:00,7882.0,7890.0,7870.0,7888.0,27363.0,453343.0,455089.0
2024-04-11 14:30:00,7888.0,7914.0,7888.0,7892.0,49311.0,455089.0,457629.0
2024-04-11 21:00:00,7874.0,7892.0,7862.0,7878.0,66229.0,457629.0,465408.0
2024-04-11 21:30:00,7878.0,7890.0,7844.0,7862.0,81911.0,465408.0,466033.0
2024-04-11 22:00:00,7862.0,7878.0,7830.0,7832.0,79158.0,466033.0,466497.0
2024-04-11 22:30:00,7832.0,7850.0,7828.0,7844.0,54084.0,466497.0,459363.0
2024-04-12 09:00:00,7822.0,7822.0,7752.0,7790.0,154744.0,459363.0,461694.0
2024-04-12 09:30:00,7790.0,7834.0,7790.0,7816.0,80937.0,461694.0,465892.0
2024-04-12 10:00:00,7816.0,7824.0,7778.0,7780.0,37334.0,465892.0,463942.0
2024-04-12 10:30:00,7782.0,7854.0,7756.0,7848.0,109366.0,463942.0,473117.0
2024-04-12 11:00:00,7848.0,7874.0,7788.0,7802.0,118275.0,473117.0,477821.0
2024-04-12 13:30:00,7804.0,7804.0,7766.0,7778.0,83124.0,477821.0,486261.0
2024-04-12 14:00:00,7778.0,7790.0,7762.0,7788.0,60369.0,486261.0,489054.0
2024-04-12 14:30:00,7788.0,7796.0,7758.0,7774.0,91975.0,489054.0,489836.0
2024-04-12 21:00:00,7796.0,7888.0,7790.0,7878.0,160738.0,489836.0,491234.0
2024-04-12 21:30:00,7878.0,7980.0,7870.0,7930.0,183952.0,491234.0,503509.0
2024-04-12 22:00:00,7930.0,7940.0,7900.0,7912.0,79298.0,503509.0,504545.0
2024-04-12 22:30:00,7912.0,7922.0,7876.0,7880.0,58575.0,504545.0,497221.0
2024-04-15 09:00:00,7866.0,7866.0,7740.0,7752.0,207594.0,497221.0,493765.0
2024-04-15 09:30:00,7752.0,7778.0,7742.0,7754.0,74536.0,493765.0,498518.0
2024-04-15 10:00:00,7754.0,7768.0,7742.0,7746.0,25254.0,498518.0,499746.0
2024-04-15 10:30:00,7748.0,7788.0,7746.0,7766.0,55378.0,499746.0,499500.0
2024-04-15 11:00:00,7766.0,7782.0,7758.0,7770.0,33447.0,499500.0,499068.0
2024-04-15 13:30:00,7790.0,7812.0,7756.0,7764.0,82477.0,499068.0,501652.0
2024-04-15 14:00:00,7764.0,7766.0,7668.0,7676.0,148867.0,501652.0,508589.0
2024-04-15 14:30:00,7676.0,7704.0,7656.0,7664.0,97695.0,508589.0,497318.0
2024-04-15 21:00:00,7660.0,7682.0,7652.0,7664.0,98394.0,497318.0,501153.0
2024-04-15 21:30:00,7664.0,7672.0,7626.0,7638.0,89683.0,501153.0,503754.0
2024-04-15 22:00:00,7638.0,7646.0,7618.0,7636.0,63450.0,503754.0,503750.0
2024-04-15 22:30:00,7636.0,7664.0,7634.0,7656.0,62335.0,503750.0,498555.0
2024-04-16 09:00:00,7646.0,7688.0,7646.0,7672.0,84343.0,498555.0,497443.0
2024-04-16 09:30:00,7672.0,7682.0,7640.0,7642.0,69362.0,497443.0,498389.0
2024-04-16 10:00:00,7642.0,7668.0,7642.0,7666.0,25638.0,498389.0,495039.0
2024-04-16 10:30:00,7666.0,7670.0,7628.0,7638.0,59775.0,495039.0,495283.0
2024-04-16 11:00:00,7638.0,7652.0,7610.0,7628.0,57922.0,495283.0,494207.0
2024-04-16 13:30:00,7624.0,7654.0,7622.0,7644.0,41592.0,494207.0,493879.0
2024-04-16 14:00:00,7644.0,7658.0,7622.0,7636.0,37843.0,493879.0,493067.0
2024-04-16 14:30:00,7636.0,7638.0,7588.0,7606.0,95896.0,493067.0,493148.0
2024-04-16 21:00:00,7570.0,7634.0,7560.0,7614.0,110860.0,493148.0,497731.0
2024-04-16 21:30:00,7614.0,7620.0,7598.0,7610.0,61675.0,497731.0,499737.0
2024-04-16 22:00:00,7610.0,7620.0,7578.0,7602.0,53802.0,499737.0,500261.0
2024-04-16 22:30:00,7602.0,7620.0,7586.0,7596.0,44646.0,500261.0,495638.0
2024-04-17 09:00:00,7602.0,7620.0,7590.0,7592.0,60774.0,495638.0,495124.0
2024-04-17 09:30:00,7592.0,7612.0,7584.0,7606.0,35005.0,495124.0,494771.0
2024-04-17 10:00:00,7606.0,7608.0,7576.0,7578.0,20549.0,494771.0,495797.0
2024-04-17 10:30:00,7578.0,7594.0,7536.0,7542.0,73238.0,495797.0,498689.0
2024-04-17 11:00:00,7542.0,7546.0,7464.0,7474.0,131129.0,498689.0,500631.0
2024-04-17 13:30:00,7476.0,7478.0,7422.0,7436.0,127114.0,500631.0,506398.0
2024-04-17 14:00:00,7436.0,7440.0,7392.0,7420.0,107687.0,506398.0,509566.0
2024-04-17 14:30:00,7420.0,7476.0,7420.0,7458.0,116843.0,509566.0,502261.0
2024-04-17 21:00:00,7462.0,7472.0,7424.0,7436.0,93987.0,502261.0,512763.0
2024-04-17 21:30:00,7436.0,7482.0,7432.0,7474.0,80570.0,512763.0,516723.0
2024-04-17 22:00:00,7474.0,7488.0,7452.0,7474.0,50056.0,516723.0,518497.0
2024-04-17 22:30:00,7474.0,7508.0,7456.0,7492.0,56598.0,518497.0,512030.0
2024-04-18 09:00:00,7474.0,7488.0,7440.0,7442.0,84784.0,512030.0,511522.0
2024-04-18 09:30:00,7442.0,7446.0,7414.0,7424.0,54814.0,511522.0,514406.0
2024-04-18 10:00:00,7424.0,7444.0,7410.0,7442.0,24388.0,514406.0,514032.0
2024-04-18 10:30:00,7442.0,7478.0,7438.0,7458.0,81784.0,514032.0,515727.0
2024-04-18 11:00:00,7458.0,7460.0,7430.0,7450.0,36523.0,515727.0,516052.0
2024-04-18 13:30:00,7458.0,7464.0,7434.0,7442.0,35281.0,516052.0,515120.0
2024-04-18 14:00:00,7442.0,7476.0,7430.0,7456.0,51342.0,515120.0,516674.0
2024-04-18 14:30:00,7456.0,7462.0,7426.0,7452.0,70233.0,516674.0,517119.0
2024-04-18 21:00:00,7418.0,7452.0,7382.0,7438.0,133756.0,517119.0,522021.0
2024-04-18 21:30:00,7438.0,7450.0,7408.0,7438.0,68608.0,522021.0,522734.0
2024-04-18 22:00:00,7438.0,7472.0,7426.0,7434.0,72766.0,522734.0,523523.0
2024-04-18 22:30:00,7434.0,7458.0,7428.0,7444.0,45189.0,523523.0,519459.0
2024-04-19 09:00:00,7396.0,7426.0,7354.0,7410.0,145802.0,519459.0,524001.0
2024-04-19 09:30:00,7410.0,7504.0,7410.0,7468.0,129734.0,524001.0,526374.0
2024-04-19 10:00:00,7468.0,7476.0,7428.0,7476.0,54536.0,526374.0,524499.0
2024-04-19 10:30:00,7478.0,7518.0,7470.0,7502.0,107429.0,524499.0,522718.0
2024-04-19 11:00:00,7502.0,7506.0,7432.0,7464.0,79431.0,522718.0,521171.0
2024-04-19 13:30:00,7440.0,7448.0,7414.0,7418.0,63321.0,521171.0,523666.0
2024-04-19 14:00:00,7418.0,7438.0,7394.0,7400.0,53852.0,523666.0,529003.0
2024-04-19 14:30:00,7400.0,7410.0,7378.0,7382.0,73630.0,529003.0,526939.0
2024-04-19 21:00:00,7336.0,7374.0,7322.0,7354.0,108150.0,526939.0,532731.0
2024-04-19 21:30:00,7354.0,7374.0,7330.0,7338.0,70589.0,532731.0,540033.0
2024-04-19 22:00:00,7338.0,7378.0,7338.0,7362.0,52263.0,540033.0,535885.0
2024-04-19 22:30:00,7362.0,7394.0,7346.0,7380.0,49278.0,535885.0,531099.0
2024-04-22 09:00:00,7394.0,7446.0,7394.0,7424.0,108894.0,531099.0,522045.0
2024-04-22 09:30:00,7424.0,7442.0,7402.0,7418.0,50358.0,522045.0,522735.0
2024-04-22 10:00:00,7418.0,7428.0,7398.0,7414.0,22799.0,522735.0,523150.0
2024-04-22 10:30:00,7412.0,7412.0,7372.0,7376.0,60542.0,523150.0,529813.0
2024-04-22 11:00:00,7376.0,7398.0,7354.0,7364.0,66345.0,529813.0,530367.0
2024-04-22 13:30:00,7358.0,7362.0,7302.0,7312.0,133107.0,530367.0,546368.0
2024-04-22 14:00:00,7312.0,7332.0,7308.0,7316.0,52751.0,546368.0,548893.0
2024-04-22 14:30:00,7316.0,7352.0,7306.0,7346.0,84417.0,548893.0,541747.0
2024-04-22 21:00:00,7366.0,7376.0,7354.0,7360.0,85981.0,541747.0,545557.0
2024-04-22 21:30:00,7360.0,7374.0,7334.0,7374.0,79029.0,545557.0,549437.0
2024-04-22 22:00:00,7374.0,7416.0,7372.0,7404.0,100107.0,549437.0,547187.0
2024-04-22 22:30:00,7404.0,7446.0,7402.0,7430.0,98571.0,547187.0,540053.0
2024-04-23 09:00:00,7434.0,7486.0,7416.0,7458.0,150435.0,540053.0,537911.0
2024-04-23 09:30:00,7458.0,7492.0,7450.0,7482.0,82090.0,537911.0,536953.0
2024-04-23 10:00:00,7482.0,7500.0,7478.0,7486.0,34500.0,536953.0,537910.0
2024-04-23 10:30:00,7486.0,7518.0,7480.0,7508.0,74114.0,537910.0,537495.0
2024-04-23 11:00:00,7508.0,7524.0,7490.0,7518.0,62160.0,537495.0,532319.0
2024-04-23 13:30:00,7520.0,7544.0,7510.0,7532.0,89756.0,532319.0,525724.0
2024-04-23 14:00:00,7532.0,7534.0,7484.0,7486.0,88284.0,525724.0,517046.0
2024-04-23 14:30:00,7486.0,7490.0,7428.0,7442.0,103813.0,517046.0,505214.0
2024-04-23 21:00:00,7416.0,7508.0,7408.0,7502.0,128204.0,505214.0,515957.0
2024-04-23 21:30:00,7502.0,7514.0,7490.0,7498.0,81435.0,515957.0,513825.0
2024-04-23 22:00:00,7498.0,7522.0,7482.0,7506.0,68909.0,513825.0,513148.0
2024-04-23 22:30:00,7506.0,7510.0,7492.0,7494.0,43911.0,513148.0,508548.0
2024-04-24 09:00:00,7514.0,7570.0,7504.0,7536.0,106588.0,508548.0,513526.0
2024-04-24 09:30:00,7536.0,7572.0,7534.0,7554.0,59813.0,513526.0,515019.0
2024-04-24 10:00:00,7554.0,7572.0,7544.0,7556.0,25604.0,515019.0,514747.0
2024-04-24 10:30:00,7556.0,7556.0,7502.0,7506.0,87090.0,514747.0,515039.0
2024-04-24 11:00:00,7506.0,7522.0,7498.0,7514.0,42586.0,515039.0,516617.0
2024-04-24 13:30:00,7516.0,7524.0,7488.0,7504.0,64727.0,516617.0,519196.0
2024-04-24 14:00:00,7504.0,7516.0,7484.0,7512.0,43938.0,519196.0,517067.0
2024-04-24 14:30:00,7512.0,7524.0,7490.0,7510.0,62117.0,517067.0,510383.0
2024-04-24 21:00:00,7472.0,7506.0,7458.0,7502.0,98186.0,510383.0,522095.0
2024-04-24 21:30:00,7502.0,7516.0,7486.0,7494.0,74126.0,522095.0,523320.0
2024-04-24 22:00:00,7494.0,7516.0,7482.0,7508.0,63131.0,523320.0,520854.0
2024-04-24 22:30:00,7508.0,7512.0,7476.0,7492.0,56656.0,520854.0,514865.0
2024-04-25 09:00:00,7474.0,7480.0,7420.0,7440.0,137014.0,514865.0,517826.0
2024-04-25 09:30:00,7440.0,7444.0,7392.0,7424.0,87337.0,517826.0,512197.0
2024-04-25 10:00:00,7424.0,7428.0,7400.0,7408.0,30140.0,512197.0,513810.0
2024-04-25 10:30:00,7406.0,7426.0,7374.0,7380.0,97013.0,513810.0,516455.0
2024-04-25 11:00:00,7380.0,7392.0,7316.0,7324.0,118312.0,516455.0,527533.0
2024-04-25 13:30:00,7324.0,7334.0,7288.0,7302.0,118920.0,527533.0,542563.0
2024-04-25 14:00:00,7302.0,7316.0,7292.0,7302.0,64219.0,542563.0,549802.0
2024-04-25 14:30:00,7302.0,7314.0,7264.0,7314.0,120361.0,549802.0,537140.0
2024-04-25 21:00:00,7314.0,7322.0,7248.0,7282.0,142354.0,537140.0,546766.0
2024-04-25 21:30:00,7282.0,7296.0,7262.0,7294.0,71194.0,546766.0,548204.0
2024-04-25 22:00:00,7294.0,7308.0,7266.0,7278.0,70968.0,548204.0,548177.0
2024-04-25 22:30:00,7278.0,7284.0,7258.0,7266.0,50692.0,548177.0,544542.0
2024-04-26 09:00:00,7306.0,7378.0,7306.0,7372.0,158852.0,544542.0,525968.0
2024-04-26 09:30:00,7372.0,7388.0,7364.0,7370.0,59499.0,525968.0,524285.0
2024-04-26 10:00:00,7370.0,7394.0,7366.0,7380.0,25024.0,524285.0,523403.0
2024-04-26 10:30:00,7380.0,7388.0,7336.0,7356.0,63943.0,523403.0,522979.0
2024-04-26 11:00:00,7356.0,7374.0,7344.0,7372.0,36444.0,522979.0,522411.0
2024-04-26 13:30:00,7378.0,7402.0,7378.0,7386.0,64052.0,522411.0,521746.0
2024-04-26 14:00:00,7386.0,7396.0,7378.0,7392.0,31414.0,521746.0,519249.0
2024-04-26 14:30:00,7392.0,7408.0,7380.0,7400.0,51882.0,519249.0,510235.0
2024-04-26 21:00:00,7402.0,7434.0,7396.0,7410.0,115050.0,510235.0,517437.0
2024-04-26 21:30:00,7410.0,7456.0,7410.0,7454.0,91991.0,517437.0,516611.0
2024-04-26 22:00:00,7454.0,7466.0,7438.0,7454.0,58387.0,516611.0,513461.0
2024-04-26 22:30:00,7454.0,7462.0,7424.0,7462.0,68912.0,513461.0,502501.0
2024-04-29 09:00:00,7468.0,7492.0,7442.0,7454.0,93450.0,502501.0,507044.0
2024-04-29 09:30:00,7454.0,7456.0,7426.0,7444.0,48909.0,507044.0,505058.0
2024-04-29 10:00:00,7444.0,7452.0,7428.0,7440.0,18713.0,505058.0,504797.0
2024-04-29 10:30:00,7440.0,7490.0,7416.0,7484.0,86745.0,504797.0,504962.0
2024-04-29 11:00:00,7484.0,7484.0,7444.0,7448.0,49798.0,504962.0,502766.0
2024-04-29 13:30:00,7446.0,7450.0,7436.0,7440.0,39048.0,502766.0,504582.0
2024-04-29 14:00:00,7440.0,7458.0,7426.0,7438.0,39477.0,504582.0,502649.0
2024-04-29 14:30:00,7438.0,7450.0,7408.0,7434.0,51670.0,502649.0,498265.0
2024-04-29 21:00:00,7448.0,7500.0,7434.0,7486.0,105331.0,498265.0,497252.0
2024-04-29 21:30:00,7486.0,7504.0,7470.0,7478.0,65138.0,497252.0,496899.0
2024-04-29 22:00:00,7478.0,7480.0,7436.0,7444.0,58572.0,496899.0,497593.0
2024-04-29 22:30:00,7444.0,7446.0,7422.0,7430.0,39206.0,497593.0,493983.0
2024-04-30 09:00:00,7382.0,7382.0,7342.0,7364.0,116941.0,493983.0,497951.0
2024-04-30 09:30:00,7364.0,7368.0,7312.0,7326.0,72070.0,497951.0,498992.0
2024-04-30 10:00:00,7326.0,7334.0,7312.0,7326.0,19387.0,498992.0,499472.0
2024-04-30 10:30:00,7326.0,7356.0,7320.0,7354.0,51320.0,499472.0,497079.0
2024-04-30 11:00:00,7354.0,7362.0,7334.0,7352.0,41509.0,497079.0,494477.0
2024-04-30 13:30:00,7344.0,7360.0,7334.0,7358.0,40623.0,494477.0,490794.0
2024-04-30 14:00:00,7358.0,7362.0,7338.0,7346.0,30618.0,490794.0,488512.0
2024-04-30 14:30:00,7346.0,7362.0,7318.0,7360.0,53172.0,488512.0,481434.0
2024-05-06 09:00:00,7386.0,7454.0,7376.0,7384.0,151591.0,481434.0,489917.0
2024-05-06 09:30:00,7384.0,7386.0,7330.0,7354.0,63183.0,489917.0,497982.0
2024-05-06 10:00:00,7354.0,7364.0,7346.0,7362.0,14226.0,497982.0,498418.0
2024-05-06 10:30:00,7362.0,7432.0,7362.0,7396.0,85993.0,498418.0,501953.0
2024-05-06 11:00:00,7396.0,7402.0,7366.0,7386.0,44996.0,501953.0,501914.0
2024-05-06 13:30:00,7386.0,7418.0,7376.0,7418.0,45515.0,501914.0,503783.0
2024-05-06 14:00:00,7418.0,7426.0,7406.0,7414.0,38428.0,503783.0,505130.0
2024-05-06 14:30:00,7414.0,7420.0,7402.0,7408.0,48117.0,505130.0,501841.0
2024-05-06 21:00:00,7422.0,7492.0,7412.0,7468.0,141658.0,501841.0,520483.0
2024-05-06 21:30:00,7468.0,7494.0,7460.0,7486.0,71581.0,520483.0,521177.0
2024-05-06 22:00:00,7486.0,7512.0,7476.0,7506.0,67176.0,521177.0,525723.0
2024-05-06 22:30:00,7506.0,7510.0,7488.0,7496.0,40184.0,525723.0,521867.0
2024-05-07 09:00:00,7506.0,7532.0,7496.0,7526.0,70272.0,521867.0,525402.0
2024-05-07 09:30:00,7526.0,7544.0,7518.0,7534.0,47752.0,525402.0,524321.0
2024-05-07 10:00:00,7534.0,7542.0,7520.0,7524.0,21428.0,524321.0,523978.0
2024-05-07 10:30:00,7524.0,7556.0,7522.0,7546.0,68765.0,523978.0,527858.0
2024-05-07 11:00:00,7546.0,7564.0,7534.0,7558.0,42523.0,527858.0,526072.0
2024-05-07 13:30:00,7552.0,7564.0,7542.0,7562.0,41615.0,526072.0,526790.0
2024-05-07 14:00:00,7562.0,7562.0,7532.0,7536.0,42105.0,526790.0,524328.0
2024-05-07 14:30:00,7536.0,7560.0,7522.0,7560.0,69026.0,524328.0,527998.0
2024-05-07 21:00:00,7552.0,7556.0,7510.0,7524.0,90022.0,527998.0,532284.0
2024-05-07 21:30:00,7524.0,7548.0,7524.0,7546.0,58996.0,532284.0,535028.0
2024-05-07 22:00:00,7546.0,7552.0,7522.0,7544.0,41571.0,535028.0,533690.0
2024-05-07 22:30:00,7544.0,7554.0,7538.0,7542.0,33261.0,533690.0,534218.0
2024-05-08 09:00:00,7532.0,7540.0,7518.0,7536.0,54562.0,534218.0,532626.0
2024-05-08 09:30:00,7536.0,7540.0,7514.0,7522.0,36666.0,532626.0,531098.0
2024-05-08 10:00:00,7522.0,7544.0,7520.0,7530.0,19122.0,531098.0,531978.0
2024-05-08 10:30:00,7532.0,7606.0,7518.0,7582.0,127809.0,531978.0,542694.0
2024-05-08 11:00:00,7582.0,7588.0,7558.0,7564.0,51643.0,542694.0,545757.0
2024-05-08 13:30:00,7540.0,7540.0,7490.0,7526.0,99477.0,545757.0,536050.0
2024-05-08 14:00:00,7526.0,7534.0,7514.0,7516.0,35314.0,536050.0,535129.0
2024-05-08 14:30:00,7516.0,7520.0,7480.0,7492.0,89856.0,535129.0,527561.0
2024-05-08 21:00:00,7458.0,7476.0,7428.0,7434.0,129958.0,527561.0,537294.0
2024-05-08 21:30:00,7434.0,7434.0,7396.0,7424.0,121056.0,537294.0,540411.0
2024-05-08 22:00:00,7424.0,7436.0,7412.0,7428.0,50000.0,540411.0,538211.0
2024-05-08 22:30:00,7428.0,7460.0,7426.0,7460.0,56222.0,538211.0,528194.0
2024-05-09 09:00:00,7424.0,7456.0,7420.0,7432.0,54516.0,528194.0,532489.0
2024-05-09 09:30:00,7432.0,7464.0,7428.0,7454.0,35527.0,532489.0,533708.0
2024-05-09 10:00:00,7454.0,7464.0,7448.0,7458.0,12486.0,533708.0,533883.0
2024-05-09 10:30:00,7456.0,7468.0,7438.0,7458.0,42803.0,533883.0,534775.0
2024-05-09 11:00:00,7458.0,7466.0,7448.0,7464.0,23017.0,534775.0,534583.0
2024-05-09 13:30:00,7448.0,7470.0,7442.0,7452.0,40001.0,534583.0,538093.0
2024-05-09 14:00:00,7452.0,7452.0,7426.0,7446.0,38979.0,538093.0,536941.0
2024-05-09 14:30:00,7446.0,7454.0,7388.0,7406.0,80439.0,536941.0,536542.0
2024-05-09 21:00:00,7382.0,7422.0,7376.0,7412.0,89243.0,536542.0,545295.0
2024-05-09 21:30:00,7412.0,7420.0,7386.0,7402.0,56729.0,545295.0,549301.0
2024-05-09 22:00:00,7402.0,7410.0,7390.0,7392.0,37144.0,549301.0,550366.0
2024-05-09 22:30:00,7392.0,7394.0,7344.0,7346.0,75539.0,550366.0,550200.0
2024-05-10 09:00:00,7340.0,7358.0,7308.0,7324.0,98682.0,550200.0,558481.0
2024-05-10 09:30:00,7324.0,7338.0,7276.0,7280.0,76266.0,558481.0,567333.0
2024-05-10 10:00:00,7280.0,7292.0,7268.0,7280.0,29770.0,567333.0,567689.0
2024-05-10 10:30:00,7282.0,7292.0,7268.0,7284.0,43220.0,567689.0,571800.0
2024-05-10 11:00:00,7284.0,7294.0,7260.0,7290.0,47854.0,571800.0,569085.0
2024-05-10 13:30:00,7278.0,7284.0,7250.0,7274.0,87389.0,569085.0,579370.0
2024-05-10 14:00:00,7274.0,7288.0,7266.0,7276.0,32733.0,579370.0,578797.0
2024-05-10 14:30:00,7276.0,7306.0,7272.0,7286.0,65415.0,578797.0,572135.0
2024-05-10 21:00:00,7298.0,7306.0,7282.0,7296.0,57035.0,572135.0,575408.0
2024-05-10 21:30:00,7296.0,7304.0,7274.0,7284.0,46646.0,575408.0,577498.0
2024-05-10 22:00:00,7284.0,7292.0,7270.0,7282.0,36858.0,577498.0,575949.0
2024-05-10 22:30:00,7282.0,7314.0,7282.0,7306.0,45127.0,575949.0,570776.0
2024-05-13 09:00:00,7328.0,7368.0,7320.0,7344.0,100135.0,570776.0,562941.0
2024-05-13 09:30:00,7344.0,7374.0,7344.0,7370.0,49587.0,562941.0,559811.0
2024-05-13 10:00:00,7370.0,7394.0,7364.0,7394.0,28538.0,559811.0,556401.0
2024-05-13 10:30:00,7396.0,7448.0,7390.0,7446.0,111130.0,556401.0,545575.0
2024-05-13 11:00:00,7446.0,7462.0,7430.0,7444.0,63472.0,545575.0,541538.0
2024-05-13 13:30:00,7458.0,7458.0,7426.0,7440.0,46636.0,541538.0,539824.0
2024-05-13 14:00:00,7440.0,7442.0,7426.0,7440.0,27289.0,539824.0,538098.0
2024-05-13 14:30:00,7440.0,7464.0,7426.0,7454.0,49573.0,538098.0,534234.0
2024-05-13 21:00:00,7470.0,7528.0,7468.0,7512.0,132550.0,534234.0,532891.0
2024-05-13 21:30:00,7512.0,7538.0,7510.0,7526.0,76446.0,532891.0,532785.0
2024-05-13 22:00:00,7526.0,7538.0,7512.0,7534.0,42081.0,532785.0,532546.0
2024-05-13 22:30:00,7534.0,7536.0,7490.0,7494.0,52676.0,532546.0,527106.0
2024-05-14 09:00:00,7502.0,7520.0,7490.0,7516.0,61009.0,527106.0,529229.0
2024-05-14 09:30:00,7516.0,7562.0,7512.0,7536.0,105578.0,529229.0,527833.0
2024-05-14 10:00:00,7536.0,7546.0,7508.0,7510.0,29222.0,527833.0,527069.0
2024-05-14 10:30:00,7506.0,7526.0,7494.0,7512.0,62725.0,527069.0,531963.0
2024-05-14 11:00:00,7512.0,7538.0,7506.0,7518.0,41869.0,531963.0,530748.0
2024-05-14 13:30:00,7518.0,7520.0,7502.0,7520.0,40191.0,530748.0,531905.0
2024-05-14 14:00:00,7520.0,7536.0,7516.0,7528.0,32210.0,531905.0,534099.0
2024-05-14 14:30:00,7528.0,7534.0,7472.0,7490.0,84978.0,534099.0,527070.0
2024-05-14 21:00:00,7394.0,7408.0,7316.0,7344.0,235566.0,527070.0,525761.0
2024-05-14 21:30:00,7344.0,7382.0,7332.0,7376.0,83661.0,525761.0,523909.0
2024-05-14 22:00:00,7376.0,7382.0,7362.0,7376.0,40063.0,523909.0,522482.0
2024-05-14 22:30:00,7376.0,7380.0,7360.0,7378.0,33210.0,522482.0,518983.0
2024-05-15 09:00:00,7382.0,7388.0,7364.0,7380.0,52720.0,518983.0,515790.0
2024-05-15 09:30:00,7380.0,7410.0,7356.0,7404.0,55157.0,515790.0,511507.0
2024-05-15 10:00:00,7404.0,7430.0,7398.0,7430.0,50388.0,511507.0,505553.0
2024-05-15 10:30:00,7430.0,7478.0,7424.0,7466.0,103493.0,505553.0,511422.0
2024-05-15 11:00:00,7466.0,7520.0,7462.0,7516.0,98974.0,511422.0,522158.0
2024-05-15 13:30:00,7512.0,7580.0,7510.0,7556.0,130640.0,522158.0,541150.0
2024-05-15 14:00:00,7556.0,7570.0,7548.0,7562.0,53417.0,541150.0,547984.0
2024-05-15 14:30:00,7562.0,7564.0,7528.0,7532.0,91762.0,547984.0,537343.0
2024-05-15 21:00:00,7512.0,7540.0,7508.0,7524.0,95400.0,537343.0,542333.0
2024-05-15 21:30:00,7524.0,7546.0,7488.0,7518.0,103961.0,542333.0,537810.0
2024-05-15 22:00:00,7518.0,7534.0,7496.0,7506.0,66718.0,537810.0,537558.0
2024-05-15 22:30:00,7506.0,7522.0,7502.0,7518.0,32800.0,537558.0,533001.0
2024-05-16 09:00:00,7520.0,7564.0,7520.0,7548.0,87386.0,533001.0,540814.0
2024-05-16 09:30:00,7548.0,7562.0,7536.0,7542.0,36837.0,540814.0,540619.0
2024-05-16 10:00:00,7542.0,7548.0,7532.0,7542.0,15597.0,540619.0,539204.0
2024-05-16 10:30:00,7542.0,7552.0,7510.0,7520.0,70142.0,539204.0,541940.0
2024-05-16 11:00:00,7520.0,7522.0,7494.0,7518.0,53605.0,541940.0,540703.0
2024-05-16 13:30:00,7516.0,7516.0,7472.0,7474.0,78625.0,540703.0,539691.0
2024-05-16 14:00:00,7474.0,7478.0,7424.0,7434.0,106007.0,539691.0,538252.0
2024-05-16 14:30:00,7434.0,7464.0,7430.0,7456.0,65338.0,538252.0,531896.0
2024-05-16 21:00:00,7466.0,7482.0,7456.0,7474.0,73474.0,531896.0,535582.0
2024-05-16 21:30:00,7474.0,7490.0,7468.0,7480.0,49745.0,535582.0,533991.0
2024-05-16 22:00:00,7480.0,7498.0,7470.0,7478.0,45159.0,533991.0,533472.0
2024-05-16 22:30:00,7478.0,7498.0,7478.0,7490.0,35448.0,533472.0,531341.0
2024-05-17 09:00:00,7500.0,7604.0,7498.0,7566.0,173835.0,531341.0,538620.0
2024-05-17 09:30:00,7566.0,7570.0,7528.0,7560.0,72516.0,538620.0,538799.0
2024-05-17 10:00:00,7560.0,7560.0,7540.0,7544.0,18770.0,538799.0,539991.0
2024-05-17 10:30:00,7544.0,7552.0,7526.0,7552.0,39551.0,539991.0,544247.0
2024-05-17 11:00:00,7552.0,7552.0,7528.0,7542.0,25919.0,544247.0,546171.0
2024-05-17 13:30:00,7554.0,7588.0,7552.0,7582.0,61090.0,546171.0,552116.0
2024-05-17 14:00:00,7582.0,7614.0,7558.0,7612.0,75418.0,552116.0,557277.0
2024-05-17 14:30:00,7612.0,7646.0,7600.0,7638.0,121697.0,557277.0,568956.0
2024-05-17 21:00:00,7660.0,7662.0,7622.0,7634.0,87294.0,568956.0,566841.0
2024-05-17 21:30:00,7634.0,7674.0,7634.0,7650.0,69111.0,566841.0,570077.0
2024-05-17 22:00:00,7650.0,7680.0,7638.0,7672.0,43972.0,570077.0,572957.0
2024-05-17 22:30:00,7672.0,7676.0,7644.0,7654.0,35680.0,572957.0,569693.0
2024-05-20 09:00:00,7680.0,7686.0,7638.0,7652.0,89051.0,569693.0,568552.0
2024-05-20 09:30:00,7652.0,7714.0,7652.0,7692.0,90912.0,568552.0,574611.0
2024-05-20 10:00:00,7692.0,7700.0,7674.0,7676.0,18352.0,574611.0,573440.0
2024-05-20 10:30:00,7680.0,7690.0,7628.0,7644.0,79115.0,573440.0,576053.0
2024-05-20 11:00:00,7644.0,7660.0,7614.0,7652.0,58645.0,576053.0,573259.0
2024-05-20 13:30:00,7650.0,7686.0,7642.0,7678.0,47323.0,573259.0,577436.0
2024-05-20 14:00:00,7678.0,7688.0,7660.0,7670.0,34062.0,577436.0,577228.0
2024-05-20 14:30:00,7670.0,7680.0,7656.0,7664.0,40234.0,577228.0,572763.0
2024-05-20 21:00:00,7670.0,7706.0,7668.0,7692.0,70436.0,572763.0,579965.0
2024-05-20 21:30:00,7692.0,7728.0,7684.0,7718.0,68421.0,579965.0,580364.0
2024-05-20 22:00:00,7718.0,7732.0,7710.0,7714.0,41438.0,580364.0,577237.0
2024-05-20 22:30:00,7714.0,7758.0,7714.0,7724.0,72616.0,577237.0,574685.0
2024-05-21 09:00:00,7718.0,7756.0,7700.0,7714.0,87176.0,574685.0,573194.0
2024-05-21 09:30:00,7714.0,7744.0,7682.0,7706.0,82674.0,573194.0,567503.0
2024-05-21 10:00:00,7706.0,7728.0,7682.0,7700.0,37080.0,567503.0,568174.0
2024-05-21 10:30:00,7700.0,7714.0,7664.0,7686.0,64898.0,568174.0,565946.0
2024-05-21 11:00:00,7686.0,7706.0,7666.0,7696.0,44018.0,565946.0,567465.0
2024-05-21 13:30:00,7696.0,7702.0,7644.0,7664.0,61610.0,567465.0,566482.0
2024-05-21 14:00:00,7664.0,7668.0,7602.0,7644.0,84454.0,566482.0,563021.0
2024-05-21 14:30:00,7644.0,7664.0,7630.0,7662.0,60885.0,563021.0,561669.0
2024-05-21 21:00:00,7622.0,7646.0,7604.0,7636.0,107929.0,561669.0,577694.0
2024-05-21 21:30:00,7636.0,7654.0,7628.0,7642.0,48753.0,577694.0,579409.0
2024-05-21 22:00:00,7642.0,7646.0,7620.0,7626.0,46585.0,579409.0,578010.0
2024-05-21 22:30:00,7626.0,7636.0,7606.0,7622.0,42036.0,578010.0,574324.0
2024-05-22 09:00:00,7614.0,7678.0,7612.0,7642.0,79031.0,574324.0,576507.0
2024-05-22 09:30:00,7642.0,7678.0,7628.0,7668.0,49868.0,576507.0,575792.0
2024-05-22 10:00:00,7668.0,7682.0,7658.0,7670.0,16267.0,575792.0,575719.0
2024-05-22 10:30:00,7670.0,7670.0,7608.0,7660.0,82547.0,575719.0,578970.0
2024-05-22 11:00:00,7660.0,7668.0,7630.0,7640.0,39102.0,578970.0,576993.0
2024-05-22 13:30:00,7640.0,7644.0,7622.0,7642.0,36426.0,576993.0,578272.0
2024-05-22 14:00:00,7642.0,7656.0,7624.0,7648.0,30566.0,578272.0,578211.0
2024-05-22 14:30:00,7648.0,7674.0,7638.0,7662.0,42606.0,578211.0,575549.0
2024-05-22 21:00:00,7650.0,7698.0,7638.0,7686.0,100011.0,575549.0,587086.0
2024-05-22 21:30:00,7686.0,7694.0,7646.0,7658.0,78171.0,587086.0,592182.0
2024-05-22 22:00:00,7658.0,7660.0,7618.0,7630.0,66647.0,592182.0,586067.0
2024-05-22 22:30:00,7630.0,7676.0,7630.0,7662.0,57744.0,586067.0,578558.0
2024-05-23 09:00:00,7628.0,7660.0,7576.0,7582.0,136675.0,578558.0,578655.0
2024-05-23 09:30:00,7582.0,7634.0,7570.0,7630.0,70714.0,578655.0,575445.0
2024-05-23 10:00:00,7630.0,7642.0,7618.0,7618.0,24676.0,575445.0,575923.0
2024-05-23 10:30:00,7620.0,7626.0,7580.0,7590.0,77368.0,575923.0,577853.0
2024-05-23 11:00:00,7590.0,7610.0,7580.0,7606.0,51135.0,577853.0,578428.0
2024-05-23 13:30:00,7600.0,7610.0,7502.0,7526.0,139594.0,578428.0,572765.0
2024-05-23 14:00:00,7526.0,7580.0,7520.0,7578.0,79063.0,572765.0,565907.0
2024-05-23 14:30:00,7578.0,7598.0,7570.0,7598.0,52929.0,565907.0,559391.0
2024-05-23 21:00:00,7646.0,7688.0,7628.0,7678.0,121882.0,559391.0,561859.0
2024-05-23 21:30:00,7678.0,7692.0,7638.0,7646.0,84697.0,561859.0,560306.0
2024-05-23 22:00:00,7646.0,7656.0,7632.0,7634.0,43901.0,560306.0,559162.0
2024-05-23 22:30:00,7634.0,7640.0,7606.0,7606.0,49848.0,559162.0,555341.0
2024-05-24 09:00:00,7576.0,7584.0,7552.0,7572.0,94721.0,555341.0,563338.0
2024-05-24 09:30:00,7572.0,7640.0,7566.0,7636.0,78998.0,563338.0,562677.0
2024-05-24 10:00:00,7636.0,7638.0,7618.0,7624.0,27416.0,562677.0,558671.0
2024-05-24 10:30:00,7626.0,7678.0,7612.0,7648.0,95291.0,558671.0,561469.0
2024-05-24 11:00:00,7648.0,7666.0,7628.0,7650.0,53023.0,561469.0,564130.0
2024-05-24 13:30:00,7636.0,7654.0,7620.0,7640.0,55008.0,564130.0,564269.0
2024-05-24 14:00:00,7640.0,7656.0,7616.0,7630.0,40625.0,564269.0,565083.0
2024-05-24 14:30:00,7630.0,7630.0,7570.0,7588.0,83083.0,565083.0,560724.0
2024-05-24 21:00:00,7590.0,7620.0,7582.0,7608.0,60215.0,560724.0,567257.0
2024-05-24 21:30:00,7608.0,7632.0,7590.0,7614.0,57373.0,567257.0,565843.0
2024-05-24 22:00:00,7614.0,7632.0,7610.0,7616.0,37660.0,565843.0,565054.0
2024-05-24 22:30:00,7616.0,7628.0,7600.0,7622.0,33320.0,565054.0,560424.0
2024-05-27 09:00:00,7628.0,7652.0,7584.0,7620.0,98226.0,560424.0,561945.0
2024-05-27 09:30:00,7620.0,7650.0,7596.0,7648.0,67382.0,561945.0,566621.0
2024-05-27 10:00:00,7648.0,7704.0,7646.0,7680.0,90444.0,566621.0,572415.0
2024-05-27 10:30:00,7678.0,7678.0,7610.0,7622.0,110221.0,572415.0,570013.0
2024-05-27 11:00:00,7622.0,7632.0,7616.0,7616.0,32493.0,570013.0,567563.0
2024-05-27 13:30:00,7610.0,7610.0,7566.0,7576.0,93677.0,567563.0,566538.0
2024-05-27 14:00:00,7576.0,7608.0,7574.0,7596.0,41494.0,566538.0,563407.0
2024-05-27 14:30:00,7596.0,7622.0,7592.0,7604.0,42022.0,563407.0,556744.0
2024-05-27 21:00:00,7598.0,7650.0,7598.0,7640.0,78005.0,556744.0,559405.0
2024-05-27 21:30:00,7640.0,7712.0,7640.0,7692.0,112354.0,559405.0,574289.0
2024-05-27 22:00:00,7692.0,7710.0,7684.0,7700.0,55036.0,574289.0,577798.0
2024-05-27 22:30:00,7700.0,7732.0,7688.0,7720.0,65315.0,577798.0,579885.0
2024-05-28 09:00:00,7724.0,7774.0,7722.0,7760.0,87248.0,579885.0,592099.0
2024-05-28 09:30:00,7760.0,7780.0,7732.0,7736.0,71785.0,592099.0,592207.0
2024-05-28 10:00:00,7736.0,7774.0,7736.0,7752.0,32631.0,592207.0,594149.0
2024-05-28 10:30:00,7750.0,7800.0,7740.0,7786.0,76961.0,594149.0,601281.0
2024-05-28 11:00:00,7786.0,7808.0,7768.0,7780.0,68695.0,601281.0,605664.0
2024-05-28 13:30:00,7782.0,7824.0,7776.0,7820.0,71311.0,605664.0,615829.0
2024-05-28 14:00:00,7820.0,7824.0,7748.0,7748.0,95254.0,615829.0,604645.0
2024-05-28 14:30:00,7748.0,7796.0,7744.0,7774.0,70878.0,604645.0,601437.0
2024-05-28 21:00:00,7806.0,7836.0,7798.0,7800.0,120418.0,601437.0,612700.0
2024-05-28 21:30:00,7800.0,7824.0,7766.0,7770.0,104901.0,612700.0,617072.0
2024-05-28 22:00:00,7770.0,7826.0,7754.0,7824.0,96222.0,617072.0,619262.0
2024-05-28 22:30:00,7824.0,7866.0,7818.0,7842.0,119584.0,619262.0,624114.0
2024-05-29 09:00:00,7828.0,7830.0,7794.0,7830.0,84840.0,624114.0,623930.0
2024-05-29 09:30:00,7830.0,7852.0,7816.0,7846.0,56286.0,623930.0,626174.0
2024-05-29 10:00:00,7846.0,7862.0,7842.0,7854.0,31718.0,626174.0,627430.0
2024-05-29 10:30:00,7858.0,7872.0,7838.0,7848.0,71754.0,627430.0,631499.0
2024-05-29 11:00:00,7848.0,7872.0,7840.0,7856.0,43612.0,631499.0,634288.0
2024-05-29 13:30:00,7864.0,7866.0,7836.0,7854.0,43942.0,634288.0,633573.0
2024-05-29 14:00:00,7854.0,7866.0,7838.0,7842.0,40372.0,633573.0,631814.0
2024-05-29 14:30:00,7842.0,7862.0,7840.0,7858.0,45939.0,631814.0,626846.0
2024-05-29 21:00:00,7852.0,7876.0,7830.0,7848.0,86105.0,626846.0,631753.0
2024-05-29 21:30:00,7848.0,7868.0,7824.0,7836.0,69967.0,631753.0,629984.0
2024-05-29 22:00:00,7836.0,7868.0,7834.0,7868.0,41567.0,629984.0,629422.0
2024-05-29 22:30:00,7868.0,7872.0,7850.0,7864.0,32395.0,629422.0,626858.0
2024-05-30 09:00:00,7850.0,7866.0,7836.0,7858.0,44836.0,626858.0,626369.0
2024-05-30 09:30:00,7858.0,7862.0,7820.0,7834.0,52925.0,626369.0,622732.0
2024-05-30 10:00:00,7834.0,7840.0,7796.0,7814.0,39055.0,622732.0,618189.0
2024-05-30 10:30:00,7814.0,7844.0,7780.0,7822.0,85088.0,618189.0,614480.0
2024-05-30 11:00:00,7822.0,7830.0,7762.0,7770.0,55261.0,614480.0,608939.0
2024-05-30 13:30:00,7774.0,7786.0,7728.0,7734.0,91672.0,608939.0,600033.0
2024-05-30 14:00:00,7734.0,7772.0,7726.0,7758.0,63625.0,600033.0,599697.0
2024-05-30 14:30:00,7758.0,7772.0,7736.0,7742.0,58940.0,599697.0,595796.0
2024-05-30 21:00:00,7744.0,7758.0,7734.0,7750.0,65270.0,595796.0,595684.0
2024-05-30 21:30:00,7750.0,7766.0,7728.0,7752.0,55917.0,595684.0,593167.0
2024-05-30 22:00:00,7752.0,7772.0,7724.0,7768.0,54851.0,593167.0,589827.0
2024-05-30 22:30:00,7768.0,7784.0,7758.0,7770.0,44693.0,589827.0,588764.0
2024-05-31 09:00:00,7778.0,7798.0,7754.0,7772.0,58904.0,588764.0,584859.0
2024-05-31 09:30:00,7772.0,7798.0,7764.0,7784.0,44197.0,584859.0,586843.0
2024-05-31 10:00:00,7784.0,7802.0,7762.0,7770.0,25872.0,586843.0,587487.0
2024-05-31 10:30:00,7770.0,7836.0,7766.0,7810.0,96028.0,587487.0,594973.0
2024-05-31 11:00:00,7810.0,7848.0,7792.0,7844.0,93778.0,594973.0,601947.0
2024-05-31 13:30:00,7844.0,7902.0,7842.0,7876.0,131093.0,601947.0,622292.0
2024-05-31 14:00:00,7876.0,7900.0,7860.0,7894.0,63395.0,622292.0,620355.0
2024-05-31 14:30:00,7894.0,7922.0,7890.0,7908.0,91412.0,620355.0,618558.0
2024-05-31 21:00:00,7926.0,7940.0,7908.0,7916.0,101736.0,618558.0,622707.0
2024-05-31 21:30:00,7916.0,7944.0,7906.0,7928.0,69235.0,622707.0,624170.0
2024-05-31 22:00:00,7928.0,7956.0,7872.0,7882.0,126855.0,624170.0,616585.0
2024-05-31 22:30:00,7882.0,7882.0,7776.0,7784.0,187892.0,616585.0,583697.0
2024-06-03 09:00:00,7776.0,7778.0,7668.0,7706.0,214221.0,583697.0,576607.0
2024-06-03 09:30:00,7706.0,7746.0,7700.0,7720.0,62482.0,576607.0,576265.0
2024-06-03 10:00:00,7720.0,7744.0,7718.0,7740.0,20112.0,576265.0,579093.0
2024-06-03 10:30:00,7742.0,7750.0,7712.0,7718.0,42526.0,579093.0,577468.0
2024-06-03 11:00:00,7718.0,7718.0,7658.0,7674.0,69856.0,577468.0,574260.0
2024-06-03 13:30:00,7668.0,7694.0,7664.0,7666.0,56405.0,574260.0,575637.0
2024-06-03 14:00:00,7666.0,7674.0,7638.0,7644.0,58812.0,575637.0,569636.0
2024-06-03 14:30:00,7644.0,7672.0,7640.0,7652.0,53942.0,569636.0,562932.0
2024-06-03 21:00:00,7680.0,7680.0,7648.0,7648.0,62687.0,562932.0,565377.0
2024-06-03 21:30:00,7648.0,7662.0,7588.0,7598.0,93527.0,565377.0,560583.0
2024-06-03 22:00:00,7598.0,7634.0,7574.0,7620.0,88899.0,560583.0,556549.0
2024-06-03 22:30:00,7620.0,7626.0,7592.0,7616.0,48624.0,556549.0,552291.0
2024-06-04 09:00:00,7588.0,7596.0,7554.0,7570.0,108590.0,552291.0,558709.0
2024-06-04 09:30:00,7570.0,7584.0,7538.0,7570.0,70157.0,558709.0,552791.0
2024-06-04 10:00:00,7570.0,7596.0,7566.0,7584.0,35094.0,552791.0,553166.0
2024-06-04 10:30:00,7582.0,7628.0,7582.0,7614.0,83476.0,553166.0,555837.0
2024-06-04 11:00:00,7614.0,7646.0,7610.0,7638.0,58024.0,555837.0,557368.0
2024-06-04 13:30:00,7638.0,7638.0,7610.0,7622.0,51776.0,557368.0,553340.0
2024-06-04 14:00:00,7622.0,7660.0,7620.0,7646.0,47945.0,553340.0,553399.0
2024-06-04 14:30:00,7646.0,7670.0,7638.0,7644.0,51784.0,553399.0,546821.0
2024-06-04 21:00:00,7606.0,7628.0,7564.0,7594.0,126150.0,546821.0,542769.0
2024-06-04 21:30:00,7594.0,7598.0,7568.0,7572.0,50114.0,542769.0,539319.0
2024-06-04 22:00:00,7572.0,7636.0,7572.0,7632.0,69357.0,539319.0,539680.0
2024-06-04 22:30:00,7632.0,7636.0,7610.0,7624.0,43072.0,539680.0,535309.0
2024-06-05 09:00:00,7606.0,7630.0,7598.0,7602.0,44086.0,535309.0,536482.0
2024-06-05 09:30:00,7602.0,7620.0,7590.0,7608.0,39966.0,536482.0,534529.0
2024-06-05 10:00:00,7608.0,7620.0,7602.0,7616.0,14655.0,534529.0,534328.0
2024-06-05 10:30:00,7616.0,7640.0,7610.0,7634.0,54056.0,534328.0,537511.0
2024-06-05 11:00:00,7634.0,7646.0,7624.0,7636.0,33597.0,537511.0,535931.0
2024-06-05 13:30:00,7638.0,7676.0,7634.0,7658.0,76402.0,535931.0,540260.0
2024-06-05 14:00:00,7658.0,7670.0,7638.0,7644.0,40949.0,540260.0,538525.0
2024-06-05 14:30:00,7644.0,7644.0,7598.0,7602.0,67898.0,538525.0,531111.0
2024-06-05 21:00:00,7616.0,7644.0,7610.0,7638.0,61628.0,531111.0,533712.0
2024-06-05 21:30:00,7638.0,7644.0,7606.0,7610.0,53362.0,533712.0,533661.0
2024-06-05 22:00:00,7610.0,7642.0,7586.0,7628.0,72417.0,533661.0,533315.0
2024-06-05 22:30:00,7628.0,7638.0,7608.0,7610.0,42108.0,533315.0,529891.0
2024-06-06 09:00:00,7610.0,7638.0,7608.0,7628.0,45615.0,529891.0,528693.0
2024-06-06 09:30:00,7628.0,7638.0,7596.0,7622.0,51055.0,528693.0,528414.0
2024-06-06 10:00:00,7622.0,7624.0,7604.0,7618.0,14791.0,528414.0,529376.0
2024-06-06 10:30:00,7620.0,7654.0,7612.0,7630.0,55045.0,529376.0,530918.0
2024-06-06 11:00:00,7630.0,7668.0,7628.0,7648.0,58755.0,530918.0,533336.0
2024-06-06 13:30:00,7650.0,7686.0,7648.0,7684.0,60904.0,533336.0,538788.0
2024-06-06 14:00:00,7684.0,7706.0,7676.0,7686.0,65775.0,538788.0,544927.0
2024-06-06 14:30:00,7686.0,7736.0,7668.0,7734.0,67553.0,544927.0,544341.0
2024-06-06 21:00:00,7752.0,7818.0,7738.0,7814.0,146483.0,544341.0,563686.0
2024-06-06 21:30:00,7814.0,7842.0,7810.0,7826.0,105002.0,563686.0,572855.0
2024-06-06 22:00:00,7826.0,7848.0,7816.0,7820.0,60794.0,572855.0,575621.0
2024-06-06 22:30:00,7820.0,7838.0,7812.0,7828.0,46672.0,575621.0,570981.0
2024-06-07 09:00:00,7840.0,7856.0,7822.0,7824.0,68945.0,570981.0,575271.0
2024-06-07 09:30:00,7824.0,7840.0,7796.0,7804.0,68304.0,575271.0,578482.0
2024-06-07 10:00:00,7804.0,7812.0,7788.0,7800.0,26158.0,578482.0,576480.0
2024-06-07 10:30:00,7800.0,7810.0,7758.0,7774.0,63499.0,576480.0,572564.0
2024-06-07 11:00:00,7774.0,7792.0,7770.0,7790.0,43689.0,572564.0,571621.0
2024-06-07 13:30:00,7788.0,7794.0,7768.0,7786.0,45004.0,571621.0,571859.0
2024-06-07 14:00:00,7786.0,7808.0,7778.0,7798.0,39266.0,571859.0,570142.0
2024-06-07 14:30:00,7798.0,7806.0,7788.0,7800.0,40465.0,570142.0,564100.0
2024-06-11 09:00:00,7742.0,7780.0,7704.0,7744.0,143165.0,564100.0,562981.0
2024-06-11 09:30:00,7744.0,7796.0,7738.0,7796.0,56554.0,562981.0,562667.0
2024-06-11 10:00:00,7796.0,7796.0,7740.0,7752.0,31777.0,562667.0,563653.0
2024-06-11 10:30:00,7750.0,7756.0,7664.0,7702.0,110330.0,563653.0,551278.0
2024-06-11 11:00:00,7702.0,7702.0,7628.0,7632.0,95629.0,551278.0,547277.0
2024-06-11 13:30:00,7638.0,7638.0,7584.0,7590.0,101852.0,547277.0,547630.0
2024-06-11 14:00:00,7590.0,7622.0,7572.0,7614.0,78084.0,547630.0,544028.0
2024-06-11 14:30:00,7614.0,7626.0,7586.0,7596.0,57651.0,544028.0,535284.0
2024-06-11 21:00:00,7614.0,7636.0,7612.0,7620.0,73832.0,535284.0,541295.0
2024-06-11 21:30:00,7620.0,7632.0,7602.0,7624.0,54872.0,541295.0,539892.0
2024-06-11 22:00:00,7624.0,7642.0,7620.0,7638.0,34980.0,539892.0,538730.0
2024-06-11 22:30:00,7638.0,7658.0,7634.0,7646.0,44448.0,538730.0,536272.0
2024-06-12 09:00:00,7634.0,7656.0,7630.0,7652.0,50330.0,536272.0,532914.0
2024-06-12 09:30:00,7652.0,7658.0,7634.0,7644.0,33335.0,532914.0,532310.0
2024-06-12 10:00:00,7644.0,7646.0,7628.0,7634.0,18012.0,532310.0,533289.0
2024-06-12 10:30:00,7634.0,7758.0,7622.0,7734.0,166642.0,533289.0,531768.0
2024-06-12 11:00:00,7734.0,7752.0,7706.0,7720.0,66136.0,531768.0,530824.0
2024-06-12 13:30:00,7734.0,7742.0,7720.0,7736.0,41995.0,530824.0,531619.0
2024-06-12 14:00:00,7736.0,7736.0,7718.0,7724.0,26664.0,531619.0,532804.0
2024-06-12 14:30:00,7724.0,7742.0,7720.0,7728.0,44788.0,532804.0,530285.0
2024-06-12 21:00:00,7734.0,7768.0,7722.0,7734.0,96755.0,530285.0,536558.0
2024-06-12 21:30:00,7734.0,7756.0,7696.0,7706.0,79578.0,536558.0,534779.0
2024-06-12 22:00:00,7706.0,7724.0,7700.0,7720.0,43275.0,534779.0,535627.0
2024-06-12 22:30:00,7720.0,7720.0,7684.0,7688.0,51590.0,535627.0,531305.0
2024-06-13 09:00:00,7708.0,7718.0,7660.0,7704.0,99818.0,531305.0,536182.0
2024-06-13 09:30:00,7704.0,7750.0,7702.0,7746.0,77368.0,536182.0,541018.0
2024-06-13 10:00:00,7746.0,7798.0,7740.0,7796.0,77812.0,541018.0,553513.0
2024-06-13 10:30:00,7792.0,7792.0,7730.0,7732.0,94190.0,553513.0,550448.0
2024-06-13 11:00:00,7732.0,7738.0,7680.0,7728.0,122383.0,550448.0,547566.0
2024-06-13 13:30:00,7720.0,7728.0,7706.0,7716.0,36529.0,547566.0,547595.0
2024-06-13 14:00:00,7716.0,7728.0,7694.0,7712.0,37194.0,547595.0,546207.0
2024-06-13 14:30:00,7712.0,7734.0,7710.0,7716.0,41356.0,546207.0,542808.0
2024-06-13 21:00:00,7692.0,7698.0,7612.0,7670.0,141634.0,542808.0,543897.0
2024-06-13 21:30:00,7670.0,7680.0,7640.0,7652.0,59755.0,543897.0,542198.0
2024-06-13 22:00:00,7652.0,7660.0,7622.0,7648.0,59519.0,542198.0,544669.0
2024-06-13 22:30:00,7648.0,7696.0,7640.0,7688.0,57673.0,544669.0,534992.0
2024-06-14 09:00:00,7684.0,7704.0,7672.0,7684.0,60730.0,534992.0,537007.0
2024-06-14 09:30:00,7684.0,7708.0,7664.0,7666.0,49715.0,537007.0,534497.0
2024-06-14 10:00:00,7666.0,7686.0,7644.0,7664.0,37177.0,534497.0,532780.0
2024-06-14 10:30:00,7664.0,7672.0,7626.0,7636.0,66454.0,532780.0,534979.0
2024-06-14 11:00:00,7636.0,7664.0,7632.0,7644.0,44735.0,534979.0,533824.0
2024-06-14 13:30:00,7646.0,7694.0,7646.0,7694.0,60530.0,533824.0,528706.0
2024-06-14 14:00:00,7694.0,7750.0,7688.0,7748.0,92969.0,528706.0,537783.0
2024-06-14 14:30:00,7748.0,7778.0,7680.0,7684.0,144295.0,537783.0,527752.0
2024-06-14 21:00:00,7694.0,7722.0,7688.0,7694.0,67871.0,527752.0,532823.0
2024-06-14 21:30:00,7694.0,7696.0,7660.0,7664.0,59972.0,532823.0,533956.0
2024-06-14 22:00:00,7664.0,7668.0,7642.0,7666.0,63078.0,533956.0,537095.0
2024-06-14 22:30:00,7666.0,7686.0,7654.0,7676.0,38240.0,537095.0,533804.0
2024-06-17 09:00:00,7656.0,7658.0,7626.0,7652.0,79347.0,533804.0,538803.0
2024-06-17 09:30:00,7652.0,7666.0,7620.0,7626.0,60911.0,538803.0,541572.0
2024-06-17 10:00:00,7626.0,7632.0,7576.0,7594.0,79438.0,541572.0,541195.0
2024-06-17 10:30:00,7594.0,7594.0,7518.0,7530.0,134356.0,541195.0,534664.0
2024-06-17 11:00:00,7530.0,7532.0,7460.0,7468.0,126647.0,534664.0,530949.0
2024-06-17 13:30:00,7462.0,7500.0,7458.0,7486.0,80830.0,530949.0,533083.0
2024-06-17 14:00:00,7486.0,7502.0,7474.0,7502.0,39320.0,533083.0,528828.0
2024-06-17 14:30:00,7502.0,7522.0,7492.0,7510.0,68722.0,528828.0,524625.0
2024-06-17 21:00:00,7508.0,7544.0,7502.0,7532.0,63232.0,524625.0,529359.0
2024-06-17 21:30:00,7532.0,7566.0,7528.0,7560.0,59268.0,529359.0,528678.0
2024-06-17 22:00:00,7560.0,7564.0,7546.0,7558.0,40672.0,528678.0,525470.0
2024-06-17 22:30:00,7558.0,7560.0,7540.0,7558.0,29042.0,525470.0,521843.0
2024-06-18 09:00:00,7582.0,7612.0,7576.0,7584.0,100075.0,521843.0,514789.0
2024-06-18 09:30:00,7584.0,7608.0,7568.0,7606.0,49067.0,514789.0,516008.0
2024-06-18 10:00:00,7606.0,7646.0,7602.0,7638.0,52849.0,516008.0,516264.0
2024-06-18 10:30:00,7636.0,7642.0,7612.0,7622.0,63094.0,516264.0,515603.0
2024-06-18 11:00:00,7622.0,7630.0,7608.0,7628.0,39305.0,515603.0,514961.0
2024-06-18 13:30:00,7634.0,7660.0,7626.0,7634.0,65386.0,514961.0,517272.0
2024-06-18 14:00:00,7634.0,7644.0,7622.0,7632.0,33121.0,517272.0,515362.0
2024-06-18 14:30:00,7632.0,7636.0,7596.0,7610.0,68667.0,515362.0,511423.0
2024-06-18 21:00:00,7612.0,7632.0,7592.0,7622.0,84151.0,511423.0,518834.0
2024-06-18 21:30:00,7622.0,7670.0,7622.0,7654.0,76979.0,518834.0,521402.0
2024-06-18 22:00:00,7654.0,7680.0,7640.0,7672.0,65803.0,521402.0,517775.0
2024-06-18 22:30:00,7672.0,7694.0,7658.0,7664.0,47685.0,517775.0,513049.0
2024-06-19 09:00:00,7668.0,7682.0,7650.0,7650.0,54300.0,513049.0,514826.0
2024-06-19 09:30:00,7650.0,7676.0,7636.0,7664.0,43490.0,514826.0,513517.0
2024-06-19 10:00:00,7664.0,7672.0,7638.0,7646.0,21478.0,513517.0,513287.0
2024-06-19 10:30:00,7646.0,7680.0,7646.0,7672.0,51813.0,513287.0,515475.0
2024-06-19 11:00:00,7672.0,7696.0,7666.0,7692.0,59863.0,515475.0,518606.0
2024-06-19 13:30:00,7690.0,7742.0,7690.0,7730.0,90986.0,518606.0,530248.0
2024-06-19 14:00:00,7730.0,7738.0,7694.0,7698.0,59811.0,530248.0,529190.0
2024-06-19 14:30:00,7698.0,7712.0,7694.0,7706.0,41339.0,529190.0,525779.0
2024-06-19 21:00:00,7712.0,7730.0,7698.0,7700.0,58521.0,525779.0,531243.0
2024-06-19 21:30:00,7700.0,7712.0,7688.0,7690.0,35229.0,531243.0,531778.0
2024-06-19 22:00:00,7690.0,7722.0,7688.0,7704.0,37644.0,531778.0,532001.0
2024-06-19 22:30:00,7704.0,7734.0,7690.0,7732.0,36833.0,532001.0,528387.0
2024-06-20 09:00:00,7718.0,7748.0,7712.0,7742.0,59060.0,528387.0,535322.0
2024-06-20 09:30:00,7742.0,7744.0,7692.0,7696.0,60469.0,535322.0,534542.0
2024-06-20 10:00:00,7696.0,7710.0,7670.0,7694.0,50007.0,534542.0,531260.0
2024-06-20 10:30:00,7694.0,7720.0,7682.0,7704.0,65212.0,531260.0,537399.0
2024-06-20 11:00:00,7704.0,7720.0,7686.0,7694.0,42946.0,537399.0,536194.0
2024-06-20 13:30:00,7692.0,7696.0,7670.0,7688.0,64488.0,536194.0,538456.0
2024-06-20 14:00:00,7688.0,7706.0,7680.0,7686.0,40186.0,538456.0,537999.0
2024-06-20 14:30:00,7686.0,7726.0,7680.0,7700.0,67394.0,537999.0,535684.0
2024-06-20 21:00:00,7726.0,7768.0,7718.0,7724.0,100829.0,535684.0,543075.0
2024-06-20 21:30:00,7724.0,7748.0,7714.0,7726.0,67460.0,543075.0,546535.0
2024-06-20 22:00:00,7726.0,7744.0,7696.0,7744.0,72169.0,546535.0,544119.0
2024-06-20 22:30:00,7744.0,7744.0,7712.0,7712.0,46419.0,544119.0,540896.0
2024-06-21 09:00:00,7688.0,7688.0,7628.0,7666.0,131075.0,540896.0,527897.0
2024-06-21 09:30:00,7666.0,7686.0,7654.0,7674.0,43931.0,527897.0,528586.0
2024-06-21 10:00:00,7674.0,7682.0,7668.0,7680.0,14732.0,528586.0,528383.0
2024-06-21 10:30:00,7680.0,7716.0,7666.0,7694.0,83555.0,528383.0,531908.0
2024-06-21 11:00:00,7694.0,7696.0,7668.0,7672.0,35713.0,531908.0,530865.0
2024-06-21 13:30:00,7672.0,7676.0,7654.0,7660.0,40120.0,530865.0,528951.0
2024-06-21 14:00:00,7660.0,7664.0,7634.0,7648.0,63219.0,528951.0,527650.0
2024-06-21 14:30:00,7648.0,7650.0,7630.0,7644.0,55431.0,527650.0,520709.0
2024-06-21 21:00:00,7652.0,7666.0,7640.0,7664.0,58630.0,520709.0,522616.0
2024-06-21 21:30:00,7664.0,7668.0,7626.0,7644.0,56038.0,522616.0,521970.0
2024-06-21 22:00:00,7644.0,7676.0,7640.0,7676.0,44761.0,521970.0,522965.0
2024-06-21 22:30:00,7676.0,7710.0,7670.0,7708.0,49702.0,522965.0,521720.0
2024-06-24 09:00:00,7698.0,7706.0,7678.0,7694.0,75111.0,521720.0,527869.0
2024-06-24 09:30:00,7694.0,7700.0,7612.0,7616.0,138870.0,527869.0,523299.0
2024-06-24 10:00:00,7616.0,7620.0,7576.0,7584.0,67253.0,523299.0,523243.0
2024-06-24 10:30:00,7582.0,7608.0,7580.0,7606.0,73029.0,523243.0,516524.0
2024-06-24 11:00:00,7606.0,7678.0,7606.0,7656.0,112420.0,516524.0,504126.0
2024-06-24 13:30:00,7662.0,7674.0,7654.0,7668.0,39837.0,504126.0,507309.0
2024-06-24 14:00:00,7668.0,7670.0,7646.0,7658.0,28268.0,507309.0,506582.0
2024-06-24 14:30:00,7658.0,7670.0,7630.0,7634.0,51456.0,506582.0,499846.0
2024-06-24 21:00:00,7610.0,7626.0,7580.0,7590.0,104379.0,499846.0,504561.0
2024-06-24 21:30:00,7590.0,7622.0,7580.0,7618.0,69515.0,504561.0,502883.0
2024-06-24 22:00:00,7618.0,7644.0,7610.0,7626.0,46790.0,502883.0,500324.0
2024-06-24 22:30:00,7626.0,7628.0,7606.0,7606.0,32100.0,500324.0,497147.0
2024-06-25 09:00:00,7618.0,7630.0,7532.0,7542.0,149550.0,497147.0,508337.0
2024-06-25 09:30:00,7542.0,7554.0,7520.0,7538.0,68077.0,508337.0,511896.0
2024-06-25 10:00:00,7538.0,7538.0,7522.0,7534.0,19720.0,511896.0,513445.0
2024-06-25 10:30:00,7534.0,7576.0,7534.0,7554.0,68416.0,513445.0,510301.0
2024-06-25 11:00:00,7554.0,7572.0,7544.0,7568.0,30546.0,510301.0,507159.0
2024-06-25 13:30:00,7566.0,7582.0,7558.0,7568.0,46647.0,507159.0,500262.0
2024-06-25 14:00:00,7568.0,7574.0,7546.0,7556.0,34109.0,500262.0,499756.0
2024-06-25 14:30:00,7556.0,7592.0,7540.0,7582.0,67300.0,499756.0,493492.0
2024-06-25 21:00:00,7588.0,7610.0,7580.0,7594.0,76808.0,493492.0,495841.0
2024-06-25 21:30:00,7594.0,7600.0,7564.0,7568.0,51444.0,495841.0,494265.0
2024-06-25 22:00:00,7568.0,7594.0,7564.0,7576.0,39997.0,494265.0,494735.0
2024-06-25 22:30:00,7576.0,7592.0,7568.0,7570.0,29081.0,494735.0,492509.0
2024-06-26 09:00:00,7542.0,7542.0,7480.0,7514.0,117796.0,492509.0,497012.0
2024-06-26 09:30:00,7514.0,7528.0,7506.0,7516.0,35355.0,497012.0,498148.0
2024-06-26 10:00:00,7516.0,7534.0,7512.0,7532.0,15762.0,498148.0,498370.0
2024-06-26 10:30:00,7532.0,7558.0,7524.0,7556.0,46486.0,498370.0,497496.0
2024-06-26 11:00:00,7556.0,7608.0,7554.0,7604.0,107577.0,497496.0,499954.0
2024-06-26 13:30:00,7602.0,7620.0,7602.0,7614.0,48683.0,499954.0,501888.0
2024-06-26 14:00:00,7614.0,7644.0,7610.0,7638.0,57232.0,501888.0,503782.0
2024-06-26 14:30:00,7638.0,7656.0,7628.0,7640.0,63207.0,503782.0,502940.0
2024-06-26 21:00:00,7634.0,7638.0,7612.0,7614.0,53941.0,502940.0,502017.0
2024-06-26 21:30:00,7614.0,7624.0,7602.0,7616.0,49648.0,502017.0,502431.0
2024-06-26 22:00:00,7616.0,7640.0,7612.0,7620.0,45234.0,502431.0,501931.0
2024-06-26 22:30:00,7620.0,7632.0,7612.0,7622.0,32472.0,501931.0,497593.0
2024-06-27 09:00:00,7626.0,7656.0,7618.0,7642.0,65093.0,497593.0,496170.0
2024-06-27 09:30:00,7642.0,7662.0,7634.0,7642.0,52117.0,496170.0,496385.0
2024-06-27 10:00:00,7642.0,7648.0,7634.0,7640.0,14662.0,496385.0,495395.0
2024-06-27 10:30:00,7642.0,7642.0,7594.0,7600.0,66789.0,495395.0,486358.0
2024-06-27 11:00:00,7600.0,7610.0,7580.0,7602.0,63529.0,486358.0,478608.0
2024-06-27 13:30:00,7594.0,7596.0,7568.0,7570.0,64867.0,478608.0,472847.0
2024-06-27 14:00:00,7570.0,7590.0,7564.0,7588.0,35826.0,472847.0,470070.0
2024-06-27 14:30:00,7588.0,7596.0,7572.0,7586.0,46018.0,470070.0,465490.0
2024-06-27 21:00:00,7636.0,7692.0,7630.0,7678.0,127867.0,465490.0,478085.0
2024-06-27 21:30:00,7678.0,7690.0,7644.0,7648.0,71593.0,478085.0,480054.0
2024-06-27 22:00:00,7648.0,7658.0,7632.0,7638.0,44097.0,480054.0,477104.0
2024-06-27 22:30:00,7638.0,7656.0,7634.0,7646.0,36242.0,477104.0,471268.0
2024-06-28 09:00:00,7620.0,7634.0,7604.0,7634.0,53988.0,471268.0,471662.0
2024-06-28 09:30:00,7634.0,7648.0,7624.0,7646.0,33647.0,471662.0,473112.0
2024-06-28 10:00:00,7646.0,7648.0,7632.0,7636.0,16814.0,473112.0,474816.0
2024-06-28 10:30:00,7636.0,7668.0,7636.0,7660.0,56850.0,474816.0,478866.0
2024-06-28 11:00:00,7660.0,7690.0,7660.0,7686.0,61370.0,478866.0,492572.0
2024-06-28 13:30:00,7686.0,7686.0,7660.0,7672.0,51293.0,492572.0,497577.0
2024-06-28 14:00:00,7672.0,7684.0,7660.0,7676.0,37166.0,497577.0,497026.0
2024-06-28 14:30:00,7676.0,7682.0,7658.0,7666.0,51235.0,497026.0,490608.0
2024-06-28 21:00:00,7654.0,7692.0,7644.0,7684.0,76345.0,490608.0,496771.0
2024-06-28 21:30:00,7684.0,7688.0,7666.0,7680.0,40114.0,496771.0,498439.0
2024-06-28 22:00:00,7680.0,7698.0,7674.0,7688.0,46695.0,498439.0,499500.0
2024-06-28 22:30:00,7688.0,7692.0,7678.0,7688.0,27594.0,499500.0,497402.0
2024-07-01 09:00:00,7702.0,7784.0,7702.0,7782.0,169406.0,497402.0,522185.0
2024-07-01 09:30:00,7782.0,7820.0,7780.0,7806.0,94371.0,522185.0,539265.0
2024-07-01 10:00:00,7806.0,7826.0,7786.0,7816.0,48047.0,539265.0,542417.0
2024-07-01 10:30:00,7820.0,7822.0,7788.0,7814.0,61762.0,542417.0,548220.0
2024-07-01 11:00:00,7814.0,7886.0,7812.0,7870.0,127133.0,548220.0,562637.0
2024-07-01 13:30:00,7868.0,7876.0,7834.0,7844.0,76338.0,562637.0,555469.0
2024-07-01 14:00:00,7844.0,7850.0,7834.0,7840.0,28301.0,555469.0,557704.0
2024-07-01 14:30:00,7840.0,7870.0,7840.0,7868.0,64757.0,557704.0,557046.0
2024-07-01 21:00:00,7850.0,7882.0,7844.0,7872.0,85534.0,557046.0,570234.0
2024-07-01 21:30:00,7872.0,7890.0,7858.0,7872.0,62817.0,570234.0,573735.0
2024-07-01 22:00:00,7872.0,7878.0,7856.0,7874.0,49667.0,573735.0,569806.0
2024-07-01 22:30:00,7874.0,7896.0,7874.0,7888.0,49903.0,569806.0,567413.0
2024-07-02 09:00:00,7914.0,7944.0,7902.0,7914.0,104481.0,567413.0,576674.0
2024-07-02 09:30:00,7914.0,7934.0,7902.0,7928.0,41917.0,576674.0,577556.0
2024-07-02 10:00:00,7928.0,7940.0,7922.0,7930.0,17633.0,577556.0,579095.0
2024-07-02 10:30:00,7932.0,7964.0,7922.0,7962.0,64036.0,579095.0,587166.0
2024-07-02 11:00:00,7962.0,7990.0,7954.0,7984.0,55471.0,587166.0,591947.0
2024-07-02 13:30:00,7990.0,8030.0,7990.0,8008.0,97103.0,591947.0,593816.0
2024-07-02 14:00:00,8008.0,8014.0,7966.0,7984.0,77432.0,593816.0,584902.0
2024-07-02 14:30:00,7984.0,7998.0,7978.0,7994.0,54942.0,584902.0,580487.0
2024-07-02 21:00:00,8046.0,8064.0,8012.0,8028.0,125185.0,580487.0,589211.0
2024-07-02 21:30:00,8028.0,8034.0,8014.0,8024.0,51586.0,589211.0,591395.0
2024-07-02 22:00:00,8024.0,8026.0,7998.0,7998.0,45219.0,591395.0,589650.0
2024-07-02 22:30:00,7998.0,8012.0,7994.0,8008.0,37097.0,589650.0,586600.0
2024-07-03 09:00:00,7988.0,8006.0,7978.0,8006.0,67757.0,586600.0,589222.0
2024-07-03 09:30:00,8006.0,8008.0,7972.0,7984.0,52040.0,589222.0,588118.0
2024-07-03 10:00:00,7984.0,7988.0,7966.0,7974.0,18084.0,588118.0,587320.0
2024-07-03 10:30:00,7972.0,7974.0,7936.0,7962.0,106743.0,587320.0,582619.0
2024-07-03 11:00:00,7962.0,7982.0,7960.0,7982.0,48038.0,582619.0,581388.0
2024-07-03 13:30:00,7984.0,7994.0,7972.0,7986.0,35615.0,581388.0,582829.0
2024-07-03 14:00:00,7986.0,7998.0,7980.0,7988.0,32147.0,582829.0,583230.0
2024-07-03 14:30:00,7988.0,8008.0,7980.0,7986.0,55205.0,583230.0,580445.0
2024-07-03 21:00:00,8028.0,8028.0,7992.0,8016.0,73969.0,580445.0,586158.0
2024-07-03 21:30:00,8016.0,8088.0,8016.0,8086.0,97296.0,586158.0,601325.0
2024-07-03 22:00:00,8086.0,8106.0,8064.0,8090.0,134360.0,601325.0,612208.0
2024-07-03 22:30:00,8090.0,8100.0,8036.0,8046.0,116583.0,612208.0,597589.0
2024-07-04 09:00:00,8076.0,8078.0,8042.0,8050.0,66494.0,597589.0,603629.0
2024-07-04 09:30:00,8050.0,8050.0,8018.0,8030.0,60038.0,603629.0,604066.0
2024-07-04 10:00:00,8030.0,8048.0,8024.0,8042.0,17914.0,604066.0,604044.0
2024-07-04 10:30:00,8044.0,8046.0,8008.0,8038.0,54020.0,604044.0,603243.0
2024-07-04 11:00:00,8038.0,8046.0,8014.0,8020.0,35744.0,603243.0,600403.0
2024-07-04 13:30:00,8016.0,8022.0,7994.0,8014.0,55240.0,600403.0,596853.0
2024-07-04 14:00:00,8014.0,8014.0,7954.0,7990.0,96076.0,596853.0,588874.0
2024-07-04 14:30:00,7990.0,8008.0,7980.0,8000.0,59869.0,588874.0,581395.0
2024-07-04 21:00:00,7998.0,8018.0,7980.0,8016.0,75132.0,581395.0,590171.0
2024-07-04 21:30:00,8016.0,8058.0,8012.0,8050.0,68068.0,590171.0,598023.0
2024-07-04 22:00:00,8050.0,8054.0,8022.0,8030.0,46737.0,598023.0,593822.0
2024-07-04 22:30:00,8030.0,8032.0,7986.0,8004.0,59236.0,593822.0,585141.0
2024-07-05 09:00:00,7996.0,8034.0,7990.0,8030.0,53134.0,585141.0,591241.0
2024-07-05 09:30:00,8030.0,8040.0,8006.0,8032.0,42879.0,591241.0,593276.0
2024-07-05 10:00:00,8032.0,8042.0,8020.0,8022.0,22005.0,593276.0,593436.0
2024-07-05 10:30:00,8022.0,8048.0,7992.0,8016.0,78293.0,593436.0,593157.0
2024-07-05 11:00:00,8016.0,8038.0,7988.0,7988.0,46359.0,593157.0,590376.0
2024-07-05 13:30:00,7984.0,8014.0,7964.0,8002.0,94940.0,590376.0,589703.0
2024-07-05 14:00:00,8002.0,8018.0,7978.0,7980.0,42852.0,589703.0,590240.0
2024-07-05 14:30:00,7980.0,8002.0,7924.0,7954.0,101238.0,590240.0,571337.0
2024-07-05 21:00:00,7948.0,7954.0,7912.0,7932.0,98993.0,571337.0,574876.0
2024-07-05 21:30:00,7932.0,7970.0,7922.0,7968.0,71836.0,574876.0,575156.0
2024-07-05 22:00:00,7968.0,7982.0,7956.0,7976.0,45439.0,575156.0,576535.0
2024-07-05 22:30:00,7976.0,8020.0,7974.0,8014.0,50598.0,576535.0,576169.0
2024-07-08 09:00:00,7992.0,8002.0,7920.0,7930.0,130689.0,576169.0,572517.0
2024-07-08 09:30:00,7930.0,7952.0,7926.0,7940.0,47245.0,572517.0,570671.0
2024-07-08 10:00:00,7940.0,7966.0,7930.0,7952.0,25950.0,570671.0,570773.0
2024-07-08 10:30:00,7954.0,7954.0,7874.0,7882.0,112781.0,570773.0,554999.0
2024-07-08 11:00:00,7882.0,7906.0,7874.0,7880.0,48346.0,554999.0,548917.0
2024-07-08 13:30:00,7878.0,7882.0,7854.0,7876.0,59952.0,548917.0,544480.0
2024-07-08 14:00:00,7876.0,7918.0,7874.0,7900.0,48610.0,544480.0,544955.0
2024-07-08 14:30:00,7900.0,7910.0,7884.0,7904.0,46229.0,544955.0,539922.0
2024-07-08 21:00:00,7882.0,7892.0,7860.0,7866.0,71762.0,539922.0,541792.0
2024-07-08 21:30:00,7866.0,7876.0,7846.0,7874.0,69145.0,541792.0,534774.0
2024-07-08 22:00:00,7874.0,7896.0,7868.0,7874.0,55043.0,534774.0,532593.0
2024-07-08 22:30:00,7874.0,7888.0,7856.0,7858.0,42723.0,532593.0,525734.0
2024-07-09 09:00:00,7850.0,7856.0,7816.0,7844.0,86809.0,525734.0,518140.0
2024-07-09 09:30:00,7844.0,7872.0,7840.0,7870.0,47372.0,518140.0,520469.0
2024-07-09 10:00:00,7870.0,7876.0,7830.0,7836.0,33454.0,520469.0,515579.0
2024-07-09 10:30:00,7834.0,7844.0,7766.0,7768.0,105866.0,515579.0,505333.0
2024-07-09 11:00:00,7768.0,7800.0,7762.0,7780.0,100525.0,505333.0,492451.0
2024-07-09 13:30:00,7780.0,7792.0,7764.0,7780.0,52042.0,492451.0,490895.0
2024-07-09 14:00:00,7780.0,7794.0,7752.0,7754.0,50428.0,490895.0,487073.0
2024-07-09 14:30:00,7754.0,7790.0,7752.0,7778.0,63025.0,487073.0,479436.0
2024-07-09 21:00:00,7766.0,7784.0,7752.0,7756.0,64852.0,479436.0,486318.0
2024-07-09 21:30:00,7756.0,7770.0,7726.0,7738.0,73187.0,486318.0,483596.0
2024-07-09 22:00:00,7738.0,7742.0,7702.0,7710.0,69541.0,483596.0,481270.0
2024-07-09 22:30:00,7710.0,7726.0,7696.0,7696.0,51091.0,481270.0,474202.0
2024-07-10 09:00:00,7668.0,7690.0,7612.0,7612.0,148782.0,474202.0,466636.0
2024-07-10 09:30:00,7612.0,7620.0,7582.0,7598.0,88627.0,466636.0,463257.0
2024-07-10 10:00:00,7598.0,7602.0,7582.0,7582.0,31611.0,463257.0,463480.0
2024-07-10 10:30:00,7582.0,7610.0,7580.0,7594.0,67291.0,463480.0,457234.0
2024-07-10 11:00:00,7594.0,7596.0,7558.0,7572.0,67601.0,457234.0,447021.0
2024-07-10 13:30:00,7582.0,7604.0,7576.0,7584.0,62117.0,447021.0,440986.0
2024-07-10 14:00:00,7584.0,7628.0,7574.0,7622.0,59095.0,440986.0,440481.0
2024-07-10 14:30:00,7622.0,7634.0,7610.0,7612.0,65681.0,440481.0,430648.0
2024-07-10 21:00:00,7654.0,7692.0,7638.0,7660.0,113011.0,430648.0,430538.0
2024-07-10 21:30:00,7660.0,7670.0,7644.0,7658.0,61844.0,430538.0,432317.0
2024-07-10 22:00:00,7658.0,7672.0,7656.0,7666.0,33836.0,432317.0,431605.0
2024-07-10 22:30:00,7666.0,7670.0,7644.0,7644.0,25674.0,431605.0,426061.0
2024-07-11 09:00:00,7624.0,7656.0,7614.0,7628.0,58382.0,426061.0,427260.0
2024-07-11 09:30:00,7628.0,7638.0,7614.0,7628.0,42963.0,427260.0,426951.0
2024-07-11 10:00:00,7628.0,7648.0,7624.0,7646.0,22702.0,426951.0,425559.0
2024-07-11 10:30:00,7646.0,7674.0,7644.0,7670.0,54944.0,425559.0,425560.0
2024-07-11 11:00:00,7670.0,7686.0,7648.0,7682.0,42961.0,425560.0,424287.0
2024-07-11 13:30:00,7676.0,7686.0,7662.0,7666.0,48265.0,424287.0,423062.0
2024-07-11 14:00:00,7666.0,7668.0,7644.0,7650.0,26427.0,423062.0,421820.0
2024-07-11 14:30:00,7650.0,7656.0,7630.0,7638.0,41281.0,421820.0,417382.0
2024-07-11 21:00:00,7686.0,7692.0,7662.0,7666.0,64107.0,417382.0,415342.0
2024-07-11 21:30:00,7666.0,7704.0,7654.0,7704.0,66732.0,415342.0,415219.0
2024-07-11 22:00:00,7704.0,7732.0,7700.0,7714.0,91278.0,415219.0,415275.0
2024-07-11 22:30:00,7714.0,7746.0,7712.0,7726.0,71380.0,415275.0,407764.0
2024-07-12 09:00:00,7706.0,7730.0,7704.0,7712.0,48896.0,407764.0,408777.0
2024-07-12 09:30:00,7712.0,7772.0,7710.0,7760.0,56883.0,408777.0,412093.0
2024-07-12 10:00:00,7760.0,7804.0,7754.0,7800.0,53424.0,412093.0,414434.0
2024-07-12 10:30:00,7802.0,7830.0,7794.0,7804.0,95876.0,414434.0,414456.0
2024-07-12 11:00:00,7804.0,7844.0,7802.0,7816.0,77998.0,414456.0,413195.0
2024-07-12 13:30:00,7802.0,7802.0,7764.0,7786.0,87834.0,413195.0,405516.0
2024-07-12 14:00:00,7786.0,7804.0,7778.0,7782.0,37006.0,405516.0,403681.0
2024-07-12 14:30:00,7782.0,7796.0,7764.0,7766.0,55082.0,403681.0,397909.0
2024-07-12 21:00:00,7766.0,7784.0,7746.0,7748.0,82853.0,397909.0,400027.0
2024-07-12 21:30:00,7748.0,7762.0,7730.0,7740.0,63888.0,400027.0,394495.0
2024-07-12 22:00:00,7740.0,7744.0,7700.0,7724.0,67980.0,394495.0,390120.0
2024-07-12 22:30:00,7724.0,7732.0,7704.0,7716.0,54083.0,390120.0,381542.0
2024-07-15 09:00:00,7662.0,7680.0,7638.0,7664.0,111331.0,381542.0,379715.0
2024-07-15 09:30:00,7664.0,7690.0,7660.0,7670.0,46794.0,379715.0,381999.0
2024-07-15 10:00:00,7670.0,7674.0,7642.0,7658.0,26635.0,381999.0,383896.0
2024-07-15 10:30:00,7656.0,7722.0,7654.0,7710.0,68506.0,383896.0,382381.0
2024-07-15 11:00:00,7710.0,7742.0,7706.0,7734.0,52517.0,382381.0,380556.0
2024-07-15 13:30:00,7722.0,7732.0,7690.0,7726.0,54697.0,380556.0,380035.0
2024-07-15 14:00:00,7726.0,7730.0,7700.0,7706.0,31980.0,380035.0,377691.0
2024-07-15 14:30:00,7706.0,7726.0,7690.0,7718.0,47658.0,377691.0,372035.0
2024-07-15 21:00:00,7696.0,7732.0,7666.0,7732.0,90010.0,372035.0,378835.0
2024-07-15 21:30:00,7732.0,7734.0,7684.0,7696.0,61031.0,378835.0,384324.0
2024-07-15 22:00:00,7696.0,7722.0,7688.0,7714.0,34077.0,384324.0,382250.0
2024-07-15 22:30:00,7714.0,7730.0,7710.0,7724.0,41820.0,382250.0,379801.0
2024-07-16 09:00:00,7742.0,7766.0,7742.0,7742.0,70127.0,379801.0,378747.0
2024-07-16 09:30:00,7742.0,7758.0,7736.0,7742.0,30612.0,378747.0,379002.0
2024-07-16 10:00:00,7742.0,7746.0,7728.0,7742.0,17446.0,379002.0,378402.0
2024-07-16 10:30:00,7742.0,7862.0,7738.0,7830.0,164276.0,378402.0,393652.0
2024-07-16 11:00:00,7830.0,7842.0,7782.0,7782.0,73908.0,393652.0,386636.0
2024-07-16 13:30:00,7788.0,7826.0,7776.0,7824.0,56551.0,386636.0,388137.0
2024-07-16 14:00:00,7824.0,7826.0,7804.0,7818.0,29322.0,388137.0,386048.0
2024-07-16 14:30:00,7818.0,7828.0,7808.0,7820.0,39091.0,386048.0,383639.0
2024-07-16 21:00:00,7792.0,7848.0,7786.0,7838.0,76568.0,383639.0,393147.0
2024-07-16 21:30:00,7838.0,7856.0,7806.0,7850.0,70978.0,393147.0,392479.0
2024-07-16 22:00:00,7850.0,7876.0,7846.0,7868.0,59086.0,392479.0,398949.0
2024-07-16 22:30:00,7868.0,7888.0,7858.0,7862.0,60763.0,398949.0,394483.0
2024-07-17 09:00:00,7856.0,7888.0,7852.0,7886.0,62805.0,394483.0,397398.0
2024-07-17 09:30:00,7886.0,7922.0,7882.0,7920.0,84266.0,397398.0,405909.0
2024-07-17 10:00:00,7920.0,7948.0,7910.0,7946.0,38647.0,405909.0,411825.0
2024-07-17 10:30:00,7946.0,7954.0,7912.0,7920.0,76100.0,411825.0,416531.0
2024-07-17 11:00:00,7920.0,7922.0,7876.0,7880.0,55001.0,416531.0,412000.0
2024-07-17 13:30:00,7870.0,7878.0,7846.0,7870.0,65212.0,412000.0,404467.0
2024-07-17 14:00:00,7870.0,7888.0,7846.0,7854.0,54081.0,404467.0,404341.0
2024-07-17 14:30:00,7854.0,7878.0,7848.0,7878.0,45453.0,404341.0,402614.0
2024-07-17 21:00:00,7894.0,7916.0,7876.0,7912.0,75793.0,402614.0,410495.0
2024-07-17 21:30:00,7912.0,7916.0,7882.0,7894.0,59887.0,410495.0,409845.0
2024-07-17 22:00:00,7894.0,7896.0,7854.0,7868.0,55578.0,409845.0,407251.0
2024-07-17 22:30:00,7868.0,7884.0,7834.0,7840.0,58233.0,407251.0,401940.0
2024-07-18 09:00:00,7810.0,7862.0,7806.0,7860.0,72565.0,401940.0,401956.0
2024-07-18 09:30:00,7860.0,7880.0,7842.0,7862.0,47743.0,401956.0,403988.0
2024-07-18 10:00:00,7862.0,7868.0,7820.0,7832.0,27174.0,403988.0,402476.0
2024-07-18 10:30:00,7830.0,7888.0,7816.0,7858.0,68124.0,402476.0,403151.0
2024-07-18 11:00:00,7858.0,7880.0,7856.0,7862.0,31114.0,403151.0,403140.0
2024-07-18 13:30:00,7858.0,7884.0,7852.0,7876.0,39232.0,403140.0,405482.0
2024-07-18 14:00:00,7876.0,7920.0,7870.0,7910.0,60132.0,405482.0,407605.0
2024-07-18 14:30:00,7910.0,7946.0,7902.0,7916.0,88881.0,407605.0,402531.0
2024-07-18 21:00:00,7886.0,7896.0,7832.0,7846.0,119814.0,402531.0,397140.0
2024-07-18 21:30:00,7846.0,7852.0,7818.0,7822.0,75987.0,397140.0,398022.0
2024-07-18 22:00:00,7822.0,7838.0,7814.0,7830.0,45722.0,398022.0,398272.0
2024-07-18 22:30:00,7830.0,7838.0,7804.0,7834.0,49465.0,398272.0,390225.0
2024-07-19 09:00:00,7830.0,7850.0,7820.0,7836.0,53909.0,390225.0,392585.0
2024-07-19 09:30:00,7836.0,7854.0,7806.0,7816.0,56133.0,392585.0,393244.0
2024-07-19 10:00:00,7816.0,7846.0,7810.0,7834.0,27683.0,393244.0,389997.0
2024-07-19 10:30:00,7832.0,7876.0,7830.0,7870.0,63545.0,389997.0,390531.0
2024-07-19 11:00:00,7870.0,7874.0,7832.0,7838.0,55148.0,390531.0,388903.0
2024-07-19 13:30:00,7836.0,7836.0,7776.0,7822.0,83290.0,388903.0,385749.0
2024-07-19 14:00:00,7822.0,7862.0,7810.0,7854.0,53380.0,385749.0,381850.0
2024-07-19 14:30:00,7854.0,7864.0,7842.0,7850.0,35923.0,381850.0,376642.0
2024-07-19 21:00:00,7896.0,7908.0,7834.0,7834.0,91357.0,376642.0,378997.0
2024-07-19 21:30:00,7834.0,7850.0,7818.0,7838.0,70317.0,378997.0,380825.0
2024-07-19 22:00:00,7838.0,7840.0,7792.0,7792.0,47733.0,380825.0,383066.0
2024-07-19 22:30:00,7792.0,7808.0,7732.0,7750.0,107596.0,383066.0,374569.0
2024-07-22 09:00:00,7760.0,7800.0,7754.0,7776.0,88169.0,374569.0,372778.0
2024-07-22 09:30:00,7776.0,7850.0,7768.0,7830.0,77975.0,372778.0,367911.0
2024-07-22 10:00:00,7830.0,7864.0,7826.0,7846.0,35317.0,367911.0,367732.0
2024-07-22 10:30:00,7846.0,7948.0,7846.0,7938.0,126921.0,367732.0,378224.0
2024-07-22 11:00:00,7938.0,7956.0,7922.0,7934.0,76550.0,378224.0,383099.0
2024-07-22 13:30:00,7936.0,7940.0,7914.0,7930.0,47335.0,383099.0,388978.0
2024-07-22 14:00:00,7930.0,7960.0,7922.0,7940.0,49238.0,388978.0,393807.0
2024-07-22 14:30:00,7940.0,7992.0,7938.0,7958.0,103119.0,393807.0,396766.0
2024-07-22 21:00:00,7952.0,7974.0,7942.0,7958.0,70603.0,396766.0,404373.0
2024-07-22 21:30:00,7958.0,7998.0,7954.0,7972.0,68670.0,404373.0,406803.0
2024-07-22 22:00:00,7972.0,7990.0,7962.0,7978.0,34803.0,406803.0,409465.0
2024-07-22 22:30:00,7978.0,7980.0,7946.0,7960.0,42028.0,409465.0,403125.0
2024-07-23 09:00:00,7954.0,8008.0,7950.0,8004.0,70771.0,403125.0,406026.0
2024-07-23 09:30:00,8004.0,8036.0,8002.0,8030.0,58553.0,406026.0,413901.0
2024-07-23 10:00:00,8030.0,8038.0,8004.0,8012.0,36382.0,413901.0,412835.0
2024-07-23 10:30:00,8012.0,8020.0,7962.0,7972.0,64677.0,412835.0,407298.0
2024-07-23 11:00:00,7972.0,7976.0,7926.0,7938.0,80232.0,407298.0,400176.0
2024-07-23 13:30:00,7938.0,7942.0,7908.0,7932.0,63735.0,400176.0,394377.0
2024-07-23 14:00:00,7932.0,7942.0,7884.0,7922.0,70745.0,394377.0,390693.0
2024-07-23 14:30:00,7922.0,7922.0,7896.0,7896.0,47085.0,390693.0,384876.0
2024-07-23 21:00:00,7914.0,7938.0,7908.0,7934.0,68464.0,384876.0,393875.0
2024-07-23 21:30:00,7934.0,7954.0,7928.0,7934.0,61115.0,393875.0,396619.0
2024-07-23 22:00:00,7934.0,7970.0,7922.0,7964.0,55982.0,396619.0,398541.0
2024-07-23 22:30:00,7964.0,7976.0,7942.0,7958.0,48272.0,398541.0,394834.0
2024-07-24 09:00:00,7936.0,7944.0,7872.0,7918.0,106579.0,394834.0,390698.0
2024-07-24 09:30:00,7918.0,7936.0,7904.0,7926.0,43714.0,390698.0,390014.0
2024-07-24 10:00:00,7926.0,7956.0,7914.0,7922.0,30149.0,390014.0,389666.0
2024-07-24 10:30:00,7924.0,7948.0,7894.0,7898.0,62716.0,389666.0,391166.0
2024-07-24 11:00:00,7898.0,7914.0,7870.0,7892.0,63541.0,391166.0,388191.0
2024-07-24 13:30:00,7874.0,7874.0,7736.0,7754.0,223027.0,388191.0,389266.0
2024-07-24 14:00:00,7754.0,7776.0,7742.0,7762.0,86871.0,389266.0,384721.0
2024-07-24 14:30:00,7762.0,7800.0,7742.0,7746.0,113853.0,384721.0,373490.0
2024-07-24 21:00:00,7770.0,7782.0,7756.0,7772.0,72528.0,373490.0,373131.0
2024-07-24 21:30:00,7772.0,7786.0,7752.0,7758.0,46758.0,373131.0,375096.0
2024-07-24 22:00:00,7758.0,7794.0,7746.0,7780.0,59001.0,375096.0,371681.0
2024-07-24 22:30:00,7780.0,7788.0,7770.0,7778.0,33498.0,371681.0,367669.0
2024-07-25 09:00:00,7740.0,7746.0,7690.0,7702.0,112947.0,367669.0,360207.0
2024-07-25 09:30:00,7702.0,7756.0,7696.0,7738.0,64173.0,360207.0,355683.0
2024-07-25 10:00:00,7738.0,7742.0,7700.0,7708.0,28019.0,355683.0,354345.0
2024-07-25 10:30:00,7708.0,7722.0,7678.0,7702.0,84440.0,354345.0,349128.0
2024-07-25 11:00:00,7702.0,7742.0,7696.0,7736.0,60481.0,349128.0,351007.0
2024-07-25 13:30:00,7740.0,7754.0,7724.0,7748.0,44614.0,351007.0,352165.0
2024-07-25 14:00:00,7748.0,7782.0,7744.0,7748.0,58135.0,352165.0,352424.0
2024-07-25 14:30:00,7748.0,7760.0,7722.0,7744.0,53796.0,352424.0,346877.0
2024-07-25 21:00:00,7756.0,7786.0,7732.0,7776.0,80615.0,346877.0,349728.0
2024-07-25 21:30:00,7776.0,7786.0,7746.0,7750.0,55954.0,349728.0,349740.0
2024-07-25 22:00:00,7750.0,7802.0,7742.0,7788.0,67490.0,349740.0,350035.0
2024-07-25 22:30:00,7788.0,7818.0,7780.0,7808.0,55893.0,350035.0,342773.0
2024-07-26 09:00:00,7818.0,7844.0,7794.0,7840.0,78593.0,342773.0,338799.0
2024-07-26 09:30:00,7840.0,7878.0,7836.0,7864.0,71943.0,338799.0,341294.0
2024-07-26 10:00:00,7864.0,7874.0,7854.0,7872.0,25936.0,341294.0,340493.0
2024-07-26 10:30:00,7868.0,7890.0,7842.0,7888.0,57521.0,340493.0,340732.0
2024-07-26 11:00:00,7888.0,7908.0,7878.0,7880.0,70300.0,340732.0,345280.0
2024-07-26 13:30:00,7876.0,7892.0,7864.0,7886.0,36552.0,345280.0,347290.0
2024-07-26 14:00:00,7886.0,7890.0,7866.0,7884.0,28885.0,347290.0,349669.0
2024-07-26 14:30:00,7884.0,7896.0,7860.0,7880.0,46827.0,349669.0,346274.0
2024-07-26 21:00:00,7842.0,7872.0,7836.0,7866.0,69311.0,346274.0,347282.0
2024-07-26 21:30:00,7866.0,7870.0,7838.0,7844.0,43701.0,347282.0,346484.0
2024-07-26 22:00:00,7844.0,7848.0,7812.0,7820.0,51565.0,346484.0,344667.0
2024-07-26 22:30:00,7820.0,7832.0,7798.0,7804.0,47866.0,344667.0,338692.0
2024-07-29 09:00:00,7738.0,7744.0,7630.0,7652.0,235788.0,338692.0,341772.0
2024-07-29 09:30:00,7652.0,7706.0,7646.0,7698.0,84436.0,341772.0,334529.0
2024-07-29 10:00:00,7698.0,7700.0,7680.0,7692.0,22224.0,334529.0,333308.0
2024-07-29 10:30:00,7694.0,7790.0,7690.0,7780.0,125439.0,333308.0,330060.0
2024-07-29 11:00:00,7780.0,7826.0,7766.0,7826.0,78519.0,330060.0,331824.0
2024-07-29 13:30:00,7826.0,7890.0,7826.0,7858.0,97020.0,331824.0,342136.0
2024-07-29 14:00:00,7858.0,7896.0,7854.0,7876.0,63567.0,342136.0,353678.0
2024-07-29 14:30:00,7876.0,7922.0,7874.0,7882.0,99703.0,353678.0,352866.0
2024-07-29 21:00:00,7830.0,7852.0,7744.0,7798.0,203910.0,352866.0,334515.0
2024-07-29 21:30:00,7798.0,7810.0,7758.0,7804.0,102333.0,334515.0,334568.0
2024-07-29 22:00:00,7804.0,7806.0,7768.0,7772.0,53529.0,334568.0,334721.0
2024-07-29 22:30:00,7772.0,7798.0,7768.0,7784.0,49443.0,334721.0,328470.0
2024-07-30 09:00:00,7850.0,7876.0,7834.0,7846.0,101780.0,328470.0,332908.0
2024-07-30 09:30:00,7846.0,7860.0,7832.0,7838.0,43086.0,332908.0,332978.0
2024-07-30 10:00:00,7838.0,7842.0,7808.0,7820.0,30102.0,332978.0,331816.0
2024-07-30 10:30:00,7822.0,7906.0,7820.0,7898.0,120775.0,331816.0,346153.0
2024-07-30 11:00:00,7898.0,7948.0,7882.0,7892.0,117112.0,346153.0,354205.0
2024-07-30 13:30:00,7886.0,7896.0,7838.0,7860.0,94888.0,354205.0,349278.0
2024-07-30 14:00:00,7860.0,7884.0,7850.0,7856.0,42921.0,349278.0,348066.0
2024-07-30 14:30:00,7856.0,7868.0,7822.0,7852.0,75470.0,348066.0,342457.0
2024-07-30 21:00:00,7820.0,7858.0,7814.0,7834.0,77799.0,342457.0,345082.0
2024-07-30 21:30:00,7834.0,7842.0,7784.0,7802.0,109857.0,345082.0,340030.0
2024-07-30 22:00:00,7802.0,7856.0,7768.0,7832.0,105988.0,340030.0,338692.0
2024-07-30 22:30:00,7832.0,7876.0,7832.0,7870.0,76248.0,338692.0,340370.0
2024-07-31 09:00:00,7894.0,7908.0,7854.0,7858.0,96078.0,340370.0,346058.0
2024-07-31 09:30:00,7858.0,7860.0,7810.0,7844.0,98187.0,346058.0,337397.0
2024-07-31 10:00:00,7844.0,7852.0,7822.0,7824.0,30068.0,337397.0,334993.0
2024-07-31 10:30:00,7826.0,7878.0,7816.0,7868.0,66751.0,334993.0,336725.0
2024-07-31 11:00:00,7868.0,7874.0,7802.0,7824.0,78430.0,336725.0,329670.0
2024-07-31 13:30:00,7830.0,7850.0,7810.0,7814.0,53863.0,329670.0,328697.0
2024-07-31 14:00:00,7814.0,7818.0,7760.0,7790.0,94089.0,328697.0,327702.0
2024-07-31 14:30:00,7790.0,7810.0,7774.0,7782.0,65371.0,327702.0,318910.0
2024-07-31 21:00:00,7826.0,7876.0,7814.0,7834.0,121759.0,318910.0,318307.0
2024-07-31 21:30:00,7834.0,7850.0,7818.0,7850.0,65419.0,318307.0,319543.0
2024-07-31 22:00:00,7850.0,7850.0,7808.0,7838.0,53845.0,319543.0,318268.0
2024-07-31 22:30:00,7838.0,7840.0,7812.0,7828.0,40045.0,318268.0,314020.0
2024-08-01 09:00:00,7864.0,7872.0,7838.0,7848.0,74227.0,314020.0,319483.0
2024-08-01 09:30:00,7848.0,7852.0,7798.0,7804.0,61962.0,319483.0,318411.0
2024-08-01 10:00:00,7804.0,7806.0,7746.0,7750.0,78010.0,318411.0,320867.0
2024-08-01 10:30:00,7752.0,7790.0,7736.0,7756.0,110454.0,320867.0,323372.0
2024-08-01 11:00:00,7756.0,7802.0,7734.0,7776.0,78070.0,323372.0,318160.0
2024-08-01 13:30:00,7784.0,7812.0,7768.0,7808.0,50072.0,318160.0,317339.0
2024-08-01 14:00:00,7808.0,7812.0,7756.0,7760.0,49174.0,317339.0,312512.0
2024-08-01 14:30:00,7760.0,7774.0,7746.0,7764.0,56331.0,312512.0,308634.0
2024-08-01 21:00:00,7766.0,7820.0,7740.0,7818.0,106274.0,308634.0,310694.0
2024-08-01 21:30:00,7818.0,7882.0,7814.0,7870.0,196996.0,310694.0,327057.0
2024-08-01 22:00:00,7870.0,7878.0,7836.0,7846.0,66893.0,327057.0,327411.0
2024-08-01 22:30:00,7846.0,7858.0,7828.0,7852.0,58972.0,327411.0,321823.0
2024-08-02 09:00:00,7844.0,7844.0,7806.0,7836.0,78116.0,321823.0,317702.0
2024-08-02 09:30:00,7836.0,7888.0,7832.0,7870.0,92126.0,317702.0,331068.0
2024-08-02 10:00:00,7870.0,7900.0,7858.0,7874.0,58114.0,331068.0,336831.0
2024-08-02 10:30:00,7870.0,7892.0,7838.0,7870.0,87746.0,336831.0,334734.0
2024-08-02 11:00:00,7870.0,7894.0,7862.0,7878.0,50708.0,334734.0,336522.0
2024-08-02 13:30:00,7888.0,7956.0,7888.0,7956.0,125459.0,336522.0,362061.0
2024-08-02 14:00:00,7956.0,7992.0,7942.0,7986.0,102888.0,362061.0,383979.0
2024-08-02 14:30:00,7986.0,7998.0,7952.0,7968.0,86301.0,383979.0,377976.0
2024-08-02 21:00:00,7938.0,7948.0,7900.0,7914.0,118498.0,377976.0,365985.0
2024-08-02 21:30:00,7914.0,7926.0,7888.0,7904.0,76553.0,365985.0,354318.0
2024-08-02 22:00:00,7904.0,7910.0,7830.0,7832.0,119918.0,354318.0,337166.0
2024-08-02 22:30:00,7832.0,7862.0,7808.0,7856.0,111113.0,337166.0,323809.0
2024-08-05 09:00:00,7812.0,7850.0,7784.0,7828.0,122228.0,323809.0,321684.0
2024-08-05 09:30:00,7828.0,7854.0,7792.0,7794.0,71348.0,321684.0,319402.0
2024-08-05 10:00:00,7794.0,7800.0,7770.0,7784.0,64337.0,319402.0,317698.0
2024-08-05 10:30:00,7790.0,7866.0,7790.0,7866.0,80873.0,317698.0,315517.0
2024-08-05 11:00:00,7866.0,7924.0,7866.0,7924.0,130907.0,315517.0,320183.0
2024-08-05 13:30:00,7900.0,7900.0,7858.0,7860.0,87193.0,320183.0,311933.0
2024-08-05 14:00:00,7860.0,7876.0,7850.0,7858.0,42143.0,311933.0,310401.0
2024-08-05 14:30:00,7858.0,7880.0,7852.0,7856.0,49191.0,310401.0,302483.0
2024-08-05 21:00:00,7756.0,7790.0,7686.0,7706.0,235256.0,302483.0,308371.0
2024-08-05 21:30:00,7706.0,7740.0,7684.0,7688.0,113367.0,308371.0,309433.0
2024-08-05 22:00:00,7688.0,7762.0,7684.0,7740.0,86881.0,309433.0,302985.0
2024-08-05 22:30:00,7740.0,7776.0,7736.0,7764.0,62733.0,302985.0,295334.0
2024-08-06 09:00:00,7788.0,7844.0,7788.0,7818.0,115742.0,295334.0,289798.0
2024-08-06 09:30:00,7818.0,7818.0,7748.0,7754.0,69113.0,289798.0,284001.0
2024-08-06 10:00:00,7754.0,7758.0,7672.0,7676.0,85912.0,284001.0,294706.0
2024-08-06 10:30:00,7678.0,7704.0,7616.0,7620.0,180294.0,294706.0,314708.0
2024-08-06 11:00:00,7620.0,7630.0,7592.0,7598.0,144287.0,314708.0,325076.0
2024-08-06 13:30:00,7620.0,7628.0,7600.0,7606.0,77266.0,325076.0,327003.0
2024-08-06 14:00:00,7606.0,7640.0,7594.0,7632.0,81428.0,327003.0,324014.0
2024-08-06 14:30:00,7632.0,7648.0,7586.0,7600.0,95884.0,324014.0,316532.0
2024-08-06 21:00:00,7550.0,7582.0,7534.0,7566.0,100987.0,316532.0,314900.0
2024-08-06 21:30:00,7566.0,7592.0,7566.0,7574.0,69507.0,314900.0,315520.0
2024-08-06 22:00:00,7574.0,7608.0,7562.0,7576.0,58263.0,315520.0,316031.0
2024-08-06 22:30:00,7576.0,7588.0,7556.0,7580.0,55346.0,316031.0,310102.0
2024-08-07 09:00:00,7606.0,7614.0,7580.0,7588.0,62514.0,310102.0,311615.0
2024-08-07 09:30:00,7588.0,7636.0,7574.0,7632.0,74165.0,311615.0,307728.0
2024-08-07 10:00:00,7632.0,7638.0,7588.0,7602.0,43610.0,307728.0,303582.0
2024-08-07 10:30:00,7608.0,7630.0,7562.0,7574.0,81721.0,303582.0,305107.0
2024-08-07 11:00:00,7574.0,7578.0,7556.0,7576.0,41155.0,305107.0,304390.0
2024-08-07 13:30:00,7590.0,7602.0,7586.0,7592.0,38512.0,304390.0,299832.0
2024-08-07 14:00:00,7592.0,7604.0,7578.0,7594.0,30594.0,299832.0,297279.0
2024-08-07 14:30:00,7594.0,7598.0,7562.0,7564.0,62978.0,297279.0,288511.0
2024-08-07 21:00:00,7622.0,7630.0,7594.0,7608.0,87384.0,288511.0,282285.0
2024-08-07 21:30:00,7608.0,7640.0,7600.0,7606.0,58602.0,282285.0,279036.0
2024-08-07 22:00:00,7606.0,7608.0,7584.0,7598.0,38127.0,279036.0,278061.0
2024-08-07 22:30:00,7598.0,7616.0,7596.0,7610.0,33737.0,278061.0,271470.0
2024-08-08 09:00:00,7610.0,7638.0,7598.0,7620.0,73266.0,271470.0,261630.0
2024-08-08 09:30:00,7620.0,7624.0,7592.0,7616.0,70664.0,261630.0,256542.0
2024-08-08 10:00:00,7616.0,7644.0,7612.0,7628.0,36407.0,256542.0,254061.0
2024-08-08 10:30:00,7628.0,7676.0,7620.0,7652.0,89683.0,254061.0,250670.0
2024-08-08 11:00:00,7652.0,7654.0,7630.0,7640.0,40860.0,250670.0,245675.0
2024-08-08 13:30:00,7632.0,7632.0,7590.0,7602.0,55991.0,245675.0,242092.0
2024-08-08 14:00:00,7602.0,7614.0,7592.0,7610.0,27768.0,242092.0,238089.0
2024-08-08 14:30:00,7610.0,7618.0,7592.0,7596.0,32367.0,238089.0,231578.0
2024-08-08 21:00:00,7604.0,7640.0,7600.0,7620.0,51235.0,231578.0,230893.0
2024-08-08 21:30:00,7620.0,7650.0,7614.0,7642.0,47950.0,230893.0,228581.0
2024-08-08 22:00:00,7642.0,7648.0,7620.0,7644.0,30082.0,228581.0,225998.0
2024-08-08 22:30:00,7644.0,7662.0,7634.0,7642.0,32859.0,225998.0,223198.0
2024-08-09 09:00:00,7654.0,7738.0,7654.0,7718.0,151018.0,223198.0,216672.0
2024-08-09 09:30:00,7718.0,7744.0,7702.0,7732.0,60486.0,216672.0,214830.0
2024-08-09 10:00:00,7732.0,7742.0,7718.0,7730.0,19347.0,214830.0,214748.0
2024-08-09 10:30:00,7734.0,7740.0,7698.0,7710.0,50132.0,214748.0,204738.0
2024-08-09 11:00:00,7710.0,7742.0,7704.0,7728.0,34745.0,204738.0,201634.0
2024-08-09 13:30:00,7728.0,7736.0,7718.0,7724.0,23249.0,201634.0,199484.0
2024-08-09 14:00:00,7724.0,7728.0,7704.0,7706.0,18652.0,199484.0,197258.0
2024-08-09 14:30:00,7706.0,7728.0,7696.0,7728.0,32866.0,197258.0,189745.0
2024-08-09 21:00:00,7748.0,7780.0,7724.0,7726.0,44404.0,189745.0,190391.0
2024-08-09 21:30:00,7726.0,7734.0,7702.0,7714.0,36291.0,190391.0,187221.0
2024-08-09 22:00:00,7714.0,7732.0,7704.0,7720.0,22771.0,187221.0,184779.0
2024-08-09 22:30:00,7720.0,7736.0,7718.0,7728.0,22211.0,184779.0,180885.0
2024-08-12 09:00:00,7716.0,7722.0,7686.0,7716.0,43030.0,180885.0,180524.0
2024-08-12 09:30:00,7716.0,7724.0,7676.0,7684.0,41630.0,180524.0,176279.0
2024-08-12 10:00:00,7684.0,7686.0,7656.0,7682.0,25250.0,176279.0,172248.0
2024-08-12 10:30:00,7682.0,7704.0,7676.0,7684.0,26311.0,172248.0,170623.0
2024-08-12 11:00:00,7684.0,7696.0,7664.0,7680.0,20471.0,170623.0,168791.0
2024-08-12 13:30:00,7720.0,7746.0,7716.0,7728.0,48413.0,168791.0,169117.0
2024-08-12 14:00:00,7728.0,7730.0,7710.0,7714.0,20101.0,169117.0,167968.0
2024-08-12 14:30:00,7714.0,7720.0,7684.0,7690.0,32218.0,167968.0,163735.0
2024-08-12 21:00:00,7676.0,7682.0,7646.0,7666.0,48960.0,163735.0,159661.0
2024-08-12 21:30:00,7666.0,7694.0,7656.0,7670.0,35817.0,159661.0,157705.0
2024-08-12 22:00:00,7670.0,7678.0,7652.0,7660.0,18767.0,157705.0,155488.0
2024-08-12 22:30:00,7660.0,7686.0,7658.0,7686.0,16411.0,155488.0,153064.0
2024-08-13 09:00:00,7676.0,7708.0,7646.0,7652.0,40113.0,153064.0,152362.0
2024-08-13 09:30:00,7652.0,7664.0,7626.0,7652.0,37663.0,152362.0,150076.0
2024-08-13 10:00:00,7652.0,7652.0,7622.0,7632.0,12280.0,150076.0,149249.0
2024-08-13 10:30:00,7632.0,7648.0,7626.0,7632.0,19019.0,149249.0,147528.0
2024-08-13 11:00:00,7632.0,7638.0,7560.0,7580.0,40017.0,147528.0,144255.0
2024-08-13 13:30:00,7578.0,7588.0,7546.0,7554.0,29301.0,144255.0,142034.0
2024-08-13 14:00:00,7554.0,7580.0,7540.0,7558.0,32412.0,142034.0,140864.0
2024-08-13 14:30:00,7558.0,7582.0,7552.0,7578.0,24702.0,140864.0,139657.0
2024-08-13 21:00:00,7442.0,7450.0,7396.0,7428.0,84342.0,139657.0,427761.0
2024-08-13 21:30:00,7428.0,7458.0,7414.0,7448.0,58994.0,427761.0,427118.0
2024-08-13 22:00:00,7448.0,7452.0,7422.0,7430.0,36190.0,427118.0,426605.0
2024-08-13 22:30:00,7430.0,7432.0,7392.0,7394.0,52817.0,426605.0,426629.0
2024-08-14 09:00:00,7374.0,7386.0,7346.0,7374.0,100411.0,426629.0,435859.0
2024-08-14 09:30:00,7374.0,7412.0,7362.0,7376.0,62923.0,435859.0,436860.0
2024-08-14 10:00:00,7376.0,7396.0,7366.0,7370.0,17932.0,436860.0,437295.0
2024-08-14 10:30:00,7370.0,7370.0,7324.0,7346.0,68852.0,437295.0,442011.0
2024-08-14 11:00:00,7346.0,7376.0,7330.0,7370.0,44904.0,442011.0,441125.0
2024-08-14 13:30:00,7388.0,7444.0,7388.0,7436.0,98365.0,441125.0,439665.0
2024-08-14 14:00:00,7436.0,7440.0,7412.0,7424.0,32264.0,439665.0,440168.0
2024-08-14 14:30:00,7424.0,7430.0,7406.0,7420.0,42373.0,440168.0,437743.0
2024-08-14 21:00:00,7454.0,7480.0,7434.0,7462.0,97869.0,437743.0,437193.0
2024-08-14 21:30:00,7462.0,7484.0,7432.0,7470.0,66697.0,437193.0,437461.0
2024-08-14 22:00:00,7470.0,7474.0,7452.0,7468.0,39683.0,437461.0,437147.0
2024-08-14 22:30:00,7468.0,7476.0,7432.0,7456.0,40806.0,437147.0,432659.0
2024-08-15 09:00:00,7446.0,7464.0,7432.0,7452.0,50096.0,432659.0,437013.0
2024-08-15 09:30:00,7452.0,7480.0,7450.0,7472.0,41457.0,437013.0,439490.0
2024-08-15 10:00:00,7472.0,7480.0,7462.0,7476.0,15980.0,439490.0,437815.0
2024-08-15 10:30:00,7478.0,7492.0,7460.0,7478.0,56757.0,437815.0,432731.0
2024-08-15 11:00:00,7478.0,7510.0,7466.0,7470.0,69073.0,432731.0,430669.0
2024-08-15 13:30:00,7474.0,7494.0,7456.0,7492.0,43037.0,430669.0,430199.0
2024-08-15 14:00:00,7492.0,7502.0,7480.0,7496.0,33239.0,430199.0,429981.0
2024-08-15 14:30:00,7496.0,7504.0,7482.0,7496.0,49634.0,429981.0,425194.0
2024-08-15 21:00:00,7474.0,7530.0,7468.0,7520.0,91997.0,425194.0,424626.0
2024-08-15 21:30:00,7520.0,7556.0,7508.0,7548.0,76415.0,424626.0,425324.0
2024-08-15 22:00:00,7548.0,7564.0,7534.0,7552.0,43491.0,425324.0,426280.0
2024-08-15 22:30:00,7552.0,7578.0,7546.0,7576.0,45126.0,426280.0,422248.0
2024-08-16 09:00:00,7536.0,7554.0,7526.0,7538.0,69544.0,422248.0,427155.0
2024-08-16 09:30:00,7538.0,7546.0,7522.0,7540.0,38793.0,427155.0,425755.0
2024-08-16 10:00:00,7540.0,7544.0,7524.0,7526.0,10534.0,425755.0,425789.0
2024-08-16 10:30:00,7522.0,7566.0,7514.0,7554.0,59470.0,425789.0,426306.0
2024-08-16 11:00:00,7554.0,7558.0,7536.0,7540.0,25099.0,426306.0,427696.0
2024-08-16 13:30:00,7528.0,7534.0,7510.0,7532.0,38005.0,427696.0,427003.0
2024-08-16 14:00:00,7532.0,7544.0,7502.0,7518.0,35621.0,427003.0,426986.0
2024-08-16 14:30:00,7518.0,7520.0,7480.0,7484.0,46780.0,426986.0,423961.0
2024-08-16 21:00:00,7452.0,7478.0,7444.0,7476.0,95157.0,423961.0,427650.0
2024-08-16 21:30:00,7476.0,7528.0,7476.0,7514.0,83168.0,427650.0,432352.0
2024-08-16 22:00:00,7514.0,7530.0,7502.0,7514.0,36217.0,432352.0,432491.0
2024-08-16 22:30:00,7514.0,7518.0,7494.0,7510.0,33351.0,432491.0,427935.0
2024-08-19 09:00:00,7568.0,7580.0,7522.0,7536.0,82177.0,427935.0,423785.0
2024-08-19 09:30:00,7536.0,7562.0,7534.0,7550.0,52400.0,423785.0,429088.0
2024-08-19 10:00:00,7550.0,7554.0,7528.0,7530.0,18184.0,429088.0,428958.0
2024-08-19 10:30:00,7530.0,7530.0,7488.0,7506.0,65586.0,428958.0,429484.0
2024-08-19 11:00:00,7506.0,7544.0,7504.0,7542.0,61106.0,429484.0,430512.0
2024-08-19 13:30:00,7522.0,7578.0,7520.0,7572.0,83777.0,430512.0,439926.0
2024-08-19 14:00:00,7572.0,7608.0,7564.0,7576.0,91252.0,439926.0,449173.0
2024-08-19 14:30:00,7576.0,7598.0,7568.0,7578.0,56242.0,449173.0,445453.0
2024-08-19 21:00:00,7564.0,7578.0,7552.0,7556.0,56934.0,445453.0,443999.0
2024-08-19 21:30:00,7556.0,7562.0,7540.0,7542.0,59053.0,443999.0,442499.0
2024-08-19 22:00:00,7542.0,7550.0,7534.0,7538.0,29654.0,442499.0,441331.0
2024-08-19 22:30:00,7538.0,7576.0,7534.0,7568.0,39511.0,441331.0,438494.0
2024-08-20 09:00:00,7584.0,7608.0,7580.0,7586.0,76166.0,438494.0,444650.0
2024-08-20 09:30:00,7586.0,7614.0,7584.0,7604.0,47131.0,444650.0,448764.0
2024-08-20 10:00:00,7604.0,7612.0,7582.0,7594.0,24622.0,448764.0,447064.0
2024-08-20 10:30:00,7596.0,7630.0,7582.0,7630.0,65826.0,447064.0,449747.0
2024-08-20 11:00:00,7630.0,7634.0,7598.0,7604.0,50452.0,449747.0,448875.0
2024-08-20 13:30:00,7600.0,7618.0,7590.0,7616.0,41226.0,448875.0,447186.0
2024-08-20 14:00:00,7616.0,7628.0,7608.0,7624.0,34483.0,447186.0,452265.0
2024-08-20 14:30:00,7624.0,7652.0,7624.0,7638.0,69964.0,452265.0,455594.0
2024-08-20 21:00:00,7626.0,7662.0,7616.0,7656.0,72327.0,455594.0,464498.0
2024-08-20 21:30:00,7656.0,7666.0,7642.0,7662.0,61795.0,464498.0,462483.0
2024-08-20 22:00:00,7662.0,7686.0,7658.0,7674.0,53318.0,462483.0,465275.0
2024-08-20 22:30:00,7674.0,7680.0,7660.0,7668.0,28558.0,465275.0,463266.0
2024-08-21 09:00:00,7688.0,7694.0,7666.0,7672.0,55714.0,463266.0,468894.0
2024-08-21 09:30:00,7672.0,7684.0,7642.0,7644.0,61323.0,468894.0,470983.0
2024-08-21 10:00:00,7644.0,7654.0,7638.0,7646.0,19989.0,470983.0,471560.0
2024-08-21 10:30:00,7650.0,7662.0,7628.0,7634.0,48763.0,471560.0,474900.0
2024-08-21 11:00:00,7634.0,7652.0,7628.0,7650.0,27933.0,474900.0,473752.0
2024-08-21 13:30:00,7652.0,7680.0,7650.0,7652.0,56546.0,473752.0,473685.0
2024-08-21 14:00:00,7652.0,7670.0,7648.0,7662.0,23782.0,473685.0,472713.0
2024-08-21 14:30:00,7662.0,7666.0,7636.0,7648.0,44559.0,472713.0,471337.0
2024-08-21 21:00:00,7676.0,7710.0,7668.0,7682.0,87568.0,471337.0,475104.0
2024-08-21 21:30:00,7682.0,7688.0,7672.0,7682.0,36050.0,475104.0,476382.0
2024-08-21 22:00:00,7682.0,7690.0,7666.0,7682.0,31787.0,476382.0,475248.0
2024-08-21 22:30:00,7682.0,7696.0,7674.0,7682.0,27535.0,475248.0,474395.0
2024-08-22 09:00:00,7670.0,7688.0,7662.0,7686.0,40048.0,474395.0,475386.0
2024-08-22 09:30:00,7686.0,7690.0,7668.0,7670.0,29262.0,475386.0,478281.0
2024-08-22 10:00:00,7670.0,7670.0,7648.0,7652.0,40166.0,478281.0,479925.0
2024-08-22 10:30:00,7652.0,7736.0,7650.0,7734.0,117232.0,479925.0,492241.0
2024-08-22 11:00:00,7734.0,7806.0,7730.0,7806.0,153079.0,492241.0,510085.0
2024-08-22 13:30:00,7806.0,7842.0,7792.0,7808.0,134205.0,510085.0,522474.0
2024-08-22 14:00:00,7808.0,7808.0,7774.0,7776.0,65279.0,522474.0,522285.0
2024-08-22 14:30:00,7776.0,7788.0,7758.0,7772.0,79592.0,522285.0,509003.0
2024-08-22 21:00:00,7800.0,7806.0,7766.0,7776.0,89628.0,509003.0,514904.0
2024-08-22 21:30:00,7776.0,7802.0,7768.0,7792.0,56462.0,514904.0,516494.0
2024-08-22 22:00:00,7792.0,7802.0,7762.0,7770.0,65579.0,516494.0,514022.0
2024-08-22 22:30:00,7770.0,7774.0,7752.0,7756.0,49889.0,514022.0,511512.0
2024-08-23 09:00:00,7748.0,7782.0,7740.0,7776.0,71898.0,511512.0,515683.0
2024-08-23 09:30:00,7776.0,7786.0,7770.0,7776.0,34900.0,515683.0,516487.0
2024-08-23 10:00:00,7776.0,7792.0,7772.0,7788.0,15053.0,516487.0,516448.0
2024-08-23 10:30:00,7786.0,7830.0,7776.0,7812.0,74824.0,516448.0,521652.0
2024-08-23 11:00:00,7812.0,7832.0,7808.0,7824.0,49443.0,521652.0,524773.0
2024-08-23 13:30:00,7826.0,7848.0,7818.0,7822.0,53402.0,524773.0,530151.0
2024-08-23 14:00:00,7822.0,7826.0,7806.0,7816.0,38575.0,530151.0,529657.0
2024-08-23 14:30:00,7816.0,7832.0,7812.0,7812.0,46229.0,529657.0,526160.0
2024-08-23 21:00:00,7860.0,7870.0,7830.0,7834.0,62910.0,526160.0,531021.0
2024-08-23 21:30:00,7834.0,7842.0,7822.0,7830.0,38748.0,531021.0,530762.0
2024-08-23 22:00:00,7830.0,7874.0,7830.0,7870.0,56137.0,530762.0,532659.0
2024-08-23 22:30:00,7870.0,7908.0,7866.0,7904.0,84215.0,532659.0,538043.0
2024-08-26 09:00:00,7908.0,7924.0,7872.0,7888.0,94686.0,538043.0,542081.0
2024-08-26 09:30:00,7888.0,7898.0,7866.0,7888.0,47097.0,542081.0,542414.0
2024-08-26 10:00:00,7888.0,7894.0,7880.0,7882.0,12152.0,542414.0,542419.0
2024-08-26 10:30:00,7878.0,7916.0,7870.0,7912.0,69874.0,542419.0,548961.0
2024-08-26 11:00:00,7912.0,7940.0,7898.0,7934.0,61852.0,548961.0,549644.0
2024-08-26 13:30:00,7948.0,8040.0,7940.0,8028.0,178254.0,549644.0,574075.0
2024-08-26 14:00:00,8028.0,8048.0,8022.0,8048.0,64610.0,574075.0,579781.0
2024-08-26 14:30:00,8048.0,8088.0,8030.0,8078.0,102203.0,579781.0,580888.0
2024-08-26 21:00:00,8058.0,8058.0,8016.0,8048.0,124926.0,580888.0,586584.0
2024-08-26 21:30:00,8048.0,8060.0,8040.0,8042.0,55889.0,586584.0,586261.0
2024-08-26 22:00:00,8042.0,8052.0,8032.0,8040.0,37887.0,586261.0,583179.0
2024-08-26 22:30:00,8040.0,8050.0,8034.0,8038.0,29454.0,583179.0,577146.0
2024-08-27 09:00:00,8036.0,8048.0,8026.0,8042.0,46116.0,577146.0,578982.0
2024-08-27 09:30:00,8042.0,8066.0,8014.0,8032.0,79968.0,578982.0,577135.0
2024-08-27 10:00:00,8032.0,8052.0,8032.0,8052.0,18200.0,577135.0,577718.0
2024-08-27 10:30:00,8052.0,8102.0,8046.0,8062.0,99517.0,577718.0,583547.0
2024-08-27 11:00:00,8062.0,8090.0,8060.0,8070.0,48932.0,583547.0,583696.0
2024-08-27 13:30:00,8072.0,8096.0,8060.0,8090.0,40240.0,583696.0,584763.0
2024-08-27 14:00:00,8090.0,8108.0,8080.0,8082.0,39264.0,584763.0,585329.0
2024-08-27 14:30:00,8082.0,8090.0,8052.0,8062.0,73322.0,585329.0,579455.0
2024-08-27 21:00:00,8048.0,8058.0,8034.0,8040.0,92930.0,579455.0,588936.0
2024-08-27 21:30:00,8040.0,8058.0,8030.0,8038.0,55979.0,588936.0,590869.0
2024-08-27 22:00:00,8038.0,8052.0,8024.0,8044.0,53083.0,590869.0,591814.0
2024-08-27 22:30:00,8044.0,8056.0,8034.0,8040.0,29841.0,591814.0,587386.0
2024-08-28 09:00:00,8018.0,8056.0,8010.0,8038.0,60036.0,587386.0,590632.0
2024-08-28 09:30:00,8038.0,8050.0,8026.0,8028.0,30381.0,590632.0,591617.0
2024-08-28 10:00:00,8028.0,8034.0,8014.0,8020.0,21782.0,591617.0,591399.0
2024-08-28 10:30:00,8016.0,8046.0,8002.0,8040.0,76641.0,591399.0,588856.0
2024-08-28 11:00:00,8040.0,8050.0,8006.0,8008.0,49410.0,588856.0,588647.0
2024-08-28 13:30:00,8018.0,8026.0,7952.0,7996.0,148860.0,588647.0,588240.0
2024-08-28 14:00:00,7996.0,8004.0,7978.0,7996.0,54007.0,588240.0,589300.0
2024-08-28 14:30:00,7996.0,8018.0,7990.0,8014.0,57774.0,589300.0,582980.0
2024-08-28 21:00:00,7978.0,7996.0,7970.0,7986.0,71400.0,582980.0,586669.0
2024-08-28 21:30:00,7986.0,8014.0,7984.0,7992.0,56361.0,586669.0,588758.0
2024-08-28 22:00:00,7992.0,8008.0,7988.0,7990.0,31620.0,588758.0,587980.0
2024-08-28 22:30:00,7990.0,8010.0,7972.0,7982.0,60538.0,587980.0,583162.0
2024-08-29 09:00:00,8002.0,8002.0,7926.0,7938.0,122490.0,583162.0,578746.0
2024-08-29 09:30:00,7938.0,7956.0,7932.0,7946.0,48143.0,578746.0,578853.0
2024-08-29 10:00:00,7946.0,7950.0,7922.0,7948.0,22802.0,578853.0,578209.0
2024-08-29 10:30:00,7950.0,7968.0,7934.0,7964.0,60203.0,578209.0,579943.0
2024-08-29 11:00:00,7964.0,7970.0,7950.0,7962.0,25707.0,579943.0,581014.0
2024-08-29 13:30:00,7976.0,8012.0,7972.0,8000.0,64313.0,581014.0,582258.0
2024-08-29 14:00:00,8000.0,8016.0,7990.0,8002.0,44726.0,582258.0,585260.0
2024-08-29 14:30:00,8002.0,8008.0,7976.0,7988.0,46318.0,585260.0,579214.0
2024-08-29 21:00:00,8010.0,8014.0,7990.0,8008.0,57235.0,579214.0,580957.0
2024-08-29 21:30:00,8008.0,8028.0,7996.0,8018.0,84006.0,580957.0,582205.0
2024-08-29 22:00:00,8018.0,8022.0,8008.0,8010.0,24968.0,582205.0,580861.0
2024-08-29 22:30:00,8010.0,8026.0,8004.0,8018.0,34128.0,580861.0,578247.0
2024-08-30 09:00:00,8044.0,8084.0,8038.0,8080.0,105883.0,578247.0,586338.0
2024-08-30 09:30:00,8080.0,8088.0,8034.0,8054.0,59539.0,586338.0,582497.0
2024-08-30 10:00:00,8054.0,8084.0,8054.0,8072.0,30194.0,582497.0,586224.0
2024-08-30 10:30:00,8074.0,8080.0,8034.0,8064.0,68096.0,586224.0,585022.0
2024-08-30 11:00:00,8064.0,8090.0,8056.0,8078.0,45770.0,585022.0,589212.0
2024-08-30 13:30:00,8072.0,8096.0,8068.0,8084.0,43760.0,589212.0,594382.0
2024-08-30 14:00:00,8084.0,8088.0,8050.0,8066.0,50842.0,594382.0,587496.0
2024-08-30 14:30:00,8066.0,8070.0,8046.0,8056.0,45458.0,587496.0,582584.0
2024-08-30 21:00:00,8078.0,8086.0,8028.0,8036.0,87760.0,582584.0,581668.0
2024-08-30 21:30:00,8036.0,8036.0,7978.0,7980.0,116374.0,581668.0,579114.0
2024-08-30 22:00:00,7980.0,8000.0,7972.0,7974.0,62880.0,579114.0,576392.0
2024-08-30 22:30:00,7974.0,7982.0,7952.0,7958.0,68024.0,576392.0,569700.0
2024-09-02 09:00:00,7948.0,7962.0,7930.0,7948.0,84230.0,569700.0,570712.0
2024-09-02 09:30:00,7948.0,7958.0,7886.0,7898.0,82774.0,570712.0,568015.0
2024-09-02 10:00:00,7898.0,7900.0,7866.0,7888.0,47459.0,568015.0,562942.0
2024-09-02 10:30:00,7888.0,7932.0,7888.0,7898.0,77048.0,562942.0,563326.0
2024-09-02 11:00:00,7898.0,7922.0,7886.0,7920.0,38930.0,563326.0,559649.0
2024-09-02 13:30:00,7932.0,7952.0,7930.0,7940.0,55902.0,559649.0,559724.0
2024-09-02 14:00:00,7940.0,7948.0,7916.0,7932.0,34910.0,559724.0,560704.0
2024-09-02 14:30:00,7932.0,7940.0,7896.0,7906.0,56489.0,560704.0,554998.0
2024-09-02 21:00:00,7924.0,7932.0,7898.0,7928.0,74489.0,554998.0,562639.0
2024-09-02 21:30:00,7928.0,7948.0,7910.0,7940.0,51441.0,562639.0,564923.0
2024-09-02 22:00:00,7940.0,7944.0,7916.0,7928.0,27974.0,564923.0,564340.0
2024-09-02 22:30:00,7928.0,7946.0,7916.0,7944.0,23883.0,564340.0,562739.0
2024-09-03 09:00:00,7940.0,7940.0,7876.0,7904.0,87442.0,562739.0,559994.0
2024-09-03 09:30:00,7904.0,7946.0,7904.0,7936.0,52761.0,559994.0,559798.0
2024-09-03 10:00:00,7936.0,7976.0,7934.0,7962.0,46579.0,559798.0,560889.0
2024-09-03 10:30:00,7960.0,7970.0,7918.0,7922.0,56087.0,560889.0,562392.0
2024-09-03 11:00:00,7922.0,8008.0,7890.0,7992.0,140710.0,562392.0,555722.0
2024-09-03 13:30:00,7990.0,8128.0,7982.0,7982.0,346416.0,555722.0,554943.0
2024-09-03 14:00:00,7982.0,8026.0,7970.0,7992.0,147997.0,554943.0,548567.0
2024-09-03 14:30:00,7992.0,8012.0,7978.0,7998.0,68334.0,548567.0,541882.0
2024-09-03 21:00:00,7976.0,7992.0,7916.0,7934.0,143053.0,541882.0,545298.0
2024-09-03 21:30:00,7934.0,7952.0,7926.0,7928.0,68310.0,545298.0,547093.0
2024-09-03 22:00:00,7928.0,7938.0,7882.0,7912.0,97957.0,547093.0,542395.0
2024-09-03 22:30:00,7912.0,7950.0,7906.0,7936.0,68194.0,542395.0,535148.0
2024-09-04 09:00:00,7928.0,7942.0,7910.0,7928.0,54387.0,535148.0,537430.0
2024-09-04 09:30:00,7928.0,7960.0,7920.0,7948.0,41126.0,537430.0,540007.0
2024-09-04 10:00:00,7948.0,7960.0,7914.0,7918.0,25925.0,540007.0,539782.0
2024-09-04 10:30:00,7914.0,7920.0,7848.0,7888.0,128297.0,539782.0,537282.0
2024-09-04 11:00:00,7888.0,7916.0,7856.0,7860.0,68087.0,537282.0,532170.0
2024-09-04 13:30:00,7858.0,7884.0,7846.0,7856.0,73121.0,532170.0,530800.0
2024-09-04 14:00:00,7856.0,7870.0,7824.0,7864.0,87549.0,530800.0,523142.0
2024-09-04 14:30:00,7864.0,7894.0,7860.0,7874.0,75536.0,523142.0,522266.0
2024-09-04 21:00:00,7886.0,7894.0,7840.0,7854.0,92744.0,522266.0,524994.0
2024-09-04 21:30:00,7854.0,7872.0,7832.0,7848.0,88691.0,524994.0,519993.0
2024-09-04 22:00:00,7848.0,7866.0,7830.0,7840.0,55379.0,519993.0,518565.0
2024-09-04 22:30:00,7840.0,7872.0,7832.0,7848.0,54775.0,518565.0,512277.0
2024-09-05 09:00:00,7824.0,7838.0,7798.0,7816.0,95898.0,512277.0,509645.0
2024-09-05 09:30:00,7816.0,7838.0,7808.0,7810.0,43230.0,509645.0,508478.0
2024-09-05 10:00:00,7810.0,7838.0,7806.0,7830.0,16250.0,508478.0,508771.0
2024-09-05 10:30:00,7830.0,7882.0,7828.0,7870.0,74026.0,508771.0,509577.0
2024-09-05 11:00:00,7870.0,7870.0,7842.0,7846.0,34068.0,509577.0,509316.0
2024-09-05 13:30:00,7842.0,7858.0,7828.0,7848.0,43097.0,509316.0,509705.0
2024-09-05 14:00:00,7848.0,7856.0,7832.0,7850.0,25019.0,509705.0,508827.0
2024-09-05 14:30:00,7850.0,7864.0,7848.0,7862.0,47492.0,508827.0,506335.0
2024-09-05 21:00:00,7898.0,7972.0,7896.0,7960.0,151833.0,506335.0,515048.0
2024-09-05 21:30:00,7960.0,7980.0,7946.0,7968.0,75193.0,515048.0,517667.0
2024-09-05 22:00:00,7968.0,7998.0,7968.0,7978.0,62399.0,517667.0,521875.0
2024-09-05 22:30:00,7978.0,8000.0,7972.0,7986.0,47363.0,521875.0,518907.0
2024-09-06 09:00:00,7974.0,7974.0,7922.0,7936.0,89506.0,518907.0,514888.0
2024-09-06 09:30:00,7936.0,7938.0,7906.0,7918.0,58909.0,514888.0,508357.0
2024-09-06 10:00:00,7918.0,7924.0,7892.0,7902.0,30183.0,508357.0,505550.0
2024-09-06 10:30:00,7902.0,7928.0,7870.0,7886.0,67258.0,505550.0,504851.0
2024-09-06 11:00:00,7886.0,7886.0,7860.0,7862.0,43507.0,504851.0,501044.0
2024-09-06 13:30:00,7858.0,7878.0,7852.0,7876.0,43239.0,501044.0,498548.0
2024-09-06 14:00:00,7876.0,7890.0,7862.0,7866.0,39262.0,498548.0,495639.0
2024-09-06 14:30:00,7866.0,7890.0,7866.0,7886.0,43450.0,495639.0,488602.0
2024-09-06 21:00:00,7894.0,7902.0,7858.0,7864.0,62401.0,488602.0,493674.0
2024-09-06 21:30:00,7864.0,7886.0,7850.0,7856.0,52472.0,493674.0,493656.0
2024-09-06 22:00:00,7856.0,7858.0,7830.0,7830.0,59421.0,493656.0,497322.0
2024-09-06 22:30:00,7830.0,7848.0,7822.0,7834.0,43301.0,497322.0,490522.0
2024-09-09 09:00:00,7822.0,7854.0,7808.0,7844.0,93608.0,490522.0,487882.0
2024-09-09 09:30:00,7844.0,7888.0,7828.0,7850.0,92896.0,487882.0,487520.0
2024-09-09 10:00:00,7850.0,7870.0,7840.0,7858.0,19462.0,487520.0,488277.0
2024-09-09 10:30:00,7858.0,7860.0,7754.0,7754.0,118792.0,488277.0,485749.0
2024-09-09 11:00:00,7754.0,7782.0,7742.0,7762.0,71846.0,485749.0,484427.0
2024-09-09 13:30:00,7768.0,7828.0,7762.0,7822.0,60215.0,484427.0,482536.0
2024-09-09 14:00:00,7822.0,7886.0,7820.0,7846.0,102119.0,482536.0,479082.0
2024-09-09 14:30:00,7846.0,7900.0,7830.0,7898.0,66696.0,479082.0,476982.0
2024-09-09 21:00:00,7888.0,7898.0,7842.0,7854.0,73705.0,476982.0,481269.0
2024-09-09 21:30:00,7854.0,7868.0,7834.0,7846.0,50803.0,481269.0,481003.0
2024-09-09 22:00:00,7846.0,7872.0,7836.0,7852.0,42650.0,481003.0,479991.0
2024-09-09 22:30:00,7852.0,7872.0,7844.0,7864.0,28539.0,479991.0,478553.0
2024-09-10 09:00:00,7880.0,7926.0,7878.0,7924.0,96784.0,478553.0,490411.0
2024-09-10 09:30:00,7924.0,7926.0,7878.0,7882.0,60457.0,490411.0,489521.0
2024-09-10 10:00:00,7882.0,7894.0,7872.0,7880.0,21452.0,489521.0,488204.0
2024-09-10 10:30:00,7884.0,7912.0,7856.0,7866.0,67682.0,488204.0,485945.0
2024-09-10 11:00:00,7866.0,7878.0,7852.0,7856.0,33528.0,485945.0,485996.0
2024-09-10 13:30:00,7850.0,7868.0,7836.0,7848.0,49264.0,485996.0,485492.0
2024-09-10 14:00:00,7848.0,7866.0,7814.0,7836.0,56984.0,485492.0,481522.0
2024-09-10 14:30:00,7836.0,7850.0,7818.0,7840.0,46806.0,481522.0,478907.0
2024-09-10 21:00:00,7854.0,7860.0,7820.0,7830.0,54523.0,478907.0,483557.0
2024-09-10 21:30:00,7830.0,7832.0,7782.0,7788.0,76231.0,483557.0,487181.0
2024-09-10 22:00:00,7788.0,7810.0,7772.0,7772.0,60083.0,487181.0,484092.0
2024-09-10 22:30:00,7772.0,7820.0,7772.0,7788.0,57126.0,484092.0,477881.0
2024-09-11 09:00:00,7780.0,7790.0,7758.0,7786.0,56948.0,477881.0,480103.0
2024-09-11 09:30:00,7786.0,7828.0,7782.0,7810.0,60461.0,480103.0,478469.0
2024-09-11 10:00:00,7810.0,7828.0,7784.0,7788.0,23126.0,478469.0,477128.0
2024-09-11 10:30:00,7786.0,7860.0,7782.0,7840.0,94334.0,477128.0,480890.0
2024-09-11 11:00:00,7840.0,7858.0,7828.0,7858.0,34734.0,480890.0,481898.0
2024-09-11 13:30:00,7852.0,7872.0,7844.0,7860.0,41277.0,481898.0,481616.0
2024-09-11 14:00:00,7860.0,7880.0,7838.0,7868.0,44561.0,481616.0,483043.0
2024-09-11 14:30:00,7868.0,7884.0,7866.0,7880.0,43018.0,483043.0,482817.0
2024-09-11 21:00:00,7856.0,7888.0,7834.0,7852.0,84808.0,482817.0,482772.0
2024-09-11 21:30:00,7852.0,7866.0,7840.0,7842.0,42860.0,482772.0,481434.0
2024-09-11 22:00:00,7842.0,7854.0,7822.0,7846.0,51055.0,481434.0,480177.0
2024-09-11 22:30:00,7846.0,7846.0,7802.0,7816.0,54570.0,480177.0,474992.0
2024-09-12 09:00:00,7826.0,7858.0,7826.0,7850.0,65197.0,474992.0,475131.0
2024-09-12 09:30:00,7850.0,7882.0,7836.0,7870.0,52787.0,475131.0,479307.0
2024-09-12 10:00:00,7870.0,7880.0,7856.0,7866.0,24230.0,479307.0,479291.0
2024-09-12 10:30:00,7866.0,7866.0,7720.0,7802.0,219674.0,479291.0,474603.0
2024-09-12 11:00:00,7802.0,7816.0,7784.0,7810.0,66106.0,474603.0,469730.0
2024-09-12 13:30:00,7810.0,7830.0,7788.0,7808.0,52413.0,469730.0,469033.0
2024-09-12 14:00:00,7808.0,7848.0,7794.0,7838.0,43388.0,469033.0,467448.0
2024-09-12 14:30:00,7838.0,7848.0,7812.0,7828.0,44654.0,467448.0,464865.0
2024-09-12 21:00:00,7826.0,7832.0,7786.0,7810.0,87628.0,464865.0,466584.0
2024-09-12 21:30:00,7810.0,7816.0,7788.0,7794.0,47546.0,466584.0,467035.0
2024-09-12 22:00:00,7794.0,7866.0,7792.0,7848.0,75792.0,467035.0,468905.0
2024-09-12 22:30:00,7848.0,7872.0,7840.0,7868.0,37543.0,468905.0,467840.0
2024-09-13 09:00:00,7888.0,7972.0,7888.0,7942.0,161064.0,467840.0,480513.0
2024-09-13 09:30:00,7942.0,7968.0,7910.0,7938.0,79496.0,480513.0,479490.0
2024-09-13 10:00:00,7938.0,7952.0,7922.0,7950.0,21941.0,479490.0,479052.0
2024-09-13 10:30:00,7948.0,7948.0,7850.0,7852.0,97405.0,479052.0,469010.0
2024-09-13 11:00:00,7852.0,7856.0,7762.0,7786.0,149188.0,469010.0,471594.0
2024-09-13 13:30:00,7786.0,7796.0,7776.0,7782.0,44065.0,471594.0,470345.0
2024-09-13 14:00:00,7782.0,7804.0,7770.0,7788.0,39551.0,470345.0,465061.0
2024-09-13 14:30:00,7788.0,7790.0,7754.0,7766.0,64175.0,465061.0,453039.0
2024-09-18 09:00:00,7790.0,7846.0,7774.0,7844.0,158106.0,453039.0,451036.0
2024-09-18 09:30:00,7844.0,7922.0,7830.0,7904.0,129229.0,451036.0,450462.0
2024-09-18 10:00:00,7904.0,7914.0,7886.0,7904.0,36075.0,450462.0,452866.0
2024-09-18 10:30:00,7904.0,7904.0,7864.0,7876.0,66052.0,452866.0,454524.0
2024-09-18 11:00:00,7876.0,7920.0,7872.0,7916.0,46770.0,454524.0,459414.0
2024-09-18 13:30:00,7908.0,7952.0,7896.0,7946.0,67722.0,459414.0,473750.0
2024-09-18 14:00:00,7946.0,7960.0,7938.0,7950.0,39635.0,473750.0,478439.0
2024-09-18 14:30:00,7950.0,7964.0,7940.0,7952.0,44924.0,478439.0,478416.0
2024-09-18 21:00:00,7970.0,8018.0,7952.0,7992.0,112940.0,478416.0,489964.0
2024-09-18 21:30:00,7992.0,8026.0,7992.0,8020.0,53063.0,489964.0,494550.0
2024-09-18 22:00:00,8020.0,8036.0,8006.0,8014.0,47381.0,494550.0,497180.0
2024-09-18 22:30:00,8014.0,8048.0,8014.0,8040.0,42703.0,497180.0,495037.0
2024-09-19 09:00:00,8016.0,8018.0,7960.0,7998.0,105548.0,495037.0,499553.0
2024-09-19 09:30:00,7998.0,8042.0,7998.0,8038.0,70551.0,499553.0,506999.0
2024-09-19 10:00:00,8038.0,8084.0,8036.0,8056.0,60289.0,506999.0,511860.0
2024-09-19 10:30:00,8054.0,8076.0,8026.0,8054.0,75674.0,511860.0,515677.0
2024-09-19 11:00:00,8054.0,8088.0,8048.0,8078.0,60693.0,515677.0,522049.0
2024-09-19 13:30:00,8084.0,8152.0,8084.0,8136.0,133640.0,522049.0,541490.0
2024-09-19 14:00:00,8136.0,8180.0,8136.0,8178.0,89974.0,541490.0,547398.0
2024-09-19 14:30:00,8178.0,8180.0,8152.0,8166.0,76504.0,547398.0,541912.0
2024-09-19 21:00:00,8126.0,8148.0,8114.0,8130.0,115990.0,541912.0,546109.0
2024-09-19 21:30:00,8130.0,8140.0,8120.0,8130.0,53914.0,546109.0,546087.0
2024-09-19 22:00:00,8130.0,8142.0,8124.0,8134.0,29324.0,546087.0,545179.0
2024-09-19 22:30:00,8134.0,8142.0,8106.0,8122.0,50846.0,545179.0,540554.0
2024-09-20 09:00:00,8132.0,8168.0,8126.0,8162.0,70281.0,540554.0,548920.0
2024-09-20 09:30:00,8162.0,8180.0,8146.0,8166.0,46233.0,548920.0,553508.0
2024-09-20 10:00:00,8166.0,8192.0,8160.0,8180.0,37895.0,553508.0,556242.0
2024-09-20 10:30:00,8182.0,8196.0,8156.0,8184.0,66282.0,556242.0,558182.0
2024-09-20 11:00:00,8184.0,8194.0,8164.0,8166.0,36642.0,558182.0,558126.0
2024-09-20 13:30:00,8154.0,8168.0,8146.0,8156.0,50353.0,558126.0,556370.0
2024-09-20 14:00:00,8156.0,8188.0,8152.0,8180.0,37491.0,556370.0,555355.0
2024-09-20 14:30:00,8180.0,8200.0,8174.0,8180.0,59341.0,555355.0,551792.0
2024-09-20 21:00:00,8172.0,8190.0,8158.0,8168.0,62751.0,551792.0,556241.0
2024-09-20 21:30:00,8168.0,8188.0,8156.0,8172.0,44502.0,556241.0,556395.0
2024-09-20 22:00:00,8172.0,8174.0,8148.0,8154.0,56731.0,556395.0,554951.0
2024-09-20 22:30:00,8154.0,8160.0,8136.0,8156.0,48913.0,554951.0,548370.0
2024-09-23 09:00:00,8192.0,8234.0,8160.0,8224.0,129153.0,548370.0,554541.0
2024-09-23 09:30:00,8224.0,8230.0,8192.0,8198.0,61044.0,554541.0,556921.0
2024-09-23 10:00:00,8198.0,8200.0,8174.0,8184.0,25538.0,556921.0,557314.0
2024-09-23 10:30:00,8186.0,8260.0,8186.0,8234.0,89255.0,557314.0,557817.0
2024-09-23 11:00:00,8234.0,8286.0,8230.0,8282.0,70498.0,557817.0,562717.0
2024-09-23 13:30:00,8286.0,8296.0,8270.0,8274.0,51778.0,562717.0,563841.0
2024-09-23 14:00:00,8274.0,8286.0,8250.0,8250.0,42876.0,563841.0,559300.0
2024-09-23 14:30:00,8250.0,8266.0,8226.0,8228.0,62615.0,559300.0,551138.0
2024-09-23 21:00:00,8228.0,8262.0,8216.0,8256.0,73242.0,551138.0,556077.0
2024-09-23 21:30:00,8256.0,8306.0,8254.0,8298.0,83935.0,556077.0,558331.0
2024-09-23 22:00:00,8298.0,8310.0,8280.0,8284.0,56195.0,558331.0,558114.0
2024-09-23 22:30:00,8284.0,8296.0,8274.0,8288.0,44481.0,558114.0,554605.0
2024-09-24 09:00:00,8264.0,8302.0,8258.0,8298.0,71752.0,554605.0,554422.0
2024-09-24 09:30:00,8298.0,8312.0,8282.0,8302.0,52419.0,554422.0,555442.0
2024-09-24 10:00:00,8302.0,8302.0,8274.0,8274.0,21315.0,555442.0,553858.0
2024-09-24 10:30:00,8274.0,8292.0,8242.0,8288.0,78632.0,553858.0,551621.0
2024-09-24 11:00:00,8288.0,8290.0,8246.0,8260.0,46576.0,551621.0,546617.0
2024-09-24 13:30:00,8270.0,8288.0,8248.0,8250.0,47370.0,546617.0,546976.0
2024-09-24 14:00:00,8250.0,8272.0,8246.0,8264.0,27637.0,546976.0,546217.0
2024-09-24 14:30:00,8264.0,8272.0,8242.0,8258.0,41438.0,546217.0,539925.0
2024-09-24 21:00:00,8304.0,8418.0,8288.0,8392.0,184463.0,539925.0,554717.0
2024-09-24 21:30:00,8392.0,8396.0,8356.0,8376.0,93140.0,554717.0,553528.0
2024-09-24 22:00:00,8376.0,8382.0,8346.0,8358.0,65596.0,553528.0,550557.0
2024-09-24 22:30:00,8358.0,8390.0,8352.0,8384.0,45465.0,550557.0,546325.0
2024-09-25 09:00:00,8410.0,8482.0,8402.0,8404.0,126967.0,546325.0,546078.0
2024-09-25 09:30:00,8404.0,8414.0,8338.0,8360.0,80407.0,546078.0,539836.0
2024-09-25 10:00:00,8360.0,8380.0,8344.0,8374.0,22098.0,539836.0,540627.0
2024-09-25 10:30:00,8368.0,8402.0,8352.0,8384.0,41708.0,540627.0,542343.0
2024-09-25 11:00:00,8384.0,8398.0,8360.0,8372.0,33926.0,542343.0,541700.0
2024-09-25 13:30:00,8360.0,8380.0,8352.0,8370.0,47232.0,541700.0,541859.0
2024-09-25 14:00:00,8370.0,8392.0,8366.0,8384.0,30413.0,541859.0,545316.0
2024-09-25 14:30:00,8384.0,8406.0,8380.0,8386.0,48892.0,545316.0,545144.0
2024-09-25 21:00:00,8386.0,8490.0,8380.0,8456.0,146831.0,545144.0,565936.0
2024-09-25 21:30:00,8456.0,8494.0,8446.0,8494.0,72697.0,565936.0,566622.0
2024-09-25 22:00:00,8494.0,8516.0,8482.0,8512.0,62427.0,566622.0,570871.0
2024-09-25 22:30:00,8512.0,8530.0,8490.0,8522.0,72880.0,570871.0,566443.0
2024-09-26 09:00:00,8534.0,8566.0,8490.0,8542.0,88699.0,566443.0,573434.0
2024-09-26 09:30:00,8542.0,8584.0,8536.0,8558.0,72426.0,573434.0,579096.0
2024-09-26 10:00:00,8558.0,8576.0,8556.0,8574.0,17745.0,579096.0,579733.0
2024-09-26 10:30:00,8572.0,8580.0,8518.0,8530.0,73099.0,579733.0,573414.0
2024-09-26 11:00:00,8530.0,8546.0,8494.0,8534.0,67191.0,573414.0,567004.0
2024-09-26 13:30:00,8546.0,8566.0,8522.0,8524.0,64921.0,567004.0,564099.0
2024-09-26 14:00:00,8524.0,8526.0,8462.0,8476.0,82448.0,564099.0,556937.0
2024-09-26 14:30:00,8476.0,8536.0,8474.0,8530.0,80460.0,556937.0,556262.0
2024-09-26 21:00:00,8636.0,8672.0,8594.0,8664.0,152923.0,556262.0,562719.0
2024-09-26 21:30:00,8664.0,8668.0,8540.0,8576.0,117095.0,562719.0,559027.0
2024-09-26 22:00:00,8576.0,8636.0,8572.0,8620.0,65256.0,559027.0,560177.0
2024-09-26 22:30:00,8620.0,8670.0,8614.0,8652.0,66693.0,560177.0,560211.0
2024-09-27 09:00:00,8560.0,8568.0,8496.0,8544.0,139643.0,560211.0,552547.0
2024-09-27 09:30:00,8544.0,8556.0,8522.0,8548.0,37864.0,552547.0,551531.0
2024-09-27 10:00:00,8548.0,8562.0,8534.0,8558.0,14326.0,551531.0,551705.0
2024-09-27 10:30:00,8564.0,8622.0,8564.0,8616.0,69199.0,551705.0,556239.0
2024-09-27 11:00:00,8616.0,8636.0,8588.0,8620.0,54970.0,556239.0,552276.0
2024-09-27 13:30:00,8616.0,8616.0,8556.0,8568.0,56781.0,552276.0,546544.0
2024-09-27 14:00:00,8568.0,8606.0,8566.0,8604.0,29892.0,546544.0,545532.0
2024-09-27 14:30:00,8604.0,8626.0,8586.0,8616.0,41684.0,545532.0,541373.0
2024-09-27 21:00:00,8516.0,8546.0,8502.0,8538.0,103415.0,541373.0,536341.0
2024-09-27 21:30:00,8538.0,8576.0,8534.0,8550.0,53691.0,536341.0,535336.0
2024-09-27 22:00:00,8550.0,8578.0,8546.0,8572.0,29049.0,535336.0,532844.0
2024-09-27 22:30:00,8572.0,8594.0,8562.0,8570.0,33949.0,532844.0,528014.0
2024-09-30 09:00:00,8592.0,8660.0,8516.0,8534.0,123280.0,528014.0,521616.0
2024-09-30 09:30:00,8534.0,8542.0,8476.0,8480.0,65740.0,521616.0,512209.0
2024-09-30 10:00:00,8480.0,8522.0,8472.0,8522.0,26871.0,512209.0,510255.0
2024-09-30 10:30:00,8522.0,8524.0,8430.0,8466.0,77284.0,510255.0,503177.0
2024-09-30 11:00:00,8466.0,8520.0,8446.0,8494.0,39158.0,503177.0,499469.0
2024-09-30 13:30:00,8492.0,8580.0,8486.0,8578.0,52902.0,499469.0,500885.0
2024-09-30 14:00:00,8578.0,8602.0,8524.0,8566.0,53375.0,500885.0,496418.0
2024-09-30 14:30:00,8566.0,8584.0,8516.0,8568.0,46214.0,496418.0,489280.0
2024-10-08 09:00:00,8974.0,9028.0,8896.0,9000.0,212307.0,489280.0,498560.0
2024-10-08 09:30:00,9000.0,9002.0,8910.0,8918.0,72015.0,498560.0,497108.0
2024-10-08 10:00:00,8918.0,8930.0,8822.0,8822.0,42582.0,497108.0,493314.0
2024-10-08 10:30:00,8822.0,8894.0,8764.0,8788.0,111781.0,493314.0,495119.0
2024-10-08 11:00:00,8788.0,8852.0,8782.0,8792.0,50994.0,495119.0,494348.0
2024-10-08 13:30:00,8776.0,8776.0,8722.0,8750.0,62961.0,494348.0,490693.0
2024-10-08 14:00:00,8750.0,8782.0,8724.0,8778.0,29455.0,490693.0,489528.0
2024-10-08 14:30:00,8778.0,8782.0,8744.0,8746.0,36678.0,489528.0,488022.0
2024-10-08 21:00:00,8766.0,8770.0,8686.0,8734.0,95298.0,488022.0,494196.0
2024-10-08 21:30:00,8734.0,8740.0,8690.0,8706.0,50621.0,494196.0,494306.0
2024-10-08 22:00:00,8706.0,8722.0,8664.0,8666.0,44907.0,494306.0,494862.0
2024-10-08 22:30:00,8666.0,8672.0,8628.0,8636.0,58351.0,494862.0,495846.0
2024-10-09 09:00:00,8658.0,8740.0,8652.0,8712.0,87515.0,495846.0,499808.0
2024-10-09 09:30:00,8712.0,8730.0,8680.0,8688.0,48495.0,499808.0,497114.0
2024-10-09 10:00:00,8688.0,8690.0,8652.0,8664.0,21948.0,497114.0,495668.0
2024-10-09 10:30:00,8666.0,8740.0,8654.0,8732.0,61070.0,495668.0,498471.0
2024-10-09 11:00:00,8732.0,8748.0,8706.0,8748.0,45226.0,498471.0,502274.0
2024-10-09 13:30:00,8758.0,8784.0,8750.0,8760.0,52891.0,502274.0,507024.0
2024-10-09 14:00:00,8760.0,8772.0,8730.0,8746.0,30846.0,507024.0,505049.0
2024-10-09 14:30:00,8746.0,8750.0,8672.0,8690.0,55794.0,505049.0,496507.0
2024-10-09 21:00:00,8662.0,8664.0,8568.0,8570.0,122919.0,496507.0,492353.0
2024-10-09 21:30:00,8570.0,8626.0,8566.0,8624.0,61219.0,492353.0,492311.0
2024-10-09 22:00:00,8624.0,8646.0,8612.0,8630.0,45718.0,492311.0,495921.0
2024-10-09 22:30:00,8630.0,8676.0,8630.0,8672.0,42333.0,495921.0,495763.0
2024-10-10 09:00:00,8704.0,8794.0,8692.0,8788.0,121010.0,495763.0,504517.0
2024-10-10 09:30:00,8788.0,8790.0,8746.0,8764.0,51817.0,504517.0,503393.0
2024-10-10 10:00:00,8764.0,8788.0,8760.0,8770.0,21627.0,503393.0,503771.0
2024-10-10 10:30:00,8764.0,8818.0,8746.0,8750.0,84393.0,503771.0,505340.0
2024-10-10 11:00:00,8750.0,8792.0,8740.0,8750.0,45610.0,505340.0,502904.0
2024-10-10 13:30:00,8756.0,8772.0,8728.0,8760.0,48678.0,502904.0,504226.0
2024-10-10 14:00:00,8760.0,8780.0,8742.0,8750.0,27286.0,504226.0,503616.0
2024-10-10 14:30:00,8750.0,8770.0,8684.0,8690.0,72117.0,503616.0,492221.0
2024-10-10 21:00:00,8708.0,8772.0,8704.0,8764.0,77102.0,492221.0,498746.0
2024-10-10 21:30:00,8764.0,8788.0,8750.0,8780.0,52013.0,498746.0,504465.0
2024-10-10 22:00:00,8780.0,8814.0,8752.0,8800.0,62978.0,504465.0,511474.0
2024-10-10 22:30:00,8800.0,8844.0,8786.0,8818.0,67769.0,511474.0,517466.0
2024-10-11 09:00:00,8846.0,8884.0,8812.0,8850.0,87740.0,517466.0,525285.0
2024-10-11 09:30:00,8850.0,8864.0,8830.0,8848.0,51542.0,525285.0,522328.0
2024-10-11 10:00:00,8848.0,8852.0,8818.0,8818.0,18325.0,522328.0,520475.0
2024-10-11 10:30:00,8822.0,8900.0,8812.0,8898.0,67590.0,520475.0,525112.0
2024-10-11 11:00:00,8898.0,8900.0,8850.0,8874.0,40579.0,525112.0,524371.0
2024-10-11 13:30:00,8884.0,8910.0,8874.0,8880.0,46419.0,524371.0,529337.0
2024-10-11 14:00:00,8880.0,8886.0,8830.0,8836.0,44160.0,529337.0,524078.0
2024-10-11 14:30:00,8836.0,8852.0,8790.0,8846.0,99232.0,524078.0,508694.0
2024-10-11 21:00:00,8886.0,8990.0,8874.0,8986.0,118944.0,508694.0,534126.0
2024-10-11 21:30:00,8986.0,9000.0,8966.0,8970.0,53143.0,534126.0,536739.0
2024-10-11 22:00:00,8970.0,8982.0,8952.0,8974.0,41037.0,536739.0,531387.0
2024-10-11 22:30:00,8974.0,8998.0,8946.0,8984.0,57587.0,531387.0,525995.0
2024-10-14 09:00:00,8926.0,8926.0,8820.0,8840.0,156802.0,525995.0,511329.0
2024-10-14 09:30:00,8840.0,8878.0,8808.0,8844.0,63024.0,511329.0,510464.0
2024-10-14 10:00:00,8844.0,8846.0,8814.0,8816.0,22091.0,510464.0,508318.0
2024-10-14 10:30:00,8812.0,9046.0,8808.0,8982.0,193326.0,508318.0,534933.0
2024-10-14 11:00:00,8982.0,9032.0,8972.0,9006.0,69260.0,534933.0,541105.0
2024-10-14 13:30:00,9000.0,9000.0,8858.0,8862.0,133526.0,541105.0,522617.0
2024-10-14 14:00:00,8862.0,8884.0,8846.0,8876.0,49375.0,522617.0,518726.0
2024-10-14 14:30:00,8876.0,8902.0,8840.0,8852.0,62516.0,518726.0,512526.0
2024-10-14 21:00:00,8836.0,8872.0,8786.0,8842.0,97319.0,512526.0,512993.0
2024-10-14 21:30:00,8842.0,8876.0,8812.0,8854.0,58459.0,512993.0,513112.0
2024-10-14 22:00:00,8854.0,8864.0,8814.0,8824.0,42851.0,513112.0,511473.0
2024-10-14 22:30:00,8824.0,8838.0,8802.0,8810.0,41444.0,511473.0,504729.0
2024-10-15 09:00:00,8756.0,8778.0,8714.0,8750.0,121083.0,504729.0,499669.0
2024-10-15 09:30:00,8750.0,8790.0,8744.0,8780.0,61148.0,499669.0,500785.0
2024-10-15 10:00:00,8780.0,8796.0,8770.0,8782.0,17997.0,500785.0,501702.0
2024-10-15 10:30:00,8786.0,8840.0,8778.0,8794.0,71074.0,501702.0,502158.0
2024-10-15 11:00:00,8794.0,8814.0,8760.0,8812.0,53810.0,502158.0,499361.0
2024-10-15 13:30:00,8786.0,8792.0,8742.0,8766.0,53877.0,499361.0,497920.0
2024-10-15 14:00:00,8766.0,8770.0,8726.0,8754.0,47749.0,497920.0,495519.0
2024-10-15 14:30:00,8754.0,8774.0,8724.0,8724.0,51480.0,495519.0,491462.0
2024-10-15 21:00:00,8742.0,8828.0,8738.0,8820.0,96550.0,491462.0,499073.0
2024-10-15 21:30:00,8820.0,8832.0,8806.0,8824.0,58781.0,499073.0,504549.0
2024-10-15 22:00:00,8824.0,8912.0,8818.0,8876.0,120136.0,504549.0,511121.0
2024-10-15 22:30:00,8876.0,8892.0,8864.0,8884.0,49116.0,511121.0,505986.0
2024-10-16 09:00:00,8902.0,8906.0,8854.0,8860.0,65030.0,505986.0,506946.0
2024-10-16 09:30:00,8860.0,8896.0,8856.0,8890.0,46151.0,506946.0,508725.0
2024-10-16 10:00:00,8890.0,8938.0,8880.0,8912.0,45877.0,508725.0,511607.0
2024-10-16 10:30:00,8912.0,8950.0,8894.0,8948.0,70201.0,511607.0,517452.0
2024-10-16 11:00:00,8948.0,8968.0,8934.0,8960.0,59399.0,517452.0,523201.0
2024-10-16 13:30:00,8938.0,8954.0,8926.0,8940.0,48002.0,523201.0,524167.0
2024-10-16 14:00:00,8940.0,8942.0,8906.0,8936.0,35296.0,524167.0,521117.0
2024-10-16 14:30:00,8936.0,8948.0,8882.0,8902.0,57750.0,521117.0,511725.0
2024-10-16 21:00:00,8924.0,8978.0,8920.0,8970.0,83933.0,511725.0,521942.0
2024-10-16 21:30:00,8970.0,8978.0,8932.0,8938.0,55702.0,521942.0,520660.0
2024-10-16 22:00:00,8938.0,8966.0,8918.0,8920.0,38299.0,520660.0,519761.0
2024-10-16 22:30:00,8920.0,8934.0,8890.0,8892.0,50798.0,519761.0,511872.0
2024-10-17 09:00:00,8878.0,8960.0,8872.0,8960.0,75878.0,511872.0,516986.0
2024-10-17 09:30:00,8960.0,8990.0,8948.0,8982.0,67977.0,516986.0,524057.0
2024-10-17 10:00:00,8982.0,8988.0,8954.0,8964.0,28243.0,524057.0,524373.0
2024-10-17 10:30:00,8958.0,8962.0,8912.0,8936.0,98430.0,524373.0,518537.0
2024-10-17 11:00:00,8936.0,8936.0,8838.0,8876.0,108881.0,518537.0,508096.0
2024-10-17 13:30:00,8886.0,8920.0,8886.0,8894.0,48854.0,508096.0,510275.0
2024-10-17 14:00:00,8894.0,8920.0,8842.0,8868.0,65476.0,510275.0,510108.0
2024-10-17 14:30:00,8868.0,8898.0,8852.0,8864.0,60110.0,510108.0,503156.0
2024-10-17 21:00:00,8898.0,8962.0,8874.0,8910.0,124842.0,503156.0,518739.0
2024-10-17 21:30:00,8910.0,8920.0,8858.0,8872.0,84764.0,518739.0,515175.0
2024-10-17 22:00:00,8872.0,8878.0,8824.0,8850.0,99305.0,515175.0,510768.0
2024-10-17 22:30:00,8850.0,8936.0,8848.0,8906.0,83081.0,510768.0,508625.0
2024-10-18 09:00:00,8974.0,9064.0,8974.0,9034.0,197710.0,508625.0,535761.0
2024-10-18 09:30:00,9034.0,9050.0,9012.0,9034.0,58050.0,535761.0,540240.0
2024-10-18 10:00:00,9034.0,9050.0,9014.0,9048.0,28304.0,540240.0,541817.0
2024-10-18 10:30:00,9048.0,9092.0,9048.0,9052.0,97355.0,541817.0,548758.0
2024-10-18 11:00:00,9052.0,9056.0,8848.0,8878.0,235490.0,548758.0,519949.0
2024-10-18 13:30:00,8898.0,8904.0,8832.0,8872.0,115248.0,519949.0,515036.0
2024-10-18 14:00:00,8872.0,8888.0,8852.0,8856.0,47216.0,515036.0,514732.0
2024-10-18 14:30:00,8856.0,8888.0,8826.0,8836.0,83365.0,514732.0,507704.0
2024-10-18 21:00:00,8802.0,8842.0,8788.0,8830.0,107381.0,507704.0,509970.0
2024-10-18 21:30:00,8830.0,8834.0,8772.0,8796.0,83354.0,509970.0,508813.0
2024-10-18 22:00:00,8796.0,8810.0,8782.0,8804.0,53152.0,508813.0,507844.0
2024-10-18 22:30:00,8804.0,8836.0,8804.0,8818.0,52538.0,507844.0,503627.0
2024-10-21 09:00:00,8808.0,8836.0,8756.0,8772.0,149145.0,503627.0,500821.0
2024-10-21 09:30:00,8772.0,8780.0,8736.0,8756.0,76078.0,500821.0,499220.0
2024-10-21 10:00:00,8756.0,8796.0,8750.0,8780.0,35257.0,499220.0,497245.0
2024-10-21 10:30:00,8784.0,8882.0,8784.0,8852.0,136220.0,497245.0,496566.0
2024-10-21 11:00:00,8852.0,8880.0,8832.0,8872.0,39001.0,496566.0,496526.0
2024-10-21 13:30:00,8874.0,8886.0,8846.0,8860.0,46080.0,496526.0,498839.0
2024-10-21 14:00:00,8860.0,8872.0,8830.0,8842.0,37349.0,498839.0,498177.0
2024-10-21 14:30:00,8842.0,8876.0,8838.0,8860.0,39830.0,498177.0,494386.0
2024-10-21 21:00:00,8890.0,8922.0,8862.0,8870.0,90651.0,494386.0,497257.0
2024-10-21 21:30:00,8870.0,8924.0,8862.0,8916.0,68783.0,497257.0,499740.0
2024-10-21 22:00:00,8916.0,8918.0,8892.0,8900.0,39758.0,499740.0,500281.0
2024-10-21 22:30:00,8900.0,8906.0,8878.0,8894.0,33407.0,500281.0,494834.0
2024-10-22 09:00:00,8894.0,8928.0,8862.0,8922.0,66643.0,494834.0,502877.0
2024-10-22 09:30:00,8922.0,8942.0,8896.0,8902.0,61462.0,502877.0,501027.0
2024-10-22 10:00:00,8902.0,8934.0,8902.0,8932.0,20704.0,501027.0,502699.0
2024-10-22 10:30:00,8932.0,8960.0,8926.0,8938.0,68199.0,502699.0,507002.0
2024-10-22 11:00:00,8938.0,8974.0,8934.0,8950.0,65054.0,507002.0,511306.0
2024-10-22 13:30:00,8952.0,8954.0,8922.0,8930.0,42198.0,511306.0,511766.0
2024-10-22 14:00:00,8930.0,8960.0,8918.0,8956.0,38671.0,511766.0,510972.0
2024-10-22 14:30:00,8956.0,8996.0,8938.0,8996.0,63974.0,510972.0,515363.0
2024-10-22 21:00:00,9032.0,9102.0,9014.0,9096.0,193167.0,515363.0,545902.0
2024-10-22 21:30:00,9096.0,9152.0,9094.0,9138.0,123867.0,545902.0,563239.0
2024-10-22 22:00:00,9138.0,9156.0,9128.0,9132.0,70443.0,563239.0,569155.0
2024-10-22 22:30:00,9132.0,9172.0,9132.0,9162.0,76437.0,569155.0,567985.0
2024-10-23 09:00:00,9170.0,9188.0,9150.0,9172.0,77884.0,567985.0,571161.0
2024-10-23 09:30:00,9172.0,9174.0,9138.0,9142.0,58288.0,571161.0,564623.0
2024-10-23 10:00:00,9142.0,9154.0,9122.0,9150.0,36304.0,564623.0,561452.0
2024-10-23 10:30:00,9150.0,9176.0,9128.0,9162.0,67916.0,561452.0,565972.0
2024-10-23 11:00:00,9162.0,9198.0,9160.0,9174.0,52274.0,565972.0,573438.0
2024-10-23 13:30:00,9190.0,9194.0,9162.0,9174.0,39349.0,573438.0,573767.0
2024-10-23 14:00:00,9174.0,9186.0,9152.0,9184.0,33181.0,573767.0,574031.0
2024-10-23 14:30:00,9184.0,9232.0,9160.0,9230.0,86434.0,574031.0,577374.0
2024-10-23 21:00:00,9208.0,9244.0,9190.0,9210.0,102861.0,577374.0,586587.0
2024-10-23 21:30:00,9210.0,9222.0,9186.0,9194.0,58379.0,586587.0,584768.0
2024-10-23 22:00:00,9194.0,9206.0,9184.0,9186.0,39491.0,584768.0,582929.0
2024-10-23 22:30:00,9186.0,9186.0,9112.0,9144.0,93161.0,582929.0,566626.0
2024-10-24 09:00:00,9174.0,9184.0,9148.0,9156.0,67854.0,566626.0,566365.0
2024-10-24 09:30:00,9156.0,9176.0,9144.0,9168.0,41393.0,566365.0,565045.0
2024-10-24 10:00:00,9168.0,9194.0,9150.0,9180.0,25283.0,565045.0,564883.0
2024-10-24 10:30:00,9188.0,9242.0,9172.0,9230.0,88598.0,564883.0,576221.0
2024-10-24 11:00:00,9230.0,9252.0,9224.0,9228.0,54831.0,576221.0,580348.0
2024-10-24 13:30:00,9212.0,9228.0,9200.0,9208.0,46518.0,580348.0,578253.0
2024-10-24 14:00:00,9208.0,9248.0,9208.0,9234.0,33779.0,578253.0,578479.0
2024-10-24 14:30:00,9234.0,9282.0,9222.0,9280.0,76309.0,578479.0,581387.0
2024-10-24 21:00:00,9328.0,9440.0,9326.0,9434.0,194490.0,581387.0,609601.0
2024-10-24 21:30:00,9434.0,9474.0,9428.0,9460.0,100662.0,609601.0,619605.0
2024-10-24 22:00:00,9460.0,9470.0,9396.0,9410.0,90247.0,619605.0,609463.0
2024-10-24 22:30:00,9410.0,9414.0,9318.0,9350.0,123177.0,609463.0,589803.0
2024-10-25 09:00:00,9362.0,9410.0,9338.0,9374.0,112377.0,589803.0,593377.0
2024-10-25 09:30:00,9374.0,9394.0,9358.0,9382.0,37992.0,593377.0,592996.0
2024-10-25 10:00:00,9382.0,9400.0,9358.0,9386.0,23158.0,592996.0,592957.0
2024-10-25 10:30:00,9388.0,9394.0,9324.0,9326.0,67118.0,592957.0,591236.0
2024-10-25 11:00:00,9326.0,9356.0,9266.0,9328.0,99115.0,591236.0,583992.0
2024-10-25 13:30:00,9314.0,9350.0,9302.0,9346.0,51794.0,583992.0,586504.0
2024-10-25 14:00:00,9346.0,9360.0,9330.0,9344.0,42331.0,586504.0,586889.0
2024-10-25 14:30:00,9344.0,9352.0,9302.0,9302.0,52664.0,586889.0,578692.0
2024-10-25 21:00:00,9302.0,9364.0,9272.0,9352.0,96878.0,578692.0,586358.0
2024-10-25 21:30:00,9352.0,9366.0,9310.0,9342.0,77587.0,586358.0,581748.0
2024-10-25 22:00:00,9342.0,9364.0,9314.0,9330.0,42090.0,581748.0,581023.0
2024-10-25 22:30:00,9330.0,9340.0,9312.0,9330.0,35981.0,581023.0,574200.0
2024-10-28 09:00:00,9248.0,9274.0,9186.0,9238.0,146995.0,574200.0,568963.0
2024-10-28 09:30:00,9238.0,9240.0,9138.0,9194.0,149748.0,568963.0,551883.0
2024-10-28 10:00:00,9194.0,9234.0,9176.0,9228.0,42348.0,551883.0,550833.0
2024-10-28 10:30:00,9228.0,9248.0,9176.0,9222.0,70038.0,550833.0,551802.0
2024-10-28 11:00:00,9222.0,9238.0,9200.0,9226.0,33068.0,551802.0,551888.0
2024-10-28 13:30:00,9236.0,9288.0,9236.0,9262.0,64961.0,551888.0,555934.0
2024-10-28 14:00:00,9262.0,9278.0,9230.0,9244.0,35893.0,555934.0,557012.0
2024-10-28 14:30:00,9244.0,9318.0,9226.0,9270.0,88274.0,557012.0,554726.0
2024-10-28 21:00:00,9220.0,9260.0,9204.0,9240.0,85395.0,554726.0,565066.0
2024-10-28 21:30:00,9240.0,9276.0,9226.0,9268.0,58021.0,565066.0,568675.0
2024-10-28 22:00:00,9268.0,9294.0,9236.0,9256.0,61486.0,568675.0,569601.0
2024-10-28 22:30:00,9256.0,9266.0,9226.0,9232.0,43981.0,569601.0,563242.0
2024-10-29 09:00:00,9252.0,9266.0,9238.0,9254.0,44705.0,563242.0,566206.0
2024-10-29 09:30:00,9254.0,9282.0,9250.0,9272.0,49956.0,566206.0,571130.0
2024-10-29 10:00:00,9272.0,9312.0,9264.0,9308.0,44865.0,571130.0,573731.0
2024-10-29 10:30:00,9314.0,9340.0,9300.0,9306.0,80165.0,573731.0,576121.0
2024-10-29 11:00:00,9306.0,9310.0,9242.0,9248.0,94102.0,576121.0,567102.0
2024-10-29 13:30:00,9256.0,9266.0,9220.0,9258.0,72188.0,567102.0,559932.0
2024-10-29 14:00:00,9258.0,9346.0,9252.0,9308.0,97534.0,559932.0,570876.0
2024-10-29 14:30:00,9308.0,9320.0,9266.0,9270.0,60830.0,570876.0,559314.0
2024-10-29 21:00:00,9382.0,9418.0,9330.0,9354.0,154871.0,559314.0,569032.0
2024-10-29 21:30:00,9354.0,9358.0,9318.0,9348.0,70808.0,569032.0,570276.0
2024-10-29 22:00:00,9348.0,9358.0,9324.0,9342.0,44006.0,570276.0,570081.0
2024-10-29 22:30:00,9342.0,9366.0,9330.0,9358.0,38138.0,570081.0,566424.0
2024-10-30 09:00:00,9340.0,9378.0,9334.0,9346.0,58300.0,566424.0,571968.0
2024-10-30 09:30:00,9346.0,9400.0,9338.0,9376.0,60722.0,571968.0,576628.0
2024-10-30 10:00:00,9376.0,9382.0,9314.0,9320.0,53951.0,576628.0,570887.0
2024-10-30 10:30:00,9316.0,9332.0,9274.0,9322.0,99971.0,570887.0,565325.0
2024-10-30 11:00:00,9322.0,9340.0,9296.0,9300.0,47541.0,565325.0,564332.0
2024-10-30 13:30:00,9286.0,9322.0,9278.0,9310.0,41743.0,564332.0,564837.0
2024-10-30 14:00:00,9310.0,9332.0,9290.0,9328.0,36128.0,564837.0,562704.0
2024-10-30 14:30:00,9328.0,9394.0,9328.0,9392.0,84828.0,562704.0,569727.0
2024-10-30 21:00:00,9440.0,9464.0,9372.0,9374.0,141115.0,569727.0,584792.0
2024-10-30 21:30:00,9374.0,9416.0,9354.0,9414.0,78193.0,584792.0,582414.0
2024-10-30 22:00:00,9414.0,9440.0,9400.0,9426.0,63282.0,582414.0,588882.0
2024-10-30 22:30:00,9426.0,9436.0,9406.0,9426.0,41269.0,588882.0,584322.0
2024-10-31 09:00:00,9446.0,9462.0,9428.0,9442.0,70508.0,584322.0,594784.0
2024-10-31 09:30:00,9442.0,9452.0,9420.0,9424.0,42830.0,594784.0,592376.0
2024-10-31 10:00:00,9424.0,9450.0,9424.0,9444.0,16552.0,592376.0,592104.0
2024-10-31 10:30:00,9448.0,9486.0,9442.0,9460.0,58278.0,592104.0,598829.0
2024-10-31 11:00:00,9460.0,9492.0,9456.0,9462.0,57303.0,598829.0,605599.0
2024-10-31 13:30:00,9464.0,9488.0,9456.0,9472.0,46493.0,605599.0,610102.0
2024-10-31 14:00:00,9472.0,9478.0,9448.0,9458.0,36812.0,610102.0,605476.0
2024-10-31 14:30:00,9458.0,9484.0,9440.0,9478.0,54778.0,605476.0,597891.0
2024-10-31 21:00:00,9532.0,9540.0,9488.0,9492.0,107011.0,597891.0,603802.0
2024-10-31 21:30:00,9492.0,9510.0,9486.0,9494.0,44785.0,603802.0,605512.0
2024-10-31 22:00:00,9494.0,9524.0,9470.0,9516.0,79850.0,605512.0,603846.0
2024-10-31 22:30:00,9516.0,9534.0,9508.0,9530.0,47400.0,603846.0,601748.0
2024-11-01 09:00:00,9556.0,9618.0,9556.0,9610.0,122624.0,601748.0,614766.0
2024-11-01 09:30:00,9610.0,9624.0,9596.0,9614.0,48779.0,614766.0,618211.0
2024-11-01 10:00:00,9614.0,9622.0,9592.0,9596.0,21995.0,618211.0,618208.0
2024-11-01 10:30:00,9600.0,9608.0,9512.0,9564.0,150019.0,618208.0,599695.0
2024-11-01 11:00:00,9564.0,9640.0,9554.0,9636.0,92090.0,599695.0,612099.0
2024-11-01 13:30:00,9650.0,9680.0,9638.0,9666.0,77684.0,612099.0,624915.0
2024-11-01 14:00:00,9666.0,9668.0,9626.0,9630.0,54527.0,624915.0,621481.0
2024-11-01 14:30:00,9630.0,9678.0,9628.0,9668.0,72325.0,621481.0,616907.0
2024-11-01 21:00:00,9694.0,9718.0,9662.0,9716.0,106684.0,616907.0,619391.0
2024-11-01 21:30:00,9716.0,9754.0,9694.0,9746.0,99545.0,619391.0,629154.0
2024-11-01 22:00:00,9746.0,9750.0,9674.0,9676.0,100523.0,629154.0,619914.0
2024-11-01 22:30:00,9676.0,9718.0,9642.0,9666.0,111898.0,619914.0,608307.0
2024-11-04 09:00:00,9692.0,9692.0,9624.0,9672.0,101314.0,608307.0,602580.0
2024-11-04 09:30:00,9672.0,9682.0,9646.0,9648.0,41000.0,602580.0,601482.0
2024-11-04 10:00:00,9648.0,9662.0,9634.0,9644.0,21075.0,601482.0,600122.0
2024-11-04 10:30:00,9642.0,9688.0,9640.0,9678.0,50722.0,600122.0,603001.0
2024-11-04 11:00:00,9678.0,9712.0,9652.0,9668.0,71601.0,603001.0,606817.0
2024-11-04 13:30:00,9670.0,9678.0,9658.0,9676.0,26893.0,606817.0,607420.0
2024-11-04 14:00:00,9676.0,9696.0,9662.0,9694.0,26471.0,607420.0,610027.0
2024-11-04 14:30:00,9694.0,9722.0,9686.0,9714.0,71907.0,610027.0,609456.0
2024-11-04 21:00:00,9704.0,9722.0,9640.0,9652.0,120242.0,609456.0,610801.0
2024-11-04 21:30:00,9652.0,9686.0,9646.0,9680.0,59200.0,610801.0,611468.0
2024-11-04 22:00:00,9680.0,9692.0,9646.0,9658.0,54529.0,611468.0,612598.0
2024-11-04 22:30:00,9658.0,9710.0,9658.0,9706.0,58216.0,612598.0,611352.0
2024-11-05 09:00:00,9674.0,9708.0,9654.0,9702.0,74281.0,611352.0,613770.0
2024-11-05 09:30:00,9702.0,9722.0,9696.0,9710.0,50808.0,613770.0,620679.0
2024-11-05 10:00:00,9710.0,9740.0,9692.0,9720.0,35239.0,620679.0,620967.0
2024-11-05 10:30:00,9728.0,9728.0,9686.0,9688.0,54528.0,620967.0,621505.0
2024-11-05 11:00:00,9688.0,9752.0,9686.0,9752.0,47994.0,621505.0,623861.0
2024-11-05 13:30:00,9728.0,9728.0,9584.0,9618.0,236525.0,623861.0,604783.0
2024-11-05 14:00:00,9618.0,9646.0,9606.0,9626.0,62325.0,604783.0,602798.0
2024-11-05 14:30:00,9626.0,9648.0,9610.0,9610.0,60503.0,602798.0,596589.0
2024-11-05 21:00:00,9630.0,9680.0,9610.0,9636.0,111312.0,596589.0,601825.0
2024-11-05 21:30:00,9636.0,9646.0,9584.0,9596.0,81471.0,601825.0,601038.0
2024-11-05 22:00:00,9596.0,9620.0,9584.0,9608.0,72280.0,601038.0,599967.0
2024-11-05 22:30:00,9608.0,9626.0,9598.0,9614.0,48209.0,599967.0,597342.0
2024-11-06 09:00:00,9598.0,9650.0,9590.0,9632.0,71400.0,597342.0,596799.0
2024-11-06 09:30:00,9632.0,9660.0,9620.0,9642.0,40050.0,596799.0,597733.0
2024-11-06 10:00:00,9642.0,9658.0,9632.0,9642.0,16101.0,597733.0,596964.0
2024-11-06 10:30:00,9640.0,9690.0,9608.0,9638.0,106077.0,596964.0,597179.0
2024-11-06 11:00:00,9638.0,9662.0,9586.0,9658.0,82014.0,597179.0,596808.0
2024-11-06 13:30:00,9638.0,9696.0,9628.0,9676.0,80441.0,596808.0,601915.0
2024-11-06 14:00:00,9676.0,9686.0,9628.0,9636.0,45165.0,601915.0,599807.0
2024-11-06 14:30:00,9636.0,9768.0,9636.0,9712.0,129481.0,599807.0,603604.0
2024-11-06 21:00:00,9734.0,9766.0,9698.0,9744.0,154203.0,603604.0,617026.0
2024-11-06 21:30:00,9744.0,9772.0,9702.0,9748.0,100815.0,617026.0,618050.0
2024-11-06 22:00:00,9748.0,9786.0,9736.0,9782.0,83657.0,618050.0,633880.0
2024-11-06 22:30:00,9782.0,9828.0,9780.0,9824.0,102471.0,633880.0,637563.0
2024-11-07 09:00:00,9844.0,9900.0,9822.0,9894.0,128572.0,637563.0,648018.0
2024-11-07 09:30:00,9894.0,9968.0,9886.0,9952.0,103321.0,648018.0,652216.0
2024-11-07 10:00:00,9952.0,9986.0,9944.0,9976.0,41860.0,652216.0,652880.0
2024-11-07 10:30:00,9974.0,9976.0,9914.0,9968.0,126709.0,652880.0,645513.0
2024-11-07 11:00:00,9968.0,9992.0,9852.0,9862.0,173746.0,645513.0,632285.0
2024-11-07 13:30:00,9828.0,9876.0,9812.0,9874.0,100356.0,632285.0,627906.0
2024-11-07 14:00:00,9874.0,9886.0,9846.0,9872.0,48365.0,627906.0,630687.0
2024-11-07 14:30:00,9872.0,9914.0,9854.0,9914.0,71051.0,630687.0,627265.0
2024-11-07 21:00:00,9900.0,9962.0,9892.0,9938.0,119826.0,627265.0,637113.0
2024-11-07 21:30:00,9938.0,9964.0,9928.0,9938.0,57488.0,637113.0,640912.0
2024-11-07 22:00:00,9938.0,9948.0,9910.0,9928.0,53400.0,640912.0,636737.0
2024-11-07 22:30:00,9928.0,9956.0,9906.0,9936.0,59353.0,636737.0,629748.0
2024-11-08 09:00:00,10020.0,10056.0,9970.0,9994.0,166891.0,629748.0,620546.0
2024-11-08 09:30:00,9994.0,10028.0,9980.0,10020.0,53617.0,620546.0,624844.0
2024-11-08 10:00:00,10020.0,10034.0,9990.0,10026.0,31779.0,624844.0,626487.0
2024-11-08 10:30:00,10024.0,10042.0,9984.0,10032.0,63979.0,626487.0,631502.0
2024-11-08 11:00:00,10032.0,10048.0,9996.0,10000.0,61728.0,631502.0,631523.0
2024-11-08 13:30:00,10004.0,10020.0,9964.0,9998.0,79018.0,631523.0,631605.0
2024-11-08 14:00:00,9998.0,10026.0,9986.0,10020.0,43648.0,631605.0,632559.0
2024-11-08 14:30:00,10020.0,10124.0,10016.0,10088.0,154411.0,632559.0,637941.0
2024-11-08 21:00:00,10126.0,10222.0,10116.0,10214.0,184155.0,637941.0,648118.0
2024-11-08 21:30:00,10214.0,10232.0,10176.0,10224.0,111639.0,648118.0,647099.0
2024-11-08 22:00:00,10224.0,10272.0,10218.0,10262.0,99626.0,647099.0,651045.0
2024-11-08 22:30:00,10262.0,10270.0,10198.0,10262.0,105090.0,651045.0,632451.0
2024-11-11 09:00:00,10234.0,10234.0,10106.0,10218.0,214116.0,632451.0,617006.0
2024-11-11 09:30:00,10218.0,10328.0,10208.0,10284.0,123103.0,617006.0,624387.0
2024-11-11 10:00:00,10284.0,10298.0,10108.0,10138.0,116774.0,624387.0,613631.0
2024-11-11 10:30:00,10140.0,10214.0,10118.0,10162.0,106331.0,613631.0,609547.0
2024-11-11 11:00:00,10162.0,10188.0,10128.0,10164.0,63502.0,609547.0,606162.0
2024-11-11 13:30:00,10188.0,10232.0,10172.0,10184.0,78063.0,606162.0,605349.0
2024-11-11 14:00:00,10184.0,10240.0,10146.0,10226.0,77935.0,605349.0,607630.0
2024-11-11 14:30:00,10226.0,10232.0,10196.0,10212.0,56342.0,607630.0,598460.0
2024-11-11 21:00:00,10252.0,10322.0,10240.0,10302.0,192437.0,598460.0,612160.0
2024-11-11 21:30:00,10302.0,10308.0,10230.0,10258.0,104264.0,612160.0,608939.0
2024-11-11 22:00:00,10258.0,10316.0,10258.0,10270.0,94965.0,608939.0,609492.0
2024-11-11 22:30:00,10270.0,10344.0,10256.0,10324.0,110272.0,609492.0,604368.0
2024-11-12 09:00:00,10290.0,10338.0,10274.0,10276.0,108479.0,604368.0,607132.0
2024-11-12 09:30:00,10276.0,10332.0,10270.0,10308.0,73912.0,607132.0,605911.0
2024-11-12 10:00:00,10308.0,10320.0,10276.0,10278.0,31624.0,605911.0,604587.0
2024-11-12 10:30:00,10274.0,10282.0,10122.0,10212.0,237188.0,604587.0,595267.0
2024-11-12 11:00:00,10212.0,10234.0,10180.0,10198.0,76521.0,595267.0,588651.0
2024-11-12 13:30:00,10186.0,10214.0,10180.0,10190.0,47782.0,588651.0,591496.0
2024-11-12 14:00:00,10190.0,10206.0,10160.0,10190.0,57752.0,591496.0,588988.0
2024-11-12 14:30:00,10190.0,10200.0,10072.0,10146.0,149010.0,588988.0,569776.0
2024-11-12 21:00:00,10104.0,10182.0,10090.0,10164.0,158851.0,569776.0,585353.0
2024-11-12 21:30:00,10164.0,10200.0,10162.0,10192.0,73254.0,585353.0,590703.0
2024-11-12 22:00:00,10192.0,10194.0,10170.0,10190.0,46429.0,590703.0,589428.0
2024-11-12 22:30:00,10190.0,10198.0,10146.0,10172.0,87389.0,589428.0,579471.0
2024-11-13 09:00:00,10140.0,10154.0,9940.0,9972.0,351559.0,579471.0,555279.0
2024-11-13 09:30:00,9972.0,9974.0,9858.0,9894.0,270518.0,555279.0,533691.0
2024-11-13 10:00:00,9894.0,9896.0,9838.0,9860.0,68910.0,533691.0,529755.0
2024-11-13 10:30:00,9848.0,9876.0,9788.0,9802.0,182264.0,529755.0,518646.0
2024-11-13 11:00:00,9802.0,9828.0,9756.0,9756.0,124556.0,518646.0,509613.0
2024-11-13 13:30:00,9812.0,9834.0,9790.0,9802.0,95912.0,509613.0,503150.0
2024-11-13 14:00:00,9802.0,9826.0,9788.0,9790.0,48633.0,503150.0,499680.0
2024-11-13 14:30:00,9790.0,9848.0,9778.0,9782.0,107593.0,499680.0,486847.0
2024-11-13 21:00:00,9904.0,9962.0,9862.0,9946.0,266729.0,486847.0,512457.0
2024-11-13 21:30:00,9946.0,9958.0,9864.0,9884.0,148393.0,512457.0,505292.0
2024-11-13 22:00:00,9884.0,9892.0,9868.0,9884.0,67741.0,505292.0,502045.0
2024-11-13 22:30:00,9884.0,9904.0,9822.0,9844.0,134895.0,502045.0,492279.0
2024-11-14 09:00:00,9812.0,9862.0,9776.0,9854.0,154716.0,492279.0,494112.0
2024-11-14 09:30:00,9854.0,9860.0,9828.0,9840.0,46805.0,494112.0,494670.0
2024-11-14 10:00:00,9840.0,9880.0,9840.0,9844.0,40467.0,494670.0,495370.0
2024-11-14 10:30:00,9848.0,9900.0,9834.0,9870.0,111537.0,495370.0,495698.0
2024-11-14 11:00:00,9870.0,9888.0,9858.0,9878.0,38028.0,495698.0,493490.0
2024-11-14 13:30:00,9868.0,9912.0,9858.0,9890.0,70034.0,493490.0,496392.0
2024-11-14 14:00:00,9890.0,9896.0,9864.0,9882.0,43085.0,496392.0,495915.0
2024-11-14 14:30:00,9882.0,9924.0,9864.0,9914.0,75816.0,495915.0,491385.0
2024-11-14 21:00:00,9970.0,10026.0,9920.0,9992.0,203854.0,491385.0,507600.0
2024-11-14 21:30:00,9992.0,9994.0,9948.0,9956.0,99859.0,507600.0,507640.0
2024-11-14 22:00:00,9956.0,10022.0,9950.0,10012.0,94891.0,507640.0,513820.0
2024-11-14 22:30:00,10012.0,10016.0,9976.0,10000.0,88505.0,513820.0,505779.0
2024-11-15 09:00:00,9940.0,9962.0,9902.0,9928.0,135899.0,505779.0,499607.0
2024-11-15 09:30:00,9928.0,9992.0,9926.0,9980.0,80735.0,499607.0,505189.0
2024-11-15 10:00:00,9980.0,10010.0,9980.0,9986.0,37922.0,505189.0,510024.0
2024-11-15 10:30:00,9986.0,10012.0,9958.0,9990.0,73565.0,510024.0,515358.0
2024-11-15 11:00:00,9990.0,9998.0,9928.0,9932.0,73536.0,515358.0,504989.0
2024-11-15 13:30:00,9976.0,10022.0,9976.0,9984.0,83448.0,504989.0,507177.0
2024-11-15 14:00:00,9984.0,10006.0,9978.0,9980.0,46085.0,507177.0,507118.0
2024-11-15 14:30:00,9980.0,10118.0,9974.0,10084.0,208238.0,507118.0,507046.0
2024-11-15 21:00:00,10178.0,10186.0,10130.0,10150.0,179745.0,507046.0,513956.0
2024-11-15 21:30:00,10150.0,10158.0,10088.0,10092.0,91808.0,513956.0,512344.0
2024-11-15 22:00:00,10092.0,10106.0,10062.0,10078.0,102989.0,512344.0,509077.0
2024-11-15 22:30:00,10078.0,10114.0,10072.0,10098.0,78041.0,509077.0,499496.0
2024-11-18 09:00:00,10074.0,10092.0,9914.0,9966.0,232742.0,499496.0,484545.0
2024-11-18 09:30:00,9966.0,10008.0,9928.0,9942.0,98209.0,484545.0,481333.0
2024-11-18 10:00:00,9942.0,9942.0,9886.0,9930.0,85414.0,481333.0,477833.0
2024-11-18 10:30:00,9932.0,9972.0,9854.0,9878.0,145392.0,477833.0,480320.0
2024-11-18 11:00:00,9878.0,9908.0,9844.0,9902.0,90049.0,480320.0,479576.0
2024-11-18 13:30:00,9926.0,9940.0,9892.0,9896.0,63193.0,479576.0,479725.0
2024-11-18 14:00:00,9896.0,9918.0,9840.0,9900.0,88620.0,479725.0,477373.0
2024-11-18 14:30:00,9900.0,9910.0,9862.0,9878.0,74533.0,477373.0,470471.0
2024-11-18 21:00:00,9854.0,9858.0,9700.0,9734.0,297051.0,470471.0,484754.0
2024-11-18 21:30:00,9734.0,9772.0,9728.0,9740.0,129586.0,484754.0,485202.0
2024-11-18 22:00:00,9740.0,9780.0,9736.0,9758.0,78192.0,485202.0,481138.0
2024-11-18 22:30:00,9758.0,9828.0,9746.0,9820.0,124414.0,481138.0,469573.0
2024-11-19 09:00:00,9862.0,9910.0,9826.0,9896.0,139944.0,469573.0,472652.0
2024-11-19 09:30:00,9896.0,9926.0,9880.0,9904.0,69823.0,472652.0,474940.0
2024-11-19 10:00:00,9904.0,9916.0,9884.0,9896.0,29659.0,474940.0,474839.0
2024-11-19 10:30:00,9898.0,9966.0,9860.0,9942.0,123829.0,474839.0,478580.0
2024-11-19 11:00:00,9942.0,9994.0,9936.0,9978.0,86463.0,478580.0,477984.0
2024-11-19 13:30:00,9982.0,10066.0,9970.0,10048.0,118066.0,477984.0,485412.0
2024-11-19 14:00:00,10048.0,10086.0,10034.0,10036.0,100058.0,485412.0,485785.0
2024-11-19 14:30:00,10036.0,10050.0,9954.0,9966.0,131903.0,485785.0,473811.0
2024-11-19 21:00:00,9924.0,10002.0,9920.0,9976.0,159077.0,473811.0,479895.0
2024-11-19 21:30:00,9976.0,10000.0,9946.0,9978.0,95153.0,479895.0,480836.0
2024-11-19 22:00:00,9978.0,9992.0,9960.0,9984.0,59590.0,480836.0,478116.0
2024-11-19 22:30:00,9984.0,9992.0,9964.0,9988.0,63432.0,478116.0,470409.0
2024-11-20 09:00:00,9962.0,9962.0,9910.0,9942.0,130113.0,470409.0,468440.0
2024-11-20 09:30:00,9942.0,9984.0,9934.0,9940.0,72366.0,468440.0,467165.0
2024-11-20 10:00:00,9940.0,9948.0,9910.0,9940.0,43128.0,467165.0,466650.0
2024-11-20 10:30:00,9944.0,9956.0,9864.0,9930.0,147436.0,466650.0,468487.0
2024-11-20 11:00:00,9930.0,9952.0,9908.0,9934.0,74407.0,468487.0,470403.0
2024-11-20 13:30:00,9922.0,9934.0,9908.0,9920.0,49426.0,470403.0,473363.0
2024-11-20 14:00:00,9920.0,9986.0,9902.0,9982.0,107673.0,473363.0,478558.0
2024-11-20 14:30:00,9982.0,9990.0,9918.0,9954.0,99165.0,478558.0,477573.0
2024-11-20 21:00:00,9870.0,9880.0,9812.0,9822.0,224353.0,477573.0,476898.0
2024-11-20 21:30:00,9822.0,9886.0,9818.0,9874.0,104334.0,476898.0,472163.0
2024-11-20 22:00:00,9874.0,9876.0,9834.0,9842.0,72006.0,472163.0,473054.0
2024-11-20 22:30:00,9842.0,9846.0,9764.0,9794.0,171706.0,473054.0,465357.0
2024-11-21 09:00:00,9770.0,9772.0,9610.0,9618.0,302410.0,465357.0,467422.0
2024-11-21 09:30:00,9618.0,9620.0,9568.0,9594.0,173086.0,467422.0,467926.0
2024-11-21 10:00:00,9594.0,9602.0,9572.0,9592.0,45529.0,467926.0,467795.0
2024-11-21 10:30:00,9586.0,9638.0,9548.0,9572.0,147933.0,467795.0,460311.0
2024-11-21 11:00:00,9572.0,9640.0,9562.0,9620.0,99044.0,460311.0,456154.0
2024-11-21 13:30:00,9620.0,9648.0,9592.0,9604.0,63599.0,456154.0,455737.0
2024-11-21 14:00:00,9604.0,9618.0,9586.0,9618.0,48245.0,455737.0,454711.0
2024-11-21 14:30:00,9618.0,9618.0,9532.0,9556.0,117466.0,454711.0,451831.0
2024-11-21 21:00:00,9654.0,9668.0,9612.0,9622.0,216639.0,451831.0,446875.0
2024-11-21 21:30:00,9622.0,9626.0,9580.0,9598.0,95620.0,446875.0,449707.0
2024-11-21 22:00:00,9598.0,9626.0,9582.0,9604.0,95840.0,449707.0,446886.0
2024-11-21 22:30:00,9604.0,9606.0,9558.0,9578.0,105965.0,446886.0,434447.0
2024-11-22 09:00:00,9534.0,9570.0,9518.0,9554.0,132599.0,434447.0,440263.0
2024-11-22 09:30:00,9554.0,9586.0,9530.0,9576.0,64746.0,440263.0,441979.0
2024-11-22 10:00:00,9576.0,9616.0,9576.0,9592.0,46614.0,441979.0,438045.0
2024-11-22 10:30:00,9588.0,9648.0,9578.0,9608.0,110395.0,438045.0,436392.0
2024-11-22 11:00:00,9608.0,9644.0,9596.0,9618.0,57531.0,436392.0,434267.0
2024-11-22 13:30:00,9600.0,9636.0,9592.0,9602.0,59332.0,434267.0,435952.0
2024-11-22 14:00:00,9602.0,9618.0,9580.0,9610.0,47782.0,435952.0,433205.0
2024-11-22 14:30:00,9610.0,9616.0,9566.0,9570.0,73338.0,433205.0,425227.0
2024-11-22 21:00:00,9530.0,9554.0,9448.0,9508.0,229265.0,425227.0,427617.0
2024-11-22 21:30:00,9508.0,9536.0,9502.0,9514.0,53210.0,427617.0,429053.0
2024-11-22 22:00:00,9514.0,9564.0,9510.0,9510.0,84303.0,429053.0,423987.0
2024-11-22 22:30:00,9510.0,9574.0,9492.0,9568.0,94401.0,423987.0,416490.0
2024-11-25 09:00:00,9566.0,9660.0,9566.0,9640.0,151432.0,416490.0,422050.0
2024-11-25 09:30:00,9640.0,9646.0,9606.0,9614.0,52756.0,422050.0,420321.0
2024-11-25 10:00:00,9614.0,9688.0,9614.0,9674.0,58316.0,420321.0,418794.0
2024-11-25 10:30:00,9676.0,9716.0,9648.0,9652.0,107239.0,418794.0,414181.0
2024-11-25 11:00:00,9652.0,9678.0,9640.0,9658.0,62572.0,414181.0,409824.0
2024-11-25 13:30:00,9680.0,9692.0,9652.0,9660.0,52495.0,409824.0,412837.0
2024-11-25 14:00:00,9660.0,9710.0,9646.0,9690.0,70345.0,412837.0,418680.0
2024-11-25 14:30:00,9690.0,9728.0,9670.0,9710.0,92580.0,418680.0,417883.0
2024-11-25 21:00:00,9678.0,9708.0,9658.0,9704.0,116840.0,417883.0,427937.0
2024-11-25 21:30:00,9704.0,9720.0,9680.0,9682.0,73344.0,427937.0,429832.0
2024-11-25 22:00:00,9682.0,9688.0,9646.0,9666.0,85970.0,429832.0,429270.0
2024-11-25 22:30:00,9666.0,9708.0,9652.0,9688.0,71944.0,429270.0,425770.0
2024-11-26 09:00:00,9650.0,9680.0,9616.0,9672.0,134898.0,425770.0,431664.0
2024-11-26 09:30:00,9672.0,9680.0,9630.0,9644.0,60660.0,431664.0,427791.0
2024-11-26 10:00:00,9644.0,9660.0,9636.0,9642.0,22471.0,427791.0,426365.0
2024-11-26 10:30:00,9646.0,9764.0,9630.0,9734.0,144566.0,426365.0,435740.0
2024-11-26 11:00:00,9734.0,9808.0,9710.0,9798.0,118190.0,435740.0,438041.0
2024-11-26 13:30:00,9786.0,9818.0,9776.0,9812.0,62813.0,438041.0,444912.0
2024-11-26 14:00:00,9812.0,9846.0,9784.0,9798.0,105020.0,444912.0,447797.0
2024-11-26 14:30:00,9798.0,9800.0,9720.0,9740.0,127778.0,447797.0,429537.0
2024-11-26 21:00:00,9774.0,9788.0,9732.0,9740.0,109605.0,429537.0,439698.0
2024-11-26 21:30:00,9740.0,9744.0,9714.0,9726.0,88901.0,439698.0,441610.0
2024-11-26 22:00:00,9726.0,9736.0,9680.0,9686.0,109855.0,441610.0,441637.0
2024-11-26 22:30:00,9686.0,9718.0,9676.0,9714.0,92088.0,441637.0,431765.0
2024-11-27 09:00:00,9730.0,9752.0,9694.0,9718.0,93247.0,431765.0,433456.0
2024-11-27 09:30:00,9718.0,9750.0,9706.0,9730.0,65586.0,433456.0,431792.0
2024-11-27 10:00:00,9730.0,9748.0,9716.0,9746.0,28541.0,431792.0,430873.0
2024-11-27 10:30:00,9750.0,9778.0,9736.0,9762.0,87805.0,430873.0,430469.0
2024-11-27 11:00:00,9762.0,9784.0,9742.0,9776.0,50267.0,430469.0,430701.0
2024-11-27 13:30:00,9786.0,9786.0,9752.0,9756.0,47677.0,430701.0,432267.0
2024-11-27 14:00:00,9756.0,9808.0,9756.0,9790.0,70178.0,432267.0,437750.0
2024-11-27 14:30:00,9790.0,9880.0,9790.0,9874.0,154898.0,437750.0,441392.0
2024-11-27 21:00:00,9848.0,9936.0,9844.0,9924.0,152751.0,441392.0,456018.0
2024-11-27 21:30:00,9924.0,9946.0,9904.0,9912.0,88826.0,456018.0,457388.0
2024-11-27 22:00:00,9912.0,9922.0,9894.0,9906.0,70856.0,457388.0,456838.0
2024-11-27 22:30:00,9906.0,9940.0,9896.0,9910.0,89751.0,456838.0,449816.0
2024-11-28 09:00:00,9874.0,9894.0,9840.0,9854.0,125003.0,449816.0,445003.0
2024-11-28 09:30:00,9854.0,9878.0,9828.0,9866.0,81323.0,445003.0,442256.0
2024-11-28 10:00:00,9866.0,9878.0,9858.0,9864.0,15682.0,442256.0,442931.0
2024-11-28 10:30:00,9864.0,9872.0,9820.0,9846.0,71272.0,442931.0,440984.0
2024-11-28 11:00:00,9846.0,9868.0,9830.0,9854.0,44741.0,440984.0,440773.0
2024-11-28 13:30:00,9886.0,9922.0,9882.0,9914.0,85548.0,440773.0,444654.0
2024-11-28 14:00:00,9914.0,9930.0,9906.0,9930.0,52944.0,444654.0,447169.0
2024-11-28 14:30:00,9930.0,9960.0,9898.0,9908.0,121112.0,447169.0,440015.0
2024-11-28 21:00:00,9980.0,9994.0,9940.0,9964.0,145389.0,440015.0,457503.0
2024-11-28 21:30:00,9964.0,9974.0,9952.0,9958.0,44352.0,457503.0,459443.0
2024-11-28 22:00:00,9958.0,9986.0,9942.0,9948.0,72651.0,459443.0,459886.0
2024-11-28 22:30:00,9948.0,10018.0,9930.0,10002.0,104773.0,459886.0,458856.0
2024-11-29 09:00:00,10006.0,10070.0,9996.0,10058.0,129130.0,458856.0,470359.0
2024-11-29 09:30:00,10058.0,10096.0,10052.0,10068.0,86390.0,470359.0,475968.0
2024-11-29 10:00:00,10068.0,10072.0,10042.0,10062.0,45559.0,475968.0,473896.0
2024-11-29 10:30:00,10064.0,10140.0,10056.0,10138.0,121588.0,473896.0,483970.0
2024-11-29 11:00:00,10138.0,10188.0,10130.0,10164.0,128099.0,483970.0,487455.0
2024-11-29 13:30:00,10168.0,10222.0,10158.0,10188.0,129090.0,487455.0,498570.0
2024-11-29 14:00:00,10188.0,10202.0,10162.0,10180.0,78442.0,498570.0,494807.0
2024-11-29 14:30:00,10180.0,10216.0,10162.0,10194.0,104493.0,494807.0,485259.0
2024-11-29 21:00:00,10222.0,10292.0,10208.0,10278.0,163325.0,485259.0,502423.0
2024-11-29 21:30:00,10278.0,10300.0,10228.0,10238.0,128043.0,502423.0,502092.0
2024-11-29 22:00:00,10238.0,10244.0,10194.0,10240.0,103364.0,502092.0,499120.0
2024-11-29 22:30:00,10240.0,10250.0,10176.0,10222.0,122312.0,499120.0,485093.0
2024-12-02 09:00:00,10226.0,10278.0,10180.0,10234.0,145026.0,485093.0,488029.0
2024-12-02 09:30:00,10234.0,10268.0,10220.0,10252.0,65644.0,488029.0,489762.0
2024-12-02 10:00:00,10252.0,10274.0,10228.0,10268.0,28096.0,489762.0,489284.0
2024-12-02 10:30:00,10270.0,10290.0,10160.0,10166.0,149005.0,489284.0,486605.0
2024-12-02 11:00:00,10166.0,10208.0,10138.0,10208.0,126321.0,486605.0,483862.0
2024-12-02 13:30:00,10206.0,10214.0,10182.0,10200.0,41969.0,483862.0,485876.0
2024-12-02 14:00:00,10200.0,10224.0,10184.0,10196.0,47740.0,485876.0,488518.0
2024-12-02 14:30:00,10196.0,10250.0,10192.0,10210.0,87956.0,488518.0,482104.0
2024-12-02 21:00:00,10174.0,10196.0,10158.0,10188.0,129453.0,482104.0,488964.0
2024-12-02 21:30:00,10188.0,10230.0,10174.0,10224.0,87373.0,488964.0,494967.0
2024-12-02 22:00:00,10224.0,10232.0,10180.0,10196.0,64528.0,494967.0,492237.0
2024-12-02 22:30:00,10196.0,10214.0,10176.0,10212.0,70033.0,492237.0,483500.0
2024-12-03 09:00:00,10222.0,10280.0,10222.0,10250.0,111923.0,483500.0,490482.0
2024-12-03 09:30:00,10250.0,10270.0,10222.0,10230.0,62067.0,490482.0,488734.0
2024-12-03 10:00:00,10230.0,10262.0,10226.0,10250.0,25631.0,488734.0,488065.0
2024-12-03 10:30:00,10258.0,10260.0,10212.0,10234.0,70747.0,488065.0,488989.0
2024-12-03 11:00:00,10234.0,10234.0,10180.0,10232.0,85347.0,488989.0,485890.0
2024-12-03 13:30:00,10242.0,10270.0,10206.0,10268.0,64832.0,485890.0,485820.0
2024-12-03 14:00:00,10268.0,10348.0,10256.0,10332.0,143949.0,485820.0,493239.0
2024-12-03 14:30:00,10332.0,10440.0,10326.0,10428.0,205798.0,493239.0,490218.0
2024-12-03 21:00:00,10464.0,10518.0,10452.0,10478.0,206325.0,490218.0,494678.0
2024-12-03 21:30:00,10478.0,10484.0,10272.0,10316.0,354251.0,494678.0,468687.0
2024-12-03 22:00:00,10316.0,10388.0,10312.0,10378.0,170430.0,468687.0,476279.0
2024-12-03 22:30:00,10378.0,10444.0,10374.0,10438.0,150768.0,476279.0,470488.0
2024-12-04 09:00:00,10436.0,10446.0,10410.0,10432.0,88537.0,470488.0,472608.0
2024-12-04 09:30:00,10432.0,10460.0,10398.0,10420.0,78162.0,472608.0,468916.0
2024-12-04 10:00:00,10420.0,10428.0,10392.0,10418.0,35303.0,468916.0,466041.0
2024-12-04 10:30:00,10410.0,10416.0,10354.0,10364.0,115995.0,466041.0,461074.0
2024-12-04 11:00:00,10364.0,10410.0,10346.0,10364.0,90929.0,461074.0,455302.0
2024-12-04 13:30:00,10360.0,10390.0,10342.0,10380.0,62409.0,455302.0,454476.0
2024-12-04 14:00:00,10380.0,10418.0,10356.0,10362.0,75946.0,454476.0,454289.0
2024-12-04 14:30:00,10362.0,10382.0,10308.0,10328.0,104261.0,454289.0,444836.0
2024-12-04 21:00:00,10282.0,10368.0,10272.0,10354.0,133237.0,444836.0,453938.0
2024-12-04 21:30:00,10354.0,10416.0,10350.0,10404.0,100343.0,453938.0,461961.0
2024-12-04 22:00:00,10404.0,10408.0,10358.0,10392.0,94441.0,461961.0,456712.0
2024-12-04 22:30:00,10392.0,10402.0,10364.0,10386.0,69092.0,456712.0,448598.0
2024-12-05 09:00:00,10364.0,10374.0,10326.0,10352.0,99326.0,448598.0,444969.0
2024-12-05 09:30:00,10352.0,10360.0,10098.0,10136.0,311978.0,444969.0,412853.0
2024-12-05 10:00:00,10136.0,10166.0,10124.0,10152.0,78102.0,412853.0,406997.0
2024-12-05 10:30:00,10150.0,10246.0,10148.0,10202.0,152572.0,406997.0,407972.0
2024-12-05 11:00:00,10202.0,10230.0,10186.0,10230.0,71775.0,407972.0,404089.0
2024-12-05 13:30:00,10260.0,10306.0,10248.0,10290.0,108014.0,404089.0,411135.0
2024-12-05 14:00:00,10290.0,10296.0,10246.0,10248.0,72835.0,411135.0,410300.0
2024-12-05 14:30:00,10248.0,10286.0,10234.0,10282.0,73841.0,410300.0,401879.0
2024-12-05 21:00:00,10304.0,10316.0,10186.0,10204.0,188086.0,401879.0,409163.0
2024-12-05 21:30:00,10204.0,10260.0,10198.0,10240.0,113522.0,409163.0,409520.0
2024-12-05 22:00:00,10240.0,10252.0,10226.0,10242.0,53679.0,409520.0,408832.0
2024-12-05 22:30:00,10242.0,10292.0,10228.0,10282.0,81674.0,408832.0,405635.0
2024-12-06 09:00:00,10282.0,10286.0,10192.0,10234.0,113995.0,405635.0,397628.0
2024-12-06 09:30:00,10234.0,10256.0,10210.0,10212.0,70662.0,397628.0,394709.0
2024-12-06 10:00:00,10212.0,10238.0,10166.0,10238.0,67108.0,394709.0,392377.0
2024-12-06 10:30:00,10240.0,10270.0,10182.0,10190.0,106332.0,392377.0,387638.0
2024-12-06 11:00:00,10190.0,10250.0,10174.0,10186.0,81149.0,387638.0,380958.0
2024-12-06 13:30:00,10216.0,10216.0,10158.0,10184.0,84393.0,380958.0,379862.0
2024-12-06 14:00:00,10184.0,10210.0,10172.0,10180.0,56563.0,379862.0,377421.0
2024-12-06 14:30:00,10180.0,10234.0,10170.0,10226.0,76836.0,377421.0,373656.0
2024-12-06 21:00:00,10220.0,10274.0,10196.0,10248.0,134469.0,373656.0,382325.0
2024-12-06 21:30:00,10248.0,10298.0,10244.0,10268.0,85075.0,382325.0,390621.0
2024-12-06 22:00:00,10268.0,10286.0,10242.0,10286.0,65197.0,390621.0,388528.0
2024-12-06 22:30:00,10286.0,10332.0,10262.0,10328.0,89049.0,388528.0,384040.0
2024-12-09 09:00:00,10332.0,10338.0,10188.0,10202.0,163488.0,384040.0,379663.0
2024-12-09 09:30:00,10202.0,10228.0,10154.0,10222.0,100335.0,379663.0,373223.0
2024-12-09 10:00:00,10222.0,10248.0,10202.0,10218.0,44036.0,373223.0,372491.0
2024-12-09 10:30:00,10218.0,10236.0,10184.0,10212.0,56607.0,372491.0,371583.0
2024-12-09 11:00:00,10212.0,10214.0,10138.0,10144.0,64274.0,371583.0,366663.0
2024-12-09 13:30:00,10146.0,10180.0,10134.0,10172.0,65810.0,366663.0,365747.0
2024-12-09 14:00:00,10172.0,10194.0,10154.0,10190.0,45362.0,365747.0,364471.0
2024-12-09 14:30:00,10190.0,10208.0,10182.0,10200.0,72431.0,364471.0,361548.0
2024-12-09 21:00:00,10238.0,10326.0,10228.0,10284.0,176089.0,361548.0,369077.0
2024-12-09 21:30:00,10284.0,10302.0,10266.0,10290.0,57123.0,369077.0,369249.0
2024-12-09 22:00:00,10290.0,10302.0,10268.0,10282.0,38088.0,369249.0,369022.0
2024-12-09 22:30:00,10282.0,10286.0,10256.0,10280.0,64441.0,369022.0,359176.0
2024-12-10 09:00:00,10266.0,10308.0,10232.0,10306.0,82569.0,359176.0,359919.0
2024-12-10 09:30:00,10306.0,10308.0,10188.0,10228.0,114340.0,359919.0,350819.0
2024-12-10 10:00:00,10228.0,10248.0,10214.0,10238.0,23915.0,350819.0,351952.0
2024-12-10 10:30:00,10236.0,10254.0,10130.0,10202.0,117598.0,351952.0,349693.0
2024-12-10 11:00:00,10202.0,10212.0,10184.0,10196.0,40226.0,349693.0,348146.0
2024-12-10 13:30:00,10150.0,10156.0,10106.0,10136.0,93007.0,348146.0,340492.0
2024-12-10 14:00:00,10136.0,10136.0,10032.0,10040.0,139038.0,340492.0,331001.0
2024-12-10 14:30:00,10040.0,10042.0,9944.0,9998.0,162965.0,331001.0,315897.0
2024-12-10 21:00:00,9984.0,10000.0,9938.0,9948.0,127142.0,315897.0,317108.0
2024-12-10 21:30:00,9948.0,9966.0,9918.0,9956.0,95317.0,317108.0,314511.0
2024-12-10 22:00:00,9956.0,9964.0,9930.0,9940.0,44264.0,314511.0,310765.0
2024-12-10 22:30:00,9940.0,9968.0,9930.0,9966.0,49558.0,310765.0,303174.0
2024-12-11 09:00:00,9964.0,10066.0,9958.0,10026.0,122430.0,303174.0,302973.0
2024-12-11 09:30:00,10026.0,10062.0,10018.0,10028.0,51139.0,302973.0,301442.0
2024-12-11 10:00:00,10028.0,10052.0,10026.0,10044.0,13510.0,301442.0,301022.0
2024-12-11 10:30:00,10042.0,10046.0,9996.0,10010.0,54171.0,301022.0,300276.0
2024-12-11 11:00:00,10010.0,10036.0,9992.0,10016.0,40681.0,300276.0,299500.0
2024-12-11 13:30:00,10028.0,10052.0,10022.0,10046.0,38048.0,299500.0,301247.0
2024-12-11 14:00:00,10046.0,10058.0,10030.0,10040.0,33772.0,301247.0,302658.0
2024-12-11 14:30:00,10040.0,10082.0,10032.0,10066.0,64986.0,302658.0,295422.0
2024-12-11 21:00:00,9954.0,9994.0,9926.0,9980.0,107333.0,295422.0,293451.0
2024-12-11 21:30:00,9980.0,10000.0,9944.0,9954.0,54030.0,293451.0,291978.0
2024-12-11 22:00:00,9954.0,9984.0,9950.0,9970.0,33599.0,291978.0,290114.0
2024-12-11 22:30:00,9970.0,9986.0,9960.0,9982.0,29234.0,290114.0,286167.0
2024-12-12 09:00:00,9978.0,9980.0,9896.0,9916.0,79358.0,286167.0,281303.0
2024-12-12 09:30:00,9916.0,9916.0,9876.0,9894.0,60826.0,281303.0,278189.0
2024-12-12 10:00:00,9894.0,9924.0,9888.0,9912.0,23952.0,278189.0,277182.0
2024-12-12 10:30:00,9910.0,9918.0,9858.0,9890.0,66140.0,277182.0,275075.0
2024-12-12 11:00:00,9890.0,9924.0,9884.0,9916.0,38845.0,275075.0,272335.0
2024-12-12 13:30:00,9938.0,9958.0,9918.0,9942.0,39063.0,272335.0,269391.0
2024-12-12 14:00:00,9942.0,9974.0,9930.0,9956.0,36387.0,269391.0,269280.0
2024-12-12 14:30:00,9956.0,9972.0,9928.0,9932.0,33805.0,269280.0,263781.0
2024-12-12 21:00:00,9278.0,9280.0,9230.0,9242.0,109915.0,263781.0,428104.0
2024-12-12 21:30:00,9242.0,9248.0,9196.0,9230.0,76545.0,428104.0,432824.0
2024-12-12 22:00:00,9230.0,9278.0,9222.0,9268.0,86877.0,432824.0,434539.0
2024-12-12 22:30:00,9268.0,9306.0,9244.0,9288.0,90340.0,434539.0,435683.0
2024-12-13 09:00:00,9300.0,9334.0,9292.0,9316.0,99361.0,435683.0,442466.0
2024-12-13 09:30:00,9316.0,9316.0,9268.0,9282.0,56900.0,442466.0,442231.0
2024-12-13 10:00:00,9282.0,9302.0,9262.0,9262.0,28428.0,442231.0,442359.0
2024-12-13 10:30:00,9264.0,9284.0,9238.0,9270.0,65242.0,442359.0,444345.0
2024-12-13 11:00:00,9270.0,9310.0,9252.0,9282.0,63814.0,444345.0,443676.0
2024-12-13 13:30:00,9284.0,9286.0,9254.0,9270.0,44476.0,443676.0,446342.0
2024-12-13 14:00:00,9270.0,9294.0,9268.0,9272.0,41875.0,446342.0,447102.0
2024-12-13 14:30:00,9272.0,9290.0,9250.0,9266.0,72666.0,447102.0,444859.0
2024-12-13 21:00:00,9312.0,9352.0,9288.0,9344.0,132577.0,444859.0,460457.0
2024-12-13 21:30:00,9344.0,9380.0,9338.0,9362.0,92821.0,460457.0,469928.0
2024-12-13 22:00:00,9362.0,9390.0,9350.0,9374.0,69794.0,469928.0,470308.0
2024-12-13 22:30:00,9374.0,9392.0,9358.0,9384.0,73987.0,470308.0,465089.0
2024-12-16 09:00:00,9388.0,9388.0,9268.0,9306.0,188914.0,465089.0,455364.0
2024-12-16 09:30:00,9306.0,9334.0,9286.0,9304.0,63180.0,455364.0,455151.0
2024-12-16 10:00:00,9304.0,9304.0,9214.0,9226.0,85246.0,455151.0,456527.0
2024-12-16 10:30:00,9224.0,9318.0,9216.0,9306.0,119474.0,456527.0,452601.0
2024-12-16 11:00:00,9306.0,9358.0,9274.0,9358.0,109937.0,452601.0,451800.0
2024-12-16 13:30:00,9298.0,9308.0,9266.0,9296.0,109299.0,451800.0,451726.0
2024-12-16 14:00:00,9296.0,9314.0,9286.0,9306.0,43367.0,451726.0,452401.0
2024-12-16 14:30:00,9306.0,9336.0,9292.0,9322.0,70779.0,452401.0,450076.0
2024-12-16 21:00:00,9244.0,9276.0,9208.0,9260.0,147869.0,450076.0,455676.0
2024-12-16 21:30:00,9260.0,9264.0,9224.0,9236.0,83519.0,455676.0,460913.0
2024-12-16 22:00:00,9236.0,9238.0,9174.0,9198.0,134869.0,460913.0,467790.0
2024-12-16 22:30:00,9198.0,9232.0,9184.0,9202.0,98441.0,467790.0,454617.0
2024-12-17 09:00:00,9214.0,9216.0,9162.0,9194.0,94657.0,454617.0,457990.0
2024-12-17 09:30:00,9194.0,9232.0,9180.0,9224.0,67944.0,457990.0,454004.0
2024-12-17 10:00:00,9224.0,9242.0,9210.0,9214.0,32022.0,454004.0,452301.0
2024-12-17 10:30:00,9212.0,9242.0,9186.0,9212.0,83006.0,452301.0,452377.0
2024-12-17 11:00:00,9212.0,9228.0,9160.0,9170.0,63758.0,452377.0,456424.0
2024-12-17 13:30:00,9166.0,9188.0,9136.0,9156.0,106700.0,456424.0,456141.0
2024-12-17 14:00:00,9156.0,9186.0,9154.0,9180.0,59501.0,456141.0,452562.0
2024-12-17 14:30:00,9180.0,9224.0,9178.0,9202.0,117182.0,452562.0,446302.0
2024-12-17 21:00:00,9188.0,9200.0,9130.0,9154.0,152093.0,446302.0,458063.0
2024-12-17 21:30:00,9154.0,9158.0,9118.0,9124.0,95179.0,458063.0,463527.0
2024-12-17 22:00:00,9124.0,9168.0,9114.0,9132.0,109301.0,463527.0,465387.0
2024-12-17 22:30:00,9132.0,9132.0,9078.0,9088.0,121610.0,465387.0,461921.0
2024-12-18 09:00:00,9086.0,9120.0,9064.0,9104.0,110553.0,461921.0,462762.0
2024-12-18 09:30:00,9104.0,9150.0,9100.0,9124.0,96052.0,462762.0,458657.0
2024-12-18 10:00:00,9124.0,9154.0,9120.0,9126.0,31152.0,458657.0,459264.0
2024-12-18 10:30:00,9124.0,9130.0,9026.0,9036.0,147056.0,459264.0,465951.0
2024-12-18 11:00:00,9036.0,9048.0,9002.0,9040.0,106446.0,465951.0,461433.0
2024-12-18 13:30:00,9026.0,9030.0,8966.0,8986.0,120447.0,461433.0,466004.0
2024-12-18 14:00:00,8986.0,9010.0,8972.0,8994.0,68019.0,466004.0,463516.0
2024-12-18 14:30:00,8994.0,9026.0,8986.0,9004.0,81641.0,463516.0,451474.0
2024-12-18 21:00:00,8952.0,8980.0,8896.0,8922.0,201706.0,451474.0,466950.0
2024-12-18 21:30:00,8922.0,8944.0,8890.0,8908.0,103932.0,466950.0,470428.0
2024-12-18 22:00:00,8908.0,8918.0,8880.0,8892.0,66782.0,470428.0,469725.0
2024-12-18 22:30:00,8892.0,8932.0,8886.0,8916.0,87092.0,469725.0,456077.0
2024-12-19 09:00:00,8884.0,8910.0,8858.0,8870.0,101698.0,456077.0,454779.0
2024-12-19 09:30:00,8870.0,8908.0,8856.0,8906.0,65705.0,454779.0,455914.0
2024-12-19 10:00:00,8906.0,8934.0,8896.0,8906.0,49204.0,455914.0,456529.0
2024-12-19 10:30:00,8908.0,8916.0,8874.0,8902.0,87106.0,456529.0,458910.0
2024-12-19 11:00:00,8902.0,8916.0,8814.0,8848.0,127451.0,458910.0,454860.0
2024-12-19 13:30:00,8846.0,8864.0,8736.0,8762.0,174985.0,454860.0,459654.0
2024-12-19 14:00:00,8762.0,8798.0,8752.0,8782.0,82803.0,459654.0,456421.0
2024-12-19 14:30:00,8782.0,8784.0,8720.0,8736.0,129384.0,456421.0,447766.0
2024-12-19 21:00:00,8814.0,8840.0,8780.0,8792.0,204933.0,447766.0,453341.0
2024-12-19 21:30:00,8792.0,8794.0,8758.0,8778.0,93979.0,453341.0,458611.0
2024-12-19 22:00:00,8778.0,8798.0,8768.0,8778.0,59806.0,458611.0,456984.0
2024-12-19 22:30:00,8778.0,8790.0,8746.0,8764.0,67036.0,456984.0,450582.0
2024-12-20 09:00:00,8756.0,8788.0,8732.0,8754.0,98546.0,450582.0,452842.0
2024-12-20 09:30:00,8754.0,8758.0,8712.0,8738.0,72289.0,452842.0,455307.0
2024-12-20 10:00:00,8738.0,8760.0,8718.0,8754.0,48947.0,455307.0,456248.0
2024-12-20 10:30:00,8754.0,8772.0,8696.0,8710.0,132499.0,456248.0,460537.0
2024-12-20 11:00:00,8710.0,8758.0,8668.0,8752.0,128885.0,460537.0,460174.0
2024-12-20 13:30:00,8786.0,8810.0,8766.0,8772.0,128859.0,460174.0,455457.0
2024-12-20 14:00:00,8772.0,8786.0,8748.0,8768.0,80044.0,455457.0,456511.0
2024-12-20 14:30:00,8768.0,8810.0,8738.0,8750.0,120660.0,456511.0,450483.0
2024-12-20 21:00:00,8720.0,8734.0,8652.0,8694.0,197988.0,450483.0,464773.0
2024-12-20 21:30:00,8694.0,8710.0,8634.0,8638.0,116197.0,464773.0,472768.0
2024-12-20 22:00:00,8638.0,8644.0,8572.0,8596.0,162244.0,472768.0,481707.0
2024-12-20 22:30:00,8596.0,8628.0,8586.0,8616.0,107979.0,481707.0,465400.0
2024-12-23 09:00:00,8624.0,8718.0,8624.0,8712.0,166076.0,465400.0,455898.0
2024-12-23 09:30:00,8712.0,8720.0,8664.0,8688.0,100977.0,455898.0,452965.0
2024-12-23 10:00:00,8688.0,8706.0,8678.0,8692.0,29075.0,452965.0,452255.0
2024-12-23 10:30:00,8694.0,8722.0,8664.0,8710.0,88252.0,452255.0,454301.0
2024-12-23 11:00:00,8710.0,8748.0,8696.0,8720.0,86643.0,454301.0,450453.0
2024-12-23 13:30:00,8740.0,8798.0,8728.0,8796.0,127160.0,450453.0,460689.0
2024-12-23 14:00:00,8796.0,8818.0,8776.0,8796.0,75232.0,460689.0,465442.0
2024-12-23 14:30:00,8796.0,8830.0,8782.0,8812.0,93658.0,465442.0,461142.0
2024-12-23 21:00:00,8844.0,8848.0,8780.0,8792.0,134384.0,461142.0,474569.0
2024-12-23 21:30:00,8792.0,8796.0,8768.0,8784.0,91494.0,474569.0,474079.0
2024-12-23 22:00:00,8784.0,8786.0,8764.0,8778.0,50433.0,474079.0,475605.0
2024-12-23 22:30:00,8778.0,8788.0,8770.0,8780.0,46793.0,475605.0,468522.0
2024-12-24 09:00:00,8800.0,8810.0,8736.0,8760.0,101511.0,468522.0,470613.0
2024-12-24 09:30:00,8760.0,8786.0,8742.0,8778.0,55841.0,470613.0,472049.0
2024-12-24 10:00:00,8778.0,8788.0,8770.0,8778.0,20474.0,472049.0,469478.0
2024-12-24 10:30:00,8778.0,8814.0,8778.0,8806.0,75434.0,469478.0,469843.0
2024-12-24 11:00:00,8806.0,8830.0,8796.0,8802.0,74523.0,469843.0,465903.0
2024-12-24 13:30:00,8770.0,8794.0,8750.0,8792.0,82582.0,465903.0,467792.0
2024-12-24 14:00:00,8792.0,8826.0,8792.0,8812.0,56521.0,467792.0,470940.0
2024-12-24 14:30:00,8812.0,8830.0,8798.0,8822.0,74859.0,470940.0,463204.0
2024-12-24 21:00:00,8850.0,8888.0,8834.0,8846.0,141044.0,463204.0,473082.0
2024-12-24 21:30:00,8846.0,8864.0,8838.0,8850.0,44249.0,473082.0,473040.0
2024-12-24 22:00:00,8850.0,8866.0,8832.0,8840.0,43076.0,473040.0,471219.0
2024-12-24 22:30:00,8840.0,8844.0,8818.0,8820.0,57585.0,471219.0,467601.0
2024-12-25 09:00:00,8812.0,8814.0,8760.0,8768.0,131992.0,467601.0,479926.0
2024-12-25 09:30:00,8768.0,8772.0,8744.0,8756.0,78682.0,479926.0,487137.0
2024-12-25 10:00:00,8756.0,8758.0,8732.0,8750.0,39442.0,487137.0,487569.0
2024-12-25 10:30:00,8752.0,8752.0,8674.0,8698.0,133698.0,487569.0,496083.0
2024-12-25 11:00:00,8698.0,8726.0,8682.0,8724.0,77826.0,496083.0,488334.0
2024-12-25 13:30:00,8724.0,8726.0,8688.0,8718.0,61511.0,488334.0,492217.0
2024-12-25 14:00:00,8718.0,8730.0,8702.0,8720.0,46055.0,492217.0,489433.0
2024-12-25 14:30:00,8720.0,8730.0,8698.0,8706.0,54519.0,489433.0,483411.0
2024-12-25 21:00:00,8692.0,8704.0,8638.0,8650.0,148872.0,483411.0,495908.0
2024-12-25 21:30:00,8650.0,8670.0,8650.0,8664.0,36478.0,495908.0,496959.0
2024-12-25 22:00:00,8664.0,8674.0,8654.0,8658.0,30250.0,496959.0,496685.0
2024-12-25 22:30:00,8658.0,8688.0,8656.0,8688.0,53347.0,496685.0,491616.0
2024-12-26 09:00:00,8688.0,8724.0,8680.0,8712.0,92832.0,491616.0,490662.0
2024-12-26 09:30:00,8712.0,8720.0,8672.0,8676.0,52217.0,490662.0,486208.0
2024-12-26 10:00:00,8676.0,8714.0,8676.0,8706.0,28338.0,486208.0,483933.0
2024-12-26 10:30:00,8706.0,8748.0,8696.0,8740.0,97482.0,483933.0,483712.0
2024-12-26 11:00:00,8740.0,8748.0,8724.0,8728.0,49593.0,483712.0,480767.0
2024-12-26 13:30:00,8748.0,8774.0,8738.0,8744.0,83376.0,480767.0,482127.0
2024-12-26 14:00:00,8744.0,8756.0,8728.0,8752.0,36796.0,482127.0,481963.0
2024-12-26 14:30:00,8752.0,8762.0,8738.0,8740.0,53042.0,481963.0,478105.0
2024-12-26 21:00:00,8762.0,8812.0,8750.0,8808.0,121426.0,478105.0,488715.0
2024-12-26 21:30:00,8808.0,8808.0,8744.0,8754.0,92120.0,488715.0,493144.0
2024-12-26 22:00:00,8754.0,8756.0,8722.0,8734.0,75939.0,493144.0,493134.0
2024-12-26 22:30:00,8734.0,8748.0,8728.0,8736.0,49478.0,493134.0,485267.0
2024-12-27 09:00:00,8746.0,8782.0,8740.0,8760.0,70536.0,485267.0,482756.0
2024-12-27 09:30:00,8760.0,8794.0,8748.0,8784.0,54192.0,482756.0,482691.0
2024-12-27 10:00:00,8784.0,8786.0,8766.0,8768.0,18009.0,482691.0,480937.0
2024-12-27 10:30:00,8766.0,8822.0,8752.0,8794.0,77961.0,480937.0,484807.0
2024-12-27 11:00:00,8794.0,8828.0,8790.0,8800.0,55878.0,484807.0,483885.0
2024-12-27 13:30:00,8810.0,8816.0,8788.0,8796.0,41571.0,483885.0,485647.0
2024-12-27 14:00:00,8796.0,8796.0,8772.0,8776.0,42883.0,485647.0,485967.0
2024-12-27 14:30:00,8776.0,8804.0,8768.0,8786.0,64012.0,485967.0,480050.0
2024-12-27 21:00:00,8824.0,8844.0,8796.0,8804.0,103522.0,480050.0,491779.0
2024-12-27 21:30:00,8804.0,8816.0,8798.0,8812.0,39804.0,491779.0,492067.0
2024-12-27 22:00:00,8812.0,8828.0,8802.0,8804.0,46989.0,492067.0,492222.0
2024-12-27 22:30:00,8804.0,8806.0,8778.0,8784.0,60548.0,492222.0,488453.0
2024-12-30 09:00:00,8732.0,8748.0,8684.0,8702.0,172491.0,488453.0,489495.0
2024-12-30 09:30:00,8702.0,8762.0,8702.0,8758.0,64227.0,489495.0,487334.0
2024-12-30 10:00:00,8758.0,8766.0,8746.0,8756.0,27669.0,487334.0,488257.0
2024-12-30 10:30:00,8754.0,8794.0,8748.0,8778.0,75714.0,488257.0,489433.0
2024-12-30 11:00:00,8778.0,8794.0,8770.0,8784.0,38450.0,489433.0,490802.0
2024-12-30 13:30:00,8784.0,8784.0,8746.0,8750.0,58617.0,490802.0,494099.0
2024-12-30 14:00:00,8750.0,8778.0,8740.0,8742.0,49096.0,494099.0,492389.0
2024-12-30 14:30:00,8742.0,8766.0,8734.0,8744.0,53189.0,492389.0,488890.0
2024-12-30 21:00:00,8724.0,8742.0,8674.0,8692.0,152818.0,488890.0,500850.0
2024-12-30 21:30:00,8692.0,8722.0,8692.0,8710.0,67451.0,500850.0,495274.0
2024-12-30 22:00:00,8710.0,8716.0,8674.0,8692.0,77362.0,495274.0,493304.0
2024-12-30 22:30:00,8692.0,8700.0,8678.0,8678.0,50545.0,493304.0,487074.0
2024-12-31 09:00:00,8678.0,8678.0,8608.0,8652.0,151377.0,487074.0,496898.0
2024-12-31 09:30:00,8652.0,8672.0,8644.0,8646.0,63684.0,496898.0,496041.0
2024-12-31 10:00:00,8646.0,8686.0,8636.0,8662.0,46743.0,496041.0,491873.0
2024-12-31 10:30:00,8662.0,8718.0,8650.0,8702.0,91069.0,491873.0,491355.0
2024-12-31 11:00:00,8702.0,8704.0,8644.0,8648.0,71505.0,491355.0,488480.0
2024-12-31 13:30:00,8648.0,8684.0,8640.0,8684.0,46966.0,488480.0,485957.0
2024-12-31 14:00:00,8684.0,8710.0,8664.0,8668.0,67952.0,485957.0,483121.0
2024-12-31 14:30:00,8668.0,8682.0,8650.0,8668.0,83082.0,483121.0,479788.0
2025-01-02 09:00:00,8660.0,8824.0,8622.0,8806.0,252015.0,479788.0,497579.0
2025-01-02 09:30:00,8806.0,8810.0,8762.0,8772.0,81587.0,497579.0,497716.0
2025-01-02 10:00:00,8772.0,8800.0,8768.0,8790.0,26837.0,497716.0,498965.0
2025-01-02 10:30:00,8792.0,8794.0,8748.0,8768.0,79725.0,498965.0,499498.0
2025-01-02 11:00:00,8768.0,8770.0,8618.0,8626.0,191436.0,499498.0,509898.0
2025-01-02 13:30:00,8586.0,8628.0,8576.0,8596.0,193183.0,509898.0,502270.0
2025-01-02 14:00:00,8596.0,8600.0,8502.0,8506.0,199742.0,502270.0,520651.0
2025-01-02 14:30:00,8506.0,8514.0,8458.0,8474.0,171966.0,520651.0,511183.0
2025-01-02 21:00:00,8472.0,8512.0,8466.0,8474.0,145681.0,511183.0,514738.0
2025-01-02 21:30:00,8474.0,8492.0,8450.0,8490.0,88439.0,514738.0,516708.0
2025-01-02 22:00:00,8490.0,8498.0,8474.0,8486.0,43949.0,516708.0,512583.0
2025-01-02 22:30:00,8486.0,8496.0,8464.0,8478.0,77467.0,512583.0,504338.0
2025-01-03 09:00:00,8496.0,8540.0,8482.0,8518.0,104323.0,504338.0,498973.0
2025-01-03 09:30:00,8518.0,8538.0,8504.0,8512.0,54217.0,498973.0,500210.0
2025-01-03 10:00:00,8512.0,8516.0,8440.0,8478.0,79516.0,500210.0,501183.0
2025-01-03 10:30:00,8478.0,8486.0,8408.0,8418.0,119372.0,501183.0,506701.0
2025-01-03 11:00:00,8418.0,8420.0,8372.0,8404.0,110708.0,506701.0,500266.0
2025-01-03 13:30:00,8458.0,8548.0,8448.0,8530.0,226998.0,500266.0,494684.0
2025-01-03 14:00:00,8530.0,8542.0,8490.0,8500.0,110158.0,494684.0,497974.0
2025-01-03 14:30:00,8500.0,8558.0,8480.0,8530.0,108414.0,497974.0,484663.0
2025-01-03 21:00:00,8534.0,8556.0,8502.0,8514.0,125501.0,484663.0,491427.0
2025-01-03 21:30:00,8514.0,8530.0,8496.0,8510.0,75446.0,491427.0,491930.0
2025-01-03 22:00:00,8510.0,8526.0,8496.0,8512.0,52549.0,491930.0,489229.0
2025-01-03 22:30:00,8512.0,8536.0,8496.0,8528.0,61801.0,489229.0,480506.0
2025-01-06 09:00:00,8518.0,8632.0,8516.0,8602.0,204321.0,480506.0,481051.0
2025-01-06 09:30:00,8602.0,8620.0,8588.0,8594.0,63677.0,481051.0,481412.0
2025-01-06 10:00:00,8594.0,8646.0,8578.0,8644.0,58175.0,481412.0,482245.0
2025-01-06 10:30:00,8644.0,8646.0,8570.0,8590.0,96213.0,482245.0,478490.0
2025-01-06 11:00:00,8590.0,8612.0,8538.0,8566.0,92123.0,478490.0,475733.0
2025-01-06 13:30:00,8552.0,8556.0,8512.0,8536.0,80054.0,475733.0,475190.0
2025-01-06 14:00:00,8536.0,8546.0,8520.0,8534.0,35639.0,475190.0,475838.0
2025-01-06 14:30:00,8534.0,8540.0,8478.0,8484.0,94303.0,475838.0,469855.0
2025-01-06 21:00:00,8534.0,8548.0,8502.0,8514.0,105772.0,469855.0,475432.0
2025-01-06 21:30:00,8514.0,8538.0,8506.0,8510.0,57549.0,475432.0,476846.0
2025-01-06 22:00:00,8510.0,8552.0,8510.0,8534.0,60238.0,476846.0,476111.0
2025-01-06 22:30:00,8534.0,8572.0,8528.0,8572.0,61710.0,476111.0,470616.0
2025-01-07 09:00:00,8540.0,8550.0,8484.0,8520.0,118072.0,470616.0,471957.0
2025-01-07 09:30:00,8520.0,8562.0,8514.0,8542.0,63331.0,471957.0,475852.0
2025-01-07 10:00:00,8542.0,8544.0,8510.0,8514.0,28689.0,475852.0,474024.0
2025-01-07 10:30:00,8512.0,8550.0,8460.0,8538.0,138221.0,474024.0,479332.0
2025-01-07 11:00:00,8538.0,8538.0,8500.0,8518.0,62610.0,479332.0,478985.0
2025-01-07 13:30:00,8526.0,8630.0,8526.0,8612.0,180020.0,478985.0,493791.0
2025-01-07 14:00:00,8612.0,8668.0,8598.0,8650.0,109048.0,493791.0,503123.0
2025-01-07 14:30:00,8650.0,8752.0,8638.0,8722.0,234782.0,503123.0,497072.0
2025-01-07 21:00:00,8714.0,8718.0,8678.0,8686.0,143597.0,497072.0,495565.0
2025-01-07 21:30:00,8686.0,8700.0,8666.0,8680.0,62403.0,495565.0,496128.0
2025-01-07 22:00:00,8680.0,8690.0,8670.0,8676.0,42683.0,496128.0,493477.0
2025-01-07 22:30:00,8676.0,8688.0,8652.0,8666.0,76275.0,493477.0,483777.0
2025-01-08 09:00:00,8704.0,8764.0,8694.0,8758.0,131644.0,483777.0,487336.0
2025-01-08 09:30:00,8758.0,8774.0,8730.0,8744.0,72159.0,487336.0,487210.0
2025-01-08 10:00:00,8744.0,8756.0,8734.0,8746.0,28716.0,487210.0,486956.0
2025-01-08 10:30:00,8744.0,8746.0,8704.0,8738.0,89193.0,486956.0,482426.0
2025-01-08 11:00:00,8738.0,8740.0,8664.0,8668.0,76234.0,482426.0,480004.0
2025-01-08 13:30:00,8652.0,8666.0,8618.0,8646.0,148294.0,480004.0,473189.0
2025-01-08 14:00:00,8646.0,8682.0,8640.0,8652.0,69007.0,473189.0,473560.0
2025-01-08 14:30:00,8652.0,8656.0,8608.0,8618.0,106783.0,473560.0,469991.0
2025-01-08 21:00:00,8638.0,8650.0,8618.0,8628.0,87991.0,469991.0,477448.0
2025-01-08 21:30:00,8628.0,8632.0,8594.0,8622.0,68604.0,477448.0,479190.0
2025-01-08 22:00:00,8622.0,8638.0,8582.0,8584.0,71579.0,479190.0,475235.0
2025-01-08 22:30:00,8584.0,8588.0,8556.0,8568.0,90921.0,475235.0,466220.0
2025-01-09 09:00:00,8566.0,8574.0,8466.0,8470.0,183748.0,466220.0,466392.0
2025-01-09 09:30:00,8470.0,8494.0,8452.0,8456.0,83965.0,466392.0,460963.0
2025-01-09 10:00:00,8456.0,8464.0,8434.0,8450.0,57011.0,460963.0,462637.0
2025-01-09 10:30:00,8452.0,8470.0,8408.0,8442.0,119662.0,462637.0,463935.0
2025-01-09 11:00:00,8442.0,8464.0,8430.0,8444.0,78932.0,463935.0,463384.0
2025-01-09 13:30:00,8448.0,8450.0,8412.0,8422.0,60911.0,463384.0,467255.0
2025-01-09 14:00:00,8422.0,8448.0,8418.0,8432.0,44493.0,467255.0,467102.0
2025-01-09 14:30:00,8432.0,8464.0,8416.0,8418.0,93876.0,467102.0,468225.0
2025-01-09 21:00:00,8438.0,8456.0,8404.0,8430.0,122734.0,468225.0,473462.0
2025-01-09 21:30:00,8430.0,8436.0,8414.0,8436.0,41744.0,473462.0,474411.0
2025-01-09 22:00:00,8436.0,8442.0,8418.0,8428.0,30350.0,474411.0,474378.0
2025-01-09 22:30:00,8428.0,8440.0,8420.0,8422.0,47011.0,474378.0,471837.0
2025-01-10 09:00:00,8446.0,8542.0,8446.0,8530.0,174400.0,471837.0,463397.0
2025-01-10 09:30:00,8530.0,8530.0,8498.0,8512.0,69003.0,463397.0,461690.0
2025-01-10 10:00:00,8512.0,8514.0,8492.0,8504.0,33406.0,461690.0,461036.0
2025-01-10 10:30:00,8506.0,8538.0,8482.0,8528.0,93966.0,461036.0,460185.0
2025-01-10 11:00:00,8528.0,8540.0,8466.0,8478.0,72828.0,460185.0,456509.0
2025-01-10 13:30:00,8510.0,8530.0,8500.0,8524.0,76080.0,456509.0,456801.0
2025-01-10 14:00:00,8524.0,8552.0,8518.0,8534.0,78091.0,456801.0,449812.0
2025-01-10 14:30:00,8534.0,8550.0,8516.0,8524.0,71882.0,449812.0,443978.0
2025-01-10 21:00:00,8558.0,8598.0,8556.0,8592.0,119212.0,443978.0,448059.0
2025-01-10 21:30:00,8592.0,8622.0,8584.0,8602.0,78343.0,448059.0,447601.0
2025-01-10 22:00:00,8602.0,8648.0,8586.0,8634.0,78933.0,447601.0,445423.0
2025-01-10 22:30:00,8634.0,8666.0,8626.0,8654.0,91016.0,445423.0,444622.0
2025-01-13 09:00:00,8742.0,8822.0,8722.0,8730.0,237048.0,444622.0,447893.0
2025-01-13 09:30:00,8730.0,8784.0,8728.0,8774.0,68668.0,447893.0,450072.0
2025-01-13 10:00:00,8774.0,8780.0,8756.0,8764.0,17372.0,450072.0,448660.0
2025-01-13 10:30:00,8760.0,8760.0,8710.0,8738.0,90214.0,448660.0,452236.0
2025-01-13 11:00:00,8738.0,8744.0,8694.0,8696.0,56368.0,452236.0,451293.0
2025-01-13 13:30:00,8716.0,8730.0,8702.0,8728.0,52700.0,451293.0,453556.0
2025-01-13 14:00:00,8728.0,8748.0,8724.0,8736.0,37231.0,453556.0,455130.0
2025-01-13 14:30:00,8736.0,8774.0,8734.0,8758.0,63076.0,455130.0,452046.0
2025-01-13 21:00:00,8736.0,8752.0,8710.0,8720.0,103075.0,452046.0,458536.0
2025-01-13 21:30:00,8720.0,8728.0,8704.0,8710.0,44873.0,458536.0,459152.0
2025-01-13 22:00:00,8710.0,8720.0,8698.0,8718.0,36091.0,459152.0,459316.0
2025-01-13 22:30:00,8718.0,8730.0,8682.0,8698.0,78942.0,459316.0,454972.0
2025-01-14 09:00:00,8732.0,8748.0,8718.0,8724.0,74275.0,454972.0,455458.0
2025-01-14 09:30:00,8724.0,8740.0,8720.0,8736.0,28362.0,455458.0,456102.0
2025-01-14 10:00:00,8736.0,8748.0,8726.0,8744.0,18216.0,456102.0,457046.0
2025-01-14 10:30:00,8746.0,8762.0,8736.0,8742.0,52175.0,457046.0,459102.0
2025-01-14 11:00:00,8742.0,8760.0,8726.0,8760.0,44966.0,459102.0,458400.0
2025-01-14 13:30:00,8758.0,8766.0,8728.0,8750.0,57443.0,458400.0,462656.0
2025-01-14 14:00:00,8750.0,8756.0,8740.0,8742.0,32675.0,462656.0,461193.0
2025-01-14 14:30:00,8742.0,8742.0,8668.0,8710.0,133973.0,461193.0,455733.0
2025-01-14 21:00:00,8694.0,8696.0,8632.0,8642.0,119973.0,455733.0,458209.0
2025-01-14 21:30:00,8642.0,8688.0,8642.0,8670.0,62064.0,458209.0,460372.0
2025-01-14 22:00:00,8670.0,8670.0,8644.0,8652.0,43310.0,460372.0,460225.0
2025-01-14 22:30:00,8652.0,8702.0,8646.0,8698.0,53285.0,460225.0,455956.0
2025-01-15 09:00:00,8686.0,8710.0,8622.0,8638.0,107053.0,455956.0,457852.0
2025-01-15 09:30:00,8638.0,8664.0,8628.0,8658.0,43379.0,457852.0,457919.0
2025-01-15 10:00:00,8658.0,8664.0,8648.0,8658.0,19254.0,457919.0,458052.0
2025-01-15 10:30:00,8658.0,8686.0,8652.0,8670.0,63079.0,458052.0,458946.0
2025-01-15 11:00:00,8670.0,8680.0,8580.0,8604.0,79988.0,458946.0,456216.0
2025-01-15 13:30:00,8600.0,8602.0,8492.0,8504.0,192499.0,456216.0,473733.0
2025-01-15 14:00:00,8504.0,8508.0,8468.0,8496.0,101177.0,473733.0,478373.0
2025-01-15 14:30:00,8496.0,8504.0,8470.0,8482.0,88474.0,478373.0,468827.0
2025-01-15 21:00:00,8486.0,8512.0,8458.0,8490.0,111797.0,468827.0,478146.0
2025-01-15 21:30:00,8490.0,8534.0,8490.0,8528.0,72389.0,478146.0,477842.0
2025-01-15 22:00:00,8528.0,8544.0,8524.0,8532.0,56374.0,477842.0,475563.0
2025-01-15 22:30:00,8532.0,8548.0,8494.0,8518.0,89740.0,475563.0,468376.0
2025-01-16 09:00:00,8516.0,8516.0,8382.0,8424.0,215464.0,468376.0,472855.0
2025-01-16 09:30:00,8424.0,8454.0,8414.0,8428.0,64126.0,472855.0,471833.0
2025-01-16 10:00:00,8428.0,8450.0,8426.0,8432.0,19601.0,471833.0,470962.0
2025-01-16 10:30:00,8432.0,8470.0,8422.0,8444.0,73730.0,470962.0,468602.0
2025-01-16 11:00:00,8444.0,8450.0,8424.0,8442.0,45571.0,468602.0,466164.0
2025-01-16 13:30:00,8424.0,8424.0,8306.0,8318.0,184185.0,466164.0,487775.0
2025-01-16 14:00:00,8318.0,8336.0,8292.0,8322.0,96038.0,487775.0,490030.0
2025-01-16 14:30:00,8322.0,8354.0,8316.0,8344.0,94103.0,490030.0,479704.0
2025-01-16 21:00:00,8286.0,8344.0,8270.0,8334.0,133670.0,479704.0,488231.0
2025-01-16 21:30:00,8334.0,8336.0,8312.0,8320.0,53658.0,488231.0,489426.0
2025-01-16 22:00:00,8320.0,8320.0,8276.0,8286.0,74304.0,489426.0,492904.0
2025-01-16 22:30:00,8286.0,8318.0,8280.0,8290.0,71278.0,492904.0,488556.0
2025-01-17 09:00:00,8258.0,8306.0,8232.0,8300.0,100859.0,488556.0,490754.0
2025-01-17 09:30:00,8300.0,8322.0,8286.0,8306.0,45357.0,490754.0,490718.0
2025-01-17 10:00:00,8306.0,8344.0,8300.0,8328.0,36678.0,490718.0,488252.0
2025-01-17 10:30:00,8330.0,8350.0,8306.0,8348.0,63234.0,488252.0,488223.0
2025-01-17 11:00:00,8348.0,8350.0,8292.0,8314.0,59906.0,488223.0,484432.0
2025-01-17 13:30:00,8328.0,8372.0,8318.0,8332.0,86862.0,484432.0,480834.0
2025-01-17 14:00:00,8332.0,8362.0,8322.0,8348.0,43658.0,480834.0,482076.0
2025-01-17 14:30:00,8348.0,8410.0,8346.0,8390.0,96515.0,482076.0,473714.0
2025-01-17 21:00:00,8374.0,8376.0,8334.0,8348.0,75872.0,473714.0,476945.0
2025-01-17 21:30:00,8348.0,8360.0,8340.0,8350.0,36548.0,476945.0,478556.0
2025-01-17 22:00:00,8350.0,8350.0,8302.0,8316.0,66519.0,478556.0,480147.0
2025-01-17 22:30:00,8316.0,8342.0,8308.0,8338.0,49137.0,480147.0,474215.0
2025-01-20 09:00:00,8358.0,8408.0,8346.0,8378.0,119694.0,474215.0,473428.0
2025-01-20 09:30:00,8378.0,8412.0,8362.0,8402.0,52647.0,473428.0,470006.0
2025-01-20 10:00:00,8402.0,8418.0,8380.0,8384.0,35648.0,470006.0,465888.0
2025-01-20 10:30:00,8386.0,8482.0,8380.0,8474.0,117247.0,465888.0,461918.0
2025-01-20 11:00:00,8474.0,8474.0,8428.0,8438.0,57776.0,461918.0,456305.0
2025-01-20 13:30:00,8454.0,8478.0,8418.0,8440.0,69238.0,456305.0,457635.0
2025-01-20 14:00:00,8440.0,8456.0,8430.0,8436.0,33193.0,457635.0,454981.0
2025-01-20 14:30:00,8436.0,8458.0,8414.0,8430.0,55924.0,454981.0,451361.0
2025-01-20 21:00:00,8404.0,8440.0,8390.0,8428.0,75393.0,451361.0,456196.0
2025-01-20 21:30:00,8428.0,8436.0,8408.0,8410.0,41639.0,456196.0,457221.0
2025-01-20 22:00:00,8410.0,8428.0,8394.0,8410.0,53616.0,457221.0,457383.0
2025-01-20 22:30:00,8410.0,8444.0,8402.0,8426.0,47905.0,457383.0,453607.0
2025-01-21 09:00:00,8426.0,8470.0,8394.0,8458.0,108177.0,453607.0,454571.0
2025-01-21 09:30:00,8458.0,8462.0,8438.0,8450.0,40551.0,454571.0,454559.0
2025-01-21 10:00:00,8450.0,8488.0,8444.0,8464.0,34405.0,454559.0,454417.0
2025-01-21 10:30:00,8466.0,8496.0,8426.0,8474.0,89926.0,454417.0,454790.0
2025-01-21 11:00:00,8474.0,8482.0,8438.0,8440.0,55713.0,454790.0,452135.0
2025-01-21 13:30:00,8440.0,8488.0,8432.0,8486.0,87685.0,452135.0,455705.0
2025-01-21 14:00:00,8486.0,8510.0,8464.0,8468.0,90531.0,455705.0,453150.0
2025-01-21 14:30:00,8468.0,8476.0,8424.0,8446.0,69427.0,453150.0,448253.0
2025-01-21 21:00:00,8454.0,8524.0,8444.0,8462.0,132633.0,448253.0,457220.0
2025-01-21 21:30:00,8462.0,8466.0,8426.0,8432.0,69576.0,457220.0,459847.0
2025-01-21 22:00:00,8432.0,8456.0,8430.0,8438.0,35974.0,459847.0,458698.0
2025-01-21 22:30:00,8438.0,8452.0,8406.0,8412.0,76041.0,458698.0,454107.0
2025-01-22 09:00:00,8446.0,8470.0,8422.0,8452.0,79496.0,454107.0,455554.0
2025-01-22 09:30:00,8452.0,8462.0,8426.0,8448.0,44814.0,455554.0,455639.0
2025-01-22 10:00:00,8448.0,8454.0,8434.0,8454.0,16138.0,455639.0,455811.0
2025-01-22 10:30:00,8450.0,8476.0,8404.0,8438.0,84955.0,455811.0,453588.0
2025-01-22 11:00:00,8438.0,8448.0,8388.0,8406.0,84461.0,453588.0,453593.0
2025-01-22 13:30:00,8412.0,8444.0,8400.0,8422.0,54171.0,453593.0,452608.0
2025-01-22 14:00:00,8422.0,8424.0,8372.0,8386.0,77454.0,452608.0,455442.0
2025-01-22 14:30:00,8386.0,8386.0,8354.0,8360.0,75275.0,455442.0,452640.0
2025-01-22 21:00:00,8374.0,8390.0,8358.0,8382.0,71762.0,452640.0,457365.0
2025-01-22 21:30:00,8382.0,8382.0,8348.0,8376.0,52706.0,457365.0,459270.0
2025-01-22 22:00:00,8376.0,8376.0,8356.0,8366.0,30935.0,459270.0,459095.0
2025-01-22 22:30:00,8366.0,8384.0,8338.0,8350.0,63527.0,459095.0,456508.0
2025-01-23 09:00:00,8320.0,8350.0,8300.0,8342.0,86027.0,456508.0,461538.0
2025-01-23 09:30:00,8342.0,8378.0,8334.0,8358.0,52165.0,461538.0,457708.0
2025-01-23 10:00:00,8358.0,8364.0,8330.0,8332.0,23754.0,457708.0,456480.0
2025-01-23 10:30:00,8334.0,8334.0,8262.0,8274.0,126128.0,456480.0,461161.0
2025-01-23 11:00:00,8274.0,8316.0,8272.0,8290.0,61999.0,461161.0,455809.0
2025-01-23 13:30:00,8296.0,8304.0,8252.0,8262.0,66384.0,455809.0,460072.0
2025-01-23 14:00:00,8262.0,8274.0,8244.0,8256.0,51049.0,460072.0,460930.0
2025-01-23 14:30:00,8256.0,8266.0,8224.0,8242.0,84810.0,460930.0,460270.0
2025-01-23 21:00:00,8276.0,8310.0,8258.0,8260.0,110485.0,460270.0,455434.0
2025-01-23 21:30:00,8260.0,8280.0,8258.0,8276.0,30747.0,455434.0,454231.0
2025-01-23 22:00:00,8276.0,8288.0,8272.0,8284.0,22239.0,454231.0,453120.0
2025-01-23 22:30:00,8284.0,8328.0,8280.0,8326.0,58003.0,453120.0,443908.0
2025-01-24 09:00:00,8316.0,8316.0,8238.0,8246.0,87559.0,443908.0,446792.0
2025-01-24 09:30:00,8246.0,8272.0,8234.0,8268.0,38394.0,446792.0,443585.0
2025-01-24 10:00:00,8268.0,8288.0,8260.0,8280.0,22049.0,443585.0,441436.0
2025-01-24 10:30:00,8278.0,8310.0,8266.0,8280.0,62244.0,441436.0,441685.0
2025-01-24 11:00:00,8280.0,8304.0,8266.0,8288.0,35739.0,441685.0,442371.0
2025-01-24 13:30:00,8264.0,8296.0,8260.0,8274.0,39161.0,442371.0,439931.0
2025-01-24 14:00:00,8274.0,8300.0,8264.0,8290.0,25579.0,439931.0,437800.0
2025-01-24 14:30:00,8290.0,8316.0,8240.0,8258.0,70595.0,437800.0,430630.0
2025-01-24 21:00:00,8292.0,8338.0,8286.0,8324.0,87603.0,430630.0,427979.0
2025-01-24 21:30:00,8324.0,8338.0,8310.0,8328.0,30297.0,427979.0,429807.0
2025-01-24 22:00:00,8328.0,8332.0,8280.0,8298.0,36206.0,429807.0,427552.0
2025-01-24 22:30:00,8298.0,8334.0,8298.0,8324.0,42876.0,427552.0,421909.0
2025-01-27 09:00:00,8324.0,8358.0,8300.0,8344.0,69951.0,421909.0,419631.0
2025-01-27 09:30:00,8344.0,8382.0,8340.0,8374.0,48621.0,419631.0,416368.0
2025-01-27 10:00:00,8374.0,8396.0,8368.0,8370.0,25151.0,416368.0,413977.0
2025-01-27 10:30:00,8370.0,8382.0,8360.0,8366.0,34281.0,413977.0,410982.0
2025-01-27 11:00:00,8366.0,8422.0,8362.0,8396.0,53110.0,410982.0,409160.0
2025-01-27 13:30:00,8402.0,8440.0,8402.0,8434.0,38150.0,409160.0,407325.0
2025-01-27 14:00:00,8434.0,8438.0,8412.0,8430.0,29249.0,407325.0,403406.0
2025-01-27 14:30:00,8430.0,8452.0,8422.0,8452.0,47589.0,403406.0,392025.0
2025-02-05 09:00:00,8540.0,8620.0,8532.0,8596.0,144668.0,392025.0,407093.0
2025-02-05 09:30:00,8596.0,8604.0,8574.0,8584.0,39105.0,407093.0,408848.0
2025-02-05 10:00:00,8584.0,8606.0,8578.0,8580.0,21318.0,408848.0,410266.0
2025-02-05 10:30:00,8578.0,8586.0,8496.0,8498.0,71524.0,410266.0,407946.0
2025-02-05 11:00:00,8498.0,8552.0,8488.0,8548.0,55683.0,407946.0,409800.0
2025-02-05 13:30:00,8556.0,8582.0,8552.0,8576.0,33076.0,409800.0,412175.0
2025-02-05 14:00:00,8576.0,8628.0,8572.0,8614.0,55494.0,412175.0,421227.0
2025-02-05 14:30:00,8614.0,8636.0,8608.0,8612.0,49138.0,421227.0,417778.0
2025-02-05 21:00:00,8568.0,8588.0,8554.0,8582.0,73405.0,417778.0,421871.0
2025-02-05 21:30:00,8582.0,8586.0,8566.0,8582.0,30526.0,421871.0,423378.0
2025-02-05 22:00:00,8582.0,8586.0,8570.0,8570.0,15005.0,423378.0,422149.0
2025-02-05 22:30:00,8570.0,8574.0,8560.0,8568.0,30191.0,422149.0,419451.0
2025-02-06 09:00:00,8562.0,8586.0,8540.0,8566.0,50153.0,419451.0,424694.0
2025-02-06 09:30:00,8566.0,8594.0,8554.0,8576.0,51203.0,424694.0,426519.0
2025-02-06 10:00:00,8576.0,8596.0,8576.0,8586.0,15735.0,426519.0,428903.0
2025-02-06 10:30:00,8586.0,8684.0,8582.0,8672.0,108745.0,428903.0,446111.0
2025-02-06 11:00:00,8672.0,8722.0,8672.0,8688.0,86144.0,446111.0,454039.0
2025-02-06 13:30:00,8684.0,8716.0,8680.0,8714.0,35714.0,454039.0,458243.0
2025-02-06 14:00:00,8714.0,8738.0,8714.0,8724.0,48863.0,458243.0,466309.0
2025-02-06 14:30:00,8724.0,8726.0,8684.0,8690.0,57583.0,466309.0,456980.0
2025-02-06 21:00:00,8720.0,8734.0,8710.0,8724.0,63496.0,456980.0,464562.0
2025-02-06 21:30:00,8724.0,8734.0,8718.0,8726.0,25688.0,464562.0,466014.0
2025-02-06 22:00:00,8726.0,8750.0,8720.0,8726.0,44266.0,466014.0,466891.0
2025-02-06 22:30:00,8726.0,8730.0,8712.0,8722.0,38565.0,466891.0,466900.0
2025-02-07 09:00:00,8746.0,8770.0,8726.0,8768.0,67907.0,466900.0,474285.0
2025-02-07 09:30:00,8768.0,8792.0,8754.0,8788.0,49452.0,474285.0,477344.0
2025-02-07 10:00:00,8788.0,8798.0,8782.0,8794.0,19309.0,477344.0,479062.0
2025-02-07 10:30:00,8794.0,8820.0,8776.0,8802.0,69412.0,479062.0,485714.0
2025-02-07 11:00:00,8802.0,8818.0,8796.0,8810.0,28112.0,485714.0,486635.0
2025-02-07 13:30:00,8830.0,8848.0,8814.0,8832.0,66812.0,486635.0,492809.0
2025-02-07 14:00:00,8832.0,8880.0,8830.0,8878.0,74998.0,492809.0,503568.0
2025-02-07 14:30:00,8878.0,8898.0,8866.0,8888.0,72102.0,503568.0,503060.0
2025-02-07 21:00:00,8872.0,8878.0,8848.0,8854.0,66000.0,503060.0,506173.0
2025-02-07 21:30:00,8854.0,8910.0,8854.0,8904.0,68236.0,506173.0,512074.0
2025-02-07 22:00:00,8904.0,8906.0,8890.0,8898.0,28846.0,512074.0,511889.0
2025-02-07 22:30:00,8898.0,8926.0,8892.0,8916.0,56586.0,511889.0,506022.0
2025-02-10 09:00:00,8922.0,8950.0,8888.0,8894.0,92312.0,506022.0,507071.0
2025-02-10 09:30:00,8894.0,8930.0,8892.0,8922.0,39730.0,507071.0,506539.0
2025-02-10 10:00:00,8922.0,8932.0,8902.0,8906.0,20758.0,506539.0,506776.0
2025-02-10 10:30:00,8904.0,8944.0,8898.0,8934.0,63351.0,506776.0,510594.0
2025-02-10 11:00:00,8934.0,8944.0,8894.0,8906.0,47637.0,510594.0,508309.0
2025-02-10 13:30:00,8936.0,8992.0,8934.0,8976.0,119185.0,508309.0,525119.0
2025-02-10 14:00:00,8976.0,8980.0,8942.0,8972.0,61774.0,525119.0,525714.0
2025-02-10 14:30:00,8972.0,8978.0,8928.0,8956.0,72955.0,525714.0,521559.0
2025-02-10 21:00:00,9008.0,9020.0,8974.0,8990.0,94968.0,521559.0,528964.0
2025-02-10 21:30:00,8990.0,8998.0,8980.0,8986.0,36928.0,528964.0,533503.0
2025-02-10 22:00:00,8986.0,9028.0,8984.0,9016.0,53425.0,533503.0,541253.0
2025-02-10 22:30:00,9016.0,9038.0,9010.0,9036.0,59856.0,541253.0,537884.0
2025-02-11 09:00:00,9024.0,9098.0,9024.0,9084.0,110083.0,537884.0,550230.0
2025-02-11 09:30:00,9084.0,9132.0,9080.0,9108.0,81496.0,550230.0,557867.0
2025-02-11 10:00:00,9108.0,9122.0,9102.0,9110.0,27076.0,557867.0,559015.0
2025-02-11 10:30:00,9110.0,9110.0,9054.0,9084.0,86005.0,559015.0,549831.0
2025-02-11 11:00:00,9084.0,9086.0,9036.0,9084.0,76146.0,549831.0,541428.0
2025-02-11 13:30:00,9082.0,9086.0,9054.0,9074.0,39053.0,541428.0,545142.0
2025-02-11 14:00:00,9074.0,9080.0,9058.0,9072.0,29480.0,545142.0,547122.0
2025-02-11 14:30:00,9072.0,9080.0,9058.0,9076.0,33457.0,547122.0,544767.0
2025-02-11 21:00:00,9096.0,9102.0,9052.0,9064.0,86709.0,544767.0,552313.0
2025-02-11 21:30:00,9064.0,9106.0,9062.0,9096.0,66674.0,552313.0,559808.0
2025-02-11 22:00:00,9096.0,9122.0,9094.0,9110.0,47345.0,559808.0,563588.0
2025-02-11 22:30:00,9110.0,9128.0,9096.0,9118.0,52164.0,563588.0,559772.0
2025-02-12 09:00:00,9106.0,9144.0,9082.0,9122.0,85136.0,559772.0,563965.0
2025-02-12 09:30:00,9122.0,9154.0,9116.0,9148.0,45636.0,563965.0,570317.0
2025-02-12 10:00:00,9148.0,9170.0,9134.0,9158.0,40110.0,570317.0,575097.0
2025-02-12 10:30:00,9158.0,9208.0,9148.0,9166.0,127537.0,575097.0,586586.0
2025-02-12 11:00:00,9166.0,9176.0,9142.0,9160.0,74457.0,586586.0,589782.0
2025-02-12 13:30:00,9158.0,9192.0,9158.0,9188.0,46494.0,589782.0,592872.0
2025-02-12 14:00:00,9188.0,9222.0,9178.0,9186.0,83707.0,592872.0,599396.0
2025-02-12 14:30:00,9186.0,9190.0,9144.0,9154.0,97507.0,599396.0,587214.0
2025-02-12 21:00:00,9112.0,9146.0,9092.0,9102.0,127475.0,587214.0,585306.0
2025-02-12 21:30:00,9102.0,9118.0,9076.0,9116.0,89099.0,585306.0,582939.0
2025-02-12 22:00:00,9116.0,9144.0,9106.0,9134.0,54431.0,582939.0,586615.0
2025-02-12 22:30:00,9134.0,9162.0,9124.0,9128.0,70414.0,586615.0,584436.0
2025-02-13 09:00:00,9102.0,9114.0,9042.0,9062.0,161544.0,584436.0,577464.0
2025-02-13 09:30:00,9062.0,9074.0,9032.0,9070.0,72243.0,577464.0,575866.0
2025-02-13 10:00:00,9070.0,9082.0,9054.0,9058.0,22833.0,575866.0,576315.0
2025-02-13 10:30:00,9056.0,9074.0,9040.0,9066.0,57266.0,576315.0,576096.0
2025-02-13 11:00:00,9066.0,9066.0,8926.0,8956.0,177005.0,576096.0,557377.0
2025-02-13 13:30:00,8944.0,8958.0,8914.0,8952.0,114623.0,557377.0,555379.0
2025-02-13 14:00:00,8952.0,8952.0,8932.0,8948.0,38680.0,555379.0,551976.0
2025-02-13 14:30:00,8948.0,8956.0,8926.0,8950.0,60553.0,551976.0,544620.0
2025-02-13 21:00:00,8926.0,8938.0,8900.0,8924.0,113834.0,544620.0,549480.0
2025-02-13 21:30:00,8924.0,8980.0,8924.0,8956.0,105085.0,549480.0,551301.0
2025-02-13 22:00:00,8956.0,8972.0,8944.0,8966.0,38114.0,551301.0,550293.0
2025-02-13 22:30:00,8966.0,9008.0,8954.0,8996.0,75745.0,550293.0,543822.0
2025-02-14 09:00:00,9028.0,9086.0,9016.0,9064.0,136550.0,543822.0,550751.0
2025-02-14 09:30:00,9064.0,9096.0,9048.0,9086.0,58435.0,550751.0,554221.0
2025-02-14 10:00:00,9086.0,9108.0,9064.0,9070.0,36796.0,554221.0,554296.0
2025-02-14 10:30:00,9070.0,9070.0,8962.0,9020.0,219581.0,554296.0,549603.0
2025-02-14 11:00:00,9020.0,9052.0,9014.0,9046.0,73920.0,549603.0,549345.0
2025-02-14 13:30:00,9056.0,9078.0,9050.0,9064.0,51210.0,549345.0,550301.0
2025-02-14 14:00:00,9064.0,9086.0,9026.0,9036.0,60066.0,550301.0,549560.0
2025-02-14 14:30:00,9036.0,9080.0,9024.0,9078.0,73368.0,549560.0,548448.0
2025-02-14 21:00:00,9076.0,9102.0,9040.0,9084.0,109153.0,548448.0,555287.0
2025-02-14 21:30:00,9084.0,9094.0,9048.0,9052.0,65967.0,555287.0,553732.0
2025-02-14 22:00:00,9052.0,9068.0,9028.0,9056.0,64762.0,553732.0,551385.0
2025-02-14 22:30:00,9056.0,9080.0,9054.0,9068.0,48996.0,551385.0,546657.0
2025-02-17 09:00:00,9050.0,9054.0,9008.0,9030.0,92183.0,546657.0,544081.0
2025-02-17 09:30:00,9030.0,9080.0,9020.0,9042.0,74723.0,544081.0,542679.0
2025-02-17 10:00:00,9042.0,9058.0,8988.0,9004.0,54156.0,542679.0,540361.0
2025-02-17 10:30:00,9004.0,9024.0,8968.0,9006.0,85239.0,540361.0,540247.0
2025-02-17 11:00:00,9006.0,9052.0,9000.0,9018.0,68410.0,540247.0,542452.0
2025-02-17 13:30:00,9016.0,9036.0,9010.0,9012.0,36542.0,542452.0,543849.0
2025-02-17 14:00:00,9012.0,9064.0,9012.0,9056.0,45875.0,543849.0,549080.0
2025-02-17 14:30:00,9056.0,9068.0,9044.0,9064.0,50743.0,549080.0,549672.0
2025-02-17 21:00:00,9090.0,9118.0,9062.0,9070.0,131423.0,549672.0,557189.0
2025-02-17 21:30:00,9070.0,9078.0,9052.0,9064.0,53163.0,557189.0,557578.0
2025-02-17 22:00:00,9064.0,9074.0,9052.0,9058.0,32388.0,557578.0,556456.0
2025-02-17 22:30:00,9058.0,9062.0,9040.0,9058.0,40933.0,556456.0,550945.0
2025-02-18 09:00:00,9062.0,9110.0,9032.0,9036.0,112867.0,550945.0,554352.0
2025-02-18 09:30:00,9036.0,9058.0,9012.0,9046.0,109153.0,554352.0,548389.0
2025-02-18 10:00:00,9046.0,9046.0,9004.0,9038.0,40020.0,548389.0,545968.0
2025-02-18 10:30:00,9038.0,9042.0,8994.0,9024.0,69136.0,545968.0,545623.0
2025-02-18 11:00:00,9024.0,9050.0,9008.0,9046.0,47606.0,545623.0,543938.0
2025-02-18 13:30:00,9046.0,9076.0,9016.0,9022.0,73147.0,543938.0,545217.0
2025-02-18 14:00:00,9022.0,9032.0,8994.0,9014.0,61255.0,545217.0,541010.0
2025-02-18 14:30:00,9014.0,9024.0,8994.0,9012.0,55093.0,541010.0,535191.0
2025-02-18 21:00:00,9026.0,9060.0,9026.0,9050.0,83538.0,535191.0,544966.0
2025-02-18 21:30:00,9050.0,9068.0,9046.0,9062.0,42725.0,544966.0,547633.0
2025-02-18 22:00:00,9062.0,9092.0,9056.0,9080.0,59896.0,547633.0,555974.0
2025-02-18 22:30:00,9080.0,9130.0,9078.0,9124.0,105802.0,555974.0,565212.0
2025-02-19 09:00:00,9156.0,9178.0,9148.0,9156.0,112382.0,565212.0,581854.0
2025-02-19 09:30:00,9156.0,9188.0,9136.0,9178.0,83788.0,581854.0,584112.0
2025-02-19 10:00:00,9178.0,9186.0,9162.0,9170.0,29653.0,584112.0,586928.0
2025-02-19 10:30:00,9170.0,9184.0,9140.0,9168.0,78229.0,586928.0,587749.0
2025-02-19 11:00:00,9168.0,9180.0,9152.0,9170.0,41527.0,587749.0,591301.0
2025-02-19 13:30:00,9178.0,9206.0,9174.0,9188.0,68076.0,591301.0,603251.0
2025-02-19 14:00:00,9188.0,9192.0,9176.0,9184.0,27286.0,603251.0,602449.0
2025-02-19 14:30:00,9184.0,9208.0,9176.0,9200.0,67894.0,602449.0,596578.0
2025-02-19 21:00:00,9260.0,9284.0,9228.0,9234.0,192796.0,596578.0,612386.0
2025-02-19 21:30:00,9234.0,9250.0,9222.0,9232.0,62615.0,612386.0,612331.0
2025-02-19 22:00:00,9232.0,9256.0,9232.0,9246.0,50233.0,612331.0,611246.0
2025-02-19 22:30:00,9246.0,9248.0,9214.0,9224.0,72092.0,611246.0,602923.0
2025-02-20 09:00:00,9208.0,9224.0,9170.0,9220.0,110094.0,602923.0,595032.0
2025-02-20 09:30:00,9220.0,9266.0,9218.0,9256.0,70622.0,595032.0,596780.0
2025-02-20 10:00:00,9256.0,9276.0,9256.0,9274.0,46393.0,596780.0,601586.0
2025-02-20 10:30:00,9274.0,9342.0,9262.0,9330.0,177127.0,601586.0,618827.0
2025-02-20 11:00:00,9330.0,9348.0,9324.0,9332.0,74369.0,618827.0,623185.0
2025-02-20 13:30:00,9324.0,9364.0,9320.0,9344.0,91051.0,623185.0,628947.0
2025-02-20 14:00:00,9344.0,9352.0,9334.0,9340.0,38471.0,628947.0,624587.0
2025-02-20 14:30:00,9340.0,9378.0,9326.0,9368.0,96267.0,624587.0,613773.0
2025-02-20 21:00:00,9350.0,9388.0,9342.0,9374.0,107699.0,613773.0,621005.0
2025-02-20 21:30:00,9374.0,9384.0,9356.0,9382.0,53802.0,621005.0,626068.0
2025-02-20 22:00:00,9382.0,9400.0,9376.0,9392.0,66108.0,626068.0,632501.0
2025-02-20 22:30:00,9392.0,9416.0,9382.0,9410.0,69085.0,632501.0,623737.0
2025-02-21 09:00:00,9418.0,9448.0,9410.0,9428.0,90018.0,623737.0,623578.0
2025-02-21 09:30:00,9428.0,9432.0,9372.0,9376.0,93702.0,623578.0,613499.0
2025-02-21 10:00:00,9376.0,9420.0,9372.0,9416.0,48569.0,613499.0,613426.0
2025-02-21 10:30:00,9412.0,9434.0,9398.0,9424.0,69641.0,613426.0,616904.0
2025-02-21 11:00:00,9424.0,9438.0,9412.0,9414.0,45486.0,616904.0,617493.0
2025-02-21 13:30:00,9416.0,9438.0,9394.0,9394.0,64428.0,617493.0,617330.0
2025-02-21 14:00:00,9394.0,9418.0,9384.0,9410.0,58293.0,617330.0,616076.0
2025-02-21 14:30:00,9410.0,9412.0,9346.0,9368.0,121803.0,616076.0,602919.0
2025-02-21 21:00:00,9358.0,9384.0,9332.0,9342.0,130515.0,602919.0,610138.0
2025-02-21 21:30:00,9342.0,9366.0,9316.0,9326.0,75326.0,610138.0,608015.0
2025-02-21 22:00:00,9326.0,9326.0,9286.0,9290.0,85976.0,608015.0,601223.0
2025-02-21 22:30:00,9290.0,9310.0,9262.0,9304.0,126245.0,601223.0,583997.0
2025-02-24 09:00:00,9294.0,9304.0,9220.0,9230.0,172852.0,583997.0,573812.0
2025-02-24 09:30:00,9230.0,9254.0,9192.0,9202.0,104762.0,573812.0,566167.0
2025-02-24 10:00:00,9202.0,9220.0,9188.0,9214.0,37013.0,566167.0,565346.0
2025-02-24 10:30:00,9214.0,9256.0,9214.0,9220.0,91937.0,565346.0,567954.0
2025-02-24 11:00:00,9220.0,9238.0,9180.0,9206.0,70163.0,567954.0,562354.0
2025-02-24 13:30:00,9200.0,9230.0,9192.0,9224.0,46039.0,562354.0,562732.0
2025-02-24 14:00:00,9224.0,9254.0,9222.0,9240.0,50861.0,562732.0,564061.0
2025-02-24 14:30:00,9240.0,9248.0,9230.0,9240.0,43924.0,564061.0,560654.0
2025-02-24 21:00:00,9192.0,9208.0,9140.0,9144.0,197103.0,560654.0,558150.0
2025-02-24 21:30:00,9144.0,9168.0,9136.0,9146.0,84948.0,558150.0,557944.0
2025-02-24 22:00:00,9146.0,9160.0,9138.0,9158.0,58229.0,557944.0,554097.0
2025-02-24 22:30:00,9158.0,9184.0,9148.0,9158.0,80619.0,554097.0,544494.0
2025-02-25 09:00:00,9136.0,9172.0,9118.0,9170.0,101400.0,544494.0,545702.0
2025-02-25 09:30:00,9170.0,9192.0,9158.0,9190.0,57317.0,545702.0,549059.0
2025-02-25 10:00:00,9190.0,9236.0,9188.0,9218.0,73305.0,549059.0,554006.0
2025-02-25 10:30:00,9218.0,9258.0,9208.0,9252.0,91172.0,554006.0,563146.0
2025-02-25 11:00:00,9252.0,9324.0,9250.0,9300.0,167216.0,563146.0,575034.0
2025-02-25 13:30:00,9308.0,9308.0,9274.0,9292.0,75740.0,575034.0,580190.0
2025-02-25 14:00:00,9292.0,9292.0,9242.0,9268.0,82782.0,580190.0,574878.0
2025-02-25 14:30:00,9268.0,9274.0,9168.0,9178.0,147852.0,574878.0,547993.0
2025-02-25 21:00:00,9152.0,9204.0,9148.0,9194.0,142135.0,547993.0,556209.0
2025-02-25 21:30:00,9194.0,9194.0,9162.0,9172.0,80234.0,556209.0,555620.0
2025-02-25 22:00:00,9172.0,9192.0,9168.0,9184.0,49738.0,555620.0,556837.0
2025-02-25 22:30:00,9184.0,9188.0,9152.0,9174.0,64657.0,556837.0,548346.0
2025-02-26 09:00:00,9172.0,9214.0,9128.0,9146.0,161750.0,548346.0,547822.0
2025-02-26 09:30:00,9146.0,9174.0,9140.0,9154.0,54755.0,547822.0,547776.0
2025-02-26 10:00:00,9154.0,9180.0,9148.0,9170.0,33405.0,547776.0,548154.0
2025-02-26 10:30:00,9172.0,9202.0,9148.0,9188.0,83858.0,548154.0,544885.0
2025-02-26 11:00:00,9188.0,9222.0,9162.0,9178.0,95144.0,544885.0,547013.0
2025-02-26 13:30:00,9190.0,9204.0,9180.0,9198.0,50904.0,547013.0,549778.0
2025-02-26 14:00:00,9198.0,9210.0,9188.0,9196.0,39102.0,549778.0,553196.0
2025-02-26 14:30:00,9196.0,9242.0,9184.0,9228.0,93684.0,553196.0,550814.0
2025-02-26 21:00:00,9230.0,9244.0,9186.0,9192.0,121986.0,550814.0,558814.0
2025-02-26 21:30:00,9192.0,9194.0,9130.0,9140.0,156033.0,558814.0,560495.0
2025-02-26 22:00:00,9140.0,9166.0,9136.0,9140.0,80416.0,560495.0,558884.0
2025-02-26 22:30:00,9140.0,9158.0,9114.0,9156.0,105281.0,558884.0,546263.0
2025-02-27 09:00:00,9162.0,9208.0,9136.0,9138.0,146957.0,546263.0,549426.0
2025-02-27 09:30:00,9138.0,9146.0,9072.0,9072.0,164221.0,549426.0,542510.0
2025-02-27 10:00:00,9072.0,9084.0,9060.0,9070.0,65703.0,542510.0,536236.0
2025-02-27 10:30:00,9068.0,9082.0,9018.0,9044.0,148029.0,536236.0,529966.0
2025-02-27 11:00:00,9044.0,9088.0,9036.0,9082.0,91000.0,529966.0,518752.0
2025-02-27 13:30:00,9074.0,9076.0,9046.0,9070.0,60749.0,518752.0,518430.0
2025-02-27 14:00:00,9070.0,9096.0,9062.0,9082.0,55341.0,518430.0,514758.0
2025-02-27 14:30:00,9082.0,9090.0,9068.0,9080.0,55657.0,514758.0,509490.0
2025-02-27 21:00:00,9088.0,9094.0,9048.0,9060.0,121730.0,509490.0,517588.0
2025-02-27 21:30:00,9060.0,9108.0,9056.0,9076.0,93751.0,517588.0,514982.0
2025-02-27 22:00:00,9076.0,9120.0,9076.0,9092.0,78217.0,514982.0,518895.0
2025-02-27 22:30:00,9092.0,9110.0,9082.0,9098.0,56732.0,518895.0,513298.0
2025-02-28 09:00:00,9074.0,9126.0,9070.0,9096.0,95468.0,513298.0,518827.0
2025-02-28 09:30:00,9096.0,9106.0,9052.0,9066.0,91166.0,518827.0,518010.0
2025-02-28 10:00:00,9066.0,9092.0,9056.0,9076.0,31118.0,518010.0,517131.0
2025-02-28 10:30:00,9076.0,9078.0,9026.0,9028.0,90687.0,517131.0,518175.0
2025-02-28 11:00:00,9028.0,9072.0,9018.0,9062.0,76038.0,518175.0,514996.0
2025-02-28 13:30:00,9074.0,9106.0,9070.0,9098.0,82235.0,514996.0,521185.0
2025-02-28 14:00:00,9098.0,9102.0,9074.0,9094.0,44419.0,521185.0,523911.0
2025-02-28 14:30:00,9094.0,9152.0,9084.0,9146.0,135672.0,523911.0,530449.0
2025-02-28 21:00:00,9150.0,9160.0,9118.0,9120.0,93965.0,530449.0,537146.0
2025-02-28 21:30:00,9120.0,9150.0,9112.0,9132.0,72937.0,537146.0,538087.0
2025-02-28 22:00:00,9132.0,9142.0,9100.0,9104.0,68834.0,538087.0,534236.0
2025-02-28 22:30:00,9104.0,9118.0,9068.0,9092.0,96540.0,534236.0,518445.0
2025-03-03 09:00:00,9060.0,9110.0,9042.0,9070.0,134194.0,518445.0,518973.0
2025-03-03 09:30:00,9070.0,9090.0,9054.0,9068.0,60788.0,518973.0,519196.0
2025-03-03 10:00:00,9068.0,9112.0,9064.0,9104.0,39694.0,519196.0,520866.0
2025-03-03 10:30:00,9102.0,9126.0,9044.0,9044.0,94180.0,520866.0,521323.0
2025-03-03 11:00:00,9044.0,9050.0,9008.0,9048.0,109072.0,521323.0,517621.0
2025-03-03 13:30:00,9038.0,9068.0,9034.0,9034.0,69552.0,517621.0,516701.0
2025-03-03 14:00:00,9034.0,9056.0,9026.0,9054.0,38828.0,516701.0,514579.0
2025-03-03 14:30:00,9054.0,9054.0,9020.0,9042.0,58455.0,514579.0,507247.0
2025-03-03 21:00:00,9050.0,9072.0,9030.0,9066.0,98740.0,507247.0,514455.0
2025-03-03 21:30:00,9066.0,9080.0,9056.0,9064.0,52283.0,514455.0,515211.0
2025-03-03 22:00:00,9064.0,9074.0,9046.0,9048.0,43102.0,515211.0,514078.0
2025-03-03 22:30:00,9048.0,9058.0,9008.0,9036.0,97069.0,514078.0,505697.0
2025-03-04 09:00:00,9004.0,9004.0,8856.0,8866.0,306200.0,505697.0,503731.0
2025-03-04 09:30:00,8866.0,8870.0,8828.0,8862.0,118102.0,503731.0,499983.0
2025-03-04 10:00:00,8862.0,8864.0,8816.0,8824.0,53372.0,499983.0,498474.0
2025-03-04 10:30:00,8820.0,8852.0,8814.0,8822.0,68213.0,498474.0,498853.0
2025-03-04 11:00:00,8822.0,8838.0,8810.0,8826.0,57268.0,498853.0,495790.0
2025-03-04 13:30:00,8826.0,8848.0,8804.0,8814.0,84145.0,495790.0,496989.0
2025-03-04 14:00:00,8814.0,8816.0,8790.0,8808.0,59405.0,496989.0,495468.0
2025-03-04 14:30:00,8808.0,8816.0,8796.0,8800.0,58482.0,495468.0,481976.0
2025-03-04 21:00:00,8768.0,8810.0,8754.0,8800.0,142938.0,481976.0,487367.0
2025-03-04 21:30:00,8800.0,8806.0,8790.0,8800.0,50471.0,487367.0,486733.0
2025-03-04 22:00:00,8800.0,8816.0,8792.0,8794.0,44765.0,486733.0,483689.0
2025-03-04 22:30:00,8794.0,8808.0,8776.0,8790.0,64115.0,483689.0,476703.0
2025-03-05 09:00:00,8804.0,8836.0,8790.0,8792.0,97553.0,476703.0,472705.0
2025-03-05 09:30:00,8792.0,8796.0,8760.0,8772.0,62162.0,472705.0,474022.0
2025-03-05 10:00:00,8772.0,8786.0,8768.0,8782.0,22503.0,474022.0,471871.0
2025-03-05 10:30:00,8778.0,8810.0,8746.0,8758.0,101413.0,471871.0,469918.0
2025-03-05 11:00:00,8758.0,8798.0,8756.0,8794.0,54384.0,469918.0,465459.0
2025-03-05 13:30:00,8806.0,8808.0,8782.0,8800.0,43462.0,465459.0,463202.0
2025-03-05 14:00:00,8800.0,8814.0,8792.0,8794.0,38690.0,463202.0,460992.0
2025-03-05 14:30:00,8794.0,8818.0,8790.0,8802.0,50267.0,460992.0,455063.0
2025-03-05 21:00:00,8838.0,8860.0,8804.0,8814.0,162520.0,455063.0,466627.0
2025-03-05 21:30:00,8814.0,8820.0,8794.0,8810.0,62860.0,466627.0,469271.0
2025-03-05 22:00:00,8810.0,8816.0,8768.0,8770.0,71564.0,469271.0,468539.0
2025-03-05 22:30:00,8770.0,8790.0,8766.0,8772.0,59604.0,468539.0,459810.0
2025-03-06 09:00:00,8804.0,8840.0,8798.0,8824.0,105475.0,459810.0,455911.0
2025-03-06 09:30:00,8824.0,8852.0,8818.0,8832.0,59338.0,455911.0,456675.0
2025-03-06 10:00:00,8832.0,8856.0,8830.0,8850.0,24374.0,456675.0,455518.0
2025-03-06 10:30:00,8848.0,8886.0,8836.0,8858.0,105814.0,455518.0,454032.0
2025-03-06 11:00:00,8858.0,8868.0,8840.0,8860.0,46567.0,454032.0,451813.0
2025-03-06 13:30:00,8860.0,8886.0,8848.0,8872.0,50837.0,451813.0,450908.0
2025-03-06 14:00:00,8872.0,8922.0,8862.0,8908.0,80761.0,450908.0,447579.0
2025-03-06 14:30:00,8908.0,8976.0,8898.0,8962.0,143468.0,447579.0,443802.0
2025-03-06 21:00:00,8962.0,8978.0,8924.0,8950.0,121756.0,443802.0,457565.0
2025-03-06 21:30:00,8950.0,8998.0,8948.0,8978.0,104742.0,457565.0,464149.0
2025-03-06 22:00:00,8978.0,9010.0,8974.0,8976.0,100068.0,464149.0,468556.0
2025-03-06 22:30:00,8976.0,8994.0,8968.0,8976.0,58747.0,468556.0,463336.0
2025-03-07 09:00:00,8982.0,8992.0,8944.0,8958.0,97444.0,463336.0,466213.0
2025-03-07 09:30:00,8958.0,8990.0,8946.0,8972.0,61275.0,466213.0,467856.0
2025-03-07 10:00:00,8972.0,8984.0,8956.0,8976.0,19093.0,467856.0,467666.0
2025-03-07 10:30:00,8976.0,8994.0,8948.0,8982.0,73764.0,467666.0,468734.0
2025-03-07 11:00:00,8982.0,9022.0,8970.0,8998.0,65708.0,468734.0,467498.0
2025-03-07 13:30:00,9014.0,9042.0,9000.0,9026.0,109490.0,467498.0,472069.0
2025-03-07 14:00:00,9026.0,9036.0,9014.0,9032.0,48755.0,472069.0,473140.0
2025-03-07 14:30:00,9032.0,9114.0,9032.0,9106.0,194160.0,473140.0,477792.0
2025-03-07 21:00:00,9122.0,9190.0,9122.0,9158.0,206430.0,477792.0,495782.0
2025-03-07 21:30:00,9158.0,9166.0,9142.0,9148.0,71458.0,495782.0,496613.0
2025-03-07 22:00:00,9148.0,9172.0,9144.0,9164.0,53612.0,496613.0,496732.0
2025-03-07 22:30:00,9164.0,9232.0,9160.0,9226.0,131045.0,496732.0,494812.0
2025-03-10 09:00:00,9262.0,9282.0,9190.0,9204.0,211786.0,494812.0,493351.0
2025-03-10 09:30:00,9204.0,9232.0,9196.0,9226.0,67327.0,493351.0,494658.0
2025-03-10 10:00:00,9226.0,9246.0,9216.0,9232.0,24897.0,494658.0,494968.0
2025-03-10 10:30:00,9236.0,9240.0,9164.0,9178.0,109079.0,494968.0,485907.0
2025-03-10 11:00:00,9178.0,9182.0,9132.0,9144.0,89521.0,485907.0,479527.0
2025-03-10 13:30:00,9120.0,9120.0,9022.0,9050.0,172067.0,479527.0,470249.0
2025-03-10 14:00:00,9050.0,9084.0,9046.0,9062.0,76914.0,470249.0,465491.0
2025-03-10 14:30:00,9062.0,9088.0,9044.0,9074.0,76664.0,465491.0,462031.0
2025-03-10 21:00:00,9022.0,9052.0,9000.0,9034.0,157475.0,462031.0,467737.0
2025-03-10 21:30:00,9034.0,9060.0,8996.0,8998.0,95399.0,467737.0,465749.0
2025-03-10 22:00:00,8998.0,9010.0,8978.0,8996.0,83460.0,465749.0,461779.0
2025-03-10 22:30:00,8996.0,9004.0,8968.0,8992.0,76948.0,461779.0,453057.0
2025-03-11 09:00:00,8976.0,8994.0,8912.0,8934.0,140572.0,453057.0,456042.0
2025-03-11 09:30:00,8934.0,8960.0,8924.0,8948.0,55416.0,456042.0,452508.0
2025-03-11 10:00:00,8948.0,8948.0,8892.0,8930.0,42528.0,452508.0,450463.0
2025-03-11 10:30:00,8928.0,8932.0,8894.0,8914.0,72283.0,450463.0,447813.0
2025-03-11 11:00:00,8914.0,8926.0,8890.0,8914.0,57433.0,447813.0,443837.0
2025-03-11 13:30:00,8924.0,8942.0,8892.0,8904.0,72315.0,443837.0,440644.0
2025-03-11 14:00:00,8904.0,8910.0,8876.0,8890.0,49186.0,440644.0,441426.0
2025-03-11 14:30:00,8890.0,8942.0,8878.0,8934.0,105486.0,441426.0,429081.0
2025-03-11 21:00:00,8964.0,8984.0,8930.0,8970.0,136270.0,429081.0,438023.0
2025-03-11 21:30:00,8970.0,8996.0,8954.0,8962.0,86592.0,438023.0,441151.0
2025-03-11 22:00:00,8962.0,8976.0,8948.0,8948.0,52694.0,441151.0,440262.0
2025-03-11 22:30:00,8948.0,8958.0,8936.0,8946.0,51466.0,440262.0,435464.0
2025-03-12 09:00:00,8930.0,8994.0,8926.0,8974.0,102451.0,435464.0,441051.0
2025-03-12 09:30:00,8974.0,9038.0,8968.0,8986.0,121538.0,441051.0,444107.0
2025-03-12 10:00:00,8986.0,9006.0,8976.0,9000.0,34899.0,444107.0,444105.0
2025-03-12 10:30:00,9000.0,9004.0,8972.0,8990.0,59045.0,444105.0,441834.0
2025-03-12 11:00:00,8990.0,9042.0,8988.0,9032.0,81445.0,441834.0,441662.0
2025-03-12 13:30:00,9032.0,9084.0,9032.0,9080.0,105098.0,441662.0,451769.0
2025-03-12 14:00:00,9080.0,9084.0,9050.0,9054.0,62999.0,451769.0,452567.0
2025-03-12 14:30:00,9054.0,9090.0,9028.0,9040.0,94867.0,452567.0,440460.0
2025-03-12 21:00:00,9026.0,9062.0,9012.0,9048.0,115319.0,440460.0,443924.0
2025-03-12 21:30:00,9048.0,9058.0,9008.0,9010.0,82556.0,443924.0,445158.0
2025-03-12 22:00:00,9010.0,9030.0,9004.0,9026.0,68254.0,445158.0,445448.0
2025-03-12 22:30:00,9026.0,9034.0,8986.0,9028.0,83320.0,445448.0,442199.0
2025-03-13 09:00:00,9038.0,9044.0,8950.0,8974.0,143875.0,442199.0,445131.0
2025-03-13 09:30:00,8974.0,9024.0,8972.0,9010.0,69712.0,445131.0,448308.0
2025-03-13 10:00:00,9010.0,9060.0,9008.0,9048.0,47340.0,448308.0,448721.0
2025-03-13 10:30:00,9048.0,9078.0,9032.0,9058.0,85269.0,448721.0,453384.0
2025-03-13 11:00:00,9058.0,9112.0,9050.0,9058.0,99237.0,453384.0,451118.0
2025-03-13 13:30:00,9062.0,9136.0,9052.0,9116.0,118871.0,451118.0,464573.0
2025-03-13 14:00:00,9116.0,9128.0,9106.0,9118.0,53800.0,464573.0,463691.0
2025-03-13 14:30:00,9118.0,9140.0,9080.0,9106.0,104347.0,463691.0,453430.0
2025-03-13 21:00:00,9120.0,9148.0,9096.0,9106.0,122216.0,453430.0,460282.0
2025-03-13 21:30:00,9106.0,9114.0,9086.0,9092.0,69988.0,460282.0,460753.0
2025-03-13 22:00:00,9092.0,9100.0,9070.0,9086.0,70626.0,460753.0,457467.0
2025-03-13 22:30:00,9086.0,9100.0,9068.0,9086.0,61726.0,457467.0,446539.0
2025-03-14 09:00:00,9066.0,9094.0,9038.0,9054.0,96083.0,446539.0,447103.0
2025-03-14 09:30:00,9054.0,9080.0,9050.0,9070.0,54670.0,447103.0,447676.0
2025-03-14 10:00:00,9070.0,9080.0,9050.0,9054.0,25584.0,447676.0,447397.0
2025-03-14 10:30:00,9052.0,9104.0,9022.0,9096.0,117029.0,447397.0,446941.0
2025-03-14 11:00:00,9096.0,9112.0,9068.0,9082.0,84764.0,446941.0,445154.0
2025-03-14 13:30:00,9084.0,9132.0,9080.0,9130.0,71301.0,445154.0,451055.0
2025-03-14 14:00:00,9130.0,9132.0,9098.0,9098.0,61605.0,451055.0,448768.0
2025-03-14 14:30:00,9098.0,9128.0,9092.0,9120.0,58962.0,448768.0,443240.0
2025-03-14 21:00:00,9132.0,9140.0,9100.0,9120.0,84049.0,443240.0,449642.0
2025-03-14 21:30:00,9120.0,9150.0,9114.0,9142.0,77418.0,449642.0,454987.0
2025-03-14 22:00:00,9142.0,9144.0,9072.0,9082.0,100135.0,454987.0,453832.0
2025-03-14 22:30:00,9082.0,9120.0,9078.0,9116.0,58347.0,453832.0,446130.0
2025-03-17 09:00:00,9146.0,9180.0,9112.0,9132.0,148153.0,446130.0,453369.0
2025-03-17 09:30:00,9132.0,9142.0,9080.0,9086.0,105984.0,453369.0,455411.0
2025-03-17 10:00:00,9086.0,9100.0,9054.0,9094.0,57747.0,455411.0,452615.0
2025-03-17 10:30:00,9100.0,9152.0,9080.0,9090.0,120966.0,452615.0,452846.0
2025-03-17 11:00:00,9090.0,9112.0,9070.0,9070.0,54833.0,452846.0,450742.0
2025-03-17 13:30:00,9066.0,9070.0,9036.0,9040.0,81045.0,450742.0,452361.0
2025-03-17 14:00:00,9040.0,9050.0,9008.0,9028.0,67452.0,452361.0,453043.0
2025-03-17 14:30:00,9028.0,9038.0,8984.0,8988.0,103932.0,453043.0,444008.0
2025-03-17 21:00:00,8978.0,8986.0,8934.0,8950.0,133340.0,444008.0,449232.0
2025-03-17 21:30:00,8950.0,8980.0,8948.0,8964.0,74782.0,449232.0,448013.0
2025-03-17 22:00:00,8964.0,8994.0,8958.0,8984.0,48675.0,448013.0,446874.0
2025-03-17 22:30:00,8984.0,8990.0,8966.0,8990.0,39241.0,446874.0,442805.0
2025-03-18 09:00:00,9002.0,9018.0,8978.0,9010.0,80543.0,442805.0,445940.0
2025-03-18 09:30:00,9010.0,9022.0,8992.0,9018.0,50788.0,445940.0,446600.0
2025-03-18 10:00:00,9018.0,9028.0,9002.0,9012.0,26986.0,446600.0,445221.0
2025-03-18 10:30:00,9012.0,9022.0,8974.0,8994.0,72607.0,445221.0,447085.0
2025-03-18 11:00:00,8994.0,8996.0,8954.0,8956.0,68290.0,447085.0,446389.0
2025-03-18 13:30:00,8954.0,8966.0,8940.0,8954.0,85416.0,446389.0,446524.0
2025-03-18 14:00:00,8954.0,9000.0,8940.0,8988.0,100726.0,446524.0,443515.0
2025-03-18 14:30:00,8988.0,9150.0,8986.0,9084.0,353151.0,443515.0,447710.0
2025-03-18 21:00:00,9112.0,9124.0,9086.0,9106.0,112579.0,447710.0,456782.0
2025-03-18 21:30:00,9106.0,9112.0,9094.0,9110.0,46609.0,456782.0,458591.0
2025-03-18 22:00:00,9110.0,9140.0,9098.0,9102.0,98871.0,458591.0,456512.0
2025-03-18 22:30:00,9102.0,9118.0,9076.0,9110.0,76672.0,456512.0,450192.0
2025-03-19 09:00:00,9102.0,9142.0,9080.0,9124.0,104412.0,450192.0,462289.0
2025-03-19 09:30:00,9124.0,9148.0,9106.0,9118.0,69810.0,462289.0,462140.0
2025-03-19 10:00:00,9118.0,9144.0,9116.0,9126.0,31229.0,462140.0,463588.0
2025-03-19 10:30:00,9126.0,9138.0,9090.0,9132.0,88912.0,463588.0,464076.0
2025-03-19 11:00:00,9132.0,9136.0,9072.0,9092.0,86369.0,464076.0,456851.0
2025-03-19 13:30:00,9090.0,9096.0,9024.0,9052.0,107375.0,456851.0,444681.0
2025-03-19 14:00:00,9052.0,9052.0,8930.0,8950.0,172018.0,444681.0,441008.0
2025-03-19 14:30:00,8950.0,8962.0,8932.0,8942.0,101881.0,441008.0,436324.0
2025-03-19 21:00:00,8970.0,8996.0,8958.0,8966.0,125492.0,436324.0,444461.0
2025-03-19 21:30:00,8966.0,8978.0,8924.0,8946.0,92523.0,444461.0,448837.0
2025-03-19 22:00:00,8946.0,8986.0,8938.0,8974.0,76660.0,448837.0,446822.0
2025-03-19 22:30:00,8974.0,8994.0,8964.0,8990.0,73161.0,446822.0,441735.0
2025-03-20 09:00:00,8988.0,9048.0,8974.0,9048.0,142640.0,441735.0,444098.0
2025-03-20 09:30:00,9048.0,9088.0,9034.0,9076.0,149261.0,444098.0,453978.0
2025-03-20 10:00:00,9076.0,9140.0,9072.0,9114.0,97173.0,453978.0,467659.0
2025-03-20 10:30:00,9112.0,9120.0,9094.0,9110.0,78485.0,467659.0,474571.0
2025-03-20 11:00:00,9110.0,9166.0,9104.0,9134.0,125866.0,474571.0,484775.0
2025-03-20 13:30:00,9132.0,9148.0,9120.0,9126.0,85156.0,484775.0,493859.0
2025-03-20 14:00:00,9126.0,9178.0,9120.0,9166.0,96650.0,493859.0,507672.0
2025-03-20 14:30:00,9166.0,9180.0,9124.0,9152.0,120529.0,507672.0,497168.0
2025-03-20 21:00:00,9130.0,9148.0,9112.0,9132.0,101902.0,497168.0,503749.0
2025-03-20 21:30:00,9132.0,9132.0,9086.0,9120.0,126744.0,503749.0,498755.0
2025-03-20 22:00:00,9120.0,9146.0,9114.0,9126.0,79474.0,498755.0,502060.0
2025-03-20 22:30:00,9126.0,9134.0,9106.0,9130.0,60251.0,502060.0,492244.0
2025-03-21 09:00:00,9148.0,9168.0,9098.0,9100.0,97283.0,492244.0,491497.0
2025-03-21 09:30:00,9100.0,9112.0,9024.0,9044.0,178867.0,491497.0,469400.0
2025-03-21 10:00:00,9044.0,9046.0,9006.0,9010.0,60603.0,469400.0,462704.0
2025-03-21 10:30:00,9012.0,9078.0,9010.0,9048.0,128846.0,462704.0,451323.0
2025-03-21 11:00:00,9048.0,9078.0,9032.0,9054.0,68041.0,451323.0,446462.0
2025-03-21 13:30:00,9058.0,9096.0,9058.0,9076.0,74499.0,446462.0,450370.0
2025-03-21 14:00:00,9076.0,9120.0,9058.0,9076.0,93314.0,450370.0,450094.0
2025-03-21 14:30:00,9076.0,9102.0,9070.0,9088.0,72059.0,450094.0,446077.0
2025-03-21 21:00:00,9054.0,9056.0,9016.0,9038.0,104288.0,446077.0,447077.0
2025-03-21 21:30:00,9038.0,9038.0,8988.0,9012.0,109446.0,447077.0,442306.0
2025-03-21 22:00:00,9012.0,9018.0,8976.0,9002.0,88156.0,442306.0,438967.0
2025-03-21 22:30:00,9002.0,9024.0,9000.0,9020.0,58786.0,438967.0,426748.0
2025-03-24 09:00:00,9018.0,9020.0,8968.0,9000.0,117494.0,426748.0,427691.0
2025-03-24 09:30:00,9000.0,9022.0,8982.0,9008.0,70214.0,427691.0,427990.0
2025-03-24 10:00:00,9008.0,9032.0,8986.0,9000.0,52504.0,427990.0,428141.0
2025-03-24 10:30:00,8998.0,9014.0,8956.0,8970.0,110072.0,428141.0,428731.0
2025-03-24 11:00:00,8970.0,9018.0,8952.0,8966.0,92727.0,428731.0,424352.0
2025-03-24 13:30:00,8970.0,8978.0,8958.0,8966.0,55877.0,424352.0,425299.0
2025-03-24 14:00:00,8966.0,9006.0,8958.0,8996.0,61284.0,425299.0,419489.0
2025-03-24 14:30:00,8996.0,9000.0,8976.0,8988.0,57640.0,419489.0,411035.0
2025-03-24 21:00:00,8940.0,8958.0,8898.0,8954.0,183142.0,411035.0,418786.0
2025-03-24 21:30:00,8954.0,8976.0,8940.0,8958.0,72269.0,418786.0,419937.0
2025-03-24 22:00:00,8958.0,8978.0,8954.0,8974.0,45633.0,419937.0,420227.0
2025-03-24 22:30:00,8974.0,9030.0,8972.0,9028.0,113968.0,420227.0,418337.0
2025-03-25 09:00:00,9028.0,9040.0,9000.0,9012.0,82297.0,418337.0,424834.0
2025-03-25 09:30:00,9012.0,9056.0,9008.0,9036.0,84193.0,424834.0,429919.0
2025-03-25 10:00:00,9036.0,9068.0,9030.0,9046.0,44966.0,429919.0,433018.0
2025-03-25 10:30:00,9044.0,9048.0,8906.0,8910.0,222292.0,433018.0,432307.0
2025-03-25 11:00:00,8910.0,8930.0,8828.0,8838.0,301433.0,432307.0,442622.0
2025-03-25 13:30:00,8850.0,8862.0,8818.0,8822.0,133800.0,442622.0,452306.0
2025-03-25 14:00:00,8822.0,8836.0,8800.0,8828.0,113927.0,452306.0,450012.0
2025-03-25 14:30:00,8828.0,8834.0,8808.0,8812.0,93042.0,450012.0,439209.0
2025-03-25 21:00:00,8814.0,8842.0,8804.0,8828.0,113379.0,439209.0,442716.0
2025-03-25 21:30:00,8828.0,8852.0,8826.0,8838.0,66452.0,442716.0,438719.0
2025-03-25 22:00:00,8838.0,8844.0,8826.0,8838.0,49926.0,438719.0,436787.0
2025-03-25 22:30:00,8838.0,8838.0,8816.0,8836.0,55015.0,436787.0,429248.0
2025-03-26 09:00:00,8832.0,8838.0,8782.0,8818.0,129477.0,429248.0,430481.0
2025-03-26 09:30:00,8818.0,8850.0,8810.0,8840.0,83697.0,430481.0,425113.0
2025-03-26 10:00:00,8840.0,8876.0,8836.0,8860.0,68587.0,425113.0,423563.0
2025-03-26 10:30:00,8862.0,8896.0,8826.0,8838.0,150408.0,423563.0,417345.0
2025-03-26 11:00:00,8838.0,8850.0,8816.0,8834.0,78349.0,417345.0,414857.0
2025-03-26 13:30:00,8862.0,8876.0,8834.0,8848.0,78219.0,414857.0,414550.0
2025-03-26 14:00:00,8848.0,8860.0,8826.0,8840.0,65064.0,414550.0,414119.0
2025-03-26 14:30:00,8840.0,8856.0,8826.0,8846.0,71652.0,414119.0,406743.0
2025-03-26 21:00:00,8882.0,8890.0,8844.0,8856.0,97789.0,406743.0,413480.0
2025-03-26 21:30:00,8856.0,8882.0,8852.0,8866.0,69101.0,413480.0,413252.0
2025-03-26 22:00:00,8866.0,8884.0,8864.0,8878.0,41776.0,413252.0,412314.0
2025-03-26 22:30:00,8878.0,8880.0,8860.0,8870.0,40748.0,412314.0,404157.0
2025-03-27 09:00:00,8866.0,8872.0,8806.0,8814.0,102326.0,404157.0,409825.0
2025-03-27 09:30:00,8814.0,8868.0,8808.0,8864.0,93477.0,409825.0,403819.0
2025-03-27 10:00:00,8864.0,8882.0,8864.0,8868.0,41838.0,403819.0,405412.0
2025-03-27 10:30:00,8868.0,8908.0,8866.0,8884.0,104229.0,405412.0,407730.0
2025-03-27 11:00:00,8884.0,8896.0,8868.0,8888.0,56322.0,407730.0,408288.0
2025-03-27 13:30:00,8892.0,8900.0,8872.0,8876.0,54052.0,408288.0,408350.0
2025-03-27 14:00:00,8876.0,8890.0,8860.0,8872.0,55529.0,408350.0,404056.0
2025-03-27 14:30:00,8872.0,8886.0,8866.0,8886.0,53469.0,404056.0,396311.0
2025-03-27 21:00:00,8960.0,9048.0,8952.0,9032.0,272682.0,396311.0,419616.0
2025-03-27 21:30:00,9032.0,9036.0,9002.0,9036.0,91316.0,419616.0,418446.0
2025-03-27 22:00:00,9036.0,9038.0,9020.0,9020.0,48273.0,418446.0,419910.0
2025-03-27 22:30:00,9020.0,9068.0,9016.0,9058.0,84257.0,419910.0,414569.0
2025-03-28 09:00:00,9062.0,9128.0,9056.0,9116.0,160732.0,414569.0,436278.0
2025-03-28 09:30:00,9116.0,9126.0,9072.0,9080.0,91904.0,436278.0,439102.0
2025-03-28 10:00:00,9080.0,9080.0,9060.0,9074.0,44593.0,439102.0,433164.0
2025-03-28 10:30:00,9074.0,9096.0,9052.0,9072.0,84386.0,433164.0,432966.0
2025-03-28 11:00:00,9072.0,9110.0,9066.0,9086.0,76487.0,432966.0,439615.0
2025-03-28 13:30:00,9084.0,9104.0,9072.0,9100.0,49385.0,439615.0,444697.0
2025-03-28 14:00:00,9100.0,9106.0,9066.0,9076.0,50763.0,444697.0,441310.0
2025-03-28 14:30:00,9076.0,9098.0,9060.0,9088.0,62762.0,441310.0,430958.0
2025-03-28 21:00:00,9106.0,9116.0,9080.0,9088.0,70996.0,430958.0,437554.0
2025-03-28 21:30:00,9088.0,9106.0,9066.0,9070.0,66734.0,437554.0,438611.0
2025-03-28 22:00:00,9070.0,9076.0,9056.0,9066.0,52331.0,438611.0,435713.0
2025-03-28 22:30:00,9066.0,9092.0,9054.0,9084.0,51262.0,435713.0,428967.0
2025-03-31 09:00:00,9104.0,9114.0,9040.0,9070.0,114415.0,428967.0,427960.0
2025-03-31 09:30:00,9070.0,9092.0,9054.0,9070.0,74099.0,427960.0,427596.0
2025-03-31 10:00:00,9070.0,9086.0,9060.0,9064.0,18125.0,427596.0,427659.0
2025-03-31 10:30:00,9064.0,9078.0,9042.0,9064.0,58630.0,427659.0,424537.0
2025-03-31 11:00:00,9064.0,9076.0,9032.0,9062.0,63113.0,424537.0,419733.0
2025-03-31 13:30:00,9070.0,9072.0,9046.0,9070.0,40513.0,419733.0,417854.0
2025-03-31 14:00:00,9070.0,9110.0,9064.0,9096.0,75685.0,417854.0,424474.0
2025-03-31 14:30:00,9096.0,9130.0,9090.0,9104.0,98522.0,424474.0,417753.0
2025-03-31 21:00:00,9084.0,9092.0,9064.0,9078.0,74545.0,417753.0,415714.0
2025-03-31 21:30:00,9078.0,9108.0,9052.0,9106.0,79837.0,415714.0,414742.0
2025-03-31 22:00:00,9106.0,9136.0,9092.0,9102.0,88900.0,414742.0,418667.0
2025-03-31 22:30:00,9102.0,9114.0,9094.0,9102.0,42412.0,418667.0,413553.0
2025-04-01 09:00:00,9088.0,9132.0,9070.0,9090.0,111748.0,413553.0,415474.0
2025-04-01 09:30:00,9090.0,9126.0,9076.0,9092.0,73790.0,415474.0,412697.0
2025-04-01 10:00:00,9092.0,9122.0,9072.0,9118.0,50347.0,412697.0,415373.0
2025-04-01 10:30:00,9120.0,9144.0,9094.0,9134.0,85307.0,415373.0,425765.0
2025-04-01 11:00:00,9134.0,9180.0,9120.0,9144.0,93884.0,425765.0,433730.0
2025-04-01 13:30:00,9144.0,9192.0,9134.0,9166.0,100738.0,433730.0,443386.0
2025-04-01 14:00:00,9166.0,9182.0,9158.0,9162.0,51156.0,443386.0,443920.0
2025-04-01 14:30:00,9162.0,9166.0,9140.0,9146.0,68313.0,443920.0,430657.0
2025-04-01 21:00:00,9172.0,9178.0,9148.0,9158.0,70262.0,430657.0,435656.0
2025-04-01 21:30:00,9158.0,9216.0,9154.0,9204.0,100512.0,435656.0,447427.0
2025-04-01 22:00:00,9204.0,9224.0,9192.0,9208.0,60951.0,447427.0,448258.0
2025-04-01 22:30:00,9208.0,9278.0,9206.0,9272.0,131345.0,448258.0,447253.0
2025-04-02 09:00:00,9288.0,9346.0,9288.0,9338.0,147277.0,447253.0,467292.0
2025-04-02 09:30:00,9338.0,9340.0,9262.0,9284.0,116988.0,467292.0,450907.0
2025-04-02 10:00:00,9284.0,9302.0,9282.0,9290.0,30595.0,450907.0,449548.0
2025-04-02 10:30:00,9286.0,9310.0,9252.0,9304.0,92970.0,449548.0,447079.0
2025-04-02 11:00:00,9304.0,9308.0,9286.0,9300.0,36551.0,447079.0,446938.0
2025-04-02 13:30:00,9300.0,9312.0,9292.0,9296.0,45962.0,446938.0,449117.0
2025-04-02 14:00:00,9296.0,9310.0,9288.0,9304.0,40268.0,449117.0,448906.0
2025-04-02 14:30:00,9304.0,9312.0,9276.0,9304.0,77506.0,448906.0,440631.0
2025-04-02 21:00:00,9300.0,9310.0,9284.0,9296.0,62664.0,440631.0,446424.0
2025-04-02 21:30:00,9296.0,9326.0,9292.0,9300.0,73769.0,446424.0,448015.0
2025-04-02 22:00:00,9300.0,9314.0,9278.0,9292.0,56139.0,448015.0,446990.0
2025-04-02 22:30:00,9292.0,9308.0,9280.0,9296.0,43458.0,446990.0,440569.0
2025-04-03 09:00:00,9266.0,9288.0,9208.0,9250.0,188320.0,440569.0,427312.0
2025-04-03 09:30:00,9250.0,9262.0,9232.0,9234.0,50122.0,427312.0,426722.0
2025-04-03 10:00:00,9234.0,9238.0,9206.0,9214.0,39566.0,426722.0,422131.0
2025-04-03 10:30:00,9218.0,9234.0,9192.0,9200.0,89156.0,422131.0,414583.0
2025-04-03 11:00:00,9200.0,9200.0,9154.0,9164.0,92260.0,414583.0,403262.0
2025-04-03 13:30:00,9164.0,9198.0,9152.0,9198.0,59397.0,403262.0,395094.0
2025-04-03 14:00:00,9198.0,9206.0,9182.0,9188.0,41550.0,395094.0,392557.0
2025-04-03 14:30:00,9188.0,9214.0,9188.0,9198.0,57791.0,392557.0,380279.0
2025-04-07 09:00:00,8850.0,8948.0,8776.0,8794.0,370959.0,380279.0,326296.0
2025-04-07 09:30:00,8794.0,8812.0,8760.0,8802.0,104168.0,326296.0,311905.0
2025-04-07 10:00:00,8802.0,8824.0,8776.0,8802.0,36814.0,311905.0,306909.0
2025-04-07 10:30:00,8804.0,8860.0,8798.0,8840.0,84164.0,306909.0,302090.0
2025-04-07 11:00:00,8840.0,8852.0,8826.0,8828.0,40235.0,302090.0,298630.0
2025-04-07 13:30:00,8832.0,8832.0,8750.0,8756.0,81426.0,298630.0,298134.0
2025-04-07 14:00:00,8756.0,8758.0,8692.0,8726.0,109221.0,298134.0,300270.0
2025-04-07 14:30:00,8726.0,8760.0,8710.0,8740.0,84104.0,300270.0,291189.0
2025-04-07 21:00:00,8750.0,8766.0,8730.0,8740.0,102240.0,291189.0,292005.0
2025-04-07 21:30:00,8740.0,8758.0,8710.0,8754.0,77532.0,292005.0,290011.0
2025-04-07 22:00:00,8754.0,8820.0,8750.0,8772.0,114793.0,290011.0,282736.0
2025-04-07 22:30:00,8772.0,8782.0,8748.0,8762.0,50367.0,282736.0,276880.0
2025-04-08 09:00:00,8786.0,8796.0,8734.0,8740.0,82535.0,276880.0,275338.0
2025-04-08 09:30:00,8740.0,8766.0,8734.0,8748.0,47958.0,275338.0,271386.0
2025-04-08 10:00:00,8748.0,8764.0,8736.0,8758.0,15261.0,271386.0,270554.0
2025-04-08 10:30:00,8760.0,8790.0,8734.0,8736.0,71989.0,270554.0,271207.0
2025-04-08 11:00:00,8736.0,8762.0,8722.0,8750.0,54443.0,271207.0,267638.0
2025-04-08 13:30:00,8750.0,8778.0,8742.0,8746.0,45489.0,267638.0,264364.0
2025-04-08 14:00:00,8746.0,8756.0,8716.0,8740.0,54772.0,264364.0,261366.0
2025-04-08 14:30:00,8740.0,8760.0,8730.0,8758.0,50502.0,261366.0,257496.0
2025-04-08 21:00:00,8720.0,8778.0,8708.0,8752.0,91131.0,257496.0,259856.0
2025-04-08 21:30:00,8752.0,8760.0,8690.0,8710.0,84305.0,259856.0,264491.0
2025-04-08 22:00:00,8710.0,8746.0,8710.0,8736.0,47566.0,264491.0,261366.0
2025-04-08 22:30:00,8736.0,8740.0,8712.0,8716.0,29609.0,261366.0,257585.0
2025-04-09 09:00:00,8682.0,8682.0,8574.0,8622.0,151457.0,257585.0,254859.0
2025-04-09 09:30:00,8622.0,8664.0,8598.0,8658.0,69578.0,254859.0,249197.0
2025-04-09 10:00:00,8658.0,8674.0,8642.0,8652.0,29872.0,249197.0,246459.0
2025-04-09 10:30:00,8652.0,8658.0,8592.0,8630.0,63382.0,246459.0,244042.0
2025-04-09 11:00:00,8630.0,8642.0,8510.0,8570.0,109743.0,244042.0,244131.0
2025-04-09 13:30:00,8546.0,8574.0,8510.0,8560.0,60918.0,244131.0,239666.0
2025-04-09 14:00:00,8560.0,8606.0,8540.0,8596.0,55202.0,239666.0,237611.0
2025-04-09 14:30:00,8596.0,8618.0,8568.0,8588.0,57631.0,237611.0,231001.0
2025-04-09 21:00:00,8534.0,8566.0,8514.0,8554.0,88309.0,231001.0,230191.0
2025-04-09 21:30:00,8554.0,8606.0,8552.0,8598.0,59293.0,230191.0,228146.0
2025-04-09 22:00:00,8598.0,8608.0,8574.0,8584.0,33387.0,228146.0,227345.0
2025-04-09 22:30:00,8584.0,8610.0,8560.0,8566.0,38519.0,227345.0,221920.0
2025-04-10 09:00:00,8708.0,8810.0,8690.0,8732.0,167209.0,221920.0,217446.0
2025-04-10 09:30:00,8732.0,8770.0,8726.0,8756.0,47165.0,217446.0,216402.0
2025-04-10 10:00:00,8756.0,8786.0,8756.0,8776.0,20447.0,216402.0,215203.0
2025-04-10 10:30:00,8778.0,8790.0,8752.0,8762.0,46927.0,215203.0,213978.0
2025-04-10 11:00:00,8762.0,8800.0,8748.0,8756.0,48711.0,213978.0,210241.0
2025-04-10 13:30:00,8752.0,8762.0,8740.0,8754.0,35897.0,210241.0,208294.0
2025-04-10 14:00:00,8754.0,8768.0,8744.0,8746.0,22678.0,208294.0,206346.0
2025-04-10 14:30:00,8746.0,8764.0,8736.0,8754.0,32571.0,206346.0,201398.0
2025-04-10 21:00:00,8700.0,8740.0,8694.0,8718.0,60082.0,201398.0,202998.0
2025-04-10 21:30:00,8718.0,8732.0,8710.0,8720.0,35141.0,202998.0,201152.0
2025-04-10 22:00:00,8720.0,8776.0,8712.0,8772.0,45542.0,201152.0,202859.0
2025-04-10 22:30:00,8772.0,8798.0,8770.0,8794.0,45928.0,202859.0,200056.0
2025-04-11 09:00:00,8784.0,8826.0,8766.0,8818.0,77849.0,200056.0,201284.0
2025-04-11 09:30:00,8818.0,8832.0,8790.0,8800.0,45088.0,201284.0,196853.0
2025-04-11 10:00:00,8800.0,8802.0,8784.0,8790.0,14064.0,196853.0,195386.0
2025-04-11 10:30:00,8794.0,8810.0,8752.0,8752.0,58627.0,195386.0,190203.0
2025-04-11 11:00:00,8752.0,8780.0,8734.0,8744.0,52550.0,190203.0,183977.0
2025-04-11 13:30:00,8746.0,8770.0,8728.0,8768.0,45850.0,183977.0,181043.0
2025-04-11 14:00:00,8768.0,8780.0,8756.0,8768.0,32492.0,181043.0,178004.0
2025-04-11 14:30:00,8768.0,8772.0,8744.0,8748.0,36013.0,178004.0,172008.0
2025-04-11 21:00:00,8794.0,8798.0,8726.0,8736.0,56758.0,172008.0,177885.0
2025-04-11 21:30:00,8736.0,8762.0,8720.0,8746.0,34419.0,177885.0,176452.0
2025-04-11 22:00:00,8746.0,8746.0,8708.0,8730.0,45461.0,176452.0,177191.0
2025-04-11 22:30:00,8730.0,8790.0,8730.0,8760.0,46471.0,177191.0,169319.0
2025-04-14 09:00:00,8778.0,8794.0,8732.0,8764.0,57655.0,169319.0,168828.0
2025-04-14 09:30:00,8764.0,8782.0,8748.0,8768.0,27942.0,168828.0,167058.0
2025-04-14 10:00:00,8768.0,8788.0,8762.0,8778.0,11826.0,167058.0,165829.0
2025-04-14 10:30:00,8782.0,8782.0,8738.0,8758.0,47778.0,165829.0,164088.0
2025-04-14 11:00:00,8758.0,8760.0,8722.0,8726.0,36538.0,164088.0,163411.0
2025-04-14 13:30:00,8726.0,8754.0,8718.0,8750.0,24745.0,163411.0,162010.0
2025-04-14 14:00:00,8750.0,8802.0,8746.0,8768.0,53033.0,162010.0,159041.0
2025-04-14 14:30:00,8768.0,8768.0,8744.0,8748.0,31325.0,159041.0,156589.0
2025-04-14 21:00:00,8746.0,8770.0,8738.0,8754.0,37286.0,156589.0,153377.0
2025-04-14 21:30:00,8754.0,8762.0,8738.0,8760.0,27672.0,153377.0,152783.0
2025-04-14 22:00:00,8760.0,8768.0,8748.0,8764.0,18746.0,152783.0,149992.0
2025-04-14 22:30:00,8764.0,8772.0,8744.0,8750.0,16408.0,149992.0,146716.0
2025-04-15 09:00:00,8742.0,8752.0,8708.0,8714.0,36345.0,146716.0,145659.0
2025-04-15 09:30:00,8714.0,8732.0,8706.0,8722.0,23205.0,145659.0,144254.0
2025-04-15 10:00:00,8722.0,8724.0,8690.0,8694.0,14951.0,144254.0,143652.0
2025-04-15 10:30:00,8696.0,8712.0,8680.0,8694.0,24674.0,143652.0,143271.0
2025-04-15 11:00:00,8694.0,8722.0,8666.0,8718.0,31161.0,143271.0,141306.0
2025-04-15 13:30:00,8730.0,8736.0,8708.0,8718.0,26051.0,141306.0,139010.0
2025-04-15 14:00:00,8718.0,8726.0,8708.0,8718.0,13591.0,139010.0,137632.0
2025-04-15 14:30:00,8718.0,8722.0,8696.0,8720.0,25947.0,137632.0,134408.0
2025-04-15 21:00:00,8106.0,8126.0,8082.0,8104.0,69692.0,134408.0,335587.0
2025-04-15 21:30:00,8104.0,8126.0,8104.0,8124.0,29211.0,335587.0,337736.0
2025-04-15 22:00:00,8124.0,8138.0,8116.0,8128.0,34822.0,337736.0,336746.0
2025-04-15 22:30:00,8128.0,8150.0,8118.0,8148.0,32556.0,336746.0,331262.0
2025-04-16 09:00:00,8170.0,8176.0,8142.0,8158.0,60497.0,331262.0,334268.0
2025-04-16 09:30:00,8158.0,8162.0,8122.0,8132.0,36229.0,334268.0,337672.0
2025-04-16 10:00:00,8132.0,8136.0,8122.0,8132.0,16398.0,337672.0,339349.0
2025-04-16 10:30:00,8132.0,8132.0,8086.0,8098.0,75265.0,339349.0,347124.0
2025-04-16 11:00:00,8098.0,8104.0,8074.0,8076.0,48761.0,347124.0,345819.0
2025-04-16 13:30:00,8084.0,8106.0,8076.0,8094.0,42417.0,345819.0,345573.0
2025-04-16 14:00:00,8094.0,8094.0,8054.0,8058.0,59325.0,345573.0,352003.0
2025-04-16 14:30:00,8058.0,8090.0,8046.0,8078.0,65612.0,352003.0,342998.0
2025-04-16 21:00:00,8102.0,8116.0,8082.0,8104.0,78661.0,342998.0,348140.0
2025-04-16 21:30:00,8104.0,8114.0,8094.0,8112.0,40182.0,348140.0,348648.0
2025-04-16 22:00:00,8112.0,8122.0,8106.0,8110.0,30490.0,348648.0,347971.0
2025-04-16 22:30:00,8110.0,8116.0,8094.0,8096.0,30064.0,347971.0,345366.0
2025-04-17 09:00:00,8104.0,8138.0,8104.0,8108.0,63864.0,345366.0,344456.0
2025-04-17 09:30:00,8108.0,8132.0,8106.0,8124.0,32099.0,344456.0,344409.0
2025-04-17 10:00:00,8124.0,8132.0,8114.0,8120.0,15735.0,344409.0,344749.0
2025-04-17 10:30:00,8124.0,8160.0,8118.0,8152.0,59591.0,344749.0,346685.0
2025-04-17 11:00:00,8152.0,8182.0,8152.0,8178.0,51064.0,346685.0,346311.0
2025-04-17 13:30:00,8188.0,8204.0,8176.0,8194.0,72787.0,346311.0,350169.0
2025-04-17 14:00:00,8194.0,8208.0,8186.0,8198.0,50291.0,350169.0,353280.0
2025-04-17 14:30:00,8198.0,8208.0,8186.0,8204.0,50384.0,353280.0,350406.0
2025-04-17 21:00:00,8162.0,8186.0,8156.0,8176.0,73043.0,350406.0,353983.0
2025-04-17 21:30:00,8176.0,8204.0,8172.0,8176.0,56471.0,353983.0,357143.0
2025-04-17 22:00:00,8176.0,8182.0,8160.0,8168.0,54718.0,357143.0,356662.0
2025-04-17 22:30:00,8168.0,8180.0,8158.0,8164.0,40784.0,356662.0,350908.0
2025-04-18 09:00:00,8176.0,8198.0,8146.0,8158.0,86101.0,350908.0,356299.0
2025-04-18 09:30:00,8158.0,8188.0,8152.0,8172.0,43093.0,356299.0,356354.0
2025-04-18 10:00:00,8172.0,8190.0,8172.0,8180.0,22378.0,356354.0,355592.0
2025-04-18 10:30:00,8180.0,8180.0,8140.0,8142.0,62918.0,355592.0,355318.0
2025-04-18 11:00:00,8142.0,8158.0,8138.0,8146.0,41545.0,355318.0,354382.0
2025-04-18 13:30:00,8146.0,8152.0,8126.0,8142.0,54517.0,354382.0,356111.0
2025-04-18 14:00:00,8142.0,8164.0,8142.0,8154.0,35006.0,356111.0,357377.0
2025-04-18 14:30:00,8154.0,8158.0,8128.0,8132.0,49200.0,357377.0,355427.0
2025-04-18 21:00:00,8110.0,8118.0,8080.0,8108.0,80414.0,355427.0,357647.0
2025-04-18 21:30:00,8108.0,8132.0,8106.0,8124.0,37908.0,357647.0,359985.0
2025-04-18 22:00:00,8124.0,8132.0,8116.0,8130.0,27189.0,359985.0,358262.0
2025-04-18 22:30:00,8130.0,8156.0,8128.0,8154.0,39651.0,358262.0,355621.0
2025-04-21 09:00:00,8158.0,8162.0,8066.0,8092.0,145237.0,355621.0,356370.0
2025-04-21 09:30:00,8092.0,8092.0,8062.0,8072.0,71659.0,356370.0,367103.0
2025-04-21 10:00:00,8072.0,8088.0,8070.0,8084.0,21086.0,367103.0,365986.0
2025-04-21 10:30:00,8084.0,8092.0,8026.0,8038.0,103657.0,365986.0,384129.0
2025-04-21 11:00:00,8038.0,8052.0,8008.0,8050.0,78428.0,384129.0,385312.0
2025-04-21 13:30:00,8040.0,8054.0,8024.0,8054.0,43045.0,385312.0,386474.0
2025-04-21 14:00:00,8054.0,8064.0,8042.0,8064.0,39125.0,386474.0,384513.0
2025-04-21 14:30:00,8064.0,8070.0,8048.0,8068.0,53062.0,384513.0,379404.0
2025-04-21 21:00:00,8026.0,8040.0,7986.0,8004.0,128655.0,379404.0,398818.0
2025-04-21 21:30:00,8004.0,8022.0,7992.0,7996.0,70513.0,398818.0,402831.0
2025-04-21 22:00:00,7996.0,8012.0,7986.0,7990.0,48846.0,402831.0,404320.0
2025-04-21 22:30:00,7990.0,7996.0,7972.0,7980.0,54243.0,404320.0,401644.0
2025-04-22 09:00:00,7996.0,8048.0,7994.0,8036.0,103432.0,401644.0,389639.0
2025-04-22 09:30:00,8036.0,8066.0,8034.0,8054.0,65590.0,389639.0,385099.0
2025-04-22 10:00:00,8054.0,8086.0,8046.0,8078.0,38254.0,385099.0,381058.0
2025-04-22 10:30:00,8078.0,8082.0,8036.0,8048.0,89884.0,381058.0,380304.0
2025-04-22 11:00:00,8048.0,8076.0,8040.0,8066.0,52252.0,380304.0,378281.0
2025-04-22 13:30:00,8070.0,8118.0,8070.0,8112.0,84196.0,378281.0,381225.0
2025-04-22 14:00:00,8112.0,8156.0,8104.0,8138.0,115328.0,381225.0,383152.0
2025-04-22 14:30:00,8138.0,8140.0,8116.0,8130.0,85259.0,383152.0,375390.0
2025-04-22 21:00:00,8152.0,8154.0,8112.0,8116.0,81698.0,375390.0,380956.0
2025-04-22 21:30:00,8116.0,8132.0,8114.0,8124.0,33168.0,380956.0,381910.0
2025-04-22 22:00:00,8124.0,8136.0,8108.0,8116.0,41132.0,381910.0,379812.0
2025-04-22 22:30:00,8116.0,8116.0,8088.0,8102.0,46339.0,379812.0,373180.0
2025-04-23 09:00:00,8118.0,8194.0,8118.0,8164.0,129937.0,373180.0,380177.0
2025-04-23 09:30:00,8164.0,8168.0,8124.0,8134.0,59527.0,380177.0,377916.0
2025-04-23 10:00:00,8134.0,8150.0,8124.0,8148.0,20918.0,377916.0,376939.0
2025-04-23 10:30:00,8148.0,8148.0,8094.0,8124.0,86123.0,376939.0,378596.0
2025-04-23 11:00:00,8124.0,8178.0,8112.0,8164.0,83122.0,378596.0,374682.0
2025-04-23 13:30:00,8174.0,8188.0,8170.0,8180.0,64161.0,374682.0,382737.0
2025-04-23 14:00:00,8180.0,8202.0,8178.0,8202.0,57292.0,382737.0,384196.0
2025-04-23 14:30:00,8202.0,8220.0,8196.0,8218.0,83414.0,384196.0,384821.0
2025-04-23 21:00:00,8190.0,8202.0,8180.0,8188.0,85466.0,384821.0,391651.0
2025-04-23 21:30:00,8188.0,8240.0,8180.0,8230.0,95241.0,391651.0,393138.0
2025-04-23 22:00:00,8230.0,8242.0,8188.0,8194.0,85234.0,393138.0,392832.0
2025-04-23 22:30:00,8194.0,8218.0,8192.0,8218.0,45222.0,392832.0,388102.0
2025-04-24 09:00:00,8218.0,8228.0,8208.0,8214.0,52241.0,388102.0,389742.0
2025-04-24 09:30:00,8214.0,8218.0,8196.0,8196.0,43223.0,389742.0,392448.0
2025-04-24 10:00:00,8196.0,8210.0,8190.0,8194.0,18658.0,392448.0,391614.0
2025-04-24 10:30:00,8192.0,8236.0,8190.0,8230.0,86040.0,391614.0,390404.0
2025-04-24 11:00:00,8230.0,8240.0,8208.0,8220.0,50015.0,390404.0,393126.0
2025-04-24 13:30:00,8218.0,8232.0,8214.0,8220.0,46680.0,393126.0,393730.0
2025-04-24 14:00:00,8220.0,8230.0,8208.0,8222.0,33689.0,393730.0,393667.0
2025-04-24 14:30:00,8222.0,8234.0,8214.0,8230.0,47822.0,393667.0,392318.0
2025-04-24 21:00:00,8252.0,8306.0,8246.0,8268.0,148845.0,392318.0,400412.0
2025-04-24 21:30:00,8268.0,8274.0,8242.0,8256.0,50688.0,400412.0,397989.0
2025-04-24 22:00:00,8256.0,8262.0,8236.0,8256.0,43060.0,397989.0,396708.0
2025-04-24 22:30:00,8256.0,8266.0,8244.0,8260.0,34017.0,396708.0,392329.0
2025-04-25 09:00:00,8316.0,8398.0,8304.0,8388.0,189267.0,392329.0,416033.0
2025-04-25 09:30:00,8388.0,8416.0,8386.0,8404.0,91314.0,416033.0,424785.0
2025-04-25 10:00:00,8404.0,8414.0,8400.0,8408.0,26781.0,424785.0,426154.0
2025-04-25 10:30:00,8408.0,8438.0,8398.0,8426.0,93862.0,426154.0,438733.0
2025-04-25 11:00:00,8426.0,8448.0,8420.0,8428.0,64032.0,438733.0,437336.0
2025-04-25 13:30:00,8418.0,8418.0,8386.0,8394.0,81580.0,437336.0,430003.0
2025-04-25 14:00:00,8394.0,8404.0,8386.0,8388.0,47797.0,430003.0,427658.0
2025-04-25 14:30:00,8388.0,8392.0,8362.0,8376.0,92189.0,427658.0,414485.0
2025-04-25 21:00:00,8350.0,8368.0,8336.0,8340.0,87083.0,414485.0,420777.0
2025-04-25 21:30:00,8340.0,8360.0,8340.0,8344.0,39936.0,420777.0,422354.0
2025-04-25 22:00:00,8344.0,8352.0,8326.0,8330.0,36778.0,422354.0,419811.0
2025-04-25 22:30:00,8330.0,8334.0,8310.0,8310.0,48743.0,419811.0,413394.0
2025-04-28 09:00:00,8298.0,8298.0,8258.0,8260.0,105381.0,413394.0,411260.0
2025-04-28 09:30:00,8260.0,8280.0,8260.0,8268.0,48012.0,411260.0,406856.0
2025-04-28 10:00:00,8268.0,8276.0,8260.0,8262.0,17459.0,406856.0,404682.0
2025-04-28 10:30:00,8264.0,8272.0,8208.0,8212.0,94817.0,404682.0,402373.0
2025-04-28 11:00:00,8212.0,8228.0,8192.0,8208.0,68091.0,402373.0,399511.0
2025-04-28 13:30:00,8196.0,8202.0,8186.0,8194.0,58421.0,399511.0,403866.0
2025-04-28 14:00:00,8194.0,8200.0,8172.0,8180.0,56503.0,403866.0,404285.0
2025-04-28 14:30:00,8180.0,8194.0,8172.0,8174.0,60703.0,404285.0,396375.0
2025-04-28 21:00:00,8198.0,8208.0,8184.0,8200.0,72976.0,396375.0,393672.0
2025-04-28 21:30:00,8200.0,8206.0,8160.0,8172.0,62425.0,393672.0,395458.0
2025-04-28 22:00:00,8172.0,8192.0,8168.0,8184.0,33519.0,395458.0,392454.0
2025-04-28 22:30:00,8184.0,8196.0,8178.0,8182.0,35132.0,392454.0,387925.0
2025-04-29 09:00:00,8190.0,8200.0,8156.0,8174.0,62349.0,387925.0,387563.0
2025-04-29 09:30:00,8174.0,8188.0,8166.0,8172.0,33399.0,387563.0,387568.0
2025-04-29 10:00:00,8172.0,8180.0,8168.0,8180.0,14246.0,387568.0,386146.0
2025-04-29 10:30:00,8178.0,8180.0,8132.0,8140.0,83156.0,386146.0,382122.0
2025-04-29 11:00:00,8140.0,8142.0,8128.0,8134.0,36241.0,382122.0,380525.0
2025-04-29 13:30:00,8132.0,8144.0,8126.0,8134.0,35066.0,380525.0,380745.0
2025-04-29 14:00:00,8134.0,8138.0,8118.0,8124.0,38508.0,380745.0,380080.0
2025-04-29 14:30:00,8124.0,8132.0,8116.0,8120.0,43771.0,380080.0,376072.0
2025-04-29 21:00:00,8124.0,8134.0,8108.0,8118.0,48622.0,376072.0,378466.0
2025-04-29 21:30:00,8118.0,8124.0,8104.0,8120.0,33949.0,378466.0,377615.0
2025-04-29 22:00:00,8120.0,8124.0,8094.0,8098.0,36958.0,377615.0,375415.0
2025-04-29 22:30:00,8098.0,8106.0,8080.0,8084.0,34932.0,375415.0,371485.0
2025-04-30 09:00:00,8096.0,8102.0,8052.0,8096.0,77191.0,371485.0,370127.0
2025-04-30 09:30:00,8096.0,8112.0,8086.0,8090.0,41101.0,370127.0,369620.0
2025-04-30 10:00:00,8090.0,8106.0,8086.0,8100.0,10522.0,369620.0,369444.0
2025-04-30 10:30:00,8096.0,8106.0,8072.0,8096.0,54211.0,369444.0,363402.0
2025-04-30 11:00:00,8096.0,8114.0,8092.0,8100.0,32138.0,363402.0,361353.0
2025-04-30 13:30:00,8106.0,8138.0,8104.0,8122.0,55538.0,361353.0,358992.0
2025-04-30 14:00:00,8122.0,8132.0,8120.0,8130.0,27044.0,358992.0,358082.0
2025-04-30 14:30:00,8130.0,8156.0,8120.0,8148.0,51957.0,358082.0,346968.0
2025-05-06 09:00:00,8020.0,8048.0,7966.0,7976.0,176818.0,346968.0,366424.0
2025-05-06 09:30:00,7976.0,7976.0,7940.0,7968.0,69058.0,366424.0,370090.0
2025-05-06 10:00:00,7968.0,7968.0,7946.0,7948.0,17569.0,370090.0,370432.0
2025-05-06 10:30:00,7950.0,7976.0,7928.0,7964.0,62982.0,370432.0,368369.0
2025-05-06 11:00:00,7964.0,8020.0,7958.0,8008.0,61088.0,368369.0,362104.0
2025-05-06 13:30:00,8020.0,8036.0,7970.0,7972.0,71900.0,362104.0,364970.0
2025-05-06 14:00:00,7972.0,8002.0,7962.0,7980.0,44210.0,364970.0,365123.0
2025-05-06 14:30:00,7980.0,7990.0,7958.0,7974.0,45850.0,365123.0,367565.0
2025-05-06 21:00:00,7946.0,7960.0,7918.0,7954.0,121354.0,367565.0,389249.0
2025-05-06 21:30:00,7954.0,7954.0,7920.0,7932.0,73537.0,389249.0,402554.0
2025-05-06 22:00:00,7932.0,7938.0,7922.0,7930.0,27166.0,402554.0,404591.0
2025-05-06 22:30:00,7930.0,7934.0,7910.0,7912.0,39846.0,404591.0,402082.0
2025-05-07 09:00:00,7946.0,7974.0,7938.0,7944.0,103500.0,402082.0,402984.0
2025-05-07 09:30:00,7944.0,7944.0,7914.0,7918.0,57605.0,402984.0,413956.0
2025-05-07 10:00:00,7918.0,7924.0,7896.0,7914.0,41077.0,413956.0,421427.0
2025-05-07 10:30:00,7914.0,7928.0,7884.0,7902.0,73531.0,421427.0,425907.0
2025-05-07 11:00:00,7902.0,7916.0,7888.0,7890.0,48823.0,425907.0,428489.0
2025-05-07 13:30:00,7910.0,7916.0,7896.0,7902.0,54022.0,428489.0,434878.0
2025-05-07 14:00:00,7902.0,7936.0,7898.0,7930.0,43678.0,434878.0,430383.0
2025-05-07 14:30:00,7930.0,7940.0,7900.0,7914.0,64578.0,430383.0,426121.0
2025-05-07 21:00:00,7880.0,7904.0,7866.0,7880.0,90604.0,426121.0,437322.0
2025-05-07 21:30:00,7880.0,7892.0,7872.0,7886.0,44693.0,437322.0,438376.0
2025-05-07 22:00:00,7886.0,7894.0,7876.0,7882.0,26691.0,438376.0,435282.0
2025-05-07 22:30:00,7882.0,7886.0,7852.0,7862.0,58607.0,435282.0,435016.0
2025-05-08 09:00:00,7840.0,7852.0,7812.0,7828.0,82655.0,435016.0,444732.0
2025-05-08 09:30:00,7828.0,7850.0,7826.0,7836.0,43969.0,444732.0,442562.0
2025-05-08 10:00:00,7836.0,7836.0,7818.0,7822.0,18993.0,442562.0,442556.0
2025-05-08 10:30:00,7824.0,7884.0,7818.0,7860.0,91165.0,442556.0,438645.0
2025-05-08 11:00:00,7860.0,7886.0,7854.0,7874.0,56840.0,438645.0,438521.0
2025-05-08 13:30:00,7868.0,7880.0,7838.0,7876.0,61129.0,438521.0,438974.0
2025-05-08 14:00:00,7876.0,7888.0,7866.0,7872.0,36869.0,438974.0,436898.0
2025-05-08 14:30:00,7872.0,7910.0,7864.0,7908.0,73743.0,436898.0,428821.0
2025-05-08 21:00:00,7944.0,7970.0,7932.0,7940.0,113823.0,428821.0,428240.0
2025-05-08 21:30:00,7940.0,7980.0,7936.0,7964.0,70332.0,428240.0,427291.0
2025-05-08 22:00:00,7964.0,7976.0,7950.0,7962.0,45886.0,427291.0,425103.0
2025-05-08 22:30:00,7962.0,7964.0,7946.0,7952.0,44609.0,425103.0,418635.0
2025-05-09 09:00:00,7962.0,7980.0,7954.0,7962.0,55555.0,418635.0,420697.0
2025-05-09 09:30:00,7962.0,7974.0,7956.0,7966.0,27966.0,420697.0,420806.0
2025-05-09 10:00:00,7966.0,7984.0,7964.0,7966.0,20674.0,420806.0,420168.0
2025-05-09 10:30:00,7964.0,7988.0,7954.0,7962.0,50511.0,420168.0,420548.0
2025-05-09 11:00:00,7962.0,7970.0,7902.0,7902.0,78893.0,420548.0,415724.0
2025-05-09 13:30:00,7902.0,7902.0,7880.0,7892.0,51085.0,415724.0,418289.0
2025-05-09 14:00:00,7892.0,7894.0,7874.0,7894.0,27865.0,418289.0,418236.0
2025-05-09 14:30:00,7894.0,7904.0,7870.0,7886.0,52272.0,418236.0,415413.0
2025-05-09 21:00:00,7932.0,7940.0,7906.0,7928.0,72303.0,415413.0,418870.0
2025-05-09 21:30:00,7928.0,7950.0,7920.0,7938.0,56332.0,418870.0,415186.0
2025-05-09 22:00:00,7938.0,7948.0,7928.0,7930.0,23569.0,415186.0,413212.0
2025-05-09 22:30:00,7930.0,7940.0,7916.0,7940.0,25096.0,413212.0,408363.0
2025-05-12 09:00:00,7962.0,7994.0,7942.0,7948.0,113498.0,408363.0,411698.0
2025-05-12 09:30:00,7948.0,7966.0,7898.0,7950.0,96032.0,411698.0,409803.0
2025-05-12 10:00:00,7950.0,7978.0,7934.0,7974.0,38531.0,409803.0,411547.0
2025-05-12 10:30:00,7974.0,7978.0,7950.0,7958.0,31938.0,411547.0,410460.0
2025-05-12 11:00:00,7958.0,7970.0,7928.0,7932.0,36150.0,410460.0,409590.0
2025-05-12 13:30:00,7938.0,7980.0,7926.0,7972.0,47900.0,409590.0,411279.0
2025-05-12 14:00:00,7972.0,7992.0,7970.0,7988.0,37889.0,411279.0,411960.0
2025-05-12 14:30:00,7988.0,8030.0,7986.0,8024.0,94784.0,411960.0,404100.0
2025-05-12 21:00:00,8066.0,8082.0,8038.0,8044.0,106602.0,404100.0,405147.0
2025-05-12 21:30:00,8044.0,8058.0,8030.0,8034.0,47684.0,405147.0,408224.0
2025-05-12 22:00:00,8034.0,8040.0,8022.0,8036.0,28750.0,408224.0,408105.0
2025-05-12 22:30:00,8036.0,8038.0,8004.0,8022.0,41471.0,408105.0,403628.0
2025-05-13 09:00:00,8028.0,8050.0,8004.0,8030.0,66192.0,403628.0,409061.0
2025-05-13 09:30:00,8030.0,8052.0,8026.0,8042.0,36615.0,409061.0,411501.0
2025-05-13 10:00:00,8042.0,8048.0,8024.0,8040.0,21991.0,411501.0,411848.0
2025-05-13 10:30:00,8038.0,8044.0,8006.0,8028.0,53927.0,411848.0,412961.0
2025-05-13 11:00:00,8028.0,8050.0,8018.0,8036.0,45818.0,412961.0,411892.0
2025-05-13 13:30:00,8000.0,8008.0,7940.0,7944.0,153193.0,411892.0,416009.0
2025-05-13 14:00:00,7944.0,7962.0,7938.0,7946.0,46517.0,416009.0,416922.0
2025-05-13 14:30:00,7946.0,7964.0,7944.0,7954.0,48770.0,416922.0,409349.0
2025-05-13 21:00:00,7994.0,8038.0,7990.0,8010.0,100365.0,409349.0,411364.0
2025-05-13 21:30:00,8010.0,8024.0,8004.0,8008.0,31990.0,411364.0,413047.0
2025-05-13 22:00:00,8008.0,8026.0,7998.0,8018.0,37573.0,413047.0,410518.0
2025-05-13 22:30:00,8018.0,8042.0,8010.0,8036.0,42420.0,410518.0,407383.0
2025-05-14 09:00:00,8092.0,8122.0,8088.0,8104.0,141019.0,407383.0,407046.0
2025-05-14 09:30:00,8104.0,8146.0,8100.0,8134.0,58379.0,407046.0,411486.0
2025-05-14 10:00:00,8134.0,8146.0,8130.0,8136.0,26653.0,411486.0,413023.0
2025-05-14 10:30:00,8138.0,8158.0,8116.0,8152.0,92170.0,413023.0,419661.0
2025-05-14 11:00:00,8152.0,8192.0,8150.0,8162.0,104785.0,419661.0,422156.0
2025-05-14 13:30:00,8152.0,8170.0,8138.0,8164.0,49050.0,422156.0,421583.0
2025-05-14 14:00:00,8164.0,8176.0,8160.0,8166.0,28971.0,421583.0,423164.0
2025-05-14 14:30:00,8166.0,8190.0,8152.0,8184.0,79411.0,423164.0,413927.0
2025-05-14 21:00:00,8142.0,8164.0,8134.0,8152.0,70997.0,413927.0,413250.0
2025-05-14 21:30:00,8152.0,8200.0,8150.0,8180.0,70485.0,413250.0,419399.0
2025-05-14 22:00:00,8180.0,8198.0,8178.0,8188.0,31643.0,419399.0,421608.0
2025-05-14 22:30:00,8188.0,8194.0,8168.0,8176.0,36512.0,421608.0,413344.0
2025-05-15 09:00:00,8108.0,8120.0,8086.0,8090.0,143414.0,413344.0,406239.0
2025-05-15 09:30:00,8090.0,8106.0,8070.0,8092.0,56746.0,406239.0,403967.0
2025-05-15 10:00:00,8092.0,8102.0,8092.0,8094.0,10591.0,403967.0,404402.0
2025-05-15 10:30:00,8092.0,8100.0,8060.0,8064.0,68818.0,404402.0,400976.0
2025-05-15 11:00:00,8064.0,8066.0,8040.0,8054.0,51816.0,400976.0,396627.0
2025-05-15 13:30:00,8052.0,8052.0,8034.0,8042.0,31864.0,396627.0,396802.0
2025-05-15 14:00:00,8042.0,8054.0,8026.0,8042.0,46361.0,396802.0,392618.0
2025-05-15 14:30:00,8042.0,8060.0,8036.0,8048.0,49653.0,392618.0,387440.0
2025-05-15 21:00:00,8018.0,8044.0,8006.0,8042.0,75284.0,387440.0,393803.0
2025-05-15 21:30:00,8042.0,8050.0,8026.0,8028.0,41184.0,393803.0,395082.0
2025-05-15 22:00:00,8028.0,8034.0,8016.0,8018.0,22697.0,395082.0,395848.0
2025-05-15 22:30:00,8018.0,8020.0,7992.0,7998.0,52615.0,395848.0,394394.0
2025-05-16 09:00:00,7970.0,7994.0,7954.0,7990.0,80271.0,394394.0,398109.0
2025-05-16 09:30:00,7990.0,8000.0,7984.0,7986.0,30055.0,398109.0,399483.0
2025-05-16 10:00:00,7986.0,7994.0,7978.0,7986.0,11627.0,399483.0,400276.0
2025-05-16 10:30:00,7986.0,8012.0,7978.0,8000.0,45969.0,400276.0,401588.0
2025-05-16 11:00:00,8000.0,8036.0,7988.0,8030.0,43229.0,401588.0,400628.0
2025-05-16 13:30:00,8034.0,8038.0,8008.0,8016.0,30392.0,400628.0,401075.0
2025-05-16 14:00:00,8016.0,8036.0,8012.0,8014.0,29454.0,401075.0,401147.0
2025-05-16 14:30:00,8014.0,8022.0,7982.0,7984.0,51873.0,401147.0,397913.0
2025-05-16 21:00:00,7950.0,8004.0,7942.0,7986.0,60914.0,397913.0,400209.0
2025-05-16 21:30:00,7986.0,8010.0,7984.0,8010.0,33638.0,400209.0,401968.0
2025-05-16 22:00:00,8010.0,8038.0,8010.0,8020.0,47064.0,401968.0,403002.0
2025-05-16 22:30:00,8020.0,8026.0,8008.0,8022.0,25527.0,403002.0,397109.0
2025-05-19 09:00:00,8022.0,8030.0,7980.0,7992.0,74974.0,397109.0,393694.0
2025-05-19 09:30:00,7992.0,8012.0,7982.0,7998.0,32069.0,393694.0,394225.0
2025-05-19 10:00:00,7998.0,8028.0,7994.0,8022.0,26494.0,394225.0,395520.0
2025-05-19 10:30:00,8020.0,8038.0,7996.0,8012.0,60506.0,395520.0,395914.0
2025-05-19 11:00:00,8012.0,8018.0,7990.0,7992.0,33889.0,395914.0,395325.0
2025-05-19 13:30:00,7994.0,8044.0,7990.0,8030.0,58116.0,395325.0,398624.0
2025-05-19 14:00:00,8030.0,8032.0,8012.0,8014.0,22864.0,398624.0,398418.0
2025-05-19 14:30:00,8014.0,8016.0,7980.0,7998.0,60975.0,398418.0,395122.0
2025-05-19 21:00:00,8022.0,8050.0,8014.0,8032.0,74691.0,395122.0,396794.0
2025-05-19 21:30:00,8032.0,8034.0,8002.0,8006.0,44342.0,396794.0,397387.0
2025-05-19 22:00:00,8006.0,8024.0,8000.0,8022.0,28880.0,397387.0,396890.0
2025-05-19 22:30:00,8022.0,8058.0,8016.0,8054.0,54707.0,396890.0,396826.0
2025-05-20 09:00:00,8040.0,8088.0,8040.0,8072.0,80868.0,396826.0,403628.0
2025-05-20 09:30:00,8072.0,8078.0,8064.0,8072.0,25216.0,403628.0,403693.0
2025-05-20 10:00:00,8072.0,8088.0,8068.0,8068.0,21947.0,403693.0,404902.0
2025-05-20 10:30:00,8066.0,8110.0,8062.0,8104.0,78774.0,404902.0,413321.0
2025-05-20 11:00:00,8104.0,8142.0,8104.0,8120.0,74293.0,413321.0,418237.0
2025-05-20 13:30:00,8120.0,8144.0,8120.0,8134.0,48186.0,418237.0,426397.0
2025-05-20 14:00:00,8134.0,8140.0,8112.0,8116.0,41653.0,426397.0,425862.0
2025-05-20 14:30:00,8116.0,8116.0,8098.0,8106.0,58213.0,425862.0,415867.0
2025-05-20 21:00:00,8098.0,8120.0,8094.0,8118.0,66265.0,415867.0,418193.0
2025-05-20 21:30:00,8118.0,8118.0,8088.0,8098.0,53811.0,418193.0,417543.0
2025-05-20 22:00:00,8098.0,8112.0,8092.0,8106.0,34617.0,417543.0,415499.0
2025-05-20 22:30:00,8106.0,8110.0,8090.0,8094.0,29330.0,415499.0,411555.0
2025-05-21 09:00:00,8124.0,8138.0,8116.0,8126.0,64553.0,411555.0,414779.0
2025-05-21 09:30:00,8126.0,8148.0,8116.0,8132.0,56024.0,414779.0,417447.0
2025-05-21 10:00:00,8132.0,8140.0,8130.0,8138.0,10022.0,417447.0,417714.0
2025-05-21 10:30:00,8136.0,8136.0,8072.0,8078.0,92853.0,417714.0,409457.0
2025-05-21 11:00:00,8078.0,8094.0,8056.0,8094.0,77786.0,409457.0,399597.0
2025-05-21 13:30:00,8102.0,8110.0,8092.0,8094.0,45933.0,399597.0,402513.0
2025-05-21 14:00:00,8094.0,8108.0,8094.0,8098.0,25948.0,402513.0,403297.0
2025-05-21 14:30:00,8098.0,8120.0,8098.0,8104.0,50171.0,403297.0,398191.0
2025-05-21 21:00:00,8096.0,8098.0,8080.0,8086.0,54188.0,398191.0,400360.0
2025-05-21 21:30:00,8086.0,8086.0,8072.0,8076.0,41341.0,400360.0,399927.0
2025-05-21 22:00:00,8076.0,8084.0,8066.0,8082.0,31219.0,399927.0,398726.0
2025-05-21 22:30:00,8082.0,8092.0,8072.0,8088.0,37261.0,398726.0,393525.0
2025-05-22 09:00:00,8024.0,8024.0,7990.0,8008.0,130674.0,393525.0,388249.0
2025-05-22 09:30:00,8008.0,8024.0,8004.0,8008.0,35927.0,388249.0,385782.0
2025-05-22 10:00:00,8008.0,8014.0,8006.0,8014.0,9253.0,385782.0,385311.0
2025-05-22 10:30:00,8012.0,8020.0,8000.0,8012.0,41545.0,385311.0,385193.0
2025-05-22 11:00:00,8012.0,8066.0,8002.0,8058.0,66855.0,385193.0,383927.0
2025-05-22 13:30:00,8044.0,8052.0,8034.0,8042.0,41593.0,383927.0,384381.0
2025-05-22 14:00:00,8042.0,8046.0,8026.0,8026.0,33144.0,384381.0,385585.0
2025-05-22 14:30:00,8026.0,8028.0,7984.0,7994.0,98114.0,385585.0,381976.0
2025-05-22 21:00:00,7996.0,8026.0,7986.0,8024.0,71641.0,381976.0,386023.0
2025-05-22 21:30:00,8024.0,8030.0,8008.0,8018.0,32695.0,386023.0,387000.0
2025-05-22 22:00:00,8018.0,8026.0,8010.0,8020.0,24510.0,387000.0,388342.0
2025-05-22 22:30:00,8020.0,8050.0,8018.0,8046.0,52224.0,388342.0,385172.0
2025-05-23 09:00:00,8060.0,8088.0,8060.0,8082.0,67128.0,385172.0,397435.0
2025-05-23 09:30:00,8082.0,8092.0,8062.0,8062.0,38650.0,397435.0,397541.0
2025-05-23 10:00:00,8062.0,8068.0,8050.0,8056.0,18737.0,397541.0,394774.0
2025-05-23 10:30:00,8056.0,8058.0,8008.0,8010.0,90855.0,394774.0,392904.0
2025-05-23 11:00:00,8010.0,8040.0,8008.0,8018.0,50252.0,392904.0,388546.0
2025-05-23 13:30:00,8018.0,8036.0,8018.0,8032.0,23676.0,388546.0,388392.0
2025-05-23 14:00:00,8032.0,8034.0,8018.0,8022.0,17164.0,388392.0,388395.0
2025-05-23 14:30:00,8022.0,8024.0,8004.0,8006.0,47310.0,388395.0,384288.0
2025-05-23 21:00:00,7982.0,7990.0,7952.0,7984.0,84405.0,384288.0,386918.0
2025-05-23 21:30:00,7984.0,7998.0,7976.0,7996.0,39652.0,386918.0,387170.0
2025-05-23 22:00:00,7996.0,7998.0,7986.0,7996.0,20247.0,387170.0,386983.0
2025-05-23 22:30:00,7996.0,8008.0,7974.0,7978.0,31144.0,386983.0,381868.0
2025-05-26 09:00:00,7984.0,8036.0,7976.0,8018.0,78866.0,381868.0,385396.0
2025-05-26 09:30:00,8018.0,8024.0,8008.0,8022.0,28307.0,385396.0,386897.0
2025-05-26 10:00:00,8022.0,8032.0,8020.0,8024.0,16234.0,386897.0,388668.0
2025-05-26 10:30:00,8024.0,8024.0,7960.0,7972.0,85577.0,388668.0,388018.0
2025-05-26 11:00:00,7972.0,7982.0,7960.0,7970.0,30280.0,388018.0,388507.0
2025-05-26 13:30:00,7964.0,7974.0,7940.0,7946.0,41614.0,388507.0,390389.0
2025-05-26 14:00:00,7946.0,7950.0,7928.0,7932.0,47974.0,390389.0,395956.0
2025-05-26 14:30:00,7932.0,7956.0,7932.0,7954.0,45520.0,395956.0,390404.0
2025-05-26 21:00:00,7982.0,7996.0,7970.0,7986.0,79084.0,390404.0,392676.0
2025-05-26 21:30:00,7986.0,7998.0,7980.0,7992.0,33876.0,392676.0,393236.0
2025-05-26 22:00:00,7992.0,7992.0,7974.0,7974.0,25537.0,393236.0,391419.0
2025-05-26 22:30:00,7974.0,7984.0,7972.0,7982.0,17966.0,391419.0,387661.0
2025-05-27 09:00:00,7994.0,8040.0,7994.0,8008.0,96368.0,387661.0,390244.0
2025-05-27 09:30:00,8008.0,8014.0,7970.0,7982.0,53697.0,390244.0,390403.0
2025-05-27 10:00:00,7982.0,7984.0,7974.0,7980.0,11546.0,390403.0,390433.0
2025-05-27 10:30:00,7982.0,8012.0,7972.0,7998.0,49609.0,390433.0,386841.0
2025-05-27 11:00:00,7998.0,8010.0,7988.0,8004.0,28765.0,386841.0,386257.0
2025-05-27 13:30:00,7992.0,8008.0,7982.0,8008.0,37818.0,386257.0,385508.0
2025-05-27 14:00:00,8008.0,8032.0,8000.0,8028.0,40339.0,385508.0,386529.0
2025-05-27 14:30:00,8028.0,8048.0,8020.0,8044.0,56408.0,386529.0,391040.0
2025-05-27 21:00:00,8070.0,8078.0,8032.0,8046.0,76003.0,391040.0,400341.0
2025-05-27 21:30:00,8046.0,8066.0,8044.0,8048.0,38872.0,400341.0,403651.0
2025-05-27 22:00:00,8048.0,8052.0,8036.0,8044.0,23711.0,403651.0,403331.0
2025-05-27 22:30:00,8044.0,8068.0,8042.0,8048.0,52010.0,403331.0,400488.0
2025-05-28 09:00:00,8062.0,8106.0,8056.0,8074.0,99967.0,400488.0,414358.0
2025-05-28 09:30:00,8074.0,8086.0,8068.0,8076.0,29293.0,414358.0,413673.0
2025-05-28 10:00:00,8076.0,8076.0,8052.0,8054.0,19538.0,413673.0,411289.0
2025-05-28 10:30:00,8054.0,8086.0,8050.0,8062.0,55896.0,411289.0,414360.0
2025-05-28 11:00:00,8062.0,8100.0,8060.0,8076.0,54074.0,414360.0,418673.0
2025-05-28 13:30:00,8090.0,8096.0,8082.0,8084.0,28753.0,418673.0,421681.0
2025-05-28 14:00:00,8084.0,8096.0,8070.0,8082.0,39969.0,421681.0,420158.0
2025-05-28 14:30:00,8082.0,8114.0,8074.0,8076.0,77928.0,420158.0,420256.0
2025-05-28 21:00:00,8098.0,8118.0,8086.0,8108.0,77395.0,420256.0,430305.0
2025-05-28 21:30:00,8108.0,8114.0,8078.0,8078.0,55562.0,430305.0,428336.0
2025-05-28 22:00:00,8078.0,8094.0,8070.0,8078.0,35724.0,428336.0,424715.0
2025-05-28 22:30:00,8078.0,8080.0,8062.0,8068.0,40487.0,424715.0,416791.0
2025-05-29 09:00:00,8082.0,8114.0,8066.0,8088.0,82199.0,416791.0,425233.0
2025-05-29 09:30:00,8088.0,8172.0,8088.0,8158.0,134798.0,425233.0,452854.0
2025-05-29 10:00:00,8158.0,8180.0,8148.0,8152.0,39957.0,452854.0,458051.0
2025-05-29 10:30:00,8152.0,8166.0,8132.0,8162.0,56765.0,458051.0,458204.0
2025-05-29 11:00:00,8162.0,8180.0,8162.0,8168.0,54485.0,458204.0,463972.0
2025-05-29 13:30:00,8172.0,8194.0,8172.0,8190.0,49886.0,463972.0,472869.0
2025-05-29 14:00:00,8190.0,8198.0,8174.0,8186.0,41449.0,472869.0,477632.0
2025-05-29 14:30:00,8186.0,8196.0,8178.0,8190.0,52987.0,477632.0,475283.0
2025-05-29 21:00:00,8154.0,8166.0,8144.0,8158.0,85617.0,475283.0,471023.0
2025-05-29 21:30:00,8158.0,8164.0,8146.0,8156.0,39951.0,471023.0,470578.0
2025-05-29 22:00:00,8156.0,8178.0,8146.0,8150.0,47399.0,470578.0,468988.0
2025-05-29 22:30:00,8150.0,8164.0,8146.0,8152.0,34648.0,468988.0,466453.0
2025-05-30 09:00:00,8132.0,8136.0,8104.0,8106.0,87192.0,466453.0,452928.0
2025-05-30 09:30:00,8106.0,8132.0,8104.0,8114.0,35779.0,452928.0,449661.0
2025-05-30 10:00:00,8114.0,8116.0,8082.0,8090.0,29874.0,449661.0,442829.0
2025-05-30 10:30:00,8090.0,8096.0,8026.0,8052.0,137734.0,442829.0,416623.0
2025-05-30 11:00:00,8052.0,8082.0,8036.0,8046.0,64161.0,416623.0,403927.0
2025-05-30 13:30:00,8044.0,8050.0,8030.0,8044.0,41066.0,403927.0,400321.0
2025-05-30 14:00:00,8044.0,8060.0,8042.0,8048.0,26682.0,400321.0,398247.0
2025-05-30 14:30:00,8048.0,8062.0,8032.0,8060.0,54130.0,398247.0,385610.0
2025-06-03 09:00:00,8110.0,8250.0,8096.0,8184.0,237033.0,385610.0,421588.0
2025-06-03 09:30:00,8184.0,8196.0,8166.0,8188.0,56364.0,421588.0,433962.0
2025-06-03 10:00:00,8188.0,8198.0,8178.0,8184.0,24560.0,433962.0,437084.0
2025-06-03 10:30:00,8186.0,8218.0,8166.0,8208.0,81876.0,437084.0,453599.0
2025-06-03 11:00:00,8208.0,8238.0,8208.0,8232.0,74462.0,453599.0,466642.0
2025-06-03 13:30:00,8232.0,8232.0,8172.0,8182.0,75822.0,466642.0,465956.0
2025-06-03 14:00:00,8182.0,8204.0,8178.0,8196.0,55374.0,465956.0,470571.0
2025-06-03 14:30:00,8196.0,8204.0,8182.0,8196.0,53953.0,470571.0,468327.0
2025-06-03 21:00:00,8196.0,8204.0,8166.0,8180.0,91672.0,468327.0,467785.0
2025-06-03 21:30:00,8180.0,8196.0,8180.0,8192.0,37428.0,467785.0,468395.0
2025-06-03 22:00:00,8192.0,8210.0,8186.0,8204.0,41541.0,468395.0,470611.0
2025-06-03 22:30:00,8204.0,8210.0,8196.0,8198.0,29566.0,470611.0,468856.0
2025-06-04 09:00:00,8188.0,8192.0,8168.0,8176.0,65891.0,468856.0,464859.0
2025-06-04 09:30:00,8176.0,8190.0,8170.0,8182.0,32735.0,464859.0,464704.0
2025-06-04 10:00:00,8182.0,8186.0,8158.0,8166.0,25476.0,464704.0,462035.0
2025-06-04 10:30:00,8164.0,8166.0,8120.0,8126.0,92665.0,462035.0,460200.0
2025-06-04 11:00:00,8126.0,8130.0,8102.0,8118.0,78457.0,460200.0,450333.0
2025-06-04 13:30:00,8124.0,8124.0,8104.0,8110.0,53205.0,450333.0,444731.0
2025-06-04 14:00:00,8110.0,8142.0,8108.0,8134.0,58421.0,444731.0,437034.0
2025-06-04 14:30:00,8134.0,8142.0,8122.0,8130.0,49139.0,437034.0,432781.0
2025-06-04 21:00:00,8154.0,8160.0,8128.0,8132.0,69698.0,432781.0,438366.0
2025-06-04 21:30:00,8132.0,8132.0,8108.0,8120.0,44024.0,438366.0,439852.0
2025-06-04 22:00:00,8120.0,8142.0,8114.0,8134.0,41644.0,439852.0,436912.0
2025-06-04 22:30:00,8134.0,8134.0,8114.0,8118.0,29790.0,436912.0,431695.0
2025-06-05 09:00:00,8102.0,8112.0,8080.0,8086.0,70047.0,431695.0,433176.0
2025-06-05 09:30:00,8086.0,8104.0,8072.0,8104.0,50134.0,433176.0,430884.0
2025-06-05 10:00:00,8104.0,8112.0,8092.0,8098.0,21581.0,430884.0,430893.0
2025-06-05 10:30:00,8100.0,8100.0,8064.0,8074.0,65239.0,430893.0,430604.0
2025-06-05 11:00:00,8074.0,8102.0,8072.0,8082.0,36682.0,430604.0,432550.0
2025-06-05 13:30:00,8084.0,8108.0,8080.0,8104.0,29373.0,432550.0,434064.0
2025-06-05 14:00:00,8104.0,8118.0,8100.0,8108.0,36546.0,434064.0,434034.0
2025-06-05 14:30:00,8108.0,8130.0,8108.0,8126.0,40901.0,434034.0,429954.0
2025-06-05 21:00:00,8116.0,8128.0,8094.0,8126.0,73778.0,429954.0,431702.0
2025-06-05 21:30:00,8126.0,8130.0,8100.0,8108.0,47337.0,431702.0,431901.0
2025-06-05 22:00:00,8108.0,8126.0,8096.0,8120.0,34765.0,431901.0,429810.0
2025-06-05 22:30:00,8120.0,8158.0,8116.0,8158.0,66170.0,429810.0,424245.0
2025-06-06 09:00:00,8168.0,8178.0,8146.0,8154.0,62904.0,424245.0,428163.0
2025-06-06 09:30:00,8154.0,8170.0,8142.0,8156.0,33284.0,428163.0,430260.0
2025-06-06 10:00:00,8156.0,8164.0,8148.0,8164.0,14100.0,430260.0,431550.0
2025-06-06 10:30:00,8162.0,8178.0,8110.0,8118.0,76684.0,431550.0,431713.0
2025-06-06 11:00:00,8118.0,8136.0,8084.0,8088.0,90145.0,431713.0,428087.0
2025-06-06 13:30:00,8092.0,8100.0,8082.0,8098.0,41278.0,428087.0,426442.0
2025-06-06 14:00:00,8098.0,8100.0,8074.0,8094.0,38376.0,426442.0,426359.0
2025-06-06 14:30:00,8094.0,8112.0,8090.0,8110.0,47992.0,426359.0,419221.0
2025-06-06 21:00:00,8120.0,8130.0,8110.0,8130.0,51793.0,419221.0,419922.0
2025-06-06 21:30:00,8130.0,8156.0,8130.0,8140.0,53952.0,419922.0,420888.0
2025-06-06 22:00:00,8140.0,8142.0,8120.0,8130.0,29842.0,420888.0,419018.0
2025-06-06 22:30:00,8130.0,8138.0,8116.0,8130.0,25831.0,419018.0,414894.0
2025-06-09 09:00:00,8130.0,8162.0,8124.0,8152.0,61387.0,414894.0,419578.0
2025-06-09 09:30:00,8152.0,8160.0,8138.0,8158.0,28395.0,419578.0,422300.0
2025-06-09 10:00:00,8158.0,8176.0,8152.0,8170.0,28439.0,422300.0,427017.0
2025-06-09 10:30:00,8170.0,8186.0,8160.0,8168.0,49921.0,427017.0,432785.0
2025-06-09 11:00:00,8168.0,8180.0,8160.0,8170.0,30463.0,432785.0,434747.0
2025-06-09 13:30:00,8170.0,8192.0,8168.0,8188.0,40854.0,434747.0,440164.0
2025-06-09 14:00:00,8188.0,8190.0,8170.0,8186.0,32374.0,440164.0,441617.0
2025-06-09 14:30:00,8186.0,8194.0,8178.0,8182.0,42119.0,441617.0,441360.0
2025-06-09 21:00:00,8186.0,8192.0,8166.0,8178.0,54385.0,441360.0,444807.0
2025-06-09 21:30:00,8178.0,8178.0,8144.0,8146.0,58528.0,444807.0,439022.0
2025-06-09 22:00:00,8146.0,8164.0,8144.0,8154.0,29445.0,439022.0,436922.0
2025-06-09 22:30:00,8154.0,8166.0,8146.0,8166.0,24189.0,436922.0,433157.0
2025-06-10 09:00:00,8168.0,8186.0,8150.0,8176.0,54179.0,433157.0,437416.0
2025-06-10 09:30:00,8176.0,8216.0,8172.0,8214.0,71960.0,437416.0,451258.0
2025-06-10 10:00:00,8214.0,8222.0,8208.0,8214.0,21930.0,451258.0,454782.0
2025-06-10 10:30:00,8214.0,8218.0,8160.0,8168.0,89431.0,454782.0,445153.0
2025-06-10 11:00:00,8168.0,8176.0,8130.0,8140.0,85484.0,445153.0,438730.0
2025-06-10 13:30:00,8136.0,8140.0,8102.0,8134.0,73898.0,438730.0,431650.0
2025-06-10 14:00:00,8134.0,8146.0,8130.0,8138.0,29077.0,431650.0,430038.0
2025-06-10 14:30:00,8138.0,8146.0,8108.0,8116.0,61275.0,430038.0,429360.0
2025-06-10 21:00:00,8096.0,8112.0,8080.0,8090.0,92140.0,429360.0,439906.0
2025-06-10 21:30:00,8090.0,8094.0,8050.0,8068.0,99068.0,439906.0,434903.0
2025-06-10 22:00:00,8068.0,8080.0,8060.0,8080.0,38609.0,434903.0,434048.0
2025-06-10 22:30:00,8080.0,8086.0,8076.0,8086.0,33648.0,434048.0,425124.0
2025-06-11 09:00:00,8078.0,8078.0,8022.0,8028.0,103485.0,425124.0,438376.0
2025-06-11 09:30:00,8028.0,8036.0,8014.0,8032.0,64689.0,438376.0,437775.0
2025-06-11 10:00:00,8032.0,8032.0,8022.0,8024.0,17249.0,437775.0,438510.0
2025-06-11 10:30:00,8022.0,8024.0,7990.0,8002.0,92762.0,438510.0,443227.0
2025-06-11 11:00:00,8002.0,8002.0,7978.0,7986.0,66020.0,443227.0,449251.0
2025-06-11 13:30:00,7994.0,7998.0,7958.0,7966.0,88570.0,449251.0,450201.0
2025-06-11 14:00:00,7966.0,7978.0,7964.0,7970.0,44603.0,450201.0,453095.0
2025-06-11 14:30:00,7970.0,7980.0,7968.0,7970.0,55039.0,453095.0,444610.0
2025-06-11 21:00:00,7992.0,8000.0,7976.0,7992.0,79923.0,444610.0,443112.0
2025-06-11 21:30:00,7992.0,7998.0,7982.0,7992.0,36748.0,443112.0,444239.0
2025-06-11 22:00:00,7992.0,8008.0,7986.0,7990.0,40577.0,444239.0,441032.0
2025-06-11 22:30:00,7990.0,8000.0,7984.0,7990.0,26669.0,441032.0,437443.0
2025-06-12 09:00:00,8010.0,8028.0,8004.0,8018.0,79500.0,437443.0,429998.0
2025-06-12 09:30:00,8018.0,8024.0,7992.0,8000.0,39803.0,429998.0,430182.0
2025-06-12 10:00:00,8000.0,8010.0,7984.0,8006.0,20864.0,430182.0,428730.0
2025-06-12 10:30:00,8008.0,8024.0,7994.0,8014.0,45419.0,428730.0,427786.0
2025-06-12 11:00:00,8014.0,8036.0,8010.0,8030.0,39988.0,427786.0,423740.0
2025-06-12 13:30:00,8038.0,8046.0,8030.0,8040.0,56170.0,423740.0,420944.0
2025-06-12 14:00:00,8040.0,8040.0,8018.0,8018.0,34331.0,420944.0,415885.0
2025-06-12 14:30:00,8018.0,8024.0,8008.0,8010.0,43916.0,415885.0,412207.0
2025-06-12 21:00:00,8038.0,8060.0,8032.0,8056.0,89729.0,412207.0,414626.0
2025-06-12 21:30:00,8056.0,8062.0,8042.0,8058.0,52778.0,414626.0,413835.0
2025-06-12 22:00:00,8058.0,8072.0,8040.0,8046.0,53942.0,413835.0,407388.0
2025-06-12 22:30:00,8046.0,8052.0,8040.0,8046.0,28117.0,407388.0,404064.0
2025-06-13 09:00:00,8076.0,8156.0,8076.0,8126.0,206755.0,404064.0,399740.0
2025-06-13 09:30:00,8126.0,8152.0,8122.0,8148.0,59797.0,399740.0,403007.0
2025-06-13 10:00:00,8148.0,8180.0,8144.0,8180.0,50199.0,403007.0,408523.0
2025-06-13 10:30:00,8178.0,8224.0,8162.0,8204.0,144357.0,408523.0,424018.0
2025-06-13 11:00:00,8204.0,8212.0,8158.0,8178.0,84929.0,424018.0,421292.0
2025-06-13 13:30:00,8168.0,8168.0,8150.0,8158.0,56462.0,421292.0,423224.0
2025-06-13 14:00:00,8158.0,8160.0,8138.0,8154.0,39409.0,423224.0,422880.0
2025-06-13 14:30:00,8154.0,8156.0,8130.0,8140.0,59138.0,422880.0,413573.0
2025-06-13 21:00:00,8168.0,8172.0,8140.0,8160.0,61847.0,413573.0,416039.0
2025-06-13 21:30:00,8160.0,8292.0,8160.0,8280.0,260995.0,416039.0,445818.0
2025-06-13 22:00:00,8280.0,8382.0,8268.0,8366.0,222558.0,445818.0,462675.0
2025-06-13 22:30:00,8366.0,8442.0,8364.0,8414.0,224278.0,462675.0,472134.0
2025-06-16 09:00:00,8468.0,8482.0,8398.0,8428.0,222120.0,472134.0,475525.0
2025-06-16 09:30:00,8428.0,8448.0,8426.0,8442.0,57955.0,475525.0,484971.0
2025-06-16 10:00:00,8442.0,8444.0,8420.0,8428.0,30556.0,484971.0,486202.0
2025-06-16 10:30:00,8428.0,8452.0,8404.0,8422.0,82018.0,486202.0,489897.0
2025-06-16 11:00:00,8422.0,8440.0,8412.0,8436.0,46615.0,489897.0,486681.0
2025-06-16 13:30:00,8442.0,8444.0,8392.0,8400.0,69433.0,486681.0,486103.0
2025-06-16 14:00:00,8400.0,8432.0,8400.0,8426.0,42563.0,486103.0,489690.0
2025-06-16 14:30:00,8426.0,8438.0,8418.0,8436.0,53676.0,489690.0,485717.0
2025-06-16 21:00:00,8474.0,8482.0,8434.0,8466.0,121417.0,485717.0,499144.0
2025-06-16 21:30:00,8466.0,8476.0,8438.0,8440.0,97172.0,499144.0,499535.0
2025-06-16 22:00:00,8440.0,8454.0,8416.0,8424.0,83872.0,499535.0,497082.0
2025-06-16 22:30:00,8424.0,8442.0,8406.0,8440.0,69427.0,497082.0,491375.0
2025-06-17 09:00:00,8452.0,8474.0,8448.0,8454.0,79677.0,491375.0,504269.0
2025-06-17 09:30:00,8454.0,8500.0,8450.0,8494.0,73939.0,504269.0,511482.0
2025-06-17 10:00:00,8494.0,8512.0,8486.0,8500.0,40971.0,511482.0,513358.0
2025-06-17 10:30:00,8502.0,8502.0,8460.0,8486.0,91370.0,513358.0,508130.0
2025-06-17 11:00:00,8486.0,8486.0,8456.0,8466.0,47253.0,508130.0,503568.0
2025-06-17 13:30:00,8466.0,8466.0,8430.0,8454.0,70212.0,503568.0,505504.0
2025-06-17 14:00:00,8454.0,8464.0,8440.0,8462.0,37311.0,505504.0,506263.0
2025-06-17 14:30:00,8462.0,8464.0,8438.0,8446.0,51478.0,506263.0,503108.0
2025-06-17 21:00:00,8472.0,8494.0,8454.0,8470.0,74094.0,503108.0,505821.0
2025-06-17 21:30:00,8470.0,8488.0,8460.0,8482.0,50635.0,505821.0,506406.0
2025-06-17 22:00:00,8482.0,8504.0,8472.0,8498.0,51495.0,506406.0,506795.0
2025-06-17 22:30:00,8498.0,8534.0,8484.0,8534.0,77808.0,506795.0,505804.0
2025-06-18 09:00:00,8538.0,8540.0,8498.0,8512.0,94717.0,505804.0,507278.0
2025-06-18 09:30:00,8512.0,8528.0,8496.0,8502.0,39642.0,507278.0,508837.0
2025-06-18 10:00:00,8502.0,8514.0,8494.0,8506.0,15470.0,508837.0,509412.0
2025-06-18 10:30:00,8508.0,8528.0,8494.0,8522.0,55791.0,509412.0,512343.0
2025-06-18 11:00:00,8522.0,8528.0,8508.0,8512.0,29104.0,512343.0,510536.0
2025-06-18 13:30:00,8508.0,8510.0,8472.0,8506.0,70882.0,510536.0,511944.0
2025-06-18 14:00:00,8506.0,8520.0,8498.0,8502.0,39711.0,511944.0,516864.0
2025-06-18 14:30:00,8502.0,8526.0,8492.0,8518.0,56222.0,516864.0,512360.0
2025-06-18 21:00:00,8530.0,8566.0,8508.0,8560.0,100357.0,512360.0,516140.0
2025-06-18 21:30:00,8560.0,8560.0,8526.0,8536.0,56213.0,516140.0,514167.0
2025-06-18 22:00:00,8536.0,8536.0,8508.0,8530.0,65789.0,514167.0,512154.0
2025-06-18 22:30:00,8530.0,8538.0,8502.0,8528.0,56757.0,512154.0,506307.0
2025-06-19 09:00:00,8526.0,8548.0,8512.0,8538.0,50856.0,506307.0,512433.0
2025-06-19 09:30:00,8538.0,8548.0,8526.0,8528.0,31858.0,512433.0,514354.0
2025-06-19 10:00:00,8528.0,8538.0,8524.0,8526.0,15197.0,514354.0,513783.0
2025-06-19 10:30:00,8526.0,8552.0,8514.0,8534.0,53905.0,513783.0,515650.0
2025-06-19 11:00:00,8534.0,8556.0,8530.0,8544.0,38266.0,515650.0,516369.0
2025-06-19 13:30:00,8538.0,8544.0,8520.0,8532.0,51823.0,516369.0,513282.0
2025-06-19 14:00:00,8532.0,8544.0,8526.0,8540.0,32226.0,513282.0,513464.0
2025-06-19 14:30:00,8540.0,8540.0,8512.0,8538.0,52607.0,513464.0,505691.0
2025-06-19 21:00:00,8544.0,8552.0,8514.0,8528.0,54955.0,505691.0,510511.0
2025-06-19 21:30:00,8528.0,8578.0,8528.0,8570.0,74612.0,510511.0,516979.0
2025-06-19 22:00:00,8570.0,8574.0,8558.0,8572.0,31019.0,516979.0,516749.0
2025-06-19 22:30:00,8572.0,8600.0,8564.0,8596.0,57050.0,516749.0,515046.0
2025-06-20 09:00:00,8580.0,8580.0,8546.0,8568.0,71560.0,515046.0,512242.0
2025-06-20 09:30:00,8568.0,8578.0,8548.0,8550.0,42531.0,512242.0,511708.0
2025-06-20 10:00:00,8550.0,8576.0,8548.0,8558.0,21085.0,511708.0,511445.0
2025-06-20 10:30:00,8558.0,8568.0,8542.0,8548.0,44308.0,511445.0,513439.0
2025-06-20 11:00:00,8548.0,8560.0,8512.0,8528.0,57731.0,513439.0,507436.0
2025-06-20 13:30:00,8532.0,8554.0,8516.0,8520.0,55422.0,507436.0,509745.0
2025-06-20 14:00:00,8520.0,8538.0,8514.0,8524.0,33269.0,509745.0,510333.0
2025-06-20 14:30:00,8524.0,8536.0,8502.0,8536.0,57951.0,510333.0,503940.0
2025-06-20 21:00:00,8546.0,8548.0,8484.0,8488.0,78692.0,503940.0,503974.0
2025-06-20 21:30:00,8488.0,8508.0,8480.0,8486.0,47231.0,503974.0,501957.0
2025-06-20 22:00:00,8486.0,8508.0,8482.0,8490.0,36648.0,501957.0,500988.0
2025-06-20 22:30:00,8490.0,8492.0,8466.0,8490.0,49917.0,500988.0,492716.0
2025-06-23 09:00:00,8524.0,8592.0,8516.0,8528.0,123676.0,492716.0,493024.0
2025-06-23 09:30:00,8528.0,8540.0,8494.0,8510.0,44344.0,493024.0,493422.0
2025-06-23 10:00:00,8510.0,8520.0,8498.0,8504.0,16998.0,493422.0,493486.0
2025-06-23 10:30:00,8504.0,8540.0,8504.0,8524.0,52475.0,493486.0,496545.0
2025-06-23 11:00:00,8524.0,8530.0,8472.0,8474.0,58950.0,496545.0,492358.0
2025-06-23 13:30:00,8468.0,8500.0,8454.0,8498.0,58840.0,492358.0,490515.0
2025-06-23 14:00:00,8498.0,8528.0,8496.0,8512.0,47861.0,490515.0,494888.0
2025-06-23 14:30:00,8512.0,8520.0,8492.0,8520.0,45294.0,494888.0,489038.0
2025-06-23 21:00:00,8488.0,8500.0,8444.0,8450.0,112562.0,489038.0,492001.0
2025-06-23 21:30:00,8450.0,8458.0,8436.0,8450.0,59146.0,492001.0,489608.0
2025-06-23 22:00:00,8450.0,8454.0,8430.0,8442.0,42749.0,489608.0,489384.0
2025-06-23 22:30:00,8442.0,8450.0,8432.0,8440.0,31642.0,489384.0,485839.0
2025-06-24 09:00:00,8340.0,8362.0,8312.0,8342.0,141995.0,485839.0,473591.0
2025-06-24 09:30:00,8342.0,8350.0,8316.0,8340.0,57711.0,473591.0,469559.0
2025-06-24 10:00:00,8340.0,8374.0,8338.0,8368.0,40501.0,469559.0,471666.0
2025-06-24 10:30:00,8364.0,8372.0,8342.0,8358.0,55711.0,471666.0,468551.0
2025-06-24 11:00:00,8358.0,8370.0,8326.0,8332.0,47753.0,468551.0,465270.0
2025-06-24 13:30:00,8322.0,8326.0,8306.0,8312.0,66313.0,465270.0,462666.0
2025-06-24 14:00:00,8312.0,8330.0,8308.0,8316.0,39458.0,462666.0,460413.0
2025-06-24 14:30:00,8316.0,8332.0,8308.0,8326.0,47640.0,460413.0,454318.0
2025-06-24 21:00:00,8320.0,8328.0,8294.0,8294.0,84395.0,454318.0,455990.0
2025-06-24 21:30:00,8294.0,8306.0,8288.0,8302.0,49780.0,455990.0,456102.0
2025-06-24 22:00:00,8302.0,8316.0,8300.0,8302.0,39246.0,456102.0,453270.0
2025-06-24 22:30:00,8302.0,8320.0,8298.0,8316.0,27636.0,453270.0,450805.0
2025-06-25 09:00:00,8326.0,8348.0,8320.0,8328.0,65227.0,450805.0,453955.0
2025-06-25 09:30:00,8328.0,8344.0,8324.0,8336.0,29623.0,453955.0,454758.0
2025-06-25 10:00:00,8336.0,8346.0,8332.0,8338.0,17224.0,454758.0,455497.0
2025-06-25 10:30:00,8338.0,8340.0,8316.0,8326.0,51057.0,455497.0,456548.0
2025-06-25 11:00:00,8326.0,8350.0,8322.0,8334.0,36926.0,456548.0,457500.0
2025-06-25 13:30:00,8334.0,8340.0,8328.0,8336.0,28772.0,457500.0,457310.0
2025-06-25 14:00:00,8336.0,8356.0,8330.0,8350.0,38012.0,457310.0,456063.0
2025-06-25 14:30:00,8350.0,8354.0,8338.0,8344.0,34035.0,456063.0,451226.0
2025-06-25 21:00:00,8306.0,8320.0,8290.0,8310.0,91426.0,451226.0,452624.0
2025-06-25 21:30:00,8310.0,8338.0,8302.0,8328.0,55824.0,452624.0,454400.0
2025-06-25 22:00:00,8328.0,8402.0,8326.0,8388.0,127757.0,454400.0,464628.0
2025-06-25 22:30:00,8388.0,8408.0,8372.0,8394.0,65635.0,464628.0,459928.0
2025-06-26 09:00:00,8368.0,8368.0,8346.0,8350.0,63760.0,459928.0,459872.0
2025-06-26 09:30:00,8350.0,8366.0,8340.0,8358.0,39763.0,459872.0,460842.0
2025-06-26 10:00:00,8358.0,8366.0,8350.0,8352.0,12139.0,460842.0,460292.0
2025-06-26 10:30:00,8352.0,8368.0,8336.0,8346.0,52202.0,460292.0,461300.0
2025-06-26 11:00:00,8346.0,8350.0,8314.0,8332.0,50033.0,461300.0,456823.0
2025-06-26 13:30:00,8338.0,8348.0,8328.0,8334.0,32575.0,456823.0,456451.0
2025-06-26 14:00:00,8334.0,8362.0,8332.0,8360.0,27333.0,456451.0,457209.0
2025-06-26 14:30:00,8360.0,8362.0,8352.0,8360.0,35248.0,457209.0,455008.0
2025-06-26 21:00:00,8380.0,8384.0,8360.0,8368.0,50162.0,455008.0,458033.0
2025-06-26 21:30:00,8368.0,8378.0,8356.0,8368.0,41839.0,458033.0,459432.0
2025-06-26 22:00:00,8368.0,8402.0,8358.0,8394.0,51458.0,459432.0,461455.0
2025-06-26 22:30:00,8394.0,8396.0,8378.0,8378.0,29227.0,461455.0,456877.0
2025-06-27 09:00:00,8374.0,8380.0,8338.0,8350.0,51913.0,456877.0,453456.0
2025-06-27 09:30:00,8350.0,8386.0,8346.0,8374.0,41830.0,453456.0,455873.0
2025-06-27 10:00:00,8374.0,8378.0,8362.0,8364.0,10335.0,455873.0,454987.0
2025-06-27 10:30:00,8362.0,8382.0,8360.0,8370.0,28090.0,454987.0,455802.0
2025-06-27 11:00:00,8370.0,8374.0,8334.0,8340.0,42683.0,455802.0,452131.0
2025-06-27 13:30:00,8344.0,8360.0,8342.0,8358.0,31790.0,452131.0,452045.0
2025-06-27 14:00:00,8358.0,8368.0,8354.0,8358.0,27329.0,452045.0,452245.0
2025-06-27 14:30:00,8358.0,8380.0,8356.0,8376.0,36129.0,452245.0,450508.0
2025-06-27 21:00:00,8370.0,8376.0,8328.0,8338.0,63185.0,450508.0,451912.0
2025-06-27 21:30:00,8338.0,8348.0,8310.0,8328.0,48395.0,451912.0,450431.0
2025-06-27 22:00:00,8328.0,8332.0,8316.0,8318.0,28434.0,450431.0,449758.0
2025-06-27 22:30:00,8318.0,8334.0,8316.0,8324.0,27043.0,449758.0,444509.0
2025-06-30 09:00:00,8328.0,8366.0,8286.0,8300.0,114258.0,444509.0,446398.0
2025-06-30 09:30:00,8300.0,8308.0,8256.0,8264.0,76440.0,446398.0,442131.0
2025-06-30 10:00:00,8264.0,8288.0,8258.0,8288.0,27465.0,442131.0,439123.0
2025-06-30 10:30:00,8288.0,8304.0,8286.0,8294.0,44961.0,439123.0,439221.0
2025-06-30 11:00:00,8294.0,8316.0,8288.0,8308.0,36618.0,439221.0,436119.0
2025-06-30 13:30:00,8310.0,8324.0,8310.0,8324.0,32023.0,436119.0,439175.0
2025-06-30 14:00:00,8324.0,8326.0,8312.0,8314.0,28145.0,439175.0,438704.0
2025-06-30 14:30:00,8314.0,8332.0,8310.0,8330.0,37007.0,438704.0,431561.0
2025-06-30 21:00:00,8342.0,8346.0,8318.0,8328.0,45526.0,431561.0,437686.0
2025-06-30 21:30:00,8328.0,8334.0,8314.0,8332.0,28593.0,437686.0,438848.0
2025-06-30 22:00:00,8332.0,8334.0,8320.0,8322.0,20903.0,438848.0,437892.0
2025-06-30 22:30:00,8322.0,8324.0,8310.0,8316.0,28896.0,437892.0,433652.0
2025-07-01 09:00:00,8294.0,8306.0,8278.0,8304.0,61397.0,433652.0,431302.0
2025-07-01 09:30:00,8304.0,8332.0,8290.0,8328.0,36906.0,431302.0,434152.0
2025-07-01 10:00:00,8328.0,8330.0,8312.0,8316.0,16140.0,434152.0,434253.0
2025-07-01 10:30:00,8316.0,8318.0,8294.0,8304.0,38046.0,434253.0,433463.0
2025-07-01 11:00:00,8304.0,8304.0,8278.0,8292.0,45624.0,433463.0,427990.0
2025-07-01 13:30:00,8298.0,8348.0,8292.0,8336.0,61869.0,427990.0,431853.0
2025-07-01 14:00:00,8336.0,8338.0,8320.0,8324.0,36869.0,431853.0,430667.0
2025-07-01 14:30:00,8324.0,8352.0,8320.0,8336.0,58734.0,430667.0,428231.0
2025-07-01 21:00:00,8338.0,8342.0,8310.0,8316.0,55766.0,428231.0,428231.0
2025-07-01 21:30:00,8316.0,8334.0,8310.0,8322.0,40544.0,428231.0,425232.0
2025-07-01 22:00:00,8322.0,8356.0,8318.0,8342.0,53560.0,425232.0,428910.0
2025-07-01 22:30:00,8342.0,8360.0,8334.0,8336.0,34332.0,428910.0,424573.0
2025-07-02 09:00:00,8360.0,8392.0,8344.0,8348.0,86903.0,424573.0,430660.0
2025-07-02 09:30:00,8348.0,8366.0,8346.0,8354.0,37576.0,430660.0,428932.0
2025-07-02 10:00:00,8354.0,8372.0,8354.0,8362.0,16789.0,428932.0,429258.0
2025-07-02 10:30:00,8364.0,8388.0,8360.0,8382.0,40758.0,429258.0,431503.0
2025-07-02 11:00:00,8382.0,8396.0,8380.0,8380.0,30584.0,431503.0,433272.0
2025-07-02 13:30:00,8400.0,8430.0,8400.0,8428.0,70791.0,433272.0,444201.0
2025-07-02 14:00:00,8428.0,8446.0,8426.0,8440.0,54627.0,444201.0,451082.0
2025-07-02 14:30:00,8440.0,8454.0,8430.0,8440.0,54192.0,451082.0,452137.0
2025-07-02 21:00:00,8470.0,8478.0,8446.0,8470.0,59368.0,452137.0,459135.0
2025-07-02 21:30:00,8470.0,8480.0,8458.0,8468.0,36555.0,459135.0,460962.0
2025-07-02 22:00:00,8468.0,8496.0,8468.0,8484.0,54539.0,460962.0,462594.0
2025-07-02 22:30:00,8484.0,8492.0,8476.0,8480.0,32250.0,462594.0,457859.0
2025-07-03 09:00:00,8496.0,8522.0,8488.0,8490.0,76333.0,457859.0,464808.0
2025-07-03 09:30:00,8490.0,8490.0,8462.0,8464.0,49067.0,464808.0,463052.0
2025-07-03 10:00:00,8464.0,8474.0,8462.0,8468.0,15024.0,463052.0,461475.0
2025-07-03 10:30:00,8468.0,8490.0,8458.0,8470.0,42908.0,461475.0,463501.0
2025-07-03 11:00:00,8470.0,8480.0,8466.0,8470.0,21642.0,463501.0,463849.0
2025-07-03 13:30:00,8470.0,8482.0,8462.0,8480.0,25844.0,463849.0,464983.0
2025-07-03 14:00:00,8480.0,8492.0,8472.0,8478.0,29914.0,464983.0,465942.0
2025-07-03 14:30:00,8478.0,8496.0,8476.0,8478.0,38145.0,465942.0,463964.0
2025-07-03 21:00:00,8498.0,8546.0,8492.0,8540.0,97024.0,463964.0,479310.0
2025-07-03 21:30:00,8540.0,8550.0,8518.0,8518.0,58166.0,479310.0,479163.0
2025-07-03 22:00:00,8518.0,8524.0,8512.0,8516.0,31691.0,479163.0,475499.0
2025-07-03 22:30:00,8516.0,8520.0,8498.0,8514.0,39238.0,475499.0,468861.0
2025-07-04 09:00:00,8498.0,8508.0,8480.0,8482.0,47466.0,468861.0,469443.0
2025-07-04 09:30:00,8482.0,8488.0,8464.0,8468.0,38302.0,469443.0,468055.0
2025-07-04 10:00:00,8468.0,8470.0,8452.0,8458.0,21098.0,468055.0,465901.0
2025-07-04 10:30:00,8460.0,8476.0,8452.0,8464.0,41102.0,465901.0,463231.0
2025-07-04 11:00:00,8464.0,8468.0,8440.0,8440.0,24781.0,463231.0,459639.0
2025-07-04 13:30:00,8446.0,8468.0,8446.0,8456.0,33887.0,459639.0,457677.0
2025-07-04 14:00:00,8456.0,8466.0,8442.0,8462.0,28863.0,457677.0,455445.0
2025-07-04 14:30:00,8462.0,8474.0,8454.0,8472.0,32988.0,455445.0,451187.0
2025-07-04 21:00:00,8452.0,8460.0,8426.0,8434.0,58426.0,451187.0,449418.0
2025-07-04 21:30:00,8434.0,8456.0,8434.0,8454.0,28825.0,449418.0,450966.0
2025-07-04 22:00:00,8454.0,8460.0,8442.0,8444.0,20229.0,450966.0,450129.0
2025-07-04 22:30:00,8444.0,8490.0,8442.0,8482.0,28120.0,450129.0,445864.0
2025-07-07 09:00:00,8446.0,8446.0,8416.0,8432.0,71084.0,445864.0,442515.0
2025-07-07 09:30:00,8432.0,8456.0,8430.0,8448.0,32544.0,442515.0,443855.0
2025-07-07 10:00:00,8448.0,8452.0,8438.0,8442.0,9276.0,443855.0,443753.0
2025-07-07 10:30:00,8444.0,8458.0,8412.0,8452.0,57993.0,443753.0,442816.0
2025-07-07 11:00:00,8452.0,8476.0,8446.0,8456.0,41001.0,442816.0,445152.0
2025-07-07 13:30:00,8448.0,8476.0,8444.0,8466.0,32516.0,445152.0,449915.0
2025-07-07 14:00:00,8466.0,8480.0,8466.0,8474.0,28908.0,449915.0,452460.0
2025-07-07 14:30:00,8474.0,8476.0,8454.0,8466.0,36754.0,452460.0,448023.0
2025-07-07 21:00:00,8474.0,8516.0,8470.0,8510.0,81656.0,448023.0,462391.0
2025-07-07 21:30:00,8510.0,8510.0,8486.0,8498.0,46601.0,462391.0,464816.0
2025-07-07 22:00:00,8498.0,8506.0,8486.0,8496.0,31338.0,464816.0,463928.0
2025-07-07 22:30:00,8496.0,8496.0,8480.0,8482.0,34020.0,463928.0,458342.0
2025-07-08 09:00:00,8492.0,8512.0,8490.0,8500.0,48283.0,458342.0,461633.0
2025-07-08 09:30:00,8500.0,8526.0,8490.0,8512.0,47962.0,461633.0,466911.0
2025-07-08 10:00:00,8512.0,8514.0,8500.0,8512.0,17327.0,466911.0,465042.0
2025-07-08 10:30:00,8512.0,8546.0,8512.0,8536.0,67402.0,465042.0,477697.0
2025-07-08 11:00:00,8536.0,8578.0,8532.0,8574.0,62169.0,477697.0,486014.0
2025-07-08 13:30:00,8576.0,8640.0,8572.0,8628.0,131664.0,486014.0,511870.0
2025-07-08 14:00:00,8628.0,8632.0,8608.0,8622.0,54207.0,511870.0,519785.0
2025-07-08 14:30:00,8622.0,8670.0,8616.0,8644.0,103393.0,519785.0,518456.0
2025-07-08 21:00:00,8644.0,8658.0,8636.0,8648.0,66901.0,518456.0,526264.0
2025-07-08 21:30:00,8648.0,8652.0,8636.0,8648.0,34325.0,526264.0,527759.0
2025-07-08 22:00:00,8648.0,8648.0,8630.0,8636.0,29226.0,527759.0,526993.0
2025-07-08 22:30:00,8636.0,8656.0,8634.0,8642.0,33325.0,526993.0,521545.0
2025-07-09 09:00:00,8650.0,8682.0,8644.0,8664.0,62271.0,521545.0,526365.0
2025-07-09 09:30:00,8664.0,8670.0,8646.0,8658.0,31179.0,526365.0,526906.0
2025-07-09 10:00:00,8658.0,8664.0,8652.0,8660.0,9584.0,526906.0,526357.0
2025-07-09 10:30:00,8662.0,8676.0,8648.0,8660.0,41866.0,526357.0,528853.0
2025-07-09 11:00:00,8660.0,8692.0,8658.0,8684.0,44535.0,528853.0,534994.0
2025-07-09 13:30:00,8666.0,8672.0,8640.0,8672.0,58274.0,534994.0,529774.0
2025-07-09 14:00:00,8672.0,8672.0,8658.0,8668.0,21050.0,529774.0,530356.0
2025-07-09 14:30:00,8668.0,8680.0,8662.0,8678.0,41035.0,530356.0,528219.0
2025-07-09 21:00:00,8650.0,8658.0,8610.0,8618.0,115387.0,528219.0,524695.0
2025-07-09 21:30:00,8618.0,8628.0,8606.0,8616.0,48231.0,524695.0,522003.0
2025-07-09 22:00:00,8616.0,8626.0,8608.0,8620.0,32066.0,522003.0,520255.0
2025-07-09 22:30:00,8620.0,8624.0,8614.0,8618.0,24712.0,520255.0,516175.0
2025-07-10 09:00:00,8616.0,8640.0,8588.0,8594.0,80479.0,516175.0,511977.0
2025-07-10 09:30:00,8594.0,8626.0,8588.0,8622.0,49923.0,511977.0,508870.0
2025-07-10 10:00:00,8622.0,8630.0,8616.0,8624.0,16052.0,508870.0,509660.0
2025-07-10 10:30:00,8624.0,8636.0,8616.0,8626.0,40902.0,509660.0,509275.0
2025-07-10 11:00:00,8626.0,8674.0,8620.0,8666.0,66722.0,509275.0,514593.0
2025-07-10 13:30:00,8642.0,8678.0,8606.0,8634.0,90037.0,514593.0,511911.0
2025-07-10 14:00:00,8634.0,8650.0,8632.0,8638.0,32396.0,511911.0,511006.0
2025-07-10 14:30:00,8638.0,8648.0,8632.0,8638.0,39543.0,511006.0,505365.0
2025-07-10 21:00:00,8614.0,8624.0,8600.0,8612.0,70143.0,505365.0,505786.0
2025-07-10 21:30:00,8612.0,8622.0,8590.0,8610.0,53453.0,505786.0,506776.0
2025-07-10 22:00:00,8610.0,8638.0,8608.0,8628.0,41917.0,506776.0,510110.0
2025-07-10 22:30:00,8628.0,8650.0,8622.0,8624.0,37635.0,510110.0,506026.0
2025-07-11 09:00:00,8642.0,8652.0,8626.0,8648.0,48646.0,506026.0,507774.0
2025-07-11 09:30:00,8648.0,8726.0,8638.0,8720.0,100392.0,507774.0,517634.0
2025-07-11 10:00:00,8720.0,8796.0,8718.0,8764.0,107317.0,517634.0,527608.0
2025-07-11 10:30:00,8760.0,8778.0,8746.0,8762.0,75720.0,527608.0,528428.0
2025-07-11 11:00:00,8762.0,8764.0,8688.0,8702.0,96110.0,528428.0,519257.0
2025-07-11 13:30:00,8696.0,8712.0,8678.0,8700.0,54899.0,519257.0,517927.0
2025-07-11 14:00:00,8700.0,8718.0,8680.0,8712.0,39855.0,517927.0,516715.0
2025-07-11 14:30:00,8712.0,8714.0,8680.0,8682.0,46175.0,516715.0,512798.0
2025-07-11 21:00:00,8682.0,8736.0,8676.0,8694.0,78392.0,512798.0,519887.0
2025-07-11 21:30:00,8694.0,8716.0,8694.0,8700.0,32415.0,519887.0,519490.0
2025-07-11 22:00:00,8700.0,8718.0,8680.0,8714.0,45363.0,519490.0,517101.0
2025-07-11 22:30:00,8714.0,8718.0,8702.0,8712.0,25465.0,517101.0,511206.0
2025-07-14 09:00:00,8686.0,8688.0,8644.0,8674.0,90469.0,511206.0,504054.0
2025-07-14 09:30:00,8674.0,8696.0,8656.0,8664.0,43084.0,504054.0,503443.0
2025-07-14 10:00:00,8664.0,8688.0,8656.0,8678.0,17742.0,503443.0,501499.0
2025-07-14 10:30:00,8678.0,8714.0,8664.0,8708.0,48593.0,501499.0,505679.0
2025-07-14 11:00:00,8708.0,8728.0,8702.0,8716.0,43964.0,505679.0,507714.0
2025-07-14 13:30:00,8718.0,8750.0,8718.0,8728.0,47852.0,507714.0,509172.0
2025-07-14 14:00:00,8728.0,8740.0,8726.0,8730.0,19242.0,509172.0,507361.0
2025-07-14 14:30:00,8730.0,8760.0,8726.0,8748.0,52234.0,507361.0,505476.0
2025-07-14 21:00:00,8758.0,8812.0,8752.0,8786.0,110429.0,505476.0,523795.0
2025-07-14 21:30:00,8786.0,8804.0,8774.0,8784.0,46056.0,523795.0,527382.0
2025-07-14 22:00:00,8784.0,8790.0,8772.0,8788.0,26938.0,527382.0,526465.0
2025-07-14 22:30:00,8788.0,8798.0,8780.0,8788.0,22622.0,526465.0,523346.0
2025-07-15 09:00:00,8780.0,8782.0,8754.0,8762.0,56149.0,523346.0,523297.0
2025-07-15 09:30:00,8762.0,8806.0,8762.0,8776.0,46720.0,523297.0,523970.0
2025-07-15 10:00:00,8776.0,8778.0,8762.0,8764.0,16093.0,523970.0,521982.0
2025-07-15 10:30:00,8764.0,8766.0,8714.0,8724.0,77235.0,521982.0,512817.0
2025-07-15 11:00:00,8724.0,8726.0,8696.0,8704.0,58611.0,512817.0,504062.0
2025-07-15 13:30:00,8704.0,8718.0,8702.0,8712.0,32024.0,504062.0,501207.0
2025-07-15 14:00:00,8712.0,8724.0,8698.0,8716.0,30763.0,501207.0,498588.0
2025-07-15 14:30:00,8716.0,8720.0,8688.0,8708.0,44433.0,498588.0,495933.0
2025-07-15 21:00:00,8704.0,8714.0,8674.0,8686.0,77300.0,495933.0,501362.0
2025-07-15 21:30:00,8686.0,8696.0,8672.0,8676.0,38431.0,501362.0,503059.0
2025-07-15 22:00:00,8676.0,8690.0,8664.0,8688.0,31657.0,503059.0,502561.0
2025-07-15 22:30:00,8688.0,8710.0,8684.0,8708.0,36100.0,502561.0,498377.0
2025-07-16 09:00:00,8712.0,8760.0,8712.0,8748.0,77177.0,498377.0,505053.0
2025-07-16 09:30:00,8748.0,8770.0,8744.0,8768.0,38292.0,505053.0,511582.0
2025-07-16 10:00:00,8768.0,8770.0,8742.0,8748.0,18825.0,511582.0,511195.0
2025-07-16 10:30:00,8748.0,8748.0,8716.0,8724.0,46950.0,511195.0,509652.0
2025-07-16 11:00:00,8724.0,8750.0,8722.0,8748.0,24737.0,509652.0,509628.0
2025-07-16 13:30:00,8750.0,8762.0,8728.0,8728.0,37364.0,509628.0,510721.0
2025-07-16 14:00:00,8728.0,8734.0,8716.0,8726.0,25814.0,510721.0,508835.0
2025-07-16 14:30:00,8726.0,8734.0,8712.0,8722.0,40764.0,508835.0,502077.0
2025-07-16 21:00:00,8728.0,8756.0,8722.0,8744.0,67320.0,502077.0,510616.0
2025-07-16 21:30:00,8744.0,8760.0,8736.0,8738.0,31495.0,510616.0,511506.0
2025-07-16 22:00:00,8738.0,8750.0,8730.0,8734.0,23793.0,511506.0,510297.0
2025-07-16 22:30:00,8734.0,8734.0,8714.0,8724.0,36621.0,510297.0,503971.0
2025-07-17 09:00:00,8738.0,8790.0,8736.0,8744.0,93186.0,503971.0,513582.0
2025-07-17 09:30:00,8744.0,8758.0,8742.0,8754.0,25179.0,513582.0,513702.0
2025-07-17 10:00:00,8754.0,8766.0,8744.0,8762.0,11977.0,513702.0,513656.0
2025-07-17 10:30:00,8762.0,8764.0,8726.0,8756.0,49416.0,513656.0,514130.0
2025-07-17 11:00:00,8756.0,8818.0,8752.0,8792.0,93990.0,514130.0,534643.0
2025-07-17 13:30:00,8776.0,8788.0,8766.0,8780.0,44381.0,534643.0,533492.0
2025-07-17 14:00:00,8780.0,8802.0,8774.0,8796.0,28943.0,533492.0,537229.0
2025-07-17 14:30:00,8796.0,8816.0,8786.0,8796.0,61236.0,537229.0,538144.0
2025-07-17 21:00:00,8798.0,8810.0,8782.0,8798.0,58464.0,538144.0,543491.0
2025-07-17 21:30:00,8798.0,8846.0,8792.0,8836.0,71036.0,543491.0,548833.0
2025-07-17 22:00:00,8836.0,8858.0,8832.0,8850.0,50005.0,548833.0,552883.0
2025-07-17 22:30:00,8850.0,8898.0,8844.0,8890.0,77439.0,552883.0,552413.0
2025-07-18 09:00:00,8914.0,8930.0,8908.0,8916.0,69155.0,552413.0,554227.0
2025-07-18 09:30:00,8916.0,8958.0,8914.0,8916.0,72334.0,554227.0,553816.0
2025-07-18 10:00:00,8916.0,8922.0,8896.0,8914.0,29699.0,553816.0,550305.0
2025-07-18 10:30:00,8918.0,8930.0,8896.0,8912.0,50832.0,550305.0,552598.0
2025-07-18 11:00:00,8912.0,8930.0,8886.0,8898.0,52409.0,552598.0,550594.0
2025-07-18 13:30:00,8912.0,8966.0,8912.0,8934.0,68028.0,550594.0,558146.0
2025-07-18 14:00:00,8934.0,8968.0,8928.0,8958.0,40671.0,558146.0,560134.0
2025-07-18 14:30:00,8958.0,8972.0,8944.0,8964.0,63611.0,560134.0,557055.0
2025-07-18 21:00:00,8976.0,8978.0,8926.0,8940.0,83360.0,557055.0,553642.0
2025-07-18 21:30:00,8940.0,8976.0,8936.0,8968.0,46218.0,553642.0,553651.0
2025-07-18 22:00:00,8968.0,9024.0,8960.0,9020.0,85383.0,553651.0,560130.0
2025-07-18 22:30:00,9020.0,9064.0,9020.0,9046.0,89956.0,560130.0,552933.0
2025-07-21 09:00:00,8984.0,8984.0,8916.0,8926.0,151145.0,552933.0,531359.0
2025-07-21 09:30:00,8926.0,8944.0,8920.0,8934.0,32339.0,531359.0,528693.0
2025-07-21 10:00:00,8934.0,8954.0,8928.0,8950.0,16275.0,528693.0,527213.0
2025-07-21 10:30:00,8946.0,8950.0,8906.0,8940.0,52853.0,527213.0,523557.0
2025-07-21 11:00:00,8940.0,8942.0,8904.0,8924.0,39989.0,523557.0,518972.0
2025-07-21 13:30:00,8932.0,8952.0,8910.0,8910.0,37648.0,518972.0,517635.0
2025-07-21 14:00:00,8910.0,8926.0,8894.0,8912.0,35990.0,517635.0,514346.0
2025-07-21 14:30:00,8912.0,8928.0,8904.0,8910.0,37553.0,514346.0,509869.0
2025-07-21 21:00:00,8878.0,8908.0,8868.0,8896.0,88271.0,509869.0,515063.0
2025-07-21 21:30:00,8896.0,8906.0,8876.0,8886.0,44635.0,515063.0,512727.0
2025-07-21 22:00:00,8886.0,8904.0,8882.0,8892.0,35410.0,512727.0,513586.0
2025-07-21 22:30:00,8892.0,8938.0,8890.0,8924.0,51230.0,513586.0,509079.0
2025-07-22 09:00:00,8944.0,8998.0,8940.0,8954.0,98945.0,509079.0,510886.0
2025-07-22 09:30:00,8954.0,8984.0,8954.0,8960.0,32560.0,510886.0,513213.0
2025-07-22 10:00:00,8960.0,8960.0,8934.0,8958.0,27581.0,513213.0,513352.0
2025-07-22 10:30:00,8956.0,9012.0,8944.0,8970.0,68968.0,513352.0,518689.0
2025-07-22 11:00:00,8970.0,8990.0,8910.0,8930.0,65508.0,518689.0,513225.0
2025-07-22 13:30:00,8924.0,8948.0,8876.0,8892.0,113813.0,513225.0,502085.0
2025-07-22 14:00:00,8892.0,8928.0,8882.0,8924.0,38907.0,502085.0,497930.0
2025-07-22 14:30:00,8924.0,8930.0,8906.0,8926.0,40676.0,497930.0,492920.0
2025-07-22 21:00:00,8916.0,8944.0,8908.0,8942.0,60015.0,492920.0,494151.0
2025-07-22 21:30:00,8942.0,8950.0,8908.0,8922.0,47193.0,494151.0,492838.0
2025-07-22 22:00:00,8922.0,8972.0,8912.0,8964.0,53153.0,492838.0,494140.0
2025-07-22 22:30:00,8964.0,8966.0,8938.0,8954.0,33870.0,494140.0,491310.0
2025-07-23 09:00:00,8974.0,9036.0,8974.0,8990.0,100074.0,491310.0,501533.0
2025-07-23 09:30:00,8990.0,8990.0,8936.0,8962.0,76920.0,501533.0,495394.0
2025-07-23 10:00:00,8962.0,8972.0,8950.0,8962.0,13433.0,495394.0,495672.0
2025-07-23 10:30:00,8964.0,9010.0,8956.0,8970.0,60671.0,495672.0,497581.0
2025-07-23 11:00:00,8970.0,9082.0,8970.0,9070.0,116315.0,497581.0,518126.0
2025-07-23 13:30:00,9072.0,9088.0,8970.0,9004.0,116305.0,518126.0,503574.0
2025-07-23 14:00:00,9004.0,9004.0,8980.0,8998.0,31418.0,503574.0,502088.0
2025-07-23 14:30:00,8998.0,9010.0,8972.0,8994.0,49207.0,502088.0,496579.0
2025-07-23 21:00:00,9012.0,9036.0,9004.0,9030.0,67040.0,496579.0,502892.0
2025-07-23 21:30:00,9030.0,9040.0,8996.0,9004.0,47297.0,502892.0,499606.0
2025-07-23 22:00:00,9004.0,9012.0,8982.0,8984.0,33911.0,499606.0,497640.0
2025-07-23 22:30:00,8984.0,9000.0,8938.0,8952.0,66293.0,497640.0,491469.0
2025-07-24 09:00:00,8968.0,9018.0,8964.0,9018.0,56673.0,491469.0,496659.0
2025-07-24 09:30:00,9018.0,9036.0,9010.0,9010.0,51596.0,496659.0,503761.0
2025-07-24 10:00:00,9010.0,9022.0,8998.0,9010.0,17911.0,503761.0,501707.0
2025-07-24 10:30:00,9008.0,9020.0,8978.0,9016.0,48463.0,501707.0,500170.0
2025-07-24 11:00:00,9016.0,9022.0,8992.0,9008.0,27501.0,500170.0,500537.0
2025-07-24 13:30:00,9010.0,9034.0,9008.0,9028.0,39338.0,500537.0,502588.0
2025-07-24 14:00:00,9028.0,9088.0,9026.0,9074.0,81390.0,502588.0,517020.0
2025-07-24 14:30:00,9074.0,9106.0,9060.0,9104.0,90370.0,517020.0,516327.0
2025-07-24 21:00:00,9060.0,9072.0,9008.0,9038.0,136079.0,516327.0,499530.0
2025-07-24 21:30:00,9038.0,9042.0,9010.0,9022.0,53846.0,499530.0,494580.0
2025-07-24 22:00:00,9022.0,9042.0,8996.0,9034.0,55395.0,494580.0,492507.0
2025-07-24 22:30:00,9034.0,9038.0,9004.0,9016.0,30207.0,492507.0,489598.0
2025-07-25 09:00:00,9034.0,9036.0,9006.0,9020.0,41746.0,489598.0,487325.0
2025-07-25 09:30:00,9020.0,9032.0,8976.0,8980.0,59469.0,487325.0,485483.0
2025-07-25 10:00:00,8980.0,8990.0,8956.0,8982.0,32837.0,485483.0,482951.0
2025-07-25 10:30:00,8982.0,9000.0,8922.0,8930.0,75164.0,482951.0,479356.0
2025-07-25 11:00:00,8930.0,8956.0,8912.0,8934.0,49249.0,479356.0,473711.0
2025-07-25 13:30:00,8922.0,8932.0,8890.0,8922.0,65478.0,473711.0,463505.0
2025-07-25 14:00:00,8922.0,8948.0,8914.0,8942.0,29051.0,463505.0,461368.0
2025-07-25 14:30:00,8942.0,8948.0,8916.0,8936.0,44922.0,461368.0,456448.0
2025-07-25 21:00:00,8940.0,8966.0,8914.0,8964.0,70516.0,456448.0,455095.0
2025-07-25 21:30:00,8964.0,8980.0,8948.0,8970.0,33868.0,455095.0,455647.0
2025-07-25 22:00:00,8970.0,8976.0,8946.0,8970.0,38830.0,455647.0,456019.0
2025-07-25 22:30:00,8970.0,8976.0,8912.0,8922.0,48401.0,456019.0,451564.0
2025-07-28 09:00:00,8896.0,8896.0,8828.0,8886.0,128945.0,451564.0,445764.0
2025-07-28 09:30:00,8886.0,8890.0,8856.0,8886.0,31484.0,445764.0,445732.0
2025-07-28 10:00:00,8886.0,8932.0,8882.0,8928.0,38223.0,445732.0,445589.0
2025-07-28 10:30:00,8932.0,8954.0,8910.0,8940.0,60060.0,445589.0,445688.0
2025-07-28 11:00:00,8940.0,8948.0,8898.0,8904.0,35067.0,445688.0,445841.0
2025-07-28 13:30:00,8918.0,8960.0,8916.0,8954.0,49355.0,445841.0,452912.0
2025-07-28 14:00:00,8954.0,8956.0,8914.0,8926.0,29733.0,452912.0,452398.0
2025-07-28 14:30:00,8926.0,8952.0,8916.0,8946.0,39895.0,452398.0,449955.0
2025-07-28 21:00:00,8954.0,8972.0,8936.0,8958.0,78020.0,449955.0,453115.0
2025-07-28 21:30:00,8958.0,8966.0,8938.0,8944.0,36900.0,453115.0,453239.0
2025-07-28 22:00:00,8944.0,8974.0,8940.0,8954.0,41786.0,453239.0,454491.0
2025-07-28 22:30:00,8954.0,8960.0,8922.0,8924.0,36656.0,454491.0,448662.0
2025-07-29 09:00:00,8920.0,8924.0,8856.0,8880.0,96840.0,448662.0,439611.0
2025-07-29 09:30:00,8880.0,8892.0,8856.0,8858.0,39455.0,439611.0,434714.0
2025-07-29 10:00:00,8858.0,8864.0,8846.0,8848.0,25755.0,434714.0,431187.0
2025-07-29 10:30:00,8844.0,8892.0,8842.0,8890.0,42240.0,431187.0,426526.0
2025-07-29 11:00:00,8890.0,8932.0,8862.0,8924.0,52000.0,426526.0,425873.0
2025-07-29 13:30:00,8938.0,8996.0,8938.0,8984.0,88427.0,425873.0,437809.0
2025-07-29 14:00:00,8984.0,8992.0,8970.0,8982.0,32734.0,437809.0,439490.0
2025-07-29 14:30:00,8982.0,8982.0,8954.0,8970.0,40921.0,439490.0,432271.0
2025-07-29 21:00:00,8976.0,8990.0,8960.0,8966.0,59774.0,432271.0,435944.0
2025-07-29 21:30:00,8966.0,9006.0,8958.0,8986.0,46388.0,435944.0,436890.0
2025-07-29 22:00:00,8986.0,9006.0,8986.0,8988.0,25714.0,436890.0,436725.0
2025-07-29 22:30:00,8988.0,9002.0,8980.0,8990.0,28760.0,436725.0,431829.0
2025-07-30 09:00:00,9018.0,9030.0,8934.0,8946.0,101098.0,431829.0,419246.0
2025-07-30 09:30:00,8946.0,8954.0,8926.0,8946.0,51462.0,419246.0,412707.0
2025-07-30 10:00:00,8946.0,8968.0,8930.0,8960.0,18854.0,412707.0,410190.0
2025-07-30 10:30:00,8958.0,8994.0,8958.0,8988.0,49583.0,410190.0,410815.0
2025-07-30 11:00:00,8988.0,8990.0,8966.0,8980.0,27241.0,410815.0,408972.0
2025-07-30 13:30:00,8978.0,8992.0,8954.0,8962.0,34100.0,408972.0,408479.0
2025-07-30 14:00:00,8962.0,8976.0,8948.0,8968.0,30282.0,408479.0,407228.0
2025-07-30 14:30:00,8968.0,8984.0,8964.0,8982.0,27035.0,407228.0,403926.0
2025-07-30 21:00:00,8962.0,8962.0,8914.0,8934.0,69368.0,403926.0,401990.0
2025-07-30 21:30:00,8934.0,8946.0,8908.0,8944.0,36686.0,401990.0,400470.0
2025-07-30 22:00:00,8944.0,8954.0,8920.0,8926.0,25035.0,400470.0,400512.0
2025-07-30 22:30:00,8926.0,8942.0,8920.0,8930.0,23836.0,400512.0,398215.0
2025-07-31 09:00:00,8922.0,8940.0,8880.0,8890.0,62034.0,398215.0,397238.0
2025-07-31 09:30:00,8890.0,8910.0,8866.0,8870.0,40848.0,397238.0,394565.0
2025-07-31 10:00:00,8870.0,8890.0,8866.0,8880.0,14887.0,394565.0,392970.0
2025-07-31 10:30:00,8878.0,8922.0,8866.0,8914.0,53044.0,392970.0,394840.0
2025-07-31 11:00:00,8914.0,8932.0,8896.0,8918.0,39544.0,394840.0,395615.0
2025-07-31 13:30:00,8916.0,8942.0,8906.0,8932.0,44569.0,395615.0,399730.0
2025-07-31 14:00:00,8932.0,8940.0,8894.0,8894.0,33380.0,399730.0,398884.0
2025-07-31 14:30:00,8894.0,8912.0,8890.0,8900.0,35791.0,398884.0,394483.0
2025-07-31 21:00:00,8876.0,8890.0,8860.0,8876.0,53565.0,394483.0,393053.0
2025-07-31 21:30:00,8876.0,8902.0,8854.0,8900.0,45589.0,393053.0,392469.0
2025-07-31 22:00:00,8900.0,8930.0,8896.0,8906.0,45918.0,392469.0,392923.0
2025-07-31 22:30:00,8906.0,8910.0,8860.0,8868.0,40448.0,392923.0,387706.0
2025-08-01 09:00:00,8864.0,8890.0,8838.0,8886.0,54714.0,387706.0,391005.0
2025-08-01 09:30:00,8886.0,8914.0,8886.0,8906.0,38787.0,391005.0,392721.0
2025-08-01 10:00:00,8906.0,8910.0,8888.0,8888.0,11190.0,392721.0,392297.0
2025-08-01 10:30:00,8888.0,8910.0,8844.0,8910.0,66445.0,392297.0,389497.0
2025-08-01 11:00:00,8910.0,8920.0,8888.0,8916.0,36605.0,389497.0,392880.0
2025-08-01 13:30:00,8912.0,8942.0,8902.0,8926.0,44965.0,392880.0,398815.0
2025-08-01 14:00:00,8926.0,8950.0,8924.0,8930.0,38427.0,398815.0,401396.0
2025-08-01 14:30:00,8930.0,8934.0,8910.0,8910.0,35415.0,401396.0,394141.0
2025-08-01 21:00:00,8924.0,8926.0,8872.0,8882.0,68989.0,394141.0,388323.0
2025-08-01 21:30:00,8882.0,8884.0,8834.0,8846.0,77002.0,388323.0,386752.0
2025-08-01 22:00:00,8846.0,8846.0,8772.0,8792.0,116544.0,386752.0,373207.0
2025-08-01 22:30:00,8792.0,8806.0,8780.0,8784.0,35640.0,373207.0,366053.0
2025-08-04 09:00:00,8780.0,8792.0,8746.0,8770.0,69594.0,366053.0,360931.0
2025-08-04 09:30:00,8770.0,8782.0,8760.0,8774.0,25917.0,360931.0,358548.0
2025-08-04 10:00:00,8774.0,8780.0,8754.0,8760.0,13996.0,358548.0,357629.0
2025-08-04 10:30:00,8762.0,8790.0,8756.0,8780.0,49079.0,357629.0,354972.0
2025-08-04 11:00:00,8780.0,8818.0,8776.0,8802.0,55928.0,354972.0,350467.0
2025-08-04 13:30:00,8802.0,8840.0,8802.0,8832.0,47033.0,350467.0,352805.0
2025-08-04 14:00:00,8832.0,8844.0,8822.0,8838.0,22716.0,352805.0,353175.0
2025-08-04 14:30:00,8838.0,8846.0,8830.0,8838.0,29162.0,353175.0,350396.0
2025-08-04 21:00:00,8816.0,8856.0,8806.0,8848.0,55313.0,350396.0,357008.0
2025-08-04 21:30:00,8848.0,8874.0,8842.0,8870.0,36755.0,357008.0,360787.0
2025-08-04 22:00:00,8870.0,8888.0,8856.0,8882.0,35061.0,360787.0,361089.0
2025-08-04 22:30:00,8882.0,8900.0,8868.0,8890.0,33315.0,361089.0,360751.0
2025-08-05 09:00:00,8870.0,8910.0,8870.0,8910.0,37670.0,360751.0,362694.0
2025-08-05 09:30:00,8910.0,8926.0,8896.0,8902.0,33398.0,362694.0,365910.0
2025-08-05 10:00:00,8902.0,8922.0,8900.0,8916.0,12789.0,365910.0,368301.0
2025-08-05 10:30:00,8916.0,8932.0,8898.0,8910.0,39683.0,368301.0,371990.0
2025-08-05 11:00:00,8910.0,8968.0,8900.0,8966.0,65222.0,371990.0,379827.0
2025-08-05 13:30:00,8974.0,9056.0,8974.0,9050.0,117798.0,379827.0,401017.0
2025-08-05 14:00:00,9050.0,9068.0,9036.0,9050.0,56477.0,401017.0,406114.0
2025-08-05 14:30:00,9050.0,9066.0,9038.0,9064.0,56780.0,406114.0,400643.0
2025-08-05 21:00:00,9060.0,9076.0,9028.0,9034.0,72488.0,400643.0,398571.0
2025-08-05 21:30:00,9034.0,9038.0,9022.0,9030.0,41717.0,398571.0,394604.0
2025-08-05 22:00:00,9030.0,9032.0,8978.0,8988.0,48011.0,394604.0,385305.0
2025-08-05 22:30:00,8988.0,9014.0,8982.0,8996.0,47459.0,385305.0,377122.0
2025-08-06 09:00:00,8972.0,8984.0,8912.0,8918.0,104513.0,377122.0,362081.0
2025-08-06 09:30:00,8918.0,8944.0,8896.0,8936.0,61377.0,362081.0,353363.0
2025-08-06 10:00:00,8936.0,8964.0,8934.0,8958.0,20839.0,353363.0,351437.0
2025-08-06 10:30:00,8960.0,8982.0,8938.0,8968.0,48525.0,351437.0,350426.0
2025-08-06 11:00:00,8968.0,8992.0,8962.0,8982.0,28473.0,350426.0,348100.0
2025-08-06 13:30:00,8974.0,8988.0,8964.0,8976.0,27961.0,348100.0,348374.0
2025-08-06 14:00:00,8976.0,8990.0,8972.0,8988.0,19075.0,348374.0,347812.0
2025-08-06 14:30:00,8988.0,9002.0,8966.0,8970.0,37487.0,347812.0,344307.0
2025-08-06 21:00:00,9000.0,9050.0,8994.0,9018.0,82238.0,344307.0,343059.0
2025-08-06 21:30:00,9018.0,9028.0,8996.0,9010.0,42408.0,343059.0,343997.0
2025-08-06 22:00:00,9010.0,9018.0,8996.0,9016.0,25327.0,343997.0,343772.0
2025-08-06 22:30:00,9016.0,9034.0,8996.0,9006.0,29930.0,343772.0,341920.0
2025-08-07 09:00:00,8986.0,9014.0,8966.0,9006.0,38853.0,341920.0,341248.0
2025-08-07 09:30:00,9006.0,9020.0,8996.0,9004.0,23628.0,341248.0,338790.0
2025-08-07 10:00:00,9004.0,9026.0,9000.0,9004.0,12887.0,338790.0,338864.0
2025-08-07 10:30:00,9004.0,9006.0,8958.0,8966.0,47960.0,338864.0,333424.0
2025-08-07 11:00:00,8966.0,8966.0,8932.0,8942.0,50699.0,333424.0,325823.0
2025-08-07 13:30:00,8944.0,8954.0,8920.0,8950.0,42902.0,325823.0,321509.0
2025-08-07 14:00:00,8950.0,8964.0,8938.0,8948.0,25248.0,321509.0,319520.0
2025-08-07 14:30:00,8948.0,8960.0,8942.0,8950.0,23048.0,319520.0,317188.0
2025-08-07 21:00:00,8962.0,9006.0,8956.0,9000.0,58333.0,317188.0,318746.0
2025-08-07 21:30:00,9000.0,9028.0,8992.0,9014.0,40150.0,318746.0,322131.0
2025-08-07 22:00:00,9014.0,9034.0,8998.0,9004.0,31763.0,322131.0,321282.0
2025-08-07 22:30:00,9004.0,9018.0,9002.0,9012.0,17086.0,321282.0,319117.0
2025-08-08 09:00:00,9018.0,9058.0,9002.0,9012.0,68822.0,319117.0,324269.0
2025-08-08 09:30:00,9012.0,9022.0,8998.0,9006.0,29707.0,324269.0,321763.0
2025-08-08 10:00:00,9006.0,9010.0,8990.0,9004.0,18187.0,321763.0,319980.0
2025-08-08 10:30:00,9004.0,9036.0,8990.0,9026.0,33949.0,319980.0,320675.0
2025-08-08 11:00:00,9026.0,9052.0,9020.0,9046.0,39127.0,320675.0,320734.0
2025-08-08 13:30:00,9032.0,9040.0,9014.0,9040.0,27292.0,320734.0,318451.0
2025-08-08 14:00:00,9040.0,9042.0,9004.0,9012.0,31448.0,318451.0,315191.0
2025-08-08 14:30:00,9012.0,9014.0,8974.0,8980.0,46357.0,315191.0,305714.0
2025-08-08 21:00:00,8976.0,8992.0,8948.0,8962.0,52554.0,305714.0,300196.0
2025-08-08 21:30:00,8962.0,8994.0,8960.0,8986.0,23046.0,300196.0,299411.0
2025-08-08 22:00:00,8986.0,9000.0,8952.0,8954.0,36802.0,299411.0,297946.0
2025-08-08 22:30:00,8954.0,8982.0,8952.0,8980.0,22027.0,297946.0,293149.0
2025-08-11 09:00:00,8950.0,8978.0,8912.0,8972.0,60353.0,293149.0,285502.0
2025-08-11 09:30:00,8972.0,8988.0,8968.0,8976.0,19634.0,285502.0,285688.0
2025-08-11 10:00:00,8976.0,8992.0,8976.0,8984.0,8829.0,285688.0,285107.0
2025-08-11 10:30:00,8986.0,9014.0,8968.0,9004.0,36298.0,285107.0,285882.0
2025-08-11 11:00:00,9004.0,9010.0,8992.0,8996.0,18421.0,285882.0,286823.0
2025-08-11 13:30:00,9020.0,9214.0,9018.0,9206.0,184605.0,286823.0,300573.0
2025-08-11 14:00:00,9206.0,9236.0,9200.0,9232.0,53546.0,300573.0,304265.0
2025-08-11 14:30:00,9232.0,9232.0,9206.0,9218.0,51259.0,304265.0,299985.0
2025-08-11 21:00:00,9244.0,9272.0,9224.0,9262.0,84951.0,299985.0,297893.0
2025-08-11 21:30:00,9262.0,9268.0,9246.0,9252.0,24426.0,297893.0,297698.0
2025-08-11 22:00:00,9252.0,9270.0,9232.0,9238.0,25615.0,297698.0,295817.0
2025-08-11 22:30:00,9238.0,9250.0,9236.0,9236.0,19586.0,295817.0,291504.0
2025-08-12 09:00:00,9246.0,9282.0,9226.0,9264.0,41638.0,291504.0,288910.0
2025-08-12 09:30:00,9264.0,9308.0,9262.0,9300.0,36466.0,288910.0,290534.0
2025-08-12 10:00:00,9300.0,9306.0,9264.0,9270.0,20184.0,290534.0,288724.0
2025-08-12 10:30:00,9270.0,9322.0,9266.0,9308.0,37381.0,288724.0,289355.0
2025-08-12 11:00:00,9308.0,9354.0,9308.0,9338.0,43851.0,289355.0,286130.0
2025-08-12 13:30:00,9350.0,9378.0,9334.0,9374.0,41520.0,286130.0,282444.0
2025-08-12 14:00:00,9374.0,9382.0,9356.0,9360.0,25856.0,282444.0,278577.0
2025-08-12 14:30:00,9360.0,9388.0,9358.0,9362.0,41556.0,278577.0,270663.0
2025-08-12 21:00:00,9378.0,9442.0,9366.0,9434.0,99229.0,270663.0,402714.0
2025-08-12 21:30:00,9434.0,9438.0,9418.0,9422.0,27432.0,402714.0,407177.0
2025-08-12 22:00:00,9422.0,9474.0,9422.0,9472.0,45492.0,407177.0,417700.0
2025-08-12 22:30:00,9472.0,9488.0,9468.0,9476.0,28329.0,417700.0,417415.0
2025-08-13 09:00:00,9500.0,9516.0,9458.0,9514.0,85105.0,417415.0,422981.0
2025-08-13 09:30:00,9514.0,9540.0,9492.0,9512.0,47157.0,422981.0,430401.0
2025-08-13 10:00:00,9512.0,9514.0,9466.0,9488.0,32869.0,430401.0,430506.0
2025-08-13 10:30:00,9490.0,9490.0,9452.0,9470.0,46653.0,430506.0,431380.0
2025-08-13 11:00:00,9470.0,9490.0,9468.0,9486.0,21368.0,431380.0,433204.0
2025-08-13 13:30:00,9504.0,9518.0,9494.0,9508.0,36993.0,433204.0,439578.0
2025-08-13 14:00:00,9508.0,9508.0,9480.0,9480.0,23447.0,439578.0,438176.0
2025-08-13 14:30:00,9480.0,9512.0,9478.0,9490.0,33305.0,438176.0,439312.0
2025-08-13 21:00:00,9478.0,9528.0,9470.0,9496.0,103938.0,439312.0,459765.0
2025-08-13 21:30:00,9496.0,9504.0,9462.0,9468.0,59787.0,459765.0,461450.0
2025-08-13 22:00:00,9468.0,9504.0,9468.0,9502.0,39135.0,461450.0,462021.0
2025-08-13 22:30:00,9502.0,9512.0,9480.0,9486.0,30140.0,462021.0,460745.0
2025-08-14 09:00:00,9498.0,9520.0,9488.0,9500.0,48231.0,460745.0,467583.0
2025-08-14 09:30:00,9500.0,9526.0,9500.0,9512.0,40091.0,467583.0,472527.0
2025-08-14 10:00:00,9512.0,9538.0,9508.0,9510.0,22834.0,472527.0,475652.0
2025-08-14 10:30:00,9514.0,9514.0,9392.0,9394.0,118379.0,475652.0,467517.0
2025-08-14 11:00:00,9394.0,9428.0,9386.0,9392.0,69126.0,467517.0,463806.0
2025-08-14 13:30:00,9394.0,9398.0,9366.0,9376.0,69826.0,463806.0,454139.0
2025-08-14 14:00:00,9376.0,9382.0,9350.0,9376.0,52782.0,454139.0,446880.0
2025-08-14 14:30:00,9376.0,9394.0,9362.0,9368.0,49439.0,446880.0,444903.0
2025-08-14 21:00:00,9376.0,9412.0,9376.0,9400.0,69852.0,444903.0,456750.0
2025-08-14 21:30:00,9400.0,9404.0,9372.0,9380.0,48446.0,456750.0,459433.0
2025-08-14 22:00:00,9380.0,9404.0,9372.0,9378.0,36938.0,459433.0,460794.0
2025-08-14 22:30:00,9378.0,9398.0,9374.0,9386.0,25147.0,460794.0,458337.0
2025-08-15 09:00:00,9384.0,9396.0,9338.0,9338.0,58312.0,458337.0,461589.0
2025-08-15 09:30:00,9338.0,9404.0,9338.0,9402.0,53724.0,461589.0,466568.0
2025-08-15 10:00:00,9402.0,9408.0,9386.0,9400.0,22171.0,466568.0,468701.0
2025-08-15 10:30:00,9402.0,9416.0,9378.0,9384.0,43188.0,468701.0,469483.0
2025-08-15 11:00:00,9384.0,9402.0,9368.0,9396.0,32164.0,469483.0,469978.0
2025-08-15 13:30:00,9396.0,9484.0,9380.0,9450.0,99819.0,469978.0,477240.0
2025-08-15 14:00:00,9450.0,9460.0,9432.0,9456.0,47483.0,477240.0,480065.0
2025-08-15 14:30:00,9456.0,9478.0,9448.0,9460.0,55480.0,480065.0,480835.0
2025-08-15 21:00:00,9522.0,9600.0,9520.0,9582.0,160828.0,480835.0,502884.0
2025-08-15 21:30:00,9582.0,9610.0,9580.0,9600.0,71493.0,502884.0,514659.0
2025-08-15 22:00:00,9600.0,9640.0,9600.0,9638.0,73239.0,514659.0,527078.0
2025-08-15 22:30:00,9638.0,9660.0,9630.0,9658.0,71699.0,527078.0,524403.0
2025-08-18 09:00:00,9648.0,9656.0,9584.0,9640.0,116798.0,524403.0,515588.0
2025-08-18 09:30:00,9640.0,9672.0,9628.0,9654.0,52939.0,515588.0,518529.0
2025-08-18 10:00:00,9654.0,9658.0,9628.0,9634.0,25674.0,518529.0,517510.0
2025-08-18 10:30:00,9634.0,9656.0,9610.0,9624.0,53471.0,517510.0,518824.0
2025-08-18 11:00:00,9624.0,9626.0,9576.0,9594.0,62666.0,518824.0,511055.0
2025-08-18 13:30:00,9590.0,9610.0,9588.0,9602.0,32514.0,511055.0,513033.0
2025-08-18 14:00:00,9602.0,9612.0,9570.0,9602.0,61311.0,513033.0,509197.0
2025-08-18 14:30:00,9602.0,9608.0,9574.0,9584.0,50362.0,509197.0,504979.0
2025-08-18 21:00:00,9604.0,9640.0,9600.0,9612.0,76128.0,504979.0,512255.0
2025-08-18 21:30:00,9612.0,9638.0,9610.0,9626.0,44013.0,512255.0,516417.0
2025-08-18 22:00:00,9626.0,9628.0,9606.0,9606.0,30630.0,516417.0,513079.0
2025-08-18 22:30:00,9606.0,9628.0,9602.0,9620.0,36266.0,513079.0,511563.0
2025-08-19 09:00:00,9620.0,9660.0,9594.0,9648.0,89453.0,511563.0,524825.0
2025-08-19 09:30:00,9648.0,9704.0,9648.0,9700.0,99921.0,524825.0,539374.0
2025-08-19 10:00:00,9700.0,9712.0,9680.0,9706.0,40886.0,539374.0,543465.0
2025-08-19 10:30:00,9704.0,9736.0,9676.0,9692.0,101068.0,543465.0,542036.0
2025-08-19 11:00:00,9692.0,9734.0,9692.0,9718.0,49943.0,542036.0,547431.0
2025-08-19 13:30:00,9716.0,9728.0,9632.0,9644.0,108514.0,547431.0,531570.0
2025-08-19 14:00:00,9644.0,9668.0,9640.0,9652.0,43338.0,531570.0,531653.0
2025-08-19 14:30:00,9652.0,9664.0,9624.0,9640.0,64905.0,531653.0,525990.0
2025-08-19 21:00:00,9580.0,9594.0,9528.0,9528.0,157481.0,525990.0,519613.0
2025-08-19 21:30:00,9528.0,9532.0,9490.0,9512.0,112298.0,519613.0,505485.0
2025-08-19 22:00:00,9512.0,9526.0,9502.0,9510.0,44986.0,505485.0,504048.0
2025-08-19 22:30:00,9510.0,9512.0,9480.0,9486.0,54818.0,504048.0,495281.0
2025-08-20 09:00:00,9482.0,9518.0,9466.0,9472.0,71011.0,495281.0,493883.0
2025-08-20 09:30:00,9472.0,9494.0,9464.0,9470.0,39279.0,493883.0,492297.0
2025-08-20 10:00:00,9470.0,9494.0,9456.0,9470.0,32523.0,492297.0,490053.0
2025-08-20 10:30:00,9470.0,9504.0,9466.0,9480.0,56104.0,490053.0,489927.0
2025-08-20 11:00:00,9480.0,9502.0,9480.0,9494.0,25895.0,489927.0,490583.0
2025-08-20 13:30:00,9494.0,9554.0,9492.0,9548.0,87707.0,490583.0,495505.0
2025-08-20 14:00:00,9548.0,9552.0,9526.0,9530.0,47281.0,495505.0,495431.0
2025-08-20 14:30:00,9530.0,9562.0,9522.0,9554.0,58771.0,495431.0,497896.0
2025-08-20 21:00:00,9548.0,9556.0,9522.0,9532.0,77781.0,497896.0,505816.0
2025-08-20 21:30:00,9532.0,9564.0,9526.0,9556.0,52301.0,505816.0,511256.0
2025-08-20 22:00:00,9556.0,9578.0,9536.0,9562.0,49725.0,511256.0,511495.0
2025-08-20 22:30:00,9562.0,9578.0,9556.0,9560.0,37162.0,511495.0,510074.0
2025-08-21 09:00:00,9566.0,9632.0,9558.0,9614.0,90125.0,510074.0,517706.0
2025-08-21 09:30:00,9614.0,9636.0,9598.0,9604.0,51863.0,517706.0,523162.0
2025-08-21 10:00:00,9604.0,9620.0,9596.0,9602.0,17886.0,523162.0,523680.0
2025-08-21 10:30:00,9604.0,9620.0,9576.0,9582.0,64105.0,523680.0,524843.0
2025-08-21 11:00:00,9582.0,9592.0,9520.0,9548.0,91846.0,524843.0,519083.0
2025-08-21 13:30:00,9518.0,9520.0,9482.0,9490.0,86424.0,519083.0,516506.0
2025-08-21 14:00:00,9490.0,9524.0,9488.0,9506.0,57544.0,516506.0,516965.0
2025-08-21 14:30:00,9506.0,9506.0,9480.0,9500.0,50500.0,516965.0,513963.0
2025-08-21 21:00:00,9502.0,9516.0,9462.0,9482.0,86431.0,513963.0,522268.0
2025-08-21 21:30:00,9482.0,9528.0,9482.0,9524.0,63608.0,522268.0,522681.0
2025-08-21 22:00:00,9524.0,9564.0,9522.0,9564.0,78289.0,522681.0,527640.0
2025-08-21 22:30:00,9564.0,9598.0,9560.0,9596.0,92614.0,527640.0,526954.0
2025-08-22 09:00:00,9600.0,9602.0,9558.0,9570.0,79837.0,526954.0,524371.0
2025-08-22 09:30:00,9570.0,9582.0,9560.0,9572.0,31477.0,524371.0,525789.0
2025-08-22 10:00:00,9572.0,9588.0,9560.0,9568.0,21013.0,525789.0,525507.0
2025-08-22 10:30:00,9570.0,9584.0,9542.0,9544.0,68431.0,525507.0,524457.0
2025-08-22 11:00:00,9544.0,9556.0,9522.0,9526.0,63314.0,524457.0,518438.0
2025-08-22 13:30:00,9538.0,9544.0,9518.0,9530.0,43893.0,518438.0,516458.0
2025-08-22 14:00:00,9530.0,9538.0,9520.0,9530.0,28509.0,516458.0,514120.0
2025-08-22 14:30:00,9530.0,9608.0,9528.0,9592.0,96558.0,514120.0,519477.0
2025-08-22 21:00:00,9612.0,9622.0,9586.0,9596.0,71761.0,519477.0,525873.0
2025-08-22 21:30:00,9596.0,9598.0,9544.0,9550.0,57879.0,525873.0,521104.0
2025-08-22 22:00:00,9550.0,9578.0,9548.0,9566.0,46089.0,521104.0,519417.0
2025-08-22 22:30:00,9566.0,9588.0,9556.0,9570.0,43107.0,519417.0,515338.0
2025-08-25 09:00:00,9628.0,9686.0,9626.0,9634.0,146861.0,515338.0,526011.0
2025-08-25 09:30:00,9634.0,9652.0,9626.0,9642.0,37829.0,526011.0,528895.0
2025-08-25 10:00:00,9642.0,9684.0,9638.0,9674.0,39248.0,528895.0,533548.0
2025-08-25 10:30:00,9676.0,9688.0,9592.0,9598.0,86366.0,533548.0,530786.0
2025-08-25 11:00:00,9598.0,9642.0,9580.0,9610.0,72749.0,530786.0,528694.0
2025-08-25 13:30:00,9594.0,9602.0,9582.0,9592.0,42541.0,528694.0,526317.0
2025-08-25 14:00:00,9592.0,9620.0,9590.0,9618.0,29521.0,526317.0,527164.0
2025-08-25 14:30:00,9618.0,9620.0,9580.0,9582.0,44440.0,527164.0,522517.0
2025-08-25 21:00:00,9606.0,9618.0,9574.0,9596.0,87581.0,522517.0,533287.0
2025-08-25 21:30:00,9596.0,9604.0,9574.0,9578.0,48645.0,533287.0,536187.0
2025-08-25 22:00:00,9578.0,9580.0,9552.0,9568.0,63694.0,536187.0,534271.0
2025-08-25 22:30:00,9568.0,9576.0,9532.0,9542.0,40140.0,534271.0,528322.0
2025-08-26 09:00:00,9520.0,9534.0,9494.0,9528.0,86503.0,528322.0,529889.0
2025-08-26 09:30:00,9528.0,9548.0,9520.0,9538.0,38756.0,529889.0,531726.0
2025-08-26 10:00:00,9538.0,9548.0,9538.0,9540.0,10395.0,531726.0,532070.0
2025-08-26 10:30:00,9540.0,9550.0,9506.0,9538.0,56528.0,532070.0,530915.0
2025-08-26 11:00:00,9538.0,9560.0,9500.0,9522.0,66270.0,530915.0,529286.0
2025-08-26 13:30:00,9520.0,9532.0,9514.0,9524.0,26467.0,529286.0,528224.0
2025-08-26 14:00:00,9524.0,9532.0,9486.0,9504.0,57336.0,528224.0,527841.0
2025-08-26 14:30:00,9504.0,9536.0,9494.0,9500.0,53264.0,527841.0,522571.0
2025-08-26 21:00:00,9464.0,9522.0,9454.0,9520.0,89168.0,522571.0,525788.0
2025-08-26 21:30:00,9520.0,9526.0,9500.0,9518.0,46153.0,525788.0,528482.0
2025-08-26 22:00:00,9518.0,9532.0,9506.0,9506.0,43560.0,528482.0,528121.0
2025-08-26 22:30:00,9506.0,9510.0,9456.0,9488.0,85326.0,528121.0,521729.0
2025-08-27 09:00:00,9498.0,9572.0,9498.0,9558.0,108080.0,521729.0,533355.0
2025-08-27 09:30:00,9558.0,9568.0,9524.0,9524.0,47767.0,533355.0,529923.0
2025-08-27 10:00:00,9524.0,9546.0,9520.0,9534.0,17278.0,529923.0,528880.0
2025-08-27 10:30:00,9534.0,9544.0,9522.0,9528.0,35816.0,528880.0,531387.0
2025-08-27 11:00:00,9528.0,9558.0,9520.0,9548.0,42752.0,531387.0,531518.0
2025-08-27 13:30:00,9558.0,9564.0,9508.0,9514.0,49650.0,531518.0,530211.0
2025-08-27 14:00:00,9514.0,9550.0,9504.0,9518.0,48909.0,530211.0,527934.0
2025-08-27 14:30:00,9518.0,9546.0,9486.0,9500.0,69493.0,527934.0,520809.0
2025-08-27 21:00:00,9516.0,9522.0,9488.0,9498.0,63276.0,520809.0,524907.0
2025-08-27 21:30:00,9498.0,9532.0,9480.0,9520.0,67877.0,524907.0,528845.0
2025-08-27 22:00:00,9520.0,9540.0,9512.0,9516.0,51688.0,528845.0,532482.0
2025-08-27 22:30:00,9516.0,9534.0,9506.0,9518.0,39616.0,532482.0,526919.0
2025-08-28 09:00:00,9514.0,9516.0,9458.0,9492.0,97953.0,526919.0,525161.0
2025-08-28 09:30:00,9492.0,9534.0,9488.0,9496.0,86095.0,525161.0,527591.0
2025-08-28 10:00:00,9496.0,9514.0,9492.0,9506.0,17420.0,527591.0,526165.0
2025-08-28 10:30:00,9506.0,9530.0,9456.0,9476.0,78042.0,526165.0,522992.0
2025-08-28 11:00:00,9476.0,9476.0,9432.0,9442.0,119376.0,522992.0,513998.0
2025-08-28 13:30:00,9442.0,9444.0,9404.0,9418.0,95603.0,513998.0,512369.0
2025-08-28 14:00:00,9418.0,9456.0,9418.0,9444.0,57038.0,512369.0,507152.0
2025-08-28 14:30:00,9444.0,9452.0,9408.0,9414.0,58750.0,507152.0,504743.0
2025-08-28 21:00:00,9440.0,9446.0,9370.0,9374.0,106872.0,504743.0,515680.0
2025-08-28 21:30:00,9374.0,9382.0,9364.0,9374.0,61741.0,515680.0,513115.0
2025-08-28 22:00:00,9374.0,9376.0,9360.0,9364.0,37538.0,513115.0,512822.0
2025-08-28 22:30:00,9364.0,9378.0,9348.0,9354.0,44948.0,512822.0,502679.0
2025-08-29 09:00:00,9358.0,9396.0,9348.0,9386.0,80412.0,502679.0,505359.0
2025-08-29 09:30:00,9386.0,9390.0,9356.0,9364.0,39357.0,505359.0,506053.0
2025-08-29 10:00:00,9364.0,9372.0,9356.0,9364.0,12632.0,506053.0,505826.0
2025-08-29 10:30:00,9366.0,9386.0,9360.0,9360.0,41196.0,505826.0,503800.0
2025-08-29 11:00:00,9360.0,9380.0,9276.0,9284.0,142405.0,503800.0,497381.0
2025-08-29 13:30:00,9286.0,9322.0,9284.0,9316.0,66758.0,497381.0,490347.0
2025-08-29 14:00:00,9316.0,9320.0,9298.0,9308.0,38722.0,490347.0,487375.0
2025-08-29 14:30:00,9308.0,9316.0,9292.0,9316.0,60607.0,487375.0,478726.0
2025-08-29 21:00:00,9298.0,9300.0,9258.0,9262.0,79234.0,478726.0,481480.0
2025-08-29 21:30:00,9262.0,9274.0,9250.0,9258.0,41781.0,481480.0,479816.0
2025-08-29 22:00:00,9258.0,9268.0,9240.0,9260.0,42870.0,479816.0,476082.0
2025-08-29 22:30:00,9260.0,9296.0,9260.0,9290.0,50267.0,476082.0,468022.0
2025-09-01 09:00:00,9298.0,9386.0,9298.0,9360.0,150147.0,468022.0,468529.0
2025-09-01 09:30:00,9360.0,9368.0,9322.0,9322.0,39988.0,468529.0,469677.0
2025-09-01 10:00:00,9322.0,9340.0,9312.0,9322.0,24789.0,469677.0,470318.0
2025-09-01 10:30:00,9322.0,9338.0,9306.0,9332.0,31284.0,470318.0,470742.0
2025-09-01 11:00:00,9332.0,9382.0,9330.0,9368.0,62953.0,470742.0,468954.0
2025-09-01 13:30:00,9368.0,9376.0,9342.0,9342.0,40256.0,468954.0,468919.0
2025-09-01 14:00:00,9342.0,9380.0,9324.0,9374.0,55059.0,468919.0,467405.0
2025-09-01 14:30:00,9374.0,9392.0,9358.0,9384.0,51278.0,467405.0,462237.0
2025-09-01 21:00:00,9390.0,9474.0,9378.0,9462.0,165211.0,462237.0,471663.0
2025-09-01 21:30:00,9462.0,9508.0,9460.0,9480.0,87237.0,471663.0,474547.0
2025-09-01 22:00:00,9480.0,9490.0,9458.0,9488.0,56882.0,474547.0,471653.0
2025-09-01 22:30:00,9488.0,9494.0,9476.0,9482.0,39343.0,471653.0,470087.0
2025-09-02 09:00:00,9476.0,9478.0,9436.0,9456.0,74260.0,470087.0,463317.0
2025-09-02 09:30:00,9456.0,9468.0,9422.0,9428.0,45015.0,463317.0,462337.0
2025-09-02 10:00:00,9428.0,9430.0,9390.0,9392.0,40192.0,462337.0,458267.0
2025-09-02 10:30:00,9392.0,9440.0,9384.0,9422.0,79965.0,458267.0,456121.0
2025-09-02 11:00:00,9422.0,9454.0,9418.0,9438.0,47769.0,456121.0,453377.0
2025-09-02 13:30:00,9422.0,9434.0,9410.0,9416.0,32752.0,453377.0,453880.0
2025-09-02 14:00:00,9416.0,9434.0,9404.0,9406.0,30191.0,453880.0,453625.0
2025-09-02 14:30:00,9406.0,9422.0,9392.0,9422.0,46882.0,453625.0,449555.0
2025-09-02 21:00:00,9420.0,9428.0,9390.0,9398.0,72063.0,449555.0,453772.0
2025-09-02 21:30:00,9398.0,9412.0,9372.0,9408.0,74436.0,453772.0,455172.0
2025-09-02 22:00:00,9408.0,9418.0,9386.0,9392.0,41433.0,455172.0,454663.0
2025-09-02 22:30:00,9392.0,9482.0,9390.0,9482.0,95922.0,454663.0,454598.0
2025-09-03 09:00:00,9488.0,9498.0,9438.0,9450.0,57407.0,454598.0,455959.0
2025-09-03 09:30:00,9450.0,9464.0,9432.0,9438.0,33908.0,455959.0,456437.0
2025-09-03 10:00:00,9438.0,9456.0,9436.0,9446.0,13426.0,456437.0,456307.0
2025-09-03 10:30:00,9448.0,9472.0,9424.0,9424.0,74760.0,456307.0,456663.0
2025-09-03 11:00:00,9424.0,9428.0,9344.0,9358.0,114426.0,456663.0,451848.0
2025-09-03 13:30:00,9360.0,9396.0,9348.0,9390.0,66528.0,451848.0,448258.0
2025-09-03 14:00:00,9390.0,9402.0,9372.0,9386.0,44620.0,448258.0,448535.0
2025-09-03 14:30:00,9386.0,9398.0,9362.0,9368.0,50122.0,448535.0,444058.0
2025-09-03 21:00:00,9364.0,9368.0,9312.0,9334.0,94938.0,444058.0,443846.0
2025-09-03 21:30:00,9334.0,9348.0,9322.0,9328.0,52075.0,443846.0,443760.0
2025-09-03 22:00:00,9328.0,9354.0,9320.0,9342.0,40897.0,443760.0,443636.0
2025-09-03 22:30:00,9342.0,9380.0,9334.0,9340.0,59518.0,443636.0,440430.0
2025-09-04 09:00:00,9328.0,9368.0,9322.0,9346.0,59595.0,440430.0,441553.0
2025-09-04 09:30:00,9346.0,9370.0,9338.0,9362.0,42176.0,441553.0,440917.0
2025-09-04 10:00:00,9362.0,9376.0,9356.0,9376.0,19880.0,440917.0,441778.0
2025-09-04 10:30:00,9376.0,9426.0,9374.0,9408.0,92356.0,441778.0,446944.0
2025-09-04 11:00:00,9408.0,9446.0,9388.0,9438.0,79417.0,446944.0,449682.0
2025-09-04 13:30:00,9440.0,9450.0,9420.0,9442.0,50190.0,449682.0,456187.0
2025-09-04 14:00:00,9442.0,9450.0,9404.0,9414.0,56597.0,456187.0,455881.0
2025-09-04 14:30:00,9414.0,9420.0,9380.0,9390.0,68309.0,455881.0,445523.0
2025-09-04 21:00:00,9382.0,9408.0,9358.0,9400.0,76321.0,445523.0,447715.0
2025-09-04 21:30:00,9400.0,9400.0,9372.0,9382.0,46913.0,447715.0,446969.0
2025-09-04 22:00:00,9382.0,9406.0,9366.0,9396.0,46236.0,446969.0,447573.0
2025-09-04 22:30:00,9396.0,9408.0,9378.0,9402.0,37532.0,447573.0,446141.0
2025-09-05 09:00:00,9412.0,9430.0,9396.0,9416.0,52959.0,446141.0,447358.0
2025-09-05 09:30:00,9416.0,9442.0,9408.0,9436.0,36578.0,447358.0,450384.0
2025-09-05 10:00:00,9436.0,9444.0,9422.0,9430.0,19956.0,450384.0,451403.0
2025-09-05 10:30:00,9432.0,9506.0,9430.0,9502.0,117769.0,451403.0,472976.0
2025-09-05 11:00:00,9502.0,9540.0,9486.0,9534.0,81049.0,472976.0,479068.0
2025-09-05 13:30:00,9530.0,9554.0,9510.0,9510.0,85467.0,479068.0,483124.0
2025-09-05 14:00:00,9510.0,9532.0,9510.0,9526.0,40203.0,483124.0,482091.0
2025-09-05 14:30:00,9526.0,9538.0,9512.0,9526.0,46748.0,482091.0,475615.0
2025-09-05 21:00:00,9512.0,9514.0,9486.0,9498.0,65576.0,475615.0,475128.0
2025-09-05 21:30:00,9498.0,9498.0,9458.0,9468.0,55491.0,475128.0,469236.0
2025-09-05 22:00:00,9468.0,9470.0,9436.0,9436.0,55183.0,469236.0,465166.0
2025-09-05 22:30:00,9436.0,9450.0,9408.0,9440.0,57972.0,465166.0,454402.0
2025-09-08 09:00:00,9432.0,9446.0,9414.0,9420.0,61538.0,454402.0,452910.0
2025-09-08 09:30:00,9420.0,9452.0,9412.0,9436.0,32196.0,452910.0,452066.0
2025-09-08 10:00:00,9436.0,9446.0,9422.0,9428.0,14844.0,452066.0,451785.0
2025-09-08 10:30:00,9426.0,9438.0,9380.0,9406.0,93577.0,451785.0,444327.0
2025-09-08 11:00:00,9406.0,9424.0,9390.0,9418.0,39445.0,444327.0,443506.0
2025-09-08 13:30:00,9416.0,9428.0,9412.0,9420.0,29427.0,443506.0,442802.0
2025-09-08 14:00:00,9420.0,9426.0,9392.0,9408.0,27428.0,442802.0,443845.0
2025-09-08 14:30:00,9408.0,9474.0,9402.0,9466.0,73174.0,443845.0,443215.0
2025-09-08 21:00:00,9476.0,9500.0,9454.0,9468.0,82722.0,443215.0,447912.0
2025-09-08 21:30:00,9468.0,9478.0,9434.0,9440.0,49873.0,447912.0,446641.0
2025-09-08 22:00:00,9440.0,9450.0,9428.0,9448.0,28141.0,446641.0,446324.0
2025-09-08 22:30:00,9448.0,9466.0,9438.0,9440.0,35520.0,446324.0,443806.0
2025-09-09 09:00:00,9458.0,9488.0,9452.0,9470.0,66367.0,443806.0,445700.0
2025-09-09 09:30:00,9470.0,9494.0,9464.0,9494.0,42142.0,445700.0,450459.0
2025-09-09 10:00:00,9494.0,9494.0,9466.0,9476.0,20535.0,450459.0,448728.0
2025-09-09 10:30:00,9476.0,9506.0,9448.0,9448.0,66322.0,448728.0,448820.0
2025-09-09 11:00:00,9448.0,9462.0,9430.0,9456.0,43777.0,448820.0,444836.0
2025-09-09 13:30:00,9466.0,9502.0,9466.0,9478.0,72611.0,444836.0,456426.0
2025-09-09 14:00:00,9478.0,9492.0,9468.0,9476.0,30149.0,456426.0,454392.0
2025-09-09 14:30:00,9476.0,9498.0,9472.0,9486.0,40870.0,454392.0,451516.0
2025-09-09 21:00:00,9470.0,9472.0,9388.0,9400.0,146711.0,451516.0,454317.0
2025-09-09 21:30:00,9400.0,9422.0,9384.0,9390.0,63110.0,454317.0,455257.0
2025-09-09 22:00:00,9390.0,9406.0,9374.0,9392.0,45883.0,455257.0,451605.0
2025-09-09 22:30:00,9392.0,9392.0,9362.0,9378.0,41394.0,451605.0,445856.0
2025-09-10 09:00:00,9358.0,9376.0,9260.0,9266.0,171656.0,445856.0,458899.0
2025-09-10 09:30:00,9266.0,9320.0,9256.0,9308.0,102356.0,458899.0,454429.0
2025-09-10 10:00:00,9308.0,9318.0,9304.0,9316.0,15806.0,454429.0,452216.0
2025-09-10 10:30:00,9314.0,9340.0,9286.0,9290.0,69234.0,452216.0,453511.0
2025-09-10 11:00:00,9290.0,9334.0,9286.0,9330.0,42063.0,453511.0,448966.0
2025-09-10 13:30:00,9336.0,9356.0,9324.0,9330.0,50483.0,448966.0,446292.0
2025-09-10 14:00:00,9330.0,9334.0,9316.0,9318.0,26085.0,446292.0,445294.0
2025-09-10 14:30:00,9318.0,9326.0,9244.0,9244.0,84928.0,445294.0,444900.0
2025-09-10 21:00:00,9284.0,9292.0,9262.0,9268.0,100914.0,444900.0,451334.0
2025-09-10 21:30:00,9268.0,9292.0,9264.0,9276.0,42306.0,451334.0,452438.0
2025-09-10 22:00:00,9276.0,9290.0,9272.0,9284.0,36245.0,452438.0,454004.0
2025-09-10 22:30:00,9284.0,9306.0,9270.0,9302.0,46597.0,454004.0,447563.0
2025-09-11 09:00:00,9320.0,9330.0,9224.0,9248.0,114236.0,447563.0,451806.0
2025-09-11 09:30:00,9248.0,9258.0,9208.0,9232.0,85665.0,451806.0,453534.0
2025-09-11 10:00:00,9232.0,9244.0,9224.0,9234.0,23007.0,453534.0,452355.0
2025-09-11 10:30:00,9234.0,9272.0,9228.0,9270.0,62348.0,452355.0,450218.0
2025-09-11 11:00:00,9270.0,9302.0,9266.0,9284.0,64166.0,450218.0,447443.0
2025-09-11 13:30:00,9290.0,9316.0,9286.0,9312.0,50254.0,447443.0,449051.0
2025-09-11 14:00:00,9312.0,9318.0,9302.0,9316.0,36507.0,449051.0,446439.0
2025-09-11 14:30:00,9316.0,9334.0,9310.0,9330.0,57069.0,446439.0,438697.0
2025-09-11 21:00:00,9316.0,9338.0,9296.0,9324.0,89939.0,438697.0,448236.0
2025-09-11 21:30:00,9324.0,9362.0,9316.0,9360.0,65817.0,448236.0,447420.0
2025-09-11 22:00:00,9360.0,9370.0,9336.0,9340.0,46853.0,447420.0,447700.0
2025-09-11 22:30:00,9340.0,9356.0,9336.0,9348.0,31722.0,447700.0,442034.0
2025-09-12 09:00:00,9366.0,9416.0,9358.0,9410.0,104436.0,442034.0,452526.0
2025-09-12 09:30:00,9410.0,9426.0,9390.0,9392.0,67651.0,452526.0,453459.0
2025-09-12 10:00:00,9392.0,9404.0,9390.0,9398.0,15352.0,453459.0,452954.0
2025-09-12 10:30:00,9396.0,9402.0,9372.0,9372.0,40863.0,452954.0,451922.0
2025-09-12 11:00:00,9372.0,9380.0,9332.0,9338.0,76121.0,451922.0,443686.0
2025-09-12 13:30:00,9332.0,9342.0,9286.0,9288.0,85624.0,443686.0,440300.0
2025-09-12 14:00:00,9288.0,9306.0,9270.0,9270.0,68938.0,440300.0,438881.0
2025-09-12 14:30:00,9270.0,9298.0,9268.0,9296.0,72004.0,438881.0,428331.0
2025-09-12 21:00:00,9338.0,9368.0,9318.0,9328.0,94447.0,428331.0,427116.0
2025-09-12 21:30:00,9328.0,9346.0,9322.0,9344.0,38058.0,427116.0,426040.0
2025-09-12 22:00:00,9344.0,9376.0,9342.0,9362.0,45943.0,426040.0,426236.0
2025-09-12 22:30:00,9362.0,9366.0,9336.0,9336.0,41114.0,426236.0,421611.0
2025-09-15 09:00:00,9352.0,9380.0,9340.0,9342.0,69599.0,421611.0,424778.0
2025-09-15 09:30:00,9342.0,9386.0,9342.0,9378.0,50969.0,424778.0,428190.0
2025-09-15 10:00:00,9378.0,9380.0,9366.0,9366.0,16803.0,428190.0,428214.0
2025-09-15 10:30:00,9366.0,9400.0,9364.0,9392.0,42497.0,428214.0,432438.0
2025-09-15 11:00:00,9392.0,9396.0,9374.0,9380.0,32161.0,432438.0,430870.0
2025-09-15 13:30:00,9386.0,9410.0,9364.0,9408.0,51241.0,430870.0,434517.0
2025-09-15 14:00:00,9408.0,9412.0,9394.0,9406.0,30180.0,434517.0,436237.0
2025-09-15 14:30:00,9406.0,9442.0,9402.0,9422.0,70269.0,436237.0,433353.0
2025-09-15 21:00:00,9442.0,9506.0,9430.0,9496.0,105803.0,433353.0,449150.0
2025-09-15 21:30:00,9496.0,9500.0,9466.0,9466.0,51183.0,449150.0,447126.0
2025-09-15 22:00:00,9466.0,9476.0,9456.0,9464.0,31960.0,447126.0,445809.0
2025-09-15 22:30:00,9464.0,9478.0,9452.0,9476.0,32771.0,445809.0,441535.0
2025-09-16 09:00:00,9482.0,9528.0,9482.0,9490.0,104511.0,441535.0,446046.0
2025-09-16 09:30:00,9490.0,9502.0,9482.0,9498.0,31349.0,446046.0,447272.0
2025-09-16 10:00:00,9498.0,9502.0,9462.0,9466.0,25608.0,447272.0,446247.0
2025-09-16 10:30:00,9466.0,9474.0,9444.0,9462.0,47065.0,446247.0,444717.0
2025-09-16 11:00:00,9462.0,9496.0,9462.0,9490.0,38539.0,444717.0,448025.0
2025-09-16 13:30:00,9490.0,9510.0,9482.0,9504.0,37599.0,448025.0,454357.0
2025-09-16 14:00:00,9504.0,9514.0,9496.0,9508.0,34291.0,454357.0,459248.0
2025-09-16 14:30:00,9508.0,9516.0,9474.0,9482.0,50997.0,459248.0,451725.0
2025-09-16 21:00:00,9534.0,9546.0,9512.0,9526.0,90746.0,451725.0,457935.0
2025-09-16 21:30:00,9526.0,9544.0,9508.0,9516.0,58679.0,457935.0,460490.0
2025-09-16 22:00:00,9516.0,9528.0,9510.0,9512.0,32839.0,460490.0,462873.0
2025-09-16 22:30:00,9512.0,9528.0,9502.0,9524.0,33809.0,462873.0,457580.0
2025-09-17 09:00:00,9532.0,9570.0,9528.0,9544.0,96464.0,457580.0,467834.0
2025-09-17 09:30:00,9544.0,9548.0,9514.0,9520.0,42943.0,467834.0,465472.0
2025-09-17 10:00:00,9520.0,9528.0,9512.0,9516.0,14564.0,465472.0,465699.0
2025-09-17 10:30:00,9516.0,9516.0,9482.0,9498.0,74248.0,465699.0,462637.0
2025-09-17 11:00:00,9498.0,9498.0,9450.0,9464.0,62482.0,462637.0,455551.0
2025-09-17 13:30:00,9444.0,9448.0,9412.0,9424.0,89801.0,455551.0,444245.0
2025-09-17 14:00:00,9424.0,9430.0,9416.0,9420.0,35105.0,444245.0,442456.0
2025-09-17 14:30:00,9420.0,9434.0,9408.0,9424.0,48952.0,442456.0,436003.0
2025-09-17 21:00:00,9410.0,9428.0,9402.0,9404.0,70876.0,436003.0,440479.0
2025-09-17 21:30:00,9404.0,9414.0,9388.0,9404.0,55203.0,440479.0,441782.0
2025-09-17 22:00:00,9404.0,9412.0,9376.0,9382.0,38495.0,441782.0,440278.0
2025-09-17 22:30:00,9382.0,9392.0,9358.0,9388.0,58925.0,440278.0,431117.0
2025-09-18 09:00:00,9358.0,9368.0,9328.0,9334.0,87741.0,431117.0,427379.0
2025-09-18 09:30:00,9334.0,9340.0,9320.0,9334.0,42258.0,427379.0,426452.0
2025-09-18 10:00:00,9334.0,9334.0,9318.0,9328.0,21158.0,426452.0,427702.0
2025-09-18 10:30:00,9328.0,9334.0,9288.0,9290.0,74840.0,427702.0,434815.0
2025-09-18 11:00:00,9290.0,9324.0,9286.0,9312.0,56713.0,434815.0,429683.0
2025-09-18 13:30:00,9310.0,9312.0,9294.0,9300.0,35182.0,429683.0,430527.0
2025-09-18 14:00:00,9300.0,9306.0,9288.0,9294.0,32093.0,430527.0,429955.0
2025-09-18 14:30:00,9294.0,9312.0,9280.0,9304.0,54265.0,429955.0,423179.0
2025-09-18 21:00:00,9318.0,9340.0,9308.0,9330.0,66135.0,423179.0,427088.0
2025-09-18 21:30:00,9330.0,9344.0,9320.0,9342.0,41950.0,427088.0,428305.0
2025-09-18 22:00:00,9342.0,9362.0,9338.0,9342.0,53825.0,428305.0,426475.0
2025-09-18 22:30:00,9342.0,9354.0,9338.0,9342.0,26199.0,426475.0,424928.0
2025-09-19 09:00:00,9330.0,9380.0,9326.0,9376.0,62236.0,424928.0,426342.0
2025-09-19 09:30:00,9376.0,9380.0,9334.0,9334.0,47351.0,426342.0,423591.0
2025-09-19 10:00:00,9334.0,9366.0,9332.0,9354.0,24034.0,423591.0,423972.0
2025-09-19 10:30:00,9354.0,9378.0,9336.0,9348.0,55117.0,423972.0,423874.0
2025-09-19 11:00:00,9348.0,9370.0,9346.0,9352.0,39262.0,423874.0,417649.0
2025-09-19 13:30:00,9348.0,9348.0,9306.0,9326.0,66236.0,417649.0,418860.0
2025-09-19 14:00:00,9326.0,9336.0,9316.0,9326.0,28909.0,418860.0,415848.0
2025-09-19 14:30:00,9326.0,9332.0,9308.0,9316.0,43403.0,415848.0,411814.0
2025-09-19 21:00:00,9322.0,9336.0,9286.0,9300.0,64207.0,411814.0,414178.0
2025-09-19 21:30:00,9300.0,9318.0,9298.0,9304.0,31068.0,414178.0,413700.0
2025-09-19 22:00:00,9304.0,9324.0,9296.0,9324.0,27014.0,413700.0,412120.0
2025-09-19 22:30:00,9324.0,9330.0,9288.0,9306.0,47155.0,412120.0,405774.0
2025-09-22 09:00:00,9284.0,9308.0,9252.0,9306.0,94937.0,405774.0,409280.0
2025-09-22 09:30:00,9306.0,9318.0,9284.0,9316.0,41044.0,409280.0,408647.0
2025-09-22 10:00:00,9316.0,9328.0,9312.0,9326.0,21536.0,408647.0,409275.0
2025-09-22 10:30:00,9326.0,9350.0,9318.0,9338.0,54213.0,409275.0,409963.0
2025-09-22 11:00:00,9338.0,9360.0,9330.0,9356.0,44398.0,409963.0,407667.0
2025-09-22 13:30:00,9358.0,9376.0,9356.0,9368.0,39919.0,407667.0,409592.0
2025-09-22 14:00:00,9368.0,9400.0,9366.0,9394.0,50845.0,409592.0,408691.0
2025-09-22 14:30:00,9394.0,9398.0,9356.0,9360.0,45371.0,408691.0,403883.0
2025-09-22 21:00:00,9282.0,9294.0,9180.0,9182.0,211980.0,403883.0,411617.0
2025-09-22 21:30:00,9182.0,9190.0,9160.0,9188.0,85858.0,411617.0,412999.0
2025-09-22 22:00:00,9188.0,9190.0,9154.0,9160.0,39511.0,412999.0,412919.0
2025-09-22 22:30:00,9160.0,9176.0,9152.0,9152.0,42842.0,412919.0,408285.0
2025-09-23 09:00:00,9148.0,9148.0,9020.0,9026.0,207297.0,408285.0,408773.0
2025-09-23 09:30:00,9026.0,9034.0,8966.0,8970.0,100080.0,408773.0,411116.0
2025-09-23 10:00:00,8970.0,8976.0,8946.0,8964.0,48952.0,411116.0,412294.0
2025-09-23 10:30:00,8966.0,9000.0,8962.0,8996.0,80919.0,412294.0,408658.0
2025-09-23 11:00:00,8996.0,9002.0,8956.0,8964.0,41521.0,408658.0,406253.0
2025-09-23 13:30:00,8964.0,8976.0,8956.0,8970.0,30083.0,406253.0,404159.0
2025-09-23 14:00:00,8970.0,8992.0,8964.0,8992.0,34163.0,404159.0,401656.0
2025-09-23 14:30:00,8992.0,9060.0,8986.0,9054.0,97942.0,401656.0,387927.0
2025-09-23 21:00:00,9082.0,9090.0,9038.0,9048.0,103534.0,387927.0,387834.0
2025-09-23 21:30:00,9048.0,9082.0,9038.0,9076.0,56404.0,387834.0,389465.0
2025-09-23 22:00:00,9076.0,9090.0,9070.0,9086.0,40886.0,389465.0,387900.0
2025-09-23 22:30:00,9086.0,9094.0,9074.0,9078.0,31829.0,387900.0,382086.0
2025-09-24 09:00:00,9058.0,9064.0,9014.0,9056.0,80218.0,382086.0,385044.0
2025-09-24 09:30:00,9056.0,9074.0,9052.0,9068.0,26968.0,385044.0,384739.0
2025-09-24 10:00:00,9068.0,9068.0,9050.0,9062.0,14738.0,384739.0,383651.0
2025-09-24 10:30:00,9064.0,9086.0,9052.0,9072.0,41135.0,383651.0,383164.0
2025-09-24 11:00:00,9072.0,9082.0,9056.0,9072.0,22811.0,383164.0,381093.0
2025-09-24 13:30:00,9078.0,9130.0,9076.0,9106.0,70020.0,381093.0,378357.0
2025-09-24 14:00:00,9106.0,9132.0,9104.0,9118.0,43893.0,378357.0,380883.0
2025-09-24 14:30:00,9118.0,9142.0,9112.0,9126.0,59388.0,380883.0,376778.0
2025-09-24 21:00:00,9188.0,9244.0,9186.0,9222.0,164481.0,376778.0,378663.0
2025-09-24 21:30:00,9222.0,9228.0,9154.0,9168.0,104326.0,378663.0,379519.0
2025-09-24 22:00:00,9168.0,9184.0,9166.0,9180.0,32623.0,379519.0,379039.0
2025-09-24 22:30:00,9180.0,9200.0,9168.0,9190.0,41054.0,379039.0,372408.0
2025-09-25 09:00:00,9188.0,9264.0,9188.0,9236.0,97938.0,372408.0,367559.0
2025-09-25 09:30:00,9236.0,9244.0,9218.0,9222.0,34362.0,367559.0,367543.0
2025-09-25 10:00:00,9222.0,9230.0,9212.0,9228.0,16224.0,367543.0,367007.0
2025-09-25 10:30:00,9226.0,9254.0,9212.0,9230.0,54353.0,367007.0,367098.0
2025-09-25 11:00:00,9230.0,9250.0,9222.0,9242.0,43551.0,367098.0,364490.0
2025-09-25 13:30:00,9236.0,9236.0,9222.0,9226.0,35381.0,364490.0,362667.0
2025-09-25 14:00:00,9226.0,9234.0,9218.0,9232.0,24730.0,362667.0,361344.0
2025-09-25 14:30:00,9232.0,9240.0,9218.0,9222.0,39333.0,361344.0,357389.0
2025-09-25 21:00:00,9246.0,9276.0,9228.0,9266.0,85076.0,357389.0,361584.0
2025-09-25 21:30:00,9266.0,9282.0,9236.0,9262.0,63145.0,361584.0,361758.0
2025-09-25 22:00:00,9262.0,9266.0,9238.0,9244.0,33835.0,361758.0,361688.0
2025-09-25 22:30:00,9244.0,9262.0,9238.0,9258.0,28255.0,361688.0,357523.0
2025-09-26 09:00:00,9264.0,9318.0,9264.0,9278.0,106506.0,357523.0,364149.0
2025-09-26 09:30:00,9278.0,9300.0,9278.0,9290.0,26984.0,364149.0,365650.0
2025-09-26 10:00:00,9290.0,9296.0,9274.0,9288.0,15509.0,365650.0,365100.0
2025-09-26 10:30:00,9288.0,9290.0,9264.0,9288.0,35908.0,365100.0,365389.0
2025-09-26 11:00:00,9288.0,9304.0,9264.0,9288.0,41315.0,365389.0,364636.0
2025-09-26 13:30:00,9272.0,9272.0,9250.0,9258.0,46884.0,364636.0,366272.0
2025-09-26 14:00:00,9258.0,9284.0,9244.0,9270.0,47050.0,366272.0,367320.0
2025-09-26 14:30:00,9270.0,9272.0,9226.0,9236.0,60309.0,367320.0,363269.0
2025-09-26 21:00:00,9236.0,9246.0,9224.0,9238.0,52338.0,363269.0,361906.0
2025-09-26 21:30:00,9238.0,9260.0,9230.0,9248.0,31183.0,361906.0,360972.0
2025-09-26 22:00:00,9248.0,9276.0,9246.0,9252.0,31305.0,360972.0,359811.0
2025-09-26 22:30:00,9252.0,9280.0,9252.0,9278.0,26677.0,359811.0,356119.0
2025-09-29 09:00:00,9244.0,9248.0,9188.0,9228.0,93468.0,356119.0,353209.0
2025-09-29 09:30:00,9228.0,9246.0,9226.0,9230.0,33278.0,353209.0,355733.0
2025-09-29 10:00:00,9230.0,9250.0,9218.0,9240.0,17559.0,355733.0,355015.0
2025-09-29 10:30:00,9242.0,9256.0,9206.0,9230.0,50193.0,355015.0,355908.0
2025-09-29 11:00:00,9230.0,9256.0,9224.0,9240.0,30139.0,355908.0,355686.0
2025-09-29 13:30:00,9250.0,9262.0,9232.0,9248.0,26375.0,355686.0,355999.0
2025-09-29 14:00:00,9248.0,9252.0,9224.0,9234.0,22908.0,355999.0,356830.0
2025-09-29 14:30:00,9234.0,9242.0,9218.0,9234.0,28943.0,356830.0,353461.0
2025-09-29 21:00:00,9204.0,9206.0,9172.0,9182.0,66127.0,353461.0,351072.0
2025-09-29 21:30:00,9182.0,9198.0,9172.0,9196.0,32596.0,351072.0,349004.0
2025-09-29 22:00:00,9196.0,9226.0,9192.0,9218.0,35099.0,349004.0,348391.0
2025-09-29 22:30:00,9218.0,9234.0,9210.0,9214.0,25062.0,348391.0,345786.0
2025-09-30 09:00:00,9200.0,9202.0,9178.0,9200.0,32065.0,345786.0,343158.0
2025-09-30 09:30:00,9200.0,9222.0,9198.0,9206.0,22616.0,343158.0,342884.0
2025-09-30 10:00:00,9206.0,9206.0,9180.0,9182.0,12346.0,342884.0,342539.0
2025-09-30 10:30:00,9184.0,9206.0,9156.0,9160.0,41551.0,342539.0,343176.0
2025-09-30 11:00:00,9160.0,9186.0,9156.0,9184.0,25475.0,343176.0,341916.0
2025-09-30 13:30:00,9176.0,9192.0,9150.0,9184.0,33397.0,341916.0,340125.0
2025-09-30 14:00:00,9184.0,9184.0,9162.0,9180.0,20695.0,340125.0,337973.0
2025-09-30 14:30:00,9180.0,9228.0,9176.0,9228.0,51573.0,337973.0,332147.0
2025-10-09 09:00:00,9454.0,9502.0,9438.0,9480.0,189776.0,332147.0,342089.0
2025-10-09 09:30:00,9480.0,9514.0,9470.0,9506.0,59508.0,342089.0,349975.0
2025-10-09 10:00:00,9506.0,9534.0,9502.0,9528.0,26704.0,349975.0,355431.0
2025-10-09 10:30:00,9528.0,9580.0,9528.0,9532.0,84549.0,355431.0,367405.0
2025-10-09 11:00:00,9532.0,9552.0,9510.0,9550.0,40228.0,367405.0,370708.0
2025-10-09 13:30:00,9554.0,9580.0,9554.0,9568.0,41215.0,370708.0,376494.0
2025-10-09 14:00:00,9568.0,9576.0,9560.0,9570.0,21428.0,376494.0,379267.0
2025-10-09 14:30:00,9570.0,9574.0,9548.0,9570.0,46188.0,379267.0,379054.0
2025-10-09 21:00:00,9576.0,9582.0,9546.0,9564.0,71118.0,379054.0,383719.0
2025-10-09 21:30:00,9564.0,9576.0,9544.0,9544.0,38504.0,383719.0,385639.0
2025-10-09 22:00:00,9544.0,9564.0,9544.0,9554.0,22173.0,385639.0,387133.0
2025-10-09 22:30:00,9554.0,9598.0,9548.0,9596.0,41961.0,387133.0,385396.0
2025-10-10 09:00:00,9568.0,9608.0,9564.0,9578.0,62076.0,385396.0,391345.0
2025-10-10 09:30:00,9578.0,9582.0,9566.0,9570.0,23564.0,391345.0,391652.0
2025-10-10 10:00:00,9570.0,9582.0,9566.0,9576.0,8613.0,391652.0,391892.0
2025-10-10 10:30:00,9574.0,9584.0,9554.0,9554.0,45041.0,391892.0,394257.0
2025-10-10 11:00:00,9554.0,9576.0,9550.0,9564.0,31616.0,394257.0,394270.0
2025-10-10 13:30:00,9494.0,9494.0,9366.0,9444.0,271167.0,394270.0,371314.0
2025-10-10 14:00:00,9444.0,9462.0,9426.0,9432.0,67601.0,371314.0,370394.0
2025-10-10 14:30:00,9432.0,9444.0,9424.0,9438.0,49770.0,370394.0,367743.0
2025-10-10 21:00:00,9430.0,9446.0,9414.0,9432.0,60347.0,367743.0,368029.0
2025-10-10 21:30:00,9432.0,9436.0,9416.0,9418.0,33316.0,368029.0,366615.0
2025-10-10 22:00:00,9418.0,9418.0,9386.0,9390.0,38944.0,366615.0,367004.0
2025-10-10 22:30:00,9390.0,9422.0,9388.0,9404.0,36435.0,367004.0,361520.0
2025-10-13 09:00:00,9388.0,9412.0,9368.0,9392.0,80069.0,361520.0,360337.0
2025-10-13 09:30:00,9392.0,9402.0,9366.0,9372.0,35041.0,360337.0,361630.0
2025-10-13 10:00:00,9372.0,9378.0,9336.0,9356.0,36047.0,361630.0,359318.0
2025-10-13 10:30:00,9358.0,9368.0,9314.0,9320.0,50384.0,359318.0,356889.0
2025-10-13 11:00:00,9320.0,9328.0,9310.0,9320.0,33559.0,356889.0,354040.0
2025-10-13 13:30:00,9320.0,9340.0,9320.0,9340.0,30309.0,354040.0,352036.0
2025-10-13 14:00:00,9340.0,9362.0,9336.0,9360.0,30600.0,352036.0,352212.0
2025-10-13 14:30:00,9360.0,9370.0,9352.0,9364.0,36214.0,352212.0,349205.0
2025-10-13 21:00:00,9368.0,9392.0,9352.0,9374.0,56915.0,349205.0,355530.0
2025-10-13 21:30:00,9374.0,9416.0,9366.0,9410.0,44397.0,355530.0,358930.0
2025-10-13 22:00:00,9410.0,9412.0,9372.0,9384.0,33969.0,358930.0,358545.0
2025-10-13 22:30:00,9384.0,9414.0,9378.0,9392.0,31342.0,358545.0,355453.0
2025-10-14 09:00:00,9408.0,9438.0,9390.0,9418.0,54510.0,355453.0,355559.0
2025-10-14 09:30:00,9418.0,9430.0,9412.0,9416.0,23656.0,355559.0,356440.0
2025-10-14 10:00:00,9416.0,9426.0,9380.0,9384.0,25671.0,356440.0,355520.0
2025-10-14 10:30:00,9382.0,9414.0,9380.0,9384.0,43737.0,355520.0,356697.0
2025-10-14 11:00:00,9384.0,9400.0,9350.0,9368.0,49865.0,356697.0,356417.0
2025-10-14 13:30:00,9346.0,9346.0,9274.0,9304.0,89272.0,356417.0,353236.0
2025-10-14 14:00:00,9304.0,9328.0,9298.0,9324.0,28885.0,353236.0,353896.0
2025-10-14 14:30:00,9324.0,9348.0,9320.0,9330.0,44468.0,353896.0,350778.0
2025-10-14 21:00:00,9304.0,9328.0,9278.0,9320.0,69241.0,350778.0,353453.0
2025-10-14 21:30:00,9320.0,9338.0,9294.0,9336.0,44349.0,353453.0,356943.0
2025-10-14 22:00:00,9336.0,9342.0,9320.0,9334.0,27031.0,356943.0,357759.0
2025-10-14 22:30:00,9334.0,9344.0,9320.0,9320.0,18980.0,357759.0,355173.0
2025-10-15 09:00:00,9342.0,9368.0,9340.0,9356.0,47210.0,355173.0,355886.0
2025-10-15 09:30:00,9356.0,9376.0,9332.0,9366.0,28390.0,355886.0,355428.0
2025-10-15 10:00:00,9366.0,9372.0,9354.0,9360.0,9241.0,355428.0,354889.0
2025-10-15 10:30:00,9360.0,9366.0,9286.0,9290.0,61970.0,354889.0,356984.0
2025-10-15 11:00:00,9290.0,9308.0,9260.0,9306.0,56087.0,356984.0,353728.0
2025-10-15 13:30:00,9312.0,9328.0,9304.0,9314.0,30060.0,353728.0,353294.0
2025-10-15 14:00:00,9314.0,9314.0,9286.0,9292.0,21861.0,353294.0,354062.0
2025-10-15 14:30:00,9292.0,9324.0,9288.0,9322.0,34516.0,354062.0,353041.0
2025-10-15 21:00:00,9334.0,9344.0,9316.0,9328.0,41095.0,353041.0,357508.0
2025-10-15 21:30:00,9328.0,9338.0,9302.0,9318.0,35153.0,357508.0,358202.0
2025-10-15 22:00:00,9318.0,9340.0,9318.0,9322.0,24713.0,358202.0,356903.0
2025-10-15 22:30:00,9322.0,9342.0,9318.0,9322.0,26660.0,356903.0,354339.0
2025-10-16 09:00:00,9336.0,9352.0,9328.0,9350.0,33935.0,354339.0,355489.0
2025-10-16 09:30:00,9350.0,9374.0,9346.0,9346.0,33919.0,355489.0,355525.0
2025-10-16 10:00:00,9346.0,9366.0,9346.0,9366.0,11442.0,355525.0,355490.0
2025-10-16 10:30:00,9362.0,9364.0,9322.0,9352.0,40602.0,355490.0,351957.0
2025-10-16 11:00:00,9352.0,9354.0,9290.0,9290.0,42106.0,351957.0,351985.0
2025-10-16 13:30:00,9290.0,9320.0,9282.0,9312.0,38290.0,351985.0,350952.0
2025-10-16 14:00:00,9312.0,9330.0,9308.0,9314.0,23785.0,350952.0,351041.0
2025-10-16 14:30:00,9314.0,9324.0,9298.0,9312.0,32128.0,351041.0,348046.0
2025-10-16 21:00:00,9328.0,9344.0,9316.0,9344.0,47492.0,348046.0,351670.0
2025-10-16 21:30:00,9344.0,9388.0,9342.0,9378.0,57464.0,351670.0,353427.0
2025-10-16 22:00:00,9378.0,9386.0,9352.0,9386.0,35857.0,353427.0,353929.0
2025-10-16 22:30:00,9386.0,9392.0,9374.0,9388.0,30779.0,353929.0,351963.0
2025-10-17 09:00:00,9350.0,9350.0,9300.0,9330.0,72829.0,351963.0,348892.0
2025-10-17 09:30:00,9330.0,9332.0,9304.0,9318.0,33030.0,348892.0,347282.0
2025-10-17 10:00:00,9318.0,9322.0,9294.0,9312.0,21331.0,347282.0,345821.0
2025-10-17 10:30:00,9312.0,9366.0,9312.0,9330.0,58779.0,345821.0,345971.0
2025-10-17 11:00:00,9330.0,9338.0,9304.0,9310.0,36575.0,345971.0,346946.0
2025-10-17 13:30:00,9318.0,9326.0,9310.0,9322.0,24020.0,346946.0,344215.0
2025-10-17 14:00:00,9322.0,9328.0,9308.0,9312.0,22348.0,344215.0,343670.0
2025-10-17 14:30:00,9312.0,9318.0,9288.0,9308.0,43791.0,343670.0,337826.0
2025-10-17 21:00:00,9334.0,9380.0,9332.0,9352.0,75859.0,337826.0,338794.0
2025-10-17 21:30:00,9352.0,9392.0,9344.0,9382.0,50649.0,338794.0,344244.0
2025-10-17 22:00:00,9382.0,9384.0,9338.0,9364.0,44909.0,344244.0,339051.0
2025-10-17 22:30:00,9364.0,9366.0,9348.0,9354.0,19789.0,339051.0,336472.0
2025-10-20 09:00:00,9364.0,9406.0,9360.0,9394.0,60794.0,336472.0,343453.0
2025-10-20 09:30:00,9394.0,9406.0,9376.0,9400.0,28883.0,343453.0,343646.0
2025-10-20 10:00:00,9400.0,9408.0,9388.0,9402.0,14331.0,343646.0,345223.0
2025-10-20 10:30:00,9402.0,9412.0,9388.0,9390.0,25550.0,345223.0,347075.0
2025-10-20 11:00:00,9390.0,9402.0,9376.0,9392.0,28047.0,347075.0,346067.0
2025-10-20 13:30:00,9392.0,9410.0,9384.0,9386.0,26438.0,346067.0,346366.0
2025-10-20 14:00:00,9386.0,9386.0,9356.0,9372.0,32228.0,346366.0,344678.0
2025-10-20 14:30:00,9372.0,9372.0,9312.0,9318.0,53957.0,344678.0,344243.0
2025-10-20 21:00:00,9318.0,9322.0,9266.0,9278.0,103197.0,344243.0,349563.0
2025-10-20 21:30:00,9278.0,9296.0,9264.0,9286.0,43204.0,349563.0,351821.0
2025-10-20 22:00:00,9286.0,9300.0,9280.0,9282.0,22312.0,351821.0,351476.0
2025-10-20 22:30:00,9282.0,9300.0,9278.0,9294.0,21875.0,351476.0,347309.0
2025-10-21 09:00:00,9306.0,9328.0,9300.0,9320.0,46626.0,347309.0,344147.0
2025-10-21 09:30:00,9320.0,9332.0,9296.0,9304.0,25588.0,344147.0,343964.0
2025-10-21 10:00:00,9304.0,9312.0,9298.0,9302.0,8136.0,343964.0,343715.0
2025-10-21 10:30:00,9304.0,9390.0,9302.0,9384.0,95340.0,343715.0,342321.0
2025-10-21 11:00:00,9384.0,9400.0,9372.0,9394.0,49510.0,342321.0,343653.0
2025-10-21 13:30:00,9386.0,9390.0,9362.0,9372.0,34772.0,343653.0,343002.0
2025-10-21 14:00:00,9372.0,9376.0,9358.0,9362.0,16878.0,343002.0,341712.0
2025-10-21 14:30:00,9362.0,9362.0,9282.0,9294.0,86101.0,341712.0,333677.0
2025-10-21 21:00:00,9286.0,9290.0,9242.0,9286.0,112756.0,333677.0,331069.0
2025-10-21 21:30:00,9286.0,9286.0,9258.0,9268.0,40876.0,331069.0,330397.0
2025-10-21 22:00:00,9268.0,9296.0,9264.0,9280.0,38535.0,330397.0,327030.0
2025-10-21 22:30:00,9280.0,9284.0,9266.0,9270.0,26384.0,327030.0,322436.0
2025-10-22 09:00:00,9262.0,9264.0,9220.0,9224.0,65430.0,322436.0,329626.0
2025-10-22 09:30:00,9224.0,9232.0,9176.0,9200.0,78386.0,329626.0,335513.0
2025-10-22 10:00:00,9200.0,9200.0,9184.0,9198.0,14871.0,335513.0,336657.0
2025-10-22 10:30:00,9200.0,9224.0,9186.0,9212.0,50253.0,336657.0,337271.0
2025-10-22 11:00:00,9212.0,9246.0,9212.0,9242.0,38709.0,337271.0,333928.0
2025-10-22 13:30:00,9244.0,9246.0,9184.0,9186.0,58023.0,333928.0,336914.0
2025-10-22 14:00:00,9186.0,9186.0,9160.0,9162.0,64937.0,336914.0,346042.0
2025-10-22 14:30:00,9162.0,9174.0,9156.0,9164.0,48686.0,346042.0,346365.0
2025-10-22 21:00:00,9174.0,9176.0,9122.0,9126.0,87156.0,346365.0,359325.0
2025-10-22 21:30:00,9126.0,9132.0,9104.0,9110.0,55130.0,359325.0,361142.0
2025-10-22 22:00:00,9110.0,9114.0,9080.0,9098.0,57410.0,361142.0,364353.0
2025-10-22 22:30:00,9098.0,9100.0,9076.0,9080.0,37586.0,364353.0,362688.0
2025-10-23 09:00:00,9096.0,9110.0,9086.0,9094.0,54578.0,362688.0,364478.0
2025-10-23 09:30:00,9094.0,9118.0,9092.0,9102.0,29513.0,364478.0,362720.0
2025-10-23 10:00:00,9102.0,9112.0,9088.0,9096.0,14265.0,362720.0,362297.0
2025-10-23 10:30:00,9096.0,9120.0,9092.0,9116.0,40905.0,362297.0,363198.0
2025-10-23 11:00:00,9116.0,9118.0,9094.0,9104.0,25987.0,363198.0,361877.0
2025-10-23 13:30:00,9124.0,9138.0,9116.0,9126.0,48039.0,361877.0,364253.0
2025-10-23 14:00:00,9126.0,9130.0,9100.0,9126.0,34545.0,364253.0,364149.0
2025-10-23 14:30:00,9126.0,9136.0,9118.0,9132.0,48439.0,364149.0,357819.0
2025-10-23 21:00:00,9166.0,9174.0,9124.0,9130.0,72637.0,357819.0,362592.0
2025-10-23 21:30:00,9130.0,9146.0,9112.0,9142.0,42272.0,362592.0,366066.0
2025-10-23 22:00:00,9142.0,9144.0,9118.0,9132.0,26971.0,366066.0,367997.0
2025-10-23 22:30:00,9132.0,9134.0,9122.0,9126.0,18991.0,367997.0,364571.0
2025-10-24 09:00:00,9130.0,9152.0,9108.0,9148.0,54185.0,364571.0,363416.0
2025-10-24 09:30:00,9148.0,9154.0,9132.0,9132.0,29918.0,363416.0,362536.0
2025-10-24 10:00:00,9132.0,9136.0,9116.0,9126.0,16730.0,362536.0,364050.0
2025-10-24 10:30:00,9124.0,9132.0,9092.0,9098.0,40416.0,364050.0,362863.0
2025-10-24 11:00:00,9098.0,9156.0,9090.0,9148.0,57102.0,362863.0,354645.0
2025-10-24 13:30:00,9146.0,9150.0,9124.0,9126.0,30203.0,354645.0,354057.0
2025-10-24 14:00:00,9126.0,9150.0,9126.0,9144.0,21957.0,354057.0,353309.0
2025-10-24 14:30:00,9144.0,9150.0,9118.0,9122.0,43908.0,353309.0,349691.0
2025-10-24 21:00:00,9110.0,9122.0,9094.0,9110.0,47461.0,349691.0,351753.0
2025-10-24 21:30:00,9110.0,9120.0,9092.0,9104.0,30160.0,351753.0,353562.0
2025-10-24 22:00:00,9104.0,9126.0,9092.0,9106.0,33786.0,353562.0,352512.0
2025-10-24 22:30:00,9106.0,9108.0,9088.0,9102.0,25479.0,352512.0,349924.0
2025-10-27 09:00:00,9112.0,9138.0,9104.0,9132.0,53154.0,349924.0,352318.0
2025-10-27 09:30:00,9132.0,9140.0,9096.0,9106.0,38141.0,352318.0,355403.0
2025-10-27 10:00:00,9106.0,9136.0,9106.0,9130.0,23805.0,355403.0,353814.0
2025-10-27 10:30:00,9130.0,9150.0,9112.0,9128.0,51583.0,353814.0,355298.0
2025-10-27 11:00:00,9128.0,9136.0,9094.0,9102.0,41387.0,355298.0,359510.0
2025-10-27 13:30:00,9104.0,9114.0,9102.0,9112.0,22193.0,359510.0,359610.0
2025-10-27 14:00:00,9112.0,9126.0,9110.0,9112.0,21267.0,359610.0,357945.0
2025-10-27 14:30:00,9112.0,9118.0,9066.0,9100.0,74005.0,357945.0,356490.0
2025-10-27 21:00:00,9076.0,9080.0,9038.0,9048.0,91126.0,356490.0,361640.0
2025-10-27 21:30:00,9048.0,9052.0,8998.0,9014.0,86112.0,361640.0,363299.0
2025-10-27 22:00:00,9014.0,9032.0,9010.0,9022.0,27789.0,363299.0,363382.0
2025-10-27 22:30:00,9022.0,9026.0,9000.0,9016.0,30095.0,363382.0,360889.0
2025-10-28 09:00:00,9030.0,9040.0,9016.0,9038.0,37879.0,360889.0,360571.0
2025-10-28 09:30:00,9038.0,9040.0,9014.0,9018.0,21046.0,360571.0,361033.0
2025-10-28 10:00:00,9018.0,9020.0,9000.0,9004.0,18997.0,361033.0,362550.0
2025-10-28 10:30:00,9004.0,9004.0,8962.0,8972.0,66836.0,362550.0,366556.0
2025-10-28 11:00:00,8972.0,9004.0,8964.0,8984.0,38930.0,366556.0,365178.0
2025-10-28 13:30:00,8988.0,9018.0,8978.0,9006.0,36696.0,365178.0,364926.0
2025-10-28 14:00:00,9006.0,9010.0,8972.0,8974.0,28006.0,364926.0,364799.0
2025-10-28 14:30:00,8974.0,8986.0,8954.0,8958.0,48181.0,364799.0,368090.0
2025-10-28 21:00:00,8932.0,8940.0,8854.0,8880.0,134281.0,368090.0,381235.0
2025-10-28 21:30:00,8880.0,8884.0,8842.0,8848.0,51704.0,381235.0,383078.0
2025-10-28 22:00:00,8848.0,8866.0,8826.0,8844.0,60222.0,383078.0,384507.0
2025-10-28 22:30:00,8844.0,8844.0,8814.0,8824.0,43788.0,384507.0,382418.0
2025-10-29 09:00:00,8810.0,8812.0,8758.0,8794.0,109981.0,382418.0,387344.0
2025-10-29 09:30:00,8794.0,8860.0,8788.0,8830.0,82847.0,387344.0,384460.0
2025-10-29 10:00:00,8830.0,8836.0,8818.0,8828.0,23803.0,384460.0,384284.0
2025-10-29 10:30:00,8826.0,8858.0,8822.0,8824.0,60687.0,384284.0,390148.0
2025-10-29 11:00:00,8824.0,8828.0,8796.0,8810.0,54996.0,390148.0,390948.0
2025-10-29 13:30:00,8810.0,8828.0,8798.0,8806.0,32493.0,390948.0,393817.0
2025-10-29 14:00:00,8806.0,8824.0,8804.0,8814.0,24057.0,393817.0,393172.0
2025-10-29 14:30:00,8814.0,8848.0,8812.0,8842.0,48447.0,393172.0,388487.0
2025-10-29 21:00:00,8798.0,8812.0,8778.0,8804.0,84164.0,388487.0,397731.0
2025-10-29 21:30:00,8804.0,8838.0,8798.0,8830.0,46248.0,397731.0,397037.0
2025-10-29 22:00:00,8830.0,8846.0,8820.0,8838.0,29802.0,397037.0,397201.0
2025-10-29 22:30:00,8838.0,8850.0,8826.0,8826.0,35232.0,397201.0,393877.0
2025-10-30 09:00:00,8832.0,8862.0,8822.0,8842.0,50206.0,393877.0,398613.0
2025-10-30 09:30:00,8842.0,8868.0,8838.0,8840.0,29220.0,398613.0,398210.0
2025-10-30 10:00:00,8840.0,8850.0,8828.0,8842.0,13424.0,398210.0,397808.0
2025-10-30 10:30:00,8848.0,8856.0,8796.0,8814.0,62595.0,397808.0,398663.0
2025-10-30 11:00:00,8814.0,8824.0,8804.0,8814.0,21836.0,398663.0,397168.0
2025-10-30 13:30:00,8800.0,8820.0,8788.0,8812.0,46094.0,397168.0,397906.0
2025-10-30 14:00:00,8812.0,8820.0,8800.0,8804.0,23436.0,397906.0,395665.0
2025-10-30 14:30:00,8804.0,8836.0,8798.0,8828.0,41433.0,395665.0,391870.0
2025-10-30 21:00:00,8852.0,8858.0,8820.0,8824.0,57383.0,391870.0,396847.0
2025-10-30 21:30:00,8824.0,8840.0,8812.0,8822.0,36041.0,396847.0,396502.0
2025-10-30 22:00:00,8822.0,8828.0,8804.0,8812.0,24229.0,396502.0,397353.0
2025-10-30 22:30:00,8812.0,8822.0,8792.0,8806.0,32456.0,397353.0,396829.0
2025-10-31 09:00:00,8818.0,8840.0,8816.0,8832.0,38910.0,396829.0,395752.0
2025-10-31 09:30:00,8832.0,8832.0,8806.0,8808.0,16866.0,395752.0,397307.0
2025-10-31 10:00:00,8808.0,8824.0,8806.0,8818.0,7731.0,397307.0,397202.0
2025-10-31 10:30:00,8816.0,8816.0,8770.0,8808.0,53859.0,397202.0,397699.0
2025-10-31 11:00:00,8808.0,8812.0,8720.0,8736.0,49592.0,397699.0,397425.0
2025-10-31 13:30:00,8742.0,8778.0,8742.0,8772.0,42980.0,397425.0,397701.0
2025-10-31 14:00:00,8772.0,8794.0,8766.0,8774.0,25703.0,397701.0,395461.0
2025-10-31 14:30:00,8774.0,8784.0,8758.0,8764.0,29697.0,395461.0,392995.0
2025-10-31 21:00:00,8724.0,8754.0,8708.0,8718.0,58681.0,392995.0,397293.0
2025-10-31 21:30:00,8718.0,8720.0,8682.0,8686.0,64479.0,397293.0,400774.0
2025-10-31 22:00:00,8686.0,8694.0,8642.0,8648.0,52104.0,400774.0,402204.0
2025-10-31 22:30:00,8648.0,8662.0,8638.0,8654.0,45167.0,402204.0,396096.0
2025-11-03 09:00:00,8658.0,8738.0,8650.0,8736.0,96839.0,396096.0,388688.0
2025-11-03 09:30:00,8736.0,8740.0,8704.0,8722.0,31925.0,388688.0,388547.0
2025-11-03 10:00:00,8722.0,8734.0,8710.0,8716.0,11615.0,388547.0,387658.0
2025-11-03 10:30:00,8720.0,8744.0,8674.0,8688.0,57159.0,387658.0,387498.0
2025-11-03 11:00:00,8688.0,8694.0,8662.0,8668.0,31948.0,387498.0,386935.0
2025-11-03 13:30:00,8658.0,8682.0,8640.0,8680.0,49520.0,386935.0,391530.0
2025-11-03 14:00:00,8680.0,8682.0,8660.0,8670.0,20890.0,391530.0,393494.0
2025-11-03 14:30:00,8670.0,8674.0,8650.0,8664.0,36182.0,393494.0,391237.0
2025-11-03 21:00:00,8620.0,8632.0,8596.0,8616.0,81862.0,391237.0,396598.0
2025-11-03 21:30:00,8616.0,8636.0,8614.0,8634.0,28080.0,396598.0,397271.0
2025-11-03 22:00:00,8634.0,8652.0,8624.0,8626.0,33711.0,397271.0,397390.0
2025-11-03 22:30:00,8626.0,8678.0,8620.0,8676.0,38991.0,397390.0,393155.0
2025-11-04 09:00:00,8718.0,8736.0,8694.0,8702.0,94022.0,393155.0,396869.0
2025-11-04 09:30:00,8702.0,8712.0,8682.0,8690.0,32712.0,396869.0,399311.0
2025-11-04 10:00:00,8690.0,8696.0,8676.0,8690.0,11651.0,399311.0,401219.0
2025-11-04 10:30:00,8690.0,8708.0,8658.0,8678.0,50732.0,401219.0,402398.0
2025-11-04 11:00:00,8678.0,8680.0,8600.0,8622.0,66612.0,402398.0,406400.0
2025-11-04 13:30:00,8624.0,8630.0,8606.0,8624.0,33994.0,406400.0,407246.0
2025-11-04 14:00:00,8624.0,8658.0,8620.0,8634.0,33366.0,407246.0,405666.0
2025-11-04 14:30:00,8634.0,8634.0,8600.0,8616.0,50868.0,405666.0,405977.0
2025-11-04 21:00:00,8588.0,8626.0,8570.0,8622.0,80647.0,405977.0,414645.0
2025-11-04 21:30:00,8622.0,8626.0,8600.0,8618.0,36333.0,414645.0,417485.0
2025-11-04 22:00:00,8618.0,8666.0,8614.0,8646.0,65335.0,417485.0,417278.0
2025-11-04 22:30:00,8646.0,8658.0,8630.0,8654.0,36005.0,417278.0,414920.0
2025-11-05 09:00:00,8650.0,8654.0,8604.0,8612.0,43141.0,414920.0,416589.0
2025-11-05 09:30:00,8612.0,8640.0,8592.0,8638.0,39883.0,416589.0,416120.0
2025-11-05 10:00:00,8638.0,8646.0,8630.0,8638.0,13434.0,416120.0,416885.0
2025-11-05 10:30:00,8636.0,8640.0,8602.0,8612.0,40616.0,416885.0,417869.0
2025-11-05 11:00:00,8612.0,8642.0,8606.0,8640.0,30064.0,417869.0,417620.0
2025-11-05 13:30:00,8650.0,8658.0,8596.0,8616.0,69979.0,417620.0,419691.0
2025-11-05 14:00:00,8616.0,8618.0,8584.0,8602.0,42356.0,419691.0,425717.0
2025-11-05 14:30:00,8602.0,8616.0,8582.0,8590.0,48374.0,425717.0,423090.0
2025-11-05 21:00:00,8584.0,8620.0,8562.0,8618.0,93091.0,423090.0,433352.0
2025-11-05 21:30:00,8618.0,8632.0,8606.0,8610.0,52094.0,433352.0,431506.0
2025-11-05 22:00:00,8610.0,8634.0,8600.0,8620.0,41750.0,431506.0,431290.0
2025-11-05 22:30:00,8620.0,8630.0,8618.0,8630.0,29357.0,431290.0,427568.0
2025-11-06 09:00:00,8632.0,8650.0,8614.0,8644.0,62240.0,427568.0,425957.0
2025-11-06 09:30:00,8644.0,8664.0,8642.0,8650.0,36995.0,425957.0,424879.0
2025-11-06 10:00:00,8650.0,8674.0,8646.0,8662.0,21579.0,424879.0,424272.0
2025-11-06 10:30:00,8662.0,8694.0,8648.0,8686.0,67612.0,424272.0,429395.0
2025-11-06 11:00:00,8686.0,8706.0,8676.0,8692.0,47113.0,429395.0,427979.0
2025-11-06 13:30:00,8698.0,8748.0,8698.0,8748.0,73019.0,427979.0,426825.0
2025-11-06 14:00:00,8748.0,8756.0,8724.0,8732.0,53118.0,426825.0,424157.0
2025-11-06 14:30:00,8732.0,8736.0,8720.0,8732.0,43613.0,424157.0,420314.0
2025-11-06 21:00:00,8752.0,8754.0,8712.0,8714.0,71968.0,420314.0,421326.0
2025-11-06 21:30:00,8714.0,8722.0,8704.0,8714.0,27779.0,421326.0,421003.0
2025-11-06 22:00:00,8714.0,8722.0,8694.0,8696.0,30959.0,421003.0,419658.0
2025-11-06 22:30:00,8696.0,8704.0,8680.0,8680.0,35418.0,419658.0,416397.0
2025-11-07 09:00:00,8672.0,8690.0,8656.0,8676.0,59924.0,416397.0,420192.0
2025-11-07 09:30:00,8676.0,8702.0,8672.0,8674.0,33182.0,420192.0,420895.0
2025-11-07 10:00:00,8674.0,8696.0,8674.0,8694.0,11444.0,420895.0,421916.0
2025-11-07 10:30:00,8696.0,8706.0,8660.0,8678.0,37600.0,421916.0,423811.0
2025-11-07 11:00:00,8678.0,8680.0,8618.0,8642.0,66562.0,423811.0,424719.0
2025-11-07 13:30:00,8640.0,8676.0,8630.0,8670.0,36034.0,424719.0,422152.0
2025-11-07 14:00:00,8670.0,8700.0,8664.0,8680.0,47389.0,422152.0,420902.0
2025-11-07 14:30:00,8680.0,8680.0,8652.0,8660.0,43518.0,420902.0,416049.0
2025-11-07 21:00:00,8648.0,8658.0,8630.0,8648.0,47926.0,416049.0,421730.0
2025-11-07 21:30:00,8648.0,8650.0,8614.0,8630.0,40565.0,421730.0,424602.0
2025-11-07 22:00:00,8630.0,8640.0,8618.0,8624.0,18761.0,424602.0,425396.0
2025-11-07 22:30:00,8624.0,8640.0,8620.0,8634.0,20282.0,425396.0,422151.0
2025-11-10 09:00:00,8644.0,8692.0,8644.0,8666.0,73691.0,422151.0,422399.0
2025-11-10 09:30:00,8666.0,8668.0,8642.0,8642.0,23412.0,422399.0,423071.0
2025-11-10 10:00:00,8642.0,8646.0,8616.0,8632.0,20174.0,423071.0,424225.0
2025-11-10 10:30:00,8632.0,8682.0,8616.0,8676.0,51108.0,424225.0,422584.0
2025-11-10 11:00:00,8676.0,8694.0,8662.0,8680.0,40545.0,422584.0,420243.0
2025-11-10 13:30:00,8658.0,8740.0,8648.0,8728.0,102994.0,420243.0,424605.0
2025-11-10 14:00:00,8728.0,8740.0,8714.0,8736.0,37481.0,424605.0,426608.0
2025-11-10 14:30:00,8736.0,8738.0,8684.0,8690.0,53870.0,426608.0,424116.0
2025-11-10 21:00:00,8700.0,8722.0,8678.0,8702.0,59336.0,424116.0,429816.0
2025-11-10 21:30:00,8702.0,8730.0,8702.0,8716.0,31547.0,429816.0,432165.0
2025-11-10 22:00:00,8716.0,8726.0,8712.0,8718.0,15593.0,432165.0,431646.0
2025-11-10 22:30:00,8718.0,8724.0,8702.0,8708.0,27125.0,431646.0,427144.0
2025-11-11 09:00:00,8728.0,8746.0,8706.0,8734.0,59307.0,427144.0,429862.0
2025-11-11 09:30:00,8734.0,8736.0,8710.0,8724.0,19373.0,429862.0,430434.0
2025-11-11 10:00:00,8724.0,8740.0,8712.0,8734.0,14454.0,430434.0,430936.0
2025-11-11 10:30:00,8734.0,8750.0,8714.0,8740.0,37532.0,430936.0,432589.0
2025-11-11 11:00:00,8740.0,8788.0,8736.0,8786.0,62233.0,432589.0,430243.0
2025-11-11 13:30:00,8814.0,8850.0,8784.0,8792.0,87002.0,430243.0,423172.0
2025-11-11 14:00:00,8792.0,8798.0,8762.0,8792.0,39241.0,423172.0,421111.0
2025-11-11 14:30:00,8792.0,8818.0,8764.0,8770.0,53089.0,421111.0,418681.0
2025-11-11 21:00:00,8760.0,8768.0,8712.0,8732.0,89171.0,418681.0,425926.0
2025-11-11 21:30:00,8732.0,8742.0,8722.0,8732.0,28458.0,425926.0,427036.0
2025-11-11 22:00:00,8732.0,8746.0,8724.0,8724.0,18912.0,427036.0,426791.0
2025-11-11 22:30:00,8724.0,8738.0,8716.0,8734.0,24287.0,426791.0,424409.0
2025-11-12 09:00:00,8744.0,8776.0,8744.0,8756.0,58675.0,424409.0,425377.0
2025-11-12 09:30:00,8756.0,8766.0,8744.0,8764.0,23893.0,425377.0,425375.0
2025-11-12 10:00:00,8764.0,8772.0,8752.0,8766.0,9487.0,425375.0,424979.0
2025-11-12 10:30:00,8766.0,8772.0,8724.0,8732.0,45792.0,424979.0,425018.0
2025-11-12 11:00:00,8732.0,8750.0,8722.0,8734.0,28738.0,425018.0,424393.0
2025-11-12 13:30:00,8730.0,8748.0,8724.0,8748.0,17740.0,424393.0,425003.0
2025-11-12 14:00:00,8748.0,8764.0,8742.0,8746.0,23971.0,425003.0,423122.0
2025-11-12 14:30:00,8746.0,8764.0,8740.0,8744.0,27251.0,423122.0,419304.0
2025-11-12 21:00:00,8714.0,8728.0,8688.0,8706.0,80370.0,419304.0,428266.0
2025-11-12 21:30:00,8706.0,8716.0,8698.0,8706.0,24683.0,428266.0,429452.0
2025-11-12 22:00:00,8706.0,8714.0,8678.0,8680.0,32522.0,429452.0,430430.0
2025-11-12 22:30:00,8680.0,8686.0,8642.0,8664.0,71748.0,430430.0,430506.0
2025-11-13 09:00:00,8670.0,8692.0,8648.0,8668.0,57112.0,430506.0,425803.0
2025-11-13 09:30:00,8668.0,8698.0,8662.0,8698.0,31158.0,425803.0,425661.0
2025-11-13 10:00:00,8698.0,8716.0,8692.0,8712.0,28903.0,425661.0,421282.0
2025-11-13 10:30:00,8714.0,8716.0,8646.0,8680.0,68454.0,421282.0,425715.0
2025-11-13 11:00:00,8680.0,8708.0,8678.0,8698.0,42023.0,425715.0,424983.0
2025-11-13 13:30:00,8708.0,8774.0,8708.0,8760.0,93770.0,424983.0,418202.0
2025-11-13 14:00:00,8760.0,8764.0,8720.0,8738.0,52042.0,418202.0,415507.0
2025-11-13 14:30:00,8738.0,8770.0,8732.0,8752.0,69983.0,415507.0,409209.0
2025-11-13 21:00:00,8746.0,8750.0,8710.0,8712.0,54686.0,409209.0,415680.0
2025-11-13 21:30:00,8712.0,8714.0,8690.0,8710.0,49808.0,415680.0,418770.0
2025-11-13 22:00:00,8710.0,8712.0,8696.0,8706.0,20461.0,418770.0,420300.0
2025-11-13 22:30:00,8706.0,8718.0,8700.0,8712.0,25179.0,420300.0,418705.0
2025-11-14 09:00:00,8694.0,8700.0,8672.0,8686.0,50966.0,418705.0,422527.0
2025-11-14 09:30:00,8686.0,8710.0,8676.0,8696.0,35128.0,422527.0,424190.0
2025-11-14 10:00:00,8696.0,8704.0,8682.0,8682.0,13025.0,424190.0,424871.0
2025-11-14 10:30:00,8682.0,8700.0,8650.0,8654.0,50133.0,424871.0,433272.0
2025-11-14 11:00:00,8654.0,8676.0,8618.0,8634.0,62885.0,433272.0,438118.0
2025-11-14 13:30:00,8644.0,8646.0,8574.0,8606.0,90043.0,438118.0,447637.0
2025-11-14 14:00:00,8606.0,8662.0,8602.0,8658.0,75646.0,447637.0,442558.0
2025-11-14 14:30:00,8658.0,8670.0,8630.0,8644.0,59285.0,442558.0,433480.0
2025-11-14 21:00:00,8658.0,8716.0,8648.0,8710.0,104185.0,433480.0,428161.0
2025-11-14 21:30:00,8710.0,8716.0,8688.0,8700.0,38135.0,428161.0,429413.0
2025-11-14 22:00:00,8700.0,8724.0,8686.0,8720.0,34325.0,429413.0,427036.0
2025-11-14 22:30:00,8720.0,8722.0,8688.0,8712.0,38947.0,427036.0,422670.0
2025-11-17 09:00:00,8682.0,8694.0,8650.0,8678.0,72419.0,422670.0,420499.0
2025-11-17 09:30:00,8678.0,8678.0,8632.0,8634.0,51431.0,420499.0,427496.0
2025-11-17 10:00:00,8634.0,8638.0,8610.0,8618.0,26068.0,427496.0,430977.0
2025-11-17 10:30:00,8618.0,8684.0,8606.0,8668.0,74452.0,430977.0,430629.0
2025-11-17 11:00:00,8668.0,8678.0,8648.0,8666.0,43567.0,430629.0,427686.0
2025-11-17 13:30:00,8668.0,8700.0,8658.0,8684.0,36001.0,427686.0,425581.0
2025-11-17 14:00:00,8684.0,8708.0,8680.0,8696.0,32915.0,425581.0,423503.0
2025-11-17 14:30:00,8696.0,8704.0,8678.0,8680.0,33542.0,423503.0,419635.0
2025-11-17 21:00:00,8696.0,8702.0,8668.0,8674.0,47571.0,419635.0,423077.0
2025-11-17 21:30:00,8674.0,8682.0,8668.0,8672.0,22370.0,423077.0,422371.0
2025-11-17 22:00:00,8672.0,8678.0,8658.0,8666.0,20367.0,422371.0,422437.0
2025-11-17 22:30:00,8666.0,8690.0,8666.0,8688.0,32355.0,422437.0,419726.0
2025-11-18 09:00:00,8704.0,8726.0,8688.0,8692.0,60746.0,419726.0,422653.0
2025-11-18 09:30:00,8692.0,8710.0,8662.0,8662.0,37188.0,422653.0,425777.0
2025-11-18 10:00:00,8662.0,8672.0,8656.0,8666.0,16922.0,425777.0,426881.0
2025-11-18 10:30:00,8668.0,8690.0,8652.0,8676.0,46419.0,426881.0,425953.0
2025-11-18 11:00:00,8676.0,8726.0,8668.0,8704.0,78392.0,425953.0,424138.0
2025-11-18 13:30:00,8700.0,8714.0,8690.0,8694.0,31083.0,424138.0,423344.0
2025-11-18 14:00:00,8694.0,8696.0,8666.0,8692.0,38562.0,423344.0,424601.0
2025-11-18 14:30:00,8692.0,8710.0,8682.0,8708.0,40314.0,424601.0,420543.0
2025-11-18 21:00:00,8756.0,8876.0,8750.0,8854.0,257967.0,420543.0,424597.0
2025-11-18 21:30:00,8854.0,8878.0,8836.0,8872.0,88276.0,424597.0,430277.0
2025-11-18 22:00:00,8872.0,8880.0,8852.0,8854.0,45076.0,430277.0,424823.0
2025-11-18 22:30:00,8854.0,8862.0,8842.0,8846.0,45997.0,424823.0,413601.0
2025-11-19 09:00:00,8860.0,8870.0,8842.0,8866.0,57072.0,413601.0,406433.0
2025-11-19 09:30:00,8866.0,8898.0,8858.0,8872.0,61694.0,406433.0,399441.0
2025-11-19 10:00:00,8872.0,8892.0,8872.0,8882.0,16526.0,399441.0,399124.0
2025-11-19 10:30:00,8882.0,8892.0,8852.0,8882.0,51134.0,399124.0,395646.0
2025-11-19 11:00:00,8882.0,8906.0,8812.0,8832.0,84842.0,395646.0,389849.0
2025-11-19 13:30:00,8832.0,8844.0,8826.0,8832.0,32093.0,389849.0,388219.0
2025-11-19 14:00:00,8832.0,8842.0,8816.0,8824.0,29711.0,388219.0,385610.0
2025-11-19 14:30:00,8824.0,8862.0,8822.0,8852.0,51674.0,385610.0,380300.0
2025-11-19 21:00:00,8830.0,8848.0,8820.0,8832.0,67789.0,380300.0,379938.0
2025-11-19 21:30:00,8832.0,8850.0,8802.0,8808.0,47237.0,379938.0,381389.0
2025-11-19 22:00:00,8808.0,8830.0,8808.0,8826.0,22842.0,381389.0,382375.0
2025-11-19 22:30:00,8826.0,8828.0,8790.0,8794.0,31571.0,382375.0,379980.0
2025-11-20 09:00:00,8782.0,8792.0,8746.0,8748.0,77916.0,379980.0,381725.0
2025-11-20 09:30:00,8748.0,8772.0,8730.0,8766.0,51693.0,381725.0,385167.0
2025-11-20 10:00:00,8766.0,8766.0,8742.0,8756.0,16306.0,385167.0,387162.0
2025-11-20 10:30:00,8758.0,8764.0,8732.0,8734.0,35357.0,387162.0,390652.0
2025-11-20 11:00:00,8734.0,8754.0,8702.0,8732.0,55153.0,390652.0,394783.0
2025-11-20 13:30:00,8716.0,8718.0,8662.0,8666.0,59426.0,394783.0,405853.0
2025-11-20 14:00:00,8666.0,8674.0,8636.0,8646.0,49235.0,405853.0,414824.0
2025-11-20 14:30:00,8646.0,8666.0,8632.0,8646.0,57013.0,414824.0,416659.0
2025-11-20 21:00:00,8658.0,8686.0,8642.0,8654.0,84075.0,416659.0,421902.0
2025-11-20 21:30:00,8654.0,8664.0,8638.0,8642.0,32134.0,421902.0,423553.0
2025-11-20 22:00:00,8642.0,8654.0,8634.0,8640.0,23387.0,423553.0,426751.0
2025-11-20 22:30:00,8640.0,8660.0,8632.0,8652.0,27347.0,426751.0,423769.0
2025-11-21 09:00:00,8632.0,8642.0,8580.0,8592.0,81995.0,423769.0,427211.0
2025-11-21 09:30:00,8592.0,8610.0,8514.0,8518.0,89809.0,427211.0,433348.0
2025-11-21 10:00:00,8518.0,8554.0,8516.0,8544.0,30526.0,433348.0,432971.0
2025-11-21 10:30:00,8544.0,8636.0,8544.0,8632.0,103550.0,432971.0,432228.0
2025-11-21 11:00:00,8632.0,8664.0,8626.0,8656.0,63141.0,432228.0,430813.0
2025-11-21 13:30:00,8660.0,8670.0,8630.0,8632.0,42549.0,430813.0,429808.0
2025-11-21 14:00:00,8632.0,8642.0,8576.0,8590.0,49676.0,429808.0,426163.0
2025-11-21 14:30:00,8590.0,8598.0,8544.0,8550.0,64248.0,426163.0,425907.0
2025-11-21 21:00:00,8522.0,8530.0,8468.0,8498.0,108256.0,425907.0,431390.0
2025-11-21 21:30:00,8498.0,8520.0,8492.0,8506.0,33792.0,431390.0,432419.0
2025-11-21 22:00:00,8506.0,8512.0,8476.0,8486.0,30365.0,432419.0,431970.0
2025-11-21 22:30:00,8486.0,8490.0,8450.0,8452.0,56905.0,431970.0,429287.0
2025-11-24 09:00:00,8476.0,8540.0,8476.0,8522.0,79299.0,429287.0,424317.0
2025-11-24 09:30:00,8522.0,8538.0,8518.0,8530.0,33999.0,424317.0,419976.0
2025-11-24 10:00:00,8530.0,8532.0,8506.0,8516.0,20613.0,419976.0,415881.0
2025-11-24 10:30:00,8516.0,8544.0,8496.0,8504.0,53661.0,415881.0,411499.0
2025-11-24 11:00:00,8504.0,8512.0,8482.0,8508.0,36131.0,411499.0,409907.0
2025-11-24 13:30:00,8526.0,8546.0,8518.0,8536.0,47412.0,409907.0,411507.0
2025-11-24 14:00:00,8536.0,8538.0,8518.0,8528.0,22081.0,411507.0,409199.0
2025-11-24 14:30:00,8528.0,8542.0,8484.0,8486.0,55330.0,409199.0,401777.0
2025-11-24 21:00:00,8450.0,8452.0,8392.0,8426.0,120543.0,401777.0,413318.0
2025-11-24 21:30:00,8426.0,8456.0,8422.0,8440.0,50294.0,413318.0,412234.0
2025-11-24 22:00:00,8440.0,8450.0,8432.0,8438.0,22655.0,412234.0,412405.0
2025-11-24 22:30:00,8438.0,8454.0,8426.0,8454.0,27767.0,412405.0,406745.0
2025-11-25 09:00:00,8464.0,8482.0,8436.0,8448.0,49333.0,406745.0,403975.0
2025-11-25 09:30:00,8448.0,8450.0,8422.0,8440.0,40880.0,403975.0,402271.0
2025-11-25 10:00:00,8440.0,8450.0,8436.0,8446.0,11612.0,402271.0,401057.0
2025-11-25 10:30:00,8446.0,8478.0,8444.0,8462.0,50268.0,401057.0,397446.0
2025-11-25 11:00:00,8462.0,8470.0,8422.0,8434.0,41313.0,397446.0,395538.0
2025-11-25 13:30:00,8424.0,8424.0,8368.0,8380.0,86434.0,395538.0,408464.0
2025-11-25 14:00:00,8380.0,8396.0,8374.0,8386.0,35041.0,408464.0,405612.0
2025-11-25 14:30:00,8386.0,8394.0,8356.0,8360.0,61351.0,405612.0,403650.0
2025-11-25 21:00:00,8314.0,8352.0,8304.0,8336.0,88633.0,403650.0,408786.0
2025-11-25 21:30:00,8336.0,8350.0,8320.0,8326.0,32559.0,408786.0,412417.0
2025-11-25 22:00:00,8326.0,8336.0,8320.0,8334.0,18993.0,412417.0,411256.0
2025-11-25 22:30:00,8334.0,8342.0,8316.0,8336.0,23154.0,411256.0,407283.0
2025-11-26 09:00:00,8358.0,8396.0,8354.0,8392.0,68365.0,407283.0,403310.0
2025-11-26 09:30:00,8392.0,8406.0,8370.0,8376.0,46397.0,403310.0,400272.0
2025-11-26 10:00:00,8376.0,8384.0,8372.0,8380.0,11034.0,400272.0,399268.0
2025-11-26 10:30:00,8382.0,8412.0,8374.0,8376.0,50078.0,399268.0,397229.0
2025-11-26 11:00:00,8376.0,8434.0,8376.0,8428.0,54224.0,397229.0,392174.0
2025-11-26 13:30:00,8438.0,8454.0,8428.0,8436.0,40213.0,392174.0,389762.0
2025-11-26 14:00:00,8436.0,8464.0,8428.0,8444.0,35252.0,389762.0,385335.0
2025-11-26 14:30:00,8444.0,8454.0,8422.0,8440.0,35280.0,385335.0,382297.0
2025-11-26 21:00:00,8424.0,8434.0,8406.0,8412.0,59473.0,382297.0,381857.0
2025-11-26 21:30:00,8412.0,8430.0,8406.0,8420.0,23532.0,381857.0,383307.0
2025-11-26 22:00:00,8420.0,8440.0,8414.0,8430.0,19776.0,383307.0,383561.0
2025-11-26 22:30:00,8430.0,8434.0,8412.0,8416.0,21548.0,383561.0,381241.0
2025-11-27 09:00:00,8440.0,8470.0,8440.0,8448.0,48221.0,381241.0,380767.0
2025-11-27 09:30:00,8448.0,8488.0,8446.0,8482.0,28082.0,380767.0,379495.0
2025-11-27 10:00:00,8482.0,8490.0,8474.0,8480.0,17534.0,379495.0,379061.0
2025-11-27 10:30:00,8480.0,8496.0,8458.0,8474.0,36284.0,379061.0,376803.0
2025-11-27 11:00:00,8474.0,8500.0,8472.0,8494.0,23892.0,376803.0,375508.0
2025-11-27 13:30:00,8496.0,8506.0,8490.0,8496.0,22590.0,375508.0,375086.0
2025-11-27 14:00:00,8496.0,8530.0,8496.0,8524.0,35602.0,375086.0,371316.0
2025-11-27 14:30:00,8524.0,8542.0,8520.0,8528.0,46884.0,371316.0,365152.0
2025-11-27 21:00:00,8552.0,8576.0,8538.0,8572.0,62268.0,365152.0,366678.0
2025-11-27 21:30:00,8572.0,8598.0,8564.0,8586.0,50860.0,366678.0,364970.0
2025-11-27 22:00:00,8586.0,8608.0,8574.0,8592.0,36073.0,364970.0,362289.0
2025-11-27 22:30:00,8592.0,8600.0,8576.0,8598.0,28285.0,362289.0,355701.0
2025-11-28 09:00:00,8606.0,8626.0,8560.0,8584.0,73852.0,355701.0,344247.0
2025-11-28 09:30:00,8584.0,8598.0,8580.0,8594.0,29428.0,344247.0,342884.0
2025-11-28 10:00:00,8594.0,8610.0,8592.0,8608.0,13346.0,342884.0,343281.0
2025-11-28 10:30:00,8606.0,8616.0,8592.0,8610.0,20915.0,343281.0,343071.0
2025-11-28 11:00:00,8610.0,8612.0,8584.0,8600.0,24285.0,343071.0,339008.0
2025-11-28 13:30:00,8600.0,8608.0,8586.0,8598.0,18448.0,339008.0,338339.0
2025-11-28 14:00:00,8598.0,8608.0,8596.0,8604.0,10622.0,338339.0,337805.0
2025-11-28 14:30:00,8604.0,8640.0,8602.0,8626.0,42586.0,337805.0,331361.0
2025-11-28 21:00:00,8622.0,8644.0,8616.0,8632.0,43770.0,331361.0,330826.0
2025-11-28 21:30:00,8632.0,8634.0,8592.0,8592.0,41566.0,330826.0,328477.0
2025-11-28 22:00:00,8592.0,8608.0,8592.0,8602.0,17367.0,328477.0,326647.0
2025-11-28 22:30:00,8602.0,8660.0,8602.0,8646.0,45640.0,326647.0,321154.0
2025-12-01 09:00:00,8668.0,8680.0,8608.0,8636.0,55836.0,321154.0,319782.0
2025-12-01 09:30:00,8636.0,8642.0,8614.0,8618.0,23270.0,319782.0,319783.0
2025-12-01 10:00:00,8618.0,8636.0,8614.0,8622.0,7953.0,319783.0,319141.0
2025-12-01 10:30:00,8622.0,8662.0,8600.0,8648.0,46769.0,319141.0,318960.0
2025-12-01 11:00:00,8648.0,8662.0,8632.0,8648.0,25225.0,318960.0,317392.0
2025-12-01 13:30:00,8646.0,8656.0,8632.0,8654.0,20363.0,317392.0,317127.0
2025-12-01 14:00:00,8654.0,8656.0,8624.0,8632.0,16316.0,317127.0,315430.0
2025-12-01 14:30:00,8632.0,8658.0,8632.0,8652.0,23447.0,315430.0,312424.0
2025-12-01 21:00:00,8608.0,8612.0,8586.0,8592.0,65951.0,312424.0,314489.0
2025-12-01 21:30:00,8592.0,8604.0,8578.0,8580.0,27851.0,314489.0,315388.0
2025-12-01 22:00:00,8580.0,8592.0,8572.0,8576.0,18867.0,315388.0,314203.0
2025-12-01 22:30:00,8576.0,8610.0,8574.0,8592.0,32636.0,314203.0,309886.0
2025-12-02 09:00:00,8588.0,8620.0,8580.0,8620.0,28427.0,309886.0,311523.0
2025-12-02 09:30:00,8620.0,8640.0,8614.0,8632.0,28063.0,311523.0,310280.0
2025-12-02 10:00:00,8632.0,8654.0,8626.0,8650.0,17361.0,310280.0,309282.0
2025-12-02 10:30:00,8650.0,8708.0,8636.0,8706.0,68703.0,309282.0,305601.0
2025-12-02 11:00:00,8706.0,8726.0,8670.0,8692.0,60389.0,305601.0,301661.0
2025-12-02 13:30:00,8694.0,8716.0,8694.0,8712.0,28766.0,301661.0,302725.0
2025-12-02 14:00:00,8712.0,8720.0,8704.0,8712.0,18305.0,302725.0,302457.0
2025-12-02 14:30:00,8712.0,8724.0,8700.0,8720.0,37924.0,302457.0,297531.0
2025-12-02 21:00:00,8738.0,8752.0,8698.0,8708.0,63311.0,297531.0,297301.0
2025-12-02 21:30:00,8708.0,8720.0,8700.0,8712.0,20139.0,297301.0,295685.0
2025-12-02 22:00:00,8712.0,8734.0,8712.0,8722.0,21549.0,295685.0,293208.0
2025-12-02 22:30:00,8722.0,8730.0,8700.0,8710.0,23941.0,293208.0,287719.0
2025-12-03 09:00:00,8734.0,8758.0,8720.0,8742.0,39263.0,287719.0,286431.0
2025-12-03 09:30:00,8742.0,8772.0,8740.0,8766.0,28000.0,286431.0,287660.0
2025-12-03 10:00:00,8766.0,8772.0,8738.0,8748.0,15189.0,287660.0,285205.0
2025-12-03 10:30:00,8748.0,8758.0,8730.0,8756.0,21979.0,285205.0,283859.0
2025-12-03 11:00:00,8756.0,8776.0,8742.0,8774.0,22559.0,283859.0,281480.0
2025-12-03 13:30:00,8786.0,8794.0,8748.0,8760.0,37073.0,281480.0,279352.0
2025-12-03 14:00:00,8760.0,8764.0,8744.0,8754.0,14939.0,279352.0,277612.0
2025-12-03 14:30:00,8754.0,8760.0,8708.0,8730.0,52458.0,277612.0,270361.0
2025-12-03 21:00:00,8740.0,8762.0,8722.0,8722.0,48653.0,270361.0,273369.0
2025-12-03 21:30:00,8722.0,8738.0,8706.0,8728.0,29849.0,273369.0,274590.0
2025-12-03 22:00:00,8728.0,8734.0,8716.0,8726.0,14966.0,274590.0,274286.0
2025-12-03 22:30:00,8726.0,8732.0,8708.0,8716.0,16251.0,274286.0,271536.0
2025-12-04 09:00:00,8686.0,8700.0,8670.0,8690.0,49125.0,271536.0,271878.0
2025-12-04 09:30:00,8690.0,8696.0,8662.0,8672.0,22696.0,271878.0,270553.0
2025-12-04 10:00:00,8672.0,8682.0,8668.0,8670.0,8121.0,270553.0,270139.0
2025-12-04 10:30:00,8670.0,8710.0,8658.0,8694.0,32537.0,270139.0,269064.0
2025-12-04 11:00:00,8694.0,8704.0,8678.0,8688.0,18345.0,269064.0,266295.0
2025-12-04 13:30:00,8676.0,8676.0,8626.0,8650.0,55464.0,266295.0,263006.0
2025-12-04 14:00:00,8650.0,8662.0,8642.0,8646.0,20110.0,263006.0,261406.0
2025-12-04 14:30:00,8646.0,8680.0,8644.0,8666.0,27756.0,261406.0,260276.0
2025-12-04 21:00:00,8650.0,8676.0,8644.0,8668.0,32185.0,260276.0,259965.0
2025-12-04 21:30:00,8668.0,8694.0,8664.0,8678.0,21080.0,259965.0,260079.0
2025-12-04 22:00:00,8678.0,8692.0,8676.0,8676.0,10791.0,260079.0,259663.0
2025-12-04 22:30:00,8676.0,8680.0,8662.0,8680.0,19265.0,259663.0,258650.0
2025-12-05 09:00:00,8710.0,8748.0,8702.0,8722.0,67437.0,258650.0,251623.0
2025-12-05 09:30:00,8722.0,8758.0,8718.0,8756.0,37193.0,251623.0,249823.0
2025-12-05 10:00:00,8756.0,8760.0,8738.0,8744.0,11340.0,249823.0,248535.0
2025-12-05 10:30:00,8744.0,8768.0,8732.0,8768.0,32369.0,248535.0,245815.0
2025-12-05 11:00:00,8768.0,8768.0,8728.0,8750.0,26420.0,245815.0,241887.0
2025-12-05 13:30:00,8744.0,8770.0,8738.0,8750.0,24225.0,241887.0,239454.0
2025-12-05 14:00:00,8750.0,8780.0,8742.0,8772.0,24045.0,239454.0,237999.0
2025-12-05 14:30:00,8772.0,8780.0,8756.0,8770.0,29872.0,237999.0,232891.0
2025-12-05 21:00:00,8784.0,8792.0,8760.0,8774.0,40803.0,232891.0,229836.0
2025-12-05 21:30:00,8774.0,8800.0,8772.0,8794.0,26312.0,229836.0,229683.0
2025-12-05 22:00:00,8794.0,8810.0,8782.0,8788.0,20626.0,229683.0,229683.0
2025-12-05 22:30:00,8788.0,8802.0,8784.0,8790.0,16981.0,229683.0,226239.0
2025-12-08 09:00:00,8764.0,8764.0,8710.0,8730.0,53791.0,226239.0,219330.0
2025-12-08 09:30:00,8730.0,8744.0,8724.0,8732.0,14575.0,219330.0,217717.0
2025-12-08 10:00:00,8732.0,8734.0,8720.0,8732.0,8724.0,217717.0,217557.0
2025-12-08 10:30:00,8732.0,8740.0,8714.0,8736.0,19766.0,217557.0,215549.0
2025-12-08 11:00:00,8736.0,8750.0,8696.0,8702.0,22382.0,215549.0,214004.0
2025-12-08 13:30:00,8698.0,8724.0,8682.0,8706.0,26353.0,214004.0,213794.0
2025-12-08 14:00:00,8706.0,8722.0,8698.0,8716.0,15504.0,213794.0,210031.0
2025-12-08 14:30:00,8716.0,8722.0,8702.0,8706.0,16391.0,210031.0,207236.0
2025-12-08 21:00:00,8688.0,8698.0,8670.0,8694.0,29610.0,207236.0,208729.0
2025-12-08 21:30:00,8694.0,8714.0,8690.0,8712.0,12991.0,208729.0,209757.0
2025-12-08 22:00:00,8712.0,8718.0,8700.0,8716.0,10373.0,209757.0,209918.0
2025-12-08 22:30:00,8716.0,8726.0,8696.0,8698.0,16421.0,209918.0,207455.0
2025-12-09 09:00:00,8678.0,8696.0,8670.0,8682.0,25743.0,207455.0,206610.0
2025-12-09 09:30:00,8682.0,8706.0,8668.0,8698.0,19071.0,206610.0,204482.0
2025-12-09 10:00:00,8698.0,8706.0,8684.0,8688.0,6957.0,204482.0,204024.0
2025-12-09 10:30:00,8686.0,8688.0,8620.0,8636.0,47234.0,204024.0,202073.0
2025-12-09 11:00:00,8636.0,8640.0,8602.0,8612.0,30834.0,202073.0,199513.0
2025-12-09 13:30:00,8610.0,8610.0,8570.0,8592.0,37848.0,199513.0,198977.0
2025-12-09 14:00:00,8592.0,8646.0,8582.0,8638.0,31944.0,198977.0,195780.0
2025-12-09 14:30:00,8638.0,8666.0,8636.0,8648.0,34885.0,195780.0,195544.0
2025-12-09 21:00:00,8670.0,8686.0,8648.0,8648.0,40866.0,195544.0,195772.0
2025-12-09 21:30:00,8648.0,8680.0,8648.0,8676.0,21377.0,195772.0,194712.0
2025-12-09 22:00:00,8676.0,8678.0,8664.0,8676.0,10762.0,194712.0,194874.0
2025-12-09 22:30:00,8676.0,8720.0,8670.0,8712.0,27349.0,194874.0,190865.0
2025-12-10 09:00:00,8692.0,8738.0,8690.0,8724.0,30572.0,190865.0,187660.0
2025-12-10 09:30:00,8724.0,8736.0,8686.0,8688.0,21386.0,187660.0,184639.0
2025-12-10 10:00:00,8688.0,8698.0,8684.0,8692.0,7611.0,184639.0,183347.0
2025-12-10 10:30:00,8692.0,8732.0,8680.0,8710.0,27399.0,183347.0,181446.0
2025-12-10 11:00:00,8710.0,8726.0,8694.0,8710.0,17085.0,181446.0,180202.0
2025-12-10 13:30:00,8612.0,8612.0,8482.0,8538.0,138712.0,180202.0,172710.0
2025-12-10 14:00:00,8538.0,8538.0,8510.0,8528.0,19583.0,172710.0,170514.0
2025-12-10 14:30:00,8528.0,8578.0,8522.0,8542.0,38969.0,170514.0,165371.0
2025-12-10 21:00:00,8594.0,8700.0,8582.0,8700.0,137685.0,165371.0,349348.0
2025-12-10 21:30:00,8700.0,8710.0,8676.0,8698.0,57678.0,349348.0,351624.0
2025-12-10 22:00:00,8698.0,8708.0,8648.0,8650.0,56711.0,351624.0,354563.0
2025-12-10 22:30:00,8650.0,8668.0,8646.0,8662.0,30786.0,354563.0,352464.0
2025-12-11 09:00:00,8658.0,8672.0,8634.0,8662.0,43574.0,352464.0,350716.0
2025-12-11 09:30:00,8662.0,8688.0,8660.0,8676.0,20608.0,350716.0,350803.0
2025-12-11 10:00:00,8676.0,8678.0,8654.0,8662.0,8649.0,350803.0,351631.0
2025-12-11 10:30:00,8660.0,8702.0,8654.0,8688.0,37187.0,351631.0,356223.0
2025-12-11 11:00:00,8688.0,8700.0,8676.0,8684.0,22138.0,356223.0,356655.0
2025-12-11 13:30:00,8678.0,8698.0,8668.0,8678.0,30715.0,356655.0,357911.0
2025-12-11 14:00:00,8678.0,8684.0,8666.0,8674.0,16571.0,357911.0,359189.0
2025-12-11 14:30:00,8674.0,8674.0,8634.0,8642.0,50631.0,359189.0,355564.0
2025-12-11 21:00:00,8604.0,8630.0,8590.0,8606.0,79488.0,355564.0,355820.0
2025-12-11 21:30:00,8606.0,8620.0,8576.0,8578.0,38043.0,355820.0,358684.0
2025-12-11 22:00:00,8578.0,8606.0,8578.0,8596.0,27292.0,358684.0,357760.0
2025-12-11 22:30:00,8596.0,8596.0,8538.0,8546.0,53610.0,357760.0,355940.0
2025-12-12 09:00:00,8564.0,8604.0,8550.0,8568.0,53010.0,355940.0,357932.0
2025-12-12 09:30:00,8568.0,8594.0,8562.0,8588.0,22671.0,357932.0,359264.0
2025-12-12 10:00:00,8588.0,8592.0,8570.0,8584.0,10130.0,359264.0,359913.0
2025-12-12 10:30:00,8584.0,8592.0,8542.0,8546.0,31800.0,359913.0,364547.0
2025-12-12 11:00:00,8546.0,8572.0,8540.0,8560.0,29540.0,364547.0,365344.0
2025-12-12 13:30:00,8558.0,8560.0,8528.0,8548.0,34224.0,365344.0,368859.0
2025-12-12 14:00:00,8548.0,8552.0,8524.0,8538.0,22835.0,368859.0,371051.0
2025-12-12 14:30:00,8538.0,8554.0,8532.0,8552.0,35103.0,371051.0,375277.0
2025-12-12 21:00:00,8498.0,8510.0,8456.0,8506.0,81689.0,375277.0,379857.0
2025-12-12 21:30:00,8506.0,8518.0,8492.0,8498.0,27319.0,379857.0,382481.0
2025-12-12 22:00:00,8498.0,8528.0,8490.0,8518.0,26608.0,382481.0,383107.0
2025-12-12 22:30:00,8518.0,8518.0,8488.0,8496.0,25367.0,383107.0,380571.0
2025-12-15 09:00:00,8484.0,8486.0,8444.0,8468.0,61806.0,380571.0,387564.0
2025-12-15 09:30:00,8468.0,8468.0,8442.0,8458.0,22433.0,387564.0,393363.0
2025-12-15 10:00:00,8458.0,8486.0,8454.0,8474.0,13995.0,393363.0,393831.0
2025-12-15 10:30:00,8472.0,8508.0,8466.0,8500.0,34543.0,393831.0,397288.0
2025-12-15 11:00:00,8500.0,8550.0,8498.0,8542.0,52519.0,397288.0,398132.0
2025-12-15 13:30:00,8506.0,8520.0,8494.0,8506.0,43305.0,398132.0,395969.0
2025-12-15 14:00:00,8506.0,8522.0,8500.0,8514.0,22817.0,395969.0,396949.0
2025-12-15 14:30:00,8514.0,8522.0,8490.0,8492.0,31044.0,396949.0,392898.0
2025-12-15 21:00:00,8468.0,8478.0,8448.0,8464.0,54391.0,392898.0,403058.0
2025-12-15 21:30:00,8464.0,8468.0,8450.0,8460.0,17519.0,403058.0,404130.0
2025-12-15 22:00:00,8460.0,8468.0,8448.0,8450.0,12602.0,404130.0,406107.0
2025-12-15 22:30:00,8450.0,8450.0,8430.0,8436.0,35357.0,406107.0,405121.0
2025-12-16 09:00:00,8432.0,8458.0,8422.0,8424.0,43740.0,405121.0,406273.0
2025-12-16 09:30:00,8424.0,8430.0,8402.0,8406.0,33787.0,406273.0,411014.0
2025-12-16 10:00:00,8406.0,8408.0,8396.0,8402.0,13498.0,411014.0,411573.0
2025-12-16 10:30:00,8402.0,8418.0,8382.0,8394.0,42363.0,411573.0,413221.0
2025-12-16 11:00:00,8394.0,8404.0,8376.0,8394.0,32996.0,413221.0,415612.0
2025-12-16 13:30:00,8400.0,8436.0,8398.0,8414.0,41778.0,415612.0,416932.0
2025-12-16 14:00:00,8414.0,8416.0,8398.0,8408.0,16499.0,416932.0,417731.0
2025-12-16 14:30:00,8408.0,8428.0,8406.0,8410.0,25536.0,417731.0,416337.0
2025-12-16 21:00:00,8376.0,8380.0,8296.0,8300.0,122773.0,416337.0,439022.0
2025-12-16 21:30:00,8300.0,8308.0,8278.0,8306.0,62803.0,439022.0,447587.0
2025-12-16 22:00:00,8306.0,8316.0,8292.0,8308.0,30091.0,447587.0,444324.0
2025-12-16 22:30:00,8308.0,8312.0,8288.0,8290.0,26367.0,444324.0,443045.0
2025-12-17 09:00:00,8300.0,8346.0,8292.0,8340.0,58231.0,443045.0,438776.0
2025-12-17 09:30:00,8340.0,8354.0,8334.0,8340.0,26307.0,438776.0,435981.0
2025-12-17 10:00:00,8340.0,8354.0,8338.0,8348.0,13600.0,435981.0,434364.0
2025-12-17 10:30:00,8346.0,8352.0,8320.0,8340.0,33813.0,434364.0,435833.0
2025-12-17 11:00:00,8340.0,8362.0,8326.0,8344.0,30052.0,435833.0,436684.0
2025-12-17 13:30:00,8368.0,8396.0,8358.0,8384.0,44730.0,436684.0,435645.0
2025-12-17 14:00:00,8384.0,8388.0,8356.0,8362.0,20824.0,435645.0,435402.0
2025-12-17 14:30:00,8362.0,8372.0,8332.0,8342.0,35905.0,435402.0,437681.0
2025-12-17 21:00:00,8344.0,8392.0,8324.0,8390.0,70997.0,437681.0,441369.0
2025-12-17 21:30:00,8390.0,8422.0,8386.0,8422.0,56379.0,441369.0,441477.0
2025-12-17 22:00:00,8422.0,8426.0,8396.0,8410.0,25174.0,441477.0,441113.0
2025-12-17 22:30:00,8410.0,8422.0,8392.0,8398.0,29294.0,441113.0,439721.0
2025-12-18 09:00:00,8418.0,8448.0,8408.0,8420.0,62612.0,439721.0,435072.0
2025-12-18 09:30:00,8420.0,8428.0,8400.0,8418.0,28465.0,435072.0,433428.0
2025-12-18 10:00:00,8418.0,8426.0,8404.0,8406.0,9063.0,433428.0,433769.0
2025-12-18 10:30:00,8406.0,8454.0,8402.0,8430.0,45958.0,433769.0,432566.0
2025-12-18 11:00:00,8430.0,8438.0,8414.0,8436.0,24127.0,432566.0,432054.0
2025-12-18 13:30:00,8426.0,8430.0,8408.0,8408.0,23733.0,432054.0,431418.0
2025-12-18 14:00:00,8408.0,8420.0,8406.0,8410.0,16557.0,431418.0,432495.0
2025-12-18 14:30:00,8410.0,8412.0,8360.0,8368.0,63310.0,432495.0,434752.0
2025-12-18 21:00:00,8376.0,8396.0,8366.0,8384.0,46813.0,434752.0,441553.0
2025-12-18 21:30:00,8384.0,8406.0,8382.0,8398.0,31888.0,441553.0,443596.0
2025-12-18 22:00:00,8398.0,8410.0,8384.0,8404.0,25386.0,443596.0,443790.0
2025-12-18 22:30:00,8404.0,8412.0,8372.0,8406.0,30628.0,443790.0,440459.0
2025-12-19 09:00:00,8386.0,8390.0,8346.0,8348.0,46318.0,440459.0,443710.0
2025-12-19 09:30:00,8348.0,8350.0,8306.0,8310.0,46464.0,443710.0,448637.0
2025-12-19 10:00:00,8310.0,8326.0,8302.0,8326.0,16903.0,448637.0,449585.0
2025-12-19 10:30:00,8326.0,8332.0,8282.0,8282.0,51817.0,449585.0,456278.0
2025-12-19 11:00:00,8282.0,8316.0,8282.0,8282.0,39473.0,456278.0,457421.0
2025-12-19 13:30:00,8292.0,8314.0,8266.0,8272.0,45837.0,457421.0,459862.0
2025-12-19 14:00:00,8272.0,8298.0,8270.0,8284.0,26816.0,459862.0,460920.0
2025-12-19 14:30:00,8284.0,8310.0,8278.0,8292.0,35461.0,460920.0,459331.0
2025-12-19 21:00:00,8258.0,8280.0,8230.0,8280.0,61206.0,459331.0,463396.0
2025-12-19 21:30:00,8280.0,8298.0,8272.0,8282.0,22015.0,463396.0,463468.0
2025-12-19 22:00:00,8282.0,8288.0,8266.0,8280.0,12168.0,463468.0,463933.0
2025-12-19 22:30:00,8280.0,8296.0,8276.0,8276.0,15832.0,463933.0,460489.0
2025-12-22 09:00:00,8280.0,8344.0,8280.0,8338.0,62609.0,460489.0,458942.0
2025-12-22 09:30:00,8338.0,8350.0,8316.0,8322.0,34368.0,458942.0,457113.0
2025-12-22 10:00:00,8322.0,8338.0,8320.0,8330.0,10072.0,457113.0,456880.0
2025-12-22 10:30:00,8332.0,8334.0,8292.0,8308.0,41969.0,456880.0,458168.0
2025-12-22 11:00:00,8308.0,8324.0,8302.0,8306.0,16294.0,458168.0,457057.0
2025-12-22 13:30:00,8340.0,8412.0,8340.0,8396.0,88144.0,457057.0,457169.0
2025-12-22 14:00:00,8396.0,8412.0,8390.0,8404.0,23988.0,457169.0,457218.0
2025-12-22 14:30:00,8404.0,8422.0,8400.0,8414.0,42792.0,457218.0,452542.0
2025-12-22 21:00:00,8434.0,8478.0,8422.0,8476.0,75085.0,452542.0,457747.0
2025-12-22 21:30:00,8476.0,8490.0,8472.0,8478.0,36113.0,457747.0,457635.0
2025-12-22 22:00:00,8478.0,8490.0,8472.0,8486.0,22332.0,457635.0,455740.0
2025-12-22 22:30:00,8486.0,8486.0,8454.0,8464.0,33199.0,455740.0,450130.0
2025-12-23 09:00:00,8446.0,8446.0,8388.0,8398.0,73538.0,450130.0,452766.0
2025-12-23 09:30:00,8398.0,8420.0,8390.0,8418.0,21134.0,452766.0,451958.0
2025-12-23 10:00:00,8418.0,8428.0,8410.0,8422.0,8640.0,451958.0,451851.0
2025-12-23 10:30:00,8422.0,8448.0,8412.0,8448.0,33559.0,451851.0,454660.0
2025-12-23 11:00:00,8448.0,8470.0,8442.0,8462.0,36449.0,454660.0,455841.0
2025-12-23 13:30:00,8426.0,8460.0,8418.0,8450.0,34254.0,455841.0,457869.0
2025-12-23 14:00:00,8450.0,8454.0,8442.0,8452.0,13735.0,457869.0,458193.0
2025-12-23 14:30:00,8452.0,8494.0,8444.0,8486.0,53381.0,458193.0,456514.0
2025-12-23 21:00:00,8494.0,8548.0,8488.0,8534.0,86657.0,456514.0,461376.0
2025-12-23 21:30:00,8534.0,8540.0,8504.0,8534.0,45729.0,461376.0,461428.0
2025-12-23 22:00:00,8534.0,8536.0,8492.0,8508.0,32404.0,461428.0,457462.0
2025-12-23 22:30:00,8508.0,8510.0,8482.0,8484.0,30426.0,457462.0,456157.0
2025-12-24 09:00:00,8494.0,8526.0,8486.0,8502.0,35835.0,456157.0,455602.0
2025-12-24 09:30:00,8502.0,8534.0,8502.0,8524.0,31497.0,455602.0,452302.0
2025-12-24 10:00:00,8524.0,8528.0,8512.0,8518.0,8120.0,452302.0,452011.0
2025-12-24 10:30:00,8518.0,8538.0,8506.0,8510.0,30501.0,452011.0,451573.0
2025-12-24 11:00:00,8510.0,8524.0,8498.0,8506.0,24366.0,451573.0,449425.0
2025-12-24 13:30:00,8506.0,8536.0,8504.0,8530.0,27638.0,449425.0,450232.0
2025-12-24 14:00:00,8530.0,8534.0,8508.0,8514.0,19150.0,450232.0,449093.0
2025-12-24 14:30:00,8514.0,8520.0,8486.0,8488.0,34151.0,449093.0,448640.0
2025-12-24 21:00:00,8522.0,8532.0,8506.0,8518.0,41676.0,448640.0,448065.0
2025-12-24 21:30:00,8518.0,8570.0,8514.0,8564.0,55942.0,448065.0,449136.0
2025-12-24 22:00:00,8564.0,8568.0,8550.0,8552.0,24431.0,449136.0,448874.0
2025-12-24 22:30:00,8552.0,8564.0,8542.0,8554.0,21981.0,448874.0,445764.0
2025-12-25 09:00:00,8568.0,8578.0,8538.0,8552.0,37043.0,445764.0,444738.0
2025-12-25 09:30:00,8552.0,8558.0,8532.0,8552.0,23087.0,444738.0,443542.0
2025-12-25 10:00:00,8552.0,8562.0,8536.0,8540.0,12515.0,443542.0,443929.0
2025-12-25 10:30:00,8542.0,8554.0,8532.0,8544.0,12405.0,443929.0,443273.0
2025-12-25 11:00:00,8544.0,8548.0,8524.0,8540.0,16450.0,443273.0,440642.0
2025-12-25 13:30:00,8538.0,8548.0,8530.0,8538.0,15839.0,440642.0,439240.0
2025-12-25 14:00:00,8538.0,8550.0,8536.0,8544.0,10492.0,439240.0,437789.0
2025-12-25 14:30:00,8544.0,8564.0,8538.0,8542.0,28082.0,437789.0,434218.0
2025-12-25 21:00:00,8556.0,8598.0,8542.0,8566.0,56424.0,434218.0,436160.0
2025-12-25 21:30:00,8566.0,8566.0,8548.0,8556.0,19175.0,436160.0,437847.0
2025-12-25 22:00:00,8556.0,8560.0,8548.0,8556.0,8211.0,437847.0,437620.0
2025-12-25 22:30:00,8556.0,8570.0,8552.0,8558.0,12294.0,437620.0,435289.0
2025-12-26 09:00:00,8558.0,8574.0,8542.0,8542.0,32769.0,435289.0,432869.0
2025-12-26 09:30:00,8542.0,8544.0,8496.0,8514.0,48385.0,432869.0,434250.0
2025-12-26 10:00:00,8514.0,8542.0,8510.0,8530.0,16604.0,434250.0,432889.0
2025-12-26 10:30:00,8530.0,8590.0,8530.0,8584.0,55042.0,432889.0,433928.0
2025-12-26 11:00:00,8584.0,8610.0,8568.0,8576.0,53812.0,433928.0,427692.0
2025-12-26 13:30:00,8578.0,8596.0,8568.0,8590.0,23714.0,427692.0,426583.0
2025-12-26 14:00:00,8590.0,8600.0,8584.0,8592.0,15948.0,426583.0,426409.0
2025-12-26 14:30:00,8592.0,8592.0,8564.0,8568.0,31758.0,426409.0,422604.0
2025-12-26 21:00:00,8602.0,8618.0,8578.0,8594.0,54041.0,422604.0,420410.0
2025-12-26 21:30:00,8594.0,8602.0,8576.0,8582.0,20265.0,420410.0,421957.0
2025-12-26 22:00:00,8582.0,8588.0,8572.0,8582.0,11489.0,421957.0,421255.0
2025-12-26 22:30:00,8582.0,8586.0,8568.0,8580.0,16646.0,421255.0,419545.0
2025-12-29 09:00:00,8562.0,8562.0,8524.0,8548.0,56487.0,419545.0,413382.0
2025-12-29 09:30:00,8548.0,8556.0,8526.0,8536.0,22942.0,413382.0,413645.0
2025-12-29 10:00:00,8536.0,8554.0,8536.0,8550.0,7914.0,413645.0,413046.0
2025-12-29 10:30:00,8552.0,8568.0,8516.0,8518.0,45575.0,413046.0,400024.0
2025-12-29 11:00:00,8518.0,8564.0,8516.0,8528.0,37179.0,400024.0,398514.0
2025-12-29 13:30:00,8556.0,8560.0,8546.0,8550.0,23092.0,398514.0,400081.0
2025-12-29 14:00:00,8550.0,8558.0,8536.0,8540.0,20590.0,400081.0,399195.0
2025-12-29 14:30:00,8540.0,8552.0,8508.0,8512.0,42546.0,399195.0,396047.0
2025-12-29 21:00:00,8512.0,8568.0,8504.0,8550.0,59229.0,396047.0,395245.0
2025-12-29 21:30:00,8550.0,8558.0,8536.0,8546.0,15242.0,395245.0,394945.0
2025-12-29 22:00:00,8546.0,8548.0,8534.0,8540.0,10577.0,394945.0,394198.0
2025-12-29 22:30:00,8540.0,8560.0,8532.0,8554.0,19007.0,394198.0,392002.0
2025-12-30 09:00:00,8546.0,8568.0,8538.0,8562.0,24292.0,392002.0,393330.0
2025-12-30 09:30:00,8562.0,8586.0,8552.0,8584.0,25332.0,393330.0,392817.0
2025-12-30 10:00:00,8584.0,8586.0,8574.0,8578.0,6550.0,392817.0,392091.0
2025-12-30 10:30:00,8580.0,8606.0,8566.0,8604.0,33398.0,392091.0,391258.0
2025-12-30 11:00:00,8604.0,8630.0,8596.0,8626.0,32079.0,391258.0,392568.0
2025-12-30 13:30:00,8614.0,8678.0,8614.0,8658.0,73177.0,392568.0,394008.0
2025-12-30 14:00:00,8658.0,8670.0,8652.0,8656.0,21697.0,394008.0,392282.0
2025-12-30 14:30:00,8656.0,8670.0,8648.0,8658.0,38191.0,392282.0,388850.0
2025-12-30 21:00:00,8634.0,8646.0,8612.0,8620.0,63223.0,388850.0,387330.0
2025-12-30 21:30:00,8620.0,8636.0,8616.0,8628.0,18813.0,387330.0,387252.0
2025-12-30 22:00:00,8628.0,8634.0,8620.0,8632.0,13146.0,387252.0,385620.0
2025-12-30 22:30:00,8632.0,8644.0,8622.0,8644.0,14352.0,385620.0,384600.0
2025-12-31 09:00:00,8624.0,8630.0,8608.0,8628.0,26957.0,384600.0,383268.0
2025-12-31 09:30:00,8628.0,8634.0,8612.0,8612.0,16854.0,383268.0,383352.0
2025-12-31 10:00:00,8612.0,8618.0,8604.0,8614.0,8478.0,383352.0,382420.0
2025-12-31 10:30:00,8616.0,8622.0,8596.0,8604.0,26957.0,382420.0,381755.0
2025-12-31 11:00:00,8604.0,8616.0,8592.0,8596.0,18662.0,381755.0,379609.0
2025-12-31 13:30:00,8598.0,8620.0,8590.0,8592.0,21945.0,379609.0,377056.0
2025-12-31 14:00:00,8592.0,8596.0,8578.0,8586.0,23318.0,377056.0,374934.0
2025-12-31 14:30:00,8586.0,8590.0,8574.0,8584.0,29724.0,374934.0,368830.0
2026-01-05 09:00:00,8564.0,8600.0,8518.0,8536.0,84930.0,368830.0,370481.0
2026-01-05 09:30:00,8536.0,8552.0,8514.0,8540.0,36711.0,370481.0,373768.0
2026-01-05 10:00:00,8540.0,8546.0,8528.0,8538.0,13128.0,373768.0,373832.0
2026-01-05 10:30:00,8538.0,8546.0,8510.0,8536.0,42439.0,373832.0,376013.0
2026-01-05 11:00:00,8536.0,8542.0,8510.0,8514.0,25508.0,376013.0,380061.0
2026-01-05 13:30:00,8506.0,8506.0,8414.0,8426.0,104509.0,380061.0,388410.0
2026-01-05 14:00:00,8426.0,8450.0,8416.0,8436.0,36188.0,388410.0,390216.0
2026-01-05 14:30:00,8436.0,8490.0,8428.0,8488.0,59156.0,390216.0,388463.0
2026-01-05 21:00:00,8508.0,8518.0,8460.0,8476.0,75606.0,388463.0,391871.0
2026-01-05 21:30:00,8476.0,8490.0,8468.0,8488.0,21781.0,391871.0,393657.0
2026-01-05 22:00:00,8488.0,8504.0,8476.0,8496.0,24144.0,393657.0,395219.0
2026-01-05 22:30:00,8496.0,8498.0,8480.0,8486.0,21112.0,395219.0,392250.0
2026-01-06 09:00:00,8510.0,8550.0,8510.0,8538.0,59759.0,392250.0,388786.0
2026-01-06 09:30:00,8538.0,8558.0,8530.0,8556.0,24139.0,388786.0,389578.0
2026-01-06 10:00:00,8556.0,8556.0,8536.0,8544.0,12100.0,389578.0,388641.0
2026-01-06 10:30:00,8542.0,8558.0,8536.0,8558.0,27802.0,388641.0,390562.0
2026-01-06 11:00:00,8558.0,8562.0,8510.0,8516.0,34365.0,390562.0,388257.0
2026-01-06 13:30:00,8500.0,8500.0,8464.0,8472.0,52948.0,388257.0,391421.0
2026-01-06 14:00:00,8472.0,8498.0,8468.0,8496.0,22914.0,391421.0,391757.0
2026-01-06 14:30:00,8496.0,8512.0,8486.0,8500.0,37922.0,391757.0,391056.0
2026-01-06 21:00:00,8484.0,8520.0,8478.0,8500.0,62415.0,391056.0,392954.0
2026-01-06 21:30:00,8500.0,8508.0,8486.0,8504.0,28017.0,392954.0,394936.0
2026-01-06 22:00:00,8504.0,8544.0,8496.0,8542.0,39514.0,394936.0,394426.0
2026-01-06 22:30:00,8542.0,8560.0,8538.0,8540.0,33147.0,394426.0,392855.0
2026-01-07 09:00:00,8490.0,8514.0,8476.0,8498.0,57808.0,392855.0,394239.0
2026-01-07 09:30:00,8498.0,8512.0,8486.0,8502.0,22656.0,394239.0,395161.0
2026-01-07 10:00:00,8502.0,8520.0,8494.0,8520.0,10516.0,395161.0,395001.0
2026-01-07 10:30:00,8520.0,8540.0,8510.0,8524.0,37743.0,395001.0,396150.0
2026-01-07 11:00:00,8524.0,8528.0,8512.0,8518.0,18695.0,396150.0,396358.0
2026-01-07 13:30:00,8518.0,8536.0,8484.0,8530.0,44621.0,396358.0,395177.0
2026-01-07 14:00:00,8530.0,8552.0,8524.0,8536.0,40239.0,395177.0,395473.0
2026-01-07 14:30:00,8536.0,8572.0,8518.0,8562.0,58561.0,395473.0,393568.0
2026-01-07 21:00:00,8598.0,8666.0,8588.0,8646.0,132864.0,393568.0,400492.0
2026-01-07 21:30:00,8646.0,8656.0,8630.0,8642.0,40601.0,400492.0,401677.0
2026-01-07 22:00:00,8642.0,8650.0,8618.0,8634.0,24930.0,401677.0,398756.0
2026-01-07 22:30:00,8634.0,8636.0,8590.0,8594.0,38569.0,398756.0,394302.0
2026-01-08 09:00:00,8576.0,8660.0,8566.0,8648.0,69439.0,394302.0,400187.0
2026-01-08 09:30:00,8648.0,8700.0,8646.0,8680.0,78327.0,400187.0,405683.0
2026-01-08 10:00:00,8680.0,8688.0,8672.0,8682.0,12599.0,405683.0,405723.0
2026-01-08 10:30:00,8680.0,8680.0,8614.0,8620.0,56783.0,405723.0,400234.0
2026-01-08 11:00:00,8620.0,8624.0,8560.0,8596.0,69058.0,400234.0,393883.0
2026-01-08 13:30:00,8584.0,8626.0,8576.0,8624.0,44980.0,393883.0,394671.0
2026-01-08 14:00:00,8624.0,8640.0,8608.0,8636.0,27944.0,394671.0,395152.0
2026-01-08 14:30:00,8636.0,8636.0,8600.0,8612.0,34136.0,395152.0,393894.0
2026-01-08 21:00:00,8644.0,8664.0,8616.0,8628.0,51745.0,393894.0,396477.0
2026-01-08 21:30:00,8628.0,8646.0,8614.0,8624.0,25499.0,396477.0,395836.0
2026-01-08 22:00:00,8624.0,8626.0,8602.0,8606.0,21964.0,395836.0,394102.0
2026-01-08 22:30:00,8606.0,8616.0,8592.0,8612.0,25925.0,394102.0,391362.0
2026-01-09 09:00:00,8636.0,8652.0,8624.0,8630.0,41260.0,391362.0,392412.0
2026-01-09 09:30:00,8630.0,8644.0,8626.0,8638.0,16114.0,392412.0,391221.0
2026-01-09 10:00:00,8638.0,8644.0,8632.0,8638.0,7840.0,391221.0,391068.0
2026-01-09 10:30:00,8638.0,8656.0,8610.0,8654.0,42435.0,391068.0,391377.0
2026-01-09 11:00:00,8654.0,8668.0,8640.0,8666.0,27855.0,391377.0,394038.0
2026-01-09 13:30:00,8684.0,8698.0,8664.0,8664.0,50886.0,394038.0,400147.0
2026-01-09 14:00:00,8664.0,8680.0,8662.0,8674.0,16925.0,400147.0,399980.0
2026-01-09 14:30:00,8674.0,8692.0,8668.0,8682.0,37658.0,399980.0,400553.0
2026-01-09 21:00:00,8634.0,8642.0,8610.0,8624.0,60420.0,400553.0,398918.0
2026-01-09 21:30:00,8624.0,8646.0,8618.0,8644.0,18000.0,398918.0,397213.0
2026-01-09 22:00:00,8644.0,8668.0,8642.0,8664.0,18437.0,397213.0,397005.0
2026-01-09 22:30:00,8664.0,8676.0,8656.0,8660.0,22296.0,397005.0,393962.0
2026-01-12 09:00:00,8662.0,8664.0,8626.0,8646.0,44965.0,393962.0,392262.0
2026-01-12 09:30:00,8646.0,8646.0,8612.0,8612.0,28860.0,392262.0,394304.0
2026-01-12 10:00:00,8612.0,8616.0,8602.0,8604.0,16682.0,394304.0,393945.0
2026-01-12 10:30:00,8606.0,8628.0,8582.0,8626.0,35561.0,393945.0,392822.0
2026-01-12 11:00:00,8626.0,8638.0,8612.0,8616.0,24140.0,392822.0,392024.0
2026-01-12 13:30:00,8586.0,8670.0,8574.0,8668.0,72459.0,392024.0,396920.0
2026-01-12 14:00:00,8668.0,8748.0,8664.0,8722.0,115043.0,396920.0,414592.0
2026-01-12 14:30:00,8722.0,8728.0,8698.0,8724.0,55211.0,414592.0,417932.0
2026-01-12 21:00:00,8748.0,8792.0,8746.0,8768.0,72760.0,417932.0,427101.0
2026-01-12 21:30:00,8768.0,8778.0,8754.0,8766.0,25532.0,427101.0,427915.0
2026-01-12 22:00:00,8766.0,8770.0,8732.0,8744.0,38864.0,427915.0,422927.0
2026-01-12 22:30:00,8744.0,8794.0,8742.0,8782.0,40696.0,422927.0,424819.0
2026-01-13 09:00:00,8766.0,8852.0,8754.0,8848.0,102631.0,424819.0,442042.0
2026-01-13 09:30:00,8848.0,8866.0,8834.0,8834.0,52451.0,442042.0,446448.0
2026-01-13 10:00:00,8834.0,8856.0,8834.0,8840.0,13223.0,446448.0,447465.0
2026-01-13 10:30:00,8840.0,8854.0,8822.0,8840.0,39025.0,447465.0,447552.0
2026-01-13 11:00:00,8840.0,8842.0,8802.0,8818.0,34984.0,447552.0,448088.0
2026-01-13 13:30:00,8820.0,8826.0,8782.0,8790.0,56290.0,448088.0,446439.0
2026-01-13 14:00:00,8790.0,8794.0,8770.0,8786.0,33045.0,446439.0,443875.0
2026-01-13 14:30:00,8786.0,8796.0,8758.0,8778.0,49364.0,443875.0,439704.0
2026-01-13 21:00:00,8744.0,8770.0,8714.0,8718.0,91779.0,439704.0,445078.0
2026-01-13 21:30:00,8718.0,8738.0,8706.0,8706.0,43985.0,445078.0,445152.0
2026-01-13 22:00:00,8706.0,8726.0,8704.0,8722.0,23378.0,445152.0,445223.0
2026-01-13 22:30:00,8722.0,8758.0,8716.0,8758.0,40065.0,445223.0,444099.0
2026-01-14 09:00:00,8762.0,8770.0,8740.0,8760.0,42645.0,444099.0,447202.0
2026-01-14 09:30:00,8760.0,8782.0,8754.0,8778.0,32922.0,447202.0,448187.0
2026-01-14 10:00:00,8778.0,8790.0,8774.0,8786.0,13492.0,448187.0,448553.0
2026-01-14 10:30:00,8786.0,8824.0,8776.0,8816.0,44401.0,448553.0,448835.0
2026-01-14 11:00:00,8816.0,8826.0,8806.0,8814.0,34225.0,448835.0,448041.0
2026-01-14 13:30:00,8808.0,8808.0,8724.0,8744.0,90625.0,448041.0,446428.0
2026-01-14 14:00:00,8744.0,8778.0,8740.0,8760.0,35181.0,446428.0,442993.0
2026-01-14 14:30:00,8760.0,8770.0,8734.0,8748.0,39103.0,442993.0,438095.0
2026-01-14 21:00:00,8732.0,8746.0,8660.0,8686.0,112047.0,438095.0,440511.0
2026-01-14 21:30:00,8686.0,8690.0,8664.0,8672.0,28567.0,440511.0,441751.0
2026-01-14 22:00:00,8672.0,8696.0,8668.0,8686.0,25644.0,441751.0,441266.0
2026-01-14 22:30:00,8686.0,8690.0,8640.0,8644.0,50405.0,441266.0,437270.0
2026-01-15 09:00:00,8604.0,8626.0,8586.0,8596.0,84298.0,437270.0,436346.0
2026-01-15 09:30:00,8596.0,8606.0,8550.0,8572.0,62511.0,436346.0,434054.0
2026-01-15 10:00:00,8572.0,8586.0,8568.0,8586.0,11804.0,434054.0,434236.0
2026-01-15 10:30:00,8586.0,8616.0,8566.0,8568.0,50155.0,434236.0,433026.0
2026-01-15 11:00:00,8568.0,8584.0,8560.0,8564.0,28150.0,433026.0,431072.0
2026-01-15 13:30:00,8574.0,8592.0,8566.0,8568.0,29062.0,431072.0,432704.0
2026-01-15 14:00:00,8568.0,8594.0,8568.0,8588.0,19843.0,432704.0,434097.0
2026-01-15 14:30:00,8588.0,8594.0,8574.0,8578.0,31580.0,434097.0,429816.0
2026-01-15 21:00:00,8540.0,8548.0,8490.0,8534.0,88010.0,429816.0,429229.0
2026-01-15 21:30:00,8534.0,8548.0,8516.0,8542.0,29352.0,429229.0,428855.0
2026-01-15 22:00:00,8542.0,8550.0,8528.0,8544.0,19872.0,428855.0,429205.0
2026-01-15 22:30:00,8544.0,8650.0,8540.0,8646.0,99659.0,429205.0,426940.0
2026-01-16 09:00:00,8686.0,8702.0,8658.0,8690.0,98623.0,426940.0,424267.0
2026-01-16 09:30:00,8690.0,8694.0,8672.0,8676.0,29812.0,424267.0,424512.0
2026-01-16 10:00:00,8676.0,8682.0,8646.0,8652.0,16874.0,424512.0,422228.0
2026-01-16 10:30:00,8650.0,8656.0,8616.0,8634.0,56950.0,422228.0,423901.0
2026-01-16 11:00:00,8634.0,8654.0,8630.0,8646.0,27434.0,423901.0,423607.0
2026-01-16 13:30:00,8662.0,8684.0,8634.0,8656.0,49237.0,423607.0,420304.0
2026-01-16 14:00:00,8656.0,8660.0,8646.0,8648.0,20016.0,420304.0,418624.0
2026-01-16 14:30:00,8648.0,8680.0,8642.0,8674.0,34726.0,418624.0,415079.0
2026-01-16 21:00:00,8652.0,8660.0,8630.0,8642.0,50354.0,415079.0,415553.0
2026-01-16 21:30:00,8642.0,8672.0,8640.0,8662.0,26153.0,415553.0,418211.0
2026-01-16 22:00:00,8662.0,8684.0,8654.0,8658.0,20857.0,418211.0,417801.0
2026-01-16 22:30:00,8658.0,8658.0,8622.0,8630.0,33542.0,417801.0,413501.0
2026-01-19 09:00:00,8646.0,8660.0,8624.0,8640.0,35071.0,413501.0,415206.0
2026-01-19 09:30:00,8640.0,8648.0,8606.0,8628.0,33231.0,415206.0,413752.0
2026-01-19 10:00:00,8628.0,8668.0,8622.0,8662.0,17182.0,413752.0,411610.0
2026-01-19 10:30:00,8662.0,8662.0,8622.0,8636.0,33221.0,411610.0,410915.0
2026-01-19 11:00:00,8636.0,8656.0,8632.0,8644.0,15880.0,410915.0,410997.0
2026-01-19 13:30:00,8658.0,8662.0,8636.0,8644.0,18872.0,410997.0,412100.0
2026-01-19 14:00:00,8644.0,8674.0,8644.0,8672.0,29556.0,412100.0,414288.0
2026-01-19 14:30:00,8672.0,8676.0,8628.0,8648.0,44629.0,414288.0,413122.0
2026-01-19 21:00:00,8670.0,8720.0,8662.0,8700.0,89148.0,413122.0,420809.0
2026-01-19 21:30:00,8700.0,8714.0,8684.0,8710.0,39028.0,420809.0,420446.0
2026-01-19 22:00:00,8710.0,8726.0,8706.0,8724.0,28778.0,420446.0,422424.0
2026-01-19 22:30:00,8724.0,8726.0,8706.0,8710.0,24757.0,422424.0,420044.0
2026-01-20 09:00:00,8708.0,8742.0,8700.0,8730.0,41947.0,420044.0,419979.0
2026-01-20 09:30:00,8730.0,8734.0,8708.0,8712.0,21484.0,419979.0,421078.0
2026-01-20 10:00:00,8712.0,8720.0,8696.0,8702.0,14840.0,421078.0,420639.0
2026-01-20 10:30:00,8700.0,8740.0,8698.0,8736.0,38166.0,420639.0,421325.0
2026-01-20 11:00:00,8736.0,8772.0,8730.0,8744.0,48160.0,421325.0,422616.0
2026-01-20 13:30:00,8752.0,8768.0,8744.0,8762.0,27403.0,422616.0,426219.0
2026-01-20 14:00:00,8762.0,8764.0,8744.0,8752.0,16378.0,426219.0,428110.0
2026-01-20 14:30:00,8752.0,8758.0,8738.0,8748.0,32406.0,428110.0,429178.0
2026-01-20 21:00:00,8758.0,8824.0,8752.0,8808.0,89699.0,429178.0,444484.0
2026-01-20 21:30:00,8808.0,8814.0,8786.0,8802.0,31321.0,444484.0,446623.0
2026-01-20 22:00:00,8802.0,8808.0,8790.0,8804.0,16558.0,446623.0,447403.0
2026-01-20 22:30:00,8804.0,8812.0,8792.0,8808.0,18415.0,447403.0,445082.0
2026-01-21 09:00:00,8780.0,8804.0,8772.0,8794.0,49943.0,445082.0,444806.0
2026-01-21 09:30:00,8794.0,8822.0,8786.0,8808.0,31672.0,444806.0,445424.0
2026-01-21 10:00:00,8808.0,8828.0,8808.0,8822.0,14888.0,445424.0,446960.0
2026-01-21 10:30:00,8822.0,8828.0,8794.0,8800.0,32942.0,446960.0,446790.0
2026-01-21 11:00:00,8800.0,8838.0,8800.0,8828.0,36668.0,446790.0,452296.0
2026-01-21 13:30:00,8828.0,8850.0,8822.0,8838.0,37106.0,452296.0,453215.0
2026-01-21 14:00:00,8838.0,8838.0,8778.0,8786.0,57118.0,453215.0,451161.0
2026-01-21 14:30:00,8786.0,8840.0,8766.0,8832.0,70783.0,451161.0,445943.0
2026-01-21 21:00:00,8854.0,8910.0,8850.0,8908.0,112060.0,445943.0,460240.0
2026-01-21 21:30:00,8908.0,8928.0,8896.0,8904.0,54205.0,460240.0,461730.0
2026-01-21 22:00:00,8904.0,8908.0,8886.0,8896.0,26943.0,461730.0,461021.0
2026-01-21 22:30:00,8896.0,8926.0,8896.0,8918.0,30298.0,461021.0,460008.0
2026-01-22 09:00:00,8944.0,8964.0,8936.0,8954.0,68097.0,460008.0,467902.0
2026-01-22 09:30:00,8954.0,8958.0,8918.0,8926.0,37014.0,467902.0,468257.0
2026-01-22 10:00:00,8926.0,8936.0,8916.0,8928.0,10407.0,468257.0,467710.0
2026-01-22 10:30:00,8928.0,8940.0,8916.0,8930.0,30789.0,467710.0,468049.0
2026-01-22 11:00:00,8930.0,8950.0,8924.0,8926.0,25861.0,468049.0,465977.0
2026-01-22 13:30:00,8908.0,8916.0,8894.0,8900.0,37976.0,465977.0,465871.0
2026-01-22 14:00:00,8900.0,8916.0,8896.0,8898.0,21123.0,465871.0,467028.0
2026-01-22 14:30:00,8898.0,8952.0,8888.0,8944.0,48220.0,467028.0,467244.0
2026-01-22 21:00:00,8944.0,8948.0,8922.0,8932.0,46253.0,467244.0,470958.0
2026-01-22 21:30:00,8932.0,8940.0,8924.0,8938.0,18498.0,470958.0,469924.0
2026-01-22 22:00:00,8938.0,8948.0,8932.0,8942.0,25217.0,469924.0,472553.0
2026-01-22 22:30:00,8942.0,8948.0,8906.0,8914.0,28864.0,472553.0,468566.0
2026-01-23 09:00:00,8902.0,8946.0,8898.0,8934.0,49234.0,468566.0,471865.0
2026-01-23 09:30:00,8934.0,8946.0,8922.0,8926.0,24862.0,471865.0,472927.0
2026-01-23 10:00:00,8926.0,8926.0,8892.0,8912.0,25829.0,472927.0,473557.0
2026-01-23 10:30:00,8906.0,8914.0,8882.0,8908.0,44713.0,473557.0,475420.0
2026-01-23 11:00:00,8908.0,8916.0,8900.0,8910.0,17124.0,475420.0,475147.0
2026-01-23 13:30:00,8900.0,8920.0,8890.0,8908.0,24420.0,475147.0,475487.0
2026-01-23 14:00:00,8908.0,8912.0,8890.0,8898.0,18920.0,475487.0,476521.0
2026-01-23 14:30:00,8898.0,8920.0,8892.0,8910.0,36659.0,476521.0,476216.0
2026-01-23 21:00:00,8964.0,8992.0,8942.0,8964.0,69295.0,476216.0,477468.0
2026-01-23 21:30:00,8964.0,8990.0,8956.0,8978.0,27539.0,477468.0,479089.0
2026-01-23 22:00:00,8978.0,9016.0,8976.0,9008.0,47689.0,479089.0,479683.0
2026-01-23 22:30:00,9008.0,9032.0,8996.0,9012.0,37666.0,479683.0,476563.0
2026-01-26 09:00:00,9002.0,9004.0,8930.0,8970.0,86127.0,476563.0,474336.0
2026-01-26 09:30:00,8970.0,8988.0,8962.0,8974.0,23373.0,474336.0,475152.0
2026-01-26 10:00:00,8974.0,8996.0,8974.0,8990.0,9458.0,475152.0,474858.0
2026-01-26 10:30:00,8994.0,8996.0,8962.0,8972.0,30445.0,474858.0,474292.0
2026-01-26 11:00:00,8972.0,9018.0,8966.0,8986.0,46241.0,474292.0,473387.0
2026-01-26 13:30:00,9010.0,9024.0,8996.0,9012.0,43888.0,473387.0,474319.0
2026-01-26 14:00:00,9012.0,9068.0,9004.0,9060.0,54148.0,474319.0,480798.0
2026-01-26 14:30:00,9060.0,9098.0,9048.0,9092.0,66415.0,480798.0,485983.0
2026-01-26 21:00:00,9070.0,9088.0,9046.0,9054.0,77381.0,485983.0,492004.0
2026-01-26 21:30:00,9054.0,9068.0,9038.0,9052.0,30412.0,492004.0,491779.0
2026-01-26 22:00:00,9052.0,9160.0,9052.0,9150.0,82084.0,491779.0,500443.0
2026-01-26 22:30:00,9150.0,9186.0,9148.0,9162.0,72566.0,500443.0,495256.0
2026-01-27 09:00:00,9116.0,9144.0,9092.0,9116.0,80560.0,495256.0,494030.0
2026-01-27 09:30:00,9116.0,9136.0,9068.0,9086.0,58589.0,494030.0,488541.0
2026-01-27 10:00:00,9086.0,9124.0,9084.0,9116.0,21816.0,488541.0,489316.0
2026-01-27 10:30:00,9116.0,9130.0,9094.0,9108.0,40269.0,489316.0,492430.0
2026-01-27 11:00:00,9108.0,9200.0,9100.0,9186.0,71985.0,492430.0,498779.0
2026-01-27 13:30:00,9172.0,9194.0,9162.0,9174.0,46318.0,498779.0,499275.0
2026-01-27 14:00:00,9174.0,9208.0,9172.0,9206.0,30695.0,499275.0,501867.0
2026-01-27 14:30:00,9206.0,9248.0,9194.0,9238.0,75329.0,501867.0,501885.0
2026-01-27 21:00:00,9254.0,9306.0,9250.0,9262.0,113254.0,501885.0,507808.0
2026-01-27 21:30:00,9262.0,9272.0,9236.0,9250.0,51637.0,507808.0,506033.0
2026-01-27 22:00:00,9250.0,9252.0,9218.0,9222.0,38601.0,506033.0,502044.0
2026-01-27 22:30:00,9222.0,9236.0,9196.0,9218.0,39147.0,502044.0,496920.0
2026-01-28 09:00:00,9254.0,9264.0,9228.0,9242.0,47350.0,496920.0,497563.0
2026-01-28 09:30:00,9242.0,9276.0,9242.0,9268.0,32174.0,497563.0,500397.0
2026-01-28 10:00:00,9268.0,9288.0,9252.0,9270.0,19912.0,500397.0,500446.0
2026-01-28 10:30:00,9270.0,9294.0,9258.0,9258.0,37670.0,500446.0,502083.0
2026-01-28 11:00:00,9258.0,9264.0,9226.0,9248.0,56315.0,502083.0,500065.0
2026-01-28 13:30:00,9250.0,9268.0,9240.0,9254.0,27691.0,500065.0,498630.0
2026-01-28 14:00:00,9254.0,9278.0,9246.0,9262.0,25251.0,498630.0,498893.0
2026-01-28 14:30:00,9262.0,9282.0,9256.0,9270.0,24484.0,498893.0,497601.0
2026-01-28 21:00:00,9292.0,9340.0,9278.0,9294.0,90749.0,497601.0,505966.0
2026-01-28 21:30:00,9294.0,9348.0,9290.0,9338.0,44181.0,505966.0,510415.0
2026-01-28 22:00:00,9338.0,9368.0,9330.0,9334.0,55606.0,510415.0,513666.0
2026-01-28 22:30:00,9334.0,9346.0,9312.0,9344.0,37987.0,513666.0,511114.0
2026-01-29 09:00:00,9324.0,9326.0,9292.0,9318.0,48901.0,511114.0,511798.0
2026-01-29 09:30:00,9318.0,9342.0,9318.0,9332.0,25274.0,511798.0,512421.0
2026-01-29 10:00:00,9332.0,9336.0,9306.0,9312.0,10993.0,512421.0,512066.0
2026-01-29 10:30:00,9312.0,9330.0,9298.0,9318.0,30564.0,512066.0,514693.0
2026-01-29 11:00:00,9318.0,9368.0,9314.0,9364.0,31940.0,514693.0,516260.0
2026-01-29 13:30:00,9368.0,9386.0,9310.0,9332.0,65660.0,516260.0,513334.0
2026-01-29 14:00:00,9332.0,9352.0,9326.0,9346.0,24008.0,513334.0,512904.0
2026-01-29 14:30:00,9346.0,9396.0,9342.0,9362.0,63471.0,512904.0,514392.0
2026-01-29 21:00:00,9372.0,9382.0,9352.0,9362.0,43474.0,514392.0,516187.0
2026-01-29 21:30:00,9362.0,9364.0,9302.0,9324.0,64058.0,516187.0,515911.0
2026-01-29 22:00:00,9324.0,9384.0,9320.0,9382.0,54058.0,515911.0,520559.0
2026-01-29 22:30:00,9382.0,9384.0,9332.0,9348.0,41274.0,520559.0,514464.0
2026-01-30 09:00:00,9308.0,9308.0,9236.0,9262.0,105771.0,514464.0,509188.0
2026-01-30 09:30:00,9262.0,9266.0,9226.0,9230.0,39705.0,509188.0,504572.0
2026-01-30 10:00:00,9230.0,9244.0,9206.0,9222.0,34660.0,504572.0,501917.0
2026-01-30 10:30:00,9220.0,9244.0,9178.0,9228.0,65856.0,501917.0,495898.0
2026-01-30 11:00:00,9228.0,9232.0,9202.0,9226.0,25722.0,495898.0,494073.0
2026-01-30 13:30:00,9218.0,9276.0,9218.0,9254.0,43096.0,494073.0,493424.0
2026-01-30 14:00:00,9254.0,9262.0,9244.0,9250.0,19488.0,493424.0,495429.0
2026-01-30 14:30:00,9250.0,9252.0,9226.0,9240.0,32557.0,495429.0,492509.0
2026-01-30 21:00:00,9234.0,9266.0,9216.0,9240.0,60965.0,492509.0,496523.0
2026-01-30 21:30:00,9240.0,9252.0,9212.0,9230.0,37500.0,496523.0,497546.0
2026-01-30 22:00:00,9230.0,9316.0,9228.0,9300.0,61709.0,497546.0,503408.0
2026-01-30 22:30:00,9300.0,9308.0,9280.0,9296.0,32979.0,503408.0,499109.0
2026-02-02 09:00:00,9238.0,9238.0,9088.0,9094.0,145046.0,499109.0,489115.0
2026-02-02 09:30:00,9094.0,9108.0,9044.0,9062.0,67893.0,489115.0,481328.0
2026-02-02 10:00:00,9062.0,9064.0,9040.0,9052.0,20535.0,481328.0,479757.0
2026-02-02 10:30:00,9050.0,9056.0,9014.0,9018.0,41446.0,479757.0,476478.0
2026-02-02 11:00:00,9018.0,9020.0,9000.0,9004.0,41629.0,476478.0,477076.0
2026-02-02 13:30:00,8992.0,9020.0,8964.0,9012.0,70710.0,477076.0,471134.0
2026-02-02 14:00:00,9012.0,9026.0,8994.0,9022.0,37289.0,471134.0,469010.0
2026-02-02 14:30:00,9022.0,9032.0,8998.0,9014.0,39110.0,469010.0,463751.0
2026-02-02 21:00:00,9056.0,9080.0,9050.0,9068.0,71489.0,463751.0,462316.0
2026-02-02 21:30:00,9068.0,9104.0,9060.0,9092.0,39532.0,462316.0,463475.0
2026-02-02 22:00:00,9092.0,9108.0,9088.0,9096.0,24347.0,463475.0,464386.0
2026-02-02 22:30:00,9096.0,9110.0,9088.0,9092.0,24392.0,464386.0,463044.0
2026-02-03 09:00:00,9126.0,9158.0,9120.0,9146.0,58230.0,463044.0,464339.0
2026-02-03 09:30:00,9146.0,9150.0,9106.0,9120.0,28343.0,464339.0,464101.0
2026-02-03 10:00:00,9120.0,9124.0,9106.0,9112.0,12597.0,464101.0,463700.0
2026-02-03 10:30:00,9104.0,9128.0,9080.0,9112.0,45562.0,463700.0,465470.0
2026-02-03 11:00:00,9112.0,9122.0,9092.0,9092.0,24484.0,465470.0,466164.0
2026-02-03 13:30:00,9104.0,9114.0,9086.0,9098.0,22268.0,466164.0,466299.0
2026-02-03 14:00:00,9098.0,9106.0,9082.0,9102.0,19534.0,466299.0,465764.0
2026-02-03 14:30:00,9102.0,9110.0,9090.0,9094.0,27026.0,465764.0,463716.0
2026-02-03 21:00:00,9206.0,9248.0,9186.0,9202.0,108936.0,463716.0,468757.0
2026-02-03 21:30:00,9202.0,9206.0,9186.0,9188.0,27250.0,468757.0,470281.0
2026-02-03 22:00:00,9188.0,9202.0,9172.0,9184.0,27643.0,470281.0,470884.0
2026-02-03 22:30:00,9184.0,9192.0,9152.0,9152.0,38480.0,470884.0,467994.0
2026-02-04 09:00:00,9180.0,9192.0,9154.0,9170.0,36713.0,467994.0,470616.0
2026-02-04 09:30:00,9170.0,9190.0,9162.0,9172.0,20422.0,470616.0,471866.0
2026-02-04 10:00:00,9172.0,9190.0,9172.0,9180.0,8481.0,471866.0,472001.0
2026-02-04 10:30:00,9182.0,9188.0,9096.0,9112.0,63078.0,472001.0,471885.0
2026-02-04 11:00:00,9112.0,9142.0,9112.0,9130.0,23950.0,471885.0,469911.0
2026-02-04 13:30:00,9144.0,9146.0,9100.0,9104.0,31453.0,469911.0,470717.0
2026-02-04 14:00:00,9104.0,9120.0,9100.0,9114.0,19791.0,470717.0,469396.0
2026-02-04 14:30:00,9114.0,9142.0,9114.0,9138.0,29232.0,469396.0,468831.0
2026-02-04 21:00:00,9128.0,9170.0,9080.0,9154.0,79350.0,468831.0,474530.0
2026-02-04 21:30:00,9154.0,9160.0,9120.0,9120.0,34166.0,474530.0,473316.0
2026-02-04 22:00:00,9120.0,9136.0,9112.0,9134.0,22166.0,473316.0,473512.0
2026-02-04 22:30:00,9134.0,9150.0,9114.0,9136.0,36814.0,473512.0,469463.0
2026-02-05 09:00:00,9182.0,9198.0,9150.0,9156.0,65709.0,469463.0,467923.0
2026-02-05 09:30:00,9156.0,9172.0,9150.0,9152.0,21483.0,467923.0,468362.0
2026-02-05 10:00:00,9152.0,9158.0,9118.0,9122.0,22360.0,468362.0,466175.0
2026-02-05 10:30:00,9124.0,9146.0,9070.0,9080.0,48546.0,466175.0,463907.0
2026-02-05 11:00:00,9080.0,9096.0,9056.0,9066.0,30375.0,463907.0,462448.0
2026-02-05 13:30:00,9070.0,9090.0,9062.0,9080.0,28327.0,462448.0,459818.0
2026-02-05 14:00:00,9080.0,9096.0,9072.0,9086.0,17338.0,459818.0,458097.0
2026-02-05 14:30:00,9086.0,9088.0,9038.0,9042.0,42401.0,458097.0,455399.0
2026-02-05 21:00:00,9024.0,9066.0,9008.0,9054.0,43667.0,455399.0,453447.0
2026-02-05 21:30:00,9054.0,9064.0,9050.0,9054.0,15380.0,453447.0,453452.0
2026-02-05 22:00:00,9054.0,9082.0,9042.0,9078.0,17454.0,453452.0,452662.0
2026-02-05 22:30:00,9078.0,9080.0,9062.0,9074.0,15144.0,452662.0,451062.0
2026-02-06 09:00:00,9050.0,9066.0,9012.0,9012.0,39861.0,451062.0,447298.0
2026-02-06 09:30:00,9012.0,9048.0,9002.0,9040.0,33307.0,447298.0,446693.0
2026-02-06 10:00:00,9040.0,9056.0,9034.0,9048.0,12477.0,446693.0,448071.0
2026-02-06 10:30:00,9052.0,9062.0,9034.0,9038.0,22023.0,448071.0,448537.0
2026-02-06 11:00:00,9038.0,9068.0,9018.0,9068.0,21799.0,448537.0,448019.0
2026-02-06 13:30:00,9070.0,9076.0,9052.0,9060.0,21563.0,448019.0,449086.0
2026-02-06 14:00:00,9060.0,9064.0,9034.0,9042.0,14442.0,449086.0,447723.0
2026-02-06 14:30:00,9042.0,9042.0,9020.0,9026.0,28326.0,447723.0,444122.0
2026-02-06 21:00:00,8984.0,9018.0,8968.0,8998.0,56313.0,444122.0,443586.0
2026-02-06 21:30:00,8998.0,9010.0,8944.0,8950.0,43218.0,443586.0,441369.0
2026-02-06 22:00:00,8950.0,8986.0,8938.0,8986.0,37485.0,441369.0,440566.0
2026-02-06 22:30:00,8986.0,9012.0,8978.0,8996.0,30609.0,440566.0,437782.0
2026-02-09 09:00:00,8988.0,9022.0,8972.0,9020.0,49279.0,437782.0,440996.0
2026-02-09 09:30:00,9020.0,9022.0,9006.0,9012.0,16461.0,440996.0,440034.0
2026-02-09 10:00:00,9012.0,9044.0,9002.0,9044.0,14675.0,440034.0,439567.0
2026-02-09 10:30:00,9044.0,9044.0,9004.0,9012.0,23606.0,439567.0,438889.0
2026-02-09 11:00:00,9012.0,9044.0,9006.0,9042.0,17256.0,438889.0,437766.0
2026-02-09 13:30:00,9058.0,9066.0,9020.0,9028.0,24734.0,437766.0,437476.0
2026-02-09 14:00:00,9028.0,9030.0,9010.0,9026.0,14496.0,437476.0,437571.0
2026-02-09 14:30:00,9026.0,9038.0,9014.0,9014.0,17132.0,437571.0,436227.0
2026-02-09 21:00:00,9016.0,9016.0,8972.0,8972.0,41015.0,436227.0,436882.0
2026-02-09 21:30:00,8972.0,8976.0,8912.0,8926.0,54358.0,436882.0,435383.0
2026-02-09 22:00:00,8926.0,8954.0,8924.0,8950.0,22062.0,435383.0,434040.0
2026-02-09 22:30:00,8950.0,8990.0,8948.0,8974.0,34857.0,434040.0,428982.0
2026-02-10 09:00:00,8990.0,8996.0,8964.0,8978.0,30860.0,428982.0,431079.0
2026-02-10 09:30:00,8978.0,9000.0,8976.0,8998.0,15958.0,431079.0,429924.0
2026-02-10 10:00:00,8998.0,9014.0,8992.0,9006.0,11797.0,429924.0,429226.0
2026-02-10 10:30:00,9008.0,9016.0,8972.0,8974.0,26279.0,429226.0,428500.0
2026-02-10 11:00:00,8974.0,8984.0,8932.0,8940.0,36115.0,428500.0,423885.0
2026-02-10 13:30:00,8992.0,9034.0,8978.0,8984.0,50075.0,423885.0,427418.0
2026-02-10 14:00:00,8984.0,8984.0,8932.0,8932.0,24821.0,427418.0,427583.0
2026-02-10 14:30:00,8932.0,8950.0,8930.0,8940.0,33762.0,427583.0,424586.0
2026-02-10 21:00:00,8912.0,8938.0,8900.0,8926.0,44091.0,424586.0,427200.0
2026-02-10 21:30:00,8926.0,8928.0,8910.0,8920.0,18685.0,427200.0,428469.0
2026-02-10 22:00:00,8920.0,8920.0,8892.0,8908.0,25145.0,428469.0,428595.0
2026-02-10 22:30:00,8908.0,8916.0,8886.0,8904.0,25636.0,428595.0,426930.0
2026-02-11 09:00:00,8922.0,8932.0,8908.0,8912.0,29716.0,426930.0,426336.0
2026-02-11 09:30:00,8912.0,8920.0,8894.0,8906.0,22603.0,426336.0,425599.0
2026-02-11 10:00:00,8906.0,8920.0,8904.0,8910.0,7512.0,425599.0,424434.0
2026-02-11 10:30:00,8910.0,8940.0,8900.0,8930.0,27927.0,424434.0,421757.0
2026-02-11 11:00:00,8930.0,8934.0,8912.0,8920.0,15894.0,421757.0,420204.0
2026-02-11 13:30:00,8942.0,8950.0,8916.0,8924.0,26998.0,420204.0,420247.0
2026-02-11 14:00:00,8924.0,8928.0,8910.0,8920.0,17451.0,420247.0,420485.0
2026-02-11 14:30:00,8920.0,8922.0,8896.0,8906.0,29075.0,420485.0,417236.0
2026-02-11 21:00:00,8918.0,8932.0,8888.0,8890.0,42201.0,417236.0,418470.0
2026-02-11 21:30:00,8890.0,8910.0,8876.0,8902.0,26728.0,418470.0,416625.0
2026-02-11 22:00:00,8902.0,8916.0,8892.0,8898.0,14352.0,416625.0,415717.0
2026-02-11 22:30:00,8898.0,8900.0,8868.0,8868.0,23697.0,415717.0,412692.0
2026-02-12 09:00:00,8866.0,8876.0,8832.0,8874.0,49949.0,412692.0,414095.0
2026-02-12 09:30:00,8874.0,8874.0,8850.0,8868.0,18180.0,414095.0,412693.0
2026-02-12 10:00:00,8868.0,8874.0,8854.0,8860.0,8201.0,412693.0,412158.0
2026-02-12 10:30:00,8862.0,8870.0,8832.0,8836.0,27181.0,412158.0,411484.0
2026-02-12 11:00:00,8836.0,8842.0,8820.0,8836.0,26182.0,411484.0,409351.0
2026-02-12 13:30:00,8836.0,8844.0,8820.0,8836.0,23347.0,409351.0,406969.0
2026-02-12 14:00:00,8836.0,8838.0,8804.0,8810.0,27975.0,406969.0,404015.0
2026-02-12 14:30:00,8810.0,8822.0,8782.0,8782.0,40622.0,404015.0,400972.0
2026-02-12 21:00:00,8790.0,8828.0,8778.0,8816.0,41063.0,400972.0,397287.0
2026-02-12 21:30:00,8816.0,8816.0,8794.0,8796.0,15744.0,397287.0,397861.0
2026-02-12 22:00:00,8796.0,8806.0,8790.0,8794.0,10509.0,397861.0,398124.0
2026-02-12 22:30:00,8794.0,8824.0,8790.0,8798.0,22512.0,398124.0,393714.0
2026-02-13 09:00:00,8790.0,8790.0,8746.0,8762.0,41547.0,393714.0,391391.0
2026-02-13 09:30:00,8762.0,8772.0,8746.0,8754.0,19869.0,391391.0,390192.0
2026-02-13 10:00:00,8754.0,8760.0,8744.0,8752.0,8337.0,390192.0,389059.0
2026-02-13 10:30:00,8750.0,8762.0,8726.0,8730.0,26121.0,389059.0,388020.0
2026-02-13 11:00:00,8730.0,8746.0,8710.0,8718.0,20178.0,388020.0,387177.0
2026-02-13 13:30:00,8714.0,8720.0,8702.0,8710.0,25061.0,387177.0,384385.0
2026-02-13 14:00:00,8710.0,8710.0,8674.0,8688.0,32402.0,384385.0,379448.0
2026-02-13 14:30:00,8688.0,8706.0,8682.0,8698.0,34036.0,379448.0,371271.0
2026-02-24 09:00:00,8840.0,8886.0,8830.0,8854.0,96477.0,371271.0,373191.0
2026-02-24 09:30:00,8854.0,8902.0,8844.0,8896.0,40841.0,373191.0,375593.0
2026-02-24 10:00:00,8896.0,8902.0,8884.0,8894.0,11369.0,375593.0,375261.0
2026-02-24 10:30:00,8892.0,8910.0,8872.0,8888.0,30221.0,375261.0,375555.0
2026-02-24 11:00:00,8888.0,8892.0,8842.0,8868.0,28093.0,375555.0,374862.0
2026-02-24 13:30:00,8858.0,8858.0,8834.0,8852.0,21128.0,374862.0,374979.0
2026-02-24 14:00:00,8852.0,8862.0,8846.0,8852.0,14020.0,374979.0,373870.0
2026-02-24 14:30:00,8852.0,8854.0,8822.0,8824.0,26774.0,373870.0,370957.0
2026-02-24 21:00:00,8808.0,8812.0,8776.0,8786.0,52311.0,370957.0,376315.0
2026-02-24 21:30:00,8786.0,8806.0,8784.0,8800.0,17922.0,376315.0,376277.0
2026-02-24 22:00:00,8800.0,8808.0,8768.0,8788.0,24035.0,376277.0,375116.0
2026-02-24 22:30:00,8788.0,8820.0,8788.0,8818.0,24354.0,375116.0,372462.0
2026-02-25 09:00:00,8822.0,8856.0,8822.0,8856.0,40396.0,372462.0,374815.0
2026-02-25 09:30:00,8856.0,8856.0,8828.0,8830.0,17174.0,374815.0,375116.0
2026-02-25 10:00:00,8830.0,8844.0,8830.0,8840.0,8744.0,375116.0,376462.0
2026-02-25 10:30:00,8838.0,8876.0,8824.0,8866.0,35306.0,376462.0,379889.0
2026-02-25 11:00:00,8866.0,8872.0,8844.0,8850.0,20324.0,379889.0,380628.0
2026-02-25 13:30:00,8848.0,8932.0,8848.0,8916.0,77115.0,380628.0,388863.0
2026-02-25 14:00:00,8916.0,8920.0,8886.0,8890.0,29277.0,388863.0,387484.0
2026-02-25 14:30:00,8890.0,8890.0,8848.0,8848.0,42696.0,387484.0,386410.0
2026-02-25 21:00:00,8818.0,8838.0,8794.0,8830.0,55012.0,386410.0,393206.0
2026-02-25 21:30:00,8830.0,8834.0,8804.0,8806.0,23494.0,393206.0,392904.0
2026-02-25 22:00:00,8806.0,8822.0,8806.0,8808.0,17102.0,392904.0,394865.0
2026-02-25 22:30:00,8808.0,8810.0,8774.0,8780.0,37119.0,394865.0,391031.0
2026-02-26 09:00:00,8814.0,8830.0,8790.0,8812.0,34598.0,391031.0,392948.0
2026-02-26 09:30:00,8812.0,8820.0,8794.0,8806.0,17112.0,392948.0,392987.0
2026-02-26 10:00:00,8806.0,8806.0,8784.0,8790.0,10472.0,392987.0,393209.0
2026-02-26 10:30:00,8786.0,8796.0,8746.0,8758.0,53917.0,393209.0,388624.0
2026-02-26 11:00:00,8758.0,8762.0,8726.0,8734.0,49272.0,388624.0,388063.0
2026-02-26 13:30:00,8742.0,8760.0,8728.0,8730.0,29174.0,388063.0,387791.0
2026-02-26 14:00:00,8730.0,8736.0,8686.0,8710.0,51204.0,387791.0,396261.0
2026-02-26 14:30:00,8710.0,8722.0,8696.0,8714.0,32657.0,396261.0,396971.0
2026-02-26 21:00:00,8714.0,8774.0,8692.0,8772.0,79867.0,396971.0,399145.0
2026-02-26 21:30:00,8772.0,8800.0,8764.0,8796.0,42265.0,399145.0,396864.0
2026-02-26 22:00:00,8796.0,8800.0,8784.0,8790.0,27648.0,396864.0,395323.0
2026-02-26 22:30:00,8790.0,8796.0,8744.0,8762.0,41727.0,395323.0,391239.0
2026-02-27 09:00:00,8786.0,8790.0,8760.0,8770.0,31881.0,391239.0,392931.0
2026-02-27 09:30:00,8770.0,8770.0,8750.0,8756.0,17646.0,392931.0,393335.0
2026-02-27 10:00:00,8756.0,8770.0,8754.0,8762.0,6392.0,393335.0,393255.0
2026-02-27 10:30:00,8764.0,8776.0,8714.0,8720.0,39328.0,393255.0,395324.0
2026-02-27 11:00:00,8720.0,8752.0,8716.0,8728.0,23852.0,395324.0,393816.0
2026-02-27 13:30:00,8738.0,8758.0,8738.0,8746.0,21795.0,393816.0,394483.0
2026-02-27 14:00:00,8746.0,8746.0,8728.0,8734.0,14277.0,394483.0,395639.0
2026-02-27 14:30:00,8734.0,8786.0,8732.0,8780.0,32938.0,395639.0,393602.0
2026-02-27 21:00:00,8818.0,8826.0,8796.0,8806.0,52883.0,393602.0,394927.0
2026-02-27 21:30:00,8806.0,8812.0,8776.0,8784.0,26478.0,394927.0,393273.0
2026-02-27 22:00:00,8784.0,8808.0,8782.0,8794.0,18012.0,393273.0,394622.0
2026-02-27 22:30:00,8794.0,8804.0,8768.0,8792.0,24211.0,394622.0,391741.0
2026-03-02 09:00:00,8890.0,8910.0,8828.0,8830.0,99474.0,391741.0,389320.0
2026-03-02 09:30:00,8830.0,8856.0,8800.0,8810.0,39433.0,389320.0,394311.0
2026-03-02 10:00:00,8810.0,8820.0,8794.0,8806.0,16143.0,394311.0,396481.0
2026-03-02 10:30:00,8812.0,8854.0,8808.0,8820.0,32643.0,396481.0,396280.0
2026-03-02 11:00:00,8820.0,8902.0,8814.0,8892.0,57755.0,396280.0,394124.0
2026-03-02 13:30:00,8904.0,8922.0,8896.0,8902.0,58832.0,394124.0,389486.0
2026-03-02 14:00:00,8902.0,8918.0,8896.0,8914.0,22764.0,389486.0,391448.0
2026-03-02 14:30:00,8914.0,8916.0,8880.0,8898.0,41144.0,391448.0,387932.0
2026-03-02 21:00:00,8940.0,9018.0,8926.0,8996.0,107176.0,387932.0,392050.0
2026-03-02 21:30:00,8996.0,9004.0,8978.0,9000.0,34924.0,392050.0,390604.0
2026-03-02 22:00:00,9000.0,9012.0,8970.0,8974.0,35395.0,390604.0,387872.0
2026-03-02 22:30:00,8974.0,8986.0,8936.0,8948.0,48724.0,387872.0,382016.0
2026-03-03 09:00:00,8942.0,9026.0,8928.0,9024.0,67852.0,382016.0,384405.0
2026-03-03 09:30:00,9024.0,9028.0,8976.0,8980.0,44521.0,384405.0,380819.0
2026-03-03 10:00:00,8980.0,8982.0,8952.0,8966.0,28621.0,380819.0,378861.0
2026-03-03 10:30:00,8968.0,8998.0,8946.0,8982.0,44930.0,378861.0,379526.0
2026-03-03 11:00:00,8982.0,8984.0,8960.0,8964.0,17741.0,379526.0,379933.0
2026-03-03 13:30:00,8982.0,9016.0,8982.0,8988.0,42492.0,379933.0,377605.0
2026-03-03 14:00:00,8988.0,8996.0,8960.0,8982.0,23557.0,377605.0,376735.0
2026-03-03 14:30:00,8982.0,9006.0,8974.0,8994.0,35280.0,376735.0,371591.0
2026-03-03 21:00:00,9048.0,9078.0,9016.0,9064.0,82537.0,371591.0,374537.0
2026-03-03 21:30:00,9064.0,9078.0,9048.0,9078.0,32844.0,374537.0,373124.0
2026-03-03 22:00:00,9078.0,9084.0,9050.0,9066.0,28689.0,373124.0,371048.0
2026-03-03 22:30:00,9066.0,9066.0,9024.0,9040.0,36429.0,371048.0,368415.0
2026-03-04 09:00:00,9024.0,9034.0,8938.0,8942.0,77502.0,368415.0,367636.0
2026-03-04 09:30:00,8942.0,8988.0,8940.0,8976.0,32023.0,367636.0,366852.0
2026-03-04 10:00:00,8976.0,8986.0,8966.0,8982.0,10503.0,366852.0,366539.0
2026-03-04 10:30:00,8976.0,8992.0,8952.0,8972.0,29712.0,366539.0,367163.0
2026-03-04 11:00:00,8972.0,9008.0,8968.0,8978.0,25325.0,367163.0,364528.0
2026-03-04 13:30:00,8986.0,9010.0,8970.0,8998.0,26695.0,364528.0,364581.0
2026-03-04 14:00:00,8998.0,9004.0,8990.0,8996.0,14913.0,364581.0,363811.0
2026-03-04 14:30:00,8996.0,9008.0,8990.0,9002.0,23160.0,363811.0,361707.0
2026-03-04 21:00:00,8966.0,8972.0,8890.0,8918.0,84298.0,361707.0,362943.0
2026-03-04 21:30:00,8918.0,8940.0,8912.0,8938.0,31033.0,362943.0,364432.0
2026-03-04 22:00:00,8938.0,8950.0,8900.0,8920.0,37830.0,364432.0,366971.0
2026-03-04 22:30:00,8920.0,8954.0,8918.0,8940.0,33012.0,366971.0,362234.0
2026-03-05 09:00:00,8960.0,8984.0,8956.0,8970.0,30106.0,362234.0,362438.0
2026-03-05 09:30:00,8970.0,8970.0,8946.0,8952.0,17719.0,362438.0,362915.0
2026-03-05 10:00:00,8952.0,8972.0,8950.0,8972.0,9828.0,362915.0,360549.0
2026-03-05 10:30:00,8970.0,8994.0,8956.0,8988.0,28379.0,360549.0,360597.0
2026-03-05 11:00:00,8988.0,9000.0,8962.0,8984.0,29276.0,360597.0,362044.0
2026-03-05 13:30:00,9046.0,9100.0,9032.0,9056.0,97050.0,362044.0,362016.0
2026-03-05 14:00:00,9056.0,9090.0,9044.0,9074.0,35860.0,362016.0,365640.0
2026-03-05 14:30:00,9074.0,9128.0,9066.0,9070.0,82084.0,365640.0,364671.0
2026-03-05 21:00:00,9072.0,9112.0,9046.0,9066.0,64064.0,364671.0,363117.0
2026-03-05 21:30:00,9066.0,9132.0,9062.0,9120.0,46332.0,363117.0,369464.0
2026-03-05 22:00:00,9120.0,9136.0,9100.0,9118.0,38416.0,369464.0,370529.0
2026-03-05 22:30:00,9118.0,9156.0,9110.0,9152.0,45636.0,370529.0,372045.0
2026-03-06 09:00:00,9190.0,9194.0,9092.0,9116.0,71593.0,372045.0,366878.0
2026-03-06 09:30:00,9116.0,9186.0,9110.0,9178.0,45574.0,366878.0,369171.0
2026-03-06 10:00:00,9178.0,9180.0,9140.0,9156.0,18896.0,369171.0,367990.0
2026-03-06 10:30:00,9162.0,9184.0,9148.0,9178.0,35326.0,367990.0,368720.0
2026-03-06 11:00:00,9178.0,9200.0,9166.0,9178.0,33767.0,368720.0,371425.0
2026-03-06 13:30:00,9178.0,9224.0,9162.0,9210.0,45739.0,371425.0,375370.0
2026-03-06 14:00:00,9210.0,9248.0,9208.0,9246.0,37494.0,375370.0,380921.0
2026-03-06 14:30:00,9246.0,9246.0,9194.0,9218.0,46573.0,380921.0,375530.0
2026-03-06 21:00:00,9392.0,9470.0,9360.0,9450.0,175060.0,375530.0,386808.0
2026-03-06 21:30:00,9450.0,9520.0,9378.0,9500.0,110997.0,386808.0,400253.0
2026-03-06 22:00:00,9500.0,9542.0,9482.0,9498.0,61907.0,400253.0,399864.0
2026-03-06 22:30:00,9498.0,9510.0,9440.0,9454.0,75978.0,399864.0,390991.0
2026-03-09 09:00:00,9760.0,9788.0,9726.0,9788.0,48539.0,390991.0,392911.0
2026-03-09 09:30:00,9788.0,9788.0,9788.0,9788.0,2573.0,392911.0,391881.0
2026-03-09 10:00:00,9788.0,9788.0,9788.0,9788.0,957.0,391881.0,391333.0
2026-03-09 10:30:00,9788.0,9788.0,9788.0,9788.0,1979.0,391333.0,391061.0
2026-03-09 11:00:00,9788.0,9788.0,9788.0,9788.0,1407.0,391061.0,390726.0
2026-03-09 13:30:00,9788.0,9788.0,9574.0,9624.0,223447.0,390726.0,378279.0
2026-03-09 14:00:00,9624.0,9700.0,9570.0,9642.0,97861.0,378279.0,382896.0
2026-03-09 14:30:00,9642.0,9788.0,9612.0,9720.0,92238.0,382896.0,385075.0
2026-03-09 21:00:00,9676.0,9678.0,9558.0,9598.0,144670.0,385075.0,377886.0
2026-03-09 21:30:00,9598.0,9648.0,9524.0,9618.0,106229.0,377886.0,378353.0
2026-03-09 22:00:00,9618.0,9724.0,9602.0,9710.0,75735.0,378353.0,380595.0
2026-03-09 22:30:00,9710.0,9748.0,9662.0,9742.0,64239.0,380595.0,377971.0
2026-03-10 09:00:00,9464.0,9464.0,9240.0,9320.0,178981.0,377971.0,350822.0
2026-03-10 09:30:00,9320.0,9340.0,9252.0,9314.0,80233.0,350822.0,343896.0
2026-03-10 10:00:00,9314.0,9328.0,9306.0,9320.0,15569.0,343896.0,341727.0
2026-03-10 10:30:00,9320.0,9422.0,9320.0,9406.0,61512.0,341727.0,343632.0
2026-03-10 11:00:00,9406.0,9448.0,9398.0,9448.0,41564.0,343632.0,342918.0
2026-03-10 13:30:00,9422.0,9424.0,9372.0,9410.0,46634.0,342918.0,342122.0
2026-03-10 14:00:00,9410.0,9452.0,9402.0,9428.0,26905.0,342122.0,341926.0
2026-03-10 14:30:00,9428.0,9466.0,9428.0,9462.0,40131.0,341926.0,338307.0
2026-03-10 21:00:00,9472.0,9512.0,9410.0,9424.0,94777.0,338307.0,340827.0
2026-03-10 21:30:00,9424.0,9450.0,9398.0,9448.0,51191.0,340827.0,342831.0
2026-03-10 22:00:00,9448.0,9466.0,9404.0,9408.0,50230.0,342831.0,339708.0
2026-03-10 22:30:00,9408.0,9412.0,9330.0,9348.0,61196.0,339708.0,333049.0
2026-03-11 09:00:00,9368.0,9458.0,9366.0,9436.0,56819.0,333049.0,335908.0
2026-03-11 09:30:00,9436.0,9474.0,9434.0,9460.0,24210.0,335908.0,338590.0
2026-03-11 10:00:00,9460.0,9482.0,9460.0,9462.0,12362.0,338590.0,339955.0
2026-03-11 10:30:00,9470.0,9506.0,9448.0,9492.0,40343.0,339955.0,342819.0
2026-03-11 11:00:00,9492.0,9514.0,9478.0,9514.0,29652.0,342819.0,342925.0
2026-03-11 13:30:00,9518.0,9528.0,9490.0,9526.0,32923.0,342925.0,343757.0
2026-03-11 14:00:00,9526.0,9536.0,9512.0,9536.0,21915.0,343757.0,341826.0
2026-03-11 14:30:00,9536.0,9562.0,9514.0,9526.0,32148.0,341826.0,339375.0
2026-03-11 21:00:00,9658.0,9700.0,9624.0,9658.0,95235.0,339375.0,344482.0
2026-03-11 21:30:00,9658.0,9664.0,9588.0,9590.0,63092.0,344482.0,342882.0
2026-03-11 22:00:00,9590.0,9624.0,9576.0,9622.0,38549.0,342882.0,342180.0
2026-03-11 22:30:00,9622.0,9630.0,9598.0,9612.0,24916.0,342180.0,339919.0
2026-03-12 09:00:00,9700.0,9784.0,9662.0,9728.0,98490.0,339919.0,347852.0
2026-03-12 09:30:00,9728.0,9864.0,9726.0,9852.0,69249.0,347852.0,358215.0
2026-03-12 10:00:00,9852.0,9858.0,9834.0,9852.0,19778.0,358215.0,359175.0
2026-03-12 10:30:00,9842.0,9842.0,9726.0,9742.0,84413.0,359175.0,350047.0
2026-03-12 11:00:00,9742.0,9806.0,9730.0,9790.0,37086.0,350047.0,347967.0
2026-03-12 13:30:00,9746.0,9746.0,9650.0,9680.0,83292.0,347967.0,341948.0
2026-03-12 14:00:00,9680.0,9742.0,9676.0,9690.0,37887.0,341948.0,342414.0
2026-03-12 14:30:00,9690.0,9716.0,9642.0,9684.0,36292.0,342414.0,338494.0
2026-03-12 21:00:00,9714.0,9750.0,9654.0,9748.0,80603.0,338494.0,345788.0
2026-03-12 21:30:00,9748.0,9762.0,9716.0,9752.0,43426.0,345788.0,345037.0
2026-03-12 22:00:00,9752.0,9818.0,9736.0,9816.0,55063.0,345037.0,349662.0
2026-03-12 22:30:00,9816.0,9826.0,9786.0,9818.0,43667.0,349662.0,345296.0
2026-03-13 09:00:00,9790.0,9814.0,9754.0,9772.0,65385.0,345296.0,346045.0
2026-03-13 09:30:00,9772.0,9846.0,9768.0,9828.0,44467.0,346045.0,352455.0
2026-03-13 10:00:00,9828.0,9838.0,9812.0,9830.0,11524.0,352455.0,351658.0
2026-03-13 10:30:00,9832.0,9888.0,9772.0,9862.0,70517.0,351658.0,358556.0
2026-03-13 11:00:00,9862.0,9876.0,9830.0,9838.0,32488.0,358556.0,356664.0
2026-03-13 13:30:00,9826.0,9828.0,9744.0,9746.0,58561.0,356664.0,348556.0
2026-03-13 14:00:00,9746.0,9762.0,9676.0,9726.0,68853.0,348556.0,341348.0
2026-03-13 14:30:00,9726.0,9778.0,9706.0,9768.0,43745.0,341348.0,340134.0
2026-03-13 21:00:00,9746.0,9838.0,9722.0,9770.0,82653.0,340134.0,344243.0
2026-03-13 21:30:00,9770.0,9850.0,9762.0,9848.0,60140.0,344243.0,350354.0
2026-03-13 22:00:00,9848.0,9914.0,9812.0,9828.0,98220.0,350354.0,352621.0
2026-03-13 22:30:00,9828.0,9898.0,9826.0,9880.0,42024.0,352621.0,348524.0
2026-03-16 09:00:00,9812.0,10018.0,9772.0,10002.0,173123.0,348524.0,353158.0
2026-03-16 09:30:00,10002.0,10012.0,9954.0,9990.0,59733.0,353158.0,360968.0
2026-03-16 10:00:00,9990.0,10014.0,9974.0,9988.0,22249.0,360968.0,362169.0
2026-03-16 10:30:00,9984.0,10026.0,9940.0,9954.0,68325.0,362169.0,360315.0
2026-03-16 11:00:00,9954.0,10040.0,9938.0,10022.0,75223.0,360315.0,365174.0
2026-03-16 13:30:00,10032.0,10050.0,9952.0,9962.0,47397.0,365174.0,361811.0
2026-03-16 14:00:00,9962.0,10042.0,9956.0,9990.0,52499.0,361811.0,363243.0
2026-03-16 14:30:00,9990.0,10028.0,9980.0,10010.0,36928.0,363243.0,359666.0
2026-03-16 21:00:00,9940.0,9978.0,9880.0,9924.0,92437.0,359666.0,361966.0
2026-03-16 21:30:00,9924.0,9952.0,9818.0,9842.0,99374.0,361966.0,350073.0
2026-03-16 22:00:00,9842.0,9884.0,9830.0,9858.0,50858.0,350073.0,347625.0
2026-03-16 22:30:00,9858.0,9912.0,9858.0,9900.0,35943.0,347625.0,346189.0
2026-03-17 09:00:00,9858.0,9890.0,9830.0,9880.0,58240.0,346189.0,349977.0
2026-03-17 09:30:00,9880.0,9942.0,9874.0,9932.0,41771.0,349977.0,355316.0
2026-03-17 10:00:00,9932.0,9952.0,9928.0,9936.0,14127.0,355316.0,355772.0
2026-03-17 10:30:00,9934.0,9948.0,9908.0,9936.0,33329.0,355772.0,357250.0
2026-03-17 11:00:00,9936.0,9938.0,9890.0,9906.0,29406.0,357250.0,355077.0
2026-03-17 13:30:00,9900.0,9938.0,9858.0,9926.0,46679.0,355077.0,358348.0
2026-03-17 14:00:00,9926.0,9936.0,9908.0,9926.0,25631.0,358348.0,358527.0
2026-03-17 14:30:00,9926.0,9966.0,9908.0,9954.0,38946.0,358527.0,360226.0
2026-03-17 21:00:00,9964.0,9992.0,9922.0,9960.0,77304.0,360226.0,368074.0
2026-03-17 21:30:00,9960.0,9976.0,9918.0,9934.0,45933.0,368074.0,368998.0
2026-03-17 22:00:00,9934.0,9964.0,9910.0,9934.0,41893.0,368998.0,368345.0
2026-03-17 22:30:00,9934.0,9938.0,9870.0,9876.0,46063.0,368345.0,364903.0
2026-03-18 09:00:00,9860.0,9914.0,9840.0,9892.0,50396.0,364903.0,365319.0
2026-03-18 09:30:00,9892.0,9914.0,9792.0,9822.0,63909.0,365319.0,358231.0
2026-03-18 10:00:00,9822.0,9836.0,9790.0,9832.0,28483.0,358231.0,355127.0
2026-03-18 10:30:00,9830.0,9840.0,9756.0,9790.0,52674.0,355127.0,352126.0
2026-03-18 11:00:00,9790.0,9806.0,9732.0,9752.0,48737.0,352126.0,345426.0
2026-03-18 13:30:00,9714.0,9732.0,9684.0,9688.0,58177.0,345426.0,337862.0
2026-03-18 14:00:00,9688.0,9724.0,9686.0,9700.0,24681.0,337862.0,336356.0
2026-03-18 14:30:00,9700.0,9720.0,9666.0,9692.0,43161.0,336356.0,332859.0
2026-03-18 21:00:00,9834.0,9882.0,9804.0,9830.0,101494.0,332859.0,331586.0
2026-03-18 21:30:00,9830.0,9850.0,9786.0,9834.0,61000.0,331586.0,332129.0
2026-03-18 22:00:00,9834.0,9850.0,9792.0,9834.0,41282.0,332129.0,331414.0
2026-03-18 22:30:00,9834.0,9854.0,9820.0,9844.0,30990.0,331414.0,329488.0
2026-03-19 09:00:00,9862.0,9902.0,9814.0,9822.0,57209.0,329488.0,332423.0
2026-03-19 09:30:00,9822.0,9838.0,9802.0,9834.0,28035.0,332423.0,332216.0
2026-03-19 10:00:00,9834.0,9856.0,9814.0,9820.0,15100.0,332216.0,332466.0
2026-03-19 10:30:00,9816.0,9822.0,9744.0,9776.0,52150.0,332466.0,329768.0
2026-03-19 11:00:00,9776.0,9806.0,9762.0,9784.0,24149.0,329768.0,330543.0
2026-03-19 13:30:00,9778.0,9788.0,9754.0,9786.0,26648.0,330543.0,332225.0
2026-03-19 14:00:00,9786.0,9808.0,9758.0,9768.0,23968.0,332225.0,331380.0
2026-03-19 14:30:00,9768.0,9808.0,9762.0,9796.0,29175.0,331380.0,331096.0
2026-03-19 21:00:00,9796.0,9836.0,9674.0,9714.0,98383.0,331096.0,327960.0
2026-03-19 21:30:00,9714.0,9758.0,9710.0,9750.0,45032.0,327960.0,327403.0
2026-03-19 22:00:00,9750.0,9772.0,9700.0,9740.0,33738.0,327403.0,326278.0
2026-03-19 22:30:00,9740.0,9764.0,9730.0,9738.0,21415.0,326278.0,323572.0
2026-03-20 09:00:00,9708.0,9722.0,9660.0,9666.0,54999.0,323572.0,324486.0
2026-03-20 09:30:00,9666.0,9702.0,9646.0,9680.0,35053.0,324486.0,322286.0
2026-03-20 10:00:00,9680.0,9714.0,9678.0,9710.0,9580.0,322286.0,322280.0
2026-03-20 10:30:00,9712.0,9728.0,9696.0,9710.0,19127.0,322280.0,322532.0
2026-03-20 11:00:00,9710.0,9782.0,9706.0,9782.0,24153.0,322532.0,321995.0
2026-03-20 13:30:00,9788.0,9790.0,9756.0,9760.0,24839.0,321995.0,324172.0
2026-03-20 14:00:00,9760.0,9776.0,9750.0,9758.0,14379.0,324172.0,323169.0
2026-03-20 14:30:00,9758.0,9760.0,9704.0,9718.0,26712.0,323169.0,319450.0
2026-03-20 21:00:00,9732.0,9750.0,9710.0,9746.0,39348.0,319450.0,320430.0
2026-03-20 21:30:00,9746.0,9782.0,9730.0,9776.0,39215.0,320430.0,318852.0
2026-03-20 22:00:00,9776.0,9776.0,9650.0,9672.0,45251.0,318852.0,319538.0
2026-03-20 22:30:00,9672.0,9726.0,9670.0,9724.0,24976.0,319538.0,316014.0
2026-03-23 09:00:00,9718.0,9788.0,9696.0,9766.0,51974.0,316014.0,317651.0
2026-03-23 09:30:00,9766.0,9882.0,9766.0,9864.0,63897.0,317651.0,322395.0
2026-03-23 10:00:00,9864.0,9870.0,9810.0,9834.0,29509.0,322395.0,318937.0
2026-03-23 10:30:00,9836.0,9928.0,9836.0,9928.0,46083.0,318937.0,323195.0
2026-03-23 11:00:00,9928.0,9960.0,9896.0,9946.0,45595.0,323195.0,325278.0
2026-03-23 13:30:00,9938.0,9938.0,9888.0,9912.0,30118.0,325278.0,321352.0
2026-03-23 14:00:00,9912.0,9956.0,9902.0,9928.0,23593.0,321352.0,321914.0
2026-03-23 14:30:00,9928.0,9950.0,9916.0,9942.0,25593.0,321914.0,317752.0
2026-03-23 21:00:00,9690.0,9734.0,9532.0,9712.0,143900.0,317752.0,303176.0
2026-03-23 21:30:00,9712.0,9730.0,9652.0,9684.0,40499.0,303176.0,302113.0
2026-03-23 22:00:00,9684.0,9686.0,9586.0,9616.0,49656.0,302113.0,300748.0
2026-03-23 22:30:00,9616.0,9646.0,9588.0,9588.0,30809.0,300748.0,295065.0
2026-03-24 09:00:00,9660.0,9750.0,9654.0,9708.0,57967.0,295065.0,294141.0
2026-03-24 09:30:00,9708.0,9736.0,9674.0,9726.0,35870.0,294141.0,294347.0
2026-03-24 10:00:00,9726.0,9770.0,9720.0,9756.0,14932.0,294347.0,296103.0
2026-03-24 10:30:00,9756.0,9774.0,9722.0,9730.0,32356.0,296103.0,293914.0
2026-03-24 11:00:00,9730.0,9772.0,9724.0,9740.0,18433.0,293914.0,293935.0
2026-03-24 13:30:00,9750.0,9772.0,9734.0,9734.0,16440.0,293935.0,294392.0
2026-03-24 14:00:00,9734.0,9736.0,9630.0,9654.0,42244.0,294392.0,291618.0
2026-03-24 14:30:00,9654.0,9678.0,9640.0,9644.0,28944.0,291618.0,290185.0
2026-03-24 21:00:00,9652.0,9666.0,9630.0,9662.0,42194.0,290185.0,292688.0
2026-03-24 21:30:00,9662.0,9676.0,9640.0,9664.0,29682.0,292688.0,292694.0
2026-03-24 22:00:00,9664.0,9670.0,9620.0,9628.0,27667.0,292694.0,292804.0
2026-03-24 22:30:00,9628.0,9648.0,9606.0,9616.0,26740.0,292804.0,290047.0
2026-03-25 09:00:00,9496.0,9514.0,9464.0,9508.0,86372.0,290047.0,284107.0
2026-03-25 09:30:00,9508.0,9528.0,9484.0,9512.0,27637.0,284107.0,285625.0
2026-03-25 10:00:00,9512.0,9538.0,9506.0,9532.0,9368.0,285625.0,286057.0
2026-03-25 10:30:00,9534.0,9554.0,9526.0,9550.0,23426.0,286057.0,286879.0
2026-03-25 11:00:00,9550.0,9550.0,9492.0,9520.0,26807.0,286879.0,286920.0
2026-03-25 13:30:00,9522.0,9564.0,9520.0,9550.0,29151.0,286920.0,289096.0
2026-03-25 14:00:00,9550.0,9570.0,9518.0,9528.0,20081.0,289096.0,289186.0
2026-03-25 14:30:00,9528.0,9552.0,9506.0,9510.0,22267.0,289186.0,285114.0
2026-03-25 21:00:00,9530.0,9534.0,9482.0,9496.0,47198.0,285114.0,287075.0
2026-03-25 21:30:00,9496.0,9522.0,9484.0,9516.0,27570.0,287075.0,286284.0
2026-03-25 22:00:00,9516.0,9532.0,9496.0,9524.0,20882.0,286284.0,285741.0
2026-03-25 22:30:00,9524.0,9530.0,9508.0,9526.0,12179.0,285741.0,283786.0
2026-03-26 09:00:00,9586.0,9604.0,9540.0,9574.0,50719.0,283786.0,283247.0
2026-03-26 09:30:00,9574.0,9582.0,9552.0,9558.0,18584.0,283247.0,282364.0
2026-03-26 10:00:00,9558.0,9558.0,9542.0,9548.0,8034.0,282364.0,282259.0
2026-03-26 10:30:00,9546.0,9632.0,9544.0,9622.0,41686.0,282259.0,283996.0
2026-03-26 11:00:00,9622.0,9630.0,9598.0,9618.0,24234.0,283996.0,282739.0
2026-03-26 13:30:00,9616.0,9640.0,9616.0,9630.0,25270.0,282739.0,283156.0
2026-03-26 14:00:00,9630.0,9632.0,9604.0,9626.0,17704.0,283156.0,282595.0
2026-03-26 14:30:00,9626.0,9640.0,9606.0,9614.0,27936.0,282595.0,279944.0
2026-03-26 21:00:00,9660.0,9680.0,9622.0,9626.0,43070.0,279944.0,280500.0
2026-03-26 21:30:00,9626.0,9634.0,9582.0,9590.0,32611.0,280500.0,278562.0
2026-03-26 22:00:00,9590.0,9644.0,9588.0,9636.0,24784.0,278562.0,278020.0
2026-03-26 22:30:00,9636.0,9650.0,9614.0,9648.0,23698.0,278020.0,275547.0
2026-03-27 09:00:00,9632.0,9642.0,9602.0,9606.0,27526.0,275547.0,274865.0
2026-03-27 09:30:00,9606.0,9620.0,9596.0,9606.0,15702.0,274865.0,274077.0
2026-03-27 10:00:00,9606.0,9632.0,9592.0,9622.0,14536.0,274077.0,273790.0
2026-03-27 10:30:00,9626.0,9658.0,9604.0,9646.0,35786.0,273790.0,276277.0
2026-03-27 11:00:00,9646.0,9680.0,9646.0,9676.0,22090.0,276277.0,276104.0
2026-03-27 13:30:00,9676.0,9710.0,9670.0,9698.0,36003.0,276104.0,282427.0
2026-03-27 14:00:00,9698.0,9746.0,9694.0,9732.0,34514.0,282427.0,287666.0
2026-03-27 14:30:00,9732.0,9770.0,9726.0,9768.0,37845.0,287666.0,288414.0
2026-03-27 21:00:00,9808.0,9842.0,9790.0,9808.0,56205.0,288414.0,291551.0
2026-03-27 21:30:00,9808.0,9818.0,9774.0,9780.0,28889.0,291551.0,290162.0
2026-03-27 22:00:00,9780.0,9780.0,9720.0,9730.0,40494.0,290162.0,286308.0
2026-03-27 22:30:00,9730.0,9734.0,9668.0,9692.0,43840.0,286308.0,277885.0
2026-03-30 09:00:00,9760.0,9790.0,9734.0,9754.0,52242.0,277885.0,274148.0
2026-03-30 09:30:00,9754.0,9770.0,9726.0,9740.0,21293.0,274148.0,272842.0
2026-03-30 10:00:00,9740.0,9788.0,9738.0,9786.0,16445.0,272842.0,274020.0
2026-03-30 10:30:00,9788.0,9800.0,9744.0,9750.0,35955.0,274020.0,270331.0
2026-03-30 11:00:00,9750.0,9756.0,9706.0,9718.0,28026.0,270331.0,266080.0
2026-03-30 13:30:00,9736.0,9770.0,9734.0,9744.0,25930.0,266080.0,266920.0
2026-03-30 14:00:00,9744.0,9762.0,9740.0,9758.0,13050.0,266920.0,266549.0
2026-03-30 14:30:00,9758.0,9974.0,9738.0,9930.0,138832.0,266549.0,280149.0
2026-03-30 21:00:00,9950.0,9980.0,9884.0,9980.0,85505.0,280149.0,278717.0
2026-03-30 21:30:00,9980.0,10076.0,9958.0,10058.0,96248.0,278717.0,288193.0
2026-03-30 22:00:00,10058.0,10082.0,9996.0,9996.0,55795.0,288193.0,284554.0
2026-03-30 22:30:00,9996.0,10022.0,9978.0,10004.0,40459.0,284554.0,279236.0
2026-03-31 09:00:00,10006.0,10020.0,9910.0,9912.0,76895.0,279236.0,271467.0
2026-03-31 09:30:00,9912.0,9928.0,9808.0,9872.0,81956.0,271467.0,261499.0
2026-03-31 10:00:00,9872.0,9894.0,9830.0,9886.0,25102.0,261499.0,260363.0
2026-03-31 10:30:00,9884.0,9918.0,9862.0,9884.0,33746.0,260363.0,258171.0
2026-03-31 11:00:00,9884.0,9898.0,9864.0,9876.0,18531.0,258171.0,254864.0
2026-03-31 13:30:00,9882.0,9900.0,9840.0,9842.0,25658.0,254864.0,252144.0
2026-03-31 14:00:00,9842.0,9884.0,9832.0,9878.0,26673.0,252144.0,249305.0
2026-03-31 14:30:00,9878.0,9880.0,9856.0,9866.0,20956.0,249305.0,245751.0
2026-03-31 21:00:00,10060.0,10192.0,10012.0,10124.0,165752.0,245751.0,260127.0
2026-03-31 21:30:00,10124.0,10124.0,10056.0,10082.0,50776.0,260127.0,256354.0
2026-03-31 22:00:00,10082.0,10096.0,10038.0,10066.0,36036.0,256354.0,252502.0
2026-03-31 22:30:00,10066.0,10112.0,10046.0,10094.0,26921.0,252502.0,249637.0
2026-04-01 09:00:00,10040.0,10040.0,9942.0,9962.0,70921.0,249637.0,245401.0
2026-04-01 09:30:00,9962.0,10024.0,9962.0,10024.0,26253.0,245401.0,244405.0
2026-04-01 10:00:00,10024.0,10036.0,9978.0,9998.0,16198.0,244405.0,242944.0
2026-04-01 10:30:00,9994.0,10030.0,9956.0,10000.0,35579.0,242944.0,239744.0
2026-04-01 11:00:00,10000.0,10030.0,9984.0,10010.0,24611.0,239744.0,236026.0
2026-04-01 13:30:00,9996.0,9996.0,9906.0,9924.0,59322.0,236026.0,229960.0
2026-04-01 14:00:00,9924.0,9934.0,9834.0,9860.0,57743.0,229960.0,226716.0
2026-04-01 14:30:00,9860.0,9872.0,9778.0,9780.0,64771.0,226716.0,218125.0
2026-04-01 21:00:00,9830.0,9850.0,9792.0,9804.0,49949.0,218125.0,216546.0
2026-04-01 21:30:00,9804.0,9808.0,9736.0,9776.0,43257.0,216546.0,214665.0
2026-04-01 22:00:00,9776.0,9798.0,9760.0,9780.0,20445.0,214665.0,213610.0
2026-04-01 22:30:00,9780.0,9792.0,9750.0,9760.0,18726.0,213610.0,211027.0
2026-04-02 09:00:00,9748.0,9902.0,9722.0,9890.0,78067.0,211027.0,211913.0
2026-04-02 09:30:00,9890.0,9946.0,9880.0,9928.0,41074.0,211913.0,211475.0
2026-04-02 10:00:00,9928.0,9948.0,9916.0,9948.0,13386.0,211475.0,211320.0
2026-04-02 10:30:00,9948.0,9982.0,9928.0,9974.0,26753.0,211320.0,211673.0
2026-04-02 11:00:00,9974.0,10000.0,9964.0,9974.0,23960.0,211673.0,212498.0
2026-04-02 13:30:00,9996.0,10028.0,9974.0,10026.0,32359.0,212498.0,212541.0
2026-04-02 14:00:00,10026.0,10026.0,9974.0,9996.0,25701.0,212541.0,210987.0
2026-04-02 14:30:00,9996.0,10006.0,9964.0,9974.0,24063.0,210987.0,206246.0
2026-04-02 21:00:00,10048.0,10086.0,9928.0,9974.0,64744.0,206246.0,204758.0
2026-04-02 21:30:00,9974.0,10006.0,9958.0,9972.0,34141.0,204758.0,205207.0
2026-04-02 22:00:00,9972.0,9988.0,9920.0,9942.0,25275.0,205207.0,202172.0
2026-04-02 22:30:00,9942.0,9950.0,9890.0,9920.0,30866.0,202172.0,198215.0
2026-04-03 09:00:00,9954.0,9954.0,9896.0,9912.0,31607.0,198215.0,195970.0
2026-04-03 09:30:00,9912.0,9942.0,9906.0,9940.0,12910.0,195970.0,195457.0
2026-04-03 10:00:00,9940.0,9940.0,9910.0,9918.0,5682.0,195457.0,194570.0
2026-04-03 10:30:00,9920.0,9936.0,9876.0,9930.0,24025.0,194570.0,194132.0
2026-04-03 11:00:00,9930.0,9934.0,9888.0,9914.0,12405.0,194132.0,193057.0
2026-04-03 13:30:00,9916.0,9958.0,9904.0,9954.0,20245.0,193057.0,192251.0
2026-04-03 14:00:00,9954.0,9968.0,9932.0,9944.0,18237.0,192251.0,190537.0
2026-04-03 14:30:00,9944.0,9968.0,9920.0,9938.0,20014.0,190537.0,187313.0
2026-04-07 09:00:00,9996.0,10004.0,9884.0,9922.0,44050.0,187313.0,188226.0
2026-04-07 09:30:00,9922.0,9972.0,9906.0,9968.0,22541.0,188226.0,186922.0
2026-04-07 10:00:00,9968.0,9972.0,9950.0,9964.0,9568.0,186922.0,184522.0
2026-04-07 10:30:00,9966.0,9986.0,9932.0,9972.0,21479.0,184522.0,183109.0
2026-04-07 11:00:00,9972.0,9994.0,9950.0,9990.0,15509.0,183109.0,182949.0
2026-04-07 13:30:00,9994.0,9998.0,9930.0,9934.0,25349.0,182949.0,178142.0
2026-04-07 14:00:00,9934.0,9952.0,9880.0,9936.0,27937.0,178142.0,175406.0
2026-04-07 14:30:00,9936.0,9938.0,9908.0,9912.0,15294.0,175406.0,173042.0
2026-04-07 21:00:00,9968.0,9988.0,9896.0,9916.0,86616.0,173042.0,307275.0
2026-04-07 21:30:00,9916.0,9948.0,9892.0,9940.0,30723.0,307275.0,305946.0
2026-04-07 22:00:00,9940.0,9940.0,9900.0,9914.0,20058.0,305946.0,304326.0
2026-04-07 22:30:00,9914.0,9924.0,9872.0,9900.0,29725.0,304326.0,300044.0
2026-04-08 09:00:00,9612.0,9650.0,9402.0,9610.0,138981.0,300044.0,297738.0
2026-04-08 09:30:00,9610.0,9628.0,9578.0,9606.0,40576.0,297738.0,299864.0
2026-04-08 10:00:00,9606.0,9628.0,9596.0,9626.0,15665.0,299864.0,301050.0
2026-04-08 10:30:00,9626.0,9668.0,9606.0,9664.0,31965.0,301050.0,305362.0
2026-04-08 11:00:00,9664.0,9668.0,9612.0,9628.0,19934.0,305362.0,305508.0
2026-04-08 13:30:00,9624.0,9624.0,9562.0,9600.0,41793.0,305508.0,309600.0
2026-04-08 14:00:00,9600.0,9608.0,9558.0,9558.0,29269.0,309600.0,308275.0
2026-04-08 14:30:00,9558.0,9576.0,9548.0,9568.0,34915.0,308275.0,306120.0
2026-04-08 21:00:00,9530.0,9560.0,9508.0,9560.0,57876.0,306120.0,313409.0
2026-04-08 21:30:00,9560.0,9578.0,9554.0,9576.0,19260.0,313409.0,313796.0
2026-04-08 22:00:00,9576.0,9582.0,9562.0,9574.0,16356.0,313796.0,314542.0
2026-04-08 22:30:00,9574.0,9616.0,9572.0,9608.0,28342.0,314542.0,314382.0
2026-04-09 09:00:00,9644.0,9678.0,9632.0,9672.0,44245.0,314382.0,316965.0
2026-04-09 09:30:00,9672.0,9672.0,9612.0,9626.0,27673.0,316965.0,317568.0
2026-04-09 10:00:00,9626.0,9634.0,9612.0,9628.0,10666.0,317568.0,319068.0
2026-04-09 10:30:00,9630.0,9652.0,9606.0,9652.0,24095.0,319068.0,320608.0
2026-04-09 11:00:00,9652.0,9658.0,9634.0,9650.0,13751.0,320608.0,319921.0
2026-04-09 13:30:00,9652.0,9672.0,9638.0,9646.0,23607.0,319921.0,321946.0
2026-04-09 14:00:00,9646.0,9664.0,9640.0,9658.0,13159.0,321946.0,321432.0
2026-04-09 14:30:00,9658.0,9660.0,9640.0,9650.0,22615.0,321432.0,318083.0
2026-04-09 21:00:00,9695.0,9718.0,9670.0,9688.0,62341.0,318083.0,322502.0
2026-04-09 21:30:00,9688.0,9725.0,9687.0,9723.0,35152.0,322502.0,326530.0
2026-04-09 22:00:00,9723.0,9748.0,9710.0,9730.0,34980.0,326530.0,329120.0
2026-04-09 22:30:00,9730.0,9752.0,9720.0,9750.0,33412.0,329120.0,329331.0
2026-04-10 09:00:00,9720.0,9722.0,9672.0,9682.0,64057.0,329331.0,331129.0
2026-04-10 09:30:00,9682.0,9724.0,9682.0,9692.0,32726.0,331129.0,333546.0
2026-04-10 10:00:00,9692.0,9709.0,9690.0,9701.0,10853.0,333546.0,333623.0
2026-04-10 10:30:00,9700.0,9715.0,9663.0,9681.0,43442.0,333623.0,335266.0
2026-04-10 11:00:00,9681.0,9722.0,9660.0,9718.0,41117.0,335266.0,337123.0
2026-04-10 13:30:00,9692.0,9699.0,9632.0,9668.0,65823.0,337123.0,336712.0
2026-04-10 14:00:00,9668.0,9672.0,9646.0,9662.0,22348.0,336712.0,338001.0
2026-04-10 14:30:00,9662.0,9668.0,9616.0,9621.0,44304.0,338001.0,338468.0
2026-04-10 21:00:00,9564.0,9595.0,9550.0,9575.0,63093.0,338468.0,342664.0
2026-04-10 21:30:00,9575.0,9576.0,9539.0,9553.0,46120.0,342664.0,344050.0
2026-04-10 22:00:00,9553.0,9578.0,9538.0,9543.0,27013.0,344050.0,342890.0
2026-04-10 22:30:00,9543.0,9545.0,9518.0,9540.0,37604.0,342890.0,337842.0
2026-04-13 09:00:00,9643.0,9670.0,9615.0,9635.0,75005.0,337842.0,337126.0
2026-04-13 09:30:00,9635.0,9655.0,9620.0,9625.0,28794.0,337126.0,337902.0
2026-04-13 10:00:00,9625.0,9642.0,9625.0,9630.0,9243.0,337902.0,338040.0
2026-04-13 10:30:00,9631.0,9638.0,9604.0,9627.0,30250.0,338040.0,339758.0
2026-04-13 11:00:00,9627.0,9660.0,9624.0,9650.0,29898.0,339758.0,342165.0
2026-04-13 13:30:00,9646.0,9646.0,9599.0,9615.0,32879.0,342165.0,342798.0
2026-04-13 14:00:00,9615.0,9616.0,9556.0,9563.0,44302.0,342798.0,343580.0
2026-04-13 14:30:00,9563.0,9576.0,9546.0,9546.0,30812.0,343580.0,342210.0
2026-04-13 21:00:00,9558.0,9577.0,9527.0,9559.0,56690.0,342210.0,348453.0
2026-04-13 21:30:00,9559.0,9563.0,9497.0,9501.0,59589.0,348453.0,349156.0
2026-04-13 22:00:00,9501.0,9514.0,9490.0,9503.0,34559.0,349156.0,349606.0
2026-04-13 22:30:00,9503.0,9530.0,9491.0,9525.0,25952.0,349606.0,347453.0
2026-04-14 09:00:00,9450.0,9474.0,9435.0,9455.0,68604.0,347453.0,347906.0
2026-04-14 09:30:00,9455.0,9459.0,9430.0,9443.0,24944.0,347906.0,350621.0
2026-04-14 10:00:00,9443.0,9457.0,9435.0,9453.0,11301.0,350621.0,350660.0
2026-04-14 10:30:00,9453.0,9456.0,9412.0,9427.0,46738.0,350660.0,355277.0
2026-04-14 11:00:00,9427.0,9445.0,9416.0,9440.0,33108.0,355277.0,355647.0
2026-04-14 13:30:00,9432.0,9456.0,9418.0,9425.0,30569.0,355647.0,354459.0
2026-04-14 14:00:00,9425.0,9443.0,9423.0,9431.0,22108.0,354459.0,356501.0
2026-04-14 14:30:00,9431.0,9436.0,9407.0,9433.0,33659.0,356501.0,356889.0
2026-04-14 21:00:00,9416.0,9420.0,9380.0,9393.0,60486.0,356889.0,364875.0
2026-04-14 21:30:00,9393.0,9395.0,9339.0,9361.0,59896.0,364875.0,369653.0
2026-04-14 22:00:00,9361.0,9365.0,9333.0,9336.0,37077.0,369653.0,371281.0
2026-04-14 22:30:00,9336.0,9359.0,9330.0,9351.0,28917.0,371281.0,369355.0
2026-04-15 09:00:00,9320.0,9348.0,9302.0,9329.0,54866.0,369355.0,371729.0
2026-04-15 09:30:00,9329.0,9360.0,9313.0,9353.0,29774.0,371729.0,374332.0
2026-04-15 10:00:00,9353.0,9364.0,9347.0,9363.0,8117.0,374332.0,374363.0
2026-04-15 10:30:00,9365.0,9395.0,9356.0,9395.0,43284.0,374363.0,373929.0
2026-04-15 11:00:00,9395.0,9405.0,9368.0,9386.0,28485.0,373929.0,376089.0
2026-04-15 13:30:00,9398.0,9428.0,9391.0,9415.0,38725.0,376089.0,377841.0
2026-04-15 14:00:00,9415.0,9429.0,9400.0,9407.0,27529.0,377841.0,379286.0
2026-04-15 14:30:00,9407.0,9422.0,9404.0,9411.0,25354.0,379286.0,378362.0
2026-04-15 21:00:00,9422.0,9425.0,9357.0,9359.0,57830.0,378362.0,384956.0
2026-04-15 21:30:00,9359.0,9364.0,9337.0,9344.0,47380.0,384956.0,386476.0
2026-04-15 22:00:00,9344.0,9352.0,9325.0,9326.0,31695.0,386476.0,387737.0
2026-04-15 22:30:00,9326.0,9363.0,9326.0,9363.0,31929.0,387737.0,383955.0
2026-04-16 09:00:00,9365.0,9365.0,9340.0,9358.0,34054.0,383955.0,385148.0
2026-04-16 09:30:00,9358.0,9403.0,9357.0,9395.0,36246.0,385148.0,386834.0
2026-04-16 10:00:00,9395.0,9417.0,9388.0,9417.0,17905.0,386834.0,387798.0
2026-04-16 10:30:00,9418.0,9424.0,9368.0,9382.0,44616.0,387798.0,390662.0
2026-04-16 11:00:00,9382.0,9383.0,9366.0,9376.0,22121.0,390662.0,391260.0
2026-04-16 13:30:00,9372.0,9384.0,9353.0,9377.0,32464.0,391260.0,392703.0
2026-04-16 14:00:00,9377.0,9411.0,9367.0,9406.0,33466.0,392703.0,393179.0
2026-04-16 14:30:00,9406.0,9415.0,9388.0,9402.0,34805.0,393179.0,392639.0
2026-04-16 21:00:00,9435.0,9450.0,9390.0,9398.0,61717.0,392639.0,394686.0
2026-04-16 21:30:00,9398.0,9443.0,9388.0,9432.0,51561.0,394686.0,398406.0
2026-04-16 22:00:00,9432.0,9457.0,9417.0,9454.0,47458.0,398406.0,399157.0
2026-04-16 22:30:00,9454.0,9500.0,9450.0,9489.0,56126.0,399157.0,398253.0
2026-04-17 09:00:00,9478.0,9478.0,9438.0,9452.0,46647.0,398253.0,399088.0
2026-04-17 09:30:00,9452.0,9460.0,9433.0,9457.0,27128.0,399088.0,400731.0
2026-04-17 10:00:00,9457.0,9465.0,9427.0,9439.0,16594.0,400731.0,400421.0
2026-04-17 10:30:00,9441.0,9485.0,9438.0,9470.0,39039.0,400421.0,402011.0
2026-04-17 11:00:00,9470.0,9493.0,9455.0,9479.0,29183.0,402011.0,403501.0
2026-04-17 13:30:00,9462.0,9462.0,9411.0,9444.0,44207.0,403501.0,403360.0
2026-04-17 14:00:00,9444.0,9470.0,9436.0,9463.0,22120.0,403360.0,404180.0
2026-04-17 14:30:00,9463.0,9508.0,9460.0,9492.0,53011.0,404180.0,404381.0
2026-04-17 21:00:00,9306.0,9383.0,9200.0,9355.0,154232.0,404381.0,411306.0
2026-04-17 21:30:00,9355.0,9414.0,9338.0,9392.0,72494.0,411306.0,418804.0
2026-04-17 22:00:00,9392.0,9395.0,9372.0,9382.0,27252.0,418804.0,417750.0
2026-04-17 22:30:00,9382.0,9403.0,9366.0,9399.0,30505.0,417750.0,413773.0
2026-04-20 09:00:00,9468.0,9487.0,9426.0,9487.0,75296.0,413773.0,417552.0
2026-04-20 09:30:00,9487.0,9487.0,9442.0,9465.0,30654.0,417552.0,418983.0
2026-04-20 10:00:00,9465.0,9516.0,9463.0,9493.0,29708.0,418983.0,421397.0
2026-04-20 10:30:00,9492.0,9492.0,9442.0,9474.0,41868.0,421397.0,422068.0
2026-04-20 11:00:00,9474.0,9486.0,9464.0,9481.0,21083.0,422068.0,422272.0
2026-04-20 13:30:00,9479.0,9506.0,9471.0,9497.0,32978.0,422272.0,423818.0
2026-04-20 14:00:00,9497.0,9497.0,9471.0,9495.0,23072.0,423818.0,423737.0
2026-04-20 14:30:00,9495.0,9496.0,9466.0,9486.0,32586.0,423737.0,419058.0
2026-04-20 21:00:00,9481.0,9492.0,9435.0,9438.0,59678.0,419058.0,424106.0
2026-04-20 21:30:00,9438.0,9473.0,9434.0,9469.0,36604.0,424106.0,425894.0
2026-04-20 22:00:00,9469.0,9500.0,9468.0,9473.0,43503.0,425894.0,428066.0
2026-04-20 22:30:00,9473.0,9500.0,9459.0,9488.0,36465.0,428066.0,424918.0
2026-04-21 09:00:00,9497.0,9600.0,9488.0,9583.0,125954.0,424918.0,444759.0
2026-04-21 09:30:00,9583.0,9608.0,9566.0,9598.0,55102.0,444759.0,448164.0
2026-04-21 10:00:00,9598.0,9608.0,9586.0,9586.0,22642.0,448164.0,447492.0
2026-04-21 10:30:00,9585.0,9601.0,9568.0,9592.0,39747.0,447492.0,448069.0
2026-04-21 11:00:00,9592.0,9592.0,9556.0,9572.0,30491.0,448069.0,445382.0
2026-04-21 13:30:00,9558.0,9794.0,9558.0,9772.0,222764.0,445382.0,480268.0
2026-04-21 14:00:00,9772.0,9786.0,9728.0,9732.0,108924.0,480268.0,475232.0
2026-04-21 14:30:00,9732.0,9753.0,9710.0,9730.0,84782.0,475232.0,464242.0
2026-04-21 21:00:00,9719.0,9760.0,9710.0,9728.0,106811.0,464242.0,470617.0
2026-04-21 21:30:00,9728.0,9731.0,9695.0,9730.0,69440.0,470617.0,468940.0
2026-04-21 22:00:00,9730.0,9786.0,9725.0,9773.0,92298.0,468940.0,482566.0
2026-04-21 22:30:00,9773.0,9792.0,9769.0,9775.0,52817.0,482566.0,475511.0
2026-04-22 09:00:00,9794.0,9858.0,9762.0,9831.0,126238.0,475511.0,489500.0
2026-04-22 09:30:00,9831.0,9847.0,9812.0,9835.0,41898.0,489500.0,488866.0
2026-04-22 10:00:00,9835.0,9853.0,9825.0,9826.0,22388.0,488866.0,488553.0
2026-04-22 10:30:00,9824.0,9832.0,9793.0,9822.0,53860.0,488553.0,486342.0
2026-04-22 11:00:00,9822.0,9855.0,9818.0,9831.0,40845.0,486342.0,486778.0
2026-04-22 13:30:00,9810.0,9812.0,9762.0,9795.0,96998.0,486778.0,481652.0
2026-04-22 14:00:00,9795.0,9800.0,9777.0,9792.0,32567.0,481652.0,479432.0
2026-04-22 14:30:00,9792.0,9845.0,9792.0,9822.0,72395.0,479432.0,481396.0
2026-04-22 21:00:00,9864.0,9885.0,9845.0,9853.0,106774.0,481396.0,490349.0
2026-04-22 21:30:00,9853.0,9864.0,9838.0,9851.0,42934.0,490349.0,489899.0
2026-04-22 22:00:00,9851.0,9863.0,9831.0,9854.0,41961.0,489899.0,491527.0
2026-04-22 22:30:00,9854.0,9863.0,9832.0,9833.0,37908.0,491527.0,488859.0
2026-04-23 09:00:00,9815.0,9838.0,9780.0,9797.0,89559.0,488859.0,489717.0
2026-04-23 09:30:00,9797.0,9798.0,9730.0,9753.0,81052.0,489717.0,482934.0
2026-04-23 10:00:00,9753.0,9781.0,9751.0,9779.0,27854.0,482934.0,483821.0
2026-04-23 10:30:00,9779.0,9829.0,9771.0,9823.0,58147.0,483821.0,486547.0
2026-04-23 11:00:00,9823.0,9847.0,9806.0,9824.0,53862.0,486547.0,484790.0
2026-04-23 13:30:00,9818.0,9829.0,9794.0,9803.0,43322.0,484790.0,482479.0
2026-04-23 14:00:00,9803.0,9814.0,9772.0,9796.0,46274.0,482479.0,479121.0
2026-04-23 14:30:00,9796.0,9801.0,9766.0,9781.0,44725.0,479121.0,470399.0
2026-04-23 21:00:00,9744.0,9820.0,9740.0,9810.0,89802.0,470399.0,483764.0
2026-04-23 21:30:00,9810.0,9855.0,9802.0,9833.0,79011.0,483764.0,492876.0
2026-04-23 22:00:00,9833.0,9846.0,9805.0,9811.0,48530.0,492876.0,489738.0
2026-04-23 22:30:00,9811.0,9823.0,9798.0,9803.0,35560.0,489738.0,483989.0
2026-04-24 09:00:00,9843.0,9843.0,9803.0,9828.0,57657.0,483989.0,484304.0
2026-04-24 09:30:00,9828.0,9840.0,9772.0,9788.0,62237.0,484304.0,480227.0
2026-04-24 10:00:00,9788.0,9794.0,9763.0,9787.0,30588.0,480227.0,474999.0
2026-04-24 10:30:00,9786.0,9799.0,9756.0,9764.0,41242.0,474999.0,474437.0
2026-04-24 11:00:00,9764.0,9782.0,9752.0,9774.0,29800.0,474437.0,471291.0
2026-04-24 13:30:00,9785.0,9799.0,9757.0,9762.0,50964.0,471291.0,473264.0
2026-04-24 14:00:00,9762.0,9783.0,9711.0,9761.0,95083.0,473264.0,471294.0
2026-04-24 14:30:00,9761.0,9780.0,9745.0,9778.0,57884.0,471294.0,470423.0
2026-04-24 21:00:00,9766.0,9802.0,9748.0,9784.0,83580.0,470423.0,475421.0
2026-04-24 21:30:00,9784.0,9795.0,9764.0,9779.0,36339.0,475421.0,475614.0
2026-04-24 22:00:00,9779.0,9795.0,9771.0,9788.0,32343.0,475614.0,474658.0
2026-04-24 22:30:00,9788.0,9790.0,9766.0,9777.0,30675.0,474658.0,469870.0
2026-04-27 09:00:00,9806.0,9900.0,9806.0,9859.0,156139.0,469870.0,472145.0
2026-04-27 09:30:00,9859.0,9862.0,9825.0,9834.0,44758.0,472145.0,475382.0
2026-04-27 10:00:00,9834.0,9859.0,9831.0,9852.0,21783.0,475382.0,479737.0
2026-04-27 10:30:00,9853.0,9853.0,9811.0,9836.0,46221.0,479737.0,482588.0
2026-04-27 11:00:00,9836.0,9843.0,9784.0,9807.0,54496.0,482588.0,480469.0
2026-04-27 13:30:00,9809.0,9845.0,9802.0,9828.0,51806.0,480469.0,480713.0
2026-04-27 14:00:00,9828.0,9840.0,9800.0,9805.0,36010.0,480713.0,481752.0
2026-04-27 14:30:00,9805.0,9816.0,9784.0,9785.0,49136.0,481752.0,478632.0
2026-04-27 21:00:00,9767.0,9780.0,9728.0,9749.0,113105.0,478632.0,484984.0
2026-04-27 21:30:00,9749.0,9778.0,9742.0,9757.0,49660.0,484984.0,485848.0
2026-04-27 22:00:00,9757.0,9784.0,9743.0,9776.0,44298.0,485848.0,483393.0
2026-04-27 22:30:00,9776.0,9788.0,9770.0,9786.0,28904.0,483393.0,479058.0
2026-04-28 09:00:00,9792.0,9805.0,9763.0,9794.0,55578.0,479058.0,482866.0
2026-04-28 09:30:00,9794.0,9828.0,9771.0,9772.0,59275.0,482866.0,480491.0
2026-04-28 10:00:00,9772.0,9775.0,9745.0,9748.0,30620.0,480491.0,478183.0
2026-04-28 10:30:00,9748.0,9774.0,9682.0,9690.0,81435.0,478183.0,475700.0
2026-04-28 11:00:00,9690.0,9728.0,9672.0,9724.0,77390.0,475700.0,468313.0
2026-04-28 13:30:00,9722.0,9768.0,9701.0,9749.0,66546.0,468313.0,468530.0
2026-04-28 14:00:00,9749.0,9758.0,9733.0,9743.0,32109.0,468530.0,468495.0
2026-04-28 14:30:00,9743.0,9773.0,9725.0,9759.0,51820.0,468495.0,463101.0
2026-04-28 21:00:00,9750.0,9772.0,9724.0,9732.0,80900.0,463101.0,470099.0
2026-04-28 21:30:00,9732.0,9739.0,9688.0,9692.0,70829.0,470099.0,470497.0
2026-04-28 22:00:00,9692.0,9722.0,9684.0,9720.0,42125.0,470497.0,467667.0
2026-04-28 22:30:00,9720.0,9722.0,9654.0,9660.0,68837.0,467667.0,455584.0
2026-04-29 09:00:00,9680.0,9710.0,9671.0,9705.0,60144.0,455584.0,453947.0
2026-04-29 09:30:00,9705.0,9724.0,9685.0,9718.0,35493.0,453947.0,453027.0
2026-04-29 10:00:00,9718.0,9724.0,9705.0,9718.0,17851.0,453027.0,452795.0
2026-04-29 10:30:00,9715.0,9733.0,9676.0,9719.0,55864.0,452795.0,454945.0
2026-04-29 11:00:00,9719.0,9745.0,9713.0,9732.0,30528.0,454945.0,455390.0
2026-04-29 13:30:00,9748.0,9770.0,9736.0,9751.0,55064.0,455390.0,457731.0
2026-04-29 14:00:00,9751.0,9800.0,9750.0,9785.0,58368.0,457731.0,463441.0
2026-04-29 14:30:00,9785.0,9795.0,9762.0,9780.0,46278.0,463441.0,457444.0
2026-04-29 21:00:00,9841.0,9860.0,9805.0,9838.0,91335.0,457444.0,452065.0
2026-04-29 21:30:00,9838.0,9852.0,9809.0,9815.0,39587.0,452065.0,448841.0
2026-04-29 22:00:00,9815.0,9816.0,9778.0,9781.0,36207.0,448841.0,447405.0
2026-04-29 22:30:00,9781.0,9797.0,9773.0,9793.0,27956.0,447405.0,445442.0
2026-04-30 09:00:00,9841.0,9848.0,9811.0,9832.0,54533.0,445442.0,445666.0
2026-04-30 09:30:00,9832.0,9833.0,9798.0,9813.0,26140.0,445666.0,444066.0
2026-04-30 10:00:00,9813.0,9818.0,9802.0,9812.0,8373.0,444066.0,443645.0
2026-04-30 10:30:00,9819.0,9852.0,9819.0,9831.0,40319.0,443645.0,444532.0
2026-04-30 11:00:00,9831.0,9873.0,9831.0,9869.0,32886.0,444532.0,444726.0
2026-04-30 13:30:00,9873.0,9877.0,9824.0,9845.0,40146.0,444726.0,442035.0
2026-04-30 14:00:00,9845.0,9852.0,9822.0,9845.0,25303.0,442035.0,441196.0
2026-04-30 14:30:00,9845.0,9854.0,9821.0,9821.0,35187.0,441196.0,433100.0
2026-05-06 09:00:00,9887.0,9993.0,9870.0,9948.0,134566.0,433100.0,448961.0
2026-05-06 09:30:00,9948.0,9965.0,9915.0,9965.0,50041.0,448961.0,451494.0
2026-05-06 10:00:00,9965.0,9976.0,9935.0,9938.0,25951.0,451494.0,453872.0
2026-05-06 10:30:00,9937.0,9939.0,9878.0,9884.0,64232.0,453872.0,453062.0
2026-05-06 11:00:00,9884.0,9892.0,9846.0,9856.0,52273.0,453062.0,452892.0
2026-05-06 13:30:00,9859.0,9878.0,9827.0,9839.0,49734.0,452892.0,455295.0
2026-05-06 14:00:00,9839.0,9853.0,9804.0,9849.0,51881.0,455295.0,455376.0
2026-05-06 14:30:00,9849.0,9878.0,9844.0,9864.0,36971.0,455376.0,454936.0
2026-05-06 21:00:00,9750.0,9824.0,9701.0,9808.0,128496.0,454936.0,467480.0
2026-05-06 21:30:00,9808.0,9812.0,9770.0,9784.0,62324.0,467480.0,468748.0
2026-05-06 22:00:00,9784.0,9807.0,9774.0,9789.0,31031.0,468748.0,469265.0
2026-05-06 22:30:00,9789.0,9806.0,9783.0,9791.0,25152.0,469265.0,463789.0
2026-05-07 09:00:00,9806.0,9830.0,9763.0,9764.0,73261.0,463789.0,466558.0
2026-05-07 09:30:00,9764.0,9766.0,9710.0,9726.0,74653.0,466558.0,469716.0
2026-05-07 10:00:00,9726.0,9739.0,9705.0,9706.0,27720.0,469716.0,471221.0
2026-05-07 10:30:00,9707.0,9743.0,9676.0,9736.0,70656.0,471221.0,471160.0
2026-05-07 11:00:00,9736.0,9759.0,9735.0,9750.0,34736.0,471160.0,468641.0
2026-05-07 13:30:00,9752.0,9766.0,9746.0,9751.0,27155.0,468641.0,468260.0
2026-05-07 14:00:00,9751.0,9759.0,9728.0,9756.0,27207.0,468260.0,467333.0
2026-05-07 14:30:00,9756.0,9776.0,9746.0,9752.0,35195.0,467333.0,463822.0
2026-05-07 21:00:00,9664.0,9693.0,9632.0,9677.0,125829.0,463822.0,465660.0
2026-05-07 21:30:00,9677.0,9707.0,9677.0,9685.0,46063.0,465660.0,468963.0
2026-05-07 22:00:00,9685.0,9692.0,9649.0,9679.0,49330.0,468963.0,469792.0
2026-05-07 22:30:00,9679.0,9694.0,9676.0,9693.0,26124.0,469792.0,466603.0
2026-05-08 09:00:00,9748.0,9750.0,9716.0,9724.0,65264.0,466603.0,470223.0
2026-05-08 09:30:00,9724.0,9740.0,9708.0,9730.0,26729.0,470223.0,470564.0
2026-05-08 10:00:00,9730.0,9742.0,9720.0,9740.0,14875.0,470564.0,472132.0
2026-05-08 10:30:00,9738.0,9756.0,9702.0,9710.0,55199.0,472132.0,473808.0
2026-05-08 11:00:00,9710.0,9728.0,9671.0,9678.0,52723.0,473808.0,471828.0
2026-05-08 13:30:00,9681.0,9689.0,9661.0,9678.0,38444.0,471828.0,473755.0
2026-05-08 14:00:00,9678.0,9689.0,9658.0,9667.0,31137.0,473755.0,470999.0
2026-05-08 14:30:00,9667.0,9693.0,9664.0,9680.0,35793.0,470999.0,468975.0
2026-05-08 21:00:00,9642.0,9675.0,9640.0,9651.0,65481.0,468975.0,475817.0
2026-05-08 21:30:00,9651.0,9660.0,9632.0,9642.0,49325.0,475817.0,476636.0
2026-05-08 22:00:00,9642.0,9684.0,9641.0,9684.0,47395.0,476636.0,473227.0
2026-05-08 22:30:00,9684.0,9696.0,9681.0,9691.0,32742.0,473227.0,467867.0
2026-05-11 09:00:00,9732.0,9746.0,9714.0,9740.0,71458.0,467867.0,469015.0
2026-05-11 09:30:00,9740.0,9759.0,9727.0,9738.0,37429.0,469015.0,467449.0
2026-05-11 10:00:00,9738.0,9748.0,9726.0,9730.0,13137.0,467449.0,466959.0
2026-05-11 10:30:00,9729.0,9742.0,9715.0,9738.0,31313.0,466959.0,467182.0
2026-05-11 11:00:00,9738.0,9748.0,9698.0,9701.0,40289.0,467182.0,466645.0
2026-05-11 13:30:00,9703.0,9732.0,9703.0,9709.0,34750.0,466645.0,468270.0
2026-05-11 14:00:00,9709.0,9724.0,9703.0,9707.0,18945.0,468270.0,467949.0
2026-05-11 14:30:00,9707.0,9710.0,9660.0,9682.0,63195.0,467949.0,466097.0
2026-05-11 21:00:00,9671.0,9684.0,9636.0,9644.0,72864.0,466097.0,473466.0
2026-05-11 21:30:00,9644.0,9655.0,9611.0,9628.0,62689.0,473466.0,473359.0
2026-05-11 22:00:00,9628.0,9645.0,9627.0,9634.0,29102.0,473359.0,473116.0
2026-05-11 22:30:00,9634.0,9650.0,9631.0,9649.0,24426.0,473116.0,468854.0
2026-05-12 09:00:00,9659.0,9694.0,9648.0,9693.0,56996.0,468854.0,468286.0
2026-05-12 09:30:00,9693.0,9704.0,9663.0,9668.0,43239.0,468286.0,465503.0
2026-05-12 10:00:00,9668.0,9668.0,9616.0,9617.0,41649.0,465503.0,467031.0
2026-05-12 10:30:00,9620.0,9626.0,9591.0,9597.0,63479.0,467031.0,474770.0
2026-05-12 11:00:00,9597.0,9600.0,9553.0,9565.0,61830.0,474770.0,480710.0
2026-05-12 13:30:00,9548.0,9564.0,9520.0,9535.0,68963.0,480710.0,488812.0
2026-05-12 14:00:00,9535.0,9580.0,9534.0,9578.0,48954.0,488812.0,486892.0
2026-05-12 14:30:00,9578.0,9579.0,9563.0,9565.0,36706.0,486892.0,482989.0
2026-05-12 21:00:00,9577.0,9594.0,9569.0,9584.0,69927.0,482989.0,477001.0
2026-05-12 21:30:00,9584.0,9589.0,9566.0,9571.0,30123.0,477001.0,477622.0
2026-05-12 22:00:00,9571.0,9586.0,9568.0,9584.0,24790.0,477622.0,477322.0
2026-05-12 22:30:00,9584.0,9593.0,9571.0,9589.0,21926.0,477322.0,473817.0
2026-05-13 09:00:00,9596.0,9599.0,9541.0,9542.0,58751.0,473817.0,474938.0
2026-05-13 09:30:00,9542.0,9587.0,9542.0,9574.0,30287.0,474938.0,474912.0
2026-05-13 10:00:00,9574.0,9593.0,9570.0,9590.0,12244.0,474912.0,475012.0
2026-05-13 10:30:00,9589.0,9593.0,9514.0,9529.0,56825.0,475012.0,478620.0
2026-05-13 11:00:00,9529.0,9543.0,9515.0,9523.0,36391.0,478620.0,479769.0
2026-05-13 13:30:00,9520.0,9520.0,9490.0,9493.0,58041.0,479769.0,485246.0
2026-05-13 14:00:00,9493.0,9503.0,9477.0,9491.0,48655.0,485246.0,486947.0
2026-05-13 14:30:00,9491.0,9505.0,9489.0,9492.0,31015.0,486947.0,482998.0
2026-05-13 21:00:00,9517.0,9528.0,9493.0,9495.0,64323.0,482998.0,487090.0
2026-05-13 21:30:00,9495.0,9508.0,9484.0,9503.0,34790.0,487090.0,488956.0
2026-05-13 22:00:00,9503.0,9543.0,9499.0,9536.0,46268.0,488956.0,487871.0
2026-05-13 22:30:00,9536.0,9554.0,9521.0,9530.0,44166.0,487871.0,481496.0
2026-05-14 09:00:00,9495.0,9529.0,9495.0,9507.0,51455.0,481496.0,485094.0
2026-05-14 09:30:00,9507.0,9508.0,9452.0,9466.0,60725.0,485094.0,486871.0
2026-05-14 10:00:00,9466.0,9483.0,9462.0,9477.0,19371.0,486871.0,487717.0
2026-05-14 10:30:00,9477.0,9482.0,9441.0,9465.0,50698.0,487717.0,490844.0
2026-05-14 11:00:00,9465.0,9467.0,9442.0,9451.0,29149.0,490844.0,490537.0
2026-05-14 13:30:00,9460.0,9470.0,9425.0,9431.0,51003.0,490537.0,495865.0
2026-05-14 14:00:00,9431.0,9451.0,9424.0,9444.0,35581.0,495865.0,493996.0
2026-05-14 14:30:00,9444.0,9448.0,9404.0,9405.0,49397.0,493996.0,493665.0
2026-05-14 21:00:00,9384.0,9409.0,9366.0,9408.0,84539.0,493665.0,497524.0
2026-05-14 21:30:00,9408.0,9424.0,9404.0,9419.0,41989.0,497524.0,496046.0
2026-05-14 22:00:00,9419.0,9432.0,9412.0,9424.0,29611.0,496046.0,495890.0
2026-05-14 22:30:00,9424.0,9426.0,9406.0,9415.0,23753.0,495890.0,492980.0
2026-05-15 09:00:00,9430.0,9475.0,9430.0,9470.0,82335.0,492980.0,492407.0
2026-05-15 09:30:00,9470.0,9476.0,9433.0,9435.0,36305.0,492407.0,493029.0
2026-05-15 10:00:00,9435.0,9455.0,9431.0,9437.0,15855.0,493029.0,493293.0
2026-05-15 10:30:00,9437.0,9471.0,9430.0,9470.0,38586.0,493293.0,494616.0
2026-05-15 11:00:00,9470.0,9475.0,9444.0,9469.0,28064.0,494616.0,492104.0
2026-05-15 13:30:00,9470.0,9471.0,9424.0,9432.0,43814.0,492104.0,490457.0
2026-05-15 14:00:00,9432.0,9441.0,9418.0,9421.0,30447.0,490457.0,490060.0
2026-05-15 14:30:00,9421.0,9437.0,9407.0,9420.0,34123.0,490060.0,485649.0
2026-05-15 21:00:00,9425.0,9426.0,9380.0,9422.0,61118.0,485649.0,492004.0
2026-05-15 21:30:00,9422.0,9463.0,9417.0,9445.0,62901.0,492004.0,497469.0
2026-05-15 22:00:00,9445.0,9472.0,9439.0,9463.0,39357.0,497469.0,500100.0
2026-05-15 22:30:00,9463.0,9477.0,9451.0,9462.0,35848.0,500100.0,497210.0
2026-05-18 09:00:00,9497.0,9554.0,9495.0,9543.0,102846.0,497210.0,497747.0
2026-05-18 09:30:00,9543.0,9548.0,9506.0,9515.0,42888.0,497747.0,499470.0
2026-05-18 10:00:00,9515.0,9532.0,9512.0,9514.0,12525.0,499470.0,500307.0
2026-05-18 10:30:00,9513.0,9522.0,9499.0,9509.0,32983.0,500307.0,501059.0
2026-05-18 11:00:00,9509.0,9551.0,9508.0,9549.0,38665.0,501059.0,502313.0
2026-05-18 13:30:00,9558.0,9585.0,9558.0,9577.0,60389.0,502313.0,507576.0
2026-05-18 14:00:00,9577.0,9592.0,9566.0,9573.0,33857.0,507576.0,507545.0
2026-05-18 14:30:00,9573.0,9594.0,9570.0,9576.0,42624.0,507545.0,501872.0
2026-05-18 21:00:00,9530.0,9544.0,9492.0,9507.0,94678.0,501872.0,501851.0
2026-05-18 21:30:00,9507.0,9546.0,9505.0,9542.0,39618.0,501851.0,503877.0
2026-05-18 22:00:00,9542.0,9571.0,9535.0,9564.0,41890.0,503877.0,506058.0
2026-05-18 22:30:00,9564.0,9582.0,9560.0,9577.0,29588.0,506058.0,502935.0
2026-05-19 09:00:00,9564.0,9578.0,9547.0,9576.0,42378.0,502935.0,502704.0
2026-05-19 09:30:00,9576.0,9578.0,9538.0,9543.0,32334.0,502704.0,499701.0
2026-05-19 10:00:00,9543.0,9551.0,9526.0,9543.0,21614.0,499701.0,497964.0
2026-05-19 10:30:00,9543.0,9551.0,9520.0,9546.0,34749.0,497964.0,498159.0
2026-05-19 11:00:00,9546.0,9565.0,9524.0,9531.0,30835.0,498159.0,496318.0
2026-05-19 13:30:00,9531.0,9610.0,9531.0,9605.0,65627.0,496318.0,503252.0
2026-05-19 14:00:00,9605.0,9655.0,9596.0,9641.0,83058.0,503252.0,508632.0
2026-05-19 14:30:00,9641.0,9707.0,9636.0,9672.0,128900.0,508632.0,504322.0
2026-05-19 21:00:00,9674.0,9683.0,9654.0,9676.0,65686.0,504322.0,505450.0
2026-05-19 21:30:00,9676.0,9677.0,9639.0,9643.0,45070.0,505450.0,500803.0
2026-05-19 22:00:00,9643.0,9657.0,9638.0,9641.0,28399.0,500803.0,499256.0
2026-05-19 22:30:00,9641.0,9673.0,9636.0,9655.0,34976.0,499256.0,496765.0
2026-05-20 09:00:00,9646.0,9649.0,9605.0,9632.0,74042.0,496765.0,494210.0
2026-05-20 09:30:00,9632.0,9646.0,9584.0,9599.0,57236.0,494210.0,492254.0
2026-05-20 10:00:00,9599.0,9604.0,9587.0,9602.0,14372.0,492254.0,491562.0
2026-05-20 10:30:00,9602.0,9625.0,9592.0,9599.0,38973.0,491562.0,491133.0
2026-05-20 11:00:00,9599.0,9652.0,9598.0,9646.0,36110.0,491133.0,491812.0
2026-05-20 13:30:00,9791.0,9858.0,9751.0,9783.0,237750.0,491812.0,486800.0
2026-05-20 14:00:00,9783.0,9813.0,9759.0,9806.0,79980.0,486800.0,489297.0
2026-05-20 14:30:00,9806.0,9813.0,9720.0,9721.0,91878.0,489297.0,477401.0
2026-05-20 21:00:00,9684.0,9755.0,9677.0,9742.0,100577.0,477401.0,484516.0
2026-05-20 21:30:00,9742.0,9746.0,9707.0,9713.0,50905.0,484516.0,485916.0
2026-05-20 22:00:00,9713.0,9721.0,9627.0,9643.0,110186.0,485916.0,488113.0
2026-05-20 22:30:00,9643.0,9653.0,9623.0,9635.0,55136.0,488113.0,483918.0
2026-05-21 09:00:00,9622.0,9652.0,9607.0,9646.0,73090.0,483918.0,488174.0
2026-05-21 09:30:00,9646.0,9655.0,9625.0,9632.0,40049.0,488174.0,488318.0
2026-05-21 10:00:00,9632.0,9646.0,9627.0,9629.0,13556.0,488318.0,487875.0
2026-05-21 10:30:00,9627.0,9628.0,9565.0,9588.0,98702.0,487875.0,490214.0
2026-05-21 11:00:00,9588.0,9618.0,9585.0,9601.0,43704.0,490214.0,486839.0
2026-05-21 13:30:00,9601.0,9631.0,9588.0,9592.0,43454.0,486839.0,485579.0
2026-05-21 14:00:00,9592.0,9598.0,9555.0,9557.0,44995.0,485579.0,484733.0
2026-05-21 14:30:00,9557.0,9565.0,9511.0,9518.0,77395.0,484733.0,481597.0
2026-05-21 21:00:00,9512.0,9550.0,9484.0,9507.0,115211.0,481597.0,486018.0
2026-05-21 21:30:00,9507.0,9512.0,9440.0,9458.0,86354.0,486018.0,487323.0
2026-05-21 22:00:00,9458.0,9482.0,9444.0,9448.0,52718.0,487323.0,485511.0
2026-05-21 22:30:00,9448.0,9465.0,9428.0,9444.0,57702.0,485511.0,485190.0
2026-05-22 09:00:00,9438.0,9471.0,9422.0,9458.0,61590.0,485190.0,487755.0
2026-05-22 09:30:00,9458.0,9475.0,9447.0,9460.0,41220.0,487755.0,488216.0
2026-05-22 10:00:00,9460.0,9475.0,9459.0,9462.0,12548.0,488216.0,488020.0
2026-05-22 10:30:00,9462.0,9521.0,9444.0,9520.0,79760.0,488020.0,488934.0
2026-05-22 11:00:00,9520.0,9546.0,9496.0,9517.0,60980.0,488934.0,480812.0
2026-05-22 13:30:00,9516.0,9524.0,9470.0,9496.0,60069.0,480812.0,480741.0
2026-05-22 14:00:00,9496.0,9497.0,9460.0,9476.0,45347.0,480741.0,483304.0
2026-05-22 14:30:00,9476.0,9487.0,9467.0,9471.0,37516.0,483304.0,480438.0
2026-05-22 21:00:00,9449.0,9466.0,9431.0,9457.0,61192.0,480438.0,488229.0
2026-05-22 21:30:00,9457.0,9478.0,9446.0,9460.0,36159.0,488229.0,488362.0
2026-05-22 22:00:00,9460.0,9475.0,9452.0,9458.0,23094.0,488362.0,488940.0
2026-05-22 22:30:00,9458.0,9473.0,9453.0,9460.0,18962.0,488940.0,485621.0
2026-05-25 09:00:00,9417.0,9444.0,9332.0,9430.0,129656.0,485621.0,499181.0
2026-05-25 09:30:00,9430.0,9486.0,9430.0,9470.0,53845.0,499181.0,504588.0
2026-05-25 10:00:00,9470.0,9492.0,9470.0,9472.0,23065.0,504588.0,505698.0
2026-05-25 10:30:00,9472.0,9491.0,9453.0,9466.0,43013.0,505698.0,506173.0
2026-05-25 11:00:00,9466.0,9467.0,9382.0,9407.0,68605.0,506173.0,505423.0
2026-05-25 13:30:00,9410.0,9475.0,9398.0,9446.0,69467.0,505423.0,509413.0
2026-05-25 14:00:00,9446.0,9458.0,9428.0,9447.0,35821.0,509413.0,510606.0
2026-05-25 14:30:00,9447.0,9467.0,9434.0,9464.0,40849.0,510606.0,508551.0
2026-05-25 21:00:00,9458.0,9481.0,9432.0,9476.0,71999.0,508551.0,514544.0
2026-05-25 21:30:00,9476.0,9512.0,9471.0,9494.0,65926.0,514544.0,518914.0
2026-05-25 22:00:00,9494.0,9505.0,9480.0,9492.0,32939.0,518914.0,516830.0
2026-05-25 22:30:00,9492.0,9516.0,9489.0,9497.0,35724.0,516830.0,512273.0
2026-05-26 09:00:00,9486.0,9524.0,9478.0,9522.0,73280.0,512273.0,516309.0
2026-05-26 09:30:00,9522.0,9540.0,9503.0,9516.0,59528.0,516309.0,514410.0
2026-05-26 10:00:00,9516.0,9528.0,9500.0,9509.0,19095.0,514410.0,512800.0
2026-05-26 10:30:00,9509.0,9538.0,9481.0,9503.0,66888.0,512800.0,511047.0
2026-05-26 11:00:00,9503.0,9504.0,9467.0,9488.0,45489.0,511047.0,505013.0
2026-05-26 13:30:00,9505.0,9520.0,9452.0,9456.0,60691.0,505013.0,503653.0
2026-05-26 14:00:00,9456.0,9461.0,9424.0,9457.0,49788.0,503653.0,501664.0
2026-05-26 14:30:00,9457.0,9464.0,9420.0,9433.0,42465.0,501664.0,500017.0
2026-05-26 21:00:00,9478.0,9492.0,9461.0,9483.0,65805.0,500017.0,498780.0
2026-05-26 21:30:00,9483.0,9503.0,9469.0,9485.0,47534.0,498780.0,499291.0
2026-05-26 22:00:00,9485.0,9485.0,9445.0,9453.0,61068.0,499291.0,503954.0
2026-05-26 22:30:00,9453.0,9464.0,9439.0,9459.0,32043.0,503954.0,500156.0
2026-05-27 09:00:00,9460.0,9492.0,9438.0,9489.0,52244.0,500156.0,501422.0
2026-05-27 09:30:00,9489.0,9551.0,9472.0,9533.0,87059.0,501422.0,504972.0
2026-05-27 10:00:00,9533.0,9565.0,9519.0,9535.0,41149.0,504972.0,504173.0
2026-05-27 10:30:00,9534.0,9572.0,9533.0,9542.0,60794.0,504173.0,504320.0
2026-05-27 11:00:00,9542.0,9579.0,9529.0,9551.0,67326.0,504320.0,505552.0
2026-05-27 13:30:00,9551.0,9566.0,9517.0,9522.0,53161.0,505552.0,502991.0
2026-05-27 14:00:00,9522.0,9531.0,9508.0,9512.0,42272.0,502991.0,498118.0
2026-05-27 14:30:00,9512.0,9526.0,9497.0,9517.0,40364.0,498118.0,493770.0
2026-05-27 21:00:00,9486.0,9508.0,9468.0,9498.0,69145.0,493770.0,496329.0
2026-05-27 21:30:00,9498.0,9534.0,9493.0,9530.0,46011.0,496329.0,496695.0
2026-05-27 22:00:00,9530.0,9545.0,9518.0,9531.0,38262.0,496695.0,496017.0
2026-05-27 22:30:00,9531.0,9568.0,9528.0,9550.0,42297.0,496017.0,491839.0
2026-05-28 09:00:00,9560.0,9567.0,9535.0,9541.0,43022.0,491839.0,493037.0
2026-05-28 09:30:00,9541.0,9562.0,9533.0,9547.0,30863.0,493037.0,492370.0
2026-05-28 10:00:00,9547.0,9572.0,9542.0,9554.0,20584.0,492370.0,491701.0
2026-05-28 10:30:00,9554.0,9598.0,9546.0,9567.0,75037.0,491701.0,491258.0
2026-05-28 11:00:00,9567.0,9603.0,9566.0,9594.0,41257.0,491258.0,490577.0
2026-05-28 13:30:00,9604.0,9608.0,9568.0,9590.0,42041.0,490577.0,490065.0
2026-05-28 14:00:00,9590.0,9617.0,9587.0,9610.0,44645.0,490065.0,488733.0
2026-05-28 14:30:00,9610.0,9622.0,9594.0,9599.0,44950.0,488733.0,481223.0
2026-05-28 21:00:00,9596.0,9645.0,9588.0,9641.0,79103.0,481223.0,491750.0
2026-05-28 21:30:00,9641.0,9650.0,9605.0,9614.0,61285.0,491750.0,490003.0
2026-05-28 22:00:00,9614.0,9618.0,9572.0,9586.0,63789.0,490003.0,487073.0
2026-05-28 22:30:00,9586.0,9590.0,9571.0,9576.0,42844.0,487073.0,483525.0
2026-05-29 09:00:00,9599.0,9620.0,9585.0,9608.0,54301.0,483525.0,485399.0
2026-05-29 09:30:00,9608.0,9613.0,9580.0,9587.0,30372.0,485399.0,485362.0
2026-05-29 10:00:00,9587.0,9602.0,9575.0,9575.0,20248.0,485362.0,485393.0
2026-05-29 10:30:00,9574.0,9594.0,9552.0,9587.0,61345.0,485393.0,486724.0
2026-05-29 11:00:00,9587.0,9596.0,9573.0,9580.0,27954.0,486724.0,485745.0
2026-05-29 13:30:00,9594.0,9634.0,9586.0,9603.0,64012.0,485745.0,489947.0
2026-05-29 14:00:00,9603.0,9610.0,9577.0,9589.0,36040.0,489947.0,490527.0
2026-05-29 14:30:00,9589.0,9598.0,9581.0,9592.0,30935.0,490527.0,485911.0
2026-05-29 21:00:00,9616.0,9616.0,9583.0,9596.0,49195.0,485911.0,489004.0
2026-05-29 21:30:00,9596.0,9614.0,9574.0,9614.0,39294.0,489004.0,488915.0
2026-05-29 22:00:00,9614.0,9645.0,9612.0,9629.0,63745.0,488915.0,487743.0
2026-05-29 22:30:00,9629.0,9654.0,9616.0,9617.0,61719.0,487743.0,484164.0
2026-06-01 09:00:00,9632.0,9694.0,9628.0,9671.0,87265.0,484164.0,491819.0
2026-06-01 09:30:00,9671.0,9690.0,9653.0,9669.0,45640.0,491819.0,494594.0
2026-06-01 10:00:00,9669.0,9697.0,9669.0,9692.0,18285.0,494594.0,496599.0
2026-06-01 10:30:00,9695.0,9698.0,9666.0,9687.0,38058.0,496599.0,497310.0
2026-06-01 11:00:00,9687.0,9697.0,9665.0,9683.0,29364.0,497310.0,498161.0
2026-06-01 13:30:00,9693.0,9728.0,9691.0,9711.0,70957.0,498161.0,505239.0
2026-06-01 14:00:00,9711.0,9732.0,9705.0,9714.0,39705.0,505239.0,507454.0
2026-06-01 14:30:00,9714.0,9730.0,9705.0,9729.0,44694.0,507454.0,503862.0
2026-06-01 21:00:00,9739.0,9757.0,9692.0,9753.0,98783.0,503862.0,509543.0
2026-06-01 21:30:00,9753.0,9760.0,9731.0,9747.0,47711.0,509543.0,508297.0
2026-06-01 22:00:00,9747.0,9764.0,9721.0,9757.0,37972.0,508297.0,506362.0
2026-06-01 22:30:00,9757.0,9774.0,9751.0,9769.0,34029.0,506362.0,504487.0
2026-06-02 09:00:00,9745.0,9745.0,9700.0,9717.0,77560.0,504487.0,504370.0
2026-06-02 09:30:00,9717.0,9717.0,9687.0,9708.0,43550.0,504370.0,500594.0
2026-06-02 10:00:00,9708.0,9718.0,9694.0,9715.0,12378.0,500594.0,500076.0
2026-06-02 10:30:00,9715.0,9743.0,9715.0,9719.0,41228.0,500076.0,498604.0
2026-06-02 11:00:00,9719.0,9740.0,9717.0,9721.0,19676.0,498604.0,497685.0
2026-06-02 13:30:00,9735.0,9735.0,9695.0,9711.0,41862.0,497685.0,498122.0
2026-06-02 14:00:00,9711.0,9714.0,9689.0,9694.0,25774.0,498122.0,498609.0
2026-06-02 14:30:00,9694.0,9726.0,9691.0,9726.0,29303.0,498609.0,496267.0
2026-06-02 21:00:00,9712.0,9733.0,9676.0,9732.0,74134.0,496267.0,504070.0
2026-06-02 21:30:00,9732.0,9734.0,9692.0,9695.0,39884.0,504070.0,504520.0
2026-06-02 22:00:00,9695.0,9703.0,9670.0,9690.0,44087.0,504520.0,505253.0
2026-06-02 22:30:00,9690.0,9695.0,9663.0,9684.0,36568.0,505253.0,499635.0
2026-06-03 09:00:00,9706.0,9779.0,9704.0,9747.0,122143.0,499635.0,503266.0
2026-06-03 09:30:00,9747.0,9754.0,9729.0,9747.0,40344.0,503266.0,503360.0
2026-06-03 10:00:00,9747.0,9771.0,9740.0,9743.0,33096.0,503360.0,505732.0
2026-06-03 10:30:00,9739.0,9739.0,9705.0,9718.0,69119.0,505732.0,509949.0
2026-06-03 11:00:00,9718.0,9744.0,9683.0,9692.0,60433.0,509949.0,513143.0
2026-06-03 13:30:00,9694.0,9771.0,9691.0,9771.0,64683.0,513143.0,517115.0
2026-06-03 14:00:00,9771.0,9775.0,9739.0,9746.0,75054.0,517115.0,521035.0
2026-06-03 14:30:00,9746.0,9788.0,9726.0,9766.0,87933.0,521035.0,524130.0
2026-06-03 21:00:00,9798.0,9825.0,9776.0,9816.0,113332.0,524130.0,537465.0
2026-06-03 21:30:00,9816.0,9817.0,9760.0,9764.0,76093.0,537465.0,538171.0
2026-06-03 22:00:00,9764.0,9804.0,9760.0,9797.0,48570.0,538171.0,536488.0
2026-06-03 22:30:00,9797.0,9801.0,9779.0,9780.0,31786.0,536488.0,530858.0
2026-06-04 09:00:00,9768.0,9768.0,9705.0,9716.0,96217.0,530858.0,531402.0
2026-06-04 09:30:00,9716.0,9721.0,9697.0,9714.0,41497.0,531402.0,532153.0
2026-06-04 10:00:00,9714.0,9720.0,9695.0,9700.0,19233.0,532153.0,531494.0
2026-06-04 10:30:00,9701.0,9718.0,9606.0,9614.0,127291.0,531494.0,528662.0
2026-06-04 11:00:00,9614.0,9628.0,9604.0,9613.0,50785.0,528662.0,528999.0
2026-06-04 13:30:00,9628.0,9639.0,9617.0,9621.0,42254.0,528999.0,527072.0
2026-06-04 14:00:00,9621.0,9625.0,9591.0,9606.0,40092.0,527072.0,524416.0
2026-06-04 14:30:00,9606.0,9606.0,9559.0,9574.0,71606.0,524416.0,519053.0
2026-06-04 21:00:00,9540.0,9588.0,9534.0,9563.0,85274.0,519053.0,521360.0
2026-06-04 21:30:00,9563.0,9566.0,9511.0,9516.0,68133.0,521360.0,522238.0
2026-06-04 22:00:00,9516.0,9516.0,9486.0,9493.0,76402.0,522238.0,519275.0
2026-06-04 22:30:00,9493.0,9496.0,9453.0,9475.0,72488.0,519275.0,517760.0
2026-06-05 09:00:00,9475.0,9489.0,9452.0,9476.0,70616.0,517760.0,519052.0
2026-06-05 09:30:00,9476.0,9499.0,9462.0,9479.0,42496.0,519052.0,520586.0
2026-06-05 10:00:00,9479.0,9493.0,9471.0,9490.0,14537.0,520586.0,520451.0
2026-06-05 10:30:00,9489.0,9500.0,9438.0,9446.0,58371.0,520451.0,525063.0
2026-06-05 11:00:00,9446.0,9457.0,9422.0,9433.0,46014.0,525063.0,527615.0
2026-06-05 13:30:00,9444.0,9457.0,9384.0,9394.0,86376.0,527615.0,533040.0
2026-06-05 14:00:00,9394.0,9400.0,9370.0,9373.0,50054.0,533040.0,536384.0
2026-06-05 14:30:00,9373.0,9412.0,9371.0,9382.0,56728.0,536384.0,534188.0
2026-06-05 21:00:00,9409.0,9423.0,9386.0,9397.0,59985.0,534188.0,539956.0
2026-06-05 21:30:00,9397.0,9417.0,9381.0,9406.0,43009.0,539956.0,540019.0
2026-06-05 22:00:00,9406.0,9406.0,9379.0,9382.0,34397.0,540019.0,539679.0
2026-06-05 22:30:00,9382.0,9408.0,9376.0,9386.0,35687.0,539679.0,537250.0
2026-06-08 09:00:00,9365.0,9375.0,9285.0,9369.0,150176.0,537250.0,537300.0
2026-06-08 09:30:00,9369.0,9402.0,9368.0,9374.0,68383.0,537300.0,534822.0
2026-06-08 10:00:00,9374.0,9390.0,9373.0,9387.0,12825.0,534822.0,534100.0
2026-06-08 10:30:00,9390.0,9435.0,9390.0,9424.0,58650.0,534100.0,535394.0
2026-06-08 11:00:00,9424.0,9430.0,9404.0,9419.0,29491.0,535394.0,533510.0
2026-06-08 13:30:00,9405.0,9457.0,9397.0,9407.0,69656.0,533510.0,529507.0
2026-06-08 14:00:00,9407.0,9428.0,9402.0,9408.0,33306.0,529507.0,530400.0
2026-06-08 14:30:00,9408.0,9426.0,9402.0,9424.0,33674.0,530400.0,524650.0
2026-06-08 21:00:00,9388.0,9407.0,9357.0,9367.0,86055.0,524650.0,528567.0
2026-06-08 21:30:00,9367.0,9380.0,9355.0,9364.0,36584.0,528567.0,527992.0
2026-06-08 22:00:00,9364.0,9419.0,9361.0,9394.0,60661.0,527992.0,531065.0
2026-06-08 22:30:00,9394.0,9422.0,9394.0,9407.0,29497.0,531065.0,529620.0
2026-06-09 09:00:00,9404.0,9404.0,9325.0,9332.0,72622.0,529620.0,536280.0
2026-06-09 09:30:00,9332.0,9346.0,9315.0,9336.0,36347.0,536280.0,537615.0
2026-06-09 10:00:00,9336.0,9344.0,9324.0,9337.0,12961.0,537615.0,538890.0
2026-06-09 10:30:00,9339.0,9357.0,9308.0,9312.0,38014.0,538890.0,541321.0
2026-06-09 11:00:00,9312.0,9313.0,9263.0,9268.0,81266.0,541321.0,544423.0
2026-06-09 13:30:00,9252.0,9282.0,9221.0,9264.0,81167.0,544423.0,545696.0
2026-06-09 14:00:00,9264.0,9274.0,9241.0,9261.0,35127.0,545696.0,545271.0
2026-06-09 14:30:00,9261.0,9297.0,9255.0,9265.0,49875.0,545271.0,541566.0
2026-06-09 21:00:00,9298.0,9325.0,9278.0,9308.0,76177.0,541566.0,545758.0
2026-06-09 21:30:00,9308.0,9320.0,9292.0,9302.0,39359.0,545758.0,544747.0
2026-06-09 22:00:00,9302.0,9324.0,9295.0,9296.0,34428.0,544747.0,543410.0
2026-06-09 22:30:00,9296.0,9302.0,9261.0,9266.0,48393.0,543410.0,537089.0
2026-06-10 09:00:00,9270.0,9298.0,9243.0,9249.0,54839.0,537089.0,539631.0
2026-06-10 09:30:00,9249.0,9285.0,9243.0,9279.0,38146.0,539631.0,541326.0
2026-06-10 10:00:00,9279.0,9297.0,9269.0,9289.0,26014.0,541326.0,541239.0
2026-06-10 10:30:00,9287.0,9303.0,9255.0,9301.0,42475.0,541239.0,541576.0
2026-06-10 11:00:00,9301.0,9320.0,9289.0,9311.0,37305.0,541576.0,541461.0
2026-06-10 13:30:00,9269.0,9286.0,9208.0,9279.0,104439.0,541461.0,546885.0
2026-06-10 14:00:00,9279.0,9314.0,9276.0,9303.0,53803.0,546885.0,547019.0
2026-06-10 14:30:00,9303.0,9322.0,9287.0,9316.0,46520.0,547019.0,544130.0
2026-06-10 21:00:00,9334.0,9351.0,9312.0,9338.0,78320.0,544130.0,550527.0
2026-06-10 21:30:00,9338.0,9369.0,9333.0,9363.0,47790.0,550527.0,552549.0
2026-06-10 22:00:00,9363.0,9379.0,9359.0,9364.0,33491.0,552549.0,550913.0
2026-06-10 22:30:00,9364.0,9374.0,9356.0,9371.0,25858.0,550913.0,546985.0
2026-06-11 09:00:00,9383.0,9405.0,9340.0,9344.0,70737.0,546985.0,547499.0
2026-06-11 09:30:00,9344.0,9378.0,9341.0,9368.0,39178.0,547499.0,544899.0
2026-06-11 10:00:00,9368.0,9374.0,9354.0,9363.0,10615.0,544899.0,543803.0
2026-06-11 10:30:00,9363.0,9388.0,9352.0,9356.0,35050.0,543803.0,542336.0
2026-06-11 11:00:00,9356.0,9380.0,9341.0,9372.0,34424.0,542336.0,540318.0
2026-06-11 13:30:00,9368.0,9375.0,9347.0,9367.0,29103.0,540318.0,539098.0
2026-06-11 14:00:00,9367.0,9420.0,9367.0,9396.0,61710.0,539098.0,536735.0
2026-06-11 14:30:00,9396.0,9409.0,9386.0,9393.0,35924.0,536735.0,531072.0
2026-06-11 21:00:00,9398.0,9400.0,9370.0,9393.0,50667.0,531072.0,534874.0
2026-06-11 21:30:00,9393.0,9394.0,9360.0,9365.0,34781.0,534874.0,535687.0
2026-06-11 22:00:00,9365.0,9378.0,9363.0,9374.0,22663.0,535687.0,536230.0
2026-06-11 22:30:00,9374.0,9395.0,9372.0,9382.0,24744.0,536230.0,533421.0
2026-06-12 09:00:00,9335.0,9357.0,9321.0,9347.0,66909.0,533421.0,534243.0
2026-06-12 09:30:00,9347.0,9350.0,9316.0,9334.0,38360.0,534243.0,535970.0
2026-06-12 10:00:00,9334.0,9355.0,9334.0,9345.0,16939.0,535970.0,535398.0
2026-06-12 10:30:00,9343.0,9375.0,9331.0,9368.0,35153.0,535398.0,533763.0
2026-06-12 11:00:00,9368.0,9404.0,9368.0,9397.0,44745.0,533763.0,533321.0
2026-06-12 13:30:00,9380.0,9380.0,9332.0,9345.0,52438.0,533321.0,536067.0
2026-06-12 14:00:00,9345.0,9356.0,9341.0,9350.0,21327.0,536067.0,538495.0
2026-06-12 14:30:00,9350.0,9351.0,9306.0,9321.0,55568.0,538495.0,538984.0
2026-06-12 21:00:00,9283.0,9324.0,9271.0,9298.0,73057.0,538984.0,544714.0
2026-06-12 21:30:00,9298.0,9323.0,9296.0,9318.0,33399.0,544714.0,544860.0
2026-06-12 22:00:00,9318.0,9323.0,9299.0,9308.0,24457.0,544860.0,545492.0
2026-06-12 22:30:00,9308.0,9320.0,9298.0,9307.0,23503.0,545492.0,541642.0
2026-06-15 09:00:00,9260.0,9262.0,9166.0,9190.0,156423.0,541642.0,550230.0
2026-06-15 09:30:00,9190.0,9254.0,9169.0,9253.0,83589.0,550230.0,549800.0
2026-06-15 10:00:00,9253.0,9255.0,9232.0,9236.0,19108.0,549800.0,548687.0
2026-06-15 10:30:00,9235.0,9235.0,9166.0,9200.0,73672.0,548687.0,554014.0
2026-06-15 11:00:00,9200.0,9242.0,9187.0,9216.0,40547.0,554014.0,548960.0
2026-06-15 13:30:00,9235.0,9250.0,9217.0,9237.0,38827.0,548960.0,549941.0
2026-06-15 14:00:00,9237.0,9245.0,9224.0,9241.0,22772.0,549941.0,550146.0
2026-06-15 14:30:00,9241.0,9250.0,9225.0,9232.0,38206.0,550146.0,546990.0
2026-06-15 21:00:00,9197.0,9214.0,9151.0,9153.0,98149.0,546990.0,559520.0
2026-06-15 21:30:00,9153.0,9186.0,9151.0,9180.0,46174.0,559520.0,558915.0
2026-06-15 22:00:00,9180.0,9207.0,9178.0,9203.0,39617.0,558915.0,555598.0
2026-06-15 22:30:00,9203.0,9220.0,9183.0,9216.0,33244.0,555598.0,551253.0
2026-06-16 09:00:00,9238.0,9284.0,9223.0,9276.0,88346.0,551253.0,553072.0
2026-06-16 09:30:00,9276.0,9290.0,9243.0,9255.0,51248.0,553072.0,552526.0
2026-06-16 10:00:00,9255.0,9269.0,9251.0,9258.0,12495.0,552526.0,551878.0
2026-06-16 10:30:00,9257.0,9272.0,9229.0,9263.0,48937.0,551878.0,551743.0
2026-06-16 11:00:00,9263.0,9289.0,9261.0,9280.0,38037.0,551743.0,550362.0
2026-06-16 13:30:00,9269.0,9278.0,9244.0,9274.0,39795.0,550362.0,548117.0
2026-06-16 14:00:00,9274.0,9303.0,9266.0,9284.0,46302.0,548117.0,546327.0
2026-06-16 14:30:00,9284.0,9385.0,9282.0,9357.0,122020.0,546327.0,541072.0
2026-06-16 21:00:00,9334.0,9391.0,9326.0,9379.0,91208.0,541072.0,542321.0
2026-06-16 21:30:00,9379.0,9427.0,9379.0,9420.0,76858.0,542321.0,544690.0
2026-06-16 22:00:00,9420.0,9430.0,9376.0,9377.0,71786.0,544690.0,539698.0
2026-06-16 22:30:00,9377.0,9379.0,9347.0,9349.0,56949.0,539698.0,529568.0
2026-06-17 09:00:00,9343.0,9373.0,9336.0,9353.0,65434.0,529568.0,529706.0
2026-06-17 09:30:00,9353.0,9369.0,9341.0,9351.0,31601.0,529706.0,530556.0
2026-06-17 10:00:00,9351.0,9352.0,9311.0,9330.0,31092.0,530556.0,528341.0
2026-06-17 10:30:00,9331.0,9360.0,9315.0,9357.0,40588.0,528341.0,529255.0
2026-06-17 11:00:00,9357.0,9364.0,9334.0,9347.0,23704.0,529255.0,528721.0
2026-06-17 13:30:00,9345.0,9358.0,9328.0,9346.0,30986.0,528721.0,529231.0
2026-06-17 14:00:00,9346.0,9364.0,9334.0,9360.0,32680.0,529231.0,529671.0
2026-06-17 14:30:00,9360.0,9380.0,9330.0,9349.0,57375.0,529671.0,525832.0
2026-06-17 21:00:00,9370.0,9391.0,9360.0,9375.0,75638.0,525832.0,531243.0
2026-06-17 21:30:00,9375.0,9404.0,9358.0,9391.0,52707.0,531243.0,531756.0
2026-06-17 22:00:00,9391.0,9400.0,9368.0,9381.0,39226.0,531756.0,529435.0
2026-06-17 22:30:00,9381.0,9412.0,9380.0,9391.0,45311.0,529435.0,523589.0
2026-06-18 09:00:00,9369.0,9369.0,9326.0,9330.0,63655.0,523589.0,523532.0
2026-06-18 09:30:00,9330.0,9340.0,9314.0,9330.0,33971.0,523532.0,522915.0
2026-06-18 10:00:00,9330.0,9335.0,9315.0,9326.0,12971.0,522915.0,522873.0
2026-06-18 10:30:00,9327.0,9333.0,9275.0,9282.0,68212.0,522873.0,519779.0
2026-06-18 11:00:00,9282.0,9297.0,9253.0,9272.0,54292.0,519779.0,521230.0
2026-06-18 13:30:00,9264.0,9282.0,9239.0,9248.0,52714.0,521230.0,521885.0
2026-06-18 14:00:00,9248.0,9258.0,9220.0,9249.0,49424.0,521885.0,521743.0
2026-06-18 14:30:00,9249.0,9316.0,9245.0,9301.0,67393.0,521743.0,513210.0
2026-06-22 09:00:00,9374.0,9422.0,9359.0,9364.0,143856.0,513210.0,514828.0
2026-06-22 09:30:00,9364.0,9376.0,9342.0,9366.0,46132.0,514828.0,513875.0
2026-06-22 10:00:00,9366.0,9381.0,9360.0,9364.0,16928.0,513875.0,513448.0
2026-06-22 10:30:00,9360.0,9405.0,9349.0,9373.0,66704.0,513448.0,514736.0
2026-06-22 11:00:00,9373.0,9388.0,9362.0,9373.0,34304.0,514736.0,512454.0
2026-06-22 13:30:00,9360.0,9380.0,9316.0,9373.0,54550.0,512454.0,512872.0
2026-06-22 14:00:00,9373.0,9387.0,9351.0,9367.0,37628.0,512872.0,512508.0
2026-06-22 14:30:00,9367.0,9379.0,9355.0,9366.0,29525.0,512508.0,506493.0
2026-06-22 21:00:00,9353.0,9402.0,9352.0,9368.0,76108.0,506493.0,512042.0
2026-06-22 21:30:00,9368.0,9398.0,9362.0,9395.0,48687.0,512042.0,514303.0
2026-06-22 22:00:00,9395.0,9418.0,9383.0,9397.0,60641.0,514303.0,513063.0
2026-06-22 22:30:00,9397.0,9411.0,9377.0,9381.0,37346.0,513063.0,506723.0
2026-06-23 09:00:00,9387.0,9446.0,9380.0,9443.0,69576.0,506723.0,510062.0
2026-06-23 09:30:00,9443.0,9470.0,9424.0,9433.0,83607.0,510062.0,506627.0
2026-06-23 10:00:00,9433.0,9443.0,9429.0,9437.0,10774.0,506627.0,506186.0
2026-06-23 10:30:00,9438.0,9455.0,9422.0,9439.0,41713.0,506186.0,505460.0
2026-06-23 11:00:00,9439.0,9440.0,9337.0,9379.0,116842.0,505460.0,494328.0
2026-06-23 13:30:00,9335.0,9353.0,9296.0,9321.0,86303.0,494328.0,492817.0
2026-06-23 14:00:00,9321.0,9324.0,9280.0,9284.0,47055.0,492817.0,495690.0
2026-06-23 14:30:00,9284.0,9315.0,9273.0,9308.0,56154.0,495690.0,495107.0
2026-06-23 21:00:00,9302.0,9318.0,9261.0,9274.0,79524.0,495107.0,507527.0
2026-06-23 21:30:00,9274.0,9324.0,9272.0,9308.0,57574.0,507527.0,510096.0
2026-06-23 22:00:00,9308.0,9316.0,9299.0,9309.0,23288.0,510096.0,508981.0
2026-06-23 22:30:00,9309.0,9335.0,9307.0,9318.0,41215.0,508981.0,503770.0
2026-06-24 09:00:00,9322.0,9374.0,9308.0,9372.0,66257.0,503770.0,501912.0
2026-06-24 09:30:00,9372.0,9396.0,9362.0,9370.0,53968.0,501912.0,500727.0
2026-06-24 10:00:00,9370.0,9383.0,9365.0,9375.0,12375.0,500727.0,500385.0
2026-06-24 10:30:00,9374.0,9390.0,9348.0,9352.0,42462.0,500385.0,497569.0
2026-06-24 11:00:00,9352.0,9362.0,9319.0,9334.0,44040.0,497569.0,496424.0
2026-06-24 13:30:00,9343.0,9355.0,9306.0,9320.0,36414.0,496424.0,499231.0
2026-06-24 14:00:00,9320.0,9354.0,9316.0,9326.0,36100.0,499231.0,498443.0
2026-06-24 14:30:00,9326.0,9338.0,9307.0,9335.0,39468.0,498443.0,496830.0
2026-06-24 21:00:00,9287.0,9299.0,9220.0,9232.0,127217.0,496830.0,514951.0
2026-06-24 21:30:00,9232.0,9240.0,9172.0,9188.0,108938.0,514951.0,529414.0
2026-06-24 22:00:00,9188.0,9242.0,9184.0,9232.0,52290.0,529414.0,529216.0
2026-06-24 22:30:00,9232.0,9254.0,9196.0,9202.0,55197.0,529216.0,526026.0
2026-06-25 09:00:00,9185.0,9185.0,9044.0,9055.0,184698.0,526026.0,546555.0
2026-06-25 09:30:00,9055.0,9065.0,9028.0,9057.0,61377.0,546555.0,553179.0
2026-06-25 10:00:00,9057.0,9067.0,9039.0,9060.0,23445.0,553179.0,554457.0
2026-06-25 10:30:00,9062.0,9132.0,9062.0,9131.0,98508.0,554457.0,548076.0
2026-06-25 11:00:00,9131.0,9142.0,9114.0,9125.0,42779.0,548076.0,543743.0
2026-06-25 13:30:00,9130.0,9140.0,9106.0,9113.0,35811.0,543743.0,545699.0
2026-06-25 14:00:00,9113.0,9119.0,9095.0,9117.0,29745.0,545699.0,546170.0
2026-06-25 14:30:00,9117.0,9162.0,9115.0,9160.0,49883.0,546170.0,540837.0
2026-06-25 21:00:00,9160.0,9231.0,9143.0,9219.0,129416.0,540837.0,543313.0
2026-06-25 21:30:00,9219.0,9240.0,9208.0,9240.0,55385.0,543313.0,540587.0
2026-06-25 22:00:00,9240.0,9275.0,9225.0,9260.0,79317.0,540587.0,536952.0
2026-06-25 22:30:00,9260.0,9287.0,9257.0,9282.0,59592.0,536952.0,531471.0
2026-06-26 09:00:00,9294.0,9330.0,9255.0,9275.0,105337.0,531471.0,518287.0
2026-06-26 09:30:00,9275.0,9286.0,9260.0,9282.0,33271.0,518287.0,516765.0
2026-06-26 10:00:00,9282.0,9294.0,9275.0,9283.0,15843.0,516765.0,515660.0
2026-06-26 10:30:00,9280.0,9280.0,9244.0,9251.0,46092.0,515660.0,514166.0
2026-06-26 11:00:00,9251.0,9266.0,9234.0,9260.0,42178.0,514166.0,510549.0
2026-06-26 13:30:00,9260.0,9325.0,9250.0,9311.0,79030.0,510549.0,512246.0
2026-06-26 14:00:00,9311.0,9339.0,9305.0,9312.0,54642.0,512246.0,510457.0
2026-06-26 14:30:00,9312.0,9316.0,9291.0,9315.0,51761.0,510457.0,502120.0
2026-06-26 21:00:00,9273.0,9302.0,9265.0,9293.0,69358.0,502120.0,506747.0
2026-06-26 21:30:00,9293.0,9299.0,9262.0,9277.0,44529.0,506747.0,506998.0
2026-06-26 22:00:00,9277.0,9285.0,9247.0,9255.0,43841.0,506998.0,506585.0
2026-06-26 22:30:00,9255.0,9270.0,9244.0,9267.0,42650.0,506585.0,500500.0
2026-06-29 09:00:00,9282.0,9355.0,9271.0,9347.0,110577.0,500500.0,500522.0
2026-06-29 09:30:00,9347.0,9380.0,9343.0,9352.0,48619.0,500522.0,498446.0
2026-06-29 10:00:00,9352.0,9362.0,9341.0,9342.0,15679.0,498446.0,496985.0
2026-06-29 10:30:00,9343.0,9371.0,9331.0,9357.0,39243.0,496985.0,497131.0
2026-06-29 11:00:00,9357.0,9360.0,9340.0,9351.0,23138.0,497131.0,494774.0
2026-06-29 13:30:00,9344.0,9362.0,9333.0,9354.0,30398.0,494774.0,493582.0
2026-06-29 14:00:00,9354.0,9390.0,9353.0,9388.0,40595.0,493582.0,494113.0
2026-06-29 14:30:00,9388.0,9406.0,9372.0,9379.0,57341.0,494113.0,487519.0
2026-06-29 21:00:00,9382.0,9392.0,9365.0,9366.0,53006.0,487519.0,492474.0
2026-06-29 21:30:00,9366.0,9377.0,9354.0,9358.0,28603.0,492474.0,491826.0
2026-06-29 22:00:00,9358.0,9374.0,9344.0,9366.0,32486.0,491826.0,491527.0
2026-06-29 22:30:00,9366.0,9367.0,9346.0,9355.0,20685.0,491527.0,488076.0
2026-06-30 09:00:00,9341.0,9341.0,9295.0,9314.0,71499.0,488076.0,488787.0
2026-06-30 09:30:00,9314.0,9329.0,9296.0,9303.0,37243.0,488787.0,489264.0
2026-06-30 10:00:00,9303.0,9320.0,9297.0,9318.0,13401.0,489264.0,487396.0
2026-06-30 10:30:00,9320.0,9325.0,9283.0,9305.0,47031.0,487396.0,487127.0
2026-06-30 11:00:00,9305.0,9314.0,9284.0,9300.0,27345.0,487127.0,486266.0
2026-06-30 13:30:00,9287.0,9311.0,9281.0,9303.0,27251.0,486266.0,485749.0
2026-06-30 14:00:00,9303.0,9316.0,9289.0,9291.0,28547.0,485749.0,484441.0
2026-06-30 14:30:00,9291.0,9297.0,9270.0,9272.0,43789.0,484441.0,485051.0
2026-06-30 21:00:00,9266.0,9305.0,9251.0,9284.0,73024.0,485051.0,490120.0
2026-06-30 21:30:00,9284.0,9285.0,9261.0,9284.0,33005.0,490120.0,489986.0
2026-06-30 22:00:00,9284.0,9289.0,9256.0,9267.0,30795.0,489986.0,489361.0
2026-06-30 22:30:00,9267.0,9273.0,9228.0,9234.0,49430.0,489361.0,484254.0
2026-07-01 09:00:00,9252.0,9257.0,9182.0,9190.0,88710.0,484254.0,489184.0
2026-07-01 09:30:00,9190.0,9228.0,9189.0,9215.0,35917.0,489184.0,490468.0
2026-07-01 10:00:00,9215.0,9222.0,9194.0,9220.0,13638.0,490468.0,490041.0
2026-07-01 10:30:00,9222.0,9277.0,9209.0,9268.0,55642.0,490041.0,490134.0
2026-07-01 11:00:00,9268.0,9305.0,9265.0,9300.0,48315.0,490134.0,485416.0
2026-07-01 13:30:00,9300.0,9312.0,9270.0,9273.0,40188.0,485416.0,483273.0
2026-07-01 14:00:00,9273.0,9284.0,9257.0,9273.0,30158.0,483273.0,481066.0
2026-07-01 14:30:00,9273.0,9274.0,9246.0,9268.0,28892.0,481066.0,478206.0
2026-07-01 21:00:00,9240.0,9278.0,9238.0,9256.0,55919.0,478206.0,483394.0
2026-07-01 21:30:00,9256.0,9292.0,9242.0,9277.0,48742.0,483394.0,482973.0
2026-07-01 22:00:00,9277.0,9283.0,9266.0,9274.0,21810.0,482973.0,483341.0
2026-07-01 22:30:00,9274.0,9301.0,9256.0,9258.0,43142.0,483341.0,479405.0
2026-07-02 09:00:00,9262.0,9290.0,9232.0,9234.0,56426.0,479405.0,483646.0
2026-07-02 09:30:00,9234.0,9261.0,9233.0,9248.0,37914.0,483646.0,484927.0
2026-07-02 10:00:00,9248.0,9255.0,9238.0,9246.0,11827.0,484927.0,485931.0
2026-07-02 10:30:00,9247.0,9258.0,9228.0,9237.0,33323.0,485931.0,489421.0
2026-07-02 11:00:00,9237.0,9254.0,9220.0,9224.0,25499.0,489421.0,489047.0
2026-07-02 13:30:00,9223.0,9235.0,9193.0,9210.0,55898.0,489047.0,492302.0
2026-07-02 14:00:00,9210.0,9215.0,9165.0,9199.0,62357.0,492302.0,500537.0
2026-07-02 14:30:00,9199.0,9208.0,9161.0,9164.0,57325.0,500537.0,505312.0
2026-07-02 21:00:00,9172.0,9184.0,9120.0,9144.0,99105.0,505312.0,517987.0
2026-07-02 21:30:00,9144.0,9185.0,9144.0,9172.0,58257.0,517987.0,519582.0
2026-07-02 22:00:00,9172.0,9175.0,9143.0,9145.0,31277.0,519582.0,519773.0
2026-07-02 22:30:00,9145.0,9156.0,9136.0,9149.0,26722.0,519773.0,517653.0
2026-07-03 09:00:00,9158.0,9194.0,9148.0,9181.0,56376.0,517653.0,515933.0
2026-07-03 09:30:00,9181.0,9195.0,9165.0,9177.0,31129.0,515933.0,514390.0
2026-07-03 10:00:00,9177.0,9211.0,9174.0,9202.0,23794.0,514390.0,512523.0
2026-07-03 10:30:00,9202.0,9202.0,9115.0,9121.0,70397.0,512523.0,523325.0
2026-07-03 11:00:00,9121.0,9155.0,9118.0,9148.0,42363.0,523325.0,523349.0
2026-07-03 13:30:00,9147.0,9147.0,9106.0,9123.0,52710.0,523349.0,531402.0
2026-07-03 14:00:00,9123.0,9137.0,9111.0,9114.0,33619.0,531402.0,534225.0
2026-07-03 14:30:00,9114.0,9119.0,9096.0,9104.0,56157.0,534225.0,538310.0
2026-07-03 21:00:00,9091.0,9123.0,9084.0,9119.0,61931.0,538310.0,546810.0
2026-07-03 21:30:00,9119.0,9143.0,9116.0,9130.0,34274.0,546810.0,544441.0
2026-07-03 22:00:00,9130.0,9143.0,9116.0,9121.0,26107.0,544441.0,542747.0
2026-07-03 22:30:00,9121.0,9175.0,9115.0,9169.0,51485.0,542747.0,530838.0
2026-07-06 09:00:00,9176.0,9236.0,9176.0,9233.0,105418.0,530838.0,520925.0
2026-07-06 09:30:00,9233.0,9279.0,9228.0,9264.0,74532.0,520925.0,517824.0
2026-07-06 10:00:00,9264.0,9270.0,9245.0,9249.0,25238.0,517824.0,515038.0
2026-07-06 10:30:00,9245.0,9256.0,9227.0,9234.0,54457.0,515038.0,507919.0
2026-07-06 11:00:00,9234.0,9253.0,9233.0,9253.0,20627.0,507919.0,504500.0
2026-07-06 13:30:00,9247.0,9251.0,9230.0,9237.0,24572.0,504500.0,504585.0
2026-07-06 14:00:00,9237.0,9258.0,9235.0,9245.0,22921.0,504585.0,501820.0
2026-07-06 14:30:00,9245.0,9246.0,9228.0,9245.0,28711.0,501820.0,498198.0
2026-07-06 21:00:00,9258.0,9270.0,9237.0,9263.0,62812.0,498198.0,499531.0
2026-07-06 21:30:00,9263.0,9295.0,9256.0,9286.0,54675.0,499531.0,498702.0
2026-07-06 22:00:00,9286.0,9295.0,9277.0,9290.0,28500.0,498702.0,498659.0
2026-07-06 22:30:00,9290.0,9305.0,9283.0,9296.0,33589.0,498659.0,495291.0
2026-07-07 09:00:00,9294.0,9300.0,9269.0,9300.0,51810.0,495291.0,497351.0
2026-07-07 09:30:00,9300.0,9355.0,9296.0,9347.0,76164.0,497351.0,497830.0
2026-07-07 10:00:00,9347.0,9356.0,9339.0,9347.0,20329.0,497830.0,497635.0
2026-07-07 10:30:00,9342.0,9350.0,9327.0,9332.0,35293.0,497635.0,493408.0
2026-07-07 11:00:00,9332.0,9347.0,9314.0,9316.0,29140.0,493408.0,490475.0
2026-07-07 13:30:00,9321.0,9333.0,9316.0,9329.0,29228.0,490475.0,490369.0
2026-07-07 14:00:00,9329.0,9342.0,9314.0,9341.0,27559.0,490369.0,489086.0
2026-07-07 14:30:00,9341.0,9346.0,9326.0,9340.0,31508.0,489086.0,484001.0
2026-07-07 21:00:00,9324.0,9338.0,9306.0,9321.0,69039.0,484001.0,489416.0
2026-07-07 21:30:00,9321.0,9323.0,9286.0,9302.0,52751.0,489416.0,492844.0
2026-07-07 22:00:00,9302.0,9322.0,9295.0,9308.0,32961.0,492844.0,491672.0
2026-07-07 22:30:00,9308.0,9312.0,9296.0,9302.0,18869.0,491672.0,488986.0
2026-07-08 09:00:00,9346.0,9368.0,9336.0,9353.0,65999.0,488986.0,486922.0
2026-07-08 09:30:00,9353.0,9392.0,9351.0,9385.0,45805.0,486922.0,487507.0
2026-07-08 10:00:00,9385.0,9386.0,9364.0,9364.0,21740.0,487507.0,487009.0
2026-07-08 10:30:00,9362.0,9392.0,9352.0,9391.0,34475.0,487009.0,487704.0
2026-07-08 11:00:00,9391.0,9394.0,9375.0,9379.0,23972.0,487704.0,486563.0
2026-07-08 13:30:00,9381.0,9384.0,9362.0,9377.0,28764.0,486563.0,484439.0
2026-07-08 14:00:00,9377.0,9382.0,9348.0,9364.0,31609.0,484439.0,482458.0
2026-07-08 14:30:00,9364.0,9369.0,9340.0,9341.0,30449.0,482458.0,479459.0
2026-07-08 21:00:00,9383.0,9403.0,9372.0,9392.0,79859.0,479459.0,486307.0
2026-07-08 21:30:00,9392.0,9395.0,9360.0,9375.0,38443.0,486307.0,483903.0
2026-07-08 22:00:00,9375.0,9420.0,9371.0,9420.0,50573.0,483903.0,484852.0
2026-07-08 22:30:00,9420.0,9439.0,9411.0,9422.0,53267.0,484852.0,477617.0
2026-07-09 09:00:00,9411.0,9415.0,9386.0,9402.0,53638.0,477617.0,477861.0
2026-07-09 09:30:00,9402.0,9403.0,9382.0,9396.0,22858.0,477861.0,476521.0
2026-07-09 10:00:00,9396.0,9403.0,9386.0,9399.0,13361.0,476521.0,476146.0
2026-07-09 10:30:00,9400.0,9417.0,9385.0,9389.0,33660.0,476146.0,474624.0
2026-07-09 11:00:00,9389.0,9396.0,9344.0,9375.0,46025.0,474624.0,470748.0
2026-07-09 13:30:00,9378.0,9385.0,9367.0,9372.0,27858.0,470748.0,471057.0
2026-07-09 14:00:00,9372.0,9390.0,9360.0,9361.0,26677.0,471057.0,469894.0
2026-07-09 14:30:00,9361.0,9367.0,9331.0,9354.0,42562.0,469894.0,467446.0
2026-07-09 21:00:00,9341.0,9352.0,9320.0,9329.0,59540.0,467446.0,472091.0
2026-07-09 21:30:00,9329.0,9344.0,9318.0,9333.0,32734.0,472091.0,472845.0
2026-07-09 22:00:00,9333.0,9337.0,9314.0,9324.0,26247.0,472845.0,471493.0
2026-07-09 22:30:00,9324.0,9329.0,9314.0,9322.0,23673.0,471493.0,468301.0
2026-07-10 09:00:00,9306.0,9311.0,9255.0,9294.0,95027.0,468301.0,470521.0
2026-07-10 09:30:00,9294.0,9312.0,9279.0,9284.0,32798.0,470521.0,471766.0
2026-07-10 10:00:00,9284.0,9300.0,9275.0,9296.0,12841.0,471766.0,472188.0
2026-07-10 10:30:00,9298.0,9322.0,9291.0,9313.0,33801.0,472188.0,473819.0
2026-07-10 11:00:00,9313.0,9320.0,9280.0,9296.0,32998.0,473819.0,474919.0
2026-07-10 13:30:00,9270.0,9293.0,9236.0,9243.0,84558.0,474919.0,481238.0
2026-07-10 14:00:00,9243.0,9245.0,9218.0,9234.0,51449.0,481238.0,488028.0
2026-07-10 14:30:00,9234.0,9239.0,9210.0,9222.0,60425.0,488028.0,493058.0
2026-07-10 21:00:00,9236.0,9250.0,9222.0,9239.0,49019.0,493058.0,494769.0
2026-07-10 21:30:00,9239.0,9248.0,9226.0,9235.0,26534.0,494769.0,496340.0
2026-07-10 22:00:00,9235.0,9248.0,9235.0,9243.0,17750.0,496340.0,495485.0
2026-07-10 22:30:00,9243.0,9280.0,9240.0,9279.0,40589.0,495485.0,489964.0
2026-07-13 09:00:00,9330.0,9348.0,9289.0,9298.0,84328.0,489964.0,485541.0
2026-07-13 09:30:00,9298.0,9303.0,9269.0,9271.0,32295.0,485541.0,484908.0
2026-07-13 10:00:00,9271.0,9283.0,9267.0,9271.0,11685.0,484908.0,485038.0
2026-07-13 10:30:00,9269.0,9283.0,9257.0,9269.0,34221.0,485038.0,486172.0
2026-07-13 11:00:00,9269.0,9270.0,9245.0,9250.0,27517.0,486172.0,486686.0
2026-07-13 13:30:00,9262.0,9278.0,9254.0,9264.0,30824.0,486686.0,485702.0
2026-07-13 14:00:00,9264.0,9268.0,9213.0,9223.0,43355.0,485702.0,486844.0
2026-07-13 14:30:00,9223.0,9230.0,9211.0,9212.0,31252.0,486844.0,487644.0
2026-07-13 21:00:00,9232.0,9248.0,9221.0,9228.0,56201.0,487644.0,493436.0
2026-07-13 21:30:00,9228.0,9251.0,9204.0,9213.0,44238.0,493436.0,495137.0
2026-07-13 22:00:00,9213.0,9256.0,9194.0,9255.0,68700.0,495137.0,493583.0
2026-07-13 22:30:00,9255.0,9262.0,9235.0,9245.0,27480.0,493583.0,490673.0
2026-07-14 09:00:00,9284.0,9304.0,9254.0,9274.0,84892.0,490673.0,486409.0
2026-07-14 09:30:00,9274.0,9278.0,9249.0,9275.0,29020.0,486409.0,487463.0
2026-07-14 10:00:00,9275.0,9282.0,9263.0,9271.0,13268.0,487463.0,487346.0
2026-07-14 10:30:00,9270.0,9300.0,9259.0,9280.0,43226.0,487346.0,485272.0
2026-07-14 11:00:00,9280.0,9300.0,9276.0,9285.0,30089.0,485272.0,484365.0
2026-07-14 13:30:00,9292.0,9300.0,9264.0,9291.0,35718.0,484365.0,484479.0
2026-07-14 14:00:00,9291.0,9355.0,9288.0,9342.0,76729.0,484479.0,484695.0
2026-07-14 14:30:00,9342.0,9374.0,9335.0,9351.0,58851.0,484695.0,473046.0
2026-07-14 21:00:00,9365.0,9371.0,9322.0,9329.0,69560.0,473046.0,473380.0
2026-07-14 21:30:00,9329.0,9349.0,9326.0,9333.0,33485.0,473380.0,473228.0
2026-07-14 22:00:00,9333.0,9336.0,9309.0,9312.0,28956.0,473228.0,470895.0
2026-07-14 22:30:00,9312.0,9326.0,9302.0,9314.0,25971.0,470895.0,467054.0
2026-07-15 09:00:00,9336.0,9344.0,9290.0,9307.0,53354.0,467054.0,467348.0
2026-07-15 09:30:00,9307.0,9309.0,9285.0,9293.0,25632.0,467348.0,467417.0
2026-07-15 10:00:00,9293.0,9308.0,9283.0,9307.0,15712.0,467417.0,467653.0
2026-07-15 10:30:00,9307.0,9338.0,9297.0,9337.0,33787.0,467653.0,466804.0
2026-07-15 11:00:00,9337.0,9344.0,9312.0,9316.0,34256.0,466804.0,463307.0
2026-07-15 13:30:00,9320.0,9332.0,9275.0,9282.0,45612.0,463307.0,463115.0
2026-07-15 14:00:00,9282.0,9284.0,9249.0,9258.0,52662.0,463115.0,469678.0
2026-07-15 14:30:00,9258.0,9282.0,9253.0,9279.0,36580.0,469678.0,465985.0
2026-07-15 21:00:00,9273.0,9295.0,9262.0,9281.0,45589.0,465985.0,472198.0
2026-07-15 21:30:00,9281.0,9281.0,9244.0,9256.0,39311.0,472198.0,474319.0
2026-07-15 22:00:00,9256.0,9268.0,9248.0,9265.0,23371.0,474319.0,474143.0
2026-07-15 22:30:00,9265.0,9276.0,9257.0,9265.0,22171.0,474143.0,471208.0
2026-07-16 09:00:00,9279.0,9325.0,9276.0,9284.0,66549.0,471208.0,470542.0
2026-07-16 09:30:00,9284.0,9285.0,9234.0,9246.0,55098.0,470542.0,472885.0
2026-07-16 10:00:00,9246.0,9250.0,9231.0,9242.0,12963.0,472885.0,473964.0
2026-07-16 10:30:00,9245.0,9254.0,9228.0,9235.0,29880.0,473964.0,476639.0
2026-07-16 11:00:00,9235.0,9256.0,9228.0,9229.0,26475.0,476639.0,478563.0
2026-07-16 13:30:00,9222.0,9234.0,9213.0,9220.0,34180.0,478563.0,483108.0
2026-07-16 14:00:00,9220.0,9240.0,9212.0,9239.0,28979.0,483108.0,484074.0
2026-07-16 14:30:00,9239.0,9245.0,9221.0,9244.0,31408.0,484074.0,480261.0
2026-07-16 21:00:00,9268.0,9278.0,9247.0,9259.0,56639.0,480261.0,481026.0
2026-07-16 21:30:00,9259.0,9263.0,9238.0,9259.0,28929.0,481026.0,481302.0
2026-07-16 22:00:00,9259.0,9275.0,9251.0,9263.0,25298.0,481302.0,480798.0
2026-07-16 22:30:00,9263.0,9264.0,9240.0,9242.0,24980.0,480798.0,477440.0
2026-07-17 09:00:00,9265.0,9302.0,9265.0,9277.0,74489.0,477440.0,477253.0
2026-07-17 09:30:00,9277.0,9278.0,9221.0,9239.0,68528.0,477253.0,475247.0
2026-07-17 10:00:00,9239.0,9268.0,9239.0,9266.0,19090.0,475247.0,474472.0
2026-07-17 10:30:00,9266.0,9267.0,9210.0,9224.0,51196.0,474472.0,478191.0
2026-07-17 11:00:00,9224.0,9239.0,9214.0,9239.0,23383.0,478191.0,476427.0
2026-07-17 13:30:00,9235.0,9235.0,9202.0,9206.0,41397.0,476427.0,477665.0
2026-07-17 14:00:00,9206.0,9241.0,9191.0,9226.0,44101.0,477665.0,476248.0
2026-07-17 14:30:00,9226.0,9240.0,9224.0,9232.0,22334.0,476248.0,473284.0
2026-07-17 21:00:00,9257.0,9287.0,9253.0,9265.0,70366.0,473284.0,469004.0
2026-07-17 21:30:00,9265.0,9303.0,9261.0,9300.0,43251.0,469004.0,468615.0
2026-07-17 22:00:00,9300.0,9312.0,9276.0,9286.0,36436.0,468615.0,464409.0
2026-07-17 22:30:00,9286.0,9315.0,9282.0,9312.0,24675.0,464409.0,460238.0
2026-07-20 09:00:00,9340.0,9394.0,9340.0,9358.0,117022.0,460238.0,455670.0
2026-07-20 09:30:00,9358.0,9389.0,9354.0,9383.0,31131.0,455670.0,455499.0
2026-07-20 10:00:00,9383.0,9387.0,9368.0,9368.0,14224.0,455499.0,453955.0
2026-07-20 10:30:00,9361.0,9365.0,9323.0,9323.0,50106.0,453955.0,448844.0
2026-07-20 11:00:00,9323.0,9355.0,9318.0,9352.0,33584.0,448844.0,444413.0
2026-07-20 13:30:00,9355.0,9355.0,9331.0,9335.0,21490.0,444413.0,443055.0
2026-07-20 14:00:00,9335.0,9362.0,9335.0,9343.0,22959.0,443055.0,441547.0
2026-07-20 14:30:00,9343.0,9390.0,9343.0,9389.0,42616.0,441547.0,440227.0
2026-07-20 21:00:00,9368.0,9372.0,9318.0,9323.0,76541.0,440227.0,442627.0
2026-07-20 21:30:00,9323.0,9328.0,9296.0,9317.0,51497.0,442627.0,441572.0
2026-07-20 22:00:00,9317.0,9335.0,9314.0,9329.0,21416.0,441572.0,440245.0
2026-07-20 22:30:00,9329.0,9335.0,9310.0,9334.0,22405.0,440245.0,436977.0
2026-07-21 09:00:00,9339.0,9345.0,9245.0,9269.0,94378.0,436977.0,441940.0
2026-07-21 09:30:00,9269.0,9287.0,9263.0,9265.0,31943.0,441940.0,444148.0
2026-07-21 10:00:00,9265.0,9272.0,9248.0,9261.0,16767.0,444148.0,447279.0
2026-07-21 10:30:00,9266.0,9273.0,9246.0,9246.0,30897.0,447279.0,449026.0
2026-07-21 11:00:00,9246.0,9272.0,9239.0,9259.0,35456.0,449026.0,449070.0
2026-07-21 13:30:00,9260.0,9265.0,9246.0,9259.0,25393.0,449070.0,452204.0
2026-07-21 14:00:00,9259.0,9265.0,9244.0,9245.0,21299.0,452204.0,453630.0
2026-07-21 14:30:00,9245.0,9252.0,9212.0,9240.0,63365.0,453630.0,460238.0
2026-07-21 21:00:00,9265.0,9276.0,9247.0,9263.0,54865.0,460238.0,462312.0
2026-07-21 21:30:00,9263.0,9266.0,9243.0,9264.0,28758.0,462312.0,462848.0
2026-07-21 22:00:00,9264.0,9268.0,9240.0,9244.0,22264.0,462848.0,462574.0
2026-07-21 22:30:00,9244.0,9255.0,9226.0,9241.0,31190.0,462574.0,459773.0
2026-07-22 09:00:00,9244.0,9303.0,9242.0,9293.0,80480.0,459773.0,453593.0
2026-07-22 09:30:00,9293.0,9308.0,9280.0,9288.0,38510.0,453593.0,449464.0
2026-07-22 10:00:00,9288.0,9298.0,9283.0,9289.0,12709.0,449464.0,449157.0
2026-07-22 10:30:00,9287.0,9287.0,9226.0,9235.0,71139.0,449157.0,454194.0
2026-07-22 11:00:00,9235.0,9251.0,9228.0,9235.0,25286.0,454194.0,454387.0
2026-07-22 13:30:00,9234.0,9234.0,9196.0,9216.0,65151.0,454387.0,468491.0
2026-07-22 14:00:00,9216.0,9238.0,9215.0,9225.0,30158.0,468491.0,465483.0
2026-07-22 14:30:00,9225.0,9255.0,9223.0,9250.0,30493.0,465483.0,458939.0
2026-07-22 21:00:00,9268.0,9308.0,9260.0,9295.0,92968.0,458939.0,456065.0
2026-07-22 21:30:00,9295.0,9320.0,9283.0,9317.0,56830.0,456065.0,453682.0
2026-07-22 22:00:00,9317.0,9367.0,9317.0,9354.0,87496.0,453682.0,450527.0
2026-07-22 22:30:00,9354.0,9365.0,9348.0,9365.0,42280.0,450527.0,445086.0
2026-07-23 09:00:00,9394.0,9477.0,9366.0,9459.0,167334.0,445086.0,454649.0
2026-07-23 09:30:00,9459.0,9497.0,9459.0,9480.0,99904.0,454649.0,456286.0
2026-07-23 10:00:00,9480.0,9505.0,9479.0,9479.0,34983.0,456286.0,457755.0
2026-07-23 10:30:00,9475.0,9494.0,9471.0,9481.0,58041.0,457755.0,450601.0
2026-07-23 11:00:00,9481.0,9495.0,9477.0,9494.0,31844.0,450601.0,447857.0
2026-07-23 13:30:00,9486.0,9491.0,9462.0,9487.0,45236.0,447857.0,447719.0
2026-07-23 14:00:00,9487.0,9504.0,9480.0,9500.0,40644.0,447719.0,446432.0
2026-07-23 14:30:00,9500.0,9515.0,9488.0,9515.0,55518.0,446432.0,439006.0
2026-07-23 21:00:00,9549.0,9556.0,9516.0,9525.0,80214.0,439006.0,437434.0
2026-07-23 21:30:00,9525.0,9554.0,9518.0,9536.0,52294.0,437434.0,438525.0
2026-07-23 22:00:00,9536.0,9545.0,9527.0,9535.0,25338.0,438525.0,436751.0
2026-07-23 22:30:00,9535.0,9541.0,9527.0,9534.0,20802.0,436751.0,432066.0
2026-07-24 09:00:00,9524.0,9526.0,9477.0,9500.0,78423.0,432066.0,431146.0
2026-07-24 09:30:00,9500.0,9523.0,9497.0,9520.0,30940.0,431146.0,432303.0
2026-07-24 10:00:00,9520.0,9534.0,9506.0,9518.0,19607.0,432303.0,431877.0
2026-07-24 10:30:00,9518.0,9538.0,9514.0,9532.0,27401.0,431877.0,431404.0
2026-07-24 11:00:00,9532.0,9555.0,9523.0,9539.0,33398.0,431404.0,430481.0
2026-07-24 13:30:00,9539.0,9600.0,9538.0,9573.0,77491.0,430481.0,431100.0
2026-07-24 14:00:00,9573.0,9578.0,9550.0,9576.0,34535.0,431100.0,428304.0
2026-07-24 14:30:00,9576.0,9595.0,9555.0,9570.0,49705.0,428304.0,425706.0
2026-07-24 21:00:00,9508.0,9532.0,9491.0,9520.0,73215.0,425706.0,423558.0
2026-07-24 21:30:00,9520.0,9524.0,9490.0,9500.0,42309.0,423558.0,417656.0
2026-07-24 22:00:00,9500.0,9507.0,9487.0,9502.0,22031.0,417656.0,415157.0
2026-07-24 22:30:00,9502.0,9517.0,9493.0,9515.0,21030.0,415157.0,412557.0
2026-07-27 09:00:00,9446.0,9446.0,9384.0,9385.0,118340.0,412557.0,398452.0
2026-07-27 09:30:00,9385.0,9403.0,9363.0,9393.0,70083.0,398452.0,392964.0
2026-07-27 10:00:00,9393.0,9415.0,9386.0,9403.0,21556.0,392964.0,390935.0
2026-07-27 10:30:00,9405.0,9416.0,9384.0,9391.0,36293.0,390935.0,393048.0
2026-07-27 11:00:00,9391.0,9401.0,9378.0,9394.0,23692.0,393048.0,389610.0
2026-07-27 13:30:00,9383.0,9383.0,9351.0,9374.0,49467.0,389610.0,387994.0
2026-07-27 14:00:00,9374.0,9389.0,9366.0,9383.0,21075.0,387994.0,388351.0
2026-07-27 14:30:00,9383.0,9383.0,9366.0,9380.0,28487.0,388351.0,385549.0
2026-07-27 21:00:00,9398.0,9400.0,9361.0,9386.0,51312.0,385549.0,390574.0
2026-07-27 21:30:00,9386.0,9386.0,9362.0,9377.0,26008.0,390574.0,391547.0
2026-07-27 22:00:00,9377.0,9377.0,9336.0,9349.0,42039.0,391547.0,388549.0
2026-07-27 22:30:00,9349.0,9361.0,9342.0,9357.0,22418.0,388549.0,386573.0
2026-07-28 09:00:00,9335.0,9338.0,9305.0,9332.0,72648.0,386573.0,390038.0
2026-07-28 09:30:00,9332.0,9334.0,9309.0,9314.0,25897.0,390038.0,388940.0
2026-07-28 10:00:00,9314.0,9324.0,9306.0,9323.0,12939.0,388940.0,388807.0
2026-07-28 10:30:00,9320.0,9322.0,9264.0,9281.0,67041.0,388807.0,388182.0
2026-07-28 11:00:00,9281.0,9298.0,9279.0,9294.0,25607.0,388182.0,384932.0
2026-07-28 13:30:00,9295.0,9321.0,9285.0,9314.0,32924.0,384932.0,383696.0
2026-07-28 14:00:00,9314.0,9326.0,9311.0,9321.0,21203.0,383696.0,381516.0
2026-07-28 14:30:00,9321.0,9323.0,9300.0,9312.0,28600.0,381516.0,376817.0
2026-07-28 21:00:00,9313.0,9340.0,9293.0,9317.0,65732.0,376817.0,386961.0
2026-07-28 21:30:00,9317.0,9330.0,9310.0,9321.0,25465.0,386961.0,388490.0
2026-07-28 22:00:00,9321.0,9334.0,9320.0,9333.0,18593.0,388490.0,388217.0
2026-07-28 22:30:00,9333.0,9334.0,9322.0,9328.0,16290.0,388217.0,385396.0
2026-07-29 09:00:00,9341.0,9363.0,9334.0,9340.0,52077.0,385396.0,386253.0
2026-07-29 09:30:00,9340.0,9368.0,9340.0,9353.0,23933.0,386253.0,383703.0
2026-07-29 10:00:00,9353.0,9363.0,9349.0,9358.0,12513.0,383703.0,382343.0
2026-07-29 10:30:00,9355.0,9373.0,9340.0,9366.0,35430.0,382343.0,380806.0
2026-07-29 11:00:00,9366.0,9387.0,9360.0,9371.0,33727.0,380806.0,377129.0
2026-07-29 13:30:00,9358.0,9385.0,9350.0,9378.0,30831.0,377129.0,377446.0
2026-07-29 14:00:00,9378.0,9390.0,9373.0,9381.0,21506.0,377446.0,375234.0
2026-07-29 14:30:00,9381.0,9393.0,9364.0,9385.0,31184.0,375234.0,367946.0
2026-07-29 21:00:00,9401.0,9416.0,9382.0,9390.0,48095.0,367946.0,369869.0
2026-07-29 21:30:00,9390.0,9391.0,9356.0,9363.0,35225.0,369869.0,369828.0
2026-07-29 22:00:00,9363.0,9368.0,9350.0,9365.0,22460.0,369828.0,368946.0
2026-07-29 22:30:00,9365.0,9371.0,9348.0,9370.0,21232.0,368946.0,365988.0
2026-07-30 09:00:00,9353.0,9353.0,9323.0,9345.0,44813.0,365988.0,364937.0
2026-07-30 09:30:00,9345.0,9352.0,9317.0,9329.0,29157.0,364937.0,364472.0
2026-07-30 10:00:00,9329.0,9335.0,9325.0,9333.0,6734.0,364472.0,363356.0
2026-07-30 10:30:00,9335.0,9353.0,9329.0,9346.0,29650.0,363356.0,360722.0
2026-07-30 11:00:00,9346.0,9353.0,9336.0,9348.0,17367.0,360722.0,358955.0
2026-07-30 13:30:00,9352.0,9382.0,9334.0,9343.0,55091.0,358955.0,358286.0
2026-07-30 14:00:00,9343.0,9376.0,9338.0,9366.0,28969.0,358286.0,356596.0
2026-07-30 14:30:00,9366.0,9395.0,9363.0,9393.0,35330.0,356596.0,352682.0
2026-07-30 21:00:00,9383.0,9388.0,9362.0,9378.0,45797.0,352682.0,356326.0
2026-07-30 21:30:00,9378.0,9385.0,9365.0,9367.0,21504.0,356326.0,355797.0
2026-07-30 22:00:00,9367.0,9387.0,9360.0,9374.0,27025.0,355797.0,355129.0
2026-07-30 22:30:00,9374.0,9396.0,9367.0,9370.0,23061.0,355129.0,351762.0
2026-07-31 09:00:00,9350.0,9381.0,9341.0,9366.0,48335.0,351762.0,350539.0
2026-07-31 09:30:00,9366.0,9370.0,9335.0,9338.0,25848.0,350539.0,351318.0
2026-07-31 10:00:00,9338.0,9339.0,9322.0,9334.0,15326.0,351318.0,352446.0
2026-07-31 10:30:00,9336.0,9343.0,9311.0,9317.0,29636.0,352446.0,354251.0
2026-07-31 11:00:00,9317.0,9328.0,9297.0,9297.0,28605.0,354251.0,355788.0
2026-07-31 13:30:00,9292.0,9302.0,9271.0,9289.0,46967.0,355788.0,359073.0
2026-07-31 14:00:00,9289.0,9294.0,9279.0,9281.0,20029.0,359073.0,358778.0
2026-07-31 14:30:00,9281.0,9286.0,9266.0,9281.0,32382.0,358778.0,353371.0
2026-07-31 21:00:00,9311.0,9319.0,9286.0,9313.0,51786.0,353371.0,354219.0
2026-07-31 21:30:00,9313.0,9322.0,9297.0,9302.0,24173.0,354219.0,353046.0
2026-07-31 22:00:00,9302.0,9316.0,9296.0,9308.0,17226.0,353046.0,352393.0
2026-07-31 22:30:00,9308.0,9317.0,9296.0,9296.0,13612.0,352393.0,348845.0
2026-08-03 09:00:00,9254.0,9276.0,9228.0,9265.0,65573.0,348845.0,349893.0
2026-08-03 09:30:00,9265.0,9272.0,9246.0,9263.0,20897.0,349893.0,349239.0
2026-08-03 10:00:00,9263.0,9266.0,9252.0,9259.0,6962.0,349239.0,349225.0
2026-08-03 10:30:00,9259.0,9280.0,9243.0,9259.0,25770.0,349225.0,350011.0
2026-08-03 11:00:00,9259.0,9295.0,9256.0,9294.0,21228.0,350011.0,349707.0
2026-08-03 13:30:00,9291.0,9298.0,9275.0,9292.0,21398.0,349707.0,349410.0
2026-08-03 14:00:00,9292.0,9294.0,9270.0,9274.0,18806.0,349410.0,346982.0
2026-08-03 14:30:00,9274.0,9282.0,9250.0,9253.0,28867.0,346982.0,346708.0
2026-08-03 21:00:00,9250.0,9256.0,9232.0,9243.0,46647.0,346708.0,348169.0
2026-08-03 21:30:00,9243.0,9247.0,9230.0,9244.0,26244.0,348169.0,347160.0
2026-08-03 22:00:00,9244.0,9265.0,9241.0,9264.0,22717.0,347160.0,344226.0
2026-08-03 22:30:00,9264.0,9282.0,9258.0,9277.0,19460.0,344226.0,341348.0
2026-08-04 09:00:00,9297.0,9320.0,9277.0,9318.0,52500.0,341348.0,336447.0
2026-08-04 09:30:00,9318.0,9343.0,9318.0,9336.0,35924.0,336447.0,333579.0
2026-08-04 10:00:00,9336.0,9340.0,9315.0,9317.0,12046.0,333579.0,331309.0
2026-08-04 10:30:00,9316.0,9329.0,9309.0,9324.0,21539.0,331309.0,330130.0
2026-08-04 11:00:00,9324.0,9327.0,9313.0,9314.0,10516.0,330130.0,328914.0
2026-08-04 13:30:00,9321.0,9331.0,9298.0,9300.0,20276.0,328914.0,328262.0
2026-08-04 14:00:00,9300.0,9303.0,9288.0,9299.0,18565.0,328262.0,328968.0
2026-08-04 14:30:00,9299.0,9311.0,9294.0,9299.0,16681.0,328968.0,326356.0
2026-08-04 21:00:00,9272.0,9294.0,9263.0,9278.0,46879.0,326356.0,330813.0
2026-08-04 21:30:00,9278.0,9298.0,9271.0,9296.0,22040.0,330813.0,331629.0
2026-08-04 22:00:00,9296.0,9309.0,9286.0,9298.0,22436.0,331629.0,331240.0
2026-08-04 22:30:00,9298.0,9317.0,9294.0,9314.0,16770.0,331240.0,328489.0
2026-08-05 09:00:00,9294.0,9385.0,9294.0,9383.0,64762.0,328489.0,328035.0
2026-08-05 09:30:00,9383.0,9389.0,9358.0,9364.0,34648.0,328035.0,325876.0
2026-08-05 10:00:00,9364.0,9369.0,9356.0,9364.0,10637.0,325876.0,325327.0
2026-08-05 10:30:00,9360.0,9381.0,9337.0,9375.0,37015.0,325327.0,322187.0
2026-08-05 11:00:00,9375.0,9404.0,9372.0,9392.0,37251.0,322187.0,319896.0
2026-08-05 13:30:00,9399.0,9429.0,9396.0,9424.0,39043.0,319896.0,322306.0
2026-08-05 14:00:00,9424.0,9430.0,9396.0,9406.0,28533.0,322306.0,318457.0
2026-08-05 14:30:00,9406.0,9416.0,9393.0,9395.0,21673.0,318457.0,312940.0
2026-08-05 21:00:00,9397.0,9423.0,9387.0,9417.0,40048.0,312940.0,313374.0
2026-08-05 21:30:00,9417.0,9417.0,9389.0,9407.0,24747.0,313374.0,312663.0
2026-08-05 22:00:00,9407.0,9412.0,9391.0,9392.0,18230.0,312663.0,312483.0
2026-08-05 22:30:00,9392.0,9397.0,9377.0,9381.0,22949.0,312483.0,310079.0
2026-08-06 09:00:00,9385.0,9394.0,9367.0,9379.0,30492.0,310079.0,309403.0
2026-08-06 09:30:00,9379.0,9388.0,9363.0,9368.0,17705.0,309403.0,308447.0
2026-08-06 10:00:00,9368.0,9376.0,9364.0,9373.0,6895.0,308447.0,307569.0
2026-08-06 10:30:00,9373.0,9391.0,9361.0,9383.0,21586.0,307569.0,307204.0
2026-08-06 11:00:00,9383.0,9388.0,9356.0,9361.0,17028.0,307204.0,306053.0
2026-08-06 13:30:00,9348.0,9371.0,9342.0,9366.0,20593.0,306053.0,305408.0
2026-08-06 14:00:00,9366.0,9385.0,9364.0,9373.0,13176.0,305408.0,304849.0
2026-08-06 14:30:00,9373.0,9392.0,9370.0,9385.0,17445.0,304849.0,302713.0
2026-08-06 21:00:00,9403.0,9404.0,9350.0,9362.0,53554.0,302713.0,298594.0
2026-08-06 21:30:00,9362.0,9368.0,9351.0,9356.0,16758.0,298594.0,298865.0
2026-08-06 22:00:00,9356.0,9357.0,9326.0,9336.0,30758.0,298865.0,298158.0
2026-08-06 22:30:00,9336.0,9344.0,9324.0,9330.0,20634.0,298158.0,296494.0
2026-08-07 09:00:00,9335.0,9380.0,9335.0,9362.0,37299.0,296494.0,292831.0
2026-08-07 09:30:00,9362.0,9377.0,9358.0,9377.0,13217.0,292831.0,289803.0
2026-08-07 10:00:00,9377.0,9380.0,9362.0,9363.0,10978.0,289803.0,288065.0
2026-08-07 10:30:00,9364.0,9364.0,9316.0,9323.0,42764.0,288065.0,288124.0
2026-08-07 11:00:00,9323.0,9351.0,9305.0,9341.0,34161.0,288124.0,283098.0
2026-08-07 13:30:00,9355.0,9363.0,9331.0,9337.0,27263.0,283098.0,281033.0
2026-08-07 14:00:00,9337.0,9355.0,9335.0,9352.0,18274.0,281033.0,276670.0
2026-08-07 14:30:00,9352.0,9359.0,9341.0,9356.0,19468.0,276670.0,270588.0
2026-08-07 21:00:00,9364.0,9396.0,9355.0,9389.0,48831.0,270588.0,268624.0
2026-08-07 21:30:00,9389.0,9411.0,9376.0,9382.0,30820.0,268624.0,268250.0
2026-08-07 22:00:00,9382.0,9392.0,9379.0,9382.0,11652.0,268250.0,268092.0
2026-08-07 22:30:00,9382.0,9392.0,9370.0,9381.0,16072.0,268092.0,264901.0
2026-08-10 09:00:00,9397.0,9416.0,9382.0,9390.0,43112.0,264901.0,260935.0
2026-08-10 09:30:00,9390.0,9396.0,9373.0,9391.0,19775.0,260935.0,257565.0
2026-08-10 10:00:00,9391.0,9430.0,9389.0,9420.0,25173.0,257565.0,252587.0
2026-08-10 10:30:00,9418.0,9447.0,9408.0,9433.0,39336.0,252587.0,246979.0
2026-08-10 11:00:00,9433.0,9436.0,9419.0,9427.0,16212.0,246979.0,243023.0
2026-08-10 13:30:00,9421.0,9424.0,9397.0,9409.0,23691.0,243023.0,240296.0
2026-08-10 14:00:00,9409.0,9418.0,9398.0,9406.0,13840.0,240296.0,237903.0
2026-08-10 14:30:00,9406.0,9418.0,9391.0,9406.0,21486.0,237903.0,235667.0
2026-08-10 21:00:00,9425.0,9456.0,9422.0,9445.0,41243.0,235667.0,233096.0
2026-08-10 21:30:00,9445.0,9460.0,9432.0,9454.0,20267.0,233096.0,231780.0
2026-08-10 22:00:00,9454.0,9463.0,9437.0,9440.0,14854.0,231780.0,230273.0
2026-08-10 22:30:00,9440.0,9450.0,9435.0,9447.0,9896.0,230273.0,228427.0
2026-08-11 09:00:00,9461.0,9464.0,9435.0,9443.0,36168.0,228427.0,220952.0
2026-08-11 09:30:00,9443.0,9448.0,9433.0,9444.0,12880.0,220952.0,218014.0
2026-08-11 10:00:00,9444.0,9447.0,9428.0,9437.0,6706.0,218014.0,216774.0
2026-08-11 10:30:00,9437.0,9444.0,9425.0,9439.0,15380.0,216774.0,214645.0
2026-08-11 11:00:00,9439.0,9455.0,9436.0,9451.0,11036.0,214645.0,212675.0
2026-08-11 13:30:00,9451.0,9455.0,9438.0,9442.0,12976.0,212675.0,211151.0
2026-08-11 14:00:00,9442.0,9458.0,9438.0,9453.0,10723.0,211151.0,209206.0
2026-08-11 14:30:00,9453.0,9471.0,9436.0,9442.0,23304.0,209206.0,204178.0
2026-08-11 21:00:00,9716.0,9730.0,9682.0,9700.0,72174.0,204178.0,416316.0
2026-08-11 21:30:00,9700.0,9702.0,9673.0,9688.0,31249.0,416316.0,416457.0
2026-08-11 22:00:00,9688.0,9697.0,9684.0,9696.0,12498.0,416457.0,418317.0
2026-08-11 22:30:00,9696.0,9701.0,9682.0,9696.0,14856.0,418317.0,419926.0
2026-08-12 09:00:00,9708.0,9713.0,9683.0,9698.0,29560.0,419926.0,422986.0
2026-08-12 09:30:00,9698.0,9709.0,9682.0,9695.0,23577.0,422986.0,424529.0
2026-08-12 10:00:00,9695.0,9698.0,9682.0,9696.0,7766.0,424529.0,425357.0
2026-08-12 10:30:00,9695.0,9730.0,9694.0,9716.0,32025.0,425357.0,427839.0
2026-08-12 11:00:00,9716.0,9720.0,9702.0,9706.0,18166.0,427839.0,429660.0
2026-08-12 13:30:00,9702.0,9702.0,9668.0,9690.0,45650.0,429660.0,431131.0
2026-08-12 14:00:00,9690.0,9694.0,9675.0,9691.0,21256.0,431131.0,432306.0
2026-08-12 14:30:00,9691.0,9695.0,9679.0,9691.0,23673.0,432306.0,430333.0
2026-08-12 21:00:00,9685.0,9693.0,9673.0,9693.0,43385.0,430333.0,438046.0
2026-08-12 21:30:00,9693.0,9695.0,9671.0,9673.0,21926.0,438046.0,439847.0
2026-08-12 22:00:00,9673.0,9724.0,9673.0,9722.0,41036.0,439847.0,442564.0
2026-08-12 22:30:00,9722.0,9723.0,9710.0,9713.0,19935.0,442564.0,439577.0
2026-08-13 09:00:00,9720.0,9726.0,9680.0,9702.0,57777.0,439577.0,443350.0
2026-08-13 09:30:00,9702.0,9709.0,9684.0,9693.0,23210.0,443350.0,445731.0
2026-08-13 10:00:00,9693.0,9697.0,9688.0,9689.0,6540.0,445731.0,446127.0
2026-08-13 10:30:00,9691.0,9695.0,9658.0,9685.0,52543.0,446127.0,448028.0
2026-08-13 11:00:00,9685.0,9700.0,9675.0,9691.0,31720.0,448028.0,449023.0
2026-08-13 13:30:00,9689.0,9703.0,9675.0,9689.0,24223.0,449023.0,451027.0
2026-08-13 14:00:00,9689.0,9717.0,9686.0,9716.0,31807.0,451027.0,452818.0
2026-08-13 14:30:00,9716.0,9748.0,9712.0,9735.0,69349.0,452818.0,453928.0
2026-08-13 21:00:00,9711.0,9723.0,9704.0,9720.0,44832.0,453928.0,456900.0
2026-08-13 21:30:00,9720.0,9753.0,9718.0,9727.0,46070.0,456900.0,463383.0
2026-08-13 22:00:00,9727.0,9743.0,9724.0,9743.0,15336.0,463383.0,464286.0
2026-08-13 22:30:00,9743.0,9748.0,9737.0,9745.0,14556.0,464286.0,462948.0
2026-08-14 09:00:00,9739.0,9764.0,9733.0,9751.0,43736.0,462948.0,470259.0
2026-08-14 09:30:00,9751.0,9757.0,9723.0,9726.0,27326.0,470259.0,469219.0
2026-08-14 10:00:00,9726.0,9733.0,9719.0,9726.0,13302.0,469219.0,469772.0
2026-08-14 10:30:00,9724.0,9784.0,9723.0,9769.0,73044.0,469772.0,475713.0
2026-08-14 11:00:00,9769.0,9778.0,9763.0,9772.0,26701.0,475713.0,476309.0
2026-08-14 13:30:00,9772.0,9800.0,9772.0,9797.0,40396.0,476309.0,479829.0
2026-08-14 14:00:00,9797.0,9831.0,9793.0,9823.0,58801.0,479829.0,486827.0
2026-08-14 14:30:00,9823.0,9848.0,9822.0,9838.0,50380.0,486827.0,487993.0
2026-08-14 21:00:00,9809.0,9817.0,9800.0,9809.0,47192.0,487993.0,490257.0
2026-08-14 21:30:00,9809.0,9810.0,9790.0,9799.0,30717.0,490257.0,489091.0
2026-08-14 22:00:00,9799.0,9811.0,9797.0,9798.0,13543.0,489091.0,489220.0
2026-08-14 22:30:00,9798.0,9808.0,9797.0,9805.0,11752.0,489220.0,486855.0
2026-08-17 09:00:00,9815.0,9822.0,9776.0,9793.0,64829.0,486855.0,487549.0
2026-08-17 09:30:00,9793.0,9829.0,9790.0,9815.0,36715.0,487549.0,491190.0
2026-08-17 10:00:00,9815.0,9825.0,9804.0,9823.0,9020.0,491190.0,492384.0
2026-08-17 10:30:00,9823.0,9823.0,9790.0,9792.0,30607.0,492384.0,493928.0
2026-08-17 11:00:00,9792.0,9796.0,9782.0,9791.0,23044.0,493928.0,495353.0
2026-08-17 13:30:00,9791.0,9827.0,9787.0,9822.0,33040.0,495353.0,496969.0
2026-08-17 14:00:00,9822.0,9841.0,9820.0,9838.0,30782.0,496969.0,499871.0
2026-08-17 14:30:00,9838.0,9846.0,9828.0,9838.0,34070.0,499871.0,503117.0
2026-08-17 21:00:00,9861.0,9864.0,9833.0,9846.0,53808.0,503117.0,507033.0
2026-08-17 21:30:00,9846.0,9849.0,9826.0,9844.0,29885.0,507033.0,507577.0
2026-08-17 22:00:00,9844.0,9846.0,9826.0,9838.0,21754.0,507577.0,509825.0
2026-08-17 22:30:00,9838.0,9842.0,9831.0,9836.0,12015.0,509825.0,508414.0
2026-08-18 09:00:00,9869.0,9927.0,9855.0,9926.0,86586.0,508414.0,522262.0
2026-08-18 09:30:00,9926.0,9928.0,9892.0,9902.0,48190.0,522262.0,525165.0
2026-08-18 10:00:00,9902.0,9926.0,9901.0,9921.0,14313.0,525165.0,527594.0
2026-08-18 10:30:00,9919.0,9951.0,9909.0,9941.0,53108.0,527594.0,534820.0
2026-08-18 11:00:00,9941.0,9946.0,9922.0,9940.0,29377.0,534820.0,535293.0
2026-08-18 13:30:00,9950.0,9952.0,9899.0,9912.0,50601.0,535293.0,533523.0
2026-08-18 14:00:00,9912.0,9920.0,9904.0,9909.0,23495.0,533523.0,534595.0
2026-08-18 14:30:00,9909.0,9952.0,9907.0,9946.0,55698.0,534595.0,540880.0
2026-08-18 21:00:00,9954.0,10016.0,9950.0,9999.0,105609.0,540880.0,556172.0
2026-08-18 21:30:00,9999.0,10001.0,9971.0,9984.0,48721.0,556172.0,555139.0
2026-08-18 22:00:00,9984.0,9987.0,9951.0,9954.0,42692.0,555139.0,553048.0
2026-08-18 22:30:00,9954.0,9956.0,9913.0,9934.0,57008.0,553048.0,547337.0
2026-08-19 09:00:00,9921.0,9943.0,9900.0,9934.0,60296.0,547337.0,553293.0
2026-08-19 09:30:00,9934.0,9971.0,9924.0,9968.0,33788.0,553293.0,555935.0
2026-08-19 10:00:00,9968.0,9970.0,9950.0,9955.0,11634.0,555935.0,554918.0
2026-08-19 10:30:00,9952.0,9974.0,9946.0,9968.0,27246.0,554918.0,557356.0
2026-08-19 11:00:00,9968.0,10005.0,9967.0,9996.0,35020.0,557356.0,559905.0
2026-08-19 13:30:00,9993.0,9996.0,9978.0,9992.0,31384.0,559905.0,559993.0
2026-08-19 14:00:00,9992.0,10011.0,9976.0,9998.0,39261.0,559993.0,560691.0
2026-08-19 14:30:00,9998.0,10018.0,9985.0,9994.0,42246.0,560691.0,555181.0
2026-08-19 21:00:00,9987.0,10030.0,9986.0,10013.0,58643.0,555181.0,559051.0
2026-08-19 21:30:00,10013.0,10026.0,9997.0,10004.0,33973.0,559051.0,559509.0
2026-08-19 22:00:00,10004.0,10025.0,10003.0,10023.0,16343.0,559509.0,560950.0
2026-08-19 22:30:00,10023.0,10058.0,10016.0,10052.0,40275.0,560950.0,562921.0
2026-08-20 09:00:00,10033.0,10066.0,10015.0,10039.0,65110.0,562921.0,563561.0
2026-08-20 09:30:00,10039.0,10049.0,10023.0,10036.0,29151.0,563561.0,562411.0
2026-08-20 10:00:00,10036.0,10048.0,10030.0,10039.0,11652.0,562411.0,562291.0
2026-08-20 10:30:00,10041.0,10126.0,10041.0,10109.0,99650.0,562291.0,574648.0
2026-08-20 11:00:00,10109.0,10138.0,10108.0,10120.0,60909.0,574648.0,577894.0
2026-08-20 13:30:00,10119.0,10159.0,10116.0,10129.0,60775.0,577894.0,578332.0
2026-08-20 14:00:00,10129.0,10165.0,10112.0,10146.0,41303.0,578332.0,580326.0
2026-08-20 14:30:00,10146.0,10180.0,10130.0,10160.0,58739.0,580326.0,577734.0
2026-08-20 21:00:00,10196.0,10210.0,10153.0,10180.0,88568.0,577734.0,579923.0
2026-08-20 21:30:00,10180.0,10181.0,10122.0,10141.0,59045.0,579923.0,575910.0
2026-08-20 22:00:00,10141.0,10154.0,10110.0,10119.0,42684.0,575910.0,572337.0
2026-08-20 22:30:00,10119.0,10154.0,10118.0,10150.0,30685.0,572337.0,570806.0
2026-08-21 09:00:00,10135.0,10166.0,10121.0,10150.0,50927.0,570806.0,574055.0
2026-08-21 09:30:00,10150.0,10187.0,10145.0,10185.0,30907.0,574055.0,576988.0
2026-08-21 10:00:00,10185.0,10216.0,10181.0,10203.0,29533.0,576988.0,582786.0
2026-08-21 10:30:00,10200.0,10203.0,10101.0,10120.0,81881.0,582786.0,572698.0
2026-08-21 11:00:00,10120.0,10151.0,10113.0,10135.0,36014.0,572698.0,572839.0
2026-08-21 13:30:00,10144.0,10167.0,10125.0,10133.0,40001.0,572839.0,573218.0
2026-08-21 14:00:00,10133.0,10133.0,10078.0,10118.0,79628.0,573218.0,566191.0
2026-08-21 14:30:00,10118.0,10173.0,10113.0,10160.0,50960.0,566191.0,566941.0
2026-08-21 21:00:00,10194.0,10245.0,10175.0,10242.0,128424.0,566941.0,579713.0
2026-08-21 21:30:00,10242.0,10292.0,10223.0,10224.0,102356.0,579713.0,586033.0
2026-08-21 22:00:00,10224.0,10224.0,10178.0,10192.0,78643.0,586033.0,582695.0
2026-08-21 22:30:00,10192.0,10206.0,10178.0,10180.0,31695.0,582695.0,577775.0
2026-08-24 09:00:00,10117.0,10144.0,10081.0,10142.0,118045.0,577775.0,581541.0
2026-08-24 09:30:00,10142.0,10176.0,10123.0,10162.0,45964.0,581541.0,585429.0
2026-08-24 10:00:00,10162.0,10171.0,10145.0,10163.0,15200.0,585429.0,586073.0
2026-08-24 10:30:00,10164.0,10167.0,10113.0,10146.0,42253.0,586073.0,584223.0
2026-08-24 11:00:00,10146.0,10186.0,10145.0,10176.0,30851.0,584223.0,583741.0
2026-08-24 13:30:00,10176.0,10195.0,10136.0,10154.0,41838.0,583741.0,582674.0
2026-08-24 14:00:00,10154.0,10164.0,10138.0,10151.0,21692.0,582674.0,580909.0
2026-08-24 14:30:00,10151.0,10156.0,10134.0,10145.0,26314.0,580909.0,577128.0
2026-08-24 21:00:00,10124.0,10138.0,10095.0,10134.0,79228.0,577128.0,579265.0
2026-08-24 21:30:00,10134.0,10143.0,10098.0,10127.0,48530.0,579265.0,578694.0
2026-08-24 22:00:00,10127.0,10135.0,10093.0,10110.0,37408.0,578694.0,578620.0
2026-08-24 22:30:00,10110.0,10120.0,10088.0,10092.0,34428.0,578620.0,575010.0
2026-08-25 09:00:00,10075.0,10121.0,10046.0,10087.0,71454.0,575010.0,575962.0
2026-08-25 09:30:00,10087.0,10087.0,10019.0,10073.0,74674.0,575962.0,573032.0
2026-08-25 10:00:00,10073.0,10074.0,10029.0,10035.0,20877.0,573032.0,572126.0
2026-08-25 10:30:00,10038.0,10043.0,9995.0,10012.0,65613.0,572126.0,567847.0
2026-08-25 11:00:00,10012.0,10025.0,9962.0,10011.0,82881.0,567847.0,567114.0
2026-08-25 13:30:00,10006.0,10045.0,9995.0,10040.0,46058.0,567114.0,567046.0
2026-08-25 14:00:00,10040.0,10070.0,10033.0,10068.0,36698.0,567046.0,570581.0
2026-08-25 14:30:00,10068.0,10081.0,10052.0,10079.0,41872.0,570581.0,562823.0
2026-08-25 21:00:00,10025.0,10045.0,9984.0,10012.0,83436.0,562823.0,560284.0
2026-08-25 21:30:00,10012.0,10067.0,10012.0,10059.0,46183.0,560284.0,563680.0
2026-08-25 22:00:00,10059.0,10082.0,10058.0,10072.0,39410.0,563680.0,566407.0
2026-08-25 22:30:00,10072.0,10089.0,10060.0,10078.0,28616.0,566407.0,563683.0
2026-08-26 09:00:00,10062.0,10088.0,10020.0,10082.0,75446.0,563683.0,562732.0
2026-08-26 09:30:00,10082.0,10095.0,10052.0,10067.0,41941.0,562732.0,561493.0
2026-08-26 10:00:00,10067.0,10069.0,10037.0,10049.0,18914.0,561493.0,557866.0
2026-08-26 10:30:00,10048.0,10072.0,10028.0,10051.0,40487.0,557866.0,557725.0
2026-08-26 11:00:00,10051.0,10052.0,9992.0,10021.0,53220.0,557725.0,557246.0
2026-08-26 13:30:00,10017.0,10074.0,10017.0,10055.0,46275.0,557246.0,559804.0
2026-08-26 14:00:00,10055.0,10055.0,10037.0,10039.0,19150.0,559804.0,559117.0
2026-08-26 14:30:00,10039.0,10039.0,9985.0,10002.0,62601.0,559117.0,555062.0
2026-08-26 21:00:00,10001.0,10024.0,9985.0,10010.0,58952.0,555062.0,559327.0
2026-08-26 21:30:00,10010.0,10073.0,10007.0,10061.0,66214.0,559327.0,567852.0
2026-08-26 22:00:00,10061.0,10081.0,10046.0,10073.0,43781.0,567852.0,567756.0
2026-08-26 22:30:00,10073.0,10110.0,10072.0,10090.0,65046.0,567756.0,568802.0
2026-08-27 09:00:00,10078.0,10104.0,10055.0,10064.0,57213.0,568802.0,569104.0
2026-08-27 09:30:00,10064.0,10066.0,10034.0,10036.0,31724.0,569104.0,566405.0
2026-08-27 10:00:00,10036.0,10058.0,10035.0,10047.0,16927.0,566405.0,567976.0
2026-08-27 10:30:00,10048.0,10102.0,10039.0,10056.0,55788.0,567976.0,571990.0
2026-08-27 11:00:00,10056.0,10084.0,10056.0,10074.0,22117.0,571990.0,572866.0
2026-08-27 13:30:00,10074.0,10088.0,10052.0,10071.0,34413.0,572866.0,572477.0
2026-08-27 14:00:00,10071.0,10075.0,10050.0,10062.0,22164.0,572477.0,573148.0
2026-08-27 14:30:00,10062.0,10073.0,10036.0,10045.0,39068.0,573148.0,569542.0
2026-08-27 21:00:00,10019.0,10022.0,9983.0,10009.0,100267.0,569542.0,575398.0
2026-08-27 21:30:00,10009.0,10013.0,9952.0,9975.0,79824.0,575398.0,570964.0
2026-08-27 22:00:00,9975.0,10045.0,9966.0,10029.0,74334.0,570964.0,567973.0
2026-08-27 22:30:00,10029.0,10100.0,10026.0,10082.0,77433.0,567973.0,565525.0
2026-08-28 09:00:00,10137.0,10157.0,10108.0,10130.0,85638.0,565525.0,566602.0
2026-08-28 09:30:00,10130.0,10133.0,10097.0,10105.0,34113.0,566602.0,565697.0
2026-08-28 10:00:00,10105.0,10116.0,10094.0,10100.0,15960.0,565697.0,565205.0
2026-08-28 10:30:00,10104.0,10114.0,10080.0,10093.0,33287.0,565205.0,564385.0
2026-08-28 11:00:00,10093.0,10113.0,10091.0,10109.0,18522.0,564385.0,563753.0
2026-08-28 13:30:00,10110.0,10182.0,10110.0,10173.0,69194.0,563753.0,575640.0
2026-08-28 14:00:00,10173.0,10225.0,10168.0,10209.0,82475.0,575640.0,587421.0
2026-08-28 14:30:00,10209.0,10209.0,10154.0,10171.0,68002.0,587421.0,579404.0
2026-08-28 21:00:00,10173.0,10238.0,10155.0,10201.0,88667.0,579404.0,587939.0
2026-08-28 21:30:00,10201.0,10213.0,10177.0,10181.0,37236.0,587939.0,586602.0
2026-08-28 22:00:00,10181.0,10205.0,10173.0,10201.0,31160.0,586602.0,586933.0
2026-08-28 22:30:00,10201.0,10246.0,10194.0,10232.0,58456.0,586933.0,587535.0
2026-08-31 09:00:00,10247.0,10268.0,10181.0,10193.0,92505.0,587535.0,588006.0
2026-08-31 09:30:00,10193.0,10255.0,10183.0,10247.0,49798.0,588006.0,592613.0
2026-08-31 10:00:00,10247.0,10270.0,10241.0,10258.0,22452.0,592613.0,595640.0
2026-08-31 10:30:00,10259.0,10276.0,10228.0,10247.0,45363.0,595640.0,596411.0
2026-08-31 11:00:00,10247.0,10272.0,10232.0,10257.0,28737.0,596411.0,596292.0
2026-08-31 13:30:00,10271.0,10298.0,10257.0,10277.0,57953.0,596292.0,602591.0
2026-08-31 14:00:00,10277.0,10326.0,10271.0,10275.0,71717.0,602591.0,606795.0
2026-08-31 14:30:00,10275.0,10305.0,10271.0,10283.0,38128.0,606795.0,605480.0
2026-08-31 21:00:00,10267.0,10281.0,10210.0,10245.0,84722.0,605480.0,605570.0
2026-08-31 21:30:00,10245.0,10266.0,10236.0,10248.0,41905.0,605570.0,606560.0
2026-08-31 22:00:00,10248.0,10265.0,10225.0,10234.0,38405.0,606560.0,605101.0
2026-08-31 22:30:00,10234.0,10234.0,10185.0,10202.0,61695.0,605101.0,595533.0
2026-09-01 09:00:00,10270.0,10347.0,10245.0,10327.0,109001.0,595533.0,604889.0
2026-09-01 09:30:00,10327.0,10328.0,10282.0,10295.0,33142.0,604889.0,604924.0
2026-09-01 10:00:00,10295.0,10347.0,10289.0,10333.0,23297.0,604924.0,606330.0
2026-09-01 10:30:00,10331.0,10367.0,10309.0,10323.0,59855.0,606330.0,607948.0
2026-09-01 11:00:00,10323.0,10353.0,10307.0,10351.0,36224.0,607948.0,609690.0
2026-09-01 13:30:00,10357.0,10391.0,10338.0,10356.0,61902.0,609690.0,613657.0
2026-09-01 14:00:00,10356.0,10367.0,10300.0,10313.0,49612.0,613657.0,614196.0
2026-09-01 14:30:00,10313.0,10323.0,10290.0,10297.0,46420.0,614196.0,610836.0
2026-09-01 21:00:00,10277.0,10326.0,10262.0,10278.0,84836.0,610836.0,612884.0
2026-09-01 21:30:00,10278.0,10312.0,10268.0,10301.0,58839.0,612884.0,612133.0
2026-09-01 22:00:00,10301.0,10308.0,10255.0,10272.0,61981.0,612133.0,611319.0
2026-09-01 22:30:00,10272.0,10335.0,10270.0,10315.0,46283.0,611319.0,609281.0
2026-09-02 09:00:00,10335.0,10396.0,10240.0,10247.0,128869.0,609281.0,605638.0
2026-09-02 09:30:00,10247.0,10273.0,10190.0,10202.0,77850.0,605638.0,603112.0
2026-09-02 10:00:00,10202.0,10222.0,10195.0,10212.0,28074.0,603112.0,602178.0
2026-09-02 10:30:00,10209.0,10241.0,10172.0,10230.0,62371.0,602178.0,602204.0
2026-09-02 11:00:00,10230.0,10235.0,10162.0,10190.0,41839.0,602204.0,601779.0
2026-09-02 13:30:00,10202.0,10227.0,10172.0,10224.0,45523.0,601779.0,599770.0
2026-09-02 14:00:00,10224.0,10231.0,10198.0,10212.0,23739.0,599770.0,598846.0
2026-09-02 14:30:00,10212.0,10215.0,10181.0,10186.0,36744.0,598846.0,595154.0
2026-09-02 21:00:00,10215.0,10251.0,10194.0,10237.0,81354.0,595154.0,601115.0
2026-09-02 21:30:00,10237.0,10248.0,10210.0,10224.0,41396.0,601115.0,601106.0
2026-09-02 22:00:00,10224.0,10303.0,10221.0,10296.0,62045.0,601106.0,603157.0
2026-09-02 22:30:00,10296.0,10316.0,10280.0,10289.0,54385.0,603157.0,601644.0
2026-09-03 09:00:00,10267.0,10296.0,10239.0,10292.0,61023.0,601644.0,600896.0
2026-09-03 09:30:00,10292.0,10330.0,10282.0,10309.0,46632.0,600896.0,605023.0
2026-09-03 10:00:00,10309.0,10329.0,10305.0,10319.0,20014.0,605023.0,605651.0
2026-09-03 10:30:00,10320.0,10377.0,10310.0,10314.0,89208.0,605651.0,609060.0
2026-09-03 11:00:00,10314.0,10354.0,10301.0,10349.0,58473.0,609060.0,608754.0
2026-09-03 13:30:00,10328.0,10328.0,10216.0,10216.0,98938.0,608754.0,598597.0
2026-09-03 14:00:00,10216.0,10239.0,10167.0,10210.0,94076.0,598597.0,596756.0
2026-09-03 14:30:00,10210.0,10237.0,10210.0,10217.0,43314.0,596756.0,593275.0
2026-09-03 21:00:00,10169.0,10194.0,10130.0,10165.0,120117.0,593275.0,592766.0
2026-09-03 21:30:00,10165.0,10175.0,10123.0,10143.0,60787.0,592766.0,591136.0
2026-09-03 22:00:00,10143.0,10199.0,10140.0,10196.0,49153.0,591136.0,590172.0
2026-09-03 22:30:00,10196.0,10214.0,10191.0,10214.0,29743.0,590172.0,587178.0
2026-09-04 09:00:00,10216.0,10276.0,10200.0,10271.0,68204.0,587178.0,593509.0
2026-09-04 09:30:00,10271.0,10289.0,10263.0,10281.0,37806.0,593509.0,592018.0
2026-09-04 10:00:00,10281.0,10292.0,10274.0,10278.0,15292.0,592018.0,592773.0
2026-09-04 10:30:00,10278.0,10301.0,10252.0,10255.0,49345.0,592773.0,592894.0
2026-09-04 11:00:00,10255.0,10268.0,10221.0,10253.0,45907.0,592894.0,590490.0
2026-09-04 13:30:00,10245.0,10253.0,10216.0,10225.0,37199.0,590490.0,589983.0
2026-09-04 14:00:00,10225.0,10277.0,10222.0,10251.0,33604.0,589983.0,591601.0
2026-09-04 14:30:00,10251.0,10260.0,10214.0,10230.0,42413.0,591601.0,586944.0
2026-09-04 21:00:00,10202.0,10222.0,10181.0,10219.0,74068.0,586944.0,593213.0
2026-09-04 21:30:00,10219.0,10220.0,10135.0,10141.0,77549.0,593213.0,593942.0
2026-09-04 22:00:00,10141.0,10193.0,10137.0,10191.0,48266.0,593942.0,592937.0
2026-09-04 22:30:00,10191.0,10221.0,10184.0,10208.0,44731.0,592937.0,587479.0
2026-09-07 09:00:00,10222.0,10282.0,10219.0,10280.0,99036.0,587479.0,592668.0
2026-09-07 09:30:00,10280.0,10308.0,10269.0,10280.0,63234.0,592668.0,598702.0
2026-09-07 10:00:00,10280.0,10300.0,10263.0,10296.0,21284.0,598702.0,599896.0
2026-09-07 10:30:00,10296.0,10314.0,10256.0,10261.0,55476.0,599896.0,602027.0
2026-09-07 11:00:00,10261.0,10326.0,10250.0,10320.0,50484.0,602027.0,604651.0
2026-09-07 13:30:00,10321.0,10328.0,10272.0,10308.0,52231.0,604651.0,606092.0
2026-09-07 14:00:00,10308.0,10395.0,10304.0,10360.0,105705.0,606092.0,624442.0
2026-09-07 14:30:00,10360.0,10373.0,10332.0,10354.0,58205.0,624442.0,618083.0
2026-09-07 21:00:00,10354.0,10377.0,10330.0,10336.0,80446.0,618083.0,622171.0
2026-09-07 21:30:00,10336.0,10406.0,10330.0,10381.0,86864.0,622171.0,627915.0
2026-09-07 22:00:00,10381.0,10456.0,10378.0,10453.0,96338.0,627915.0,636464.0
2026-09-07 22:30:00,10453.0,10468.0,10444.0,10455.0,64536.0,636464.0,635490.0
2026-09-08 09:00:00,10454.0,10479.0,10418.0,10475.0,91441.0,635490.0,641780.0
2026-09-08 09:30:00,10475.0,10477.0,10439.0,10454.0,50089.0,641780.0,641024.0
2026-09-08 10:00:00,10454.0,10489.0,10433.0,10437.0,45596.0,641024.0,639373.0
2026-09-08 10:30:00,10436.0,10444.0,10391.0,10434.0,72012.0,639373.0,635904.0
2026-09-08 11:00:00,10434.0,10459.0,10416.0,10428.0,36933.0,635904.0,635699.0
2026-09-08 13:30:00,10447.0,10473.0,10431.0,10462.0,41393.0,635699.0,638584.0
2026-09-08 14:00:00,10462.0,10475.0,10404.0,10407.0,47560.0,638584.0,637205.0
2026-09-08 14:30:00,10407.0,10424.0,10388.0,10405.0,50810.0,637205.0,632223.0
2026-09-08 21:00:00,10363.0,10376.0,10296.0,10328.0,134546.0,632223.0,624359.0
2026-09-08 21:30:00,10328.0,10359.0,10322.0,10327.0,57449.0,624359.0,623137.0
2026-09-08 22:00:00,10327.0,10333.0,10295.0,10332.0,51096.0,623137.0,627426.0
2026-09-08 22:30:00,10332.0,10344.0,10323.0,10324.0,28465.0,627426.0,622773.0
2026-09-09 09:00:00,10364.0,10369.0,10316.0,10332.0,63587.0,622773.0,623302.0
2026-09-09 09:30:00,10332.0,10356.0,10269.0,10270.0,66528.0,623302.0,620794.0
2026-09-09 10:00:00,10270.0,10295.0,10253.0,10277.0,42298.0,620794.0,615916.0
2026-09-09 10:30:00,10277.0,10299.0,10244.0,10285.0,49362.0,615916.0,613336.0
2026-09-09 11:00:00,10285.0,10290.0,10265.0,10276.0,28767.0,613336.0,610370.0
2026-09-09 13:30:00,10268.0,10268.0,10227.0,10254.0,63358.0,610370.0,610990.0
2026-09-09 14:00:00,10254.0,10287.0,10252.0,10282.0,32527.0,610990.0,608047.0
2026-09-09 14:30:00,10282.0,10315.0,10258.0,10307.0,55140.0,608047.0,603175.0
2026-09-09 21:00:00,10320.0,10330.0,10251.0,10251.0,77565.0,603175.0,608444.0
2026-09-09 21:30:00,10251.0,10272.0,10164.0,10178.0,133954.0,608444.0,609687.0
2026-09-09 22:00:00,10178.0,10188.0,10127.0,10175.0,112545.0,609687.0,605038.0
2026-09-09 22:30:00,10175.0,10210.0,10174.0,10196.0,52477.0,605038.0,598922.0
2026-09-10 09:00:00,10171.0,10206.0,10158.0,10202.0,60772.0,598922.0,601374.0
2026-09-10 09:30:00,10202.0,10231.0,10144.0,10150.0,68063.0,601374.0,601232.0
2026-09-10 10:00:00,10150.0,10186.0,10148.0,10177.0,19545.0,601232.0,601320.0
2026-09-10 10:30:00,10177.0,10200.0,10129.0,10191.0,64034.0,601320.0,604521.0
2026-09-10 11:00:00,10191.0,10195.0,10150.0,10159.0,33529.0,604521.0,603155.0
2026-09-10 13:30:00,10119.0,10161.0,10070.0,10159.0,128206.0,603155.0,600649.0
2026-09-10 14:00:00,10159.0,10168.0,10137.0,10145.0,35038.0,600649.0,598153.0
2026-09-10 14:30:00,10145.0,10170.0,10132.0,10165.0,39789.0,598153.0,590465.0
2026-09-10 21:00:00,10212.0,10239.0,10180.0,10209.0,100341.0,590465.0,595096.0
2026-09-10 21:30:00,10209.0,10233.0,10180.0,10213.0,64687.0,595096.0,594093.0
2026-09-10 22:00:00,10213.0,10223.0,10187.0,10195.0,39163.0,594093.0,592174.0
2026-09-10 22:30:00,10195.0,10233.0,10190.0,10228.0,34050.0,592174.0,589569.0
2026-09-11 09:00:00,10256.0,10268.0,10161.0,10169.0,95227.0,589569.0,590808.0
2026-09-11 09:30:00,10169.0,10197.0,10136.0,10168.0,57844.0,590808.0,589528.0
2026-09-11 10:00:00,10168.0,10187.0,10138.0,10147.0,22814.0,589528.0,588999.0
2026-09-11 10:30:00,10149.0,10163.0,10080.0,10083.0,74378.0,588999.0,589575.0
2026-09-11 11:00:00,10083.0,10112.0,10051.0,10097.0,80683.0,589575.0,582489.0
2026-09-11 13:30:00,10080.0,10093.0,10044.0,10086.0,62682.0,582489.0,584847.0
2026-09-11 14:00:00,10086.0,10090.0,10052.0,10058.0,30367.0,584847.0,585953.0
2026-09-11 14:30:00,10058.0,10065.0,10034.0,10035.0,42599.0,585953.0,583270.0
2026-09-11 21:00:00,10012.0,10062.0,9996.0,10038.0,80135.0,583270.0,584932.0
2026-09-11 21:30:00,10038.0,10058.0,10025.0,10056.0,28226.0,584932.0,585599.0
2026-09-11 22:00:00,10056.0,10079.0,10045.0,10061.0,34145.0,585599.0,584160.0
2026-09-11 22:30:00,10061.0,10064.0,10018.0,10018.0,26342.0,584160.0,580532.0
2026-09-14 09:00:00,10044.0,10087.0,10017.0,10047.0,70504.0,580532.0,580244.0
2026-09-14 09:30:00,10047.0,10064.0,10009.0,10028.0,37806.0,580244.0,583409.0
2026-09-14 10:00:00,10028.0,10053.0,10028.0,10038.0,14850.0,583409.0,583592.0
2026-09-14 10:30:00,10040.0,10076.0,10025.0,10073.0,30971.0,583592.0,584415.0
2026-09-14 11:00:00,10073.0,10083.0,10055.0,10063.0,26980.0,584415.0,582887.0
2026-09-14 13:30:00,10056.0,10061.0,9985.0,9990.0,54778.0,582887.0,584182.0
2026-09-14 14:00:00,9990.0,10021.0,9973.0,10020.0,40717.0,584182.0,582493.0
2026-09-14 14:30:00,10020.0,10053.0,10013.0,10025.0,37252.0,582493.0,579087.0
2026-09-14 21:00:00,10038.0,10101.0,10011.0,10077.0,111298.0,579087.0,582065.0
2026-09-14 21:30:00,10077.0,10096.0,10066.0,10087.0,43819.0,582065.0,582900.0
