datetime,open,high,low,close,volume,open_oi,close_oi
2021-05-24 14:00:00,7628.0,7638.0,7556.0,7568.0,103996.0,346116.0,343496.0
2021-05-24 21:00:00,7568.0,7658.0,7560.0,7650.0,180093.0,343496.0,344044.0
2021-05-24 22:00:00,7650.0,7654.0,7584.0,7594.0,107649.0,344044.0,343778.0
2021-05-25 09:00:00,7630.0,7634.0,7590.0,7600.0,105116.0,343778.0,346665.0
2021-05-25 10:00:00,7600.0,7676.0,7556.0,7676.0,96642.0,346665.0,342960.0
2021-05-25 11:00:00,7676.0,7696.0,7610.0,7616.0,68788.0,342960.0,344760.0
2021-05-25 13:00:00,7616.0,7642.0,7580.0,7596.0,64161.0,344760.0,348502.0
2021-05-25 14:00:00,7596.0,7666.0,7594.0,7626.0,122681.0,348502.0,345759.0
2021-05-25 21:00:00,7624.0,7682.0,7604.0,7650.0,173477.0,345759.0,348583.0
2021-05-25 22:00:00,7650.0,7662.0,7594.0,7596.0,111889.0,348583.0,347925.0
2021-05-26 09:00:00,7588.0,7632.0,7484.0,7616.0,196569.0,347925.0,351337.0
2021-05-26 10:00:00,7616.0,7700.0,7616.0,7684.0,111237.0,351337.0,353070.0
2021-05-26 11:00:00,7684.0,7744.0,7684.0,7734.0,81363.0,353070.0,351715.0
2021-05-26 13:00:00,7718.0,7734.0,7688.0,7720.0,70478.0,351715.0,351411.0
2021-05-26 14:00:00,7720.0,7756.0,7688.0,7710.0,122562.0,351411.0,345612.0
2021-05-26 21:00:00,7664.0,7696.0,7550.0,7552.0,203419.0,345612.0,343085.0
2021-05-26 22:00:00,7552.0,7658.0,7536.0,7648.0,171483.0,343085.0,339136.0
2021-05-27 09:00:00,7596.0,7632.0,7560.0,7572.0,127213.0,339136.0,339346.0
2021-05-27 10:00:00,7572.0,7628.0,7554.0,7608.0,78511.0,339346.0,338604.0
2021-05-27 11:00:00,7608.0,7608.0,7546.0,7552.0,49763.0,338604.0,340407.0
2021-05-27 13:00:00,7514.0,7598.0,7500.0,7570.0,104412.0,340407.0,339906.0
2021-05-27 14:00:00,7570.0,7574.0,7450.0,7464.0,182057.0,339906.0,346223.0
2021-05-27 21:00:00,7492.0,7606.0,7490.0,7598.0,196160.0,346223.0,344800.0
2021-05-27 22:00:00,7598.0,7672.0,7598.0,7648.0,141993.0,344800.0,343644.0
2021-05-28 09:00:00,7698.0,7748.0,7694.0,7698.0,153299.0,343644.0,344903.0
2021-05-28 10:00:00,7698.0,7740.0,7634.0,7638.0,109127.0,344903.0,347058.0
2021-05-28 11:00:00,7638.0,7656.0,7616.0,7642.0,58572.0,347058.0,349768.0
2021-05-28 13:00:00,7666.0,7676.0,7632.0,7638.0,57593.0,349768.0,352777.0
2021-05-28 14:00:00,7638.0,7672.0,7606.0,7634.0,120235.0,352777.0,353271.0
2021-05-28 21:00:00,7586.0,7590.0,7478.0,7564.0,229730.0,353271.0,359629.0
2021-05-28 22:00:00,7564.0,7654.0,7558.0,7626.0,155742.0,359629.0,357503.0
2021-05-31 09:00:00,7620.0,7754.0,7598.0,7646.0,181820.0,357503.0,363808.0
2021-05-31 10:00:00,7646.0,7648.0,7516.0,7554.0,154945.0,363808.0,368891.0
2021-05-31 11:00:00,7554.0,7556.0,7516.0,7532.0,58182.0,368891.0,368755.0
2021-05-31 13:00:00,7528.0,7550.0,7510.0,7530.0,65980.0,368755.0,375140.0
2021-05-31 14:00:00,7530.0,7620.0,7516.0,7546.0,160833.0,375140.0,364103.0
2021-05-31 21:00:00,7546.0,7570.0,7492.0,7526.0,144647.0,364103.0,370280.0
2021-05-31 22:00:00,7526.0,7576.0,7516.0,7556.0,77667.0,370280.0,365359.0
2021-06-01 09:00:00,7572.0,7632.0,7564.0,7602.0,145635.0,365359.0,363788.0
2021-06-01 10:00:00,7602.0,7608.0,7554.0,7590.0,84229.0,363788.0,361974.0
2021-06-01 11:00:00,7590.0,7600.0,7560.0,7564.0,36392.0,361974.0,362750.0
2021-06-01 13:00:00,7554.0,7572.0,7506.0,7570.0,87681.0,362750.0,364503.0
2021-06-01 14:00:00,7570.0,7610.0,7546.0,7590.0,121274.0,364503.0,361674.0
2021-06-01 21:00:00,7636.0,7778.0,7574.0,7762.0,267585.0,361674.0,372908.0
2021-06-01 22:00:00,7762.0,7772.0,7630.0,7688.0,186217.0,372908.0,364947.0
2021-06-02 09:00:00,7688.0,7698.0,7622.0,7696.0,100171.0,364947.0,369977.0
2021-06-02 10:00:00,7696.0,7718.0,7658.0,7658.0,75584.0,369977.0,373749.0
2021-06-02 11:00:00,7658.0,7662.0,7616.0,7626.0,62765.0,373749.0,375128.0
2021-06-02 13:00:00,7642.0,7654.0,7620.0,7638.0,43355.0,375128.0,374047.0
2021-06-02 14:00:00,7638.0,7814.0,7634.0,7808.0,170136.0,374047.0,380633.0
2021-06-02 21:00:00,7870.0,7962.0,7860.0,7904.0,253701.0,380633.0,396677.0
2021-06-02 22:00:00,7904.0,7988.0,7904.0,7950.0,151927.0,396677.0,397586.0
2021-06-03 09:00:00,8078.0,8176.0,8038.0,8108.0,175323.0,397586.0,401646.0
2021-06-03 10:00:00,8108.0,8114.0,8046.0,8084.0,94667.0,401646.0,397446.0
2021-06-03 11:00:00,8084.0,8154.0,8080.0,8138.0,71670.0,397446.0,401344.0
2021-06-03 13:00:00,8138.0,8168.0,8134.0,8166.0,56362.0,401344.0,404482.0
2021-06-03 14:00:00,8166.0,8176.0,8104.0,8134.0,120741.0,404482.0,402721.0
2021-06-03 21:00:00,8098.0,8128.0,8000.0,8008.0,224701.0,402721.0,404252.0
2021-06-03 22:00:00,8008.0,8070.0,7994.0,8020.0,148461.0,404252.0,397677.0
2021-06-04 09:00:00,7990.0,8032.0,7930.0,7934.0,154735.0,397677.0,396457.0
2021-06-04 10:00:00,7934.0,7978.0,7920.0,7976.0,92347.0,396457.0,395301.0
2021-06-04 11:00:00,7976.0,8016.0,7962.0,7982.0,58832.0,395301.0,394928.0
2021-06-04 13:00:00,7986.0,7996.0,7952.0,7956.0,52523.0,394928.0,398247.0
2021-06-04 14:00:00,7956.0,7968.0,7928.0,7942.0,92801.0,398247.0,392987.0
2021-06-04 21:00:00,8024.0,8044.0,7910.0,7986.0,231084.0,392987.0,395398.0
2021-06-04 22:00:00,7986.0,8036.0,7954.0,7974.0,150458.0,395398.0,388289.0
2021-06-07 09:00:00,8162.0,8180.0,8070.0,8078.0,172703.0,388289.0,392850.0
2021-06-07 10:00:00,8078.0,8086.0,8030.0,8038.0,60334.0,392850.0,391423.0
2021-06-07 11:00:00,8038.0,8068.0,8020.0,8028.0,48648.0,391423.0,389888.0
2021-06-07 13:00:00,8028.0,8036.0,7984.0,8000.0,72376.0,389888.0,390727.0
2021-06-07 14:00:00,8000.0,8024.0,7962.0,7964.0,83553.0,390727.0,386765.0
2021-06-07 21:00:00,7968.0,8006.0,7866.0,7868.0,229589.0,386765.0,392978.0
2021-06-07 22:00:00,7868.0,7912.0,7820.0,7820.0,193379.0,392978.0,388369.0
2021-06-08 09:00:00,7752.0,7854.0,7732.0,7810.0,129634.0,388369.0,385517.0
2021-06-08 10:00:00,7810.0,7864.0,7802.0,7818.0,75050.0,385517.0,383867.0
2021-06-08 11:00:00,7818.0,7820.0,7764.0,7784.0,47782.0,383867.0,384621.0
2021-06-08 13:00:00,7750.0,7772.0,7688.0,7702.0,101322.0,384621.0,387403.0
2021-06-08 14:00:00,7702.0,7702.0,7642.0,7656.0,147962.0,387403.0,387904.0
2021-06-08 21:00:00,7698.0,7796.0,7680.0,7782.0,240972.0,387904.0,390117.0
2021-06-08 22:00:00,7782.0,7816.0,7770.0,7784.0,137202.0,390117.0,387372.0
2021-06-09 09:00:00,7762.0,7794.0,7738.0,7750.0,110435.0,387372.0,384411.0
2021-06-09 10:00:00,7750.0,7808.0,7742.0,7808.0,63663.0,384411.0,383815.0
2021-06-09 11:00:00,7808.0,7842.0,7794.0,7804.0,50073.0,383815.0,382235.0
2021-06-09 13:00:00,7792.0,7794.0,7752.0,7762.0,53303.0,382235.0,382624.0
2021-06-09 14:00:00,7762.0,7772.0,7642.0,7664.0,165752.0,382624.0,376234.0
2021-06-09 21:00:00,7582.0,7608.0,7544.0,7562.0,233359.0,376234.0,385293.0
2021-06-09 22:00:00,7562.0,7578.0,7540.0,7562.0,138234.0,385293.0,384108.0
2021-06-10 09:00:00,7596.0,7630.0,7572.0,7600.0,152015.0,384108.0,378936.0
2021-06-10 10:00:00,7600.0,7674.0,7592.0,7662.0,88941.0,378936.0,376117.0
2021-06-10 11:00:00,7662.0,7690.0,7642.0,7648.0,56779.0,376117.0,375884.0
2021-06-10 13:00:00,7658.0,7730.0,7658.0,7724.0,97476.0,375884.0,373132.0
2021-06-10 14:00:00,7724.0,7746.0,7686.0,7690.0,115401.0,373132.0,368241.0
2021-06-10 21:00:00,7610.0,7670.0,7562.0,7654.0,238961.0,368241.0,377229.0
2021-06-10 22:00:00,7654.0,7672.0,7576.0,7590.0,139851.0,377229.0,372544.0
2021-06-11 09:00:00,7546.0,7586.0,7474.0,7492.0,202082.0,372544.0,385883.0
2021-06-11 10:00:00,7492.0,7492.0,7432.0,7458.0,115012.0,385883.0,396171.0
2021-06-11 11:00:00,7458.0,7466.0,7424.0,7436.0,61425.0,396171.0,403437.0
2021-06-11 13:00:00,7440.0,7476.0,7414.0,7430.0,86108.0,403437.0,405804.0
2021-06-11 14:00:00,7430.0,7466.0,7410.0,7432.0,129275.0,405804.0,394309.0
2021-06-15 09:00:00,6978.0,7050.0,6936.0,6950.0,308195.0,394309.0,414094.0
2021-06-15 10:00:00,6950.0,6970.0,6928.0,6928.0,124232.0,414094.0,413773.0
2021-06-15 11:00:00,6928.0,6952.0,6928.0,6944.0,72292.0,413773.0,416939.0
2021-06-15 13:00:00,6938.0,7038.0,6928.0,7028.0,107307.0,416939.0,414305.0
2021-06-15 14:00:00,7028.0,7100.0,7024.0,7052.0,185269.0,414305.0,409158.0
2021-06-15 21:00:00,7096.0,7160.0,7058.0,7078.0,257891.0,409158.0,415191.0
2021-06-15 22:00:00,7078.0,7096.0,7050.0,7058.0,118527.0,415191.0,409984.0
2021-06-16 09:00:00,7086.0,7108.0,7058.0,7092.0,107744.0,409984.0,411281.0
2021-06-16 10:00:00,7092.0,7094.0,6988.0,6996.0,99637.0,411281.0,414601.0
2021-06-16 11:00:00,6996.0,7006.0,6968.0,6992.0,54820.0,414601.0,416289.0
2021-06-16 13:00:00,6942.0,6956.0,6884.0,6888.0,107919.0,416289.0,423972.0
2021-06-16 14:00:00,6888.0,6920.0,6858.0,6882.0,174503.0,423972.0,422461.0
2021-06-16 21:00:00,6900.0,6944.0,6886.0,6890.0,217633.0,422461.0,428129.0
2021-06-16 22:00:00,6890.0,6952.0,6872.0,6882.0,170046.0,428129.0,423643.0
2021-06-17 09:00:00,6780.0,6844.0,6728.0,6798.0,182737.0,423643.0,427866.0
2021-06-17 10:00:00,6798.0,6914.0,6796.0,6896.0,117360.0,427866.0,424757.0
2021-06-17 11:00:00,6896.0,6908.0,6858.0,6888.0,56703.0,424757.0,422879.0
2021-06-17 13:00:00,6932.0,6948.0,6918.0,6930.0,82951.0,422879.0,422748.0
2021-06-17 14:00:00,6930.0,6984.0,6894.0,6918.0,169472.0,422748.0,415070.0
2021-06-17 21:00:00,6740.0,6888.0,6710.0,6846.0,301065.0,415070.0,424822.0
2021-06-17 22:00:00,6846.0,6860.0,6788.0,6790.0,189442.0,424822.0,420280.0
2021-06-18 09:00:00,6632.0,6776.0,6606.0,6728.0,298848.0,420280.0,422763.0
2021-06-18 10:00:00,6728.0,6728.0,6636.0,6676.0,147054.0,422763.0,424543.0
2021-06-18 11:00:00,6676.0,6690.0,6646.0,6684.0,55267.0,424543.0,424621.0
2021-06-18 13:00:00,6650.0,6726.0,6640.0,6684.0,85675.0,424621.0,422405.0
2021-06-18 14:00:00,6684.0,6724.0,6668.0,6694.0,116613.0,422405.0,417284.0
2021-06-18 21:00:00,6812.0,6820.0,6734.0,6740.0,260873.0,417284.0,416932.0
2021-06-18 22:00:00,6740.0,6810.0,6736.0,6768.0,174168.0,416932.0,410568.0
2021-06-21 09:00:00,6800.0,6818.0,6742.0,6774.0,178916.0,410568.0,413251.0
2021-06-21 10:00:00,6774.0,6924.0,6762.0,6918.0,165825.0,413251.0,417197.0
2021-06-21 11:00:00,6918.0,6942.0,6832.0,6850.0,137118.0,417197.0,413923.0
2021-06-21 13:00:00,6808.0,6824.0,6774.0,6802.0,84112.0,413923.0,418566.0
2021-06-21 14:00:00,6802.0,6876.0,6802.0,6816.0,166501.0,418566.0,411464.0
2021-06-21 21:00:00,6800.0,6862.0,6784.0,6830.0,252101.0,411464.0,420910.0
2021-06-21 22:00:00,6830.0,6948.0,6826.0,6936.0,230395.0,420910.0,420347.0
2021-06-22 09:00:00,6998.0,7036.0,6884.0,6900.0,151534.0,420347.0,422185.0
2021-06-22 10:00:00,6900.0,6914.0,6846.0,6848.0,87476.0,422185.0,420880.0
2021-06-22 11:00:00,6848.0,6902.0,6846.0,6894.0,55814.0,420880.0,414706.0
2021-06-22 13:00:00,6940.0,6964.0,6914.0,6926.0,93247.0,414706.0,412971.0
2021-06-22 14:00:00,6926.0,6934.0,6894.0,6922.0,88931.0,412971.0,408779.0
2021-06-22 21:00:00,6906.0,6942.0,6872.0,6940.0,220945.0,408779.0,418831.0
2021-06-22 22:00:00,6940.0,6966.0,6926.0,6934.0,124711.0,418831.0,413080.0
2021-06-23 09:00:00,6962.0,7046.0,6928.0,7028.0,159456.0,413080.0,419260.0
2021-06-23 10:00:00,7028.0,7050.0,7008.0,7046.0,94297.0,419260.0,417245.0
2021-06-23 11:00:00,7046.0,7092.0,7044.0,7088.0,70267.0,417245.0,415450.0
2021-06-23 13:00:00,7102.0,7116.0,6982.0,6984.0,110163.0,415450.0,410882.0
2021-06-23 14:00:00,6984.0,7008.0,6964.0,6984.0,148669.0,410882.0,402286.0
2021-06-23 21:00:00,6968.0,7038.0,6936.0,7000.0,225787.0,402286.0,407151.0
2021-06-23 22:00:00,7000.0,7034.0,6958.0,6960.0,166582.0,407151.0,405944.0
2021-06-24 09:00:00,6962.0,6962.0,6880.0,6914.0,240817.0,405944.0,412603.0
2021-06-24 10:00:00,6914.0,6922.0,6876.0,6878.0,81326.0,412603.0,415280.0
2021-06-24 11:00:00,6878.0,6910.0,6860.0,6864.0,63611.0,415280.0,415823.0
2021-06-24 13:00:00,6882.0,6922.0,6866.0,6908.0,71702.0,415823.0,410587.0
2021-06-24 14:00:00,6908.0,6910.0,6842.0,6860.0,135723.0,410587.0,409145.0
2021-06-24 21:00:00,6826.0,6924.0,6812.0,6886.0,237777.0,409145.0,408737.0
2021-06-24 22:00:00,6886.0,6918.0,6810.0,6886.0,211108.0,408737.0,403650.0
2021-06-25 09:00:00,6950.0,6972.0,6912.0,6954.0,156170.0,403650.0,398983.0
2021-06-25 10:00:00,6954.0,7012.0,6938.0,6976.0,106493.0,398983.0,399851.0
2021-06-25 11:00:00,6976.0,7008.0,6946.0,7000.0,70393.0,399851.0,398624.0
2021-06-25 13:00:00,6984.0,7046.0,6978.0,7034.0,68497.0,398624.0,397523.0
2021-06-25 14:00:00,7034.0,7056.0,6996.0,7018.0,120447.0,397523.0,390904.0
2021-06-25 21:00:00,7050.0,7058.0,6958.0,6974.0,154256.0,390904.0,392064.0
2021-06-25 22:00:00,6974.0,6976.0,6782.0,6782.0,308800.0,392064.0,405126.0
2021-06-28 09:00:00,6822.0,6912.0,6806.0,6900.0,198216.0,405126.0,400062.0
2021-06-28 10:00:00,6900.0,6940.0,6864.0,6926.0,104691.0,400062.0,396439.0
2021-06-28 11:00:00,6926.0,7016.0,6914.0,7016.0,99013.0,396439.0,395599.0
2021-06-28 13:00:00,7024.0,7042.0,7002.0,7026.0,109494.0,395599.0,395621.0
2021-06-28 14:00:00,7026.0,7080.0,7014.0,7068.0,163172.0,395621.0,395741.0
2021-06-28 21:00:00,7076.0,7120.0,7032.0,7106.0,244278.0,395741.0,396124.0
2021-06-28 22:00:00,7106.0,7124.0,7078.0,7086.0,164052.0,396124.0,391530.0
2021-06-29 09:00:00,7098.0,7100.0,7014.0,7020.0,154853.0,391530.0,389621.0
2021-06-29 10:00:00,7020.0,7022.0,6972.0,6984.0,97060.0,389621.0,387482.0
2021-06-29 11:00:00,6984.0,6986.0,6932.0,6962.0,73242.0,387482.0,382122.0
2021-06-29 13:00:00,6976.0,7004.0,6966.0,6978.0,65031.0,382122.0,382493.0
2021-06-29 14:00:00,6978.0,7058.0,6972.0,7034.0,141735.0,382493.0,378310.0
2021-06-29 21:00:00,7142.0,7208.0,7108.0,7156.0,285270.0,378310.0,390836.0
2021-06-29 22:00:00,7156.0,7188.0,7120.0,7182.0,175467.0,390836.0,382375.0
2021-06-30 09:00:00,7184.0,7190.0,7152.0,7170.0,128853.0,382375.0,385148.0
2021-06-30 10:00:00,7170.0,7210.0,7168.0,7188.0,84579.0,385148.0,389304.0
2021-06-30 11:00:00,7188.0,7226.0,7172.0,7202.0,62120.0,389304.0,390650.0
2021-06-30 13:00:00,7204.0,7216.0,7190.0,7212.0,40045.0,390650.0,389086.0
2021-06-30 14:00:00,7212.0,7232.0,7200.0,7230.0,104331.0,389086.0,383139.0
2021-06-30 21:00:00,7182.0,7252.0,7176.0,7210.0,241993.0,383139.0,385830.0
2021-06-30 22:00:00,7210.0,7276.0,7206.0,7254.0,156484.0,385830.0,387495.0
2021-07-01 09:00:00,7354.0,7438.0,7310.0,7430.0,252437.0,387495.0,396619.0
2021-07-01 10:00:00,7430.0,7454.0,7416.0,7444.0,105952.0,396619.0,401404.0
2021-07-01 11:00:00,7444.0,7484.0,7440.0,7476.0,71880.0,401404.0,404950.0
2021-07-01 13:00:00,7470.0,7492.0,7460.0,7484.0,65922.0,404950.0,411595.0
2021-07-01 14:00:00,7484.0,7490.0,7456.0,7480.0,121717.0,411595.0,406977.0
2021-07-01 21:00:00,7560.0,7578.0,7482.0,7502.0,315160.0,406977.0,414517.0
2021-07-01 22:00:00,7502.0,7538.0,7480.0,7480.0,144315.0,414517.0,407451.0
2021-07-02 09:00:00,7462.0,7562.0,7444.0,7526.0,125103.0,407451.0,412751.0
2021-07-02 10:00:00,7526.0,7534.0,7508.0,7510.0,75540.0,412751.0,412387.0
2021-07-02 11:00:00,7510.0,7524.0,7500.0,7502.0,37286.0,412387.0,409685.0
2021-07-02 13:00:00,7502.0,7560.0,7502.0,7516.0,68638.0,409685.0,408880.0
2021-07-02 14:00:00,7516.0,7608.0,7508.0,7608.0,156946.0,408880.0,415784.0
2021-07-02 21:00:00,7632.0,7644.0,7580.0,7584.0,235547.0,415784.0,423233.0
2021-07-02 22:00:00,7584.0,7700.0,7574.0,7678.0,198423.0,423233.0,423395.0
2021-07-05 09:00:00,7674.0,7684.0,7546.0,7564.0,173637.0,423395.0,418555.0
2021-07-05 10:00:00,7564.0,7582.0,7526.0,7578.0,88298.0,418555.0,415617.0
2021-07-05 11:00:00,7578.0,7592.0,7568.0,7574.0,31051.0,415617.0,415084.0
2021-07-05 13:00:00,7612.0,7638.0,7590.0,7596.0,79586.0,415084.0,418685.0
2021-07-05 14:00:00,7596.0,7638.0,7580.0,7612.0,102392.0,418685.0,412021.0
2021-07-05 21:00:00,7624.0,7694.0,7610.0,7690.0,143937.0,412021.0,418257.0
2021-07-05 22:00:00,7690.0,7770.0,7680.0,7750.0,154553.0,418257.0,422591.0
2021-07-06 09:00:00,7750.0,7754.0,7666.0,7684.0,154208.0,422591.0,415320.0
2021-07-06 10:00:00,7684.0,7746.0,7672.0,7714.0,94896.0,415320.0,416839.0
2021-07-06 11:00:00,7714.0,7754.0,7704.0,7708.0,73059.0,416839.0,417380.0
2021-07-06 13:00:00,7722.0,7722.0,7676.0,7708.0,52542.0,417380.0,419423.0
2021-07-06 14:00:00,7708.0,7782.0,7706.0,7746.0,154976.0,419423.0,421973.0
2021-07-06 21:00:00,7694.0,7704.0,7548.0,7564.0,345157.0,421973.0,413719.0
2021-07-06 22:00:00,7564.0,7586.0,7490.0,7578.0,225589.0,413719.0,410143.0
2021-07-07 09:00:00,7544.0,7614.0,7530.0,7596.0,151672.0,410143.0,418244.0
2021-07-07 10:00:00,7596.0,7624.0,7562.0,7602.0,103441.0,418244.0,417214.0
2021-07-07 11:00:00,7602.0,7602.0,7548.0,7554.0,61014.0,417214.0,418542.0
2021-07-07 13:00:00,7550.0,7680.0,7550.0,7642.0,115562.0,418542.0,415228.0
2021-07-07 14:00:00,7642.0,7644.0,7570.0,7598.0,161796.0,415228.0,407022.0
2021-07-07 21:00:00,7560.0,7590.0,7492.0,7544.0,273231.0,407022.0,407192.0
2021-07-07 22:00:00,7544.0,7544.0,7450.0,7502.0,215423.0,407192.0,399746.0
2021-07-08 09:00:00,7536.0,7554.0,7516.0,7550.0,99289.0,399746.0,401860.0
2021-07-08 10:00:00,7550.0,7624.0,7538.0,7610.0,127477.0,401860.0,403566.0
2021-07-08 11:00:00,7610.0,7642.0,7572.0,7622.0,68312.0,403566.0,405465.0
2021-07-08 13:00:00,7622.0,7628.0,7556.0,7592.0,58349.0,405465.0,403452.0
2021-07-08 14:00:00,7592.0,7638.0,7578.0,7610.0,110609.0,403452.0,405692.0
2021-07-08 21:00:00,7554.0,7610.0,7528.0,7608.0,201199.0,405692.0,411364.0
2021-07-08 22:00:00,7608.0,7666.0,7604.0,7660.0,163692.0,411364.0,416125.0
2021-07-09 09:00:00,7644.0,7660.0,7568.0,7638.0,175670.0,416125.0,414741.0
2021-07-09 10:00:00,7638.0,7680.0,7586.0,7654.0,111507.0,414741.0,414238.0
2021-07-09 11:00:00,7654.0,7686.0,7612.0,7622.0,99191.0,414238.0,411516.0
2021-07-09 13:00:00,7648.0,7758.0,7646.0,7744.0,119984.0,411516.0,430713.0
2021-07-09 14:00:00,7744.0,7820.0,7744.0,7814.0,153256.0,430713.0,440939.0
2021-07-09 21:00:00,7816.0,7888.0,7792.0,7866.0,230773.0,440939.0,452471.0
2021-07-09 22:00:00,7866.0,7916.0,7856.0,7900.0,130460.0,452471.0,445042.0
2021-07-12 09:00:00,7920.0,7942.0,7812.0,7818.0,178086.0,445042.0,434137.0
2021-07-12 10:00:00,7818.0,7842.0,7774.0,7782.0,92709.0,434137.0,428572.0
2021-07-12 11:00:00,7782.0,7800.0,7768.0,7774.0,50771.0,428572.0,422849.0
2021-07-12 13:00:00,7804.0,7804.0,7758.0,7766.0,52222.0,422849.0,421176.0
2021-07-12 14:00:00,7766.0,7800.0,7760.0,7770.0,91416.0,421176.0,416018.0
2021-07-12 21:00:00,7746.0,7808.0,7744.0,7794.0,154287.0,416018.0,419862.0
2021-07-12 22:00:00,7794.0,7836.0,7776.0,7812.0,115036.0,419862.0,413799.0
2021-07-13 09:00:00,7828.0,7898.0,7826.0,7842.0,129338.0,413799.0,418578.0
2021-07-13 10:00:00,7842.0,7858.0,7786.0,7794.0,72529.0,418578.0,420162.0
2021-07-13 11:00:00,7794.0,7828.0,7772.0,7804.0,58357.0,420162.0,418051.0
2021-07-13 13:00:00,7814.0,7832.0,7780.0,7814.0,62991.0,418051.0,416741.0
2021-07-13 14:00:00,7814.0,7848.0,7752.0,7802.0,134828.0,416741.0,414074.0
2021-07-13 21:00:00,7856.0,7866.0,7792.0,7820.0,207850.0,414074.0,416549.0
2021-07-13 22:00:00,7820.0,7850.0,7712.0,7848.0,221100.0,416549.0,409567.0
2021-07-14 09:00:00,7820.0,7874.0,7792.0,7840.0,122114.0,409567.0,414851.0
2021-07-14 10:00:00,7840.0,7878.0,7812.0,7824.0,83689.0,414851.0,413308.0
2021-07-14 11:00:00,7824.0,7838.0,7780.0,7782.0,59337.0,413308.0,411863.0
2021-07-14 13:00:00,7788.0,7806.0,7772.0,7790.0,53545.0,411863.0,410858.0
2021-07-14 14:00:00,7790.0,7916.0,7778.0,7890.0,171825.0,410858.0,416654.0
2021-07-14 21:00:00,7892.0,7926.0,7870.0,7888.0,181521.0,416654.0,419650.0
2021-07-14 22:00:00,7888.0,7916.0,7840.0,7890.0,129493.0,419650.0,417277.0
2021-07-15 09:00:00,7880.0,7884.0,7772.0,7826.0,157573.0,417277.0,408350.0
2021-07-15 10:00:00,7826.0,7966.0,7816.0,7952.0,135653.0,408350.0,413470.0
2021-07-15 11:00:00,7952.0,8016.0,7952.0,8002.0,102911.0,413470.0,431341.0
2021-07-15 13:00:00,8014.0,8022.0,7986.0,8004.0,85572.0,431341.0,438530.0
2021-07-15 14:00:00,8004.0,8008.0,7962.0,7970.0,100011.0,438530.0,428584.0
2021-07-15 21:00:00,8028.0,8080.0,8016.0,8042.0,206888.0,428584.0,437336.0
2021-07-15 22:00:00,8042.0,8084.0,8030.0,8036.0,117438.0,437336.0,437993.0
2021-07-16 09:00:00,8066.0,8066.0,8002.0,8028.0,109850.0,437993.0,437488.0
2021-07-16 10:00:00,8028.0,8142.0,8024.0,8112.0,129043.0,437488.0,448998.0
2021-07-16 11:00:00,8112.0,8112.0,7974.0,7980.0,117804.0,448998.0,433866.0
2021-07-16 13:00:00,7978.0,8034.0,7958.0,7994.0,106755.0,433866.0,429661.0
2021-07-16 14:00:00,7994.0,8062.0,7982.0,8054.0,130082.0,429661.0,431383.0
2021-07-16 21:00:00,8106.0,8210.0,8094.0,8200.0,232127.0,431383.0,450563.0
2021-07-16 22:00:00,8200.0,8268.0,8186.0,8266.0,166679.0,450563.0,450845.0
2021-07-19 09:00:00,8280.0,8298.0,8170.0,8176.0,168531.0,450845.0,439340.0
2021-07-19 10:00:00,8176.0,8194.0,8140.0,8176.0,94392.0,439340.0,429171.0
2021-07-19 11:00:00,8176.0,8184.0,8146.0,8164.0,47047.0,429171.0,428623.0
2021-07-19 13:00:00,8180.0,8198.0,8154.0,8172.0,47133.0,428623.0,428424.0
2021-07-19 14:00:00,8172.0,8184.0,8112.0,8118.0,100969.0,428424.0,419442.0
2021-07-19 21:00:00,8054.0,8086.0,7978.0,8032.0,233778.0,419442.0,414183.0
2021-07-19 22:00:00,8032.0,8068.0,7964.0,8068.0,180625.0,414183.0,409486.0
2021-07-20 09:00:00,8056.0,8108.0,8044.0,8076.0,153903.0,409486.0,410191.0
2021-07-20 10:00:00,8076.0,8132.0,8068.0,8128.0,54711.0,410191.0,412311.0
2021-07-20 11:00:00,8128.0,8190.0,8124.0,8162.0,68816.0,412311.0,418639.0
2021-07-20 13:00:00,8158.0,8180.0,8146.0,8176.0,43563.0,418639.0,418739.0
2021-07-20 14:00:00,8176.0,8256.0,8172.0,8208.0,124935.0,418739.0,423194.0
2021-07-20 21:00:00,8210.0,8240.0,8156.0,8238.0,183765.0,423194.0,424616.0
2021-07-20 22:00:00,8238.0,8242.0,8188.0,8220.0,96902.0,424616.0,422864.0
2021-07-21 09:00:00,8188.0,8204.0,8152.0,8166.0,113127.0,422864.0,421830.0
2021-07-21 10:00:00,8166.0,8194.0,8106.0,8124.0,108892.0,421830.0,417701.0
2021-07-21 11:00:00,8124.0,8124.0,8000.0,8020.0,105803.0,417701.0,402403.0
2021-07-21 13:00:00,8014.0,8038.0,7994.0,8006.0,72640.0,402403.0,400280.0
2021-07-21 14:00:00,8006.0,8090.0,8006.0,8084.0,129195.0,400280.0,397621.0
2021-07-21 21:00:00,8100.0,8152.0,8094.0,8132.0,181103.0,397621.0,402495.0
2021-07-21 22:00:00,8132.0,8134.0,8060.0,8086.0,126133.0,402495.0,401411.0
2021-07-22 09:00:00,8070.0,8082.0,8014.0,8036.0,173915.0,401411.0,401490.0
2021-07-22 10:00:00,8036.0,8076.0,8016.0,8062.0,72821.0,401490.0,404409.0
2021-07-22 11:00:00,8062.0,8068.0,8006.0,8028.0,56522.0,404409.0,400917.0
2021-07-22 13:00:00,8020.0,8040.0,8004.0,8020.0,56336.0,400917.0,400895.0
2021-07-22 14:00:00,8020.0,8152.0,8016.0,8106.0,153765.0,400895.0,403606.0
2021-07-22 21:00:00,8046.0,8160.0,8032.0,8112.0,216934.0,403606.0,409564.0
2021-07-22 22:00:00,8112.0,8194.0,8072.0,8098.0,178433.0,409564.0,405389.0
2021-07-23 09:00:00,8148.0,8190.0,8092.0,8104.0,163945.0,405389.0,407609.0
2021-07-23 10:00:00,8104.0,8178.0,8066.0,8178.0,113870.0,407609.0,406556.0
2021-07-23 11:00:00,8178.0,8290.0,8164.0,8252.0,115752.0,406556.0,430541.0
2021-07-23 13:00:00,8262.0,8294.0,8220.0,8288.0,84602.0,430541.0,440100.0
2021-07-23 14:00:00,8288.0,8344.0,8288.0,8326.0,167180.0,440100.0,444414.0
2021-07-23 21:00:00,8350.0,8362.0,8304.0,8318.0,160620.0,444414.0,448023.0
2021-07-23 22:00:00,8318.0,8330.0,8290.0,8320.0,82244.0,448023.0,441922.0
2021-07-26 09:00:00,8348.0,8348.0,8210.0,8218.0,160536.0,441922.0,430490.0
2021-07-26 10:00:00,8218.0,8262.0,8186.0,8246.0,111099.0,430490.0,424915.0
2021-07-26 11:00:00,8246.0,8248.0,8206.0,8224.0,52765.0,424915.0,422532.0
2021-07-26 13:00:00,8232.0,8408.0,8232.0,8380.0,133709.0,422532.0,443478.0
2021-07-26 14:00:00,8380.0,8402.0,8310.0,8366.0,165590.0,443478.0,436441.0
2021-07-26 21:00:00,8430.0,8444.0,8386.0,8400.0,163023.0,436441.0,441789.0
2021-07-26 22:00:00,8400.0,8492.0,8398.0,8488.0,138259.0,441789.0,445728.0
2021-07-27 09:00:00,8502.0,8528.0,8460.0,8524.0,122871.0,445728.0,445277.0
2021-07-27 10:00:00,8524.0,8582.0,8518.0,8574.0,102959.0,445277.0,450605.0
2021-07-27 11:00:00,8574.0,8582.0,8538.0,8554.0,66866.0,450605.0,450003.0
2021-07-27 13:00:00,8530.0,8596.0,8514.0,8586.0,76450.0,450003.0,454730.0
2021-07-27 14:00:00,8586.0,8592.0,8520.0,8536.0,129867.0,454730.0,441271.0
2021-07-27 21:00:00,8550.0,8572.0,8510.0,8522.0,157675.0,441271.0,439914.0
2021-07-27 22:00:00,8522.0,8554.0,8522.0,8548.0,73451.0,439914.0,436213.0
2021-07-28 09:00:00,8524.0,8560.0,8516.0,8546.0,105583.0,436213.0,433471.0
2021-07-28 10:00:00,8546.0,8548.0,8470.0,8502.0,86175.0,433471.0,427307.0
2021-07-28 11:00:00,8502.0,8554.0,8494.0,8502.0,75673.0,427307.0,426523.0
2021-07-28 13:00:00,8500.0,8518.0,8462.0,8484.0,70886.0,426523.0,425758.0
2021-07-28 14:00:00,8484.0,8526.0,8390.0,8408.0,151629.0,425758.0,413673.0
2021-07-28 21:00:00,8396.0,8420.0,8350.0,8386.0,179752.0,413673.0,408756.0
2021-07-28 22:00:00,8386.0,8452.0,8380.0,8434.0,107886.0,408756.0,409329.0
2021-07-29 09:00:00,8434.0,8466.0,8414.0,8440.0,124239.0,409329.0,408645.0
2021-07-29 10:00:00,8440.0,8448.0,8378.0,8444.0,95231.0,408645.0,404525.0
2021-07-29 11:00:00,8444.0,8486.0,8428.0,8430.0,76423.0,404525.0,402313.0
2021-07-29 13:00:00,8450.0,8472.0,8430.0,8452.0,46991.0,402313.0,401040.0
2021-07-29 14:00:00,8452.0,8512.0,8448.0,8496.0,114120.0,401040.0,401806.0
2021-07-29 21:00:00,8540.0,8550.0,8486.0,8500.0,140157.0,401806.0,404515.0
2021-07-29 22:00:00,8500.0,8592.0,8488.0,8568.0,119015.0,404515.0,407110.0
2021-07-30 09:00:00,8578.0,8580.0,8438.0,8566.0,191255.0,407110.0,401091.0
2021-07-30 10:00:00,8566.0,8574.0,8448.0,8462.0,163687.0,401091.0,393691.0
2021-07-30 11:00:00,8462.0,8536.0,8456.0,8484.0,92307.0,393691.0,391765.0
2021-07-30 13:00:00,8480.0,8504.0,8456.0,8484.0,70734.0,391765.0,390388.0
2021-07-30 14:00:00,8484.0,8608.0,8432.0,8604.0,163643.0,390388.0,399751.0
2021-07-30 21:00:00,8516.0,8582.0,8486.0,8564.0,197734.0,399751.0,406071.0
2021-07-30 22:00:00,8564.0,8574.0,8438.0,8504.0,174827.0,406071.0,384339.0
2021-08-02 09:00:00,8476.0,8476.0,8214.0,8216.0,322649.0,384339.0,374269.0
2021-08-02 10:00:00,8216.0,8256.0,8172.0,8194.0,143415.0,374269.0,365056.0
2021-08-02 11:00:00,8194.0,8206.0,8166.0,8202.0,72658.0,365056.0,360742.0
2021-08-02 13:00:00,8180.0,8214.0,8172.0,8178.0,71596.0,360742.0,360865.0
2021-08-02 14:00:00,8178.0,8194.0,8150.0,8150.0,119593.0,360865.0,351102.0
2021-08-02 21:00:00,8124.0,8130.0,8046.0,8064.0,219109.0,351102.0,343459.0
2021-08-02 22:00:00,8064.0,8084.0,8036.0,8046.0,102534.0,343459.0,335132.0
2021-08-03 09:00:00,8040.0,8102.0,8016.0,8082.0,148468.0,335132.0,325577.0
2021-08-03 10:00:00,8082.0,8148.0,8080.0,8126.0,114074.0,325577.0,321953.0
2021-08-03 11:00:00,8126.0,8252.0,8124.0,8232.0,119750.0,321953.0,323154.0
2021-08-03 13:00:00,8250.0,8262.0,8200.0,8222.0,81820.0,323154.0,326375.0
2021-08-03 14:00:00,8222.0,8232.0,8170.0,8188.0,116196.0,326375.0,315872.0
2021-08-03 21:00:00,8114.0,8222.0,8106.0,8172.0,186632.0,315872.0,316138.0
2021-08-03 22:00:00,8172.0,8226.0,8160.0,8192.0,103033.0,316138.0,313216.0
2021-08-04 09:00:00,8206.0,8210.0,8166.0,8202.0,99111.0,313216.0,312484.0
2021-08-04 10:00:00,8202.0,8296.0,8192.0,8282.0,116104.0,312484.0,318982.0
2021-08-04 11:00:00,8282.0,8344.0,8272.0,8344.0,73301.0,318982.0,323089.0
2021-08-04 13:00:00,8342.0,8412.0,8330.0,8398.0,92452.0,323089.0,331124.0
2021-08-04 14:00:00,8398.0,8456.0,8380.0,8422.0,134129.0,331124.0,328525.0
2021-08-04 21:00:00,8402.0,8476.0,8398.0,8466.0,144845.0,328525.0,331327.0
2021-08-04 22:00:00,8466.0,8522.0,8440.0,8464.0,138935.0,331327.0,330349.0
2021-08-05 09:00:00,8464.0,8476.0,8352.0,8388.0,167744.0,330349.0,318060.0
2021-08-05 10:00:00,8388.0,8428.0,8368.0,8398.0,81341.0,318060.0,314277.0
2021-08-05 11:00:00,8398.0,8470.0,8396.0,8436.0,61445.0,314277.0,315909.0
2021-08-05 13:00:00,8410.0,8450.0,8390.0,8426.0,52771.0,315909.0,317219.0
2021-08-05 14:00:00,8426.0,8450.0,8402.0,8426.0,93048.0,317219.0,317024.0
2021-08-05 21:00:00,8396.0,8424.0,8356.0,8412.0,166210.0,317024.0,316467.0
2021-08-05 22:00:00,8412.0,8416.0,8376.0,8410.0,87884.0,316467.0,310820.0
2021-08-06 09:00:00,8360.0,8404.0,8360.0,8384.0,90203.0,310820.0,308760.0
2021-08-06 10:00:00,8384.0,8480.0,8370.0,8414.0,115219.0,308760.0,306516.0
2021-08-06 11:00:00,8414.0,8456.0,8414.0,8442.0,68723.0,306516.0,307868.0
2021-08-06 13:00:00,8416.0,8476.0,8408.0,8476.0,63435.0,307868.0,310690.0
2021-08-06 14:00:00,8476.0,8534.0,8470.0,8486.0,166544.0,310690.0,313696.0
2021-08-06 21:00:00,8536.0,8636.0,8528.0,8622.0,172014.0,313696.0,322643.0
2021-08-06 22:00:00,8622.0,8690.0,8618.0,8662.0,125404.0,322643.0,320876.0
2021-08-09 09:00:00,8658.0,8660.0,8468.0,8478.0,199875.0,320876.0,303865.0
2021-08-09 10:00:00,8478.0,8510.0,8432.0,8444.0,128700.0,303865.0,298950.0
2021-08-09 11:00:00,8444.0,8518.0,8434.0,8470.0,60842.0,298950.0,299220.0
2021-08-09 13:00:00,8472.0,8502.0,8464.0,8486.0,38775.0,299220.0,300160.0
2021-08-09 14:00:00,8486.0,8554.0,8482.0,8530.0,107294.0,300160.0,298456.0
2021-08-09 21:00:00,8402.0,8596.0,8384.0,8576.0,184425.0,298456.0,305067.0
2021-08-09 22:00:00,8576.0,8584.0,8480.0,8512.0,120290.0,305067.0,294931.0
2021-08-10 09:00:00,8522.0,8570.0,8490.0,8526.0,107408.0,294931.0,297055.0
2021-08-10 10:00:00,8526.0,8610.0,8510.0,8578.0,64904.0,297055.0,297283.0
2021-08-10 11:00:00,8578.0,8672.0,8572.0,8640.0,67977.0,297283.0,303793.0
2021-08-10 13:00:00,8640.0,8662.0,8602.0,8648.0,51000.0,303793.0,303878.0
2021-08-10 14:00:00,8648.0,8682.0,8624.0,8660.0,87938.0,303878.0,301366.0
2021-08-10 21:00:00,8664.0,8726.0,8616.0,8706.0,186304.0,301366.0,306686.0
2021-08-10 22:00:00,8706.0,8766.0,8702.0,8756.0,107664.0,306686.0,308866.0
2021-08-11 09:00:00,8752.0,8758.0,8716.0,8744.0,90190.0,308866.0,306533.0
2021-08-11 10:00:00,8744.0,8758.0,8684.0,8732.0,81727.0,306533.0,302194.0
2021-08-11 11:00:00,8732.0,8772.0,8716.0,8748.0,55849.0,302194.0,303297.0
2021-08-11 13:00:00,8810.0,8892.0,8810.0,8866.0,110809.0,303297.0,304995.0
2021-08-11 14:00:00,8866.0,8998.0,8848.0,8994.0,189637.0,304995.0,299626.0
2021-08-11 21:00:00,9012.0,9044.0,8976.0,9032.0,173794.0,299626.0,302091.0
2021-08-11 22:00:00,9032.0,9078.0,9018.0,9060.0,114669.0,302091.0,297411.0
2021-08-12 09:00:00,9050.0,9054.0,8968.0,8988.0,143892.0,297411.0,287716.0
2021-08-12 10:00:00,8988.0,9042.0,8964.0,9018.0,103184.0,287716.0,282838.0
2021-08-12 11:00:00,9018.0,9028.0,8986.0,9014.0,61507.0,282838.0,281827.0
2021-08-12 13:00:00,9016.0,9030.0,8994.0,9022.0,42272.0,281827.0,281553.0
2021-08-12 14:00:00,9022.0,9066.0,9000.0,9004.0,77987.0,281553.0,274401.0
2021-08-12 21:00:00,8986.0,9026.0,8968.0,9006.0,143710.0,274401.0,274514.0
2021-08-12 22:00:00,9006.0,9032.0,8992.0,9026.0,75746.0,274514.0,271461.0
2021-08-13 09:00:00,9048.0,9080.0,8990.0,9004.0,110468.0,271461.0,269557.0
2021-08-13 10:00:00,9004.0,9020.0,8906.0,8916.0,57182.0,269557.0,267809.0
2021-08-13 11:00:00,8916.0,8926.0,8888.0,8900.0,64317.0,267809.0,261879.0
2021-08-13 13:00:00,8894.0,8964.0,8880.0,8940.0,69298.0,261879.0,257835.0
2021-08-13 14:00:00,8940.0,8946.0,8846.0,8908.0,136382.0,257835.0,238753.0
2021-08-13 21:00:00,8968.0,9112.0,8938.0,9100.0,213203.0,238753.0,217660.0
2021-08-13 22:00:00,9100.0,9158.0,9082.0,9132.0,99556.0,217660.0,211036.0
2021-08-16 09:00:00,9120.0,9162.0,8932.0,8946.0,178818.0,211036.0,182936.0
2021-08-16 10:00:00,8946.0,8992.0,8928.0,8972.0,62647.0,182936.0,180252.0
2021-08-16 11:00:00,8972.0,9008.0,8944.0,8986.0,40265.0,180252.0,177260.0
2021-08-16 13:00:00,8976.0,8996.0,8962.0,8964.0,46760.0,177260.0,175435.0
2021-08-16 14:00:00,8964.0,8976.0,8870.0,8880.0,82179.0,175435.0,160868.0
2021-08-16 21:00:00,8864.0,8904.0,8810.0,8900.0,129879.0,160868.0,147275.0
2021-08-16 22:00:00,8900.0,8960.0,8900.0,8948.0,62648.0,147275.0,142271.0
2021-08-17 09:00:00,8930.0,8986.0,8930.0,8978.0,81474.0,142271.0,137614.0
2021-08-17 10:00:00,8978.0,9028.0,8960.0,9026.0,43440.0,137614.0,133978.0
2021-08-17 11:00:00,9026.0,9060.0,9010.0,9032.0,30477.0,133978.0,132346.0
2021-08-17 13:00:00,9024.0,9066.0,9012.0,9044.0,19620.0,132346.0,130592.0
2021-08-17 14:00:00,9044.0,9046.0,8944.0,8948.0,50788.0,130592.0,125373.0
2021-08-17 21:00:00,8364.0,8404.0,8314.0,8346.0,204746.0,125373.0,378895.0
2021-08-17 22:00:00,8346.0,8398.0,8340.0,8360.0,90757.0,378895.0,380388.0
2021-08-18 09:00:00,8336.0,8344.0,8192.0,8196.0,232395.0,380388.0,369458.0
2021-08-18 10:00:00,8196.0,8226.0,8094.0,8112.0,217236.0,369458.0,344016.0
2021-08-18 11:00:00,8112.0,8132.0,8082.0,8098.0,79746.0,344016.0,337253.0
2021-08-18 13:00:00,8118.0,8200.0,8118.0,8178.0,91298.0,337253.0,333967.0
2021-08-18 14:00:00,8178.0,8196.0,8124.0,8166.0,131246.0,333967.0,330692.0
2021-08-18 21:00:00,8146.0,8170.0,8098.0,8138.0,163732.0,330692.0,340072.0
2021-08-18 22:00:00,8138.0,8152.0,8090.0,8128.0,114372.0,340072.0,336342.0
2021-08-19 09:00:00,8090.0,8192.0,8032.0,8176.0,210197.0,336342.0,341710.0
2021-08-19 10:00:00,8176.0,8262.0,8162.0,8222.0,119526.0,341710.0,345135.0
2021-08-19 11:00:00,8222.0,8226.0,8156.0,8174.0,69333.0,345135.0,346298.0
2021-08-19 13:00:00,8186.0,8214.0,8184.0,8212.0,42038.0,346298.0,346386.0
2021-08-19 14:00:00,8212.0,8240.0,8168.0,8172.0,124698.0,346386.0,343887.0
2021-08-19 21:00:00,8106.0,8112.0,7966.0,7974.0,251936.0,343887.0,345660.0
2021-08-19 22:00:00,7974.0,8008.0,7932.0,7938.0,125881.0,345660.0,337191.0
2021-08-20 09:00:00,7964.0,8038.0,7964.0,8032.0,114676.0,337191.0,329753.0
2021-08-20 10:00:00,8032.0,8062.0,7990.0,8052.0,84192.0,329753.0,331495.0
2021-08-20 11:00:00,8052.0,8126.0,8028.0,8094.0,76803.0,331495.0,334595.0
2021-08-20 13:00:00,8096.0,8120.0,8068.0,8118.0,56452.0,334595.0,337849.0
2021-08-20 14:00:00,8118.0,8146.0,8016.0,8060.0,194358.0,337849.0,332361.0
2021-08-20 21:00:00,8020.0,8120.0,8014.0,8064.0,198405.0,332361.0,336616.0
2021-08-20 22:00:00,8064.0,8068.0,7964.0,7990.0,147639.0,336616.0,334377.0
2021-08-23 09:00:00,7890.0,7990.0,7836.0,7890.0,267533.0,334377.0,334746.0
2021-08-23 10:00:00,7890.0,8076.0,7874.0,8072.0,152695.0,334746.0,346047.0
2021-08-23 11:00:00,8072.0,8114.0,8040.0,8056.0,102679.0,346047.0,347773.0
2021-08-23 13:00:00,8078.0,8136.0,8076.0,8110.0,75931.0,347773.0,351726.0
2021-08-23 14:00:00,8110.0,8158.0,8060.0,8084.0,148785.0,351726.0,350516.0
2021-08-23 21:00:00,8166.0,8192.0,8080.0,8088.0,226896.0,350516.0,352735.0
2021-08-23 22:00:00,8088.0,8120.0,8028.0,8044.0,132247.0,352735.0,347944.0
2021-08-24 09:00:00,8050.0,8088.0,8022.0,8086.0,134578.0,347944.0,346973.0
2021-08-24 10:00:00,8086.0,8118.0,8038.0,8058.0,122801.0,346973.0,346895.0
2021-08-24 11:00:00,8058.0,8108.0,8058.0,8086.0,57500.0,346895.0,346209.0
2021-08-24 13:00:00,8078.0,8108.0,8050.0,8094.0,56791.0,346209.0,347446.0
2021-08-24 14:00:00,8094.0,8196.0,8082.0,8168.0,159267.0,347446.0,352727.0
2021-08-24 21:00:00,8184.0,8274.0,8150.0,8270.0,225106.0,352727.0,366407.0
2021-08-24 22:00:00,8270.0,8314.0,8258.0,8284.0,129626.0,366407.0,370920.0
2021-08-25 09:00:00,8258.0,8262.0,8206.0,8238.0,130304.0,370920.0,367870.0
2021-08-25 10:00:00,8238.0,8238.0,8174.0,8200.0,83257.0,367870.0,365003.0
2021-08-25 11:00:00,8200.0,8232.0,8184.0,8218.0,66810.0,365003.0,363327.0
2021-08-25 13:00:00,8218.0,8276.0,8218.0,8242.0,67343.0,363327.0,364929.0
2021-08-25 14:00:00,8242.0,8308.0,8224.0,8290.0,119687.0,364929.0,369296.0
2021-08-25 21:00:00,8294.0,8446.0,8290.0,8414.0,235103.0,369296.0,388691.0
2021-08-25 22:00:00,8414.0,8428.0,8324.0,8334.0,127139.0,388691.0,379825.0
2021-08-26 09:00:00,8362.0,8374.0,8322.0,8338.0,148951.0,379825.0,380665.0
2021-08-26 10:00:00,8338.0,8340.0,8274.0,8336.0,114849.0,380665.0,379173.0
2021-08-26 11:00:00,8336.0,8336.0,8290.0,8294.0,36511.0,379173.0,379947.0
2021-08-26 13:00:00,8292.0,8338.0,8264.0,8326.0,50792.0,379947.0,382318.0
2021-08-26 14:00:00,8326.0,8330.0,8216.0,8258.0,167597.0,382318.0,374087.0
2021-08-26 21:00:00,8280.0,8324.0,8242.0,8306.0,195415.0,374087.0,377098.0
2021-08-26 22:00:00,8306.0,8330.0,8224.0,8232.0,139839.0,377098.0,373312.0
2021-08-27 09:00:00,8198.0,8276.0,8122.0,8220.0,269706.0,373312.0,381923.0
2021-08-27 10:00:00,8220.0,8268.0,8192.0,8240.0,115215.0,381923.0,385995.0
2021-08-27 11:00:00,8240.0,8346.0,8238.0,8314.0,104745.0,385995.0,396168.0
2021-08-27 13:00:00,8316.0,8330.0,8296.0,8312.0,63499.0,396168.0,400516.0
2021-08-27 14:00:00,8312.0,8320.0,8250.0,8266.0,110654.0,400516.0,393596.0
2021-08-27 21:00:00,8266.0,8292.0,8226.0,8248.0,171509.0,393596.0,396308.0
2021-08-27 22:00:00,8248.0,8314.0,8234.0,8266.0,113534.0,396308.0,393520.0
2021-08-30 09:00:00,8318.0,8424.0,8310.0,8310.0,232761.0,393520.0,400557.0
2021-08-30 10:00:00,8310.0,8310.0,8240.0,8258.0,154549.0,400557.0,394477.0
2021-08-30 11:00:00,8258.0,8266.0,8190.0,8246.0,82957.0,394477.0,391044.0
2021-08-30 13:00:00,8240.0,8272.0,8206.0,8210.0,72748.0,391044.0,395054.0
2021-08-30 14:00:00,8210.0,8222.0,8186.0,8206.0,115580.0,395054.0,390139.0
2021-08-30 21:00:00,8174.0,8250.0,8148.0,8158.0,219731.0,390139.0,392622.0
2021-08-30 22:00:00,8158.0,8214.0,8134.0,8200.0,116403.0,392622.0,384286.0
2021-08-31 09:00:00,8212.0,8274.0,8212.0,8272.0,116781.0,384286.0,383679.0
2021-08-31 10:00:00,8272.0,8320.0,8272.0,8290.0,93372.0,383679.0,387523.0
2021-08-31 11:00:00,8290.0,8326.0,8290.0,8292.0,43116.0,387523.0,390059.0
2021-08-31 13:00:00,8298.0,8324.0,8290.0,8296.0,55467.0,390059.0,394014.0
2021-08-31 14:00:00,8296.0,8320.0,8264.0,8306.0,123067.0,394014.0,388221.0
2021-08-31 21:00:00,8248.0,8282.0,8166.0,8168.0,213627.0,388221.0,385259.0
2021-08-31 22:00:00,8168.0,8172.0,8084.0,8086.0,197797.0,385259.0,381026.0
2021-09-01 09:00:00,8126.0,8138.0,8090.0,8110.0,130407.0,381026.0,379934.0
2021-09-01 10:00:00,8110.0,8122.0,8060.0,8116.0,102025.0,379934.0,375921.0
2021-09-01 11:00:00,8116.0,8144.0,8082.0,8120.0,76903.0,375921.0,375533.0
2021-09-01 13:00:00,8112.0,8126.0,8080.0,8088.0,45452.0,375533.0,376965.0
2021-09-01 14:00:00,8088.0,8092.0,8040.0,8054.0,130942.0,376965.0,374272.0
2021-09-01 21:00:00,8036.0,8062.0,7996.0,8012.0,185425.0,374272.0,374879.0
2021-09-01 22:00:00,8012.0,8048.0,7992.0,8020.0,107944.0,374879.0,372581.0
2021-09-02 09:00:00,8008.0,8018.0,7962.0,8002.0,127353.0,372581.0,374846.0
2021-09-02 10:00:00,8002.0,8064.0,7992.0,8050.0,111286.0,374846.0,375228.0
2021-09-02 11:00:00,8050.0,8078.0,8024.0,8040.0,68703.0,375228.0,374262.0
2021-09-02 13:00:00,8050.0,8092.0,8036.0,8058.0,59141.0,374262.0,375983.0
2021-09-02 14:00:00,8058.0,8084.0,8012.0,8016.0,113146.0,375983.0,372119.0
2021-09-02 21:00:00,8076.0,8140.0,8036.0,8052.0,212017.0,372119.0,382452.0
2021-09-02 22:00:00,8052.0,8102.0,8038.0,8054.0,117823.0,382452.0,381150.0
2021-09-03 09:00:00,8058.0,8080.0,8020.0,8032.0,114149.0,381150.0,378862.0
2021-09-03 10:00:00,8032.0,8270.0,8024.0,8268.0,228410.0,378862.0,372654.0
2021-09-03 11:00:00,8268.0,8314.0,8268.0,8308.0,97213.0,372654.0,385618.0
2021-09-03 13:00:00,8312.0,8368.0,8312.0,8360.0,97478.0,385618.0,396754.0
2021-09-03 14:00:00,8360.0,8384.0,8288.0,8318.0,178434.0,396754.0,389729.0
2021-09-03 21:00:00,8320.0,8374.0,8308.0,8358.0,154197.0,389729.0,394001.0
2021-09-03 22:00:00,8358.0,8360.0,8282.0,8294.0,101075.0,394001.0,385561.0
2021-09-06 09:00:00,8314.0,8314.0,8254.0,8270.0,140003.0,385561.0,381324.0
2021-09-06 10:00:00,8270.0,8354.0,8252.0,8350.0,84292.0,381324.0,379575.0
2021-09-06 11:00:00,8350.0,8372.0,8292.0,8310.0,78748.0,379575.0,381021.0
2021-09-06 13:00:00,8322.0,8348.0,8312.0,8318.0,38039.0,381021.0,382644.0
2021-09-06 14:00:00,8318.0,8392.0,8304.0,8350.0,144021.0,382644.0,381755.0
2021-09-06 21:00:00,8332.0,8474.0,8298.0,8424.0,202406.0,381755.0,393809.0
2021-09-06 22:00:00,8424.0,8438.0,8284.0,8308.0,176085.0,393809.0,379464.0
2021-09-07 09:00:00,8312.0,8362.0,8288.0,8336.0,113824.0,379464.0,379303.0
2021-09-07 10:00:00,8336.0,8340.0,8306.0,8326.0,68480.0,379303.0,381140.0
2021-09-07 11:00:00,8326.0,8380.0,8318.0,8374.0,56828.0,381140.0,383314.0
2021-09-07 13:00:00,8380.0,8408.0,8342.0,8376.0,74693.0,383314.0,386195.0
2021-09-07 14:00:00,8376.0,8428.0,8364.0,8392.0,128805.0,386195.0,385276.0
2021-09-07 21:00:00,8414.0,8426.0,8352.0,8380.0,154365.0,385276.0,388461.0
2021-09-07 22:00:00,8380.0,8390.0,8296.0,8340.0,142550.0,388461.0,384054.0
2021-09-08 09:00:00,8288.0,8414.0,8268.0,8406.0,197610.0,384054.0,395463.0
2021-09-08 10:00:00,8406.0,8480.0,8378.0,8454.0,150359.0,395463.0,408794.0
2021-09-08 11:00:00,8454.0,8478.0,8406.0,8408.0,72657.0,408794.0,408973.0
2021-09-08 13:00:00,8414.0,8452.0,8410.0,8428.0,52385.0,408973.0,410281.0
2021-09-08 14:00:00,8428.0,8462.0,8410.0,8442.0,119823.0,410281.0,412740.0
2021-09-08 21:00:00,8530.0,8594.0,8424.0,8466.0,313253.0,412740.0,418121.0
2021-09-08 22:00:00,8466.0,8478.0,8422.0,8422.0,133736.0,418121.0,414526.0
2021-09-09 09:00:00,8422.0,8486.0,8380.0,8480.0,178007.0,414526.0,410595.0
2021-09-09 10:00:00,8480.0,8508.0,8414.0,8432.0,98181.0,410595.0,408065.0
2021-09-09 11:00:00,8432.0,8436.0,8332.0,8378.0,89788.0,408065.0,404284.0
2021-09-09 13:00:00,8390.0,8470.0,8376.0,8466.0,84544.0,404284.0,404489.0
2021-09-09 14:00:00,8466.0,8496.0,8410.0,8488.0,127630.0,404489.0,403634.0
2021-09-09 21:00:00,8444.0,8474.0,8402.0,8438.0,184722.0,403634.0,406977.0
2021-09-09 22:00:00,8438.0,8476.0,8420.0,8454.0,110007.0,406977.0,403745.0
2021-09-10 09:00:00,8410.0,8472.0,8320.0,8468.0,240247.0,403745.0,405055.0
2021-09-10 10:00:00,8468.0,8522.0,8430.0,8436.0,145779.0,405055.0,408829.0
2021-09-10 11:00:00,8436.0,8452.0,8330.0,8334.0,127537.0,408829.0,405490.0
2021-09-10 13:00:00,8300.0,8300.0,8174.0,8182.0,207599.0,405490.0,403469.0
2021-09-10 14:00:00,8182.0,8212.0,8150.0,8154.0,225921.0,403469.0,395811.0
2021-09-10 21:00:00,8156.0,8202.0,8152.0,8190.0,156561.0,395811.0,394602.0
2021-09-10 22:00:00,8190.0,8198.0,8132.0,8174.0,115734.0,394602.0,385679.0
2021-09-13 09:00:00,8230.0,8340.0,8224.0,8250.0,209307.0,385679.0,379152.0
2021-09-13 10:00:00,8250.0,8342.0,8228.0,8326.0,117009.0,379152.0,376499.0
2021-09-13 11:00:00,8326.0,8346.0,8296.0,8304.0,58261.0,376499.0,377109.0
2021-09-13 13:00:00,8290.0,8318.0,8282.0,8300.0,49032.0,377109.0,378005.0
2021-09-13 14:00:00,8300.0,8332.0,8246.0,8268.0,123729.0,378005.0,376929.0
2021-09-13 21:00:00,8278.0,8296.0,8224.0,8248.0,157790.0,376929.0,381213.0
2021-09-13 22:00:00,8248.0,8256.0,8164.0,8194.0,137866.0,381213.0,379124.0
2021-09-14 09:00:00,8194.0,8244.0,8158.0,8198.0,128018.0,379124.0,383079.0
2021-09-14 10:00:00,8198.0,8298.0,8170.0,8292.0,107225.0,383079.0,381565.0
2021-09-14 11:00:00,8292.0,8296.0,8228.0,8284.0,76235.0,381565.0,380363.0
2021-09-14 13:00:00,8292.0,8310.0,8266.0,8298.0,72170.0,380363.0,382139.0
2021-09-14 14:00:00,8298.0,8302.0,8256.0,8278.0,109181.0,382139.0,378780.0
2021-09-14 21:00:00,8310.0,8352.0,8260.0,8316.0,218866.0,378780.0,383921.0
2021-09-14 22:00:00,8316.0,8340.0,8252.0,8256.0,138679.0,383921.0,381182.0
2021-09-15 09:00:00,8278.0,8300.0,8214.0,8280.0,168565.0,381182.0,381800.0
2021-09-15 10:00:00,8280.0,8400.0,8274.0,8390.0,173525.0,381800.0,388606.0
2021-09-15 11:00:00,8390.0,8440.0,8382.0,8438.0,100485.0,388606.0,396983.0
2021-09-15 13:00:00,8430.0,8454.0,8400.0,8418.0,81120.0,396983.0,400497.0
2021-09-15 14:00:00,8418.0,8448.0,8398.0,8442.0,106901.0,400497.0,404779.0
2021-09-15 21:00:00,8458.0,8490.0,8416.0,8474.0,164864.0,404779.0,409257.0
2021-09-15 22:00:00,8474.0,8518.0,8468.0,8494.0,108074.0,409257.0,415151.0
2021-09-16 09:00:00,8514.0,8648.0,8490.0,8646.0,200799.0,415151.0,437120.0
2021-09-16 10:00:00,8646.0,8652.0,8522.0,8536.0,138970.0,437120.0,433759.0
2021-09-16 11:00:00,8536.0,8540.0,8482.0,8516.0,66357.0,433759.0,427491.0
2021-09-16 13:00:00,8516.0,8534.0,8480.0,8518.0,62657.0,427491.0,427678.0
2021-09-16 14:00:00,8518.0,8574.0,8498.0,8564.0,118469.0,427678.0,427741.0
2021-09-16 21:00:00,8528.0,8564.0,8494.0,8506.0,167921.0,427741.0,425814.0
2021-09-16 22:00:00,8506.0,8518.0,8454.0,8500.0,102922.0,425814.0,423076.0
2021-09-17 09:00:00,8506.0,8566.0,8478.0,8480.0,149688.0,423076.0,423495.0
2021-09-17 10:00:00,8480.0,8494.0,8224.0,8232.0,265040.0,423495.0,389838.0
2021-09-17 11:00:00,8232.0,8246.0,8164.0,8170.0,153767.0,389838.0,387540.0
2021-09-17 13:00:00,8200.0,8216.0,8180.0,8188.0,97278.0,387540.0,381660.0
2021-09-17 14:00:00,8188.0,8222.0,8160.0,8190.0,144273.0,381660.0,374469.0
2021-09-22 09:00:00,8150.0,8242.0,8108.0,8156.0,210603.0,374469.0,373264.0
2021-09-22 10:00:00,8156.0,8294.0,8134.0,8288.0,131476.0,373264.0,380243.0
2021-09-22 11:00:00,8288.0,8338.0,8286.0,8304.0,73920.0,380243.0,379397.0
2021-09-22 13:00:00,8330.0,8368.0,8310.0,8366.0,73264.0,379397.0,380378.0
2021-09-22 14:00:00,8366.0,8390.0,8338.0,8368.0,134629.0,380378.0,379099.0
2021-09-22 21:00:00,8394.0,8462.0,8380.0,8392.0,179614.0,379099.0,387747.0
2021-09-22 22:00:00,8392.0,8412.0,8330.0,8350.0,107000.0,387747.0,383599.0
2021-09-23 09:00:00,8388.0,8436.0,8350.0,8390.0,131229.0,383599.0,389788.0
2021-09-23 10:00:00,8390.0,8426.0,8370.0,8414.0,86241.0,389788.0,393539.0
2021-09-23 11:00:00,8414.0,8544.0,8390.0,8536.0,103496.0,393539.0,403469.0
2021-09-23 13:00:00,8524.0,8622.0,8524.0,8620.0,144737.0,403469.0,430140.0
2021-09-23 14:00:00,8620.0,8670.0,8590.0,8664.0,183321.0,430140.0,446356.0
2021-09-23 21:00:00,8670.0,8684.0,8590.0,8630.0,181500.0,446356.0,450269.0
2021-09-23 22:00:00,8630.0,8664.0,8588.0,8652.0,90618.0,450269.0,451389.0
2021-09-24 09:00:00,8666.0,8674.0,8600.0,8618.0,123636.0,451389.0,450052.0
2021-09-24 10:00:00,8618.0,8644.0,8524.0,8644.0,127354.0,450052.0,453742.0
2021-09-24 11:00:00,8644.0,8718.0,8628.0,8680.0,108180.0,453742.0,462023.0
2021-09-24 13:00:00,8670.0,8712.0,8666.0,8686.0,67622.0,462023.0,470333.0
2021-09-24 14:00:00,8686.0,8734.0,8678.0,8706.0,122556.0,470333.0,474893.0
2021-09-24 21:00:00,8688.0,8688.0,8616.0,8670.0,148375.0,474893.0,467411.0
2021-09-24 22:00:00,8670.0,8718.0,8652.0,8694.0,105718.0,467411.0,465164.0
2021-09-27 09:00:00,8704.0,8750.0,8604.0,8624.0,243926.0,465164.0,459613.0
2021-09-27 10:00:00,8624.0,8756.0,8622.0,8660.0,142627.0,459613.0,466337.0
2021-09-27 11:00:00,8660.0,8672.0,8634.0,8644.0,69998.0,466337.0,463078.0
2021-09-27 13:00:00,8652.0,8704.0,8652.0,8686.0,54641.0,463078.0,462691.0
2021-09-27 14:00:00,8686.0,8702.0,8566.0,8580.0,142472.0,462691.0,457031.0
2021-09-27 21:00:00,8580.0,8618.0,8516.0,8614.0,183296.0,457031.0,458545.0
2021-09-27 22:00:00,8614.0,8616.0,8564.0,8582.0,95239.0,458545.0,457118.0
2021-09-28 09:00:00,8568.0,8582.0,8518.0,8520.0,104520.0,457118.0,449537.0
2021-09-28 10:00:00,8520.0,8534.0,8438.0,8438.0,111129.0,449537.0,445039.0
2021-09-28 11:00:00,8438.0,8548.0,8408.0,8538.0,105351.0,445039.0,441626.0
2021-09-28 13:00:00,8552.0,8638.0,8552.0,8632.0,100293.0,441626.0,443172.0
2021-09-28 14:00:00,8632.0,8656.0,8618.0,8650.0,118808.0,443172.0,437305.0
2021-09-28 21:00:00,8646.0,8688.0,8618.0,8630.0,169431.0,437305.0,437120.0
2021-09-28 22:00:00,8630.0,8638.0,8586.0,8598.0,108704.0,437120.0,428621.0
2021-09-29 09:00:00,8580.0,8584.0,8520.0,8574.0,154073.0,428621.0,425557.0
2021-09-29 10:00:00,8574.0,8632.0,8552.0,8596.0,96241.0,425557.0,427720.0
2021-09-29 11:00:00,8596.0,8596.0,8508.0,8530.0,70611.0,427720.0,423485.0
2021-09-29 13:00:00,8544.0,8666.0,8544.0,8646.0,89998.0,423485.0,430735.0
2021-09-29 14:00:00,8646.0,8658.0,8600.0,8614.0,83500.0,430735.0,424144.0
2021-09-29 21:00:00,8638.0,8678.0,8602.0,8664.0,145390.0,424144.0,423435.0
2021-09-29 22:00:00,8664.0,8874.0,8664.0,8868.0,203112.0,423435.0,443468.0
2021-09-30 09:00:00,8864.0,8888.0,8816.0,8848.0,142940.0,443468.0,448271.0
2021-09-30 10:00:00,8848.0,8884.0,8806.0,8842.0,83194.0,448271.0,447676.0
2021-09-30 11:00:00,8842.0,8876.0,8814.0,8816.0,61510.0,447676.0,448127.0
2021-09-30 13:00:00,8834.0,8838.0,8778.0,8802.0,61707.0,448127.0,442223.0
2021-09-30 14:00:00,8802.0,8910.0,8780.0,8888.0,115933.0,442223.0,432045.0
2021-10-08 09:00:00,9332.0,9436.0,9248.0,9368.0,285680.0,432045.0,433634.0
2021-10-08 10:00:00,9368.0,9404.0,9280.0,9310.0,107059.0,433634.0,434454.0
2021-10-08 11:00:00,9310.0,9340.0,9270.0,9294.0,41488.0,434454.0,433725.0
2021-10-08 13:00:00,9312.0,9356.0,9304.0,9344.0,48172.0,433725.0,435147.0
2021-10-08 14:00:00,9344.0,9418.0,9344.0,9410.0,118114.0,435147.0,442179.0
2021-10-08 21:00:00,9488.0,9566.0,9422.0,9560.0,172328.0,442179.0,456867.0
2021-10-08 22:00:00,9560.0,9592.0,9492.0,9530.0,131980.0,456867.0,446818.0
2021-10-11 09:00:00,9438.0,9486.0,9406.0,9430.0,164562.0,446818.0,442944.0
2021-10-11 10:00:00,9430.0,9518.0,9424.0,9498.0,80860.0,442944.0,444213.0
2021-10-11 11:00:00,9498.0,9506.0,9436.0,9482.0,49785.0,444213.0,441400.0
2021-10-11 13:00:00,9532.0,9662.0,9524.0,9562.0,117653.0,441400.0,447156.0
2021-10-11 14:00:00,9562.0,9568.0,9430.0,9462.0,140765.0,447156.0,434727.0
2021-10-11 21:00:00,9464.0,9512.0,9410.0,9480.0,149008.0,434727.0,434893.0
2021-10-11 22:00:00,9480.0,9558.0,9464.0,9526.0,96194.0,434893.0,434616.0
2021-10-12 09:00:00,9444.0,9482.0,9276.0,9306.0,218880.0,434616.0,424919.0
2021-10-12 10:00:00,9306.0,9412.0,9292.0,9356.0,91475.0,424919.0,424381.0
2021-10-12 11:00:00,9356.0,9394.0,9346.0,9360.0,44672.0,424381.0,425910.0
2021-10-12 13:00:00,9362.0,9448.0,9360.0,9402.0,59886.0,425910.0,427774.0
2021-10-12 14:00:00,9402.0,9420.0,9364.0,9390.0,78173.0,427774.0,424857.0
2021-10-12 21:00:00,9348.0,9424.0,9322.0,9396.0,178218.0,424857.0,425445.0
2021-10-12 22:00:00,9396.0,9400.0,9222.0,9348.0,181826.0,425445.0,422614.0
2021-10-13 09:00:00,9294.0,9406.0,9238.0,9268.0,184787.0,422614.0,425816.0
2021-10-13 10:00:00,9268.0,9348.0,9092.0,9342.0,198266.0,425816.0,420326.0
2021-10-13 11:00:00,9342.0,9400.0,9332.0,9398.0,81300.0,420326.0,426296.0
2021-10-13 13:00:00,9438.0,9482.0,9416.0,9458.0,91288.0,426296.0,437500.0
2021-10-13 14:00:00,9458.0,9548.0,9456.0,9484.0,162337.0,437500.0,443887.0
2021-10-13 21:00:00,9530.0,9608.0,9394.0,9398.0,255201.0,443887.0,444290.0
2021-10-13 22:00:00,9398.0,9400.0,9206.0,9236.0,224848.0,444290.0,418453.0
2021-10-14 09:00:00,9280.0,9344.0,9270.0,9294.0,134725.0,418453.0,414538.0
2021-10-14 10:00:00,9294.0,9330.0,9184.0,9236.0,124479.0,414538.0,408715.0
2021-10-14 11:00:00,9236.0,9358.0,9212.0,9346.0,80205.0,408715.0,405969.0
2021-10-14 13:00:00,9336.0,9348.0,9268.0,9308.0,64215.0,405969.0,402511.0
2021-10-14 14:00:00,9308.0,9320.0,9250.0,9282.0,106247.0,402511.0,394928.0
2021-10-14 21:00:00,9288.0,9334.0,9246.0,9298.0,138426.0,394928.0,395326.0
2021-10-14 22:00:00,9298.0,9324.0,9206.0,9308.0,112617.0,395326.0,390582.0
2021-10-15 09:00:00,9330.0,9388.0,9286.0,9318.0,147136.0,390582.0,393997.0
2021-10-15 10:00:00,9318.0,9334.0,9260.0,9266.0,69994.0,393997.0,392415.0
2021-10-15 11:00:00,9266.0,9406.0,9264.0,9396.0,62896.0,392415.0,393888.0
2021-10-15 13:00:00,9380.0,9434.0,9368.0,9388.0,62992.0,393888.0,393353.0
2021-10-15 14:00:00,9388.0,9442.0,9376.0,9422.0,96192.0,393353.0,391299.0
2021-10-15 21:00:00,9460.0,9518.0,9338.0,9496.0,158231.0,391299.0,398377.0
2021-10-15 22:00:00,9496.0,9568.0,9380.0,9568.0,160809.0,398377.0,397173.0
2021-10-18 09:00:00,9492.0,9654.0,9406.0,9436.0,274848.0,397173.0,397390.0
2021-10-18 10:00:00,9436.0,9542.0,9416.0,9506.0,112953.0,397390.0,396617.0
2021-10-18 11:00:00,9506.0,9530.0,9454.0,9518.0,56029.0,396617.0,396666.0
2021-10-18 13:00:00,9514.0,9644.0,9486.0,9626.0,103841.0,396666.0,403565.0
2021-10-18 14:00:00,9626.0,9638.0,9520.0,9598.0,133383.0,403565.0,401845.0
2021-10-18 21:00:00,9560.0,9676.0,9536.0,9660.0,199207.0,401845.0,413404.0
2021-10-18 22:00:00,9660.0,9688.0,9528.0,9562.0,206574.0,413404.0,405087.0
2021-10-19 09:00:00,9586.0,9648.0,9488.0,9644.0,136730.0,405087.0,408191.0
2021-10-19 10:00:00,9644.0,9670.0,9584.0,9590.0,76731.0,408191.0,408227.0
2021-10-19 11:00:00,9590.0,9662.0,9580.0,9658.0,50012.0,408227.0,408419.0
2021-10-19 13:00:00,9658.0,9734.0,9658.0,9696.0,91987.0,408419.0,412741.0
2021-10-19 14:00:00,9696.0,9728.0,9680.0,9716.0,89481.0,412741.0,411106.0
2021-10-19 21:00:00,9674.0,9734.0,9470.0,9626.0,306125.0,411106.0,392109.0
2021-10-19 22:00:00,9626.0,9662.0,9548.0,9612.0,130466.0,392109.0,390535.0
2021-10-20 09:00:00,9628.0,9638.0,9570.0,9616.0,117570.0,390535.0,392050.0
2021-10-20 10:00:00,9616.0,9654.0,9588.0,9640.0,93547.0,392050.0,395354.0
2021-10-20 11:00:00,9640.0,9700.0,9630.0,9694.0,53713.0,395354.0,403281.0
2021-10-20 13:00:00,9690.0,9750.0,9676.0,9746.0,77430.0,403281.0,415916.0
2021-10-20 14:00:00,9746.0,9848.0,9718.0,9814.0,164377.0,415916.0,419810.0
2021-10-20 21:00:00,9840.0,10032.0,9830.0,9952.0,272371.0,419810.0,436209.0
2021-10-20 22:00:00,9952.0,10016.0,9916.0,9998.0,155114.0,436209.0,431269.0
2021-10-21 09:00:00,10030.0,10092.0,9986.0,10086.0,153556.0,431269.0,435629.0
2021-10-21 10:00:00,10086.0,10106.0,10004.0,10036.0,100675.0,435629.0,430565.0
2021-10-21 11:00:00,10036.0,10038.0,9968.0,9974.0,65764.0,430565.0,428644.0
2021-10-21 13:00:00,9968.0,10002.0,9944.0,9974.0,68405.0,428644.0,426950.0
2021-10-21 14:00:00,9974.0,10040.0,9808.0,9830.0,193706.0,426950.0,408342.0
2021-10-21 21:00:00,9720.0,9792.0,9580.0,9636.0,357394.0,408342.0,380559.0
2021-10-21 22:00:00,9636.0,9674.0,9544.0,9548.0,190409.0,380559.0,363433.0
2021-10-22 09:00:00,9568.0,9618.0,9474.0,9490.0,199627.0,363433.0,351446.0
2021-10-22 10:00:00,9490.0,9504.0,9366.0,9372.0,151019.0,351446.0,352009.0
2021-10-22 11:00:00,9372.0,9498.0,9368.0,9484.0,102431.0,352009.0,350667.0
2021-10-22 13:00:00,9480.0,9486.0,9362.0,9378.0,84307.0,350667.0,350230.0
2021-10-22 14:00:00,9378.0,9448.0,9288.0,9416.0,209009.0,350230.0,337071.0
2021-10-22 21:00:00,9470.0,9518.0,9444.0,9498.0,176437.0,337071.0,340619.0
2021-10-22 22:00:00,9498.0,9498.0,9362.0,9364.0,159063.0,340619.0,340118.0
2021-10-25 09:00:00,9408.0,9564.0,9406.0,9560.0,217447.0,340118.0,344929.0
2021-10-25 10:00:00,9560.0,9618.0,9526.0,9598.0,112149.0,344929.0,347729.0
2021-10-25 11:00:00,9598.0,9630.0,9564.0,9594.0,59976.0,347729.0,346804.0
2021-10-25 13:00:00,9580.0,9596.0,9554.0,9578.0,62677.0,346804.0,349253.0
2021-10-25 14:00:00,9578.0,9598.0,9560.0,9580.0,87533.0,349253.0,348023.0
2021-10-25 21:00:00,9604.0,9654.0,9544.0,9630.0,202602.0,348023.0,352721.0
2021-10-25 22:00:00,9630.0,9752.0,9592.0,9750.0,169252.0,352721.0,359941.0
2021-10-26 09:00:00,9740.0,9790.0,9666.0,9670.0,189390.0,359941.0,357591.0
2021-10-26 10:00:00,9670.0,9760.0,9664.0,9728.0,113293.0,357591.0,361406.0
2021-10-26 11:00:00,9728.0,9808.0,9712.0,9720.0,89606.0,361406.0,361458.0
2021-10-26 13:00:00,9724.0,9724.0,9640.0,9684.0,78134.0,361458.0,360786.0
2021-10-26 14:00:00,9684.0,9726.0,9658.0,9702.0,87388.0,360786.0,358340.0
2021-10-26 21:00:00,9694.0,9736.0,9594.0,9670.0,215912.0,358340.0,358890.0
2021-10-26 22:00:00,9670.0,9708.0,9638.0,9648.0,117851.0,358890.0,354037.0
2021-10-27 09:00:00,9640.0,9668.0,9528.0,9550.0,210316.0,354037.0,357145.0
2021-10-27 10:00:00,9550.0,9620.0,9486.0,9604.0,136450.0,357145.0,358260.0
2021-10-27 11:00:00,9604.0,9694.0,9592.0,9680.0,81808.0,358260.0,359245.0
2021-10-27 13:00:00,9670.0,9716.0,9638.0,9708.0,77009.0,359245.0,363256.0
2021-10-27 14:00:00,9708.0,9716.0,9578.0,9578.0,160202.0,363256.0,359575.0
2021-10-27 21:00:00,9574.0,9578.0,9404.0,9518.0,295215.0,359575.0,358670.0
2021-10-27 22:00:00,9518.0,9580.0,9492.0,9538.0,163389.0,358670.0,352948.0
2021-10-28 09:00:00,9482.0,9498.0,9352.0,9360.0,205138.0,352948.0,353595.0
2021-10-28 10:00:00,9360.0,9384.0,9256.0,9378.0,205760.0,353595.0,347808.0
2021-10-28 11:00:00,9378.0,9382.0,9316.0,9336.0,75656.0,347808.0,349583.0
2021-10-28 13:00:00,9356.0,9500.0,9286.0,9490.0,133627.0,349583.0,345494.0
2021-10-28 14:00:00,9490.0,9550.0,9392.0,9442.0,233629.0,345494.0,338165.0
2021-10-28 21:00:00,9472.0,9570.0,9460.0,9554.0,205175.0,338165.0,354163.0
2021-10-28 22:00:00,9554.0,9600.0,9510.0,9536.0,134423.0,354163.0,348388.0
2021-10-29 09:00:00,9508.0,9636.0,9478.0,9624.0,190620.0,348388.0,356885.0
2021-10-29 10:00:00,9624.0,9658.0,9558.0,9606.0,125189.0,356885.0,358256.0
2021-10-29 11:00:00,9606.0,9690.0,9602.0,9688.0,74023.0,358256.0,368009.0
2021-10-29 13:00:00,9694.0,9748.0,9694.0,9746.0,88430.0,368009.0,374038.0
2021-10-29 14:00:00,9746.0,9774.0,9686.0,9770.0,152062.0,374038.0,376715.0
2021-10-29 21:00:00,9746.0,9776.0,9696.0,9742.0,160573.0,376715.0,382968.0
2021-10-29 22:00:00,9742.0,9750.0,9644.0,9688.0,168721.0,382968.0,380146.0
2021-11-01 09:00:00,9716.0,9814.0,9632.0,9798.0,217869.0,380146.0,387011.0
2021-11-01 10:00:00,9798.0,9808.0,9684.0,9790.0,138881.0,387011.0,388415.0
2021-11-01 11:00:00,9790.0,9800.0,9734.0,9764.0,92412.0,388415.0,390186.0
2021-11-01 13:00:00,9754.0,9766.0,9702.0,9710.0,57611.0,390186.0,388781.0
2021-11-01 14:00:00,9710.0,9720.0,9568.0,9574.0,161125.0,388781.0,384559.0
2021-11-01 21:00:00,9632.0,9732.0,9628.0,9718.0,172729.0,384559.0,388236.0
2021-11-01 22:00:00,9718.0,9740.0,9686.0,9706.0,106527.0,388236.0,385637.0
2021-11-02 09:00:00,9722.0,9778.0,9658.0,9760.0,169091.0,385637.0,389505.0
2021-11-02 10:00:00,9760.0,9778.0,9608.0,9626.0,144173.0,389505.0,387752.0
2021-11-02 11:00:00,9626.0,9692.0,9586.0,9626.0,107898.0,387752.0,384304.0
2021-11-02 13:00:00,9586.0,9660.0,9474.0,9638.0,158550.0,384304.0,376920.0
2021-11-02 14:00:00,9638.0,9700.0,9630.0,9686.0,130963.0,376920.0,376250.0
2021-11-02 21:00:00,9718.0,9776.0,9692.0,9772.0,146691.0,376250.0,382295.0
2021-11-02 22:00:00,9772.0,9774.0,9698.0,9746.0,101631.0,382295.0,374207.0
2021-11-03 09:00:00,9712.0,9712.0,9586.0,9600.0,162001.0,374207.0,368551.0
2021-11-03 10:00:00,9600.0,9670.0,9586.0,9638.0,95428.0,368551.0,365522.0
2021-11-03 11:00:00,9638.0,9796.0,9632.0,9790.0,89150.0,365522.0,376099.0
2021-11-03 13:00:00,9784.0,9908.0,9772.0,9900.0,143370.0,376099.0,395162.0
2021-11-03 14:00:00,9900.0,9966.0,9888.0,9940.0,174592.0,395162.0,399013.0
2021-11-03 21:00:00,9934.0,9940.0,9820.0,9836.0,174146.0,399013.0,392116.0
2021-11-03 22:00:00,9836.0,9840.0,9736.0,9764.0,134581.0,392116.0,380498.0
2021-11-04 09:00:00,9726.0,9766.0,9672.0,9696.0,164507.0,380498.0,373460.0
2021-11-04 10:00:00,9696.0,9744.0,9678.0,9692.0,87136.0,373460.0,370931.0
2021-11-04 11:00:00,9692.0,9700.0,9654.0,9674.0,55310.0,370931.0,369889.0
2021-11-04 13:00:00,9674.0,9720.0,9660.0,9660.0,60894.0,369889.0,369674.0
2021-11-04 14:00:00,9660.0,9676.0,9494.0,9514.0,251686.0,369674.0,350243.0
2021-11-04 21:00:00,9598.0,9644.0,9550.0,9562.0,190659.0,350243.0,346628.0
2021-11-04 22:00:00,9562.0,9562.0,9388.0,9512.0,209465.0,346628.0,344038.0
2021-11-05 09:00:00,9456.0,9472.0,9340.0,9376.0,205564.0,344038.0,346327.0
2021-11-05 10:00:00,9376.0,9482.0,9364.0,9454.0,123421.0,346327.0,350718.0
2021-11-05 11:00:00,9454.0,9476.0,9424.0,9436.0,43921.0,350718.0,350693.0
2021-11-05 13:00:00,9438.0,9488.0,9420.0,9450.0,60885.0,350693.0,351462.0
2021-11-05 14:00:00,9450.0,9492.0,9422.0,9476.0,100921.0,351462.0,348105.0
2021-11-05 21:00:00,9412.0,9430.0,8970.0,8970.0,449427.0,348105.0,351546.0
2021-11-05 22:00:00,8970.0,9206.0,8740.0,9176.0,621308.0,351546.0,335707.0
2021-11-08 09:00:00,9204.0,9244.0,9050.0,9138.0,286199.0,335707.0,340312.0
2021-11-08 10:00:00,9138.0,9178.0,9080.0,9152.0,95341.0,340312.0,342485.0
2021-11-08 11:00:00,9152.0,9176.0,9134.0,9154.0,46142.0,342485.0,343982.0
2021-11-08 13:00:00,9188.0,9228.0,9170.0,9188.0,73578.0,343982.0,343723.0
2021-11-08 14:00:00,9188.0,9276.0,9186.0,9238.0,149736.0,343723.0,341108.0
2021-11-08 21:00:00,9262.0,9284.0,9172.0,9238.0,144112.0,341108.0,350046.0
2021-11-08 22:00:00,9238.0,9250.0,9166.0,9206.0,87893.0,350046.0,345599.0
2021-11-09 09:00:00,9164.0,9178.0,9006.0,9084.0,183538.0,345599.0,345778.0
2021-11-09 10:00:00,9084.0,9108.0,8986.0,9088.0,154370.0,345778.0,344056.0
2021-11-09 11:00:00,9088.0,9094.0,8990.0,9000.0,65187.0,344056.0,343414.0
2021-11-09 13:00:00,8982.0,8982.0,8830.0,8878.0,169449.0,343414.0,340788.0
2021-11-09 14:00:00,8878.0,8980.0,8862.0,8938.0,184469.0,340788.0,333463.0
2021-11-09 21:00:00,8970.0,9016.0,8922.0,8992.0,142920.0,333463.0,337819.0
2021-11-09 22:00:00,8992.0,9004.0,8916.0,8940.0,106831.0,337819.0,335814.0
2021-11-10 09:00:00,9004.0,9134.0,9004.0,9054.0,164249.0,335814.0,341711.0
2021-11-10 10:00:00,9054.0,9168.0,9032.0,9104.0,102881.0,341711.0,343478.0
2021-11-10 11:00:00,9104.0,9142.0,9102.0,9130.0,36960.0,343478.0,343372.0
2021-11-10 13:00:00,9076.0,9122.0,9030.0,9112.0,69819.0,343372.0,345068.0
2021-11-10 14:00:00,9112.0,9294.0,9108.0,9266.0,173842.0,345068.0,339438.0
2021-11-10 21:00:00,9290.0,9394.0,9226.0,9392.0,201019.0,339438.0,347900.0
2021-11-10 22:00:00,9392.0,9410.0,9326.0,9374.0,108540.0,347900.0,341948.0
2021-11-11 09:00:00,9342.0,9448.0,9294.0,9446.0,195701.0,341948.0,344961.0
2021-11-11 10:00:00,9446.0,9450.0,9352.0,9396.0,93662.0,344961.0,340958.0
2021-11-11 11:00:00,9396.0,9410.0,9362.0,9384.0,41959.0,340958.0,337577.0
2021-11-11 13:00:00,9372.0,9406.0,9346.0,9398.0,44246.0,337577.0,336035.0
2021-11-11 14:00:00,9398.0,9442.0,9356.0,9358.0,101798.0,336035.0,326954.0
2021-11-11 21:00:00,9354.0,9358.0,9270.0,9342.0,165376.0,326954.0,332629.0
2021-11-11 22:00:00,9342.0,9440.0,9332.0,9438.0,118220.0,332629.0,333636.0
2021-11-12 09:00:00,9410.0,9490.0,9402.0,9470.0,163367.0,333636.0,339810.0
2021-11-12 10:00:00,9470.0,9476.0,9418.0,9468.0,68587.0,339810.0,339752.0
2021-11-12 11:00:00,9468.0,9516.0,9436.0,9462.0,65760.0,339752.0,338489.0
2021-11-12 13:00:00,9480.0,9500.0,9448.0,9484.0,39794.0,338489.0,341619.0
2021-11-12 14:00:00,9484.0,9512.0,9420.0,9428.0,95078.0,341619.0,338086.0
2021-11-12 21:00:00,9370.0,9492.0,9324.0,9414.0,185444.0,338086.0,340392.0
2021-11-12 22:00:00,9414.0,9530.0,9414.0,9520.0,92902.0,340392.0,339917.0
2021-11-15 09:00:00,9524.0,9636.0,9480.0,9484.0,210039.0,339917.0,338260.0
2021-11-15 10:00:00,9484.0,9524.0,9434.0,9498.0,73939.0,338260.0,337535.0
2021-11-15 11:00:00,9498.0,9512.0,9418.0,9420.0,39627.0,337535.0,336037.0
2021-11-15 13:00:00,9378.0,9462.0,9346.0,9448.0,72035.0,336037.0,336569.0
2021-11-15 14:00:00,9448.0,9550.0,9446.0,9458.0,117116.0,336569.0,336059.0
2021-11-15 21:00:00,9460.0,9508.0,9442.0,9464.0,136597.0,336059.0,341078.0
2021-11-15 22:00:00,9464.0,9490.0,9428.0,9464.0,76304.0,341078.0,337475.0
2021-11-16 09:00:00,9488.0,9690.0,9474.0,9666.0,233631.0,337475.0,355979.0
2021-11-16 10:00:00,9666.0,9696.0,9612.0,9620.0,89652.0,355979.0,353996.0
2021-11-16 11:00:00,9620.0,9684.0,9620.0,9632.0,45136.0,353996.0,355847.0
2021-11-16 13:00:00,9634.0,9640.0,9552.0,9556.0,68257.0,355847.0,349990.0
2021-11-16 14:00:00,9556.0,9556.0,9466.0,9490.0,163880.0,349990.0,333763.0
2021-11-16 21:00:00,9532.0,9552.0,9460.0,9524.0,161810.0,333763.0,334039.0
2021-11-16 22:00:00,9524.0,9578.0,9484.0,9560.0,67403.0,334039.0,332032.0
2021-11-17 09:00:00,9518.0,9618.0,9518.0,9586.0,124395.0,332032.0,337545.0
2021-11-17 10:00:00,9586.0,9648.0,9578.0,9646.0,79503.0,337545.0,343665.0
2021-11-17 11:00:00,9646.0,9664.0,9576.0,9588.0,46235.0,343665.0,340658.0
2021-11-17 13:00:00,9596.0,9628.0,9586.0,9604.0,31887.0,340658.0,341132.0
2021-11-17 14:00:00,9604.0,9690.0,9592.0,9666.0,107959.0,341132.0,343456.0
2021-11-17 21:00:00,9710.0,9740.0,9644.0,9658.0,160835.0,343456.0,344501.0
2021-11-17 22:00:00,9658.0,9734.0,9636.0,9730.0,75645.0,344501.0,341593.0
2021-11-18 09:00:00,9658.0,9694.0,9606.0,9686.0,166381.0,341593.0,338376.0
2021-11-18 10:00:00,9686.0,9720.0,9604.0,9606.0,99747.0,338376.0,336257.0
2021-11-18 11:00:00,9606.0,9676.0,9596.0,9640.0,53544.0,336257.0,331301.0
2021-11-18 13:00:00,9682.0,9784.0,9678.0,9778.0,116230.0,331301.0,344182.0
2021-11-18 14:00:00,9778.0,9788.0,9714.0,9750.0,109005.0,344182.0,337166.0
2021-11-18 21:00:00,9802.0,9826.0,9768.0,9790.0,167283.0,337166.0,342362.0
2021-11-18 22:00:00,9790.0,9846.0,9772.0,9836.0,96823.0,342362.0,343440.0
2021-11-19 09:00:00,9778.0,9858.0,9762.0,9810.0,153667.0,343440.0,351145.0
2021-11-19 10:00:00,9810.0,9864.0,9792.0,9846.0,83687.0,351145.0,354804.0
2021-11-19 11:00:00,9846.0,9908.0,9846.0,9876.0,68834.0,354804.0,358559.0
2021-11-19 13:00:00,9870.0,9896.0,9858.0,9870.0,52562.0,358559.0,358434.0
2021-11-19 14:00:00,9870.0,9982.0,9860.0,9978.0,148180.0,358434.0,367293.0
2021-11-19 21:00:00,9878.0,9880.0,9756.0,9856.0,266375.0,367293.0,353738.0
2021-11-19 22:00:00,9856.0,10018.0,9844.0,9998.0,223622.0,353738.0,361967.0
2021-11-22 09:00:00,9946.0,9948.0,9726.0,9756.0,292332.0,361967.0,341163.0
2021-11-22 10:00:00,9756.0,9806.0,9710.0,9764.0,108266.0,341163.0,336592.0
2021-11-22 11:00:00,9764.0,9794.0,9744.0,9750.0,36676.0,336592.0,334273.0
2021-11-22 13:00:00,9748.0,9772.0,9704.0,9722.0,53284.0,334273.0,334581.0
2021-11-22 14:00:00,9722.0,9732.0,9654.0,9692.0,121001.0,334581.0,325865.0
2021-11-22 21:00:00,9728.0,9782.0,9682.0,9748.0,169723.0,325865.0,327017.0
2021-11-22 22:00:00,9748.0,9794.0,9712.0,9772.0,74337.0,327017.0,326504.0
2021-11-23 09:00:00,9798.0,9914.0,9796.0,9910.0,164376.0,326504.0,339565.0
2021-11-23 10:00:00,9910.0,9918.0,9870.0,9914.0,64948.0,339565.0,343190.0
2021-11-23 11:00:00,9914.0,9932.0,9908.0,9914.0,37366.0,343190.0,345243.0
2021-11-23 13:00:00,9866.0,9866.0,9596.0,9620.0,212853.0,345243.0,327272.0
2021-11-23 14:00:00,9620.0,9634.0,9512.0,9520.0,233220.0,327272.0,318677.0
2021-11-23 21:00:00,9510.0,9518.0,9426.0,9492.0,243872.0,318677.0,310028.0
2021-11-23 22:00:00,9492.0,9556.0,9480.0,9540.0,95883.0,310028.0,307926.0
2021-11-24 09:00:00,9602.0,9632.0,9552.0,9586.0,136124.0,307926.0,307611.0
2021-11-24 10:00:00,9586.0,9642.0,9568.0,9592.0,76426.0,307611.0,307182.0
2021-11-24 11:00:00,9592.0,9608.0,9514.0,9518.0,60029.0,307182.0,307514.0
2021-11-24 13:00:00,9522.0,9590.0,9522.0,9550.0,49712.0,307514.0,303438.0
2021-11-24 14:00:00,9550.0,9590.0,9536.0,9584.0,81486.0,303438.0,300157.0
2021-11-24 21:00:00,9616.0,9638.0,9552.0,9568.0,138370.0,300157.0,302063.0
2021-11-24 22:00:00,9568.0,9764.0,9556.0,9732.0,163403.0,302063.0,294867.0
2021-11-25 09:00:00,9670.0,9696.0,9628.0,9642.0,114798.0,294867.0,292063.0
2021-11-25 10:00:00,9642.0,9720.0,9642.0,9714.0,61293.0,292063.0,293159.0
2021-11-25 11:00:00,9714.0,9726.0,9666.0,9684.0,38936.0,293159.0,294609.0
2021-11-25 13:00:00,9684.0,9692.0,9650.0,9668.0,40849.0,294609.0,295583.0
2021-11-25 14:00:00,9668.0,9712.0,9626.0,9706.0,80000.0,295583.0,296187.0
2021-11-25 21:00:00,9646.0,9668.0,9482.0,9510.0,237729.0,296187.0,288991.0
2021-11-25 22:00:00,9510.0,9530.0,9462.0,9510.0,120616.0,288991.0,282480.0
2021-11-26 09:00:00,9484.0,9630.0,9436.0,9608.0,188764.0,282480.0,283318.0
2021-11-26 10:00:00,9608.0,9618.0,9520.0,9600.0,69451.0,283318.0,281855.0
2021-11-26 11:00:00,9600.0,9618.0,9574.0,9580.0,42942.0,281855.0,283548.0
2021-11-26 13:00:00,9560.0,9564.0,9506.0,9522.0,60615.0,283548.0,280812.0
2021-11-26 14:00:00,9522.0,9536.0,9462.0,9468.0,107750.0,280812.0,273184.0
2021-11-26 21:00:00,9370.0,9456.0,9270.0,9436.0,254239.0,273184.0,289336.0
2021-11-26 22:00:00,9436.0,9448.0,9338.0,9370.0,104013.0,289336.0,283290.0
2021-11-29 09:00:00,9370.0,9554.0,9370.0,9524.0,165442.0,283290.0,288361.0
2021-11-29 10:00:00,9524.0,9648.0,9518.0,9630.0,92467.0,288361.0,296326.0
2021-11-29 11:00:00,9630.0,9636.0,9578.0,9596.0,41335.0,296326.0,293645.0
2021-11-29 13:00:00,9552.0,9570.0,9456.0,9518.0,94447.0,293645.0,279222.0
2021-11-29 14:00:00,9518.0,9528.0,9400.0,9416.0,123630.0,279222.0,268402.0
2021-11-29 21:00:00,9420.0,9496.0,9378.0,9492.0,178617.0,268402.0,276281.0
2021-11-29 22:00:00,9492.0,9498.0,9434.0,9440.0,77326.0,276281.0,273147.0
2021-11-30 09:00:00,9426.0,9426.0,9152.0,9180.0,253125.0,273147.0,263844.0
2021-11-30 10:00:00,9180.0,9258.0,9164.0,9258.0,85020.0,263844.0,261061.0
2021-11-30 11:00:00,9258.0,9274.0,9212.0,9222.0,61864.0,261061.0,259900.0
2021-11-30 13:00:00,9210.0,9210.0,9086.0,9102.0,85544.0,259900.0,255263.0
2021-11-30 14:00:00,9102.0,9154.0,9094.0,9146.0,103338.0,255263.0,252433.0
2021-11-30 21:00:00,9038.0,9132.0,9002.0,9078.0,200032.0,252433.0,257112.0
2021-11-30 22:00:00,9078.0,9138.0,9062.0,9098.0,83155.0,257112.0,252890.0
2021-12-01 09:00:00,9056.0,9180.0,9010.0,9162.0,146014.0,252890.0,259298.0
2021-12-01 10:00:00,9162.0,9210.0,9142.0,9168.0,70539.0,259298.0,260160.0
2021-12-01 11:00:00,9168.0,9218.0,9148.0,9200.0,39691.0,260160.0,258678.0
2021-12-01 13:00:00,9210.0,9262.0,9202.0,9252.0,45457.0,258678.0,259101.0
2021-12-01 14:00:00,9252.0,9294.0,9218.0,9258.0,90062.0,259101.0,256224.0
2021-12-01 21:00:00,9260.0,9290.0,9186.0,9194.0,146466.0,256224.0,259164.0
2021-12-01 22:00:00,9194.0,9228.0,9130.0,9156.0,93501.0,259164.0,253510.0
2021-12-02 09:00:00,9120.0,9186.0,9092.0,9138.0,137335.0,253510.0,250496.0
2021-12-02 10:00:00,9138.0,9156.0,9058.0,9060.0,75048.0,250496.0,251111.0
2021-12-02 11:00:00,9060.0,9062.0,8990.0,9022.0,70693.0,251111.0,253384.0
2021-12-02 13:00:00,9056.0,9140.0,9054.0,9132.0,66209.0,253384.0,252501.0
2021-12-02 14:00:00,9132.0,9154.0,9076.0,9102.0,84616.0,252501.0,249386.0
2021-12-02 21:00:00,9122.0,9178.0,9102.0,9110.0,121226.0,249386.0,252922.0
2021-12-02 22:00:00,9110.0,9202.0,9072.0,9198.0,126488.0,252922.0,252456.0
2021-12-03 09:00:00,9276.0,9318.0,9252.0,9288.0,154054.0,252456.0,251155.0
2021-12-03 10:00:00,9288.0,9298.0,9210.0,9290.0,89099.0,251155.0,248892.0
2021-12-03 11:00:00,9290.0,9348.0,9290.0,9336.0,44125.0,248892.0,253042.0
2021-12-03 13:00:00,9350.0,9414.0,9342.0,9382.0,54871.0,253042.0,252643.0
2021-12-03 14:00:00,9382.0,9494.0,9382.0,9482.0,145956.0,252643.0,243744.0
2021-12-03 21:00:00,9500.0,9586.0,9480.0,9558.0,140724.0,243744.0,246048.0
2021-12-03 22:00:00,9558.0,9584.0,9524.0,9584.0,76720.0,246048.0,243791.0
2021-12-06 09:00:00,9596.0,9608.0,9522.0,9548.0,105121.0,243791.0,244656.0
2021-12-06 10:00:00,9548.0,9570.0,9498.0,9520.0,65785.0,244656.0,241530.0
2021-12-06 11:00:00,9520.0,9524.0,9478.0,9484.0,29839.0,241530.0,238952.0
2021-12-06 13:00:00,9488.0,9534.0,9464.0,9486.0,41288.0,238952.0,236117.0
2021-12-06 14:00:00,9486.0,9518.0,9468.0,9482.0,56045.0,236117.0,231179.0
2021-12-06 21:00:00,9492.0,9574.0,9482.0,9548.0,111110.0,231179.0,233159.0
2021-12-06 22:00:00,9548.0,9556.0,9506.0,9518.0,48776.0,233159.0,229537.0
2021-12-07 09:00:00,9562.0,9632.0,9562.0,9590.0,101793.0,229537.0,233073.0
2021-12-07 10:00:00,9590.0,9660.0,9568.0,9582.0,65992.0,233073.0,233898.0
2021-12-07 11:00:00,9582.0,9668.0,9574.0,9656.0,42897.0,233898.0,233133.0
2021-12-07 13:00:00,9678.0,9716.0,9620.0,9626.0,51015.0,233133.0,229524.0
2021-12-07 14:00:00,9626.0,9638.0,9576.0,9594.0,97100.0,229524.0,228030.0
2021-12-07 21:00:00,9646.0,9656.0,9542.0,9610.0,121596.0,228030.0,221214.0
2021-12-07 22:00:00,9610.0,9626.0,9564.0,9604.0,53982.0,221214.0,218839.0
2021-12-08 09:00:00,9512.0,9570.0,9430.0,9450.0,172134.0,218839.0,208283.0
2021-12-08 10:00:00,9450.0,9534.0,9424.0,9494.0,55096.0,208283.0,209427.0
2021-12-08 11:00:00,9494.0,9538.0,9490.0,9518.0,26566.0,209427.0,209238.0
2021-12-08 13:00:00,9504.0,9504.0,9384.0,9390.0,47182.0,209238.0,203471.0
2021-12-08 14:00:00,9390.0,9400.0,9314.0,9370.0,103242.0,203471.0,193682.0
2021-12-08 21:00:00,9370.0,9376.0,9304.0,9358.0,106989.0,193682.0,187758.0
2021-12-08 22:00:00,9358.0,9394.0,9318.0,9318.0,57677.0,187758.0,184064.0
2021-12-09 09:00:00,9360.0,9436.0,9360.0,9428.0,85297.0,184064.0,186069.0
2021-12-09 10:00:00,9428.0,9484.0,9388.0,9460.0,53777.0,186069.0,184125.0
2021-12-09 11:00:00,9460.0,9464.0,9400.0,9410.0,37953.0,184125.0,182033.0
2021-12-09 13:00:00,9406.0,9406.0,9330.0,9352.0,44433.0,182033.0,179558.0
2021-12-09 14:00:00,9352.0,9378.0,9262.0,9270.0,83463.0,179558.0,174771.0
2021-12-09 21:00:00,9186.0,9250.0,9158.0,9214.0,93914.0,174771.0,172213.0
2021-12-09 22:00:00,9214.0,9254.0,9188.0,9210.0,44338.0,172213.0,169564.0
2021-12-10 09:00:00,9260.0,9312.0,9246.0,9310.0,64921.0,169564.0,168664.0
2021-12-10 10:00:00,9310.0,9328.0,9260.0,9266.0,42612.0,168664.0,167510.0
2021-12-10 11:00:00,9266.0,9352.0,9262.0,9340.0,20987.0,167510.0,168531.0
2021-12-10 13:00:00,9260.0,9260.0,9102.0,9114.0,72310.0,168531.0,161134.0
2021-12-10 14:00:00,9114.0,9206.0,9094.0,9164.0,73433.0,161134.0,158570.0
2021-12-10 21:00:00,8092.0,8124.0,8046.0,8108.0,112394.0,158570.0,286718.0
2021-12-10 22:00:00,8108.0,8154.0,8084.0,8096.0,64739.0,286718.0,289167.0
2021-12-13 09:00:00,8064.0,8064.0,7888.0,7966.0,232618.0,289167.0,309778.0
2021-12-13 10:00:00,7966.0,8012.0,7950.0,7986.0,58126.0,309778.0,313921.0
2021-12-13 11:00:00,7986.0,8050.0,7966.0,8038.0,42969.0,313921.0,313301.0
2021-12-13 13:00:00,8080.0,8088.0,8002.0,8026.0,49923.0,313301.0,317243.0
2021-12-13 14:00:00,8026.0,8042.0,7954.0,7986.0,89759.0,317243.0,318520.0
2021-12-13 21:00:00,7962.0,8032.0,7870.0,8014.0,158567.0,318520.0,322317.0
2021-12-13 22:00:00,8014.0,8024.0,7944.0,8016.0,65132.0,322317.0,319781.0
2021-12-14 09:00:00,7946.0,7984.0,7856.0,7876.0,122369.0,319781.0,332341.0
2021-12-14 10:00:00,7876.0,7892.0,7818.0,7830.0,81227.0,332341.0,342171.0
2021-12-14 11:00:00,7830.0,7906.0,7826.0,7890.0,53420.0,342171.0,333958.0
2021-12-14 13:00:00,7852.0,7902.0,7828.0,7890.0,60904.0,333958.0,336046.0
2021-12-14 14:00:00,7890.0,7894.0,7798.0,7828.0,126571.0,336046.0,343461.0
2021-12-14 21:00:00,7806.0,7856.0,7796.0,7826.0,133305.0,343461.0,352563.0
2021-12-14 22:00:00,7826.0,7838.0,7772.0,7784.0,82415.0,352563.0,354741.0
2021-12-15 09:00:00,7752.0,7822.0,7748.0,7818.0,123416.0,354741.0,351048.0
2021-12-15 10:00:00,7818.0,7862.0,7718.0,7720.0,141758.0,351048.0,359359.0
2021-12-15 11:00:00,7720.0,7724.0,7622.0,7648.0,109953.0,359359.0,367961.0
2021-12-15 13:00:00,7592.0,7672.0,7576.0,7650.0,94531.0,367961.0,369885.0
2021-12-15 14:00:00,7650.0,7698.0,7638.0,7678.0,128398.0,369885.0,363327.0
2021-12-15 21:00:00,7658.0,7692.0,7634.0,7670.0,132605.0,363327.0,370276.0
2021-12-15 22:00:00,7670.0,7694.0,7642.0,7646.0,63245.0,370276.0,370442.0
2021-12-16 09:00:00,7768.0,7830.0,7732.0,7744.0,172450.0,370442.0,365687.0
2021-12-16 10:00:00,7744.0,7764.0,7702.0,7750.0,91660.0,365687.0,367464.0
2021-12-16 11:00:00,7750.0,7770.0,7738.0,7762.0,35690.0,367464.0,365787.0
2021-12-16 13:00:00,7762.0,7822.0,7762.0,7820.0,61557.0,365787.0,362400.0
2021-12-16 14:00:00,7820.0,7842.0,7802.0,7816.0,108388.0,362400.0,358273.0
2021-12-16 21:00:00,7832.0,7914.0,7796.0,7910.0,152492.0,358273.0,358481.0
2021-12-16 22:00:00,7910.0,8012.0,7908.0,7974.0,174155.0,358481.0,352251.0
2021-12-17 09:00:00,7972.0,7996.0,7944.0,7974.0,109350.0,352251.0,355812.0
2021-12-17 10:00:00,7974.0,8024.0,7970.0,7976.0,78516.0,355812.0,358116.0
2021-12-17 11:00:00,7976.0,7984.0,7936.0,7962.0,53902.0,358116.0,356109.0
2021-12-17 13:00:00,7950.0,7978.0,7932.0,7966.0,43505.0,356109.0,355743.0
2021-12-17 14:00:00,7966.0,8018.0,7960.0,7974.0,85318.0,355743.0,350436.0
2021-12-17 21:00:00,7918.0,7960.0,7870.0,7896.0,160232.0,350436.0,356001.0
2021-12-17 22:00:00,7896.0,7970.0,7892.0,7956.0,97915.0,356001.0,351244.0
2021-12-20 09:00:00,7902.0,7920.0,7812.0,7834.0,169014.0,351244.0,360038.0
2021-12-20 10:00:00,7834.0,7838.0,7768.0,7790.0,93055.0,360038.0,363270.0
2021-12-20 11:00:00,7790.0,7830.0,7764.0,7778.0,46622.0,363270.0,363179.0
2021-12-20 13:00:00,7768.0,7784.0,7736.0,7750.0,54667.0,363179.0,365907.0
2021-12-20 14:00:00,7750.0,7764.0,7704.0,7708.0,91751.0,365907.0,366223.0
2021-12-20 21:00:00,7688.0,7782.0,7680.0,7778.0,134219.0,366223.0,367088.0
2021-12-20 22:00:00,7778.0,7810.0,7738.0,7756.0,85859.0,367088.0,363382.0
2021-12-21 09:00:00,7786.0,7918.0,7782.0,7906.0,168599.0,363382.0,365982.0
2021-12-21 10:00:00,7906.0,7922.0,7838.0,7880.0,109148.0,365982.0,366827.0
2021-12-21 11:00:00,7880.0,7920.0,7864.0,7898.0,45544.0,366827.0,367509.0
2021-12-21 13:00:00,7912.0,7966.0,7900.0,7966.0,51080.0,367509.0,370837.0
2021-12-21 14:00:00,7966.0,7972.0,7916.0,7926.0,93498.0,370837.0,367521.0
2021-12-21 21:00:00,7962.0,7986.0,7916.0,7932.0,136375.0,367521.0,371338.0
2021-12-21 22:00:00,7932.0,7988.0,7928.0,7962.0,65959.0,371338.0,367143.0
2021-12-22 09:00:00,7986.0,8068.0,7964.0,8008.0,164520.0,367143.0,370671.0
2021-12-22 10:00:00,8008.0,8034.0,7976.0,8012.0,76358.0,370671.0,370347.0
2021-12-22 11:00:00,8012.0,8040.0,8006.0,8036.0,38342.0,370347.0,370301.0
2021-12-22 13:00:00,8040.0,8056.0,8018.0,8042.0,36200.0,370301.0,374025.0
2021-12-22 14:00:00,8042.0,8054.0,8012.0,8026.0,61246.0,374025.0,370764.0
2021-12-22 21:00:00,8028.0,8154.0,8016.0,8076.0,244669.0,370764.0,376163.0
2021-12-22 22:00:00,8076.0,8186.0,8060.0,8152.0,128067.0,376163.0,373377.0
2021-12-23 09:00:00,8182.0,8188.0,8104.0,8130.0,120250.0,373377.0,370499.0
2021-12-23 10:00:00,8130.0,8154.0,8096.0,8100.0,70696.0,370499.0,367528.0
2021-12-23 11:00:00,8100.0,8120.0,8084.0,8100.0,43555.0,367528.0,366204.0
2021-12-23 13:00:00,8120.0,8174.0,8096.0,8108.0,81934.0,366204.0,372556.0
2021-12-23 14:00:00,8108.0,8146.0,8100.0,8126.0,78128.0,372556.0,366735.0
2021-12-23 21:00:00,8100.0,8138.0,8072.0,8110.0,151550.0,366735.0,368118.0
2021-12-23 22:00:00,8110.0,8190.0,8104.0,8186.0,106839.0,368118.0,372960.0
2021-12-24 09:00:00,8208.0,8250.0,8194.0,8246.0,135586.0,372960.0,381091.0
2021-12-24 10:00:00,8246.0,8256.0,8218.0,8256.0,63342.0,381091.0,388233.0
2021-12-24 11:00:00,8256.0,8344.0,8238.0,8324.0,88500.0,388233.0,400421.0
2021-12-24 13:00:00,8348.0,8352.0,8318.0,8344.0,61003.0,400421.0,404051.0
2021-12-24 14:00:00,8344.0,8390.0,8342.0,8390.0,108936.0,404051.0,404271.0
2021-12-24 21:00:00,8398.0,8410.0,8350.0,8358.0,107332.0,404271.0,407193.0
2021-12-24 22:00:00,8358.0,8416.0,8350.0,8414.0,79494.0,407193.0,405204.0
2021-12-27 09:00:00,8370.0,8382.0,8322.0,8328.0,165109.0,405204.0,402369.0
2021-12-27 10:00:00,8328.0,8392.0,8322.0,8356.0,73091.0,402369.0,403283.0
2021-12-27 11:00:00,8356.0,8402.0,8356.0,8388.0,29466.0,403283.0,403256.0
2021-12-27 13:00:00,8338.0,8372.0,8338.0,8354.0,38446.0,403256.0,404874.0
2021-12-27 14:00:00,8354.0,8362.0,8328.0,8350.0,62671.0,404874.0,402269.0
2021-12-27 21:00:00,8346.0,8372.0,8314.0,8352.0,131430.0,402269.0,405950.0
2021-12-27 22:00:00,8352.0,8376.0,8336.0,8366.0,60456.0,405950.0,404278.0
2021-12-28 09:00:00,8426.0,8486.0,8366.0,8402.0,168857.0,404278.0,406472.0
2021-12-28 10:00:00,8402.0,8410.0,8338.0,8368.0,73627.0,406472.0,404946.0
2021-12-28 11:00:00,8368.0,8392.0,8356.0,8372.0,40023.0,404946.0,403283.0
2021-12-28 13:00:00,8372.0,8516.0,8372.0,8508.0,102853.0,403283.0,409607.0
2021-12-28 14:00:00,8508.0,8518.0,8406.0,8472.0,135747.0,409607.0,404634.0
2021-12-28 21:00:00,8536.0,8552.0,8464.0,8466.0,166415.0,404634.0,413133.0
2021-12-28 22:00:00,8466.0,8478.0,8424.0,8442.0,86264.0,413133.0,409463.0
2021-12-29 09:00:00,8416.0,8456.0,8406.0,8440.0,89469.0,409463.0,409671.0
2021-12-29 10:00:00,8440.0,8450.0,8334.0,8338.0,116560.0,409671.0,403729.0
2021-12-29 11:00:00,8338.0,8352.0,8296.0,8322.0,71467.0,403729.0,398342.0
2021-12-29 13:00:00,8304.0,8340.0,8302.0,8322.0,40503.0,398342.0,397609.0
2021-12-29 14:00:00,8322.0,8338.0,8306.0,8330.0,64138.0,397609.0,394576.0
2021-12-29 21:00:00,8342.0,8428.0,8334.0,8424.0,157493.0,394576.0,402772.0
2021-12-29 22:00:00,8424.0,8446.0,8404.0,8444.0,90232.0,402772.0,404122.0
2021-12-30 09:00:00,8440.0,8488.0,8418.0,8460.0,107096.0,404122.0,411358.0
2021-12-30 10:00:00,8460.0,8496.0,8438.0,8474.0,78450.0,411358.0,411861.0
2021-12-30 11:00:00,8474.0,8512.0,8462.0,8478.0,56192.0,411861.0,414564.0
2021-12-30 13:00:00,8468.0,8474.0,8408.0,8442.0,63397.0,414564.0,410717.0
2021-12-30 14:00:00,8442.0,8486.0,8428.0,8470.0,105333.0,410717.0,414030.0
2021-12-30 21:00:00,8430.0,8458.0,8404.0,8418.0,112252.0,414030.0,414761.0
2021-12-30 22:00:00,8418.0,8506.0,8418.0,8494.0,101673.0,414761.0,421302.0
2021-12-31 09:00:00,8450.0,8490.0,8400.0,8488.0,158043.0,421302.0,420863.0
2021-12-31 10:00:00,8488.0,8496.0,8432.0,8472.0,85640.0,420863.0,417029.0
2021-12-31 11:00:00,8472.0,8536.0,8470.0,8516.0,78971.0,417029.0,428982.0
2021-12-31 13:00:00,8528.0,8552.0,8504.0,8528.0,60491.0,428982.0,430627.0
2021-12-31 14:00:00,8528.0,8564.0,8492.0,8550.0,83290.0,430627.0,422507.0
2022-01-04 09:00:00,8614.0,8716.0,8552.0,8604.0,244092.0,422507.0,431974.0
2022-01-04 10:00:00,8604.0,8750.0,8574.0,8716.0,122383.0,431974.0,442616.0
2022-01-04 11:00:00,8716.0,8744.0,8708.0,8728.0,44585.0,442616.0,444419.0
2022-01-04 13:00:00,8724.0,8730.0,8642.0,8648.0,84472.0,444419.0,442833.0
2022-01-04 14:00:00,8648.0,8696.0,8640.0,8682.0,90877.0,442833.0,443279.0
2022-01-04 21:00:00,8734.0,8762.0,8694.0,8750.0,147751.0,443279.0,454152.0
2022-01-04 22:00:00,8750.0,8810.0,8732.0,8794.0,85351.0,454152.0,453516.0
2022-01-05 09:00:00,8874.0,8920.0,8826.0,8832.0,179156.0,453516.0,450977.0
2022-01-05 10:00:00,8832.0,8854.0,8814.0,8852.0,56195.0,450977.0,452981.0
2022-01-05 11:00:00,8852.0,8860.0,8816.0,8822.0,35320.0,452981.0,452207.0
2022-01-05 13:00:00,8836.0,8848.0,8808.0,8816.0,55718.0,452207.0,450860.0
2022-01-05 14:00:00,8816.0,8874.0,8792.0,8816.0,117048.0,450860.0,448592.0
2022-01-05 21:00:00,8866.0,8908.0,8842.0,8878.0,154445.0,448592.0,461344.0
2022-01-05 22:00:00,8878.0,8906.0,8862.0,8868.0,109999.0,461344.0,459159.0
2022-01-06 09:00:00,8866.0,8912.0,8750.0,8754.0,176680.0,459159.0,463064.0
2022-01-06 10:00:00,8754.0,8792.0,8722.0,8748.0,88564.0,463064.0,459678.0
2022-01-06 11:00:00,8748.0,8748.0,8702.0,8728.0,35754.0,459678.0,456923.0
2022-01-06 13:00:00,8730.0,8758.0,8718.0,8730.0,41177.0,456923.0,458460.0
2022-01-06 14:00:00,8730.0,8744.0,8692.0,8728.0,70047.0,458460.0,455440.0
2022-01-06 21:00:00,8788.0,8884.0,8744.0,8876.0,219891.0,455440.0,468464.0
2022-01-06 22:00:00,8876.0,8894.0,8838.0,8850.0,86186.0,468464.0,463709.0
2022-01-07 09:00:00,8848.0,8858.0,8810.0,8830.0,81115.0,463709.0,464498.0
2022-01-07 10:00:00,8830.0,8890.0,8808.0,8872.0,65519.0,464498.0,466423.0
2022-01-07 11:00:00,8872.0,8888.0,8824.0,8886.0,46639.0,466423.0,467000.0
2022-01-07 13:00:00,8868.0,8892.0,8852.0,8870.0,45548.0,467000.0,467879.0
2022-01-07 14:00:00,8870.0,8878.0,8814.0,8858.0,75818.0,467879.0,463339.0
2022-01-07 21:00:00,8864.0,8884.0,8814.0,8836.0,110616.0,463339.0,464452.0
2022-01-07 22:00:00,8836.0,8838.0,8678.0,8714.0,231080.0,464452.0,452535.0
2022-01-10 09:00:00,8754.0,8840.0,8718.0,8828.0,182043.0,452535.0,450544.0
2022-01-10 10:00:00,8828.0,8882.0,8810.0,8854.0,81077.0,450544.0,455092.0
2022-01-10 11:00:00,8854.0,8870.0,8828.0,8840.0,33221.0,455092.0,455813.0
2022-01-10 13:00:00,8912.0,9008.0,8892.0,8980.0,139736.0,455813.0,471912.0
2022-01-10 14:00:00,8980.0,9014.0,8964.0,8978.0,119723.0,471912.0,471940.0
2022-01-10 21:00:00,8914.0,8924.0,8822.0,8870.0,182265.0,471940.0,467181.0
2022-01-10 22:00:00,8870.0,8886.0,8832.0,8836.0,74982.0,467181.0,461239.0
2022-01-11 09:00:00,8814.0,8832.0,8778.0,8780.0,127759.0,461239.0,462130.0
2022-01-11 10:00:00,8780.0,8862.0,8772.0,8858.0,64074.0,462130.0,461503.0
2022-01-11 11:00:00,8858.0,8892.0,8832.0,8882.0,47999.0,461503.0,460479.0
2022-01-11 13:00:00,8872.0,8912.0,8854.0,8894.0,63601.0,460479.0,462139.0
2022-01-11 14:00:00,8894.0,8926.0,8870.0,8924.0,95152.0,462139.0,464505.0
2022-01-11 21:00:00,8952.0,9004.0,8910.0,8914.0,157074.0,464505.0,475987.0
2022-01-11 22:00:00,8914.0,8924.0,8832.0,8842.0,109744.0,475987.0,468732.0
2022-01-12 09:00:00,8894.0,8914.0,8870.0,8888.0,114130.0,468732.0,472063.0
2022-01-12 10:00:00,8888.0,8928.0,8880.0,8914.0,55528.0,472063.0,475401.0
2022-01-12 11:00:00,8914.0,8988.0,8910.0,8966.0,75246.0,475401.0,479623.0
2022-01-12 13:00:00,8950.0,8952.0,8908.0,8938.0,41979.0,479623.0,476347.0
2022-01-12 14:00:00,8938.0,8940.0,8874.0,8914.0,87805.0,476347.0,475988.0
2022-01-12 21:00:00,8910.0,9038.0,8904.0,9016.0,191553.0,475988.0,493237.0
2022-01-12 22:00:00,9016.0,9058.0,9004.0,9048.0,110732.0,493237.0,494755.0
2022-01-13 09:00:00,9070.0,9078.0,8924.0,8936.0,164889.0,494755.0,485201.0
2022-01-13 10:00:00,8936.0,8978.0,8918.0,8964.0,76911.0,485201.0,477632.0
2022-01-13 11:00:00,8964.0,8976.0,8934.0,8958.0,33220.0,477632.0,476079.0
2022-01-13 13:00:00,8966.0,9000.0,8962.0,8974.0,46261.0,476079.0,476646.0
2022-01-13 14:00:00,8974.0,9030.0,8972.0,8982.0,84794.0,476646.0,476562.0
2022-01-13 21:00:00,9038.0,9048.0,8940.0,8944.0,174849.0,476562.0,483512.0
2022-01-13 22:00:00,8944.0,9066.0,8930.0,9030.0,156598.0,483512.0,488202.0
2022-01-14 09:00:00,8988.0,8988.0,8882.0,8928.0,188250.0,488202.0,481662.0
2022-01-14 10:00:00,8928.0,8940.0,8852.0,8870.0,81180.0,481662.0,479600.0
2022-01-14 11:00:00,8870.0,8940.0,8858.0,8930.0,58017.0,479600.0,481239.0
2022-01-14 13:00:00,8916.0,8950.0,8904.0,8930.0,44753.0,481239.0,481436.0
2022-01-14 14:00:00,8930.0,9092.0,8906.0,9062.0,205600.0,481436.0,484602.0
2022-01-14 21:00:00,9066.0,9072.0,8980.0,8996.0,145063.0,484602.0,476849.0
2022-01-14 22:00:00,8996.0,9004.0,8926.0,8950.0,102776.0,476849.0,467085.0
2022-01-17 09:00:00,8996.0,9030.0,8966.0,8994.0,121324.0,467085.0,470847.0
2022-01-17 10:00:00,8994.0,9004.0,8830.0,8858.0,152624.0,470847.0,475496.0
2022-01-17 11:00:00,8858.0,9030.0,8850.0,9024.0,138032.0,475496.0,480364.0
2022-01-17 13:00:00,9024.0,9044.0,9010.0,9024.0,76653.0,480364.0,496598.0
2022-01-17 14:00:00,9024.0,9048.0,9012.0,9040.0,89549.0,496598.0,501164.0
2022-01-17 21:00:00,9062.0,9132.0,9042.0,9118.0,189119.0,501164.0,530202.0
2022-01-17 22:00:00,9118.0,9166.0,9110.0,9150.0,105645.0,530202.0,538595.0
2022-01-18 09:00:00,9138.0,9188.0,9104.0,9154.0,134407.0,538595.0,544604.0
2022-01-18 10:00:00,9154.0,9170.0,9138.0,9156.0,45642.0,544604.0,545098.0
2022-01-18 11:00:00,9156.0,9160.0,9120.0,9138.0,33434.0,545098.0,540797.0
2022-01-18 13:00:00,9124.0,9144.0,9104.0,9132.0,44561.0,540797.0,537433.0
2022-01-18 14:00:00,9132.0,9180.0,9120.0,9166.0,72471.0,537433.0,537296.0
2022-01-18 21:00:00,9148.0,9246.0,9130.0,9244.0,183414.0,537296.0,543081.0
2022-01-18 22:00:00,9244.0,9254.0,9218.0,9232.0,92532.0,543081.0,540999.0
2022-01-19 09:00:00,9264.0,9442.0,9252.0,9382.0,244360.0,540999.0,542376.0
2022-01-19 10:00:00,9382.0,9400.0,9352.0,9370.0,67170.0,542376.0,541695.0
2022-01-19 11:00:00,9370.0,9386.0,9338.0,9352.0,44329.0,541695.0,539421.0
2022-01-19 13:00:00,9350.0,9352.0,9316.0,9336.0,53685.0,539421.0,536189.0
2022-01-19 14:00:00,9336.0,9352.0,9282.0,9286.0,83990.0,536189.0,528103.0
2022-01-19 21:00:00,9286.0,9350.0,9280.0,9344.0,125082.0,528103.0,527354.0
2022-01-19 22:00:00,9344.0,9400.0,9330.0,9380.0,78188.0,527354.0,523636.0
2022-01-20 09:00:00,9400.0,9414.0,9342.0,9374.0,121408.0,523636.0,523286.0
2022-01-20 10:00:00,9374.0,9394.0,9358.0,9362.0,41055.0,523286.0,521956.0
2022-01-20 11:00:00,9362.0,9374.0,9320.0,9360.0,50541.0,521956.0,517119.0
2022-01-20 13:00:00,9366.0,9426.0,9362.0,9404.0,58661.0,517119.0,522963.0
2022-01-20 14:00:00,9404.0,9454.0,9386.0,9414.0,95012.0,522963.0,517537.0
2022-01-20 21:00:00,9416.0,9448.0,9376.0,9434.0,124860.0,517537.0,519667.0
2022-01-20 22:00:00,9434.0,9488.0,9422.0,9450.0,82065.0,519667.0,518520.0
2022-01-21 09:00:00,9496.0,9516.0,9372.0,9432.0,172510.0,518520.0,515330.0
2022-01-21 10:00:00,9432.0,9452.0,9404.0,9420.0,54600.0,515330.0,514633.0
2022-01-21 11:00:00,9420.0,9436.0,9396.0,9426.0,28286.0,514633.0,512995.0
2022-01-21 13:00:00,9432.0,9534.0,9432.0,9530.0,72552.0,512995.0,522840.0
2022-01-21 14:00:00,9530.0,9548.0,9510.0,9526.0,87389.0,522840.0,517617.0
2022-01-21 21:00:00,9606.0,9692.0,9582.0,9678.0,167790.0,517617.0,529184.0
2022-01-21 22:00:00,9678.0,9680.0,9566.0,9606.0,116405.0,529184.0,515500.0
2022-01-24 09:00:00,9598.0,9622.0,9498.0,9564.0,164973.0,515500.0,512366.0
2022-01-24 10:00:00,9564.0,9632.0,9546.0,9584.0,71683.0,512366.0,516059.0
2022-01-24 11:00:00,9584.0,9596.0,9548.0,9562.0,34512.0,516059.0,515368.0
2022-01-24 13:00:00,9560.0,9584.0,9532.0,9546.0,36337.0,515368.0,515229.0
2022-01-24 14:00:00,9546.0,9548.0,9470.0,9470.0,101461.0,515229.0,511985.0
2022-01-24 21:00:00,9454.0,9490.0,9346.0,9350.0,182984.0,511985.0,512003.0
2022-01-24 22:00:00,9350.0,9380.0,9316.0,9360.0,120936.0,512003.0,502293.0
2022-01-25 09:00:00,9332.0,9432.0,9332.0,9390.0,110288.0,502293.0,500568.0
2022-01-25 10:00:00,9390.0,9446.0,9386.0,9444.0,72327.0,500568.0,503434.0
2022-01-25 11:00:00,9444.0,9450.0,9392.0,9394.0,41512.0,503434.0,500600.0
2022-01-25 13:00:00,9400.0,9450.0,9396.0,9424.0,38902.0,500600.0,502647.0
2022-01-25 14:00:00,9424.0,9450.0,9406.0,9432.0,62752.0,502647.0,500799.0
2022-01-25 21:00:00,9430.0,9480.0,9356.0,9448.0,140146.0,500799.0,499546.0
2022-01-25 22:00:00,9448.0,9462.0,9402.0,9416.0,74494.0,499546.0,497130.0
2022-01-26 09:00:00,9430.0,9478.0,9422.0,9462.0,81182.0,497130.0,502079.0
2022-01-26 10:00:00,9462.0,9538.0,9460.0,9498.0,77534.0,502079.0,508601.0
2022-01-26 11:00:00,9498.0,9524.0,9482.0,9508.0,34977.0,508601.0,509154.0
2022-01-26 13:00:00,9494.0,9548.0,9486.0,9544.0,43383.0,509154.0,516152.0
2022-01-26 14:00:00,9544.0,9594.0,9534.0,9574.0,111828.0,516152.0,517134.0
2022-01-26 21:00:00,9604.0,9718.0,9558.0,9706.0,153209.0,517134.0,519979.0
2022-01-26 22:00:00,9706.0,9744.0,9678.0,9742.0,95291.0,519979.0,520670.0
2022-01-27 09:00:00,9762.0,9780.0,9688.0,9704.0,126177.0,520670.0,517831.0
2022-01-27 10:00:00,9704.0,9734.0,9690.0,9708.0,49847.0,517831.0,515113.0
2022-01-27 11:00:00,9708.0,9738.0,9698.0,9730.0,21495.0,515113.0,514728.0
2022-01-27 13:00:00,9720.0,9758.0,9692.0,9750.0,44064.0,514728.0,515557.0
2022-01-27 14:00:00,9750.0,9768.0,9728.0,9752.0,66684.0,515557.0,507965.0
2022-01-27 21:00:00,9790.0,9936.0,9774.0,9902.0,167554.0,507965.0,511736.0
2022-01-27 22:00:00,9902.0,9956.0,9894.0,9910.0,78084.0,511736.0,504067.0
2022-01-28 09:00:00,9886.0,9894.0,9782.0,9824.0,130058.0,504067.0,488281.0
2022-01-28 10:00:00,9824.0,9870.0,9808.0,9846.0,49752.0,488281.0,484911.0
2022-01-28 11:00:00,9846.0,9880.0,9836.0,9874.0,30457.0,484911.0,485106.0
2022-01-28 13:00:00,9874.0,9908.0,9856.0,9866.0,30392.0,485106.0,483111.0
2022-01-28 14:00:00,9866.0,9944.0,9816.0,9934.0,120651.0,483111.0,468416.0
2022-02-07 09:00:00,10070.0,10404.0,10012.0,10394.0,238885.0,468416.0,479058.0
2022-02-07 10:00:00,10394.0,10398.0,10238.0,10240.0,95695.0,479058.0,477942.0
2022-02-07 11:00:00,10240.0,10260.0,10194.0,10220.0,79171.0,477942.0,474545.0
2022-02-07 13:00:00,10214.0,10266.0,10174.0,10182.0,51719.0,474545.0,473566.0
2022-02-07 14:00:00,10182.0,10222.0,10152.0,10162.0,102830.0,473566.0,468107.0
2022-02-07 21:00:00,10158.0,10196.0,10122.0,10170.0,114180.0,468107.0,471926.0
2022-02-07 22:00:00,10170.0,10232.0,10152.0,10166.0,81172.0,471926.0,468888.0
2022-02-08 09:00:00,10168.0,10168.0,10106.0,10126.0,103380.0,468888.0,469069.0
2022-02-08 10:00:00,10126.0,10144.0,9980.0,9998.0,121215.0,469069.0,467776.0
2022-02-08 11:00:00,9998.0,10004.0,9940.0,9944.0,73084.0,467776.0,462644.0
2022-02-08 13:00:00,9926.0,10014.0,9920.0,9962.0,74974.0,462644.0,458160.0
2022-02-08 14:00:00,9962.0,10036.0,9956.0,9988.0,76255.0,458160.0,457093.0
2022-02-08 21:00:00,9908.0,9924.0,9828.0,9850.0,157461.0,457093.0,452584.0
2022-02-08 22:00:00,9850.0,9868.0,9746.0,9770.0,120595.0,452584.0,443733.0
2022-02-09 09:00:00,9756.0,9816.0,9724.0,9730.0,107915.0,443733.0,443367.0
2022-02-09 10:00:00,9730.0,9774.0,9706.0,9752.0,82004.0,443367.0,441742.0
2022-02-09 11:00:00,9752.0,9808.0,9752.0,9800.0,50973.0,441742.0,437070.0
2022-02-09 13:00:00,9824.0,9860.0,9822.0,9852.0,70765.0,437070.0,435804.0
2022-02-09 14:00:00,9852.0,9892.0,9836.0,9872.0,77688.0,435804.0,433530.0
2022-02-09 21:00:00,10044.0,10058.0,9884.0,9892.0,167676.0,433530.0,447838.0
2022-02-09 22:00:00,9892.0,10066.0,9880.0,10014.0,145032.0,447838.0,451454.0
2022-02-10 09:00:00,10026.0,10032.0,9954.0,10006.0,116767.0,451454.0,450181.0
2022-02-10 10:00:00,10006.0,10034.0,9976.0,10012.0,65403.0,450181.0,451723.0
2022-02-10 11:00:00,10012.0,10074.0,9986.0,10066.0,44233.0,451723.0,455871.0
2022-02-10 13:00:00,10126.0,10128.0,9946.0,9964.0,96236.0,455871.0,452566.0
2022-02-10 14:00:00,9964.0,9996.0,9948.0,9960.0,86299.0,452566.0,453178.0
2022-02-10 21:00:00,9972.0,10030.0,9844.0,9964.0,201672.0,453178.0,458811.0
2022-02-10 22:00:00,9964.0,10014.0,9916.0,10006.0,109176.0,458811.0,454329.0
2022-02-11 09:00:00,9920.0,9942.0,9788.0,9856.0,217790.0,454329.0,444310.0
2022-02-11 10:00:00,9856.0,9996.0,9840.0,9972.0,107656.0,444310.0,452500.0
2022-02-11 11:00:00,9972.0,9974.0,9894.0,9898.0,47351.0,452500.0,452936.0
2022-02-11 13:00:00,9908.0,9944.0,9894.0,9910.0,46303.0,452936.0,456313.0
2022-02-11 14:00:00,9910.0,9962.0,9892.0,9932.0,110668.0,456313.0,462579.0
2022-02-11 21:00:00,9996.0,10088.0,9960.0,10012.0,182834.0,462579.0,476734.0
2022-02-11 22:00:00,10012.0,10060.0,10006.0,10044.0,86249.0,476734.0,479699.0
2022-02-14 09:00:00,10082.0,10212.0,10032.0,10084.0,199657.0,479699.0,482172.0
2022-02-14 10:00:00,10084.0,10142.0,10066.0,10140.0,54565.0,482172.0,485364.0
2022-02-14 11:00:00,10140.0,10148.0,10108.0,10110.0,32467.0,485364.0,487532.0
2022-02-14 13:00:00,10114.0,10142.0,10058.0,10070.0,56475.0,487532.0,488395.0
2022-02-14 14:00:00,10070.0,10136.0,10070.0,10086.0,77489.0,488395.0,487615.0
2022-02-14 21:00:00,10060.0,10088.0,9984.0,10066.0,164436.0,487615.0,495239.0
2022-02-14 22:00:00,10066.0,10082.0,10024.0,10062.0,73776.0,495239.0,490511.0
2022-02-15 09:00:00,10078.0,10126.0,10038.0,10076.0,121878.0,490511.0,491700.0
2022-02-15 10:00:00,10076.0,10144.0,10052.0,10120.0,105643.0,491700.0,498083.0
2022-02-15 11:00:00,10120.0,10158.0,10108.0,10142.0,48319.0,498083.0,504735.0
2022-02-15 13:00:00,10138.0,10150.0,10082.0,10142.0,59995.0,504735.0,507815.0
2022-02-15 14:00:00,10142.0,10228.0,10118.0,10218.0,126846.0,507815.0,524621.0
2022-02-15 21:00:00,10090.0,10112.0,9948.0,9956.0,246301.0,524621.0,511678.0
2022-02-15 22:00:00,9956.0,9958.0,9890.0,9902.0,134668.0,511678.0,507287.0
2022-02-16 09:00:00,9968.0,10016.0,9912.0,9996.0,142180.0,507287.0,504763.0
2022-02-16 10:00:00,9996.0,10074.0,9968.0,10060.0,101301.0,504763.0,508423.0
2022-02-16 11:00:00,10060.0,10072.0,10038.0,10048.0,37760.0,508423.0,507628.0
2022-02-16 13:00:00,10056.0,10168.0,10056.0,10156.0,94465.0,507628.0,519069.0
2022-02-16 14:00:00,10156.0,10192.0,10148.0,10182.0,108665.0,519069.0,519499.0
2022-02-16 21:00:00,10128.0,10192.0,10094.0,10114.0,159535.0,519499.0,520348.0
2022-02-16 22:00:00,10114.0,10180.0,10084.0,10162.0,103437.0,520348.0,516087.0
2022-02-17 09:00:00,10150.0,10190.0,10076.0,10080.0,187273.0,516087.0,518911.0
2022-02-17 10:00:00,10080.0,10116.0,10006.0,10078.0,152500.0,518911.0,509226.0
2022-02-17 11:00:00,10078.0,10124.0,10078.0,10094.0,47791.0,509226.0,508934.0
2022-02-17 13:00:00,10108.0,10144.0,10088.0,10100.0,58094.0,508934.0,510282.0
2022-02-17 14:00:00,10100.0,10158.0,10084.0,10134.0,89573.0,510282.0,509944.0
2022-02-17 21:00:00,10170.0,10320.0,10160.0,10310.0,231350.0,509944.0,532895.0
2022-02-17 22:00:00,10310.0,10370.0,10270.0,10368.0,194252.0,532895.0,550474.0
2022-02-18 09:00:00,10340.0,10346.0,10292.0,10332.0,145468.0,550474.0,552741.0
2022-02-18 10:00:00,10332.0,10342.0,10296.0,10304.0,50992.0,552741.0,550201.0
2022-02-18 11:00:00,10304.0,10368.0,10284.0,10362.0,60116.0,550201.0,555371.0
2022-02-18 13:00:00,10350.0,10396.0,10338.0,10386.0,98629.0,555371.0,554215.0
2022-02-18 14:00:00,10386.0,10456.0,10372.0,10424.0,162621.0,554215.0,550898.0
2022-02-18 21:00:00,10364.0,10414.0,10342.0,10356.0,142034.0,550898.0,544415.0
2022-02-18 22:00:00,10356.0,10412.0,10326.0,10404.0,92953.0,544415.0,537159.0
2022-02-21 09:00:00,10432.0,10544.0,10432.0,10496.0,171784.0,537159.0,542212.0
2022-02-21 10:00:00,10496.0,10578.0,10484.0,10572.0,79653.0,542212.0,547427.0
2022-02-21 11:00:00,10572.0,10620.0,10560.0,10602.0,53959.0,547427.0,548260.0
2022-02-21 13:00:00,10606.0,10618.0,10548.0,10550.0,52140.0,548260.0,547659.0
2022-02-21 14:00:00,10550.0,10572.0,10494.0,10530.0,115217.0,547659.0,539451.0
2022-02-21 21:00:00,10550.0,10570.0,10490.0,10558.0,130618.0,539451.0,538232.0
2022-02-21 22:00:00,10558.0,10612.0,10544.0,10574.0,86568.0,538232.0,535939.0
2022-02-22 09:00:00,10588.0,10738.0,10588.0,10702.0,174351.0,535939.0,536004.0
2022-02-22 10:00:00,10702.0,10778.0,10690.0,10772.0,76126.0,536004.0,539332.0
2022-02-22 11:00:00,10772.0,10792.0,10748.0,10752.0,58046.0,539332.0,536824.0
2022-02-22 13:00:00,10752.0,10782.0,10740.0,10746.0,51248.0,536824.0,535024.0
2022-02-22 14:00:00,10746.0,10808.0,10738.0,10770.0,116388.0,535024.0,529205.0
2022-02-22 21:00:00,10638.0,10746.0,10552.0,10654.0,267736.0,529205.0,529783.0
2022-02-22 22:00:00,10654.0,10758.0,10646.0,10752.0,107207.0,529783.0,524599.0
2022-02-23 09:00:00,10848.0,10922.0,10818.0,10878.0,200384.0,524599.0,525236.0
2022-02-23 10:00:00,10878.0,10978.0,10870.0,10968.0,112162.0,525236.0,532017.0
2022-02-23 11:00:00,10968.0,11012.0,10964.0,10996.0,72742.0,532017.0,532914.0
2022-02-23 13:00:00,11014.0,11436.0,11014.0,11170.0,180284.0,532914.0,532756.0
2022-02-23 14:00:00,11170.0,11260.0,11158.0,11178.0,286878.0,532756.0,520044.0
2022-02-23 21:00:00,11142.0,11310.0,11110.0,11286.0,229844.0,520044.0,521493.0
2022-02-23 22:00:00,11286.0,11342.0,11250.0,11274.0,142950.0,521493.0,514342.0
2022-02-24 09:00:00,11296.0,11306.0,11210.0,11224.0,178820.0,514342.0,505702.0
2022-02-24 10:00:00,11224.0,11234.0,11170.0,11200.0,121616.0,505702.0,503790.0
2022-02-24 11:00:00,11200.0,11312.0,11186.0,11286.0,90438.0,503790.0,503787.0
2022-02-24 13:00:00,11372.0,11568.0,11372.0,11488.0,203257.0,503787.0,495950.0
2022-02-24 14:00:00,11488.0,11620.0,11408.0,11596.0,264662.0,495950.0,481806.0
2022-02-24 21:00:00,11652.0,11834.0,11502.0,11564.0,391732.0,481806.0,482371.0
2022-02-24 22:00:00,11564.0,11586.0,11356.0,11422.0,245567.0,482371.0,476907.0
2022-02-25 09:00:00,11352.0,11522.0,11342.0,11512.0,198578.0,476907.0,477237.0
2022-02-25 10:00:00,11512.0,11514.0,11234.0,11260.0,160883.0,477237.0,473826.0
2022-02-25 11:00:00,11260.0,11380.0,11250.0,11342.0,96475.0,473826.0,471402.0
2022-02-25 13:00:00,11300.0,11428.0,11294.0,11334.0,87237.0,471402.0,473275.0
2022-02-25 14:00:00,11334.0,11382.0,11192.0,11360.0,240614.0,473275.0,473154.0
2022-02-25 21:00:00,11080.0,11188.0,10866.0,10886.0,363445.0,473154.0,455419.0
2022-02-25 22:00:00,10886.0,10994.0,10884.0,10954.0,178658.0,455419.0,445262.0
2022-02-28 09:00:00,11060.0,11336.0,11060.0,11320.0,271966.0,445262.0,447231.0
2022-02-28 10:00:00,11320.0,11384.0,11238.0,11258.0,124043.0,447231.0,447147.0
2022-02-28 11:00:00,11258.0,11326.0,11224.0,11284.0,58161.0,447147.0,445835.0
2022-02-28 13:00:00,11272.0,11348.0,11272.0,11340.0,53125.0,445835.0,448474.0
2022-02-28 14:00:00,11340.0,11460.0,11338.0,11402.0,149219.0,448474.0,447733.0
2022-02-28 21:00:00,11380.0,11428.0,11260.0,11424.0,196769.0,447733.0,456696.0
2022-02-28 22:00:00,11424.0,11458.0,11364.0,11364.0,105765.0,456696.0,454720.0
2022-03-01 09:00:00,11466.0,11638.0,11430.0,11596.0,151322.0,454720.0,459248.0
2022-03-01 10:00:00,11596.0,11806.0,11576.0,11750.0,133024.0,459248.0,466732.0
2022-03-01 11:00:00,11750.0,11802.0,11724.0,11766.0,70627.0,466732.0,466431.0
2022-03-01 13:00:00,11770.0,11886.0,11762.0,11874.0,110008.0,466431.0,466263.0
2022-03-01 14:00:00,11874.0,12054.0,11874.0,12022.0,293701.0,466263.0,457527.0
2022-03-01 21:00:00,12228.0,12442.0,12194.0,12342.0,372860.0,457527.0,452163.0
2022-03-01 22:00:00,12342.0,12492.0,12342.0,12488.0,150051.0,452163.0,451439.0
2022-03-02 09:00:00,12550.0,12580.0,12316.0,12462.0,229725.0,451439.0,445922.0
2022-03-02 10:00:00,12462.0,12602.0,12418.0,12460.0,183302.0,445922.0,442514.0
2022-03-02 11:00:00,12460.0,12570.0,12382.0,12548.0,129181.0,442514.0,438067.0
2022-03-02 13:00:00,12152.0,12316.0,12068.0,12222.0,211623.0,438067.0,432007.0
2022-03-02 14:00:00,12222.0,12470.0,12192.0,12340.0,231720.0,432007.0,424789.0
2022-03-02 21:00:00,12256.0,12466.0,12240.0,12336.0,218913.0,424789.0,421990.0
2022-03-02 22:00:00,12336.0,12354.0,12206.0,12336.0,141831.0,421990.0,416679.0
2022-03-03 09:00:00,12382.0,12796.0,12382.0,12726.0,235110.0,416679.0,420042.0
2022-03-03 10:00:00,12726.0,12758.0,12668.0,12716.0,81617.0,420042.0,416808.0
2022-03-03 11:00:00,12716.0,12738.0,12670.0,12702.0,33281.0,416808.0,414050.0
2022-03-03 13:00:00,12700.0,12790.0,12688.0,12728.0,66317.0,414050.0,414592.0
2022-03-03 14:00:00,12728.0,12790.0,12530.0,12630.0,159875.0,414592.0,406684.0
2022-03-03 21:00:00,12496.0,12596.0,12166.0,12226.0,272047.0,406684.0,391568.0
2022-03-03 22:00:00,12226.0,12392.0,12212.0,12392.0,175634.0,391568.0,391260.0
2022-03-04 09:00:00,12346.0,12444.0,12122.0,12144.0,159883.0,391260.0,392658.0
2022-03-04 10:00:00,12144.0,12288.0,11958.0,12026.0,200528.0,392658.0,387844.0
2022-03-04 11:00:00,12026.0,12072.0,11826.0,11848.0,150084.0,387844.0,384557.0
2022-03-04 13:00:00,11772.0,11884.0,11608.0,11626.0,185609.0,384557.0,384265.0
2022-03-04 14:00:00,11626.0,11736.0,11536.0,11720.0,243996.0,384265.0,374374.0
2022-03-04 21:00:00,11826.0,11934.0,11722.0,11886.0,237796.0,374374.0,366380.0
2022-03-04 22:00:00,11886.0,11972.0,11808.0,11866.0,144625.0,366380.0,359999.0
2022-03-07 09:00:00,12028.0,12378.0,12028.0,12150.0,202931.0,359999.0,364027.0
2022-03-07 10:00:00,12150.0,12172.0,11888.0,12044.0,125469.0,364027.0,363485.0
2022-03-07 11:00:00,12044.0,12056.0,11828.0,11828.0,63640.0,363485.0,365090.0
2022-03-07 13:00:00,11840.0,11924.0,11788.0,11832.0,91270.0,365090.0,367223.0
2022-03-07 14:00:00,11832.0,11914.0,11650.0,11912.0,198249.0,367223.0,363713.0
2022-03-07 21:00:00,11864.0,11880.0,11388.0,11510.0,342615.0,363713.0,348598.0
2022-03-07 22:00:00,11510.0,11646.0,11416.0,11602.0,150619.0,348598.0,341613.0
2022-03-08 09:00:00,11660.0,11792.0,11614.0,11718.0,134965.0,341613.0,349807.0
2022-03-08 10:00:00,11718.0,12066.0,11718.0,12038.0,143872.0,349807.0,352138.0
2022-03-08 11:00:00,12038.0,12138.0,11940.0,12002.0,87992.0,352138.0,349525.0
2022-03-08 13:00:00,11916.0,12160.0,11838.0,12156.0,118013.0,349525.0,348213.0
2022-03-08 14:00:00,12156.0,12196.0,11960.0,11966.0,156230.0,348213.0,349484.0
2022-03-08 21:00:00,11784.0,12066.0,11660.0,12000.0,224995.0,349484.0,345770.0
2022-03-08 22:00:00,12000.0,12004.0,11826.0,12000.0,158074.0,345770.0,343642.0
2022-03-09 09:00:00,11918.0,12022.0,11828.0,11876.0,104372.0,343642.0,342388.0
2022-03-09 10:00:00,11876.0,11996.0,11806.0,11952.0,70107.0,342388.0,341504.0
2022-03-09 11:00:00,11952.0,11972.0,11876.0,11956.0,35635.0,341504.0,341003.0
2022-03-09 13:00:00,12006.0,12570.0,12006.0,12346.0,221170.0,341003.0,334768.0
2022-03-09 14:00:00,12346.0,12718.0,12340.0,12718.0,193737.0,334768.0,345196.0
2022-03-09 21:00:00,12552.0,12596.0,12172.0,12252.0,322373.0,345196.0,329431.0
2022-03-09 22:00:00,12252.0,12470.0,12216.0,12442.0,172187.0,329431.0,332268.0
2022-03-10 09:00:00,12268.0,12268.0,11912.0,12176.0,239420.0,332268.0,332417.0
2022-03-10 10:00:00,12176.0,12326.0,12066.0,12288.0,125018.0,332417.0,344918.0
2022-03-10 11:00:00,12288.0,12526.0,12280.0,12444.0,109477.0,344918.0,349668.0
2022-03-10 13:00:00,12320.0,12378.0,12240.0,12326.0,96858.0,349668.0,346174.0
2022-03-10 14:00:00,12326.0,12404.0,12206.0,12254.0,152038.0,346174.0,343895.0
2022-03-10 21:00:00,12424.0,12728.0,12336.0,12728.0,263540.0,343895.0,349107.0
2022-03-10 22:00:00,12728.0,12750.0,12418.0,12474.0,166683.0,349107.0,338247.0
2022-03-11 09:00:00,12378.0,12506.0,12324.0,12378.0,141001.0,338247.0,341699.0
2022-03-11 10:00:00,12378.0,12410.0,12214.0,12334.0,114570.0,341699.0,339401.0
2022-03-11 11:00:00,12334.0,12366.0,12160.0,12180.0,72398.0,339401.0,338353.0
2022-03-11 13:00:00,12168.0,12366.0,12136.0,12342.0,76133.0,338353.0,336971.0
2022-03-11 14:00:00,12342.0,12394.0,12252.0,12346.0,123243.0,336971.0,335197.0
2022-03-11 21:00:00,12254.0,12260.0,12008.0,12166.0,234674.0,335197.0,323630.0
2022-03-11 22:00:00,12166.0,12166.0,12052.0,12090.0,102433.0,323630.0,316310.0
2022-03-14 09:00:00,12070.0,12070.0,11718.0,11808.0,222847.0,316310.0,312045.0
2022-03-14 10:00:00,11808.0,11868.0,11676.0,11698.0,111395.0,312045.0,317101.0
2022-03-14 11:00:00,11698.0,11726.0,11484.0,11546.0,140936.0,317101.0,316643.0
2022-03-14 13:00:00,11560.0,11616.0,11500.0,11536.0,74035.0,316643.0,321790.0
2022-03-14 14:00:00,11536.0,11588.0,11450.0,11450.0,111231.0,321790.0,317166.0
2022-03-14 21:00:00,11508.0,11544.0,11184.0,11248.0,248018.0,317166.0,323272.0
2022-03-14 22:00:00,11248.0,11358.0,11170.0,11284.0,135210.0,323272.0,316121.0
2022-03-15 09:00:00,11260.0,11368.0,11208.0,11244.0,131228.0,316121.0,319275.0
2022-03-15 10:00:00,11244.0,11348.0,11160.0,11200.0,75096.0,319275.0,318923.0
2022-03-15 11:00:00,11200.0,11254.0,11150.0,11190.0,48691.0,318923.0,318913.0
2022-03-15 13:00:00,11172.0,11188.0,11036.0,11056.0,79610.0,318913.0,327041.0
2022-03-15 14:00:00,11056.0,11080.0,10980.0,11012.0,107548.0,327041.0,321033.0
2022-03-15 21:00:00,11064.0,11352.0,11000.0,11248.0,238109.0,321033.0,307984.0
2022-03-15 22:00:00,11248.0,11510.0,11236.0,11478.0,162073.0,307984.0,310206.0
2022-03-16 09:00:00,11500.0,11578.0,11328.0,11352.0,120084.0,310206.0,309540.0
2022-03-16 10:00:00,11352.0,11428.0,11324.0,11382.0,53301.0,309540.0,310207.0
2022-03-16 11:00:00,11382.0,11448.0,11364.0,11430.0,31402.0,310207.0,309245.0
2022-03-16 13:00:00,11440.0,11498.0,11420.0,11468.0,41527.0,309245.0,310079.0
2022-03-16 14:00:00,11468.0,11610.0,11386.0,11418.0,120017.0,310079.0,310734.0
2022-03-16 21:00:00,11540.0,11640.0,11374.0,11414.0,185695.0,310734.0,308980.0
2022-03-16 22:00:00,11414.0,11464.0,11072.0,11110.0,216914.0,308980.0,317172.0
2022-03-17 09:00:00,11160.0,11370.0,11122.0,11214.0,145723.0,317172.0,319022.0
2022-03-17 10:00:00,11214.0,11286.0,11138.0,11186.0,72124.0,319022.0,320554.0
2022-03-17 11:00:00,11186.0,11286.0,11184.0,11230.0,36672.0,320554.0,320394.0
2022-03-17 13:00:00,11230.0,11230.0,11142.0,11180.0,45370.0,320394.0,322505.0
2022-03-17 14:00:00,11180.0,11180.0,10838.0,10938.0,211000.0,322505.0,326052.0
2022-03-17 21:00:00,11220.0,11268.0,10992.0,11158.0,269480.0,326052.0,316334.0
2022-03-17 22:00:00,11158.0,11176.0,11032.0,11152.0,123886.0,316334.0,314353.0
2022-03-18 09:00:00,11162.0,11390.0,11074.0,11254.0,184029.0,314353.0,315891.0
2022-03-18 10:00:00,11254.0,11342.0,11192.0,11222.0,74991.0,315891.0,319827.0
2022-03-18 11:00:00,11222.0,11238.0,11092.0,11140.0,63211.0,319827.0,321294.0
2022-03-18 13:00:00,11138.0,11166.0,11016.0,11062.0,65701.0,321294.0,328708.0
2022-03-18 14:00:00,11062.0,11150.0,11022.0,11058.0,117952.0,328708.0,327467.0
2022-03-18 21:00:00,10680.0,10730.0,10532.0,10558.0,242904.0,327467.0,319160.0
2022-03-18 22:00:00,10558.0,10642.0,10540.0,10628.0,84474.0,319160.0,309189.0
2022-03-21 09:00:00,10788.0,11044.0,10788.0,10970.0,171340.0,309189.0,313375.0
2022-03-21 10:00:00,10970.0,11020.0,10952.0,10998.0,48415.0,313375.0,315413.0
2022-03-21 11:00:00,10998.0,11110.0,10976.0,10996.0,54988.0,315413.0,312549.0
2022-03-21 13:00:00,11020.0,11028.0,10884.0,10912.0,49135.0,312549.0,313800.0
2022-03-21 14:00:00,10912.0,10974.0,10856.0,10900.0,80681.0,313800.0,312272.0
2022-03-21 21:00:00,10868.0,11042.0,10818.0,10974.0,145775.0,312272.0,304790.0
2022-03-21 22:00:00,10974.0,11026.0,10962.0,10980.0,66603.0,304790.0,300163.0
2022-03-22 09:00:00,11024.0,11056.0,10956.0,11022.0,67769.0,300163.0,298624.0
2022-03-22 10:00:00,11022.0,11190.0,10968.0,11006.0,97191.0,298624.0,298576.0
2022-03-22 11:00:00,11006.0,11044.0,10916.0,11040.0,46151.0,298576.0,299003.0
2022-03-22 13:00:00,11058.0,11146.0,11058.0,11136.0,53108.0,299003.0,304538.0
2022-03-22 14:00:00,11136.0,11278.0,11116.0,11264.0,129154.0,304538.0,308385.0
2022-03-22 21:00:00,11256.0,11332.0,11150.0,11198.0,146006.0,308385.0,297903.0
2022-03-22 22:00:00,11198.0,11286.0,11156.0,11262.0,75881.0,297903.0,296328.0
2022-03-23 09:00:00,11260.0,11362.0,11180.0,11354.0,84581.0,296328.0,298358.0
2022-03-23 10:00:00,11354.0,11408.0,11272.0,11366.0,79246.0,298358.0,301313.0
2022-03-23 11:00:00,11366.0,11460.0,11360.0,11396.0,40875.0,301313.0,303588.0
2022-03-23 13:00:00,11394.0,11476.0,11374.0,11466.0,40049.0,303588.0,310725.0
2022-03-23 14:00:00,11466.0,11508.0,11422.0,11482.0,72505.0,310725.0,311090.0
2022-03-23 21:00:00,11606.0,11858.0,11588.0,11812.0,165743.0,311090.0,297331.0
2022-03-23 22:00:00,11812.0,11992.0,11794.0,11960.0,89888.0,297331.0,290901.0
2022-03-24 09:00:00,11996.0,12088.0,11836.0,11870.0,114695.0,290901.0,289302.0
2022-03-24 10:00:00,11870.0,11880.0,11616.0,11620.0,84716.0,289302.0,293993.0
2022-03-24 11:00:00,11620.0,11668.0,11572.0,11628.0,55066.0,293993.0,295604.0
2022-03-24 13:00:00,11566.0,11620.0,11540.0,11554.0,49145.0,295604.0,299482.0
2022-03-24 14:00:00,11554.0,11614.0,11380.0,11394.0,105676.0,299482.0,300305.0
2022-03-24 21:00:00,11308.0,11542.0,11268.0,11440.0,166182.0,300305.0,284043.0
2022-03-24 22:00:00,11440.0,11514.0,11354.0,11508.0,83347.0,284043.0,281679.0
2022-03-25 09:00:00,11392.0,11690.0,11356.0,11650.0,97952.0,281679.0,287774.0
2022-03-25 10:00:00,11650.0,11712.0,11470.0,11474.0,72329.0,287774.0,289084.0
2022-03-25 11:00:00,11474.0,11622.0,11456.0,11570.0,41957.0,289084.0,289776.0
2022-03-25 13:00:00,11558.0,11632.0,11508.0,11622.0,31987.0,289776.0,293241.0
2022-03-25 14:00:00,11622.0,11660.0,11542.0,11578.0,61061.0,293241.0,293013.0
2022-03-25 21:00:00,11590.0,11658.0,11498.0,11602.0,112840.0,293013.0,282425.0
2022-03-25 22:00:00,11602.0,11632.0,11558.0,11630.0,44919.0,282425.0,275704.0
2022-03-28 09:00:00,11584.0,11726.0,11438.0,11714.0,119929.0,275704.0,278769.0
2022-03-28 10:00:00,11714.0,11832.0,11704.0,11782.0,60414.0,278769.0,281196.0
2022-03-28 11:00:00,11782.0,11796.0,11636.0,11650.0,35559.0,281196.0,279283.0
2022-03-28 13:00:00,11630.0,11630.0,11566.0,11584.0,38511.0,279283.0,279917.0
2022-03-28 14:00:00,11584.0,11648.0,11540.0,11580.0,54968.0,279917.0,282195.0
2022-03-28 21:00:00,11564.0,11644.0,11474.0,11492.0,125821.0,282195.0,271823.0
2022-03-28 22:00:00,11492.0,11596.0,11476.0,11510.0,53667.0,271823.0,269493.0
2022-03-29 09:00:00,11500.0,11552.0,11422.0,11500.0,76908.0,269493.0,268643.0
2022-03-29 10:00:00,11500.0,11596.0,11446.0,11574.0,40763.0,268643.0,269701.0
2022-03-29 11:00:00,11574.0,11676.0,11574.0,11652.0,36103.0,269701.0,270798.0
2022-03-29 13:00:00,11648.0,11696.0,11634.0,11682.0,25778.0,270798.0,275530.0
2022-03-29 14:00:00,11682.0,11722.0,11624.0,11666.0,49524.0,275530.0,274219.0
2022-03-29 21:00:00,11394.0,11512.0,11258.0,11336.0,170881.0,274219.0,247055.0
2022-03-29 22:00:00,11336.0,11488.0,11280.0,11464.0,70110.0,247055.0,247988.0
2022-03-30 09:00:00,11464.0,11550.0,11436.0,11476.0,66312.0,247988.0,255733.0
2022-03-30 10:00:00,11476.0,11494.0,11428.0,11432.0,24710.0,255733.0,257244.0
2022-03-30 11:00:00,11432.0,11472.0,11414.0,11430.0,17112.0,257244.0,258737.0
2022-03-30 13:00:00,11478.0,11540.0,11456.0,11514.0,24412.0,258737.0,259936.0
2022-03-30 14:00:00,11514.0,11544.0,11484.0,11520.0,33936.0,259936.0,259827.0
2022-03-30 21:00:00,11532.0,11588.0,11460.0,11546.0,78904.0,259827.0,250164.0
2022-03-30 22:00:00,11546.0,11618.0,11530.0,11532.0,45852.0,250164.0,242211.0
2022-03-31 09:00:00,11400.0,11436.0,11300.0,11402.0,70031.0,242211.0,237636.0
2022-03-31 10:00:00,11402.0,11410.0,11306.0,11320.0,28134.0,237636.0,238599.0
2022-03-31 11:00:00,11320.0,11388.0,11316.0,11370.0,19117.0,238599.0,236910.0
2022-03-31 13:00:00,11338.0,11404.0,11310.0,11394.0,19806.0,236910.0,238170.0
2022-03-31 14:00:00,11394.0,11510.0,11376.0,11496.0,46402.0,238170.0,238102.0
2022-03-31 21:00:00,11398.0,11528.0,11374.0,11428.0,88498.0,238102.0,209299.0
2022-03-31 22:00:00,11428.0,11470.0,11378.0,11392.0,31102.0,209299.0,205386.0
2022-04-01 09:00:00,11260.0,11338.0,11208.0,11318.0,54607.0,205386.0,201990.0
2022-04-01 10:00:00,11318.0,11376.0,11216.0,11222.0,34701.0,201990.0,202757.0
2022-04-01 11:00:00,11222.0,11226.0,11000.0,11072.0,68165.0,202757.0,201828.0
2022-04-01 13:00:00,11064.0,11104.0,10946.0,10950.0,32539.0,201828.0,201190.0
2022-04-01 14:00:00,10950.0,10992.0,10826.0,10922.0,86498.0,201190.0,198124.0
2022-04-06 09:00:00,11250.0,11366.0,11086.0,11360.0,74636.0,198124.0,180466.0
2022-04-06 10:00:00,11360.0,11488.0,11342.0,11474.0,41114.0,180466.0,177217.0
2022-04-06 11:00:00,11474.0,11646.0,11472.0,11622.0,26562.0,177217.0,177693.0
2022-04-06 13:00:00,11622.0,11706.0,11622.0,11674.0,22699.0,177693.0,177273.0
2022-04-06 14:00:00,11674.0,11712.0,11626.0,11646.0,29730.0,177273.0,175387.0
2022-04-06 21:00:00,10148.0,10258.0,10120.0,10190.0,103208.0,175387.0,186403.0
2022-04-06 22:00:00,10190.0,10324.0,10190.0,10216.0,115380.0,186403.0,188387.0
2022-04-07 09:00:00,10130.0,10278.0,10090.0,10220.0,103947.0,188387.0,194944.0
2022-04-07 10:00:00,10220.0,10256.0,10162.0,10254.0,56668.0,194944.0,196910.0
2022-04-07 11:00:00,10254.0,10262.0,10206.0,10226.0,33752.0,196910.0,199413.0
2022-04-07 13:00:00,10154.0,10186.0,10070.0,10176.0,81518.0,199413.0,201915.0
2022-04-07 14:00:00,10176.0,10238.0,10146.0,10180.0,93932.0,201915.0,202270.0
2022-04-07 21:00:00,10222.0,10320.0,10176.0,10278.0,138783.0,202270.0,214390.0
2022-04-07 22:00:00,10278.0,10336.0,10256.0,10286.0,71518.0,214390.0,212863.0
2022-04-08 09:00:00,10310.0,10364.0,10260.0,10284.0,93122.0,212863.0,214591.0
2022-04-08 10:00:00,10284.0,10318.0,10216.0,10244.0,65656.0,214591.0,213872.0
2022-04-08 11:00:00,10244.0,10270.0,10182.0,10216.0,46140.0,213872.0,212841.0
2022-04-08 13:00:00,10250.0,10314.0,10250.0,10300.0,43828.0,212841.0,216362.0
2022-04-08 14:00:00,10300.0,10374.0,10290.0,10362.0,75408.0,216362.0,222008.0
2022-04-08 21:00:00,10396.0,10492.0,10386.0,10438.0,132143.0,222008.0,230635.0
2022-04-08 22:00:00,10438.0,10518.0,10402.0,10406.0,103857.0,230635.0,228227.0
2022-04-11 09:00:00,10468.0,10474.0,10252.0,10268.0,139048.0,228227.0,224037.0
2022-04-11 10:00:00,10268.0,10332.0,10226.0,10316.0,72775.0,224037.0,221804.0
2022-04-11 11:00:00,10316.0,10356.0,10282.0,10310.0,44309.0,221804.0,219731.0
2022-04-11 13:00:00,10356.0,10384.0,10322.0,10336.0,42749.0,219731.0,222554.0
2022-04-11 14:00:00,10336.0,10370.0,10266.0,10302.0,69160.0,222554.0,220810.0
2022-04-11 21:00:00,10250.0,10346.0,10212.0,10276.0,127594.0,220810.0,226891.0
2022-04-11 22:00:00,10276.0,10398.0,10264.0,10390.0,82471.0,226891.0,227069.0
2022-04-12 09:00:00,10402.0,10514.0,10394.0,10498.0,113521.0,227069.0,234411.0
2022-04-12 10:00:00,10498.0,10622.0,10496.0,10612.0,105087.0,234411.0,248710.0
2022-04-12 11:00:00,10612.0,10632.0,10574.0,10610.0,42686.0,248710.0,251108.0
2022-04-12 13:00:00,10614.0,10680.0,10606.0,10672.0,50450.0,251108.0,259570.0
2022-04-12 14:00:00,10672.0,10686.0,10620.0,10638.0,76118.0,259570.0,258827.0
2022-04-12 21:00:00,10682.0,10744.0,10654.0,10710.0,124493.0,258827.0,268012.0
2022-04-12 22:00:00,10710.0,10718.0,10638.0,10686.0,75522.0,268012.0,263252.0
2022-04-13 09:00:00,10684.0,10702.0,10614.0,10668.0,80565.0,263252.0,266609.0
2022-04-13 10:00:00,10668.0,10808.0,10660.0,10780.0,92186.0,266609.0,274272.0
2022-04-13 11:00:00,10780.0,10788.0,10560.0,10620.0,95883.0,274272.0,261172.0
2022-04-13 13:00:00,10604.0,10682.0,10596.0,10650.0,49880.0,261172.0,261685.0
2022-04-13 14:00:00,10650.0,10670.0,10606.0,10622.0,66769.0,261685.0,260777.0
2022-04-13 21:00:00,10694.0,10762.0,10646.0,10680.0,138726.0,260777.0,271572.0
2022-04-13 22:00:00,10680.0,10788.0,10660.0,10782.0,102401.0,271572.0,274461.0
2022-04-14 09:00:00,10938.0,10988.0,10834.0,10898.0,131635.0,274461.0,276829.0
2022-04-14 10:00:00,10898.0,10944.0,10874.0,10910.0,68359.0,276829.0,280629.0
2022-04-14 11:00:00,10910.0,10948.0,10882.0,10946.0,33536.0,280629.0,283187.0
2022-04-14 13:00:00,10940.0,10964.0,10886.0,10918.0,43291.0,283187.0,283026.0
2022-04-14 14:00:00,10918.0,10956.0,10904.0,10918.0,76369.0,283026.0,281566.0
2022-04-14 21:00:00,10898.0,10976.0,10824.0,10882.0,153737.0,281566.0,283545.0
2022-04-14 22:00:00,10882.0,11030.0,10878.0,10966.0,119494.0,283545.0,290917.0
2022-04-15 09:00:00,11040.0,11094.0,11010.0,11064.0,96864.0,290917.0,294501.0
2022-04-15 10:00:00,11064.0,11120.0,11018.0,11092.0,54712.0,294501.0,297077.0
2022-04-15 11:00:00,11092.0,11148.0,11092.0,11132.0,44823.0,297077.0,298940.0
2022-04-15 13:00:00,11136.0,11196.0,11128.0,11176.0,52659.0,298940.0,307189.0
2022-04-15 14:00:00,11176.0,11240.0,11136.0,11238.0,104388.0,307189.0,310633.0
2022-04-15 21:00:00,11246.0,11440.0,11196.0,11396.0,201507.0,310633.0,320217.0
2022-04-15 22:00:00,11396.0,11536.0,11396.0,11440.0,185896.0,320217.0,307819.0
2022-04-18 09:00:00,11480.0,11490.0,11220.0,11228.0,169444.0,307819.0,298148.0
2022-04-18 10:00:00,11228.0,11324.0,11210.0,11266.0,80037.0,298148.0,296728.0
2022-04-18 11:00:00,11266.0,11298.0,11204.0,11248.0,46185.0,296728.0,297152.0
2022-04-18 13:00:00,11250.0,11312.0,11242.0,11260.0,40011.0,297152.0,296477.0
2022-04-18 14:00:00,11260.0,11286.0,11220.0,11270.0,68757.0,296477.0,293659.0
2022-04-18 21:00:00,11336.0,11488.0,11322.0,11424.0,173632.0,293659.0,306533.0
2022-04-18 22:00:00,11424.0,11532.0,11374.0,11404.0,131341.0,306533.0,303231.0
2022-04-19 09:00:00,11440.0,11486.0,11380.0,11482.0,97870.0,303231.0,307352.0
2022-04-19 10:00:00,11482.0,11494.0,11398.0,11490.0,61610.0,307352.0,310713.0
2022-04-19 11:00:00,11490.0,11518.0,11446.0,11486.0,49458.0,310713.0,311089.0
2022-04-19 13:00:00,11480.0,11504.0,11422.0,11480.0,48934.0,311089.0,311827.0
2022-04-19 14:00:00,11480.0,11508.0,11428.0,11458.0,67249.0,311827.0,309957.0
2022-04-19 21:00:00,11366.0,11390.0,11212.0,11244.0,193122.0,309957.0,313542.0
2022-04-19 22:00:00,11244.0,11368.0,11242.0,11362.0,92114.0,313542.0,308785.0
2022-04-20 09:00:00,11418.0,11458.0,11364.0,11398.0,106457.0,308785.0,314733.0
2022-04-20 10:00:00,11398.0,11484.0,11362.0,11428.0,74253.0,314733.0,317452.0
2022-04-20 11:00:00,11428.0,11428.0,11090.0,11146.0,131067.0,317452.0,311120.0
2022-04-20 13:00:00,11152.0,11208.0,11084.0,11092.0,89876.0,311120.0,310088.0
2022-04-20 14:00:00,11092.0,11144.0,11000.0,11124.0,167104.0,310088.0,294663.0
2022-04-20 21:00:00,11146.0,11168.0,11062.0,11108.0,146840.0,294663.0,301098.0
2022-04-20 22:00:00,11108.0,11210.0,11074.0,11198.0,110689.0,301098.0,296388.0
2022-04-21 09:00:00,11214.0,11258.0,11170.0,11192.0,100214.0,296388.0,301142.0
2022-04-21 10:00:00,11192.0,11336.0,11192.0,11210.0,108514.0,301142.0,303818.0
2022-04-21 11:00:00,11210.0,11248.0,11188.0,11200.0,56898.0,303818.0,302509.0
2022-04-21 13:00:00,11204.0,11224.0,11144.0,11200.0,52329.0,302509.0,302440.0
2022-04-21 14:00:00,11200.0,11232.0,11166.0,11206.0,76480.0,302440.0,299288.0
2022-04-21 21:00:00,11148.0,11254.0,11082.0,11246.0,193785.0,299288.0,307319.0
2022-04-21 22:00:00,11246.0,11330.0,11228.0,11266.0,128270.0,307319.0,306811.0
2022-04-22 09:00:00,11326.0,11326.0,11206.0,11258.0,118839.0,306811.0,304415.0
2022-04-22 10:00:00,11258.0,11364.0,11230.0,11242.0,95302.0,304415.0,308907.0
2022-04-22 11:00:00,11242.0,11250.0,11098.0,11118.0,124382.0,308907.0,302795.0
2022-04-22 13:00:00,11120.0,11162.0,11076.0,11108.0,69441.0,302795.0,302674.0
2022-04-22 14:00:00,11108.0,11110.0,11024.0,11078.0,136259.0,302674.0,298582.0
2022-04-22 21:00:00,11500.0,12008.0,11480.0,11538.0,452383.0,298582.0,291223.0
2022-04-22 22:00:00,11538.0,11560.0,11444.0,11560.0,202072.0,291223.0,281095.0
2022-04-25 09:00:00,11454.0,11738.0,11422.0,11540.0,219026.0,281095.0,291279.0
2022-04-25 10:00:00,11540.0,11638.0,11444.0,11616.0,118065.0,291279.0,296611.0
2022-04-25 11:00:00,11616.0,11714.0,11560.0,11590.0,93158.0,296611.0,294527.0
2022-04-25 13:00:00,11572.0,11592.0,11522.0,11554.0,53454.0,294527.0,294264.0
2022-04-25 14:00:00,11554.0,11560.0,11108.0,11136.0,253576.0,294264.0,289006.0
2022-04-25 21:00:00,10974.0,11058.0,10888.0,10992.0,287831.0,289006.0,287592.0
2022-04-25 22:00:00,10992.0,11032.0,10914.0,10964.0,123378.0,287592.0,282466.0
2022-04-26 09:00:00,11066.0,11270.0,11058.0,11210.0,170976.0,282466.0,287093.0
2022-04-26 10:00:00,11210.0,11340.0,11208.0,11278.0,119893.0,287093.0,293944.0
2022-04-26 11:00:00,11278.0,11368.0,11256.0,11356.0,61259.0,293944.0,296116.0
2022-04-26 13:00:00,11370.0,11380.0,11306.0,11366.0,50077.0,296116.0,298863.0
2022-04-26 14:00:00,11366.0,11436.0,11306.0,11400.0,111209.0,298863.0,296260.0
2022-04-26 21:00:00,11430.0,11618.0,11390.0,11508.0,264066.0,296260.0,312271.0
2022-04-26 22:00:00,11508.0,11532.0,11434.0,11486.0,127338.0,312271.0,306333.0
2022-04-27 09:00:00,11576.0,11600.0,11494.0,11572.0,116426.0,306333.0,305022.0
2022-04-27 10:00:00,11572.0,11582.0,11530.0,11574.0,62151.0,305022.0,305449.0
2022-04-27 11:00:00,11574.0,11574.0,11512.0,11518.0,47356.0,305449.0,303610.0
2022-04-27 13:00:00,11528.0,11572.0,11512.0,11566.0,41527.0,303610.0,306213.0
2022-04-27 14:00:00,11566.0,11668.0,11544.0,11650.0,140442.0,306213.0,308185.0
2022-04-27 21:00:00,12348.0,12348.0,11786.0,11924.0,406339.0,308185.0,316894.0
2022-04-27 22:00:00,11924.0,11966.0,11832.0,11864.0,145902.0,316894.0,311447.0
2022-04-28 09:00:00,11940.0,11958.0,11874.0,11914.0,98958.0,311447.0,310923.0
2022-04-28 10:00:00,11914.0,11920.0,11666.0,11830.0,158429.0,310923.0,307095.0
2022-04-28 11:00:00,11830.0,11884.0,11784.0,11832.0,54908.0,307095.0,306430.0
2022-04-28 13:00:00,11798.0,11932.0,11784.0,11924.0,53067.0,306430.0,310568.0
2022-04-28 14:00:00,11924.0,12018.0,11848.0,11978.0,121703.0,310568.0,311704.0
2022-04-28 21:00:00,11944.0,12064.0,11888.0,12008.0,227472.0,311704.0,319558.0
2022-04-28 22:00:00,12008.0,12084.0,11956.0,12072.0,118164.0,319558.0,319884.0
2022-04-29 09:00:00,12104.0,12158.0,12010.0,12126.0,127414.0,319884.0,322786.0
2022-04-29 10:00:00,12126.0,12332.0,12122.0,12250.0,175385.0,322786.0,327116.0
2022-04-29 11:00:00,12250.0,12368.0,12250.0,12344.0,103113.0,327116.0,332861.0
2022-04-29 13:00:00,12360.0,12392.0,12234.0,12286.0,76638.0,332861.0,332950.0
2022-04-29 14:00:00,12286.0,12340.0,12208.0,12290.0,141912.0,332950.0,316548.0
2022-05-05 09:00:00,12080.0,12270.0,11902.0,11914.0,222355.0,316548.0,317325.0
2022-05-05 10:00:00,11914.0,11944.0,11766.0,11844.0,137466.0,317325.0,311991.0
2022-05-05 11:00:00,11844.0,11910.0,11812.0,11832.0,52051.0,311991.0,309538.0
2022-05-05 13:00:00,11820.0,11896.0,11820.0,11838.0,50059.0,309538.0,312221.0
2022-05-05 14:00:00,11838.0,11900.0,11824.0,11884.0,73507.0,312221.0,308466.0
2022-05-05 21:00:00,11830.0,12044.0,11800.0,11968.0,217032.0,308466.0,320153.0
2022-05-05 22:00:00,11968.0,11982.0,11686.0,11730.0,175588.0,320153.0,308181.0
2022-05-06 09:00:00,11690.0,11766.0,11616.0,11766.0,139509.0,308181.0,308418.0
2022-05-06 10:00:00,11766.0,11788.0,11596.0,11658.0,118168.0,308418.0,308991.0
2022-05-06 11:00:00,11658.0,11672.0,11564.0,11594.0,63382.0,308991.0,307406.0
2022-05-06 13:00:00,11560.0,11604.0,11522.0,11556.0,68263.0,307406.0,308937.0
2022-05-06 14:00:00,11556.0,11620.0,11522.0,11562.0,104245.0,308937.0,302748.0
2022-05-06 21:00:00,11550.0,11592.0,11408.0,11420.0,178754.0,302748.0,307902.0
2022-05-06 22:00:00,11420.0,11646.0,11416.0,11636.0,122674.0,307902.0,298665.0
2022-05-09 09:00:00,11610.0,11676.0,11472.0,11670.0,166713.0,298665.0,304245.0
2022-05-09 10:00:00,11670.0,11682.0,11590.0,11618.0,71094.0,304245.0,303771.0
2022-05-09 11:00:00,11618.0,11630.0,11518.0,11612.0,58395.0,303771.0,301688.0
2022-05-09 13:00:00,11594.0,11618.0,11502.0,11528.0,49543.0,301688.0,301724.0
2022-05-09 14:00:00,11528.0,11600.0,11496.0,11568.0,86842.0,301724.0,297745.0
2022-05-09 21:00:00,11522.0,11640.0,11444.0,11510.0,193027.0,297745.0,302390.0
2022-05-09 22:00:00,11510.0,11564.0,11370.0,11402.0,142676.0,302390.0,297153.0
2022-05-10 09:00:00,11370.0,11448.0,11308.0,11402.0,155141.0,297153.0,294861.0
2022-05-10 10:00:00,11402.0,11552.0,11400.0,11540.0,87017.0,294861.0,300525.0
2022-05-10 11:00:00,11540.0,11558.0,11450.0,11474.0,49200.0,300525.0,299834.0
2022-05-10 13:00:00,11520.0,11580.0,11484.0,11500.0,59751.0,299834.0,303232.0
2022-05-10 14:00:00,11500.0,11596.0,11452.0,11552.0,115299.0,303232.0,302279.0
2022-05-10 21:00:00,11524.0,11550.0,11342.0,11386.0,222938.0,302279.0,308282.0
2022-05-10 22:00:00,11386.0,11514.0,11374.0,11432.0,137221.0,308282.0,303473.0
2022-05-11 09:00:00,11390.0,11622.0,11370.0,11572.0,164081.0,303473.0,311602.0
2022-05-11 10:00:00,11572.0,11650.0,11546.0,11600.0,87189.0,311602.0,312180.0
2022-05-11 11:00:00,11600.0,11618.0,11552.0,11606.0,36542.0,312180.0,314647.0
2022-05-11 13:00:00,11636.0,11668.0,11544.0,11568.0,76621.0,314647.0,317263.0
2022-05-11 14:00:00,11568.0,11600.0,11508.0,11580.0,108530.0,317263.0,320285.0
2022-05-11 21:00:00,11588.0,11736.0,11496.0,11686.0,244058.0,320285.0,327761.0
2022-05-11 22:00:00,11686.0,11710.0,11644.0,11676.0,95872.0,327761.0,324558.0
2022-05-12 09:00:00,11728.0,11734.0,11626.0,11650.0,104850.0,324558.0,322616.0
2022-05-12 10:00:00,11650.0,11658.0,11460.0,11490.0,152025.0,322616.0,314638.0
2022-05-12 11:00:00,11490.0,11562.0,11484.0,11506.0,43016.0,314638.0,312490.0
2022-05-12 13:00:00,11496.0,11496.0,11394.0,11468.0,94639.0,312490.0,313944.0
2022-05-12 14:00:00,11468.0,11472.0,11390.0,11400.0,119588.0,313944.0,311585.0
2022-05-12 21:00:00,11378.0,11542.0,11360.0,11496.0,162026.0,311585.0,310968.0
2022-05-12 22:00:00,11496.0,11528.0,11404.0,11510.0,117250.0,310968.0,308535.0
2022-05-13 09:00:00,11548.0,11802.0,11548.0,11728.0,193551.0,308535.0,321274.0
2022-05-13 10:00:00,11728.0,11764.0,11608.0,11612.0,89428.0,321274.0,316718.0
2022-05-13 11:00:00,11612.0,11704.0,11608.0,11676.0,60068.0,316718.0,313587.0
2022-05-13 13:00:00,11678.0,11710.0,11650.0,11698.0,35742.0,313587.0,315601.0
2022-05-13 14:00:00,11698.0,11720.0,11666.0,11672.0,74773.0,315601.0,312578.0
2022-05-13 21:00:00,11670.0,11734.0,11532.0,11596.0,184872.0,312578.0,318090.0
2022-05-13 22:00:00,11596.0,11656.0,11548.0,11610.0,102421.0,318090.0,311860.0
2022-05-16 09:00:00,11672.0,11818.0,11594.0,11606.0,170250.0,311860.0,314238.0
2022-05-16 10:00:00,11606.0,11636.0,11508.0,11628.0,106748.0,314238.0,311950.0
2022-05-16 11:00:00,11628.0,11644.0,11570.0,11598.0,34723.0,311950.0,310384.0
2022-05-16 13:00:00,11598.0,11630.0,11558.0,11570.0,43826.0,310384.0,313578.0
2022-05-16 14:00:00,11570.0,11654.0,11558.0,11640.0,73750.0,313578.0,309304.0
2022-05-16 21:00:00,11644.0,11736.0,11590.0,11626.0,151452.0,309304.0,317272.0
2022-05-16 22:00:00,11626.0,11646.0,11438.0,11440.0,106425.0,317272.0,318613.0
2022-05-17 09:00:00,11484.0,11586.0,11460.0,11556.0,123481.0,318613.0,318623.0
2022-05-17 10:00:00,11556.0,11584.0,11280.0,11382.0,165679.0,318623.0,325049.0
2022-05-17 11:00:00,11382.0,11422.0,11340.0,11350.0,89341.0,325049.0,325100.0
2022-05-17 13:00:00,11356.0,11466.0,11354.0,11438.0,68373.0,325100.0,324802.0
2022-05-17 14:00:00,11438.0,11462.0,11374.0,11416.0,94961.0,324802.0,321070.0
2022-05-17 21:00:00,11470.0,11518.0,11424.0,11490.0,167803.0,321070.0,330113.0
2022-05-17 22:00:00,11490.0,11610.0,11464.0,11576.0,119553.0,330113.0,324466.0
2022-05-18 09:00:00,11542.0,11590.0,11470.0,11514.0,119224.0,324466.0,325700.0
2022-05-18 10:00:00,11514.0,11528.0,11442.0,11472.0,69706.0,325700.0,324098.0
2022-05-18 11:00:00,11472.0,11506.0,11466.0,11482.0,27106.0,324098.0,322063.0
2022-05-18 13:00:00,11496.0,11586.0,11496.0,11578.0,61515.0,322063.0,326808.0
2022-05-18 14:00:00,11578.0,11600.0,11500.0,11514.0,91840.0,326808.0,321254.0
2022-05-18 21:00:00,11528.0,11594.0,11404.0,11406.0,204727.0,321254.0,327860.0
2022-05-18 22:00:00,11406.0,11450.0,11370.0,11410.0,126726.0,327860.0,321660.0
2022-05-19 09:00:00,11368.0,11446.0,11324.0,11446.0,124893.0,321660.0,315916.0
2022-05-19 10:00:00,11446.0,11534.0,11428.0,11450.0,90705.0,315916.0,318436.0
2022-05-19 11:00:00,11450.0,11506.0,11444.0,11504.0,36957.0,318436.0,319001.0
2022-05-19 13:00:00,11502.0,11510.0,11468.0,11500.0,37518.0,319001.0,323671.0
2022-05-19 14:00:00,11500.0,11584.0,11486.0,11552.0,110491.0,323671.0,323475.0
2022-05-19 21:00:00,11300.0,11418.0,11232.0,11354.0,319882.0,323475.0,338009.0
2022-05-19 22:00:00,11354.0,11466.0,11352.0,11460.0,120813.0,338009.0,334811.0
2022-05-20 09:00:00,11422.0,11472.0,11274.0,11298.0,177543.0,334811.0,338072.0
2022-05-20 10:00:00,11298.0,11418.0,11210.0,11374.0,174769.0,338072.0,336123.0
2022-05-20 11:00:00,11374.0,11526.0,11314.0,11514.0,118837.0,336123.0,335533.0
2022-05-20 13:00:00,11634.0,11768.0,11634.0,11744.0,185584.0,335533.0,350613.0
2022-05-20 14:00:00,11744.0,11784.0,11708.0,11762.0,125582.0,350613.0,348931.0
2022-05-20 21:00:00,11622.0,11722.0,11616.0,11716.0,158061.0,348931.0,352895.0
2022-05-20 22:00:00,11716.0,11744.0,11682.0,11726.0,87463.0,352895.0,348676.0
2022-05-23 09:00:00,11746.0,11798.0,11648.0,11664.0,119278.0,348676.0,348022.0
2022-05-23 10:00:00,11664.0,11714.0,11580.0,11662.0,111685.0,348022.0,344644.0
2022-05-23 11:00:00,11662.0,11722.0,11646.0,11678.0,51252.0,344644.0,344762.0
2022-05-23 13:00:00,11702.0,11728.0,11690.0,11710.0,39509.0,344762.0,347552.0
2022-05-23 14:00:00,11710.0,11722.0,11662.0,11716.0,74551.0,347552.0,344425.0
2022-05-23 21:00:00,11754.0,11812.0,11728.0,11746.0,162836.0,344425.0,355902.0
2022-05-23 22:00:00,11746.0,11746.0,11672.0,11706.0,100563.0,355902.0,345958.0
2022-05-24 09:00:00,11690.0,11904.0,11670.0,11890.0,176874.0,345958.0,364538.0
2022-05-24 10:00:00,11890.0,11900.0,11836.0,11898.0,73020.0,364538.0,368525.0
2022-05-24 11:00:00,11898.0,11900.0,11846.0,11884.0,42659.0,368525.0,367717.0
2022-05-24 13:00:00,11866.0,11868.0,11810.0,11846.0,53660.0,367717.0,368140.0
2022-05-24 14:00:00,11846.0,11926.0,11838.0,11880.0,81650.0,368140.0,371527.0
2022-05-24 21:00:00,11990.0,12014.0,11934.0,11990.0,151148.0,371527.0,377482.0
2022-05-24 22:00:00,11990.0,12002.0,11878.0,11904.0,118422.0,377482.0,366365.0
2022-05-25 09:00:00,11886.0,11946.0,11876.0,11936.0,85791.0,366365.0,371814.0
2022-05-25 10:00:00,11936.0,11944.0,11844.0,11894.0,76968.0,371814.0,367282.0
2022-05-25 11:00:00,11894.0,11926.0,11878.0,11916.0,38866.0,367282.0,364241.0
2022-05-25 13:00:00,11884.0,11900.0,11836.0,11860.0,48779.0,364241.0,362055.0
2022-05-25 14:00:00,11860.0,11890.0,11816.0,11870.0,82530.0,362055.0,357178.0
2022-05-25 21:00:00,11840.0,11870.0,11756.0,11778.0,158338.0,357178.0,358493.0
2022-05-25 22:00:00,11778.0,11844.0,11734.0,11810.0,101166.0,358493.0,352021.0
2022-05-26 09:00:00,11802.0,11836.0,11670.0,11676.0,144799.0,352021.0,345810.0
2022-05-26 10:00:00,11676.0,11780.0,11658.0,11758.0,98189.0,345810.0,339144.0
2022-05-26 11:00:00,11758.0,11766.0,11698.0,11726.0,36312.0,339144.0,338428.0
2022-05-26 13:00:00,11730.0,11768.0,11710.0,11728.0,32984.0,338428.0,337902.0
2022-05-26 14:00:00,11728.0,11812.0,11702.0,11808.0,68302.0,337902.0,336266.0
2022-05-26 21:00:00,11886.0,11958.0,11846.0,11944.0,150043.0,336266.0,349173.0
2022-05-26 22:00:00,11944.0,12128.0,11942.0,12084.0,165924.0,349173.0,365212.0
2022-05-27 09:00:00,12088.0,12270.0,12050.0,12196.0,169814.0,365212.0,382038.0
2022-05-27 10:00:00,12196.0,12250.0,12196.0,12248.0,49330.0,382038.0,386573.0
2022-05-27 11:00:00,12248.0,12288.0,12238.0,12272.0,35437.0,386573.0,386932.0
2022-05-27 13:00:00,12198.0,12198.0,12138.0,12170.0,82717.0,386932.0,385660.0
2022-05-27 14:00:00,12170.0,12182.0,12078.0,12096.0,110975.0,385660.0,375793.0
2022-05-27 21:00:00,11940.0,12118.0,11928.0,12114.0,176658.0,375793.0,379665.0
2022-05-27 22:00:00,12114.0,12126.0,12072.0,12114.0,83264.0,379665.0,378123.0
2022-05-30 09:00:00,12112.0,12156.0,11924.0,11936.0,163093.0,378123.0,371008.0
2022-05-30 10:00:00,11936.0,11982.0,11862.0,11870.0,96066.0,371008.0,365798.0
2022-05-30 11:00:00,11870.0,11912.0,11820.0,11836.0,85672.0,365798.0,357994.0
2022-05-30 13:00:00,11816.0,11836.0,11758.0,11790.0,66753.0,357994.0,359023.0
2022-05-30 14:00:00,11790.0,11802.0,11722.0,11732.0,120370.0,359023.0,348503.0
2022-05-30 21:00:00,11692.0,11760.0,11682.0,11722.0,120494.0,348503.0,352170.0
2022-05-30 22:00:00,11722.0,11860.0,11698.0,11830.0,101986.0,352170.0,353275.0
2022-05-31 09:00:00,11832.0,11908.0,11792.0,11906.0,98946.0,353275.0,353708.0
2022-05-31 10:00:00,11906.0,11972.0,11886.0,11958.0,69778.0,353708.0,355758.0
2022-05-31 11:00:00,11958.0,11976.0,11868.0,11880.0,47852.0,355758.0,355898.0
2022-05-31 13:00:00,11874.0,11888.0,11830.0,11852.0,48208.0,355898.0,357863.0
2022-05-31 14:00:00,11852.0,11910.0,11818.0,11864.0,89991.0,357863.0,354680.0
2022-05-31 21:00:00,11878.0,11892.0,11804.0,11830.0,129938.0,354680.0,358511.0
2022-05-31 22:00:00,11830.0,11890.0,11770.0,11846.0,99710.0,358511.0,354273.0
2022-06-01 09:00:00,11776.0,11836.0,11718.0,11748.0,127570.0,354273.0,353447.0
2022-06-01 10:00:00,11748.0,11872.0,11738.0,11868.0,75127.0,353447.0,351202.0
2022-06-01 11:00:00,11868.0,11872.0,11840.0,11854.0,29930.0,351202.0,354263.0
2022-06-01 13:00:00,11828.0,11860.0,11796.0,11820.0,40312.0,354263.0,355328.0
2022-06-01 14:00:00,11820.0,11880.0,11814.0,11876.0,66640.0,355328.0,351006.0
2022-06-01 21:00:00,11888.0,11988.0,11876.0,11928.0,131865.0,351006.0,361856.0
2022-06-01 22:00:00,11928.0,12006.0,11880.0,11886.0,99369.0,361856.0,357155.0
2022-06-02 09:00:00,11840.0,11976.0,11766.0,11964.0,115027.0,357155.0,367137.0
2022-06-02 10:00:00,11964.0,12046.0,11932.0,12026.0,68494.0,367137.0,376131.0
2022-06-02 11:00:00,12026.0,12038.0,11952.0,11980.0,47902.0,376131.0,377219.0
2022-06-02 13:00:00,11966.0,12022.0,11966.0,12010.0,34493.0,377219.0,378834.0
2022-06-02 14:00:00,12010.0,12066.0,11980.0,12062.0,87136.0,378834.0,375371.0
2022-06-06 09:00:00,12050.0,12200.0,11914.0,11924.0,195419.0,375371.0,376691.0
2022-06-06 10:00:00,11924.0,12018.0,11918.0,12012.0,52067.0,376691.0,376129.0
2022-06-06 11:00:00,12012.0,12080.0,11980.0,12072.0,40019.0,376129.0,375108.0
2022-06-06 13:00:00,12056.0,12174.0,12038.0,12150.0,69750.0,375108.0,391321.0
2022-06-06 14:00:00,12150.0,12168.0,12072.0,12080.0,71679.0,391321.0,386357.0
2022-06-06 21:00:00,12060.0,12108.0,12008.0,12040.0,113831.0,386357.0,388484.0
2022-06-06 22:00:00,12040.0,12064.0,11966.0,12058.0,78916.0,388484.0,383458.0
2022-06-07 09:00:00,12020.0,12068.0,11998.0,12038.0,77465.0,383458.0,387122.0
2022-06-07 10:00:00,12038.0,12148.0,12014.0,12122.0,81840.0,387122.0,392745.0
2022-06-07 11:00:00,12122.0,12126.0,12074.0,12112.0,37398.0,392745.0,390891.0
2022-06-07 13:00:00,12104.0,12192.0,12090.0,12134.0,55398.0,390891.0,394685.0
2022-06-07 14:00:00,12134.0,12208.0,12132.0,12160.0,78239.0,394685.0,397591.0
2022-06-07 21:00:00,12100.0,12166.0,12076.0,12148.0,129387.0,397591.0,403120.0
2022-06-07 22:00:00,12148.0,12214.0,12148.0,12190.0,86036.0,403120.0,404751.0
2022-06-08 09:00:00,12220.0,12284.0,12168.0,12270.0,111684.0,404751.0,408013.0
2022-06-08 10:00:00,12270.0,12382.0,12218.0,12264.0,118919.0,408013.0,409318.0
2022-06-08 11:00:00,12264.0,12264.0,12044.0,12082.0,107472.0,409318.0,403461.0
2022-06-08 13:00:00,12100.0,12174.0,12098.0,12170.0,59249.0,403461.0,401020.0
2022-06-08 14:00:00,12170.0,12176.0,12126.0,12144.0,58712.0,401020.0,399831.0
2022-06-08 21:00:00,12160.0,12196.0,12064.0,12126.0,142420.0,399831.0,405450.0
2022-06-08 22:00:00,12126.0,12136.0,12010.0,12052.0,116134.0,405450.0,400292.0
2022-06-09 09:00:00,12062.0,12118.0,11940.0,11948.0,137836.0,400292.0,395955.0
2022-06-09 10:00:00,11948.0,11956.0,11814.0,11848.0,152437.0,395955.0,390744.0
2022-06-09 11:00:00,11848.0,11868.0,11766.0,11766.0,71184.0,390744.0,391678.0
2022-06-09 13:00:00,11768.0,11780.0,11664.0,11696.0,120302.0,391678.0,383231.0
2022-06-09 14:00:00,11696.0,11700.0,11488.0,11512.0,256887.0,383231.0,364976.0
2022-06-09 21:00:00,11518.0,11608.0,11506.0,11588.0,155173.0,364976.0,362001.0
2022-06-09 22:00:00,11588.0,11678.0,11572.0,11642.0,82475.0,362001.0,355993.0
2022-06-10 09:00:00,11612.0,11636.0,11530.0,11544.0,109047.0,355993.0,356558.0
2022-06-10 10:00:00,11544.0,11636.0,11530.0,11634.0,56716.0,356558.0,356727.0
2022-06-10 11:00:00,11634.0,11664.0,11616.0,11636.0,33921.0,356727.0,355630.0
2022-06-10 13:00:00,11650.0,11658.0,11560.0,11586.0,42997.0,355630.0,356707.0
2022-06-10 14:00:00,11586.0,11632.0,11500.0,11512.0,88453.0,356707.0,357619.0
2022-06-10 21:00:00,11352.0,11434.0,11332.0,11360.0,196689.0,357619.0,362883.0
2022-06-10 22:00:00,11360.0,11404.0,11328.0,11334.0,89429.0,362883.0,360442.0
2022-06-13 09:00:00,11304.0,11398.0,11288.0,11386.0,112610.0,360442.0,357700.0
2022-06-13 10:00:00,11386.0,11418.0,11284.0,11382.0,83106.0,357700.0,356139.0
2022-06-13 11:00:00,11382.0,11382.0,11290.0,11290.0,37410.0,356139.0,356881.0
2022-06-13 13:00:00,11220.0,11296.0,11210.0,11262.0,75613.0,356881.0,356325.0
2022-06-13 14:00:00,11262.0,11308.0,11188.0,11282.0,133015.0,356325.0,352826.0
2022-06-13 21:00:00,11270.0,11296.0,11222.0,11292.0,116758.0,352826.0,351469.0
2022-06-13 22:00:00,11292.0,11338.0,11166.0,11192.0,117529.0,351469.0,348783.0
2022-06-14 09:00:00,11256.0,11404.0,11244.0,11278.0,133413.0,348783.0,342470.0
2022-06-14 10:00:00,11278.0,11380.0,11276.0,11328.0,69780.0,342470.0,341199.0
2022-06-14 11:00:00,11328.0,11360.0,11284.0,11302.0,44160.0,341199.0,342144.0
2022-06-14 13:00:00,11314.0,11388.0,11314.0,11384.0,43375.0,342144.0,342288.0
2022-06-14 14:00:00,11384.0,11472.0,11364.0,11418.0,106653.0,342288.0,340111.0
2022-06-14 21:00:00,11424.0,11432.0,11272.0,11316.0,136042.0,340111.0,342885.0
2022-06-14 22:00:00,11316.0,11342.0,11260.0,11300.0,82806.0,342885.0,339289.0
2022-06-15 09:00:00,11240.0,11328.0,11210.0,11276.0,119292.0,339289.0,334352.0
2022-06-15 10:00:00,11276.0,11296.0,11202.0,11212.0,65023.0,334352.0,337048.0
2022-06-15 11:00:00,11212.0,11214.0,11102.0,11136.0,107535.0,337048.0,340089.0
2022-06-15 13:00:00,11140.0,11144.0,11024.0,11060.0,108535.0,340089.0,335262.0
2022-06-15 14:00:00,11060.0,11090.0,10984.0,10986.0,107075.0,335262.0,334141.0
2022-06-15 21:00:00,11026.0,11082.0,10980.0,11058.0,150510.0,334141.0,332206.0
2022-06-15 22:00:00,11058.0,11058.0,10972.0,11004.0,82211.0,332206.0,332707.0
2022-06-16 09:00:00,11030.0,11086.0,10956.0,10976.0,102452.0,332707.0,336345.0
2022-06-16 10:00:00,10976.0,11090.0,10968.0,10996.0,69366.0,336345.0,334229.0
2022-06-16 11:00:00,10996.0,11014.0,10892.0,10902.0,75292.0,334229.0,341311.0
2022-06-16 13:00:00,10908.0,10916.0,10732.0,10760.0,134323.0,341311.0,349466.0
2022-06-16 14:00:00,10760.0,10824.0,10754.0,10792.0,117013.0,349466.0,342634.0
2022-06-16 21:00:00,10780.0,10806.0,10708.0,10720.0,156852.0,342634.0,341500.0
2022-06-16 22:00:00,10720.0,10768.0,10644.0,10764.0,131810.0,341500.0,343404.0
2022-06-17 09:00:00,10778.0,10864.0,10728.0,10816.0,115019.0,343404.0,336566.0
2022-06-17 10:00:00,10816.0,10828.0,10728.0,10758.0,59991.0,336566.0,337363.0
2022-06-17 11:00:00,10758.0,10758.0,10668.0,10676.0,39971.0,337363.0,337395.0
2022-06-17 13:00:00,10692.0,10732.0,10660.0,10696.0,55280.0,337395.0,340876.0
2022-06-17 14:00:00,10696.0,10762.0,10688.0,10736.0,79550.0,340876.0,339964.0
2022-06-17 21:00:00,10716.0,10742.0,10590.0,10598.0,162068.0,339964.0,349377.0
2022-06-17 22:00:00,10598.0,10608.0,10416.0,10460.0,176861.0,349377.0,344887.0
2022-06-20 09:00:00,10436.0,10552.0,10350.0,10450.0,174311.0,344887.0,343435.0
2022-06-20 10:00:00,10450.0,10464.0,10342.0,10374.0,88807.0,343435.0,347593.0
2022-06-20 11:00:00,10374.0,10404.0,10316.0,10338.0,42106.0,347593.0,347901.0
2022-06-20 13:00:00,10274.0,10330.0,10242.0,10304.0,85329.0,347901.0,350529.0
2022-06-20 14:00:00,10304.0,10314.0,10144.0,10206.0,151118.0,350529.0,349951.0
2022-06-20 21:00:00,10136.0,10194.0,9890.0,9910.0,278852.0,349951.0,362968.0
2022-06-20 22:00:00,9910.0,10156.0,9882.0,10140.0,195035.0,362968.0,345646.0
2022-06-21 09:00:00,10156.0,10250.0,10126.0,10238.0,145079.0,345646.0,341206.0
2022-06-21 10:00:00,10238.0,10274.0,10026.0,10034.0,108771.0,341206.0,348341.0
2022-06-21 11:00:00,10034.0,10120.0,9974.0,10120.0,90771.0,348341.0,346778.0
2022-06-21 13:00:00,10030.0,10030.0,9950.0,10004.0,72704.0,346778.0,349964.0
2022-06-21 14:00:00,10004.0,10028.0,9970.0,9972.0,89392.0,349964.0,348477.0
2022-06-21 21:00:00,10004.0,10066.0,9914.0,10034.0,224071.0,348477.0,352072.0
2022-06-21 22:00:00,10034.0,10194.0,10026.0,10136.0,148892.0,352072.0,342161.0
2022-06-22 09:00:00,10084.0,10120.0,9964.0,9966.0,164865.0,342161.0,339421.0
2022-06-22 10:00:00,9966.0,10004.0,9856.0,9888.0,135957.0,339421.0,343396.0
2022-06-22 11:00:00,9888.0,9916.0,9816.0,9826.0,62387.0,343396.0,344012.0
2022-06-22 13:00:00,9824.0,9842.0,9716.0,9748.0,84021.0,344012.0,348220.0
2022-06-22 14:00:00,9748.0,9794.0,9668.0,9712.0,129319.0,348220.0,341365.0
2022-06-22 21:00:00,9460.0,9652.0,9432.0,9594.0,320122.0,341365.0,356268.0
2022-06-22 22:00:00,9594.0,9612.0,9512.0,9552.0,140275.0,356268.0,355605.0
2022-06-23 09:00:00,9542.0,9666.0,9390.0,9440.0,222398.0,355605.0,360145.0
2022-06-23 10:00:00,9440.0,9602.0,9362.0,9502.0,180280.0,360145.0,356717.0
2022-06-23 11:00:00,9502.0,9544.0,9430.0,9532.0,86070.0,356717.0,354782.0
2022-06-23 13:00:00,9510.0,9564.0,9464.0,9512.0,70366.0,354782.0,355831.0
2022-06-23 14:00:00,9512.0,9612.0,9486.0,9606.0,125181.0,355831.0,352277.0
2022-06-23 21:00:00,9626.0,9824.0,9568.0,9668.0,322503.0,352277.0,352492.0
2022-06-23 22:00:00,9668.0,9692.0,9516.0,9562.0,194946.0,352492.0,358682.0
2022-06-24 09:00:00,9502.0,9514.0,9262.0,9266.0,262416.0,358682.0,372363.0
2022-06-24 10:00:00,9266.0,9308.0,9082.0,9124.0,212633.0,372363.0,373964.0
2022-06-24 11:00:00,9124.0,9168.0,9030.0,9090.0,95349.0,373964.0,368481.0
2022-06-24 13:00:00,9120.0,9288.0,9080.0,9096.0,153100.0,368481.0,369861.0
2022-06-24 14:00:00,9096.0,9154.0,9012.0,9108.0,223927.0,369861.0,360700.0
2022-06-24 21:00:00,9226.0,9262.0,8986.0,9048.0,288026.0,360700.0,368459.0
2022-06-24 22:00:00,9048.0,9326.0,9040.0,9326.0,245557.0,368459.0,352124.0
2022-06-27 09:00:00,9248.0,9448.0,9182.0,9390.0,267043.0,352124.0,350573.0
2022-06-27 10:00:00,9390.0,9452.0,9366.0,9418.0,91520.0,350573.0,351064.0
2022-06-27 11:00:00,9418.0,9432.0,9314.0,9334.0,53132.0,351064.0,349410.0
2022-06-27 13:00:00,9344.0,9382.0,9292.0,9380.0,63307.0,349410.0,350595.0
2022-06-27 14:00:00,9380.0,9400.0,9296.0,9338.0,83423.0,350595.0,345515.0
2022-06-27 21:00:00,9528.0,9598.0,9394.0,9434.0,248305.0,345515.0,345575.0
2022-06-27 22:00:00,9434.0,9530.0,9390.0,9528.0,153352.0,345575.0,338469.0
2022-06-28 09:00:00,9544.0,9550.0,9432.0,9436.0,136460.0,338469.0,336970.0
2022-06-28 10:00:00,9436.0,9532.0,9402.0,9496.0,116059.0,336970.0,336725.0
2022-06-28 11:00:00,9496.0,9638.0,9476.0,9594.0,60544.0,336725.0,334045.0
2022-06-28 13:00:00,9604.0,9658.0,9512.0,9556.0,112217.0,334045.0,328691.0
2022-06-28 14:00:00,9556.0,9760.0,9548.0,9734.0,181920.0,328691.0,329840.0
2022-06-28 21:00:00,9712.0,9772.0,9666.0,9750.0,195823.0,329840.0,338332.0
2022-06-28 22:00:00,9750.0,9760.0,9556.0,9620.0,204828.0,338332.0,339462.0
2022-06-29 09:00:00,9568.0,9634.0,9528.0,9564.0,115111.0,339462.0,342359.0
2022-06-29 10:00:00,9564.0,9646.0,9508.0,9514.0,103528.0,342359.0,343205.0
2022-06-29 11:00:00,9514.0,9530.0,9454.0,9486.0,76961.0,343205.0,344851.0
2022-06-29 13:00:00,9500.0,9524.0,9464.0,9512.0,62677.0,344851.0,345537.0
2022-06-29 14:00:00,9512.0,9598.0,9470.0,9512.0,138375.0,345537.0,338060.0
2022-06-29 21:00:00,9570.0,9640.0,9520.0,9612.0,169559.0,338060.0,340155.0
2022-06-29 22:00:00,9612.0,9648.0,9538.0,9552.0,124083.0,340155.0,335644.0
2022-06-30 09:00:00,9510.0,9510.0,9404.0,9478.0,143625.0,335644.0,340433.0
2022-06-30 10:00:00,9478.0,9606.0,9446.0,9536.0,119836.0,340433.0,336809.0
2022-06-30 11:00:00,9536.0,9546.0,9496.0,9538.0,46533.0,336809.0,334747.0
2022-06-30 13:00:00,9556.0,9598.0,9546.0,9572.0,56309.0,334747.0,334494.0
2022-06-30 14:00:00,9572.0,9620.0,9536.0,9564.0,94843.0,334494.0,328163.0
2022-06-30 21:00:00,9520.0,9530.0,9266.0,9316.0,272514.0,328163.0,347078.0
2022-06-30 22:00:00,9316.0,9354.0,9178.0,9212.0,162652.0,347078.0,342250.0
2022-07-01 09:00:00,9144.0,9204.0,9010.0,9024.0,195957.0,342250.0,354097.0
2022-07-01 10:00:00,9024.0,9098.0,8968.0,8978.0,140321.0,354097.0,359070.0
2022-07-01 11:00:00,8978.0,8996.0,8876.0,8886.0,79798.0,359070.0,359793.0
2022-07-01 13:00:00,8882.0,8906.0,8752.0,8794.0,127865.0,359793.0,358250.0
2022-07-01 14:00:00,8794.0,8938.0,8792.0,8934.0,188796.0,358250.0,341359.0
2022-07-01 21:00:00,9018.0,9018.0,8856.0,8860.0,183019.0,341359.0,348933.0
2022-07-01 22:00:00,8860.0,8940.0,8828.0,8890.0,135885.0,348933.0,343833.0
2022-07-04 09:00:00,8830.0,8952.0,8724.0,8930.0,199629.0,343833.0,347569.0
2022-07-04 10:00:00,8930.0,8948.0,8854.0,8876.0,89246.0,347569.0,350574.0
2022-07-04 11:00:00,8876.0,8928.0,8860.0,8886.0,38983.0,350574.0,349995.0
2022-07-04 13:00:00,8890.0,8926.0,8872.0,8922.0,38651.0,349995.0,352455.0
2022-07-04 14:00:00,8922.0,8924.0,8852.0,8900.0,79360.0,352455.0,349358.0
2022-07-04 21:00:00,8780.0,8824.0,8580.0,8636.0,326442.0,349358.0,362042.0
2022-07-04 22:00:00,8636.0,8770.0,8616.0,8736.0,167988.0,362042.0,352296.0
2022-07-05 09:00:00,8756.0,8834.0,8714.0,8758.0,144381.0,352296.0,356812.0
2022-07-05 10:00:00,8758.0,8762.0,8528.0,8570.0,166022.0,356812.0,363238.0
2022-07-05 11:00:00,8570.0,8606.0,8496.0,8514.0,82749.0,363238.0,363070.0
2022-07-05 13:00:00,8444.0,8492.0,8436.0,8476.0,89344.0,363070.0,368383.0
2022-07-05 14:00:00,8476.0,8476.0,8380.0,8444.0,157707.0,368383.0,363471.0
2022-07-05 21:00:00,8376.0,8412.0,8136.0,8160.0,285585.0,363471.0,382382.0
2022-07-05 22:00:00,8160.0,8264.0,8138.0,8176.0,213378.0,382382.0,370328.0
2022-07-06 09:00:00,8154.0,8204.0,8066.0,8088.0,198167.0,370328.0,373605.0
2022-07-06 10:00:00,8088.0,8138.0,7830.0,7852.0,222627.0,373605.0,382417.0
2022-07-06 11:00:00,7852.0,7908.0,7776.0,7796.0,150334.0,382417.0,379143.0
2022-07-06 13:00:00,7766.0,7796.0,7764.0,7776.0,121650.0,379143.0,373235.0
2022-07-06 14:00:00,7776.0,8018.0,7764.0,8014.0,233730.0,373235.0,355149.0
2022-07-06 21:00:00,8086.0,8110.0,7886.0,7964.0,357990.0,355149.0,371021.0
2022-07-06 22:00:00,7964.0,8006.0,7866.0,7904.0,212999.0,371021.0,361496.0
2022-07-07 09:00:00,7964.0,7980.0,7718.0,7794.0,271994.0,361496.0,378505.0
2022-07-07 10:00:00,7794.0,8028.0,7794.0,7986.0,204516.0,378505.0,367067.0
2022-07-07 11:00:00,7986.0,8146.0,7946.0,8038.0,186855.0,367067.0,361021.0
2022-07-07 13:00:00,8044.0,8060.0,7936.0,7942.0,110516.0,361021.0,365799.0
2022-07-07 14:00:00,7942.0,8004.0,7872.0,7934.0,202055.0,365799.0,358001.0
2022-07-07 21:00:00,8094.0,8330.0,8088.0,8312.0,412735.0,358001.0,351154.0
2022-07-07 22:00:00,8312.0,8380.0,8240.0,8334.0,218724.0,351154.0,341364.0
2022-07-08 09:00:00,8392.0,8428.0,8214.0,8260.0,231552.0,341364.0,337135.0
2022-07-08 10:00:00,8260.0,8360.0,8210.0,8226.0,140895.0,337135.0,333242.0
2022-07-08 11:00:00,8226.0,8258.0,8174.0,8238.0,98936.0,333242.0,334025.0
2022-07-08 13:00:00,8252.0,8266.0,8192.0,8222.0,60085.0,334025.0,337022.0
2022-07-08 14:00:00,8222.0,8290.0,8210.0,8238.0,126368.0,337022.0,324522.0
2022-07-08 21:00:00,8180.0,8312.0,8114.0,8216.0,273640.0,324522.0,332937.0
2022-07-08 22:00:00,8216.0,8286.0,8204.0,8236.0,119850.0,332937.0,324554.0
2022-07-11 09:00:00,8344.0,8448.0,8248.0,8298.0,241566.0,324554.0,329695.0
2022-07-11 10:00:00,8298.0,8328.0,8262.0,8272.0,70099.0,329695.0,332537.0
2022-07-11 11:00:00,8272.0,8272.0,8184.0,8254.0,74051.0,332537.0,334743.0
2022-07-11 13:00:00,8234.0,8250.0,7988.0,7998.0,128873.0,334743.0,342852.0
2022-07-11 14:00:00,7998.0,8212.0,7992.0,8200.0,196025.0,342852.0,334209.0
2022-07-11 21:00:00,8150.0,8192.0,7970.0,8042.0,275339.0,334209.0,350102.0
2022-07-11 22:00:00,8042.0,8056.0,7968.0,8046.0,134173.0,350102.0,346905.0
2022-07-12 09:00:00,8018.0,8268.0,7996.0,8258.0,232633.0,346905.0,344429.0
2022-07-12 10:00:00,8258.0,8288.0,8160.0,8240.0,134660.0,344429.0,343215.0
2022-07-12 11:00:00,8240.0,8268.0,8144.0,8176.0,69033.0,343215.0,339386.0
2022-07-12 13:00:00,8164.0,8180.0,8098.0,8110.0,81207.0,339386.0,342665.0
2022-07-12 14:00:00,8110.0,8138.0,7980.0,8016.0,166175.0,342665.0,339232.0
2022-07-12 21:00:00,7902.0,7934.0,7724.0,7740.0,341698.0,339232.0,344503.0
2022-07-12 22:00:00,7740.0,7742.0,7578.0,7620.0,228319.0,344503.0,340323.0
2022-07-13 09:00:00,7500.0,7670.0,7456.0,7584.0,183109.0,340323.0,341829.0
2022-07-13 10:00:00,7584.0,7646.0,7574.0,7600.0,79698.0,341829.0,341914.0
2022-07-13 11:00:00,7600.0,7618.0,7528.0,7556.0,53099.0,341914.0,339967.0
2022-07-13 13:00:00,7496.0,7510.0,7454.0,7482.0,99405.0,339967.0,348167.0
2022-07-13 14:00:00,7482.0,7728.0,7464.0,7694.0,231875.0,348167.0,331980.0
2022-07-13 21:00:00,7460.0,7588.0,7384.0,7540.0,330760.0,331980.0,348982.0
2022-07-13 22:00:00,7540.0,7718.0,7446.0,7682.0,219353.0,348982.0,342552.0
2022-07-14 09:00:00,7640.0,7722.0,7582.0,7670.0,189022.0,342552.0,347087.0
2022-07-14 10:00:00,7670.0,7880.0,7660.0,7810.0,214274.0,347087.0,348853.0
2022-07-14 11:00:00,7810.0,7862.0,7780.0,7836.0,86860.0,348853.0,352079.0
2022-07-14 13:00:00,7812.0,7822.0,7710.0,7722.0,106340.0,352079.0,353685.0
2022-07-14 14:00:00,7722.0,7816.0,7702.0,7720.0,162764.0,353685.0,350876.0
2022-07-14 21:00:00,7526.0,7606.0,7412.0,7516.0,346914.0,350876.0,358724.0
2022-07-14 22:00:00,7516.0,7572.0,7430.0,7530.0,225007.0,358724.0,348539.0
2022-07-15 09:00:00,7576.0,7678.0,7508.0,7678.0,184944.0,348539.0,350180.0
2022-07-15 10:00:00,7678.0,7772.0,7638.0,7660.0,143436.0,350180.0,347927.0
2022-07-15 11:00:00,7660.0,7692.0,7592.0,7612.0,75543.0,347927.0,347630.0
2022-07-15 13:00:00,7616.0,7648.0,7568.0,7630.0,65493.0,347630.0,351577.0
2022-07-15 14:00:00,7630.0,7636.0,7420.0,7432.0,153707.0,351577.0,345050.0
2022-07-15 21:00:00,7544.0,7760.0,7530.0,7660.0,312473.0,345050.0,341847.0
2022-07-15 22:00:00,7660.0,7826.0,7660.0,7820.0,195998.0,341847.0,338954.0
2022-07-18 09:00:00,7720.0,7830.0,7622.0,7762.0,237803.0,338954.0,350797.0
2022-07-18 10:00:00,7762.0,7878.0,7720.0,7824.0,132768.0,350797.0,351132.0
2022-07-18 11:00:00,7824.0,7926.0,7788.0,7892.0,80027.0,351132.0,353222.0
2022-07-18 13:00:00,7914.0,7976.0,7902.0,7932.0,89710.0,353222.0,352839.0
2022-07-18 14:00:00,7932.0,8078.0,7904.0,8040.0,163986.0,352839.0,346178.0
2022-07-18 21:00:00,8096.0,8250.0,8092.0,8192.0,329397.0,346178.0,345142.0
2022-07-18 22:00:00,8192.0,8200.0,8096.0,8178.0,162873.0,345142.0,334132.0
2022-07-19 09:00:00,8166.0,8168.0,7940.0,7958.0,211251.0,334132.0,339001.0
2022-07-19 10:00:00,7958.0,7990.0,7908.0,7918.0,102364.0,339001.0,339789.0
2022-07-19 11:00:00,7918.0,7998.0,7910.0,7986.0,70874.0,339789.0,335715.0
2022-07-19 13:00:00,7966.0,8026.0,7852.0,7856.0,109910.0,335715.0,336981.0
2022-07-19 14:00:00,7856.0,7978.0,7836.0,7896.0,195763.0,336981.0,330071.0
2022-07-19 21:00:00,7828.0,8108.0,7784.0,8040.0,341481.0,330071.0,339872.0
2022-07-19 22:00:00,8040.0,8190.0,8012.0,8130.0,220775.0,339872.0,335443.0
2022-07-20 09:00:00,8134.0,8182.0,8056.0,8150.0,190712.0,335443.0,331223.0
2022-07-20 10:00:00,8150.0,8312.0,8134.0,8300.0,160390.0,331223.0,333954.0
2022-07-20 11:00:00,8300.0,8316.0,8202.0,8236.0,83314.0,333954.0,331217.0
2022-07-20 13:00:00,8236.0,8244.0,8118.0,8124.0,93923.0,331217.0,328341.0
2022-07-20 14:00:00,8124.0,8154.0,8070.0,8112.0,169620.0,328341.0,317743.0
2022-07-20 21:00:00,8102.0,8166.0,8024.0,8058.0,264894.0,317743.0,326827.0
2022-07-20 22:00:00,8058.0,8120.0,8042.0,8120.0,139967.0,326827.0,320337.0
2022-07-21 09:00:00,8048.0,8100.0,7960.0,7992.0,172841.0,320337.0,324666.0
2022-07-21 10:00:00,7992.0,8016.0,7854.0,7902.0,147317.0,324666.0,323263.0
2022-07-21 11:00:00,7902.0,7906.0,7828.0,7856.0,83174.0,323263.0,319783.0
2022-07-21 13:00:00,7854.0,7968.0,7826.0,7926.0,99527.0,319783.0,316928.0
2022-07-21 14:00:00,7926.0,7978.0,7868.0,7892.0,137267.0,316928.0,311964.0
2022-07-21 21:00:00,7790.0,7866.0,7680.0,7806.0,317583.0,311964.0,324702.0
2022-07-21 22:00:00,7806.0,7842.0,7742.0,7762.0,149282.0,324702.0,319801.0
2022-07-22 09:00:00,7738.0,7884.0,7708.0,7866.0,169514.0,319801.0,322671.0
2022-07-22 10:00:00,7866.0,7922.0,7806.0,7818.0,112701.0,322671.0,322148.0
2022-07-22 11:00:00,7818.0,7850.0,7702.0,7720.0,85047.0,322148.0,325734.0
2022-07-22 13:00:00,7738.0,7762.0,7648.0,7732.0,112619.0,325734.0,326680.0
2022-07-22 14:00:00,7732.0,7804.0,7692.0,7782.0,148609.0,326680.0,320208.0
2022-07-22 21:00:00,7776.0,7878.0,7750.0,7756.0,235246.0,320208.0,325357.0
2022-07-22 22:00:00,7756.0,7950.0,7750.0,7918.0,179004.0,325357.0,314286.0
2022-07-25 09:00:00,7890.0,7906.0,7786.0,7798.0,147752.0,314286.0,315421.0
2022-07-25 10:00:00,7798.0,7856.0,7738.0,7854.0,95585.0,315421.0,317386.0
2022-07-25 11:00:00,7854.0,7854.0,7794.0,7818.0,44982.0,317386.0,316612.0
2022-07-25 13:00:00,7798.0,7806.0,7764.0,7782.0,48164.0,316612.0,319499.0
2022-07-25 14:00:00,7782.0,7818.0,7712.0,7738.0,105407.0,319499.0,320885.0
2022-07-25 21:00:00,7798.0,7976.0,7784.0,7928.0,261317.0,320885.0,319912.0
2022-07-25 22:00:00,7928.0,7958.0,7866.0,7890.0,115453.0,319912.0,314323.0
2022-07-26 09:00:00,7924.0,8196.0,7898.0,8184.0,251659.0,314323.0,321989.0
2022-07-26 10:00:00,8184.0,8236.0,8146.0,8162.0,137082.0,321989.0,329202.0
2022-07-26 11:00:00,8162.0,8182.0,8094.0,8136.0,81380.0,329202.0,325092.0
2022-07-26 13:00:00,8118.0,8124.0,8074.0,8094.0,66327.0,325092.0,328432.0
2022-07-26 14:00:00,8094.0,8112.0,8054.0,8078.0,105639.0,328432.0,321694.0
2022-07-26 21:00:00,8104.0,8138.0,7944.0,7980.0,249454.0,321694.0,330774.0
2022-07-26 22:00:00,7980.0,8022.0,7896.0,7942.0,136697.0,330774.0,329194.0
2022-07-27 09:00:00,7956.0,7956.0,7802.0,7816.0,163169.0,329194.0,331301.0
2022-07-27 10:00:00,7816.0,7832.0,7756.0,7814.0,112975.0,331301.0,332757.0
2022-07-27 11:00:00,7814.0,7832.0,7748.0,7798.0,70013.0,332757.0,334114.0
2022-07-27 13:00:00,7800.0,7880.0,7798.0,7878.0,71989.0,334114.0,331046.0
2022-07-27 14:00:00,7878.0,7898.0,7816.0,7874.0,111552.0,331046.0,324407.0
2022-07-27 21:00:00,7974.0,7996.0,7912.0,7990.0,211473.0,324407.0,325106.0
2022-07-27 22:00:00,7990.0,8118.0,7926.0,8118.0,157136.0,325106.0,317151.0
2022-07-28 09:00:00,8118.0,8280.0,8108.0,8238.0,228489.0,317151.0,319953.0
2022-07-28 10:00:00,8238.0,8294.0,8208.0,8256.0,100676.0,319953.0,319575.0
2022-07-28 11:00:00,8256.0,8364.0,8248.0,8358.0,86561.0,319575.0,323369.0
2022-07-28 13:00:00,8336.0,8346.0,8272.0,8328.0,79619.0,323369.0,323653.0
2022-07-28 14:00:00,8328.0,8408.0,8300.0,8392.0,137758.0,323653.0,315170.0
2022-07-28 21:00:00,8358.0,8574.0,8300.0,8454.0,348232.0,315170.0,317736.0
2022-07-28 22:00:00,8454.0,8542.0,8418.0,8532.0,184887.0,317736.0,312836.0
2022-07-29 09:00:00,8582.0,8676.0,8544.0,8584.0,194319.0,312836.0,313172.0
2022-07-29 10:00:00,8584.0,8594.0,8504.0,8534.0,98436.0,313172.0,312739.0
2022-07-29 11:00:00,8534.0,8578.0,8510.0,8528.0,50864.0,312739.0,310850.0
2022-07-29 13:00:00,8540.0,8612.0,8540.0,8586.0,56951.0,310850.0,312298.0
2022-07-29 14:00:00,8586.0,8640.0,8556.0,8614.0,111835.0,312298.0,309576.0
2022-07-29 21:00:00,8766.0,8848.0,8686.0,8714.0,247838.0,309576.0,313780.0
2022-07-29 22:00:00,8714.0,8840.0,8708.0,8806.0,160916.0,313780.0,304694.0
2022-08-01 09:00:00,8780.0,8780.0,8532.0,8556.0,239006.0,304694.0,304782.0
2022-08-01 10:00:00,8556.0,8612.0,8520.0,8608.0,80871.0,304782.0,307813.0
2022-08-01 11:00:00,8608.0,8616.0,8430.0,8468.0,94498.0,307813.0,306342.0
2022-08-01 13:00:00,8450.0,8510.0,8412.0,8466.0,82209.0,306342.0,309947.0
2022-08-01 14:00:00,8466.0,8516.0,8448.0,8482.0,92440.0,309947.0,306026.0
2022-08-01 21:00:00,8400.0,8464.0,8358.0,8430.0,232075.0,306026.0,313503.0
2022-08-01 22:00:00,8430.0,8476.0,8372.0,8406.0,122934.0,313503.0,308745.0
2022-08-02 09:00:00,8356.0,8448.0,8304.0,8424.0,153674.0,308745.0,307941.0
2022-08-02 10:00:00,8424.0,8438.0,8152.0,8168.0,169380.0,307941.0,303865.0
2022-08-02 11:00:00,8168.0,8172.0,8026.0,8088.0,151107.0,303865.0,297964.0
2022-08-02 13:00:00,8060.0,8090.0,8024.0,8060.0,94838.0,297964.0,303116.0
2022-08-02 14:00:00,8060.0,8144.0,8052.0,8120.0,164428.0,303116.0,293822.0
2022-08-02 21:00:00,8106.0,8150.0,7990.0,8006.0,257262.0,293822.0,300213.0
2022-08-02 22:00:00,8006.0,8106.0,7940.0,8012.0,221769.0,300213.0,287475.0
2022-08-03 09:00:00,8016.0,8134.0,7974.0,8110.0,168470.0,287475.0,292463.0
2022-08-03 10:00:00,8110.0,8160.0,8010.0,8018.0,126799.0,292463.0,291023.0
2022-08-03 11:00:00,8018.0,8078.0,8012.0,8070.0,61227.0,291023.0,288505.0
2022-08-03 13:00:00,8096.0,8188.0,8092.0,8166.0,95411.0,288505.0,291575.0
2022-08-03 14:00:00,8166.0,8198.0,8084.0,8096.0,137243.0,291575.0,279526.0
2022-08-03 21:00:00,8156.0,8186.0,8066.0,8108.0,211067.0,279526.0,287199.0
2022-08-03 22:00:00,8108.0,8114.0,7950.0,7950.0,182247.0,287199.0,282941.0
2022-08-04 09:00:00,7930.0,7938.0,7768.0,7784.0,215773.0,282941.0,297265.0
2022-08-04 10:00:00,7784.0,7818.0,7724.0,7798.0,108178.0,297265.0,297513.0
2022-08-04 11:00:00,7798.0,7814.0,7766.0,7794.0,47119.0,297513.0,294852.0
2022-08-04 13:00:00,7812.0,7834.0,7766.0,7784.0,61904.0,294852.0,293174.0
2022-08-04 14:00:00,7784.0,7840.0,7764.0,7822.0,125542.0,293174.0,284700.0
2022-08-04 21:00:00,7860.0,7954.0,7812.0,7910.0,216413.0,284700.0,287843.0
2022-08-04 22:00:00,7910.0,7950.0,7838.0,7842.0,127555.0,287843.0,283540.0
2022-08-05 09:00:00,7880.0,8076.0,7880.0,8068.0,197535.0,283540.0,277975.0
2022-08-05 10:00:00,8068.0,8112.0,8030.0,8056.0,97110.0,277975.0,276692.0
2022-08-05 11:00:00,8056.0,8098.0,8042.0,8094.0,45353.0,276692.0,275415.0
2022-08-05 13:00:00,8100.0,8154.0,8088.0,8142.0,62714.0,275415.0,276418.0
2022-08-05 14:00:00,8142.0,8206.0,8124.0,8132.0,140576.0,276418.0,272887.0
2022-08-05 21:00:00,8094.0,8214.0,8012.0,8196.0,225050.0,272887.0,276393.0
2022-08-05 22:00:00,8196.0,8334.0,8172.0,8308.0,173030.0,276393.0,269363.0
2022-08-08 09:00:00,8370.0,8400.0,8258.0,8350.0,157853.0,269363.0,268904.0
2022-08-08 10:00:00,8350.0,8428.0,8308.0,8394.0,82737.0,268904.0,275285.0
2022-08-08 11:00:00,8394.0,8416.0,8364.0,8398.0,34687.0,275285.0,274765.0
2022-08-08 13:00:00,8386.0,8426.0,8380.0,8420.0,41304.0,274765.0,276841.0
2022-08-08 14:00:00,8420.0,8492.0,8412.0,8482.0,86314.0,276841.0,274734.0
2022-08-08 21:00:00,8424.0,8532.0,8388.0,8492.0,197123.0,274734.0,272689.0
2022-08-08 22:00:00,8492.0,8502.0,8340.0,8394.0,140441.0,272689.0,265607.0
2022-08-09 09:00:00,8420.0,8436.0,8336.0,8352.0,123904.0,265607.0,269731.0
2022-08-09 10:00:00,8352.0,8470.0,8348.0,8464.0,72576.0,269731.0,268892.0
2022-08-09 11:00:00,8464.0,8500.0,8450.0,8468.0,50665.0,268892.0,267813.0
2022-08-09 13:00:00,8460.0,8566.0,8438.0,8558.0,59651.0,267813.0,270468.0
2022-08-09 14:00:00,8558.0,8598.0,8438.0,8442.0,134199.0,270468.0,258405.0
2022-08-09 21:00:00,8492.0,8568.0,8440.0,8462.0,174447.0,258405.0,259457.0
2022-08-09 22:00:00,8462.0,8544.0,8432.0,8474.0,114705.0,259457.0,250265.0
2022-08-10 09:00:00,8450.0,8550.0,8408.0,8532.0,119168.0,250265.0,252334.0
2022-08-10 10:00:00,8532.0,8564.0,8394.0,8436.0,106967.0,252334.0,250242.0
2022-08-10 11:00:00,8436.0,8442.0,8354.0,8390.0,65650.0,250242.0,248945.0
2022-08-10 13:00:00,8374.0,8436.0,8344.0,8420.0,62534.0,248945.0,249903.0
2022-08-10 14:00:00,8420.0,8428.0,8356.0,8396.0,97858.0,249903.0,243871.0
2022-08-10 21:00:00,8456.0,8630.0,8454.0,8478.0,224054.0,243871.0,238616.0
2022-08-10 22:00:00,8478.0,8512.0,8420.0,8504.0,112397.0,238616.0,233274.0
2022-08-11 09:00:00,8542.0,8614.0,8498.0,8610.0,124878.0,233274.0,238552.0
2022-08-11 10:00:00,8610.0,8618.0,8490.0,8544.0,74729.0,238552.0,234320.0
2022-08-11 11:00:00,8544.0,8614.0,8544.0,8580.0,51553.0,234320.0,236694.0
2022-08-11 13:00:00,8580.0,8606.0,8540.0,8602.0,41852.0,236694.0,236531.0
2022-08-11 14:00:00,8602.0,8648.0,8584.0,8620.0,96482.0,236531.0,238469.0
2022-08-11 21:00:00,8696.0,8792.0,8662.0,8752.0,167703.0,238469.0,242742.0
2022-08-11 22:00:00,8752.0,8784.0,8694.0,8728.0,103168.0,242742.0,237632.0
2022-08-12 09:00:00,8710.0,8772.0,8690.0,8704.0,105103.0,237632.0,238786.0
2022-08-12 10:00:00,8704.0,8730.0,8618.0,8714.0,84531.0,238786.0,238032.0
2022-08-12 11:00:00,8714.0,8746.0,8688.0,8736.0,33851.0,238032.0,237435.0
2022-08-12 13:00:00,8778.0,8866.0,8776.0,8828.0,75104.0,237435.0,238658.0
2022-08-12 14:00:00,8828.0,8854.0,8796.0,8830.0,77952.0,238658.0,226335.0
2022-08-12 21:00:00,8768.0,8822.0,8734.0,8802.0,142403.0,226335.0,220493.0
2022-08-12 22:00:00,8802.0,8926.0,8770.0,8912.0,96828.0,220493.0,218603.0
2022-08-15 09:00:00,8868.0,8924.0,8768.0,8806.0,142926.0,218603.0,209651.0
2022-08-15 10:00:00,8806.0,8812.0,8704.0,8756.0,87163.0,209651.0,206153.0
2022-08-15 11:00:00,8756.0,8790.0,8724.0,8752.0,39842.0,206153.0,204367.0
2022-08-15 13:00:00,8754.0,8786.0,8726.0,8744.0,28747.0,204367.0,204068.0
2022-08-15 14:00:00,8744.0,8774.0,8664.0,8708.0,81877.0,204068.0,198879.0
2022-08-15 21:00:00,8494.0,8602.0,8444.0,8580.0,180498.0,198879.0,192095.0
2022-08-15 22:00:00,8580.0,8646.0,8564.0,8618.0,70165.0,192095.0,190356.0
2022-08-16 09:00:00,8650.0,8696.0,8586.0,8666.0,85198.0,190356.0,190691.0
2022-08-16 10:00:00,8666.0,8780.0,8662.0,8750.0,59479.0,190691.0,190303.0
2022-08-16 11:00:00,8750.0,8768.0,8706.0,8740.0,28965.0,190303.0,186561.0
2022-08-16 13:00:00,8736.0,8784.0,8704.0,8768.0,36072.0,186561.0,184426.0
2022-08-16 14:00:00,8768.0,8794.0,8642.0,8650.0,76490.0,184426.0,173350.0
2022-08-16 21:00:00,8668.0,8714.0,8572.0,8584.0,126093.0,173350.0,168635.0
2022-08-16 22:00:00,8584.0,8622.0,8510.0,8516.0,71728.0,168635.0,164065.0
2022-08-17 09:00:00,8506.0,8592.0,8486.0,8554.0,80724.0,164065.0,159582.0
2022-08-17 10:00:00,8554.0,8648.0,8538.0,8642.0,43344.0,159582.0,158132.0
2022-08-17 11:00:00,8642.0,8646.0,8570.0,8592.0,25351.0,158132.0,155396.0
2022-08-17 13:00:00,8610.0,8674.0,8610.0,8658.0,33779.0,155396.0,153557.0
2022-08-17 14:00:00,8658.0,8670.0,8604.0,8628.0,48210.0,153557.0,147628.0
2022-08-17 21:00:00,8436.0,8460.0,8286.0,8322.0,187486.0,147628.0,306357.0
2022-08-17 22:00:00,8322.0,8408.0,8296.0,8374.0,112427.0,306357.0,301310.0
2022-08-18 09:00:00,8364.0,8436.0,8342.0,8400.0,109540.0,301310.0,303836.0
2022-08-18 10:00:00,8400.0,8402.0,8216.0,8236.0,137050.0,303836.0,315445.0
2022-08-18 11:00:00,8236.0,8262.0,8180.0,8224.0,62802.0,315445.0,314293.0
2022-08-18 13:00:00,8248.0,8308.0,8236.0,8290.0,69198.0,314293.0,310967.0
2022-08-18 14:00:00,8290.0,8292.0,8162.0,8186.0,117739.0,310967.0,312238.0
2022-08-18 21:00:00,8236.0,8288.0,8154.0,8160.0,180426.0,312238.0,323030.0
2022-08-18 22:00:00,8160.0,8232.0,8094.0,8214.0,160797.0,323030.0,316183.0
2022-08-19 09:00:00,8214.0,8264.0,8182.0,8226.0,125375.0,316183.0,319449.0
2022-08-19 10:00:00,8226.0,8350.0,8220.0,8342.0,103782.0,319449.0,323739.0
2022-08-19 11:00:00,8342.0,8344.0,8260.0,8286.0,63918.0,323739.0,320451.0
2022-08-19 13:00:00,8312.0,8316.0,8240.0,8258.0,51927.0,320451.0,320326.0
2022-08-19 14:00:00,8258.0,8294.0,8232.0,8270.0,99205.0,320326.0,315497.0
2022-08-19 21:00:00,8240.0,8334.0,8168.0,8302.0,216307.0,315497.0,325893.0
2022-08-19 22:00:00,8302.0,8406.0,8288.0,8370.0,135740.0,325893.0,327580.0
2022-08-22 09:00:00,8422.0,8568.0,8416.0,8518.0,189685.0,327580.0,337085.0
2022-08-22 10:00:00,8518.0,8550.0,8484.0,8520.0,63016.0,337085.0,339736.0
2022-08-22 11:00:00,8520.0,8526.0,8476.0,8508.0,33288.0,339736.0,338918.0
2022-08-22 13:00:00,8504.0,8508.0,8458.0,8490.0,45255.0,338918.0,340105.0
2022-08-22 14:00:00,8490.0,8526.0,8412.0,8526.0,139071.0,340105.0,328291.0
2022-08-22 21:00:00,8492.0,8538.0,8416.0,8448.0,192380.0,328291.0,331352.0
2022-08-22 22:00:00,8448.0,8512.0,8414.0,8478.0,105252.0,331352.0,327428.0
2022-08-23 09:00:00,8584.0,8684.0,8556.0,8618.0,185407.0,327428.0,333397.0
2022-08-23 10:00:00,8618.0,8630.0,8560.0,8580.0,77187.0,333397.0,328373.0
2022-08-23 11:00:00,8580.0,8596.0,8540.0,8552.0,45234.0,328373.0,324824.0
2022-08-23 13:00:00,8522.0,8522.0,8396.0,8454.0,109887.0,324824.0,326389.0
2022-08-23 14:00:00,8454.0,8468.0,8366.0,8410.0,127815.0,326389.0,322228.0
2022-08-23 21:00:00,8498.0,8584.0,8468.0,8568.0,179100.0,322228.0,326266.0
2022-08-23 22:00:00,8568.0,8640.0,8560.0,8620.0,122748.0,326266.0,326694.0
2022-08-24 09:00:00,8600.0,8652.0,8576.0,8578.0,113314.0,326694.0,333029.0
2022-08-24 10:00:00,8578.0,8660.0,8552.0,8658.0,98416.0,333029.0,335987.0
2022-08-24 11:00:00,8658.0,8746.0,8644.0,8698.0,107526.0,335987.0,348629.0
2022-08-24 13:00:00,8690.0,8704.0,8656.0,8690.0,57573.0,348629.0,347147.0
2022-08-24 14:00:00,8690.0,8778.0,8672.0,8724.0,117733.0,347147.0,343728.0
2022-08-24 21:00:00,8680.0,8770.0,8652.0,8700.0,162251.0,343728.0,344892.0
2022-08-24 22:00:00,8700.0,8728.0,8600.0,8616.0,142350.0,344892.0,335026.0
2022-08-25 09:00:00,8638.0,8666.0,8572.0,8644.0,126542.0,335026.0,337022.0
2022-08-25 10:00:00,8644.0,8648.0,8586.0,8644.0,72822.0,337022.0,335027.0
2022-08-25 11:00:00,8644.0,8666.0,8620.0,8650.0,43069.0,335027.0,335818.0
2022-08-25 13:00:00,8664.0,8698.0,8616.0,8654.0,66222.0,335818.0,337530.0
2022-08-25 14:00:00,8654.0,8676.0,8574.0,8626.0,136737.0,337530.0,332932.0
2022-08-25 21:00:00,8574.0,8648.0,8514.0,8644.0,200360.0,332932.0,340163.0
2022-08-25 22:00:00,8644.0,8666.0,8598.0,8626.0,110892.0,340163.0,334266.0
2022-08-26 09:00:00,8600.0,8698.0,8576.0,8624.0,155575.0,334266.0,341704.0
2022-08-26 10:00:00,8624.0,8710.0,8612.0,8690.0,94981.0,341704.0,345009.0
2022-08-26 11:00:00,8690.0,8698.0,8604.0,8604.0,53464.0,345009.0,339883.0
2022-08-26 13:00:00,8602.0,8620.0,8576.0,8612.0,60285.0,339883.0,338053.0
2022-08-26 14:00:00,8612.0,8634.0,8588.0,8622.0,87340.0,338053.0,332912.0
2022-08-26 21:00:00,8578.0,8616.0,8530.0,8586.0,163163.0,332912.0,335787.0
2022-08-26 22:00:00,8586.0,8588.0,8482.0,8492.0,169371.0,335787.0,334497.0
2022-08-29 09:00:00,8512.0,8576.0,8410.0,8568.0,202927.0,334497.0,336084.0
2022-08-29 10:00:00,8568.0,8592.0,8542.0,8558.0,72777.0,336084.0,338454.0
2022-08-29 11:00:00,8558.0,8598.0,8542.0,8588.0,41167.0,338454.0,339121.0
2022-08-29 13:00:00,8596.0,8680.0,8590.0,8644.0,81413.0,339121.0,347970.0
2022-08-29 14:00:00,8644.0,8650.0,8584.0,8644.0,117912.0,347970.0,341878.0
2022-08-29 21:00:00,8616.0,8636.0,8516.0,8536.0,186080.0,341878.0,342380.0
2022-08-29 22:00:00,8536.0,8576.0,8532.0,8554.0,90541.0,342380.0,336499.0
2022-08-30 09:00:00,8554.0,8622.0,8460.0,8464.0,191253.0,336499.0,345621.0
2022-08-30 10:00:00,8464.0,8482.0,8370.0,8402.0,140324.0,345621.0,350235.0
2022-08-30 11:00:00,8402.0,8404.0,8368.0,8376.0,45837.0,350235.0,350726.0
2022-08-30 13:00:00,8416.0,8446.0,8404.0,8436.0,65059.0,350726.0,348437.0
2022-08-30 14:00:00,8436.0,8478.0,8426.0,8446.0,95025.0,348437.0,341325.0
2022-08-30 21:00:00,8394.0,8440.0,8346.0,8382.0,178732.0,341325.0,353666.0
2022-08-30 22:00:00,8382.0,8420.0,8360.0,8412.0,95397.0,353666.0,349735.0
2022-08-31 09:00:00,8442.0,8512.0,8442.0,8494.0,141096.0,349735.0,355897.0
2022-08-31 10:00:00,8494.0,8502.0,8440.0,8476.0,68945.0,355897.0,356550.0
2022-08-31 11:00:00,8476.0,8492.0,8454.0,8488.0,36347.0,356550.0,356125.0
2022-08-31 13:00:00,8506.0,8600.0,8506.0,8570.0,103591.0,356125.0,360398.0
2022-08-31 14:00:00,8570.0,8606.0,8562.0,8588.0,98131.0,360398.0,362312.0
2022-08-31 21:00:00,8494.0,8550.0,8482.0,8498.0,171749.0,362312.0,362133.0
2022-08-31 22:00:00,8498.0,8566.0,8492.0,8536.0,98874.0,362133.0,362316.0
2022-09-01 09:00:00,8552.0,8592.0,8534.0,8544.0,124297.0,362316.0,368576.0
2022-09-01 10:00:00,8544.0,8572.0,8350.0,8372.0,170952.0,368576.0,376267.0
2022-09-01 11:00:00,8372.0,8376.0,8282.0,8298.0,108344.0,376267.0,377652.0
2022-09-01 13:00:00,8296.0,8312.0,8186.0,8192.0,116153.0,377652.0,390393.0
2022-09-01 14:00:00,8192.0,8206.0,8144.0,8190.0,175232.0,390393.0,385647.0
2022-09-01 21:00:00,8156.0,8180.0,8066.0,8146.0,187048.0,385647.0,393187.0
2022-09-01 22:00:00,8146.0,8168.0,8018.0,8026.0,149071.0,393187.0,396976.0
2022-09-02 09:00:00,8006.0,8072.0,7928.0,7944.0,182738.0,396976.0,402120.0
2022-09-02 10:00:00,7944.0,8014.0,7906.0,8002.0,115480.0,402120.0,400112.0
2022-09-02 11:00:00,8002.0,8032.0,7982.0,7998.0,70252.0,400112.0,398731.0
2022-09-02 13:00:00,7996.0,7996.0,7924.0,7926.0,62922.0,398731.0,400539.0
2022-09-02 14:00:00,7926.0,7954.0,7862.0,7946.0,167953.0,400539.0,394495.0
2022-09-02 21:00:00,7990.0,8018.0,7938.0,7962.0,150842.0,394495.0,404734.0
2022-09-02 22:00:00,7962.0,8120.0,7950.0,8084.0,141562.0,404734.0,389684.0
2022-09-05 09:00:00,8120.0,8134.0,7986.0,7994.0,154912.0,389684.0,398688.0
2022-09-05 10:00:00,7994.0,8064.0,7994.0,8056.0,84973.0,398688.0,399643.0
2022-09-05 11:00:00,8056.0,8068.0,8014.0,8042.0,42074.0,399643.0,400063.0
2022-09-05 13:00:00,8058.0,8086.0,8038.0,8060.0,53526.0,400063.0,402782.0
2022-09-05 14:00:00,8060.0,8078.0,8016.0,8064.0,81391.0,402782.0,400176.0
2022-09-05 21:00:00,8046.0,8060.0,7964.0,8040.0,184222.0,400176.0,410976.0
2022-09-05 22:00:00,8040.0,8078.0,8032.0,8060.0,107276.0,410976.0,404384.0
2022-09-06 09:00:00,8044.0,8052.0,7906.0,7928.0,135820.0,404384.0,418115.0
2022-09-06 10:00:00,7928.0,7976.0,7904.0,7932.0,107592.0,418115.0,423362.0
2022-09-06 11:00:00,7932.0,8022.0,7916.0,8016.0,65941.0,423362.0,422001.0
2022-09-06 13:00:00,8004.0,8018.0,7964.0,7970.0,59850.0,422001.0,425189.0
2022-09-06 14:00:00,7970.0,8068.0,7968.0,8054.0,120483.0,425189.0,418798.0
2022-09-06 21:00:00,7950.0,8038.0,7924.0,7960.0,218053.0,418798.0,426092.0
2022-09-06 22:00:00,7960.0,8014.0,7944.0,7994.0,137115.0,426092.0,424855.0
2022-09-07 09:00:00,7944.0,7970.0,7806.0,7880.0,275491.0,424855.0,428267.0
2022-09-07 10:00:00,7880.0,7928.0,7810.0,7814.0,113620.0,428267.0,435313.0
2022-09-07 11:00:00,7814.0,7820.0,7782.0,7812.0,71231.0,435313.0,439825.0
2022-09-07 13:00:00,7794.0,7842.0,7786.0,7824.0,53678.0,439825.0,438521.0
2022-09-07 14:00:00,7824.0,7838.0,7732.0,7774.0,132375.0,438521.0,444379.0
2022-09-07 21:00:00,7804.0,7822.0,7712.0,7744.0,179752.0,444379.0,450842.0
2022-09-07 22:00:00,7744.0,7834.0,7724.0,7782.0,137702.0,450842.0,437212.0
2022-09-08 09:00:00,7738.0,7772.0,7688.0,7714.0,133297.0,437212.0,445226.0
2022-09-08 10:00:00,7714.0,7762.0,7696.0,7758.0,76588.0,445226.0,442485.0
2022-09-08 11:00:00,7758.0,7812.0,7746.0,7786.0,67827.0,442485.0,436464.0
2022-09-08 13:00:00,7768.0,7806.0,7734.0,7780.0,58027.0,436464.0,436731.0
2022-09-08 14:00:00,7780.0,7784.0,7692.0,7706.0,110001.0,436731.0,439166.0
2022-09-08 21:00:00,7596.0,7736.0,7590.0,7712.0,204562.0,439166.0,443824.0
2022-09-08 22:00:00,7712.0,7712.0,7630.0,7646.0,122440.0,443824.0,442680.0
2022-09-09 09:00:00,7746.0,7796.0,7724.0,7762.0,162477.0,442680.0,439041.0
2022-09-09 10:00:00,7762.0,7800.0,7708.0,7716.0,92939.0,439041.0,437057.0
2022-09-09 11:00:00,7716.0,7730.0,7682.0,7712.0,51736.0,437057.0,438009.0
2022-09-09 13:00:00,7722.0,7750.0,7698.0,7716.0,49893.0,438009.0,439143.0
2022-09-09 14:00:00,7716.0,7738.0,7664.0,7684.0,109254.0,439143.0,433837.0
2022-09-13 09:00:00,7860.0,7942.0,7796.0,7862.0,251027.0,433837.0,423397.0
2022-09-13 10:00:00,7862.0,8038.0,7852.0,8016.0,157834.0,423397.0,423232.0
2022-09-13 11:00:00,8016.0,8020.0,7940.0,7978.0,77549.0,423232.0,416923.0
2022-09-13 13:00:00,7978.0,7996.0,7954.0,7968.0,47814.0,416923.0,417559.0
2022-09-13 14:00:00,7968.0,7994.0,7942.0,7954.0,77848.0,417559.0,413599.0
2022-09-13 21:00:00,7930.0,8028.0,7912.0,8000.0,185906.0,413599.0,420787.0
2022-09-13 22:00:00,8000.0,8046.0,7968.0,8002.0,122176.0,420787.0,413400.0
2022-09-14 09:00:00,7978.0,7986.0,7894.0,7960.0,152020.0,413400.0,413502.0
2022-09-14 10:00:00,7960.0,8026.0,7950.0,7994.0,82831.0,413502.0,412410.0
2022-09-14 11:00:00,7994.0,8006.0,7962.0,7978.0,36668.0,412410.0,408970.0
2022-09-14 13:00:00,7960.0,7960.0,7932.0,7940.0,42671.0,408970.0,408870.0
2022-09-14 14:00:00,7940.0,7972.0,7890.0,7944.0,101838.0,408870.0,406238.0
2022-09-14 21:00:00,7960.0,8056.0,7954.0,8022.0,165869.0,406238.0,413094.0
2022-09-14 22:00:00,8022.0,8026.0,7946.0,7958.0,118675.0,413094.0,408118.0
2022-09-15 09:00:00,7920.0,7988.0,7916.0,7986.0,117432.0,408118.0,416981.0
2022-09-15 10:00:00,7986.0,8020.0,7898.0,7934.0,129224.0,416981.0,417629.0
2022-09-15 11:00:00,7934.0,7938.0,7872.0,7898.0,63242.0,417629.0,419661.0
2022-09-15 13:00:00,7892.0,7904.0,7836.0,7852.0,68977.0,419661.0,423174.0
2022-09-15 14:00:00,7852.0,7886.0,7838.0,7870.0,91958.0,423174.0,417754.0
2022-09-15 21:00:00,7844.0,7876.0,7790.0,7836.0,169447.0,417754.0,426060.0
2022-09-15 22:00:00,7836.0,7882.0,7816.0,7850.0,106185.0,426060.0,417395.0
2022-09-16 09:00:00,7880.0,7898.0,7814.0,7830.0,122188.0,417395.0,421723.0
2022-09-16 10:00:00,7830.0,7848.0,7766.0,7772.0,75738.0,421723.0,427330.0
2022-09-16 11:00:00,7772.0,7778.0,7740.0,7748.0,42176.0,427330.0,429089.0
2022-09-16 13:00:00,7750.0,7760.0,7718.0,7730.0,44664.0,429089.0,431580.0
2022-09-16 14:00:00,7730.0,7786.0,7722.0,7782.0,85659.0,431580.0,425352.0
2022-09-16 21:00:00,7780.0,7846.0,7772.0,7806.0,141996.0,425352.0,425087.0
2022-09-16 22:00:00,7806.0,7882.0,7798.0,7876.0,105139.0,425087.0,418186.0
2022-09-19 09:00:00,7902.0,7988.0,7896.0,7978.0,169658.0,418186.0,417835.0
2022-09-19 10:00:00,7978.0,7990.0,7922.0,7950.0,83863.0,417835.0,413742.0
2022-09-19 11:00:00,7950.0,8004.0,7942.0,7982.0,53300.0,413742.0,416436.0
2022-09-19 13:00:00,7974.0,7980.0,7936.0,7936.0,44649.0,416436.0,415347.0
2022-09-19 14:00:00,7936.0,7940.0,7760.0,7766.0,168810.0,415347.0,410606.0
2022-09-19 21:00:00,7740.0,7770.0,7604.0,7626.0,271691.0,410606.0,433939.0
2022-09-19 22:00:00,7626.0,7664.0,7584.0,7642.0,157575.0,433939.0,425327.0
2022-09-20 09:00:00,7616.0,7676.0,7602.0,7624.0,145134.0,425327.0,433175.0
2022-09-20 10:00:00,7624.0,7694.0,7614.0,7682.0,78380.0,433175.0,430372.0
2022-09-20 11:00:00,7682.0,7692.0,7652.0,7664.0,37995.0,430372.0,430413.0
2022-09-20 13:00:00,7622.0,7662.0,7586.0,7650.0,88649.0,430413.0,434276.0
2022-09-20 14:00:00,7650.0,7678.0,7622.0,7638.0,103716.0,434276.0,423637.0
2022-09-20 21:00:00,7644.0,7672.0,7572.0,7612.0,187881.0,423637.0,438579.0
2022-09-20 22:00:00,7612.0,7680.0,7598.0,7642.0,94530.0,438579.0,428355.0
2022-09-21 09:00:00,7662.0,7696.0,7642.0,7656.0,98094.0,428355.0,424778.0
2022-09-21 10:00:00,7656.0,7798.0,7650.0,7794.0,128315.0,424778.0,420925.0
2022-09-21 11:00:00,7794.0,7838.0,7772.0,7778.0,92139.0,420925.0,413552.0
2022-09-21 13:00:00,7776.0,7806.0,7758.0,7786.0,49937.0,413552.0,411303.0
2022-09-21 14:00:00,7786.0,7916.0,7784.0,7894.0,175036.0,411303.0,408551.0
2022-09-21 21:00:00,7904.0,7936.0,7854.0,7856.0,194820.0,408551.0,413802.0
2022-09-21 22:00:00,7856.0,7876.0,7822.0,7852.0,119022.0,413802.0,408039.0
2022-09-22 09:00:00,7810.0,7962.0,7766.0,7956.0,176323.0,408039.0,416488.0
2022-09-22 10:00:00,7956.0,7988.0,7880.0,7916.0,126125.0,416488.0,415295.0
2022-09-22 11:00:00,7916.0,7948.0,7908.0,7934.0,43603.0,415295.0,415295.0
2022-09-22 13:00:00,7930.0,7962.0,7900.0,7918.0,52951.0,415295.0,415591.0
2022-09-22 14:00:00,7918.0,7940.0,7858.0,7898.0,119013.0,415591.0,418352.0
2022-09-22 21:00:00,7936.0,7948.0,7850.0,7858.0,157584.0,418352.0,428476.0
2022-09-22 22:00:00,7858.0,7878.0,7822.0,7850.0,136729.0,428476.0,424836.0
2022-09-23 09:00:00,7846.0,7848.0,7702.0,7730.0,215864.0,424836.0,446071.0
2022-09-23 10:00:00,7730.0,7732.0,7688.0,7706.0,92619.0,446071.0,451068.0
2022-09-23 11:00:00,7706.0,7756.0,7702.0,7744.0,50616.0,451068.0,445819.0
2022-09-23 13:00:00,7762.0,7798.0,7750.0,7764.0,77921.0,445819.0,440451.0
2022-09-23 14:00:00,7764.0,7788.0,7688.0,7758.0,120431.0,440451.0,434029.0
2022-09-23 21:00:00,7670.0,7670.0,7484.0,7500.0,287060.0,434029.0,459473.0
2022-09-23 22:00:00,7500.0,7550.0,7492.0,7522.0,105311.0,459473.0,451422.0
2022-09-26 09:00:00,7510.0,7542.0,7454.0,7492.0,191790.0,451422.0,466691.0
2022-09-26 10:00:00,7492.0,7494.0,7326.0,7346.0,158819.0,466691.0,481845.0
2022-09-26 11:00:00,7346.0,7350.0,7288.0,7304.0,107172.0,481845.0,484528.0
2022-09-26 13:00:00,7294.0,7322.0,7282.0,7306.0,62452.0,484528.0,489093.0
2022-09-26 14:00:00,7306.0,7318.0,7232.0,7298.0,138956.0,489093.0,484705.0
2022-09-26 21:00:00,7338.0,7380.0,7304.0,7348.0,187531.0,484705.0,483740.0
2022-09-26 22:00:00,7348.0,7374.0,7318.0,7334.0,98608.0,483740.0,481518.0
2022-09-27 09:00:00,7296.0,7310.0,7128.0,7154.0,238493.0,481518.0,500853.0
2022-09-27 10:00:00,7154.0,7186.0,7124.0,7168.0,103948.0,500853.0,500597.0
2022-09-27 11:00:00,7168.0,7188.0,7142.0,7166.0,48235.0,500597.0,500521.0
2022-09-27 13:00:00,7172.0,7248.0,7172.0,7236.0,88419.0,500521.0,496151.0
2022-09-27 14:00:00,7236.0,7302.0,7218.0,7260.0,134227.0,496151.0,488069.0
2022-09-27 21:00:00,7282.0,7296.0,7210.0,7266.0,219986.0,488069.0,496375.0
2022-09-27 22:00:00,7266.0,7268.0,7220.0,7228.0,92399.0,496375.0,492965.0
2022-09-28 09:00:00,7200.0,7246.0,7152.0,7158.0,161294.0,492965.0,506068.0
2022-09-28 10:00:00,7158.0,7190.0,7112.0,7128.0,126339.0,506068.0,512488.0
2022-09-28 11:00:00,7128.0,7176.0,7116.0,7148.0,56583.0,512488.0,508126.0
2022-09-28 13:00:00,7084.0,7102.0,7022.0,7036.0,166503.0,508126.0,515538.0
2022-09-28 14:00:00,7036.0,7056.0,7016.0,7054.0,144377.0,515538.0,504841.0
2022-09-28 21:00:00,6998.0,7034.0,6882.0,6912.0,315048.0,504841.0,533605.0
2022-09-28 22:00:00,6912.0,6990.0,6910.0,6950.0,171831.0,533605.0,521290.0
2022-09-29 09:00:00,6982.0,7170.0,6972.0,7158.0,257736.0,521290.0,509219.0
2022-09-29 10:00:00,7158.0,7162.0,7084.0,7114.0,111226.0,509219.0,504050.0
2022-09-29 11:00:00,7114.0,7148.0,7098.0,7130.0,46795.0,504050.0,499516.0
2022-09-29 13:00:00,7118.0,7140.0,7056.0,7086.0,79942.0,499516.0,495758.0
2022-09-29 14:00:00,7086.0,7112.0,7052.0,7106.0,111493.0,495758.0,481082.0
2022-09-29 21:00:00,7148.0,7162.0,7068.0,7112.0,212274.0,481082.0,481066.0
2022-09-29 22:00:00,7112.0,7114.0,7030.0,7062.0,149358.0,481066.0,473554.0
2022-09-30 09:00:00,7100.0,7234.0,7080.0,7208.0,208710.0,473554.0,462062.0
2022-09-30 10:00:00,7208.0,7210.0,7122.0,7144.0,118051.0,462062.0,456642.0
2022-09-30 11:00:00,7144.0,7148.0,7092.0,7124.0,59899.0,456642.0,459096.0
2022-09-30 13:00:00,7122.0,7140.0,7106.0,7128.0,38683.0,459096.0,458997.0
2022-09-30 14:00:00,7128.0,7136.0,7066.0,7094.0,107922.0,458997.0,446425.0
2022-10-10 09:00:00,7714.0,7748.0,7532.0,7582.0,328562.0,446425.0,418863.0
2022-10-10 10:00:00,7582.0,7598.0,7510.0,7528.0,90466.0,418863.0,417831.0
2022-10-10 11:00:00,7528.0,7544.0,7514.0,7530.0,36055.0,417831.0,416491.0
2022-10-10 13:00:00,7532.0,7554.0,7488.0,7504.0,55748.0,416491.0,420072.0
2022-10-10 14:00:00,7504.0,7564.0,7498.0,7544.0,93938.0,420072.0,406166.0
2022-10-10 21:00:00,7588.0,7686.0,7564.0,7666.0,219906.0,406166.0,412265.0
2022-10-10 22:00:00,7666.0,7674.0,7562.0,7578.0,130019.0,412265.0,403837.0
2022-10-11 09:00:00,7540.0,7666.0,7522.0,7652.0,161027.0,403837.0,416119.0
2022-10-11 10:00:00,7652.0,7672.0,7612.0,7634.0,79674.0,416119.0,414729.0
2022-10-11 11:00:00,7634.0,7656.0,7610.0,7656.0,40392.0,414729.0,413420.0
2022-10-11 13:00:00,7624.0,7658.0,7614.0,7656.0,54016.0,413420.0,416289.0
2022-10-11 14:00:00,7656.0,7710.0,7618.0,7690.0,137371.0,416289.0,409698.0
2022-10-11 21:00:00,7622.0,7658.0,7590.0,7642.0,197292.0,409698.0,412251.0
2022-10-11 22:00:00,7642.0,7718.0,7614.0,7700.0,138274.0,412251.0,412976.0
2022-10-12 09:00:00,7680.0,7694.0,7580.0,7640.0,182830.0,412976.0,408925.0
2022-10-12 10:00:00,7640.0,7698.0,7610.0,7680.0,103422.0,408925.0,409075.0
2022-10-12 11:00:00,7680.0,7696.0,7648.0,7680.0,49945.0,409075.0,407472.0
2022-10-12 13:00:00,7684.0,7776.0,7650.0,7726.0,110124.0,407472.0,408422.0
2022-10-12 14:00:00,7726.0,7740.0,7660.0,7682.0,129648.0,408422.0,402483.0
2022-10-12 21:00:00,7642.0,7688.0,7618.0,7666.0,196141.0,402483.0,409665.0
2022-10-12 22:00:00,7666.0,7732.0,7666.0,7700.0,131093.0,409665.0,408333.0
2022-10-13 09:00:00,7744.0,7782.0,7684.0,7704.0,151969.0,408333.0,410559.0
2022-10-13 10:00:00,7704.0,7730.0,7648.0,7654.0,117162.0,410559.0,407126.0
2022-10-13 11:00:00,7654.0,7676.0,7628.0,7672.0,83590.0,407126.0,410265.0
2022-10-13 13:00:00,7682.0,7700.0,7654.0,7658.0,49654.0,410265.0,409620.0
2022-10-13 14:00:00,7658.0,7680.0,7576.0,7598.0,138783.0,409620.0,410650.0
2022-10-13 21:00:00,7500.0,7538.0,7424.0,7492.0,309181.0,410650.0,422427.0
2022-10-13 22:00:00,7492.0,7598.0,7484.0,7586.0,185058.0,422427.0,415594.0
2022-10-14 09:00:00,7670.0,7724.0,7628.0,7692.0,200625.0,415594.0,418667.0
2022-10-14 10:00:00,7692.0,7744.0,7678.0,7704.0,98896.0,418667.0,421530.0
2022-10-14 11:00:00,7704.0,7714.0,7688.0,7704.0,31707.0,421530.0,419227.0
2022-10-14 13:00:00,7716.0,7824.0,7714.0,7774.0,111180.0,419227.0,423118.0
2022-10-14 14:00:00,7774.0,7830.0,7770.0,7816.0,139389.0,423118.0,423676.0
2022-10-14 21:00:00,7770.0,7786.0,7714.0,7722.0,187602.0,423676.0,424489.0
2022-10-14 22:00:00,7722.0,7744.0,7668.0,7682.0,129897.0,424489.0,411582.0
2022-10-17 09:00:00,7672.0,7744.0,7666.0,7716.0,134098.0,411582.0,415660.0
2022-10-17 10:00:00,7716.0,7772.0,7624.0,7672.0,151447.0,415660.0,415224.0
2022-10-17 11:00:00,7672.0,7672.0,7608.0,7618.0,62468.0,415224.0,415941.0
2022-10-17 13:00:00,7630.0,7662.0,7618.0,7636.0,46771.0,415941.0,417299.0
2022-10-17 14:00:00,7636.0,7700.0,7626.0,7686.0,131877.0,417299.0,415989.0
2022-10-17 21:00:00,7756.0,7850.0,7748.0,7792.0,251540.0,415989.0,427909.0
2022-10-17 22:00:00,7792.0,7794.0,7714.0,7744.0,112190.0,427909.0,418646.0
2022-10-18 09:00:00,7760.0,7796.0,7736.0,7790.0,124070.0,418646.0,424535.0
2022-10-18 10:00:00,7790.0,7818.0,7746.0,7808.0,93456.0,424535.0,428814.0
2022-10-18 11:00:00,7808.0,7950.0,7796.0,7926.0,150526.0,428814.0,437009.0
2022-10-18 13:00:00,7966.0,7998.0,7948.0,7970.0,102771.0,437009.0,440637.0
2022-10-18 14:00:00,7970.0,7990.0,7956.0,7962.0,100517.0,440637.0,439324.0
2022-10-18 21:00:00,7988.0,8040.0,7938.0,8012.0,242600.0,439324.0,457063.0
2022-10-18 22:00:00,8012.0,8026.0,7962.0,8008.0,141631.0,457063.0,449759.0
2022-10-19 09:00:00,8048.0,8174.0,8038.0,8160.0,216349.0,449759.0,463220.0
2022-10-19 10:00:00,8160.0,8164.0,8110.0,8134.0,93152.0,463220.0,462276.0
2022-10-19 11:00:00,8134.0,8154.0,8112.0,8152.0,43991.0,462276.0,464131.0
2022-10-19 13:00:00,8146.0,8166.0,8122.0,8154.0,54436.0,464131.0,468527.0
2022-10-19 14:00:00,8154.0,8168.0,8104.0,8140.0,106954.0,468527.0,461221.0
2022-10-19 21:00:00,8124.0,8184.0,8102.0,8124.0,181721.0,461221.0,465713.0
2022-10-19 22:00:00,8124.0,8242.0,8124.0,8234.0,181820.0,465713.0,467517.0
2022-10-20 09:00:00,8338.0,8358.0,8232.0,8234.0,170477.0,467517.0,464709.0
2022-10-20 10:00:00,8234.0,8272.0,8204.0,8234.0,93797.0,464709.0,461057.0
2022-10-20 11:00:00,8234.0,8236.0,8180.0,8220.0,65405.0,461057.0,457599.0
2022-10-20 13:00:00,8242.0,8250.0,8220.0,8244.0,49908.0,457599.0,460439.0
2022-10-20 14:00:00,8244.0,8244.0,8166.0,8204.0,118969.0,460439.0,459291.0
2022-10-20 21:00:00,8230.0,8294.0,8188.0,8280.0,183836.0,459291.0,470734.0
2022-10-20 22:00:00,8280.0,8308.0,8208.0,8212.0,138530.0,470734.0,457601.0
2022-10-21 09:00:00,8192.0,8202.0,8128.0,8156.0,157780.0,457601.0,460129.0
2022-10-21 10:00:00,8156.0,8174.0,8124.0,8172.0,70506.0,460129.0,460969.0
2022-10-21 11:00:00,8172.0,8242.0,8168.0,8208.0,74265.0,460969.0,465188.0
2022-10-21 13:00:00,8210.0,8218.0,8172.0,8178.0,51108.0,465188.0,470297.0
2022-10-21 14:00:00,8178.0,8224.0,8158.0,8192.0,108303.0,470297.0,468744.0
2022-10-21 21:00:00,8166.0,8232.0,8146.0,8186.0,178707.0,468744.0,476070.0
2022-10-21 22:00:00,8186.0,8218.0,8162.0,8208.0,121099.0,476070.0,468750.0
2022-10-24 09:00:00,8240.0,8268.0,8068.0,8080.0,274220.0,468750.0,461327.0
2022-10-24 10:00:00,8080.0,8098.0,8026.0,8036.0,108808.0,461327.0,457816.0
2022-10-24 11:00:00,8036.0,8052.0,8012.0,8022.0,46739.0,457816.0,454119.0
2022-10-24 13:00:00,8018.0,8080.0,8006.0,8036.0,64087.0,454119.0,450878.0
2022-10-24 14:00:00,8036.0,8046.0,7992.0,8022.0,100572.0,450878.0,444264.0
2022-10-24 21:00:00,8060.0,8090.0,8022.0,8062.0,167177.0,444264.0,448364.0
2022-10-24 22:00:00,8062.0,8168.0,8042.0,8160.0,155862.0,448364.0,448567.0
2022-10-25 09:00:00,8176.0,8234.0,8080.0,8214.0,203584.0,448567.0,456833.0
2022-10-25 10:00:00,8214.0,8216.0,8106.0,8158.0,126089.0,456833.0,453722.0
2022-10-25 11:00:00,8158.0,8294.0,8148.0,8276.0,117036.0,453722.0,463253.0
2022-10-25 13:00:00,8278.0,8304.0,8260.0,8278.0,79945.0,463253.0,470307.0
2022-10-25 14:00:00,8278.0,8308.0,8232.0,8240.0,134047.0,470307.0,459297.0
2022-10-25 21:00:00,8202.0,8228.0,8158.0,8210.0,182054.0,459297.0,457269.0
2022-10-25 22:00:00,8210.0,8254.0,8206.0,8234.0,124182.0,457269.0,455521.0
2022-10-26 09:00:00,8218.0,8274.0,8168.0,8262.0,142058.0,455521.0,461571.0
2022-10-26 10:00:00,8262.0,8328.0,8256.0,8262.0,107202.0,461571.0,466382.0
2022-10-26 11:00:00,8262.0,8272.0,8164.0,8192.0,129766.0,466382.0,458584.0
2022-10-26 13:00:00,8180.0,8180.0,8112.0,8118.0,95507.0,458584.0,457367.0
2022-10-26 14:00:00,8118.0,8172.0,8102.0,8166.0,121452.0,457367.0,448930.0
2022-10-26 21:00:00,8198.0,8266.0,8180.0,8200.0,201755.0,448930.0,454732.0
2022-10-26 22:00:00,8200.0,8276.0,8174.0,8258.0,133329.0,454732.0,455706.0
2022-10-27 09:00:00,8260.0,8298.0,8232.0,8292.0,133524.0,455706.0,466310.0
2022-10-27 10:00:00,8292.0,8294.0,8210.0,8230.0,93059.0,466310.0,463245.0
2022-10-27 11:00:00,8230.0,8278.0,8208.0,8262.0,80315.0,463245.0,470389.0
2022-10-27 13:00:00,8268.0,8270.0,8220.0,8246.0,61384.0,470389.0,467146.0
2022-10-27 14:00:00,8246.0,8262.0,8160.0,8166.0,126464.0,467146.0,460728.0
2022-10-27 21:00:00,8196.0,8250.0,8188.0,8218.0,166849.0,460728.0,468087.0
2022-10-27 22:00:00,8218.0,8224.0,8054.0,8108.0,267362.0,468087.0,454255.0
2022-10-28 09:00:00,8090.0,8122.0,8048.0,8084.0,155580.0,454255.0,454361.0
2022-10-28 10:00:00,8084.0,8092.0,7916.0,7956.0,193662.0,454361.0,442977.0
2022-10-28 11:00:00,7956.0,7974.0,7934.0,7938.0,67186.0,442977.0,440661.0
2022-10-28 13:00:00,7932.0,7938.0,7898.0,7914.0,75132.0,440661.0,440899.0
2022-10-28 14:00:00,7914.0,7946.0,7858.0,7926.0,153784.0,440899.0,435663.0
2022-10-28 21:00:00,7926.0,7950.0,7860.0,7884.0,207303.0,435663.0,450018.0
2022-10-28 22:00:00,7884.0,7886.0,7782.0,7810.0,174004.0,450018.0,439380.0
2022-10-31 09:00:00,7918.0,8080.0,7918.0,7974.0,270987.0,439380.0,440545.0
2022-10-31 10:00:00,7974.0,8138.0,7968.0,8100.0,154363.0,440545.0,448732.0
2022-10-31 11:00:00,8100.0,8154.0,8082.0,8116.0,65927.0,448732.0,452457.0
2022-10-31 13:00:00,8126.0,8126.0,8062.0,8080.0,60781.0,452457.0,451915.0
2022-10-31 14:00:00,8080.0,8084.0,7934.0,8004.0,170376.0,451915.0,438845.0
2022-10-31 21:00:00,7968.0,8142.0,7922.0,8108.0,297544.0,438845.0,457595.0
2022-10-31 22:00:00,8108.0,8166.0,8086.0,8148.0,153965.0,457595.0,453409.0
2022-11-01 09:00:00,8114.0,8256.0,8106.0,8252.0,203899.0,453409.0,460242.0
2022-11-01 10:00:00,8252.0,8342.0,8244.0,8276.0,158466.0,460242.0,471093.0
2022-11-01 11:00:00,8276.0,8316.0,8268.0,8300.0,50927.0,471093.0,473076.0
2022-11-01 13:00:00,8304.0,8338.0,8292.0,8312.0,64059.0,473076.0,477564.0
2022-11-01 14:00:00,8312.0,8386.0,8306.0,8360.0,139514.0,477564.0,471292.0
2022-11-01 21:00:00,8382.0,8410.0,8296.0,8356.0,229691.0,471292.0,475383.0
2022-11-01 22:00:00,8356.0,8358.0,8288.0,8330.0,130764.0,475383.0,471513.0
2022-11-02 09:00:00,8376.0,8388.0,8316.0,8380.0,137226.0,471513.0,472905.0
2022-11-02 10:00:00,8380.0,8520.0,8326.0,8504.0,181249.0,472905.0,477188.0
2022-11-02 11:00:00,8504.0,8586.0,8476.0,8570.0,103408.0,477188.0,475175.0
2022-11-02 13:00:00,8576.0,8588.0,8546.0,8552.0,66117.0,475175.0,476549.0
2022-11-02 14:00:00,8552.0,8564.0,8492.0,8530.0,119049.0,476549.0,469201.0
2022-11-02 21:00:00,8478.0,8530.0,8450.0,8516.0,206931.0,469201.0,476838.0
2022-11-02 22:00:00,8516.0,8566.0,8496.0,8528.0,135248.0,476838.0,474129.0
2022-11-03 09:00:00,8558.0,8614.0,8520.0,8556.0,187703.0,474129.0,482470.0
2022-11-03 10:00:00,8556.0,8600.0,8522.0,8560.0,101321.0,482470.0,481194.0
2022-11-03 11:00:00,8560.0,8578.0,8514.0,8568.0,63246.0,481194.0,480235.0
2022-11-03 13:00:00,8566.0,8578.0,8550.0,8560.0,39468.0,480235.0,482600.0
2022-11-03 14:00:00,8560.0,8562.0,8484.0,8490.0,131973.0,482600.0,472537.0
2022-11-03 21:00:00,8436.0,8472.0,8388.0,8414.0,241678.0,472537.0,472880.0
2022-11-03 22:00:00,8414.0,8488.0,8326.0,8476.0,218878.0,472880.0,464045.0
2022-11-04 09:00:00,8486.0,8526.0,8446.0,8468.0,157209.0,464045.0,468367.0
2022-11-04 10:00:00,8468.0,8580.0,8458.0,8526.0,130184.0,468367.0,468986.0
2022-11-04 11:00:00,8526.0,8608.0,8520.0,8586.0,83515.0,468986.0,471384.0
2022-11-04 13:00:00,8602.0,8646.0,8586.0,8594.0,84446.0,471384.0,471122.0
2022-11-04 14:00:00,8594.0,8608.0,8538.0,8594.0,138546.0,471122.0,468727.0
2022-11-04 21:00:00,8632.0,8676.0,8538.0,8574.0,213528.0,468727.0,466828.0
2022-11-04 22:00:00,8574.0,8636.0,8574.0,8616.0,137678.0,466828.0,460586.0
2022-11-07 09:00:00,8574.0,8574.0,8328.0,8348.0,298643.0,460586.0,452725.0
2022-11-07 10:00:00,8348.0,8458.0,8316.0,8450.0,151436.0,452725.0,451751.0
2022-11-07 11:00:00,8450.0,8482.0,8434.0,8478.0,74711.0,451751.0,450488.0
2022-11-07 13:00:00,8474.0,8520.0,8444.0,8482.0,86464.0,450488.0,452181.0
2022-11-07 14:00:00,8482.0,8516.0,8458.0,8500.0,96968.0,452181.0,448604.0
2022-11-07 21:00:00,8516.0,8558.0,8482.0,8536.0,183803.0,448604.0,457144.0
2022-11-07 22:00:00,8536.0,8572.0,8460.0,8466.0,156074.0,457144.0,448004.0
2022-11-08 09:00:00,8452.0,8482.0,8426.0,8450.0,136979.0,448004.0,446661.0
2022-11-08 10:00:00,8450.0,8514.0,8440.0,8490.0,101671.0,446661.0,447959.0
2022-11-08 11:00:00,8490.0,8542.0,8490.0,8516.0,75381.0,447959.0,450866.0
2022-11-08 13:00:00,8504.0,8504.0,8458.0,8474.0,61211.0,450866.0,447977.0
2022-11-08 14:00:00,8474.0,8548.0,8468.0,8530.0,108187.0,447977.0,444338.0
2022-11-08 21:00:00,8506.0,8558.0,8472.0,8502.0,171092.0,444338.0,451395.0
2022-11-08 22:00:00,8502.0,8534.0,8464.0,8482.0,143345.0,451395.0,441372.0
2022-11-09 09:00:00,8430.0,8432.0,8328.0,8340.0,212301.0,441372.0,440656.0
2022-11-09 10:00:00,8340.0,8408.0,8324.0,8364.0,106244.0,440656.0,437212.0
2022-11-09 11:00:00,8364.0,8370.0,8312.0,8330.0,58364.0,437212.0,438948.0
2022-11-09 13:00:00,8314.0,8324.0,8290.0,8316.0,68094.0,438948.0,439667.0
2022-11-09 14:00:00,8316.0,8366.0,8296.0,8346.0,104146.0,439667.0,427992.0
2022-11-09 21:00:00,8274.0,8332.0,8222.0,8326.0,228643.0,427992.0,433142.0
2022-11-09 22:00:00,8326.0,8340.0,8282.0,8324.0,115903.0,433142.0,427945.0
2022-11-10 09:00:00,8316.0,8380.0,8252.0,8254.0,172603.0,427945.0,429059.0
2022-11-10 10:00:00,8254.0,8266.0,8142.0,8164.0,170182.0,429059.0,427829.0
2022-11-10 11:00:00,8164.0,8186.0,8120.0,8138.0,99988.0,427829.0,423577.0
2022-11-10 13:00:00,8192.0,8242.0,8178.0,8232.0,113998.0,423577.0,418804.0
2022-11-10 14:00:00,8232.0,8350.0,8230.0,8340.0,200549.0,418804.0,414473.0
2022-11-10 21:00:00,8298.0,8418.0,8290.0,8386.0,246001.0,414473.0,419761.0
2022-11-10 22:00:00,8386.0,8388.0,8262.0,8296.0,178265.0,419761.0,408877.0
2022-11-11 09:00:00,8300.0,8478.0,8300.0,8438.0,258321.0,408877.0,418613.0
2022-11-11 10:00:00,8438.0,8488.0,8410.0,8446.0,126154.0,418613.0,426452.0
2022-11-11 11:00:00,8446.0,8464.0,8404.0,8428.0,60851.0,426452.0,423940.0
2022-11-11 13:00:00,8410.0,8598.0,8410.0,8592.0,121873.0,423940.0,429322.0
2022-11-11 14:00:00,8592.0,8610.0,8512.0,8554.0,178480.0,429322.0,424555.0
2022-11-11 21:00:00,8536.0,8616.0,8530.0,8602.0,185934.0,424555.0,433675.0
2022-11-11 22:00:00,8602.0,8628.0,8548.0,8608.0,128177.0,433675.0,430244.0
2022-11-14 09:00:00,8584.0,8614.0,8456.0,8462.0,213030.0,430244.0,429404.0
2022-11-14 10:00:00,8462.0,8468.0,8412.0,8436.0,105771.0,429404.0,428750.0
2022-11-14 11:00:00,8436.0,8436.0,8300.0,8308.0,120146.0,428750.0,429733.0
2022-11-14 13:00:00,8296.0,8310.0,8242.0,8246.0,108379.0,429733.0,430389.0
2022-11-14 14:00:00,8246.0,8256.0,8204.0,8220.0,179346.0,430389.0,421911.0
2022-11-14 21:00:00,8202.0,8264.0,8188.0,8254.0,168252.0,421911.0,421636.0
2022-11-14 22:00:00,8254.0,8284.0,8210.0,8252.0,126819.0,421636.0,413455.0
2022-11-15 09:00:00,8216.0,8276.0,8166.0,8210.0,196257.0,413455.0,415411.0
2022-11-15 10:00:00,8210.0,8324.0,8202.0,8318.0,104502.0,415411.0,411716.0
2022-11-15 11:00:00,8318.0,8326.0,8230.0,8268.0,72413.0,411716.0,406545.0
2022-11-15 13:00:00,8266.0,8278.0,8126.0,8136.0,123305.0,406545.0,418058.0
2022-11-15 14:00:00,8136.0,8198.0,8088.0,8194.0,214950.0,418058.0,405333.0
2022-11-15 21:00:00,8124.0,8190.0,8104.0,8170.0,213601.0,405333.0,405515.0
2022-11-15 22:00:00,8170.0,8198.0,8092.0,8150.0,166253.0,405515.0,398547.0
2022-11-16 09:00:00,8198.0,8268.0,8172.0,8192.0,184136.0,398547.0,394782.0
2022-11-16 10:00:00,8192.0,8224.0,8158.0,8170.0,115069.0,394782.0,398006.0
2022-11-16 11:00:00,8170.0,8186.0,8142.0,8162.0,51187.0,398006.0,397148.0
2022-11-16 13:00:00,8162.0,8192.0,8134.0,8170.0,54706.0,397148.0,399558.0
2022-11-16 14:00:00,8170.0,8180.0,8072.0,8078.0,158213.0,399558.0,404554.0
2022-11-16 21:00:00,8062.0,8074.0,7958.0,7974.0,224055.0,404554.0,421708.0
2022-11-16 22:00:00,7974.0,8012.0,7912.0,7962.0,229613.0,421708.0,408958.0
2022-11-17 09:00:00,7950.0,7954.0,7874.0,7898.0,175970.0,408958.0,415827.0
2022-11-17 10:00:00,7898.0,7934.0,7858.0,7878.0,108952.0,415827.0,421750.0
2022-11-17 11:00:00,7878.0,7878.0,7832.0,7856.0,67684.0,421750.0,423021.0
2022-11-17 13:00:00,7856.0,7882.0,7834.0,7848.0,63272.0,423021.0,424129.0
2022-11-17 14:00:00,7848.0,7918.0,7840.0,7908.0,129454.0,424129.0,409679.0
2022-11-17 21:00:00,7848.0,7878.0,7806.0,7834.0,183765.0,409679.0,417708.0
2022-11-17 22:00:00,7834.0,7926.0,7816.0,7892.0,144371.0,417708.0,408918.0
2022-11-18 09:00:00,7888.0,7962.0,7856.0,7936.0,192341.0,408918.0,409637.0
2022-11-18 10:00:00,7936.0,7980.0,7918.0,7928.0,100556.0,409637.0,405923.0
2022-11-18 11:00:00,7928.0,7940.0,7894.0,7932.0,51377.0,405923.0,404430.0
2022-11-18 13:00:00,7928.0,7956.0,7904.0,7914.0,53538.0,404430.0,403905.0
2022-11-18 14:00:00,7914.0,7936.0,7870.0,7898.0,105160.0,403905.0,398205.0
2022-11-18 21:00:00,7904.0,7922.0,7828.0,7846.0,181359.0,398205.0,408188.0
2022-11-18 22:00:00,7846.0,7900.0,7788.0,7892.0,179626.0,408188.0,400095.0
2022-11-21 09:00:00,7916.0,7940.0,7826.0,7868.0,197160.0,400095.0,398897.0
2022-11-21 10:00:00,7868.0,7894.0,7708.0,7738.0,179082.0,398897.0,406685.0
2022-11-21 11:00:00,7738.0,7788.0,7728.0,7768.0,79500.0,406685.0,403625.0
2022-11-21 13:00:00,7778.0,7832.0,7774.0,7820.0,72267.0,403625.0,405926.0
2022-11-21 14:00:00,7820.0,7908.0,7798.0,7884.0,150874.0,405926.0,401978.0
2022-11-21 21:00:00,7876.0,7926.0,7852.0,7878.0,185759.0,401978.0,402276.0
2022-11-21 22:00:00,7878.0,7890.0,7714.0,7752.0,218269.0,402276.0,400303.0
2022-11-22 09:00:00,7846.0,7980.0,7846.0,7958.0,232434.0,400303.0,394554.0
2022-11-22 10:00:00,7958.0,7964.0,7894.0,7958.0,100607.0,394554.0,390183.0
2022-11-22 11:00:00,7958.0,7996.0,7916.0,7988.0,63054.0,390183.0,388637.0
2022-11-22 13:00:00,8010.0,8034.0,7990.0,8002.0,89549.0,388637.0,391427.0
2022-11-22 14:00:00,8002.0,8018.0,7936.0,7946.0,137415.0,391427.0,383413.0
2022-11-22 21:00:00,7998.0,8086.0,7990.0,8034.0,221526.0,383413.0,388322.0
2022-11-22 22:00:00,8034.0,8054.0,7984.0,8030.0,132300.0,388322.0,386454.0
2022-11-23 09:00:00,8016.0,8044.0,7962.0,8008.0,150392.0,386454.0,392542.0
2022-11-23 10:00:00,8008.0,8050.0,7986.0,8026.0,90827.0,392542.0,389936.0
2022-11-23 11:00:00,8026.0,8028.0,7998.0,8014.0,43511.0,389936.0,386223.0
2022-11-23 13:00:00,8004.0,8042.0,7968.0,8022.0,78457.0,386223.0,385813.0
2022-11-23 14:00:00,8022.0,8080.0,8014.0,8068.0,141421.0,385813.0,378849.0
2022-11-23 21:00:00,8056.0,8068.0,8012.0,8020.0,192161.0,378849.0,382231.0
2022-11-23 22:00:00,8020.0,8162.0,8004.0,8138.0,194858.0,382231.0,374312.0
2022-11-24 09:00:00,8178.0,8312.0,8176.0,8292.0,231746.0,374312.0,371650.0
2022-11-24 10:00:00,8292.0,8304.0,8268.0,8300.0,69216.0,371650.0,371284.0
2022-11-24 11:00:00,8300.0,8316.0,8236.0,8256.0,78715.0,371284.0,364463.0
2022-11-24 13:00:00,8260.0,8268.0,8228.0,8244.0,58513.0,364463.0,362874.0
2022-11-24 14:00:00,8244.0,8260.0,8228.0,8244.0,82965.0,362874.0,354432.0
2022-11-24 21:00:00,8196.0,8272.0,8182.0,8266.0,178923.0,354432.0,357626.0
2022-11-24 22:00:00,8266.0,8294.0,8254.0,8294.0,98425.0,357626.0,352737.0
2022-11-25 09:00:00,8296.0,8310.0,8262.0,8274.0,104880.0,352737.0,353235.0
2022-11-25 10:00:00,8274.0,8320.0,8226.0,8234.0,100863.0,353235.0,351629.0
2022-11-25 11:00:00,8234.0,8254.0,8206.0,8252.0,79182.0,351629.0,346054.0
2022-11-25 13:00:00,8248.0,8278.0,8220.0,8278.0,58988.0,346054.0,346106.0
2022-11-25 14:00:00,8278.0,8310.0,8272.0,8302.0,109204.0,346106.0,340123.0
2022-11-25 21:00:00,8360.0,8388.0,8282.0,8328.0,160375.0,340123.0,340308.0
2022-11-25 22:00:00,8328.0,8342.0,8282.0,8320.0,96213.0,340308.0,332807.0
2022-11-28 09:00:00,8290.0,8290.0,8060.0,8076.0,277277.0,332807.0,328545.0
2022-11-28 10:00:00,8076.0,8178.0,8052.0,8160.0,117038.0,328545.0,326351.0
2022-11-28 11:00:00,8160.0,8172.0,8130.0,8152.0,38804.0,326351.0,325077.0
2022-11-28 13:00:00,8138.0,8152.0,8110.0,8134.0,52991.0,325077.0,325540.0
2022-11-28 14:00:00,8134.0,8160.0,8114.0,8152.0,73459.0,325540.0,319428.0
2022-11-28 21:00:00,8158.0,8218.0,8152.0,8204.0,94561.0,319428.0,327409.0
2022-11-28 22:00:00,8204.0,8318.0,8194.0,8318.0,121697.0,327409.0,323545.0
2022-11-29 09:00:00,8388.0,8506.0,8354.0,8498.0,212445.0,323545.0,343875.0
2022-11-29 10:00:00,8498.0,8518.0,8468.0,8496.0,98931.0,343875.0,345308.0
2022-11-29 11:00:00,8496.0,8558.0,8492.0,8550.0,62838.0,345308.0,349531.0
2022-11-29 13:00:00,8580.0,8594.0,8542.0,8544.0,68077.0,349531.0,349669.0
2022-11-29 14:00:00,8544.0,8560.0,8508.0,8524.0,107837.0,349669.0,338691.0
2022-11-29 21:00:00,8540.0,8562.0,8504.0,8542.0,161265.0,338691.0,337951.0
2022-11-29 22:00:00,8542.0,8574.0,8520.0,8544.0,105994.0,337951.0,333877.0
2022-11-30 09:00:00,8514.0,8550.0,8502.0,8524.0,98062.0,333877.0,335442.0
2022-11-30 10:00:00,8524.0,8594.0,8478.0,8526.0,143191.0,335442.0,335825.0
2022-11-30 11:00:00,8526.0,8534.0,8492.0,8518.0,53561.0,335825.0,332829.0
2022-11-30 13:00:00,8518.0,8540.0,8490.0,8490.0,47309.0,332829.0,334050.0
2022-11-30 14:00:00,8490.0,8598.0,8490.0,8582.0,115179.0,334050.0,333051.0
2022-11-30 21:00:00,8618.0,8646.0,8570.0,8584.0,154533.0,333051.0,331858.0
2022-11-30 22:00:00,8584.0,8666.0,8556.0,8564.0,151204.0,331858.0,327172.0
2022-12-01 09:00:00,8540.0,8558.0,8476.0,8502.0,183091.0,327172.0,315572.0
2022-12-01 10:00:00,8502.0,8524.0,8454.0,8512.0,88684.0,315572.0,314596.0
2022-12-01 11:00:00,8512.0,8514.0,8460.0,8466.0,52313.0,314596.0,310264.0
2022-12-01 13:00:00,8450.0,8496.0,8438.0,8482.0,42241.0,310264.0,310247.0
2022-12-01 14:00:00,8482.0,8502.0,8466.0,8496.0,81083.0,310247.0,307953.0
2022-12-01 21:00:00,8456.0,8514.0,8446.0,8484.0,141182.0,307953.0,310270.0
2022-12-01 22:00:00,8484.0,8526.0,8366.0,8386.0,219248.0,310270.0,297285.0
2022-12-02 09:00:00,8338.0,8338.0,8218.0,8260.0,215027.0,297285.0,294867.0
2022-12-02 10:00:00,8260.0,8296.0,8244.0,8256.0,70645.0,294867.0,293488.0
2022-12-02 11:00:00,8256.0,8276.0,8234.0,8250.0,40947.0,293488.0,290692.0
2022-12-02 13:00:00,8244.0,8260.0,8232.0,8258.0,31716.0,290692.0,288314.0
2022-12-02 14:00:00,8258.0,8290.0,8244.0,8272.0,74133.0,288314.0,282124.0
2022-12-02 21:00:00,8234.0,8318.0,8210.0,8264.0,180125.0,282124.0,284943.0
2022-12-02 22:00:00,8264.0,8344.0,8254.0,8338.0,128444.0,284943.0,282124.0
2022-12-05 09:00:00,8360.0,8402.0,8288.0,8348.0,143821.0,282124.0,283482.0
2022-12-05 10:00:00,8348.0,8402.0,8316.0,8322.0,80851.0,283482.0,282119.0
2022-12-05 11:00:00,8322.0,8342.0,8310.0,8324.0,38892.0,282119.0,281843.0
2022-12-05 13:00:00,8308.0,8334.0,8246.0,8256.0,71312.0,281843.0,282058.0
2022-12-05 14:00:00,8256.0,8256.0,8114.0,8182.0,172587.0,282058.0,279803.0
2022-12-05 21:00:00,8208.0,8226.0,8134.0,8148.0,160016.0,279803.0,282415.0
2022-12-05 22:00:00,8148.0,8164.0,8080.0,8086.0,110534.0,282415.0,281340.0
2022-12-06 09:00:00,7972.0,8078.0,7952.0,8048.0,150403.0,281340.0,279951.0
2022-12-06 10:00:00,8048.0,8106.0,8010.0,8016.0,68029.0,279951.0,280869.0
2022-12-06 11:00:00,8016.0,8030.0,7992.0,8004.0,36306.0,280869.0,282148.0
2022-12-06 13:00:00,8004.0,8028.0,7988.0,8028.0,42969.0,282148.0,281516.0
2022-12-06 14:00:00,8028.0,8106.0,8004.0,8098.0,98492.0,281516.0,267038.0
2022-12-06 21:00:00,8164.0,8194.0,8112.0,8120.0,179852.0,267038.0,264519.0
2022-12-06 22:00:00,8120.0,8218.0,8108.0,8192.0,133644.0,264519.0,258096.0
2022-12-07 09:00:00,8132.0,8190.0,8124.0,8184.0,96825.0,258096.0,254629.0
2022-12-07 10:00:00,8184.0,8238.0,8102.0,8218.0,99963.0,254629.0,252730.0
2022-12-07 11:00:00,8218.0,8218.0,8140.0,8150.0,42529.0,252730.0,249583.0
2022-12-07 13:00:00,8170.0,8194.0,8116.0,8122.0,55418.0,249583.0,252533.0
2022-12-07 14:00:00,8122.0,8126.0,8012.0,8028.0,137982.0,252533.0,262050.0
2022-12-07 21:00:00,8060.0,8114.0,8042.0,8074.0,133372.0,262050.0,254938.0
2022-12-07 22:00:00,8074.0,8112.0,8062.0,8078.0,81425.0,254938.0,252229.0
2022-12-08 09:00:00,8006.0,8100.0,8006.0,8076.0,116306.0,252229.0,249449.0
2022-12-08 10:00:00,8076.0,8080.0,7972.0,8074.0,116179.0,249449.0,246689.0
2022-12-08 11:00:00,8074.0,8076.0,7946.0,7966.0,69897.0,246689.0,247189.0
2022-12-08 13:00:00,7956.0,7966.0,7910.0,7944.0,75342.0,247189.0,248145.0
2022-12-08 14:00:00,7944.0,7988.0,7916.0,7980.0,101172.0,248145.0,240950.0
2022-12-08 21:00:00,7992.0,8098.0,7980.0,8096.0,156236.0,240950.0,232704.0
2022-12-08 22:00:00,8096.0,8116.0,8036.0,8076.0,99537.0,232704.0,226661.0
2022-12-09 09:00:00,8060.0,8158.0,8054.0,8128.0,124627.0,226661.0,227021.0
2022-12-09 10:00:00,8128.0,8144.0,8046.0,8080.0,80913.0,227021.0,227480.0
2022-12-09 11:00:00,8080.0,8088.0,8004.0,8028.0,56395.0,227480.0,230110.0
2022-12-09 13:00:00,8014.0,8040.0,7998.0,8004.0,41572.0,230110.0,232719.0
2022-12-09 14:00:00,8004.0,8018.0,7960.0,7966.0,101369.0,232719.0,231666.0
2022-12-09 21:00:00,7964.0,8024.0,7942.0,7986.0,152745.0,231666.0,223721.0
2022-12-09 22:00:00,7986.0,7994.0,7870.0,7870.0,90867.0,223721.0,225470.0
2022-12-12 09:00:00,7864.0,7866.0,7542.0,7554.0,251063.0,225470.0,233629.0
2022-12-12 10:00:00,7554.0,7578.0,7524.0,7534.0,72549.0,233629.0,232420.0
2022-12-12 11:00:00,7534.0,7572.0,7468.0,7516.0,49135.0,232420.0,230272.0
2022-12-12 13:00:00,7528.0,7542.0,7470.0,7492.0,47128.0,230272.0,232921.0
2022-12-12 14:00:00,7492.0,7494.0,7442.0,7464.0,85906.0,232921.0,224060.0
2022-12-12 21:00:00,7450.0,7484.0,7416.0,7442.0,125879.0,224060.0,217136.0
2022-12-12 22:00:00,7442.0,7506.0,7434.0,7496.0,69591.0,217136.0,211953.0
2022-12-13 09:00:00,7570.0,7590.0,7496.0,7544.0,104598.0,211953.0,205559.0
2022-12-13 10:00:00,7544.0,7632.0,7536.0,7600.0,62977.0,205559.0,199177.0
2022-12-13 11:00:00,7600.0,7636.0,7570.0,7586.0,34210.0,199177.0,196858.0
2022-12-13 13:00:00,7644.0,7686.0,7616.0,7672.0,54244.0,196858.0,196073.0
2022-12-13 14:00:00,7672.0,7686.0,7634.0,7650.0,59459.0,196073.0,189904.0
2022-12-13 21:00:00,7850.0,7936.0,7802.0,7936.0,200292.0,189904.0,375895.0
2022-12-13 22:00:00,7936.0,7976.0,7918.0,7950.0,112037.0,375895.0,372588.0
2022-12-14 09:00:00,7994.0,8000.0,7850.0,7864.0,125934.0,372588.0,384233.0
2022-12-14 10:00:00,7864.0,7920.0,7854.0,7910.0,64924.0,384233.0,389047.0
2022-12-14 11:00:00,7910.0,7914.0,7868.0,7894.0,41701.0,389047.0,389424.0
2022-12-14 13:00:00,7896.0,7920.0,7886.0,7894.0,40509.0,389424.0,392586.0
2022-12-14 14:00:00,7894.0,7916.0,7884.0,7896.0,61553.0,392586.0,390566.0
2022-12-14 21:00:00,7908.0,7948.0,7868.0,7928.0,157492.0,390566.0,401632.0
2022-12-14 22:00:00,7928.0,7994.0,7928.0,7974.0,113657.0,401632.0,390394.0
2022-12-15 09:00:00,7956.0,7982.0,7860.0,7870.0,127628.0,390394.0,401771.0
2022-12-15 10:00:00,7870.0,7918.0,7854.0,7888.0,79106.0,401771.0,405878.0
2022-12-15 11:00:00,7888.0,7892.0,7856.0,7886.0,49971.0,405878.0,409593.0
2022-12-15 13:00:00,7882.0,7908.0,7828.0,7896.0,78483.0,409593.0,412363.0
2022-12-15 14:00:00,7896.0,7900.0,7806.0,7876.0,141423.0,412363.0,409498.0
2022-12-15 21:00:00,7862.0,7896.0,7774.0,7830.0,226996.0,409498.0,422134.0
2022-12-15 22:00:00,7830.0,7928.0,7826.0,7860.0,175450.0,422134.0,409564.0
2022-12-16 09:00:00,7890.0,7992.0,7860.0,7952.0,187989.0,409564.0,415350.0
2022-12-16 10:00:00,7952.0,7978.0,7924.0,7932.0,75633.0,415350.0,415991.0
2022-12-16 11:00:00,7932.0,7938.0,7732.0,7750.0,175938.0,415991.0,435872.0
2022-12-16 13:00:00,7748.0,7836.0,7738.0,7822.0,86119.0,435872.0,434023.0
2022-12-16 14:00:00,7822.0,7842.0,7798.0,7832.0,100419.0,434023.0,429561.0
2022-12-16 21:00:00,7816.0,7838.0,7730.0,7758.0,181981.0,429561.0,433491.0
2022-12-16 22:00:00,7758.0,7776.0,7706.0,7738.0,137383.0,433491.0,430836.0
2022-12-19 09:00:00,7758.0,7828.0,7678.0,7788.0,179641.0,430836.0,426880.0
2022-12-19 10:00:00,7788.0,7826.0,7770.0,7806.0,81537.0,426880.0,425281.0
2022-12-19 11:00:00,7806.0,7888.0,7796.0,7832.0,88764.0,425281.0,422400.0
2022-12-19 13:00:00,7836.0,7836.0,7774.0,7790.0,59524.0,422400.0,425263.0
2022-12-19 14:00:00,7790.0,7798.0,7732.0,7766.0,110924.0,425263.0,425887.0
2022-12-19 21:00:00,7802.0,7838.0,7774.0,7810.0,147423.0,425887.0,429190.0
2022-12-19 22:00:00,7810.0,7824.0,7766.0,7808.0,101677.0,429190.0,427467.0
2022-12-20 09:00:00,7820.0,7928.0,7818.0,7908.0,179711.0,427467.0,426850.0
2022-12-20 10:00:00,7908.0,7910.0,7748.0,7782.0,150755.0,426850.0,438610.0
2022-12-20 11:00:00,7782.0,7786.0,7734.0,7742.0,69950.0,438610.0,444859.0
2022-12-20 13:00:00,7730.0,7732.0,7690.0,7714.0,75290.0,444859.0,450977.0
2022-12-20 14:00:00,7714.0,7766.0,7696.0,7726.0,107838.0,450977.0,447163.0
2022-12-20 21:00:00,7730.0,7768.0,7686.0,7740.0,178918.0,447163.0,455499.0
2022-12-20 22:00:00,7740.0,7760.0,7642.0,7722.0,198208.0,455499.0,457416.0
2022-12-21 09:00:00,7730.0,7820.0,7730.0,7756.0,163029.0,457416.0,448694.0
2022-12-21 10:00:00,7756.0,7802.0,7740.0,7770.0,83446.0,448694.0,448123.0
2022-12-21 11:00:00,7770.0,7778.0,7708.0,7744.0,69243.0,448123.0,449952.0
2022-12-21 13:00:00,7744.0,7826.0,7744.0,7808.0,87702.0,449952.0,447127.0
2022-12-21 14:00:00,7808.0,7858.0,7800.0,7846.0,131847.0,447127.0,438535.0
2022-12-21 21:00:00,7866.0,7894.0,7830.0,7874.0,162762.0,438535.0,437207.0
2022-12-21 22:00:00,7874.0,7878.0,7832.0,7846.0,97245.0,437207.0,432905.0
2022-12-22 09:00:00,7864.0,7912.0,7786.0,7904.0,154766.0,432905.0,437697.0
2022-12-22 10:00:00,7904.0,7904.0,7796.0,7798.0,110551.0,437697.0,433808.0
2022-12-22 11:00:00,7798.0,7826.0,7760.0,7780.0,75491.0,433808.0,436605.0
2022-12-22 13:00:00,7780.0,7792.0,7740.0,7742.0,57619.0,436605.0,445077.0
2022-12-22 14:00:00,7742.0,7746.0,7668.0,7678.0,208654.0,445077.0,464851.0
2022-12-22 21:00:00,7686.0,7720.0,7656.0,7672.0,158427.0,464851.0,472982.0
2022-12-22 22:00:00,7672.0,7704.0,7604.0,7658.0,183792.0,472982.0,476007.0
2022-12-23 09:00:00,7632.0,7664.0,7556.0,7580.0,161844.0,476007.0,488600.0
2022-12-23 10:00:00,7580.0,7620.0,7568.0,7582.0,87038.0,488600.0,490471.0
2022-12-23 11:00:00,7582.0,7652.0,7572.0,7638.0,54889.0,490471.0,483891.0
2022-12-23 13:00:00,7634.0,7648.0,7596.0,7610.0,54740.0,483891.0,483739.0
2022-12-23 14:00:00,7610.0,7636.0,7580.0,7606.0,109315.0,483739.0,475242.0
2022-12-23 21:00:00,7622.0,7712.0,7618.0,7680.0,170293.0,475242.0,473071.0
2022-12-23 22:00:00,7680.0,7708.0,7664.0,7684.0,101804.0,473071.0,461405.0
2022-12-26 09:00:00,7684.0,7878.0,7684.0,7874.0,236785.0,461405.0,451660.0
2022-12-26 10:00:00,7874.0,7884.0,7840.0,7860.0,90846.0,451660.0,449094.0
2022-12-26 11:00:00,7860.0,7902.0,7854.0,7896.0,53605.0,449094.0,449559.0
2022-12-26 13:00:00,7898.0,7904.0,7860.0,7880.0,51304.0,449559.0,448281.0
2022-12-26 14:00:00,7880.0,7902.0,7874.0,7894.0,73996.0,448281.0,445100.0
2022-12-26 21:00:00,7916.0,7968.0,7890.0,7954.0,145804.0,445100.0,447773.0
2022-12-26 22:00:00,7954.0,7982.0,7940.0,7964.0,70753.0,447773.0,443231.0
2022-12-27 09:00:00,7974.0,8170.0,7962.0,8168.0,229497.0,443231.0,450418.0
2022-12-27 10:00:00,8168.0,8188.0,8130.0,8142.0,116793.0,450418.0,436718.0
2022-12-27 11:00:00,8142.0,8180.0,8134.0,8176.0,41174.0,436718.0,435557.0
2022-12-27 13:00:00,8160.0,8186.0,8146.0,8180.0,44517.0,435557.0,435807.0
2022-12-27 14:00:00,8180.0,8194.0,8148.0,8170.0,78892.0,435807.0,429075.0
2022-12-27 21:00:00,8186.0,8198.0,8154.0,8168.0,121229.0,429075.0,437663.0
2022-12-27 22:00:00,8168.0,8184.0,8140.0,8156.0,98853.0,437663.0,429490.0
2022-12-28 09:00:00,8152.0,8178.0,8108.0,8168.0,106776.0,429490.0,432928.0
2022-12-28 10:00:00,8168.0,8210.0,8164.0,8190.0,77548.0,432928.0,434284.0
2022-12-28 11:00:00,8190.0,8198.0,8168.0,8176.0,35149.0,434284.0,433807.0
2022-12-28 13:00:00,8172.0,8186.0,8158.0,8174.0,35000.0,433807.0,436150.0
2022-12-28 14:00:00,8174.0,8196.0,8156.0,8174.0,78787.0,436150.0,434904.0
2022-12-28 21:00:00,8166.0,8172.0,8100.0,8110.0,129377.0,434904.0,434975.0
2022-12-28 22:00:00,8110.0,8160.0,8096.0,8118.0,113918.0,434975.0,425881.0
2022-12-29 09:00:00,8100.0,8122.0,8062.0,8072.0,107466.0,425881.0,425470.0
2022-12-29 10:00:00,8072.0,8090.0,8024.0,8084.0,96714.0,425470.0,423486.0
2022-12-29 11:00:00,8084.0,8110.0,8070.0,8106.0,47182.0,423486.0,423304.0
2022-12-29 13:00:00,8108.0,8128.0,8090.0,8110.0,40290.0,423304.0,424709.0
2022-12-29 14:00:00,8110.0,8156.0,8096.0,8146.0,98238.0,424709.0,422268.0
2022-12-29 21:00:00,8160.0,8170.0,8118.0,8134.0,99946.0,422268.0,425929.0
2022-12-29 22:00:00,8134.0,8184.0,8108.0,8122.0,133650.0,425929.0,424074.0
2022-12-30 09:00:00,8150.0,8182.0,8120.0,8168.0,134225.0,424074.0,429265.0
2022-12-30 10:00:00,8168.0,8234.0,8162.0,8232.0,103261.0,429265.0,439466.0
2022-12-30 11:00:00,8232.0,8278.0,8228.0,8260.0,94180.0,439466.0,441930.0
2022-12-30 13:00:00,8254.0,8314.0,8244.0,8298.0,69817.0,441930.0,442448.0
2022-12-30 14:00:00,8298.0,8342.0,8276.0,8338.0,138861.0,442448.0,432720.0
2023-01-03 09:00:00,8296.0,8314.0,8092.0,8244.0,277792.0,432720.0,428870.0
2023-01-03 10:00:00,8244.0,8286.0,8214.0,8248.0,93338.0,428870.0,429599.0
2023-01-03 11:00:00,8248.0,8280.0,8236.0,8272.0,35175.0,429599.0,431191.0
2023-01-03 13:00:00,8270.0,8320.0,8252.0,8294.0,57771.0,431191.0,438706.0
2023-01-03 14:00:00,8294.0,8308.0,8270.0,8280.0,75538.0,438706.0,436877.0
2023-01-03 21:00:00,8278.0,8310.0,8258.0,8272.0,115862.0,436877.0,441997.0
2023-01-03 22:00:00,8272.0,8292.0,8252.0,8280.0,85225.0,441997.0,437811.0
2023-01-04 09:00:00,8200.0,8248.0,8170.0,8222.0,152705.0,437811.0,438518.0
2023-01-04 10:00:00,8222.0,8260.0,8198.0,8210.0,67091.0,438518.0,441827.0
2023-01-04 11:00:00,8210.0,8232.0,8192.0,8218.0,39810.0,441827.0,441975.0
2023-01-04 13:00:00,8200.0,8218.0,8192.0,8196.0,33560.0,441975.0,443997.0
2023-01-04 14:00:00,8196.0,8240.0,8174.0,8228.0,88061.0,443997.0,441316.0
2023-01-04 21:00:00,8180.0,8194.0,8110.0,8164.0,179191.0,441316.0,444797.0
2023-01-04 22:00:00,8164.0,8170.0,8106.0,8134.0,109977.0,444797.0,442612.0
2023-01-05 09:00:00,8118.0,8210.0,8118.0,8176.0,128517.0,442612.0,444072.0
2023-01-05 10:00:00,8176.0,8190.0,8062.0,8112.0,149314.0,444072.0,444086.0
2023-01-05 11:00:00,8112.0,8116.0,8066.0,8072.0,86664.0,444086.0,447177.0
2023-01-05 13:00:00,8056.0,8130.0,8050.0,8108.0,76355.0,447177.0,446240.0
2023-01-05 14:00:00,8108.0,8130.0,8096.0,8120.0,97482.0,446240.0,441587.0
2023-01-05 21:00:00,8148.0,8162.0,8084.0,8094.0,131723.0,441587.0,448748.0
2023-01-05 22:00:00,8094.0,8094.0,8006.0,8018.0,162136.0,448748.0,452937.0
2023-01-06 09:00:00,8034.0,8062.0,8010.0,8028.0,118815.0,452937.0,452949.0
2023-01-06 10:00:00,8028.0,8092.0,8024.0,8090.0,90806.0,452949.0,452568.0
2023-01-06 11:00:00,8090.0,8122.0,8076.0,8118.0,63181.0,452568.0,451192.0
2023-01-06 13:00:00,8106.0,8108.0,8076.0,8104.0,45720.0,451192.0,454202.0
2023-01-06 14:00:00,8104.0,8180.0,8090.0,8160.0,127564.0,454202.0,452881.0
2023-01-06 21:00:00,8090.0,8100.0,8016.0,8076.0,211390.0,452881.0,462987.0
2023-01-06 22:00:00,8076.0,8128.0,7972.0,8012.0,229280.0,462987.0,454736.0
2023-01-09 09:00:00,8096.0,8114.0,8014.0,8014.0,147213.0,454736.0,454074.0
2023-01-09 10:00:00,8014.0,8034.0,7952.0,7966.0,131790.0,454074.0,469764.0
2023-01-09 11:00:00,7966.0,7992.0,7958.0,7974.0,51685.0,469764.0,469731.0
2023-01-09 13:00:00,7976.0,8008.0,7958.0,7982.0,86507.0,469731.0,474477.0
2023-01-09 14:00:00,7982.0,8014.0,7974.0,7988.0,113514.0,474477.0,464494.0
2023-01-09 21:00:00,8056.0,8074.0,8012.0,8018.0,148014.0,464494.0,456002.0
2023-01-09 22:00:00,8018.0,8030.0,7992.0,8008.0,79063.0,456002.0,454647.0
2023-01-10 09:00:00,7994.0,7994.0,7828.0,7832.0,208694.0,454647.0,480568.0
2023-01-10 10:00:00,7832.0,7848.0,7806.0,7836.0,98641.0,480568.0,482897.0
2023-01-10 11:00:00,7836.0,7906.0,7836.0,7888.0,68437.0,482897.0,472068.0
2023-01-10 13:00:00,7892.0,7892.0,7768.0,7774.0,127234.0,472068.0,483361.0
2023-01-10 14:00:00,7774.0,7812.0,7764.0,7786.0,113204.0,483361.0,476895.0
2023-01-10 21:00:00,7824.0,7844.0,7798.0,7832.0,126078.0,476895.0,476847.0
2023-01-10 22:00:00,7832.0,7854.0,7826.0,7838.0,79404.0,476847.0,469729.0
2023-01-11 09:00:00,7822.0,7824.0,7768.0,7788.0,112088.0,469729.0,479354.0
2023-01-11 10:00:00,7788.0,7806.0,7730.0,7760.0,87657.0,479354.0,485286.0
2023-01-11 11:00:00,7760.0,7776.0,7740.0,7764.0,42571.0,485286.0,484836.0
2023-01-11 13:00:00,7758.0,7836.0,7736.0,7814.0,94605.0,484836.0,485404.0
2023-01-11 14:00:00,7814.0,7824.0,7758.0,7794.0,114675.0,485404.0,485891.0
2023-01-11 21:00:00,7824.0,7836.0,7780.0,7788.0,141928.0,485891.0,494923.0
2023-01-11 22:00:00,7788.0,7812.0,7752.0,7756.0,105730.0,494923.0,497431.0
2023-01-12 09:00:00,7758.0,7834.0,7750.0,7818.0,120258.0,497431.0,494185.0
2023-01-12 10:00:00,7818.0,7842.0,7766.0,7776.0,114923.0,494185.0,501878.0
2023-01-12 11:00:00,7776.0,7782.0,7710.0,7744.0,91093.0,501878.0,511125.0
2023-01-12 13:00:00,7760.0,7816.0,7760.0,7770.0,84088.0,511125.0,503249.0
2023-01-12 14:00:00,7770.0,7830.0,7746.0,7826.0,131777.0,503249.0,498738.0
2023-01-12 21:00:00,7826.0,7832.0,7772.0,7788.0,130285.0,498738.0,510499.0
2023-01-12 22:00:00,7788.0,7790.0,7724.0,7734.0,126150.0,510499.0,517770.0
2023-01-13 09:00:00,7760.0,7898.0,7760.0,7842.0,280609.0,517770.0,507754.0
2023-01-13 10:00:00,7842.0,7844.0,7714.0,7740.0,200470.0,507754.0,526317.0
2023-01-13 11:00:00,7740.0,7766.0,7676.0,7720.0,144360.0,526317.0,535267.0
2023-01-13 13:00:00,7716.0,7750.0,7692.0,7732.0,77605.0,535267.0,537209.0
2023-01-13 14:00:00,7732.0,7752.0,7700.0,7750.0,126444.0,537209.0,525927.0
2023-01-13 21:00:00,7692.0,7696.0,7620.0,7650.0,182600.0,525927.0,549231.0
2023-01-13 22:00:00,7650.0,7740.0,7640.0,7712.0,158810.0,549231.0,532000.0
2023-01-16 09:00:00,7738.0,7810.0,7724.0,7786.0,140250.0,532000.0,525153.0
2023-01-16 10:00:00,7786.0,7820.0,7782.0,7788.0,64577.0,525153.0,522578.0
2023-01-16 11:00:00,7788.0,7802.0,7760.0,7796.0,41634.0,522578.0,518952.0
2023-01-16 13:00:00,7788.0,7800.0,7772.0,7778.0,33790.0,518952.0,519971.0
2023-01-16 14:00:00,7778.0,7788.0,7738.0,7766.0,112921.0,519971.0,518356.0
2023-01-16 21:00:00,7754.0,7768.0,7714.0,7730.0,101483.0,518356.0,529055.0
2023-01-16 22:00:00,7730.0,7828.0,7708.0,7798.0,120285.0,529055.0,523119.0
2023-01-17 09:00:00,7782.0,7792.0,7728.0,7770.0,117521.0,523119.0,530470.0
2023-01-17 10:00:00,7770.0,7782.0,7738.0,7752.0,65198.0,530470.0,534465.0
2023-01-17 11:00:00,7752.0,7776.0,7740.0,7768.0,32289.0,534465.0,532041.0
2023-01-17 13:00:00,7764.0,7824.0,7762.0,7784.0,76568.0,532041.0,531172.0
2023-01-17 14:00:00,7784.0,7800.0,7740.0,7760.0,93326.0,531172.0,532397.0
2023-01-17 21:00:00,7752.0,7786.0,7736.0,7758.0,151082.0,532397.0,548241.0
2023-01-17 22:00:00,7758.0,7784.0,7746.0,7754.0,99801.0,548241.0,540426.0
2023-01-18 09:00:00,7776.0,7884.0,7770.0,7792.0,216868.0,540426.0,531023.0
2023-01-18 10:00:00,7792.0,7820.0,7786.0,7808.0,70406.0,531023.0,537972.0
2023-01-18 11:00:00,7808.0,7830.0,7806.0,7820.0,48423.0,537972.0,539185.0
2023-01-18 13:00:00,7822.0,7864.0,7822.0,7864.0,65986.0,539185.0,540529.0
2023-01-18 14:00:00,7864.0,7886.0,7838.0,7840.0,123707.0,540529.0,541226.0
2023-01-18 21:00:00,7848.0,7892.0,7820.0,7862.0,139560.0,541226.0,541669.0
2023-01-18 22:00:00,7862.0,7930.0,7862.0,7928.0,109497.0,541669.0,539365.0
2023-01-19 09:00:00,7888.0,7888.0,7746.0,7820.0,234259.0,539365.0,540505.0
2023-01-19 10:00:00,7820.0,7920.0,7796.0,7888.0,114657.0,540505.0,537878.0
2023-01-19 11:00:00,7888.0,7904.0,7876.0,7884.0,41702.0,537878.0,536173.0
2023-01-19 13:00:00,7882.0,7890.0,7842.0,7844.0,44394.0,536173.0,532451.0
2023-01-19 14:00:00,7844.0,7858.0,7814.0,7840.0,86576.0,532451.0,525853.0
2023-01-19 21:00:00,7852.0,7892.0,7828.0,7834.0,107022.0,525853.0,529803.0
2023-01-19 22:00:00,7834.0,7876.0,7828.0,7856.0,69319.0,529803.0,523674.0
2023-01-20 09:00:00,7836.0,7920.0,7818.0,7916.0,96676.0,523674.0,522472.0
2023-01-20 10:00:00,7916.0,7922.0,7872.0,7888.0,48627.0,522472.0,520195.0
2023-01-20 11:00:00,7888.0,7898.0,7822.0,7862.0,47349.0,520195.0,520080.0
2023-01-20 13:00:00,7860.0,7886.0,7858.0,7866.0,24367.0,520080.0,518700.0
2023-01-20 14:00:00,7866.0,7898.0,7854.0,7888.0,65198.0,518700.0,503287.0
2023-01-30 09:00:00,7910.0,8098.0,7900.0,8028.0,289295.0,503287.0,503763.0
2023-01-30 10:00:00,8028.0,8090.0,8010.0,8078.0,100859.0,503763.0,505290.0
2023-01-30 11:00:00,8078.0,8084.0,8036.0,8064.0,48063.0,505290.0,500259.0
2023-01-30 13:00:00,8060.0,8074.0,8030.0,8040.0,38352.0,500259.0,500204.0
2023-01-30 14:00:00,8040.0,8048.0,8006.0,8012.0,74759.0,500204.0,496616.0
2023-01-30 21:00:00,8020.0,8056.0,8002.0,8014.0,121962.0,496616.0,500765.0
2023-01-30 22:00:00,8014.0,8022.0,7974.0,8014.0,82719.0,500765.0,499958.0
2023-01-31 09:00:00,8010.0,8018.0,7940.0,7996.0,135448.0,499958.0,508896.0
2023-01-31 10:00:00,7996.0,8002.0,7934.0,7946.0,65350.0,508896.0,514542.0
2023-01-31 11:00:00,7946.0,7954.0,7930.0,7936.0,38510.0,514542.0,518495.0
2023-01-31 13:00:00,7940.0,7960.0,7932.0,7942.0,37693.0,518495.0,518687.0
2023-01-31 14:00:00,7942.0,7954.0,7872.0,7880.0,117957.0,518687.0,521435.0
2023-01-31 21:00:00,7858.0,7880.0,7800.0,7848.0,162275.0,521435.0,529286.0
2023-01-31 22:00:00,7848.0,7862.0,7812.0,7856.0,92004.0,529286.0,529329.0
2023-02-01 09:00:00,7888.0,7918.0,7832.0,7834.0,146920.0,529329.0,534266.0
2023-02-01 10:00:00,7834.0,7838.0,7752.0,7776.0,114913.0,534266.0,545124.0
2023-02-01 11:00:00,7776.0,7818.0,7770.0,7804.0,41874.0,545124.0,542632.0
2023-02-01 13:00:00,7806.0,7818.0,7782.0,7806.0,37528.0,542632.0,543928.0
2023-02-01 14:00:00,7806.0,7832.0,7792.0,7830.0,66823.0,543928.0,537369.0
2023-02-01 21:00:00,7822.0,7844.0,7794.0,7808.0,118603.0,537369.0,543382.0
2023-02-01 22:00:00,7808.0,7818.0,7742.0,7754.0,107469.0,543382.0,544982.0
2023-02-02 09:00:00,7720.0,7732.0,7648.0,7666.0,198809.0,544982.0,567617.0
2023-02-02 10:00:00,7666.0,7688.0,7626.0,7672.0,84678.0,567617.0,575118.0
2023-02-02 11:00:00,7672.0,7694.0,7658.0,7674.0,43865.0,575118.0,573313.0
2023-02-02 13:00:00,7686.0,7694.0,7646.0,7650.0,43718.0,573313.0,576394.0
2023-02-02 14:00:00,7650.0,7668.0,7610.0,7656.0,103309.0,576394.0,576183.0
2023-02-02 21:00:00,7640.0,7668.0,7608.0,7612.0,119016.0,576183.0,586886.0
2023-02-02 22:00:00,7612.0,7656.0,7590.0,7610.0,105301.0,586886.0,588511.0
2023-02-03 09:00:00,7636.0,7674.0,7614.0,7638.0,103243.0,588511.0,589090.0
2023-02-03 10:00:00,7638.0,7692.0,7634.0,7690.0,73581.0,589090.0,587359.0
2023-02-03 11:00:00,7690.0,7766.0,7686.0,7748.0,105645.0,587359.0,572669.0
2023-02-03 13:00:00,7756.0,7766.0,7724.0,7732.0,49555.0,572669.0,567916.0
2023-02-03 14:00:00,7732.0,7814.0,7728.0,7790.0,124635.0,567916.0,549078.0
2023-02-03 21:00:00,7796.0,7830.0,7782.0,7810.0,112441.0,549078.0,543126.0
2023-02-03 22:00:00,7810.0,7862.0,7806.0,7830.0,96624.0,543126.0,532259.0
2023-02-06 09:00:00,7772.0,7796.0,7702.0,7776.0,167507.0,532259.0,534951.0
2023-02-06 10:00:00,7776.0,7780.0,7742.0,7776.0,50685.0,534951.0,535191.0
2023-02-06 11:00:00,7776.0,7884.0,7772.0,7880.0,110360.0,535191.0,531619.0
2023-02-06 13:00:00,7880.0,7908.0,7866.0,7886.0,88599.0,531619.0,526061.0
2023-02-06 14:00:00,7886.0,7910.0,7858.0,7868.0,97627.0,526061.0,512173.0
2023-02-06 21:00:00,7882.0,7922.0,7870.0,7888.0,113052.0,512173.0,515230.0
2023-02-06 22:00:00,7888.0,7898.0,7842.0,7852.0,77260.0,515230.0,509493.0
2023-02-07 09:00:00,7866.0,7908.0,7858.0,7898.0,106991.0,509493.0,509895.0
2023-02-07 10:00:00,7898.0,7950.0,7890.0,7950.0,86003.0,509895.0,510066.0
2023-02-07 11:00:00,7950.0,7988.0,7938.0,7978.0,74327.0,510066.0,510759.0
2023-02-07 13:00:00,7980.0,7984.0,7950.0,7978.0,59769.0,510759.0,508196.0
2023-02-07 14:00:00,7978.0,7998.0,7970.0,7988.0,81851.0,508196.0,501764.0
2023-02-07 21:00:00,8000.0,8016.0,7970.0,8008.0,125089.0,501764.0,502439.0
2023-02-07 22:00:00,8008.0,8012.0,7976.0,8000.0,70256.0,502439.0,498211.0
2023-02-08 09:00:00,8036.0,8078.0,7980.0,8008.0,147407.0,498211.0,495407.0
2023-02-08 10:00:00,8008.0,8066.0,8000.0,8014.0,85267.0,495407.0,491612.0
2023-02-08 11:00:00,8014.0,8020.0,7992.0,8018.0,46123.0,491612.0,492395.0
2023-02-08 13:00:00,8002.0,8034.0,8000.0,8026.0,35955.0,492395.0,493870.0
2023-02-08 14:00:00,8026.0,8042.0,8008.0,8030.0,64944.0,493870.0,486898.0
2023-02-08 21:00:00,8024.0,8074.0,8012.0,8068.0,99774.0,486898.0,490826.0
2023-02-08 22:00:00,8068.0,8086.0,8022.0,8026.0,88041.0,490826.0,483568.0
2023-02-09 09:00:00,8034.0,8056.0,7986.0,8052.0,95384.0,483568.0,483771.0
2023-02-09 10:00:00,8052.0,8056.0,7982.0,7986.0,70898.0,483771.0,480913.0
2023-02-09 11:00:00,7986.0,8002.0,7952.0,7972.0,62097.0,480913.0,479511.0
2023-02-09 13:00:00,7982.0,8012.0,7974.0,7988.0,42549.0,479511.0,478935.0
2023-02-09 14:00:00,7988.0,8014.0,7972.0,8008.0,61233.0,478935.0,473015.0
2023-02-09 21:00:00,8010.0,8040.0,8002.0,8028.0,94663.0,473015.0,472602.0
2023-02-09 22:00:00,8028.0,8038.0,7988.0,8006.0,77566.0,472602.0,468817.0
2023-02-10 09:00:00,7968.0,7974.0,7848.0,7854.0,187713.0,468817.0,469997.0
2023-02-10 10:00:00,7854.0,7868.0,7818.0,7820.0,104210.0,469997.0,470437.0
2023-02-10 11:00:00,7820.0,7824.0,7786.0,7798.0,53912.0,470437.0,471314.0
2023-02-10 13:00:00,7784.0,7814.0,7776.0,7804.0,55285.0,471314.0,475476.0
2023-02-10 14:00:00,7804.0,7848.0,7802.0,7840.0,90522.0,475476.0,470198.0
2023-02-10 21:00:00,7878.0,7928.0,7856.0,7916.0,120688.0,470198.0,471362.0
2023-02-10 22:00:00,7916.0,7924.0,7884.0,7900.0,64919.0,471362.0,465685.0
2023-02-13 09:00:00,7938.0,7954.0,7908.0,7944.0,133773.0,465685.0,461210.0
2023-02-13 10:00:00,7944.0,7972.0,7870.0,7872.0,105907.0,461210.0,458437.0
2023-02-13 11:00:00,7872.0,7874.0,7816.0,7834.0,88645.0,458437.0,459733.0
2023-02-13 13:00:00,7828.0,7830.0,7808.0,7814.0,51532.0,459733.0,464299.0
2023-02-13 14:00:00,7814.0,7838.0,7800.0,7802.0,69525.0,464299.0,463043.0
2023-02-13 21:00:00,7842.0,7850.0,7812.0,7834.0,96283.0,463043.0,462790.0
2023-02-13 22:00:00,7834.0,7870.0,7828.0,7868.0,64787.0,462790.0,456103.0
2023-02-14 09:00:00,7848.0,7882.0,7838.0,7860.0,76185.0,456103.0,459787.0
2023-02-14 10:00:00,7860.0,7910.0,7854.0,7878.0,79591.0,459787.0,455112.0
2023-02-14 11:00:00,7878.0,7918.0,7868.0,7888.0,51189.0,455112.0,452105.0
2023-02-14 13:00:00,7890.0,7916.0,7888.0,7914.0,30465.0,452105.0,451544.0
2023-02-14 14:00:00,7914.0,7944.0,7898.0,7914.0,82827.0,451544.0,446046.0
2023-02-14 21:00:00,7916.0,7922.0,7874.0,7892.0,106076.0,446046.0,447866.0
2023-02-14 22:00:00,7892.0,7906.0,7864.0,7892.0,69999.0,447866.0,445496.0
2023-02-15 09:00:00,7902.0,7992.0,7892.0,7984.0,144197.0,445496.0,449852.0
2023-02-15 10:00:00,7984.0,8014.0,7916.0,7916.0,103985.0,449852.0,450708.0
2023-02-15 11:00:00,7916.0,7942.0,7902.0,7910.0,58990.0,450708.0,447609.0
2023-02-15 13:00:00,7888.0,7890.0,7850.0,7868.0,79745.0,447609.0,450091.0
2023-02-15 14:00:00,7868.0,7880.0,7798.0,7838.0,152445.0,450091.0,462407.0
2023-02-15 21:00:00,7854.0,7888.0,7848.0,7854.0,120849.0,462407.0,464228.0
2023-02-15 22:00:00,7854.0,7862.0,7800.0,7816.0,94309.0,464228.0,462441.0
2023-02-16 09:00:00,7878.0,7980.0,7860.0,7980.0,170706.0,462441.0,459112.0
2023-02-16 10:00:00,7980.0,7980.0,7936.0,7966.0,99813.0,459112.0,461448.0
2023-02-16 11:00:00,7966.0,7990.0,7960.0,7982.0,46673.0,461448.0,460131.0
2023-02-16 13:00:00,7980.0,7982.0,7956.0,7968.0,35965.0,460131.0,459246.0
2023-02-16 14:00:00,7968.0,7978.0,7938.0,7970.0,83034.0,459246.0,454801.0
2023-02-16 21:00:00,8018.0,8094.0,8010.0,8048.0,205230.0,454801.0,470013.0
2023-02-16 22:00:00,8048.0,8076.0,8048.0,8058.0,66844.0,470013.0,464271.0
2023-02-17 09:00:00,8076.0,8192.0,8060.0,8186.0,207628.0,464271.0,486227.0
2023-02-17 10:00:00,8186.0,8218.0,8158.0,8204.0,83014.0,486227.0,493655.0
2023-02-17 11:00:00,8204.0,8206.0,8168.0,8180.0,46708.0,493655.0,494145.0
2023-02-17 13:00:00,8172.0,8190.0,8166.0,8176.0,34806.0,494145.0,495561.0
2023-02-17 14:00:00,8176.0,8194.0,8162.0,8186.0,68673.0,495561.0,489395.0
2023-02-17 21:00:00,8146.0,8178.0,8124.0,8162.0,120990.0,489395.0,488613.0
2023-02-17 22:00:00,8162.0,8218.0,8160.0,8190.0,91384.0,488613.0,489773.0
2023-02-20 09:00:00,8208.0,8234.0,8156.0,8210.0,139517.0,489773.0,489571.0
2023-02-20 10:00:00,8210.0,8218.0,8172.0,8204.0,58049.0,489571.0,490064.0
2023-02-20 11:00:00,8204.0,8258.0,8198.0,8248.0,54562.0,490064.0,495778.0
2023-02-20 13:00:00,8256.0,8256.0,8216.0,8226.0,36274.0,495778.0,496602.0
2023-02-20 14:00:00,8226.0,8240.0,8198.0,8218.0,62839.0,496602.0,495347.0
2023-02-20 21:00:00,8226.0,8250.0,8204.0,8234.0,77189.0,495347.0,497783.0
2023-02-20 22:00:00,8234.0,8276.0,8232.0,8258.0,59942.0,497783.0,497627.0
2023-02-21 09:00:00,8260.0,8280.0,8180.0,8184.0,123460.0,497627.0,492786.0
2023-02-21 10:00:00,8184.0,8204.0,8170.0,8194.0,59444.0,492786.0,492030.0
2023-02-21 11:00:00,8194.0,8254.0,8194.0,8242.0,52000.0,492030.0,494098.0
2023-02-21 13:00:00,8238.0,8238.0,8182.0,8186.0,50267.0,494098.0,493677.0
2023-02-21 14:00:00,8186.0,8202.0,8158.0,8186.0,95844.0,493677.0,488333.0
2023-02-21 21:00:00,8172.0,8200.0,8164.0,8196.0,93231.0,488333.0,489262.0
2023-02-21 22:00:00,8196.0,8228.0,8190.0,8212.0,90810.0,489262.0,489332.0
2023-02-22 09:00:00,8258.0,8290.0,8178.0,8246.0,168635.0,489332.0,490783.0
2023-02-22 10:00:00,8246.0,8298.0,8232.0,8270.0,91145.0,490783.0,498408.0
2023-02-22 11:00:00,8270.0,8308.0,8268.0,8302.0,44623.0,498408.0,503026.0
2023-02-22 13:00:00,8294.0,8300.0,8246.0,8258.0,53582.0,503026.0,498551.0
2023-02-22 14:00:00,8258.0,8282.0,8238.0,8268.0,76690.0,498551.0,494116.0
2023-02-22 21:00:00,8234.0,8290.0,8226.0,8282.0,111721.0,494116.0,503358.0
2023-02-22 22:00:00,8282.0,8296.0,8258.0,8286.0,79281.0,503358.0,503167.0
2023-02-23 09:00:00,8266.0,8324.0,8236.0,8306.0,137151.0,503167.0,511210.0
2023-02-23 10:00:00,8306.0,8310.0,8242.0,8262.0,98258.0,511210.0,503612.0
2023-02-23 11:00:00,8262.0,8278.0,8246.0,8262.0,32568.0,503612.0,504293.0
2023-02-23 13:00:00,8252.0,8260.0,8214.0,8228.0,68549.0,504293.0,503149.0
2023-02-23 14:00:00,8228.0,8232.0,8168.0,8210.0,143287.0,503149.0,495237.0
2023-02-23 21:00:00,8258.0,8298.0,8256.0,8280.0,135457.0,495237.0,502331.0
2023-02-23 22:00:00,8280.0,8284.0,8252.0,8270.0,79830.0,502331.0,499210.0
2023-02-24 09:00:00,8234.0,8274.0,8212.0,8246.0,105925.0,499210.0,502235.0
2023-02-24 10:00:00,8246.0,8320.0,8210.0,8256.0,155783.0,502235.0,504174.0
2023-02-24 11:00:00,8256.0,8346.0,8252.0,8320.0,126154.0,504174.0,520344.0
2023-02-24 13:00:00,8320.0,8330.0,8298.0,8320.0,43778.0,520344.0,520624.0
2023-02-24 14:00:00,8320.0,8356.0,8302.0,8354.0,90561.0,520624.0,523541.0
2023-02-24 21:00:00,8316.0,8332.0,8294.0,8322.0,144346.0,523541.0,518792.0
2023-02-24 22:00:00,8322.0,8336.0,8302.0,8318.0,90293.0,518792.0,514043.0
2023-02-27 09:00:00,8286.0,8322.0,8256.0,8280.0,131206.0,514043.0,509803.0
2023-02-27 10:00:00,8280.0,8308.0,8262.0,8288.0,71360.0,509803.0,507483.0
2023-02-27 11:00:00,8288.0,8290.0,8170.0,8192.0,141457.0,507483.0,501192.0
2023-02-27 13:00:00,8192.0,8274.0,8186.0,8250.0,99924.0,501192.0,496307.0
2023-02-27 14:00:00,8250.0,8266.0,8236.0,8260.0,70113.0,496307.0,493633.0
2023-02-27 21:00:00,8286.0,8294.0,8252.0,8292.0,98195.0,493633.0,499979.0
2023-02-27 22:00:00,8292.0,8294.0,8242.0,8256.0,69617.0,499979.0,492061.0
2023-02-28 09:00:00,8226.0,8240.0,8172.0,8192.0,187558.0,492061.0,486359.0
2023-02-28 10:00:00,8192.0,8264.0,8190.0,8218.0,103054.0,486359.0,482927.0
2023-02-28 11:00:00,8218.0,8242.0,8206.0,8232.0,39452.0,482927.0,483275.0
2023-02-28 13:00:00,8226.0,8230.0,8160.0,8180.0,77510.0,483275.0,478976.0
2023-02-28 14:00:00,8180.0,8238.0,8178.0,8228.0,135244.0,478976.0,473090.0
2023-02-28 21:00:00,8210.0,8228.0,8176.0,8182.0,129199.0,473090.0,472534.0
2023-02-28 22:00:00,8182.0,8202.0,8152.0,8152.0,139687.0,472534.0,468842.0
2023-03-01 09:00:00,8154.0,8178.0,8122.0,8176.0,106462.0,468842.0,465871.0
2023-03-01 10:00:00,8176.0,8242.0,8170.0,8240.0,111956.0,465871.0,466853.0
2023-03-01 11:00:00,8240.0,8246.0,8216.0,8238.0,36183.0,466853.0,465536.0
2023-03-01 13:00:00,8238.0,8238.0,8198.0,8200.0,40352.0,465536.0,466316.0
2023-03-01 14:00:00,8200.0,8274.0,8198.0,8268.0,111719.0,466316.0,473610.0
2023-03-01 21:00:00,8242.0,8268.0,8236.0,8266.0,105015.0,473610.0,478315.0
2023-03-01 22:00:00,8266.0,8280.0,8250.0,8260.0,78293.0,478315.0,480607.0
2023-03-02 09:00:00,8284.0,8372.0,8280.0,8340.0,199531.0,480607.0,503896.0
2023-03-02 10:00:00,8340.0,8352.0,8310.0,8348.0,59853.0,503896.0,502324.0
2023-03-02 11:00:00,8348.0,8368.0,8336.0,8352.0,42016.0,502324.0,506830.0
2023-03-02 13:00:00,8354.0,8386.0,8352.0,8372.0,51333.0,506830.0,510575.0
2023-03-02 14:00:00,8372.0,8376.0,8332.0,8340.0,71586.0,510575.0,505841.0
2023-03-02 21:00:00,8358.0,8390.0,8340.0,8366.0,116262.0,505841.0,513117.0
2023-03-02 22:00:00,8366.0,8382.0,8356.0,8366.0,50255.0,513117.0,509438.0
2023-03-03 09:00:00,8418.0,8448.0,8386.0,8406.0,158708.0,509438.0,512817.0
2023-03-03 10:00:00,8406.0,8442.0,8406.0,8428.0,56189.0,512817.0,513736.0
2023-03-03 11:00:00,8428.0,8446.0,8416.0,8426.0,58952.0,513736.0,511905.0
2023-03-03 13:00:00,8426.0,8430.0,8410.0,8418.0,40722.0,511905.0,508995.0
2023-03-03 14:00:00,8418.0,8430.0,8406.0,8418.0,73111.0,508995.0,502635.0
2023-03-03 21:00:00,8424.0,8424.0,8324.0,8328.0,146641.0,502635.0,499007.0
2023-03-03 22:00:00,8328.0,8370.0,8322.0,8364.0,95528.0,499007.0,491390.0
2023-03-06 09:00:00,8362.0,8390.0,8340.0,8366.0,96332.0,491390.0,494429.0
2023-03-06 10:00:00,8366.0,8368.0,8280.0,8304.0,102417.0,494429.0,483161.0
2023-03-06 11:00:00,8304.0,8310.0,8252.0,8266.0,56250.0,483161.0,481502.0
2023-03-06 13:00:00,8264.0,8266.0,8244.0,8254.0,45649.0,481502.0,481019.0
2023-03-06 14:00:00,8254.0,8262.0,8238.0,8250.0,72001.0,481019.0,473504.0
2023-03-06 21:00:00,8242.0,8254.0,8210.0,8238.0,97055.0,473504.0,476493.0
2023-03-06 22:00:00,8238.0,8240.0,8214.0,8216.0,60690.0,476493.0,473354.0
2023-03-07 09:00:00,8236.0,8240.0,8180.0,8222.0,125376.0,473354.0,476669.0
2023-03-07 10:00:00,8222.0,8262.0,8210.0,8232.0,73023.0,476669.0,476609.0
2023-03-07 11:00:00,8232.0,8256.0,8214.0,8244.0,29415.0,476609.0,476407.0
2023-03-07 13:00:00,8234.0,8236.0,8198.0,8208.0,40626.0,476407.0,476160.0
2023-03-07 14:00:00,8208.0,8218.0,8186.0,8202.0,79756.0,476160.0,471361.0
2023-03-07 21:00:00,8182.0,8190.0,8134.0,8162.0,134796.0,471361.0,478300.0
2023-03-07 22:00:00,8162.0,8178.0,8080.0,8086.0,83374.0,478300.0,473733.0
2023-03-08 09:00:00,8070.0,8094.0,8014.0,8020.0,228537.0,473733.0,480859.0
2023-03-08 10:00:00,8020.0,8044.0,8010.0,8020.0,69864.0,480859.0,484423.0
2023-03-08 11:00:00,8020.0,8040.0,7998.0,8022.0,64893.0,484423.0,480442.0
2023-03-08 13:00:00,8074.0,8092.0,8054.0,8078.0,84678.0,480442.0,472566.0
2023-03-08 14:00:00,8078.0,8082.0,8052.0,8070.0,64731.0,472566.0,464200.0
2023-03-08 21:00:00,8052.0,8094.0,8044.0,8062.0,101490.0,464200.0,472152.0
2023-03-08 22:00:00,8062.0,8074.0,8038.0,8062.0,68743.0,472152.0,468867.0
2023-03-09 09:00:00,8078.0,8082.0,8042.0,8064.0,78797.0,468867.0,471382.0
2023-03-09 10:00:00,8064.0,8090.0,8018.0,8060.0,82358.0,471382.0,473861.0
2023-03-09 11:00:00,8060.0,8066.0,8006.0,8012.0,45453.0,473861.0,481177.0
2023-03-09 13:00:00,8032.0,8042.0,8016.0,8018.0,40743.0,481177.0,483066.0
2023-03-09 14:00:00,8018.0,8072.0,8004.0,8070.0,96831.0,483066.0,473046.0
2023-03-09 21:00:00,8078.0,8124.0,8072.0,8110.0,151349.0,473046.0,474949.0
2023-03-09 22:00:00,8110.0,8126.0,8098.0,8106.0,65345.0,474949.0,467892.0
2023-03-10 09:00:00,8010.0,8038.0,7908.0,7910.0,260124.0,467892.0,470103.0
2023-03-10 10:00:00,7910.0,7932.0,7882.0,7916.0,102686.0,470103.0,476482.0
2023-03-10 11:00:00,7916.0,7916.0,7872.0,7894.0,51839.0,476482.0,478354.0
2023-03-10 13:00:00,7926.0,7950.0,7916.0,7942.0,71307.0,478354.0,473658.0
2023-03-10 14:00:00,7942.0,7956.0,7910.0,7912.0,88488.0,473658.0,464141.0
2023-03-10 21:00:00,7900.0,7962.0,7890.0,7946.0,122523.0,464141.0,470506.0
2023-03-10 22:00:00,7946.0,7950.0,7906.0,7926.0,74435.0,470506.0,467150.0
2023-03-13 09:00:00,7958.0,7958.0,7850.0,7858.0,132400.0,467150.0,465258.0
2023-03-13 10:00:00,7858.0,7930.0,7838.0,7876.0,109803.0,465258.0,464322.0
2023-03-13 11:00:00,7876.0,7880.0,7828.0,7872.0,71578.0,464322.0,469380.0
2023-03-13 13:00:00,7872.0,7894.0,7868.0,7888.0,36408.0,469380.0,469459.0
2023-03-13 14:00:00,7888.0,7894.0,7866.0,7872.0,52424.0,469459.0,467428.0
2023-03-13 21:00:00,7750.0,7792.0,7656.0,7788.0,220293.0,467428.0,469538.0
2023-03-13 22:00:00,7788.0,7826.0,7772.0,7788.0,100708.0,469538.0,465026.0
2023-03-14 09:00:00,7766.0,7828.0,7758.0,7760.0,109419.0,465026.0,465383.0
2023-03-14 10:00:00,7760.0,7786.0,7744.0,7752.0,68580.0,465383.0,464971.0
2023-03-14 11:00:00,7752.0,7788.0,7740.0,7780.0,47602.0,464971.0,461908.0
2023-03-14 13:00:00,7774.0,7790.0,7766.0,7774.0,30975.0,461908.0,460973.0
2023-03-14 14:00:00,7774.0,7798.0,7728.0,7738.0,90171.0,460973.0,456087.0
2023-03-14 21:00:00,7762.0,7828.0,7750.0,7820.0,127303.0,456087.0,461668.0
2023-03-14 22:00:00,7820.0,7850.0,7804.0,7810.0,97706.0,461668.0,453751.0
2023-03-15 09:00:00,7812.0,7870.0,7812.0,7850.0,106301.0,453751.0,452663.0
2023-03-15 10:00:00,7850.0,7862.0,7814.0,7824.0,72081.0,452663.0,452544.0
2023-03-15 11:00:00,7824.0,7844.0,7818.0,7836.0,37590.0,452544.0,453404.0
2023-03-15 13:00:00,7824.0,7850.0,7818.0,7818.0,41476.0,453404.0,452096.0
2023-03-15 14:00:00,7818.0,7850.0,7804.0,7830.0,83385.0,452096.0,448405.0
2023-03-15 21:00:00,7740.0,7800.0,7712.0,7748.0,189386.0,448405.0,444152.0
2023-03-15 22:00:00,7748.0,7772.0,7684.0,7692.0,117996.0,444152.0,440638.0
2023-03-16 09:00:00,7774.0,7842.0,7758.0,7764.0,212483.0,440638.0,438301.0
2023-03-16 10:00:00,7764.0,7772.0,7670.0,7694.0,113820.0,438301.0,446149.0
2023-03-16 11:00:00,7694.0,7716.0,7668.0,7708.0,53680.0,446149.0,445243.0
2023-03-16 13:00:00,7728.0,7744.0,7718.0,7730.0,48854.0,445243.0,442065.0
2023-03-16 14:00:00,7730.0,7742.0,7706.0,7734.0,68928.0,442065.0,438880.0
2023-03-16 21:00:00,7758.0,7778.0,7728.0,7756.0,131138.0,438880.0,443988.0
2023-03-16 22:00:00,7756.0,7770.0,7640.0,7766.0,191536.0,443988.0,438360.0
2023-03-17 09:00:00,7790.0,7862.0,7790.0,7844.0,176978.0,438360.0,431601.0
2023-03-17 10:00:00,7844.0,7866.0,7828.0,7840.0,62909.0,431601.0,429826.0
2023-03-17 11:00:00,7840.0,7880.0,7828.0,7860.0,55858.0,429826.0,429041.0
2023-03-17 13:00:00,7860.0,7860.0,7816.0,7822.0,44720.0,429041.0,426684.0
2023-03-17 14:00:00,7822.0,7828.0,7786.0,7808.0,89121.0,426684.0,416802.0
2023-03-17 21:00:00,7770.0,7786.0,7708.0,7746.0,174732.0,416802.0,420221.0
2023-03-17 22:00:00,7746.0,7764.0,7732.0,7752.0,62757.0,420221.0,417403.0
2023-03-20 09:00:00,7754.0,7832.0,7690.0,7702.0,196678.0,417403.0,422084.0
2023-03-20 10:00:00,7702.0,7736.0,7696.0,7712.0,98868.0,422084.0,430331.0
2023-03-20 11:00:00,7712.0,7718.0,7680.0,7698.0,45767.0,430331.0,435346.0
2023-03-20 13:00:00,7680.0,7686.0,7622.0,7652.0,82170.0,435346.0,441398.0
2023-03-20 14:00:00,7652.0,7654.0,7600.0,7606.0,106779.0,441398.0,439620.0
2023-03-20 21:00:00,7652.0,7682.0,7632.0,7664.0,152472.0,439620.0,436478.0
2023-03-20 22:00:00,7664.0,7708.0,7656.0,7700.0,95340.0,436478.0,431710.0
2023-03-21 09:00:00,7722.0,7756.0,7708.0,7720.0,120265.0,431710.0,428642.0
2023-03-21 10:00:00,7720.0,7730.0,7606.0,7646.0,153274.0,428642.0,430531.0
2023-03-21 11:00:00,7646.0,7662.0,7610.0,7622.0,60358.0,430531.0,436254.0
2023-03-21 13:00:00,7630.0,7640.0,7580.0,7594.0,86183.0,436254.0,442780.0
2023-03-21 14:00:00,7594.0,7628.0,7594.0,7618.0,84653.0,442780.0,441769.0
2023-03-21 21:00:00,7652.0,7662.0,7622.0,7630.0,121987.0,441769.0,443603.0
2023-03-21 22:00:00,7630.0,7636.0,7560.0,7584.0,145019.0,443603.0,450891.0
2023-03-22 09:00:00,7560.0,7570.0,7364.0,7370.0,313541.0,450891.0,483599.0
2023-03-22 10:00:00,7370.0,7396.0,7342.0,7366.0,118058.0,483599.0,492004.0
2023-03-22 11:00:00,7366.0,7378.0,7308.0,7326.0,69334.0,492004.0,493402.0
2023-03-22 13:00:00,7326.0,7342.0,7318.0,7326.0,49304.0,493402.0,497758.0
2023-03-22 14:00:00,7326.0,7378.0,7316.0,7372.0,113550.0,497758.0,486591.0
2023-03-22 21:00:00,7388.0,7394.0,7340.0,7348.0,155262.0,486591.0,484048.0
2023-03-22 22:00:00,7348.0,7384.0,7334.0,7374.0,94289.0,484048.0,475133.0
2023-03-23 09:00:00,7344.0,7370.0,7272.0,7284.0,173806.0,475133.0,484256.0
2023-03-23 10:00:00,7284.0,7310.0,7252.0,7274.0,90011.0,484256.0,484599.0
2023-03-23 11:00:00,7274.0,7290.0,7268.0,7274.0,27966.0,484599.0,482955.0
2023-03-23 13:00:00,7276.0,7282.0,7208.0,7216.0,93774.0,482955.0,489455.0
2023-03-23 14:00:00,7216.0,7258.0,7214.0,7220.0,104557.0,489455.0,483550.0
2023-03-23 21:00:00,7206.0,7276.0,7182.0,7262.0,195953.0,483550.0,481793.0
2023-03-23 22:00:00,7262.0,7270.0,7162.0,7174.0,153918.0,481793.0,475882.0
2023-03-24 09:00:00,7144.0,7192.0,7026.0,7156.0,356553.0,475882.0,474167.0
2023-03-24 10:00:00,7156.0,7220.0,7156.0,7196.0,131375.0,474167.0,472771.0
2023-03-24 11:00:00,7196.0,7242.0,7178.0,7230.0,68571.0,472771.0,474118.0
2023-03-24 13:00:00,7238.0,7246.0,7212.0,7232.0,46880.0,474118.0,474019.0
2023-03-24 14:00:00,7232.0,7332.0,7228.0,7330.0,153089.0,474019.0,460604.0
2023-03-24 21:00:00,7242.0,7322.0,7210.0,7312.0,231196.0,460604.0,462765.0
2023-03-24 22:00:00,7312.0,7352.0,7282.0,7298.0,134496.0,462765.0,454227.0
2023-03-27 09:00:00,7326.0,7332.0,7264.0,7272.0,165984.0,454227.0,454025.0
2023-03-27 10:00:00,7272.0,7300.0,7256.0,7276.0,66604.0,454025.0,452901.0
2023-03-27 11:00:00,7276.0,7278.0,7222.0,7234.0,52380.0,452901.0,452398.0
2023-03-27 13:00:00,7246.0,7280.0,7232.0,7272.0,52028.0,452398.0,451060.0
2023-03-27 14:00:00,7272.0,7346.0,7270.0,7336.0,127051.0,451060.0,442924.0
2023-03-27 21:00:00,7368.0,7394.0,7338.0,7358.0,141689.0,442924.0,447207.0
2023-03-27 22:00:00,7358.0,7382.0,7356.0,7366.0,71974.0,447207.0,443652.0
2023-03-28 09:00:00,7384.0,7466.0,7384.0,7462.0,150448.0,443652.0,437310.0
2023-03-28 10:00:00,7462.0,7496.0,7458.0,7464.0,77820.0,437310.0,431282.0
2023-03-28 11:00:00,7464.0,7484.0,7446.0,7462.0,41287.0,431282.0,426188.0
2023-03-28 13:00:00,7462.0,7470.0,7432.0,7454.0,54709.0,426188.0,424483.0
2023-03-28 14:00:00,7454.0,7500.0,7436.0,7488.0,87267.0,424483.0,416536.0
2023-03-28 21:00:00,7492.0,7550.0,7486.0,7544.0,148154.0,416536.0,412738.0
2023-03-28 22:00:00,7544.0,7558.0,7530.0,7556.0,69536.0,412738.0,406614.0
2023-03-29 09:00:00,7580.0,7586.0,7538.0,7558.0,93431.0,406614.0,404327.0
2023-03-29 10:00:00,7558.0,7574.0,7516.0,7540.0,64331.0,404327.0,399310.0
2023-03-29 11:00:00,7540.0,7542.0,7506.0,7516.0,43564.0,399310.0,394391.0
2023-03-29 13:00:00,7516.0,7518.0,7474.0,7488.0,51965.0,394391.0,392575.0
2023-03-29 14:00:00,7488.0,7518.0,7452.0,7516.0,99391.0,392575.0,383045.0
2023-03-29 21:00:00,7546.0,7552.0,7488.0,7514.0,131959.0,383045.0,380063.0
2023-03-29 22:00:00,7514.0,7548.0,7492.0,7514.0,88956.0,380063.0,373170.0
2023-03-30 09:00:00,7500.0,7512.0,7472.0,7496.0,82354.0,373170.0,372659.0
2023-03-30 10:00:00,7496.0,7554.0,7490.0,7500.0,75319.0,372659.0,372237.0
2023-03-30 11:00:00,7500.0,7566.0,7500.0,7562.0,46528.0,372237.0,372036.0
2023-03-30 13:00:00,7566.0,7604.0,7554.0,7598.0,78329.0,372036.0,369796.0
2023-03-30 14:00:00,7598.0,7646.0,7594.0,7624.0,107277.0,369796.0,359120.0
2023-03-30 21:00:00,7676.0,7694.0,7634.0,7652.0,160185.0,359120.0,358017.0
2023-03-30 22:00:00,7652.0,7682.0,7616.0,7652.0,115798.0,358017.0,352269.0
2023-03-31 09:00:00,7642.0,7660.0,7596.0,7648.0,130661.0,352269.0,350562.0
2023-03-31 10:00:00,7648.0,7658.0,7558.0,7586.0,111935.0,350562.0,347775.0
2023-03-31 11:00:00,7586.0,7590.0,7562.0,7574.0,31611.0,347775.0,346589.0
2023-03-31 13:00:00,7568.0,7588.0,7548.0,7576.0,47722.0,346589.0,346501.0
2023-03-31 14:00:00,7576.0,7594.0,7544.0,7594.0,101527.0,346501.0,340302.0
2023-03-31 21:00:00,7606.0,7706.0,7606.0,7682.0,149990.0,340302.0,342152.0
2023-03-31 22:00:00,7682.0,7710.0,7668.0,7670.0,84658.0,342152.0,332082.0
2023-04-03 09:00:00,7760.0,7850.0,7760.0,7834.0,217038.0,332082.0,327738.0
2023-04-03 10:00:00,7834.0,7844.0,7758.0,7766.0,78417.0,327738.0,324577.0
2023-04-03 11:00:00,7766.0,7774.0,7730.0,7736.0,46450.0,324577.0,326073.0
2023-04-03 13:00:00,7724.0,7764.0,7720.0,7728.0,48866.0,326073.0,332998.0
2023-04-03 14:00:00,7728.0,7762.0,7726.0,7750.0,69034.0,332998.0,328703.0
2023-04-03 21:00:00,7796.0,7826.0,7764.0,7816.0,113814.0,328703.0,327041.0
2023-04-03 22:00:00,7816.0,7850.0,7784.0,7796.0,101461.0,327041.0,321282.0
2023-04-04 09:00:00,7798.0,7838.0,7772.0,7812.0,82642.0,321282.0,320453.0
2023-04-04 10:00:00,7812.0,7852.0,7782.0,7836.0,68828.0,320453.0,321613.0
2023-04-04 11:00:00,7836.0,7858.0,7828.0,7850.0,32852.0,321613.0,321302.0
2023-04-04 13:00:00,7856.0,7888.0,7856.0,7884.0,52942.0,321302.0,322962.0
2023-04-04 14:00:00,7884.0,7884.0,7826.0,7844.0,92731.0,322962.0,306220.0
2023-04-06 09:00:00,7762.0,7848.0,7730.0,7828.0,145362.0,306220.0,304150.0
2023-04-06 10:00:00,7828.0,7860.0,7796.0,7820.0,69001.0,304150.0,299420.0
2023-04-06 11:00:00,7820.0,7886.0,7820.0,7860.0,53850.0,299420.0,299432.0
2023-04-06 13:00:00,7862.0,7876.0,7850.0,7858.0,27761.0,299432.0,298830.0
2023-04-06 14:00:00,7858.0,7864.0,7778.0,7786.0,80518.0,298830.0,287065.0
2023-04-06 21:00:00,7754.0,7786.0,7728.0,7754.0,137044.0,287065.0,284653.0
2023-04-06 22:00:00,7754.0,7800.0,7752.0,7796.0,65241.0,284653.0,282900.0
2023-04-07 09:00:00,7780.0,7848.0,7754.0,7844.0,108677.0,282900.0,277320.0
2023-04-07 10:00:00,7844.0,7848.0,7738.0,7738.0,68668.0,277320.0,274048.0
2023-04-07 11:00:00,7738.0,7740.0,7644.0,7710.0,155348.0,274048.0,268003.0
2023-04-07 13:00:00,7708.0,7728.0,7692.0,7700.0,43634.0,268003.0,269142.0
2023-04-07 14:00:00,7700.0,7724.0,7680.0,7720.0,74836.0,269142.0,264478.0
2023-04-07 21:00:00,7720.0,7720.0,7720.0,7720.0,0.0,264478.0,264478.0
2023-04-07 22:00:00,7720.0,7720.0,7720.0,7720.0,0.0,264478.0,264478.0
2023-04-10 09:00:00,7684.0,7848.0,7616.0,7676.0,326059.0,264478.0,253989.0
2023-04-10 10:00:00,7676.0,7684.0,7586.0,7634.0,89065.0,253989.0,258069.0
2023-04-10 11:00:00,7634.0,7672.0,7622.0,7634.0,40096.0,258069.0,257127.0
2023-04-10 13:00:00,7708.0,7732.0,7674.0,7690.0,65235.0,257127.0,256916.0
2023-04-10 14:00:00,7690.0,7702.0,7638.0,7658.0,82411.0,256916.0,258133.0
2023-04-10 21:00:00,7680.0,7788.0,7672.0,7716.0,143597.0,258133.0,254820.0
2023-04-10 22:00:00,7716.0,7758.0,7708.0,7756.0,57989.0,254820.0,251996.0
2023-04-11 09:00:00,7748.0,7824.0,7728.0,7740.0,122308.0,251996.0,252415.0
2023-04-11 10:00:00,7740.0,7808.0,7740.0,7784.0,58285.0,252415.0,251175.0
2023-04-11 11:00:00,7784.0,7908.0,7762.0,7898.0,95683.0,251175.0,260027.0
2023-04-11 13:00:00,7888.0,7912.0,7864.0,7894.0,56379.0,260027.0,259416.0
2023-04-11 14:00:00,7894.0,7926.0,7888.0,7908.0,80101.0,259416.0,252359.0
2023-04-11 21:00:00,7926.0,7944.0,7882.0,7910.0,134310.0,252359.0,245833.0
2023-04-11 22:00:00,7910.0,7934.0,7892.0,7906.0,64060.0,245833.0,238481.0
2023-04-12 09:00:00,7906.0,7934.0,7866.0,7916.0,81030.0,238481.0,240985.0
2023-04-12 10:00:00,7916.0,7960.0,7844.0,7858.0,92050.0,240985.0,239581.0
2023-04-12 11:00:00,7858.0,7860.0,7734.0,7760.0,115953.0,239581.0,225125.0
2023-04-12 13:00:00,7762.0,7796.0,7742.0,7780.0,54740.0,225125.0,222579.0
2023-04-12 14:00:00,7780.0,7798.0,7756.0,7788.0,67944.0,222579.0,212239.0
2023-04-12 21:00:00,7760.0,7790.0,7728.0,7740.0,116141.0,212239.0,209883.0
2023-04-12 22:00:00,7740.0,7760.0,7682.0,7696.0,90140.0,209883.0,205417.0
2023-04-13 09:00:00,7722.0,7722.0,7658.0,7684.0,87150.0,205417.0,202597.0
2023-04-13 10:00:00,7684.0,7714.0,7668.0,7694.0,49194.0,202597.0,199890.0
2023-04-13 11:00:00,7694.0,7702.0,7630.0,7660.0,54590.0,199890.0,198253.0
2023-04-13 13:00:00,7658.0,7670.0,7620.0,7628.0,33856.0,198253.0,198234.0
2023-04-13 14:00:00,7628.0,7658.0,7622.0,7648.0,42336.0,198234.0,191210.0
2023-04-13 21:00:00,7666.0,7704.0,7650.0,7690.0,93296.0,191210.0,183570.0
2023-04-13 22:00:00,7690.0,7744.0,7684.0,7732.0,74799.0,183570.0,178377.0
2023-04-14 09:00:00,7720.0,7774.0,7704.0,7768.0,72379.0,178377.0,176821.0
2023-04-14 10:00:00,7768.0,7784.0,7670.0,7682.0,70841.0,176821.0,174828.0
2023-04-14 11:00:00,7682.0,7684.0,7646.0,7646.0,33512.0,174828.0,170371.0
2023-04-14 13:00:00,7650.0,7658.0,7632.0,7636.0,28677.0,170371.0,169093.0
2023-04-14 14:00:00,7636.0,7650.0,7608.0,7634.0,54076.0,169093.0,161115.0
2023-04-14 21:00:00,7646.0,7674.0,7640.0,7654.0,51029.0,161115.0,157438.0
2023-04-14 22:00:00,7654.0,7654.0,7604.0,7632.0,57484.0,157438.0,153809.0
2023-04-17 09:00:00,7658.0,7682.0,7630.0,7640.0,54900.0,153809.0,151072.0
2023-04-17 10:00:00,7640.0,7688.0,7618.0,7656.0,31504.0,151072.0,148992.0
2023-04-17 11:00:00,7656.0,7670.0,7630.0,7652.0,30089.0,148992.0,146952.0
2023-04-17 13:00:00,7648.0,7658.0,7634.0,7642.0,12026.0,146952.0,144686.0
2023-04-17 14:00:00,7642.0,7672.0,7636.0,7656.0,23357.0,144686.0,141998.0
2023-04-17 21:00:00,7168.0,7206.0,7150.0,7196.0,136385.0,141998.0,389552.0
2023-04-17 22:00:00,7196.0,7208.0,7136.0,7178.0,106538.0,389552.0,389648.0
2023-04-18 09:00:00,7194.0,7254.0,7180.0,7230.0,162914.0,389648.0,398136.0
2023-04-18 10:00:00,7230.0,7300.0,7220.0,7284.0,116922.0,398136.0,405486.0
2023-04-18 11:00:00,7284.0,7330.0,7280.0,7320.0,79365.0,405486.0,413121.0
2023-04-18 13:00:00,7326.0,7344.0,7320.0,7342.0,61146.0,413121.0,417677.0
2023-04-18 14:00:00,7342.0,7362.0,7328.0,7360.0,103016.0,417677.0,422305.0
2023-04-18 21:00:00,7366.0,7400.0,7354.0,7392.0,152223.0,422305.0,439454.0
2023-04-18 22:00:00,7392.0,7412.0,7370.0,7400.0,100423.0,439454.0,437342.0
2023-04-19 09:00:00,7414.0,7442.0,7392.0,7394.0,134991.0,437342.0,442089.0
2023-04-19 10:00:00,7394.0,7410.0,7348.0,7366.0,148418.0,442089.0,440553.0
2023-04-19 11:00:00,7366.0,7394.0,7358.0,7384.0,46295.0,440553.0,440412.0
2023-04-19 13:00:00,7386.0,7406.0,7378.0,7392.0,50112.0,440412.0,443227.0
2023-04-19 14:00:00,7392.0,7394.0,7360.0,7386.0,106597.0,443227.0,438028.0
2023-04-19 21:00:00,7340.0,7348.0,7300.0,7304.0,177976.0,438028.0,441756.0
2023-04-19 22:00:00,7304.0,7366.0,7304.0,7364.0,120843.0,441756.0,444712.0
2023-04-20 09:00:00,7332.0,7358.0,7310.0,7342.0,129416.0,444712.0,441054.0
2023-04-20 10:00:00,7342.0,7356.0,7248.0,7256.0,155585.0,441054.0,431513.0
2023-04-20 11:00:00,7256.0,7256.0,7208.0,7212.0,95576.0,431513.0,431908.0
2023-04-20 13:00:00,7228.0,7246.0,7224.0,7236.0,63916.0,431908.0,429063.0
2023-04-20 14:00:00,7236.0,7252.0,7212.0,7232.0,98813.0,429063.0,415400.0
2023-04-20 21:00:00,7222.0,7252.0,7190.0,7198.0,128799.0,415400.0,418243.0
2023-04-20 22:00:00,7198.0,7212.0,7152.0,7164.0,145857.0,418243.0,419694.0
2023-04-21 09:00:00,7160.0,7192.0,7132.0,7142.0,140009.0,419694.0,421315.0
2023-04-21 10:00:00,7142.0,7146.0,7114.0,7118.0,82102.0,421315.0,426889.0
2023-04-21 11:00:00,7118.0,7138.0,7076.0,7088.0,69917.0,426889.0,433477.0
2023-04-21 13:00:00,7086.0,7128.0,7076.0,7092.0,66120.0,433477.0,434211.0
2023-04-21 14:00:00,7092.0,7108.0,7076.0,7080.0,85525.0,434211.0,437112.0
2023-04-21 21:00:00,7090.0,7146.0,7082.0,7124.0,147750.0,437112.0,442260.0
2023-04-21 22:00:00,7124.0,7130.0,7020.0,7078.0,147339.0,442260.0,449298.0
2023-04-24 09:00:00,7010.0,7108.0,7006.0,7060.0,184932.0,449298.0,445523.0
2023-04-24 10:00:00,7060.0,7096.0,7058.0,7062.0,55769.0,445523.0,446712.0
2023-04-24 11:00:00,7062.0,7076.0,7032.0,7058.0,42242.0,446712.0,447904.0
2023-04-24 13:00:00,7056.0,7056.0,7008.0,7018.0,55461.0,447904.0,453780.0
2023-04-24 14:00:00,7018.0,7040.0,6970.0,7000.0,130402.0,453780.0,456652.0
2023-04-24 21:00:00,7012.0,7056.0,7008.0,7048.0,132487.0,456652.0,463845.0
2023-04-24 22:00:00,7048.0,7092.0,7040.0,7068.0,118379.0,463845.0,462413.0
2023-04-25 09:00:00,7026.0,7064.0,7010.0,7014.0,123867.0,462413.0,473125.0
2023-04-25 10:00:00,7014.0,7038.0,6986.0,7030.0,81673.0,473125.0,478775.0
2023-04-25 11:00:00,7030.0,7034.0,6994.0,7016.0,50324.0,478775.0,479001.0
2023-04-25 13:00:00,7020.0,7022.0,6990.0,7002.0,46756.0,479001.0,482814.0
2023-04-25 14:00:00,7002.0,7076.0,6996.0,7044.0,126562.0,482814.0,473929.0
2023-04-25 21:00:00,7032.0,7052.0,6982.0,6988.0,182795.0,473929.0,484309.0
2023-04-25 22:00:00,6988.0,7016.0,6934.0,6948.0,157113.0,484309.0,482334.0
2023-04-26 09:00:00,6952.0,7038.0,6950.0,7024.0,159320.0,482334.0,479178.0
2023-04-26 10:00:00,7024.0,7060.0,6986.0,7044.0,120001.0,479178.0,479754.0
2023-04-26 11:00:00,7044.0,7052.0,7016.0,7036.0,46561.0,479754.0,476783.0
2023-04-26 13:00:00,7034.0,7042.0,7014.0,7038.0,39063.0,476783.0,476691.0
2023-04-26 14:00:00,7038.0,7060.0,7010.0,7044.0,97262.0,476691.0,474707.0
2023-04-26 21:00:00,7000.0,7050.0,6990.0,7038.0,149173.0,474707.0,478340.0
2023-04-26 22:00:00,7038.0,7068.0,7004.0,7058.0,124110.0,478340.0,474146.0
2023-04-27 09:00:00,7036.0,7042.0,6908.0,6922.0,239886.0,474146.0,503914.0
2023-04-27 10:00:00,6922.0,6972.0,6908.0,6932.0,101697.0,503914.0,500113.0
2023-04-27 11:00:00,6932.0,6954.0,6896.0,6912.0,87501.0,500113.0,499252.0
2023-04-27 13:00:00,6904.0,6914.0,6892.0,6902.0,57071.0,499252.0,506556.0
2023-04-27 14:00:00,6902.0,6906.0,6864.0,6872.0,112021.0,506556.0,505592.0
2023-04-27 21:00:00,6844.0,6862.0,6812.0,6842.0,173581.0,505592.0,507081.0
2023-04-27 22:00:00,6842.0,6878.0,6840.0,6866.0,107723.0,507081.0,501260.0
2023-04-28 09:00:00,6832.0,6868.0,6806.0,6850.0,122160.0,501260.0,503201.0
2023-04-28 10:00:00,6850.0,6876.0,6834.0,6872.0,68508.0,503201.0,500686.0
2023-04-28 11:00:00,6872.0,6874.0,6810.0,6818.0,66233.0,500686.0,503053.0
2023-04-28 13:00:00,6842.0,6860.0,6820.0,6826.0,52647.0,503053.0,500738.0
2023-04-28 14:00:00,6826.0,6850.0,6806.0,6846.0,111979.0,500738.0,485666.0
2023-05-04 09:00:00,6844.0,6904.0,6708.0,6884.0,371055.0,485666.0,493135.0
2023-05-04 10:00:00,6884.0,6908.0,6868.0,6894.0,87571.0,493135.0,488556.0
2023-05-04 11:00:00,6894.0,6926.0,6888.0,6892.0,55642.0,488556.0,485685.0
2023-05-04 13:00:00,6894.0,6902.0,6876.0,6894.0,39685.0,485685.0,485088.0
2023-05-04 14:00:00,6894.0,6938.0,6890.0,6934.0,88336.0,485088.0,478306.0
2023-05-04 21:00:00,6952.0,7014.0,6944.0,6986.0,213989.0,478306.0,485360.0
2023-05-04 22:00:00,6986.0,6986.0,6904.0,6920.0,151108.0,485360.0,484186.0
2023-05-05 09:00:00,6900.0,6988.0,6896.0,6988.0,151443.0,484186.0,487770.0
2023-05-05 10:00:00,6988.0,6990.0,6932.0,6988.0,105357.0,487770.0,488389.0
2023-05-05 11:00:00,6988.0,7052.0,6986.0,7046.0,117604.0,488389.0,489017.0
2023-05-05 13:00:00,7050.0,7068.0,7038.0,7054.0,69863.0,489017.0,488511.0
2023-05-05 14:00:00,7054.0,7080.0,7048.0,7076.0,106901.0,488511.0,483026.0
2023-05-05 21:00:00,7096.0,7180.0,7086.0,7176.0,228761.0,483026.0,495151.0
2023-05-05 22:00:00,7176.0,7216.0,7174.0,7194.0,153243.0,495151.0,486505.0
2023-05-08 09:00:00,7192.0,7200.0,7094.0,7130.0,218733.0,486505.0,485590.0
2023-05-08 10:00:00,7130.0,7188.0,7122.0,7168.0,98424.0,485590.0,493808.0
2023-05-08 11:00:00,7168.0,7178.0,7150.0,7168.0,39052.0,493808.0,492488.0
2023-05-08 13:00:00,7172.0,7188.0,7168.0,7178.0,40668.0,492488.0,494670.0
2023-05-08 14:00:00,7178.0,7208.0,7172.0,7202.0,100250.0,494670.0,495645.0
2023-05-08 21:00:00,7250.0,7266.0,7176.0,7196.0,223392.0,495645.0,502463.0
2023-05-08 22:00:00,7196.0,7222.0,7190.0,7212.0,105322.0,502463.0,498593.0
2023-05-09 09:00:00,7188.0,7200.0,7150.0,7176.0,159807.0,498593.0,503030.0
2023-05-09 10:00:00,7176.0,7190.0,7136.0,7176.0,100467.0,503030.0,505897.0
2023-05-09 11:00:00,7176.0,7176.0,7158.0,7166.0,35418.0,505897.0,504753.0
2023-05-09 13:00:00,7174.0,7196.0,7158.0,7168.0,56481.0,504753.0,505503.0
2023-05-09 14:00:00,7168.0,7176.0,7138.0,7146.0,122545.0,505503.0,501105.0
2023-05-09 21:00:00,7188.0,7200.0,7122.0,7148.0,200922.0,501105.0,510636.0
2023-05-09 22:00:00,7148.0,7152.0,7110.0,7138.0,124122.0,510636.0,507359.0
2023-05-10 09:00:00,7142.0,7234.0,7140.0,7196.0,222161.0,507359.0,510413.0
2023-05-10 10:00:00,7196.0,7214.0,7138.0,7156.0,126391.0,510413.0,509348.0
2023-05-10 11:00:00,7156.0,7190.0,7154.0,7184.0,51710.0,509348.0,509255.0
2023-05-10 13:00:00,7192.0,7196.0,7160.0,7184.0,53198.0,509255.0,511506.0
2023-05-10 14:00:00,7184.0,7186.0,7078.0,7090.0,147830.0,511506.0,511771.0
2023-05-10 21:00:00,7098.0,7114.0,7052.0,7070.0,224381.0,511771.0,524342.0
2023-05-10 22:00:00,7070.0,7086.0,7056.0,7076.0,129638.0,524342.0,516190.0
2023-05-11 09:00:00,7068.0,7088.0,6952.0,6962.0,210514.0,516190.0,521579.0
2023-05-11 10:00:00,6962.0,6972.0,6924.0,6930.0,112680.0,521579.0,524876.0
2023-05-11 11:00:00,6930.0,6968.0,6926.0,6950.0,63709.0,524876.0,522932.0
2023-05-11 13:00:00,6948.0,6984.0,6934.0,6976.0,75184.0,522932.0,524820.0
2023-05-11 14:00:00,6976.0,6980.0,6898.0,6906.0,142691.0,524820.0,523883.0
2023-05-11 21:00:00,6880.0,6892.0,6836.0,6870.0,185699.0,523883.0,533825.0
2023-05-11 22:00:00,6870.0,6912.0,6860.0,6896.0,149729.0,533825.0,527617.0
2023-05-12 09:00:00,6868.0,6906.0,6854.0,6856.0,149920.0,527617.0,534147.0
2023-05-12 10:00:00,6856.0,6886.0,6826.0,6866.0,92412.0,534147.0,536217.0
2023-05-12 11:00:00,6866.0,6876.0,6842.0,6862.0,52951.0,536217.0,536463.0
2023-05-12 13:00:00,6860.0,6864.0,6844.0,6844.0,33253.0,536463.0,537009.0
2023-05-12 14:00:00,6844.0,6850.0,6816.0,6828.0,108153.0,537009.0,535625.0
2023-05-12 21:00:00,6870.0,6916.0,6860.0,6878.0,183522.0,535625.0,538256.0
2023-05-12 22:00:00,6878.0,6886.0,6834.0,6842.0,109918.0,538256.0,536850.0
2023-05-15 09:00:00,6778.0,6830.0,6746.0,6780.0,256095.0,536850.0,544322.0
2023-05-15 10:00:00,6780.0,6850.0,6776.0,6810.0,109384.0,544322.0,546300.0
2023-05-15 11:00:00,6810.0,6842.0,6804.0,6832.0,39635.0,546300.0,543360.0
2023-05-15 13:00:00,6862.0,6896.0,6842.0,6880.0,103853.0,543360.0,543604.0
2023-05-15 14:00:00,6880.0,6914.0,6860.0,6914.0,104616.0,543604.0,536905.0
2023-05-15 21:00:00,6924.0,6932.0,6868.0,6872.0,161401.0,536905.0,542854.0
2023-05-15 22:00:00,6872.0,6904.0,6842.0,6872.0,140437.0,542854.0,539117.0
2023-05-16 09:00:00,6852.0,6894.0,6846.0,6890.0,125925.0,539117.0,544101.0
2023-05-16 10:00:00,6890.0,6894.0,6804.0,6828.0,153935.0,544101.0,554008.0
2023-05-16 11:00:00,6828.0,6854.0,6810.0,6834.0,68681.0,554008.0,552688.0
2023-05-16 13:00:00,6822.0,6822.0,6782.0,6788.0,65428.0,552688.0,560706.0
2023-05-16 14:00:00,6788.0,6800.0,6770.0,6790.0,106235.0,560706.0,556151.0
2023-05-16 21:00:00,6770.0,6812.0,6760.0,6774.0,182445.0,556151.0,558830.0
2023-05-16 22:00:00,6774.0,6778.0,6724.0,6726.0,168419.0,558830.0,566318.0
2023-05-17 09:00:00,6714.0,6758.0,6692.0,6748.0,206371.0,566318.0,574410.0
2023-05-17 10:00:00,6748.0,6766.0,6734.0,6756.0,97161.0,574410.0,571266.0
2023-05-17 11:00:00,6756.0,6756.0,6722.0,6732.0,45689.0,571266.0,572381.0
2023-05-17 13:00:00,6728.0,6728.0,6686.0,6692.0,70694.0,572381.0,579426.0
2023-05-17 14:00:00,6692.0,6724.0,6688.0,6722.0,90076.0,579426.0,572965.0
2023-05-17 21:00:00,6742.0,6790.0,6736.0,6764.0,206960.0,572965.0,570911.0
2023-05-17 22:00:00,6764.0,6766.0,6718.0,6724.0,143874.0,570911.0,576624.0
2023-05-18 09:00:00,6756.0,6760.0,6712.0,6722.0,130835.0,576624.0,582378.0
2023-05-18 10:00:00,6722.0,6760.0,6716.0,6744.0,105628.0,582378.0,581621.0
2023-05-18 11:00:00,6744.0,6750.0,6730.0,6730.0,41462.0,581621.0,582936.0
2023-05-18 13:00:00,6720.0,6722.0,6698.0,6706.0,88070.0,582936.0,591362.0
2023-05-18 14:00:00,6706.0,6736.0,6674.0,6690.0,168572.0,591362.0,589570.0
2023-05-18 21:00:00,6672.0,6720.0,6654.0,6718.0,229731.0,589570.0,603687.0
2023-05-18 22:00:00,6718.0,6726.0,6684.0,6698.0,138838.0,603687.0,597121.0
2023-05-19 09:00:00,6702.0,6754.0,6670.0,6676.0,192617.0,597121.0,597931.0
2023-05-19 10:00:00,6676.0,6800.0,6672.0,6790.0,197619.0,597931.0,577072.0
2023-05-19 11:00:00,6790.0,6798.0,6756.0,6772.0,70233.0,577072.0,571384.0
2023-05-19 13:00:00,6782.0,6782.0,6740.0,6758.0,54845.0,571384.0,572022.0
2023-05-19 14:00:00,6758.0,6774.0,6742.0,6766.0,76156.0,572022.0,568129.0
2023-05-19 21:00:00,6806.0,6826.0,6756.0,6802.0,170074.0,568129.0,577844.0
2023-05-19 22:00:00,6802.0,6824.0,6750.0,6766.0,175459.0,577844.0,570103.0
2023-05-22 09:00:00,6700.0,6728.0,6600.0,6608.0,262965.0,570103.0,604255.0
2023-05-22 10:00:00,6608.0,6658.0,6594.0,6632.0,115746.0,604255.0,595798.0
2023-05-22 11:00:00,6632.0,6652.0,6620.0,6642.0,56584.0,595798.0,593474.0
2023-05-22 13:00:00,6640.0,6646.0,6612.0,6626.0,47629.0,593474.0,595179.0
2023-05-22 14:00:00,6626.0,6638.0,6598.0,6632.0,99161.0,595179.0,591177.0
2023-05-22 21:00:00,6664.0,6690.0,6638.0,6686.0,185355.0,591177.0,590271.0
2023-05-22 22:00:00,6686.0,6692.0,6636.0,6652.0,107417.0,590271.0,588119.0
2023-05-23 09:00:00,6696.0,6774.0,6666.0,6748.0,215922.0,588119.0,579958.0
2023-05-23 10:00:00,6748.0,6750.0,6690.0,6702.0,112669.0,579958.0,579999.0
2023-05-23 11:00:00,6702.0,6702.0,6666.0,6666.0,70414.0,579999.0,580934.0
2023-05-23 13:00:00,6658.0,6692.0,6646.0,6686.0,75122.0,580934.0,578709.0
2023-05-23 14:00:00,6686.0,6716.0,6664.0,6672.0,114513.0,578709.0,570702.0
2023-05-23 21:00:00,6690.0,6698.0,6652.0,6680.0,138575.0,570702.0,577036.0
2023-05-23 22:00:00,6680.0,6686.0,6650.0,6676.0,92250.0,577036.0,574065.0
2023-05-24 09:00:00,6666.0,6738.0,6666.0,6714.0,175405.0,574065.0,574113.0
2023-05-24 10:00:00,6714.0,6718.0,6676.0,6706.0,84553.0,574113.0,570812.0
2023-05-24 11:00:00,6706.0,6728.0,6690.0,6720.0,47793.0,570812.0,568752.0
2023-05-24 13:00:00,6718.0,6724.0,6690.0,6694.0,46711.0,568752.0,567084.0
2023-05-24 14:00:00,6694.0,6708.0,6584.0,6608.0,212610.0,567084.0,579886.0
2023-05-24 21:00:00,6618.0,6638.0,6596.0,6622.0,134430.0,579886.0,585550.0
2023-05-24 22:00:00,6622.0,6640.0,6610.0,6628.0,98607.0,585550.0,581815.0
2023-05-25 09:00:00,6610.0,6666.0,6592.0,6644.0,138073.0,581815.0,579638.0
2023-05-25 10:00:00,6644.0,6708.0,6636.0,6652.0,127636.0,579638.0,575066.0
2023-05-25 11:00:00,6652.0,6684.0,6642.0,6676.0,55258.0,575066.0,575621.0
2023-05-25 13:00:00,6680.0,6690.0,6648.0,6650.0,63862.0,575621.0,580226.0
2023-05-25 14:00:00,6650.0,6754.0,6646.0,6726.0,203455.0,580226.0,578319.0
2023-05-25 21:00:00,6744.0,6760.0,6712.0,6730.0,198340.0,578319.0,582539.0
2023-05-25 22:00:00,6730.0,6844.0,6704.0,6838.0,251356.0,582539.0,566216.0
2023-05-26 09:00:00,6814.0,6854.0,6802.0,6832.0,156734.0,566216.0,565879.0
2023-05-26 10:00:00,6832.0,6834.0,6788.0,6798.0,98337.0,565879.0,560766.0
2023-05-26 11:00:00,6798.0,6816.0,6782.0,6812.0,57018.0,560766.0,561526.0
2023-05-26 13:00:00,6818.0,6832.0,6782.0,6792.0,75336.0,561526.0,565231.0
2023-05-26 14:00:00,6792.0,6820.0,6788.0,6816.0,84337.0,565231.0,561731.0
2023-05-26 21:00:00,6832.0,6838.0,6750.0,6772.0,244195.0,561731.0,576583.0
2023-05-26 22:00:00,6772.0,6818.0,6752.0,6784.0,148700.0,576583.0,570762.0
2023-05-29 09:00:00,6786.0,6800.0,6716.0,6744.0,186657.0,570762.0,582082.0
2023-05-29 10:00:00,6744.0,6776.0,6730.0,6742.0,97874.0,582082.0,582964.0
2023-05-29 11:00:00,6742.0,6750.0,6702.0,6720.0,59676.0,582964.0,589530.0
2023-05-29 13:00:00,6724.0,6738.0,6716.0,6730.0,47082.0,589530.0,588537.0
2023-05-29 14:00:00,6730.0,6736.0,6680.0,6694.0,120509.0,588537.0,593142.0
2023-05-29 21:00:00,6708.0,6732.0,6688.0,6718.0,130473.0,593142.0,597785.0
2023-05-29 22:00:00,6718.0,6730.0,6696.0,6702.0,72348.0,597785.0,597345.0
2023-05-30 09:00:00,6702.0,6738.0,6662.0,6682.0,205295.0,597345.0,605440.0
2023-05-30 10:00:00,6682.0,6706.0,6652.0,6658.0,93664.0,605440.0,609932.0
2023-05-30 11:00:00,6658.0,6658.0,6614.0,6620.0,85505.0,609932.0,617339.0
2023-05-30 13:00:00,6612.0,6612.0,6556.0,6568.0,134054.0,617339.0,641028.0
2023-05-30 14:00:00,6568.0,6620.0,6566.0,6596.0,155228.0,641028.0,629206.0
2023-05-30 21:00:00,6552.0,6560.0,6492.0,6496.0,207432.0,629206.0,650316.0
2023-05-30 22:00:00,6496.0,6508.0,6426.0,6430.0,189562.0,650316.0,653561.0
2023-05-31 09:00:00,6414.0,6426.0,6372.0,6402.0,203329.0,653561.0,667802.0
2023-05-31 10:00:00,6402.0,6412.0,6346.0,6352.0,119352.0,667802.0,672265.0
2023-05-31 11:00:00,6352.0,6364.0,6328.0,6342.0,67837.0,672265.0,667339.0
2023-05-31 13:00:00,6330.0,6366.0,6324.0,6358.0,71028.0,667339.0,663803.0
2023-05-31 14:00:00,6358.0,6366.0,6314.0,6330.0,155913.0,663803.0,652205.0
2023-05-31 21:00:00,6250.0,6322.0,6226.0,6308.0,277116.0,652205.0,657632.0
2023-05-31 22:00:00,6308.0,6352.0,6294.0,6348.0,151651.0,657632.0,645517.0
2023-06-01 09:00:00,6348.0,6362.0,6322.0,6344.0,148670.0,645517.0,644957.0
2023-06-01 10:00:00,6344.0,6398.0,6334.0,6390.0,124539.0,644957.0,637818.0
2023-06-01 11:00:00,6390.0,6428.0,6384.0,6424.0,81830.0,637818.0,630546.0
2023-06-01 13:00:00,6420.0,6424.0,6364.0,6378.0,89594.0,630546.0,630739.0
2023-06-01 14:00:00,6378.0,6410.0,6358.0,6404.0,122620.0,630739.0,628900.0
2023-06-01 21:00:00,6434.0,6446.0,6366.0,6378.0,184624.0,628900.0,638027.0
2023-06-01 22:00:00,6378.0,6422.0,6370.0,6402.0,110590.0,638027.0,630389.0
2023-06-02 09:00:00,6408.0,6418.0,6352.0,6390.0,136473.0,630389.0,635111.0
2023-06-02 10:00:00,6390.0,6482.0,6370.0,6482.0,150126.0,635111.0,624365.0
2023-06-02 11:00:00,6482.0,6490.0,6454.0,6488.0,79214.0,624365.0,613722.0
2023-06-02 13:00:00,6490.0,6490.0,6448.0,6480.0,83678.0,613722.0,611674.0
2023-06-02 14:00:00,6480.0,6498.0,6460.0,6470.0,93872.0,611674.0,604574.0
2023-06-02 21:00:00,6504.0,6538.0,6470.0,6520.0,225924.0,604574.0,610965.0
2023-06-02 22:00:00,6520.0,6580.0,6516.0,6540.0,147610.0,610965.0,590335.0
2023-06-05 09:00:00,6580.0,6584.0,6500.0,6542.0,166547.0,590335.0,592194.0
2023-06-05 10:00:00,6542.0,6542.0,6488.0,6506.0,84713.0,592194.0,590781.0
2023-06-05 11:00:00,6506.0,6522.0,6478.0,6508.0,47866.0,590781.0,591666.0
2023-06-05 13:00:00,6508.0,6510.0,6484.0,6500.0,42148.0,591666.0,592696.0
2023-06-05 14:00:00,6500.0,6550.0,6496.0,6524.0,98322.0,592696.0,587317.0
2023-06-05 21:00:00,6526.0,6550.0,6458.0,6464.0,195601.0,587317.0,593908.0
2023-06-05 22:00:00,6464.0,6482.0,6406.0,6440.0,162820.0,593908.0,593920.0
2023-06-06 09:00:00,6446.0,6480.0,6436.0,6464.0,124584.0,593920.0,596069.0
2023-06-06 10:00:00,6464.0,6560.0,6462.0,6534.0,207193.0,596069.0,578907.0
2023-06-06 11:00:00,6534.0,6590.0,6522.0,6574.0,102324.0,578907.0,571048.0
2023-06-06 13:00:00,6568.0,6568.0,6532.0,6546.0,78090.0,571048.0,569632.0
2023-06-06 14:00:00,6546.0,6558.0,6488.0,6490.0,115765.0,569632.0,566732.0
2023-06-06 21:00:00,6452.0,6460.0,6400.0,6446.0,243863.0,566732.0,583883.0
2023-06-06 22:00:00,6446.0,6528.0,6444.0,6518.0,175033.0,583883.0,574571.0
2023-06-07 09:00:00,6538.0,6558.0,6514.0,6522.0,140518.0,574571.0,574036.0
2023-06-07 10:00:00,6522.0,6538.0,6478.0,6486.0,117172.0,574036.0,576685.0
2023-06-07 11:00:00,6486.0,6504.0,6460.0,6490.0,91000.0,576685.0,576169.0
2023-06-07 13:00:00,6488.0,6500.0,6472.0,6484.0,46649.0,576169.0,577557.0
2023-06-07 14:00:00,6484.0,6490.0,6446.0,6480.0,115342.0,577557.0,571155.0
2023-06-07 21:00:00,6486.0,6492.0,6418.0,6484.0,206767.0,571155.0,583181.0
2023-06-07 22:00:00,6484.0,6522.0,6462.0,6468.0,169055.0,583181.0,579296.0
2023-06-08 09:00:00,6468.0,6510.0,6454.0,6456.0,125400.0,579296.0,586793.0
2023-06-08 10:00:00,6456.0,6476.0,6434.0,6450.0,95705.0,586793.0,594832.0
2023-06-08 11:00:00,6450.0,6470.0,6422.0,6430.0,55698.0,594832.0,598281.0
2023-06-08 13:00:00,6438.0,6470.0,6422.0,6432.0,64518.0,598281.0,597593.0
2023-06-08 14:00:00,6432.0,6456.0,6402.0,6454.0,131834.0,597593.0,595843.0
2023-06-08 21:00:00,6430.0,6454.0,6410.0,6446.0,186038.0,595843.0,606673.0
2023-06-08 22:00:00,6446.0,6486.0,6438.0,6486.0,155575.0,606673.0,597812.0
2023-06-09 09:00:00,6492.0,6580.0,6492.0,6566.0,282620.0,597812.0,586152.0
2023-06-09 10:00:00,6566.0,6646.0,6540.0,6640.0,198257.0,586152.0,587223.0
2023-06-09 11:00:00,6640.0,6684.0,6640.0,6660.0,163570.0,587223.0,582993.0
2023-06-09 13:00:00,6654.0,6654.0,6618.0,6632.0,83507.0,582993.0,584975.0
2023-06-09 14:00:00,6632.0,6672.0,6630.0,6642.0,141872.0,584975.0,575787.0
2023-06-09 21:00:00,6650.0,6682.0,6624.0,6674.0,168215.0,575787.0,581291.0
2023-06-09 22:00:00,6674.0,6736.0,6670.0,6720.0,175657.0,581291.0,573126.0
2023-06-12 09:00:00,6710.0,6712.0,6638.0,6644.0,189964.0,573126.0,571106.0
2023-06-12 10:00:00,6644.0,6656.0,6592.0,6594.0,121099.0,571106.0,572499.0
2023-06-12 11:00:00,6594.0,6616.0,6588.0,6602.0,48679.0,572499.0,571718.0
2023-06-12 13:00:00,6590.0,6604.0,6560.0,6568.0,99254.0,571718.0,574583.0
2023-06-12 14:00:00,6568.0,6590.0,6548.0,6566.0,115427.0,574583.0,571982.0
2023-06-12 21:00:00,6574.0,6590.0,6502.0,6518.0,229585.0,571982.0,582045.0
2023-06-12 22:00:00,6518.0,6558.0,6506.0,6556.0,111710.0,582045.0,574146.0
2023-06-13 09:00:00,6542.0,6594.0,6526.0,6586.0,164170.0,574146.0,577492.0
2023-06-13 10:00:00,6586.0,6628.0,6548.0,6618.0,141441.0,577492.0,571968.0
2023-06-13 11:00:00,6618.0,6620.0,6584.0,6590.0,50736.0,571968.0,572119.0
2023-06-13 13:00:00,6590.0,6592.0,6570.0,6588.0,40421.0,572119.0,572495.0
2023-06-13 14:00:00,6588.0,6626.0,6572.0,6608.0,108019.0,572495.0,566790.0
2023-06-13 21:00:00,6668.0,6746.0,6660.0,6730.0,252952.0,566790.0,561950.0
2023-06-13 22:00:00,6730.0,6732.0,6666.0,6678.0,122380.0,561950.0,557725.0
2023-06-14 09:00:00,6688.0,6730.0,6668.0,6728.0,145294.0,557725.0,565844.0
2023-06-14 10:00:00,6728.0,6778.0,6718.0,6774.0,128139.0,565844.0,568865.0
2023-06-14 11:00:00,6774.0,6806.0,6770.0,6784.0,93874.0,568865.0,563950.0
2023-06-14 13:00:00,6798.0,6812.0,6776.0,6790.0,85132.0,563950.0,560218.0
2023-06-14 14:00:00,6790.0,6800.0,6756.0,6774.0,146818.0,560218.0,556617.0
2023-06-14 21:00:00,6744.0,6782.0,6728.0,6738.0,196605.0,556617.0,551583.0
2023-06-14 22:00:00,6738.0,6768.0,6722.0,6742.0,125922.0,551583.0,545098.0
2023-06-15 09:00:00,6764.0,6772.0,6710.0,6744.0,133723.0,545098.0,550560.0
2023-06-15 10:00:00,6744.0,6758.0,6722.0,6740.0,67210.0,550560.0,548692.0
2023-06-15 11:00:00,6740.0,6780.0,6722.0,6766.0,58486.0,548692.0,547709.0
2023-06-15 13:00:00,6768.0,6818.0,6766.0,6818.0,91600.0,547709.0,556686.0
2023-06-15 14:00:00,6818.0,6838.0,6800.0,6808.0,131251.0,556686.0,549357.0
2023-06-15 21:00:00,6830.0,6868.0,6816.0,6854.0,184129.0,549357.0,558108.0
2023-06-15 22:00:00,6854.0,6872.0,6840.0,6854.0,115143.0,558108.0,552837.0
2023-06-16 09:00:00,6928.0,7046.0,6916.0,7034.0,297716.0,552837.0,559175.0
2023-06-16 10:00:00,7034.0,7132.0,7022.0,7114.0,180639.0,559175.0,571511.0
2023-06-16 11:00:00,7114.0,7184.0,7110.0,7174.0,145303.0,571511.0,576311.0
2023-06-16 13:00:00,7166.0,7174.0,7126.0,7166.0,136328.0,576311.0,570753.0
2023-06-16 14:00:00,7166.0,7174.0,7134.0,7168.0,142480.0,570753.0,563142.0
2023-06-16 21:00:00,7194.0,7232.0,7174.0,7224.0,267286.0,563142.0,572581.0
2023-06-16 22:00:00,7224.0,7254.0,7188.0,7246.0,189151.0,572581.0,560601.0
2023-06-19 09:00:00,7242.0,7242.0,7142.0,7172.0,251143.0,560601.0,549013.0
2023-06-19 10:00:00,7172.0,7186.0,7156.0,7172.0,76237.0,549013.0,548919.0
2023-06-19 11:00:00,7172.0,7274.0,7172.0,7208.0,162933.0,548919.0,549683.0
2023-06-19 13:00:00,7214.0,7230.0,7198.0,7218.0,55904.0,549683.0,552508.0
2023-06-19 14:00:00,7218.0,7224.0,7186.0,7196.0,93429.0,552508.0,542917.0
2023-06-19 21:00:00,7192.0,7228.0,7182.0,7206.0,126989.0,542917.0,547886.0
2023-06-19 22:00:00,7206.0,7242.0,7196.0,7220.0,91797.0,547886.0,543528.0
2023-06-20 09:00:00,7238.0,7270.0,7206.0,7218.0,169924.0,543528.0,548325.0
2023-06-20 10:00:00,7218.0,7278.0,7204.0,7240.0,130615.0,548325.0,553674.0
2023-06-20 11:00:00,7240.0,7260.0,7212.0,7258.0,78678.0,553674.0,548804.0
2023-06-20 13:00:00,7254.0,7274.0,7238.0,7262.0,66787.0,548804.0,547562.0
2023-06-20 14:00:00,7262.0,7264.0,7208.0,7236.0,122767.0,547562.0,535537.0
2023-06-20 21:00:00,7184.0,7218.0,7148.0,7188.0,233487.0,535537.0,532464.0
2023-06-20 22:00:00,7188.0,7208.0,7174.0,7194.0,125437.0,532464.0,526506.0
2023-06-21 09:00:00,7080.0,7080.0,6974.0,7036.0,367697.0,526506.0,526288.0
2023-06-21 10:00:00,7036.0,7038.0,6996.0,7002.0,97102.0,526288.0,529104.0
2023-06-21 11:00:00,7002.0,7002.0,6964.0,6976.0,71099.0,529104.0,529201.0
2023-06-21 13:00:00,6980.0,6994.0,6972.0,6984.0,50523.0,529201.0,529105.0
2023-06-21 14:00:00,6984.0,7042.0,6980.0,7036.0,134720.0,529105.0,509797.0
2023-06-26 09:00:00,7070.0,7162.0,7062.0,7120.0,263254.0,509797.0,500294.0
2023-06-26 10:00:00,7120.0,7124.0,7014.0,7060.0,157658.0,500294.0,491231.0
2023-06-26 11:00:00,7060.0,7090.0,7042.0,7078.0,53694.0,491231.0,489398.0
2023-06-26 13:00:00,7070.0,7076.0,7044.0,7048.0,41426.0,489398.0,491276.0
2023-06-26 14:00:00,7048.0,7128.0,7044.0,7122.0,109301.0,491276.0,490154.0
2023-06-26 21:00:00,7158.0,7216.0,7148.0,7198.0,235994.0,490154.0,500191.0
2023-06-26 22:00:00,7198.0,7198.0,7160.0,7166.0,119729.0,500191.0,493628.0
2023-06-27 09:00:00,7180.0,7186.0,7114.0,7176.0,144144.0,493628.0,494544.0
2023-06-27 10:00:00,7176.0,7204.0,7162.0,7184.0,74800.0,494544.0,497408.0
2023-06-27 11:00:00,7184.0,7226.0,7180.0,7222.0,51153.0,497408.0,500379.0
2023-06-27 13:00:00,7216.0,7216.0,7194.0,7212.0,50601.0,500379.0,500661.0
2023-06-27 14:00:00,7212.0,7250.0,7154.0,7156.0,180368.0,500661.0,485720.0
2023-06-27 21:00:00,7094.0,7144.0,7080.0,7092.0,204138.0,485720.0,491010.0
2023-06-27 22:00:00,7092.0,7150.0,7086.0,7124.0,115697.0,491010.0,490012.0
2023-06-28 09:00:00,7190.0,7218.0,7176.0,7208.0,175417.0,490012.0,497206.0
2023-06-28 10:00:00,7208.0,7338.0,7180.0,7320.0,249547.0,497206.0,519755.0
2023-06-28 11:00:00,7320.0,7348.0,7310.0,7336.0,104873.0,519755.0,520099.0
2023-06-28 13:00:00,7342.0,7362.0,7324.0,7356.0,67071.0,520099.0,522100.0
2023-06-28 14:00:00,7356.0,7380.0,7330.0,7348.0,156204.0,522100.0,516911.0
2023-06-28 21:00:00,7296.0,7308.0,7252.0,7262.0,212396.0,516911.0,512126.0
2023-06-28 22:00:00,7262.0,7280.0,7224.0,7268.0,154379.0,512126.0,501118.0
2023-06-29 09:00:00,7274.0,7316.0,7270.0,7284.0,130783.0,501118.0,507194.0
2023-06-29 10:00:00,7284.0,7296.0,7256.0,7274.0,74461.0,507194.0,507419.0
2023-06-29 11:00:00,7274.0,7322.0,7270.0,7310.0,58490.0,507419.0,510677.0
2023-06-29 13:00:00,7310.0,7314.0,7294.0,7314.0,41281.0,510677.0,510724.0
2023-06-29 14:00:00,7314.0,7332.0,7304.0,7312.0,97315.0,510724.0,504969.0
2023-06-29 21:00:00,7276.0,7360.0,7268.0,7342.0,196358.0,504969.0,509270.0
2023-06-29 22:00:00,7342.0,7356.0,7322.0,7332.0,113236.0,509270.0,501807.0
2023-06-30 09:00:00,7336.0,7398.0,7328.0,7384.0,171261.0,501807.0,515269.0
2023-06-30 10:00:00,7384.0,7416.0,7380.0,7396.0,93296.0,515269.0,515906.0
2023-06-30 11:00:00,7396.0,7424.0,7378.0,7414.0,49348.0,515906.0,519032.0
2023-06-30 13:00:00,7414.0,7436.0,7402.0,7426.0,53885.0,519032.0,521916.0
2023-06-30 14:00:00,7426.0,7426.0,7360.0,7370.0,127743.0,521916.0,507796.0
2023-06-30 21:00:00,7370.0,7452.0,7364.0,7452.0,168504.0,507796.0,516897.0
2023-06-30 22:00:00,7452.0,7500.0,7450.0,7494.0,158602.0,516897.0,515431.0
2023-07-03 09:00:00,7638.0,7744.0,7638.0,7728.0,368063.0,515431.0,518429.0
2023-07-03 10:00:00,7728.0,7736.0,7666.0,7680.0,115691.0,518429.0,510264.0
2023-07-03 11:00:00,7680.0,7684.0,7652.0,7668.0,54431.0,510264.0,503376.0
2023-07-03 13:00:00,7684.0,7718.0,7668.0,7706.0,66250.0,503376.0,503367.0
2023-07-03 14:00:00,7706.0,7732.0,7698.0,7720.0,133731.0,503367.0,492470.0
2023-07-03 21:00:00,7730.0,7738.0,7592.0,7604.0,286337.0,492470.0,486838.0
2023-07-03 22:00:00,7604.0,7608.0,7556.0,7582.0,211695.0,486838.0,482922.0
2023-07-04 09:00:00,7604.0,7638.0,7582.0,7634.0,153582.0,482922.0,483987.0
2023-07-04 10:00:00,7634.0,7650.0,7606.0,7622.0,104729.0,483987.0,484491.0
2023-07-04 11:00:00,7622.0,7644.0,7622.0,7634.0,38820.0,484491.0,482675.0
2023-07-04 13:00:00,7628.0,7634.0,7586.0,7588.0,61489.0,482675.0,480997.0
2023-07-04 14:00:00,7588.0,7626.0,7586.0,7596.0,100424.0,480997.0,475254.0
2023-07-04 21:00:00,7586.0,7622.0,7566.0,7616.0,148090.0,475254.0,481158.0
2023-07-04 22:00:00,7616.0,7634.0,7608.0,7630.0,86797.0,481158.0,480513.0
2023-07-05 09:00:00,7630.0,7648.0,7586.0,7592.0,124921.0,480513.0,476167.0
2023-07-05 10:00:00,7592.0,7616.0,7526.0,7526.0,119561.0,476167.0,478728.0
2023-07-05 11:00:00,7526.0,7538.0,7480.0,7516.0,187901.0,478728.0,471987.0
2023-07-05 13:00:00,7518.0,7536.0,7514.0,7528.0,69376.0,471987.0,472161.0
2023-07-05 14:00:00,7528.0,7580.0,7524.0,7578.0,130806.0,472161.0,468702.0
2023-07-05 21:00:00,7560.0,7614.0,7542.0,7594.0,213516.0,468702.0,472165.0
2023-07-05 22:00:00,7594.0,7618.0,7564.0,7564.0,167713.0,472165.0,468434.0
2023-07-06 09:00:00,7558.0,7578.0,7522.0,7570.0,150893.0,468434.0,474134.0
2023-07-06 10:00:00,7570.0,7598.0,7532.0,7580.0,124549.0,474134.0,477391.0
2023-07-06 11:00:00,7580.0,7582.0,7534.0,7540.0,63581.0,477391.0,475764.0
2023-07-06 13:00:00,7542.0,7578.0,7540.0,7568.0,60190.0,475764.0,478331.0
2023-07-06 14:00:00,7568.0,7592.0,7558.0,7568.0,104683.0,478331.0,480471.0
2023-07-06 21:00:00,7564.0,7580.0,7482.0,7494.0,224271.0,480471.0,492798.0
2023-07-06 22:00:00,7494.0,7516.0,7462.0,7494.0,182959.0,492798.0,484289.0
2023-07-07 09:00:00,7464.0,7492.0,7430.0,7478.0,216675.0,484289.0,493058.0
2023-07-07 10:00:00,7478.0,7508.0,7472.0,7498.0,84192.0,493058.0,497123.0
2023-07-07 11:00:00,7498.0,7500.0,7482.0,7488.0,34244.0,497123.0,498654.0
2023-07-07 13:00:00,7490.0,7498.0,7450.0,7462.0,67169.0,498654.0,504104.0
2023-07-07 14:00:00,7462.0,7482.0,7450.0,7458.0,91875.0,504104.0,494883.0
2023-07-07 21:00:00,7440.0,7458.0,7408.0,7444.0,191630.0,494883.0,499493.0
2023-07-07 22:00:00,7444.0,7478.0,7432.0,7460.0,118860.0,499493.0,494724.0
2023-07-10 09:00:00,7458.0,7526.0,7402.0,7414.0,213634.0,494724.0,499933.0
2023-07-10 10:00:00,7414.0,7424.0,7376.0,7410.0,119302.0,499933.0,502447.0
2023-07-10 11:00:00,7410.0,7424.0,7392.0,7408.0,40804.0,502447.0,501283.0
2023-07-10 13:00:00,7430.0,7508.0,7430.0,7474.0,159648.0,501283.0,492273.0
2023-07-10 14:00:00,7474.0,7536.0,7466.0,7516.0,124982.0,492273.0,484531.0
2023-07-10 21:00:00,7558.0,7610.0,7542.0,7590.0,227576.0,484531.0,490704.0
2023-07-10 22:00:00,7590.0,7656.0,7586.0,7650.0,141556.0,490704.0,489986.0
2023-07-11 09:00:00,7656.0,7686.0,7560.0,7578.0,225902.0,489986.0,491183.0
2023-07-11 10:00:00,7578.0,7588.0,7532.0,7568.0,96576.0,491183.0,495347.0
2023-07-11 11:00:00,7568.0,7570.0,7544.0,7566.0,44444.0,495347.0,494515.0
2023-07-11 13:00:00,7564.0,7576.0,7496.0,7508.0,79443.0,494515.0,492244.0
2023-07-11 14:00:00,7508.0,7536.0,7504.0,7510.0,106518.0,492244.0,489210.0
2023-07-11 21:00:00,7508.0,7534.0,7472.0,7512.0,219485.0,489210.0,498497.0
2023-07-11 22:00:00,7512.0,7532.0,7476.0,7516.0,141866.0,498497.0,492539.0
2023-07-12 09:00:00,7536.0,7570.0,7526.0,7546.0,156319.0,492539.0,498001.0
2023-07-12 10:00:00,7546.0,7580.0,7540.0,7552.0,79970.0,498001.0,500665.0
2023-07-12 11:00:00,7552.0,7576.0,7546.0,7568.0,49765.0,500665.0,503417.0
2023-07-12 13:00:00,7564.0,7566.0,7544.0,7546.0,48409.0,503417.0,500011.0
2023-07-12 14:00:00,7546.0,7552.0,7502.0,7514.0,125545.0,500011.0,496280.0
2023-07-12 21:00:00,7540.0,7618.0,7536.0,7584.0,200402.0,496280.0,497845.0
2023-07-12 22:00:00,7584.0,7590.0,7516.0,7536.0,156738.0,497845.0,494040.0
2023-07-13 09:00:00,7482.0,7482.0,7356.0,7446.0,312508.0,494040.0,481499.0
2023-07-13 10:00:00,7446.0,7448.0,7404.0,7418.0,78623.0,481499.0,478457.0
2023-07-13 11:00:00,7418.0,7422.0,7390.0,7414.0,44401.0,478457.0,478850.0
2023-07-13 13:00:00,7402.0,7438.0,7396.0,7424.0,54878.0,478850.0,477642.0
2023-07-13 14:00:00,7424.0,7444.0,7394.0,7426.0,90473.0,477642.0,472984.0
2023-07-13 21:00:00,7500.0,7526.0,7476.0,7504.0,190152.0,472984.0,473027.0
2023-07-13 22:00:00,7504.0,7508.0,7458.0,7490.0,129566.0,473027.0,469863.0
2023-07-14 09:00:00,7514.0,7642.0,7514.0,7636.0,270352.0,469863.0,478264.0
2023-07-14 10:00:00,7636.0,7636.0,7596.0,7628.0,77802.0,478264.0,479088.0
2023-07-14 11:00:00,7628.0,7648.0,7608.0,7628.0,73803.0,479088.0,481093.0
2023-07-14 13:00:00,7622.0,7622.0,7586.0,7606.0,74389.0,481093.0,480428.0
2023-07-14 14:00:00,7606.0,7608.0,7468.0,7482.0,227519.0,480428.0,474180.0
2023-07-14 21:00:00,7528.0,7544.0,7494.0,7510.0,174618.0,474180.0,476766.0
2023-07-14 22:00:00,7510.0,7510.0,7412.0,7418.0,177538.0,476766.0,466650.0
2023-07-17 09:00:00,7506.0,7540.0,7466.0,7504.0,220758.0,466650.0,463885.0
2023-07-17 10:00:00,7504.0,7612.0,7486.0,7568.0,175716.0,463885.0,467849.0
2023-07-17 11:00:00,7568.0,7590.0,7530.0,7580.0,97496.0,467849.0,465054.0
2023-07-17 13:00:00,7578.0,7624.0,7574.0,7606.0,98387.0,465054.0,473518.0
2023-07-17 14:00:00,7606.0,7610.0,7562.0,7564.0,151266.0,473518.0,456584.0
2023-07-17 21:00:00,7592.0,7644.0,7542.0,7564.0,272582.0,456584.0,467565.0
2023-07-17 22:00:00,7564.0,7608.0,7552.0,7606.0,134833.0,467565.0,462522.0
2023-07-18 09:00:00,7558.0,7650.0,7550.0,7648.0,195498.0,462522.0,476682.0
2023-07-18 10:00:00,7648.0,7694.0,7620.0,7674.0,159387.0,476682.0,489211.0
2023-07-18 11:00:00,7674.0,7684.0,7642.0,7650.0,54214.0,489211.0,485814.0
2023-07-18 13:00:00,7642.0,7642.0,7562.0,7580.0,125766.0,485814.0,475295.0
2023-07-18 14:00:00,7580.0,7594.0,7546.0,7558.0,142032.0,475295.0,463635.0
2023-07-18 21:00:00,7582.0,7596.0,7560.0,7592.0,154209.0,463635.0,465041.0
2023-07-18 22:00:00,7592.0,7604.0,7566.0,7588.0,115656.0,465041.0,459250.0
2023-07-19 09:00:00,7564.0,7696.0,7552.0,7676.0,253045.0,459250.0,476727.0
2023-07-19 10:00:00,7676.0,7676.0,7588.0,7588.0,138048.0,476727.0,464703.0
2023-07-19 11:00:00,7588.0,7664.0,7586.0,7648.0,90209.0,464703.0,463656.0
2023-07-19 13:00:00,7656.0,7686.0,7636.0,7678.0,64004.0,463656.0,466596.0
2023-07-19 14:00:00,7678.0,7686.0,7648.0,7668.0,105016.0,466596.0,462990.0
2023-07-19 21:00:00,7728.0,7798.0,7718.0,7772.0,252032.0,462990.0,477563.0
2023-07-19 22:00:00,7772.0,7778.0,7710.0,7720.0,161028.0,477563.0,465135.0
2023-07-20 09:00:00,7742.0,7770.0,7722.0,7740.0,150133.0,465135.0,463527.0
2023-07-20 10:00:00,7740.0,7762.0,7688.0,7762.0,121681.0,463527.0,464092.0
2023-07-20 11:00:00,7762.0,7766.0,7732.0,7746.0,65715.0,464092.0,458814.0
2023-07-20 13:00:00,7746.0,7758.0,7732.0,7744.0,43698.0,458814.0,460208.0
2023-07-20 14:00:00,7744.0,7758.0,7726.0,7756.0,85565.0,460208.0,454372.0
2023-07-20 21:00:00,7786.0,7802.0,7758.0,7794.0,180058.0,454372.0,461924.0
2023-07-20 22:00:00,7794.0,7808.0,7722.0,7730.0,156165.0,461924.0,453045.0
2023-07-21 09:00:00,7764.0,7770.0,7712.0,7762.0,129919.0,453045.0,449878.0
2023-07-21 10:00:00,7762.0,7786.0,7742.0,7766.0,79101.0,449878.0,453716.0
2023-07-21 11:00:00,7766.0,7768.0,7704.0,7722.0,90329.0,453716.0,446506.0
2023-07-21 13:00:00,7718.0,7718.0,7660.0,7668.0,99996.0,446506.0,436980.0
2023-07-21 14:00:00,7668.0,7698.0,7654.0,7662.0,104080.0,436980.0,428676.0
2023-07-21 21:00:00,7636.0,7652.0,7510.0,7564.0,282747.0,428676.0,431108.0
2023-07-21 22:00:00,7564.0,7618.0,7560.0,7608.0,121282.0,431108.0,415479.0
2023-07-24 09:00:00,7626.0,7640.0,7518.0,7530.0,209219.0,415479.0,420739.0
2023-07-24 10:00:00,7530.0,7580.0,7520.0,7580.0,72406.0,420739.0,417052.0
2023-07-24 11:00:00,7580.0,7586.0,7558.0,7578.0,32584.0,417052.0,412969.0
2023-07-24 13:00:00,7572.0,7574.0,7532.0,7552.0,53962.0,412969.0,413332.0
2023-07-24 14:00:00,7552.0,7562.0,7522.0,7528.0,102981.0,413332.0,406744.0
2023-07-24 21:00:00,7700.0,7716.0,7616.0,7638.0,250495.0,406744.0,408701.0
2023-07-24 22:00:00,7638.0,7672.0,7626.0,7648.0,130151.0,408701.0,402937.0
2023-07-25 09:00:00,7668.0,7744.0,7668.0,7712.0,207493.0,402937.0,399385.0
2023-07-25 10:00:00,7712.0,7736.0,7694.0,7732.0,82756.0,399385.0,399215.0
2023-07-25 11:00:00,7732.0,7776.0,7714.0,7764.0,80699.0,399215.0,407979.0
2023-07-25 13:00:00,7746.0,7748.0,7708.0,7720.0,82517.0,407979.0,400540.0
2023-07-25 14:00:00,7720.0,7734.0,7676.0,7680.0,107213.0,400540.0,391474.0
2023-07-25 21:00:00,7650.0,7692.0,7636.0,7676.0,149554.0,391474.0,393607.0
2023-07-25 22:00:00,7676.0,7708.0,7672.0,7702.0,89564.0,393607.0,388090.0
2023-07-26 09:00:00,7698.0,7714.0,7652.0,7700.0,145602.0,388090.0,382693.0
2023-07-26 10:00:00,7700.0,7788.0,7690.0,7782.0,96706.0,382693.0,391656.0
2023-07-26 11:00:00,7782.0,7834.0,7758.0,7778.0,139461.0,391656.0,401091.0
2023-07-26 13:00:00,7772.0,7786.0,7760.0,7782.0,54967.0,401091.0,402137.0
2023-07-26 14:00:00,7782.0,7850.0,7780.0,7824.0,148299.0,402137.0,407870.0
2023-07-26 21:00:00,7778.0,7820.0,7766.0,7810.0,162830.0,407870.0,403276.0
2023-07-26 22:00:00,7810.0,7818.0,7780.0,7810.0,95078.0,403276.0,396051.0
2023-07-27 09:00:00,7802.0,7860.0,7770.0,7784.0,167805.0,396051.0,393904.0
2023-07-27 10:00:00,7784.0,7788.0,7708.0,7722.0,133291.0,393904.0,382412.0
2023-07-27 11:00:00,7722.0,7740.0,7712.0,7734.0,58182.0,382412.0,378114.0
2023-07-27 13:00:00,7740.0,7778.0,7738.0,7770.0,58907.0,378114.0,376513.0
2023-07-27 14:00:00,7770.0,7772.0,7714.0,7736.0,103474.0,376513.0,368666.0
2023-07-27 21:00:00,7728.0,7758.0,7642.0,7654.0,229618.0,368666.0,373514.0
2023-07-27 22:00:00,7654.0,7694.0,7614.0,7680.0,163050.0,373514.0,365587.0
2023-07-28 09:00:00,7656.0,7672.0,7624.0,7644.0,128113.0,365587.0,367412.0
2023-07-28 10:00:00,7644.0,7652.0,7566.0,7584.0,136551.0,367412.0,369366.0
2023-07-28 11:00:00,7584.0,7618.0,7578.0,7610.0,47157.0,369366.0,367474.0
2023-07-28 13:00:00,7612.0,7626.0,7608.0,7618.0,33456.0,367474.0,364869.0
2023-07-28 14:00:00,7618.0,7658.0,7602.0,7654.0,79239.0,364869.0,355432.0
2023-07-28 21:00:00,7650.0,7668.0,7572.0,7592.0,160579.0,355432.0,357911.0
2023-07-28 22:00:00,7592.0,7628.0,7552.0,7582.0,149383.0,357911.0,348086.0
2023-07-31 09:00:00,7550.0,7552.0,7464.0,7476.0,207736.0,348086.0,349892.0
2023-07-31 10:00:00,7476.0,7498.0,7466.0,7480.0,62466.0,349892.0,349848.0
2023-07-31 11:00:00,7480.0,7482.0,7444.0,7454.0,46186.0,349848.0,349949.0
2023-07-31 13:00:00,7450.0,7464.0,7430.0,7430.0,56626.0,349949.0,355635.0
2023-07-31 14:00:00,7430.0,7468.0,7430.0,7466.0,93033.0,355635.0,346280.0
2023-07-31 21:00:00,7446.0,7476.0,7428.0,7466.0,151320.0,346280.0,352217.0
2023-07-31 22:00:00,7466.0,7486.0,7444.0,7448.0,77262.0,352217.0,347495.0
2023-08-01 09:00:00,7454.0,7480.0,7436.0,7450.0,114569.0,347495.0,349113.0
2023-08-01 10:00:00,7450.0,7470.0,7438.0,7464.0,58831.0,349113.0,345251.0
2023-08-01 11:00:00,7464.0,7526.0,7458.0,7506.0,77274.0,345251.0,337727.0
2023-08-01 13:00:00,7504.0,7528.0,7498.0,7520.0,47975.0,337727.0,335024.0
2023-08-01 14:00:00,7520.0,7598.0,7512.0,7588.0,148069.0,335024.0,319809.0
2023-08-01 21:00:00,7572.0,7574.0,7504.0,7528.0,154028.0,319809.0,314759.0
2023-08-01 22:00:00,7528.0,7554.0,7512.0,7526.0,81192.0,314759.0,310599.0
2023-08-02 09:00:00,7580.0,7638.0,7580.0,7636.0,154211.0,310599.0,305236.0
2023-08-02 10:00:00,7636.0,7678.0,7622.0,7670.0,94967.0,305236.0,304164.0
2023-08-02 11:00:00,7670.0,7680.0,7636.0,7650.0,59894.0,304164.0,303997.0
2023-08-02 13:00:00,7650.0,7652.0,7634.0,7642.0,42039.0,303997.0,302304.0
2023-08-02 14:00:00,7642.0,7676.0,7640.0,7664.0,97668.0,302304.0,297401.0
2023-08-02 21:00:00,7622.0,7664.0,7612.0,7624.0,157235.0,297401.0,297658.0
2023-08-02 22:00:00,7624.0,7658.0,7572.0,7576.0,139433.0,297658.0,288513.0
2023-08-03 09:00:00,7574.0,7638.0,7528.0,7632.0,151689.0,288513.0,294516.0
2023-08-03 10:00:00,7632.0,7648.0,7562.0,7566.0,103827.0,294516.0,292320.0
2023-08-03 11:00:00,7566.0,7572.0,7514.0,7530.0,61598.0,292320.0,288461.0
2023-08-03 13:00:00,7528.0,7544.0,7492.0,7504.0,72268.0,288461.0,289152.0
2023-08-03 14:00:00,7504.0,7516.0,7420.0,7442.0,156680.0,289152.0,282892.0
2023-08-03 21:00:00,7456.0,7470.0,7416.0,7422.0,156234.0,282892.0,289225.0
2023-08-03 22:00:00,7422.0,7464.0,7418.0,7452.0,83644.0,289225.0,285605.0
2023-08-04 09:00:00,7484.0,7616.0,7484.0,7598.0,198262.0,285605.0,272242.0
2023-08-04 10:00:00,7598.0,7608.0,7556.0,7564.0,79175.0,272242.0,272390.0
2023-08-04 11:00:00,7564.0,7588.0,7554.0,7572.0,38560.0,272390.0,270454.0
2023-08-04 13:00:00,7580.0,7588.0,7560.0,7562.0,46451.0,270454.0,271228.0
2023-08-04 14:00:00,7562.0,7566.0,7502.0,7530.0,107681.0,271228.0,263006.0
2023-08-04 21:00:00,7530.0,7560.0,7502.0,7522.0,151425.0,263006.0,262640.0
2023-08-04 22:00:00,7522.0,7602.0,7504.0,7600.0,123262.0,262640.0,258066.0
2023-08-07 09:00:00,7566.0,7666.0,7556.0,7590.0,196700.0,258066.0,257113.0
2023-08-07 10:00:00,7590.0,7592.0,7510.0,7516.0,100877.0,257113.0,253019.0
2023-08-07 11:00:00,7516.0,7540.0,7496.0,7510.0,45655.0,253019.0,249944.0
2023-08-07 13:00:00,7506.0,7506.0,7466.0,7472.0,48268.0,249944.0,253510.0
2023-08-07 14:00:00,7472.0,7478.0,7450.0,7470.0,108123.0,253510.0,252515.0
2023-08-07 21:00:00,7414.0,7446.0,7404.0,7416.0,125581.0,252515.0,258752.0
2023-08-07 22:00:00,7416.0,7444.0,7408.0,7424.0,69176.0,258752.0,253339.0
2023-08-08 09:00:00,7434.0,7464.0,7364.0,7372.0,147935.0,253339.0,250592.0
2023-08-08 10:00:00,7372.0,7372.0,7288.0,7354.0,175329.0,250592.0,252284.0
2023-08-08 11:00:00,7354.0,7370.0,7336.0,7350.0,42469.0,252284.0,251573.0
2023-08-08 13:00:00,7348.0,7348.0,7320.0,7330.0,39000.0,251573.0,252639.0
2023-08-08 14:00:00,7330.0,7364.0,7320.0,7338.0,77895.0,252639.0,242301.0
2023-08-08 21:00:00,7282.0,7324.0,7268.0,7284.0,136135.0,242301.0,235152.0
2023-08-08 22:00:00,7284.0,7334.0,7282.0,7334.0,74322.0,235152.0,227641.0
2023-08-09 09:00:00,7388.0,7406.0,7352.0,7398.0,121258.0,227641.0,218906.0
2023-08-09 10:00:00,7398.0,7416.0,7356.0,7364.0,64150.0,218906.0,219002.0
2023-08-09 11:00:00,7364.0,7400.0,7358.0,7388.0,36190.0,219002.0,217894.0
2023-08-09 13:00:00,7392.0,7410.0,7382.0,7392.0,38739.0,217894.0,219574.0
2023-08-09 14:00:00,7392.0,7464.0,7390.0,7448.0,89198.0,219574.0,211501.0
2023-08-09 21:00:00,7476.0,7504.0,7460.0,7480.0,107084.0,211501.0,207910.0
2023-08-09 22:00:00,7480.0,7530.0,7462.0,7482.0,91374.0,207910.0,203975.0
2023-08-10 09:00:00,7472.0,7484.0,7442.0,7452.0,85025.0,203975.0,201284.0
2023-08-10 10:00:00,7452.0,7454.0,7402.0,7410.0,76049.0,201284.0,203461.0
2023-08-10 11:00:00,7410.0,7440.0,7406.0,7432.0,31575.0,203461.0,200279.0
2023-08-10 13:00:00,7440.0,7480.0,7440.0,7464.0,43042.0,200279.0,198703.0
2023-08-10 14:00:00,7464.0,7490.0,7438.0,7458.0,68715.0,198703.0,190961.0
2023-08-10 21:00:00,7424.0,7464.0,7420.0,7446.0,112622.0,190961.0,188165.0
2023-08-10 22:00:00,7446.0,7496.0,7416.0,7440.0,103326.0,188165.0,181461.0
2023-08-11 09:00:00,7444.0,7456.0,7390.0,7426.0,75698.0,181461.0,173108.0
2023-08-11 10:00:00,7426.0,7438.0,7366.0,7370.0,51635.0,173108.0,172137.0
2023-08-11 11:00:00,7370.0,7396.0,7358.0,7388.0,28866.0,172137.0,169326.0
2023-08-11 13:00:00,7394.0,7398.0,7344.0,7358.0,35006.0,169326.0,170628.0
2023-08-11 14:00:00,7358.0,7404.0,7358.0,7392.0,51028.0,170628.0,166210.0
2023-08-11 21:00:00,7306.0,7322.0,7258.0,7262.0,86256.0,166210.0,355618.0
2023-08-11 22:00:00,7262.0,7308.0,7256.0,7284.0,55889.0,355618.0,353078.0
2023-08-14 09:00:00,7316.0,7394.0,7312.0,7386.0,110388.0,353078.0,347347.0
2023-08-14 10:00:00,7386.0,7388.0,7282.0,7282.0,66180.0,347347.0,353577.0
2023-08-14 11:00:00,7282.0,7290.0,7262.0,7280.0,30790.0,353577.0,357336.0
2023-08-14 13:00:00,7282.0,7282.0,7240.0,7264.0,39103.0,357336.0,359950.0
2023-08-14 14:00:00,7264.0,7278.0,7240.0,7270.0,52699.0,359950.0,364202.0
2023-08-14 21:00:00,7270.0,7280.0,7234.0,7268.0,128749.0,364202.0,378379.0
2023-08-14 22:00:00,7268.0,7294.0,7252.0,7268.0,85132.0,378379.0,374285.0
2023-08-15 09:00:00,7284.0,7390.0,7276.0,7376.0,168706.0,374285.0,383283.0
2023-08-15 10:00:00,7376.0,7414.0,7360.0,7398.0,96794.0,383283.0,386350.0
2023-08-15 11:00:00,7398.0,7450.0,7396.0,7450.0,65365.0,386350.0,391534.0
2023-08-15 13:00:00,7436.0,7502.0,7430.0,7496.0,86603.0,391534.0,398643.0
2023-08-15 14:00:00,7496.0,7544.0,7492.0,7520.0,185868.0,398643.0,407800.0
2023-08-15 21:00:00,7512.0,7574.0,7502.0,7556.0,189287.0,407800.0,419794.0
2023-08-15 22:00:00,7556.0,7568.0,7512.0,7530.0,136572.0,419794.0,421395.0
2023-08-16 09:00:00,7512.0,7528.0,7484.0,7522.0,122458.0,421395.0,418339.0
2023-08-16 10:00:00,7522.0,7526.0,7502.0,7512.0,56598.0,418339.0,413475.0
2023-08-16 11:00:00,7512.0,7552.0,7506.0,7536.0,54318.0,413475.0,414338.0
2023-08-16 13:00:00,7524.0,7544.0,7510.0,7540.0,43637.0,414338.0,415530.0
2023-08-16 14:00:00,7540.0,7546.0,7522.0,7526.0,73862.0,415530.0,412448.0
2023-08-16 21:00:00,7578.0,7592.0,7540.0,7550.0,152130.0,412448.0,417430.0
2023-08-16 22:00:00,7550.0,7586.0,7532.0,7578.0,109843.0,417430.0,416857.0
2023-08-17 09:00:00,7562.0,7562.0,7504.0,7528.0,135716.0,416857.0,415512.0
2023-08-17 10:00:00,7528.0,7560.0,7516.0,7552.0,58909.0,415512.0,418998.0
2023-08-17 11:00:00,7552.0,7568.0,7542.0,7566.0,31035.0,418998.0,420828.0
2023-08-17 13:00:00,7558.0,7562.0,7544.0,7556.0,36451.0,420828.0,419560.0
2023-08-17 14:00:00,7556.0,7606.0,7548.0,7594.0,129713.0,419560.0,424221.0
2023-08-17 21:00:00,7620.0,7646.0,7600.0,7606.0,154660.0,424221.0,434232.0
2023-08-17 22:00:00,7606.0,7640.0,7602.0,7626.0,91612.0,434232.0,428121.0
2023-08-18 09:00:00,7624.0,7664.0,7622.0,7652.0,109625.0,428121.0,434360.0
2023-08-18 10:00:00,7652.0,7676.0,7612.0,7652.0,90134.0,434360.0,436431.0
2023-08-18 11:00:00,7652.0,7656.0,7622.0,7640.0,34406.0,436431.0,433781.0
2023-08-18 13:00:00,7628.0,7648.0,7614.0,7646.0,34965.0,433781.0,434954.0
2023-08-18 14:00:00,7646.0,7646.0,7610.0,7614.0,75761.0,434954.0,433951.0
2023-08-18 21:00:00,7578.0,7612.0,7550.0,7608.0,145770.0,433951.0,434438.0
2023-08-18 22:00:00,7608.0,7622.0,7594.0,7606.0,78081.0,434438.0,431758.0
2023-08-21 09:00:00,7666.0,7768.0,7646.0,7740.0,208246.0,431758.0,449780.0
2023-08-21 10:00:00,7740.0,7742.0,7660.0,7714.0,133630.0,449780.0,448005.0
2023-08-21 11:00:00,7714.0,7716.0,7676.0,7688.0,39872.0,448005.0,447233.0
2023-08-21 13:00:00,7686.0,7696.0,7668.0,7672.0,33104.0,447233.0,449979.0
2023-08-21 14:00:00,7672.0,7692.0,7640.0,7670.0,108619.0,449979.0,442444.0
2023-08-21 21:00:00,7676.0,7694.0,7642.0,7652.0,133753.0,442444.0,449763.0
2023-08-21 22:00:00,7652.0,7660.0,7616.0,7640.0,90676.0,449763.0,444736.0
2023-08-22 09:00:00,7604.0,7680.0,7590.0,7636.0,121736.0,444736.0,442783.0
2023-08-22 10:00:00,7636.0,7668.0,7588.0,7608.0,83362.0,442783.0,443132.0
2023-08-22 11:00:00,7608.0,7622.0,7600.0,7622.0,31123.0,443132.0,439299.0
2023-08-22 13:00:00,7618.0,7618.0,7532.0,7578.0,91524.0,439299.0,439405.0
2023-08-22 14:00:00,7578.0,7618.0,7578.0,7612.0,89469.0,439405.0,431783.0
2023-08-22 21:00:00,7604.0,7666.0,7584.0,7634.0,165753.0,431783.0,440721.0
2023-08-22 22:00:00,7634.0,7648.0,7586.0,7610.0,100608.0,440721.0,436316.0
2023-08-23 09:00:00,7542.0,7550.0,7476.0,7540.0,201986.0,436316.0,434869.0
2023-08-23 10:00:00,7540.0,7562.0,7522.0,7560.0,56939.0,434869.0,432799.0
2023-08-23 11:00:00,7560.0,7604.0,7548.0,7582.0,59002.0,432799.0,430430.0
2023-08-23 13:00:00,7580.0,7590.0,7570.0,7580.0,37673.0,430430.0,430786.0
2023-08-23 14:00:00,7580.0,7590.0,7550.0,7574.0,79239.0,430786.0,425825.0
2023-08-23 21:00:00,7558.0,7588.0,7528.0,7582.0,169828.0,425825.0,427600.0
2023-08-23 22:00:00,7582.0,7682.0,7570.0,7682.0,171301.0,427600.0,432361.0
2023-08-24 09:00:00,7708.0,7740.0,7702.0,7726.0,150424.0,432361.0,433028.0
2023-08-24 10:00:00,7726.0,7754.0,7688.0,7702.0,100168.0,433028.0,438144.0
2023-08-24 11:00:00,7702.0,7724.0,7678.0,7716.0,47535.0,438144.0,436109.0
2023-08-24 13:00:00,7716.0,7728.0,7698.0,7726.0,45338.0,436109.0,441835.0
2023-08-24 14:00:00,7726.0,7726.0,7626.0,7630.0,131592.0,441835.0,436184.0
2023-08-24 21:00:00,7608.0,7658.0,7606.0,7656.0,172125.0,436184.0,440298.0
2023-08-24 22:00:00,7656.0,7690.0,7634.0,7686.0,117897.0,440298.0,435412.0
2023-08-25 09:00:00,7698.0,7758.0,7686.0,7738.0,186013.0,435412.0,447554.0
2023-08-25 10:00:00,7738.0,7740.0,7696.0,7722.0,80856.0,447554.0,454561.0
2023-08-25 11:00:00,7722.0,7728.0,7700.0,7722.0,41827.0,454561.0,454243.0
2023-08-25 13:00:00,7724.0,7748.0,7706.0,7746.0,61640.0,454243.0,459965.0
2023-08-25 14:00:00,7746.0,7784.0,7714.0,7752.0,97811.0,459965.0,465153.0
2023-08-25 21:00:00,7804.0,7874.0,7754.0,7854.0,249264.0,465153.0,475876.0
2023-08-25 22:00:00,7854.0,7860.0,7824.0,7852.0,114824.0,475876.0,473144.0
2023-08-28 09:00:00,7896.0,7922.0,7778.0,7800.0,233137.0,473144.0,458865.0
2023-08-28 10:00:00,7800.0,7810.0,7764.0,7782.0,85672.0,458865.0,459268.0
2023-08-28 11:00:00,7782.0,7792.0,7770.0,7790.0,30700.0,459268.0,455697.0
2023-08-28 13:00:00,7786.0,7788.0,7716.0,7726.0,72584.0,455697.0,448142.0
2023-08-28 14:00:00,7726.0,7740.0,7670.0,7720.0,128202.0,448142.0,443875.0
2023-08-28 21:00:00,7720.0,7734.0,7676.0,7722.0,149213.0,443875.0,452101.0
2023-08-28 22:00:00,7722.0,7792.0,7720.0,7786.0,116201.0,452101.0,455362.0
2023-08-29 09:00:00,7758.0,7794.0,7736.0,7778.0,134738.0,455362.0,459950.0
2023-08-29 10:00:00,7778.0,7852.0,7764.0,7846.0,131590.0,459950.0,467280.0
2023-08-29 11:00:00,7846.0,7852.0,7816.0,7836.0,48334.0,467280.0,464716.0
2023-08-29 13:00:00,7822.0,7834.0,7810.0,7816.0,42331.0,464716.0,466029.0
2023-08-29 14:00:00,7816.0,7842.0,7750.0,7764.0,117776.0,466029.0,455912.0
2023-08-29 21:00:00,7778.0,7834.0,7764.0,7818.0,158322.0,455912.0,464795.0
2023-08-29 22:00:00,7818.0,7872.0,7810.0,7858.0,135244.0,464795.0,465670.0
2023-08-30 09:00:00,7852.0,7882.0,7816.0,7868.0,152168.0,465670.0,468728.0
2023-08-30 10:00:00,7868.0,7870.0,7778.0,7780.0,119573.0,468728.0,462185.0
2023-08-30 11:00:00,7780.0,7820.0,7770.0,7814.0,57191.0,462185.0,461013.0
2023-08-30 13:00:00,7818.0,7828.0,7784.0,7802.0,39350.0,461013.0,463096.0
2023-08-30 14:00:00,7802.0,7838.0,7784.0,7804.0,95562.0,463096.0,459534.0
2023-08-30 21:00:00,7882.0,7898.0,7850.0,7890.0,187952.0,459534.0,476760.0
2023-08-30 22:00:00,7890.0,7890.0,7852.0,7876.0,97956.0,476760.0,471041.0
2023-08-31 09:00:00,7842.0,7936.0,7830.0,7884.0,250889.0,471041.0,479141.0
2023-08-31 10:00:00,7884.0,7954.0,7874.0,7946.0,147584.0,479141.0,497647.0
2023-08-31 11:00:00,7946.0,7952.0,7924.0,7942.0,46497.0,497647.0,496866.0
2023-08-31 13:00:00,7938.0,7966.0,7930.0,7958.0,63439.0,496866.0,504452.0
2023-08-31 14:00:00,7958.0,7962.0,7894.0,7896.0,150445.0,504452.0,487178.0
2023-08-31 21:00:00,7920.0,7924.0,7832.0,7864.0,209810.0,487178.0,491684.0
2023-08-31 22:00:00,7864.0,7914.0,7850.0,7908.0,126954.0,491684.0,488145.0
2023-09-01 09:00:00,7870.0,7936.0,7866.0,7914.0,153774.0,488145.0,492584.0
2023-09-01 10:00:00,7914.0,7936.0,7874.0,7934.0,97609.0,492584.0,490231.0
2023-09-01 11:00:00,7934.0,7956.0,7920.0,7944.0,80362.0,490231.0,497696.0
2023-09-01 13:00:00,7950.0,7980.0,7944.0,7956.0,94609.0,497696.0,507325.0
2023-09-01 14:00:00,7956.0,7968.0,7928.0,7952.0,110318.0,507325.0,504484.0
2023-09-01 21:00:00,7972.0,7984.0,7840.0,7878.0,254953.0,504484.0,496805.0
2023-09-01 22:00:00,7878.0,7906.0,7848.0,7876.0,120910.0,496805.0,490463.0
2023-09-04 09:00:00,7892.0,7902.0,7772.0,7790.0,209751.0,490463.0,495551.0
2023-09-04 10:00:00,7790.0,7824.0,7782.0,7786.0,67813.0,495551.0,498740.0
2023-09-04 11:00:00,7786.0,7790.0,7762.0,7776.0,55075.0,498740.0,501021.0
2023-09-04 13:00:00,7768.0,7776.0,7708.0,7714.0,96513.0,501021.0,496439.0
2023-09-04 14:00:00,7714.0,7760.0,7714.0,7750.0,113434.0,496439.0,483406.0
2023-09-04 21:00:00,7740.0,7784.0,7718.0,7778.0,128784.0,483406.0,487148.0
2023-09-04 22:00:00,7778.0,7784.0,7712.0,7744.0,109056.0,487148.0,480966.0
2023-09-05 09:00:00,7748.0,7786.0,7716.0,7726.0,130600.0,480966.0,485529.0
2023-09-05 10:00:00,7726.0,7746.0,7684.0,7734.0,102800.0,485529.0,481721.0
2023-09-05 11:00:00,7734.0,7772.0,7726.0,7764.0,50010.0,481721.0,478272.0
2023-09-05 13:00:00,7758.0,7762.0,7726.0,7730.0,44079.0,478272.0,475704.0
2023-09-05 14:00:00,7730.0,7738.0,7700.0,7716.0,89624.0,475704.0,473124.0
2023-09-05 21:00:00,7726.0,7798.0,7714.0,7794.0,184061.0,473124.0,477515.0
2023-09-05 22:00:00,7794.0,7798.0,7746.0,7762.0,101769.0,477515.0,472704.0
2023-09-06 09:00:00,7760.0,7816.0,7758.0,7802.0,126519.0,472704.0,471710.0
2023-09-06 10:00:00,7802.0,7808.0,7704.0,7746.0,133426.0,471710.0,472330.0
2023-09-06 11:00:00,7746.0,7748.0,7676.0,7686.0,77704.0,472330.0,477810.0
2023-09-06 13:00:00,7690.0,7708.0,7662.0,7700.0,74845.0,477810.0,476846.0
2023-09-06 14:00:00,7700.0,7706.0,7676.0,7690.0,85109.0,476846.0,473490.0
2023-09-06 21:00:00,7690.0,7732.0,7676.0,7724.0,157737.0,473490.0,477427.0
2023-09-06 22:00:00,7724.0,7726.0,7676.0,7678.0,88313.0,477427.0,477130.0
2023-09-07 09:00:00,7680.0,7682.0,7626.0,7640.0,166821.0,477130.0,479582.0
2023-09-07 10:00:00,7640.0,7664.0,7618.0,7622.0,74976.0,479582.0,478782.0
2023-09-07 11:00:00,7622.0,7622.0,7580.0,7582.0,83156.0,478782.0,481759.0
2023-09-07 13:00:00,7580.0,7602.0,7558.0,7584.0,63588.0,481759.0,480590.0
2023-09-07 14:00:00,7584.0,7616.0,7580.0,7582.0,87042.0,480590.0,473410.0
2023-09-07 21:00:00,7572.0,7600.0,7510.0,7528.0,185713.0,473410.0,482266.0
2023-09-07 22:00:00,7528.0,7554.0,7510.0,7520.0,104683.0,482266.0,479417.0
2023-09-08 09:00:00,7518.0,7552.0,7504.0,7536.0,114672.0,479417.0,474030.0
2023-09-08 10:00:00,7536.0,7562.0,7530.0,7546.0,72826.0,474030.0,471479.0
2023-09-08 11:00:00,7546.0,7550.0,7518.0,7532.0,36236.0,471479.0,469590.0
2023-09-08 13:00:00,7524.0,7554.0,7480.0,7550.0,92537.0,469590.0,468499.0
2023-09-08 14:00:00,7550.0,7594.0,7548.0,7560.0,133413.0,468499.0,459130.0
2023-09-08 21:00:00,7608.0,7680.0,7590.0,7652.0,226985.0,459130.0,454829.0
2023-09-08 22:00:00,7652.0,7652.0,7620.0,7646.0,85521.0,454829.0,443680.0
2023-09-11 09:00:00,7638.0,7656.0,7596.0,7624.0,127566.0,443680.0,444210.0
2023-09-11 10:00:00,7624.0,7660.0,7614.0,7660.0,66017.0,444210.0,443892.0
2023-09-11 11:00:00,7660.0,7670.0,7640.0,7644.0,42969.0,443892.0,444506.0
2023-09-11 13:00:00,7610.0,7610.0,7444.0,7456.0,233966.0,444506.0,470392.0
2023-09-11 14:00:00,7456.0,7458.0,7408.0,7446.0,189877.0,470392.0,474896.0
2023-09-11 21:00:00,7420.0,7472.0,7402.0,7450.0,203650.0,474896.0,481239.0
2023-09-11 22:00:00,7450.0,7468.0,7432.0,7466.0,77758.0,481239.0,474365.0
2023-09-12 09:00:00,7476.0,7488.0,7458.0,7462.0,104010.0,474365.0,477273.0
2023-09-12 10:00:00,7462.0,7488.0,7452.0,7456.0,73809.0,477273.0,477830.0
2023-09-12 11:00:00,7456.0,7466.0,7442.0,7452.0,35772.0,477830.0,478893.0
2023-09-12 13:00:00,7448.0,7448.0,7418.0,7422.0,48743.0,478893.0,481792.0
2023-09-12 14:00:00,7422.0,7448.0,7408.0,7436.0,85250.0,481792.0,479127.0
2023-09-12 21:00:00,7428.0,7454.0,7420.0,7426.0,118216.0,479127.0,482015.0
2023-09-12 22:00:00,7426.0,7470.0,7410.0,7444.0,120799.0,482015.0,478017.0
2023-09-13 09:00:00,7462.0,7504.0,7454.0,7458.0,153386.0,478017.0,483260.0
2023-09-13 10:00:00,7458.0,7462.0,7358.0,7394.0,144912.0,483260.0,482580.0
2023-09-13 11:00:00,7394.0,7420.0,7380.0,7392.0,60420.0,482580.0,481746.0
2023-09-13 13:00:00,7394.0,7412.0,7360.0,7380.0,58492.0,481746.0,484660.0
2023-09-13 14:00:00,7380.0,7388.0,7352.0,7368.0,87415.0,484660.0,483654.0
2023-09-13 21:00:00,7402.0,7418.0,7364.0,7390.0,131427.0,483654.0,486476.0
2023-09-13 22:00:00,7390.0,7412.0,7358.0,7408.0,88628.0,486476.0,481880.0
2023-09-14 09:00:00,7438.0,7492.0,7438.0,7476.0,182776.0,481880.0,475774.0
2023-09-14 10:00:00,7476.0,7498.0,7458.0,7478.0,82545.0,475774.0,471880.0
2023-09-14 11:00:00,7478.0,7490.0,7472.0,7472.0,28115.0,471880.0,470011.0
2023-09-14 13:00:00,7474.0,7490.0,7454.0,7460.0,46741.0,470011.0,472576.0
2023-09-14 14:00:00,7460.0,7476.0,7450.0,7472.0,65998.0,472576.0,470588.0
2023-09-14 21:00:00,7490.0,7520.0,7478.0,7506.0,154744.0,470588.0,475212.0
2023-09-14 22:00:00,7506.0,7538.0,7488.0,7520.0,103673.0,475212.0,471666.0
2023-09-15 09:00:00,7556.0,7576.0,7504.0,7510.0,130120.0,471666.0,469112.0
2023-09-15 10:00:00,7510.0,7526.0,7494.0,7506.0,61884.0,469112.0,470777.0
2023-09-15 11:00:00,7506.0,7516.0,7494.0,7506.0,34125.0,470777.0,469610.0
2023-09-15 13:00:00,7502.0,7502.0,7462.0,7474.0,58432.0,469610.0,471416.0
2023-09-15 14:00:00,7474.0,7488.0,7448.0,7478.0,83762.0,471416.0,469808.0
2023-09-15 21:00:00,7454.0,7468.0,7368.0,7382.0,226908.0,469808.0,495113.0
2023-09-15 22:00:00,7382.0,7408.0,7330.0,7340.0,141914.0,495113.0,503574.0
2023-09-18 09:00:00,7374.0,7390.0,7310.0,7346.0,185928.0,503574.0,520274.0
2023-09-18 10:00:00,7346.0,7366.0,7314.0,7318.0,78028.0,520274.0,523785.0
2023-09-18 11:00:00,7318.0,7324.0,7296.0,7314.0,51543.0,523785.0,530781.0
2023-09-18 13:00:00,7318.0,7364.0,7316.0,7344.0,65793.0,530781.0,522673.0
2023-09-18 14:00:00,7344.0,7382.0,7342.0,7382.0,95255.0,522673.0,512062.0
2023-09-18 21:00:00,7350.0,7358.0,7306.0,7312.0,151284.0,512062.0,534420.0
2023-09-18 22:00:00,7312.0,7340.0,7288.0,7324.0,98091.0,534420.0,530583.0
2023-09-19 09:00:00,7306.0,7322.0,7260.0,7270.0,144461.0,530583.0,542732.0
2023-09-19 10:00:00,7270.0,7286.0,7254.0,7284.0,87164.0,542732.0,546212.0
2023-09-19 11:00:00,7284.0,7302.0,7276.0,7298.0,50150.0,546212.0,539891.0
2023-09-19 13:00:00,7292.0,7318.0,7278.0,7286.0,54833.0,539891.0,538602.0
2023-09-19 14:00:00,7286.0,7304.0,7260.0,7266.0,104727.0,538602.0,532126.0
2023-09-19 21:00:00,7312.0,7346.0,7292.0,7346.0,168114.0,532126.0,525031.0
2023-09-19 22:00:00,7346.0,7356.0,7320.0,7330.0,85166.0,525031.0,519725.0
2023-09-20 09:00:00,7320.0,7368.0,7280.0,7352.0,129629.0,519725.0,520695.0
2023-09-20 10:00:00,7352.0,7354.0,7264.0,7284.0,111139.0,520695.0,527804.0
2023-09-20 11:00:00,7284.0,7324.0,7282.0,7316.0,45040.0,527804.0,523495.0
2023-09-20 13:00:00,7316.0,7338.0,7310.0,7312.0,48721.0,523495.0,525656.0
2023-09-20 14:00:00,7312.0,7332.0,7308.0,7330.0,74278.0,525656.0,524439.0
2023-09-20 21:00:00,7314.0,7332.0,7290.0,7312.0,173854.0,524439.0,527396.0
2023-09-20 22:00:00,7312.0,7338.0,7276.0,7292.0,126301.0,527396.0,526217.0
2023-09-21 09:00:00,7274.0,7300.0,7206.0,7240.0,205125.0,526217.0,538907.0
2023-09-21 10:00:00,7240.0,7248.0,7214.0,7234.0,100560.0,538907.0,549505.0
2023-09-21 11:00:00,7234.0,7248.0,7218.0,7226.0,43460.0,549505.0,549712.0
2023-09-21 13:00:00,7224.0,7234.0,7202.0,7214.0,57961.0,549712.0,554501.0
2023-09-21 14:00:00,7214.0,7226.0,7152.0,7156.0,151450.0,554501.0,550258.0
2023-09-21 21:00:00,7178.0,7214.0,7168.0,7210.0,151013.0,550258.0,551500.0
2023-09-21 22:00:00,7210.0,7244.0,7204.0,7220.0,107037.0,551500.0,541857.0
2023-09-22 09:00:00,7198.0,7238.0,7190.0,7230.0,114997.0,541857.0,541827.0
2023-09-22 10:00:00,7230.0,7250.0,7220.0,7232.0,78349.0,541827.0,535800.0
2023-09-22 11:00:00,7232.0,7244.0,7220.0,7232.0,29506.0,535800.0,533584.0
2023-09-22 13:00:00,7230.0,7232.0,7204.0,7218.0,41772.0,533584.0,536500.0
2023-09-22 14:00:00,7218.0,7248.0,7216.0,7242.0,89820.0,536500.0,530680.0
2023-09-22 21:00:00,7278.0,7294.0,7248.0,7266.0,143298.0,530680.0,528675.0
2023-09-22 22:00:00,7266.0,7326.0,7254.0,7306.0,154868.0,528675.0,509812.0
2023-09-25 09:00:00,7284.0,7302.0,7214.0,7226.0,149178.0,509812.0,509291.0
2023-09-25 10:00:00,7226.0,7346.0,7222.0,7324.0,133630.0,509291.0,507843.0
2023-09-25 11:00:00,7324.0,7330.0,7294.0,7298.0,44840.0,507843.0,505753.0
2023-09-25 13:00:00,7290.0,7290.0,7182.0,7200.0,164574.0,505753.0,520505.0
2023-09-25 14:00:00,7200.0,7232.0,7176.0,7214.0,136482.0,520505.0,515155.0
2023-09-25 21:00:00,7228.0,7244.0,7192.0,7204.0,132510.0,515155.0,516245.0
2023-09-25 22:00:00,7204.0,7230.0,7190.0,7200.0,98869.0,516245.0,513021.0
2023-09-26 09:00:00,7204.0,7298.0,7204.0,7288.0,148965.0,513021.0,505863.0
2023-09-26 10:00:00,7288.0,7290.0,7244.0,7260.0,72993.0,505863.0,502417.0
2023-09-26 11:00:00,7260.0,7282.0,7252.0,7278.0,39476.0,502417.0,502168.0
2023-09-26 13:00:00,7280.0,7294.0,7264.0,7274.0,56368.0,502168.0,503354.0
2023-09-26 14:00:00,7274.0,7274.0,7220.0,7230.0,108195.0,503354.0,496670.0
2023-09-26 21:00:00,7238.0,7264.0,7230.0,7236.0,111691.0,496670.0,494498.0
2023-09-26 22:00:00,7236.0,7246.0,7214.0,7238.0,78399.0,494498.0,491323.0
2023-09-27 09:00:00,7242.0,7316.0,7242.0,7274.0,159778.0,491323.0,482264.0
2023-09-27 10:00:00,7274.0,7286.0,7250.0,7254.0,50089.0,482264.0,484471.0
2023-09-27 11:00:00,7254.0,7260.0,7222.0,7252.0,58294.0,484471.0,488340.0
2023-09-27 13:00:00,7268.0,7290.0,7262.0,7290.0,60567.0,488340.0,483367.0
2023-09-27 14:00:00,7290.0,7330.0,7284.0,7320.0,127185.0,483367.0,474701.0
2023-09-27 21:00:00,7336.0,7412.0,7320.0,7410.0,193714.0,474701.0,469227.0
2023-09-27 22:00:00,7410.0,7426.0,7398.0,7412.0,82715.0,469227.0,462078.0
2023-09-28 09:00:00,7410.0,7424.0,7394.0,7400.0,95349.0,462078.0,459203.0
2023-09-28 10:00:00,7400.0,7438.0,7394.0,7412.0,60223.0,459203.0,455640.0
2023-09-28 11:00:00,7412.0,7414.0,7386.0,7400.0,35930.0,455640.0,452439.0
2023-09-28 13:00:00,7400.0,7414.0,7390.0,7406.0,32303.0,452439.0,452363.0
2023-09-28 14:00:00,7406.0,7472.0,7398.0,7468.0,110957.0,452363.0,435316.0
2023-10-09 09:00:00,7310.0,7324.0,7142.0,7158.0,339086.0,435316.0,451154.0
2023-10-09 10:00:00,7158.0,7184.0,7130.0,7166.0,105987.0,451154.0,458769.0
2023-10-09 11:00:00,7166.0,7170.0,7148.0,7152.0,29021.0,458769.0,461182.0
2023-10-09 13:00:00,7156.0,7188.0,7154.0,7178.0,48221.0,461182.0,458996.0
2023-10-09 14:00:00,7178.0,7178.0,7156.0,7172.0,65310.0,458996.0,457412.0
2023-10-09 21:00:00,7144.0,7190.0,7112.0,7130.0,160691.0,457412.0,469760.0
2023-10-09 22:00:00,7130.0,7140.0,7082.0,7090.0,107374.0,469760.0,475394.0
2023-10-10 09:00:00,7044.0,7066.0,6982.0,6992.0,209985.0,475394.0,495629.0
2023-10-10 10:00:00,6992.0,7002.0,6982.0,7002.0,62334.0,495629.0,501067.0
2023-10-10 11:00:00,7002.0,7032.0,6992.0,7032.0,49766.0,501067.0,498446.0
2023-10-10 13:00:00,7042.0,7098.0,7040.0,7074.0,118136.0,498446.0,492118.0
2023-10-10 14:00:00,7074.0,7084.0,7050.0,7076.0,94254.0,492118.0,487036.0
2023-10-10 21:00:00,7082.0,7092.0,7042.0,7048.0,141976.0,487036.0,488469.0
2023-10-10 22:00:00,7048.0,7096.0,7046.0,7068.0,88900.0,488469.0,484476.0
2023-10-11 09:00:00,7110.0,7158.0,7096.0,7140.0,154717.0,484476.0,477554.0
2023-10-11 10:00:00,7140.0,7148.0,7084.0,7094.0,82956.0,477554.0,477457.0
2023-10-11 11:00:00,7094.0,7096.0,7060.0,7080.0,64458.0,477457.0,482412.0
2023-10-11 13:00:00,7076.0,7084.0,7060.0,7066.0,33972.0,482412.0,484160.0
2023-10-11 14:00:00,7066.0,7086.0,7032.0,7086.0,99935.0,484160.0,479049.0
2023-10-11 21:00:00,7034.0,7094.0,7028.0,7070.0,156138.0,479049.0,482293.0
2023-10-11 22:00:00,7070.0,7080.0,7048.0,7068.0,82601.0,482293.0,480247.0
2023-10-12 09:00:00,7048.0,7090.0,7010.0,7078.0,124542.0,480247.0,482141.0
2023-10-12 10:00:00,7078.0,7116.0,7072.0,7094.0,104916.0,482141.0,476848.0
2023-10-12 11:00:00,7094.0,7126.0,7090.0,7112.0,54803.0,476848.0,474750.0
2023-10-12 13:00:00,7112.0,7124.0,7096.0,7108.0,52513.0,474750.0,473692.0
2023-10-12 14:00:00,7108.0,7148.0,7102.0,7144.0,93371.0,473692.0,464813.0
2023-10-12 21:00:00,7182.0,7196.0,7132.0,7136.0,152942.0,464813.0,464350.0
2023-10-12 22:00:00,7136.0,7150.0,7116.0,7132.0,73949.0,464350.0,462696.0
2023-10-13 09:00:00,7180.0,7212.0,7156.0,7208.0,161865.0,462696.0,458810.0
2023-10-13 10:00:00,7208.0,7266.0,7190.0,7240.0,113323.0,458810.0,455982.0
2023-10-13 11:00:00,7240.0,7244.0,7218.0,7238.0,41731.0,455982.0,450270.0
2023-10-13 13:00:00,7240.0,7258.0,7240.0,7254.0,34493.0,450270.0,452130.0
2023-10-13 14:00:00,7254.0,7280.0,7246.0,7272.0,88051.0,452130.0,442516.0
2023-10-13 21:00:00,7322.0,7340.0,7290.0,7332.0,170851.0,442516.0,447629.0
2023-10-13 22:00:00,7332.0,7332.0,7282.0,7314.0,123621.0,447629.0,439956.0
2023-10-16 09:00:00,7374.0,7388.0,7310.0,7320.0,146154.0,439956.0,437138.0
2023-10-16 10:00:00,7320.0,7340.0,7308.0,7336.0,53659.0,437138.0,437962.0
2023-10-16 11:00:00,7336.0,7340.0,7314.0,7328.0,32104.0,437962.0,435413.0
2023-10-16 13:00:00,7330.0,7344.0,7330.0,7334.0,28910.0,435413.0,436679.0
2023-10-16 14:00:00,7334.0,7340.0,7308.0,7320.0,64469.0,436679.0,434074.0
2023-10-16 21:00:00,7338.0,7364.0,7330.0,7352.0,133365.0,434074.0,436675.0
2023-10-16 22:00:00,7352.0,7354.0,7282.0,7284.0,131517.0,436675.0,434638.0
2023-10-17 09:00:00,7314.0,7334.0,7306.0,7316.0,97552.0,434638.0,439461.0
2023-10-17 10:00:00,7316.0,7336.0,7298.0,7312.0,67849.0,439461.0,440186.0
2023-10-17 11:00:00,7312.0,7340.0,7308.0,7328.0,54524.0,440186.0,442778.0
2023-10-17 13:00:00,7330.0,7340.0,7312.0,7338.0,35305.0,442778.0,446082.0
2023-10-17 14:00:00,7338.0,7342.0,7302.0,7318.0,66500.0,446082.0,439536.0
2023-10-17 21:00:00,7324.0,7344.0,7304.0,7338.0,110603.0,439536.0,441456.0
2023-10-17 22:00:00,7338.0,7402.0,7336.0,7396.0,138069.0,441456.0,447765.0
2023-10-18 09:00:00,7400.0,7422.0,7338.0,7354.0,133341.0,447765.0,442278.0
2023-10-18 10:00:00,7354.0,7406.0,7352.0,7388.0,96390.0,442278.0,437433.0
2023-10-18 11:00:00,7388.0,7398.0,7364.0,7366.0,37148.0,437433.0,435938.0
2023-10-18 13:00:00,7366.0,7384.0,7358.0,7382.0,40838.0,435938.0,435372.0
2023-10-18 14:00:00,7382.0,7394.0,7350.0,7362.0,104072.0,435372.0,425847.0
2023-10-18 21:00:00,7376.0,7380.0,7324.0,7328.0,122143.0,425847.0,430579.0
2023-10-18 22:00:00,7328.0,7360.0,7320.0,7330.0,80599.0,430579.0,424410.0
2023-10-19 09:00:00,7326.0,7400.0,7326.0,7384.0,129736.0,424410.0,434236.0
2023-10-19 10:00:00,7384.0,7412.0,7384.0,7394.0,69234.0,434236.0,436494.0
2023-10-19 11:00:00,7394.0,7398.0,7370.0,7380.0,48935.0,436494.0,434587.0
2023-10-19 13:00:00,7378.0,7396.0,7358.0,7364.0,41377.0,434587.0,436153.0
2023-10-19 14:00:00,7364.0,7382.0,7314.0,7334.0,115227.0,436153.0,427635.0
2023-10-19 21:00:00,7290.0,7328.0,7276.0,7302.0,180950.0,427635.0,432546.0
2023-10-19 22:00:00,7302.0,7310.0,7216.0,7234.0,153502.0,432546.0,428150.0
2023-10-20 09:00:00,7252.0,7268.0,7202.0,7208.0,131667.0,428150.0,434895.0
2023-10-20 10:00:00,7208.0,7230.0,7190.0,7214.0,88694.0,434895.0,437740.0
2023-10-20 11:00:00,7214.0,7230.0,7208.0,7224.0,27648.0,437740.0,435300.0
2023-10-20 13:00:00,7228.0,7258.0,7220.0,7254.0,43572.0,435300.0,431253.0
2023-10-20 14:00:00,7254.0,7268.0,7208.0,7228.0,105489.0,431253.0,424781.0
2023-10-20 21:00:00,7238.0,7248.0,7202.0,7236.0,108175.0,424781.0,430055.0
2023-10-20 22:00:00,7236.0,7266.0,7220.0,7252.0,80693.0,430055.0,425079.0
2023-10-23 09:00:00,7210.0,7236.0,7148.0,7186.0,173969.0,425079.0,427176.0
2023-10-23 10:00:00,7186.0,7232.0,7160.0,7166.0,85624.0,427176.0,432481.0
2023-10-23 11:00:00,7166.0,7176.0,7152.0,7162.0,37830.0,432481.0,435070.0
2023-10-23 13:00:00,7168.0,7180.0,7154.0,7158.0,31720.0,435070.0,438017.0
2023-10-23 14:00:00,7158.0,7178.0,7140.0,7170.0,71572.0,438017.0,437465.0
2023-10-23 21:00:00,7176.0,7186.0,7158.0,7174.0,96964.0,437465.0,444730.0
2023-10-23 22:00:00,7174.0,7188.0,7160.0,7170.0,61149.0,444730.0,438504.0
2023-10-24 09:00:00,7120.0,7134.0,7070.0,7084.0,172081.0,438504.0,452893.0
2023-10-24 10:00:00,7084.0,7110.0,7056.0,7060.0,80604.0,452893.0,455424.0
2023-10-24 11:00:00,7060.0,7074.0,7054.0,7058.0,34800.0,455424.0,457118.0
2023-10-24 13:00:00,7056.0,7060.0,7032.0,7038.0,47962.0,457118.0,458956.0
2023-10-24 14:00:00,7038.0,7092.0,7036.0,7080.0,82457.0,458956.0,448970.0
2023-10-24 21:00:00,7094.0,7102.0,7052.0,7070.0,117708.0,448970.0,458495.0
2023-10-24 22:00:00,7070.0,7090.0,7060.0,7082.0,83068.0,458495.0,456411.0
2023-10-25 09:00:00,7090.0,7112.0,7042.0,7060.0,120083.0,456411.0,461732.0
2023-10-25 10:00:00,7060.0,7064.0,7010.0,7022.0,91054.0,461732.0,474346.0
2023-10-25 11:00:00,7022.0,7050.0,7018.0,7030.0,45439.0,474346.0,470473.0
2023-10-25 13:00:00,7028.0,7028.0,7006.0,7014.0,44698.0,470473.0,477390.0
2023-10-25 14:00:00,7014.0,7034.0,7008.0,7016.0,63282.0,477390.0,473414.0
2023-10-25 21:00:00,7040.0,7066.0,7032.0,7058.0,121367.0,473414.0,479927.0
2023-10-25 22:00:00,7058.0,7074.0,7034.0,7060.0,81526.0,479927.0,477203.0
2023-10-26 09:00:00,7096.0,7124.0,7072.0,7082.0,125172.0,477203.0,478703.0
2023-10-26 10:00:00,7082.0,7114.0,7076.0,7098.0,55775.0,478703.0,479745.0
2023-10-26 11:00:00,7098.0,7162.0,7094.0,7150.0,73387.0,479745.0,477187.0
2023-10-26 13:00:00,7154.0,7210.0,7152.0,7196.0,106402.0,477187.0,475519.0
2023-10-26 14:00:00,7196.0,7258.0,7190.0,7256.0,159053.0,475519.0,459478.0
2023-10-26 21:00:00,7238.0,7270.0,7230.0,7254.0,161732.0,459478.0,459079.0
2023-10-26 22:00:00,7254.0,7256.0,7222.0,7232.0,95829.0,459079.0,450434.0
2023-10-27 09:00:00,7188.0,7202.0,7156.0,7156.0,137635.0,450434.0,447324.0
2023-10-27 10:00:00,7156.0,7196.0,7146.0,7170.0,88108.0,447324.0,446592.0
2023-10-27 11:00:00,7170.0,7186.0,7158.0,7184.0,34328.0,446592.0,446646.0
2023-10-27 13:00:00,7188.0,7230.0,7186.0,7226.0,57478.0,446646.0,447780.0
2023-10-27 14:00:00,7226.0,7266.0,7216.0,7260.0,119932.0,447780.0,445410.0
2023-10-27 21:00:00,7288.0,7312.0,7272.0,7280.0,129166.0,445410.0,442513.0
2023-10-27 22:00:00,7280.0,7292.0,7262.0,7266.0,73974.0,442513.0,436765.0
2023-10-30 09:00:00,7302.0,7306.0,7268.0,7294.0,116427.0,436765.0,438289.0
2023-10-30 10:00:00,7294.0,7300.0,7256.0,7260.0,71264.0,438289.0,436216.0
2023-10-30 11:00:00,7260.0,7266.0,7236.0,7246.0,50983.0,436216.0,434753.0
2023-10-30 13:00:00,7248.0,7262.0,7240.0,7256.0,30210.0,434753.0,434831.0
2023-10-30 14:00:00,7256.0,7272.0,7248.0,7252.0,54202.0,434831.0,433640.0
2023-10-30 21:00:00,7230.0,7250.0,7212.0,7216.0,125795.0,433640.0,427950.0
2023-10-30 22:00:00,7216.0,7216.0,7126.0,7132.0,148968.0,427950.0,428231.0
2023-10-31 09:00:00,7124.0,7138.0,7090.0,7094.0,122312.0,428231.0,440685.0
2023-10-31 10:00:00,7094.0,7122.0,7056.0,7070.0,93642.0,440685.0,454387.0
2023-10-31 11:00:00,7070.0,7082.0,7052.0,7068.0,41164.0,454387.0,455679.0
2023-10-31 13:00:00,7072.0,7088.0,7068.0,7084.0,39029.0,455679.0,455280.0
2023-10-31 14:00:00,7084.0,7114.0,7084.0,7098.0,100655.0,455280.0,450890.0
2023-10-31 21:00:00,7110.0,7126.0,7090.0,7108.0,135371.0,450890.0,459926.0
2023-10-31 22:00:00,7108.0,7152.0,7078.0,7152.0,123329.0,459926.0,455574.0
2023-11-01 09:00:00,7120.0,7158.0,7098.0,7110.0,121733.0,455574.0,452806.0
2023-11-01 10:00:00,7110.0,7112.0,7058.0,7084.0,84290.0,452806.0,456853.0
2023-11-01 11:00:00,7084.0,7118.0,7082.0,7090.0,43848.0,456853.0,455304.0
2023-11-01 13:00:00,7088.0,7106.0,7076.0,7104.0,29427.0,455304.0,457719.0
2023-11-01 14:00:00,7104.0,7166.0,7104.0,7146.0,105783.0,457719.0,449717.0
2023-11-01 21:00:00,7158.0,7174.0,7122.0,7142.0,140698.0,449717.0,452813.0
2023-11-01 22:00:00,7142.0,7170.0,7130.0,7148.0,81728.0,452813.0,449693.0
2023-11-02 09:00:00,7082.0,7172.0,7066.0,7164.0,151754.0,449693.0,453388.0
2023-11-02 10:00:00,7164.0,7246.0,7154.0,7234.0,125518.0,453388.0,454674.0
2023-11-02 11:00:00,7234.0,7280.0,7228.0,7268.0,86818.0,454674.0,450791.0
2023-11-02 13:00:00,7268.0,7322.0,7262.0,7316.0,96607.0,450791.0,458034.0
2023-11-02 14:00:00,7316.0,7338.0,7290.0,7320.0,157555.0,458034.0,448239.0
2023-11-02 21:00:00,7334.0,7350.0,7314.0,7338.0,130666.0,448239.0,451671.0
2023-11-02 22:00:00,7338.0,7344.0,7296.0,7316.0,86411.0,451671.0,446209.0
2023-11-03 09:00:00,7346.0,7378.0,7328.0,7350.0,111671.0,446209.0,443149.0
2023-11-03 10:00:00,7350.0,7354.0,7308.0,7326.0,97507.0,443149.0,441607.0
2023-11-03 11:00:00,7326.0,7344.0,7310.0,7332.0,34118.0,441607.0,438050.0
2023-11-03 13:00:00,7326.0,7344.0,7326.0,7344.0,33256.0,438050.0,437771.0
2023-11-03 14:00:00,7344.0,7358.0,7318.0,7350.0,72342.0,437771.0,429291.0
2023-11-03 21:00:00,7370.0,7382.0,7306.0,7354.0,155927.0,429291.0,434138.0
2023-11-03 22:00:00,7354.0,7362.0,7330.0,7352.0,62021.0,434138.0,429222.0
2023-11-06 09:00:00,7318.0,7334.0,7282.0,7322.0,147508.0,429222.0,428290.0
2023-11-06 10:00:00,7322.0,7330.0,7266.0,7274.0,98685.0,428290.0,428391.0
2023-11-06 11:00:00,7274.0,7298.0,7270.0,7290.0,37970.0,428391.0,428585.0
2023-11-06 13:00:00,7292.0,7318.0,7282.0,7308.0,51389.0,428585.0,431222.0
2023-11-06 14:00:00,7308.0,7364.0,7304.0,7350.0,121746.0,431222.0,429494.0
2023-11-06 21:00:00,7358.0,7390.0,7328.0,7356.0,122663.0,429494.0,437332.0
2023-11-06 22:00:00,7356.0,7388.0,7356.0,7380.0,94880.0,437332.0,437154.0
2023-11-07 09:00:00,7380.0,7392.0,7346.0,7360.0,111826.0,437154.0,438032.0
2023-11-07 10:00:00,7360.0,7442.0,7350.0,7436.0,101387.0,438032.0,445955.0
2023-11-07 11:00:00,7436.0,7458.0,7402.0,7406.0,83184.0,445955.0,442974.0
2023-11-07 13:00:00,7398.0,7422.0,7368.0,7416.0,79196.0,442974.0,442883.0
2023-11-07 14:00:00,7416.0,7420.0,7316.0,7320.0,167218.0,442883.0,434158.0
2023-11-07 21:00:00,7286.0,7374.0,7280.0,7368.0,160135.0,434158.0,445029.0
2023-11-07 22:00:00,7368.0,7398.0,7358.0,7378.0,124820.0,445029.0,441328.0
2023-11-08 09:00:00,7324.0,7358.0,7300.0,7350.0,143098.0,441328.0,447200.0
2023-11-08 10:00:00,7350.0,7378.0,7344.0,7378.0,56513.0,447200.0,447004.0
2023-11-08 11:00:00,7378.0,7414.0,7372.0,7384.0,69226.0,447004.0,447561.0
2023-11-08 13:00:00,7380.0,7382.0,7322.0,7328.0,82898.0,447561.0,444085.0
2023-11-08 14:00:00,7328.0,7408.0,7326.0,7384.0,140965.0,444085.0,439088.0
2023-11-08 21:00:00,7358.0,7366.0,7312.0,7338.0,186278.0,439088.0,443867.0
2023-11-08 22:00:00,7338.0,7360.0,7318.0,7320.0,106154.0,443867.0,438123.0
2023-11-09 09:00:00,7338.0,7370.0,7300.0,7350.0,128446.0,438123.0,441109.0
2023-11-09 10:00:00,7350.0,7384.0,7308.0,7314.0,114968.0,441109.0,443335.0
2023-11-09 11:00:00,7314.0,7330.0,7302.0,7308.0,58089.0,443335.0,445643.0
2023-11-09 13:00:00,7306.0,7306.0,7218.0,7248.0,159659.0,445643.0,448400.0
2023-11-09 14:00:00,7248.0,7284.0,7202.0,7280.0,203855.0,448400.0,438093.0
2023-11-09 21:00:00,7276.0,7322.0,7268.0,7310.0,142277.0,438093.0,441039.0
2023-11-09 22:00:00,7310.0,7318.0,7288.0,7298.0,101432.0,441039.0,436792.0
2023-11-10 09:00:00,7296.0,7388.0,7278.0,7366.0,181165.0,436792.0,433767.0
2023-11-10 10:00:00,7366.0,7366.0,7302.0,7324.0,106039.0,433767.0,430031.0
2023-11-10 11:00:00,7324.0,7370.0,7318.0,7356.0,56018.0,430031.0,429608.0
2023-11-10 13:00:00,7376.0,7476.0,7364.0,7398.0,198447.0,429608.0,437694.0
2023-11-10 14:00:00,7398.0,7416.0,7362.0,7398.0,156865.0,437694.0,430775.0
2023-11-10 21:00:00,7422.0,7450.0,7406.0,7426.0,170614.0,430775.0,441589.0
2023-11-10 22:00:00,7426.0,7442.0,7390.0,7424.0,104434.0,441589.0,434949.0
2023-11-13 09:00:00,7428.0,7440.0,7356.0,7372.0,161654.0,434949.0,436111.0
2023-11-13 10:00:00,7372.0,7380.0,7340.0,7364.0,62290.0,436111.0,435590.0
2023-11-13 11:00:00,7364.0,7372.0,7324.0,7338.0,48225.0,435590.0,434626.0
2023-11-13 13:00:00,7338.0,7392.0,7336.0,7366.0,56979.0,434626.0,434287.0
2023-11-13 14:00:00,7366.0,7378.0,7340.0,7374.0,83250.0,434287.0,429241.0
2023-11-13 21:00:00,7344.0,7358.0,7278.0,7322.0,199851.0,429241.0,435526.0
2023-11-13 22:00:00,7322.0,7342.0,7306.0,7336.0,83717.0,435526.0,426796.0
2023-11-14 09:00:00,7390.0,7474.0,7390.0,7458.0,246509.0,426796.0,425330.0
2023-11-14 10:00:00,7458.0,7490.0,7448.0,7482.0,112756.0,425330.0,436790.0
2023-11-14 11:00:00,7482.0,7492.0,7466.0,7480.0,39769.0,436790.0,435629.0
2023-11-14 13:00:00,7486.0,7488.0,7468.0,7474.0,37376.0,435629.0,436334.0
2023-11-14 14:00:00,7474.0,7496.0,7462.0,7484.0,70735.0,436334.0,433350.0
2023-11-14 21:00:00,7504.0,7586.0,7496.0,7572.0,218231.0,433350.0,450547.0
2023-11-14 22:00:00,7572.0,7606.0,7554.0,7592.0,134369.0,450547.0,449099.0
2023-11-15 09:00:00,7578.0,7610.0,7572.0,7588.0,117523.0,449099.0,449685.0
2023-11-15 10:00:00,7588.0,7628.0,7584.0,7622.0,78864.0,449685.0,456485.0
2023-11-15 11:00:00,7622.0,7630.0,7602.0,7610.0,49955.0,456485.0,456256.0
2023-11-15 13:00:00,7614.0,7624.0,7594.0,7612.0,40198.0,456256.0,456206.0
2023-11-15 14:00:00,7612.0,7636.0,7592.0,7634.0,96256.0,456206.0,457469.0
2023-11-15 21:00:00,7636.0,7644.0,7600.0,7626.0,142461.0,457469.0,461790.0
2023-11-15 22:00:00,7626.0,7650.0,7604.0,7626.0,86101.0,461790.0,455745.0
2023-11-16 09:00:00,7618.0,7634.0,7588.0,7630.0,101897.0,455745.0,456092.0
2023-11-16 10:00:00,7630.0,7664.0,7622.0,7642.0,74086.0,456092.0,460021.0
2023-11-16 11:00:00,7642.0,7642.0,7584.0,7594.0,105170.0,460021.0,452412.0
2023-11-16 13:00:00,7584.0,7596.0,7550.0,7596.0,81787.0,452412.0,449633.0
2023-11-16 14:00:00,7596.0,7614.0,7586.0,7600.0,80502.0,449633.0,445526.0
2023-11-16 21:00:00,7590.0,7606.0,7566.0,7606.0,127968.0,445526.0,446856.0
2023-11-16 22:00:00,7606.0,7610.0,7516.0,7520.0,147722.0,446856.0,433962.0
2023-11-17 09:00:00,7486.0,7490.0,7418.0,7428.0,190214.0,433962.0,425543.0
2023-11-17 10:00:00,7428.0,7494.0,7424.0,7486.0,85175.0,425543.0,417498.0
2023-11-17 11:00:00,7486.0,7498.0,7470.0,7486.0,43046.0,417498.0,415129.0
2023-11-17 13:00:00,7488.0,7508.0,7476.0,7502.0,36175.0,415129.0,416634.0
2023-11-17 14:00:00,7502.0,7508.0,7474.0,7490.0,68336.0,416634.0,411021.0
2023-11-17 21:00:00,7504.0,7508.0,7432.0,7432.0,120915.0,411021.0,414258.0
2023-11-17 22:00:00,7432.0,7468.0,7432.0,7452.0,78199.0,414258.0,408008.0
2023-11-20 09:00:00,7464.0,7484.0,7406.0,7472.0,162968.0,408008.0,410059.0
2023-11-20 10:00:00,7472.0,7492.0,7460.0,7486.0,58841.0,410059.0,408536.0
2023-11-20 11:00:00,7486.0,7504.0,7478.0,7488.0,38605.0,408536.0,407698.0
2023-11-20 13:00:00,7498.0,7514.0,7462.0,7466.0,48760.0,407698.0,406426.0
2023-11-20 14:00:00,7466.0,7502.0,7446.0,7452.0,88760.0,406426.0,404438.0
2023-11-20 21:00:00,7466.0,7530.0,7460.0,7518.0,140808.0,404438.0,405608.0
2023-11-20 22:00:00,7518.0,7544.0,7488.0,7526.0,112282.0,405608.0,407667.0
2023-11-21 09:00:00,7562.0,7572.0,7530.0,7552.0,126770.0,407667.0,411099.0
2023-11-21 10:00:00,7552.0,7558.0,7498.0,7538.0,94423.0,411099.0,409830.0
2023-11-21 11:00:00,7538.0,7542.0,7474.0,7504.0,57333.0,409830.0,405847.0
2023-11-21 13:00:00,7498.0,7502.0,7432.0,7442.0,85245.0,405847.0,403065.0
2023-11-21 14:00:00,7442.0,7446.0,7384.0,7418.0,179743.0,403065.0,395457.0
2023-11-21 21:00:00,7418.0,7436.0,7368.0,7430.0,146532.0,395457.0,399819.0
2023-11-21 22:00:00,7430.0,7474.0,7420.0,7472.0,70298.0,399819.0,392771.0
2023-11-22 09:00:00,7496.0,7520.0,7466.0,7500.0,145727.0,392771.0,390348.0
2023-11-22 10:00:00,7500.0,7540.0,7484.0,7522.0,105508.0,390348.0,394421.0
2023-11-22 11:00:00,7522.0,7558.0,7522.0,7546.0,74593.0,394421.0,397644.0
2023-11-22 13:00:00,7550.0,7552.0,7474.0,7518.0,77582.0,397644.0,393007.0
2023-11-22 14:00:00,7518.0,7564.0,7484.0,7558.0,129720.0,393007.0,395826.0
2023-11-22 21:00:00,7512.0,7520.0,7436.0,7496.0,238006.0,395826.0,392354.0
2023-11-22 22:00:00,7496.0,7524.0,7454.0,7478.0,111243.0,392354.0,384241.0
2023-11-23 09:00:00,7500.0,7518.0,7428.0,7442.0,130099.0,384241.0,384559.0
2023-11-23 10:00:00,7442.0,7462.0,7406.0,7424.0,95078.0,384559.0,382795.0
2023-11-23 11:00:00,7424.0,7424.0,7384.0,7410.0,74558.0,382795.0,385557.0
2023-11-23 13:00:00,7408.0,7426.0,7398.0,7412.0,35614.0,385557.0,385670.0
2023-11-23 14:00:00,7412.0,7456.0,7408.0,7444.0,97885.0,385670.0,375750.0
2023-11-23 21:00:00,7428.0,7430.0,7348.0,7384.0,185083.0,375750.0,380649.0
2023-11-23 22:00:00,7384.0,7400.0,7370.0,7380.0,69386.0,380649.0,378336.0
2023-11-24 09:00:00,7396.0,7410.0,7356.0,7362.0,85181.0,378336.0,380250.0
2023-11-24 10:00:00,7362.0,7378.0,7334.0,7338.0,71469.0,380250.0,381578.0
2023-11-24 11:00:00,7338.0,7344.0,7314.0,7320.0,43725.0,381578.0,383260.0
2023-11-24 13:00:00,7324.0,7358.0,7320.0,7354.0,41712.0,383260.0,382830.0
2023-11-24 14:00:00,7354.0,7366.0,7334.0,7338.0,72223.0,382830.0,377434.0
2023-11-24 21:00:00,7300.0,7334.0,7268.0,7310.0,121172.0,377434.0,383033.0
2023-11-24 22:00:00,7310.0,7314.0,7264.0,7292.0,100303.0,383033.0,380555.0
2023-11-27 09:00:00,7268.0,7362.0,7260.0,7324.0,153923.0,380555.0,373194.0
2023-11-27 10:00:00,7324.0,7350.0,7270.0,7278.0,85095.0,373194.0,373483.0
2023-11-27 11:00:00,7278.0,7296.0,7252.0,7296.0,52029.0,373483.0,371113.0
2023-11-27 13:00:00,7294.0,7342.0,7294.0,7336.0,53323.0,371113.0,365422.0
2023-11-27 14:00:00,7336.0,7414.0,7332.0,7410.0,129106.0,365422.0,352423.0
2023-11-27 21:00:00,7408.0,7422.0,7366.0,7404.0,145865.0,352423.0,348429.0
2023-11-27 22:00:00,7404.0,7424.0,7376.0,7408.0,90479.0,348429.0,341124.0
2023-11-28 09:00:00,7412.0,7460.0,7412.0,7430.0,121535.0,341124.0,331151.0
2023-11-28 10:00:00,7430.0,7448.0,7384.0,7390.0,77428.0,331151.0,329826.0
2023-11-28 11:00:00,7390.0,7430.0,7388.0,7412.0,33158.0,329826.0,330166.0
2023-11-28 13:00:00,7398.0,7398.0,7362.0,7380.0,58624.0,330166.0,330363.0
2023-11-28 14:00:00,7380.0,7410.0,7370.0,7372.0,92980.0,330363.0,325043.0
2023-11-28 21:00:00,7370.0,7384.0,7310.0,7330.0,160980.0,325043.0,332537.0
2023-11-28 22:00:00,7330.0,7366.0,7316.0,7348.0,76148.0,332537.0,327208.0
2023-11-29 09:00:00,7396.0,7434.0,7346.0,7350.0,138221.0,327208.0,331879.0
2023-11-29 10:00:00,7350.0,7354.0,7272.0,7304.0,117520.0,331879.0,346548.0
2023-11-29 11:00:00,7304.0,7308.0,7286.0,7294.0,32549.0,346548.0,348547.0
2023-11-29 13:00:00,7290.0,7324.0,7282.0,7292.0,43149.0,348547.0,345867.0
2023-11-29 14:00:00,7292.0,7294.0,7238.0,7248.0,128395.0,345867.0,352844.0
2023-11-29 21:00:00,7262.0,7308.0,7260.0,7302.0,107424.0,352844.0,348195.0
2023-11-29 22:00:00,7302.0,7314.0,7268.0,7278.0,80665.0,348195.0,341414.0
2023-11-30 09:00:00,7306.0,7310.0,7274.0,7304.0,77606.0,341414.0,337060.0
2023-11-30 10:00:00,7304.0,7340.0,7298.0,7306.0,76075.0,337060.0,326969.0
2023-11-30 11:00:00,7306.0,7328.0,7302.0,7322.0,20765.0,326969.0,324101.0
2023-11-30 13:00:00,7320.0,7352.0,7314.0,7334.0,55377.0,324101.0,314674.0
2023-11-30 14:00:00,7334.0,7350.0,7318.0,7336.0,58751.0,314674.0,305981.0
2023-11-30 21:00:00,7344.0,7380.0,7330.0,7362.0,107656.0,305981.0,304304.0
2023-11-30 22:00:00,7362.0,7364.0,7324.0,7356.0,72120.0,304304.0,301535.0
2023-12-01 09:00:00,7316.0,7324.0,7214.0,7246.0,193747.0,301535.0,322054.0
2023-12-01 10:00:00,7246.0,7260.0,7166.0,7172.0,127822.0,322054.0,330874.0
2023-12-01 11:00:00,7172.0,7202.0,7170.0,7192.0,40423.0,330874.0,332332.0
2023-12-01 13:00:00,7192.0,7220.0,7166.0,7188.0,49827.0,332332.0,335361.0
2023-12-01 14:00:00,7188.0,7222.0,7176.0,7188.0,74267.0,335361.0,329753.0
2023-12-01 21:00:00,7204.0,7254.0,7196.0,7254.0,89343.0,329753.0,325372.0
2023-12-01 22:00:00,7254.0,7268.0,7246.0,7258.0,61005.0,325372.0,317207.0
2023-12-04 09:00:00,7214.0,7236.0,7150.0,7160.0,136267.0,317207.0,319272.0
2023-12-04 10:00:00,7160.0,7214.0,7158.0,7210.0,59632.0,319272.0,318318.0
2023-12-04 11:00:00,7210.0,7214.0,7188.0,7198.0,18726.0,318318.0,317867.0
2023-12-04 13:00:00,7198.0,7230.0,7196.0,7202.0,40529.0,317867.0,313547.0
2023-12-04 14:00:00,7202.0,7220.0,7188.0,7208.0,61306.0,313547.0,306579.0
2023-12-04 21:00:00,7206.0,7224.0,7178.0,7190.0,102120.0,306579.0,307801.0
2023-12-04 22:00:00,7190.0,7220.0,7184.0,7196.0,51547.0,307801.0,302475.0
2023-12-05 09:00:00,7180.0,7206.0,7130.0,7142.0,135789.0,302475.0,306597.0
2023-12-05 10:00:00,7142.0,7196.0,7130.0,7142.0,82263.0,306597.0,306782.0
2023-12-05 11:00:00,7142.0,7162.0,7136.0,7156.0,27969.0,306782.0,304963.0
2023-12-05 13:00:00,7140.0,7144.0,7122.0,7134.0,37324.0,304963.0,306893.0
2023-12-05 14:00:00,7134.0,7142.0,7092.0,7112.0,72838.0,306893.0,304882.0
2023-12-05 21:00:00,7106.0,7114.0,7062.0,7070.0,99620.0,304882.0,307677.0
2023-12-05 22:00:00,7070.0,7102.0,7066.0,7088.0,59276.0,307677.0,299895.0
2023-12-06 09:00:00,7058.0,7070.0,6896.0,6926.0,201416.0,299895.0,314733.0
2023-12-06 10:00:00,6926.0,6950.0,6898.0,6924.0,74534.0,314733.0,316845.0
2023-12-06 11:00:00,6924.0,6934.0,6914.0,6920.0,25077.0,316845.0,315382.0
2023-12-06 13:00:00,6928.0,6958.0,6926.0,6942.0,37906.0,315382.0,312759.0
2023-12-06 14:00:00,6942.0,6948.0,6920.0,6930.0,57250.0,312759.0,309152.0
2023-12-06 21:00:00,6942.0,6952.0,6914.0,6940.0,98862.0,309152.0,316964.0
2023-12-06 22:00:00,6940.0,6940.0,6850.0,6850.0,94073.0,316964.0,317267.0
2023-12-07 09:00:00,6818.0,6832.0,6732.0,6820.0,185081.0,317267.0,300550.0
2023-12-07 10:00:00,6820.0,6834.0,6788.0,6826.0,57318.0,300550.0,295084.0
2023-12-07 11:00:00,6826.0,6874.0,6824.0,6866.0,56025.0,295084.0,287262.0
2023-12-07 13:00:00,6870.0,6886.0,6862.0,6876.0,33335.0,287262.0,283239.0
2023-12-07 14:00:00,6876.0,6926.0,6864.0,6916.0,91067.0,283239.0,274786.0
2023-12-07 21:00:00,6948.0,7000.0,6930.0,6976.0,136442.0,274786.0,265598.0
2023-12-07 22:00:00,6976.0,6996.0,6964.0,6984.0,47825.0,265598.0,259101.0
2023-12-08 09:00:00,7010.0,7038.0,6982.0,7026.0,79456.0,259101.0,250801.0
2023-12-08 10:00:00,7026.0,7046.0,7022.0,7028.0,47100.0,250801.0,242344.0
2023-12-08 11:00:00,7028.0,7044.0,7012.0,7038.0,28903.0,242344.0,235990.0
2023-12-08 13:00:00,7042.0,7082.0,7036.0,7074.0,39004.0,235990.0,232378.0
2023-12-08 14:00:00,7074.0,7104.0,7066.0,7092.0,72233.0,232378.0,222012.0
2023-12-08 21:00:00,7070.0,7102.0,7046.0,7060.0,89312.0,222012.0,211014.0
2023-12-08 22:00:00,7060.0,7066.0,7038.0,7056.0,40833.0,211014.0,206036.0
2023-12-11 09:00:00,7006.0,7072.0,6992.0,7068.0,92309.0,206036.0,205874.0
2023-12-11 10:00:00,7068.0,7088.0,7032.0,7072.0,47380.0,205874.0,203145.0
2023-12-11 11:00:00,7072.0,7078.0,7046.0,7058.0,16728.0,203145.0,201752.0
2023-12-11 13:00:00,7052.0,7074.0,7042.0,7070.0,17181.0,201752.0,199751.0
2023-12-11 14:00:00,7070.0,7134.0,7070.0,7116.0,60946.0,199751.0,191160.0
2023-12-11 21:00:00,7118.0,7126.0,7076.0,7082.0,61400.0,191160.0,184173.0
2023-12-11 22:00:00,7082.0,7106.0,7078.0,7086.0,30563.0,184173.0,182255.0
2023-12-12 09:00:00,7116.0,7144.0,7098.0,7104.0,59331.0,182255.0,178395.0
2023-12-12 10:00:00,7104.0,7118.0,7078.0,7094.0,23219.0,178395.0,177456.0
2023-12-12 11:00:00,7094.0,7096.0,7070.0,7096.0,15861.0,177456.0,177737.0
2023-12-12 13:00:00,7076.0,7112.0,7074.0,7112.0,20242.0,177737.0,175576.0
2023-12-12 14:00:00,7112.0,7140.0,7104.0,7136.0,43224.0,175576.0,166416.0
2023-12-12 21:00:00,7174.0,7190.0,7136.0,7140.0,126494.0,166416.0,355986.0
2023-12-12 22:00:00,7140.0,7148.0,7088.0,7110.0,91598.0,355986.0,364607.0
2023-12-13 09:00:00,7106.0,7164.0,7100.0,7158.0,106070.0,364607.0,371939.0
2023-12-13 10:00:00,7158.0,7164.0,7118.0,7120.0,60154.0,371939.0,374854.0
2023-12-13 11:00:00,7120.0,7122.0,7066.0,7072.0,57666.0,374854.0,381962.0
2023-12-13 13:00:00,7084.0,7092.0,7076.0,7082.0,33039.0,381962.0,386630.0
2023-12-13 14:00:00,7082.0,7090.0,7056.0,7076.0,60567.0,386630.0,387893.0
2023-12-13 21:00:00,7078.0,7132.0,7072.0,7112.0,111730.0,387893.0,389903.0
2023-12-13 22:00:00,7112.0,7126.0,7092.0,7096.0,64689.0,389903.0,389432.0
2023-12-14 09:00:00,7100.0,7120.0,7076.0,7092.0,101201.0,389432.0,398098.0
2023-12-14 10:00:00,7092.0,7120.0,7062.0,7094.0,70199.0,398098.0,398593.0
2023-12-14 11:00:00,7094.0,7104.0,7080.0,7088.0,23593.0,398593.0,399732.0
2023-12-14 13:00:00,7086.0,7088.0,7066.0,7074.0,24998.0,399732.0,402725.0
2023-12-14 14:00:00,7074.0,7086.0,7056.0,7070.0,45192.0,402725.0,402942.0
2023-12-14 21:00:00,7106.0,7122.0,7084.0,7118.0,89014.0,402942.0,407461.0
2023-12-14 22:00:00,7118.0,7130.0,7106.0,7122.0,48702.0,407461.0,403995.0
2023-12-15 09:00:00,7100.0,7192.0,7096.0,7140.0,165727.0,403995.0,406582.0
2023-12-15 10:00:00,7140.0,7176.0,7134.0,7144.0,61555.0,406582.0,408210.0
2023-12-15 11:00:00,7144.0,7158.0,7120.0,7132.0,33342.0,408210.0,410773.0
2023-12-15 13:00:00,7130.0,7130.0,7070.0,7082.0,67305.0,410773.0,420563.0
2023-12-15 14:00:00,7082.0,7088.0,7042.0,7070.0,112992.0,420563.0,422038.0
2023-12-15 21:00:00,7098.0,7116.0,7022.0,7040.0,142105.0,422038.0,432370.0
2023-12-15 22:00:00,7040.0,7056.0,6996.0,7002.0,85949.0,432370.0,436383.0
2023-12-18 09:00:00,7052.0,7094.0,7028.0,7034.0,158018.0,436383.0,435230.0
2023-12-18 10:00:00,7034.0,7060.0,7012.0,7024.0,72597.0,435230.0,439965.0
2023-12-18 11:00:00,7024.0,7080.0,7024.0,7076.0,38460.0,439965.0,437534.0
2023-12-18 13:00:00,7076.0,7120.0,7068.0,7104.0,67474.0,437534.0,434655.0
2023-12-18 14:00:00,7104.0,7164.0,7092.0,7164.0,119824.0,434655.0,423992.0
2023-12-18 21:00:00,7152.0,7200.0,7146.0,7192.0,139186.0,423992.0,424346.0
2023-12-18 22:00:00,7192.0,7198.0,7166.0,7174.0,68969.0,424346.0,420427.0
2023-12-19 09:00:00,7178.0,7184.0,7116.0,7124.0,109424.0,420427.0,425133.0
2023-12-19 10:00:00,7124.0,7162.0,7112.0,7148.0,60037.0,425133.0,427572.0
2023-12-19 11:00:00,7148.0,7158.0,7136.0,7142.0,22199.0,427572.0,429102.0
2023-12-19 13:00:00,7152.0,7174.0,7146.0,7152.0,37991.0,429102.0,430179.0
2023-12-19 14:00:00,7152.0,7192.0,7150.0,7152.0,86094.0,430179.0,424589.0
2023-12-19 21:00:00,7142.0,7184.0,7132.0,7176.0,91551.0,424589.0,428838.0
2023-12-19 22:00:00,7176.0,7206.0,7150.0,7164.0,93169.0,428838.0,426285.0
2023-12-20 09:00:00,7176.0,7220.0,7160.0,7184.0,133016.0,426285.0,431878.0
2023-12-20 10:00:00,7184.0,7206.0,7172.0,7192.0,56911.0,431878.0,430602.0
2023-12-20 11:00:00,7192.0,7196.0,7156.0,7172.0,40787.0,430602.0,429818.0
2023-12-20 13:00:00,7174.0,7184.0,7154.0,7174.0,33510.0,429818.0,431049.0
2023-12-20 14:00:00,7174.0,7188.0,7160.0,7164.0,48645.0,431049.0,426803.0
2023-12-20 21:00:00,7194.0,7208.0,7170.0,7184.0,101236.0,426803.0,430848.0
2023-12-20 22:00:00,7184.0,7260.0,7184.0,7238.0,148130.0,430848.0,427013.0
2023-12-21 09:00:00,7210.0,7214.0,7168.0,7182.0,154902.0,427013.0,425627.0
2023-12-21 10:00:00,7182.0,7186.0,7098.0,7126.0,124796.0,425627.0,430130.0
2023-12-21 11:00:00,7126.0,7136.0,7112.0,7124.0,32363.0,430130.0,431365.0
2023-12-21 13:00:00,7124.0,7152.0,7122.0,7152.0,46522.0,431365.0,431639.0
2023-12-21 14:00:00,7152.0,7182.0,7148.0,7168.0,99453.0,431639.0,421945.0
2023-12-21 21:00:00,7138.0,7148.0,7042.0,7070.0,224000.0,421945.0,447267.0
2023-12-21 22:00:00,7070.0,7080.0,7044.0,7048.0,86964.0,447267.0,448877.0
2023-12-22 09:00:00,7036.0,7036.0,6960.0,7012.0,192268.0,448877.0,466961.0
2023-12-22 10:00:00,7012.0,7066.0,7004.0,7064.0,87894.0,466961.0,465652.0
2023-12-22 11:00:00,7064.0,7122.0,7050.0,7114.0,99129.0,465652.0,456297.0
2023-12-22 13:00:00,7114.0,7146.0,7102.0,7120.0,81900.0,456297.0,451124.0
2023-12-22 14:00:00,7120.0,7140.0,7094.0,7126.0,79346.0,451124.0,444885.0
2023-12-22 21:00:00,7146.0,7168.0,7112.0,7148.0,125907.0,444885.0,447038.0
2023-12-22 22:00:00,7148.0,7164.0,7106.0,7108.0,95705.0,447038.0,441770.0
2023-12-25 09:00:00,7098.0,7098.0,6968.0,7056.0,275464.0,441770.0,467631.0
2023-12-25 10:00:00,7056.0,7122.0,7048.0,7110.0,115459.0,467631.0,456546.0
2023-12-25 11:00:00,7110.0,7128.0,7096.0,7120.0,38285.0,456546.0,457135.0
2023-12-25 13:00:00,7120.0,7152.0,7120.0,7136.0,55834.0,457135.0,460058.0
2023-12-25 14:00:00,7136.0,7140.0,7110.0,7140.0,67714.0,460058.0,451157.0
2023-12-25 21:00:00,7148.0,7190.0,7134.0,7160.0,135441.0,451157.0,451827.0
2023-12-25 22:00:00,7160.0,7162.0,7138.0,7144.0,41801.0,451827.0,446732.0
2023-12-26 09:00:00,7144.0,7192.0,7144.0,7186.0,123833.0,446732.0,448301.0
2023-12-26 10:00:00,7186.0,7210.0,7176.0,7180.0,100982.0,448301.0,449127.0
2023-12-26 11:00:00,7180.0,7190.0,7166.0,7176.0,40828.0,449127.0,446442.0
2023-12-26 13:00:00,7182.0,7192.0,7172.0,7186.0,29952.0,446442.0,447811.0
2023-12-26 14:00:00,7186.0,7206.0,7180.0,7186.0,68477.0,447811.0,442354.0
2023-12-26 21:00:00,7218.0,7276.0,7208.0,7262.0,168485.0,442354.0,459404.0
2023-12-26 22:00:00,7262.0,7268.0,7220.0,7224.0,107745.0,459404.0,452341.0
2023-12-27 09:00:00,7224.0,7286.0,7200.0,7278.0,138066.0,452341.0,456719.0
2023-12-27 10:00:00,7278.0,7282.0,7252.0,7268.0,62750.0,456719.0,456270.0
2023-12-27 11:00:00,7268.0,7272.0,7240.0,7250.0,43130.0,456270.0,452928.0
2023-12-27 13:00:00,7252.0,7268.0,7242.0,7256.0,30251.0,452928.0,454207.0
2023-12-27 14:00:00,7256.0,7294.0,7254.0,7284.0,70536.0,454207.0,447542.0
2023-12-27 21:00:00,7240.0,7262.0,7230.0,7262.0,120986.0,447542.0,453523.0
2023-12-27 22:00:00,7262.0,7266.0,7234.0,7236.0,56249.0,453523.0,447798.0
2023-12-28 09:00:00,7268.0,7272.0,7242.0,7256.0,86617.0,447798.0,444472.0
2023-12-28 10:00:00,7256.0,7258.0,7202.0,7232.0,98846.0,444472.0,445588.0
2023-12-28 11:00:00,7232.0,7238.0,7214.0,7226.0,30191.0,445588.0,447087.0
2023-12-28 13:00:00,7228.0,7256.0,7226.0,7254.0,33830.0,447087.0,449910.0
2023-12-28 14:00:00,7254.0,7258.0,7218.0,7234.0,74926.0,449910.0,443115.0
2023-12-28 21:00:00,7236.0,7242.0,7178.0,7194.0,139192.0,443115.0,441052.0
2023-12-28 22:00:00,7194.0,7228.0,7194.0,7226.0,63183.0,441052.0,437155.0
2023-12-29 09:00:00,7186.0,7194.0,7110.0,7122.0,198344.0,437155.0,436149.0
2023-12-29 10:00:00,7122.0,7146.0,7090.0,7108.0,89621.0,436149.0,439516.0
2023-12-29 11:00:00,7108.0,7120.0,7092.0,7106.0,37982.0,439516.0,439521.0
2023-12-29 13:00:00,7112.0,7134.0,7108.0,7116.0,37656.0,439521.0,439280.0
2023-12-29 14:00:00,7116.0,7116.0,7082.0,7086.0,74928.0,439280.0,430244.0
2024-01-02 09:00:00,7094.0,7142.0,7020.0,7024.0,205821.0,430244.0,448353.0
2024-01-02 10:00:00,7024.0,7102.0,7022.0,7092.0,83133.0,448353.0,445963.0
2024-01-02 11:00:00,7092.0,7124.0,7086.0,7104.0,44109.0,445963.0,442578.0
2024-01-02 13:00:00,7104.0,7114.0,7090.0,7106.0,32169.0,442578.0,445472.0
2024-01-02 14:00:00,7106.0,7106.0,7060.0,7062.0,72469.0,445472.0,444065.0
2024-01-02 21:00:00,7050.0,7074.0,7034.0,7060.0,117135.0,444065.0,440499.0
2024-01-02 22:00:00,7060.0,7062.0,6984.0,6988.0,108343.0,440499.0,446232.0
2024-01-03 09:00:00,7014.0,7036.0,6990.0,7024.0,107938.0,446232.0,450523.0
2024-01-03 10:00:00,7024.0,7036.0,6952.0,6968.0,90773.0,450523.0,463087.0
2024-01-03 11:00:00,6968.0,6968.0,6922.0,6940.0,67751.0,463087.0,473004.0
2024-01-03 13:00:00,6940.0,6954.0,6930.0,6950.0,36110.0,473004.0,474924.0
2024-01-03 14:00:00,6950.0,6966.0,6944.0,6952.0,64703.0,474924.0,472705.0
2024-01-03 21:00:00,6986.0,6988.0,6954.0,6964.0,82421.0,472705.0,476036.0
2024-01-03 22:00:00,6964.0,6982.0,6950.0,6962.0,67337.0,476036.0,473652.0
2024-01-04 09:00:00,6992.0,7020.0,6982.0,6988.0,92035.0,473652.0,472491.0
2024-01-04 10:00:00,6988.0,7000.0,6972.0,6984.0,38094.0,472491.0,476073.0
2024-01-04 11:00:00,6984.0,6986.0,6962.0,6964.0,21460.0,476073.0,475822.0
2024-01-04 13:00:00,6964.0,6974.0,6954.0,6972.0,24464.0,475822.0,477900.0
2024-01-04 14:00:00,6972.0,7010.0,6968.0,6984.0,72318.0,477900.0,475741.0
2024-01-04 21:00:00,6990.0,7016.0,6980.0,6998.0,90989.0,475741.0,477986.0
2024-01-04 22:00:00,6998.0,7008.0,6962.0,6988.0,74129.0,477986.0,475930.0
2024-01-05 09:00:00,6972.0,7044.0,6930.0,7028.0,156946.0,475930.0,469583.0
2024-01-05 10:00:00,7028.0,7038.0,6982.0,7038.0,78048.0,469583.0,472176.0
2024-01-05 11:00:00,7038.0,7048.0,7026.0,7032.0,48546.0,472176.0,467070.0
2024-01-05 13:00:00,7028.0,7042.0,7020.0,7034.0,26462.0,467070.0,466256.0
2024-01-05 14:00:00,7034.0,7066.0,7020.0,7022.0,82583.0,466256.0,457759.0
2024-01-05 21:00:00,7038.0,7060.0,7014.0,7052.0,103900.0,457759.0,456380.0
2024-01-05 22:00:00,7052.0,7080.0,7044.0,7056.0,77477.0,456380.0,450970.0
2024-01-08 09:00:00,7040.0,7044.0,6986.0,7000.0,115244.0,450970.0,457233.0
2024-01-08 10:00:00,7000.0,7090.0,6982.0,7060.0,115174.0,457233.0,456822.0
2024-01-08 11:00:00,7060.0,7068.0,7040.0,7058.0,38567.0,456822.0,452104.0
2024-01-08 13:00:00,7058.0,7062.0,7018.0,7018.0,38736.0,452104.0,450808.0
2024-01-08 14:00:00,7018.0,7024.0,7000.0,7006.0,75673.0,450808.0,449335.0
2024-01-08 21:00:00,6974.0,7008.0,6952.0,6964.0,146347.0,449335.0,453326.0
2024-01-08 22:00:00,6964.0,6976.0,6898.0,6914.0,123978.0,453326.0,460273.0
2024-01-09 09:00:00,6954.0,7030.0,6940.0,7018.0,149922.0,460273.0,448510.0
2024-01-09 10:00:00,7018.0,7046.0,7008.0,7042.0,62509.0,448510.0,446254.0
2024-01-09 11:00:00,7042.0,7076.0,7028.0,7072.0,54421.0,446254.0,444926.0
2024-01-09 13:00:00,7068.0,7070.0,7048.0,7052.0,41953.0,444926.0,444693.0
2024-01-09 14:00:00,7052.0,7070.0,7038.0,7054.0,67994.0,444693.0,442268.0
2024-01-09 21:00:00,7096.0,7130.0,7080.0,7108.0,156339.0,442268.0,424347.0
2024-01-09 22:00:00,7108.0,7122.0,7072.0,7100.0,79166.0,424347.0,419067.0
2024-01-10 09:00:00,7124.0,7160.0,7116.0,7142.0,111524.0,419067.0,421655.0
2024-01-10 10:00:00,7142.0,7168.0,7140.0,7146.0,50984.0,421655.0,421939.0
2024-01-10 11:00:00,7146.0,7178.0,7140.0,7170.0,38914.0,421939.0,421098.0
2024-01-10 13:00:00,7196.0,7216.0,7180.0,7212.0,91909.0,421098.0,425480.0
2024-01-10 14:00:00,7212.0,7260.0,7206.0,7226.0,161439.0,425480.0,420130.0
2024-01-10 21:00:00,7212.0,7248.0,7188.0,7228.0,149249.0,420130.0,418523.0
2024-01-10 22:00:00,7228.0,7238.0,7216.0,7238.0,67964.0,418523.0,417755.0
2024-01-11 09:00:00,7212.0,7248.0,7208.0,7234.0,85603.0,417755.0,414242.0
2024-01-11 10:00:00,7234.0,7256.0,7196.0,7208.0,75119.0,414242.0,413512.0
2024-01-11 11:00:00,7208.0,7276.0,7206.0,7262.0,54634.0,413512.0,415394.0
2024-01-11 13:00:00,7274.0,7292.0,7262.0,7276.0,58636.0,415394.0,417992.0
2024-01-11 14:00:00,7276.0,7286.0,7244.0,7256.0,79628.0,417992.0,412375.0
2024-01-11 21:00:00,7262.0,7272.0,7222.0,7232.0,123862.0,412375.0,409811.0
2024-01-11 22:00:00,7232.0,7250.0,7224.0,7250.0,67546.0,409811.0,404843.0
2024-01-12 09:00:00,7256.0,7302.0,7244.0,7290.0,119674.0,404843.0,405903.0
2024-01-12 10:00:00,7290.0,7294.0,7252.0,7286.0,79966.0,405903.0,408158.0
2024-01-12 11:00:00,7286.0,7312.0,7278.0,7302.0,49063.0,408158.0,409625.0
2024-01-12 13:00:00,7302.0,7328.0,7300.0,7310.0,70706.0,409625.0,414088.0
2024-01-12 14:00:00,7310.0,7344.0,7304.0,7338.0,94760.0,414088.0,411379.0
2024-01-12 21:00:00,7376.0,7384.0,7310.0,7316.0,130740.0,411379.0,411907.0
2024-01-12 22:00:00,7316.0,7328.0,7290.0,7294.0,73744.0,411907.0,403616.0
2024-01-15 09:00:00,7268.0,7290.0,7240.0,7280.0,134212.0,403616.0,392792.0
2024-01-15 10:00:00,7280.0,7308.0,7272.0,7302.0,58702.0,392792.0,393152.0
2024-01-15 11:00:00,7302.0,7314.0,7292.0,7310.0,26231.0,393152.0,393694.0
2024-01-15 13:00:00,7306.0,7316.0,7294.0,7314.0,30800.0,393694.0,395715.0
2024-01-15 14:00:00,7314.0,7328.0,7296.0,7300.0,57834.0,395715.0,390644.0
2024-01-15 21:00:00,7276.0,7330.0,7270.0,7322.0,92710.0,390644.0,400841.0
2024-01-15 22:00:00,7322.0,7340.0,7316.0,7328.0,47689.0,400841.0,399578.0
2024-01-16 09:00:00,7330.0,7336.0,7286.0,7286.0,91296.0,399578.0,399408.0
2024-01-16 10:00:00,7286.0,7356.0,7282.0,7342.0,86077.0,399408.0,402658.0
2024-01-16 11:00:00,7342.0,7362.0,7334.0,7340.0,41481.0,402658.0,402383.0
2024-01-16 13:00:00,7350.0,7366.0,7340.0,7344.0,45442.0,402383.0,405854.0
2024-01-16 14:00:00,7344.0,7390.0,7340.0,7384.0,93296.0,405854.0,405293.0
2024-01-16 21:00:00,7390.0,7444.0,7380.0,7420.0,124230.0,405293.0,423218.0
2024-01-16 22:00:00,7420.0,7420.0,7366.0,7370.0,91935.0,423218.0,417717.0
2024-01-17 09:00:00,7340.0,7374.0,7330.0,7370.0,122476.0,417717.0,419451.0
2024-01-17 10:00:00,7370.0,7374.0,7328.0,7344.0,68228.0,419451.0,418509.0
2024-01-17 11:00:00,7344.0,7346.0,7322.0,7330.0,36322.0,418509.0,417755.0
2024-01-17 13:00:00,7324.0,7338.0,7308.0,7330.0,42076.0,417755.0,415746.0
2024-01-17 14:00:00,7330.0,7332.0,7276.0,7298.0,90065.0,415746.0,409181.0
2024-01-17 21:00:00,7280.0,7312.0,7264.0,7292.0,98782.0,409181.0,415070.0
2024-01-17 22:00:00,7292.0,7338.0,7274.0,7330.0,108986.0,415070.0,416694.0
2024-01-18 09:00:00,7348.0,7402.0,7344.0,7378.0,127356.0,416694.0,426855.0
2024-01-18 10:00:00,7378.0,7380.0,7330.0,7344.0,75019.0,426855.0,422072.0
2024-01-18 11:00:00,7344.0,7384.0,7338.0,7366.0,41130.0,422072.0,423210.0
2024-01-18 13:00:00,7370.0,7384.0,7358.0,7378.0,37077.0,423210.0,424802.0
2024-01-18 14:00:00,7378.0,7416.0,7370.0,7412.0,82118.0,424802.0,427430.0
2024-01-18 21:00:00,7428.0,7456.0,7414.0,7430.0,132889.0,427430.0,440615.0
2024-01-18 22:00:00,7430.0,7440.0,7402.0,7420.0,79701.0,440615.0,437003.0
2024-01-19 09:00:00,7438.0,7460.0,7420.0,7458.0,91319.0,437003.0,440111.0
2024-01-19 10:00:00,7458.0,7500.0,7442.0,7492.0,76401.0,440111.0,450428.0
2024-01-19 11:00:00,7492.0,7528.0,7490.0,7514.0,62323.0,450428.0,460057.0
2024-01-19 13:00:00,7488.0,7502.0,7476.0,7494.0,59035.0,460057.0,455818.0
2024-01-19 14:00:00,7494.0,7532.0,7494.0,7520.0,103366.0,455818.0,453258.0
2024-01-19 21:00:00,7536.0,7564.0,7514.0,7518.0,140254.0,453258.0,456862.0
2024-01-19 22:00:00,7518.0,7532.0,7492.0,7498.0,93646.0,456862.0,449159.0
2024-01-22 09:00:00,7474.0,7496.0,7460.0,7484.0,114189.0,449159.0,443366.0
2024-01-22 10:00:00,7484.0,7508.0,7476.0,7498.0,61412.0,443366.0,442762.0
2024-01-22 11:00:00,7498.0,7518.0,7492.0,7496.0,29309.0,442762.0,443610.0
2024-01-22 13:00:00,7490.0,7492.0,7468.0,7482.0,33195.0,443610.0,441052.0
2024-01-22 14:00:00,7482.0,7488.0,7446.0,7474.0,76453.0,441052.0,434916.0
2024-01-22 21:00:00,7460.0,7474.0,7440.0,7452.0,99302.0,434916.0,440740.0
2024-01-22 22:00:00,7452.0,7488.0,7446.0,7472.0,77006.0,440740.0,443477.0
2024-01-23 09:00:00,7508.0,7542.0,7492.0,7496.0,122007.0,443477.0,442676.0
2024-01-23 10:00:00,7496.0,7512.0,7422.0,7434.0,127567.0,442676.0,444508.0
2024-01-23 11:00:00,7434.0,7488.0,7434.0,7480.0,53049.0,444508.0,442266.0
2024-01-23 13:00:00,7482.0,7482.0,7450.0,7450.0,47839.0,442266.0,442840.0
2024-01-23 14:00:00,7450.0,7476.0,7424.0,7432.0,97423.0,442840.0,443966.0
2024-01-23 21:00:00,7420.0,7480.0,7410.0,7468.0,121497.0,443966.0,448796.0
2024-01-23 22:00:00,7468.0,7476.0,7446.0,7468.0,64391.0,448796.0,445977.0
2024-01-24 09:00:00,7472.0,7506.0,7456.0,7488.0,90419.0,445977.0,450007.0
2024-01-24 10:00:00,7488.0,7520.0,7470.0,7504.0,60735.0,450007.0,457402.0
2024-01-24 11:00:00,7504.0,7510.0,7478.0,7486.0,33911.0,457402.0,453974.0
2024-01-24 13:00:00,7478.0,7478.0,7446.0,7472.0,55466.0,453974.0,451571.0
2024-01-24 14:00:00,7472.0,7510.0,7464.0,7498.0,77381.0,451571.0,453285.0
2024-01-24 21:00:00,7508.0,7558.0,7498.0,7546.0,132050.0,453285.0,459560.0
2024-01-24 22:00:00,7546.0,7548.0,7508.0,7518.0,66482.0,459560.0,450127.0
2024-01-25 09:00:00,7514.0,7542.0,7484.0,7534.0,96623.0,450127.0,448077.0
2024-01-25 10:00:00,7534.0,7550.0,7514.0,7548.0,48267.0,448077.0,451093.0
2024-01-25 11:00:00,7548.0,7574.0,7542.0,7556.0,52200.0,451093.0,454019.0
2024-01-25 13:00:00,7558.0,7564.0,7540.0,7546.0,27173.0,454019.0,456575.0
2024-01-25 14:00:00,7546.0,7558.0,7520.0,7532.0,60503.0,456575.0,447638.0
2024-01-25 21:00:00,7526.0,7544.0,7510.0,7528.0,88049.0,447638.0,456803.0
2024-01-25 22:00:00,7528.0,7544.0,7490.0,7508.0,94484.0,456803.0,455216.0
2024-01-26 09:00:00,7490.0,7502.0,7450.0,7458.0,103502.0,455216.0,458880.0
2024-01-26 10:00:00,7458.0,7504.0,7454.0,7502.0,63144.0,458880.0,460473.0
2024-01-26 11:00:00,7502.0,7506.0,7490.0,7500.0,26347.0,460473.0,462106.0
2024-01-26 13:00:00,7506.0,7598.0,7504.0,7592.0,117982.0,462106.0,486374.0
2024-01-26 14:00:00,7592.0,7598.0,7542.0,7544.0,131023.0,486374.0,485647.0
2024-01-26 21:00:00,7554.0,7568.0,7484.0,7496.0,157246.0,485647.0,478825.0
2024-01-26 22:00:00,7496.0,7506.0,7468.0,7490.0,83854.0,478825.0,473070.0
2024-01-29 09:00:00,7524.0,7532.0,7434.0,7462.0,137252.0,473070.0,469316.0
2024-01-29 10:00:00,7462.0,7512.0,7448.0,7476.0,87043.0,469316.0,466327.0
2024-01-29 11:00:00,7476.0,7490.0,7448.0,7462.0,40692.0,466327.0,465861.0
2024-01-29 13:00:00,7462.0,7462.0,7426.0,7438.0,49217.0,465861.0,465674.0
2024-01-29 14:00:00,7438.0,7460.0,7402.0,7412.0,103819.0,465674.0,451223.0
2024-01-29 21:00:00,7406.0,7420.0,7390.0,7402.0,98795.0,451223.0,455467.0
2024-01-29 22:00:00,7402.0,7410.0,7376.0,7386.0,74677.0,455467.0,453671.0
2024-01-30 09:00:00,7366.0,7406.0,7342.0,7394.0,141548.0,453671.0,451309.0
2024-01-30 10:00:00,7394.0,7406.0,7316.0,7322.0,106489.0,451309.0,454169.0
2024-01-30 11:00:00,7322.0,7342.0,7302.0,7318.0,63283.0,454169.0,448852.0
2024-01-30 13:00:00,7320.0,7320.0,7252.0,7260.0,98463.0,448852.0,446810.0
2024-01-30 14:00:00,7260.0,7278.0,7184.0,7196.0,166520.0,446810.0,440738.0
2024-01-30 21:00:00,7186.0,7192.0,7162.0,7174.0,129697.0,440738.0,446195.0
2024-01-30 22:00:00,7174.0,7218.0,7168.0,7204.0,89894.0,446195.0,436856.0
2024-01-31 09:00:00,7254.0,7274.0,7222.0,7224.0,128114.0,436856.0,424055.0
2024-01-31 10:00:00,7224.0,7236.0,7188.0,7202.0,69772.0,424055.0,428519.0
2024-01-31 11:00:00,7202.0,7204.0,7178.0,7184.0,32771.0,428519.0,430299.0
2024-01-31 13:00:00,7180.0,7182.0,7112.0,7122.0,97920.0,430299.0,441144.0
2024-01-31 14:00:00,7122.0,7146.0,7100.0,7138.0,116232.0,441144.0,431057.0
2024-01-31 21:00:00,7120.0,7130.0,7084.0,7118.0,113018.0,431057.0,435965.0
2024-01-31 22:00:00,7118.0,7136.0,7072.0,7086.0,126738.0,435965.0,416065.0
2024-02-01 09:00:00,7090.0,7102.0,7066.0,7086.0,93966.0,416065.0,415413.0
2024-02-01 10:00:00,7086.0,7118.0,7074.0,7112.0,68069.0,415413.0,409960.0
2024-02-01 11:00:00,7112.0,7122.0,7100.0,7120.0,29499.0,409960.0,408624.0
2024-02-01 13:00:00,7118.0,7124.0,7084.0,7102.0,43424.0,408624.0,409064.0
2024-02-01 14:00:00,7102.0,7124.0,7086.0,7118.0,68702.0,409064.0,400478.0
2024-02-01 21:00:00,7116.0,7142.0,7104.0,7116.0,101311.0,400478.0,402320.0
2024-02-01 22:00:00,7116.0,7122.0,7096.0,7120.0,58534.0,402320.0,401776.0
2024-02-02 09:00:00,7102.0,7112.0,7062.0,7074.0,106481.0,401776.0,403550.0
2024-02-02 10:00:00,7074.0,7090.0,7050.0,7080.0,68301.0,403550.0,403682.0
2024-02-02 11:00:00,7080.0,7092.0,7058.0,7070.0,33311.0,403682.0,401040.0
2024-02-02 13:00:00,7068.0,7070.0,7032.0,7048.0,38790.0,401040.0,405098.0
2024-02-02 14:00:00,7048.0,7076.0,7008.0,7052.0,121237.0,405098.0,393036.0
2024-02-02 21:00:00,7052.0,7058.0,7032.0,7040.0,74528.0,393036.0,396048.0
2024-02-02 22:00:00,7040.0,7042.0,6990.0,7020.0,87640.0,396048.0,394184.0
2024-02-05 09:00:00,7014.0,7084.0,7004.0,7058.0,122227.0,394184.0,392021.0
2024-02-05 10:00:00,7058.0,7066.0,7030.0,7046.0,50346.0,392021.0,391142.0
2024-02-05 11:00:00,7046.0,7080.0,7044.0,7058.0,32851.0,391142.0,389737.0
2024-02-05 13:00:00,7064.0,7072.0,7048.0,7056.0,30322.0,389737.0,390866.0
2024-02-05 14:00:00,7056.0,7060.0,7038.0,7054.0,38731.0,390866.0,387615.0
2024-02-05 21:00:00,7068.0,7084.0,7046.0,7060.0,85346.0,387615.0,390962.0
2024-02-05 22:00:00,7060.0,7080.0,7056.0,7078.0,52923.0,390962.0,387858.0
2024-02-06 09:00:00,7108.0,7146.0,7086.0,7138.0,110617.0,387858.0,387369.0
2024-02-06 10:00:00,7138.0,7166.0,7104.0,7116.0,82344.0,387369.0,383082.0
2024-02-06 11:00:00,7116.0,7120.0,7088.0,7092.0,38193.0,383082.0,383562.0
2024-02-06 13:00:00,7114.0,7130.0,7110.0,7118.0,35010.0,383562.0,383058.0
2024-02-06 14:00:00,7118.0,7118.0,7082.0,7114.0,62300.0,383058.0,381346.0
2024-02-06 21:00:00,7134.0,7152.0,7126.0,7142.0,72230.0,381346.0,379828.0
2024-02-06 22:00:00,7142.0,7154.0,7134.0,7150.0,41719.0,379828.0,374854.0
2024-02-07 09:00:00,7148.0,7156.0,7112.0,7126.0,63181.0,374854.0,373045.0
2024-02-07 10:00:00,7126.0,7144.0,7068.0,7088.0,69203.0,373045.0,371398.0
2024-02-07 11:00:00,7088.0,7090.0,7056.0,7078.0,42273.0,371398.0,371211.0
2024-02-07 13:00:00,7078.0,7078.0,7044.0,7058.0,34327.0,371211.0,373894.0
2024-02-07 14:00:00,7058.0,7122.0,7056.0,7110.0,60073.0,373894.0,365477.0
2024-02-07 21:00:00,7124.0,7140.0,7106.0,7110.0,70201.0,365477.0,363095.0
2024-02-07 22:00:00,7110.0,7118.0,7070.0,7104.0,55772.0,363095.0,360236.0
2024-02-08 09:00:00,7138.0,7190.0,7122.0,7182.0,98224.0,360236.0,359011.0
2024-02-08 10:00:00,7182.0,7188.0,7160.0,7176.0,38772.0,359011.0,357027.0
2024-02-08 11:00:00,7176.0,7208.0,7176.0,7190.0,27737.0,357027.0,355795.0
2024-02-08 13:00:00,7188.0,7188.0,7152.0,7176.0,29105.0,355795.0,351932.0
2024-02-08 14:00:00,7176.0,7228.0,7172.0,7216.0,60035.0,351932.0,338407.0
2024-02-19 09:00:00,7176.0,7260.0,7118.0,7252.0,149701.0,338407.0,345936.0
2024-02-19 10:00:00,7252.0,7264.0,7196.0,7224.0,65041.0,345936.0,345936.0
2024-02-19 11:00:00,7224.0,7248.0,7208.0,7244.0,30223.0,345936.0,346035.0
2024-02-19 13:00:00,7242.0,7258.0,7240.0,7256.0,18688.0,346035.0,346740.0
2024-02-19 14:00:00,7256.0,7280.0,7254.0,7270.0,42991.0,346740.0,346608.0
2024-02-19 21:00:00,7284.0,7350.0,7274.0,7348.0,98138.0,346608.0,363022.0
2024-02-19 22:00:00,7348.0,7368.0,7338.0,7348.0,64369.0,363022.0,364496.0
2024-02-20 09:00:00,7346.0,7354.0,7312.0,7334.0,76062.0,364496.0,369697.0
2024-02-20 10:00:00,7334.0,7342.0,7308.0,7312.0,39541.0,369697.0,368581.0
2024-02-20 11:00:00,7312.0,7332.0,7308.0,7324.0,26757.0,368581.0,368311.0
2024-02-20 13:00:00,7324.0,7332.0,7316.0,7324.0,20911.0,368311.0,370885.0
2024-02-20 14:00:00,7324.0,7340.0,7310.0,7320.0,47933.0,370885.0,368889.0
2024-02-20 21:00:00,7312.0,7376.0,7312.0,7366.0,93528.0,368889.0,379673.0
2024-02-20 22:00:00,7366.0,7378.0,7354.0,7356.0,60125.0,379673.0,379416.0
2024-02-21 09:00:00,7344.0,7372.0,7326.0,7372.0,80227.0,379416.0,384208.0
2024-02-21 10:00:00,7372.0,7396.0,7366.0,7390.0,58423.0,384208.0,390229.0
2024-02-21 11:00:00,7390.0,7402.0,7372.0,7382.0,36274.0,390229.0,388667.0
2024-02-21 13:00:00,7386.0,7390.0,7376.0,7378.0,23044.0,388667.0,390868.0
2024-02-21 14:00:00,7378.0,7412.0,7372.0,7382.0,81311.0,390868.0,390207.0
2024-02-21 21:00:00,7356.0,7396.0,7352.0,7372.0,88140.0,390207.0,392823.0
2024-02-21 22:00:00,7372.0,7380.0,7344.0,7366.0,69040.0,392823.0,390530.0
2024-02-22 09:00:00,7356.0,7376.0,7328.0,7370.0,77140.0,390530.0,395586.0
2024-02-22 10:00:00,7370.0,7394.0,7346.0,7380.0,62111.0,395586.0,397237.0
2024-02-22 11:00:00,7380.0,7390.0,7370.0,7372.0,20764.0,397237.0,395320.0
2024-02-22 13:00:00,7384.0,7394.0,7352.0,7352.0,45038.0,395320.0,392937.0
2024-02-22 14:00:00,7352.0,7374.0,7312.0,7350.0,139070.0,392937.0,383667.0
2024-02-22 21:00:00,7324.0,7330.0,7262.0,7264.0,148651.0,383667.0,384043.0
2024-02-22 22:00:00,7264.0,7312.0,7256.0,7304.0,102227.0,384043.0,378115.0
2024-02-23 09:00:00,7282.0,7294.0,7264.0,7270.0,71389.0,378115.0,378294.0
2024-02-23 10:00:00,7270.0,7290.0,7250.0,7260.0,63680.0,378294.0,381560.0
2024-02-23 11:00:00,7260.0,7274.0,7252.0,7268.0,23623.0,381560.0,379446.0
2024-02-23 13:00:00,7268.0,7284.0,7266.0,7282.0,23758.0,379446.0,377766.0
2024-02-23 14:00:00,7282.0,7304.0,7272.0,7294.0,57472.0,377766.0,371042.0
2024-02-23 21:00:00,7288.0,7310.0,7262.0,7276.0,84511.0,371042.0,375289.0
2024-02-23 22:00:00,7276.0,7300.0,7258.0,7300.0,60996.0,375289.0,373080.0
2024-02-26 09:00:00,7292.0,7328.0,7272.0,7276.0,128232.0,373080.0,375007.0
2024-02-26 10:00:00,7276.0,7326.0,7274.0,7288.0,75860.0,375007.0,373369.0
2024-02-26 11:00:00,7288.0,7290.0,7262.0,7280.0,43846.0,373369.0,371501.0
2024-02-26 13:00:00,7282.0,7294.0,7274.0,7276.0,22388.0,371501.0,371006.0
2024-02-26 14:00:00,7276.0,7286.0,7230.0,7274.0,106258.0,371006.0,368342.0
2024-02-26 21:00:00,7280.0,7338.0,7274.0,7324.0,122806.0,368342.0,380147.0
2024-02-26 22:00:00,7324.0,7336.0,7310.0,7334.0,59649.0,380147.0,375251.0
2024-02-27 09:00:00,7336.0,7376.0,7336.0,7368.0,107152.0,375251.0,387019.0
2024-02-27 10:00:00,7368.0,7370.0,7340.0,7342.0,37762.0,387019.0,386358.0
2024-02-27 11:00:00,7342.0,7358.0,7332.0,7354.0,25314.0,386358.0,384369.0
2024-02-27 13:00:00,7354.0,7362.0,7344.0,7348.0,22802.0,384369.0,383569.0
2024-02-27 14:00:00,7348.0,7368.0,7340.0,7360.0,52612.0,383569.0,377206.0
2024-02-27 21:00:00,7382.0,7406.0,7382.0,7392.0,93123.0,377206.0,385073.0
2024-02-27 22:00:00,7392.0,7416.0,7388.0,7406.0,64046.0,385073.0,383506.0
2024-02-28 09:00:00,7390.0,7400.0,7372.0,7384.0,70351.0,383506.0,384739.0
2024-02-28 10:00:00,7384.0,7436.0,7364.0,7432.0,83529.0,384739.0,391959.0
2024-02-28 11:00:00,7432.0,7436.0,7400.0,7412.0,31170.0,391959.0,390982.0
2024-02-28 13:00:00,7404.0,7418.0,7400.0,7414.0,26070.0,390982.0,391866.0
2024-02-28 14:00:00,7414.0,7420.0,7384.0,7392.0,57484.0,391866.0,387860.0
2024-02-28 21:00:00,7386.0,7430.0,7380.0,7416.0,94378.0,387860.0,407976.0
2024-02-28 22:00:00,7416.0,7442.0,7412.0,7434.0,67154.0,407976.0,413306.0
2024-02-29 09:00:00,7430.0,7474.0,7426.0,7450.0,100913.0,413306.0,425526.0
2024-02-29 10:00:00,7450.0,7494.0,7446.0,7490.0,67685.0,425526.0,432725.0
2024-02-29 11:00:00,7490.0,7492.0,7456.0,7456.0,40810.0,432725.0,431277.0
2024-02-29 13:00:00,7456.0,7460.0,7442.0,7456.0,33274.0,431277.0,429510.0
2024-02-29 14:00:00,7456.0,7478.0,7446.0,7478.0,48672.0,429510.0,429006.0
2024-02-29 21:00:00,7484.0,7516.0,7478.0,7508.0,106919.0,429006.0,440427.0
2024-02-29 22:00:00,7508.0,7510.0,7470.0,7474.0,66707.0,440427.0,434055.0
2024-03-01 09:00:00,7488.0,7520.0,7484.0,7518.0,71424.0,434055.0,439761.0
2024-03-01 10:00:00,7518.0,7552.0,7510.0,7534.0,71258.0,439761.0,452092.0
2024-03-01 11:00:00,7534.0,7548.0,7528.0,7540.0,24569.0,452092.0,451244.0
2024-03-01 13:00:00,7540.0,7568.0,7538.0,7568.0,41170.0,451244.0,459285.0
2024-03-01 14:00:00,7568.0,7570.0,7542.0,7562.0,73159.0,459285.0,463721.0
2024-03-01 21:00:00,7558.0,7560.0,7528.0,7542.0,75922.0,463721.0,463865.0
2024-03-01 22:00:00,7542.0,7548.0,7506.0,7512.0,73607.0,463865.0,456509.0
2024-03-04 09:00:00,7524.0,7556.0,7506.0,7528.0,102260.0,456509.0,451632.0
2024-03-04 10:00:00,7528.0,7528.0,7492.0,7500.0,65890.0,451632.0,450497.0
2024-03-04 11:00:00,7500.0,7512.0,7484.0,7502.0,32002.0,450497.0,447992.0
2024-03-04 13:00:00,7498.0,7512.0,7490.0,7494.0,25957.0,447992.0,448108.0
2024-03-04 14:00:00,7494.0,7532.0,7488.0,7522.0,55251.0,448108.0,447318.0
2024-03-04 21:00:00,7492.0,7504.0,7456.0,7466.0,117286.0,447318.0,453616.0
2024-03-04 22:00:00,7466.0,7488.0,7466.0,7478.0,52521.0,453616.0,448552.0
2024-03-05 09:00:00,7470.0,7516.0,7464.0,7510.0,80202.0,448552.0,448999.0
2024-03-05 10:00:00,7510.0,7520.0,7458.0,7512.0,77874.0,448999.0,450583.0
2024-03-05 11:00:00,7512.0,7528.0,7506.0,7516.0,39353.0,450583.0,453304.0
2024-03-05 13:00:00,7512.0,7558.0,7510.0,7536.0,51779.0,453304.0,458176.0
2024-03-05 14:00:00,7536.0,7550.0,7514.0,7534.0,67502.0,458176.0,453515.0
2024-03-05 21:00:00,7526.0,7562.0,7518.0,7540.0,93039.0,453515.0,458475.0
2024-03-05 22:00:00,7540.0,7616.0,7534.0,7610.0,124881.0,458475.0,469814.0
2024-03-06 09:00:00,7594.0,7636.0,7586.0,7606.0,129123.0,469814.0,479401.0
2024-03-06 10:00:00,7606.0,7640.0,7586.0,7630.0,77679.0,479401.0,489016.0
2024-03-06 11:00:00,7630.0,7658.0,7624.0,7646.0,48353.0,489016.0,494628.0
2024-03-06 13:00:00,7646.0,7672.0,7638.0,7664.0,38173.0,494628.0,500841.0
2024-03-06 14:00:00,7664.0,7684.0,7648.0,7662.0,97079.0,500841.0,500378.0
2024-03-06 21:00:00,7700.0,7734.0,7672.0,7676.0,180140.0,500378.0,499417.0
2024-03-06 22:00:00,7676.0,7694.0,7666.0,7676.0,70602.0,499417.0,495968.0
2024-03-07 09:00:00,7682.0,7690.0,7662.0,7688.0,78135.0,495968.0,499871.0
2024-03-07 10:00:00,7688.0,7706.0,7670.0,7688.0,56275.0,499871.0,501751.0
2024-03-07 11:00:00,7688.0,7690.0,7650.0,7656.0,40154.0,501751.0,496920.0
2024-03-07 13:00:00,7662.0,7680.0,7658.0,7664.0,36320.0,496920.0,494179.0
2024-03-07 14:00:00,7664.0,7710.0,7660.0,7682.0,86146.0,494179.0,495397.0
2024-03-07 21:00:00,7714.0,7742.0,7702.0,7710.0,102561.0,495397.0,505139.0
2024-03-07 22:00:00,7710.0,7712.0,7684.0,7708.0,62387.0,505139.0,499369.0
2024-03-08 09:00:00,7726.0,7780.0,7720.0,7774.0,135395.0,499369.0,515013.0
2024-03-08 10:00:00,7774.0,7788.0,7720.0,7730.0,102497.0,515013.0,507159.0
2024-03-08 11:00:00,7730.0,7748.0,7702.0,7734.0,68083.0,507159.0,501013.0
2024-03-08 13:00:00,7744.0,7802.0,7744.0,7794.0,72347.0,501013.0,515343.0
2024-03-08 14:00:00,7794.0,7820.0,7786.0,7818.0,113593.0,515343.0,516294.0
2024-03-08 21:00:00,7774.0,7792.0,7764.0,7774.0,109684.0,516294.0,508540.0
2024-03-08 22:00:00,7774.0,7784.0,7760.0,7764.0,60306.0,508540.0,499756.0
2024-03-11 09:00:00,7798.0,7806.0,7740.0,7782.0,136919.0,499756.0,503479.0
2024-03-11 10:00:00,7782.0,7792.0,7750.0,7760.0,59059.0,503479.0,503563.0
2024-03-11 11:00:00,7760.0,7780.0,7752.0,7774.0,25405.0,503563.0,503795.0
2024-03-11 13:00:00,7780.0,7788.0,7750.0,7760.0,40312.0,503795.0,503741.0
2024-03-11 14:00:00,7760.0,7780.0,7728.0,7768.0,91254.0,503741.0,498609.0
2024-03-11 21:00:00,7800.0,7856.0,7792.0,7816.0,147940.0,498609.0,508926.0
2024-03-11 22:00:00,7816.0,7850.0,7788.0,7830.0,96084.0,508926.0,503415.0
2024-03-12 09:00:00,7834.0,7844.0,7776.0,7790.0,92644.0,503415.0,501344.0
2024-03-12 10:00:00,7790.0,7816.0,7778.0,7810.0,56294.0,501344.0,502737.0
2024-03-12 11:00:00,7810.0,7822.0,7784.0,7820.0,33690.0,502737.0,502258.0
2024-03-12 13:00:00,7834.0,7868.0,7818.0,7836.0,74814.0,502258.0,508117.0
2024-03-12 14:00:00,7836.0,7872.0,7822.0,7852.0,94152.0,508117.0,509281.0
2024-03-12 21:00:00,7830.0,7836.0,7804.0,7836.0,114548.0,509281.0,507058.0
2024-03-12 22:00:00,7836.0,7870.0,7826.0,7866.0,86605.0,507058.0,510739.0
2024-03-13 09:00:00,7878.0,7904.0,7862.0,7870.0,115184.0,510739.0,521701.0
2024-03-13 10:00:00,7870.0,7880.0,7840.0,7846.0,98867.0,521701.0,518897.0
2024-03-13 11:00:00,7846.0,7864.0,7834.0,7860.0,39231.0,518897.0,518096.0
2024-03-13 13:00:00,7856.0,7876.0,7848.0,7866.0,31697.0,518096.0,519911.0
2024-03-13 14:00:00,7866.0,7904.0,7848.0,7900.0,86004.0,519911.0,524641.0
2024-03-13 21:00:00,7942.0,7966.0,7920.0,7928.0,187078.0,524641.0,538312.0
2024-03-13 22:00:00,7928.0,7960.0,7918.0,7950.0,90333.0,538312.0,539148.0
2024-03-14 09:00:00,7960.0,8054.0,7960.0,8046.0,176414.0,539148.0,555974.0
2024-03-14 10:00:00,8046.0,8144.0,8040.0,8122.0,184213.0,555974.0,561707.0
2024-03-14 11:00:00,8122.0,8132.0,8088.0,8088.0,76920.0,561707.0,553054.0
2024-03-14 13:00:00,8084.0,8128.0,8072.0,8124.0,71844.0,553054.0,551749.0
2024-03-14 14:00:00,8124.0,8172.0,8110.0,8132.0,198144.0,551749.0,537156.0
2024-03-14 21:00:00,8120.0,8192.0,8108.0,8188.0,163956.0,537156.0,545428.0
2024-03-14 22:00:00,8188.0,8220.0,8176.0,8208.0,170016.0,545428.0,538296.0
2024-03-15 09:00:00,8182.0,8200.0,8116.0,8124.0,186013.0,538296.0,529694.0
2024-03-15 10:00:00,8124.0,8144.0,8106.0,8122.0,101781.0,529694.0,526145.0
2024-03-15 11:00:00,8122.0,8168.0,8110.0,8140.0,64874.0,526145.0,524870.0
2024-03-15 13:00:00,8134.0,8148.0,8120.0,8136.0,59400.0,524870.0,519190.0
2024-03-15 14:00:00,8136.0,8172.0,8080.0,8084.0,159524.0,519190.0,505051.0
2024-03-15 21:00:00,8066.0,8148.0,8054.0,8126.0,185188.0,505051.0,511208.0
2024-03-15 22:00:00,8126.0,8296.0,8122.0,8296.0,213279.0,511208.0,511545.0
2024-03-18 09:00:00,8330.0,8336.0,8170.0,8212.0,274643.0,511545.0,501934.0
2024-03-18 10:00:00,8212.0,8238.0,8158.0,8180.0,91398.0,501934.0,498934.0
2024-03-18 11:00:00,8180.0,8186.0,8104.0,8132.0,81374.0,498934.0,492001.0
2024-03-18 13:00:00,8136.0,8174.0,8136.0,8150.0,59488.0,492001.0,490977.0
2024-03-18 14:00:00,8150.0,8168.0,8124.0,8132.0,84331.0,490977.0,481285.0
2024-03-18 21:00:00,8130.0,8220.0,8120.0,8168.0,211765.0,481285.0,487342.0
2024-03-18 22:00:00,8168.0,8196.0,8138.0,8154.0,113478.0,487342.0,477575.0
2024-03-19 09:00:00,8158.0,8194.0,8150.0,8192.0,101460.0,477575.0,480544.0
2024-03-19 10:00:00,8192.0,8212.0,8100.0,8128.0,157795.0,480544.0,476161.0
2024-03-19 11:00:00,8128.0,8162.0,8120.0,8144.0,58322.0,476161.0,477363.0
2024-03-19 13:00:00,8138.0,8140.0,8108.0,8116.0,59286.0,477363.0,477971.0
2024-03-19 14:00:00,8116.0,8194.0,8116.0,8180.0,132290.0,477971.0,478421.0
2024-03-19 21:00:00,8124.0,8174.0,8114.0,8148.0,165988.0,478421.0,480700.0
2024-03-19 22:00:00,8148.0,8204.0,8132.0,8184.0,127176.0,480700.0,482824.0
2024-03-20 09:00:00,8168.0,8186.0,8138.0,8158.0,114568.0,482824.0,483720.0
2024-03-20 10:00:00,8158.0,8218.0,8142.0,8204.0,102952.0,483720.0,493126.0
2024-03-20 11:00:00,8204.0,8284.0,8192.0,8280.0,106855.0,493126.0,506090.0
2024-03-20 13:00:00,8282.0,8320.0,8278.0,8304.0,116700.0,506090.0,517253.0
2024-03-20 14:00:00,8304.0,8384.0,8288.0,8362.0,199622.0,517253.0,522129.0
2024-03-20 21:00:00,8364.0,8404.0,8330.0,8382.0,219798.0,522129.0,528894.0
2024-03-20 22:00:00,8382.0,8408.0,8364.0,8392.0,148144.0,528894.0,523243.0
2024-03-21 09:00:00,8434.0,8462.0,8300.0,8336.0,312798.0,523243.0,497712.0
2024-03-21 10:00:00,8336.0,8358.0,8322.0,8334.0,84884.0,497712.0,496456.0
2024-03-21 11:00:00,8334.0,8350.0,8318.0,8338.0,38468.0,496456.0,493215.0
2024-03-21 13:00:00,8336.0,8376.0,8336.0,8368.0,51228.0,493215.0,494261.0
2024-03-21 14:00:00,8368.0,8374.0,8256.0,8284.0,159703.0,494261.0,477231.0
2024-03-21 21:00:00,8272.0,8394.0,8272.0,8376.0,234074.0,477231.0,500528.0
2024-03-21 22:00:00,8376.0,8396.0,8320.0,8338.0,184635.0,500528.0,493545.0
2024-03-22 09:00:00,8348.0,8372.0,8296.0,8302.0,157278.0,493545.0,496418.0
2024-03-22 10:00:00,8302.0,8330.0,8242.0,8294.0,147929.0,496418.0,492629.0
2024-03-22 11:00:00,8294.0,8338.0,8282.0,8284.0,82328.0,492629.0,493474.0
2024-03-22 13:00:00,8294.0,8310.0,8276.0,8290.0,57195.0,493474.0,492941.0
2024-03-22 14:00:00,8290.0,8328.0,8242.0,8262.0,138686.0,492941.0,481694.0
2024-03-22 21:00:00,8266.0,8342.0,8236.0,8294.0,251162.0,481694.0,493982.0
2024-03-22 22:00:00,8294.0,8322.0,8222.0,8256.0,196879.0,493982.0,483884.0
2024-03-25 09:00:00,8244.0,8358.0,8186.0,8334.0,248475.0,483884.0,505370.0
2024-03-25 10:00:00,8334.0,8334.0,8248.0,8274.0,152200.0,505370.0,495886.0
2024-03-25 11:00:00,8274.0,8356.0,8274.0,8344.0,98321.0,495886.0,508612.0
2024-03-25 13:00:00,8348.0,8386.0,8348.0,8370.0,89071.0,508612.0,519293.0
2024-03-25 14:00:00,8370.0,8382.0,8336.0,8372.0,136944.0,519293.0,508539.0
2024-03-25 21:00:00,8388.0,8410.0,8354.0,8384.0,214382.0,508539.0,512548.0
2024-03-25 22:00:00,8384.0,8404.0,8344.0,8402.0,143464.0,512548.0,504471.0
2024-03-26 09:00:00,8410.0,8424.0,8306.0,8316.0,207659.0,504471.0,490684.0
2024-03-26 10:00:00,8316.0,8332.0,8264.0,8286.0,130663.0,490684.0,486651.0
2024-03-26 11:00:00,8286.0,8288.0,8260.0,8272.0,56405.0,486651.0,483842.0
2024-03-26 13:00:00,8280.0,8314.0,8272.0,8302.0,65336.0,483842.0,484062.0
2024-03-26 14:00:00,8302.0,8326.0,8230.0,8266.0,183199.0,484062.0,474422.0
2024-03-26 21:00:00,8272.0,8336.0,8262.0,8332.0,201243.0,474422.0,489012.0
2024-03-26 22:00:00,8332.0,8336.0,8272.0,8292.0,161968.0,489012.0,482683.0
2024-03-27 09:00:00,8272.0,8292.0,8244.0,8258.0,151333.0,482683.0,484164.0
2024-03-27 10:00:00,8258.0,8262.0,8130.0,8158.0,224044.0,484164.0,472843.0
2024-03-27 11:00:00,8158.0,8176.0,8088.0,8116.0,118754.0,472843.0,460923.0
2024-03-27 13:00:00,8108.0,8132.0,8094.0,8120.0,81481.0,460923.0,459529.0
2024-03-27 14:00:00,8120.0,8148.0,8114.0,8130.0,133564.0,459529.0,448019.0
2024-03-27 21:00:00,8130.0,8142.0,8082.0,8104.0,197097.0,448019.0,454436.0
2024-03-27 22:00:00,8104.0,8136.0,8074.0,8126.0,167350.0,454436.0,447522.0
2024-03-28 09:00:00,8130.0,8172.0,8102.0,8110.0,119521.0,447522.0,450901.0
2024-03-28 10:00:00,8110.0,8134.0,8084.0,8116.0,99375.0,450901.0,445124.0
2024-03-28 11:00:00,8116.0,8124.0,8090.0,8114.0,50618.0,445124.0,443492.0
2024-03-28 13:00:00,8118.0,8128.0,8070.0,8116.0,92471.0,443492.0,446129.0
2024-03-28 14:00:00,8116.0,8130.0,8098.0,8122.0,101652.0,446129.0,437383.0
2024-03-28 21:00:00,8118.0,8126.0,8014.0,8022.0,273441.0,437383.0,434701.0
2024-03-28 22:00:00,8022.0,8040.0,7984.0,8028.0,194820.0,434701.0,416843.0
2024-03-29 09:00:00,8052.0,8146.0,8052.0,8138.0,242561.0,416843.0,426447.0
2024-03-29 10:00:00,8138.0,8186.0,8126.0,8168.0,114195.0,426447.0,427434.0
2024-03-29 11:00:00,8168.0,8184.0,8158.0,8160.0,41655.0,427434.0,425513.0
2024-03-29 13:00:00,8164.0,8168.0,8140.0,8156.0,45599.0,425513.0,422387.0
2024-03-29 14:00:00,8156.0,8218.0,8154.0,8216.0,121817.0,422387.0,417785.0
2024-03-29 21:00:00,8224.0,8232.0,8156.0,8158.0,135839.0,417785.0,414333.0
2024-03-29 22:00:00,8158.0,8188.0,8150.0,8168.0,99386.0,414333.0,404611.0
2024-04-01 09:00:00,8176.0,8280.0,8124.0,8276.0,212636.0,404611.0,411523.0
2024-04-01 10:00:00,8276.0,8326.0,8260.0,8316.0,116761.0,411523.0,412933.0
2024-04-01 11:00:00,8316.0,8320.0,8246.0,8278.0,82233.0,412933.0,402887.0
2024-04-01 13:00:00,8280.0,8310.0,8264.0,8298.0,48555.0,402887.0,404311.0
2024-04-01 14:00:00,8298.0,8338.0,8282.0,8328.0,129729.0,404311.0,404334.0
2024-04-01 21:00:00,8328.0,8356.0,8310.0,8342.0,156283.0,404334.0,415857.0
2024-04-01 22:00:00,8342.0,8352.0,8316.0,8328.0,90800.0,415857.0,410234.0
2024-04-02 09:00:00,8318.0,8318.0,8256.0,8278.0,142577.0,410234.0,400716.0
2024-04-02 10:00:00,8278.0,8316.0,8242.0,8298.0,97915.0,400716.0,399763.0
2024-04-02 11:00:00,8298.0,8326.0,8294.0,8300.0,52904.0,399763.0,399079.0
2024-04-02 13:00:00,8300.0,8302.0,8270.0,8290.0,43971.0,399079.0,398360.0
2024-04-02 14:00:00,8290.0,8306.0,8264.0,8286.0,73252.0,398360.0,388724.0
2024-04-02 21:00:00,8342.0,8466.0,8326.0,8454.0,278937.0,388724.0,412630.0
2024-04-02 22:00:00,8454.0,8524.0,8448.0,8512.0,212800.0,412630.0,409467.0
2024-04-03 09:00:00,8476.0,8512.0,8464.0,8478.0,142918.0,409467.0,404839.0
2024-04-03 10:00:00,8478.0,8492.0,8450.0,8468.0,71630.0,404839.0,396416.0
2024-04-03 11:00:00,8468.0,8534.0,8464.0,8506.0,81714.0,396416.0,395281.0
2024-04-03 13:00:00,8508.0,8536.0,8496.0,8532.0,54274.0,395281.0,390549.0
2024-04-03 14:00:00,8532.0,8572.0,8494.0,8570.0,148079.0,390549.0,372265.0
2024-04-08 09:00:00,8524.0,8528.0,8370.0,8438.0,267007.0,372265.0,343939.0
2024-04-08 10:00:00,8438.0,8466.0,8406.0,8416.0,66438.0,343939.0,339171.0
2024-04-08 11:00:00,8416.0,8422.0,8370.0,8380.0,56269.0,339171.0,332324.0
2024-04-08 13:00:00,8368.0,8368.0,8210.0,8246.0,177189.0,332324.0,312729.0
2024-04-08 14:00:00,8246.0,8250.0,8202.0,8218.0,149267.0,312729.0,296744.0
2024-04-08 21:00:00,8226.0,8244.0,8186.0,8192.0,151171.0,296744.0,290441.0
2024-04-08 22:00:00,8192.0,8214.0,8180.0,8194.0,81949.0,290441.0,283450.0
2024-04-09 09:00:00,8194.0,8212.0,8152.0,8166.0,117655.0,283450.0,279852.0
2024-04-09 10:00:00,8166.0,8226.0,8154.0,8216.0,85259.0,279852.0,275631.0
2024-04-09 11:00:00,8216.0,8240.0,8208.0,8212.0,55040.0,275631.0,270208.0
2024-04-09 13:00:00,8208.0,8236.0,8196.0,8210.0,35154.0,270208.0,267345.0
2024-04-09 14:00:00,8210.0,8278.0,8208.0,8236.0,131792.0,267345.0,261443.0
2024-04-09 21:00:00,7880.0,7888.0,7816.0,7844.0,140301.0,261443.0,406052.0
2024-04-09 22:00:00,7844.0,7904.0,7822.0,7846.0,118835.0,406052.0,403799.0
2024-04-10 09:00:00,7852.0,7882.0,7842.0,7852.0,84110.0,403799.0,412784.0
2024-04-10 10:00:00,7852.0,7892.0,7810.0,7878.0,86393.0,412784.0,414860.0
2024-04-10 11:00:00,7878.0,7886.0,7860.0,7876.0,28215.0,414860.0,416270.0
2024-04-10 13:00:00,7874.0,7892.0,7854.0,7882.0,41192.0,416270.0,419016.0
2024-04-10 14:00:00,7882.0,7924.0,7870.0,7880.0,112988.0,419016.0,427393.0
2024-04-10 21:00:00,7898.0,7902.0,7800.0,7818.0,190505.0,427393.0,436100.0
2024-04-10 22:00:00,7818.0,7860.0,7792.0,7826.0,118227.0,436100.0,437204.0
2024-04-11 09:00:00,7842.0,7888.0,7832.0,7888.0,145744.0,437204.0,445395.0
2024-04-11 10:00:00,7888.0,7914.0,7876.0,7892.0,77857.0,445395.0,452975.0
2024-04-11 11:00:00,7892.0,7900.0,7874.0,7880.0,28574.0,452975.0,451537.0
2024-04-11 13:00:00,7878.0,7886.0,7862.0,7882.0,34950.0,451537.0,453343.0
2024-04-11 14:00:00,7882.0,7914.0,7870.0,7892.0,76674.0,453343.0,457629.0
2024-04-11 21:00:00,7874.0,7892.0,7844.0,7862.0,148140.0,457629.0,466033.0
2024-04-11 22:00:00,7862.0,7878.0,7828.0,7844.0,133242.0,466033.0,459363.0
2024-04-12 09:00:00,7822.0,7834.0,7752.0,7816.0,235681.0,459363.0,465892.0
2024-04-12 10:00:00,7816.0,7854.0,7756.0,7848.0,146700.0,465892.0,473117.0
2024-04-12 11:00:00,7848.0,7874.0,7788.0,7802.0,118275.0,473117.0,477821.0
2024-04-12 13:00:00,7804.0,7804.0,7766.0,7778.0,83124.0,477821.0,486261.0
2024-04-12 14:00:00,7778.0,7796.0,7758.0,7774.0,152344.0,486261.0,489836.0
2024-04-12 21:00:00,7796.0,7980.0,7790.0,7930.0,344690.0,489836.0,503509.0
2024-04-12 22:00:00,7930.0,7940.0,7876.0,7880.0,137873.0,503509.0,497221.0
2024-04-15 09:00:00,7866.0,7866.0,7740.0,7754.0,282130.0,497221.0,498518.0
2024-04-15 10:00:00,7754.0,7788.0,7742.0,7766.0,80632.0,498518.0,499500.0
2024-04-15 11:00:00,7766.0,7782.0,7758.0,7770.0,33447.0,499500.0,499068.0
2024-04-15 13:00:00,7790.0,7812.0,7756.0,7764.0,82477.0,499068.0,501652.0
2024-04-15 14:00:00,7764.0,7766.0,7656.0,7664.0,246562.0,501652.0,497318.0
2024-04-15 21:00:00,7660.0,7682.0,7626.0,7638.0,188077.0,497318.0,503754.0
2024-04-15 22:00:00,7638.0,7664.0,7618.0,7656.0,125785.0,503754.0,498555.0
2024-04-16 09:00:00,7646.0,7688.0,7640.0,7642.0,153705.0,498555.0,498389.0
2024-04-16 10:00:00,7642.0,7670.0,7628.0,7638.0,85413.0,498389.0,495283.0
2024-04-16 11:00:00,7638.0,7652.0,7610.0,7628.0,57922.0,495283.0,494207.0
2024-04-16 13:00:00,7624.0,7654.0,7622.0,7644.0,41592.0,494207.0,493879.0
2024-04-16 14:00:00,7644.0,7658.0,7588.0,7606.0,133739.0,493879.0,493148.0
2024-04-16 21:00:00,7570.0,7634.0,7560.0,7610.0,172535.0,493148.0,499737.0
2024-04-16 22:00:00,7610.0,7620.0,7578.0,7596.0,98448.0,499737.0,495638.0
2024-04-17 09:00:00,7602.0,7620.0,7584.0,7606.0,95779.0,495638.0,494771.0
2024-04-17 10:00:00,7606.0,7608.0,7536.0,7542.0,93787.0,494771.0,498689.0
2024-04-17 11:00:00,7542.0,7546.0,7464.0,7474.0,131129.0,498689.0,500631.0
2024-04-17 13:00:00,7476.0,7478.0,7422.0,7436.0,127114.0,500631.0,506398.0
2024-04-17 14:00:00,7436.0,7476.0,7392.0,7458.0,224530.0,506398.0,502261.0
2024-04-17 21:00:00,7462.0,7482.0,7424.0,7474.0,174557.0,502261.0,516723.0
2024-04-17 22:00:00,7474.0,7508.0,7452.0,7492.0,106654.0,516723.0,512030.0
2024-04-18 09:00:00,7474.0,7488.0,7414.0,7424.0,139598.0,512030.0,514406.0
2024-04-18 10:00:00,7424.0,7478.0,7410.0,7458.0,106172.0,514406.0,515727.0
2024-04-18 11:00:00,7458.0,7460.0,7430.0,7450.0,36523.0,515727.0,516052.0
2024-04-18 13:00:00,7458.0,7464.0,7434.0,7442.0,35281.0,516052.0,515120.0
2024-04-18 14:00:00,7442.0,7476.0,7426.0,7452.0,121575.0,515120.0,517119.0
2024-04-18 21:00:00,7418.0,7452.0,7382.0,7438.0,202364.0,517119.0,522734.0
2024-04-18 22:00:00,7438.0,7472.0,7426.0,7444.0,117955.0,522734.0,519459.0
2024-04-19 09:00:00,7396.0,7504.0,7354.0,7468.0,275536.0,519459.0,526374.0
2024-04-19 10:00:00,7468.0,7518.0,7428.0,7502.0,161965.0,526374.0,522718.0
2024-04-19 11:00:00,7502.0,7506.0,7432.0,7464.0,79431.0,522718.0,521171.0
2024-04-19 13:00:00,7440.0,7448.0,7414.0,7418.0,63321.0,521171.0,523666.0
2024-04-19 14:00:00,7418.0,7438.0,7378.0,7382.0,127482.0,523666.0,526939.0
2024-04-19 21:00:00,7336.0,7374.0,7322.0,7338.0,178739.0,526939.0,540033.0
2024-04-19 22:00:00,7338.0,7394.0,7338.0,7380.0,101541.0,540033.0,531099.0
2024-04-22 09:00:00,7394.0,7446.0,7394.0,7418.0,159252.0,531099.0,522735.0
2024-04-22 10:00:00,7418.0,7428.0,7372.0,7376.0,83341.0,522735.0,529813.0
2024-04-22 11:00:00,7376.0,7398.0,7354.0,7364.0,66345.0,529813.0,530367.0
2024-04-22 13:00:00,7358.0,7362.0,7302.0,7312.0,133107.0,530367.0,546368.0
2024-04-22 14:00:00,7312.0,7352.0,7306.0,7346.0,137168.0,546368.0,541747.0
2024-04-22 21:00:00,7366.0,7376.0,7334.0,7374.0,165010.0,541747.0,549437.0
2024-04-22 22:00:00,7374.0,7446.0,7372.0,7430.0,198678.0,549437.0,540053.0
2024-04-23 09:00:00,7434.0,7492.0,7416.0,7482.0,232525.0,540053.0,536953.0
2024-04-23 10:00:00,7482.0,7518.0,7478.0,7508.0,108614.0,536953.0,537495.0
2024-04-23 11:00:00,7508.0,7524.0,7490.0,7518.0,62160.0,537495.0,532319.0
2024-04-23 13:00:00,7520.0,7544.0,7510.0,7532.0,89756.0,532319.0,525724.0
2024-04-23 14:00:00,7532.0,7534.0,7428.0,7442.0,192097.0,525724.0,505214.0
2024-04-23 21:00:00,7416.0,7514.0,7408.0,7498.0,209639.0,505214.0,513825.0
2024-04-23 22:00:00,7498.0,7522.0,7482.0,7494.0,112820.0,513825.0,508548.0
2024-04-24 09:00:00,7514.0,7572.0,7504.0,7554.0,166401.0,508548.0,515019.0
2024-04-24 10:00:00,7554.0,7572.0,7502.0,7506.0,112694.0,515019.0,515039.0
2024-04-24 11:00:00,7506.0,7522.0,7498.0,7514.0,42586.0,515039.0,516617.0
2024-04-24 13:00:00,7516.0,7524.0,7488.0,7504.0,64727.0,516617.0,519196.0
2024-04-24 14:00:00,7504.0,7524.0,7484.0,7510.0,106055.0,519196.0,510383.0
2024-04-24 21:00:00,7472.0,7516.0,7458.0,7494.0,172312.0,510383.0,523320.0
2024-04-24 22:00:00,7494.0,7516.0,7476.0,7492.0,119787.0,523320.0,514865.0
2024-04-25 09:00:00,7474.0,7480.0,7392.0,7424.0,224351.0,514865.0,512197.0
2024-04-25 10:00:00,7424.0,7428.0,7374.0,7380.0,127153.0,512197.0,516455.0
2024-04-25 11:00:00,7380.0,7392.0,7316.0,7324.0,118312.0,516455.0,527533.0
2024-04-25 13:00:00,7324.0,7334.0,7288.0,7302.0,118920.0,527533.0,542563.0
2024-04-25 14:00:00,7302.0,7316.0,7264.0,7314.0,184580.0,542563.0,537140.0
2024-04-25 21:00:00,7314.0,7322.0,7248.0,7294.0,213548.0,537140.0,548204.0
2024-04-25 22:00:00,7294.0,7308.0,7258.0,7266.0,121660.0,548204.0,544542.0
2024-04-26 09:00:00,7306.0,7388.0,7306.0,7370.0,218351.0,544542.0,524285.0
2024-04-26 10:00:00,7370.0,7394.0,7336.0,7356.0,88967.0,524285.0,522979.0
2024-04-26 11:00:00,7356.0,7374.0,7344.0,7372.0,36444.0,522979.0,522411.0
2024-04-26 13:00:00,7378.0,7402.0,7378.0,7386.0,64052.0,522411.0,521746.0
2024-04-26 14:00:00,7386.0,7408.0,7378.0,7400.0,83296.0,521746.0,510235.0
2024-04-26 21:00:00,7402.0,7456.0,7396.0,7454.0,207041.0,510235.0,516611.0
2024-04-26 22:00:00,7454.0,7466.0,7424.0,7462.0,127299.0,516611.0,502501.0
2024-04-29 09:00:00,7468.0,7492.0,7426.0,7444.0,142359.0,502501.0,505058.0
2024-04-29 10:00:00,7444.0,7490.0,7416.0,7484.0,105458.0,505058.0,504962.0
2024-04-29 11:00:00,7484.0,7484.0,7444.0,7448.0,49798.0,504962.0,502766.0
2024-04-29 13:00:00,7446.0,7450.0,7436.0,7440.0,39048.0,502766.0,504582.0
2024-04-29 14:00:00,7440.0,7458.0,7408.0,7434.0,91147.0,504582.0,498265.0
2024-04-29 21:00:00,7448.0,7504.0,7434.0,7478.0,170469.0,498265.0,496899.0
2024-04-29 22:00:00,7478.0,7480.0,7422.0,7430.0,97778.0,496899.0,493983.0
2024-04-30 09:00:00,7382.0,7382.0,7312.0,7326.0,189011.0,493983.0,498992.0
2024-04-30 10:00:00,7326.0,7356.0,7312.0,7354.0,70707.0,498992.0,497079.0
2024-04-30 11:00:00,7354.0,7362.0,7334.0,7352.0,41509.0,497079.0,494477.0
2024-04-30 13:00:00,7344.0,7360.0,7334.0,7358.0,40623.0,494477.0,490794.0
2024-04-30 14:00:00,7358.0,7362.0,7318.0,7360.0,83790.0,490794.0,481434.0
2024-05-06 09:00:00,7386.0,7454.0,7330.0,7354.0,214774.0,481434.0,497982.0
2024-05-06 10:00:00,7354.0,7432.0,7346.0,7396.0,100219.0,497982.0,501953.0
2024-05-06 11:00:00,7396.0,7402.0,7366.0,7386.0,44996.0,501953.0,501914.0
2024-05-06 13:00:00,7386.0,7418.0,7376.0,7418.0,45515.0,501914.0,503783.0
2024-05-06 14:00:00,7418.0,7426.0,7402.0,7408.0,86545.0,503783.0,501841.0
2024-05-06 21:00:00,7422.0,7494.0,7412.0,7486.0,213239.0,501841.0,521177.0
2024-05-06 22:00:00,7486.0,7512.0,7476.0,7496.0,107360.0,521177.0,521867.0
2024-05-07 09:00:00,7506.0,7544.0,7496.0,7534.0,118024.0,521867.0,524321.0
2024-05-07 10:00:00,7534.0,7556.0,7520.0,7546.0,90193.0,524321.0,527858.0
2024-05-07 11:00:00,7546.0,7564.0,7534.0,7558.0,42523.0,527858.0,526072.0
2024-05-07 13:00:00,7552.0,7564.0,7542.0,7562.0,41615.0,526072.0,526790.0
2024-05-07 14:00:00,7562.0,7562.0,7522.0,7560.0,111131.0,526790.0,527998.0
2024-05-07 21:00:00,7552.0,7556.0,7510.0,7546.0,149018.0,527998.0,535028.0
2024-05-07 22:00:00,7546.0,7554.0,7522.0,7542.0,74832.0,535028.0,534218.0
2024-05-08 09:00:00,7532.0,7540.0,7514.0,7522.0,91228.0,534218.0,531098.0
2024-05-08 10:00:00,7522.0,7606.0,7518.0,7582.0,146931.0,531098.0,542694.0
2024-05-08 11:00:00,7582.0,7588.0,7558.0,7564.0,51643.0,542694.0,545757.0
2024-05-08 13:00:00,7540.0,7540.0,7490.0,7526.0,99477.0,545757.0,536050.0
2024-05-08 14:00:00,7526.0,7534.0,7480.0,7492.0,125170.0,536050.0,527561.0
2024-05-08 21:00:00,7458.0,7476.0,7396.0,7424.0,251014.0,527561.0,540411.0
2024-05-08 22:00:00,7424.0,7460.0,7412.0,7460.0,106222.0,540411.0,528194.0
2024-05-09 09:00:00,7424.0,7464.0,7420.0,7454.0,90043.0,528194.0,533708.0
2024-05-09 10:00:00,7454.0,7468.0,7438.0,7458.0,55289.0,533708.0,534775.0
2024-05-09 11:00:00,7458.0,7466.0,7448.0,7464.0,23017.0,534775.0,534583.0
2024-05-09 13:00:00,7448.0,7470.0,7442.0,7452.0,40001.0,534583.0,538093.0
2024-05-09 14:00:00,7452.0,7454.0,7388.0,7406.0,119418.0,538093.0,536542.0
2024-05-09 21:00:00,7382.0,7422.0,7376.0,7402.0,145972.0,536542.0,549301.0
2024-05-09 22:00:00,7402.0,7410.0,7344.0,7346.0,112683.0,549301.0,550200.0
2024-05-10 09:00:00,7340.0,7358.0,7276.0,7280.0,174948.0,550200.0,567333.0
2024-05-10 10:00:00,7280.0,7292.0,7268.0,7284.0,72990.0,567333.0,571800.0
2024-05-10 11:00:00,7284.0,7294.0,7260.0,7290.0,47854.0,571800.0,569085.0
2024-05-10 13:00:00,7278.0,7284.0,7250.0,7274.0,87389.0,569085.0,579370.0
2024-05-10 14:00:00,7274.0,7306.0,7266.0,7286.0,98148.0,579370.0,572135.0
2024-05-10 21:00:00,7298.0,7306.0,7274.0,7284.0,103681.0,572135.0,577498.0
2024-05-10 22:00:00,7284.0,7314.0,7270.0,7306.0,81985.0,577498.0,570776.0
2024-05-13 09:00:00,7328.0,7374.0,7320.0,7370.0,149722.0,570776.0,559811.0
2024-05-13 10:00:00,7370.0,7448.0,7364.0,7446.0,139668.0,559811.0,545575.0
2024-05-13 11:00:00,7446.0,7462.0,7430.0,7444.0,63472.0,545575.0,541538.0
2024-05-13 13:00:00,7458.0,7458.0,7426.0,7440.0,46636.0,541538.0,539824.0
2024-05-13 14:00:00,7440.0,7464.0,7426.0,7454.0,76862.0,539824.0,534234.0
2024-05-13 21:00:00,7470.0,7538.0,7468.0,7526.0,208996.0,534234.0,532785.0
2024-05-13 22:00:00,7526.0,7538.0,7490.0,7494.0,94757.0,532785.0,527106.0
2024-05-14 09:00:00,7502.0,7562.0,7490.0,7536.0,166587.0,527106.0,527833.0
2024-05-14 10:00:00,7536.0,7546.0,7494.0,7512.0,91947.0,527833.0,531963.0
2024-05-14 11:00:00,7512.0,7538.0,7506.0,7518.0,41869.0,531963.0,530748.0
2024-05-14 13:00:00,7518.0,7520.0,7502.0,7520.0,40191.0,530748.0,531905.0
2024-05-14 14:00:00,7520.0,7536.0,7472.0,7490.0,117188.0,531905.0,527070.0
2024-05-14 21:00:00,7394.0,7408.0,7316.0,7376.0,319227.0,527070.0,523909.0
2024-05-14 22:00:00,7376.0,7382.0,7360.0,7378.0,73273.0,523909.0,518983.0
2024-05-15 09:00:00,7382.0,7410.0,7356.0,7404.0,107877.0,518983.0,511507.0
2024-05-15 10:00:00,7404.0,7478.0,7398.0,7466.0,153881.0,511507.0,511422.0
2024-05-15 11:00:00,7466.0,7520.0,7462.0,7516.0,98974.0,511422.0,522158.0
2024-05-15 13:00:00,7512.0,7580.0,7510.0,7556.0,130640.0,522158.0,541150.0
2024-05-15 14:00:00,7556.0,7570.0,7528.0,7532.0,145179.0,541150.0,537343.0
2024-05-15 21:00:00,7512.0,7546.0,7488.0,7518.0,199361.0,537343.0,537810.0
2024-05-15 22:00:00,7518.0,7534.0,7496.0,7518.0,99518.0,537810.0,533001.0
2024-05-16 09:00:00,7520.0,7564.0,7520.0,7542.0,124223.0,533001.0,540619.0
2024-05-16 10:00:00,7542.0,7552.0,7510.0,7520.0,85739.0,540619.0,541940.0
2024-05-16 11:00:00,7520.0,7522.0,7494.0,7518.0,53605.0,541940.0,540703.0
2024-05-16 13:00:00,7516.0,7516.0,7472.0,7474.0,78625.0,540703.0,539691.0
2024-05-16 14:00:00,7474.0,7478.0,7424.0,7456.0,171345.0,539691.0,531896.0
2024-05-16 21:00:00,7466.0,7490.0,7456.0,7480.0,123219.0,531896.0,533991.0
2024-05-16 22:00:00,7480.0,7498.0,7470.0,7490.0,80607.0,533991.0,531341.0
2024-05-17 09:00:00,7500.0,7604.0,7498.0,7560.0,246351.0,531341.0,538799.0
2024-05-17 10:00:00,7560.0,7560.0,7526.0,7552.0,58321.0,538799.0,544247.0
2024-05-17 11:00:00,7552.0,7552.0,7528.0,7542.0,25919.0,544247.0,546171.0
2024-05-17 13:00:00,7554.0,7588.0,7552.0,7582.0,61090.0,546171.0,552116.0
2024-05-17 14:00:00,7582.0,7646.0,7558.0,7638.0,197115.0,552116.0,568956.0
2024-05-17 21:00:00,7660.0,7674.0,7622.0,7650.0,156405.0,568956.0,570077.0
2024-05-17 22:00:00,7650.0,7680.0,7638.0,7654.0,79652.0,570077.0,569693.0
2024-05-20 09:00:00,7680.0,7714.0,7638.0,7692.0,179963.0,569693.0,574611.0
2024-05-20 10:00:00,7692.0,7700.0,7628.0,7644.0,97467.0,574611.0,576053.0
2024-05-20 11:00:00,7644.0,7660.0,7614.0,7652.0,58645.0,576053.0,573259.0
2024-05-20 13:00:00,7650.0,7686.0,7642.0,7678.0,47323.0,573259.0,577436.0
2024-05-20 14:00:00,7678.0,7688.0,7656.0,7664.0,74296.0,577436.0,572763.0
2024-05-20 21:00:00,7670.0,7728.0,7668.0,7718.0,138857.0,572763.0,580364.0
2024-05-20 22:00:00,7718.0,7758.0,7710.0,7724.0,114054.0,580364.0,574685.0
2024-05-21 09:00:00,7718.0,7756.0,7682.0,7706.0,169850.0,574685.0,567503.0
2024-05-21 10:00:00,7706.0,7728.0,7664.0,7686.0,101978.0,567503.0,565946.0
2024-05-21 11:00:00,7686.0,7706.0,7666.0,7696.0,44018.0,565946.0,567465.0
2024-05-21 13:00:00,7696.0,7702.0,7644.0,7664.0,61610.0,567465.0,566482.0
2024-05-21 14:00:00,7664.0,7668.0,7602.0,7662.0,145339.0,566482.0,561669.0
2024-05-21 21:00:00,7622.0,7654.0,7604.0,7642.0,156682.0,561669.0,579409.0
2024-05-21 22:00:00,7642.0,7646.0,7606.0,7622.0,88621.0,579409.0,574324.0
2024-05-22 09:00:00,7614.0,7678.0,7612.0,7668.0,128899.0,574324.0,575792.0
2024-05-22 10:00:00,7668.0,7682.0,7608.0,7660.0,98814.0,575792.0,578970.0
2024-05-22 11:00:00,7660.0,7668.0,7630.0,7640.0,39102.0,578970.0,576993.0
2024-05-22 13:00:00,7640.0,7644.0,7622.0,7642.0,36426.0,576993.0,578272.0
2024-05-22 14:00:00,7642.0,7674.0,7624.0,7662.0,73172.0,578272.0,575549.0
2024-05-22 21:00:00,7650.0,7698.0,7638.0,7658.0,178182.0,575549.0,592182.0
2024-05-22 22:00:00,7658.0,7676.0,7618.0,7662.0,124391.0,592182.0,578558.0
2024-05-23 09:00:00,7628.0,7660.0,7570.0,7630.0,207389.0,578558.0,575445.0
2024-05-23 10:00:00,7630.0,7642.0,7580.0,7590.0,102044.0,575445.0,577853.0
2024-05-23 11:00:00,7590.0,7610.0,7580.0,7606.0,51135.0,577853.0,578428.0
2024-05-23 13:00:00,7600.0,7610.0,7502.0,7526.0,139594.0,578428.0,572765.0
2024-05-23 14:00:00,7526.0,7598.0,7520.0,7598.0,131992.0,572765.0,559391.0
2024-05-23 21:00:00,7646.0,7692.0,7628.0,7646.0,206579.0,559391.0,560306.0
2024-05-23 22:00:00,7646.0,7656.0,7606.0,7606.0,93749.0,560306.0,555341.0
2024-05-24 09:00:00,7576.0,7640.0,7552.0,7636.0,173719.0,555341.0,562677.0
2024-05-24 10:00:00,7636.0,7678.0,7612.0,7648.0,122707.0,562677.0,561469.0
2024-05-24 11:00:00,7648.0,7666.0,7628.0,7650.0,53023.0,561469.0,564130.0
2024-05-24 13:00:00,7636.0,7654.0,7620.0,7640.0,55008.0,564130.0,564269.0
2024-05-24 14:00:00,7640.0,7656.0,7570.0,7588.0,123708.0,564269.0,560724.0
2024-05-24 21:00:00,7590.0,7632.0,7582.0,7614.0,117588.0,560724.0,565843.0
2024-05-24 22:00:00,7614.0,7632.0,7600.0,7622.0,70980.0,565843.0,560424.0
2024-05-27 09:00:00,7628.0,7652.0,7584.0,7648.0,165608.0,560424.0,566621.0
2024-05-27 10:00:00,7648.0,7704.0,7610.0,7622.0,200665.0,566621.0,570013.0
2024-05-27 11:00:00,7622.0,7632.0,7616.0,7616.0,32493.0,570013.0,567563.0
2024-05-27 13:00:00,7610.0,7610.0,7566.0,7576.0,93677.0,567563.0,566538.0
2024-05-27 14:00:00,7576.0,7622.0,7574.0,7604.0,83516.0,566538.0,556744.0
2024-05-27 21:00:00,7598.0,7712.0,7598.0,7692.0,190359.0,556744.0,574289.0
2024-05-27 22:00:00,7692.0,7732.0,7684.0,7720.0,120351.0,574289.0,579885.0
2024-05-28 09:00:00,7724.0,7780.0,7722.0,7736.0,159033.0,579885.0,592207.0
2024-05-28 10:00:00,7736.0,7800.0,7736.0,7786.0,109592.0,592207.0,601281.0
2024-05-28 11:00:00,7786.0,7808.0,7768.0,7780.0,68695.0,601281.0,605664.0
2024-05-28 13:00:00,7782.0,7824.0,7776.0,7820.0,71311.0,605664.0,615829.0
2024-05-28 14:00:00,7820.0,7824.0,7744.0,7774.0,166132.0,615829.0,601437.0
2024-05-28 21:00:00,7806.0,7836.0,7766.0,7770.0,225319.0,601437.0,617072.0
2024-05-28 22:00:00,7770.0,7866.0,7754.0,7842.0,215806.0,617072.0,624114.0
2024-05-29 09:00:00,7828.0,7852.0,7794.0,7846.0,141126.0,624114.0,626174.0
2024-05-29 10:00:00,7846.0,7872.0,7838.0,7848.0,103472.0,626174.0,631499.0
2024-05-29 11:00:00,7848.0,7872.0,7840.0,7856.0,43612.0,631499.0,634288.0
2024-05-29 13:00:00,7864.0,7866.0,7836.0,7854.0,43942.0,634288.0,633573.0
2024-05-29 14:00:00,7854.0,7866.0,7838.0,7858.0,86311.0,633573.0,626846.0
2024-05-29 21:00:00,7852.0,7876.0,7824.0,7836.0,156072.0,626846.0,629984.0
2024-05-29 22:00:00,7836.0,7872.0,7834.0,7864.0,73962.0,629984.0,626858.0
2024-05-30 09:00:00,7850.0,7866.0,7820.0,7834.0,97761.0,626858.0,622732.0
2024-05-30 10:00:00,7834.0,7844.0,7780.0,7822.0,124143.0,622732.0,614480.0
2024-05-30 11:00:00,7822.0,7830.0,7762.0,7770.0,55261.0,614480.0,608939.0
2024-05-30 13:00:00,7774.0,7786.0,7728.0,7734.0,91672.0,608939.0,600033.0
2024-05-30 14:00:00,7734.0,7772.0,7726.0,7742.0,122565.0,600033.0,595796.0
2024-05-30 21:00:00,7744.0,7766.0,7728.0,7752.0,121187.0,595796.0,593167.0
2024-05-30 22:00:00,7752.0,7784.0,7724.0,7770.0,99544.0,593167.0,588764.0
2024-05-31 09:00:00,7778.0,7798.0,7754.0,7784.0,103101.0,588764.0,586843.0
2024-05-31 10:00:00,7784.0,7836.0,7762.0,7810.0,121900.0,586843.0,594973.0
2024-05-31 11:00:00,7810.0,7848.0,7792.0,7844.0,93778.0,594973.0,601947.0
2024-05-31 13:00:00,7844.0,7902.0,7842.0,7876.0,131093.0,601947.0,622292.0
2024-05-31 14:00:00,7876.0,7922.0,7860.0,7908.0,154807.0,622292.0,618558.0
2024-05-31 21:00:00,7926.0,7944.0,7906.0,7928.0,170971.0,618558.0,624170.0
2024-05-31 22:00:00,7928.0,7956.0,7776.0,7784.0,314747.0,624170.0,583697.0
2024-06-03 09:00:00,7776.0,7778.0,7668.0,7720.0,276703.0,583697.0,576265.0
2024-06-03 10:00:00,7720.0,7750.0,7712.0,7718.0,62638.0,576265.0,577468.0
2024-06-03 11:00:00,7718.0,7718.0,7658.0,7674.0,69856.0,577468.0,574260.0
2024-06-03 13:00:00,7668.0,7694.0,7664.0,7666.0,56405.0,574260.0,575637.0
2024-06-03 14:00:00,7666.0,7674.0,7638.0,7652.0,112754.0,575637.0,562932.0
2024-06-03 21:00:00,7680.0,7680.0,7588.0,7598.0,156214.0,562932.0,560583.0
2024-06-03 22:00:00,7598.0,7634.0,7574.0,7616.0,137523.0,560583.0,552291.0
2024-06-04 09:00:00,7588.0,7596.0,7538.0,7570.0,178747.0,552291.0,552791.0
2024-06-04 10:00:00,7570.0,7628.0,7566.0,7614.0,118570.0,552791.0,555837.0
2024-06-04 11:00:00,7614.0,7646.0,7610.0,7638.0,58024.0,555837.0,557368.0
2024-06-04 13:00:00,7638.0,7638.0,7610.0,7622.0,51776.0,557368.0,553340.0
2024-06-04 14:00:00,7622.0,7670.0,7620.0,7644.0,99729.0,553340.0,546821.0
2024-06-04 21:00:00,7606.0,7628.0,7564.0,7572.0,176264.0,546821.0,539319.0
2024-06-04 22:00:00,7572.0,7636.0,7572.0,7624.0,112429.0,539319.0,535309.0
2024-06-05 09:00:00,7606.0,7630.0,7590.0,7608.0,84052.0,535309.0,534529.0
2024-06-05 10:00:00,7608.0,7640.0,7602.0,7634.0,68711.0,534529.0,537511.0
2024-06-05 11:00:00,7634.0,7646.0,7624.0,7636.0,33597.0,537511.0,535931.0
2024-06-05 13:00:00,7638.0,7676.0,7634.0,7658.0,76402.0,535931.0,540260.0
2024-06-05 14:00:00,7658.0,7670.0,7598.0,7602.0,108847.0,540260.0,531111.0
2024-06-05 21:00:00,7616.0,7644.0,7606.0,7610.0,114990.0,531111.0,533661.0
2024-06-05 22:00:00,7610.0,7642.0,7586.0,7610.0,114525.0,533661.0,529891.0
2024-06-06 09:00:00,7610.0,7638.0,7596.0,7622.0,96670.0,529891.0,528414.0
2024-06-06 10:00:00,7622.0,7654.0,7604.0,7630.0,69836.0,528414.0,530918.0
2024-06-06 11:00:00,7630.0,7668.0,7628.0,7648.0,58755.0,530918.0,533336.0
2024-06-06 13:00:00,7650.0,7686.0,7648.0,7684.0,60904.0,533336.0,538788.0
2024-06-06 14:00:00,7684.0,7736.0,7668.0,7734.0,133328.0,538788.0,544341.0
2024-06-06 21:00:00,7752.0,7842.0,7738.0,7826.0,251485.0,544341.0,572855.0
2024-06-06 22:00:00,7826.0,7848.0,7812.0,7828.0,107466.0,572855.0,570981.0
2024-06-07 09:00:00,7840.0,7856.0,7796.0,7804.0,137249.0,570981.0,578482.0
2024-06-07 10:00:00,7804.0,7812.0,7758.0,7774.0,89657.0,578482.0,572564.0
2024-06-07 11:00:00,7774.0,7792.0,7770.0,7790.0,43689.0,572564.0,571621.0
2024-06-07 13:00:00,7788.0,7794.0,7768.0,7786.0,45004.0,571621.0,571859.0
2024-06-07 14:00:00,7786.0,7808.0,7778.0,7800.0,79731.0,571859.0,564100.0
2024-06-11 09:00:00,7742.0,7796.0,7704.0,7796.0,199719.0,564100.0,562667.0
2024-06-11 10:00:00,7796.0,7796.0,7664.0,7702.0,142107.0,562667.0,551278.0
2024-06-11 11:00:00,7702.0,7702.0,7628.0,7632.0,95629.0,551278.0,547277.0
2024-06-11 13:00:00,7638.0,7638.0,7584.0,7590.0,101852.0,547277.0,547630.0
2024-06-11 14:00:00,7590.0,7626.0,7572.0,7596.0,135735.0,547630.0,535284.0
2024-06-11 21:00:00,7614.0,7636.0,7602.0,7624.0,128704.0,535284.0,539892.0
2024-06-11 22:00:00,7624.0,7658.0,7620.0,7646.0,79428.0,539892.0,536272.0
2024-06-12 09:00:00,7634.0,7658.0,7630.0,7644.0,83665.0,536272.0,532310.0
2024-06-12 10:00:00,7644.0,7758.0,7622.0,7734.0,184654.0,532310.0,531768.0
2024-06-12 11:00:00,7734.0,7752.0,7706.0,7720.0,66136.0,531768.0,530824.0
2024-06-12 13:00:00,7734.0,7742.0,7720.0,7736.0,41995.0,530824.0,531619.0
2024-06-12 14:00:00,7736.0,7742.0,7718.0,7728.0,71452.0,531619.0,530285.0
2024-06-12 21:00:00,7734.0,7768.0,7696.0,7706.0,176333.0,530285.0,534779.0
2024-06-12 22:00:00,7706.0,7724.0,7684.0,7688.0,94865.0,534779.0,531305.0
2024-06-13 09:00:00,7708.0,7750.0,7660.0,7746.0,177186.0,531305.0,541018.0
2024-06-13 10:00:00,7746.0,7798.0,7730.0,7732.0,172002.0,541018.0,550448.0
2024-06-13 11:00:00,7732.0,7738.0,7680.0,7728.0,122383.0,550448.0,547566.0
2024-06-13 13:00:00,7720.0,7728.0,7706.0,7716.0,36529.0,547566.0,547595.0
2024-06-13 14:00:00,7716.0,7734.0,7694.0,7716.0,78550.0,547595.0,542808.0
2024-06-13 21:00:00,7692.0,7698.0,7612.0,7652.0,201389.0,542808.0,542198.0
2024-06-13 22:00:00,7652.0,7696.0,7622.0,7688.0,117192.0,542198.0,534992.0
2024-06-14 09:00:00,7684.0,7708.0,7664.0,7666.0,110445.0,534992.0,534497.0
2024-06-14 10:00:00,7666.0,7686.0,7626.0,7636.0,103631.0,534497.0,534979.0
2024-06-14 11:00:00,7636.0,7664.0,7632.0,7644.0,44735.0,534979.0,533824.0
2024-06-14 13:00:00,7646.0,7694.0,7646.0,7694.0,60530.0,533824.0,528706.0
2024-06-14 14:00:00,7694.0,7778.0,7680.0,7684.0,237264.0,528706.0,527752.0
2024-06-14 21:00:00,7694.0,7722.0,7660.0,7664.0,127843.0,527752.0,533956.0
2024-06-14 22:00:00,7664.0,7686.0,7642.0,7676.0,101318.0,533956.0,533804.0
2024-06-17 09:00:00,7656.0,7666.0,7620.0,7626.0,140258.0,533804.0,541572.0
2024-06-17 10:00:00,7626.0,7632.0,7518.0,7530.0,213794.0,541572.0,534664.0
2024-06-17 11:00:00,7530.0,7532.0,7460.0,7468.0,126647.0,534664.0,530949.0
2024-06-17 13:00:00,7462.0,7500.0,7458.0,7486.0,80830.0,530949.0,533083.0
2024-06-17 14:00:00,7486.0,7522.0,7474.0,7510.0,108042.0,533083.0,524625.0
2024-06-17 21:00:00,7508.0,7566.0,7502.0,7560.0,122500.0,524625.0,528678.0
2024-06-17 22:00:00,7560.0,7564.0,7540.0,7558.0,69714.0,528678.0,521843.0
2024-06-18 09:00:00,7582.0,7612.0,7568.0,7606.0,149142.0,521843.0,516008.0
2024-06-18 10:00:00,7606.0,7646.0,7602.0,7622.0,115943.0,516008.0,515603.0
2024-06-18 11:00:00,7622.0,7630.0,7608.0,7628.0,39305.0,515603.0,514961.0
2024-06-18 13:00:00,7634.0,7660.0,7626.0,7634.0,65386.0,514961.0,517272.0
2024-06-18 14:00:00,7634.0,7644.0,7596.0,7610.0,101788.0,517272.0,511423.0
2024-06-18 21:00:00,7612.0,7670.0,7592.0,7654.0,161130.0,511423.0,521402.0
2024-06-18 22:00:00,7654.0,7694.0,7640.0,7664.0,113488.0,521402.0,513049.0
2024-06-19 09:00:00,7668.0,7682.0,7636.0,7664.0,97790.0,513049.0,513517.0
2024-06-19 10:00:00,7664.0,7680.0,7638.0,7672.0,73291.0,513517.0,515475.0
2024-06-19 11:00:00,7672.0,7696.0,7666.0,7692.0,59863.0,515475.0,518606.0
2024-06-19 13:00:00,7690.0,7742.0,7690.0,7730.0,90986.0,518606.0,530248.0
2024-06-19 14:00:00,7730.0,7738.0,7694.0,7706.0,101150.0,530248.0,525779.0
2024-06-19 21:00:00,7712.0,7730.0,7688.0,7690.0,93750.0,525779.0,531778.0
2024-06-19 22:00:00,7690.0,7734.0,7688.0,7732.0,74477.0,531778.0,528387.0
2024-06-20 09:00:00,7718.0,7748.0,7692.0,7696.0,119529.0,528387.0,534542.0
2024-06-20 10:00:00,7696.0,7720.0,7670.0,7704.0,115219.0,534542.0,537399.0
2024-06-20 11:00:00,7704.0,7720.0,7686.0,7694.0,42946.0,537399.0,536194.0
2024-06-20 13:00:00,7692.0,7696.0,7670.0,7688.0,64488.0,536194.0,538456.0
2024-06-20 14:00:00,7688.0,7726.0,7680.0,7700.0,107580.0,538456.0,535684.0
2024-06-20 21:00:00,7726.0,7768.0,7714.0,7726.0,168289.0,535684.0,546535.0
2024-06-20 22:00:00,7726.0,7744.0,7696.0,7712.0,118588.0,546535.0,540896.0
2024-06-21 09:00:00,7688.0,7688.0,7628.0,7674.0,175006.0,540896.0,528586.0
2024-06-21 10:00:00,7674.0,7716.0,7666.0,7694.0,98287.0,528586.0,531908.0
2024-06-21 11:00:00,7694.0,7696.0,7668.0,7672.0,35713.0,531908.0,530865.0
2024-06-21 13:00:00,7672.0,7676.0,7654.0,7660.0,40120.0,530865.0,528951.0
2024-06-21 14:00:00,7660.0,7664.0,7630.0,7644.0,118650.0,528951.0,520709.0
2024-06-21 21:00:00,7652.0,7668.0,7626.0,7644.0,114668.0,520709.0,521970.0
2024-06-21 22:00:00,7644.0,7710.0,7640.0,7708.0,94463.0,521970.0,521720.0
2024-06-24 09:00:00,7698.0,7706.0,7612.0,7616.0,213981.0,521720.0,523299.0
2024-06-24 10:00:00,7616.0,7620.0,7576.0,7606.0,140282.0,523299.0,516524.0
2024-06-24 11:00:00,7606.0,7678.0,7606.0,7656.0,112420.0,516524.0,504126.0
2024-06-24 13:00:00,7662.0,7674.0,7654.0,7668.0,39837.0,504126.0,507309.0
2024-06-24 14:00:00,7668.0,7670.0,7630.0,7634.0,79724.0,507309.0,499846.0
2024-06-24 21:00:00,7610.0,7626.0,7580.0,7618.0,173894.0,499846.0,502883.0
2024-06-24 22:00:00,7618.0,7644.0,7606.0,7606.0,78890.0,502883.0,497147.0
2024-06-25 09:00:00,7618.0,7630.0,7520.0,7538.0,217627.0,497147.0,511896.0
2024-06-25 10:00:00,7538.0,7576.0,7522.0,7554.0,88136.0,511896.0,510301.0
2024-06-25 11:00:00,7554.0,7572.0,7544.0,7568.0,30546.0,510301.0,507159.0
2024-06-25 13:00:00,7566.0,7582.0,7558.0,7568.0,46647.0,507159.0,500262.0
2024-06-25 14:00:00,7568.0,7592.0,7540.0,7582.0,101409.0,500262.0,493492.0
2024-06-25 21:00:00,7588.0,7610.0,7564.0,7568.0,128252.0,493492.0,494265.0
2024-06-25 22:00:00,7568.0,7594.0,7564.0,7570.0,69078.0,494265.0,492509.0
2024-06-26 09:00:00,7542.0,7542.0,7480.0,7516.0,153151.0,492509.0,498148.0
2024-06-26 10:00:00,7516.0,7558.0,7512.0,7556.0,62248.0,498148.0,497496.0
2024-06-26 11:00:00,7556.0,7608.0,7554.0,7604.0,107577.0,497496.0,499954.0
2024-06-26 13:00:00,7602.0,7620.0,7602.0,7614.0,48683.0,499954.0,501888.0
2024-06-26 14:00:00,7614.0,7656.0,7610.0,7640.0,120439.0,501888.0,502940.0
2024-06-26 21:00:00,7634.0,7638.0,7602.0,7616.0,103589.0,502940.0,502431.0
2024-06-26 22:00:00,7616.0,7640.0,7612.0,7622.0,77706.0,502431.0,497593.0
2024-06-27 09:00:00,7626.0,7662.0,7618.0,7642.0,117210.0,497593.0,496385.0
2024-06-27 10:00:00,7642.0,7648.0,7594.0,7600.0,81451.0,496385.0,486358.0
2024-06-27 11:00:00,7600.0,7610.0,7580.0,7602.0,63529.0,486358.0,478608.0
2024-06-27 13:00:00,7594.0,7596.0,7568.0,7570.0,64867.0,478608.0,472847.0
2024-06-27 14:00:00,7570.0,7596.0,7564.0,7586.0,81844.0,472847.0,465490.0
2024-06-27 21:00:00,7636.0,7692.0,7630.0,7648.0,199460.0,465490.0,480054.0
2024-06-27 22:00:00,7648.0,7658.0,7632.0,7646.0,80339.0,480054.0,471268.0
2024-06-28 09:00:00,7620.0,7648.0,7604.0,7646.0,87635.0,471268.0,473112.0
2024-06-28 10:00:00,7646.0,7668.0,7632.0,7660.0,73664.0,473112.0,478866.0
2024-06-28 11:00:00,7660.0,7690.0,7660.0,7686.0,61370.0,478866.0,492572.0
2024-06-28 13:00:00,7686.0,7686.0,7660.0,7672.0,51293.0,492572.0,497577.0
2024-06-28 14:00:00,7672.0,7684.0,7658.0,7666.0,88401.0,497577.0,490608.0
2024-06-28 21:00:00,7654.0,7692.0,7644.0,7680.0,116459.0,490608.0,498439.0
2024-06-28 22:00:00,7680.0,7698.0,7674.0,7688.0,74289.0,498439.0,497402.0
2024-07-01 09:00:00,7702.0,7820.0,7702.0,7806.0,263777.0,497402.0,539265.0
2024-07-01 10:00:00,7806.0,7826.0,7786.0,7814.0,109809.0,539265.0,548220.0
2024-07-01 11:00:00,7814.0,7886.0,7812.0,7870.0,127133.0,548220.0,562637.0
2024-07-01 13:00:00,7868.0,7876.0,7834.0,7844.0,76338.0,562637.0,555469.0
2024-07-01 14:00:00,7844.0,7870.0,7834.0,7868.0,93058.0,555469.0,557046.0
2024-07-01 21:00:00,7850.0,7890.0,7844.0,7872.0,148351.0,557046.0,573735.0
2024-07-01 22:00:00,7872.0,7896.0,7856.0,7888.0,99570.0,573735.0,567413.0
2024-07-02 09:00:00,7914.0,7944.0,7902.0,7928.0,146398.0,567413.0,577556.0
2024-07-02 10:00:00,7928.0,7964.0,7922.0,7962.0,81669.0,577556.0,587166.0
2024-07-02 11:00:00,7962.0,7990.0,7954.0,7984.0,55471.0,587166.0,591947.0
2024-07-02 13:00:00,7990.0,8030.0,7990.0,8008.0,97103.0,591947.0,593816.0
2024-07-02 14:00:00,8008.0,8014.0,7966.0,7994.0,132374.0,593816.0,580487.0
2024-07-02 21:00:00,8046.0,8064.0,8012.0,8024.0,176771.0,580487.0,591395.0
2024-07-02 22:00:00,8024.0,8026.0,7994.0,8008.0,82316.0,591395.0,586600.0
2024-07-03 09:00:00,7988.0,8008.0,7972.0,7984.0,119797.0,586600.0,588118.0
2024-07-03 10:00:00,7984.0,7988.0,7936.0,7962.0,124827.0,588118.0,582619.0
2024-07-03 11:00:00,7962.0,7982.0,7960.0,7982.0,48038.0,582619.0,581388.0
2024-07-03 13:00:00,7984.0,7994.0,7972.0,7986.0,35615.0,581388.0,582829.0
2024-07-03 14:00:00,7986.0,8008.0,7980.0,7986.0,87352.0,582829.0,580445.0
2024-07-03 21:00:00,8028.0,8088.0,7992.0,8086.0,171265.0,580445.0,601325.0
2024-07-03 22:00:00,8086.0,8106.0,8036.0,8046.0,250943.0,601325.0,597589.0
2024-07-04 09:00:00,8076.0,8078.0,8018.0,8030.0,126532.0,597589.0,604066.0
2024-07-04 10:00:00,8030.0,8048.0,8008.0,8038.0,71934.0,604066.0,603243.0
2024-07-04 11:00:00,8038.0,8046.0,8014.0,8020.0,35744.0,603243.0,600403.0
2024-07-04 13:00:00,8016.0,8022.0,7994.0,8014.0,55240.0,600403.0,596853.0
2024-07-04 14:00:00,8014.0,8014.0,7954.0,8000.0,155945.0,596853.0,581395.0
2024-07-04 21:00:00,7998.0,8058.0,7980.0,8050.0,143200.0,581395.0,598023.0
2024-07-04 22:00:00,8050.0,8054.0,7986.0,8004.0,105973.0,598023.0,585141.0
2024-07-05 09:00:00,7996.0,8040.0,7990.0,8032.0,96013.0,585141.0,593276.0
2024-07-05 10:00:00,8032.0,8048.0,7992.0,8016.0,100298.0,593276.0,593157.0
2024-07-05 11:00:00,8016.0,8038.0,7988.0,7988.0,46359.0,593157.0,590376.0
2024-07-05 13:00:00,7984.0,8014.0,7964.0,8002.0,94940.0,590376.0,589703.0
2024-07-05 14:00:00,8002.0,8018.0,7924.0,7954.0,144090.0,589703.0,571337.0
2024-07-05 21:00:00,7948.0,7970.0,7912.0,7968.0,170829.0,571337.0,575156.0
2024-07-05 22:00:00,7968.0,8020.0,7956.0,8014.0,96037.0,575156.0,576169.0
2024-07-08 09:00:00,7992.0,8002.0,7920.0,7940.0,177934.0,576169.0,570671.0
2024-07-08 10:00:00,7940.0,7966.0,7874.0,7882.0,138731.0,570671.0,554999.0
2024-07-08 11:00:00,7882.0,7906.0,7874.0,7880.0,48346.0,554999.0,548917.0
2024-07-08 13:00:00,7878.0,7882.0,7854.0,7876.0,59952.0,548917.0,544480.0
2024-07-08 14:00:00,7876.0,7918.0,7874.0,7904.0,94839.0,544480.0,539922.0
2024-07-08 21:00:00,7882.0,7892.0,7846.0,7874.0,140907.0,539922.0,534774.0
2024-07-08 22:00:00,7874.0,7896.0,7856.0,7858.0,97766.0,534774.0,525734.0
2024-07-09 09:00:00,7850.0,7872.0,7816.0,7870.0,134181.0,525734.0,520469.0
2024-07-09 10:00:00,7870.0,7876.0,7766.0,7768.0,139320.0,520469.0,505333.0
2024-07-09 11:00:00,7768.0,7800.0,7762.0,7780.0,100525.0,505333.0,492451.0
2024-07-09 13:00:00,7780.0,7792.0,7764.0,7780.0,52042.0,492451.0,490895.0
2024-07-09 14:00:00,7780.0,7794.0,7752.0,7778.0,113453.0,490895.0,479436.0
2024-07-09 21:00:00,7766.0,7784.0,7726.0,7738.0,138039.0,479436.0,483596.0
2024-07-09 22:00:00,7738.0,7742.0,7696.0,7696.0,120632.0,483596.0,474202.0
2024-07-10 09:00:00,7668.0,7690.0,7582.0,7598.0,237409.0,474202.0,463257.0
2024-07-10 10:00:00,7598.0,7610.0,7580.0,7594.0,98902.0,463257.0,457234.0
2024-07-10 11:00:00,7594.0,7596.0,7558.0,7572.0,67601.0,457234.0,447021.0
2024-07-10 13:00:00,7582.0,7604.0,7576.0,7584.0,62117.0,447021.0,440986.0
2024-07-10 14:00:00,7584.0,7634.0,7574.0,7612.0,124776.0,440986.0,430648.0
2024-07-10 21:00:00,7654.0,7692.0,7638.0,7658.0,174855.0,430648.0,432317.0
2024-07-10 22:00:00,7658.0,7672.0,7644.0,7644.0,59510.0,432317.0,426061.0
2024-07-11 09:00:00,7624.0,7656.0,7614.0,7628.0,101345.0,426061.0,426951.0
2024-07-11 10:00:00,7628.0,7674.0,7624.0,7670.0,77646.0,426951.0,425560.0
2024-07-11 11:00:00,7670.0,7686.0,7648.0,7682.0,42961.0,425560.0,424287.0
2024-07-11 13:00:00,7676.0,7686.0,7662.0,7666.0,48265.0,424287.0,423062.0
2024-07-11 14:00:00,7666.0,7668.0,7630.0,7638.0,67708.0,423062.0,417382.0
2024-07-11 21:00:00,7686.0,7704.0,7654.0,7704.0,130839.0,417382.0,415219.0
2024-07-11 22:00:00,7704.0,7746.0,7700.0,7726.0,162658.0,415219.0,407764.0
2024-07-12 09:00:00,7706.0,7772.0,7704.0,7760.0,105779.0,407764.0,412093.0
2024-07-12 10:00:00,7760.0,7830.0,7754.0,7804.0,149300.0,412093.0,414456.0
2024-07-12 11:00:00,7804.0,7844.0,7802.0,7816.0,77998.0,414456.0,413195.0
2024-07-12 13:00:00,7802.0,7802.0,7764.0,7786.0,87834.0,413195.0,405516.0
2024-07-12 14:00:00,7786.0,7804.0,7764.0,7766.0,92088.0,405516.0,397909.0
2024-07-12 21:00:00,7766.0,7784.0,7730.0,7740.0,146741.0,397909.0,394495.0
2024-07-12 22:00:00,7740.0,7744.0,7700.0,7716.0,122063.0,394495.0,381542.0
2024-07-15 09:00:00,7662.0,7690.0,7638.0,7670.0,158125.0,381542.0,381999.0
2024-07-15 10:00:00,7670.0,7722.0,7642.0,7710.0,95141.0,381999.0,382381.0
2024-07-15 11:00:00,7710.0,7742.0,7706.0,7734.0,52517.0,382381.0,380556.0
2024-07-15 13:00:00,7722.0,7732.0,7690.0,7726.0,54697.0,380556.0,380035.0
2024-07-15 14:00:00,7726.0,7730.0,7690.0,7718.0,79638.0,380035.0,372035.0
2024-07-15 21:00:00,7696.0,7734.0,7666.0,7696.0,151041.0,372035.0,384324.0
2024-07-15 22:00:00,7696.0,7730.0,7688.0,7724.0,75897.0,384324.0,379801.0
2024-07-16 09:00:00,7742.0,7766.0,7736.0,7742.0,100739.0,379801.0,379002.0
2024-07-16 10:00:00,7742.0,7862.0,7728.0,7830.0,181722.0,379002.0,393652.0
2024-07-16 11:00:00,7830.0,7842.0,7782.0,7782.0,73908.0,393652.0,386636.0
2024-07-16 13:00:00,7788.0,7826.0,7776.0,7824.0,56551.0,386636.0,388137.0
2024-07-16 14:00:00,7824.0,7828.0,7804.0,7820.0,68413.0,388137.0,383639.0
2024-07-16 21:00:00,7792.0,7856.0,7786.0,7850.0,147546.0,383639.0,392479.0
2024-07-16 22:00:00,7850.0,7888.0,7846.0,7862.0,119849.0,392479.0,394483.0
2024-07-17 09:00:00,7856.0,7922.0,7852.0,7920.0,147071.0,394483.0,405909.0
2024-07-17 10:00:00,7920.0,7954.0,7910.0,7920.0,114747.0,405909.0,416531.0
2024-07-17 11:00:00,7920.0,7922.0,7876.0,7880.0,55001.0,416531.0,412000.0
2024-07-17 13:00:00,7870.0,7878.0,7846.0,7870.0,65212.0,412000.0,404467.0
2024-07-17 14:00:00,7870.0,7888.0,7846.0,7878.0,99534.0,404467.0,402614.0
2024-07-17 21:00:00,7894.0,7916.0,7876.0,7894.0,135680.0,402614.0,409845.0
2024-07-17 22:00:00,7894.0,7896.0,7834.0,7840.0,113811.0,409845.0,401940.0
2024-07-18 09:00:00,7810.0,7880.0,7806.0,7862.0,120308.0,401940.0,403988.0
2024-07-18 10:00:00,7862.0,7888.0,7816.0,7858.0,95298.0,403988.0,403151.0
2024-07-18 11:00:00,7858.0,7880.0,7856.0,7862.0,31114.0,403151.0,403140.0
2024-07-18 13:00:00,7858.0,7884.0,7852.0,7876.0,39232.0,403140.0,405482.0
2024-07-18 14:00:00,7876.0,7946.0,7870.0,7916.0,149013.0,405482.0,402531.0
2024-07-18 21:00:00,7886.0,7896.0,7818.0,7822.0,195801.0,402531.0,398022.0
2024-07-18 22:00:00,7822.0,7838.0,7804.0,7834.0,95187.0,398022.0,390225.0
2024-07-19 09:00:00,7830.0,7854.0,7806.0,7816.0,110042.0,390225.0,393244.0
2024-07-19 10:00:00,7816.0,7876.0,7810.0,7870.0,91228.0,393244.0,390531.0
2024-07-19 11:00:00,7870.0,7874.0,7832.0,7838.0,55148.0,390531.0,388903.0
2024-07-19 13:00:00,7836.0,7836.0,7776.0,7822.0,83290.0,388903.0,385749.0
2024-07-19 14:00:00,7822.0,7864.0,7810.0,7850.0,89303.0,385749.0,376642.0
2024-07-19 21:00:00,7896.0,7908.0,7818.0,7838.0,161674.0,376642.0,380825.0
2024-07-19 22:00:00,7838.0,7840.0,7732.0,7750.0,155329.0,380825.0,374569.0
2024-07-22 09:00:00,7760.0,7850.0,7754.0,7830.0,166144.0,374569.0,367911.0
2024-07-22 10:00:00,7830.0,7948.0,7826.0,7938.0,162238.0,367911.0,378224.0
2024-07-22 11:00:00,7938.0,7956.0,7922.0,7934.0,76550.0,378224.0,383099.0
2024-07-22 13:00:00,7936.0,7940.0,7914.0,7930.0,47335.0,383099.0,388978.0
2024-07-22 14:00:00,7930.0,7992.0,7922.0,7958.0,152357.0,388978.0,396766.0
2024-07-22 21:00:00,7952.0,7998.0,7942.0,7972.0,139273.0,396766.0,406803.0
2024-07-22 22:00:00,7972.0,7990.0,7946.0,7960.0,76831.0,406803.0,403125.0
2024-07-23 09:00:00,7954.0,8036.0,7950.0,8030.0,129324.0,403125.0,413901.0
2024-07-23 10:00:00,8030.0,8038.0,7962.0,7972.0,101059.0,413901.0,407298.0
2024-07-23 11:00:00,7972.0,7976.0,7926.0,7938.0,80232.0,407298.0,400176.0
2024-07-23 13:00:00,7938.0,7942.0,7908.0,7932.0,63735.0,400176.0,394377.0
2024-07-23 14:00:00,7932.0,7942.0,7884.0,7896.0,117830.0,394377.0,384876.0
2024-07-23 21:00:00,7914.0,7954.0,7908.0,7934.0,129579.0,384876.0,396619.0
2024-07-23 22:00:00,7934.0,7976.0,7922.0,7958.0,104254.0,396619.0,394834.0
2024-07-24 09:00:00,7936.0,7944.0,7872.0,7926.0,150293.0,394834.0,390014.0
2024-07-24 10:00:00,7926.0,7956.0,7894.0,7898.0,92865.0,390014.0,391166.0
2024-07-24 11:00:00,7898.0,7914.0,7870.0,7892.0,63541.0,391166.0,388191.0
2024-07-24 13:00:00,7874.0,7874.0,7736.0,7754.0,223027.0,388191.0,389266.0
2024-07-24 14:00:00,7754.0,7800.0,7742.0,7746.0,200724.0,389266.0,373490.0
2024-07-24 21:00:00,7770.0,7786.0,7752.0,7758.0,119286.0,373490.0,375096.0
2024-07-24 22:00:00,7758.0,7794.0,7746.0,7778.0,92499.0,375096.0,367669.0
2024-07-25 09:00:00,7740.0,7756.0,7690.0,7738.0,177120.0,367669.0,355683.0
2024-07-25 10:00:00,7738.0,7742.0,7678.0,7702.0,112459.0,355683.0,349128.0
2024-07-25 11:00:00,7702.0,7742.0,7696.0,7736.0,60481.0,349128.0,351007.0
2024-07-25 13:00:00,7740.0,7754.0,7724.0,7748.0,44614.0,351007.0,352165.0
2024-07-25 14:00:00,7748.0,7782.0,7722.0,7744.0,111931.0,352165.0,346877.0
2024-07-25 21:00:00,7756.0,7786.0,7732.0,7750.0,136569.0,346877.0,349740.0
2024-07-25 22:00:00,7750.0,7818.0,7742.0,7808.0,123383.0,349740.0,342773.0
2024-07-26 09:00:00,7818.0,7878.0,7794.0,7864.0,150536.0,342773.0,341294.0
2024-07-26 10:00:00,7864.0,7890.0,7842.0,7888.0,83457.0,341294.0,340732.0
2024-07-26 11:00:00,7888.0,7908.0,7878.0,7880.0,70300.0,340732.0,345280.0
2024-07-26 13:00:00,7876.0,7892.0,7864.0,7886.0,36552.0,345280.0,347290.0
2024-07-26 14:00:00,7886.0,7896.0,7860.0,7880.0,75712.0,347290.0,346274.0
2024-07-26 21:00:00,7842.0,7872.0,7836.0,7844.0,113012.0,346274.0,346484.0
2024-07-26 22:00:00,7844.0,7848.0,7798.0,7804.0,99431.0,346484.0,338692.0
2024-07-29 09:00:00,7738.0,7744.0,7630.0,7698.0,320224.0,338692.0,334529.0
2024-07-29 10:00:00,7698.0,7790.0,7680.0,7780.0,147663.0,334529.0,330060.0
2024-07-29 11:00:00,7780.0,7826.0,7766.0,7826.0,78519.0,330060.0,331824.0
2024-07-29 13:00:00,7826.0,7890.0,7826.0,7858.0,97020.0,331824.0,342136.0
2024-07-29 14:00:00,7858.0,7922.0,7854.0,7882.0,163270.0,342136.0,352866.0
2024-07-29 21:00:00,7830.0,7852.0,7744.0,7804.0,306243.0,352866.0,334568.0
2024-07-29 22:00:00,7804.0,7806.0,7768.0,7784.0,102972.0,334568.0,328470.0
2024-07-30 09:00:00,7850.0,7876.0,7832.0,7838.0,144866.0,328470.0,332978.0
2024-07-30 10:00:00,7838.0,7906.0,7808.0,7898.0,150877.0,332978.0,346153.0
2024-07-30 11:00:00,7898.0,7948.0,7882.0,7892.0,117112.0,346153.0,354205.0
2024-07-30 13:00:00,7886.0,7896.0,7838.0,7860.0,94888.0,354205.0,349278.0
2024-07-30 14:00:00,7860.0,7884.0,7822.0,7852.0,118391.0,349278.0,342457.0
2024-07-30 21:00:00,7820.0,7858.0,7784.0,7802.0,187656.0,342457.0,340030.0
2024-07-30 22:00:00,7802.0,7876.0,7768.0,7870.0,182236.0,340030.0,340370.0
2024-07-31 09:00:00,7894.0,7908.0,7810.0,7844.0,194265.0,340370.0,337397.0
2024-07-31 10:00:00,7844.0,7878.0,7816.0,7868.0,96819.0,337397.0,336725.0
2024-07-31 11:00:00,7868.0,7874.0,7802.0,7824.0,78430.0,336725.0,329670.0
2024-07-31 13:00:00,7830.0,7850.0,7810.0,7814.0,53863.0,329670.0,328697.0
2024-07-31 14:00:00,7814.0,7818.0,7760.0,7782.0,159460.0,328697.0,318910.0
2024-07-31 21:00:00,7826.0,7876.0,7814.0,7850.0,187178.0,318910.0,319543.0
2024-07-31 22:00:00,7850.0,7850.0,7808.0,7828.0,93890.0,319543.0,314020.0
2024-08-01 09:00:00,7864.0,7872.0,7798.0,7804.0,136189.0,314020.0,318411.0
2024-08-01 10:00:00,7804.0,7806.0,7736.0,7756.0,188464.0,318411.0,323372.0
2024-08-01 11:00:00,7756.0,7802.0,7734.0,7776.0,78070.0,323372.0,318160.0
2024-08-01 13:00:00,7784.0,7812.0,7768.0,7808.0,50072.0,318160.0,317339.0
2024-08-01 14:00:00,7808.0,7812.0,7746.0,7764.0,105505.0,317339.0,308634.0
2024-08-01 21:00:00,7766.0,7882.0,7740.0,7870.0,303270.0,308634.0,327057.0
2024-08-01 22:00:00,7870.0,7878.0,7828.0,7852.0,125865.0,327057.0,321823.0
2024-08-02 09:00:00,7844.0,7888.0,7806.0,7870.0,170242.0,321823.0,331068.0
2024-08-02 10:00:00,7870.0,7900.0,7838.0,7870.0,145860.0,331068.0,334734.0
2024-08-02 11:00:00,7870.0,7894.0,7862.0,7878.0,50708.0,334734.0,336522.0
2024-08-02 13:00:00,7888.0,7956.0,7888.0,7956.0,125459.0,336522.0,362061.0
2024-08-02 14:00:00,7956.0,7998.0,7942.0,7968.0,189189.0,362061.0,377976.0
2024-08-02 21:00:00,7938.0,7948.0,7888.0,7904.0,195051.0,377976.0,354318.0
2024-08-02 22:00:00,7904.0,7910.0,7808.0,7856.0,231031.0,354318.0,323809.0
2024-08-05 09:00:00,7812.0,7854.0,7784.0,7794.0,193576.0,323809.0,319402.0
2024-08-05 10:00:00,7794.0,7866.0,7770.0,7866.0,145210.0,319402.0,315517.0
2024-08-05 11:00:00,7866.0,7924.0,7866.0,7924.0,130907.0,315517.0,320183.0
2024-08-05 13:00:00,7900.0,7900.0,7858.0,7860.0,87193.0,320183.0,311933.0
2024-08-05 14:00:00,7860.0,7880.0,7850.0,7856.0,91334.0,311933.0,302483.0
2024-08-05 21:00:00,7756.0,7790.0,7684.0,7688.0,348623.0,302483.0,309433.0
2024-08-05 22:00:00,7688.0,7776.0,7684.0,7764.0,149614.0,309433.0,295334.0
2024-08-06 09:00:00,7788.0,7844.0,7748.0,7754.0,184855.0,295334.0,284001.0
2024-08-06 10:00:00,7754.0,7758.0,7616.0,7620.0,266206.0,284001.0,314708.0
2024-08-06 11:00:00,7620.0,7630.0,7592.0,7598.0,144287.0,314708.0,325076.0
2024-08-06 13:00:00,7620.0,7628.0,7600.0,7606.0,77266.0,325076.0,327003.0
2024-08-06 14:00:00,7606.0,7648.0,7586.0,7600.0,177312.0,327003.0,316532.0
2024-08-06 21:00:00,7550.0,7592.0,7534.0,7574.0,170494.0,316532.0,315520.0
2024-08-06 22:00:00,7574.0,7608.0,7556.0,7580.0,113609.0,315520.0,310102.0
2024-08-07 09:00:00,7606.0,7636.0,7574.0,7632.0,136679.0,310102.0,307728.0
2024-08-07 10:00:00,7632.0,7638.0,7562.0,7574.0,125331.0,307728.0,305107.0
2024-08-07 11:00:00,7574.0,7578.0,7556.0,7576.0,41155.0,305107.0,304390.0
2024-08-07 13:00:00,7590.0,7602.0,7586.0,7592.0,38512.0,304390.0,299832.0
2024-08-07 14:00:00,7592.0,7604.0,7562.0,7564.0,93572.0,299832.0,288511.0
2024-08-07 21:00:00,7622.0,7640.0,7594.0,7606.0,145986.0,288511.0,279036.0
2024-08-07 22:00:00,7606.0,7616.0,7584.0,7610.0,71864.0,279036.0,271470.0
2024-08-08 09:00:00,7610.0,7638.0,7592.0,7616.0,143930.0,271470.0,256542.0
2024-08-08 10:00:00,7616.0,7676.0,7612.0,7652.0,126090.0,256542.0,250670.0
2024-08-08 11:00:00,7652.0,7654.0,7630.0,7640.0,40860.0,250670.0,245675.0
2024-08-08 13:00:00,7632.0,7632.0,7590.0,7602.0,55991.0,245675.0,242092.0
2024-08-08 14:00:00,7602.0,7618.0,7592.0,7596.0,60135.0,242092.0,231578.0
2024-08-08 21:00:00,7604.0,7650.0,7600.0,7642.0,99185.0,231578.0,228581.0
2024-08-08 22:00:00,7642.0,7662.0,7620.0,7642.0,62941.0,228581.0,223198.0
2024-08-09 09:00:00,7654.0,7744.0,7654.0,7732.0,211504.0,223198.0,214830.0
2024-08-09 10:00:00,7732.0,7742.0,7698.0,7710.0,69479.0,214830.0,204738.0
2024-08-09 11:00:00,7710.0,7742.0,7704.0,7728.0,34745.0,204738.0,201634.0
2024-08-09 13:00:00,7728.0,7736.0,7718.0,7724.0,23249.0,201634.0,199484.0
2024-08-09 14:00:00,7724.0,7728.0,7696.0,7728.0,51518.0,199484.0,189745.0
2024-08-09 21:00:00,7748.0,7780.0,7702.0,7714.0,80695.0,189745.0,187221.0
2024-08-09 22:00:00,7714.0,7736.0,7704.0,7728.0,44982.0,187221.0,180885.0
2024-08-12 09:00:00,7716.0,7724.0,7676.0,7684.0,84660.0,180885.0,176279.0
2024-08-12 10:00:00,7684.0,7704.0,7656.0,7684.0,51561.0,176279.0,170623.0
2024-08-12 11:00:00,7684.0,7696.0,7664.0,7680.0,20471.0,170623.0,168791.0
2024-08-12 13:00:00,7720.0,7746.0,7716.0,7728.0,48413.0,168791.0,169117.0
2024-08-12 14:00:00,7728.0,7730.0,7684.0,7690.0,52319.0,169117.0,163735.0
2024-08-12 21:00:00,7676.0,7694.0,7646.0,7670.0,84777.0,163735.0,157705.0
2024-08-12 22:00:00,7670.0,7686.0,7652.0,7686.0,35178.0,157705.0,153064.0
2024-08-13 09:00:00,7676.0,7708.0,7626.0,7652.0,77776.0,153064.0,150076.0
2024-08-13 10:00:00,7652.0,7652.0,7622.0,7632.0,31299.0,150076.0,147528.0
2024-08-13 11:00:00,7632.0,7638.0,7560.0,7580.0,40017.0,147528.0,144255.0
2024-08-13 13:00:00,7578.0,7588.0,7546.0,7554.0,29301.0,144255.0,142034.0
2024-08-13 14:00:00,7554.0,7582.0,7540.0,7578.0,57114.0,142034.0,139657.0
2024-08-13 21:00:00,7442.0,7458.0,7396.0,7448.0,143336.0,139657.0,427118.0
2024-08-13 22:00:00,7448.0,7452.0,7392.0,7394.0,89007.0,427118.0,426629.0
2024-08-14 09:00:00,7374.0,7412.0,7346.0,7376.0,163334.0,426629.0,436860.0
2024-08-14 10:00:00,7376.0,7396.0,7324.0,7346.0,86784.0,436860.0,442011.0
2024-08-14 11:00:00,7346.0,7376.0,7330.0,7370.0,44904.0,442011.0,441125.0
2024-08-14 13:00:00,7388.0,7444.0,7388.0,7436.0,98365.0,441125.0,439665.0
2024-08-14 14:00:00,7436.0,7440.0,7406.0,7420.0,74637.0,439665.0,437743.0
2024-08-14 21:00:00,7454.0,7484.0,7432.0,7470.0,164566.0,437743.0,437461.0
2024-08-14 22:00:00,7470.0,7476.0,7432.0,7456.0,80489.0,437461.0,432659.0
2024-08-15 09:00:00,7446.0,7480.0,7432.0,7472.0,91553.0,432659.0,439490.0
2024-08-15 10:00:00,7472.0,7492.0,7460.0,7478.0,72737.0,439490.0,432731.0
2024-08-15 11:00:00,7478.0,7510.0,7466.0,7470.0,69073.0,432731.0,430669.0
2024-08-15 13:00:00,7474.0,7494.0,7456.0,7492.0,43037.0,430669.0,430199.0
2024-08-15 14:00:00,7492.0,7504.0,7480.0,7496.0,82873.0,430199.0,425194.0
2024-08-15 21:00:00,7474.0,7556.0,7468.0,7548.0,168412.0,425194.0,425324.0
2024-08-15 22:00:00,7548.0,7578.0,7534.0,7576.0,88617.0,425324.0,422248.0
2024-08-16 09:00:00,7536.0,7554.0,7522.0,7540.0,108337.0,422248.0,425755.0
2024-08-16 10:00:00,7540.0,7566.0,7514.0,7554.0,70004.0,425755.0,426306.0
2024-08-16 11:00:00,7554.0,7558.0,7536.0,7540.0,25099.0,426306.0,427696.0
2024-08-16 13:00:00,7528.0,7534.0,7510.0,7532.0,38005.0,427696.0,427003.0
2024-08-16 14:00:00,7532.0,7544.0,7480.0,7484.0,82401.0,427003.0,423961.0
2024-08-16 21:00:00,7452.0,7528.0,7444.0,7514.0,178325.0,423961.0,432352.0
2024-08-16 22:00:00,7514.0,7530.0,7494.0,7510.0,69568.0,432352.0,427935.0
2024-08-19 09:00:00,7568.0,7580.0,7522.0,7550.0,134577.0,427935.0,429088.0
2024-08-19 10:00:00,7550.0,7554.0,7488.0,7506.0,83770.0,429088.0,429484.0
2024-08-19 11:00:00,7506.0,7544.0,7504.0,7542.0,61106.0,429484.0,430512.0
2024-08-19 13:00:00,7522.0,7578.0,7520.0,7572.0,83777.0,430512.0,439926.0
2024-08-19 14:00:00,7572.0,7608.0,7564.0,7578.0,147494.0,439926.0,445453.0
2024-08-19 21:00:00,7564.0,7578.0,7540.0,7542.0,115987.0,445453.0,442499.0
2024-08-19 22:00:00,7542.0,7576.0,7534.0,7568.0,69165.0,442499.0,438494.0
2024-08-20 09:00:00,7584.0,7614.0,7580.0,7604.0,123297.0,438494.0,448764.0
2024-08-20 10:00:00,7604.0,7630.0,7582.0,7630.0,90448.0,448764.0,449747.0
2024-08-20 11:00:00,7630.0,7634.0,7598.0,7604.0,50452.0,449747.0,448875.0
2024-08-20 13:00:00,7600.0,7618.0,7590.0,7616.0,41226.0,448875.0,447186.0
2024-08-20 14:00:00,7616.0,7652.0,7608.0,7638.0,104447.0,447186.0,455594.0
2024-08-20 21:00:00,7626.0,7666.0,7616.0,7662.0,134122.0,455594.0,462483.0
2024-08-20 22:00:00,7662.0,7686.0,7658.0,7668.0,81876.0,462483.0,463266.0
2024-08-21 09:00:00,7688.0,7694.0,7642.0,7644.0,117037.0,463266.0,470983.0
2024-08-21 10:00:00,7644.0,7662.0,7628.0,7634.0,68752.0,470983.0,474900.0
2024-08-21 11:00:00,7634.0,7652.0,7628.0,7650.0,27933.0,474900.0,473752.0
2024-08-21 13:00:00,7652.0,7680.0,7650.0,7652.0,56546.0,473752.0,473685.0
2024-08-21 14:00:00,7652.0,7670.0,7636.0,7648.0,68341.0,473685.0,471337.0
2024-08-21 21:00:00,7676.0,7710.0,7668.0,7682.0,123618.0,471337.0,476382.0
2024-08-21 22:00:00,7682.0,7696.0,7666.0,7682.0,59322.0,476382.0,474395.0
2024-08-22 09:00:00,7670.0,7690.0,7662.0,7670.0,69310.0,474395.0,478281.0
2024-08-22 10:00:00,7670.0,7736.0,7648.0,7734.0,157398.0,478281.0,492241.0
2024-08-22 11:00:00,7734.0,7806.0,7730.0,7806.0,153079.0,492241.0,510085.0
2024-08-22 13:00:00,7806.0,7842.0,7792.0,7808.0,134205.0,510085.0,522474.0
2024-08-22 14:00:00,7808.0,7808.0,7758.0,7772.0,144871.0,522474.0,509003.0
2024-08-22 21:00:00,7800.0,7806.0,7766.0,7792.0,146090.0,509003.0,516494.0
2024-08-22 22:00:00,7792.0,7802.0,7752.0,7756.0,115468.0,516494.0,511512.0
2024-08-23 09:00:00,7748.0,7786.0,7740.0,7776.0,106798.0,511512.0,516487.0
2024-08-23 10:00:00,7776.0,7830.0,7772.0,7812.0,89877.0,516487.0,521652.0
2024-08-23 11:00:00,7812.0,7832.0,7808.0,7824.0,49443.0,521652.0,524773.0
2024-08-23 13:00:00,7826.0,7848.0,7818.0,7822.0,53402.0,524773.0,530151.0
2024-08-23 14:00:00,7822.0,7832.0,7806.0,7812.0,84804.0,530151.0,526160.0
2024-08-23 21:00:00,7860.0,7870.0,7822.0,7830.0,101658.0,526160.0,530762.0
2024-08-23 22:00:00,7830.0,7908.0,7830.0,7904.0,140352.0,530762.0,538043.0
2024-08-26 09:00:00,7908.0,7924.0,7866.0,7888.0,141783.0,538043.0,542414.0
2024-08-26 10:00:00,7888.0,7916.0,7870.0,7912.0,82026.0,542414.0,548961.0
2024-08-26 11:00:00,7912.0,7940.0,7898.0,7934.0,61852.0,548961.0,549644.0
2024-08-26 13:00:00,7948.0,8040.0,7940.0,8028.0,178254.0,549644.0,574075.0
2024-08-26 14:00:00,8028.0,8088.0,8022.0,8078.0,166813.0,574075.0,580888.0
2024-08-26 21:00:00,8058.0,8060.0,8016.0,8042.0,180815.0,580888.0,586261.0
2024-08-26 22:00:00,8042.0,8052.0,8032.0,8038.0,67341.0,586261.0,577146.0
2024-08-27 09:00:00,8036.0,8066.0,8014.0,8032.0,126084.0,577146.0,577135.0
2024-08-27 10:00:00,8032.0,8102.0,8032.0,8062.0,117717.0,577135.0,583547.0
2024-08-27 11:00:00,8062.0,8090.0,8060.0,8070.0,48932.0,583547.0,583696.0
2024-08-27 13:00:00,8072.0,8096.0,8060.0,8090.0,40240.0,583696.0,584763.0
2024-08-27 14:00:00,8090.0,8108.0,8052.0,8062.0,112586.0,584763.0,579455.0
2024-08-27 21:00:00,8048.0,8058.0,8030.0,8038.0,148909.0,579455.0,590869.0
2024-08-27 22:00:00,8038.0,8056.0,8024.0,8040.0,82924.0,590869.0,587386.0
2024-08-28 09:00:00,8018.0,8056.0,8010.0,8028.0,90417.0,587386.0,591617.0
2024-08-28 10:00:00,8028.0,8046.0,8002.0,8040.0,98423.0,591617.0,588856.0
2024-08-28 11:00:00,8040.0,8050.0,8006.0,8008.0,49410.0,588856.0,588647.0
2024-08-28 13:00:00,8018.0,8026.0,7952.0,7996.0,148860.0,588647.0,588240.0
2024-08-28 14:00:00,7996.0,8018.0,7978.0,8014.0,111781.0,588240.0,582980.0
2024-08-28 21:00:00,7978.0,8014.0,7970.0,7992.0,127761.0,582980.0,588758.0
2024-08-28 22:00:00,7992.0,8010.0,7972.0,7982.0,92158.0,588758.0,583162.0
2024-08-29 09:00:00,8002.0,8002.0,7926.0,7946.0,170633.0,583162.0,578853.0
2024-08-29 10:00:00,7946.0,7968.0,7922.0,7964.0,83005.0,578853.0,579943.0
2024-08-29 11:00:00,7964.0,7970.0,7950.0,7962.0,25707.0,579943.0,581014.0
2024-08-29 13:00:00,7976.0,8012.0,7972.0,8000.0,64313.0,581014.0,582258.0
2024-08-29 14:00:00,8000.0,8016.0,7976.0,7988.0,91044.0,582258.0,579214.0
2024-08-29 21:00:00,8010.0,8028.0,7990.0,8018.0,141241.0,579214.0,582205.0
2024-08-29 22:00:00,8018.0,8026.0,8004.0,8018.0,59096.0,582205.0,578247.0
2024-08-30 09:00:00,8044.0,8088.0,8034.0,8054.0,165422.0,578247.0,582497.0
2024-08-30 10:00:00,8054.0,8084.0,8034.0,8064.0,98290.0,582497.0,585022.0
2024-08-30 11:00:00,8064.0,8090.0,8056.0,8078.0,45770.0,585022.0,589212.0
2024-08-30 13:00:00,8072.0,8096.0,8068.0,8084.0,43760.0,589212.0,594382.0
2024-08-30 14:00:00,8084.0,8088.0,8046.0,8056.0,96300.0,594382.0,582584.0
2024-08-30 21:00:00,8078.0,8086.0,7978.0,7980.0,204134.0,582584.0,579114.0
2024-08-30 22:00:00,7980.0,8000.0,7952.0,7958.0,130904.0,579114.0,569700.0
2024-09-02 09:00:00,7948.0,7962.0,7886.0,7898.0,167004.0,569700.0,568015.0
2024-09-02 10:00:00,7898.0,7932.0,7866.0,7898.0,124507.0,568015.0,563326.0
2024-09-02 11:00:00,7898.0,7922.0,7886.0,7920.0,38930.0,563326.0,559649.0
2024-09-02 13:00:00,7932.0,7952.0,7930.0,7940.0,55902.0,559649.0,559724.0
2024-09-02 14:00:00,7940.0,7948.0,7896.0,7906.0,91399.0,559724.0,554998.0
2024-09-02 21:00:00,7924.0,7948.0,7898.0,7940.0,125930.0,554998.0,564923.0
2024-09-02 22:00:00,7940.0,7946.0,7916.0,7944.0,51857.0,564923.0,562739.0
2024-09-03 09:00:00,7940.0,7946.0,7876.0,7936.0,140203.0,562739.0,559798.0
2024-09-03 10:00:00,7936.0,7976.0,7918.0,7922.0,102666.0,559798.0,562392.0
2024-09-03 11:00:00,7922.0,8008.0,7890.0,7992.0,140710.0,562392.0,555722.0
2024-09-03 13:00:00,7990.0,8128.0,7982.0,7982.0,346416.0,555722.0,554943.0
2024-09-03 14:00:00,7982.0,8026.0,7970.0,7998.0,216331.0,554943.0,541882.0
2024-09-03 21:00:00,7976.0,7992.0,7916.0,7928.0,211363.0,541882.0,547093.0
2024-09-03 22:00:00,7928.0,7950.0,7882.0,7936.0,166151.0,547093.0,535148.0
2024-09-04 09:00:00,7928.0,7960.0,7910.0,7948.0,95513.0,535148.0,540007.0
2024-09-04 10:00:00,7948.0,7960.0,7848.0,7888.0,154222.0,540007.0,537282.0
2024-09-04 11:00:00,7888.0,7916.0,7856.0,7860.0,68087.0,537282.0,532170.0
2024-09-04 13:00:00,7858.0,7884.0,7846.0,7856.0,73121.0,532170.0,530800.0
2024-09-04 14:00:00,7856.0,7894.0,7824.0,7874.0,163085.0,530800.0,522266.0
2024-09-04 21:00:00,7886.0,7894.0,7832.0,7848.0,181435.0,522266.0,519993.0
2024-09-04 22:00:00,7848.0,7872.0,7830.0,7848.0,110154.0,519993.0,512277.0
2024-09-05 09:00:00,7824.0,7838.0,7798.0,7810.0,139128.0,512277.0,508478.0
2024-09-05 10:00:00,7810.0,7882.0,7806.0,7870.0,90276.0,508478.0,509577.0
2024-09-05 11:00:00,7870.0,7870.0,7842.0,7846.0,34068.0,509577.0,509316.0
2024-09-05 13:00:00,7842.0,7858.0,7828.0,7848.0,43097.0,509316.0,509705.0
2024-09-05 14:00:00,7848.0,7864.0,7832.0,7862.0,72511.0,509705.0,506335.0
2024-09-05 21:00:00,7898.0,7980.0,7896.0,7968.0,227026.0,506335.0,517667.0
2024-09-05 22:00:00,7968.0,8000.0,7968.0,7986.0,109762.0,517667.0,518907.0
2024-09-06 09:00:00,7974.0,7974.0,7906.0,7918.0,148415.0,518907.0,508357.0
2024-09-06 10:00:00,7918.0,7928.0,7870.0,7886.0,97441.0,508357.0,504851.0
2024-09-06 11:00:00,7886.0,7886.0,7860.0,7862.0,43507.0,504851.0,501044.0
2024-09-06 13:00:00,7858.0,7878.0,7852.0,7876.0,43239.0,501044.0,498548.0
2024-09-06 14:00:00,7876.0,7890.0,7862.0,7886.0,82712.0,498548.0,488602.0
2024-09-06 21:00:00,7894.0,7902.0,7850.0,7856.0,114873.0,488602.0,493656.0
2024-09-06 22:00:00,7856.0,7858.0,7822.0,7834.0,102722.0,493656.0,490522.0
2024-09-09 09:00:00,7822.0,7888.0,7808.0,7850.0,186504.0,490522.0,487520.0
2024-09-09 10:00:00,7850.0,7870.0,7754.0,7754.0,138254.0,487520.0,485749.0
2024-09-09 11:00:00,7754.0,7782.0,7742.0,7762.0,71846.0,485749.0,484427.0
2024-09-09 13:00:00,7768.0,7828.0,7762.0,7822.0,60215.0,484427.0,482536.0
2024-09-09 14:00:00,7822.0,7900.0,7820.0,7898.0,168815.0,482536.0,476982.0
2024-09-09 21:00:00,7888.0,7898.0,7834.0,7846.0,124508.0,476982.0,481003.0
2024-09-09 22:00:00,7846.0,7872.0,7836.0,7864.0,71189.0,481003.0,478553.0
2024-09-10 09:00:00,7880.0,7926.0,7878.0,7882.0,157241.0,478553.0,489521.0
2024-09-10 10:00:00,7882.0,7912.0,7856.0,7866.0,89134.0,489521.0,485945.0
2024-09-10 11:00:00,7866.0,7878.0,7852.0,7856.0,33528.0,485945.0,485996.0
2024-09-10 13:00:00,7850.0,7868.0,7836.0,7848.0,49264.0,485996.0,485492.0
2024-09-10 14:00:00,7848.0,7866.0,7814.0,7840.0,103790.0,485492.0,478907.0
2024-09-10 21:00:00,7854.0,7860.0,7782.0,7788.0,130754.0,478907.0,487181.0
2024-09-10 22:00:00,7788.0,7820.0,7772.0,7788.0,117209.0,487181.0,477881.0
2024-09-11 09:00:00,7780.0,7828.0,7758.0,7810.0,117409.0,477881.0,478469.0
2024-09-11 10:00:00,7810.0,7860.0,7782.0,7840.0,117460.0,478469.0,480890.0
2024-09-11 11:00:00,7840.0,7858.0,7828.0,7858.0,34734.0,480890.0,481898.0
2024-09-11 13:00:00,7852.0,7872.0,7844.0,7860.0,41277.0,481898.0,481616.0
2024-09-11 14:00:00,7860.0,7884.0,7838.0,7880.0,87579.0,481616.0,482817.0
2024-09-11 21:00:00,7856.0,7888.0,7834.0,7842.0,127668.0,482817.0,481434.0
2024-09-11 22:00:00,7842.0,7854.0,7802.0,7816.0,105625.0,481434.0,474992.0
2024-09-12 09:00:00,7826.0,7882.0,7826.0,7870.0,117984.0,474992.0,479307.0
2024-09-12 10:00:00,7870.0,7880.0,7720.0,7802.0,243904.0,479307.0,474603.0
2024-09-12 11:00:00,7802.0,7816.0,7784.0,7810.0,66106.0,474603.0,469730.0
2024-09-12 13:00:00,7810.0,7830.0,7788.0,7808.0,52413.0,469730.0,469033.0
2024-09-12 14:00:00,7808.0,7848.0,7794.0,7828.0,88042.0,469033.0,464865.0
2024-09-12 21:00:00,7826.0,7832.0,7786.0,7794.0,135174.0,464865.0,467035.0
2024-09-12 22:00:00,7794.0,7872.0,7792.0,7868.0,113335.0,467035.0,467840.0
2024-09-13 09:00:00,7888.0,7972.0,7888.0,7938.0,240560.0,467840.0,479490.0
2024-09-13 10:00:00,7938.0,7952.0,7850.0,7852.0,119346.0,479490.0,469010.0
2024-09-13 11:00:00,7852.0,7856.0,7762.0,7786.0,149188.0,469010.0,471594.0
2024-09-13 13:00:00,7786.0,7796.0,7776.0,7782.0,44065.0,471594.0,470345.0
2024-09-13 14:00:00,7782.0,7804.0,7754.0,7766.0,103726.0,470345.0,453039.0
2024-09-18 09:00:00,7790.0,7922.0,7774.0,7904.0,287335.0,453039.0,450462.0
2024-09-18 10:00:00,7904.0,7914.0,7864.0,7876.0,102127.0,450462.0,454524.0
2024-09-18 11:00:00,7876.0,7920.0,7872.0,7916.0,46770.0,454524.0,459414.0
2024-09-18 13:00:00,7908.0,7952.0,7896.0,7946.0,67722.0,459414.0,473750.0
2024-09-18 14:00:00,7946.0,7964.0,7938.0,7952.0,84559.0,473750.0,478416.0
2024-09-18 21:00:00,7970.0,8026.0,7952.0,8020.0,166003.0,478416.0,494550.0
2024-09-18 22:00:00,8020.0,8048.0,8006.0,8040.0,90084.0,494550.0,495037.0
2024-09-19 09:00:00,8016.0,8042.0,7960.0,8038.0,176099.0,495037.0,506999.0
2024-09-19 10:00:00,8038.0,8084.0,8026.0,8054.0,135963.0,506999.0,515677.0
2024-09-19 11:00:00,8054.0,8088.0,8048.0,8078.0,60693.0,515677.0,522049.0
2024-09-19 13:00:00,8084.0,8152.0,8084.0,8136.0,133640.0,522049.0,541490.0
2024-09-19 14:00:00,8136.0,8180.0,8136.0,8166.0,166478.0,541490.0,541912.0
2024-09-19 21:00:00,8126.0,8148.0,8114.0,8130.0,169904.0,541912.0,546087.0
2024-09-19 22:00:00,8130.0,8142.0,8106.0,8122.0,80170.0,546087.0,540554.0
2024-09-20 09:00:00,8132.0,8180.0,8126.0,8166.0,116514.0,540554.0,553508.0
2024-09-20 10:00:00,8166.0,8196.0,8156.0,8184.0,104177.0,553508.0,558182.0
2024-09-20 11:00:00,8184.0,8194.0,8164.0,8166.0,36642.0,558182.0,558126.0
2024-09-20 13:00:00,8154.0,8168.0,8146.0,8156.0,50353.0,558126.0,556370.0
2024-09-20 14:00:00,8156.0,8200.0,8152.0,8180.0,96832.0,556370.0,551792.0
2024-09-20 21:00:00,8172.0,8190.0,8156.0,8172.0,107253.0,551792.0,556395.0
2024-09-20 22:00:00,8172.0,8174.0,8136.0,8156.0,105644.0,556395.0,548370.0
2024-09-23 09:00:00,8192.0,8234.0,8160.0,8198.0,190197.0,548370.0,556921.0
2024-09-23 10:00:00,8198.0,8260.0,8174.0,8234.0,114793.0,556921.0,557817.0
2024-09-23 11:00:00,8234.0,8286.0,8230.0,8282.0,70498.0,557817.0,562717.0
2024-09-23 13:00:00,8286.0,8296.0,8270.0,8274.0,51778.0,562717.0,563841.0
2024-09-23 14:00:00,8274.0,8286.0,8226.0,8228.0,105491.0,563841.0,551138.0
2024-09-23 21:00:00,8228.0,8306.0,8216.0,8298.0,157177.0,551138.0,558331.0
2024-09-23 22:00:00,8298.0,8310.0,8274.0,8288.0,100676.0,558331.0,554605.0
2024-09-24 09:00:00,8264.0,8312.0,8258.0,8302.0,124171.0,554605.0,555442.0
2024-09-24 10:00:00,8302.0,8302.0,8242.0,8288.0,99947.0,555442.0,551621.0
2024-09-24 11:00:00,8288.0,8290.0,8246.0,8260.0,46576.0,551621.0,546617.0
2024-09-24 13:00:00,8270.0,8288.0,8248.0,8250.0,47370.0,546617.0,546976.0
2024-09-24 14:00:00,8250.0,8272.0,8242.0,8258.0,69075.0,546976.0,539925.0
2024-09-24 21:00:00,8304.0,8418.0,8288.0,8376.0,277603.0,539925.0,553528.0
2024-09-24 22:00:00,8376.0,8390.0,8346.0,8384.0,111061.0,553528.0,546325.0
2024-09-25 09:00:00,8410.0,8482.0,8338.0,8360.0,207374.0,546325.0,539836.0
2024-09-25 10:00:00,8360.0,8402.0,8344.0,8384.0,63806.0,539836.0,542343.0
2024-09-25 11:00:00,8384.0,8398.0,8360.0,8372.0,33926.0,542343.0,541700.0
2024-09-25 13:00:00,8360.0,8380.0,8352.0,8370.0,47232.0,541700.0,541859.0
2024-09-25 14:00:00,8370.0,8406.0,8366.0,8386.0,79305.0,541859.0,545144.0
2024-09-25 21:00:00,8386.0,8494.0,8380.0,8494.0,219528.0,545144.0,566622.0
2024-09-25 22:00:00,8494.0,8530.0,8482.0,8522.0,135307.0,566622.0,566443.0
2024-09-26 09:00:00,8534.0,8584.0,8490.0,8558.0,161125.0,566443.0,579096.0
2024-09-26 10:00:00,8558.0,8580.0,8518.0,8530.0,90844.0,579096.0,573414.0
2024-09-26 11:00:00,8530.0,8546.0,8494.0,8534.0,67191.0,573414.0,567004.0
2024-09-26 13:00:00,8546.0,8566.0,8522.0,8524.0,64921.0,567004.0,564099.0
2024-09-26 14:00:00,8524.0,8536.0,8462.0,8530.0,162908.0,564099.0,556262.0
2024-09-26 21:00:00,8636.0,8672.0,8540.0,8576.0,270018.0,556262.0,559027.0
2024-09-26 22:00:00,8576.0,8670.0,8572.0,8652.0,131949.0,559027.0,560211.0
2024-09-27 09:00:00,8560.0,8568.0,8496.0,8548.0,177507.0,560211.0,551531.0
2024-09-27 10:00:00,8548.0,8622.0,8534.0,8616.0,83525.0,551531.0,556239.0
2024-09-27 11:00:00,8616.0,8636.0,8588.0,8620.0,54970.0,556239.0,552276.0
2024-09-27 13:00:00,8616.0,8616.0,8556.0,8568.0,56781.0,552276.0,546544.0
2024-09-27 14:00:00,8568.0,8626.0,8566.0,8616.0,71576.0,546544.0,541373.0
2024-09-27 21:00:00,8516.0,8576.0,8502.0,8550.0,157106.0,541373.0,535336.0
2024-09-27 22:00:00,8550.0,8594.0,8546.0,8570.0,62998.0,535336.0,528014.0
2024-09-30 09:00:00,8592.0,8660.0,8476.0,8480.0,189020.0,528014.0,512209.0
2024-09-30 10:00:00,8480.0,8524.0,8430.0,8466.0,104155.0,512209.0,503177.0
2024-09-30 11:00:00,8466.0,8520.0,8446.0,8494.0,39158.0,503177.0,499469.0
2024-09-30 13:00:00,8492.0,8580.0,8486.0,8578.0,52902.0,499469.0,500885.0
2024-09-30 14:00:00,8578.0,8602.0,8516.0,8568.0,99589.0,500885.0,489280.0
2024-10-08 09:00:00,8974.0,9028.0,8896.0,8918.0,284322.0,489280.0,497108.0
2024-10-08 10:00:00,8918.0,8930.0,8764.0,8788.0,154363.0,497108.0,495119.0
2024-10-08 11:00:00,8788.0,8852.0,8782.0,8792.0,50994.0,495119.0,494348.0
2024-10-08 13:00:00,8776.0,8776.0,8722.0,8750.0,62961.0,494348.0,490693.0
2024-10-08 14:00:00,8750.0,8782.0,8724.0,8746.0,66133.0,490693.0,488022.0
2024-10-08 21:00:00,8766.0,8770.0,8686.0,8706.0,145919.0,488022.0,494306.0
2024-10-08 22:00:00,8706.0,8722.0,8628.0,8636.0,103258.0,494306.0,495846.0
2024-10-09 09:00:00,8658.0,8740.0,8652.0,8688.0,136010.0,495846.0,497114.0
2024-10-09 10:00:00,8688.0,8740.0,8652.0,8732.0,83018.0,497114.0,498471.0
2024-10-09 11:00:00,8732.0,8748.0,8706.0,8748.0,45226.0,498471.0,502274.0
2024-10-09 13:00:00,8758.0,8784.0,8750.0,8760.0,52891.0,502274.0,507024.0
2024-10-09 14:00:00,8760.0,8772.0,8672.0,8690.0,86640.0,507024.0,496507.0
2024-10-09 21:00:00,8662.0,8664.0,8566.0,8624.0,184138.0,496507.0,492311.0
2024-10-09 22:00:00,8624.0,8676.0,8612.0,8672.0,88051.0,492311.0,495763.0
2024-10-10 09:00:00,8704.0,8794.0,8692.0,8764.0,172827.0,495763.0,503393.0
2024-10-10 10:00:00,8764.0,8818.0,8746.0,8750.0,106020.0,503393.0,505340.0
2024-10-10 11:00:00,8750.0,8792.0,8740.0,8750.0,45610.0,505340.0,502904.0
2024-10-10 13:00:00,8756.0,8772.0,8728.0,8760.0,48678.0,502904.0,504226.0
2024-10-10 14:00:00,8760.0,8780.0,8684.0,8690.0,99403.0,504226.0,492221.0
2024-10-10 21:00:00,8708.0,8788.0,8704.0,8780.0,129115.0,492221.0,504465.0
2024-10-10 22:00:00,8780.0,8844.0,8752.0,8818.0,130747.0,504465.0,517466.0
2024-10-11 09:00:00,8846.0,8884.0,8812.0,8848.0,139282.0,517466.0,522328.0
2024-10-11 10:00:00,8848.0,8900.0,8812.0,8898.0,85915.0,522328.0,525112.0
2024-10-11 11:00:00,8898.0,8900.0,8850.0,8874.0,40579.0,525112.0,524371.0
2024-10-11 13:00:00,8884.0,8910.0,8874.0,8880.0,46419.0,524371.0,529337.0
2024-10-11 14:00:00,8880.0,8886.0,8790.0,8846.0,143392.0,529337.0,508694.0
2024-10-11 21:00:00,8886.0,9000.0,8874.0,8970.0,172087.0,508694.0,536739.0
2024-10-11 22:00:00,8970.0,8998.0,8946.0,8984.0,98624.0,536739.0,525995.0
2024-10-14 09:00:00,8926.0,8926.0,8808.0,8844.0,219826.0,525995.0,510464.0
2024-10-14 10:00:00,8844.0,9046.0,8808.0,8982.0,215417.0,510464.0,534933.0
2024-10-14 11:00:00,8982.0,9032.0,8972.0,9006.0,69260.0,534933.0,541105.0
2024-10-14 13:00:00,9000.0,9000.0,8858.0,8862.0,133526.0,541105.0,522617.0
2024-10-14 14:00:00,8862.0,8902.0,8840.0,8852.0,111891.0,522617.0,512526.0
2024-10-14 21:00:00,8836.0,8876.0,8786.0,8854.0,155778.0,512526.0,513112.0
2024-10-14 22:00:00,8854.0,8864.0,8802.0,8810.0,84295.0,513112.0,504729.0
2024-10-15 09:00:00,8756.0,8790.0,8714.0,8780.0,182231.0,504729.0,500785.0
2024-10-15 10:00:00,8780.0,8840.0,8770.0,8794.0,89071.0,500785.0,502158.0
2024-10-15 11:00:00,8794.0,8814.0,8760.0,8812.0,53810.0,502158.0,499361.0
2024-10-15 13:00:00,8786.0,8792.0,8742.0,8766.0,53877.0,499361.0,497920.0
2024-10-15 14:00:00,8766.0,8774.0,8724.0,8724.0,99229.0,497920.0,491462.0
2024-10-15 21:00:00,8742.0,8832.0,8738.0,8824.0,155331.0,491462.0,504549.0
2024-10-15 22:00:00,8824.0,8912.0,8818.0,8884.0,169252.0,504549.0,505986.0
2024-10-16 09:00:00,8902.0,8906.0,8854.0,8890.0,111181.0,505986.0,508725.0
2024-10-16 10:00:00,8890.0,8950.0,8880.0,8948.0,116078.0,508725.0,517452.0
2024-10-16 11:00:00,8948.0,8968.0,8934.0,8960.0,59399.0,517452.0,523201.0
2024-10-16 13:00:00,8938.0,8954.0,8926.0,8940.0,48002.0,523201.0,524167.0
2024-10-16 14:00:00,8940.0,8948.0,8882.0,8902.0,93046.0,524167.0,511725.0
2024-10-16 21:00:00,8924.0,8978.0,8920.0,8938.0,139635.0,511725.0,520660.0
2024-10-16 22:00:00,8938.0,8966.0,8890.0,8892.0,89097.0,520660.0,511872.0
2024-10-17 09:00:00,8878.0,8990.0,8872.0,8982.0,143855.0,511872.0,524057.0
2024-10-17 10:00:00,8982.0,8988.0,8912.0,8936.0,126673.0,524057.0,518537.0
2024-10-17 11:00:00,8936.0,8936.0,8838.0,8876.0,108881.0,518537.0,508096.0
2024-10-17 13:00:00,8886.0,8920.0,8886.0,8894.0,48854.0,508096.0,510275.0
2024-10-17 14:00:00,8894.0,8920.0,8842.0,8864.0,125586.0,510275.0,503156.0
2024-10-17 21:00:00,8898.0,8962.0,8858.0,8872.0,209606.0,503156.0,515175.0
2024-10-17 22:00:00,8872.0,8936.0,8824.0,8906.0,182386.0,515175.0,508625.0
2024-10-18 09:00:00,8974.0,9064.0,8974.0,9034.0,255760.0,508625.0,540240.0
2024-10-18 10:00:00,9034.0,9092.0,9014.0,9052.0,125659.0,540240.0,548758.0
2024-10-18 11:00:00,9052.0,9056.0,8848.0,8878.0,235490.0,548758.0,519949.0
2024-10-18 13:00:00,8898.0,8904.0,8832.0,8872.0,115248.0,519949.0,515036.0
2024-10-18 14:00:00,8872.0,8888.0,8826.0,8836.0,130581.0,515036.0,507704.0
2024-10-18 21:00:00,8802.0,8842.0,8772.0,8796.0,190735.0,507704.0,508813.0
2024-10-18 22:00:00,8796.0,8836.0,8782.0,8818.0,105690.0,508813.0,503627.0
2024-10-21 09:00:00,8808.0,8836.0,8736.0,8756.0,225223.0,503627.0,499220.0
2024-10-21 10:00:00,8756.0,8882.0,8750.0,8852.0,171477.0,499220.0,496566.0
2024-10-21 11:00:00,8852.0,8880.0,8832.0,8872.0,39001.0,496566.0,496526.0
2024-10-21 13:00:00,8874.0,8886.0,8846.0,8860.0,46080.0,496526.0,498839.0
2024-10-21 14:00:00,8860.0,8876.0,8830.0,8860.0,77179.0,498839.0,494386.0
2024-10-21 21:00:00,8890.0,8924.0,8862.0,8916.0,159434.0,494386.0,499740.0
2024-10-21 22:00:00,8916.0,8918.0,8878.0,8894.0,73165.0,499740.0,494834.0
2024-10-22 09:00:00,8894.0,8942.0,8862.0,8902.0,128105.0,494834.0,501027.0
2024-10-22 10:00:00,8902.0,8960.0,8902.0,8938.0,88903.0,501027.0,507002.0
2024-10-22 11:00:00,8938.0,8974.0,8934.0,8950.0,65054.0,507002.0,511306.0
2024-10-22 13:00:00,8952.0,8954.0,8922.0,8930.0,42198.0,511306.0,511766.0
2024-10-22 14:00:00,8930.0,8996.0,8918.0,8996.0,102645.0,511766.0,515363.0
2024-10-22 21:00:00,9032.0,9152.0,9014.0,9138.0,317034.0,515363.0,563239.0
2024-10-22 22:00:00,9138.0,9172.0,9128.0,9162.0,146880.0,563239.0,567985.0
2024-10-23 09:00:00,9170.0,9188.0,9138.0,9142.0,136172.0,567985.0,564623.0
2024-10-23 10:00:00,9142.0,9176.0,9122.0,9162.0,104220.0,564623.0,565972.0
2024-10-23 11:00:00,9162.0,9198.0,9160.0,9174.0,52274.0,565972.0,573438.0
2024-10-23 13:00:00,9190.0,9194.0,9162.0,9174.0,39349.0,573438.0,573767.0
2024-10-23 14:00:00,9174.0,9232.0,9152.0,9230.0,119615.0,573767.0,577374.0
2024-10-23 21:00:00,9208.0,9244.0,9186.0,9194.0,161240.0,577374.0,584768.0
2024-10-23 22:00:00,9194.0,9206.0,9112.0,9144.0,132652.0,584768.0,566626.0
2024-10-24 09:00:00,9174.0,9184.0,9144.0,9168.0,109247.0,566626.0,565045.0
2024-10-24 10:00:00,9168.0,9242.0,9150.0,9230.0,113881.0,565045.0,576221.0
2024-10-24 11:00:00,9230.0,9252.0,9224.0,9228.0,54831.0,576221.0,580348.0
2024-10-24 13:00:00,9212.0,9228.0,9200.0,9208.0,46518.0,580348.0,578253.0
2024-10-24 14:00:00,9208.0,9282.0,9208.0,9280.0,110088.0,578253.0,581387.0
2024-10-24 21:00:00,9328.0,9474.0,9326.0,9460.0,295152.0,581387.0,619605.0
2024-10-24 22:00:00,9460.0,9470.0,9318.0,9350.0,213424.0,619605.0,589803.0
2024-10-25 09:00:00,9362.0,9410.0,9338.0,9382.0,150369.0,589803.0,592996.0
2024-10-25 10:00:00,9382.0,9400.0,9324.0,9326.0,90276.0,592996.0,591236.0
2024-10-25 11:00:00,9326.0,9356.0,9266.0,9328.0,99115.0,591236.0,583992.0
2024-10-25 13:00:00,9314.0,9350.0,9302.0,9346.0,51794.0,583992.0,586504.0
2024-10-25 14:00:00,9346.0,9360.0,9302.0,9302.0,94995.0,586504.0,578692.0
2024-10-25 21:00:00,9302.0,9366.0,9272.0,9342.0,174465.0,578692.0,581748.0
2024-10-25 22:00:00,9342.0,9364.0,9312.0,9330.0,78071.0,581748.0,574200.0
2024-10-28 09:00:00,9248.0,9274.0,9138.0,9194.0,296743.0,574200.0,551883.0
2024-10-28 10:00:00,9194.0,9248.0,9176.0,9222.0,112386.0,551883.0,551802.0
2024-10-28 11:00:00,9222.0,9238.0,9200.0,9226.0,33068.0,551802.0,551888.0
2024-10-28 13:00:00,9236.0,9288.0,9236.0,9262.0,64961.0,551888.0,555934.0
2024-10-28 14:00:00,9262.0,9318.0,9226.0,9270.0,124167.0,555934.0,554726.0
2024-10-28 21:00:00,9220.0,9276.0,9204.0,9268.0,143416.0,554726.0,568675.0
2024-10-28 22:00:00,9268.0,9294.0,9226.0,9232.0,105467.0,568675.0,563242.0
2024-10-29 09:00:00,9252.0,9282.0,9238.0,9272.0,94661.0,563242.0,571130.0
2024-10-29 10:00:00,9272.0,9340.0,9264.0,9306.0,125030.0,571130.0,576121.0
2024-10-29 11:00:00,9306.0,9310.0,9242.0,9248.0,94102.0,576121.0,567102.0
2024-10-29 13:00:00,9256.0,9266.0,9220.0,9258.0,72188.0,567102.0,559932.0
2024-10-29 14:00:00,9258.0,9346.0,9252.0,9270.0,158364.0,559932.0,559314.0
2024-10-29 21:00:00,9382.0,9418.0,9318.0,9348.0,225679.0,559314.0,570276.0
2024-10-29 22:00:00,9348.0,9366.0,9324.0,9358.0,82144.0,570276.0,566424.0
2024-10-30 09:00:00,9340.0,9400.0,9334.0,9376.0,119022.0,566424.0,576628.0
2024-10-30 10:00:00,9376.0,9382.0,9274.0,9322.0,153922.0,576628.0,565325.0
2024-10-30 11:00:00,9322.0,9340.0,9296.0,9300.0,47541.0,565325.0,564332.0
2024-10-30 13:00:00,9286.0,9322.0,9278.0,9310.0,41743.0,564332.0,564837.0
2024-10-30 14:00:00,9310.0,9394.0,9290.0,9392.0,120956.0,564837.0,569727.0
2024-10-30 21:00:00,9440.0,9464.0,9354.0,9414.0,219308.0,569727.0,582414.0
2024-10-30 22:00:00,9414.0,9440.0,9400.0,9426.0,104551.0,582414.0,584322.0
2024-10-31 09:00:00,9446.0,9462.0,9420.0,9424.0,113338.0,584322.0,592376.0
2024-10-31 10:00:00,9424.0,9486.0,9424.0,9460.0,74830.0,592376.0,598829.0
2024-10-31 11:00:00,9460.0,9492.0,9456.0,9462.0,57303.0,598829.0,605599.0
2024-10-31 13:00:00,9464.0,9488.0,9456.0,9472.0,46493.0,605599.0,610102.0
2024-10-31 14:00:00,9472.0,9484.0,9440.0,9478.0,91590.0,610102.0,597891.0
2024-10-31 21:00:00,9532.0,9540.0,9486.0,9494.0,151796.0,597891.0,605512.0
2024-10-31 22:00:00,9494.0,9534.0,9470.0,9530.0,127250.0,605512.0,601748.0
2024-11-01 09:00:00,9556.0,9624.0,9556.0,9614.0,171403.0,601748.0,618211.0
2024-11-01 10:00:00,9614.0,9622.0,9512.0,9564.0,172014.0,618211.0,599695.0
2024-11-01 11:00:00,9564.0,9640.0,9554.0,9636.0,92090.0,599695.0,612099.0
2024-11-01 13:00:00,9650.0,9680.0,9638.0,9666.0,77684.0,612099.0,624915.0
2024-11-01 14:00:00,9666.0,9678.0,9626.0,9668.0,126852.0,624915.0,616907.0
2024-11-01 21:00:00,9694.0,9754.0,9662.0,9746.0,206229.0,616907.0,629154.0
2024-11-01 22:00:00,9746.0,9750.0,9642.0,9666.0,212421.0,629154.0,608307.0
2024-11-04 09:00:00,9692.0,9692.0,9624.0,9648.0,142314.0,608307.0,601482.0
2024-11-04 10:00:00,9648.0,9688.0,9634.0,9678.0,71797.0,601482.0,603001.0
2024-11-04 11:00:00,9678.0,9712.0,9652.0,9668.0,71601.0,603001.0,606817.0
2024-11-04 13:00:00,9670.0,9678.0,9658.0,9676.0,26893.0,606817.0,607420.0
2024-11-04 14:00:00,9676.0,9722.0,9662.0,9714.0,98378.0,607420.0,609456.0
2024-11-04 21:00:00,9704.0,9722.0,9640.0,9680.0,179442.0,609456.0,611468.0
2024-11-04 22:00:00,9680.0,9710.0,9646.0,9706.0,112745.0,611468.0,611352.0
2024-11-05 09:00:00,9674.0,9722.0,9654.0,9710.0,125089.0,611352.0,620679.0
2024-11-05 10:00:00,9710.0,9740.0,9686.0,9688.0,89767.0,620679.0,621505.0
2024-11-05 11:00:00,9688.0,9752.0,9686.0,9752.0,47994.0,621505.0,623861.0
2024-11-05 13:00:00,9728.0,9728.0,9584.0,9618.0,236525.0,623861.0,604783.0
2024-11-05 14:00:00,9618.0,9648.0,9606.0,9610.0,122828.0,604783.0,596589.0
2024-11-05 21:00:00,9630.0,9680.0,9584.0,9596.0,192783.0,596589.0,601038.0
2024-11-05 22:00:00,9596.0,9626.0,9584.0,9614.0,120489.0,601038.0,597342.0
2024-11-06 09:00:00,9598.0,9660.0,9590.0,9642.0,111450.0,597342.0,597733.0
2024-11-06 10:00:00,9642.0,9690.0,9608.0,9638.0,122178.0,597733.0,597179.0
2024-11-06 11:00:00,9638.0,9662.0,9586.0,9658.0,82014.0,597179.0,596808.0
2024-11-06 13:00:00,9638.0,9696.0,9628.0,9676.0,80441.0,596808.0,601915.0
2024-11-06 14:00:00,9676.0,9768.0,9628.0,9712.0,174646.0,601915.0,603604.0
2024-11-06 21:00:00,9734.0,9772.0,9698.0,9748.0,255018.0,603604.0,618050.0
2024-11-06 22:00:00,9748.0,9828.0,9736.0,9824.0,186128.0,618050.0,637563.0
2024-11-07 09:00:00,9844.0,9968.0,9822.0,9952.0,231893.0,637563.0,652216.0
2024-11-07 10:00:00,9952.0,9986.0,9914.0,9968.0,168569.0,652216.0,645513.0
2024-11-07 11:00:00,9968.0,9992.0,9852.0,9862.0,173746.0,645513.0,632285.0
2024-11-07 13:00:00,9828.0,9876.0,9812.0,9874.0,100356.0,632285.0,627906.0
2024-11-07 14:00:00,9874.0,9914.0,9846.0,9914.0,119416.0,627906.0,627265.0
2024-11-07 21:00:00,9900.0,9964.0,9892.0,9938.0,177314.0,627265.0,640912.0
2024-11-07 22:00:00,9938.0,9956.0,9906.0,9936.0,112753.0,640912.0,629748.0
2024-11-08 09:00:00,10020.0,10056.0,9970.0,10020.0,220508.0,629748.0,624844.0
2024-11-08 10:00:00,10020.0,10042.0,9984.0,10032.0,95758.0,624844.0,631502.0
2024-11-08 11:00:00,10032.0,10048.0,9996.0,10000.0,61728.0,631502.0,631523.0
2024-11-08 13:00:00,10004.0,10020.0,9964.0,9998.0,79018.0,631523.0,631605.0
2024-11-08 14:00:00,9998.0,10124.0,9986.0,10088.0,198059.0,631605.0,637941.0
2024-11-08 21:00:00,10126.0,10232.0,10116.0,10224.0,295794.0,637941.0,647099.0
2024-11-08 22:00:00,10224.0,10272.0,10198.0,10262.0,204716.0,647099.0,632451.0
2024-11-11 09:00:00,10234.0,10328.0,10106.0,10284.0,337219.0,632451.0,624387.0
2024-11-11 10:00:00,10284.0,10298.0,10108.0,10162.0,223105.0,624387.0,609547.0
2024-11-11 11:00:00,10162.0,10188.0,10128.0,10164.0,63502.0,609547.0,606162.0
2024-11-11 13:00:00,10188.0,10232.0,10172.0,10184.0,78063.0,606162.0,605349.0
2024-11-11 14:00:00,10184.0,10240.0,10146.0,10212.0,134277.0,605349.0,598460.0
2024-11-11 21:00:00,10252.0,10322.0,10230.0,10258.0,296701.0,598460.0,608939.0
2024-11-11 22:00:00,10258.0,10344.0,10256.0,10324.0,205237.0,608939.0,604368.0
2024-11-12 09:00:00,10290.0,10338.0,10270.0,10308.0,182391.0,604368.0,605911.0
2024-11-12 10:00:00,10308.0,10320.0,10122.0,10212.0,268812.0,605911.0,595267.0
2024-11-12 11:00:00,10212.0,10234.0,10180.0,10198.0,76521.0,595267.0,588651.0
2024-11-12 13:00:00,10186.0,10214.0,10180.0,10190.0,47782.0,588651.0,591496.0
2024-11-12 14:00:00,10190.0,10206.0,10072.0,10146.0,206762.0,591496.0,569776.0
2024-11-12 21:00:00,10104.0,10200.0,10090.0,10192.0,232105.0,569776.0,590703.0
2024-11-12 22:00:00,10192.0,10198.0,10146.0,10172.0,133818.0,590703.0,579471.0
2024-11-13 09:00:00,10140.0,10154.0,9858.0,9894.0,622077.0,579471.0,533691.0
2024-11-13 10:00:00,9894.0,9896.0,9788.0,9802.0,251174.0,533691.0,518646.0
2024-11-13 11:00:00,9802.0,9828.0,9756.0,9756.0,124556.0,518646.0,509613.0
2024-11-13 13:00:00,9812.0,9834.0,9790.0,9802.0,95912.0,509613.0,503150.0
2024-11-13 14:00:00,9802.0,9848.0,9778.0,9782.0,156226.0,503150.0,486847.0
2024-11-13 21:00:00,9904.0,9962.0,9862.0,9884.0,415122.0,486847.0,505292.0
2024-11-13 22:00:00,9884.0,9904.0,9822.0,9844.0,202636.0,505292.0,492279.0
2024-11-14 09:00:00,9812.0,9862.0,9776.0,9840.0,201521.0,492279.0,494670.0
2024-11-14 10:00:00,9840.0,9900.0,9834.0,9870.0,152004.0,494670.0,495698.0
2024-11-14 11:00:00,9870.0,9888.0,9858.0,9878.0,38028.0,495698.0,493490.0
2024-11-14 13:00:00,9868.0,9912.0,9858.0,9890.0,70034.0,493490.0,496392.0
2024-11-14 14:00:00,9890.0,9924.0,9864.0,9914.0,118901.0,496392.0,491385.0
2024-11-14 21:00:00,9970.0,10026.0,9920.0,9956.0,303713.0,491385.0,507640.0
2024-11-14 22:00:00,9956.0,10022.0,9950.0,10000.0,183396.0,507640.0,505779.0
2024-11-15 09:00:00,9940.0,9992.0,9902.0,9980.0,216634.0,505779.0,505189.0
2024-11-15 10:00:00,9980.0,10012.0,9958.0,9990.0,111487.0,505189.0,515358.0
2024-11-15 11:00:00,9990.0,9998.0,9928.0,9932.0,73536.0,515358.0,504989.0
2024-11-15 13:00:00,9976.0,10022.0,9976.0,9984.0,83448.0,504989.0,507177.0
2024-11-15 14:00:00,9984.0,10118.0,9974.0,10084.0,254323.0,507177.0,507046.0
2024-11-15 21:00:00,10178.0,10186.0,10088.0,10092.0,271553.0,507046.0,512344.0
2024-11-15 22:00:00,10092.0,10114.0,10062.0,10098.0,181030.0,512344.0,499496.0
2024-11-18 09:00:00,10074.0,10092.0,9914.0,9942.0,330951.0,499496.0,481333.0
2024-11-18 10:00:00,9942.0,9972.0,9854.0,9878.0,230806.0,481333.0,480320.0
2024-11-18 11:00:00,9878.0,9908.0,9844.0,9902.0,90049.0,480320.0,479576.0
2024-11-18 13:00:00,9926.0,9940.0,9892.0,9896.0,63193.0,479576.0,479725.0
2024-11-18 14:00:00,9896.0,9918.0,9840.0,9878.0,163153.0,479725.0,470471.0
2024-11-18 21:00:00,9854.0,9858.0,9700.0,9740.0,426637.0,470471.0,485202.0
2024-11-18 22:00:00,9740.0,9828.0,9736.0,9820.0,202606.0,485202.0,469573.0
2024-11-19 09:00:00,9862.0,9926.0,9826.0,9904.0,209767.0,469573.0,474940.0
2024-11-19 10:00:00,9904.0,9966.0,9860.0,9942.0,153488.0,474940.0,478580.0
2024-11-19 11:00:00,9942.0,9994.0,9936.0,9978.0,86463.0,478580.0,477984.0
2024-11-19 13:00:00,9982.0,10066.0,9970.0,10048.0,118066.0,477984.0,485412.0
2024-11-19 14:00:00,10048.0,10086.0,9954.0,9966.0,231961.0,485412.0,473811.0
2024-11-19 21:00:00,9924.0,10002.0,9920.0,9978.0,254230.0,473811.0,480836.0
2024-11-19 22:00:00,9978.0,9992.0,9960.0,9988.0,123022.0,480836.0,470409.0
2024-11-20 09:00:00,9962.0,9984.0,9910.0,9940.0,202479.0,470409.0,467165.0
2024-11-20 10:00:00,9940.0,9956.0,9864.0,9930.0,190564.0,467165.0,468487.0
2024-11-20 11:00:00,9930.0,9952.0,9908.0,9934.0,74407.0,468487.0,470403.0
2024-11-20 13:00:00,9922.0,9934.0,9908.0,9920.0,49426.0,470403.0,473363.0
2024-11-20 14:00:00,9920.0,9990.0,9902.0,9954.0,206838.0,473363.0,477573.0
2024-11-20 21:00:00,9870.0,9886.0,9812.0,9874.0,328687.0,477573.0,472163.0
2024-11-20 22:00:00,9874.0,9876.0,9764.0,9794.0,243712.0,472163.0,465357.0
2024-11-21 09:00:00,9770.0,9772.0,9568.0,9594.0,475496.0,465357.0,467926.0
2024-11-21 10:00:00,9594.0,9638.0,9548.0,9572.0,193462.0,467926.0,460311.0
2024-11-21 11:00:00,9572.0,9640.0,9562.0,9620.0,99044.0,460311.0,456154.0
2024-11-21 13:00:00,9620.0,9648.0,9592.0,9604.0,63599.0,456154.0,455737.0
2024-11-21 14:00:00,9604.0,9618.0,9532.0,9556.0,165711.0,455737.0,451831.0
2024-11-21 21:00:00,9654.0,9668.0,9580.0,9598.0,312259.0,451831.0,449707.0
2024-11-21 22:00:00,9598.0,9626.0,9558.0,9578.0,201805.0,449707.0,434447.0
2024-11-22 09:00:00,9534.0,9586.0,9518.0,9576.0,197345.0,434447.0,441979.0
2024-11-22 10:00:00,9576.0,9648.0,9576.0,9608.0,157009.0,441979.0,436392.0
2024-11-22 11:00:00,9608.0,9644.0,9596.0,9618.0,57531.0,436392.0,434267.0
2024-11-22 13:00:00,9600.0,9636.0,9592.0,9602.0,59332.0,434267.0,435952.0
2024-11-22 14:00:00,9602.0,9618.0,9566.0,9570.0,121120.0,435952.0,425227.0
2024-11-22 21:00:00,9530.0,9554.0,9448.0,9514.0,282475.0,425227.0,429053.0
2024-11-22 22:00:00,9514.0,9574.0,9492.0,9568.0,178704.0,429053.0,416490.0
2024-11-25 09:00:00,9566.0,9660.0,9566.0,9614.0,204188.0,416490.0,420321.0
2024-11-25 10:00:00,9614.0,9716.0,9614.0,9652.0,165555.0,420321.0,414181.0
2024-11-25 11:00:00,9652.0,9678.0,9640.0,9658.0,62572.0,414181.0,409824.0
2024-11-25 13:00:00,9680.0,9692.0,9652.0,9660.0,52495.0,409824.0,412837.0
2024-11-25 14:00:00,9660.0,9728.0,9646.0,9710.0,162925.0,412837.0,417883.0
2024-11-25 21:00:00,9678.0,9720.0,9658.0,9682.0,190184.0,417883.0,429832.0
2024-11-25 22:00:00,9682.0,9708.0,9646.0,9688.0,157914.0,429832.0,425770.0
2024-11-26 09:00:00,9650.0,9680.0,9616.0,9644.0,195558.0,425770.0,427791.0
2024-11-26 10:00:00,9644.0,9764.0,9630.0,9734.0,167037.0,427791.0,435740.0
2024-11-26 11:00:00,9734.0,9808.0,9710.0,9798.0,118190.0,435740.0,438041.0
2024-11-26 13:00:00,9786.0,9818.0,9776.0,9812.0,62813.0,438041.0,444912.0
2024-11-26 14:00:00,9812.0,9846.0,9720.0,9740.0,232798.0,444912.0,429537.0
2024-11-26 21:00:00,9774.0,9788.0,9714.0,9726.0,198506.0,429537.0,441610.0
2024-11-26 22:00:00,9726.0,9736.0,9676.0,9714.0,201943.0,441610.0,431765.0
2024-11-27 09:00:00,9730.0,9752.0,9694.0,9730.0,158833.0,431765.0,431792.0
2024-11-27 10:00:00,9730.0,9778.0,9716.0,9762.0,116346.0,431792.0,430469.0
2024-11-27 11:00:00,9762.0,9784.0,9742.0,9776.0,50267.0,430469.0,430701.0
2024-11-27 13:00:00,9786.0,9786.0,9752.0,9756.0,47677.0,430701.0,432267.0
2024-11-27 14:00:00,9756.0,9880.0,9756.0,9874.0,225076.0,432267.0,441392.0
2024-11-27 21:00:00,9848.0,9946.0,9844.0,9912.0,241577.0,441392.0,457388.0
2024-11-27 22:00:00,9912.0,9940.0,9894.0,9910.0,160607.0,457388.0,449816.0
2024-11-28 09:00:00,9874.0,9894.0,9828.0,9866.0,206326.0,449816.0,442256.0
2024-11-28 10:00:00,9866.0,9878.0,9820.0,9846.0,86954.0,442256.0,440984.0
2024-11-28 11:00:00,9846.0,9868.0,9830.0,9854.0,44741.0,440984.0,440773.0
2024-11-28 13:00:00,9886.0,9922.0,9882.0,9914.0,85548.0,440773.0,444654.0
2024-11-28 14:00:00,9914.0,9960.0,9898.0,9908.0,174056.0,444654.0,440015.0
2024-11-28 21:00:00,9980.0,9994.0,9940.0,9958.0,189741.0,440015.0,459443.0
2024-11-28 22:00:00,9958.0,10018.0,9930.0,10002.0,177424.0,459443.0,458856.0
2024-11-29 09:00:00,10006.0,10096.0,9996.0,10068.0,215520.0,458856.0,475968.0
2024-11-29 10:00:00,10068.0,10140.0,10042.0,10138.0,167147.0,475968.0,483970.0
2024-11-29 11:00:00,10138.0,10188.0,10130.0,10164.0,128099.0,483970.0,487455.0
2024-11-29 13:00:00,10168.0,10222.0,10158.0,10188.0,129090.0,487455.0,498570.0
2024-11-29 14:00:00,10188.0,10216.0,10162.0,10194.0,182935.0,498570.0,485259.0
2024-11-29 21:00:00,10222.0,10300.0,10208.0,10238.0,291368.0,485259.0,502092.0
2024-11-29 22:00:00,10238.0,10250.0,10176.0,10222.0,225676.0,502092.0,485093.0
2024-12-02 09:00:00,10226.0,10278.0,10180.0,10252.0,210670.0,485093.0,489762.0
2024-12-02 10:00:00,10252.0,10290.0,10160.0,10166.0,177101.0,489762.0,486605.0
2024-12-02 11:00:00,10166.0,10208.0,10138.0,10208.0,126321.0,486605.0,483862.0
2024-12-02 13:00:00,10206.0,10214.0,10182.0,10200.0,41969.0,483862.0,485876.0
2024-12-02 14:00:00,10200.0,10250.0,10184.0,10210.0,135696.0,485876.0,482104.0
2024-12-02 21:00:00,10174.0,10230.0,10158.0,10224.0,216826.0,482104.0,494967.0
2024-12-02 22:00:00,10224.0,10232.0,10176.0,10212.0,134561.0,494967.0,483500.0
2024-12-03 09:00:00,10222.0,10280.0,10222.0,10230.0,173990.0,483500.0,488734.0
2024-12-03 10:00:00,10230.0,10262.0,10212.0,10234.0,96378.0,488734.0,488989.0
2024-12-03 11:00:00,10234.0,10234.0,10180.0,10232.0,85347.0,488989.0,485890.0
2024-12-03 13:00:00,10242.0,10270.0,10206.0,10268.0,64832.0,485890.0,485820.0
2024-12-03 14:00:00,10268.0,10440.0,10256.0,10428.0,349747.0,485820.0,490218.0
2024-12-03 21:00:00,10464.0,10518.0,10272.0,10316.0,560576.0,490218.0,468687.0
2024-12-03 22:00:00,10316.0,10444.0,10312.0,10438.0,321198.0,468687.0,470488.0
2024-12-04 09:00:00,10436.0,10460.0,10398.0,10420.0,166699.0,470488.0,468916.0
2024-12-04 10:00:00,10420.0,10428.0,10354.0,10364.0,151298.0,468916.0,461074.0
2024-12-04 11:00:00,10364.0,10410.0,10346.0,10364.0,90929.0,461074.0,455302.0
2024-12-04 13:00:00,10360.0,10390.0,10342.0,10380.0,62409.0,455302.0,454476.0
2024-12-04 14:00:00,10380.0,10418.0,10308.0,10328.0,180207.0,454476.0,444836.0
2024-12-04 21:00:00,10282.0,10416.0,10272.0,10404.0,233580.0,444836.0,461961.0
2024-12-04 22:00:00,10404.0,10408.0,10358.0,10386.0,163533.0,461961.0,448598.0
2024-12-05 09:00:00,10364.0,10374.0,10098.0,10136.0,411304.0,448598.0,412853.0
2024-12-05 10:00:00,10136.0,10246.0,10124.0,10202.0,230674.0,412853.0,407972.0
2024-12-05 11:00:00,10202.0,10230.0,10186.0,10230.0,71775.0,407972.0,404089.0
2024-12-05 13:00:00,10260.0,10306.0,10248.0,10290.0,108014.0,404089.0,411135.0
2024-12-05 14:00:00,10290.0,10296.0,10234.0,10282.0,146676.0,411135.0,401879.0
2024-12-05 21:00:00,10304.0,10316.0,10186.0,10240.0,301608.0,401879.0,409520.0
2024-12-05 22:00:00,10240.0,10292.0,10226.0,10282.0,135353.0,409520.0,405635.0
2024-12-06 09:00:00,10282.0,10286.0,10192.0,10212.0,184657.0,405635.0,394709.0
2024-12-06 10:00:00,10212.0,10270.0,10166.0,10190.0,173440.0,394709.0,387638.0
2024-12-06 11:00:00,10190.0,10250.0,10174.0,10186.0,81149.0,387638.0,380958.0
2024-12-06 13:00:00,10216.0,10216.0,10158.0,10184.0,84393.0,380958.0,379862.0
2024-12-06 14:00:00,10184.0,10234.0,10170.0,10226.0,133399.0,379862.0,373656.0
2024-12-06 21:00:00,10220.0,10298.0,10196.0,10268.0,219544.0,373656.0,390621.0
2024-12-06 22:00:00,10268.0,10332.0,10242.0,10328.0,154246.0,390621.0,384040.0
2024-12-09 09:00:00,10332.0,10338.0,10154.0,10222.0,263823.0,384040.0,373223.0
2024-12-09 10:00:00,10222.0,10248.0,10184.0,10212.0,100643.0,373223.0,371583.0
2024-12-09 11:00:00,10212.0,10214.0,10138.0,10144.0,64274.0,371583.0,366663.0
2024-12-09 13:00:00,10146.0,10180.0,10134.0,10172.0,65810.0,366663.0,365747.0
2024-12-09 14:00:00,10172.0,10208.0,10154.0,10200.0,117793.0,365747.0,361548.0
2024-12-09 21:00:00,10238.0,10326.0,10228.0,10290.0,233212.0,361548.0,369249.0
2024-12-09 22:00:00,10290.0,10302.0,10256.0,10280.0,102529.0,369249.0,359176.0
2024-12-10 09:00:00,10266.0,10308.0,10188.0,10228.0,196909.0,359176.0,350819.0
2024-12-10 10:00:00,10228.0,10254.0,10130.0,10202.0,141513.0,350819.0,349693.0
2024-12-10 11:00:00,10202.0,10212.0,10184.0,10196.0,40226.0,349693.0,348146.0
2024-12-10 13:00:00,10150.0,10156.0,10106.0,10136.0,93007.0,348146.0,340492.0
2024-12-10 14:00:00,10136.0,10136.0,9944.0,9998.0,302003.0,340492.0,315897.0
2024-12-10 21:00:00,9984.0,10000.0,9918.0,9956.0,222459.0,315897.0,314511.0
2024-12-10 22:00:00,9956.0,9968.0,9930.0,9966.0,93822.0,314511.0,303174.0
2024-12-11 09:00:00,9964.0,10066.0,9958.0,10028.0,173569.0,303174.0,301442.0
2024-12-11 10:00:00,10028.0,10052.0,9996.0,10010.0,67681.0,301442.0,300276.0
2024-12-11 11:00:00,10010.0,10036.0,9992.0,10016.0,40681.0,300276.0,299500.0
2024-12-11 13:00:00,10028.0,10052.0,10022.0,10046.0,38048.0,299500.0,301247.0
2024-12-11 14:00:00,10046.0,10082.0,10030.0,10066.0,98758.0,301247.0,295422.0
2024-12-11 21:00:00,9954.0,10000.0,9926.0,9954.0,161363.0,295422.0,291978.0
2024-12-11 22:00:00,9954.0,9986.0,9950.0,9982.0,62833.0,291978.0,286167.0
2024-12-12 09:00:00,9978.0,9980.0,9876.0,9894.0,140184.0,286167.0,278189.0
2024-12-12 10:00:00,9894.0,9924.0,9858.0,9890.0,90092.0,278189.0,275075.0
2024-12-12 11:00:00,9890.0,9924.0,9884.0,9916.0,38845.0,275075.0,272335.0
2024-12-12 13:00:00,9938.0,9958.0,9918.0,9942.0,39063.0,272335.0,269391.0
2024-12-12 14:00:00,9942.0,9974.0,9928.0,9932.0,70192.0,269391.0,263781.0
2024-12-12 21:00:00,9278.0,9280.0,9196.0,9230.0,186460.0,263781.0,432824.0
2024-12-12 22:00:00,9230.0,9306.0,9222.0,9288.0,177217.0,432824.0,435683.0
2024-12-13 09:00:00,9300.0,9334.0,9268.0,9282.0,156261.0,435683.0,442231.0
2024-12-13 10:00:00,9282.0,9302.0,9238.0,9270.0,93670.0,442231.0,444345.0
2024-12-13 11:00:00,9270.0,9310.0,9252.0,9282.0,63814.0,444345.0,443676.0
2024-12-13 13:00:00,9284.0,9286.0,9254.0,9270.0,44476.0,443676.0,446342.0
2024-12-13 14:00:00,9270.0,9294.0,9250.0,9266.0,114541.0,446342.0,444859.0
2024-12-13 21:00:00,9312.0,9380.0,9288.0,9362.0,225398.0,444859.0,469928.0
2024-12-13 22:00:00,9362.0,9392.0,9350.0,9384.0,143781.0,469928.0,465089.0
2024-12-16 09:00:00,9388.0,9388.0,9268.0,9304.0,252094.0,465089.0,455151.0
2024-12-16 10:00:00,9304.0,9318.0,9214.0,9306.0,204720.0,455151.0,452601.0
2024-12-16 11:00:00,9306.0,9358.0,9274.0,9358.0,109937.0,452601.0,451800.0
2024-12-16 13:00:00,9298.0,9308.0,9266.0,9296.0,109299.0,451800.0,451726.0
2024-12-16 14:00:00,9296.0,9336.0,9286.0,9322.0,114146.0,451726.0,450076.0
2024-12-16 21:00:00,9244.0,9276.0,9208.0,9236.0,231388.0,450076.0,460913.0
2024-12-16 22:00:00,9236.0,9238.0,9174.0,9202.0,233310.0,460913.0,454617.0
2024-12-17 09:00:00,9214.0,9232.0,9162.0,9224.0,162601.0,454617.0,454004.0
2024-12-17 10:00:00,9224.0,9242.0,9186.0,9212.0,115028.0,454004.0,452377.0
2024-12-17 11:00:00,9212.0,9228.0,9160.0,9170.0,63758.0,452377.0,456424.0
2024-12-17 13:00:00,9166.0,9188.0,9136.0,9156.0,106700.0,456424.0,456141.0
2024-12-17 14:00:00,9156.0,9224.0,9154.0,9202.0,176683.0,456141.0,446302.0
2024-12-17 21:00:00,9188.0,9200.0,9118.0,9124.0,247272.0,446302.0,463527.0
2024-12-17 22:00:00,9124.0,9168.0,9078.0,9088.0,230911.0,463527.0,461921.0
2024-12-18 09:00:00,9086.0,9150.0,9064.0,9124.0,206605.0,461921.0,458657.0
2024-12-18 10:00:00,9124.0,9154.0,9026.0,9036.0,178208.0,458657.0,465951.0
2024-12-18 11:00:00,9036.0,9048.0,9002.0,9040.0,106446.0,465951.0,461433.0
2024-12-18 13:00:00,9026.0,9030.0,8966.0,8986.0,120447.0,461433.0,466004.0
2024-12-18 14:00:00,8986.0,9026.0,8972.0,9004.0,149660.0,466004.0,451474.0
2024-12-18 21:00:00,8952.0,8980.0,8890.0,8908.0,305638.0,451474.0,470428.0
2024-12-18 22:00:00,8908.0,8932.0,8880.0,8916.0,153874.0,470428.0,456077.0
2024-12-19 09:00:00,8884.0,8910.0,8856.0,8906.0,167403.0,456077.0,455914.0
2024-12-19 10:00:00,8906.0,8934.0,8874.0,8902.0,136310.0,455914.0,458910.0
2024-12-19 11:00:00,8902.0,8916.0,8814.0,8848.0,127451.0,458910.0,454860.0
2024-12-19 13:00:00,8846.0,8864.0,8736.0,8762.0,174985.0,454860.0,459654.0
2024-12-19 14:00:00,8762.0,8798.0,8720.0,8736.0,212187.0,459654.0,447766.0
2024-12-19 21:00:00,8814.0,8840.0,8758.0,8778.0,298912.0,447766.0,458611.0
2024-12-19 22:00:00,8778.0,8798.0,8746.0,8764.0,126842.0,458611.0,450582.0
2024-12-20 09:00:00,8756.0,8788.0,8712.0,8738.0,170835.0,450582.0,455307.0
2024-12-20 10:00:00,8738.0,8772.0,8696.0,8710.0,181446.0,455307.0,460537.0
2024-12-20 11:00:00,8710.0,8758.0,8668.0,8752.0,128885.0,460537.0,460174.0
2024-12-20 13:00:00,8786.0,8810.0,8766.0,8772.0,128859.0,460174.0,455457.0
2024-12-20 14:00:00,8772.0,8810.0,8738.0,8750.0,200704.0,455457.0,450483.0
2024-12-20 21:00:00,8720.0,8734.0,8634.0,8638.0,314185.0,450483.0,472768.0
2024-12-20 22:00:00,8638.0,8644.0,8572.0,8616.0,270223.0,472768.0,465400.0
2024-12-23 09:00:00,8624.0,8720.0,8624.0,8688.0,267053.0,465400.0,452965.0
2024-12-23 10:00:00,8688.0,8722.0,8664.0,8710.0,117327.0,452965.0,454301.0
2024-12-23 11:00:00,8710.0,8748.0,8696.0,8720.0,86643.0,454301.0,450453.0
2024-12-23 13:00:00,8740.0,8798.0,8728.0,8796.0,127160.0,450453.0,460689.0
2024-12-23 14:00:00,8796.0,8830.0,8776.0,8812.0,168890.0,460689.0,461142.0
2024-12-23 21:00:00,8844.0,8848.0,8768.0,8784.0,225878.0,461142.0,474079.0
2024-12-23 22:00:00,8784.0,8788.0,8764.0,8780.0,97226.0,474079.0,468522.0
2024-12-24 09:00:00,8800.0,8810.0,8736.0,8778.0,157352.0,468522.0,472049.0
2024-12-24 10:00:00,8778.0,8814.0,8770.0,8806.0,95908.0,472049.0,469843.0
2024-12-24 11:00:00,8806.0,8830.0,8796.0,8802.0,74523.0,469843.0,465903.0
2024-12-24 13:00:00,8770.0,8794.0,8750.0,8792.0,82582.0,465903.0,467792.0
2024-12-24 14:00:00,8792.0,8830.0,8792.0,8822.0,131380.0,467792.0,463204.0
2024-12-24 21:00:00,8850.0,8888.0,8834.0,8850.0,185293.0,463204.0,473040.0
2024-12-24 22:00:00,8850.0,8866.0,8818.0,8820.0,100661.0,473040.0,467601.0
2024-12-25 09:00:00,8812.0,8814.0,8744.0,8756.0,210674.0,467601.0,487137.0
2024-12-25 10:00:00,8756.0,8758.0,8674.0,8698.0,173140.0,487137.0,496083.0
2024-12-25 11:00:00,8698.0,8726.0,8682.0,8724.0,77826.0,496083.0,488334.0
2024-12-25 13:00:00,8724.0,8726.0,8688.0,8718.0,61511.0,488334.0,492217.0
2024-12-25 14:00:00,8718.0,8730.0,8698.0,8706.0,100574.0,492217.0,483411.0
2024-12-25 21:00:00,8692.0,8704.0,8638.0,8664.0,185350.0,483411.0,496959.0
2024-12-25 22:00:00,8664.0,8688.0,8654.0,8688.0,83597.0,496959.0,491616.0
2024-12-26 09:00:00,8688.0,8724.0,8672.0,8676.0,145049.0,491616.0,486208.0
2024-12-26 10:00:00,8676.0,8748.0,8676.0,8740.0,125820.0,486208.0,483712.0
2024-12-26 11:00:00,8740.0,8748.0,8724.0,8728.0,49593.0,483712.0,480767.0
2024-12-26 13:00:00,8748.0,8774.0,8738.0,8744.0,83376.0,480767.0,482127.0
2024-12-26 14:00:00,8744.0,8762.0,8728.0,8740.0,89838.0,482127.0,478105.0
2024-12-26 21:00:00,8762.0,8812.0,8744.0,8754.0,213546.0,478105.0,493144.0
2024-12-26 22:00:00,8754.0,8756.0,8722.0,8736.0,125417.0,493144.0,485267.0
2024-12-27 09:00:00,8746.0,8794.0,8740.0,8784.0,124728.0,485267.0,482691.0
2024-12-27 10:00:00,8784.0,8822.0,8752.0,8794.0,95970.0,482691.0,484807.0
2024-12-27 11:00:00,8794.0,8828.0,8790.0,8800.0,55878.0,484807.0,483885.0
2024-12-27 13:00:00,8810.0,8816.0,8788.0,8796.0,41571.0,483885.0,485647.0
2024-12-27 14:00:00,8796.0,8804.0,8768.0,8786.0,106895.0,485647.0,480050.0
2024-12-27 21:00:00,8824.0,8844.0,8796.0,8812.0,143326.0,480050.0,492067.0
2024-12-27 22:00:00,8812.0,8828.0,8778.0,8784.0,107537.0,492067.0,488453.0
2024-12-30 09:00:00,8732.0,8762.0,8684.0,8758.0,236718.0,488453.0,487334.0
2024-12-30 10:00:00,8758.0,8794.0,8746.0,8778.0,103383.0,487334.0,489433.0
2024-12-30 11:00:00,8778.0,8794.0,8770.0,8784.0,38450.0,489433.0,490802.0
2024-12-30 13:00:00,8784.0,8784.0,8746.0,8750.0,58617.0,490802.0,494099.0
2024-12-30 14:00:00,8750.0,8778.0,8734.0,8744.0,102285.0,494099.0,488890.0
2024-12-30 21:00:00,8724.0,8742.0,8674.0,8710.0,220269.0,488890.0,495274.0
2024-12-30 22:00:00,8710.0,8716.0,8674.0,8678.0,127907.0,495274.0,487074.0
2024-12-31 09:00:00,8678.0,8678.0,8608.0,8646.0,215061.0,487074.0,496041.0
2024-12-31 10:00:00,8646.0,8718.0,8636.0,8702.0,137812.0,496041.0,491355.0
2024-12-31 11:00:00,8702.0,8704.0,8644.0,8648.0,71505.0,491355.0,488480.0
2024-12-31 13:00:00,8648.0,8684.0,8640.0,8684.0,46966.0,488480.0,485957.0
2024-12-31 14:00:00,8684.0,8710.0,8650.0,8668.0,151034.0,485957.0,479788.0
2025-01-02 09:00:00,8660.0,8824.0,8622.0,8772.0,333602.0,479788.0,497716.0
2025-01-02 10:00:00,8772.0,8800.0,8748.0,8768.0,106562.0,497716.0,499498.0
2025-01-02 11:00:00,8768.0,8770.0,8618.0,8626.0,191436.0,499498.0,509898.0
2025-01-02 13:00:00,8586.0,8628.0,8576.0,8596.0,193183.0,509898.0,502270.0
2025-01-02 14:00:00,8596.0,8600.0,8458.0,8474.0,371708.0,502270.0,511183.0
2025-01-02 21:00:00,8472.0,8512.0,8450.0,8490.0,234120.0,511183.0,516708.0
2025-01-02 22:00:00,8490.0,8498.0,8464.0,8478.0,121416.0,516708.0,504338.0
2025-01-03 09:00:00,8496.0,8540.0,8482.0,8512.0,158540.0,504338.0,500210.0
2025-01-03 10:00:00,8512.0,8516.0,8408.0,8418.0,198888.0,500210.0,506701.0
2025-01-03 11:00:00,8418.0,8420.0,8372.0,8404.0,110708.0,506701.0,500266.0
2025-01-03 13:00:00,8458.0,8548.0,8448.0,8530.0,226998.0,500266.0,494684.0
2025-01-03 14:00:00,8530.0,8558.0,8480.0,8530.0,218572.0,494684.0,484663.0
2025-01-03 21:00:00,8534.0,8556.0,8496.0,8510.0,200947.0,484663.0,491930.0
2025-01-03 22:00:00,8510.0,8536.0,8496.0,8528.0,114350.0,491930.0,480506.0
2025-01-06 09:00:00,8518.0,8632.0,8516.0,8594.0,267998.0,480506.0,481412.0
2025-01-06 10:00:00,8594.0,8646.0,8570.0,8590.0,154388.0,481412.0,478490.0
2025-01-06 11:00:00,8590.0,8612.0,8538.0,8566.0,92123.0,478490.0,475733.0
2025-01-06 13:00:00,8552.0,8556.0,8512.0,8536.0,80054.0,475733.0,475190.0
2025-01-06 14:00:00,8536.0,8546.0,8478.0,8484.0,129942.0,475190.0,469855.0
2025-01-06 21:00:00,8534.0,8548.0,8502.0,8510.0,163321.0,469855.0,476846.0
2025-01-06 22:00:00,8510.0,8572.0,8510.0,8572.0,121948.0,476846.0,470616.0
2025-01-07 09:00:00,8540.0,8562.0,8484.0,8542.0,181403.0,470616.0,475852.0
2025-01-07 10:00:00,8542.0,8550.0,8460.0,8538.0,166910.0,475852.0,479332.0
2025-01-07 11:00:00,8538.0,8538.0,8500.0,8518.0,62610.0,479332.0,478985.0
2025-01-07 13:00:00,8526.0,8630.0,8526.0,8612.0,180020.0,478985.0,493791.0
2025-01-07 14:00:00,8612.0,8752.0,8598.0,8722.0,343830.0,493791.0,497072.0
2025-01-07 21:00:00,8714.0,8718.0,8666.0,8680.0,206000.0,497072.0,496128.0
2025-01-07 22:00:00,8680.0,8690.0,8652.0,8666.0,118958.0,496128.0,483777.0
2025-01-08 09:00:00,8704.0,8774.0,8694.0,8744.0,203803.0,483777.0,487210.0
2025-01-08 10:00:00,8744.0,8756.0,8704.0,8738.0,117909.0,487210.0,482426.0
2025-01-08 11:00:00,8738.0,8740.0,8664.0,8668.0,76234.0,482426.0,480004.0
2025-01-08 13:00:00,8652.0,8666.0,8618.0,8646.0,148294.0,480004.0,473189.0
2025-01-08 14:00:00,8646.0,8682.0,8608.0,8618.0,175790.0,473189.0,469991.0
2025-01-08 21:00:00,8638.0,8650.0,8594.0,8622.0,156595.0,469991.0,479190.0
2025-01-08 22:00:00,8622.0,8638.0,8556.0,8568.0,162500.0,479190.0,466220.0
2025-01-09 09:00:00,8566.0,8574.0,8452.0,8456.0,267713.0,466220.0,460963.0
2025-01-09 10:00:00,8456.0,8470.0,8408.0,8442.0,176673.0,460963.0,463935.0
2025-01-09 11:00:00,8442.0,8464.0,8430.0,8444.0,78932.0,463935.0,463384.0
2025-01-09 13:00:00,8448.0,8450.0,8412.0,8422.0,60911.0,463384.0,467255.0
2025-01-09 14:00:00,8422.0,8464.0,8416.0,8418.0,138369.0,467255.0,468225.0
2025-01-09 21:00:00,8438.0,8456.0,8404.0,8436.0,164478.0,468225.0,474411.0
2025-01-09 22:00:00,8436.0,8442.0,8418.0,8422.0,77361.0,474411.0,471837.0
2025-01-10 09:00:00,8446.0,8542.0,8446.0,8512.0,243403.0,471837.0,461690.0
2025-01-10 10:00:00,8512.0,8538.0,8482.0,8528.0,127372.0,461690.0,460185.0
2025-01-10 11:00:00,8528.0,8540.0,8466.0,8478.0,72828.0,460185.0,456509.0
2025-01-10 13:00:00,8510.0,8530.0,8500.0,8524.0,76080.0,456509.0,456801.0
2025-01-10 14:00:00,8524.0,8552.0,8516.0,8524.0,149973.0,456801.0,443978.0
2025-01-10 21:00:00,8558.0,8622.0,8556.0,8602.0,197555.0,443978.0,447601.0
2025-01-10 22:00:00,8602.0,8666.0,8586.0,8654.0,169949.0,447601.0,444622.0
2025-01-13 09:00:00,8742.0,8822.0,8722.0,8774.0,305716.0,444622.0,450072.0
2025-01-13 10:00:00,8774.0,8780.0,8710.0,8738.0,107586.0,450072.0,452236.0
2025-01-13 11:00:00,8738.0,8744.0,8694.0,8696.0,56368.0,452236.0,451293.0
2025-01-13 13:00:00,8716.0,8730.0,8702.0,8728.0,52700.0,451293.0,453556.0
2025-01-13 14:00:00,8728.0,8774.0,8724.0,8758.0,100307.0,453556.0,452046.0
2025-01-13 21:00:00,8736.0,8752.0,8704.0,8710.0,147948.0,452046.0,459152.0
2025-01-13 22:00:00,8710.0,8730.0,8682.0,8698.0,115033.0,459152.0,454972.0
2025-01-14 09:00:00,8732.0,8748.0,8718.0,8736.0,102637.0,454972.0,456102.0
2025-01-14 10:00:00,8736.0,8762.0,8726.0,8742.0,70391.0,456102.0,459102.0
2025-01-14 11:00:00,8742.0,8760.0,8726.0,8760.0,44966.0,459102.0,458400.0
2025-01-14 13:00:00,8758.0,8766.0,8728.0,8750.0,57443.0,458400.0,462656.0
2025-01-14 14:00:00,8750.0,8756.0,8668.0,8710.0,166648.0,462656.0,455733.0
2025-01-14 21:00:00,8694.0,8696.0,8632.0,8670.0,182037.0,455733.0,460372.0
2025-01-14 22:00:00,8670.0,8702.0,8644.0,8698.0,96595.0,460372.0,455956.0
2025-01-15 09:00:00,8686.0,8710.0,8622.0,8658.0,150432.0,455956.0,457919.0
2025-01-15 10:00:00,8658.0,8686.0,8648.0,8670.0,82333.0,457919.0,458946.0
2025-01-15 11:00:00,8670.0,8680.0,8580.0,8604.0,79988.0,458946.0,456216.0
2025-01-15 13:00:00,8600.0,8602.0,8492.0,8504.0,192499.0,456216.0,473733.0
2025-01-15 14:00:00,8504.0,8508.0,8468.0,8482.0,189651.0,473733.0,468827.0
2025-01-15 21:00:00,8486.0,8534.0,8458.0,8528.0,184186.0,468827.0,477842.0
2025-01-15 22:00:00,8528.0,8548.0,8494.0,8518.0,146114.0,477842.0,468376.0
2025-01-16 09:00:00,8516.0,8516.0,8382.0,8428.0,279590.0,468376.0,471833.0
2025-01-16 10:00:00,8428.0,8470.0,8422.0,8444.0,93331.0,471833.0,468602.0
2025-01-16 11:00:00,8444.0,8450.0,8424.0,8442.0,45571.0,468602.0,466164.0
2025-01-16 13:00:00,8424.0,8424.0,8306.0,8318.0,184185.0,466164.0,487775.0
2025-01-16 14:00:00,8318.0,8354.0,8292.0,8344.0,190141.0,487775.0,479704.0
2025-01-16 21:00:00,8286.0,8344.0,8270.0,8320.0,187328.0,479704.0,489426.0
2025-01-16 22:00:00,8320.0,8320.0,8276.0,8290.0,145582.0,489426.0,488556.0
2025-01-17 09:00:00,8258.0,8322.0,8232.0,8306.0,146216.0,488556.0,490718.0
2025-01-17 10:00:00,8306.0,8350.0,8300.0,8348.0,99912.0,490718.0,488223.0
2025-01-17 11:00:00,8348.0,8350.0,8292.0,8314.0,59906.0,488223.0,484432.0
2025-01-17 13:00:00,8328.0,8372.0,8318.0,8332.0,86862.0,484432.0,480834.0
2025-01-17 14:00:00,8332.0,8410.0,8322.0,8390.0,140173.0,480834.0,473714.0
2025-01-17 21:00:00,8374.0,8376.0,8334.0,8350.0,112420.0,473714.0,478556.0
2025-01-17 22:00:00,8350.0,8350.0,8302.0,8338.0,115656.0,478556.0,474215.0
2025-01-20 09:00:00,8358.0,8412.0,8346.0,8402.0,172341.0,474215.0,470006.0
2025-01-20 10:00:00,8402.0,8482.0,8380.0,8474.0,152895.0,470006.0,461918.0
2025-01-20 11:00:00,8474.0,8474.0,8428.0,8438.0,57776.0,461918.0,456305.0
2025-01-20 13:00:00,8454.0,8478.0,8418.0,8440.0,69238.0,456305.0,457635.0
2025-01-20 14:00:00,8440.0,8458.0,8414.0,8430.0,89117.0,457635.0,451361.0
2025-01-20 21:00:00,8404.0,8440.0,8390.0,8410.0,117032.0,451361.0,457221.0
2025-01-20 22:00:00,8410.0,8444.0,8394.0,8426.0,101521.0,457221.0,453607.0
2025-01-21 09:00:00,8426.0,8470.0,8394.0,8450.0,148728.0,453607.0,454559.0
2025-01-21 10:00:00,8450.0,8496.0,8426.0,8474.0,124331.0,454559.0,454790.0
2025-01-21 11:00:00,8474.0,8482.0,8438.0,8440.0,55713.0,454790.0,452135.0
2025-01-21 13:00:00,8440.0,8488.0,8432.0,8486.0,87685.0,452135.0,455705.0
2025-01-21 14:00:00,8486.0,8510.0,8424.0,8446.0,159958.0,455705.0,448253.0
2025-01-21 21:00:00,8454.0,8524.0,8426.0,8432.0,202209.0,448253.0,459847.0
2025-01-21 22:00:00,8432.0,8456.0,8406.0,8412.0,112015.0,459847.0,454107.0
2025-01-22 09:00:00,8446.0,8470.0,8422.0,8448.0,124310.0,454107.0,455639.0
2025-01-22 10:00:00,8448.0,8476.0,8404.0,8438.0,101093.0,455639.0,453588.0
2025-01-22 11:00:00,8438.0,8448.0,8388.0,8406.0,84461.0,453588.0,453593.0
2025-01-22 13:00:00,8412.0,8444.0,8400.0,8422.0,54171.0,453593.0,452608.0
2025-01-22 14:00:00,8422.0,8424.0,8354.0,8360.0,152729.0,452608.0,452640.0
2025-01-22 21:00:00,8374.0,8390.0,8348.0,8376.0,124468.0,452640.0,459270.0
2025-01-22 22:00:00,8376.0,8384.0,8338.0,8350.0,94462.0,459270.0,456508.0
2025-01-23 09:00:00,8320.0,8378.0,8300.0,8358.0,138192.0,456508.0,457708.0
2025-01-23 10:00:00,8358.0,8364.0,8262.0,8274.0,149882.0,457708.0,461161.0
2025-01-23 11:00:00,8274.0,8316.0,8272.0,8290.0,61999.0,461161.0,455809.0
2025-01-23 13:00:00,8296.0,8304.0,8252.0,8262.0,66384.0,455809.0,460072.0
2025-01-23 14:00:00,8262.0,8274.0,8224.0,8242.0,135859.0,460072.0,460270.0
2025-01-23 21:00:00,8276.0,8310.0,8258.0,8276.0,141232.0,460270.0,454231.0
2025-01-23 22:00:00,8276.0,8328.0,8272.0,8326.0,80242.0,454231.0,443908.0
2025-01-24 09:00:00,8316.0,8316.0,8234.0,8268.0,125953.0,443908.0,443585.0
2025-01-24 10:00:00,8268.0,8310.0,8260.0,8280.0,84293.0,443585.0,441685.0
2025-01-24 11:00:00,8280.0,8304.0,8266.0,8288.0,35739.0,441685.0,442371.0
2025-01-24 13:00:00,8264.0,8296.0,8260.0,8274.0,39161.0,442371.0,439931.0
2025-01-24 14:00:00,8274.0,8316.0,8240.0,8258.0,96174.0,439931.0,430630.0
2025-01-24 21:00:00,8292.0,8338.0,8286.0,8328.0,117900.0,430630.0,429807.0
2025-01-24 22:00:00,8328.0,8334.0,8280.0,8324.0,79082.0,429807.0,421909.0
2025-01-27 09:00:00,8324.0,8382.0,8300.0,8374.0,118572.0,421909.0,416368.0
2025-01-27 10:00:00,8374.0,8396.0,8360.0,8366.0,59432.0,416368.0,410982.0
2025-01-27 11:00:00,8366.0,8422.0,8362.0,8396.0,53110.0,410982.0,409160.0
2025-01-27 13:00:00,8402.0,8440.0,8402.0,8434.0,38150.0,409160.0,407325.0
2025-01-27 14:00:00,8434.0,8452.0,8412.0,8452.0,76838.0,407325.0,392025.0
2025-02-05 09:00:00,8540.0,8620.0,8532.0,8584.0,183773.0,392025.0,408848.0
2025-02-05 10:00:00,8584.0,8606.0,8496.0,8498.0,92842.0,408848.0,407946.0
2025-02-05 11:00:00,8498.0,8552.0,8488.0,8548.0,55683.0,407946.0,409800.0
2025-02-05 13:00:00,8556.0,8582.0,8552.0,8576.0,33076.0,409800.0,412175.0
2025-02-05 14:00:00,8576.0,8636.0,8572.0,8612.0,104632.0,412175.0,417778.0
2025-02-05 21:00:00,8568.0,8588.0,8554.0,8582.0,103931.0,417778.0,423378.0
2025-02-05 22:00:00,8582.0,8586.0,8560.0,8568.0,45196.0,423378.0,419451.0
2025-02-06 09:00:00,8562.0,8594.0,8540.0,8576.0,101356.0,419451.0,426519.0
2025-02-06 10:00:00,8576.0,8684.0,8576.0,8672.0,124480.0,426519.0,446111.0
2025-02-06 11:00:00,8672.0,8722.0,8672.0,8688.0,86144.0,446111.0,454039.0
2025-02-06 13:00:00,8684.0,8716.0,8680.0,8714.0,35714.0,454039.0,458243.0
2025-02-06 14:00:00,8714.0,8738.0,8684.0,8690.0,106446.0,458243.0,456980.0
2025-02-06 21:00:00,8720.0,8734.0,8710.0,8726.0,89184.0,456980.0,466014.0
2025-02-06 22:00:00,8726.0,8750.0,8712.0,8722.0,82831.0,466014.0,466900.0
2025-02-07 09:00:00,8746.0,8792.0,8726.0,8788.0,117359.0,466900.0,477344.0
2025-02-07 10:00:00,8788.0,8820.0,8776.0,8802.0,88721.0,477344.0,485714.0
2025-02-07 11:00:00,8802.0,8818.0,8796.0,8810.0,28112.0,485714.0,486635.0
2025-02-07 13:00:00,8830.0,8848.0,8814.0,8832.0,66812.0,486635.0,492809.0
2025-02-07 14:00:00,8832.0,8898.0,8830.0,8888.0,147100.0,492809.0,503060.0
2025-02-07 21:00:00,8872.0,8910.0,8848.0,8904.0,134236.0,503060.0,512074.0
2025-02-07 22:00:00,8904.0,8926.0,8890.0,8916.0,85432.0,512074.0,506022.0
2025-02-10 09:00:00,8922.0,8950.0,8888.0,8922.0,132042.0,506022.0,506539.0
2025-02-10 10:00:00,8922.0,8944.0,8898.0,8934.0,84109.0,506539.0,510594.0
2025-02-10 11:00:00,8934.0,8944.0,8894.0,8906.0,47637.0,510594.0,508309.0
2025-02-10 13:00:00,8936.0,8992.0,8934.0,8976.0,119185.0,508309.0,525119.0
2025-02-10 14:00:00,8976.0,8980.0,8928.0,8956.0,134729.0,525119.0,521559.0
2025-02-10 21:00:00,9008.0,9020.0,8974.0,8986.0,131896.0,521559.0,533503.0
2025-02-10 22:00:00,8986.0,9038.0,8984.0,9036.0,113281.0,533503.0,537884.0
2025-02-11 09:00:00,9024.0,9132.0,9024.0,9108.0,191579.0,537884.0,557867.0
2025-02-11 10:00:00,9108.0,9122.0,9054.0,9084.0,113081.0,557867.0,549831.0
2025-02-11 11:00:00,9084.0,9086.0,9036.0,9084.0,76146.0,549831.0,541428.0
2025-02-11 13:00:00,9082.0,9086.0,9054.0,9074.0,39053.0,541428.0,545142.0
2025-02-11 14:00:00,9074.0,9080.0,9058.0,9076.0,62937.0,545142.0,544767.0
2025-02-11 21:00:00,9096.0,9106.0,9052.0,9096.0,153383.0,544767.0,559808.0
2025-02-11 22:00:00,9096.0,9128.0,9094.0,9118.0,99509.0,559808.0,559772.0
2025-02-12 09:00:00,9106.0,9154.0,9082.0,9148.0,130772.0,559772.0,570317.0
2025-02-12 10:00:00,9148.0,9208.0,9134.0,9166.0,167647.0,570317.0,586586.0
2025-02-12 11:00:00,9166.0,9176.0,9142.0,9160.0,74457.0,586586.0,589782.0
2025-02-12 13:00:00,9158.0,9192.0,9158.0,9188.0,46494.0,589782.0,592872.0
2025-02-12 14:00:00,9188.0,9222.0,9144.0,9154.0,181214.0,592872.0,587214.0
2025-02-12 21:00:00,9112.0,9146.0,9076.0,9116.0,216574.0,587214.0,582939.0
2025-02-12 22:00:00,9116.0,9162.0,9106.0,9128.0,124845.0,582939.0,584436.0
2025-02-13 09:00:00,9102.0,9114.0,9032.0,9070.0,233787.0,584436.0,575866.0
2025-02-13 10:00:00,9070.0,9082.0,9040.0,9066.0,80099.0,575866.0,576096.0
2025-02-13 11:00:00,9066.0,9066.0,8926.0,8956.0,177005.0,576096.0,557377.0
2025-02-13 13:00:00,8944.0,8958.0,8914.0,8952.0,114623.0,557377.0,555379.0
2025-02-13 14:00:00,8952.0,8956.0,8926.0,8950.0,99233.0,555379.0,544620.0
2025-02-13 21:00:00,8926.0,8980.0,8900.0,8956.0,218919.0,544620.0,551301.0
2025-02-13 22:00:00,8956.0,9008.0,8944.0,8996.0,113859.0,551301.0,543822.0
2025-02-14 09:00:00,9028.0,9096.0,9016.0,9086.0,194985.0,543822.0,554221.0
2025-02-14 10:00:00,9086.0,9108.0,8962.0,9020.0,256377.0,554221.0,549603.0
2025-02-14 11:00:00,9020.0,9052.0,9014.0,9046.0,73920.0,549603.0,549345.0
2025-02-14 13:00:00,9056.0,9078.0,9050.0,9064.0,51210.0,549345.0,550301.0
2025-02-14 14:00:00,9064.0,9086.0,9024.0,9078.0,133434.0,550301.0,548448.0
2025-02-14 21:00:00,9076.0,9102.0,9040.0,9052.0,175120.0,548448.0,553732.0
2025-02-14 22:00:00,9052.0,9080.0,9028.0,9068.0,113758.0,553732.0,546657.0
2025-02-17 09:00:00,9050.0,9080.0,9008.0,9042.0,166906.0,546657.0,542679.0
2025-02-17 10:00:00,9042.0,9058.0,8968.0,9006.0,139395.0,542679.0,540247.0
2025-02-17 11:00:00,9006.0,9052.0,9000.0,9018.0,68410.0,540247.0,542452.0
2025-02-17 13:00:00,9016.0,9036.0,9010.0,9012.0,36542.0,542452.0,543849.0
2025-02-17 14:00:00,9012.0,9068.0,9012.0,9064.0,96618.0,543849.0,549672.0
2025-02-17 21:00:00,9090.0,9118.0,9052.0,9064.0,184586.0,549672.0,557578.0
2025-02-17 22:00:00,9064.0,9074.0,9040.0,9058.0,73321.0,557578.0,550945.0
2025-02-18 09:00:00,9062.0,9110.0,9012.0,9046.0,222020.0,550945.0,548389.0
2025-02-18 10:00:00,9046.0,9046.0,8994.0,9024.0,109156.0,548389.0,545623.0
2025-02-18 11:00:00,9024.0,9050.0,9008.0,9046.0,47606.0,545623.0,543938.0
2025-02-18 13:00:00,9046.0,9076.0,9016.0,9022.0,73147.0,543938.0,545217.0
2025-02-18 14:00:00,9022.0,9032.0,8994.0,9012.0,116348.0,545217.0,535191.0
2025-02-18 21:00:00,9026.0,9068.0,9026.0,9062.0,126263.0,535191.0,547633.0
2025-02-18 22:00:00,9062.0,9130.0,9056.0,9124.0,165698.0,547633.0,565212.0
2025-02-19 09:00:00,9156.0,9188.0,9136.0,9178.0,196170.0,565212.0,584112.0
2025-02-19 10:00:00,9178.0,9186.0,9140.0,9168.0,107882.0,584112.0,587749.0
2025-02-19 11:00:00,9168.0,9180.0,9152.0,9170.0,41527.0,587749.0,591301.0
2025-02-19 13:00:00,9178.0,9206.0,9174.0,9188.0,68076.0,591301.0,603251.0
2025-02-19 14:00:00,9188.0,9208.0,9176.0,9200.0,95180.0,603251.0,596578.0
2025-02-19 21:00:00,9260.0,9284.0,9222.0,9232.0,255411.0,596578.0,612331.0
2025-02-19 22:00:00,9232.0,9256.0,9214.0,9224.0,122325.0,612331.0,602923.0
2025-02-20 09:00:00,9208.0,9266.0,9170.0,9256.0,180716.0,602923.0,596780.0
2025-02-20 10:00:00,9256.0,9342.0,9256.0,9330.0,223520.0,596780.0,618827.0
2025-02-20 11:00:00,9330.0,9348.0,9324.0,9332.0,74369.0,618827.0,623185.0
2025-02-20 13:00:00,9324.0,9364.0,9320.0,9344.0,91051.0,623185.0,628947.0
2025-02-20 14:00:00,9344.0,9378.0,9326.0,9368.0,134738.0,628947.0,613773.0
2025-02-20 21:00:00,9350.0,9388.0,9342.0,9382.0,161501.0,613773.0,626068.0
2025-02-20 22:00:00,9382.0,9416.0,9376.0,9410.0,135193.0,626068.0,623737.0
2025-02-21 09:00:00,9418.0,9448.0,9372.0,9376.0,183720.0,623737.0,613499.0
2025-02-21 10:00:00,9376.0,9434.0,9372.0,9424.0,118210.0,613499.0,616904.0
2025-02-21 11:00:00,9424.0,9438.0,9412.0,9414.0,45486.0,616904.0,617493.0
2025-02-21 13:00:00,9416.0,9438.0,9394.0,9394.0,64428.0,617493.0,617330.0
2025-02-21 14:00:00,9394.0,9418.0,9346.0,9368.0,180096.0,617330.0,602919.0
2025-02-21 21:00:00,9358.0,9384.0,9316.0,9326.0,205841.0,602919.0,608015.0
2025-02-21 22:00:00,9326.0,9326.0,9262.0,9304.0,212221.0,608015.0,583997.0
2025-02-24 09:00:00,9294.0,9304.0,9192.0,9202.0,277614.0,583997.0,566167.0
2025-02-24 10:00:00,9202.0,9256.0,9188.0,9220.0,128950.0,566167.0,567954.0
2025-02-24 11:00:00,9220.0,9238.0,9180.0,9206.0,70163.0,567954.0,562354.0
2025-02-24 13:00:00,9200.0,9230.0,9192.0,9224.0,46039.0,562354.0,562732.0
2025-02-24 14:00:00,9224.0,9254.0,9222.0,9240.0,94785.0,562732.0,560654.0
2025-02-24 21:00:00,9192.0,9208.0,9136.0,9146.0,282051.0,560654.0,557944.0
2025-02-24 22:00:00,9146.0,9184.0,9138.0,9158.0,138848.0,557944.0,544494.0
2025-02-25 09:00:00,9136.0,9192.0,9118.0,9190.0,158717.0,544494.0,549059.0
2025-02-25 10:00:00,9190.0,9258.0,9188.0,9252.0,164477.0,549059.0,563146.0
2025-02-25 11:00:00,9252.0,9324.0,9250.0,9300.0,167216.0,563146.0,575034.0
2025-02-25 13:00:00,9308.0,9308.0,9274.0,9292.0,75740.0,575034.0,580190.0
2025-02-25 14:00:00,9292.0,9292.0,9168.0,9178.0,230634.0,580190.0,547993.0
2025-02-25 21:00:00,9152.0,9204.0,9148.0,9172.0,222369.0,547993.0,555620.0
2025-02-25 22:00:00,9172.0,9192.0,9152.0,9174.0,114395.0,555620.0,548346.0
2025-02-26 09:00:00,9172.0,9214.0,9128.0,9154.0,216505.0,548346.0,547776.0
2025-02-26 10:00:00,9154.0,9202.0,9148.0,9188.0,117263.0,547776.0,544885.0
2025-02-26 11:00:00,9188.0,9222.0,9162.0,9178.0,95144.0,544885.0,547013.0
2025-02-26 13:00:00,9190.0,9204.0,9180.0,9198.0,50904.0,547013.0,549778.0
2025-02-26 14:00:00,9198.0,9242.0,9184.0,9228.0,132786.0,549778.0,550814.0
2025-02-26 21:00:00,9230.0,9244.0,9130.0,9140.0,278019.0,550814.0,560495.0
2025-02-26 22:00:00,9140.0,9166.0,9114.0,9156.0,185697.0,560495.0,546263.0
2025-02-27 09:00:00,9162.0,9208.0,9072.0,9072.0,311178.0,546263.0,542510.0
2025-02-27 10:00:00,9072.0,9084.0,9018.0,9044.0,213732.0,542510.0,529966.0
2025-02-27 11:00:00,9044.0,9088.0,9036.0,9082.0,91000.0,529966.0,518752.0
2025-02-27 13:00:00,9074.0,9076.0,9046.0,9070.0,60749.0,518752.0,518430.0
2025-02-27 14:00:00,9070.0,9096.0,9062.0,9080.0,110998.0,518430.0,509490.0
2025-02-27 21:00:00,9088.0,9108.0,9048.0,9076.0,215481.0,509490.0,514982.0
2025-02-27 22:00:00,9076.0,9120.0,9076.0,9098.0,134949.0,514982.0,513298.0
2025-02-28 09:00:00,9074.0,9126.0,9052.0,9066.0,186634.0,513298.0,518010.0
2025-02-28 10:00:00,9066.0,9092.0,9026.0,9028.0,121805.0,518010.0,518175.0
2025-02-28 11:00:00,9028.0,9072.0,9018.0,9062.0,76038.0,518175.0,514996.0
2025-02-28 13:00:00,9074.0,9106.0,9070.0,9098.0,82235.0,514996.0,521185.0
2025-02-28 14:00:00,9098.0,9152.0,9074.0,9146.0,180091.0,521185.0,530449.0
2025-02-28 21:00:00,9150.0,9160.0,9112.0,9132.0,166902.0,530449.0,538087.0
2025-02-28 22:00:00,9132.0,9142.0,9068.0,9092.0,165374.0,538087.0,518445.0
2025-03-03 09:00:00,9060.0,9110.0,9042.0,9068.0,194982.0,518445.0,519196.0
2025-03-03 10:00:00,9068.0,9126.0,9044.0,9044.0,133874.0,519196.0,521323.0
2025-03-03 11:00:00,9044.0,9050.0,9008.0,9048.0,109072.0,521323.0,517621.0
2025-03-03 13:00:00,9038.0,9068.0,9034.0,9034.0,69552.0,517621.0,516701.0
2025-03-03 14:00:00,9034.0,9056.0,9020.0,9042.0,97283.0,516701.0,507247.0
2025-03-03 21:00:00,9050.0,9080.0,9030.0,9064.0,151023.0,507247.0,515211.0
2025-03-03 22:00:00,9064.0,9074.0,9008.0,9036.0,140171.0,515211.0,505697.0
2025-03-04 09:00:00,9004.0,9004.0,8828.0,8862.0,424302.0,505697.0,499983.0
2025-03-04 10:00:00,8862.0,8864.0,8814.0,8822.0,121585.0,499983.0,498853.0
2025-03-04 11:00:00,8822.0,8838.0,8810.0,8826.0,57268.0,498853.0,495790.0
2025-03-04 13:00:00,8826.0,8848.0,8804.0,8814.0,84145.0,495790.0,496989.0
2025-03-04 14:00:00,8814.0,8816.0,8790.0,8800.0,117887.0,496989.0,481976.0
2025-03-04 21:00:00,8768.0,8810.0,8754.0,8800.0,193409.0,481976.0,486733.0
2025-03-04 22:00:00,8800.0,8816.0,8776.0,8790.0,108880.0,486733.0,476703.0
2025-03-05 09:00:00,8804.0,8836.0,8760.0,8772.0,159715.0,476703.0,474022.0
2025-03-05 10:00:00,8772.0,8810.0,8746.0,8758.0,123916.0,474022.0,469918.0
2025-03-05 11:00:00,8758.0,8798.0,8756.0,8794.0,54384.0,469918.0,465459.0
2025-03-05 13:00:00,8806.0,8808.0,8782.0,8800.0,43462.0,465459.0,463202.0
2025-03-05 14:00:00,8800.0,8818.0,8790.0,8802.0,88957.0,463202.0,455063.0
2025-03-05 21:00:00,8838.0,8860.0,8794.0,8810.0,225380.0,455063.0,469271.0
2025-03-05 22:00:00,8810.0,8816.0,8766.0,8772.0,131168.0,469271.0,459810.0
2025-03-06 09:00:00,8804.0,8852.0,8798.0,8832.0,164813.0,459810.0,456675.0
2025-03-06 10:00:00,8832.0,8886.0,8830.0,8858.0,130188.0,456675.0,454032.0
2025-03-06 11:00:00,8858.0,8868.0,8840.0,8860.0,46567.0,454032.0,451813.0
2025-03-06 13:00:00,8860.0,8886.0,8848.0,8872.0,50837.0,451813.0,450908.0
2025-03-06 14:00:00,8872.0,8976.0,8862.0,8962.0,224229.0,450908.0,443802.0
2025-03-06 21:00:00,8962.0,8998.0,8924.0,8978.0,226498.0,443802.0,464149.0
2025-03-06 22:00:00,8978.0,9010.0,8968.0,8976.0,158815.0,464149.0,463336.0
2025-03-07 09:00:00,8982.0,8992.0,8944.0,8972.0,158719.0,463336.0,467856.0
2025-03-07 10:00:00,8972.0,8994.0,8948.0,8982.0,92857.0,467856.0,468734.0
2025-03-07 11:00:00,8982.0,9022.0,8970.0,8998.0,65708.0,468734.0,467498.0
2025-03-07 13:00:00,9014.0,9042.0,9000.0,9026.0,109490.0,467498.0,472069.0
2025-03-07 14:00:00,9026.0,9114.0,9014.0,9106.0,242915.0,472069.0,477792.0
2025-03-07 21:00:00,9122.0,9190.0,9122.0,9148.0,277888.0,477792.0,496613.0
2025-03-07 22:00:00,9148.0,9232.0,9144.0,9226.0,184657.0,496613.0,494812.0
2025-03-10 09:00:00,9262.0,9282.0,9190.0,9226.0,279113.0,494812.0,494658.0
2025-03-10 10:00:00,9226.0,9246.0,9164.0,9178.0,133976.0,494658.0,485907.0
2025-03-10 11:00:00,9178.0,9182.0,9132.0,9144.0,89521.0,485907.0,479527.0
2025-03-10 13:00:00,9120.0,9120.0,9022.0,9050.0,172067.0,479527.0,470249.0
2025-03-10 14:00:00,9050.0,9088.0,9044.0,9074.0,153578.0,470249.0,462031.0
2025-03-10 21:00:00,9022.0,9060.0,8996.0,8998.0,252874.0,462031.0,465749.0
2025-03-10 22:00:00,8998.0,9010.0,8968.0,8992.0,160408.0,465749.0,453057.0
2025-03-11 09:00:00,8976.0,8994.0,8912.0,8948.0,195988.0,453057.0,452508.0
2025-03-11 10:00:00,8948.0,8948.0,8892.0,8914.0,114811.0,452508.0,447813.0
2025-03-11 11:00:00,8914.0,8926.0,8890.0,8914.0,57433.0,447813.0,443837.0
2025-03-11 13:00:00,8924.0,8942.0,8892.0,8904.0,72315.0,443837.0,440644.0
2025-03-11 14:00:00,8904.0,8942.0,8876.0,8934.0,154672.0,440644.0,429081.0
2025-03-11 21:00:00,8964.0,8996.0,8930.0,8962.0,222862.0,429081.0,441151.0
2025-03-11 22:00:00,8962.0,8976.0,8936.0,8946.0,104160.0,441151.0,435464.0
2025-03-12 09:00:00,8930.0,9038.0,8926.0,8986.0,223989.0,435464.0,444107.0
2025-03-12 10:00:00,8986.0,9006.0,8972.0,8990.0,93944.0,444107.0,441834.0
2025-03-12 11:00:00,8990.0,9042.0,8988.0,9032.0,81445.0,441834.0,441662.0
2025-03-12 13:00:00,9032.0,9084.0,9032.0,9080.0,105098.0,441662.0,451769.0
2025-03-12 14:00:00,9080.0,9090.0,9028.0,9040.0,157866.0,451769.0,440460.0
2025-03-12 21:00:00,9026.0,9062.0,9008.0,9010.0,197875.0,440460.0,445158.0
2025-03-12 22:00:00,9010.0,9034.0,8986.0,9028.0,151574.0,445158.0,442199.0
2025-03-13 09:00:00,9038.0,9044.0,8950.0,9010.0,213587.0,442199.0,448308.0
2025-03-13 10:00:00,9010.0,9078.0,9008.0,9058.0,132609.0,448308.0,453384.0
2025-03-13 11:00:00,9058.0,9112.0,9050.0,9058.0,99237.0,453384.0,451118.0
2025-03-13 13:00:00,9062.0,9136.0,9052.0,9116.0,118871.0,451118.0,464573.0
2025-03-13 14:00:00,9116.0,9140.0,9080.0,9106.0,158147.0,464573.0,453430.0
2025-03-13 21:00:00,9120.0,9148.0,9086.0,9092.0,192204.0,453430.0,460753.0
2025-03-13 22:00:00,9092.0,9100.0,9068.0,9086.0,132352.0,460753.0,446539.0
2025-03-14 09:00:00,9066.0,9094.0,9038.0,9070.0,150753.0,446539.0,447676.0
2025-03-14 10:00:00,9070.0,9104.0,9022.0,9096.0,142613.0,447676.0,446941.0
2025-03-14 11:00:00,9096.0,9112.0,9068.0,9082.0,84764.0,446941.0,445154.0
2025-03-14 13:00:00,9084.0,9132.0,9080.0,9130.0,71301.0,445154.0,451055.0
2025-03-14 14:00:00,9130.0,9132.0,9092.0,9120.0,120567.0,451055.0,443240.0
2025-03-14 21:00:00,9132.0,9150.0,9100.0,9142.0,161467.0,443240.0,454987.0
2025-03-14 22:00:00,9142.0,9144.0,9072.0,9116.0,158482.0,454987.0,446130.0
2025-03-17 09:00:00,9146.0,9180.0,9080.0,9086.0,254137.0,446130.0,455411.0
2025-03-17 10:00:00,9086.0,9152.0,9054.0,9090.0,178713.0,455411.0,452846.0
2025-03-17 11:00:00,9090.0,9112.0,9070.0,9070.0,54833.0,452846.0,450742.0
2025-03-17 13:00:00,9066.0,9070.0,9036.0,9040.0,81045.0,450742.0,452361.0
2025-03-17 14:00:00,9040.0,9050.0,8984.0,8988.0,171384.0,452361.0,444008.0
2025-03-17 21:00:00,8978.0,8986.0,8934.0,8964.0,208122.0,444008.0,448013.0
2025-03-17 22:00:00,8964.0,8994.0,8958.0,8990.0,87916.0,448013.0,442805.0
2025-03-18 09:00:00,9002.0,9022.0,8978.0,9018.0,131331.0,442805.0,446600.0
2025-03-18 10:00:00,9018.0,9028.0,8974.0,8994.0,99593.0,446600.0,447085.0
2025-03-18 11:00:00,8994.0,8996.0,8954.0,8956.0,68290.0,447085.0,446389.0
2025-03-18 13:00:00,8954.0,8966.0,8940.0,8954.0,85416.0,446389.0,446524.0
2025-03-18 14:00:00,8954.0,9150.0,8940.0,9084.0,453877.0,446524.0,447710.0
2025-03-18 21:00:00,9112.0,9124.0,9086.0,9110.0,159188.0,447710.0,458591.0
2025-03-18 22:00:00,9110.0,9140.0,9076.0,9110.0,175543.0,458591.0,450192.0
2025-03-19 09:00:00,9102.0,9148.0,9080.0,9118.0,174222.0,450192.0,462140.0
2025-03-19 10:00:00,9118.0,9144.0,9090.0,9132.0,120141.0,462140.0,464076.0
2025-03-19 11:00:00,9132.0,9136.0,9072.0,9092.0,86369.0,464076.0,456851.0
2025-03-19 13:00:00,9090.0,9096.0,9024.0,9052.0,107375.0,456851.0,444681.0
2025-03-19 14:00:00,9052.0,9052.0,8930.0,8942.0,273899.0,444681.0,436324.0
2025-03-19 21:00:00,8970.0,8996.0,8924.0,8946.0,218015.0,436324.0,448837.0
2025-03-19 22:00:00,8946.0,8994.0,8938.0,8990.0,149821.0,448837.0,441735.0
2025-03-20 09:00:00,8988.0,9088.0,8974.0,9076.0,291901.0,441735.0,453978.0
2025-03-20 10:00:00,9076.0,9140.0,9072.0,9110.0,175658.0,453978.0,474571.0
2025-03-20 11:00:00,9110.0,9166.0,9104.0,9134.0,125866.0,474571.0,484775.0
2025-03-20 13:00:00,9132.0,9148.0,9120.0,9126.0,85156.0,484775.0,493859.0
2025-03-20 14:00:00,9126.0,9180.0,9120.0,9152.0,217179.0,493859.0,497168.0
2025-03-20 21:00:00,9130.0,9148.0,9086.0,9120.0,228646.0,497168.0,498755.0
2025-03-20 22:00:00,9120.0,9146.0,9106.0,9130.0,139725.0,498755.0,492244.0
2025-03-21 09:00:00,9148.0,9168.0,9024.0,9044.0,276150.0,492244.0,469400.0
2025-03-21 10:00:00,9044.0,9078.0,9006.0,9048.0,189449.0,469400.0,451323.0
2025-03-21 11:00:00,9048.0,9078.0,9032.0,9054.0,68041.0,451323.0,446462.0
2025-03-21 13:00:00,9058.0,9096.0,9058.0,9076.0,74499.0,446462.0,450370.0
2025-03-21 14:00:00,9076.0,9120.0,9058.0,9088.0,165373.0,450370.0,446077.0
2025-03-21 21:00:00,9054.0,9056.0,8988.0,9012.0,213734.0,446077.0,442306.0
2025-03-21 22:00:00,9012.0,9024.0,8976.0,9020.0,146942.0,442306.0,426748.0
2025-03-24 09:00:00,9018.0,9022.0,8968.0,9008.0,187708.0,426748.0,427990.0
2025-03-24 10:00:00,9008.0,9032.0,8956.0,8970.0,162576.0,427990.0,428731.0
2025-03-24 11:00:00,8970.0,9018.0,8952.0,8966.0,92727.0,428731.0,424352.0
2025-03-24 13:00:00,8970.0,8978.0,8958.0,8966.0,55877.0,424352.0,425299.0
2025-03-24 14:00:00,8966.0,9006.0,8958.0,8988.0,118924.0,425299.0,411035.0
2025-03-24 21:00:00,8940.0,8976.0,8898.0,8958.0,255411.0,411035.0,419937.0
2025-03-24 22:00:00,8958.0,9030.0,8954.0,9028.0,159601.0,419937.0,418337.0
2025-03-25 09:00:00,9028.0,9056.0,9000.0,9036.0,166490.0,418337.0,429919.0
2025-03-25 10:00:00,9036.0,9068.0,8906.0,8910.0,267258.0,429919.0,432307.0
2025-03-25 11:00:00,8910.0,8930.0,8828.0,8838.0,301433.0,432307.0,442622.0
2025-03-25 13:00:00,8850.0,8862.0,8818.0,8822.0,133800.0,442622.0,452306.0
2025-03-25 14:00:00,8822.0,8836.0,8800.0,8812.0,206969.0,452306.0,439209.0
2025-03-25 21:00:00,8814.0,8852.0,8804.0,8838.0,179831.0,439209.0,438719.0
2025-03-25 22:00:00,8838.0,8844.0,8816.0,8836.0,104941.0,438719.0,429248.0
2025-03-26 09:00:00,8832.0,8850.0,8782.0,8840.0,213174.0,429248.0,425113.0
2025-03-26 10:00:00,8840.0,8896.0,8826.0,8838.0,218995.0,425113.0,417345.0
2025-03-26 11:00:00,8838.0,8850.0,8816.0,8834.0,78349.0,417345.0,414857.0
2025-03-26 13:00:00,8862.0,8876.0,8834.0,8848.0,78219.0,414857.0,414550.0
2025-03-26 14:00:00,8848.0,8860.0,8826.0,8846.0,136716.0,414550.0,406743.0
2025-03-26 21:00:00,8882.0,8890.0,8844.0,8866.0,166890.0,406743.0,413252.0
2025-03-26 22:00:00,8866.0,8884.0,8860.0,8870.0,82524.0,413252.0,404157.0
2025-03-27 09:00:00,8866.0,8872.0,8806.0,8864.0,195803.0,404157.0,403819.0
2025-03-27 10:00:00,8864.0,8908.0,8864.0,8884.0,146067.0,403819.0,407730.0
2025-03-27 11:00:00,8884.0,8896.0,8868.0,8888.0,56322.0,407730.0,408288.0
2025-03-27 13:00:00,8892.0,8900.0,8872.0,8876.0,54052.0,408288.0,408350.0
2025-03-27 14:00:00,8876.0,8890.0,8860.0,8886.0,108998.0,408350.0,396311.0
2025-03-27 21:00:00,8960.0,9048.0,8952.0,9036.0,363998.0,396311.0,418446.0
2025-03-27 22:00:00,9036.0,9068.0,9016.0,9058.0,132530.0,418446.0,414569.0
2025-03-28 09:00:00,9062.0,9128.0,9056.0,9080.0,252636.0,414569.0,439102.0
2025-03-28 10:00:00,9080.0,9096.0,9052.0,9072.0,128979.0,439102.0,432966.0
2025-03-28 11:00:00,9072.0,9110.0,9066.0,9086.0,76487.0,432966.0,439615.0
2025-03-28 13:00:00,9084.0,9104.0,9072.0,9100.0,49385.0,439615.0,444697.0
2025-03-28 14:00:00,9100.0,9106.0,9060.0,9088.0,113525.0,444697.0,430958.0
2025-03-28 21:00:00,9106.0,9116.0,9066.0,9070.0,137730.0,430958.0,438611.0
2025-03-28 22:00:00,9070.0,9092.0,9054.0,9084.0,103593.0,438611.0,428967.0
2025-03-31 09:00:00,9104.0,9114.0,9040.0,9070.0,188514.0,428967.0,427596.0
2025-03-31 10:00:00,9070.0,9086.0,9042.0,9064.0,76755.0,427596.0,424537.0
2025-03-31 11:00:00,9064.0,9076.0,9032.0,9062.0,63113.0,424537.0,419733.0
2025-03-31 13:00:00,9070.0,9072.0,9046.0,9070.0,40513.0,419733.0,417854.0
2025-03-31 14:00:00,9070.0,9130.0,9064.0,9104.0,174207.0,417854.0,417753.0
2025-03-31 21:00:00,9084.0,9108.0,9052.0,9106.0,154382.0,417753.0,414742.0
2025-03-31 22:00:00,9106.0,9136.0,9092.0,9102.0,131312.0,414742.0,413553.0
2025-04-01 09:00:00,9088.0,9132.0,9070.0,9092.0,185538.0,413553.0,412697.0
2025-04-01 10:00:00,9092.0,9144.0,9072.0,9134.0,135654.0,412697.0,425765.0
2025-04-01 11:00:00,9134.0,9180.0,9120.0,9144.0,93884.0,425765.0,433730.0
2025-04-01 13:00:00,9144.0,9192.0,9134.0,9166.0,100738.0,433730.0,443386.0
2025-04-01 14:00:00,9166.0,9182.0,9140.0,9146.0,119469.0,443386.0,430657.0
2025-04-01 21:00:00,9172.0,9216.0,9148.0,9204.0,170774.0,430657.0,447427.0
2025-04-01 22:00:00,9204.0,9278.0,9192.0,9272.0,192296.0,447427.0,447253.0
2025-04-02 09:00:00,9288.0,9346.0,9262.0,9284.0,264265.0,447253.0,450907.0
2025-04-02 10:00:00,9284.0,9310.0,9252.0,9304.0,123565.0,450907.0,447079.0
2025-04-02 11:00:00,9304.0,9308.0,9286.0,9300.0,36551.0,447079.0,446938.0
2025-04-02 13:00:00,9300.0,9312.0,9292.0,9296.0,45962.0,446938.0,449117.0
2025-04-02 14:00:00,9296.0,9312.0,9276.0,9304.0,117774.0,449117.0,440631.0
2025-04-02 21:00:00,9300.0,9326.0,9284.0,9300.0,136433.0,440631.0,448015.0
2025-04-02 22:00:00,9300.0,9314.0,9278.0,9296.0,99597.0,448015.0,440569.0
2025-04-03 09:00:00,9266.0,9288.0,9208.0,9234.0,238442.0,440569.0,426722.0
2025-04-03 10:00:00,9234.0,9238.0,9192.0,9200.0,128722.0,426722.0,414583.0
2025-04-03 11:00:00,9200.0,9200.0,9154.0,9164.0,92260.0,414583.0,403262.0
2025-04-03 13:00:00,9164.0,9198.0,9152.0,9198.0,59397.0,403262.0,395094.0
2025-04-03 14:00:00,9198.0,9214.0,9182.0,9198.0,99341.0,395094.0,380279.0
2025-04-07 09:00:00,8850.0,8948.0,8760.0,8802.0,475127.0,380279.0,311905.0
2025-04-07 10:00:00,8802.0,8860.0,8776.0,8840.0,120978.0,311905.0,302090.0
2025-04-07 11:00:00,8840.0,8852.0,8826.0,8828.0,40235.0,302090.0,298630.0
2025-04-07 13:00:00,8832.0,8832.0,8750.0,8756.0,81426.0,298630.0,298134.0
2025-04-07 14:00:00,8756.0,8760.0,8692.0,8740.0,193325.0,298134.0,291189.0
2025-04-07 21:00:00,8750.0,8766.0,8710.0,8754.0,179772.0,291189.0,290011.0
2025-04-07 22:00:00,8754.0,8820.0,8748.0,8762.0,165160.0,290011.0,276880.0
2025-04-08 09:00:00,8786.0,8796.0,8734.0,8748.0,130493.0,276880.0,271386.0
2025-04-08 10:00:00,8748.0,8790.0,8734.0,8736.0,87250.0,271386.0,271207.0
2025-04-08 11:00:00,8736.0,8762.0,8722.0,8750.0,54443.0,271207.0,267638.0
2025-04-08 13:00:00,8750.0,8778.0,8742.0,8746.0,45489.0,267638.0,264364.0
2025-04-08 14:00:00,8746.0,8760.0,8716.0,8758.0,105274.0,264364.0,257496.0
2025-04-08 21:00:00,8720.0,8778.0,8690.0,8710.0,175436.0,257496.0,264491.0
2025-04-08 22:00:00,8710.0,8746.0,8710.0,8716.0,77175.0,264491.0,257585.0
2025-04-09 09:00:00,8682.0,8682.0,8574.0,8658.0,221035.0,257585.0,249197.0
2025-04-09 10:00:00,8658.0,8674.0,8592.0,8630.0,93254.0,249197.0,244042.0
2025-04-09 11:00:00,8630.0,8642.0,8510.0,8570.0,109743.0,244042.0,244131.0
2025-04-09 13:00:00,8546.0,8574.0,8510.0,8560.0,60918.0,244131.0,239666.0
2025-04-09 14:00:00,8560.0,8618.0,8540.0,8588.0,112833.0,239666.0,231001.0
2025-04-09 21:00:00,8534.0,8606.0,8514.0,8598.0,147602.0,231001.0,228146.0
2025-04-09 22:00:00,8598.0,8610.0,8560.0,8566.0,71906.0,228146.0,221920.0
2025-04-10 09:00:00,8708.0,8810.0,8690.0,8756.0,214374.0,221920.0,216402.0
2025-04-10 10:00:00,8756.0,8790.0,8752.0,8762.0,67374.0,216402.0,213978.0
2025-04-10 11:00:00,8762.0,8800.0,8748.0,8756.0,48711.0,213978.0,210241.0
2025-04-10 13:00:00,8752.0,8762.0,8740.0,8754.0,35897.0,210241.0,208294.0
2025-04-10 14:00:00,8754.0,8768.0,8736.0,8754.0,55249.0,208294.0,201398.0
2025-04-10 21:00:00,8700.0,8740.0,8694.0,8720.0,95223.0,201398.0,201152.0
2025-04-10 22:00:00,8720.0,8798.0,8712.0,8794.0,91470.0,201152.0,200056.0
2025-04-11 09:00:00,8784.0,8832.0,8766.0,8800.0,122937.0,200056.0,196853.0
2025-04-11 10:00:00,8800.0,8810.0,8752.0,8752.0,72691.0,196853.0,190203.0
2025-04-11 11:00:00,8752.0,8780.0,8734.0,8744.0,52550.0,190203.0,183977.0
2025-04-11 13:00:00,8746.0,8770.0,8728.0,8768.0,45850.0,183977.0,181043.0
2025-04-11 14:00:00,8768.0,8780.0,8744.0,8748.0,68505.0,181043.0,172008.0
2025-04-11 21:00:00,8794.0,8798.0,8720.0,8746.0,91177.0,172008.0,176452.0
2025-04-11 22:00:00,8746.0,8790.0,8708.0,8760.0,91932.0,176452.0,169319.0
2025-04-14 09:00:00,8778.0,8794.0,8732.0,8768.0,85597.0,169319.0,167058.0
2025-04-14 10:00:00,8768.0,8788.0,8738.0,8758.0,59604.0,167058.0,164088.0
2025-04-14 11:00:00,8758.0,8760.0,8722.0,8726.0,36538.0,164088.0,163411.0
2025-04-14 13:00:00,8726.0,8754.0,8718.0,8750.0,24745.0,163411.0,162010.0
2025-04-14 14:00:00,8750.0,8802.0,8744.0,8748.0,84358.0,162010.0,156589.0
2025-04-14 21:00:00,8746.0,8770.0,8738.0,8760.0,64958.0,156589.0,152783.0
2025-04-14 22:00:00,8760.0,8772.0,8744.0,8750.0,35154.0,152783.0,146716.0
2025-04-15 09:00:00,8742.0,8752.0,8706.0,8722.0,59550.0,146716.0,144254.0
2025-04-15 10:00:00,8722.0,8724.0,8680.0,8694.0,39625.0,144254.0,143271.0
2025-04-15 11:00:00,8694.0,8722.0,8666.0,8718.0,31161.0,143271.0,141306.0
2025-04-15 13:00:00,8730.0,8736.0,8708.0,8718.0,26051.0,141306.0,139010.0
2025-04-15 14:00:00,8718.0,8726.0,8696.0,8720.0,39538.0,139010.0,134408.0
2025-04-15 21:00:00,8106.0,8126.0,8082.0,8124.0,98903.0,134408.0,337736.0
2025-04-15 22:00:00,8124.0,8150.0,8116.0,8148.0,67378.0,337736.0,331262.0
2025-04-16 09:00:00,8170.0,8176.0,8122.0,8132.0,96726.0,331262.0,337672.0
2025-04-16 10:00:00,8132.0,8136.0,8086.0,8098.0,91663.0,337672.0,347124.0
2025-04-16 11:00:00,8098.0,8104.0,8074.0,8076.0,48761.0,347124.0,345819.0
2025-04-16 13:00:00,8084.0,8106.0,8076.0,8094.0,42417.0,345819.0,345573.0
2025-04-16 14:00:00,8094.0,8094.0,8046.0,8078.0,124937.0,345573.0,342998.0
2025-04-16 21:00:00,8102.0,8116.0,8082.0,8112.0,118843.0,342998.0,348648.0
2025-04-16 22:00:00,8112.0,8122.0,8094.0,8096.0,60554.0,348648.0,345366.0
2025-04-17 09:00:00,8104.0,8138.0,8104.0,8124.0,95963.0,345366.0,344409.0
2025-04-17 10:00:00,8124.0,8160.0,8114.0,8152.0,75326.0,344409.0,346685.0
2025-04-17 11:00:00,8152.0,8182.0,8152.0,8178.0,51064.0,346685.0,346311.0
2025-04-17 13:00:00,8188.0,8204.0,8176.0,8194.0,72787.0,346311.0,350169.0
2025-04-17 14:00:00,8194.0,8208.0,8186.0,8204.0,100675.0,350169.0,350406.0
2025-04-17 21:00:00,8162.0,8204.0,8156.0,8176.0,129514.0,350406.0,357143.0
2025-04-17 22:00:00,8176.0,8182.0,8158.0,8164.0,95502.0,357143.0,350908.0
2025-04-18 09:00:00,8176.0,8198.0,8146.0,8172.0,129194.0,350908.0,356354.0
2025-04-18 10:00:00,8172.0,8190.0,8140.0,8142.0,85296.0,356354.0,355318.0
2025-04-18 11:00:00,8142.0,8158.0,8138.0,8146.0,41545.0,355318.0,354382.0
2025-04-18 13:00:00,8146.0,8152.0,8126.0,8142.0,54517.0,354382.0,356111.0
2025-04-18 14:00:00,8142.0,8164.0,8128.0,8132.0,84206.0,356111.0,355427.0
2025-04-18 21:00:00,8110.0,8132.0,8080.0,8124.0,118322.0,355427.0,359985.0
2025-04-18 22:00:00,8124.0,8156.0,8116.0,8154.0,66840.0,359985.0,355621.0
2025-04-21 09:00:00,8158.0,8162.0,8062.0,8072.0,216896.0,355621.0,367103.0
2025-04-21 10:00:00,8072.0,8092.0,8026.0,8038.0,124743.0,367103.0,384129.0
2025-04-21 11:00:00,8038.0,8052.0,8008.0,8050.0,78428.0,384129.0,385312.0
2025-04-21 13:00:00,8040.0,8054.0,8024.0,8054.0,43045.0,385312.0,386474.0
2025-04-21 14:00:00,8054.0,8070.0,8042.0,8068.0,92187.0,386474.0,379404.0
2025-04-21 21:00:00,8026.0,8040.0,7986.0,7996.0,199168.0,379404.0,402831.0
2025-04-21 22:00:00,7996.0,8012.0,7972.0,7980.0,103089.0,402831.0,401644.0
2025-04-22 09:00:00,7996.0,8066.0,7994.0,8054.0,169022.0,401644.0,385099.0
2025-04-22 10:00:00,8054.0,8086.0,8036.0,8048.0,128138.0,385099.0,380304.0
2025-04-22 11:00:00,8048.0,8076.0,8040.0,8066.0,52252.0,380304.0,378281.0
2025-04-22 13:00:00,8070.0,8118.0,8070.0,8112.0,84196.0,378281.0,381225.0
2025-04-22 14:00:00,8112.0,8156.0,8104.0,8130.0,200587.0,381225.0,375390.0
2025-04-22 21:00:00,8152.0,8154.0,8112.0,8124.0,114866.0,375390.0,381910.0
2025-04-22 22:00:00,8124.0,8136.0,8088.0,8102.0,87471.0,381910.0,373180.0
2025-04-23 09:00:00,8118.0,8194.0,8118.0,8134.0,189464.0,373180.0,377916.0
2025-04-23 10:00:00,8134.0,8150.0,8094.0,8124.0,107041.0,377916.0,378596.0
2025-04-23 11:00:00,8124.0,8178.0,8112.0,8164.0,83122.0,378596.0,374682.0
2025-04-23 13:00:00,8174.0,8188.0,8170.0,8180.0,64161.0,374682.0,382737.0
2025-04-23 14:00:00,8180.0,8220.0,8178.0,8218.0,140706.0,382737.0,384821.0
2025-04-23 21:00:00,8190.0,8240.0,8180.0,8230.0,180707.0,384821.0,393138.0
2025-04-23 22:00:00,8230.0,8242.0,8188.0,8218.0,130456.0,393138.0,388102.0
2025-04-24 09:00:00,8218.0,8228.0,8196.0,8196.0,95464.0,388102.0,392448.0
2025-04-24 10:00:00,8196.0,8236.0,8190.0,8230.0,104698.0,392448.0,390404.0
2025-04-24 11:00:00,8230.0,8240.0,8208.0,8220.0,50015.0,390404.0,393126.0
2025-04-24 13:00:00,8218.0,8232.0,8214.0,8220.0,46680.0,393126.0,393730.0
2025-04-24 14:00:00,8220.0,8234.0,8208.0,8230.0,81511.0,393730.0,392318.0
2025-04-24 21:00:00,8252.0,8306.0,8242.0,8256.0,199533.0,392318.0,397989.0
2025-04-24 22:00:00,8256.0,8266.0,8236.0,8260.0,77077.0,397989.0,392329.0
2025-04-25 09:00:00,8316.0,8416.0,8304.0,8404.0,280581.0,392329.0,424785.0
2025-04-25 10:00:00,8404.0,8438.0,8398.0,8426.0,120643.0,424785.0,438733.0
2025-04-25 11:00:00,8426.0,8448.0,8420.0,8428.0,64032.0,438733.0,437336.0
2025-04-25 13:00:00,8418.0,8418.0,8386.0,8394.0,81580.0,437336.0,430003.0
2025-04-25 14:00:00,8394.0,8404.0,8362.0,8376.0,139986.0,430003.0,414485.0
2025-04-25 21:00:00,8350.0,8368.0,8336.0,8344.0,127019.0,414485.0,422354.0
2025-04-25 22:00:00,8344.0,8352.0,8310.0,8310.0,85521.0,422354.0,413394.0
2025-04-28 09:00:00,8298.0,8298.0,8258.0,8268.0,153393.0,413394.0,406856.0
2025-04-28 10:00:00,8268.0,8276.0,8208.0,8212.0,112276.0,406856.0,402373.0
2025-04-28 11:00:00,8212.0,8228.0,8192.0,8208.0,68091.0,402373.0,399511.0
2025-04-28 13:00:00,8196.0,8202.0,8186.0,8194.0,58421.0,399511.0,403866.0
2025-04-28 14:00:00,8194.0,8200.0,8172.0,8174.0,117206.0,403866.0,396375.0
2025-04-28 21:00:00,8198.0,8208.0,8160.0,8172.0,135401.0,396375.0,395458.0
2025-04-28 22:00:00,8172.0,8196.0,8168.0,8182.0,68651.0,395458.0,387925.0
2025-04-29 09:00:00,8190.0,8200.0,8156.0,8172.0,95748.0,387925.0,387568.0
2025-04-29 10:00:00,8172.0,8180.0,8132.0,8140.0,97402.0,387568.0,382122.0
2025-04-29 11:00:00,8140.0,8142.0,8128.0,8134.0,36241.0,382122.0,380525.0
2025-04-29 13:00:00,8132.0,8144.0,8126.0,8134.0,35066.0,380525.0,380745.0
2025-04-29 14:00:00,8134.0,8138.0,8116.0,8120.0,82279.0,380745.0,376072.0
2025-04-29 21:00:00,8124.0,8134.0,8104.0,8120.0,82571.0,376072.0,377615.0
2025-04-29 22:00:00,8120.0,8124.0,8080.0,8084.0,71890.0,377615.0,371485.0
2025-04-30 09:00:00,8096.0,8112.0,8052.0,8090.0,118292.0,371485.0,369620.0
2025-04-30 10:00:00,8090.0,8106.0,8072.0,8096.0,64733.0,369620.0,363402.0
2025-04-30 11:00:00,8096.0,8114.0,8092.0,8100.0,32138.0,363402.0,361353.0
2025-04-30 13:00:00,8106.0,8138.0,8104.0,8122.0,55538.0,361353.0,358992.0
2025-04-30 14:00:00,8122.0,8156.0,8120.0,8148.0,79001.0,358992.0,346968.0
2025-05-06 09:00:00,8020.0,8048.0,7940.0,7968.0,245876.0,346968.0,370090.0
2025-05-06 10:00:00,7968.0,7976.0,7928.0,7964.0,80551.0,370090.0,368369.0
2025-05-06 11:00:00,7964.0,8020.0,7958.0,8008.0,61088.0,368369.0,362104.0
2025-05-06 13:00:00,8020.0,8036.0,7970.0,7972.0,71900.0,362104.0,364970.0
2025-05-06 14:00:00,7972.0,8002.0,7958.0,7974.0,90060.0,364970.0,367565.0
2025-05-06 21:00:00,7946.0,7960.0,7918.0,7932.0,194891.0,367565.0,402554.0
2025-05-06 22:00:00,7932.0,7938.0,7910.0,7912.0,67012.0,402554.0,402082.0
2025-05-07 09:00:00,7946.0,7974.0,7914.0,7918.0,161105.0,402082.0,413956.0
2025-05-07 10:00:00,7918.0,7928.0,7884.0,7902.0,114608.0,413956.0,425907.0
2025-05-07 11:00:00,7902.0,7916.0,7888.0,7890.0,48823.0,425907.0,428489.0
2025-05-07 13:00:00,7910.0,7916.0,7896.0,7902.0,54022.0,428489.0,434878.0
2025-05-07 14:00:00,7902.0,7940.0,7898.0,7914.0,108256.0,434878.0,426121.0
2025-05-07 21:00:00,7880.0,7904.0,7866.0,7886.0,135297.0,426121.0,438376.0
2025-05-07 22:00:00,7886.0,7894.0,7852.0,7862.0,85298.0,438376.0,435016.0
2025-05-08 09:00:00,7840.0,7852.0,7812.0,7836.0,126624.0,435016.0,442562.0
2025-05-08 10:00:00,7836.0,7884.0,7818.0,7860.0,110158.0,442562.0,438645.0
2025-05-08 11:00:00,7860.0,7886.0,7854.0,7874.0,56840.0,438645.0,438521.0
2025-05-08 13:00:00,7868.0,7880.0,7838.0,7876.0,61129.0,438521.0,438974.0
2025-05-08 14:00:00,7876.0,7910.0,7864.0,7908.0,110612.0,438974.0,428821.0
2025-05-08 21:00:00,7944.0,7980.0,7932.0,7964.0,184155.0,428821.0,427291.0
2025-05-08 22:00:00,7964.0,7976.0,7946.0,7952.0,90495.0,427291.0,418635.0
2025-05-09 09:00:00,7962.0,7980.0,7954.0,7966.0,83521.0,418635.0,420806.0
2025-05-09 10:00:00,7966.0,7988.0,7954.0,7962.0,71185.0,420806.0,420548.0
2025-05-09 11:00:00,7962.0,7970.0,7902.0,7902.0,78893.0,420548.0,415724.0
2025-05-09 13:00:00,7902.0,7902.0,7880.0,7892.0,51085.0,415724.0,418289.0
2025-05-09 14:00:00,7892.0,7904.0,7870.0,7886.0,80137.0,418289.0,415413.0
2025-05-09 21:00:00,7932.0,7950.0,7906.0,7938.0,128635.0,415413.0,415186.0
2025-05-09 22:00:00,7938.0,7948.0,7916.0,7940.0,48665.0,415186.0,408363.0
2025-05-12 09:00:00,7962.0,7994.0,7898.0,7950.0,209530.0,408363.0,409803.0
2025-05-12 10:00:00,7950.0,7978.0,7934.0,7958.0,70469.0,409803.0,410460.0
2025-05-12 11:00:00,7958.0,7970.0,7928.0,7932.0,36150.0,410460.0,409590.0
2025-05-12 13:00:00,7938.0,7980.0,7926.0,7972.0,47900.0,409590.0,411279.0
2025-05-12 14:00:00,7972.0,8030.0,7970.0,8024.0,132673.0,411279.0,404100.0
2025-05-12 21:00:00,8066.0,8082.0,8030.0,8034.0,154286.0,404100.0,408224.0
2025-05-12 22:00:00,8034.0,8040.0,8004.0,8022.0,70221.0,408224.0,403628.0
2025-05-13 09:00:00,8028.0,8052.0,8004.0,8042.0,102807.0,403628.0,411501.0
2025-05-13 10:00:00,8042.0,8048.0,8006.0,8028.0,75918.0,411501.0,412961.0
2025-05-13 11:00:00,8028.0,8050.0,8018.0,8036.0,45818.0,412961.0,411892.0
2025-05-13 13:00:00,8000.0,8008.0,7940.0,7944.0,153193.0,411892.0,416009.0
2025-05-13 14:00:00,7944.0,7964.0,7938.0,7954.0,95287.0,416009.0,409349.0
2025-05-13 21:00:00,7994.0,8038.0,7990.0,8008.0,132355.0,409349.0,413047.0
2025-05-13 22:00:00,8008.0,8042.0,7998.0,8036.0,79993.0,413047.0,407383.0
2025-05-14 09:00:00,8092.0,8146.0,8088.0,8134.0,199398.0,407383.0,411486.0
2025-05-14 10:00:00,8134.0,8158.0,8116.0,8152.0,118823.0,411486.0,419661.0
2025-05-14 11:00:00,8152.0,8192.0,8150.0,8162.0,104785.0,419661.0,422156.0
2025-05-14 13:00:00,8152.0,8170.0,8138.0,8164.0,49050.0,422156.0,421583.0
2025-05-14 14:00:00,8164.0,8190.0,8152.0,8184.0,108382.0,421583.0,413927.0
2025-05-14 21:00:00,8142.0,8200.0,8134.0,8180.0,141482.0,413927.0,419399.0
2025-05-14 22:00:00,8180.0,8198.0,8168.0,8176.0,68155.0,419399.0,413344.0
2025-05-15 09:00:00,8108.0,8120.0,8070.0,8092.0,200160.0,413344.0,403967.0
2025-05-15 10:00:00,8092.0,8102.0,8060.0,8064.0,79409.0,403967.0,400976.0
2025-05-15 11:00:00,8064.0,8066.0,8040.0,8054.0,51816.0,400976.0,396627.0
2025-05-15 13:00:00,8052.0,8052.0,8034.0,8042.0,31864.0,396627.0,396802.0
2025-05-15 14:00:00,8042.0,8060.0,8026.0,8048.0,96014.0,396802.0,387440.0
2025-05-15 21:00:00,8018.0,8050.0,8006.0,8028.0,116468.0,387440.0,395082.0
2025-05-15 22:00:00,8028.0,8034.0,7992.0,7998.0,75312.0,395082.0,394394.0
2025-05-16 09:00:00,7970.0,8000.0,7954.0,7986.0,110326.0,394394.0,399483.0
2025-05-16 10:00:00,7986.0,8012.0,7978.0,8000.0,57596.0,399483.0,401588.0
2025-05-16 11:00:00,8000.0,8036.0,7988.0,8030.0,43229.0,401588.0,400628.0
2025-05-16 13:00:00,8034.0,8038.0,8008.0,8016.0,30392.0,400628.0,401075.0
2025-05-16 14:00:00,8016.0,8036.0,7982.0,7984.0,81327.0,401075.0,397913.0
2025-05-16 21:00:00,7950.0,8010.0,7942.0,8010.0,94552.0,397913.0,401968.0
2025-05-16 22:00:00,8010.0,8038.0,8008.0,8022.0,72591.0,401968.0,397109.0
2025-05-19 09:00:00,8022.0,8030.0,7980.0,7998.0,107043.0,397109.0,394225.0
2025-05-19 10:00:00,7998.0,8038.0,7994.0,8012.0,87000.0,394225.0,395914.0
2025-05-19 11:00:00,8012.0,8018.0,7990.0,7992.0,33889.0,395914.0,395325.0
2025-05-19 13:00:00,7994.0,8044.0,7990.0,8030.0,58116.0,395325.0,398624.0
2025-05-19 14:00:00,8030.0,8032.0,7980.0,7998.0,83839.0,398624.0,395122.0
2025-05-19 21:00:00,8022.0,8050.0,8002.0,8006.0,119033.0,395122.0,397387.0
2025-05-19 22:00:00,8006.0,8058.0,8000.0,8054.0,83587.0,397387.0,396826.0
2025-05-20 09:00:00,8040.0,8088.0,8040.0,8072.0,106084.0,396826.0,403693.0
2025-05-20 10:00:00,8072.0,8110.0,8062.0,8104.0,100721.0,403693.0,413321.0
2025-05-20 11:00:00,8104.0,8142.0,8104.0,8120.0,74293.0,413321.0,418237.0
2025-05-20 13:00:00,8120.0,8144.0,8120.0,8134.0,48186.0,418237.0,426397.0
2025-05-20 14:00:00,8134.0,8140.0,8098.0,8106.0,99866.0,426397.0,415867.0
2025-05-20 21:00:00,8098.0,8120.0,8088.0,8098.0,120076.0,415867.0,417543.0
2025-05-20 22:00:00,8098.0,8112.0,8090.0,8094.0,63947.0,417543.0,411555.0
2025-05-21 09:00:00,8124.0,8148.0,8116.0,8132.0,120577.0,411555.0,417447.0
2025-05-21 10:00:00,8132.0,8140.0,8072.0,8078.0,102875.0,417447.0,409457.0
2025-05-21 11:00:00,8078.0,8094.0,8056.0,8094.0,77786.0,409457.0,399597.0
2025-05-21 13:00:00,8102.0,8110.0,8092.0,8094.0,45933.0,399597.0,402513.0
2025-05-21 14:00:00,8094.0,8120.0,8094.0,8104.0,76119.0,402513.0,398191.0
2025-05-21 21:00:00,8096.0,8098.0,8072.0,8076.0,95529.0,398191.0,399927.0
2025-05-21 22:00:00,8076.0,8092.0,8066.0,8088.0,68480.0,399927.0,393525.0
2025-05-22 09:00:00,8024.0,8024.0,7990.0,8008.0,166601.0,393525.0,385782.0
2025-05-22 10:00:00,8008.0,8020.0,8000.0,8012.0,50798.0,385782.0,385193.0
2025-05-22 11:00:00,8012.0,8066.0,8002.0,8058.0,66855.0,385193.0,383927.0
2025-05-22 13:00:00,8044.0,8052.0,8034.0,8042.0,41593.0,383927.0,384381.0
2025-05-22 14:00:00,8042.0,8046.0,7984.0,7994.0,131258.0,384381.0,381976.0
2025-05-22 21:00:00,7996.0,8030.0,7986.0,8018.0,104336.0,381976.0,387000.0
2025-05-22 22:00:00,8018.0,8050.0,8010.0,8046.0,76734.0,387000.0,385172.0
2025-05-23 09:00:00,8060.0,8092.0,8060.0,8062.0,105778.0,385172.0,397541.0
2025-05-23 10:00:00,8062.0,8068.0,8008.0,8010.0,109592.0,397541.0,392904.0
2025-05-23 11:00:00,8010.0,8040.0,8008.0,8018.0,50252.0,392904.0,388546.0
2025-05-23 13:00:00,8018.0,8036.0,8018.0,8032.0,23676.0,388546.0,388392.0
2025-05-23 14:00:00,8032.0,8034.0,8004.0,8006.0,64474.0,388392.0,384288.0
2025-05-23 21:00:00,7982.0,7998.0,7952.0,7996.0,124057.0,384288.0,387170.0
2025-05-23 22:00:00,7996.0,8008.0,7974.0,7978.0,51391.0,387170.0,381868.0
2025-05-26 09:00:00,7984.0,8036.0,7976.0,8022.0,107173.0,381868.0,386897.0
2025-05-26 10:00:00,8022.0,8032.0,7960.0,7972.0,101811.0,386897.0,388018.0
2025-05-26 11:00:00,7972.0,7982.0,7960.0,7970.0,30280.0,388018.0,388507.0
2025-05-26 13:00:00,7964.0,7974.0,7940.0,7946.0,41614.0,388507.0,390389.0
2025-05-26 14:00:00,7946.0,7956.0,7928.0,7954.0,93494.0,390389.0,390404.0
2025-05-26 21:00:00,7982.0,7998.0,7970.0,7992.0,112960.0,390404.0,393236.0
2025-05-26 22:00:00,7992.0,7992.0,7972.0,7982.0,43503.0,393236.0,387661.0
2025-05-27 09:00:00,7994.0,8040.0,7970.0,7982.0,150065.0,387661.0,390403.0
2025-05-27 10:00:00,7982.0,8012.0,7972.0,7998.0,61155.0,390403.0,386841.0
2025-05-27 11:00:00,7998.0,8010.0,7988.0,8004.0,28765.0,386841.0,386257.0
2025-05-27 13:00:00,7992.0,8008.0,7982.0,8008.0,37818.0,386257.0,385508.0
2025-05-27 14:00:00,8008.0,8048.0,8000.0,8044.0,96747.0,385508.0,391040.0
2025-05-27 21:00:00,8070.0,8078.0,8032.0,8048.0,114875.0,391040.0,403651.0
2025-05-27 22:00:00,8048.0,8068.0,8036.0,8048.0,75721.0,403651.0,400488.0
2025-05-28 09:00:00,8062.0,8106.0,8056.0,8076.0,129260.0,400488.0,413673.0
2025-05-28 10:00:00,8076.0,8086.0,8050.0,8062.0,75434.0,413673.0,414360.0
2025-05-28 11:00:00,8062.0,8100.0,8060.0,8076.0,54074.0,414360.0,418673.0
2025-05-28 13:00:00,8090.0,8096.0,8082.0,8084.0,28753.0,418673.0,421681.0
2025-05-28 14:00:00,8084.0,8114.0,8070.0,8076.0,117897.0,421681.0,420256.0
2025-05-28 21:00:00,8098.0,8118.0,8078.0,8078.0,132957.0,420256.0,428336.0
2025-05-28 22:00:00,8078.0,8094.0,8062.0,8068.0,76211.0,428336.0,416791.0
2025-05-29 09:00:00,8082.0,8172.0,8066.0,8158.0,216997.0,416791.0,452854.0
2025-05-29 10:00:00,8158.0,8180.0,8132.0,8162.0,96722.0,452854.0,458204.0
2025-05-29 11:00:00,8162.0,8180.0,8162.0,8168.0,54485.0,458204.0,463972.0
2025-05-29 13:00:00,8172.0,8194.0,8172.0,8190.0,49886.0,463972.0,472869.0
2025-05-29 14:00:00,8190.0,8198.0,8174.0,8190.0,94436.0,472869.0,475283.0
2025-05-29 21:00:00,8154.0,8166.0,8144.0,8156.0,125568.0,475283.0,470578.0
2025-05-29 22:00:00,8156.0,8178.0,8146.0,8152.0,82047.0,470578.0,466453.0
2025-05-30 09:00:00,8132.0,8136.0,8104.0,8114.0,122971.0,466453.0,449661.0
2025-05-30 10:00:00,8114.0,8116.0,8026.0,8052.0,167608.0,449661.0,416623.0
2025-05-30 11:00:00,8052.0,8082.0,8036.0,8046.0,64161.0,416623.0,403927.0
2025-05-30 13:00:00,8044.0,8050.0,8030.0,8044.0,41066.0,403927.0,400321.0
2025-05-30 14:00:00,8044.0,8062.0,8032.0,8060.0,80812.0,400321.0,385610.0
2025-06-03 09:00:00,8110.0,8250.0,8096.0,8188.0,293397.0,385610.0,433962.0
2025-06-03 10:00:00,8188.0,8218.0,8166.0,8208.0,106436.0,433962.0,453599.0
2025-06-03 11:00:00,8208.0,8238.0,8208.0,8232.0,74462.0,453599.0,466642.0
2025-06-03 13:00:00,8232.0,8232.0,8172.0,8182.0,75822.0,466642.0,465956.0
2025-06-03 14:00:00,8182.0,8204.0,8178.0,8196.0,109327.0,465956.0,468327.0
2025-06-03 21:00:00,8196.0,8204.0,8166.0,8192.0,129100.0,468327.0,468395.0
2025-06-03 22:00:00,8192.0,8210.0,8186.0,8198.0,71107.0,468395.0,468856.0
2025-06-04 09:00:00,8188.0,8192.0,8168.0,8182.0,98626.0,468856.0,464704.0
2025-06-04 10:00:00,8182.0,8186.0,8120.0,8126.0,118141.0,464704.0,460200.0
2025-06-04 11:00:00,8126.0,8130.0,8102.0,8118.0,78457.0,460200.0,450333.0
2025-06-04 13:00:00,8124.0,8124.0,8104.0,8110.0,53205.0,450333.0,444731.0
2025-06-04 14:00:00,8110.0,8142.0,8108.0,8130.0,107560.0,444731.0,432781.0
2025-06-04 21:00:00,8154.0,8160.0,8108.0,8120.0,113722.0,432781.0,439852.0
2025-06-04 22:00:00,8120.0,8142.0,8114.0,8118.0,71434.0,439852.0,431695.0
2025-06-05 09:00:00,8102.0,8112.0,8072.0,8104.0,120181.0,431695.0,430884.0
2025-06-05 10:00:00,8104.0,8112.0,8064.0,8074.0,86820.0,430884.0,430604.0
2025-06-05 11:00:00,8074.0,8102.0,8072.0,8082.0,36682.0,430604.0,432550.0
2025-06-05 13:00:00,8084.0,8108.0,8080.0,8104.0,29373.0,432550.0,434064.0
2025-06-05 14:00:00,8104.0,8130.0,8100.0,8126.0,77447.0,434064.0,429954.0
2025-06-05 21:00:00,8116.0,8130.0,8094.0,8108.0,121115.0,429954.0,431901.0
2025-06-05 22:00:00,8108.0,8158.0,8096.0,8158.0,100935.0,431901.0,424245.0
2025-06-06 09:00:00,8168.0,8178.0,8142.0,8156.0,96188.0,424245.0,430260.0
2025-06-06 10:00:00,8156.0,8178.0,8110.0,8118.0,90784.0,430260.0,431713.0
2025-06-06 11:00:00,8118.0,8136.0,8084.0,8088.0,90145.0,431713.0,428087.0
2025-06-06 13:00:00,8092.0,8100.0,8082.0,8098.0,41278.0,428087.0,426442.0
2025-06-06 14:00:00,8098.0,8112.0,8074.0,8110.0,86368.0,426442.0,419221.0
2025-06-06 21:00:00,8120.0,8156.0,8110.0,8140.0,105745.0,419221.0,420888.0
2025-06-06 22:00:00,8140.0,8142.0,8116.0,8130.0,55673.0,420888.0,414894.0
2025-06-09 09:00:00,8130.0,8162.0,8124.0,8158.0,89782.0,414894.0,422300.0
2025-06-09 10:00:00,8158.0,8186.0,8152.0,8168.0,78360.0,422300.0,432785.0
2025-06-09 11:00:00,8168.0,8180.0,8160.0,8170.0,30463.0,432785.0,434747.0
2025-06-09 13:00:00,8170.0,8192.0,8168.0,8188.0,40854.0,434747.0,440164.0
2025-06-09 14:00:00,8188.0,8194.0,8170.0,8182.0,74493.0,440164.0,441360.0
2025-06-09 21:00:00,8186.0,8192.0,8144.0,8146.0,112913.0,441360.0,439022.0
2025-06-09 22:00:00,8146.0,8166.0,8144.0,8166.0,53634.0,439022.0,433157.0
2025-06-10 09:00:00,8168.0,8216.0,8150.0,8214.0,126139.0,433157.0,451258.0
2025-06-10 10:00:00,8214.0,8222.0,8160.0,8168.0,111361.0,451258.0,445153.0
2025-06-10 11:00:00,8168.0,8176.0,8130.0,8140.0,85484.0,445153.0,438730.0
2025-06-10 13:00:00,8136.0,8140.0,8102.0,8134.0,73898.0,438730.0,431650.0
2025-06-10 14:00:00,8134.0,8146.0,8108.0,8116.0,90352.0,431650.0,429360.0
2025-06-10 21:00:00,8096.0,8112.0,8050.0,8068.0,191208.0,429360.0,434903.0
2025-06-10 22:00:00,8068.0,8086.0,8060.0,8086.0,72257.0,434903.0,425124.0
2025-06-11 09:00:00,8078.0,8078.0,8014.0,8032.0,168174.0,425124.0,437775.0
2025-06-11 10:00:00,8032.0,8032.0,7990.0,8002.0,110011.0,437775.0,443227.0
2025-06-11 11:00:00,8002.0,8002.0,7978.0,7986.0,66020.0,443227.0,449251.0
2025-06-11 13:00:00,7994.0,7998.0,7958.0,7966.0,88570.0,449251.0,450201.0
2025-06-11 14:00:00,7966.0,7980.0,7964.0,7970.0,99642.0,450201.0,444610.0
2025-06-11 21:00:00,7992.0,8000.0,7976.0,7992.0,116671.0,444610.0,444239.0
2025-06-11 22:00:00,7992.0,8008.0,7984.0,7990.0,67246.0,444239.0,437443.0
2025-06-12 09:00:00,8010.0,8028.0,7992.0,8000.0,119303.0,437443.0,430182.0
2025-06-12 10:00:00,8000.0,8024.0,7984.0,8014.0,66283.0,430182.0,427786.0
2025-06-12 11:00:00,8014.0,8036.0,8010.0,8030.0,39988.0,427786.0,423740.0
2025-06-12 13:00:00,8038.0,8046.0,8030.0,8040.0,56170.0,423740.0,420944.0
2025-06-12 14:00:00,8040.0,8040.0,8008.0,8010.0,78247.0,420944.0,412207.0
2025-06-12 21:00:00,8038.0,8062.0,8032.0,8058.0,142507.0,412207.0,413835.0
2025-06-12 22:00:00,8058.0,8072.0,8040.0,8046.0,82059.0,413835.0,404064.0
2025-06-13 09:00:00,8076.0,8156.0,8076.0,8148.0,266552.0,404064.0,403007.0
2025-06-13 10:00:00,8148.0,8224.0,8144.0,8204.0,194556.0,403007.0,424018.0
2025-06-13 11:00:00,8204.0,8212.0,8158.0,8178.0,84929.0,424018.0,421292.0
2025-06-13 13:00:00,8168.0,8168.0,8150.0,8158.0,56462.0,421292.0,423224.0
2025-06-13 14:00:00,8158.0,8160.0,8130.0,8140.0,98547.0,423224.0,413573.0
2025-06-13 21:00:00,8168.0,8292.0,8140.0,8280.0,322842.0,413573.0,445818.0
2025-06-13 22:00:00,8280.0,8442.0,8268.0,8414.0,446836.0,445818.0,472134.0
2025-06-16 09:00:00,8468.0,8482.0,8398.0,8442.0,280075.0,472134.0,484971.0
2025-06-16 10:00:00,8442.0,8452.0,8404.0,8422.0,112574.0,484971.0,489897.0
2025-06-16 11:00:00,8422.0,8440.0,8412.0,8436.0,46615.0,489897.0,486681.0
2025-06-16 13:00:00,8442.0,8444.0,8392.0,8400.0,69433.0,486681.0,486103.0
2025-06-16 14:00:00,8400.0,8438.0,8400.0,8436.0,96239.0,486103.0,485717.0
2025-06-16 21:00:00,8474.0,8482.0,8434.0,8440.0,218589.0,485717.0,499535.0
2025-06-16 22:00:00,8440.0,8454.0,8406.0,8440.0,153299.0,499535.0,491375.0
2025-06-17 09:00:00,8452.0,8500.0,8448.0,8494.0,153616.0,491375.0,511482.0
2025-06-17 10:00:00,8494.0,8512.0,8460.0,8486.0,132341.0,511482.0,508130.0
2025-06-17 11:00:00,8486.0,8486.0,8456.0,8466.0,47253.0,508130.0,503568.0
2025-06-17 13:00:00,8466.0,8466.0,8430.0,8454.0,70212.0,503568.0,505504.0
2025-06-17 14:00:00,8454.0,8464.0,8438.0,8446.0,88789.0,505504.0,503108.0
2025-06-17 21:00:00,8472.0,8494.0,8454.0,8482.0,124729.0,503108.0,506406.0
2025-06-17 22:00:00,8482.0,8534.0,8472.0,8534.0,129303.0,506406.0,505804.0
2025-06-18 09:00:00,8538.0,8540.0,8496.0,8502.0,134359.0,505804.0,508837.0
2025-06-18 10:00:00,8502.0,8528.0,8494.0,8522.0,71261.0,508837.0,512343.0
2025-06-18 11:00:00,8522.0,8528.0,8508.0,8512.0,29104.0,512343.0,510536.0
2025-06-18 13:00:00,8508.0,8510.0,8472.0,8506.0,70882.0,510536.0,511944.0
2025-06-18 14:00:00,8506.0,8526.0,8492.0,8518.0,95933.0,511944.0,512360.0
2025-06-18 21:00:00,8530.0,8566.0,8508.0,8536.0,156570.0,512360.0,514167.0
2025-06-18 22:00:00,8536.0,8538.0,8502.0,8528.0,122546.0,514167.0,506307.0
2025-06-19 09:00:00,8526.0,8548.0,8512.0,8528.0,82714.0,506307.0,514354.0
2025-06-19 10:00:00,8528.0,8552.0,8514.0,8534.0,69102.0,514354.0,515650.0
2025-06-19 11:00:00,8534.0,8556.0,8530.0,8544.0,38266.0,515650.0,516369.0
2025-06-19 13:00:00,8538.0,8544.0,8520.0,8532.0,51823.0,516369.0,513282.0
2025-06-19 14:00:00,8532.0,8544.0,8512.0,8538.0,84833.0,513282.0,505691.0
2025-06-19 21:00:00,8544.0,8578.0,8514.0,8570.0,129567.0,505691.0,516979.0
2025-06-19 22:00:00,8570.0,8600.0,8558.0,8596.0,88069.0,516979.0,515046.0
2025-06-20 09:00:00,8580.0,8580.0,8546.0,8550.0,114091.0,515046.0,511708.0
2025-06-20 10:00:00,8550.0,8576.0,8542.0,8548.0,65393.0,511708.0,513439.0
2025-06-20 11:00:00,8548.0,8560.0,8512.0,8528.0,57731.0,513439.0,507436.0
2025-06-20 13:00:00,8532.0,8554.0,8516.0,8520.0,55422.0,507436.0,509745.0
2025-06-20 14:00:00,8520.0,8538.0,8502.0,8536.0,91220.0,509745.0,503940.0
2025-06-20 21:00:00,8546.0,8548.0,8480.0,8486.0,125923.0,503940.0,501957.0
2025-06-20 22:00:00,8486.0,8508.0,8466.0,8490.0,86565.0,501957.0,492716.0
2025-06-23 09:00:00,8524.0,8592.0,8494.0,8510.0,168020.0,492716.0,493422.0
2025-06-23 10:00:00,8510.0,8540.0,8498.0,8524.0,69473.0,493422.0,496545.0
2025-06-23 11:00:00,8524.0,8530.0,8472.0,8474.0,58950.0,496545.0,492358.0
2025-06-23 13:00:00,8468.0,8500.0,8454.0,8498.0,58840.0,492358.0,490515.0
2025-06-23 14:00:00,8498.0,8528.0,8492.0,8520.0,93155.0,490515.0,489038.0
2025-06-23 21:00:00,8488.0,8500.0,8436.0,8450.0,171708.0,489038.0,489608.0
2025-06-23 22:00:00,8450.0,8454.0,8430.0,8440.0,74391.0,489608.0,485839.0
2025-06-24 09:00:00,8340.0,8362.0,8312.0,8340.0,199706.0,485839.0,469559.0
2025-06-24 10:00:00,8340.0,8374.0,8338.0,8358.0,96212.0,469559.0,468551.0
2025-06-24 11:00:00,8358.0,8370.0,8326.0,8332.0,47753.0,468551.0,465270.0
2025-06-24 13:00:00,8322.0,8326.0,8306.0,8312.0,66313.0,465270.0,462666.0
2025-06-24 14:00:00,8312.0,8332.0,8308.0,8326.0,87098.0,462666.0,454318.0
2025-06-24 21:00:00,8320.0,8328.0,8288.0,8302.0,134175.0,454318.0,456102.0
2025-06-24 22:00:00,8302.0,8320.0,8298.0,8316.0,66882.0,456102.0,450805.0
2025-06-25 09:00:00,8326.0,8348.0,8320.0,8336.0,94850.0,450805.0,454758.0
2025-06-25 10:00:00,8336.0,8346.0,8316.0,8326.0,68281.0,454758.0,456548.0
2025-06-25 11:00:00,8326.0,8350.0,8322.0,8334.0,36926.0,456548.0,457500.0
2025-06-25 13:00:00,8334.0,8340.0,8328.0,8336.0,28772.0,457500.0,457310.0
2025-06-25 14:00:00,8336.0,8356.0,8330.0,8344.0,72047.0,457310.0,451226.0
2025-06-25 21:00:00,8306.0,8338.0,8290.0,8328.0,147250.0,451226.0,454400.0
2025-06-25 22:00:00,8328.0,8408.0,8326.0,8394.0,193392.0,454400.0,459928.0
2025-06-26 09:00:00,8368.0,8368.0,8340.0,8358.0,103523.0,459928.0,460842.0
2025-06-26 10:00:00,8358.0,8368.0,8336.0,8346.0,64341.0,460842.0,461300.0
2025-06-26 11:00:00,8346.0,8350.0,8314.0,8332.0,50033.0,461300.0,456823.0
2025-06-26 13:00:00,8338.0,8348.0,8328.0,8334.0,32575.0,456823.0,456451.0
2025-06-26 14:00:00,8334.0,8362.0,8332.0,8360.0,62581.0,456451.0,455008.0
2025-06-26 21:00:00,8380.0,8384.0,8356.0,8368.0,92001.0,455008.0,459432.0
2025-06-26 22:00:00,8368.0,8402.0,8358.0,8378.0,80685.0,459432.0,456877.0
2025-06-27 09:00:00,8374.0,8386.0,8338.0,8374.0,93743.0,456877.0,455873.0
2025-06-27 10:00:00,8374.0,8382.0,8360.0,8370.0,38425.0,455873.0,455802.0
2025-06-27 11:00:00,8370.0,8374.0,8334.0,8340.0,42683.0,455802.0,452131.0
2025-06-27 13:00:00,8344.0,8360.0,8342.0,8358.0,31790.0,452131.0,452045.0
2025-06-27 14:00:00,8358.0,8380.0,8354.0,8376.0,63458.0,452045.0,450508.0
2025-06-27 21:00:00,8370.0,8376.0,8310.0,8328.0,111580.0,450508.0,450431.0
2025-06-27 22:00:00,8328.0,8334.0,8316.0,8324.0,55477.0,450431.0,444509.0
2025-06-30 09:00:00,8328.0,8366.0,8256.0,8264.0,190698.0,444509.0,442131.0
2025-06-30 10:00:00,8264.0,8304.0,8258.0,8294.0,72426.0,442131.0,439221.0
2025-06-30 11:00:00,8294.0,8316.0,8288.0,8308.0,36618.0,439221.0,436119.0
2025-06-30 13:00:00,8310.0,8324.0,8310.0,8324.0,32023.0,436119.0,439175.0
2025-06-30 14:00:00,8324.0,8332.0,8310.0,8330.0,65152.0,439175.0,431561.0
2025-06-30 21:00:00,8342.0,8346.0,8314.0,8332.0,74119.0,431561.0,438848.0
2025-06-30 22:00:00,8332.0,8334.0,8310.0,8316.0,49799.0,438848.0,433652.0
2025-07-01 09:00:00,8294.0,8332.0,8278.0,8328.0,98303.0,433652.0,434152.0
2025-07-01 10:00:00,8328.0,8330.0,8294.0,8304.0,54186.0,434152.0,433463.0
2025-07-01 11:00:00,8304.0,8304.0,8278.0,8292.0,45624.0,433463.0,427990.0
2025-07-01 13:00:00,8298.0,8348.0,8292.0,8336.0,61869.0,427990.0,431853.0
2025-07-01 14:00:00,8336.0,8352.0,8320.0,8336.0,95603.0,431853.0,428231.0
2025-07-01 21:00:00,8338.0,8342.0,8310.0,8322.0,96310.0,428231.0,425232.0
2025-07-01 22:00:00,8322.0,8360.0,8318.0,8336.0,87892.0,425232.0,424573.0
2025-07-02 09:00:00,8360.0,8392.0,8344.0,8354.0,124479.0,424573.0,428932.0
2025-07-02 10:00:00,8354.0,8388.0,8354.0,8382.0,57547.0,428932.0,431503.0
2025-07-02 11:00:00,8382.0,8396.0,8380.0,8380.0,30584.0,431503.0,433272.0
2025-07-02 13:00:00,8400.0,8430.0,8400.0,8428.0,70791.0,433272.0,444201.0
2025-07-02 14:00:00,8428.0,8454.0,8426.0,8440.0,108819.0,444201.0,452137.0
2025-07-02 21:00:00,8470.0,8480.0,8446.0,8468.0,95923.0,452137.0,460962.0
2025-07-02 22:00:00,8468.0,8496.0,8468.0,8480.0,86789.0,460962.0,457859.0
2025-07-03 09:00:00,8496.0,8522.0,8462.0,8464.0,125400.0,457859.0,463052.0
2025-07-03 10:00:00,8464.0,8490.0,8458.0,8470.0,57932.0,463052.0,463501.0
2025-07-03 11:00:00,8470.0,8480.0,8466.0,8470.0,21642.0,463501.0,463849.0
2025-07-03 13:00:00,8470.0,8482.0,8462.0,8480.0,25844.0,463849.0,464983.0
2025-07-03 14:00:00,8480.0,8496.0,8472.0,8478.0,68059.0,464983.0,463964.0
2025-07-03 21:00:00,8498.0,8550.0,8492.0,8518.0,155190.0,463964.0,479163.0
2025-07-03 22:00:00,8518.0,8524.0,8498.0,8514.0,70929.0,479163.0,468861.0
2025-07-04 09:00:00,8498.0,8508.0,8464.0,8468.0,85768.0,468861.0,468055.0
2025-07-04 10:00:00,8468.0,8476.0,8452.0,8464.0,62200.0,468055.0,463231.0
2025-07-04 11:00:00,8464.0,8468.0,8440.0,8440.0,24781.0,463231.0,459639.0
2025-07-04 13:00:00,8446.0,8468.0,8446.0,8456.0,33887.0,459639.0,457677.0
2025-07-04 14:00:00,8456.0,8474.0,8442.0,8472.0,61851.0,457677.0,451187.0
2025-07-04 21:00:00,8452.0,8460.0,8426.0,8454.0,87251.0,451187.0,450966.0
2025-07-04 22:00:00,8454.0,8490.0,8442.0,8482.0,48349.0,450966.0,445864.0
2025-07-07 09:00:00,8446.0,8456.0,8416.0,8448.0,103628.0,445864.0,443855.0
2025-07-07 10:00:00,8448.0,8458.0,8412.0,8452.0,67269.0,443855.0,442816.0
2025-07-07 11:00:00,8452.0,8476.0,8446.0,8456.0,41001.0,442816.0,445152.0
2025-07-07 13:00:00,8448.0,8476.0,8444.0,8466.0,32516.0,445152.0,449915.0
2025-07-07 14:00:00,8466.0,8480.0,8454.0,8466.0,65662.0,449915.0,448023.0
2025-07-07 21:00:00,8474.0,8516.0,8470.0,8498.0,128257.0,448023.0,464816.0
2025-07-07 22:00:00,8498.0,8506.0,8480.0,8482.0,65358.0,464816.0,458342.0
2025-07-08 09:00:00,8492.0,8526.0,8490.0,8512.0,96245.0,458342.0,466911.0
2025-07-08 10:00:00,8512.0,8546.0,8500.0,8536.0,84729.0,466911.0,477697.0
2025-07-08 11:00:00,8536.0,8578.0,8532.0,8574.0,62169.0,477697.0,486014.0
2025-07-08 13:00:00,8576.0,8640.0,8572.0,8628.0,131664.0,486014.0,511870.0
2025-07-08 14:00:00,8628.0,8670.0,8608.0,8644.0,157600.0,511870.0,518456.0
2025-07-08 21:00:00,8644.0,8658.0,8636.0,8648.0,101226.0,518456.0,527759.0
2025-07-08 22:00:00,8648.0,8656.0,8630.0,8642.0,62551.0,527759.0,521545.0
2025-07-09 09:00:00,8650.0,8682.0,8644.0,8658.0,93450.0,521545.0,526906.0
2025-07-09 10:00:00,8658.0,8676.0,8648.0,8660.0,51450.0,526906.0,528853.0
2025-07-09 11:00:00,8660.0,8692.0,8658.0,8684.0,44535.0,528853.0,534994.0
2025-07-09 13:00:00,8666.0,8672.0,8640.0,8672.0,58274.0,534994.0,529774.0
2025-07-09 14:00:00,8672.0,8680.0,8658.0,8678.0,62085.0,529774.0,528219.0
2025-07-09 21:00:00,8650.0,8658.0,8606.0,8616.0,163618.0,528219.0,522003.0
2025-07-09 22:00:00,8616.0,8626.0,8608.0,8618.0,56778.0,522003.0,516175.0
2025-07-10 09:00:00,8616.0,8640.0,8588.0,8622.0,130402.0,516175.0,508870.0
2025-07-10 10:00:00,8622.0,8636.0,8616.0,8626.0,56954.0,508870.0,509275.0
2025-07-10 11:00:00,8626.0,8674.0,8620.0,8666.0,66722.0,509275.0,514593.0
2025-07-10 13:00:00,8642.0,8678.0,8606.0,8634.0,90037.0,514593.0,511911.0
2025-07-10 14:00:00,8634.0,8650.0,8632.0,8638.0,71939.0,511911.0,505365.0
2025-07-10 21:00:00,8614.0,8624.0,8590.0,8610.0,123596.0,505365.0,506776.0
2025-07-10 22:00:00,8610.0,8650.0,8608.0,8624.0,79552.0,506776.0,506026.0
2025-07-11 09:00:00,8642.0,8726.0,8626.0,8720.0,149038.0,506026.0,517634.0
2025-07-11 10:00:00,8720.0,8796.0,8718.0,8762.0,183037.0,517634.0,528428.0
2025-07-11 11:00:00,8762.0,8764.0,8688.0,8702.0,96110.0,528428.0,519257.0
2025-07-11 13:00:00,8696.0,8712.0,8678.0,8700.0,54899.0,519257.0,517927.0
2025-07-11 14:00:00,8700.0,8718.0,8680.0,8682.0,86030.0,517927.0,512798.0
2025-07-11 21:00:00,8682.0,8736.0,8676.0,8700.0,110807.0,512798.0,519490.0
2025-07-11 22:00:00,8700.0,8718.0,8680.0,8712.0,70828.0,519490.0,511206.0
2025-07-14 09:00:00,8686.0,8696.0,8644.0,8664.0,133553.0,511206.0,503443.0
2025-07-14 10:00:00,8664.0,8714.0,8656.0,8708.0,66335.0,503443.0,505679.0
2025-07-14 11:00:00,8708.0,8728.0,8702.0,8716.0,43964.0,505679.0,507714.0
2025-07-14 13:00:00,8718.0,8750.0,8718.0,8728.0,47852.0,507714.0,509172.0
2025-07-14 14:00:00,8728.0,8760.0,8726.0,8748.0,71476.0,509172.0,505476.0
2025-07-14 21:00:00,8758.0,8812.0,8752.0,8784.0,156485.0,505476.0,527382.0
2025-07-14 22:00:00,8784.0,8798.0,8772.0,8788.0,49560.0,527382.0,523346.0
2025-07-15 09:00:00,8780.0,8806.0,8754.0,8776.0,102869.0,523346.0,523970.0
2025-07-15 10:00:00,8776.0,8778.0,8714.0,8724.0,93328.0,523970.0,512817.0
2025-07-15 11:00:00,8724.0,8726.0,8696.0,8704.0,58611.0,512817.0,504062.0
2025-07-15 13:00:00,8704.0,8718.0,8702.0,8712.0,32024.0,504062.0,501207.0
2025-07-15 14:00:00,8712.0,8724.0,8688.0,8708.0,75196.0,501207.0,495933.0
2025-07-15 21:00:00,8704.0,8714.0,8672.0,8676.0,115731.0,495933.0,503059.0
2025-07-15 22:00:00,8676.0,8710.0,8664.0,8708.0,67757.0,503059.0,498377.0
2025-07-16 09:00:00,8712.0,8770.0,8712.0,8768.0,115469.0,498377.0,511582.0
2025-07-16 10:00:00,8768.0,8770.0,8716.0,8724.0,65775.0,511582.0,509652.0
2025-07-16 11:00:00,8724.0,8750.0,8722.0,8748.0,24737.0,509652.0,509628.0
2025-07-16 13:00:00,8750.0,8762.0,8728.0,8728.0,37364.0,509628.0,510721.0
2025-07-16 14:00:00,8728.0,8734.0,8712.0,8722.0,66578.0,510721.0,502077.0
2025-07-16 21:00:00,8728.0,8760.0,8722.0,8738.0,98815.0,502077.0,511506.0
2025-07-16 22:00:00,8738.0,8750.0,8714.0,8724.0,60414.0,511506.0,503971.0
2025-07-17 09:00:00,8738.0,8790.0,8736.0,8754.0,118365.0,503971.0,513702.0
2025-07-17 10:00:00,8754.0,8766.0,8726.0,8756.0,61393.0,513702.0,514130.0
2025-07-17 11:00:00,8756.0,8818.0,8752.0,8792.0,93990.0,514130.0,534643.0
2025-07-17 13:00:00,8776.0,8788.0,8766.0,8780.0,44381.0,534643.0,533492.0
2025-07-17 14:00:00,8780.0,8816.0,8774.0,8796.0,90179.0,533492.0,538144.0
2025-07-17 21:00:00,8798.0,8846.0,8782.0,8836.0,129500.0,538144.0,548833.0
2025-07-17 22:00:00,8836.0,8898.0,8832.0,8890.0,127444.0,548833.0,552413.0
2025-07-18 09:00:00,8914.0,8958.0,8908.0,8916.0,141489.0,552413.0,553816.0
2025-07-18 10:00:00,8916.0,8930.0,8896.0,8912.0,80531.0,553816.0,552598.0
2025-07-18 11:00:00,8912.0,8930.0,8886.0,8898.0,52409.0,552598.0,550594.0
2025-07-18 13:00:00,8912.0,8966.0,8912.0,8934.0,68028.0,550594.0,558146.0
2025-07-18 14:00:00,8934.0,8972.0,8928.0,8964.0,104282.0,558146.0,557055.0
2025-07-18 21:00:00,8976.0,8978.0,8926.0,8968.0,129578.0,557055.0,553651.0
2025-07-18 22:00:00,8968.0,9064.0,8960.0,9046.0,175339.0,553651.0,552933.0
2025-07-21 09:00:00,8984.0,8984.0,8916.0,8934.0,183484.0,552933.0,528693.0
2025-07-21 10:00:00,8934.0,8954.0,8906.0,8940.0,69128.0,528693.0,523557.0
2025-07-21 11:00:00,8940.0,8942.0,8904.0,8924.0,39989.0,523557.0,518972.0
2025-07-21 13:00:00,8932.0,8952.0,8910.0,8910.0,37648.0,518972.0,517635.0
2025-07-21 14:00:00,8910.0,8928.0,8894.0,8910.0,73543.0,517635.0,509869.0
2025-07-21 21:00:00,8878.0,8908.0,8868.0,8886.0,132906.0,509869.0,512727.0
2025-07-21 22:00:00,8886.0,8938.0,8882.0,8924.0,86640.0,512727.0,509079.0
2025-07-22 09:00:00,8944.0,8998.0,8940.0,8960.0,131505.0,509079.0,513213.0
2025-07-22 10:00:00,8960.0,9012.0,8934.0,8970.0,96549.0,513213.0,518689.0
2025-07-22 11:00:00,8970.0,8990.0,8910.0,8930.0,65508.0,518689.0,513225.0
2025-07-22 13:00:00,8924.0,8948.0,8876.0,8892.0,113813.0,513225.0,502085.0
2025-07-22 14:00:00,8892.0,8930.0,8882.0,8926.0,79583.0,502085.0,492920.0
2025-07-22 21:00:00,8916.0,8950.0,8908.0,8922.0,107208.0,492920.0,492838.0
2025-07-22 22:00:00,8922.0,8972.0,8912.0,8954.0,87023.0,492838.0,491310.0
2025-07-23 09:00:00,8974.0,9036.0,8936.0,8962.0,176994.0,491310.0,495394.0
2025-07-23 10:00:00,8962.0,9010.0,8950.0,8970.0,74104.0,495394.0,497581.0
2025-07-23 11:00:00,8970.0,9082.0,8970.0,9070.0,116315.0,497581.0,518126.0
2025-07-23 13:00:00,9072.0,9088.0,8970.0,9004.0,116305.0,518126.0,503574.0
2025-07-23 14:00:00,9004.0,9010.0,8972.0,8994.0,80625.0,503574.0,496579.0
2025-07-23 21:00:00,9012.0,9040.0,8996.0,9004.0,114337.0,496579.0,499606.0
2025-07-23 22:00:00,9004.0,9012.0,8938.0,8952.0,100204.0,499606.0,491469.0
2025-07-24 09:00:00,8968.0,9036.0,8964.0,9010.0,108269.0,491469.0,503761.0
2025-07-24 10:00:00,9010.0,9022.0,8978.0,9016.0,66374.0,503761.0,500170.0
2025-07-24 11:00:00,9016.0,9022.0,8992.0,9008.0,27501.0,500170.0,500537.0
2025-07-24 13:00:00,9010.0,9034.0,9008.0,9028.0,39338.0,500537.0,502588.0
2025-07-24 14:00:00,9028.0,9106.0,9026.0,9104.0,171760.0,502588.0,516327.0
2025-07-24 21:00:00,9060.0,9072.0,9008.0,9022.0,189925.0,516327.0,494580.0
2025-07-24 22:00:00,9022.0,9042.0,8996.0,9016.0,85602.0,494580.0,489598.0
2025-07-25 09:00:00,9034.0,9036.0,8976.0,8980.0,101215.0,489598.0,485483.0
2025-07-25 10:00:00,8980.0,9000.0,8922.0,8930.0,108001.0,485483.0,479356.0
2025-07-25 11:00:00,8930.0,8956.0,8912.0,8934.0,49249.0,479356.0,473711.0
2025-07-25 13:00:00,8922.0,8932.0,8890.0,8922.0,65478.0,473711.0,463505.0
2025-07-25 14:00:00,8922.0,8948.0,8914.0,8936.0,73973.0,463505.0,456448.0
2025-07-25 21:00:00,8940.0,8980.0,8914.0,8970.0,104384.0,456448.0,455647.0
2025-07-25 22:00:00,8970.0,8976.0,8912.0,8922.0,87231.0,455647.0,451564.0
2025-07-28 09:00:00,8896.0,8896.0,8828.0,8886.0,160429.0,451564.0,445732.0
2025-07-28 10:00:00,8886.0,8954.0,8882.0,8940.0,98283.0,445732.0,445688.0
2025-07-28 11:00:00,8940.0,8948.0,8898.0,8904.0,35067.0,445688.0,445841.0
2025-07-28 13:00:00,8918.0,8960.0,8916.0,8954.0,49355.0,445841.0,452912.0
2025-07-28 14:00:00,8954.0,8956.0,8914.0,8946.0,69628.0,452912.0,449955.0
2025-07-28 21:00:00,8954.0,8972.0,8936.0,8944.0,114920.0,449955.0,453239.0
2025-07-28 22:00:00,8944.0,8974.0,8922.0,8924.0,78442.0,453239.0,448662.0
2025-07-29 09:00:00,8920.0,8924.0,8856.0,8858.0,136295.0,448662.0,434714.0
2025-07-29 10:00:00,8858.0,8892.0,8842.0,8890.0,67995.0,434714.0,426526.0
2025-07-29 11:00:00,8890.0,8932.0,8862.0,8924.0,52000.0,426526.0,425873.0
2025-07-29 13:00:00,8938.0,8996.0,8938.0,8984.0,88427.0,425873.0,437809.0
2025-07-29 14:00:00,8984.0,8992.0,8954.0,8970.0,73655.0,437809.0,432271.0
2025-07-29 21:00:00,8976.0,9006.0,8958.0,8986.0,106162.0,432271.0,436890.0
2025-07-29 22:00:00,8986.0,9006.0,8980.0,8990.0,54474.0,436890.0,431829.0
2025-07-30 09:00:00,9018.0,9030.0,8926.0,8946.0,152560.0,431829.0,412707.0
2025-07-30 10:00:00,8946.0,8994.0,8930.0,8988.0,68437.0,412707.0,410815.0
2025-07-30 11:00:00,8988.0,8990.0,8966.0,8980.0,27241.0,410815.0,408972.0
2025-07-30 13:00:00,8978.0,8992.0,8954.0,8962.0,34100.0,408972.0,408479.0
2025-07-30 14:00:00,8962.0,8984.0,8948.0,8982.0,57317.0,408479.0,403926.0
2025-07-30 21:00:00,8962.0,8962.0,8908.0,8944.0,106054.0,403926.0,400470.0
2025-07-30 22:00:00,8944.0,8954.0,8920.0,8930.0,48871.0,400470.0,398215.0
2025-07-31 09:00:00,8922.0,8940.0,8866.0,8870.0,102882.0,398215.0,394565.0
2025-07-31 10:00:00,8870.0,8922.0,8866.0,8914.0,67931.0,394565.0,394840.0
2025-07-31 11:00:00,8914.0,8932.0,8896.0,8918.0,39544.0,394840.0,395615.0
2025-07-31 13:00:00,8916.0,8942.0,8906.0,8932.0,44569.0,395615.0,399730.0
2025-07-31 14:00:00,8932.0,8940.0,8890.0,8900.0,69171.0,399730.0,394483.0
2025-07-31 21:00:00,8876.0,8902.0,8854.0,8900.0,99154.0,394483.0,392469.0
2025-07-31 22:00:00,8900.0,8930.0,8860.0,8868.0,86366.0,392469.0,387706.0
2025-08-01 09:00:00,8864.0,8914.0,8838.0,8906.0,93501.0,387706.0,392721.0
2025-08-01 10:00:00,8906.0,8910.0,8844.0,8910.0,77635.0,392721.0,389497.0
2025-08-01 11:00:00,8910.0,8920.0,8888.0,8916.0,36605.0,389497.0,392880.0
2025-08-01 13:00:00,8912.0,8942.0,8902.0,8926.0,44965.0,392880.0,398815.0
2025-08-01 14:00:00,8926.0,8950.0,8910.0,8910.0,73842.0,398815.0,394141.0
2025-08-01 21:00:00,8924.0,8926.0,8834.0,8846.0,145991.0,394141.0,386752.0
2025-08-01 22:00:00,8846.0,8846.0,8772.0,8784.0,152184.0,386752.0,366053.0
2025-08-04 09:00:00,8780.0,8792.0,8746.0,8774.0,95511.0,366053.0,358548.0
2025-08-04 10:00:00,8774.0,8790.0,8754.0,8780.0,63075.0,358548.0,354972.0
2025-08-04 11:00:00,8780.0,8818.0,8776.0,8802.0,55928.0,354972.0,350467.0
2025-08-04 13:00:00,8802.0,8840.0,8802.0,8832.0,47033.0,350467.0,352805.0
2025-08-04 14:00:00,8832.0,8846.0,8822.0,8838.0,51878.0,352805.0,350396.0
2025-08-04 21:00:00,8816.0,8874.0,8806.0,8870.0,92068.0,350396.0,360787.0
2025-08-04 22:00:00,8870.0,8900.0,8856.0,8890.0,68376.0,360787.0,360751.0
2025-08-05 09:00:00,8870.0,8926.0,8870.0,8902.0,71068.0,360751.0,365910.0
2025-08-05 10:00:00,8902.0,8932.0,8898.0,8910.0,52472.0,365910.0,371990.0
2025-08-05 11:00:00,8910.0,8968.0,8900.0,8966.0,65222.0,371990.0,379827.0
2025-08-05 13:00:00,8974.0,9056.0,8974.0,9050.0,117798.0,379827.0,401017.0
2025-08-05 14:00:00,9050.0,9068.0,9036.0,9064.0,113257.0,401017.0,400643.0
2025-08-05 21:00:00,9060.0,9076.0,9022.0,9030.0,114205.0,400643.0,394604.0
2025-08-05 22:00:00,9030.0,9032.0,8978.0,8996.0,95470.0,394604.0,377122.0
2025-08-06 09:00:00,8972.0,8984.0,8896.0,8936.0,165890.0,377122.0,353363.0
2025-08-06 10:00:00,8936.0,8982.0,8934.0,8968.0,69364.0,353363.0,350426.0
2025-08-06 11:00:00,8968.0,8992.0,8962.0,8982.0,28473.0,350426.0,348100.0
2025-08-06 13:00:00,8974.0,8988.0,8964.0,8976.0,27961.0,348100.0,348374.0
2025-08-06 14:00:00,8976.0,9002.0,8966.0,8970.0,56562.0,348374.0,344307.0
2025-08-06 21:00:00,9000.0,9050.0,8994.0,9010.0,124646.0,344307.0,343997.0
2025-08-06 22:00:00,9010.0,9034.0,8996.0,9006.0,55257.0,343997.0,341920.0
2025-08-07 09:00:00,8986.0,9020.0,8966.0,9004.0,62481.0,341920.0,338790.0
2025-08-07 10:00:00,9004.0,9026.0,8958.0,8966.0,60847.0,338790.0,333424.0
2025-08-07 11:00:00,8966.0,8966.0,8932.0,8942.0,50699.0,333424.0,325823.0
2025-08-07 13:00:00,8944.0,8954.0,8920.0,8950.0,42902.0,325823.0,321509.0
2025-08-07 14:00:00,8950.0,8964.0,8938.0,8950.0,48296.0,321509.0,317188.0
2025-08-07 21:00:00,8962.0,9028.0,8956.0,9014.0,98483.0,317188.0,322131.0
2025-08-07 22:00:00,9014.0,9034.0,8998.0,9012.0,48849.0,322131.0,319117.0
2025-08-08 09:00:00,9018.0,9058.0,8998.0,9006.0,98529.0,319117.0,321763.0
2025-08-08 10:00:00,9006.0,9036.0,8990.0,9026.0,52136.0,321763.0,320675.0
2025-08-08 11:00:00,9026.0,9052.0,9020.0,9046.0,39127.0,320675.0,320734.0
2025-08-08 13:00:00,9032.0,9040.0,9014.0,9040.0,27292.0,320734.0,318451.0
2025-08-08 14:00:00,9040.0,9042.0,8974.0,8980.0,77805.0,318451.0,305714.0
2025-08-08 21:00:00,8976.0,8994.0,8948.0,8986.0,75600.0,305714.0,299411.0
2025-08-08 22:00:00,8986.0,9000.0,8952.0,8980.0,58829.0,299411.0,293149.0
2025-08-11 09:00:00,8950.0,8988.0,8912.0,8976.0,79987.0,293149.0,285688.0
2025-08-11 10:00:00,8976.0,9014.0,8968.0,9004.0,45127.0,285688.0,285882.0
2025-08-11 11:00:00,9004.0,9010.0,8992.0,8996.0,18421.0,285882.0,286823.0
2025-08-11 13:00:00,9020.0,9214.0,9018.0,9206.0,184605.0,286823.0,300573.0
2025-08-11 14:00:00,9206.0,9236.0,9200.0,9218.0,104805.0,300573.0,299985.0
2025-08-11 21:00:00,9244.0,9272.0,9224.0,9252.0,109377.0,299985.0,297698.0
2025-08-11 22:00:00,9252.0,9270.0,9232.0,9236.0,45201.0,297698.0,291504.0
2025-08-12 09:00:00,9246.0,9308.0,9226.0,9300.0,78104.0,291504.0,290534.0
2025-08-12 10:00:00,9300.0,9322.0,9264.0,9308.0,57565.0,290534.0,289355.0
2025-08-12 11:00:00,9308.0,9354.0,9308.0,9338.0,43851.0,289355.0,286130.0
2025-08-12 13:00:00,9350.0,9378.0,9334.0,9374.0,41520.0,286130.0,282444.0
2025-08-12 14:00:00,9374.0,9388.0,9356.0,9362.0,67412.0,282444.0,270663.0
2025-08-12 21:00:00,9378.0,9442.0,9366.0,9422.0,126661.0,270663.0,407177.0
2025-08-12 22:00:00,9422.0,9488.0,9422.0,9476.0,73821.0,407177.0,417415.0
2025-08-13 09:00:00,9500.0,9540.0,9458.0,9512.0,132262.0,417415.0,430401.0
2025-08-13 10:00:00,9512.0,9514.0,9452.0,9470.0,79522.0,430401.0,431380.0
2025-08-13 11:00:00,9470.0,9490.0,9468.0,9486.0,21368.0,431380.0,433204.0
2025-08-13 13:00:00,9504.0,9518.0,9494.0,9508.0,36993.0,433204.0,439578.0
2025-08-13 14:00:00,9508.0,9512.0,9478.0,9490.0,56752.0,439578.0,439312.0
2025-08-13 21:00:00,9478.0,9528.0,9462.0,9468.0,163725.0,439312.0,461450.0
2025-08-13 22:00:00,9468.0,9512.0,9468.0,9486.0,69275.0,461450.0,460745.0
2025-08-14 09:00:00,9498.0,9526.0,9488.0,9512.0,88322.0,460745.0,472527.0
2025-08-14 10:00:00,9512.0,9538.0,9392.0,9394.0,141213.0,472527.0,467517.0
2025-08-14 11:00:00,9394.0,9428.0,9386.0,9392.0,69126.0,467517.0,463806.0
2025-08-14 13:00:00,9394.0,9398.0,9366.0,9376.0,69826.0,463806.0,454139.0
2025-08-14 14:00:00,9376.0,9394.0,9350.0,9368.0,102221.0,454139.0,444903.0
2025-08-14 21:00:00,9376.0,9412.0,9372.0,9380.0,118298.0,444903.0,459433.0
2025-08-14 22:00:00,9380.0,9404.0,9372.0,9386.0,62085.0,459433.0,458337.0
2025-08-15 09:00:00,9384.0,9404.0,9338.0,9402.0,112036.0,458337.0,466568.0
2025-08-15 10:00:00,9402.0,9416.0,9378.0,9384.0,65359.0,466568.0,469483.0
2025-08-15 11:00:00,9384.0,9402.0,9368.0,9396.0,32164.0,469483.0,469978.0
2025-08-15 13:00:00,9396.0,9484.0,9380.0,9450.0,99819.0,469978.0,477240.0
2025-08-15 14:00:00,9450.0,9478.0,9432.0,9460.0,102963.0,477240.0,480835.0
2025-08-15 21:00:00,9522.0,9610.0,9520.0,9600.0,232321.0,480835.0,514659.0
2025-08-15 22:00:00,9600.0,9660.0,9600.0,9658.0,144938.0,514659.0,524403.0
2025-08-18 09:00:00,9648.0,9672.0,9584.0,9654.0,169737.0,524403.0,518529.0
2025-08-18 10:00:00,9654.0,9658.0,9610.0,9624.0,79145.0,518529.0,518824.0
2025-08-18 11:00:00,9624.0,9626.0,9576.0,9594.0,62666.0,518824.0,511055.0
2025-08-18 13:00:00,9590.0,9610.0,9588.0,9602.0,32514.0,511055.0,513033.0
2025-08-18 14:00:00,9602.0,9612.0,9570.0,9584.0,111673.0,513033.0,504979.0
2025-08-18 21:00:00,9604.0,9640.0,9600.0,9626.0,120141.0,504979.0,516417.0
2025-08-18 22:00:00,9626.0,9628.0,9602.0,9620.0,66896.0,516417.0,511563.0
2025-08-19 09:00:00,9620.0,9704.0,9594.0,9700.0,189374.0,511563.0,539374.0
2025-08-19 10:00:00,9700.0,9736.0,9676.0,9692.0,141954.0,539374.0,542036.0
2025-08-19 11:00:00,9692.0,9734.0,9692.0,9718.0,49943.0,542036.0,547431.0
2025-08-19 13:00:00,9716.0,9728.0,9632.0,9644.0,108514.0,547431.0,531570.0
2025-08-19 14:00:00,9644.0,9668.0,9624.0,9640.0,108243.0,531570.0,525990.0
2025-08-19 21:00:00,9580.0,9594.0,9490.0,9512.0,269779.0,525990.0,505485.0
2025-08-19 22:00:00,9512.0,9526.0,9480.0,9486.0,99804.0,505485.0,495281.0
2025-08-20 09:00:00,9482.0,9518.0,9464.0,9470.0,110290.0,495281.0,492297.0
2025-08-20 10:00:00,9470.0,9504.0,9456.0,9480.0,88627.0,492297.0,489927.0
2025-08-20 11:00:00,9480.0,9502.0,9480.0,9494.0,25895.0,489927.0,490583.0
2025-08-20 13:00:00,9494.0,9554.0,9492.0,9548.0,87707.0,490583.0,495505.0
2025-08-20 14:00:00,9548.0,9562.0,9522.0,9554.0,106052.0,495505.0,497896.0
2025-08-20 21:00:00,9548.0,9564.0,9522.0,9556.0,130082.0,497896.0,511256.0
2025-08-20 22:00:00,9556.0,9578.0,9536.0,9560.0,86887.0,511256.0,510074.0
2025-08-21 09:00:00,9566.0,9636.0,9558.0,9604.0,141988.0,510074.0,523162.0
2025-08-21 10:00:00,9604.0,9620.0,9576.0,9582.0,81991.0,523162.0,524843.0
2025-08-21 11:00:00,9582.0,9592.0,9520.0,9548.0,91846.0,524843.0,519083.0
2025-08-21 13:00:00,9518.0,9520.0,9482.0,9490.0,86424.0,519083.0,516506.0
2025-08-21 14:00:00,9490.0,9524.0,9480.0,9500.0,108044.0,516506.0,513963.0
2025-08-21 21:00:00,9502.0,9528.0,9462.0,9524.0,150039.0,513963.0,522681.0
2025-08-21 22:00:00,9524.0,9598.0,9522.0,9596.0,170903.0,522681.0,526954.0
2025-08-22 09:00:00,9600.0,9602.0,9558.0,9572.0,111314.0,526954.0,525789.0
2025-08-22 10:00:00,9572.0,9588.0,9542.0,9544.0,89444.0,525789.0,524457.0
2025-08-22 11:00:00,9544.0,9556.0,9522.0,9526.0,63314.0,524457.0,518438.0
2025-08-22 13:00:00,9538.0,9544.0,9518.0,9530.0,43893.0,518438.0,516458.0
2025-08-22 14:00:00,9530.0,9608.0,9520.0,9592.0,125067.0,516458.0,519477.0
2025-08-22 21:00:00,9612.0,9622.0,9544.0,9550.0,129640.0,519477.0,521104.0
2025-08-22 22:00:00,9550.0,9588.0,9548.0,9570.0,89196.0,521104.0,515338.0
2025-08-25 09:00:00,9628.0,9686.0,9626.0,9642.0,184690.0,515338.0,528895.0
2025-08-25 10:00:00,9642.0,9688.0,9592.0,9598.0,125614.0,528895.0,530786.0
2025-08-25 11:00:00,9598.0,9642.0,9580.0,9610.0,72749.0,530786.0,528694.0
2025-08-25 13:00:00,9594.0,9602.0,9582.0,9592.0,42541.0,528694.0,526317.0
2025-08-25 14:00:00,9592.0,9620.0,9580.0,9582.0,73961.0,526317.0,522517.0
2025-08-25 21:00:00,9606.0,9618.0,9574.0,9578.0,136226.0,522517.0,536187.0
2025-08-25 22:00:00,9578.0,9580.0,9532.0,9542.0,103834.0,536187.0,528322.0
2025-08-26 09:00:00,9520.0,9548.0,9494.0,9538.0,125259.0,528322.0,531726.0
2025-08-26 10:00:00,9538.0,9550.0,9506.0,9538.0,66923.0,531726.0,530915.0
2025-08-26 11:00:00,9538.0,9560.0,9500.0,9522.0,66270.0,530915.0,529286.0
2025-08-26 13:00:00,9520.0,9532.0,9514.0,9524.0,26467.0,529286.0,528224.0
2025-08-26 14:00:00,9524.0,9536.0,9486.0,9500.0,110600.0,528224.0,522571.0
2025-08-26 21:00:00,9464.0,9526.0,9454.0,9518.0,135321.0,522571.0,528482.0
2025-08-26 22:00:00,9518.0,9532.0,9456.0,9488.0,128886.0,528482.0,521729.0
2025-08-27 09:00:00,9498.0,9572.0,9498.0,9524.0,155847.0,521729.0,529923.0
2025-08-27 10:00:00,9524.0,9546.0,9520.0,9528.0,53094.0,529923.0,531387.0
2025-08-27 11:00:00,9528.0,9558.0,9520.0,9548.0,42752.0,531387.0,531518.0
2025-08-27 13:00:00,9558.0,9564.0,9508.0,9514.0,49650.0,531518.0,530211.0
2025-08-27 14:00:00,9514.0,9550.0,9486.0,9500.0,118402.0,530211.0,520809.0
2025-08-27 21:00:00,9516.0,9532.0,9480.0,9520.0,131153.0,520809.0,528845.0
2025-08-27 22:00:00,9520.0,9540.0,9506.0,9518.0,91304.0,528845.0,526919.0
2025-08-28 09:00:00,9514.0,9534.0,9458.0,9496.0,184048.0,526919.0,527591.0
2025-08-28 10:00:00,9496.0,9530.0,9456.0,9476.0,95462.0,527591.0,522992.0
2025-08-28 11:00:00,9476.0,9476.0,9432.0,9442.0,119376.0,522992.0,513998.0
2025-08-28 13:00:00,9442.0,9444.0,9404.0,9418.0,95603.0,513998.0,512369.0
2025-08-28 14:00:00,9418.0,9456.0,9408.0,9414.0,115788.0,512369.0,504743.0
2025-08-28 21:00:00,9440.0,9446.0,9364.0,9374.0,168613.0,504743.0,513115.0
2025-08-28 22:00:00,9374.0,9378.0,9348.0,9354.0,82486.0,513115.0,502679.0
2025-08-29 09:00:00,9358.0,9396.0,9348.0,9364.0,119769.0,502679.0,506053.0
2025-08-29 10:00:00,9364.0,9386.0,9356.0,9360.0,53828.0,506053.0,503800.0
2025-08-29 11:00:00,9360.0,9380.0,9276.0,9284.0,142405.0,503800.0,497381.0
2025-08-29 13:00:00,9286.0,9322.0,9284.0,9316.0,66758.0,497381.0,490347.0
2025-08-29 14:00:00,9316.0,9320.0,9292.0,9316.0,99329.0,490347.0,478726.0
2025-08-29 21:00:00,9298.0,9300.0,9250.0,9258.0,121015.0,478726.0,479816.0
2025-08-29 22:00:00,9258.0,9296.0,9240.0,9290.0,93137.0,479816.0,468022.0
2025-09-01 09:00:00,9298.0,9386.0,9298.0,9322.0,190135.0,468022.0,469677.0
2025-09-01 10:00:00,9322.0,9340.0,9306.0,9332.0,56073.0,469677.0,470742.0
2025-09-01 11:00:00,9332.0,9382.0,9330.0,9368.0,62953.0,470742.0,468954.0
2025-09-01 13:00:00,9368.0,9376.0,9342.0,9342.0,40256.0,468954.0,468919.0
2025-09-01 14:00:00,9342.0,9392.0,9324.0,9384.0,106337.0,468919.0,462237.0
2025-09-01 21:00:00,9390.0,9508.0,9378.0,9480.0,252448.0,462237.0,474547.0
2025-09-01 22:00:00,9480.0,9494.0,9458.0,9482.0,96225.0,474547.0,470087.0
2025-09-02 09:00:00,9476.0,9478.0,9422.0,9428.0,119275.0,470087.0,462337.0
2025-09-02 10:00:00,9428.0,9440.0,9384.0,9422.0,120157.0,462337.0,456121.0
2025-09-02 11:00:00,9422.0,9454.0,9418.0,9438.0,47769.0,456121.0,453377.0
2025-09-02 13:00:00,9422.0,9434.0,9410.0,9416.0,32752.0,453377.0,453880.0
2025-09-02 14:00:00,9416.0,9434.0,9392.0,9422.0,77073.0,453880.0,449555.0
2025-09-02 21:00:00,9420.0,9428.0,9372.0,9408.0,146499.0,449555.0,455172.0
2025-09-02 22:00:00,9408.0,9482.0,9386.0,9482.0,137355.0,455172.0,454598.0
2025-09-03 09:00:00,9488.0,9498.0,9432.0,9438.0,91315.0,454598.0,456437.0
2025-09-03 10:00:00,9438.0,9472.0,9424.0,9424.0,88186.0,456437.0,456663.0
2025-09-03 11:00:00,9424.0,9428.0,9344.0,9358.0,114426.0,456663.0,451848.0
2025-09-03 13:00:00,9360.0,9396.0,9348.0,9390.0,66528.0,451848.0,448258.0
2025-09-03 14:00:00,9390.0,9402.0,9362.0,9368.0,94742.0,448258.0,444058.0
2025-09-03 21:00:00,9364.0,9368.0,9312.0,9328.0,147013.0,444058.0,443760.0
2025-09-03 22:00:00,9328.0,9380.0,9320.0,9340.0,100415.0,443760.0,440430.0
2025-09-04 09:00:00,9328.0,9370.0,9322.0,9362.0,101771.0,440430.0,440917.0
2025-09-04 10:00:00,9362.0,9426.0,9356.0,9408.0,112236.0,440917.0,446944.0
2025-09-04 11:00:00,9408.0,9446.0,9388.0,9438.0,79417.0,446944.0,449682.0
2025-09-04 13:00:00,9440.0,9450.0,9420.0,9442.0,50190.0,449682.0,456187.0
2025-09-04 14:00:00,9442.0,9450.0,9380.0,9390.0,124906.0,456187.0,445523.0
2025-09-04 21:00:00,9382.0,9408.0,9358.0,9382.0,123234.0,445523.0,446969.0
2025-09-04 22:00:00,9382.0,9408.0,9366.0,9402.0,83768.0,446969.0,446141.0
2025-09-05 09:00:00,9412.0,9442.0,9396.0,9436.0,89537.0,446141.0,450384.0
2025-09-05 10:00:00,9436.0,9506.0,9422.0,9502.0,137725.0,450384.0,472976.0
2025-09-05 11:00:00,9502.0,9540.0,9486.0,9534.0,81049.0,472976.0,479068.0
2025-09-05 13:00:00,9530.0,9554.0,9510.0,9510.0,85467.0,479068.0,483124.0
2025-09-05 14:00:00,9510.0,9538.0,9510.0,9526.0,86951.0,483124.0,475615.0
2025-09-05 21:00:00,9512.0,9514.0,9458.0,9468.0,121067.0,475615.0,469236.0
2025-09-05 22:00:00,9468.0,9470.0,9408.0,9440.0,113155.0,469236.0,454402.0
2025-09-08 09:00:00,9432.0,9452.0,9412.0,9436.0,93734.0,454402.0,452066.0
2025-09-08 10:00:00,9436.0,9446.0,9380.0,9406.0,108421.0,452066.0,444327.0
2025-09-08 11:00:00,9406.0,9424.0,9390.0,9418.0,39445.0,444327.0,443506.0
2025-09-08 13:00:00,9416.0,9428.0,9412.0,9420.0,29427.0,443506.0,442802.0
2025-09-08 14:00:00,9420.0,9474.0,9392.0,9466.0,100602.0,442802.0,443215.0
2025-09-08 21:00:00,9476.0,9500.0,9434.0,9440.0,132595.0,443215.0,446641.0
2025-09-08 22:00:00,9440.0,9466.0,9428.0,9440.0,63661.0,446641.0,443806.0
2025-09-09 09:00:00,9458.0,9494.0,9452.0,9494.0,108509.0,443806.0,450459.0
2025-09-09 10:00:00,9494.0,9506.0,9448.0,9448.0,86857.0,450459.0,448820.0
2025-09-09 11:00:00,9448.0,9462.0,9430.0,9456.0,43777.0,448820.0,444836.0
2025-09-09 13:00:00,9466.0,9502.0,9466.0,9478.0,72611.0,444836.0,456426.0
2025-09-09 14:00:00,9478.0,9498.0,9468.0,9486.0,71019.0,456426.0,451516.0
2025-09-09 21:00:00,9470.0,9472.0,9384.0,9390.0,209821.0,451516.0,455257.0
2025-09-09 22:00:00,9390.0,9406.0,9362.0,9378.0,87277.0,455257.0,445856.0
2025-09-10 09:00:00,9358.0,9376.0,9256.0,9308.0,274012.0,445856.0,454429.0
2025-09-10 10:00:00,9308.0,9340.0,9286.0,9290.0,85040.0,454429.0,453511.0
2025-09-10 11:00:00,9290.0,9334.0,9286.0,9330.0,42063.0,453511.0,448966.0
2025-09-10 13:00:00,9336.0,9356.0,9324.0,9330.0,50483.0,448966.0,446292.0
2025-09-10 14:00:00,9330.0,9334.0,9244.0,9244.0,111013.0,446292.0,444900.0
2025-09-10 21:00:00,9284.0,9292.0,9262.0,9276.0,143220.0,444900.0,452438.0
2025-09-10 22:00:00,9276.0,9306.0,9270.0,9302.0,82842.0,452438.0,447563.0
2025-09-11 09:00:00,9320.0,9330.0,9208.0,9232.0,199901.0,447563.0,453534.0
2025-09-11 10:00:00,9232.0,9272.0,9224.0,9270.0,85355.0,453534.0,450218.0
2025-09-11 11:00:00,9270.0,9302.0,9266.0,9284.0,64166.0,450218.0,447443.0
2025-09-11 13:00:00,9290.0,9316.0,9286.0,9312.0,50254.0,447443.0,449051.0
2025-09-11 14:00:00,9312.0,9334.0,9302.0,9330.0,93576.0,449051.0,438697.0
2025-09-11 21:00:00,9316.0,9362.0,9296.0,9360.0,155756.0,438697.0,447420.0
2025-09-11 22:00:00,9360.0,9370.0,9336.0,9348.0,78575.0,447420.0,442034.0
2025-09-12 09:00:00,9366.0,9426.0,9358.0,9392.0,172087.0,442034.0,453459.0
2025-09-12 10:00:00,9392.0,9404.0,9372.0,9372.0,56215.0,453459.0,451922.0
2025-09-12 11:00:00,9372.0,9380.0,9332.0,9338.0,76121.0,451922.0,443686.0
2025-09-12 13:00:00,9332.0,9342.0,9286.0,9288.0,85624.0,443686.0,440300.0
2025-09-12 14:00:00,9288.0,9306.0,9268.0,9296.0,140942.0,440300.0,428331.0
2025-09-12 21:00:00,9338.0,9368.0,9318.0,9344.0,132505.0,428331.0,426040.0
2025-09-12 22:00:00,9344.0,9376.0,9336.0,9336.0,87057.0,426040.0,421611.0
2025-09-15 09:00:00,9352.0,9386.0,9340.0,9378.0,120568.0,421611.0,428190.0
2025-09-15 10:00:00,9378.0,9400.0,9364.0,9392.0,59300.0,428190.0,432438.0
2025-09-15 11:00:00,9392.0,9396.0,9374.0,9380.0,32161.0,432438.0,430870.0
2025-09-15 13:00:00,9386.0,9410.0,9364.0,9408.0,51241.0,430870.0,434517.0
2025-09-15 14:00:00,9408.0,9442.0,9394.0,9422.0,100449.0,434517.0,433353.0
2025-09-15 21:00:00,9442.0,9506.0,9430.0,9466.0,156986.0,433353.0,447126.0
2025-09-15 22:00:00,9466.0,9478.0,9452.0,9476.0,64731.0,447126.0,441535.0
2025-09-16 09:00:00,9482.0,9528.0,9482.0,9498.0,135860.0,441535.0,447272.0
2025-09-16 10:00:00,9498.0,9502.0,9444.0,9462.0,72673.0,447272.0,444717.0
2025-09-16 11:00:00,9462.0,9496.0,9462.0,9490.0,38539.0,444717.0,448025.0
2025-09-16 13:00:00,9490.0,9510.0,9482.0,9504.0,37599.0,448025.0,454357.0
2025-09-16 14:00:00,9504.0,9516.0,9474.0,9482.0,85288.0,454357.0,451725.0
2025-09-16 21:00:00,9534.0,9546.0,9508.0,9516.0,149425.0,451725.0,460490.0
2025-09-16 22:00:00,9516.0,9528.0,9502.0,9524.0,66648.0,460490.0,457580.0
2025-09-17 09:00:00,9532.0,9570.0,9514.0,9520.0,139407.0,457580.0,465472.0
2025-09-17 10:00:00,9520.0,9528.0,9482.0,9498.0,88812.0,465472.0,462637.0
2025-09-17 11:00:00,9498.0,9498.0,9450.0,9464.0,62482.0,462637.0,455551.0
2025-09-17 13:00:00,9444.0,9448.0,9412.0,9424.0,89801.0,455551.0,444245.0
2025-09-17 14:00:00,9424.0,9434.0,9408.0,9424.0,84057.0,444245.0,436003.0
2025-09-17 21:00:00,9410.0,9428.0,9388.0,9404.0,126079.0,436003.0,441782.0
2025-09-17 22:00:00,9404.0,9412.0,9358.0,9388.0,97420.0,441782.0,431117.0
2025-09-18 09:00:00,9358.0,9368.0,9320.0,9334.0,129999.0,431117.0,426452.0
2025-09-18 10:00:00,9334.0,9334.0,9288.0,9290.0,95998.0,426452.0,434815.0
2025-09-18 11:00:00,9290.0,9324.0,9286.0,9312.0,56713.0,434815.0,429683.0
2025-09-18 13:00:00,9310.0,9312.0,9294.0,9300.0,35182.0,429683.0,430527.0
2025-09-18 14:00:00,9300.0,9312.0,9280.0,9304.0,86358.0,430527.0,423179.0
2025-09-18 21:00:00,9318.0,9344.0,9308.0,9342.0,108085.0,423179.0,428305.0
2025-09-18 22:00:00,9342.0,9362.0,9338.0,9342.0,80024.0,428305.0,424928.0
2025-09-19 09:00:00,9330.0,9380.0,9326.0,9334.0,109587.0,424928.0,423591.0
2025-09-19 10:00:00,9334.0,9378.0,9332.0,9348.0,79151.0,423591.0,423874.0
2025-09-19 11:00:00,9348.0,9370.0,9346.0,9352.0,39262.0,423874.0,417649.0
2025-09-19 13:00:00,9348.0,9348.0,9306.0,9326.0,66236.0,417649.0,418860.0
2025-09-19 14:00:00,9326.0,9336.0,9308.0,9316.0,72312.0,418860.0,411814.0
2025-09-19 21:00:00,9322.0,9336.0,9286.0,9304.0,95275.0,411814.0,413700.0
2025-09-19 22:00:00,9304.0,9330.0,9288.0,9306.0,74169.0,413700.0,405774.0
2025-09-22 09:00:00,9284.0,9318.0,9252.0,9316.0,135981.0,405774.0,408647.0
2025-09-22 10:00:00,9316.0,9350.0,9312.0,9338.0,75749.0,408647.0,409963.0
2025-09-22 11:00:00,9338.0,9360.0,9330.0,9356.0,44398.0,409963.0,407667.0
2025-09-22 13:00:00,9358.0,9376.0,9356.0,9368.0,39919.0,407667.0,409592.0
2025-09-22 14:00:00,9368.0,9400.0,9356.0,9360.0,96216.0,409592.0,403883.0
2025-09-22 21:00:00,9282.0,9294.0,9160.0,9188.0,297838.0,403883.0,412999.0
2025-09-22 22:00:00,9188.0,9190.0,9152.0,9152.0,82353.0,412999.0,408285.0
2025-09-23 09:00:00,9148.0,9148.0,8966.0,8970.0,307377.0,408285.0,411116.0
2025-09-23 10:00:00,8970.0,9000.0,8946.0,8996.0,129871.0,411116.0,408658.0
2025-09-23 11:00:00,8996.0,9002.0,8956.0,8964.0,41521.0,408658.0,406253.0
2025-09-23 13:00:00,8964.0,8976.0,8956.0,8970.0,30083.0,406253.0,404159.0
2025-09-23 14:00:00,8970.0,9060.0,8964.0,9054.0,132105.0,404159.0,387927.0
2025-09-23 21:00:00,9082.0,9090.0,9038.0,9076.0,159938.0,387927.0,389465.0
2025-09-23 22:00:00,9076.0,9094.0,9070.0,9078.0,72715.0,389465.0,382086.0
2025-09-24 09:00:00,9058.0,9074.0,9014.0,9068.0,107186.0,382086.0,384739.0
2025-09-24 10:00:00,9068.0,9086.0,9050.0,9072.0,55873.0,384739.0,383164.0
2025-09-24 11:00:00,9072.0,9082.0,9056.0,9072.0,22811.0,383164.0,381093.0
2025-09-24 13:00:00,9078.0,9130.0,9076.0,9106.0,70020.0,381093.0,378357.0
2025-09-24 14:00:00,9106.0,9142.0,9104.0,9126.0,103281.0,378357.0,376778.0
2025-09-24 21:00:00,9188.0,9244.0,9154.0,9168.0,268807.0,376778.0,379519.0
2025-09-24 22:00:00,9168.0,9200.0,9166.0,9190.0,73677.0,379519.0,372408.0
2025-09-25 09:00:00,9188.0,9264.0,9188.0,9222.0,132300.0,372408.0,367543.0
2025-09-25 10:00:00,9222.0,9254.0,9212.0,9230.0,70577.0,367543.0,367098.0
2025-09-25 11:00:00,9230.0,9250.0,9222.0,9242.0,43551.0,367098.0,364490.0
2025-09-25 13:00:00,9236.0,9236.0,9222.0,9226.0,35381.0,364490.0,362667.0
2025-09-25 14:00:00,9226.0,9240.0,9218.0,9222.0,64063.0,362667.0,357389.0
2025-09-25 21:00:00,9246.0,9282.0,9228.0,9262.0,148221.0,357389.0,361758.0
2025-09-25 22:00:00,9262.0,9266.0,9238.0,9258.0,62090.0,361758.0,357523.0
2025-09-26 09:00:00,9264.0,9318.0,9264.0,9290.0,133490.0,357523.0,365650.0
2025-09-26 10:00:00,9290.0,9296.0,9264.0,9288.0,51417.0,365650.0,365389.0
2025-09-26 11:00:00,9288.0,9304.0,9264.0,9288.0,41315.0,365389.0,364636.0
2025-09-26 13:00:00,9272.0,9272.0,9250.0,9258.0,46884.0,364636.0,366272.0
2025-09-26 14:00:00,9258.0,9284.0,9226.0,9236.0,107359.0,366272.0,363269.0
2025-09-26 21:00:00,9236.0,9260.0,9224.0,9248.0,83521.0,363269.0,360972.0
2025-09-26 22:00:00,9248.0,9280.0,9246.0,9278.0,57982.0,360972.0,356119.0
2025-09-29 09:00:00,9244.0,9248.0,9188.0,9230.0,126746.0,356119.0,355733.0
2025-09-29 10:00:00,9230.0,9256.0,9206.0,9230.0,67752.0,355733.0,355908.0
2025-09-29 11:00:00,9230.0,9256.0,9224.0,9240.0,30139.0,355908.0,355686.0
2025-09-29 13:00:00,9250.0,9262.0,9232.0,9248.0,26375.0,355686.0,355999.0
2025-09-29 14:00:00,9248.0,9252.0,9218.0,9234.0,51851.0,355999.0,353461.0
2025-09-29 21:00:00,9204.0,9206.0,9172.0,9196.0,98723.0,353461.0,349004.0
2025-09-29 22:00:00,9196.0,9234.0,9192.0,9214.0,60161.0,349004.0,345786.0
2025-09-30 09:00:00,9200.0,9222.0,9178.0,9206.0,54681.0,345786.0,342884.0
2025-09-30 10:00:00,9206.0,9206.0,9156.0,9160.0,53897.0,342884.0,343176.0
2025-09-30 11:00:00,9160.0,9186.0,9156.0,9184.0,25475.0,343176.0,341916.0
2025-09-30 13:00:00,9176.0,9192.0,9150.0,9184.0,33397.0,341916.0,340125.0
2025-09-30 14:00:00,9184.0,9228.0,9162.0,9228.0,72268.0,340125.0,332147.0
2025-10-09 09:00:00,9454.0,9514.0,9438.0,9506.0,249284.0,332147.0,349975.0
2025-10-09 10:00:00,9506.0,9580.0,9502.0,9532.0,111253.0,349975.0,367405.0
2025-10-09 11:00:00,9532.0,9552.0,9510.0,9550.0,40228.0,367405.0,370708.0
2025-10-09 13:00:00,9554.0,9580.0,9554.0,9568.0,41215.0,370708.0,376494.0
2025-10-09 14:00:00,9568.0,9576.0,9548.0,9570.0,67616.0,376494.0,379054.0
2025-10-09 21:00:00,9576.0,9582.0,9544.0,9544.0,109622.0,379054.0,385639.0
2025-10-09 22:00:00,9544.0,9598.0,9544.0,9596.0,64134.0,385639.0,385396.0
2025-10-10 09:00:00,9568.0,9608.0,9564.0,9570.0,85640.0,385396.0,391652.0
2025-10-10 10:00:00,9570.0,9584.0,9554.0,9554.0,53654.0,391652.0,394257.0
2025-10-10 11:00:00,9554.0,9576.0,9550.0,9564.0,31616.0,394257.0,394270.0
2025-10-10 13:00:00,9494.0,9494.0,9366.0,9444.0,271167.0,394270.0,371314.0
2025-10-10 14:00:00,9444.0,9462.0,9424.0,9438.0,117371.0,371314.0,367743.0
2025-10-10 21:00:00,9430.0,9446.0,9414.0,9418.0,93663.0,367743.0,366615.0
2025-10-10 22:00:00,9418.0,9422.0,9386.0,9404.0,75379.0,366615.0,361520.0
2025-10-13 09:00:00,9388.0,9412.0,9366.0,9372.0,115110.0,361520.0,361630.0
2025-10-13 10:00:00,9372.0,9378.0,9314.0,9320.0,86431.0,361630.0,356889.0
2025-10-13 11:00:00,9320.0,9328.0,9310.0,9320.0,33559.0,356889.0,354040.0
2025-10-13 13:00:00,9320.0,9340.0,9320.0,9340.0,30309.0,354040.0,352036.0
2025-10-13 14:00:00,9340.0,9370.0,9336.0,9364.0,66814.0,352036.0,349205.0
2025-10-13 21:00:00,9368.0,9416.0,9352.0,9410.0,101312.0,349205.0,358930.0
2025-10-13 22:00:00,9410.0,9414.0,9372.0,9392.0,65311.0,358930.0,355453.0
2025-10-14 09:00:00,9408.0,9438.0,9390.0,9416.0,78166.0,355453.0,356440.0
2025-10-14 10:00:00,9416.0,9426.0,9380.0,9384.0,69408.0,356440.0,356697.0
2025-10-14 11:00:00,9384.0,9400.0,9350.0,9368.0,49865.0,356697.0,356417.0
2025-10-14 13:00:00,9346.0,9346.0,9274.0,9304.0,89272.0,356417.0,353236.0
2025-10-14 14:00:00,9304.0,9348.0,9298.0,9330.0,73353.0,353236.0,350778.0
2025-10-14 21:00:00,9304.0,9338.0,9278.0,9336.0,113590.0,350778.0,356943.0
2025-10-14 22:00:00,9336.0,9344.0,9320.0,9320.0,46011.0,356943.0,355173.0
2025-10-15 09:00:00,9342.0,9376.0,9332.0,9366.0,75600.0,355173.0,355428.0
2025-10-15 10:00:00,9366.0,9372.0,9286.0,9290.0,71211.0,355428.0,356984.0
2025-10-15 11:00:00,9290.0,9308.0,9260.0,9306.0,56087.0,356984.0,353728.0
2025-10-15 13:00:00,9312.0,9328.0,9304.0,9314.0,30060.0,353728.0,353294.0
2025-10-15 14:00:00,9314.0,9324.0,9286.0,9322.0,56377.0,353294.0,353041.0
2025-10-15 21:00:00,9334.0,9344.0,9302.0,9318.0,76248.0,353041.0,358202.0
2025-10-15 22:00:00,9318.0,9342.0,9318.0,9322.0,51373.0,358202.0,354339.0
2025-10-16 09:00:00,9336.0,9374.0,9328.0,9346.0,67854.0,354339.0,355525.0
2025-10-16 10:00:00,9346.0,9366.0,9322.0,9352.0,52044.0,355525.0,351957.0
2025-10-16 11:00:00,9352.0,9354.0,9290.0,9290.0,42106.0,351957.0,351985.0
2025-10-16 13:00:00,9290.0,9320.0,9282.0,9312.0,38290.0,351985.0,350952.0
2025-10-16 14:00:00,9312.0,9330.0,9298.0,9312.0,55913.0,350952.0,348046.0
2025-10-16 21:00:00,9328.0,9388.0,9316.0,9378.0,104956.0,348046.0,353427.0
2025-10-16 22:00:00,9378.0,9392.0,9352.0,9388.0,66636.0,353427.0,351963.0
2025-10-17 09:00:00,9350.0,9350.0,9300.0,9318.0,105859.0,351963.0,347282.0
2025-10-17 10:00:00,9318.0,9366.0,9294.0,9330.0,80110.0,347282.0,345971.0
2025-10-17 11:00:00,9330.0,9338.0,9304.0,9310.0,36575.0,345971.0,346946.0
2025-10-17 13:00:00,9318.0,9326.0,9310.0,9322.0,24020.0,346946.0,344215.0
2025-10-17 14:00:00,9322.0,9328.0,9288.0,9308.0,66139.0,344215.0,337826.0
2025-10-17 21:00:00,9334.0,9392.0,9332.0,9382.0,126508.0,337826.0,344244.0
2025-10-17 22:00:00,9382.0,9384.0,9338.0,9354.0,64698.0,344244.0,336472.0
2025-10-20 09:00:00,9364.0,9406.0,9360.0,9400.0,89677.0,336472.0,343646.0
2025-10-20 10:00:00,9400.0,9412.0,9388.0,9390.0,39881.0,343646.0,347075.0
2025-10-20 11:00:00,9390.0,9402.0,9376.0,9392.0,28047.0,347075.0,346067.0
2025-10-20 13:00:00,9392.0,9410.0,9384.0,9386.0,26438.0,346067.0,346366.0
2025-10-20 14:00:00,9386.0,9386.0,9312.0,9318.0,86185.0,346366.0,344243.0
2025-10-20 21:00:00,9318.0,9322.0,9264.0,9286.0,146401.0,344243.0,351821.0
2025-10-20 22:00:00,9286.0,9300.0,9278.0,9294.0,44187.0,351821.0,347309.0
2025-10-21 09:00:00,9306.0,9332.0,9296.0,9304.0,72214.0,347309.0,343964.0
2025-10-21 10:00:00,9304.0,9390.0,9298.0,9384.0,103476.0,343964.0,342321.0
2025-10-21 11:00:00,9384.0,9400.0,9372.0,9394.0,49510.0,342321.0,343653.0
2025-10-21 13:00:00,9386.0,9390.0,9362.0,9372.0,34772.0,343653.0,343002.0
2025-10-21 14:00:00,9372.0,9376.0,9282.0,9294.0,102979.0,343002.0,333677.0
2025-10-21 21:00:00,9286.0,9290.0,9242.0,9268.0,153632.0,333677.0,330397.0
2025-10-21 22:00:00,9268.0,9296.0,9264.0,9270.0,64919.0,330397.0,322436.0
2025-10-22 09:00:00,9262.0,9264.0,9176.0,9200.0,143816.0,322436.0,335513.0
2025-10-22 10:00:00,9200.0,9224.0,9184.0,9212.0,65124.0,335513.0,337271.0
2025-10-22 11:00:00,9212.0,9246.0,9212.0,9242.0,38709.0,337271.0,333928.0
2025-10-22 13:00:00,9244.0,9246.0,9184.0,9186.0,58023.0,333928.0,336914.0
2025-10-22 14:00:00,9186.0,9186.0,9156.0,9164.0,113623.0,336914.0,346365.0
2025-10-22 21:00:00,9174.0,9176.0,9104.0,9110.0,142286.0,346365.0,361142.0
2025-10-22 22:00:00,9110.0,9114.0,9076.0,9080.0,94996.0,361142.0,362688.0
2025-10-23 09:00:00,9096.0,9118.0,9086.0,9102.0,84091.0,362688.0,362720.0
2025-10-23 10:00:00,9102.0,9120.0,9088.0,9116.0,55170.0,362720.0,363198.0
2025-10-23 11:00:00,9116.0,9118.0,9094.0,9104.0,25987.0,363198.0,361877.0
2025-10-23 13:00:00,9124.0,9138.0,9116.0,9126.0,48039.0,361877.0,364253.0
2025-10-23 14:00:00,9126.0,9136.0,9100.0,9132.0,82984.0,364253.0,357819.0
2025-10-23 21:00:00,9166.0,9174.0,9112.0,9142.0,114909.0,357819.0,366066.0
2025-10-23 22:00:00,9142.0,9144.0,9118.0,9126.0,45962.0,366066.0,364571.0
2025-10-24 09:00:00,9130.0,9154.0,9108.0,9132.0,84103.0,364571.0,362536.0
2025-10-24 10:00:00,9132.0,9136.0,9092.0,9098.0,57146.0,362536.0,362863.0
2025-10-24 11:00:00,9098.0,9156.0,9090.0,9148.0,57102.0,362863.0,354645.0
2025-10-24 13:00:00,9146.0,9150.0,9124.0,9126.0,30203.0,354645.0,354057.0
2025-10-24 14:00:00,9126.0,9150.0,9118.0,9122.0,65865.0,354057.0,349691.0
2025-10-24 21:00:00,9110.0,9122.0,9092.0,9104.0,77621.0,349691.0,353562.0
2025-10-24 22:00:00,9104.0,9126.0,9088.0,9102.0,59265.0,353562.0,349924.0
2025-10-27 09:00:00,9112.0,9140.0,9096.0,9106.0,91295.0,349924.0,355403.0
2025-10-27 10:00:00,9106.0,9150.0,9106.0,9128.0,75388.0,355403.0,355298.0
2025-10-27 11:00:00,9128.0,9136.0,9094.0,9102.0,41387.0,355298.0,359510.0
2025-10-27 13:00:00,9104.0,9114.0,9102.0,9112.0,22193.0,359510.0,359610.0
2025-10-27 14:00:00,9112.0,9126.0,9066.0,9100.0,95272.0,359610.0,356490.0
2025-10-27 21:00:00,9076.0,9080.0,8998.0,9014.0,177238.0,356490.0,363299.0
2025-10-27 22:00:00,9014.0,9032.0,9000.0,9016.0,57884.0,363299.0,360889.0
2025-10-28 09:00:00,9030.0,9040.0,9014.0,9018.0,58925.0,360889.0,361033.0
2025-10-28 10:00:00,9018.0,9020.0,8962.0,8972.0,85833.0,361033.0,366556.0
2025-10-28 11:00:00,8972.0,9004.0,8964.0,8984.0,38930.0,366556.0,365178.0
2025-10-28 13:00:00,8988.0,9018.0,8978.0,9006.0,36696.0,365178.0,364926.0
2025-10-28 14:00:00,9006.0,9010.0,8954.0,8958.0,76187.0,364926.0,368090.0
2025-10-28 21:00:00,8932.0,8940.0,8842.0,8848.0,185985.0,368090.0,383078.0
2025-10-28 22:00:00,8848.0,8866.0,8814.0,8824.0,104010.0,383078.0,382418.0
2025-10-29 09:00:00,8810.0,8860.0,8758.0,8830.0,192828.0,382418.0,384460.0
2025-10-29 10:00:00,8830.0,8858.0,8818.0,8824.0,84490.0,384460.0,390148.0
2025-10-29 11:00:00,8824.0,8828.0,8796.0,8810.0,54996.0,390148.0,390948.0
2025-10-29 13:00:00,8810.0,8828.0,8798.0,8806.0,32493.0,390948.0,393817.0
2025-10-29 14:00:00,8806.0,8848.0,8804.0,8842.0,72504.0,393817.0,388487.0
2025-10-29 21:00:00,8798.0,8838.0,8778.0,8830.0,130412.0,388487.0,397037.0
2025-10-29 22:00:00,8830.0,8850.0,8820.0,8826.0,65034.0,397037.0,393877.0
2025-10-30 09:00:00,8832.0,8868.0,8822.0,8840.0,79426.0,393877.0,398210.0
2025-10-30 10:00:00,8840.0,8856.0,8796.0,8814.0,76019.0,398210.0,398663.0
2025-10-30 11:00:00,8814.0,8824.0,8804.0,8814.0,21836.0,398663.0,397168.0
2025-10-30 13:00:00,8800.0,8820.0,8788.0,8812.0,46094.0,397168.0,397906.0
2025-10-30 14:00:00,8812.0,8836.0,8798.0,8828.0,64869.0,397906.0,391870.0
2025-10-30 21:00:00,8852.0,8858.0,8812.0,8822.0,93424.0,391870.0,396502.0
2025-10-30 22:00:00,8822.0,8828.0,8792.0,8806.0,56685.0,396502.0,396829.0
2025-10-31 09:00:00,8818.0,8840.0,8806.0,8808.0,55776.0,396829.0,397307.0
2025-10-31 10:00:00,8808.0,8824.0,8770.0,8808.0,61590.0,397307.0,397699.0
2025-10-31 11:00:00,8808.0,8812.0,8720.0,8736.0,49592.0,397699.0,397425.0
2025-10-31 13:00:00,8742.0,8778.0,8742.0,8772.0,42980.0,397425.0,397701.0
2025-10-31 14:00:00,8772.0,8794.0,8758.0,8764.0,55400.0,397701.0,392995.0
2025-10-31 21:00:00,8724.0,8754.0,8682.0,8686.0,123160.0,392995.0,400774.0
2025-10-31 22:00:00,8686.0,8694.0,8638.0,8654.0,97271.0,400774.0,396096.0
2025-11-03 09:00:00,8658.0,8740.0,8650.0,8722.0,128764.0,396096.0,388547.0
2025-11-03 10:00:00,8722.0,8744.0,8674.0,8688.0,68774.0,388547.0,387498.0
2025-11-03 11:00:00,8688.0,8694.0,8662.0,8668.0,31948.0,387498.0,386935.0
2025-11-03 13:00:00,8658.0,8682.0,8640.0,8680.0,49520.0,386935.0,391530.0
2025-11-03 14:00:00,8680.0,8682.0,8650.0,8664.0,57072.0,391530.0,391237.0
2025-11-03 21:00:00,8620.0,8636.0,8596.0,8634.0,109942.0,391237.0,397271.0
2025-11-03 22:00:00,8634.0,8678.0,8620.0,8676.0,72702.0,397271.0,393155.0
2025-11-04 09:00:00,8718.0,8736.0,8682.0,8690.0,126734.0,393155.0,399311.0
2025-11-04 10:00:00,8690.0,8708.0,8658.0,8678.0,62383.0,399311.0,402398.0
2025-11-04 11:00:00,8678.0,8680.0,8600.0,8622.0,66612.0,402398.0,406400.0
2025-11-04 13:00:00,8624.0,8630.0,8606.0,8624.0,33994.0,406400.0,407246.0
2025-11-04 14:00:00,8624.0,8658.0,8600.0,8616.0,84234.0,407246.0,405977.0
2025-11-04 21:00:00,8588.0,8626.0,8570.0,8618.0,116980.0,405977.0,417485.0
2025-11-04 22:00:00,8618.0,8666.0,8614.0,8654.0,101340.0,417485.0,414920.0
2025-11-05 09:00:00,8650.0,8654.0,8592.0,8638.0,83024.0,414920.0,416120.0
2025-11-05 10:00:00,8638.0,8646.0,8602.0,8612.0,54050.0,416120.0,417869.0
2025-11-05 11:00:00,8612.0,8642.0,8606.0,8640.0,30064.0,417869.0,417620.0
2025-11-05 13:00:00,8650.0,8658.0,8596.0,8616.0,69979.0,417620.0,419691.0
2025-11-05 14:00:00,8616.0,8618.0,8582.0,8590.0,90730.0,419691.0,423090.0
2025-11-05 21:00:00,8584.0,8632.0,8562.0,8610.0,145185.0,423090.0,431506.0
2025-11-05 22:00:00,8610.0,8634.0,8600.0,8630.0,71107.0,431506.0,427568.0
2025-11-06 09:00:00,8632.0,8664.0,8614.0,8650.0,99235.0,427568.0,424879.0
2025-11-06 10:00:00,8650.0,8694.0,8646.0,8686.0,89191.0,424879.0,429395.0
2025-11-06 11:00:00,8686.0,8706.0,8676.0,8692.0,47113.0,429395.0,427979.0
2025-11-06 13:00:00,8698.0,8748.0,8698.0,8748.0,73019.0,427979.0,426825.0
2025-11-06 14:00:00,8748.0,8756.0,8720.0,8732.0,96731.0,426825.0,420314.0
2025-11-06 21:00:00,8752.0,8754.0,8704.0,8714.0,99747.0,420314.0,421003.0
2025-11-06 22:00:00,8714.0,8722.0,8680.0,8680.0,66377.0,421003.0,416397.0
2025-11-07 09:00:00,8672.0,8702.0,8656.0,8674.0,93106.0,416397.0,420895.0
2025-11-07 10:00:00,8674.0,8706.0,8660.0,8678.0,49044.0,420895.0,423811.0
2025-11-07 11:00:00,8678.0,8680.0,8618.0,8642.0,66562.0,423811.0,424719.0
2025-11-07 13:00:00,8640.0,8676.0,8630.0,8670.0,36034.0,424719.0,422152.0
2025-11-07 14:00:00,8670.0,8700.0,8652.0,8660.0,90907.0,422152.0,416049.0
2025-11-07 21:00:00,8648.0,8658.0,8614.0,8630.0,88491.0,416049.0,424602.0
2025-11-07 22:00:00,8630.0,8640.0,8618.0,8634.0,39043.0,424602.0,422151.0
2025-11-10 09:00:00,8644.0,8692.0,8642.0,8642.0,97103.0,422151.0,423071.0
2025-11-10 10:00:00,8642.0,8682.0,8616.0,8676.0,71282.0,423071.0,422584.0
2025-11-10 11:00:00,8676.0,8694.0,8662.0,8680.0,40545.0,422584.0,420243.0
2025-11-10 13:00:00,8658.0,8740.0,8648.0,8728.0,102994.0,420243.0,424605.0
2025-11-10 14:00:00,8728.0,8740.0,8684.0,8690.0,91351.0,424605.0,424116.0
2025-11-10 21:00:00,8700.0,8730.0,8678.0,8716.0,90883.0,424116.0,432165.0
2025-11-10 22:00:00,8716.0,8726.0,8702.0,8708.0,42718.0,432165.0,427144.0
2025-11-11 09:00:00,8728.0,8746.0,8706.0,8724.0,78680.0,427144.0,430434.0
2025-11-11 10:00:00,8724.0,8750.0,8712.0,8740.0,51986.0,430434.0,432589.0
2025-11-11 11:00:00,8740.0,8788.0,8736.0,8786.0,62233.0,432589.0,430243.0
2025-11-11 13:00:00,8814.0,8850.0,8784.0,8792.0,87002.0,430243.0,423172.0
2025-11-11 14:00:00,8792.0,8818.0,8762.0,8770.0,92330.0,423172.0,418681.0
2025-11-11 21:00:00,8760.0,8768.0,8712.0,8732.0,117629.0,418681.0,427036.0
2025-11-11 22:00:00,8732.0,8746.0,8716.0,8734.0,43199.0,427036.0,424409.0
2025-11-12 09:00:00,8744.0,8776.0,8744.0,8764.0,82568.0,424409.0,425375.0
2025-11-12 10:00:00,8764.0,8772.0,8724.0,8732.0,55279.0,425375.0,425018.0
2025-11-12 11:00:00,8732.0,8750.0,8722.0,8734.0,28738.0,425018.0,424393.0
2025-11-12 13:00:00,8730.0,8748.0,8724.0,8748.0,17740.0,424393.0,425003.0
2025-11-12 14:00:00,8748.0,8764.0,8740.0,8744.0,51222.0,425003.0,419304.0
2025-11-12 21:00:00,8714.0,8728.0,8688.0,8706.0,105053.0,419304.0,429452.0
2025-11-12 22:00:00,8706.0,8714.0,8642.0,8664.0,104270.0,429452.0,430506.0
2025-11-13 09:00:00,8670.0,8698.0,8648.0,8698.0,88270.0,430506.0,425661.0
2025-11-13 10:00:00,8698.0,8716.0,8646.0,8680.0,97357.0,425661.0,425715.0
2025-11-13 11:00:00,8680.0,8708.0,8678.0,8698.0,42023.0,425715.0,424983.0
2025-11-13 13:00:00,8708.0,8774.0,8708.0,8760.0,93770.0,424983.0,418202.0
2025-11-13 14:00:00,8760.0,8770.0,8720.0,8752.0,122025.0,418202.0,409209.0
2025-11-13 21:00:00,8746.0,8750.0,8690.0,8710.0,104494.0,409209.0,418770.0
2025-11-13 22:00:00,8710.0,8718.0,8696.0,8712.0,45640.0,418770.0,418705.0
2025-11-14 09:00:00,8694.0,8710.0,8672.0,8696.0,86094.0,418705.0,424190.0
2025-11-14 10:00:00,8696.0,8704.0,8650.0,8654.0,63158.0,424190.0,433272.0
2025-11-14 11:00:00,8654.0,8676.0,8618.0,8634.0,62885.0,433272.0,438118.0
2025-11-14 13:00:00,8644.0,8646.0,8574.0,8606.0,90043.0,438118.0,447637.0
2025-11-14 14:00:00,8606.0,8670.0,8602.0,8644.0,134931.0,447637.0,433480.0
2025-11-14 21:00:00,8658.0,8716.0,8648.0,8700.0,142320.0,433480.0,429413.0
2025-11-14 22:00:00,8700.0,8724.0,8686.0,8712.0,73272.0,429413.0,422670.0
2025-11-17 09:00:00,8682.0,8694.0,8632.0,8634.0,123850.0,422670.0,427496.0
2025-11-17 10:00:00,8634.0,8684.0,8606.0,8668.0,100520.0,427496.0,430629.0
2025-11-17 11:00:00,8668.0,8678.0,8648.0,8666.0,43567.0,430629.0,427686.0
2025-11-17 13:00:00,8668.0,8700.0,8658.0,8684.0,36001.0,427686.0,425581.0
2025-11-17 14:00:00,8684.0,8708.0,8678.0,8680.0,66457.0,425581.0,419635.0
2025-11-17 21:00:00,8696.0,8702.0,8668.0,8672.0,69941.0,419635.0,422371.0
2025-11-17 22:00:00,8672.0,8690.0,8658.0,8688.0,52722.0,422371.0,419726.0
2025-11-18 09:00:00,8704.0,8726.0,8662.0,8662.0,97934.0,419726.0,425777.0
2025-11-18 10:00:00,8662.0,8690.0,8652.0,8676.0,63341.0,425777.0,425953.0
2025-11-18 11:00:00,8676.0,8726.0,8668.0,8704.0,78392.0,425953.0,424138.0
2025-11-18 13:00:00,8700.0,8714.0,8690.0,8694.0,31083.0,424138.0,423344.0
2025-11-18 14:00:00,8694.0,8710.0,8666.0,8708.0,78876.0,423344.0,420543.0
2025-11-18 21:00:00,8756.0,8878.0,8750.0,8872.0,346243.0,420543.0,430277.0
2025-11-18 22:00:00,8872.0,8880.0,8842.0,8846.0,91073.0,430277.0,413601.0
2025-11-19 09:00:00,8860.0,8898.0,8842.0,8872.0,118766.0,413601.0,399441.0
2025-11-19 10:00:00,8872.0,8892.0,8852.0,8882.0,67660.0,399441.0,395646.0
2025-11-19 11:00:00,8882.0,8906.0,8812.0,8832.0,84842.0,395646.0,389849.0
2025-11-19 13:00:00,8832.0,8844.0,8826.0,8832.0,32093.0,389849.0,388219.0
2025-11-19 14:00:00,8832.0,8862.0,8816.0,8852.0,81385.0,388219.0,380300.0
2025-11-19 21:00:00,8830.0,8850.0,8802.0,8808.0,115026.0,380300.0,381389.0
2025-11-19 22:00:00,8808.0,8830.0,8790.0,8794.0,54413.0,381389.0,379980.0
2025-11-20 09:00:00,8782.0,8792.0,8730.0,8766.0,129609.0,379980.0,385167.0
2025-11-20 10:00:00,8766.0,8766.0,8732.0,8734.0,51663.0,385167.0,390652.0
2025-11-20 11:00:00,8734.0,8754.0,8702.0,8732.0,55153.0,390652.0,394783.0
2025-11-20 13:00:00,8716.0,8718.0,8662.0,8666.0,59426.0,394783.0,405853.0
2025-11-20 14:00:00,8666.0,8674.0,8632.0,8646.0,106248.0,405853.0,416659.0
2025-11-20 21:00:00,8658.0,8686.0,8638.0,8642.0,116209.0,416659.0,423553.0
2025-11-20 22:00:00,8642.0,8660.0,8632.0,8652.0,50734.0,423553.0,423769.0
2025-11-21 09:00:00,8632.0,8642.0,8514.0,8518.0,171804.0,423769.0,433348.0
2025-11-21 10:00:00,8518.0,8636.0,8516.0,8632.0,134076.0,433348.0,432228.0
2025-11-21 11:00:00,8632.0,8664.0,8626.0,8656.0,63141.0,432228.0,430813.0
2025-11-21 13:00:00,8660.0,8670.0,8630.0,8632.0,42549.0,430813.0,429808.0
2025-11-21 14:00:00,8632.0,8642.0,8544.0,8550.0,113924.0,429808.0,425907.0
2025-11-21 21:00:00,8522.0,8530.0,8468.0,8506.0,142048.0,425907.0,432419.0
2025-11-21 22:00:00,8506.0,8512.0,8450.0,8452.0,87270.0,432419.0,429287.0
2025-11-24 09:00:00,8476.0,8540.0,8476.0,8530.0,113298.0,429287.0,419976.0
2025-11-24 10:00:00,8530.0,8544.0,8496.0,8504.0,74274.0,419976.0,411499.0
2025-11-24 11:00:00,8504.0,8512.0,8482.0,8508.0,36131.0,411499.0,409907.0
2025-11-24 13:00:00,8526.0,8546.0,8518.0,8536.0,47412.0,409907.0,411507.0
2025-11-24 14:00:00,8536.0,8542.0,8484.0,8486.0,77411.0,411507.0,401777.0
2025-11-24 21:00:00,8450.0,8456.0,8392.0,8440.0,170837.0,401777.0,412234.0
2025-11-24 22:00:00,8440.0,8454.0,8426.0,8454.0,50422.0,412234.0,406745.0
2025-11-25 09:00:00,8464.0,8482.0,8422.0,8440.0,90213.0,406745.0,402271.0
2025-11-25 10:00:00,8440.0,8478.0,8436.0,8462.0,61880.0,402271.0,397446.0
2025-11-25 11:00:00,8462.0,8470.0,8422.0,8434.0,41313.0,397446.0,395538.0
2025-11-25 13:00:00,8424.0,8424.0,8368.0,8380.0,86434.0,395538.0,408464.0
2025-11-25 14:00:00,8380.0,8396.0,8356.0,8360.0,96392.0,408464.0,403650.0
2025-11-25 21:00:00,8314.0,8352.0,8304.0,8326.0,121192.0,403650.0,412417.0
2025-11-25 22:00:00,8326.0,8342.0,8316.0,8336.0,42147.0,412417.0,407283.0
2025-11-26 09:00:00,8358.0,8406.0,8354.0,8376.0,114762.0,407283.0,400272.0
2025-11-26 10:00:00,8376.0,8412.0,8372.0,8376.0,61112.0,400272.0,397229.0
2025-11-26 11:00:00,8376.0,8434.0,8376.0,8428.0,54224.0,397229.0,392174.0
2025-11-26 13:00:00,8438.0,8454.0,8428.0,8436.0,40213.0,392174.0,389762.0
2025-11-26 14:00:00,8436.0,8464.0,8422.0,8440.0,70532.0,389762.0,382297.0
2025-11-26 21:00:00,8424.0,8434.0,8406.0,8420.0,83005.0,382297.0,383307.0
2025-11-26 22:00:00,8420.0,8440.0,8412.0,8416.0,41324.0,383307.0,381241.0
2025-11-27 09:00:00,8440.0,8488.0,8440.0,8482.0,76303.0,381241.0,379495.0
2025-11-27 10:00:00,8482.0,8496.0,8458.0,8474.0,53818.0,379495.0,376803.0
2025-11-27 11:00:00,8474.0,8500.0,8472.0,8494.0,23892.0,376803.0,375508.0
2025-11-27 13:00:00,8496.0,8506.0,8490.0,8496.0,22590.0,375508.0,375086.0
2025-11-27 14:00:00,8496.0,8542.0,8496.0,8528.0,82486.0,375086.0,365152.0
2025-11-27 21:00:00,8552.0,8598.0,8538.0,8586.0,113128.0,365152.0,364970.0
2025-11-27 22:00:00,8586.0,8608.0,8574.0,8598.0,64358.0,364970.0,355701.0
2025-11-28 09:00:00,8606.0,8626.0,8560.0,8594.0,103280.0,355701.0,342884.0
2025-11-28 10:00:00,8594.0,8616.0,8592.0,8610.0,34261.0,342884.0,343071.0
2025-11-28 11:00:00,8610.0,8612.0,8584.0,8600.0,24285.0,343071.0,339008.0
2025-11-28 13:00:00,8600.0,8608.0,8586.0,8598.0,18448.0,339008.0,338339.0
2025-11-28 14:00:00,8598.0,8640.0,8596.0,8626.0,53208.0,338339.0,331361.0
2025-11-28 21:00:00,8622.0,8644.0,8592.0,8592.0,85336.0,331361.0,328477.0
2025-11-28 22:00:00,8592.0,8660.0,8592.0,8646.0,63007.0,328477.0,321154.0
2025-12-01 09:00:00,8668.0,8680.0,8608.0,8618.0,79106.0,321154.0,319783.0
2025-12-01 10:00:00,8618.0,8662.0,8600.0,8648.0,54722.0,319783.0,318960.0
2025-12-01 11:00:00,8648.0,8662.0,8632.0,8648.0,25225.0,318960.0,317392.0
2025-12-01 13:00:00,8646.0,8656.0,8632.0,8654.0,20363.0,317392.0,317127.0
2025-12-01 14:00:00,8654.0,8658.0,8624.0,8652.0,39763.0,317127.0,312424.0
2025-12-01 21:00:00,8608.0,8612.0,8578.0,8580.0,93802.0,312424.0,315388.0
2025-12-01 22:00:00,8580.0,8610.0,8572.0,8592.0,51503.0,315388.0,309886.0
2025-12-02 09:00:00,8588.0,8640.0,8580.0,8632.0,56490.0,309886.0,310280.0
2025-12-02 10:00:00,8632.0,8708.0,8626.0,8706.0,86064.0,310280.0,305601.0
2025-12-02 11:00:00,8706.0,8726.0,8670.0,8692.0,60389.0,305601.0,301661.0
2025-12-02 13:00:00,8694.0,8716.0,8694.0,8712.0,28766.0,301661.0,302725.0
2025-12-02 14:00:00,8712.0,8724.0,8700.0,8720.0,56229.0,302725.0,297531.0
2025-12-02 21:00:00,8738.0,8752.0,8698.0,8712.0,83450.0,297531.0,295685.0
2025-12-02 22:00:00,8712.0,8734.0,8700.0,8710.0,45490.0,295685.0,287719.0
2025-12-03 09:00:00,8734.0,8772.0,8720.0,8766.0,67263.0,287719.0,287660.0
2025-12-03 10:00:00,8766.0,8772.0,8730.0,8756.0,37168.0,287660.0,283859.0
2025-12-03 11:00:00,8756.0,8776.0,8742.0,8774.0,22559.0,283859.0,281480.0
2025-12-03 13:00:00,8786.0,8794.0,8748.0,8760.0,37073.0,281480.0,279352.0
2025-12-03 14:00:00,8760.0,8764.0,8708.0,8730.0,67397.0,279352.0,270361.0
2025-12-03 21:00:00,8740.0,8762.0,8706.0,8728.0,78502.0,270361.0,274590.0
2025-12-03 22:00:00,8728.0,8734.0,8708.0,8716.0,31217.0,274590.0,271536.0
2025-12-04 09:00:00,8686.0,8700.0,8662.0,8672.0,71821.0,271536.0,270553.0
2025-12-04 10:00:00,8672.0,8710.0,8658.0,8694.0,40658.0,270553.0,269064.0
2025-12-04 11:00:00,8694.0,8704.0,8678.0,8688.0,18345.0,269064.0,266295.0
2025-12-04 13:00:00,8676.0,8676.0,8626.0,8650.0,55464.0,266295.0,263006.0
2025-12-04 14:00:00,8650.0,8680.0,8642.0,8666.0,47866.0,263006.0,260276.0
2025-12-04 21:00:00,8650.0,8694.0,8644.0,8678.0,53265.0,260276.0,260079.0
2025-12-04 22:00:00,8678.0,8692.0,8662.0,8680.0,30056.0,260079.0,258650.0
2025-12-05 09:00:00,8710.0,8758.0,8702.0,8756.0,104630.0,258650.0,249823.0
2025-12-05 10:00:00,8756.0,8768.0,8732.0,8768.0,43709.0,249823.0,245815.0
2025-12-05 11:00:00,8768.0,8768.0,8728.0,8750.0,26420.0,245815.0,241887.0
2025-12-05 13:00:00,8744.0,8770.0,8738.0,8750.0,24225.0,241887.0,239454.0
2025-12-05 14:00:00,8750.0,8780.0,8742.0,8770.0,53917.0,239454.0,232891.0
2025-12-05 21:00:00,8784.0,8800.0,8760.0,8794.0,67115.0,232891.0,229683.0
2025-12-05 22:00:00,8794.0,8810.0,8782.0,8790.0,37607.0,229683.0,226239.0
2025-12-08 09:00:00,8764.0,8764.0,8710.0,8732.0,68366.0,226239.0,217717.0
2025-12-08 10:00:00,8732.0,8740.0,8714.0,8736.0,28490.0,217717.0,215549.0
2025-12-08 11:00:00,8736.0,8750.0,8696.0,8702.0,22382.0,215549.0,214004.0
2025-12-08 13:00:00,8698.0,8724.0,8682.0,8706.0,26353.0,214004.0,213794.0
2025-12-08 14:00:00,8706.0,8722.0,8698.0,8706.0,31895.0,213794.0,207236.0
2025-12-08 21:00:00,8688.0,8714.0,8670.0,8712.0,42601.0,207236.0,209757.0
2025-12-08 22:00:00,8712.0,8726.0,8696.0,8698.0,26794.0,209757.0,207455.0
2025-12-09 09:00:00,8678.0,8706.0,8668.0,8698.0,44814.0,207455.0,204482.0
2025-12-09 10:00:00,8698.0,8706.0,8620.0,8636.0,54191.0,204482.0,202073.0
2025-12-09 11:00:00,8636.0,8640.0,8602.0,8612.0,30834.0,202073.0,199513.0
2025-12-09 13:00:00,8610.0,8610.0,8570.0,8592.0,37848.0,199513.0,198977.0
2025-12-09 14:00:00,8592.0,8666.0,8582.0,8648.0,66829.0,198977.0,195544.0
2025-12-09 21:00:00,8670.0,8686.0,8648.0,8676.0,62243.0,195544.0,194712.0
2025-12-09 22:00:00,8676.0,8720.0,8664.0,8712.0,38111.0,194712.0,190865.0
2025-12-10 09:00:00,8692.0,8738.0,8686.0,8688.0,51958.0,190865.0,184639.0
2025-12-10 10:00:00,8688.0,8732.0,8680.0,8710.0,35010.0,184639.0,181446.0
2025-12-10 11:00:00,8710.0,8726.0,8694.0,8710.0,17085.0,181446.0,180202.0
2025-12-10 13:00:00,8612.0,8612.0,8482.0,8538.0,138712.0,180202.0,172710.0
2025-12-10 14:00:00,8538.0,8578.0,8510.0,8542.0,58552.0,172710.0,165371.0
2025-12-10 21:00:00,8594.0,8710.0,8582.0,8698.0,195363.0,165371.0,351624.0
2025-12-10 22:00:00,8698.0,8708.0,8646.0,8662.0,87497.0,351624.0,352464.0
2025-12-11 09:00:00,8658.0,8688.0,8634.0,8676.0,64182.0,352464.0,350803.0
2025-12-11 10:00:00,8676.0,8702.0,8654.0,8688.0,45836.0,350803.0,356223.0
2025-12-11 11:00:00,8688.0,8700.0,8676.0,8684.0,22138.0,356223.0,356655.0
2025-12-11 13:00:00,8678.0,8698.0,8668.0,8678.0,30715.0,356655.0,357911.0
2025-12-11 14:00:00,8678.0,8684.0,8634.0,8642.0,67202.0,357911.0,355564.0
2025-12-11 21:00:00,8604.0,8630.0,8576.0,8578.0,117531.0,355564.0,358684.0
2025-12-11 22:00:00,8578.0,8606.0,8538.0,8546.0,80902.0,358684.0,355940.0
2025-12-12 09:00:00,8564.0,8604.0,8550.0,8588.0,75681.0,355940.0,359264.0
2025-12-12 10:00:00,8588.0,8592.0,8542.0,8546.0,41930.0,359264.0,364547.0
2025-12-12 11:00:00,8546.0,8572.0,8540.0,8560.0,29540.0,364547.0,365344.0
2025-12-12 13:00:00,8558.0,8560.0,8528.0,8548.0,34224.0,365344.0,368859.0
2025-12-12 14:00:00,8548.0,8554.0,8524.0,8552.0,57938.0,368859.0,375277.0
2025-12-12 21:00:00,8498.0,8518.0,8456.0,8498.0,109008.0,375277.0,382481.0
2025-12-12 22:00:00,8498.0,8528.0,8488.0,8496.0,51975.0,382481.0,380571.0
2025-12-15 09:00:00,8484.0,8486.0,8442.0,8458.0,84239.0,380571.0,393363.0
2025-12-15 10:00:00,8458.0,8508.0,8454.0,8500.0,48538.0,393363.0,397288.0
2025-12-15 11:00:00,8500.0,8550.0,8498.0,8542.0,52519.0,397288.0,398132.0
2025-12-15 13:00:00,8506.0,8520.0,8494.0,8506.0,43305.0,398132.0,395969.0
2025-12-15 14:00:00,8506.0,8522.0,8490.0,8492.0,53861.0,395969.0,392898.0
2025-12-15 21:00:00,8468.0,8478.0,8448.0,8460.0,71910.0,392898.0,404130.0
2025-12-15 22:00:00,8460.0,8468.0,8430.0,8436.0,47959.0,404130.0,405121.0
2025-12-16 09:00:00,8432.0,8458.0,8402.0,8406.0,77527.0,405121.0,411014.0
2025-12-16 10:00:00,8406.0,8418.0,8382.0,8394.0,55861.0,411014.0,413221.0
2025-12-16 11:00:00,8394.0,8404.0,8376.0,8394.0,32996.0,413221.0,415612.0
2025-12-16 13:00:00,8400.0,8436.0,8398.0,8414.0,41778.0,415612.0,416932.0
2025-12-16 14:00:00,8414.0,8428.0,8398.0,8410.0,42035.0,416932.0,416337.0
2025-12-16 21:00:00,8376.0,8380.0,8278.0,8306.0,185576.0,416337.0,447587.0
2025-12-16 22:00:00,8306.0,8316.0,8288.0,8290.0,56458.0,447587.0,443045.0
2025-12-17 09:00:00,8300.0,8354.0,8292.0,8340.0,84538.0,443045.0,435981.0
2025-12-17 10:00:00,8340.0,8354.0,8320.0,8340.0,47413.0,435981.0,435833.0
2025-12-17 11:00:00,8340.0,8362.0,8326.0,8344.0,30052.0,435833.0,436684.0
2025-12-17 13:00:00,8368.0,8396.0,8358.0,8384.0,44730.0,436684.0,435645.0
2025-12-17 14:00:00,8384.0,8388.0,8332.0,8342.0,56729.0,435645.0,437681.0
2025-12-17 21:00:00,8344.0,8422.0,8324.0,8422.0,127376.0,437681.0,441477.0
2025-12-17 22:00:00,8422.0,8426.0,8392.0,8398.0,54468.0,441477.0,439721.0
2025-12-18 09:00:00,8418.0,8448.0,8400.0,8418.0,91077.0,439721.0,433428.0
2025-12-18 10:00:00,8418.0,8454.0,8402.0,8430.0,55021.0,433428.0,432566.0
2025-12-18 11:00:00,8430.0,8438.0,8414.0,8436.0,24127.0,432566.0,432054.0
2025-12-18 13:00:00,8426.0,8430.0,8408.0,8408.0,23733.0,432054.0,431418.0
2025-12-18 14:00:00,8408.0,8420.0,8360.0,8368.0,79867.0,431418.0,434752.0
2025-12-18 21:00:00,8376.0,8406.0,8366.0,8398.0,78701.0,434752.0,443596.0
2025-12-18 22:00:00,8398.0,8412.0,8372.0,8406.0,56014.0,443596.0,440459.0
2025-12-19 09:00:00,8386.0,8390.0,8306.0,8310.0,92782.0,440459.0,448637.0
2025-12-19 10:00:00,8310.0,8332.0,8282.0,8282.0,68720.0,448637.0,456278.0
2025-12-19 11:00:00,8282.0,8316.0,8282.0,8282.0,39473.0,456278.0,457421.0
2025-12-19 13:00:00,8292.0,8314.0,8266.0,8272.0,45837.0,457421.0,459862.0
2025-12-19 14:00:00,8272.0,8310.0,8270.0,8292.0,62277.0,459862.0,459331.0
2025-12-19 21:00:00,8258.0,8298.0,8230.0,8282.0,83221.0,459331.0,463468.0
2025-12-19 22:00:00,8282.0,8296.0,8266.0,8276.0,28000.0,463468.0,460489.0
2025-12-22 09:00:00,8280.0,8350.0,8280.0,8322.0,96977.0,460489.0,457113.0
2025-12-22 10:00:00,8322.0,8338.0,8292.0,8308.0,52041.0,457113.0,458168.0
2025-12-22 11:00:00,8308.0,8324.0,8302.0,8306.0,16294.0,458168.0,457057.0
2025-12-22 13:00:00,8340.0,8412.0,8340.0,8396.0,88144.0,457057.0,457169.0
2025-12-22 14:00:00,8396.0,8422.0,8390.0,8414.0,66780.0,457169.0,452542.0
2025-12-22 21:00:00,8434.0,8490.0,8422.0,8478.0,111198.0,452542.0,457635.0
2025-12-22 22:00:00,8478.0,8490.0,8454.0,8464.0,55531.0,457635.0,450130.0
2025-12-23 09:00:00,8446.0,8446.0,8388.0,8418.0,94672.0,450130.0,451958.0
2025-12-23 10:00:00,8418.0,8448.0,8410.0,8448.0,42199.0,451958.0,454660.0
2025-12-23 11:00:00,8448.0,8470.0,8442.0,8462.0,36449.0,454660.0,455841.0
2025-12-23 13:00:00,8426.0,8460.0,8418.0,8450.0,34254.0,455841.0,457869.0
2025-12-23 14:00:00,8450.0,8494.0,8442.0,8486.0,67116.0,457869.0,456514.0
2025-12-23 21:00:00,8494.0,8548.0,8488.0,8534.0,132386.0,456514.0,461428.0
2025-12-23 22:00:00,8534.0,8536.0,8482.0,8484.0,62830.0,461428.0,456157.0
2025-12-24 09:00:00,8494.0,8534.0,8486.0,8524.0,67332.0,456157.0,452302.0
2025-12-24 10:00:00,8524.0,8538.0,8506.0,8510.0,38621.0,452302.0,451573.0
2025-12-24 11:00:00,8510.0,8524.0,8498.0,8506.0,24366.0,451573.0,449425.0
2025-12-24 13:00:00,8506.0,8536.0,8504.0,8530.0,27638.0,449425.0,450232.0
2025-12-24 14:00:00,8530.0,8534.0,8486.0,8488.0,53301.0,450232.0,448640.0
2025-12-24 21:00:00,8522.0,8570.0,8506.0,8564.0,97618.0,448640.0,449136.0
2025-12-24 22:00:00,8564.0,8568.0,8542.0,8554.0,46412.0,449136.0,445764.0
2025-12-25 09:00:00,8568.0,8578.0,8532.0,8552.0,60130.0,445764.0,443542.0
2025-12-25 10:00:00,8552.0,8562.0,8532.0,8544.0,24920.0,443542.0,443273.0
2025-12-25 11:00:00,8544.0,8548.0,8524.0,8540.0,16450.0,443273.0,440642.0
2025-12-25 13:00:00,8538.0,8548.0,8530.0,8538.0,15839.0,440642.0,439240.0
2025-12-25 14:00:00,8538.0,8564.0,8536.0,8542.0,38574.0,439240.0,434218.0
2025-12-25 21:00:00,8556.0,8598.0,8542.0,8556.0,75599.0,434218.0,437847.0
2025-12-25 22:00:00,8556.0,8570.0,8548.0,8558.0,20505.0,437847.0,435289.0
2025-12-26 09:00:00,8558.0,8574.0,8496.0,8514.0,81154.0,435289.0,434250.0
2025-12-26 10:00:00,8514.0,8590.0,8510.0,8584.0,71646.0,434250.0,433928.0
2025-12-26 11:00:00,8584.0,8610.0,8568.0,8576.0,53812.0,433928.0,427692.0
2025-12-26 13:00:00,8578.0,8596.0,8568.0,8590.0,23714.0,427692.0,426583.0
2025-12-26 14:00:00,8590.0,8600.0,8564.0,8568.0,47706.0,426583.0,422604.0
2025-12-26 21:00:00,8602.0,8618.0,8576.0,8582.0,74306.0,422604.0,421957.0
2025-12-26 22:00:00,8582.0,8588.0,8568.0,8580.0,28135.0,421957.0,419545.0
2025-12-29 09:00:00,8562.0,8562.0,8524.0,8536.0,79429.0,419545.0,413645.0
2025-12-29 10:00:00,8536.0,8568.0,8516.0,8518.0,53489.0,413645.0,400024.0
2025-12-29 11:00:00,8518.0,8564.0,8516.0,8528.0,37179.0,400024.0,398514.0
2025-12-29 13:00:00,8556.0,8560.0,8546.0,8550.0,23092.0,398514.0,400081.0
2025-12-29 14:00:00,8550.0,8558.0,8508.0,8512.0,63136.0,400081.0,396047.0
2025-12-29 21:00:00,8512.0,8568.0,8504.0,8546.0,74471.0,396047.0,394945.0
2025-12-29 22:00:00,8546.0,8560.0,8532.0,8554.0,29584.0,394945.0,392002.0
2025-12-30 09:00:00,8546.0,8586.0,8538.0,8584.0,49624.0,392002.0,392817.0
2025-12-30 10:00:00,8584.0,8606.0,8566.0,8604.0,39948.0,392817.0,391258.0
2025-12-30 11:00:00,8604.0,8630.0,8596.0,8626.0,32079.0,391258.0,392568.0
2025-12-30 13:00:00,8614.0,8678.0,8614.0,8658.0,73177.0,392568.0,394008.0
2025-12-30 14:00:00,8658.0,8670.0,8648.0,8658.0,59888.0,394008.0,388850.0
2025-12-30 21:00:00,8634.0,8646.0,8612.0,8628.0,82036.0,388850.0,387252.0
2025-12-30 22:00:00,8628.0,8644.0,8620.0,8644.0,27498.0,387252.0,384600.0
2025-12-31 09:00:00,8624.0,8634.0,8608.0,8612.0,43811.0,384600.0,383352.0
2025-12-31 10:00:00,8612.0,8622.0,8596.0,8604.0,35435.0,383352.0,381755.0
2025-12-31 11:00:00,8604.0,8616.0,8592.0,8596.0,18662.0,381755.0,379609.0
2025-12-31 13:00:00,8598.0,8620.0,8590.0,8592.0,21945.0,379609.0,377056.0
2025-12-31 14:00:00,8592.0,8596.0,8574.0,8584.0,53042.0,377056.0,368830.0
2026-01-05 09:00:00,8564.0,8600.0,8514.0,8540.0,121641.0,368830.0,373768.0
2026-01-05 10:00:00,8540.0,8546.0,8510.0,8536.0,55567.0,373768.0,376013.0
2026-01-05 11:00:00,8536.0,8542.0,8510.0,8514.0,25508.0,376013.0,380061.0
2026-01-05 13:00:00,8506.0,8506.0,8414.0,8426.0,104509.0,380061.0,388410.0
2026-01-05 14:00:00,8426.0,8490.0,8416.0,8488.0,95344.0,388410.0,388463.0
2026-01-05 21:00:00,8508.0,8518.0,8460.0,8488.0,97387.0,388463.0,393657.0
2026-01-05 22:00:00,8488.0,8504.0,8476.0,8486.0,45256.0,393657.0,392250.0
2026-01-06 09:00:00,8510.0,8558.0,8510.0,8556.0,83898.0,392250.0,389578.0
2026-01-06 10:00:00,8556.0,8558.0,8536.0,8558.0,39902.0,389578.0,390562.0
2026-01-06 11:00:00,8558.0,8562.0,8510.0,8516.0,34365.0,390562.0,388257.0
2026-01-06 13:00:00,8500.0,8500.0,8464.0,8472.0,52948.0,388257.0,391421.0
2026-01-06 14:00:00,8472.0,8512.0,8468.0,8500.0,60836.0,391421.0,391056.0
2026-01-06 21:00:00,8484.0,8520.0,8478.0,8504.0,90432.0,391056.0,394936.0
2026-01-06 22:00:00,8504.0,8560.0,8496.0,8540.0,72661.0,394936.0,392855.0
2026-01-07 09:00:00,8490.0,8514.0,8476.0,8502.0,80464.0,392855.0,395161.0
2026-01-07 10:00:00,8502.0,8540.0,8494.0,8524.0,48259.0,395161.0,396150.0
2026-01-07 11:00:00,8524.0,8528.0,8512.0,8518.0,18695.0,396150.0,396358.0
2026-01-07 13:00:00,8518.0,8536.0,8484.0,8530.0,44621.0,396358.0,395177.0
2026-01-07 14:00:00,8530.0,8572.0,8518.0,8562.0,98800.0,395177.0,393568.0
2026-01-07 21:00:00,8598.0,8666.0,8588.0,8642.0,173465.0,393568.0,401677.0
2026-01-07 22:00:00,8642.0,8650.0,8590.0,8594.0,63499.0,401677.0,394302.0
2026-01-08 09:00:00,8576.0,8700.0,8566.0,8680.0,147766.0,394302.0,405683.0
2026-01-08 10:00:00,8680.0,8688.0,8614.0,8620.0,69382.0,405683.0,400234.0
2026-01-08 11:00:00,8620.0,8624.0,8560.0,8596.0,69058.0,400234.0,393883.0
2026-01-08 13:00:00,8584.0,8626.0,8576.0,8624.0,44980.0,393883.0,394671.0
2026-01-08 14:00:00,8624.0,8640.0,8600.0,8612.0,62080.0,394671.0,393894.0
2026-01-08 21:00:00,8644.0,8664.0,8614.0,8624.0,77244.0,393894.0,395836.0
2026-01-08 22:00:00,8624.0,8626.0,8592.0,8612.0,47889.0,395836.0,391362.0
2026-01-09 09:00:00,8636.0,8652.0,8624.0,8638.0,57374.0,391362.0,391221.0
2026-01-09 10:00:00,8638.0,8656.0,8610.0,8654.0,50275.0,391221.0,391377.0
2026-01-09 11:00:00,8654.0,8668.0,8640.0,8666.0,27855.0,391377.0,394038.0
2026-01-09 13:00:00,8684.0,8698.0,8664.0,8664.0,50886.0,394038.0,400147.0
2026-01-09 14:00:00,8664.0,8692.0,8662.0,8682.0,54583.0,400147.0,400553.0
2026-01-09 21:00:00,8634.0,8646.0,8610.0,8644.0,78420.0,400553.0,397213.0
2026-01-09 22:00:00,8644.0,8676.0,8642.0,8660.0,40733.0,397213.0,393962.0
2026-01-12 09:00:00,8662.0,8664.0,8612.0,8612.0,73825.0,393962.0,394304.0
2026-01-12 10:00:00,8612.0,8628.0,8582.0,8626.0,52243.0,394304.0,392822.0
2026-01-12 11:00:00,8626.0,8638.0,8612.0,8616.0,24140.0,392822.0,392024.0
2026-01-12 13:00:00,8586.0,8670.0,8574.0,8668.0,72459.0,392024.0,396920.0
2026-01-12 14:00:00,8668.0,8748.0,8664.0,8724.0,170254.0,396920.0,417932.0
2026-01-12 21:00:00,8748.0,8792.0,8746.0,8766.0,98292.0,417932.0,427915.0
2026-01-12 22:00:00,8766.0,8794.0,8732.0,8782.0,79560.0,427915.0,424819.0
2026-01-13 09:00:00,8766.0,8866.0,8754.0,8834.0,155082.0,424819.0,446448.0
2026-01-13 10:00:00,8834.0,8856.0,8822.0,8840.0,52248.0,446448.0,447552.0
2026-01-13 11:00:00,8840.0,8842.0,8802.0,8818.0,34984.0,447552.0,448088.0
2026-01-13 13:00:00,8820.0,8826.0,8782.0,8790.0,56290.0,448088.0,446439.0
2026-01-13 14:00:00,8790.0,8796.0,8758.0,8778.0,82409.0,446439.0,439704.0
2026-01-13 21:00:00,8744.0,8770.0,8706.0,8706.0,135764.0,439704.0,445152.0
2026-01-13 22:00:00,8706.0,8758.0,8704.0,8758.0,63443.0,445152.0,444099.0
2026-01-14 09:00:00,8762.0,8782.0,8740.0,8778.0,75567.0,444099.0,448187.0
2026-01-14 10:00:00,8778.0,8824.0,8774.0,8816.0,57893.0,448187.0,448835.0
2026-01-14 11:00:00,8816.0,8826.0,8806.0,8814.0,34225.0,448835.0,448041.0
2026-01-14 13:00:00,8808.0,8808.0,8724.0,8744.0,90625.0,448041.0,446428.0
2026-01-14 14:00:00,8744.0,8778.0,8734.0,8748.0,74284.0,446428.0,438095.0
2026-01-14 21:00:00,8732.0,8746.0,8660.0,8672.0,140614.0,438095.0,441751.0
2026-01-14 22:00:00,8672.0,8696.0,8640.0,8644.0,76049.0,441751.0,437270.0
2026-01-15 09:00:00,8604.0,8626.0,8550.0,8572.0,146809.0,437270.0,434054.0
2026-01-15 10:00:00,8572.0,8616.0,8566.0,8568.0,61959.0,434054.0,433026.0
2026-01-15 11:00:00,8568.0,8584.0,8560.0,8564.0,28150.0,433026.0,431072.0
2026-01-15 13:00:00,8574.0,8592.0,8566.0,8568.0,29062.0,431072.0,432704.0
2026-01-15 14:00:00,8568.0,8594.0,8568.0,8578.0,51423.0,432704.0,429816.0
2026-01-15 21:00:00,8540.0,8548.0,8490.0,8542.0,117362.0,429816.0,428855.0
2026-01-15 22:00:00,8542.0,8650.0,8528.0,8646.0,119531.0,428855.0,426940.0
2026-01-16 09:00:00,8686.0,8702.0,8658.0,8676.0,128435.0,426940.0,424512.0
2026-01-16 10:00:00,8676.0,8682.0,8616.0,8634.0,73824.0,424512.0,423901.0
2026-01-16 11:00:00,8634.0,8654.0,8630.0,8646.0,27434.0,423901.0,423607.0
2026-01-16 13:00:00,8662.0,8684.0,8634.0,8656.0,49237.0,423607.0,420304.0
2026-01-16 14:00:00,8656.0,8680.0,8642.0,8674.0,54742.0,420304.0,415079.0
2026-01-16 21:00:00,8652.0,8672.0,8630.0,8662.0,76507.0,415079.0,418211.0
2026-01-16 22:00:00,8662.0,8684.0,8622.0,8630.0,54399.0,418211.0,413501.0
2026-01-19 09:00:00,8646.0,8660.0,8606.0,8628.0,68302.0,413501.0,413752.0
2026-01-19 10:00:00,8628.0,8668.0,8622.0,8636.0,50403.0,413752.0,410915.0
2026-01-19 11:00:00,8636.0,8656.0,8632.0,8644.0,15880.0,410915.0,410997.0
2026-01-19 13:00:00,8658.0,8662.0,8636.0,8644.0,18872.0,410997.0,412100.0
2026-01-19 14:00:00,8644.0,8676.0,8628.0,8648.0,74185.0,412100.0,413122.0
2026-01-19 21:00:00,8670.0,8720.0,8662.0,8710.0,128176.0,413122.0,420446.0
2026-01-19 22:00:00,8710.0,8726.0,8706.0,8710.0,53535.0,420446.0,420044.0
2026-01-20 09:00:00,8708.0,8742.0,8700.0,8712.0,63431.0,420044.0,421078.0
2026-01-20 10:00:00,8712.0,8740.0,8696.0,8736.0,53006.0,421078.0,421325.0
2026-01-20 11:00:00,8736.0,8772.0,8730.0,8744.0,48160.0,421325.0,422616.0
2026-01-20 13:00:00,8752.0,8768.0,8744.0,8762.0,27403.0,422616.0,426219.0
2026-01-20 14:00:00,8762.0,8764.0,8738.0,8748.0,48784.0,426219.0,429178.0
2026-01-20 21:00:00,8758.0,8824.0,8752.0,8802.0,121020.0,429178.0,446623.0
2026-01-20 22:00:00,8802.0,8812.0,8790.0,8808.0,34973.0,446623.0,445082.0
2026-01-21 09:00:00,8780.0,8822.0,8772.0,8808.0,81615.0,445082.0,445424.0
2026-01-21 10:00:00,8808.0,8828.0,8794.0,8800.0,47830.0,445424.0,446790.0
2026-01-21 11:00:00,8800.0,8838.0,8800.0,8828.0,36668.0,446790.0,452296.0
2026-01-21 13:00:00,8828.0,8850.0,8822.0,8838.0,37106.0,452296.0,453215.0
2026-01-21 14:00:00,8838.0,8840.0,8766.0,8832.0,127901.0,453215.0,445943.0
2026-01-21 21:00:00,8854.0,8928.0,8850.0,8904.0,166265.0,445943.0,461730.0
2026-01-21 22:00:00,8904.0,8926.0,8886.0,8918.0,57241.0,461730.0,460008.0
2026-01-22 09:00:00,8944.0,8964.0,8918.0,8926.0,105111.0,460008.0,468257.0
2026-01-22 10:00:00,8926.0,8940.0,8916.0,8930.0,41196.0,468257.0,468049.0
2026-01-22 11:00:00,8930.0,8950.0,8924.0,8926.0,25861.0,468049.0,465977.0
2026-01-22 13:00:00,8908.0,8916.0,8894.0,8900.0,37976.0,465977.0,465871.0
2026-01-22 14:00:00,8900.0,8952.0,8888.0,8944.0,69343.0,465871.0,467244.0
2026-01-22 21:00:00,8944.0,8948.0,8922.0,8938.0,64751.0,467244.0,469924.0
2026-01-22 22:00:00,8938.0,8948.0,8906.0,8914.0,54081.0,469924.0,468566.0
2026-01-23 09:00:00,8902.0,8946.0,8898.0,8926.0,74096.0,468566.0,472927.0
2026-01-23 10:00:00,8926.0,8926.0,8882.0,8908.0,70542.0,472927.0,475420.0
2026-01-23 11:00:00,8908.0,8916.0,8900.0,8910.0,17124.0,475420.0,475147.0
2026-01-23 13:00:00,8900.0,8920.0,8890.0,8908.0,24420.0,475147.0,475487.0
2026-01-23 14:00:00,8908.0,8920.0,8890.0,8910.0,55579.0,475487.0,476216.0
2026-01-23 21:00:00,8964.0,8992.0,8942.0,8978.0,96834.0,476216.0,479089.0
2026-01-23 22:00:00,8978.0,9032.0,8976.0,9012.0,85355.0,479089.0,476563.0
2026-01-26 09:00:00,9002.0,9004.0,8930.0,8974.0,109500.0,476563.0,475152.0
2026-01-26 10:00:00,8974.0,8996.0,8962.0,8972.0,39903.0,475152.0,474292.0
2026-01-26 11:00:00,8972.0,9018.0,8966.0,8986.0,46241.0,474292.0,473387.0
2026-01-26 13:00:00,9010.0,9024.0,8996.0,9012.0,43888.0,473387.0,474319.0
2026-01-26 14:00:00,9012.0,9098.0,9004.0,9092.0,120563.0,474319.0,485983.0
2026-01-26 21:00:00,9070.0,9088.0,9038.0,9052.0,107793.0,485983.0,491779.0
2026-01-26 22:00:00,9052.0,9186.0,9052.0,9162.0,154650.0,491779.0,495256.0
2026-01-27 09:00:00,9116.0,9144.0,9068.0,9086.0,139149.0,495256.0,488541.0
2026-01-27 10:00:00,9086.0,9130.0,9084.0,9108.0,62085.0,488541.0,492430.0
2026-01-27 11:00:00,9108.0,9200.0,9100.0,9186.0,71985.0,492430.0,498779.0
2026-01-27 13:00:00,9172.0,9194.0,9162.0,9174.0,46318.0,498779.0,499275.0
2026-01-27 14:00:00,9174.0,9248.0,9172.0,9238.0,106024.0,499275.0,501885.0
2026-01-27 21:00:00,9254.0,9306.0,9236.0,9250.0,164891.0,501885.0,506033.0
2026-01-27 22:00:00,9250.0,9252.0,9196.0,9218.0,77748.0,506033.0,496920.0
2026-01-28 09:00:00,9254.0,9276.0,9228.0,9268.0,79524.0,496920.0,500397.0
2026-01-28 10:00:00,9268.0,9294.0,9252.0,9258.0,57582.0,500397.0,502083.0
2026-01-28 11:00:00,9258.0,9264.0,9226.0,9248.0,56315.0,502083.0,500065.0
2026-01-28 13:00:00,9250.0,9268.0,9240.0,9254.0,27691.0,500065.0,498630.0
2026-01-28 14:00:00,9254.0,9282.0,9246.0,9270.0,49735.0,498630.0,497601.0
2026-01-28 21:00:00,9292.0,9348.0,9278.0,9338.0,134930.0,497601.0,510415.0
2026-01-28 22:00:00,9338.0,9368.0,9312.0,9344.0,93593.0,510415.0,511114.0
2026-01-29 09:00:00,9324.0,9342.0,9292.0,9332.0,74175.0,511114.0,512421.0
2026-01-29 10:00:00,9332.0,9336.0,9298.0,9318.0,41557.0,512421.0,514693.0
2026-01-29 11:00:00,9318.0,9368.0,9314.0,9364.0,31940.0,514693.0,516260.0
2026-01-29 13:00:00,9368.0,9386.0,9310.0,9332.0,65660.0,516260.0,513334.0
2026-01-29 14:00:00,9332.0,9396.0,9326.0,9362.0,87479.0,513334.0,514392.0
2026-01-29 21:00:00,9372.0,9382.0,9302.0,9324.0,107532.0,514392.0,515911.0
2026-01-29 22:00:00,9324.0,9384.0,9320.0,9348.0,95332.0,515911.0,514464.0
2026-01-30 09:00:00,9308.0,9308.0,9226.0,9230.0,145476.0,514464.0,504572.0
2026-01-30 10:00:00,9230.0,9244.0,9178.0,9228.0,100516.0,504572.0,495898.0
2026-01-30 11:00:00,9228.0,9232.0,9202.0,9226.0,25722.0,495898.0,494073.0
2026-01-30 13:00:00,9218.0,9276.0,9218.0,9254.0,43096.0,494073.0,493424.0
2026-01-30 14:00:00,9254.0,9262.0,9226.0,9240.0,52045.0,493424.0,492509.0
2026-01-30 21:00:00,9234.0,9266.0,9212.0,9230.0,98465.0,492509.0,497546.0
2026-01-30 22:00:00,9230.0,9316.0,9228.0,9296.0,94688.0,497546.0,499109.0
2026-02-02 09:00:00,9238.0,9238.0,9044.0,9062.0,212939.0,499109.0,481328.0
2026-02-02 10:00:00,9062.0,9064.0,9014.0,9018.0,61981.0,481328.0,476478.0
2026-02-02 11:00:00,9018.0,9020.0,9000.0,9004.0,41629.0,476478.0,477076.0
2026-02-02 13:00:00,8992.0,9020.0,8964.0,9012.0,70710.0,477076.0,471134.0
2026-02-02 14:00:00,9012.0,9032.0,8994.0,9014.0,76399.0,471134.0,463751.0
2026-02-02 21:00:00,9056.0,9104.0,9050.0,9092.0,111021.0,463751.0,463475.0
2026-02-02 22:00:00,9092.0,9110.0,9088.0,9092.0,48739.0,463475.0,463044.0
2026-02-03 09:00:00,9126.0,9158.0,9106.0,9120.0,86573.0,463044.0,464101.0
2026-02-03 10:00:00,9120.0,9128.0,9080.0,9112.0,58159.0,464101.0,465470.0
2026-02-03 11:00:00,9112.0,9122.0,9092.0,9092.0,24484.0,465470.0,466164.0
2026-02-03 13:00:00,9104.0,9114.0,9086.0,9098.0,22268.0,466164.0,466299.0
2026-02-03 14:00:00,9098.0,9110.0,9082.0,9094.0,46560.0,466299.0,463716.0
2026-02-03 21:00:00,9206.0,9248.0,9186.0,9188.0,136186.0,463716.0,470281.0
2026-02-03 22:00:00,9188.0,9202.0,9152.0,9152.0,66123.0,470281.0,467994.0
2026-02-04 09:00:00,9180.0,9192.0,9154.0,9172.0,57135.0,467994.0,471866.0
2026-02-04 10:00:00,9172.0,9190.0,9096.0,9112.0,71559.0,471866.0,471885.0
2026-02-04 11:00:00,9112.0,9142.0,9112.0,9130.0,23950.0,471885.0,469911.0
2026-02-04 13:00:00,9144.0,9146.0,9100.0,9104.0,31453.0,469911.0,470717.0
2026-02-04 14:00:00,9104.0,9142.0,9100.0,9138.0,49023.0,470717.0,468831.0
2026-02-04 21:00:00,9128.0,9170.0,9080.0,9120.0,113516.0,468831.0,473316.0
2026-02-04 22:00:00,9120.0,9150.0,9112.0,9136.0,58980.0,473316.0,469463.0
2026-02-05 09:00:00,9182.0,9198.0,9150.0,9152.0,87192.0,469463.0,468362.0
2026-02-05 10:00:00,9152.0,9158.0,9070.0,9080.0,70906.0,468362.0,463907.0
2026-02-05 11:00:00,9080.0,9096.0,9056.0,9066.0,30375.0,463907.0,462448.0
2026-02-05 13:00:00,9070.0,9090.0,9062.0,9080.0,28327.0,462448.0,459818.0
2026-02-05 14:00:00,9080.0,9096.0,9038.0,9042.0,59739.0,459818.0,455399.0
2026-02-05 21:00:00,9024.0,9066.0,9008.0,9054.0,59047.0,455399.0,453452.0
2026-02-05 22:00:00,9054.0,9082.0,9042.0,9074.0,32598.0,453452.0,451062.0
2026-02-06 09:00:00,9050.0,9066.0,9002.0,9040.0,73168.0,451062.0,446693.0
2026-02-06 10:00:00,9040.0,9062.0,9034.0,9038.0,34500.0,446693.0,448537.0
2026-02-06 11:00:00,9038.0,9068.0,9018.0,9068.0,21799.0,448537.0,448019.0
2026-02-06 13:00:00,9070.0,9076.0,9052.0,9060.0,21563.0,448019.0,449086.0
2026-02-06 14:00:00,9060.0,9064.0,9020.0,9026.0,42768.0,449086.0,444122.0
2026-02-06 21:00:00,8984.0,9018.0,8944.0,8950.0,99531.0,444122.0,441369.0
2026-02-06 22:00:00,8950.0,9012.0,8938.0,8996.0,68094.0,441369.0,437782.0
2026-02-09 09:00:00,8988.0,9022.0,8972.0,9012.0,65740.0,437782.0,440034.0
2026-02-09 10:00:00,9012.0,9044.0,9002.0,9012.0,38281.0,440034.0,438889.0
2026-02-09 11:00:00,9012.0,9044.0,9006.0,9042.0,17256.0,438889.0,437766.0
2026-02-09 13:00:00,9058.0,9066.0,9020.0,9028.0,24734.0,437766.0,437476.0
2026-02-09 14:00:00,9028.0,9038.0,9010.0,9014.0,31628.0,437476.0,436227.0
2026-02-09 21:00:00,9016.0,9016.0,8912.0,8926.0,95373.0,436227.0,435383.0
2026-02-09 22:00:00,8926.0,8990.0,8924.0,8974.0,56919.0,435383.0,428982.0
2026-02-10 09:00:00,8990.0,9000.0,8964.0,8998.0,46818.0,428982.0,429924.0
2026-02-10 10:00:00,8998.0,9016.0,8972.0,8974.0,38076.0,429924.0,428500.0
2026-02-10 11:00:00,8974.0,8984.0,8932.0,8940.0,36115.0,428500.0,423885.0
2026-02-10 13:00:00,8992.0,9034.0,8978.0,8984.0,50075.0,423885.0,427418.0
2026-02-10 14:00:00,8984.0,8984.0,8930.0,8940.0,58583.0,427418.0,424586.0
2026-02-10 21:00:00,8912.0,8938.0,8900.0,8920.0,62776.0,424586.0,428469.0
2026-02-10 22:00:00,8920.0,8920.0,8886.0,8904.0,50781.0,428469.0,426930.0
2026-02-11 09:00:00,8922.0,8932.0,8894.0,8906.0,52319.0,426930.0,425599.0
2026-02-11 10:00:00,8906.0,8940.0,8900.0,8930.0,35439.0,425599.0,421757.0
2026-02-11 11:00:00,8930.0,8934.0,8912.0,8920.0,15894.0,421757.0,420204.0
2026-02-11 13:00:00,8942.0,8950.0,8916.0,8924.0,26998.0,420204.0,420247.0
2026-02-11 14:00:00,8924.0,8928.0,8896.0,8906.0,46526.0,420247.0,417236.0
2026-02-11 21:00:00,8918.0,8932.0,8876.0,8902.0,68929.0,417236.0,416625.0
2026-02-11 22:00:00,8902.0,8916.0,8868.0,8868.0,38049.0,416625.0,412692.0
2026-02-12 09:00:00,8866.0,8876.0,8832.0,8868.0,68129.0,412692.0,412693.0
2026-02-12 10:00:00,8868.0,8874.0,8832.0,8836.0,35382.0,412693.0,411484.0
2026-02-12 11:00:00,8836.0,8842.0,8820.0,8836.0,26182.0,411484.0,409351.0
2026-02-12 13:00:00,8836.0,8844.0,8820.0,8836.0,23347.0,409351.0,406969.0
2026-02-12 14:00:00,8836.0,8838.0,8782.0,8782.0,68597.0,406969.0,400972.0
2026-02-12 21:00:00,8790.0,8828.0,8778.0,8796.0,56807.0,400972.0,397861.0
2026-02-12 22:00:00,8796.0,8824.0,8790.0,8798.0,33021.0,397861.0,393714.0
2026-02-13 09:00:00,8790.0,8790.0,8746.0,8754.0,61416.0,393714.0,390192.0
2026-02-13 10:00:00,8754.0,8762.0,8726.0,8730.0,34458.0,390192.0,388020.0
2026-02-13 11:00:00,8730.0,8746.0,8710.0,8718.0,20178.0,388020.0,387177.0
2026-02-13 13:00:00,8714.0,8720.0,8702.0,8710.0,25061.0,387177.0,384385.0
2026-02-13 14:00:00,8710.0,8710.0,8674.0,8698.0,66438.0,384385.0,371271.0
2026-02-24 09:00:00,8840.0,8902.0,8830.0,8896.0,137318.0,371271.0,375593.0
2026-02-24 10:00:00,8896.0,8910.0,8872.0,8888.0,41590.0,375593.0,375555.0
2026-02-24 11:00:00,8888.0,8892.0,8842.0,8868.0,28093.0,375555.0,374862.0
2026-02-24 13:00:00,8858.0,8858.0,8834.0,8852.0,21128.0,374862.0,374979.0
2026-02-24 14:00:00,8852.0,8862.0,8822.0,8824.0,40794.0,374979.0,370957.0
2026-02-24 21:00:00,8808.0,8812.0,8776.0,8800.0,70233.0,370957.0,376277.0
2026-02-24 22:00:00,8800.0,8820.0,8768.0,8818.0,48389.0,376277.0,372462.0
2026-02-25 09:00:00,8822.0,8856.0,8822.0,8830.0,57570.0,372462.0,375116.0
2026-02-25 10:00:00,8830.0,8876.0,8824.0,8866.0,44050.0,375116.0,379889.0
2026-02-25 11:00:00,8866.0,8872.0,8844.0,8850.0,20324.0,379889.0,380628.0
2026-02-25 13:00:00,8848.0,8932.0,8848.0,8916.0,77115.0,380628.0,388863.0
2026-02-25 14:00:00,8916.0,8920.0,8848.0,8848.0,71973.0,388863.0,386410.0
2026-02-25 21:00:00,8818.0,8838.0,8794.0,8806.0,78506.0,386410.0,392904.0
2026-02-25 22:00:00,8806.0,8822.0,8774.0,8780.0,54221.0,392904.0,391031.0
2026-02-26 09:00:00,8814.0,8830.0,8790.0,8806.0,51710.0,391031.0,392987.0
2026-02-26 10:00:00,8806.0,8806.0,8746.0,8758.0,64389.0,392987.0,388624.0
2026-02-26 11:00:00,8758.0,8762.0,8726.0,8734.0,49272.0,388624.0,388063.0
2026-02-26 13:00:00,8742.0,8760.0,8728.0,8730.0,29174.0,388063.0,387791.0
2026-02-26 14:00:00,8730.0,8736.0,8686.0,8714.0,83861.0,387791.0,396971.0
2026-02-26 21:00:00,8714.0,8800.0,8692.0,8796.0,122132.0,396971.0,396864.0
2026-02-26 22:00:00,8796.0,8800.0,8744.0,8762.0,69375.0,396864.0,391239.0
2026-02-27 09:00:00,8786.0,8790.0,8750.0,8756.0,49527.0,391239.0,393335.0
2026-02-27 10:00:00,8756.0,8776.0,8714.0,8720.0,45720.0,393335.0,395324.0
2026-02-27 11:00:00,8720.0,8752.0,8716.0,8728.0,23852.0,395324.0,393816.0
2026-02-27 13:00:00,8738.0,8758.0,8738.0,8746.0,21795.0,393816.0,394483.0
2026-02-27 14:00:00,8746.0,8786.0,8728.0,8780.0,47215.0,394483.0,393602.0
2026-02-27 21:00:00,8818.0,8826.0,8776.0,8784.0,79361.0,393602.0,393273.0
2026-02-27 22:00:00,8784.0,8808.0,8768.0,8792.0,42223.0,393273.0,391741.0
2026-03-02 09:00:00,8890.0,8910.0,8800.0,8810.0,138907.0,391741.0,394311.0
2026-03-02 10:00:00,8810.0,8854.0,8794.0,8820.0,48786.0,394311.0,396280.0
2026-03-02 11:00:00,8820.0,8902.0,8814.0,8892.0,57755.0,396280.0,394124.0
2026-03-02 13:00:00,8904.0,8922.0,8896.0,8902.0,58832.0,394124.0,389486.0
2026-03-02 14:00:00,8902.0,8918.0,8880.0,8898.0,63908.0,389486.0,387932.0
2026-03-02 21:00:00,8940.0,9018.0,8926.0,9000.0,142100.0,387932.0,390604.0
2026-03-02 22:00:00,9000.0,9012.0,8936.0,8948.0,84119.0,390604.0,382016.0
2026-03-03 09:00:00,8942.0,9028.0,8928.0,8980.0,112373.0,382016.0,380819.0
2026-03-03 10:00:00,8980.0,8998.0,8946.0,8982.0,73551.0,380819.0,379526.0
2026-03-03 11:00:00,8982.0,8984.0,8960.0,8964.0,17741.0,379526.0,379933.0
2026-03-03 13:00:00,8982.0,9016.0,8982.0,8988.0,42492.0,379933.0,377605.0
2026-03-03 14:00:00,8988.0,9006.0,8960.0,8994.0,58837.0,377605.0,371591.0
2026-03-03 21:00:00,9048.0,9078.0,9016.0,9078.0,115381.0,371591.0,373124.0
2026-03-03 22:00:00,9078.0,9084.0,9024.0,9040.0,65118.0,373124.0,368415.0
2026-03-04 09:00:00,9024.0,9034.0,8938.0,8976.0,109525.0,368415.0,366852.0
2026-03-04 10:00:00,8976.0,8992.0,8952.0,8972.0,40215.0,366852.0,367163.0
2026-03-04 11:00:00,8972.0,9008.0,8968.0,8978.0,25325.0,367163.0,364528.0
2026-03-04 13:00:00,8986.0,9010.0,8970.0,8998.0,26695.0,364528.0,364581.0
2026-03-04 14:00:00,8998.0,9008.0,8990.0,9002.0,38073.0,364581.0,361707.0
2026-03-04 21:00:00,8966.0,8972.0,8890.0,8938.0,115331.0,361707.0,364432.0
2026-03-04 22:00:00,8938.0,8954.0,8900.0,8940.0,70842.0,364432.0,362234.0
2026-03-05 09:00:00,8960.0,8984.0,8946.0,8952.0,47825.0,362234.0,362915.0
2026-03-05 10:00:00,8952.0,8994.0,8950.0,8988.0,38207.0,362915.0,360597.0
2026-03-05 11:00:00,8988.0,9000.0,8962.0,8984.0,29276.0,360597.0,362044.0
2026-03-05 13:00:00,9046.0,9100.0,9032.0,9056.0,97050.0,362044.0,362016.0
2026-03-05 14:00:00,9056.0,9128.0,9044.0,9070.0,117944.0,362016.0,364671.0
2026-03-05 21:00:00,9072.0,9132.0,9046.0,9120.0,110396.0,364671.0,369464.0
2026-03-05 22:00:00,9120.0,9156.0,9100.0,9152.0,84052.0,369464.0,372045.0
2026-03-06 09:00:00,9190.0,9194.0,9092.0,9178.0,117167.0,372045.0,369171.0
2026-03-06 10:00:00,9178.0,9184.0,9140.0,9178.0,54222.0,369171.0,368720.0
2026-03-06 11:00:00,9178.0,9200.0,9166.0,9178.0,33767.0,368720.0,371425.0
2026-03-06 13:00:00,9178.0,9224.0,9162.0,9210.0,45739.0,371425.0,375370.0
2026-03-06 14:00:00,9210.0,9248.0,9194.0,9218.0,84067.0,375370.0,375530.0
2026-03-06 21:00:00,9392.0,9520.0,9360.0,9500.0,286057.0,375530.0,400253.0
2026-03-06 22:00:00,9500.0,9542.0,9440.0,9454.0,137885.0,400253.0,390991.0
2026-03-09 09:00:00,9760.0,9788.0,9726.0,9788.0,51112.0,390991.0,391881.0
2026-03-09 10:00:00,9788.0,9788.0,9788.0,9788.0,2936.0,391881.0,391061.0
2026-03-09 11:00:00,9788.0,9788.0,9788.0,9788.0,1407.0,391061.0,390726.0
2026-03-09 13:00:00,9788.0,9788.0,9574.0,9624.0,223447.0,390726.0,378279.0
2026-03-09 14:00:00,9624.0,9788.0,9570.0,9720.0,190099.0,378279.0,385075.0
2026-03-09 21:00:00,9676.0,9678.0,9524.0,9618.0,250899.0,385075.0,378353.0
2026-03-09 22:00:00,9618.0,9748.0,9602.0,9742.0,139974.0,378353.0,377971.0
2026-03-10 09:00:00,9464.0,9464.0,9240.0,9314.0,259214.0,377971.0,343896.0
2026-03-10 10:00:00,9314.0,9422.0,9306.0,9406.0,77081.0,343896.0,343632.0
2026-03-10 11:00:00,9406.0,9448.0,9398.0,9448.0,41564.0,343632.0,342918.0
2026-03-10 13:00:00,9422.0,9424.0,9372.0,9410.0,46634.0,342918.0,342122.0
2026-03-10 14:00:00,9410.0,9466.0,9402.0,9462.0,67036.0,342122.0,338307.0
2026-03-10 21:00:00,9472.0,9512.0,9398.0,9448.0,145968.0,338307.0,342831.0
2026-03-10 22:00:00,9448.0,9466.0,9330.0,9348.0,111426.0,342831.0,333049.0
2026-03-11 09:00:00,9368.0,9474.0,9366.0,9460.0,81029.0,333049.0,338590.0
2026-03-11 10:00:00,9460.0,9506.0,9448.0,9492.0,52705.0,338590.0,342819.0
2026-03-11 11:00:00,9492.0,9514.0,9478.0,9514.0,29652.0,342819.0,342925.0
2026-03-11 13:00:00,9518.0,9528.0,9490.0,9526.0,32923.0,342925.0,343757.0
2026-03-11 14:00:00,9526.0,9562.0,9512.0,9526.0,54063.0,343757.0,339375.0
2026-03-11 21:00:00,9658.0,9700.0,9588.0,9590.0,158327.0,339375.0,342882.0
2026-03-11 22:00:00,9590.0,9630.0,9576.0,9612.0,63465.0,342882.0,339919.0
2026-03-12 09:00:00,9700.0,9864.0,9662.0,9852.0,167739.0,339919.0,358215.0
2026-03-12 10:00:00,9852.0,9858.0,9726.0,9742.0,104191.0,358215.0,350047.0
2026-03-12 11:00:00,9742.0,9806.0,9730.0,9790.0,37086.0,350047.0,347967.0
2026-03-12 13:00:00,9746.0,9746.0,9650.0,9680.0,83292.0,347967.0,341948.0
2026-03-12 14:00:00,9680.0,9742.0,9642.0,9684.0,74179.0,341948.0,338494.0
2026-03-12 21:00:00,9714.0,9762.0,9654.0,9752.0,124029.0,338494.0,345037.0
2026-03-12 22:00:00,9752.0,9826.0,9736.0,9818.0,98730.0,345037.0,345296.0
2026-03-13 09:00:00,9790.0,9846.0,9754.0,9828.0,109852.0,345296.0,352455.0
2026-03-13 10:00:00,9828.0,9888.0,9772.0,9862.0,82041.0,352455.0,358556.0
2026-03-13 11:00:00,9862.0,9876.0,9830.0,9838.0,32488.0,358556.0,356664.0
2026-03-13 13:00:00,9826.0,9828.0,9744.0,9746.0,58561.0,356664.0,348556.0
2026-03-13 14:00:00,9746.0,9778.0,9676.0,9768.0,112598.0,348556.0,340134.0
2026-03-13 21:00:00,9746.0,9850.0,9722.0,9848.0,142793.0,340134.0,350354.0
2026-03-13 22:00:00,9848.0,9914.0,9812.0,9880.0,140244.0,350354.0,348524.0
2026-03-16 09:00:00,9812.0,10018.0,9772.0,9990.0,232856.0,348524.0,360968.0
2026-03-16 10:00:00,9990.0,10026.0,9940.0,9954.0,90574.0,360968.0,360315.0
2026-03-16 11:00:00,9954.0,10040.0,9938.0,10022.0,75223.0,360315.0,365174.0
2026-03-16 13:00:00,10032.0,10050.0,9952.0,9962.0,47397.0,365174.0,361811.0
2026-03-16 14:00:00,9962.0,10042.0,9956.0,10010.0,89427.0,361811.0,359666.0
2026-03-16 21:00:00,9940.0,9978.0,9818.0,9842.0,191811.0,359666.0,350073.0
2026-03-16 22:00:00,9842.0,9912.0,9830.0,9900.0,86801.0,350073.0,346189.0
2026-03-17 09:00:00,9858.0,9942.0,9830.0,9932.0,100011.0,346189.0,355316.0
2026-03-17 10:00:00,9932.0,9952.0,9908.0,9936.0,47456.0,355316.0,357250.0
2026-03-17 11:00:00,9936.0,9938.0,9890.0,9906.0,29406.0,357250.0,355077.0
2026-03-17 13:00:00,9900.0,9938.0,9858.0,9926.0,46679.0,355077.0,358348.0
2026-03-17 14:00:00,9926.0,9966.0,9908.0,9954.0,64577.0,358348.0,360226.0
2026-03-17 21:00:00,9964.0,9992.0,9918.0,9934.0,123237.0,360226.0,368998.0
2026-03-17 22:00:00,9934.0,9964.0,9870.0,9876.0,87956.0,368998.0,364903.0
2026-03-18 09:00:00,9860.0,9914.0,9792.0,9822.0,114305.0,364903.0,358231.0
2026-03-18 10:00:00,9822.0,9840.0,9756.0,9790.0,81157.0,358231.0,352126.0
2026-03-18 11:00:00,9790.0,9806.0,9732.0,9752.0,48737.0,352126.0,345426.0
2026-03-18 13:00:00,9714.0,9732.0,9684.0,9688.0,58177.0,345426.0,337862.0
2026-03-18 14:00:00,9688.0,9724.0,9666.0,9692.0,67842.0,337862.0,332859.0
2026-03-18 21:00:00,9834.0,9882.0,9786.0,9834.0,162494.0,332859.0,332129.0
2026-03-18 22:00:00,9834.0,9854.0,9792.0,9844.0,72272.0,332129.0,329488.0
2026-03-19 09:00:00,9862.0,9902.0,9802.0,9834.0,85244.0,329488.0,332216.0
2026-03-19 10:00:00,9834.0,9856.0,9744.0,9776.0,67250.0,332216.0,329768.0
2026-03-19 11:00:00,9776.0,9806.0,9762.0,9784.0,24149.0,329768.0,330543.0
2026-03-19 13:00:00,9778.0,9788.0,9754.0,9786.0,26648.0,330543.0,332225.0
2026-03-19 14:00:00,9786.0,9808.0,9758.0,9796.0,53143.0,332225.0,331096.0
2026-03-19 21:00:00,9796.0,9836.0,9674.0,9750.0,143415.0,331096.0,327403.0
2026-03-19 22:00:00,9750.0,9772.0,9700.0,9738.0,55153.0,327403.0,323572.0
2026-03-20 09:00:00,9708.0,9722.0,9646.0,9680.0,90052.0,323572.0,322286.0
2026-03-20 10:00:00,9680.0,9728.0,9678.0,9710.0,28707.0,322286.0,322532.0
2026-03-20 11:00:00,9710.0,9782.0,9706.0,9782.0,24153.0,322532.0,321995.0
2026-03-20 13:00:00,9788.0,9790.0,9756.0,9760.0,24839.0,321995.0,324172.0
2026-03-20 14:00:00,9760.0,9776.0,9704.0,9718.0,41091.0,324172.0,319450.0
2026-03-20 21:00:00,9732.0,9782.0,9710.0,9776.0,78563.0,319450.0,318852.0
2026-03-20 22:00:00,9776.0,9776.0,9650.0,9724.0,70227.0,318852.0,316014.0
2026-03-23 09:00:00,9718.0,9882.0,9696.0,9864.0,115871.0,316014.0,322395.0
2026-03-23 10:00:00,9864.0,9928.0,9810.0,9928.0,75592.0,322395.0,323195.0
2026-03-23 11:00:00,9928.0,9960.0,9896.0,9946.0,45595.0,323195.0,325278.0
2026-03-23 13:00:00,9938.0,9938.0,9888.0,9912.0,30118.0,325278.0,321352.0
2026-03-23 14:00:00,9912.0,9956.0,9902.0,9942.0,49186.0,321352.0,317752.0
2026-03-23 21:00:00,9690.0,9734.0,9532.0,9684.0,184399.0,317752.0,302113.0
2026-03-23 22:00:00,9684.0,9686.0,9586.0,9588.0,80465.0,302113.0,295065.0
2026-03-24 09:00:00,9660.0,9750.0,9654.0,9726.0,93837.0,295065.0,294347.0
2026-03-24 10:00:00,9726.0,9774.0,9720.0,9730.0,47288.0,294347.0,293914.0
2026-03-24 11:00:00,9730.0,9772.0,9724.0,9740.0,18433.0,293914.0,293935.0
2026-03-24 13:00:00,9750.0,9772.0,9734.0,9734.0,16440.0,293935.0,294392.0
2026-03-24 14:00:00,9734.0,9736.0,9630.0,9644.0,71188.0,294392.0,290185.0
2026-03-24 21:00:00,9652.0,9676.0,9630.0,9664.0,71876.0,290185.0,292694.0
2026-03-24 22:00:00,9664.0,9670.0,9606.0,9616.0,54407.0,292694.0,290047.0
2026-03-25 09:00:00,9496.0,9528.0,9464.0,9512.0,114009.0,290047.0,285625.0
2026-03-25 10:00:00,9512.0,9554.0,9506.0,9550.0,32794.0,285625.0,286879.0
2026-03-25 11:00:00,9550.0,9550.0,9492.0,9520.0,26807.0,286879.0,286920.0
2026-03-25 13:00:00,9522.0,9564.0,9520.0,9550.0,29151.0,286920.0,289096.0
2026-03-25 14:00:00,9550.0,9570.0,9506.0,9510.0,42348.0,289096.0,285114.0
2026-03-25 21:00:00,9530.0,9534.0,9482.0,9516.0,74768.0,285114.0,286284.0
2026-03-25 22:00:00,9516.0,9532.0,9496.0,9526.0,33061.0,286284.0,283786.0
2026-03-26 09:00:00,9586.0,9604.0,9540.0,9558.0,69303.0,283786.0,282364.0
2026-03-26 10:00:00,9558.0,9632.0,9542.0,9622.0,49720.0,282364.0,283996.0
2026-03-26 11:00:00,9622.0,9630.0,9598.0,9618.0,24234.0,283996.0,282739.0
2026-03-26 13:00:00,9616.0,9640.0,9616.0,9630.0,25270.0,282739.0,283156.0
2026-03-26 14:00:00,9630.0,9640.0,9604.0,9614.0,45640.0,283156.0,279944.0
2026-03-26 21:00:00,9660.0,9680.0,9582.0,9590.0,75681.0,279944.0,278562.0
2026-03-26 22:00:00,9590.0,9650.0,9588.0,9648.0,48482.0,278562.0,275547.0
2026-03-27 09:00:00,9632.0,9642.0,9596.0,9606.0,43228.0,275547.0,274077.0
2026-03-27 10:00:00,9606.0,9658.0,9592.0,9646.0,50322.0,274077.0,276277.0
2026-03-27 11:00:00,9646.0,9680.0,9646.0,9676.0,22090.0,276277.0,276104.0
2026-03-27 13:00:00,9676.0,9710.0,9670.0,9698.0,36003.0,276104.0,282427.0
2026-03-27 14:00:00,9698.0,9770.0,9694.0,9768.0,72359.0,282427.0,288414.0
2026-03-27 21:00:00,9808.0,9842.0,9774.0,9780.0,85094.0,288414.0,290162.0
2026-03-27 22:00:00,9780.0,9780.0,9668.0,9692.0,84334.0,290162.0,277885.0
2026-03-30 09:00:00,9760.0,9790.0,9726.0,9740.0,73535.0,277885.0,272842.0
2026-03-30 10:00:00,9740.0,9800.0,9738.0,9750.0,52400.0,272842.0,270331.0
2026-03-30 11:00:00,9750.0,9756.0,9706.0,9718.0,28026.0,270331.0,266080.0
2026-03-30 13:00:00,9736.0,9770.0,9734.0,9744.0,25930.0,266080.0,266920.0
2026-03-30 14:00:00,9744.0,9974.0,9738.0,9930.0,151882.0,266920.0,280149.0
2026-03-30 21:00:00,9950.0,10076.0,9884.0,10058.0,181753.0,280149.0,288193.0
2026-03-30 22:00:00,10058.0,10082.0,9978.0,10004.0,96254.0,288193.0,279236.0
2026-03-31 09:00:00,10006.0,10020.0,9808.0,9872.0,158851.0,279236.0,261499.0
2026-03-31 10:00:00,9872.0,9918.0,9830.0,9884.0,58848.0,261499.0,258171.0
2026-03-31 11:00:00,9884.0,9898.0,9864.0,9876.0,18531.0,258171.0,254864.0
2026-03-31 13:00:00,9882.0,9900.0,9840.0,9842.0,25658.0,254864.0,252144.0
2026-03-31 14:00:00,9842.0,9884.0,9832.0,9866.0,47629.0,252144.0,245751.0
2026-03-31 21:00:00,10060.0,10192.0,10012.0,10082.0,216528.0,245751.0,256354.0
2026-03-31 22:00:00,10082.0,10112.0,10038.0,10094.0,62957.0,256354.0,249637.0
2026-04-01 09:00:00,10040.0,10040.0,9942.0,10024.0,97174.0,249637.0,244405.0
2026-04-01 10:00:00,10024.0,10036.0,9956.0,10000.0,51777.0,244405.0,239744.0
2026-04-01 11:00:00,10000.0,10030.0,9984.0,10010.0,24611.0,239744.0,236026.0
2026-04-01 13:00:00,9996.0,9996.0,9906.0,9924.0,59322.0,236026.0,229960.0
2026-04-01 14:00:00,9924.0,9934.0,9778.0,9780.0,122514.0,229960.0,218125.0
2026-04-01 21:00:00,9830.0,9850.0,9736.0,9776.0,93206.0,218125.0,214665.0
2026-04-01 22:00:00,9776.0,9798.0,9750.0,9760.0,39171.0,214665.0,211027.0
2026-04-02 09:00:00,9748.0,9946.0,9722.0,9928.0,119141.0,211027.0,211475.0
2026-04-02 10:00:00,9928.0,9982.0,9916.0,9974.0,40139.0,211475.0,211673.0
2026-04-02 11:00:00,9974.0,10000.0,9964.0,9974.0,23960.0,211673.0,212498.0
2026-04-02 13:00:00,9996.0,10028.0,9974.0,10026.0,32359.0,212498.0,212541.0
2026-04-02 14:00:00,10026.0,10026.0,9964.0,9974.0,49764.0,212541.0,206246.0
2026-04-02 21:00:00,10048.0,10086.0,9928.0,9972.0,98885.0,206246.0,205207.0
2026-04-02 22:00:00,9972.0,9988.0,9890.0,9920.0,56141.0,205207.0,198215.0
2026-04-03 09:00:00,9954.0,9954.0,9896.0,9940.0,44517.0,198215.0,195457.0
2026-04-03 10:00:00,9940.0,9940.0,9876.0,9930.0,29707.0,195457.0,194132.0
2026-04-03 11:00:00,9930.0,9934.0,9888.0,9914.0,12405.0,194132.0,193057.0
2026-04-03 13:00:00,9916.0,9958.0,9904.0,9954.0,20245.0,193057.0,192251.0
2026-04-03 14:00:00,9954.0,9968.0,9920.0,9938.0,38251.0,192251.0,187313.0
2026-04-07 09:00:00,9996.0,10004.0,9884.0,9968.0,66591.0,187313.0,186922.0
2026-04-07 10:00:00,9968.0,9986.0,9932.0,9972.0,31047.0,186922.0,183109.0
2026-04-07 11:00:00,9972.0,9994.0,9950.0,9990.0,15509.0,183109.0,182949.0
2026-04-07 13:00:00,9994.0,9998.0,9930.0,9934.0,25349.0,182949.0,178142.0
2026-04-07 14:00:00,9934.0,9952.0,9880.0,9912.0,43231.0,178142.0,173042.0
2026-04-07 21:00:00,9968.0,9988.0,9892.0,9940.0,117339.0,173042.0,305946.0
2026-04-07 22:00:00,9940.0,9940.0,9872.0,9900.0,49783.0,305946.0,300044.0
2026-04-08 09:00:00,9612.0,9650.0,9402.0,9606.0,179557.0,300044.0,299864.0
2026-04-08 10:00:00,9606.0,9668.0,9596.0,9664.0,47630.0,299864.0,305362.0
2026-04-08 11:00:00,9664.0,9668.0,9612.0,9628.0,19934.0,305362.0,305508.0
2026-04-08 13:00:00,9624.0,9624.0,9562.0,9600.0,41793.0,305508.0,309600.0
2026-04-08 14:00:00,9600.0,9608.0,9548.0,9568.0,64184.0,309600.0,306120.0
2026-04-08 21:00:00,9530.0,9578.0,9508.0,9576.0,77136.0,306120.0,313796.0
2026-04-08 22:00:00,9576.0,9616.0,9562.0,9608.0,44698.0,313796.0,314382.0
2026-04-09 09:00:00,9644.0,9678.0,9612.0,9626.0,71918.0,314382.0,317568.0
2026-04-09 10:00:00,9626.0,9652.0,9606.0,9652.0,34761.0,317568.0,320608.0
2026-04-09 11:00:00,9652.0,9658.0,9634.0,9650.0,13751.0,320608.0,319921.0
2026-04-09 13:00:00,9652.0,9672.0,9638.0,9646.0,23607.0,319921.0,321946.0
2026-04-09 14:00:00,9646.0,9664.0,9640.0,9650.0,35774.0,321946.0,318083.0
2026-04-09 21:00:00,9695.0,9725.0,9670.0,9723.0,97493.0,318083.0,326530.0
2026-04-09 22:00:00,9723.0,9752.0,9710.0,9750.0,68392.0,326530.0,329331.0
2026-04-10 09:00:00,9720.0,9724.0,9672.0,9692.0,96783.0,329331.0,333546.0
2026-04-10 10:00:00,9692.0,9715.0,9663.0,9681.0,54295.0,333546.0,335266.0
2026-04-10 11:00:00,9681.0,9722.0,9660.0,9718.0,41117.0,335266.0,337123.0
2026-04-10 13:00:00,9692.0,9699.0,9632.0,9668.0,65823.0,337123.0,336712.0
2026-04-10 14:00:00,9668.0,9672.0,9616.0,9621.0,66652.0,336712.0,338468.0
2026-04-10 21:00:00,9564.0,9595.0,9539.0,9553.0,109213.0,338468.0,344050.0
2026-04-10 22:00:00,9553.0,9578.0,9518.0,9540.0,64617.0,344050.0,337842.0
2026-04-13 09:00:00,9643.0,9670.0,9615.0,9625.0,103799.0,337842.0,337902.0
2026-04-13 10:00:00,9625.0,9642.0,9604.0,9627.0,39493.0,337902.0,339758.0
2026-04-13 11:00:00,9627.0,9660.0,9624.0,9650.0,29898.0,339758.0,342165.0
2026-04-13 13:00:00,9646.0,9646.0,9599.0,9615.0,32879.0,342165.0,342798.0
2026-04-13 14:00:00,9615.0,9616.0,9546.0,9546.0,75114.0,342798.0,342210.0
2026-04-13 21:00:00,9558.0,9577.0,9497.0,9501.0,116279.0,342210.0,349156.0
2026-04-13 22:00:00,9501.0,9530.0,9490.0,9525.0,60511.0,349156.0,347453.0
2026-04-14 09:00:00,9450.0,9474.0,9430.0,9443.0,93548.0,347453.0,350621.0
2026-04-14 10:00:00,9443.0,9457.0,9412.0,9427.0,58039.0,350621.0,355277.0
2026-04-14 11:00:00,9427.0,9445.0,9416.0,9440.0,33108.0,355277.0,355647.0
2026-04-14 13:00:00,9432.0,9456.0,9418.0,9425.0,30569.0,355647.0,354459.0
2026-04-14 14:00:00,9425.0,9443.0,9407.0,9433.0,55767.0,354459.0,356889.0
2026-04-14 21:00:00,9416.0,9420.0,9339.0,9361.0,120382.0,356889.0,369653.0
2026-04-14 22:00:00,9361.0,9365.0,9330.0,9351.0,65994.0,369653.0,369355.0
2026-04-15 09:00:00,9320.0,9360.0,9302.0,9353.0,84640.0,369355.0,374332.0
2026-04-15 10:00:00,9353.0,9395.0,9347.0,9395.0,51401.0,374332.0,373929.0
2026-04-15 11:00:00,9395.0,9405.0,9368.0,9386.0,28485.0,373929.0,376089.0
2026-04-15 13:00:00,9398.0,9428.0,9391.0,9415.0,38725.0,376089.0,377841.0
2026-04-15 14:00:00,9415.0,9429.0,9400.0,9411.0,52883.0,377841.0,378362.0
2026-04-15 21:00:00,9422.0,9425.0,9337.0,9344.0,105210.0,378362.0,386476.0
2026-04-15 22:00:00,9344.0,9363.0,9325.0,9363.0,63624.0,386476.0,383955.0
2026-04-16 09:00:00,9365.0,9403.0,9340.0,9395.0,70300.0,383955.0,386834.0
2026-04-16 10:00:00,9395.0,9424.0,9368.0,9382.0,62521.0,386834.0,390662.0
2026-04-16 11:00:00,9382.0,9383.0,9366.0,9376.0,22121.0,390662.0,391260.0
2026-04-16 13:00:00,9372.0,9384.0,9353.0,9377.0,32464.0,391260.0,392703.0
2026-04-16 14:00:00,9377.0,9415.0,9367.0,9402.0,68271.0,392703.0,392639.0
2026-04-16 21:00:00,9435.0,9450.0,9388.0,9432.0,113278.0,392639.0,398406.0
2026-04-16 22:00:00,9432.0,9500.0,9417.0,9489.0,103584.0,398406.0,398253.0
2026-04-17 09:00:00,9478.0,9478.0,9433.0,9457.0,73775.0,398253.0,400731.0
2026-04-17 10:00:00,9457.0,9485.0,9427.0,9470.0,55633.0,400731.0,402011.0
2026-04-17 11:00:00,9470.0,9493.0,9455.0,9479.0,29183.0,402011.0,403501.0
2026-04-17 13:00:00,9462.0,9462.0,9411.0,9444.0,44207.0,403501.0,403360.0
2026-04-17 14:00:00,9444.0,9508.0,9436.0,9492.0,75131.0,403360.0,404381.0
2026-04-17 21:00:00,9306.0,9414.0,9200.0,9392.0,226726.0,404381.0,418804.0
2026-04-17 22:00:00,9392.0,9403.0,9366.0,9399.0,57757.0,418804.0,413773.0
2026-04-20 09:00:00,9468.0,9487.0,9426.0,9465.0,105950.0,413773.0,418983.0
2026-04-20 10:00:00,9465.0,9516.0,9442.0,9474.0,71576.0,418983.0,422068.0
2026-04-20 11:00:00,9474.0,9486.0,9464.0,9481.0,21083.0,422068.0,422272.0
2026-04-20 13:00:00,9479.0,9506.0,9471.0,9497.0,32978.0,422272.0,423818.0
2026-04-20 14:00:00,9497.0,9497.0,9466.0,9486.0,55658.0,423818.0,419058.0
2026-04-20 21:00:00,9481.0,9492.0,9434.0,9469.0,96282.0,419058.0,425894.0
2026-04-20 22:00:00,9469.0,9500.0,9459.0,9488.0,79968.0,425894.0,424918.0
2026-04-21 09:00:00,9497.0,9608.0,9488.0,9598.0,181056.0,424918.0,448164.0
2026-04-21 10:00:00,9598.0,9608.0,9568.0,9592.0,62389.0,448164.0,448069.0
2026-04-21 11:00:00,9592.0,9592.0,9556.0,9572.0,30491.0,448069.0,445382.0
2026-04-21 13:00:00,9558.0,9794.0,9558.0,9772.0,222764.0,445382.0,480268.0
2026-04-21 14:00:00,9772.0,9786.0,9710.0,9730.0,193706.0,480268.0,464242.0
2026-04-21 21:00:00,9719.0,9760.0,9695.0,9730.0,176251.0,464242.0,468940.0
2026-04-21 22:00:00,9730.0,9792.0,9725.0,9775.0,145115.0,468940.0,475511.0
2026-04-22 09:00:00,9794.0,9858.0,9762.0,9835.0,168136.0,475511.0,488866.0
2026-04-22 10:00:00,9835.0,9853.0,9793.0,9822.0,76248.0,488866.0,486342.0
2026-04-22 11:00:00,9822.0,9855.0,9818.0,9831.0,40845.0,486342.0,486778.0
2026-04-22 13:00:00,9810.0,9812.0,9762.0,9795.0,96998.0,486778.0,481652.0
2026-04-22 14:00:00,9795.0,9845.0,9777.0,9822.0,104962.0,481652.0,481396.0
2026-04-22 21:00:00,9864.0,9885.0,9838.0,9851.0,149708.0,481396.0,489899.0
2026-04-22 22:00:00,9851.0,9863.0,9831.0,9833.0,79869.0,489899.0,488859.0
2026-04-23 09:00:00,9815.0,9838.0,9730.0,9753.0,170611.0,488859.0,482934.0
2026-04-23 10:00:00,9753.0,9829.0,9751.0,9823.0,86001.0,482934.0,486547.0
2026-04-23 11:00:00,9823.0,9847.0,9806.0,9824.0,53862.0,486547.0,484790.0
2026-04-23 13:00:00,9818.0,9829.0,9794.0,9803.0,43322.0,484790.0,482479.0
2026-04-23 14:00:00,9803.0,9814.0,9766.0,9781.0,90999.0,482479.0,470399.0
2026-04-23 21:00:00,9744.0,9855.0,9740.0,9833.0,168813.0,470399.0,492876.0
2026-04-23 22:00:00,9833.0,9846.0,9798.0,9803.0,84090.0,492876.0,483989.0
2026-04-24 09:00:00,9843.0,9843.0,9772.0,9788.0,119894.0,483989.0,480227.0
2026-04-24 10:00:00,9788.0,9799.0,9756.0,9764.0,71830.0,480227.0,474437.0
2026-04-24 11:00:00,9764.0,9782.0,9752.0,9774.0,29800.0,474437.0,471291.0
2026-04-24 13:00:00,9785.0,9799.0,9757.0,9762.0,50964.0,471291.0,473264.0
2026-04-24 14:00:00,9762.0,9783.0,9711.0,9778.0,152967.0,473264.0,470423.0
2026-04-24 21:00:00,9766.0,9802.0,9748.0,9779.0,119919.0,470423.0,475614.0
2026-04-24 22:00:00,9779.0,9795.0,9766.0,9777.0,63018.0,475614.0,469870.0
2026-04-27 09:00:00,9806.0,9900.0,9806.0,9834.0,200897.0,469870.0,475382.0
2026-04-27 10:00:00,9834.0,9859.0,9811.0,9836.0,68004.0,475382.0,482588.0
2026-04-27 11:00:00,9836.0,9843.0,9784.0,9807.0,54496.0,482588.0,480469.0
2026-04-27 13:00:00,9809.0,9845.0,9802.0,9828.0,51806.0,480469.0,480713.0
2026-04-27 14:00:00,9828.0,9840.0,9784.0,9785.0,85146.0,480713.0,478632.0
2026-04-27 21:00:00,9767.0,9780.0,9728.0,9757.0,162765.0,478632.0,485848.0
2026-04-27 22:00:00,9757.0,9788.0,9743.0,9786.0,73202.0,485848.0,479058.0
2026-04-28 09:00:00,9792.0,9828.0,9763.0,9772.0,114853.0,479058.0,480491.0
2026-04-28 10:00:00,9772.0,9775.0,9682.0,9690.0,112055.0,480491.0,475700.0
2026-04-28 11:00:00,9690.0,9728.0,9672.0,9724.0,77390.0,475700.0,468313.0
2026-04-28 13:00:00,9722.0,9768.0,9701.0,9749.0,66546.0,468313.0,468530.0
2026-04-28 14:00:00,9749.0,9773.0,9725.0,9759.0,83929.0,468530.0,463101.0
2026-04-28 21:00:00,9750.0,9772.0,9688.0,9692.0,151729.0,463101.0,470497.0
2026-04-28 22:00:00,9692.0,9722.0,9654.0,9660.0,110962.0,470497.0,455584.0
2026-04-29 09:00:00,9680.0,9724.0,9671.0,9718.0,95637.0,455584.0,453027.0
2026-04-29 10:00:00,9718.0,9733.0,9676.0,9719.0,73715.0,453027.0,454945.0
2026-04-29 11:00:00,9719.0,9745.0,9713.0,9732.0,30528.0,454945.0,455390.0
2026-04-29 13:00:00,9748.0,9770.0,9736.0,9751.0,55064.0,455390.0,457731.0
2026-04-29 14:00:00,9751.0,9800.0,9750.0,9780.0,104646.0,457731.0,457444.0
2026-04-29 21:00:00,9841.0,9860.0,9805.0,9815.0,130922.0,457444.0,448841.0
2026-04-29 22:00:00,9815.0,9816.0,9773.0,9793.0,64163.0,448841.0,445442.0
2026-04-30 09:00:00,9841.0,9848.0,9798.0,9813.0,80673.0,445442.0,444066.0
2026-04-30 10:00:00,9813.0,9852.0,9802.0,9831.0,48692.0,444066.0,444532.0
2026-04-30 11:00:00,9831.0,9873.0,9831.0,9869.0,32886.0,444532.0,444726.0
2026-04-30 13:00:00,9873.0,9877.0,9824.0,9845.0,40146.0,444726.0,442035.0
2026-04-30 14:00:00,9845.0,9854.0,9821.0,9821.0,60490.0,442035.0,433100.0
2026-05-06 09:00:00,9887.0,9993.0,9870.0,9965.0,184607.0,433100.0,451494.0
2026-05-06 10:00:00,9965.0,9976.0,9878.0,9884.0,90183.0,451494.0,453062.0
2026-05-06 11:00:00,9884.0,9892.0,9846.0,9856.0,52273.0,453062.0,452892.0
2026-05-06 13:00:00,9859.0,9878.0,9827.0,9839.0,49734.0,452892.0,455295.0
2026-05-06 14:00:00,9839.0,9878.0,9804.0,9864.0,88852.0,455295.0,454936.0
2026-05-06 21:00:00,9750.0,9824.0,9701.0,9784.0,190820.0,454936.0,468748.0
2026-05-06 22:00:00,9784.0,9807.0,9774.0,9791.0,56183.0,468748.0,463789.0
2026-05-07 09:00:00,9806.0,9830.0,9710.0,9726.0,147914.0,463789.0,469716.0
2026-05-07 10:00:00,9726.0,9743.0,9676.0,9736.0,98376.0,469716.0,471160.0
2026-05-07 11:00:00,9736.0,9759.0,9735.0,9750.0,34736.0,471160.0,468641.0
2026-05-07 13:00:00,9752.0,9766.0,9746.0,9751.0,27155.0,468641.0,468260.0
2026-05-07 14:00:00,9751.0,9776.0,9728.0,9752.0,62402.0,468260.0,463822.0
2026-05-07 21:00:00,9664.0,9707.0,9632.0,9685.0,171892.0,463822.0,468963.0
2026-05-07 22:00:00,9685.0,9694.0,9649.0,9693.0,75454.0,468963.0,466603.0
2026-05-08 09:00:00,9748.0,9750.0,9708.0,9730.0,91993.0,466603.0,470564.0
2026-05-08 10:00:00,9730.0,9756.0,9702.0,9710.0,70074.0,470564.0,473808.0
2026-05-08 11:00:00,9710.0,9728.0,9671.0,9678.0,52723.0,473808.0,471828.0
2026-05-08 13:00:00,9681.0,9689.0,9661.0,9678.0,38444.0,471828.0,473755.0
2026-05-08 14:00:00,9678.0,9693.0,9658.0,9680.0,66930.0,473755.0,468975.0
2026-05-08 21:00:00,9642.0,9675.0,9632.0,9642.0,114806.0,468975.0,476636.0
2026-05-08 22:00:00,9642.0,9696.0,9641.0,9691.0,80137.0,476636.0,467867.0
2026-05-11 09:00:00,9732.0,9759.0,9714.0,9738.0,108887.0,467867.0,467449.0
2026-05-11 10:00:00,9738.0,9748.0,9715.0,9738.0,44450.0,467449.0,467182.0
2026-05-11 11:00:00,9738.0,9748.0,9698.0,9701.0,40289.0,467182.0,466645.0
2026-05-11 13:00:00,9703.0,9732.0,9703.0,9709.0,34750.0,466645.0,468270.0
2026-05-11 14:00:00,9709.0,9724.0,9660.0,9682.0,82140.0,468270.0,466097.0
2026-05-11 21:00:00,9671.0,9684.0,9611.0,9628.0,135553.0,466097.0,473359.0
2026-05-11 22:00:00,9628.0,9650.0,9627.0,9649.0,53528.0,473359.0,468854.0
2026-05-12 09:00:00,9659.0,9704.0,9648.0,9668.0,100235.0,468854.0,465503.0
2026-05-12 10:00:00,9668.0,9668.0,9591.0,9597.0,105128.0,465503.0,474770.0
2026-05-12 11:00:00,9597.0,9600.0,9553.0,9565.0,61830.0,474770.0,480710.0
2026-05-12 13:00:00,9548.0,9564.0,9520.0,9535.0,68963.0,480710.0,488812.0
2026-05-12 14:00:00,9535.0,9580.0,9534.0,9565.0,85660.0,488812.0,482989.0
2026-05-12 21:00:00,9577.0,9594.0,9566.0,9571.0,100050.0,482989.0,477622.0
2026-05-12 22:00:00,9571.0,9593.0,9568.0,9589.0,46716.0,477622.0,473817.0
2026-05-13 09:00:00,9596.0,9599.0,9541.0,9574.0,89038.0,473817.0,474912.0
2026-05-13 10:00:00,9574.0,9593.0,9514.0,9529.0,69069.0,474912.0,478620.0
2026-05-13 11:00:00,9529.0,9543.0,9515.0,9523.0,36391.0,478620.0,479769.0
2026-05-13 13:00:00,9520.0,9520.0,9490.0,9493.0,58041.0,479769.0,485246.0
2026-05-13 14:00:00,9493.0,9505.0,9477.0,9492.0,79670.0,485246.0,482998.0
2026-05-13 21:00:00,9517.0,9528.0,9484.0,9503.0,99113.0,482998.0,488956.0
2026-05-13 22:00:00,9503.0,9554.0,9499.0,9530.0,90434.0,488956.0,481496.0
2026-05-14 09:00:00,9495.0,9529.0,9452.0,9466.0,112180.0,481496.0,486871.0
2026-05-14 10:00:00,9466.0,9483.0,9441.0,9465.0,70069.0,486871.0,490844.0
2026-05-14 11:00:00,9465.0,9467.0,9442.0,9451.0,29149.0,490844.0,490537.0
2026-05-14 13:00:00,9460.0,9470.0,9425.0,9431.0,51003.0,490537.0,495865.0
2026-05-14 14:00:00,9431.0,9451.0,9404.0,9405.0,84978.0,495865.0,493665.0
2026-05-14 21:00:00,9384.0,9424.0,9366.0,9419.0,126528.0,493665.0,496046.0
2026-05-14 22:00:00,9419.0,9432.0,9406.0,9415.0,53364.0,496046.0,492980.0
2026-05-15 09:00:00,9430.0,9476.0,9430.0,9435.0,118640.0,492980.0,493029.0
2026-05-15 10:00:00,9435.0,9471.0,9430.0,9470.0,54441.0,493029.0,494616.0
2026-05-15 11:00:00,9470.0,9475.0,9444.0,9469.0,28064.0,494616.0,492104.0
2026-05-15 13:00:00,9470.0,9471.0,9424.0,9432.0,43814.0,492104.0,490457.0
2026-05-15 14:00:00,9432.0,9441.0,9407.0,9420.0,64570.0,490457.0,485649.0
2026-05-15 21:00:00,9425.0,9463.0,9380.0,9445.0,124019.0,485649.0,497469.0
2026-05-15 22:00:00,9445.0,9477.0,9439.0,9462.0,75205.0,497469.0,497210.0
2026-05-18 09:00:00,9497.0,9554.0,9495.0,9515.0,145734.0,497210.0,499470.0
2026-05-18 10:00:00,9515.0,9532.0,9499.0,9509.0,45508.0,499470.0,501059.0
2026-05-18 11:00:00,9509.0,9551.0,9508.0,9549.0,38665.0,501059.0,502313.0
2026-05-18 13:00:00,9558.0,9585.0,9558.0,9577.0,60389.0,502313.0,507576.0
2026-05-18 14:00:00,9577.0,9594.0,9566.0,9576.0,76481.0,507576.0,501872.0
2026-05-18 21:00:00,9530.0,9546.0,9492.0,9542.0,134296.0,501872.0,503877.0
2026-05-18 22:00:00,9542.0,9582.0,9535.0,9577.0,71478.0,503877.0,502935.0
2026-05-19 09:00:00,9564.0,9578.0,9538.0,9543.0,74712.0,502935.0,499701.0
2026-05-19 10:00:00,9543.0,9551.0,9520.0,9546.0,56363.0,499701.0,498159.0
2026-05-19 11:00:00,9546.0,9565.0,9524.0,9531.0,30835.0,498159.0,496318.0
2026-05-19 13:00:00,9531.0,9610.0,9531.0,9605.0,65627.0,496318.0,503252.0
2026-05-19 14:00:00,9605.0,9707.0,9596.0,9672.0,211958.0,503252.0,504322.0
2026-05-19 21:00:00,9674.0,9683.0,9639.0,9643.0,110756.0,504322.0,500803.0
2026-05-19 22:00:00,9643.0,9673.0,9636.0,9655.0,63375.0,500803.0,496765.0
2026-05-20 09:00:00,9646.0,9649.0,9584.0,9599.0,131278.0,496765.0,492254.0
2026-05-20 10:00:00,9599.0,9625.0,9587.0,9599.0,53345.0,492254.0,491133.0
2026-05-20 11:00:00,9599.0,9652.0,9598.0,9646.0,36110.0,491133.0,491812.0
2026-05-20 13:00:00,9791.0,9858.0,9751.0,9783.0,237750.0,491812.0,486800.0
2026-05-20 14:00:00,9783.0,9813.0,9720.0,9721.0,171858.0,486800.0,477401.0
2026-05-20 21:00:00,9684.0,9755.0,9677.0,9713.0,151482.0,477401.0,485916.0
2026-05-20 22:00:00,9713.0,9721.0,9623.0,9635.0,165322.0,485916.0,483918.0
2026-05-21 09:00:00,9622.0,9655.0,9607.0,9632.0,113139.0,483918.0,488318.0
2026-05-21 10:00:00,9632.0,9646.0,9565.0,9588.0,112258.0,488318.0,490214.0
2026-05-21 11:00:00,9588.0,9618.0,9585.0,9601.0,43704.0,490214.0,486839.0
2026-05-21 13:00:00,9601.0,9631.0,9588.0,9592.0,43454.0,486839.0,485579.0
2026-05-21 14:00:00,9592.0,9598.0,9511.0,9518.0,122390.0,485579.0,481597.0
2026-05-21 21:00:00,9512.0,9550.0,9440.0,9458.0,201565.0,481597.0,487323.0
2026-05-21 22:00:00,9458.0,9482.0,9428.0,9444.0,110420.0,487323.0,485190.0
2026-05-22 09:00:00,9438.0,9475.0,9422.0,9460.0,102810.0,485190.0,488216.0
2026-05-22 10:00:00,9460.0,9521.0,9444.0,9520.0,92308.0,488216.0,488934.0
2026-05-22 11:00:00,9520.0,9546.0,9496.0,9517.0,60980.0,488934.0,480812.0
2026-05-22 13:00:00,9516.0,9524.0,9470.0,9496.0,60069.0,480812.0,480741.0
2026-05-22 14:00:00,9496.0,9497.0,9460.0,9471.0,82863.0,480741.0,480438.0
2026-05-22 21:00:00,9449.0,9478.0,9431.0,9460.0,97351.0,480438.0,488362.0
2026-05-22 22:00:00,9460.0,9475.0,9452.0,9460.0,42056.0,488362.0,485621.0
2026-05-25 09:00:00,9417.0,9486.0,9332.0,9470.0,183501.0,485621.0,504588.0
2026-05-25 10:00:00,9470.0,9492.0,9453.0,9466.0,66078.0,504588.0,506173.0
2026-05-25 11:00:00,9466.0,9467.0,9382.0,9407.0,68605.0,506173.0,505423.0
2026-05-25 13:00:00,9410.0,9475.0,9398.0,9446.0,69467.0,505423.0,509413.0
2026-05-25 14:00:00,9446.0,9467.0,9428.0,9464.0,76670.0,509413.0,508551.0
2026-05-25 21:00:00,9458.0,9512.0,9432.0,9494.0,137925.0,508551.0,518914.0
2026-05-25 22:00:00,9494.0,9516.0,9480.0,9497.0,68663.0,518914.0,512273.0
2026-05-26 09:00:00,9486.0,9540.0,9478.0,9516.0,132808.0,512273.0,514410.0
2026-05-26 10:00:00,9516.0,9538.0,9481.0,9503.0,85983.0,514410.0,511047.0
2026-05-26 11:00:00,9503.0,9504.0,9467.0,9488.0,45489.0,511047.0,505013.0
2026-05-26 13:00:00,9505.0,9520.0,9452.0,9456.0,60691.0,505013.0,503653.0
2026-05-26 14:00:00,9456.0,9464.0,9420.0,9433.0,92253.0,503653.0,500017.0
2026-05-26 21:00:00,9478.0,9503.0,9461.0,9485.0,113339.0,500017.0,499291.0
2026-05-26 22:00:00,9485.0,9485.0,9439.0,9459.0,93111.0,499291.0,500156.0
2026-05-27 09:00:00,9460.0,9551.0,9438.0,9533.0,139303.0,500156.0,504972.0
2026-05-27 10:00:00,9533.0,9572.0,9519.0,9542.0,101943.0,504972.0,504320.0
2026-05-27 11:00:00,9542.0,9579.0,9529.0,9551.0,67326.0,504320.0,505552.0
2026-05-27 13:00:00,9551.0,9566.0,9517.0,9522.0,53161.0,505552.0,502991.0
2026-05-27 14:00:00,9522.0,9531.0,9497.0,9517.0,82636.0,502991.0,493770.0
2026-05-27 21:00:00,9486.0,9534.0,9468.0,9530.0,115156.0,493770.0,496695.0
2026-05-27 22:00:00,9530.0,9568.0,9518.0,9550.0,80559.0,496695.0,491839.0
2026-05-28 09:00:00,9560.0,9567.0,9533.0,9547.0,73885.0,491839.0,492370.0
2026-05-28 10:00:00,9547.0,9598.0,9542.0,9567.0,95621.0,492370.0,491258.0
2026-05-28 11:00:00,9567.0,9603.0,9566.0,9594.0,41257.0,491258.0,490577.0
2026-05-28 13:00:00,9604.0,9608.0,9568.0,9590.0,42041.0,490577.0,490065.0
2026-05-28 14:00:00,9590.0,9622.0,9587.0,9599.0,89595.0,490065.0,481223.0
2026-05-28 21:00:00,9596.0,9650.0,9588.0,9614.0,140388.0,481223.0,490003.0
2026-05-28 22:00:00,9614.0,9618.0,9571.0,9576.0,106633.0,490003.0,483525.0
2026-05-29 09:00:00,9599.0,9620.0,9580.0,9587.0,84673.0,483525.0,485362.0
2026-05-29 10:00:00,9587.0,9602.0,9552.0,9587.0,81593.0,485362.0,486724.0
2026-05-29 11:00:00,9587.0,9596.0,9573.0,9580.0,27954.0,486724.0,485745.0
2026-05-29 13:00:00,9594.0,9634.0,9586.0,9603.0,64012.0,485745.0,489947.0
2026-05-29 14:00:00,9603.0,9610.0,9577.0,9592.0,66975.0,489947.0,485911.0
2026-05-29 21:00:00,9616.0,9616.0,9574.0,9614.0,88489.0,485911.0,488915.0
2026-05-29 22:00:00,9614.0,9654.0,9612.0,9617.0,125464.0,488915.0,484164.0
2026-06-01 09:00:00,9632.0,9694.0,9628.0,9669.0,132905.0,484164.0,494594.0
2026-06-01 10:00:00,9669.0,9698.0,9666.0,9687.0,56343.0,494594.0,497310.0
2026-06-01 11:00:00,9687.0,9697.0,9665.0,9683.0,29364.0,497310.0,498161.0
2026-06-01 13:00:00,9693.0,9728.0,9691.0,9711.0,70957.0,498161.0,505239.0
2026-06-01 14:00:00,9711.0,9732.0,9705.0,9729.0,84399.0,505239.0,503862.0
2026-06-01 21:00:00,9739.0,9760.0,9692.0,9747.0,146494.0,503862.0,508297.0
2026-06-01 22:00:00,9747.0,9774.0,9721.0,9769.0,72001.0,508297.0,504487.0
2026-06-02 09:00:00,9745.0,9745.0,9687.0,9708.0,121110.0,504487.0,500594.0
2026-06-02 10:00:00,9708.0,9743.0,9694.0,9719.0,53606.0,500594.0,498604.0
2026-06-02 11:00:00,9719.0,9740.0,9717.0,9721.0,19676.0,498604.0,497685.0
2026-06-02 13:00:00,9735.0,9735.0,9695.0,9711.0,41862.0,497685.0,498122.0
2026-06-02 14:00:00,9711.0,9726.0,9689.0,9726.0,55077.0,498122.0,496267.0
2026-06-02 21:00:00,9712.0,9734.0,9676.0,9695.0,114018.0,496267.0,504520.0
2026-06-02 22:00:00,9695.0,9703.0,9663.0,9684.0,80655.0,504520.0,499635.0
2026-06-03 09:00:00,9706.0,9779.0,9704.0,9747.0,162487.0,499635.0,503360.0
2026-06-03 10:00:00,9747.0,9771.0,9705.0,9718.0,102215.0,503360.0,509949.0
2026-06-03 11:00:00,9718.0,9744.0,9683.0,9692.0,60433.0,509949.0,513143.0
2026-06-03 13:00:00,9694.0,9771.0,9691.0,9771.0,64683.0,513143.0,517115.0
2026-06-03 14:00:00,9771.0,9788.0,9726.0,9766.0,162987.0,517115.0,524130.0
2026-06-03 21:00:00,9798.0,9825.0,9760.0,9764.0,189425.0,524130.0,538171.0
2026-06-03 22:00:00,9764.0,9804.0,9760.0,9780.0,80356.0,538171.0,530858.0
2026-06-04 09:00:00,9768.0,9768.0,9697.0,9714.0,137714.0,530858.0,532153.0
2026-06-04 10:00:00,9714.0,9720.0,9606.0,9614.0,146524.0,532153.0,528662.0
2026-06-04 11:00:00,9614.0,9628.0,9604.0,9613.0,50785.0,528662.0,528999.0
2026-06-04 13:00:00,9628.0,9639.0,9617.0,9621.0,42254.0,528999.0,527072.0
2026-06-04 14:00:00,9621.0,9625.0,9559.0,9574.0,111698.0,527072.0,519053.0
2026-06-04 21:00:00,9540.0,9588.0,9511.0,9516.0,153407.0,519053.0,522238.0
2026-06-04 22:00:00,9516.0,9516.0,9453.0,9475.0,148890.0,522238.0,517760.0
2026-06-05 09:00:00,9475.0,9499.0,9452.0,9479.0,113112.0,517760.0,520586.0
2026-06-05 10:00:00,9479.0,9500.0,9438.0,9446.0,72908.0,520586.0,525063.0
2026-06-05 11:00:00,9446.0,9457.0,9422.0,9433.0,46014.0,525063.0,527615.0
2026-06-05 13:00:00,9444.0,9457.0,9384.0,9394.0,86376.0,527615.0,533040.0
2026-06-05 14:00:00,9394.0,9412.0,9370.0,9382.0,106782.0,533040.0,534188.0
2026-06-05 21:00:00,9409.0,9423.0,9381.0,9406.0,102994.0,534188.0,540019.0
2026-06-05 22:00:00,9406.0,9408.0,9376.0,9386.0,70084.0,540019.0,537250.0
2026-06-08 09:00:00,9365.0,9402.0,9285.0,9374.0,218559.0,537250.0,534822.0
2026-06-08 10:00:00,9374.0,9435.0,9373.0,9424.0,71475.0,534822.0,535394.0
2026-06-08 11:00:00,9424.0,9430.0,9404.0,9419.0,29491.0,535394.0,533510.0
2026-06-08 13:00:00,9405.0,9457.0,9397.0,9407.0,69656.0,533510.0,529507.0
2026-06-08 14:00:00,9407.0,9428.0,9402.0,9424.0,66980.0,529507.0,524650.0
2026-06-08 21:00:00,9388.0,9407.0,9355.0,9364.0,122639.0,524650.0,527992.0
2026-06-08 22:00:00,9364.0,9422.0,9361.0,9407.0,90158.0,527992.0,529620.0
2026-06-09 09:00:00,9404.0,9404.0,9315.0,9336.0,108969.0,529620.0,537615.0
2026-06-09 10:00:00,9336.0,9357.0,9308.0,9312.0,50975.0,537615.0,541321.0
2026-06-09 11:00:00,9312.0,9313.0,9263.0,9268.0,81266.0,541321.0,544423.0
2026-06-09 13:00:00,9252.0,9282.0,9221.0,9264.0,81167.0,544423.0,545696.0
2026-06-09 14:00:00,9264.0,9297.0,9241.0,9265.0,85002.0,545696.0,541566.0
2026-06-09 21:00:00,9298.0,9325.0,9278.0,9302.0,115536.0,541566.0,544747.0
2026-06-09 22:00:00,9302.0,9324.0,9261.0,9266.0,82821.0,544747.0,537089.0
2026-06-10 09:00:00,9270.0,9298.0,9243.0,9279.0,92985.0,537089.0,541326.0
2026-06-10 10:00:00,9279.0,9303.0,9255.0,9301.0,68489.0,541326.0,541576.0
2026-06-10 11:00:00,9301.0,9320.0,9289.0,9311.0,37305.0,541576.0,541461.0
2026-06-10 13:00:00,9269.0,9286.0,9208.0,9279.0,104439.0,541461.0,546885.0
2026-06-10 14:00:00,9279.0,9322.0,9276.0,9316.0,100323.0,546885.0,544130.0
2026-06-10 21:00:00,9334.0,9369.0,9312.0,9363.0,126110.0,544130.0,552549.0
2026-06-10 22:00:00,9363.0,9379.0,9356.0,9371.0,59349.0,552549.0,546985.0
2026-06-11 09:00:00,9383.0,9405.0,9340.0,9368.0,109915.0,546985.0,544899.0
2026-06-11 10:00:00,9368.0,9388.0,9352.0,9356.0,45665.0,544899.0,542336.0
2026-06-11 11:00:00,9356.0,9380.0,9341.0,9372.0,34424.0,542336.0,540318.0
2026-06-11 13:00:00,9368.0,9375.0,9347.0,9367.0,29103.0,540318.0,539098.0
2026-06-11 14:00:00,9367.0,9420.0,9367.0,9393.0,97634.0,539098.0,531072.0
2026-06-11 21:00:00,9398.0,9400.0,9360.0,9365.0,85448.0,531072.0,535687.0
2026-06-11 22:00:00,9365.0,9395.0,9363.0,9382.0,47407.0,535687.0,533421.0
2026-06-12 09:00:00,9335.0,9357.0,9316.0,9334.0,105269.0,533421.0,535970.0
2026-06-12 10:00:00,9334.0,9375.0,9331.0,9368.0,52092.0,535970.0,533763.0
2026-06-12 11:00:00,9368.0,9404.0,9368.0,9397.0,44745.0,533763.0,533321.0
2026-06-12 13:00:00,9380.0,9380.0,9332.0,9345.0,52438.0,533321.0,536067.0
2026-06-12 14:00:00,9345.0,9356.0,9306.0,9321.0,76895.0,536067.0,538984.0
2026-06-12 21:00:00,9283.0,9324.0,9271.0,9318.0,106456.0,538984.0,544860.0
2026-06-12 22:00:00,9318.0,9323.0,9298.0,9307.0,47960.0,544860.0,541642.0
2026-06-15 09:00:00,9260.0,9262.0,9166.0,9253.0,240012.0,541642.0,549800.0
2026-06-15 10:00:00,9253.0,9255.0,9166.0,9200.0,92780.0,549800.0,554014.0
2026-06-15 11:00:00,9200.0,9242.0,9187.0,9216.0,40547.0,554014.0,548960.0
2026-06-15 13:00:00,9235.0,9250.0,9217.0,9237.0,38827.0,548960.0,549941.0
2026-06-15 14:00:00,9237.0,9250.0,9224.0,9232.0,60978.0,549941.0,546990.0
2026-06-15 21:00:00,9197.0,9214.0,9151.0,9180.0,144323.0,546990.0,558915.0
2026-06-15 22:00:00,9180.0,9220.0,9178.0,9216.0,72861.0,558915.0,551253.0
2026-06-16 09:00:00,9238.0,9290.0,9223.0,9255.0,139594.0,551253.0,552526.0
2026-06-16 10:00:00,9255.0,9272.0,9229.0,9263.0,61432.0,552526.0,551743.0
2026-06-16 11:00:00,9263.0,9289.0,9261.0,9280.0,38037.0,551743.0,550362.0
2026-06-16 13:00:00,9269.0,9278.0,9244.0,9274.0,39795.0,550362.0,548117.0
2026-06-16 14:00:00,9274.0,9385.0,9266.0,9357.0,168322.0,548117.0,541072.0
2026-06-16 21:00:00,9334.0,9427.0,9326.0,9420.0,168066.0,541072.0,544690.0
2026-06-16 22:00:00,9420.0,9430.0,9347.0,9349.0,128735.0,544690.0,529568.0
2026-06-17 09:00:00,9343.0,9373.0,9336.0,9351.0,97035.0,529568.0,530556.0
2026-06-17 10:00:00,9351.0,9360.0,9311.0,9357.0,71680.0,530556.0,529255.0
2026-06-17 11:00:00,9357.0,9364.0,9334.0,9347.0,23704.0,529255.0,528721.0
2026-06-17 13:00:00,9345.0,9358.0,9328.0,9346.0,30986.0,528721.0,529231.0
2026-06-17 14:00:00,9346.0,9380.0,9330.0,9349.0,90055.0,529231.0,525832.0
2026-06-17 21:00:00,9370.0,9404.0,9358.0,9391.0,128345.0,525832.0,531756.0
2026-06-17 22:00:00,9391.0,9412.0,9368.0,9391.0,84537.0,531756.0,523589.0
2026-06-18 09:00:00,9369.0,9369.0,9314.0,9330.0,97626.0,523589.0,522915.0
2026-06-18 10:00:00,9330.0,9335.0,9275.0,9282.0,81183.0,522915.0,519779.0
2026-06-18 11:00:00,9282.0,9297.0,9253.0,9272.0,54292.0,519779.0,521230.0
2026-06-18 13:00:00,9264.0,9282.0,9239.0,9248.0,52714.0,521230.0,521885.0
2026-06-18 14:00:00,9248.0,9316.0,9220.0,9301.0,116817.0,521885.0,513210.0
2026-06-22 09:00:00,9374.0,9422.0,9342.0,9366.0,189988.0,513210.0,513875.0
2026-06-22 10:00:00,9366.0,9405.0,9349.0,9373.0,83632.0,513875.0,514736.0
2026-06-22 11:00:00,9373.0,9388.0,9362.0,9373.0,34304.0,514736.0,512454.0
2026-06-22 13:00:00,9360.0,9380.0,9316.0,9373.0,54550.0,512454.0,512872.0
2026-06-22 14:00:00,9373.0,9387.0,9351.0,9366.0,67153.0,512872.0,506493.0
2026-06-22 21:00:00,9353.0,9402.0,9352.0,9395.0,124795.0,506493.0,514303.0
2026-06-22 22:00:00,9395.0,9418.0,9377.0,9381.0,97987.0,514303.0,506723.0
2026-06-23 09:00:00,9387.0,9470.0,9380.0,9433.0,153183.0,506723.0,506627.0
2026-06-23 10:00:00,9433.0,9455.0,9422.0,9439.0,52487.0,506627.0,505460.0
2026-06-23 11:00:00,9439.0,9440.0,9337.0,9379.0,116842.0,505460.0,494328.0
2026-06-23 13:00:00,9335.0,9353.0,9296.0,9321.0,86303.0,494328.0,492817.0
2026-06-23 14:00:00,9321.0,9324.0,9273.0,9308.0,103209.0,492817.0,495107.0
2026-06-23 21:00:00,9302.0,9324.0,9261.0,9308.0,137098.0,495107.0,510096.0
2026-06-23 22:00:00,9308.0,9335.0,9299.0,9318.0,64503.0,510096.0,503770.0
2026-06-24 09:00:00,9322.0,9396.0,9308.0,9370.0,120225.0,503770.0,500727.0
2026-06-24 10:00:00,9370.0,9390.0,9348.0,9352.0,54837.0,500727.0,497569.0
2026-06-24 11:00:00,9352.0,9362.0,9319.0,9334.0,44040.0,497569.0,496424.0
2026-06-24 13:00:00,9343.0,9355.0,9306.0,9320.0,36414.0,496424.0,499231.0
2026-06-24 14:00:00,9320.0,9354.0,9307.0,9335.0,75568.0,499231.0,496830.0
2026-06-24 21:00:00,9287.0,9299.0,9172.0,9188.0,236155.0,496830.0,529414.0
2026-06-24 22:00:00,9188.0,9254.0,9184.0,9202.0,107487.0,529414.0,526026.0
2026-06-25 09:00:00,9185.0,9185.0,9028.0,9057.0,246075.0,526026.0,553179.0
2026-06-25 10:00:00,9057.0,9132.0,9039.0,9131.0,121953.0,553179.0,548076.0
2026-06-25 11:00:00,9131.0,9142.0,9114.0,9125.0,42779.0,548076.0,543743.0
2026-06-25 13:00:00,9130.0,9140.0,9106.0,9113.0,35811.0,543743.0,545699.0
2026-06-25 14:00:00,9113.0,9162.0,9095.0,9160.0,79628.0,545699.0,540837.0
2026-06-25 21:00:00,9160.0,9240.0,9143.0,9240.0,184801.0,540837.0,540587.0
2026-06-25 22:00:00,9240.0,9287.0,9225.0,9282.0,138909.0,540587.0,531471.0
2026-06-26 09:00:00,9294.0,9330.0,9255.0,9282.0,138608.0,531471.0,516765.0
2026-06-26 10:00:00,9282.0,9294.0,9244.0,9251.0,61935.0,516765.0,514166.0
2026-06-26 11:00:00,9251.0,9266.0,9234.0,9260.0,42178.0,514166.0,510549.0
2026-06-26 13:00:00,9260.0,9325.0,9250.0,9311.0,79030.0,510549.0,512246.0
2026-06-26 14:00:00,9311.0,9339.0,9291.0,9315.0,106403.0,512246.0,502120.0
2026-06-26 21:00:00,9273.0,9302.0,9262.0,9277.0,113887.0,502120.0,506998.0
2026-06-26 22:00:00,9277.0,9285.0,9244.0,9267.0,86491.0,506998.0,500500.0
2026-06-29 09:00:00,9282.0,9380.0,9271.0,9352.0,159196.0,500500.0,498446.0
2026-06-29 10:00:00,9352.0,9371.0,9331.0,9357.0,54922.0,498446.0,497131.0
2026-06-29 11:00:00,9357.0,9360.0,9340.0,9351.0,23138.0,497131.0,494774.0
2026-06-29 13:00:00,9344.0,9362.0,9333.0,9354.0,30398.0,494774.0,493582.0
2026-06-29 14:00:00,9354.0,9406.0,9353.0,9379.0,97936.0,493582.0,487519.0
2026-06-29 21:00:00,9382.0,9392.0,9354.0,9358.0,81609.0,487519.0,491826.0
2026-06-29 22:00:00,9358.0,9374.0,9344.0,9355.0,53171.0,491826.0,488076.0
2026-06-30 09:00:00,9341.0,9341.0,9295.0,9303.0,108742.0,488076.0,489264.0
2026-06-30 10:00:00,9303.0,9325.0,9283.0,9305.0,60432.0,489264.0,487127.0
2026-06-30 11:00:00,9305.0,9314.0,9284.0,9300.0,27345.0,487127.0,486266.0
2026-06-30 13:00:00,9287.0,9311.0,9281.0,9303.0,27251.0,486266.0,485749.0
2026-06-30 14:00:00,9303.0,9316.0,9270.0,9272.0,72336.0,485749.0,485051.0
2026-06-30 21:00:00,9266.0,9305.0,9251.0,9284.0,106029.0,485051.0,489986.0
2026-06-30 22:00:00,9284.0,9289.0,9228.0,9234.0,80225.0,489986.0,484254.0
2026-07-01 09:00:00,9252.0,9257.0,9182.0,9215.0,124627.0,484254.0,490468.0
2026-07-01 10:00:00,9215.0,9277.0,9194.0,9268.0,69280.0,490468.0,490134.0
2026-07-01 11:00:00,9268.0,9305.0,9265.0,9300.0,48315.0,490134.0,485416.0
2026-07-01 13:00:00,9300.0,9312.0,9270.0,9273.0,40188.0,485416.0,483273.0
2026-07-01 14:00:00,9273.0,9284.0,9246.0,9268.0,59050.0,483273.0,478206.0
2026-07-01 21:00:00,9240.0,9292.0,9238.0,9277.0,104661.0,478206.0,482973.0
2026-07-01 22:00:00,9277.0,9301.0,9256.0,9258.0,64952.0,482973.0,479405.0
2026-07-02 09:00:00,9262.0,9290.0,9232.0,9248.0,94340.0,479405.0,484927.0
2026-07-02 10:00:00,9248.0,9258.0,9228.0,9237.0,45150.0,484927.0,489421.0
2026-07-02 11:00:00,9237.0,9254.0,9220.0,9224.0,25499.0,489421.0,489047.0
2026-07-02 13:00:00,9223.0,9235.0,9193.0,9210.0,55898.0,489047.0,492302.0
2026-07-02 14:00:00,9210.0,9215.0,9161.0,9164.0,119682.0,492302.0,505312.0
2026-07-02 21:00:00,9172.0,9185.0,9120.0,9172.0,157362.0,505312.0,519582.0
2026-07-02 22:00:00,9172.0,9175.0,9136.0,9149.0,57999.0,519582.0,517653.0
2026-07-03 09:00:00,9158.0,9195.0,9148.0,9177.0,87505.0,517653.0,514390.0
2026-07-03 10:00:00,9177.0,9211.0,9115.0,9121.0,94191.0,514390.0,523325.0
2026-07-03 11:00:00,9121.0,9155.0,9118.0,9148.0,42363.0,523325.0,523349.0
2026-07-03 13:00:00,9147.0,9147.0,9106.0,9123.0,52710.0,523349.0,531402.0
2026-07-03 14:00:00,9123.0,9137.0,9096.0,9104.0,89776.0,531402.0,538310.0
2026-07-03 21:00:00,9091.0,9143.0,9084.0,9130.0,96205.0,538310.0,544441.0
2026-07-03 22:00:00,9130.0,9175.0,9115.0,9169.0,77592.0,544441.0,530838.0
2026-07-06 09:00:00,9176.0,9279.0,9176.0,9264.0,179950.0,530838.0,517824.0
2026-07-06 10:00:00,9264.0,9270.0,9227.0,9234.0,79695.0,517824.0,507919.0
2026-07-06 11:00:00,9234.0,9253.0,9233.0,9253.0,20627.0,507919.0,504500.0
2026-07-06 13:00:00,9247.0,9251.0,9230.0,9237.0,24572.0,504500.0,504585.0
2026-07-06 14:00:00,9237.0,9258.0,9228.0,9245.0,51632.0,504585.0,498198.0
2026-07-06 21:00:00,9258.0,9295.0,9237.0,9286.0,117487.0,498198.0,498702.0
2026-07-06 22:00:00,9286.0,9305.0,9277.0,9296.0,62089.0,498702.0,495291.0
2026-07-07 09:00:00,9294.0,9355.0,9269.0,9347.0,127974.0,495291.0,497830.0
2026-07-07 10:00:00,9347.0,9356.0,9327.0,9332.0,55622.0,497830.0,493408.0
2026-07-07 11:00:00,9332.0,9347.0,9314.0,9316.0,29140.0,493408.0,490475.0
2026-07-07 13:00:00,9321.0,9333.0,9316.0,9329.0,29228.0,490475.0,490369.0
2026-07-07 14:00:00,9329.0,9346.0,9314.0,9340.0,59067.0,490369.0,484001.0
2026-07-07 21:00:00,9324.0,9338.0,9286.0,9302.0,121790.0,484001.0,492844.0
2026-07-07 22:00:00,9302.0,9322.0,9295.0,9302.0,51830.0,492844.0,488986.0
2026-07-08 09:00:00,9346.0,9392.0,9336.0,9385.0,111804.0,488986.0,487507.0
2026-07-08 10:00:00,9385.0,9392.0,9352.0,9391.0,56215.0,487507.0,487704.0
2026-07-08 11:00:00,9391.0,9394.0,9375.0,9379.0,23972.0,487704.0,486563.0
2026-07-08 13:00:00,9381.0,9384.0,9362.0,9377.0,28764.0,486563.0,484439.0
2026-07-08 14:00:00,9377.0,9382.0,9340.0,9341.0,62058.0,484439.0,479459.0
2026-07-08 21:00:00,9383.0,9403.0,9360.0,9375.0,118302.0,479459.0,483903.0
2026-07-08 22:00:00,9375.0,9439.0,9371.0,9422.0,103840.0,483903.0,477617.0
2026-07-09 09:00:00,9411.0,9415.0,9382.0,9396.0,76496.0,477617.0,476521.0
2026-07-09 10:00:00,9396.0,9417.0,9385.0,9389.0,47021.0,476521.0,474624.0
2026-07-09 11:00:00,9389.0,9396.0,9344.0,9375.0,46025.0,474624.0,470748.0
2026-07-09 13:00:00,9378.0,9385.0,9367.0,9372.0,27858.0,470748.0,471057.0
2026-07-09 14:00:00,9372.0,9390.0,9331.0,9354.0,69239.0,471057.0,467446.0
2026-07-09 21:00:00,9341.0,9352.0,9318.0,9333.0,92274.0,467446.0,472845.0
2026-07-09 22:00:00,9333.0,9337.0,9314.0,9322.0,49920.0,472845.0,468301.0
2026-07-10 09:00:00,9306.0,9312.0,9255.0,9284.0,127825.0,468301.0,471766.0
2026-07-10 10:00:00,9284.0,9322.0,9275.0,9313.0,46642.0,471766.0,473819.0
2026-07-10 11:00:00,9313.0,9320.0,9280.0,9296.0,32998.0,473819.0,474919.0
2026-07-10 13:00:00,9270.0,9293.0,9236.0,9243.0,84558.0,474919.0,481238.0
2026-07-10 14:00:00,9243.0,9245.0,9210.0,9222.0,111874.0,481238.0,493058.0
2026-07-10 21:00:00,9236.0,9250.0,9222.0,9235.0,75553.0,493058.0,496340.0
2026-07-10 22:00:00,9235.0,9280.0,9235.0,9279.0,58339.0,496340.0,489964.0
2026-07-13 09:00:00,9330.0,9348.0,9269.0,9271.0,116623.0,489964.0,484908.0
2026-07-13 10:00:00,9271.0,9283.0,9257.0,9269.0,45906.0,484908.0,486172.0
2026-07-13 11:00:00,9269.0,9270.0,9245.0,9250.0,27517.0,486172.0,486686.0
2026-07-13 13:00:00,9262.0,9278.0,9254.0,9264.0,30824.0,486686.0,485702.0
2026-07-13 14:00:00,9264.0,9268.0,9211.0,9212.0,74607.0,485702.0,487644.0
2026-07-13 21:00:00,9232.0,9251.0,9204.0,9213.0,100439.0,487644.0,495137.0
2026-07-13 22:00:00,9213.0,9262.0,9194.0,9245.0,96180.0,495137.0,490673.0
2026-07-14 09:00:00,9284.0,9304.0,9249.0,9275.0,113912.0,490673.0,487463.0
2026-07-14 10:00:00,9275.0,9300.0,9259.0,9280.0,56494.0,487463.0,485272.0
2026-07-14 11:00:00,9280.0,9300.0,9276.0,9285.0,30089.0,485272.0,484365.0
2026-07-14 13:00:00,9292.0,9300.0,9264.0,9291.0,35718.0,484365.0,484479.0
2026-07-14 14:00:00,9291.0,9374.0,9288.0,9351.0,135580.0,484479.0,473046.0
2026-07-14 21:00:00,9365.0,9371.0,9322.0,9333.0,103045.0,473046.0,473228.0
2026-07-14 22:00:00,9333.0,9336.0,9302.0,9314.0,54927.0,473228.0,467054.0
2026-07-15 09:00:00,9336.0,9344.0,9285.0,9293.0,78986.0,467054.0,467417.0
2026-07-15 10:00:00,9293.0,9338.0,9283.0,9337.0,49499.0,467417.0,466804.0
2026-07-15 11:00:00,9337.0,9344.0,9312.0,9316.0,34256.0,466804.0,463307.0
2026-07-15 13:00:00,9320.0,9332.0,9275.0,9282.0,45612.0,463307.0,463115.0
2026-07-15 14:00:00,9282.0,9284.0,9249.0,9279.0,89242.0,463115.0,465985.0
2026-07-15 21:00:00,9273.0,9295.0,9244.0,9256.0,84900.0,465985.0,474319.0
2026-07-15 22:00:00,9256.0,9276.0,9248.0,9265.0,45542.0,474319.0,471208.0
2026-07-16 09:00:00,9279.0,9325.0,9234.0,9246.0,121647.0,471208.0,472885.0
2026-07-16 10:00:00,9246.0,9254.0,9228.0,9235.0,42843.0,472885.0,476639.0
2026-07-16 11:00:00,9235.0,9256.0,9228.0,9229.0,26475.0,476639.0,478563.0
2026-07-16 13:00:00,9222.0,9234.0,9213.0,9220.0,34180.0,478563.0,483108.0
2026-07-16 14:00:00,9220.0,9245.0,9212.0,9244.0,60387.0,483108.0,480261.0
2026-07-16 21:00:00,9268.0,9278.0,9238.0,9259.0,85568.0,480261.0,481302.0
2026-07-16 22:00:00,9259.0,9275.0,9240.0,9242.0,50278.0,481302.0,477440.0
2026-07-17 09:00:00,9265.0,9302.0,9221.0,9239.0,143017.0,477440.0,475247.0
2026-07-17 10:00:00,9239.0,9268.0,9210.0,9224.0,70286.0,475247.0,478191.0
2026-07-17 11:00:00,9224.0,9239.0,9214.0,9239.0,23383.0,478191.0,476427.0
2026-07-17 13:00:00,9235.0,9235.0,9202.0,9206.0,41397.0,476427.0,477665.0
2026-07-17 14:00:00,9206.0,9241.0,9191.0,9232.0,66435.0,477665.0,473284.0
2026-07-17 21:00:00,9257.0,9303.0,9253.0,9300.0,113617.0,473284.0,468615.0
2026-07-17 22:00:00,9300.0,9315.0,9276.0,9312.0,61111.0,468615.0,460238.0
2026-07-20 09:00:00,9340.0,9394.0,9340.0,9383.0,148153.0,460238.0,455499.0
2026-07-20 10:00:00,9383.0,9387.0,9323.0,9323.0,64330.0,455499.0,448844.0
2026-07-20 11:00:00,9323.0,9355.0,9318.0,9352.0,33584.0,448844.0,444413.0
2026-07-20 13:00:00,9355.0,9355.0,9331.0,9335.0,21490.0,444413.0,443055.0
2026-07-20 14:00:00,9335.0,9390.0,9335.0,9389.0,65575.0,443055.0,440227.0
2026-07-20 21:00:00,9368.0,9372.0,9296.0,9317.0,128038.0,440227.0,441572.0
2026-07-20 22:00:00,9317.0,9335.0,9310.0,9334.0,43821.0,441572.0,436977.0
2026-07-21 09:00:00,9339.0,9345.0,9245.0,9265.0,126321.0,436977.0,444148.0
2026-07-21 10:00:00,9265.0,9273.0,9246.0,9246.0,47664.0,444148.0,449026.0
2026-07-21 11:00:00,9246.0,9272.0,9239.0,9259.0,35456.0,449026.0,449070.0
2026-07-21 13:00:00,9260.0,9265.0,9246.0,9259.0,25393.0,449070.0,452204.0
2026-07-21 14:00:00,9259.0,9265.0,9212.0,9240.0,84664.0,452204.0,460238.0
2026-07-21 21:00:00,9265.0,9276.0,9243.0,9264.0,83623.0,460238.0,462848.0
2026-07-21 22:00:00,9264.0,9268.0,9226.0,9241.0,53454.0,462848.0,459773.0
2026-07-22 09:00:00,9244.0,9308.0,9242.0,9288.0,118990.0,459773.0,449464.0
2026-07-22 10:00:00,9288.0,9298.0,9226.0,9235.0,83848.0,449464.0,454194.0
2026-07-22 11:00:00,9235.0,9251.0,9228.0,9235.0,25286.0,454194.0,454387.0
2026-07-22 13:00:00,9234.0,9234.0,9196.0,9216.0,65151.0,454387.0,468491.0
2026-07-22 14:00:00,9216.0,9255.0,9215.0,9250.0,60651.0,468491.0,458939.0
2026-07-22 21:00:00,9268.0,9320.0,9260.0,9317.0,149798.0,458939.0,453682.0
2026-07-22 22:00:00,9317.0,9367.0,9317.0,9365.0,129776.0,453682.0,445086.0
2026-07-23 09:00:00,9394.0,9497.0,9366.0,9480.0,267238.0,445086.0,456286.0
2026-07-23 10:00:00,9480.0,9505.0,9471.0,9481.0,93024.0,456286.0,450601.0
2026-07-23 11:00:00,9481.0,9495.0,9477.0,9494.0,31844.0,450601.0,447857.0
2026-07-23 13:00:00,9486.0,9491.0,9462.0,9487.0,45236.0,447857.0,447719.0
2026-07-23 14:00:00,9487.0,9515.0,9480.0,9515.0,96162.0,447719.0,439006.0
2026-07-23 21:00:00,9549.0,9556.0,9516.0,9536.0,132508.0,439006.0,438525.0
2026-07-23 22:00:00,9536.0,9545.0,9527.0,9534.0,46140.0,438525.0,432066.0
2026-07-24 09:00:00,9524.0,9526.0,9477.0,9520.0,109363.0,432066.0,432303.0
2026-07-24 10:00:00,9520.0,9538.0,9506.0,9532.0,47008.0,432303.0,431404.0
2026-07-24 11:00:00,9532.0,9555.0,9523.0,9539.0,33398.0,431404.0,430481.0
2026-07-24 13:00:00,9539.0,9600.0,9538.0,9573.0,77491.0,430481.0,431100.0
2026-07-24 14:00:00,9573.0,9595.0,9550.0,9570.0,84240.0,431100.0,425706.0
2026-07-24 21:00:00,9508.0,9532.0,9490.0,9500.0,115524.0,425706.0,417656.0
2026-07-24 22:00:00,9500.0,9517.0,9487.0,9515.0,43061.0,417656.0,412557.0
2026-07-27 09:00:00,9446.0,9446.0,9363.0,9393.0,188423.0,412557.0,392964.0
2026-07-27 10:00:00,9393.0,9416.0,9384.0,9391.0,57849.0,392964.0,393048.0
2026-07-27 11:00:00,9391.0,9401.0,9378.0,9394.0,23692.0,393048.0,389610.0
2026-07-27 13:00:00,9383.0,9383.0,9351.0,9374.0,49467.0,389610.0,387994.0
2026-07-27 14:00:00,9374.0,9389.0,9366.0,9380.0,49562.0,387994.0,385549.0
2026-07-27 21:00:00,9398.0,9400.0,9361.0,9377.0,77320.0,385549.0,391547.0
2026-07-27 22:00:00,9377.0,9377.0,9336.0,9357.0,64457.0,391547.0,386573.0
2026-07-28 09:00:00,9335.0,9338.0,9305.0,9314.0,98545.0,386573.0,388940.0
2026-07-28 10:00:00,9314.0,9324.0,9264.0,9281.0,79980.0,388940.0,388182.0
2026-07-28 11:00:00,9281.0,9298.0,9279.0,9294.0,25607.0,388182.0,384932.0
2026-07-28 13:00:00,9295.0,9321.0,9285.0,9314.0,32924.0,384932.0,383696.0
2026-07-28 14:00:00,9314.0,9326.0,9300.0,9312.0,49803.0,383696.0,376817.0
2026-07-28 21:00:00,9313.0,9340.0,9293.0,9321.0,91197.0,376817.0,388490.0
2026-07-28 22:00:00,9321.0,9334.0,9320.0,9328.0,34883.0,388490.0,385396.0
2026-07-29 09:00:00,9341.0,9368.0,9334.0,9353.0,76010.0,385396.0,383703.0
2026-07-29 10:00:00,9353.0,9373.0,9340.0,9366.0,47943.0,383703.0,380806.0
2026-07-29 11:00:00,9366.0,9387.0,9360.0,9371.0,33727.0,380806.0,377129.0
2026-07-29 13:00:00,9358.0,9385.0,9350.0,9378.0,30831.0,377129.0,377446.0
2026-07-29 14:00:00,9378.0,9393.0,9364.0,9385.0,52690.0,377446.0,367946.0
2026-07-29 21:00:00,9401.0,9416.0,9356.0,9363.0,83320.0,367946.0,369828.0
2026-07-29 22:00:00,9363.0,9371.0,9348.0,9370.0,43692.0,369828.0,365988.0
2026-07-30 09:00:00,9353.0,9353.0,9317.0,9329.0,73970.0,365988.0,364472.0
2026-07-30 10:00:00,9329.0,9353.0,9325.0,9346.0,36384.0,364472.0,360722.0
2026-07-30 11:00:00,9346.0,9353.0,9336.0,9348.0,17367.0,360722.0,358955.0
2026-07-30 13:00:00,9352.0,9382.0,9334.0,9343.0,55091.0,358955.0,358286.0
2026-07-30 14:00:00,9343.0,9395.0,9338.0,9393.0,64299.0,358286.0,352682.0
2026-07-30 21:00:00,9383.0,9388.0,9362.0,9367.0,67301.0,352682.0,355797.0
2026-07-30 22:00:00,9367.0,9396.0,9360.0,9370.0,50086.0,355797.0,351762.0
2026-07-31 09:00:00,9350.0,9381.0,9335.0,9338.0,74183.0,351762.0,351318.0
2026-07-31 10:00:00,9338.0,9343.0,9311.0,9317.0,44962.0,351318.0,354251.0
2026-07-31 11:00:00,9317.0,9328.0,9297.0,9297.0,28605.0,354251.0,355788.0
2026-07-31 13:00:00,9292.0,9302.0,9271.0,9289.0,46967.0,355788.0,359073.0
2026-07-31 14:00:00,9289.0,9294.0,9266.0,9281.0,52411.0,359073.0,353371.0
2026-07-31 21:00:00,9311.0,9322.0,9286.0,9302.0,75959.0,353371.0,353046.0
2026-07-31 22:00:00,9302.0,9317.0,9296.0,9296.0,30838.0,353046.0,348845.0
2026-08-03 09:00:00,9254.0,9276.0,9228.0,9263.0,86470.0,348845.0,349239.0
2026-08-03 10:00:00,9263.0,9280.0,9243.0,9259.0,32732.0,349239.0,350011.0
2026-08-03 11:00:00,9259.0,9295.0,9256.0,9294.0,21228.0,350011.0,349707.0
2026-08-03 13:00:00,9291.0,9298.0,9275.0,9292.0,21398.0,349707.0,349410.0
2026-08-03 14:00:00,9292.0,9294.0,9250.0,9253.0,47673.0,349410.0,346708.0
2026-08-03 21:00:00,9250.0,9256.0,9230.0,9244.0,72891.0,346708.0,347160.0
2026-08-03 22:00:00,9244.0,9282.0,9241.0,9277.0,42177.0,347160.0,341348.0
2026-08-04 09:00:00,9297.0,9343.0,9277.0,9336.0,88424.0,341348.0,333579.0
2026-08-04 10:00:00,9336.0,9340.0,9309.0,9324.0,33585.0,333579.0,330130.0
2026-08-04 11:00:00,9324.0,9327.0,9313.0,9314.0,10516.0,330130.0,328914.0
2026-08-04 13:00:00,9321.0,9331.0,9298.0,9300.0,20276.0,328914.0,328262.0
2026-08-04 14:00:00,9300.0,9311.0,9288.0,9299.0,35246.0,328262.0,326356.0
2026-08-04 21:00:00,9272.0,9298.0,9263.0,9296.0,68919.0,326356.0,331629.0
2026-08-04 22:00:00,9296.0,9317.0,9286.0,9314.0,39206.0,331629.0,328489.0
2026-08-05 09:00:00,9294.0,9389.0,9294.0,9364.0,99410.0,328489.0,325876.0
2026-08-05 10:00:00,9364.0,9381.0,9337.0,9375.0,47652.0,325876.0,322187.0
2026-08-05 11:00:00,9375.0,9404.0,9372.0,9392.0,37251.0,322187.0,319896.0
2026-08-05 13:00:00,9399.0,9429.0,9396.0,9424.0,39043.0,319896.0,322306.0
2026-08-05 14:00:00,9424.0,9430.0,9393.0,9395.0,50206.0,322306.0,312940.0
2026-08-05 21:00:00,9397.0,9423.0,9387.0,9407.0,64795.0,312940.0,312663.0
2026-08-05 22:00:00,9407.0,9412.0,9377.0,9381.0,41179.0,312663.0,310079.0
2026-08-06 09:00:00,9385.0,9394.0,9363.0,9368.0,48197.0,310079.0,308447.0
2026-08-06 10:00:00,9368.0,9391.0,9361.0,9383.0,28481.0,308447.0,307204.0
2026-08-06 11:00:00,9383.0,9388.0,9356.0,9361.0,17028.0,307204.0,306053.0
2026-08-06 13:00:00,9348.0,9371.0,9342.0,9366.0,20593.0,306053.0,305408.0
2026-08-06 14:00:00,9366.0,9392.0,9364.0,9385.0,30621.0,305408.0,302713.0
2026-08-06 21:00:00,9403.0,9404.0,9350.0,9356.0,70312.0,302713.0,298865.0
2026-08-06 22:00:00,9356.0,9357.0,9324.0,9330.0,51392.0,298865.0,296494.0
2026-08-07 09:00:00,9335.0,9380.0,9335.0,9377.0,50516.0,296494.0,289803.0
2026-08-07 10:00:00,9377.0,9380.0,9316.0,9323.0,53742.0,289803.0,288124.0
2026-08-07 11:00:00,9323.0,9351.0,9305.0,9341.0,34161.0,288124.0,283098.0
2026-08-07 13:00:00,9355.0,9363.0,9331.0,9337.0,27263.0,283098.0,281033.0
2026-08-07 14:00:00,9337.0,9359.0,9335.0,9356.0,37742.0,281033.0,270588.0
2026-08-07 21:00:00,9364.0,9411.0,9355.0,9382.0,79651.0,270588.0,268250.0
2026-08-07 22:00:00,9382.0,9392.0,9370.0,9381.0,27724.0,268250.0,264901.0
2026-08-10 09:00:00,9397.0,9416.0,9373.0,9391.0,62887.0,264901.0,257565.0
2026-08-10 10:00:00,9391.0,9447.0,9389.0,9433.0,64509.0,257565.0,246979.0
2026-08-10 11:00:00,9433.0,9436.0,9419.0,9427.0,16212.0,246979.0,243023.0
2026-08-10 13:00:00,9421.0,9424.0,9397.0,9409.0,23691.0,243023.0,240296.0
2026-08-10 14:00:00,9409.0,9418.0,9391.0,9406.0,35326.0,240296.0,235667.0
2026-08-10 21:00:00,9425.0,9460.0,9422.0,9454.0,61510.0,235667.0,231780.0
2026-08-10 22:00:00,9454.0,9463.0,9435.0,9447.0,24750.0,231780.0,228427.0
2026-08-11 09:00:00,9461.0,9464.0,9433.0,9444.0,49048.0,228427.0,218014.0
2026-08-11 10:00:00,9444.0,9447.0,9425.0,9439.0,22086.0,218014.0,214645.0
2026-08-11 11:00:00,9439.0,9455.0,9436.0,9451.0,11036.0,214645.0,212675.0
2026-08-11 13:00:00,9451.0,9455.0,9438.0,9442.0,12976.0,212675.0,211151.0
2026-08-11 14:00:00,9442.0,9471.0,9436.0,9442.0,34027.0,211151.0,204178.0
2026-08-11 21:00:00,9716.0,9730.0,9673.0,9688.0,103423.0,204178.0,416457.0
2026-08-11 22:00:00,9688.0,9701.0,9682.0,9696.0,27354.0,416457.0,419926.0
2026-08-12 09:00:00,9708.0,9713.0,9682.0,9695.0,53137.0,419926.0,424529.0
2026-08-12 10:00:00,9695.0,9730.0,9682.0,9716.0,39791.0,424529.0,427839.0
2026-08-12 11:00:00,9716.0,9720.0,9702.0,9706.0,18166.0,427839.0,429660.0
2026-08-12 13:00:00,9702.0,9702.0,9668.0,9690.0,45650.0,429660.0,431131.0
2026-08-12 14:00:00,9690.0,9695.0,9675.0,9691.0,44929.0,431131.0,430333.0
2026-08-12 21:00:00,9685.0,9695.0,9671.0,9673.0,65311.0,430333.0,439847.0
2026-08-12 22:00:00,9673.0,9724.0,9673.0,9713.0,60971.0,439847.0,439577.0
2026-08-13 09:00:00,9720.0,9726.0,9680.0,9693.0,80987.0,439577.0,445731.0
2026-08-13 10:00:00,9693.0,9697.0,9658.0,9685.0,59083.0,445731.0,448028.0
2026-08-13 11:00:00,9685.0,9700.0,9675.0,9691.0,31720.0,448028.0,449023.0
2026-08-13 13:00:00,9689.0,9703.0,9675.0,9689.0,24223.0,449023.0,451027.0
2026-08-13 14:00:00,9689.0,9748.0,9686.0,9735.0,101156.0,451027.0,453928.0
2026-08-13 21:00:00,9711.0,9753.0,9704.0,9727.0,90902.0,453928.0,463383.0
2026-08-13 22:00:00,9727.0,9748.0,9724.0,9745.0,29892.0,463383.0,462948.0
2026-08-14 09:00:00,9739.0,9764.0,9723.0,9726.0,71062.0,462948.0,469219.0
2026-08-14 10:00:00,9726.0,9784.0,9719.0,9769.0,86346.0,469219.0,475713.0
2026-08-14 11:00:00,9769.0,9778.0,9763.0,9772.0,26701.0,475713.0,476309.0
2026-08-14 13:00:00,9772.0,9800.0,9772.0,9797.0,40396.0,476309.0,479829.0
2026-08-14 14:00:00,9797.0,9848.0,9793.0,9838.0,109181.0,479829.0,487993.0
2026-08-14 21:00:00,9809.0,9817.0,9790.0,9799.0,77909.0,487993.0,489091.0
2026-08-14 22:00:00,9799.0,9811.0,9797.0,9805.0,25295.0,489091.0,486855.0
2026-08-17 09:00:00,9815.0,9829.0,9776.0,9815.0,101544.0,486855.0,491190.0
2026-08-17 10:00:00,9815.0,9825.0,9790.0,9792.0,39627.0,491190.0,493928.0
2026-08-17 11:00:00,9792.0,9796.0,9782.0,9791.0,23044.0,493928.0,495353.0
2026-08-17 13:00:00,9791.0,9827.0,9787.0,9822.0,33040.0,495353.0,496969.0
2026-08-17 14:00:00,9822.0,9846.0,9820.0,9838.0,64852.0,496969.0,503117.0
2026-08-17 21:00:00,9861.0,9864.0,9826.0,9844.0,83693.0,503117.0,507577.0
2026-08-17 22:00:00,9844.0,9846.0,9826.0,9836.0,33769.0,507577.0,508414.0
2026-08-18 09:00:00,9869.0,9928.0,9855.0,9902.0,134776.0,508414.0,525165.0
2026-08-18 10:00:00,9902.0,9951.0,9901.0,9941.0,67421.0,525165.0,534820.0
2026-08-18 11:00:00,9941.0,9946.0,9922.0,9940.0,29377.0,534820.0,535293.0
2026-08-18 13:00:00,9950.0,9952.0,9899.0,9912.0,50601.0,535293.0,533523.0
2026-08-18 14:00:00,9912.0,9952.0,9904.0,9946.0,79193.0,533523.0,540880.0
2026-08-18 21:00:00,9954.0,10016.0,9950.0,9984.0,154330.0,540880.0,555139.0
2026-08-18 22:00:00,9984.0,9987.0,9913.0,9934.0,99700.0,555139.0,547337.0
2026-08-19 09:00:00,9921.0,9971.0,9900.0,9968.0,94084.0,547337.0,555935.0
2026-08-19 10:00:00,9968.0,9974.0,9946.0,9968.0,38880.0,555935.0,557356.0
2026-08-19 11:00:00,9968.0,10005.0,9967.0,9996.0,35020.0,557356.0,559905.0
2026-08-19 13:00:00,9993.0,9996.0,9978.0,9992.0,31384.0,559905.0,559993.0
2026-08-19 14:00:00,9992.0,10018.0,9976.0,9994.0,81507.0,559993.0,555181.0
2026-08-19 21:00:00,9987.0,10030.0,9986.0,10004.0,92616.0,555181.0,559509.0
2026-08-19 22:00:00,10004.0,10058.0,10003.0,10052.0,56618.0,559509.0,562921.0
2026-08-20 09:00:00,10033.0,10066.0,10015.0,10036.0,94261.0,562921.0,562411.0
2026-08-20 10:00:00,10036.0,10126.0,10030.0,10109.0,111302.0,562411.0,574648.0
2026-08-20 11:00:00,10109.0,10138.0,10108.0,10120.0,60909.0,574648.0,577894.0
2026-08-20 13:00:00,10119.0,10159.0,10116.0,10129.0,60775.0,577894.0,578332.0
2026-08-20 14:00:00,10129.0,10180.0,10112.0,10160.0,100042.0,578332.0,577734.0
2026-08-20 21:00:00,10196.0,10210.0,10122.0,10141.0,147613.0,577734.0,575910.0
2026-08-20 22:00:00,10141.0,10154.0,10110.0,10150.0,73369.0,575910.0,570806.0
2026-08-21 09:00:00,10135.0,10187.0,10121.0,10185.0,81834.0,570806.0,576988.0
2026-08-21 10:00:00,10185.0,10216.0,10101.0,10120.0,111414.0,576988.0,572698.0
2026-08-21 11:00:00,10120.0,10151.0,10113.0,10135.0,36014.0,572698.0,572839.0
2026-08-21 13:00:00,10144.0,10167.0,10125.0,10133.0,40001.0,572839.0,573218.0
2026-08-21 14:00:00,10133.0,10173.0,10078.0,10160.0,130588.0,573218.0,566941.0
2026-08-21 21:00:00,10194.0,10292.0,10175.0,10224.0,230780.0,566941.0,586033.0
2026-08-21 22:00:00,10224.0,10224.0,10178.0,10180.0,110338.0,586033.0,577775.0
2026-08-24 09:00:00,10117.0,10176.0,10081.0,10162.0,164009.0,577775.0,585429.0
2026-08-24 10:00:00,10162.0,10171.0,10113.0,10146.0,57453.0,585429.0,584223.0
2026-08-24 11:00:00,10146.0,10186.0,10145.0,10176.0,30851.0,584223.0,583741.0
2026-08-24 13:00:00,10176.0,10195.0,10136.0,10154.0,41838.0,583741.0,582674.0
2026-08-24 14:00:00,10154.0,10164.0,10134.0,10145.0,48006.0,582674.0,577128.0
2026-08-24 21:00:00,10124.0,10143.0,10095.0,10127.0,127758.0,577128.0,578694.0
2026-08-24 22:00:00,10127.0,10135.0,10088.0,10092.0,71836.0,578694.0,575010.0
2026-08-25 09:00:00,10075.0,10121.0,10019.0,10073.0,146128.0,575010.0,573032.0
2026-08-25 10:00:00,10073.0,10074.0,9995.0,10012.0,86490.0,573032.0,567847.0
2026-08-25 11:00:00,10012.0,10025.0,9962.0,10011.0,82881.0,567847.0,567114.0
2026-08-25 13:00:00,10006.0,10045.0,9995.0,10040.0,46058.0,567114.0,567046.0
2026-08-25 14:00:00,10040.0,10081.0,10033.0,10079.0,78570.0,567046.0,562823.0
2026-08-25 21:00:00,10025.0,10067.0,9984.0,10059.0,129619.0,562823.0,563680.0
2026-08-25 22:00:00,10059.0,10089.0,10058.0,10078.0,68026.0,563680.0,563683.0
2026-08-26 09:00:00,10062.0,10095.0,10020.0,10067.0,117387.0,563683.0,561493.0
2026-08-26 10:00:00,10067.0,10072.0,10028.0,10051.0,59401.0,561493.0,557725.0
2026-08-26 11:00:00,10051.0,10052.0,9992.0,10021.0,53220.0,557725.0,557246.0
2026-08-26 13:00:00,10017.0,10074.0,10017.0,10055.0,46275.0,557246.0,559804.0
2026-08-26 14:00:00,10055.0,10055.0,9985.0,10002.0,81751.0,559804.0,555062.0
2026-08-26 21:00:00,10001.0,10073.0,9985.0,10061.0,125166.0,555062.0,567852.0
2026-08-26 22:00:00,10061.0,10110.0,10046.0,10090.0,108827.0,567852.0,568802.0
2026-08-27 09:00:00,10078.0,10104.0,10034.0,10036.0,88937.0,568802.0,566405.0
2026-08-27 10:00:00,10036.0,10102.0,10035.0,10056.0,72715.0,566405.0,571990.0
2026-08-27 11:00:00,10056.0,10084.0,10056.0,10074.0,22117.0,571990.0,572866.0
2026-08-27 13:00:00,10074.0,10088.0,10052.0,10071.0,34413.0,572866.0,572477.0
2026-08-27 14:00:00,10071.0,10075.0,10036.0,10045.0,61232.0,572477.0,569542.0
2026-08-27 21:00:00,10019.0,10022.0,9952.0,9975.0,180091.0,569542.0,570964.0
2026-08-27 22:00:00,9975.0,10100.0,9966.0,10082.0,151767.0,570964.0,565525.0
2026-08-28 09:00:00,10137.0,10157.0,10097.0,10105.0,119751.0,565525.0,565697.0
2026-08-28 10:00:00,10105.0,10116.0,10080.0,10093.0,49247.0,565697.0,564385.0
2026-08-28 11:00:00,10093.0,10113.0,10091.0,10109.0,18522.0,564385.0,563753.0
2026-08-28 13:00:00,10110.0,10182.0,10110.0,10173.0,69194.0,563753.0,575640.0
2026-08-28 14:00:00,10173.0,10225.0,10154.0,10171.0,150477.0,575640.0,579404.0
2026-08-28 21:00:00,10173.0,10238.0,10155.0,10181.0,125903.0,579404.0,586602.0
2026-08-28 22:00:00,10181.0,10246.0,10173.0,10232.0,89616.0,586602.0,587535.0
2026-08-31 09:00:00,10247.0,10268.0,10181.0,10247.0,142303.0,587535.0,592613.0
2026-08-31 10:00:00,10247.0,10276.0,10228.0,10247.0,67815.0,592613.0,596411.0
2026-08-31 11:00:00,10247.0,10272.0,10232.0,10257.0,28737.0,596411.0,596292.0
2026-08-31 13:00:00,10271.0,10298.0,10257.0,10277.0,57953.0,596292.0,602591.0
2026-08-31 14:00:00,10277.0,10326.0,10271.0,10283.0,109845.0,602591.0,605480.0
2026-08-31 21:00:00,10267.0,10281.0,10210.0,10248.0,126627.0,605480.0,606560.0
2026-08-31 22:00:00,10248.0,10265.0,10185.0,10202.0,100100.0,606560.0,595533.0
2026-09-01 09:00:00,10270.0,10347.0,10245.0,10295.0,142143.0,595533.0,604924.0
2026-09-01 10:00:00,10295.0,10367.0,10289.0,10323.0,83152.0,604924.0,607948.0
2026-09-01 11:00:00,10323.0,10353.0,10307.0,10351.0,36224.0,607948.0,609690.0
2026-09-01 13:00:00,10357.0,10391.0,10338.0,10356.0,61902.0,609690.0,613657.0
2026-09-01 14:00:00,10356.0,10367.0,10290.0,10297.0,96032.0,613657.0,610836.0
2026-09-01 21:00:00,10277.0,10326.0,10262.0,10301.0,143675.0,610836.0,612133.0
2026-09-01 22:00:00,10301.0,10335.0,10255.0,10315.0,108264.0,612133.0,609281.0
2026-09-02 09:00:00,10335.0,10396.0,10190.0,10202.0,206719.0,609281.0,603112.0
2026-09-02 10:00:00,10202.0,10241.0,10172.0,10230.0,90445.0,603112.0,602204.0
2026-09-02 11:00:00,10230.0,10235.0,10162.0,10190.0,41839.0,602204.0,601779.0
2026-09-02 13:00:00,10202.0,10227.0,10172.0,10224.0,45523.0,601779.0,599770.0
2026-09-02 14:00:00,10224.0,10231.0,10181.0,10186.0,60483.0,599770.0,595154.0
2026-09-02 21:00:00,10215.0,10251.0,10194.0,10224.0,122750.0,595154.0,601106.0
2026-09-02 22:00:00,10224.0,10316.0,10221.0,10289.0,116430.0,601106.0,601644.0
2026-09-03 09:00:00,10267.0,10330.0,10239.0,10309.0,107655.0,601644.0,605023.0
2026-09-03 10:00:00,10309.0,10377.0,10305.0,10314.0,109222.0,605023.0,609060.0
2026-09-03 11:00:00,10314.0,10354.0,10301.0,10349.0,58473.0,609060.0,608754.0
2026-09-03 13:00:00,10328.0,10328.0,10216.0,10216.0,98938.0,608754.0,598597.0
2026-09-03 14:00:00,10216.0,10239.0,10167.0,10217.0,137390.0,598597.0,593275.0
2026-09-03 21:00:00,10169.0,10194.0,10123.0,10143.0,180904.0,593275.0,591136.0
2026-09-03 22:00:00,10143.0,10214.0,10140.0,10214.0,78896.0,591136.0,587178.0
2026-09-04 09:00:00,10216.0,10289.0,10200.0,10281.0,106010.0,587178.0,592018.0
2026-09-04 10:00:00,10281.0,10301.0,10252.0,10255.0,64637.0,592018.0,592894.0
2026-09-04 11:00:00,10255.0,10268.0,10221.0,10253.0,45907.0,592894.0,590490.0
2026-09-04 13:00:00,10245.0,10253.0,10216.0,10225.0,37199.0,590490.0,589983.0
2026-09-04 14:00:00,10225.0,10277.0,10214.0,10230.0,76017.0,589983.0,586944.0
2026-09-04 21:00:00,10202.0,10222.0,10135.0,10141.0,151617.0,586944.0,593942.0
2026-09-04 22:00:00,10141.0,10221.0,10137.0,10208.0,92997.0,593942.0,587479.0
2026-09-07 09:00:00,10222.0,10308.0,10219.0,10280.0,162270.0,587479.0,598702.0
2026-09-07 10:00:00,10280.0,10314.0,10256.0,10261.0,76760.0,598702.0,602027.0
2026-09-07 11:00:00,10261.0,10326.0,10250.0,10320.0,50484.0,602027.0,604651.0
2026-09-07 13:00:00,10321.0,10328.0,10272.0,10308.0,52231.0,604651.0,606092.0
2026-09-07 14:00:00,10308.0,10395.0,10304.0,10354.0,163910.0,606092.0,618083.0
2026-09-07 21:00:00,10354.0,10406.0,10330.0,10381.0,167310.0,618083.0,627915.0
2026-09-07 22:00:00,10381.0,10468.0,10378.0,10455.0,160874.0,627915.0,635490.0
2026-09-08 09:00:00,10454.0,10479.0,10418.0,10454.0,141530.0,635490.0,641024.0
2026-09-08 10:00:00,10454.0,10489.0,10391.0,10434.0,117608.0,641024.0,635904.0
2026-09-08 11:00:00,10434.0,10459.0,10416.0,10428.0,36933.0,635904.0,635699.0
2026-09-08 13:00:00,10447.0,10473.0,10431.0,10462.0,41393.0,635699.0,638584.0
2026-09-08 14:00:00,10462.0,10475.0,10388.0,10405.0,98370.0,638584.0,632223.0
2026-09-08 21:00:00,10363.0,10376.0,10296.0,10327.0,191995.0,632223.0,623137.0
2026-09-08 22:00:00,10327.0,10344.0,10295.0,10324.0,79561.0,623137.0,622773.0
2026-09-09 09:00:00,10364.0,10369.0,10269.0,10270.0,130115.0,622773.0,620794.0
2026-09-09 10:00:00,10270.0,10299.0,10244.0,10285.0,91660.0,620794.0,613336.0
2026-09-09 11:00:00,10285.0,10290.0,10265.0,10276.0,28767.0,613336.0,610370.0
2026-09-09 13:00:00,10268.0,10268.0,10227.0,10254.0,63358.0,610370.0,610990.0
2026-09-09 14:00:00,10254.0,10315.0,10252.0,10307.0,87667.0,610990.0,603175.0
2026-09-09 21:00:00,10320.0,10330.0,10164.0,10178.0,211519.0,603175.0,609687.0
2026-09-09 22:00:00,10178.0,10210.0,10127.0,10196.0,165022.0,609687.0,598922.0
2026-09-10 09:00:00,10171.0,10231.0,10144.0,10150.0,128835.0,598922.0,601232.0
2026-09-10 10:00:00,10150.0,10200.0,10129.0,10191.0,83579.0,601232.0,604521.0
2026-09-10 11:00:00,10191.0,10195.0,10150.0,10159.0,33529.0,604521.0,603155.0
2026-09-10 13:00:00,10119.0,10161.0,10070.0,10159.0,128206.0,603155.0,600649.0
2026-09-10 14:00:00,10159.0,10170.0,10132.0,10165.0,74827.0,600649.0,590465.0
2026-09-10 21:00:00,10212.0,10239.0,10180.0,10213.0,165028.0,590465.0,594093.0
2026-09-10 22:00:00,10213.0,10233.0,10187.0,10228.0,73213.0,594093.0,589569.0
2026-09-11 09:00:00,10256.0,10268.0,10136.0,10168.0,153071.0,589569.0,589528.0
2026-09-11 10:00:00,10168.0,10187.0,10080.0,10083.0,97192.0,589528.0,589575.0
2026-09-11 11:00:00,10083.0,10112.0,10051.0,10097.0,80683.0,589575.0,582489.0
2026-09-11 13:00:00,10080.0,10093.0,10044.0,10086.0,62682.0,582489.0,584847.0
2026-09-11 14:00:00,10086.0,10090.0,10034.0,10035.0,72966.0,584847.0,583270.0
2026-09-11 21:00:00,10012.0,10062.0,9996.0,10056.0,108361.0,583270.0,585599.0
2026-09-11 22:00:00,10056.0,10079.0,10018.0,10018.0,60487.0,585599.0,580532.0
2026-09-14 09:00:00,10044.0,10087.0,10009.0,10028.0,108310.0,580532.0,583409.0
2026-09-14 10:00:00,10028.0,10076.0,10025.0,10073.0,45821.0,583409.0,584415.0
2026-09-14 11:00:00,10073.0,10083.0,10055.0,10063.0,26980.0,584415.0,582887.0
2026-09-14 13:00:00,10056.0,10061.0,9985.0,9990.0,54778.0,582887.0,584182.0
2026-09-14 14:00:00,9990.0,10053.0,9973.0,10025.0,77969.0,584182.0,579087.0
2026-09-14 21:00:00,10038.0,10101.0,10011.0,10087.0,155092.0,579087.0,582906.0
