datetime,open,high,low,close,volume,open_oi,close_oi
2021-05-24 13:00:00,4950.0,4953.0,4889.0,4915.0,216023.0,1167344.0,1184353.0
2021-05-24 14:00:00,4915.0,5008.0,4903.0,4974.0,564285.0,1184353.0,1172165.0
2021-05-24 21:00:00,4977.0,5025.0,4964.0,5006.0,530139.0,1172165.0,1173713.0
2021-05-24 22:00:00,5006.0,5017.0,4934.0,4969.0,457774.0,1173713.0,1142846.0
2021-05-25 09:00:00,4983.0,5014.0,4931.0,4942.0,412868.0,1142846.0,1146367.0
2021-05-25 10:00:00,4942.0,5000.0,4911.0,4986.0,383545.0,1146367.0,1139064.0
2021-05-25 11:00:00,4986.0,4996.0,4942.0,4962.0,197269.0,1139064.0,1140014.0
2021-05-25 13:00:00,4972.0,4981.0,4932.0,4939.0,154268.0,1140014.0,1149625.0
2021-05-25 14:00:00,4939.0,4952.0,4901.0,4919.0,320246.0,1149625.0,1169779.0
2021-05-25 21:00:00,4886.0,4896.0,4813.0,4839.0,820850.0,1169779.0,1199105.0
2021-05-25 22:00:00,4839.0,4903.0,4838.0,4881.0,507581.0,1199105.0,1168626.0
2021-05-26 09:00:00,4881.0,4894.0,4829.0,4849.0,362860.0,1168626.0,1183624.0
2021-05-26 10:00:00,4849.0,4879.0,4833.0,4837.0,230574.0,1183624.0,1191940.0
2021-05-26 11:00:00,4837.0,4856.0,4800.0,4814.0,346430.0,1191940.0,1222301.0
2021-05-26 13:00:00,4810.0,4810.0,4762.0,4772.0,425902.0,1222301.0,1256145.0
2021-05-26 14:00:00,4772.0,4777.0,4661.0,4667.0,935931.0,1256145.0,1292360.0
2021-05-26 21:00:00,4646.0,4694.0,4626.0,4693.0,785890.0,1292360.0,1303878.0
2021-05-26 22:00:00,4693.0,4736.0,4675.0,4695.0,563074.0,1303878.0,1243217.0
2021-05-27 09:00:00,4712.0,4761.0,4712.0,4741.0,516760.0,1243217.0,1228070.0
2021-05-27 10:00:00,4741.0,4783.0,4728.0,4782.0,296158.0,1228070.0,1217577.0
2021-05-27 11:00:00,4782.0,4787.0,4759.0,4785.0,139236.0,1217577.0,1205759.0
2021-05-27 13:00:00,4787.0,4846.0,4778.0,4835.0,442176.0,1205759.0,1206965.0
2021-05-27 14:00:00,4835.0,4848.0,4803.0,4817.0,445932.0,1206965.0,1177353.0
2021-05-27 21:00:00,4845.0,4948.0,4840.0,4944.0,875315.0,1177353.0,1159118.0
2021-05-27 22:00:00,4944.0,4976.0,4924.0,4968.0,513158.0,1159118.0,1126953.0
2021-05-28 09:00:00,4974.0,5004.0,4867.0,4879.0,767224.0,1126953.0,1136630.0
2021-05-28 10:00:00,4879.0,4917.0,4877.0,4891.0,296557.0,1136630.0,1135568.0
2021-05-28 11:00:00,4891.0,4910.0,4871.0,4902.0,141609.0,1135568.0,1138695.0
2021-05-28 13:00:00,4894.0,4905.0,4839.0,4850.0,275256.0,1138695.0,1151079.0
2021-05-28 14:00:00,4850.0,4935.0,4821.0,4933.0,561395.0,1151079.0,1149584.0
2021-05-28 21:00:00,4914.0,5005.0,4887.0,4995.0,844089.0,1149584.0,1124867.0
2021-05-28 22:00:00,4995.0,5057.0,4982.0,5052.0,510015.0,1124867.0,1088758.0
2021-05-31 09:00:00,5104.0,5149.0,5060.0,5085.0,819612.0,1088758.0,1060447.0
2021-05-31 10:00:00,5085.0,5120.0,5009.0,5023.0,495098.0,1060447.0,1055715.0
2021-05-31 11:00:00,5023.0,5053.0,4999.0,5037.0,245395.0,1055715.0,1071383.0
2021-05-31 13:00:00,5037.0,5066.0,5004.0,5062.0,218955.0,1071383.0,1092882.0
2021-05-31 14:00:00,5062.0,5083.0,5016.0,5027.0,462396.0,1092882.0,1096371.0
2021-05-31 21:00:00,4971.0,4972.0,4850.0,4928.0,1046991.0,1096371.0,1079507.0
2021-05-31 22:00:00,4928.0,4992.0,4926.0,4959.0,482600.0,1079507.0,1052260.0
2021-06-01 09:00:00,4960.0,4975.0,4918.0,4942.0,372321.0,1052260.0,1082789.0
2021-06-01 10:00:00,4942.0,4963.0,4908.0,4951.0,256466.0,1082789.0,1078301.0
2021-06-01 11:00:00,4951.0,4998.0,4950.0,4998.0,196543.0,1078301.0,1083120.0
2021-06-01 13:00:00,5000.0,5071.0,5000.0,5064.0,398587.0,1083120.0,1093512.0
2021-06-01 14:00:00,5064.0,5133.0,5063.0,5128.0,640660.0,1093512.0,1076347.0
2021-06-01 21:00:00,5118.0,5147.0,5066.0,5107.0,701689.0,1076347.0,1046842.0
2021-06-01 22:00:00,5107.0,5108.0,5029.0,5066.0,480655.0,1046842.0,1032632.0
2021-06-02 09:00:00,5060.0,5083.0,5023.0,5059.0,328153.0,1032632.0,1042469.0
2021-06-02 10:00:00,5059.0,5095.0,5048.0,5051.0,204078.0,1042469.0,1045603.0
2021-06-02 11:00:00,5051.0,5060.0,5011.0,5012.0,152906.0,1045603.0,1048651.0
2021-06-02 13:00:00,5010.0,5051.0,4990.0,5032.0,258160.0,1048651.0,1059817.0
2021-06-02 14:00:00,5032.0,5047.0,4976.0,5002.0,410892.0,1059817.0,1065129.0
2021-06-02 21:00:00,4984.0,5063.0,4970.0,5001.0,641875.0,1065129.0,1066295.0
2021-06-02 22:00:00,5001.0,5044.0,4990.0,5033.0,326342.0,1066295.0,1059867.0
2021-06-03 09:00:00,5023.0,5092.0,5023.0,5075.0,401781.0,1059867.0,1080973.0
2021-06-03 10:00:00,5075.0,5150.0,5056.0,5135.0,397581.0,1080973.0,1090203.0
2021-06-03 11:00:00,5135.0,5186.0,5108.0,5138.0,366061.0,1090203.0,1085933.0
2021-06-03 13:00:00,5142.0,5188.0,5142.0,5175.0,260275.0,1085933.0,1113018.0
2021-06-03 14:00:00,5175.0,5182.0,5126.0,5148.0,403600.0,1113018.0,1102969.0
2021-06-03 21:00:00,5154.0,5248.0,5128.0,5158.0,950278.0,1102969.0,1071883.0
2021-06-03 22:00:00,5158.0,5164.0,5112.0,5130.0,423499.0,1071883.0,1060673.0
2021-06-04 09:00:00,5130.0,5162.0,5094.0,5124.0,403134.0,1060673.0,1067591.0
2021-06-04 10:00:00,5124.0,5197.0,5113.0,5185.0,278670.0,1067591.0,1102075.0
2021-06-04 11:00:00,5185.0,5233.0,5183.0,5229.0,244783.0,1102075.0,1136310.0
2021-06-04 13:00:00,5237.0,5275.0,5194.0,5204.0,351044.0,1136310.0,1170027.0
2021-06-04 14:00:00,5204.0,5225.0,5153.0,5159.0,444383.0,1170027.0,1166188.0
2021-06-04 21:00:00,5177.0,5217.0,5163.0,5188.0,458518.0,1166188.0,1132359.0
2021-06-04 22:00:00,5188.0,5202.0,5163.0,5189.0,224141.0,1132359.0,1105085.0
2021-06-07 09:00:00,5189.0,5189.0,5084.0,5110.0,607595.0,1105085.0,1107240.0
2021-06-07 10:00:00,5110.0,5125.0,5035.0,5046.0,324430.0,1107240.0,1123799.0
2021-06-07 11:00:00,5046.0,5055.0,5016.0,5022.0,249155.0,1123799.0,1137598.0
2021-06-07 13:00:00,5019.0,5035.0,5000.0,5011.0,218875.0,1137598.0,1160011.0
2021-06-07 14:00:00,5011.0,5030.0,4955.0,4959.0,413038.0,1160011.0,1191217.0
2021-06-07 21:00:00,4949.0,4999.0,4945.0,4981.0,440061.0,1191217.0,1176816.0
2021-06-07 22:00:00,4981.0,4993.0,4953.0,4979.0,226649.0,1176816.0,1149633.0
2021-06-08 09:00:00,4979.0,5020.0,4941.0,4947.0,406507.0,1149633.0,1134897.0
2021-06-08 10:00:00,4947.0,4975.0,4903.0,4921.0,330158.0,1134897.0,1154117.0
2021-06-08 11:00:00,4921.0,4970.0,4908.0,4969.0,177960.0,1154117.0,1148895.0
2021-06-08 13:00:00,4972.0,5003.0,4963.0,4987.0,272032.0,1148895.0,1147807.0
2021-06-08 14:00:00,4987.0,5018.0,4965.0,5004.0,336023.0,1147807.0,1159547.0
2021-06-08 21:00:00,5011.0,5046.0,4977.0,4987.0,449609.0,1159547.0,1123654.0
2021-06-08 22:00:00,4987.0,5021.0,4984.0,5014.0,228099.0,1123654.0,1103009.0
2021-06-09 09:00:00,5025.0,5055.0,5006.0,5013.0,319579.0,1103009.0,1083104.0
2021-06-09 10:00:00,5013.0,5046.0,5004.0,5043.0,138526.0,1083104.0,1089073.0
2021-06-09 11:00:00,5043.0,5100.0,5038.0,5097.0,227996.0,1089073.0,1088433.0
2021-06-09 13:00:00,5087.0,5087.0,5033.0,5059.0,259781.0,1088433.0,1105679.0
2021-06-09 14:00:00,5059.0,5060.0,5017.0,5035.0,274655.0,1105679.0,1115774.0
2021-06-09 21:00:00,5041.0,5104.0,5037.0,5089.0,444546.0,1115774.0,1116599.0
2021-06-09 22:00:00,5089.0,5098.0,5052.0,5087.0,344006.0,1116599.0,1090521.0
2021-06-10 09:00:00,5090.0,5152.0,5090.0,5129.0,545796.0,1090521.0,1171027.0
2021-06-10 10:00:00,5129.0,5200.0,5118.0,5199.0,372687.0,1171027.0,1237536.0
2021-06-10 11:00:00,5199.0,5202.0,5168.0,5168.0,177804.0,1237536.0,1256670.0
2021-06-10 13:00:00,5159.0,5173.0,5145.0,5161.0,189722.0,1256670.0,1270083.0
2021-06-10 14:00:00,5161.0,5194.0,5146.0,5168.0,312192.0,1270083.0,1282413.0
2021-06-10 21:00:00,5190.0,5243.0,5185.0,5228.0,493685.0,1282413.0,1260929.0
2021-06-10 22:00:00,5228.0,5250.0,5207.0,5234.0,287173.0,1260929.0,1235002.0
2021-06-11 09:00:00,5230.0,5254.0,5197.0,5201.0,257676.0,1235002.0,1225180.0
2021-06-11 10:00:00,5201.0,5260.0,5187.0,5242.0,293466.0,1225180.0,1221761.0
2021-06-11 11:00:00,5242.0,5283.0,5242.0,5279.0,169225.0,1221761.0,1229910.0
2021-06-11 13:00:00,5280.0,5285.0,5262.0,5275.0,141118.0,1229910.0,1232725.0
2021-06-11 14:00:00,5275.0,5330.0,5274.0,5322.0,390170.0,1232725.0,1210229.0
2021-06-15 09:00:00,5210.0,5226.0,5110.0,5180.0,833525.0,1210229.0,1119146.0
2021-06-15 10:00:00,5180.0,5188.0,5115.0,5121.0,265549.0,1119146.0,1127423.0
2021-06-15 11:00:00,5121.0,5149.0,5117.0,5130.0,122051.0,1127423.0,1128196.0
2021-06-15 13:00:00,5145.0,5173.0,5135.0,5173.0,162943.0,1128196.0,1128105.0
2021-06-15 14:00:00,5173.0,5228.0,5166.0,5168.0,377756.0,1128105.0,1135776.0
2021-06-15 21:00:00,5165.0,5185.0,5145.0,5164.0,310433.0,1135776.0,1123335.0
2021-06-15 22:00:00,5164.0,5164.0,5106.0,5130.0,290091.0,1123335.0,1105366.0
2021-06-16 09:00:00,5132.0,5156.0,5107.0,5145.0,255994.0,1105366.0,1092672.0
2021-06-16 10:00:00,5145.0,5153.0,5069.0,5088.0,304416.0,1092672.0,1099734.0
2021-06-16 11:00:00,5088.0,5088.0,5033.0,5034.0,217045.0,1099734.0,1106521.0
2021-06-16 13:00:00,5032.0,5044.0,5002.0,5015.0,300392.0,1106521.0,1152008.0
2021-06-16 14:00:00,5015.0,5034.0,4996.0,5014.0,287884.0,1152008.0,1158196.0
2021-06-16 21:00:00,5007.0,5037.0,4973.0,5028.0,460447.0,1158196.0,1128290.0
2021-06-16 22:00:00,5028.0,5095.0,5027.0,5053.0,421194.0,1128290.0,1083011.0
2021-06-17 09:00:00,5025.0,5075.0,5005.0,5048.0,374902.0,1083011.0,1105487.0
2021-06-17 10:00:00,5048.0,5118.0,5041.0,5103.0,259402.0,1105487.0,1118432.0
2021-06-17 11:00:00,5103.0,5106.0,5052.0,5057.0,178572.0,1118432.0,1135346.0
2021-06-17 13:00:00,5052.0,5096.0,5045.0,5083.0,147451.0,1135346.0,1147716.0
2021-06-17 14:00:00,5083.0,5113.0,5051.0,5101.0,329880.0,1147716.0,1160418.0
2021-06-17 21:00:00,5088.0,5130.0,5070.0,5092.0,421690.0,1160418.0,1120504.0
2021-06-17 22:00:00,5092.0,5103.0,5063.0,5082.0,353446.0,1120504.0,1089160.0
2021-06-18 09:00:00,5072.0,5128.0,5015.0,5119.0,634722.0,1089160.0,1130599.0
2021-06-18 10:00:00,5119.0,5160.0,5092.0,5156.0,389345.0,1130599.0,1150688.0
2021-06-18 11:00:00,5156.0,5165.0,5131.0,5152.0,163421.0,1150688.0,1169341.0
2021-06-18 13:00:00,5153.0,5177.0,5140.0,5170.0,179413.0,1169341.0,1196031.0
2021-06-18 14:00:00,5170.0,5175.0,5054.0,5061.0,541430.0,1196031.0,1162139.0
2021-06-18 21:00:00,5061.0,5086.0,5045.0,5048.0,295424.0,1162139.0,1145517.0
2021-06-18 22:00:00,5048.0,5082.0,5039.0,5052.0,229524.0,1145517.0,1124458.0
2021-06-21 09:00:00,5038.0,5040.0,4980.0,5000.0,532320.0,1124458.0,1137788.0
2021-06-21 10:00:00,5000.0,5028.0,4990.0,5015.0,187480.0,1137788.0,1137834.0
2021-06-21 11:00:00,5015.0,5028.0,4997.0,4999.0,100605.0,1137834.0,1135790.0
2021-06-21 13:00:00,4997.0,4997.0,4950.0,4952.0,316232.0,1135790.0,1185747.0
2021-06-21 14:00:00,4952.0,4964.0,4885.0,4889.0,615629.0,1185747.0,1234883.0
2021-06-21 21:00:00,4858.0,4874.0,4820.0,4854.0,549375.0,1234883.0,1210781.0
2021-06-21 22:00:00,4854.0,4890.0,4846.0,4874.0,278159.0,1210781.0,1194524.0
2021-06-22 09:00:00,4874.0,4900.0,4844.0,4872.0,274060.0,1194524.0,1198368.0
2021-06-22 10:00:00,4872.0,4883.0,4836.0,4843.0,176021.0,1198368.0,1219572.0
2021-06-22 11:00:00,4843.0,4895.0,4834.0,4874.0,168261.0,1219572.0,1221081.0
2021-06-22 13:00:00,4870.0,4888.0,4866.0,4878.0,104940.0,1221081.0,1228926.0
2021-06-22 14:00:00,4878.0,4910.0,4874.0,4885.0,279662.0,1228926.0,1239361.0
2021-06-22 21:00:00,4873.0,4888.0,4851.0,4862.0,316862.0,1239361.0,1241397.0
2021-06-22 22:00:00,4862.0,4899.0,4860.0,4870.0,206867.0,1241397.0,1216908.0
2021-06-23 09:00:00,4870.0,4884.0,4846.0,4871.0,215582.0,1216908.0,1218658.0
2021-06-23 10:00:00,4871.0,4925.0,4861.0,4923.0,266780.0,1218658.0,1226513.0
2021-06-23 11:00:00,4923.0,4975.0,4923.0,4967.0,292578.0,1226513.0,1212810.0
2021-06-23 13:00:00,4959.0,4965.0,4891.0,4897.0,277884.0,1212810.0,1238815.0
2021-06-23 14:00:00,4897.0,4947.0,4878.0,4934.0,359822.0,1238815.0,1245383.0
2021-06-23 21:00:00,4948.0,5022.0,4946.0,4992.0,527461.0,1245383.0,1182045.0
2021-06-23 22:00:00,4992.0,5018.0,4975.0,5010.0,259094.0,1182045.0,1161145.0
2021-06-24 09:00:00,5009.0,5016.0,4961.0,4976.0,304057.0,1161145.0,1152848.0
2021-06-24 10:00:00,4976.0,4983.0,4941.0,4942.0,176286.0,1152848.0,1161188.0
2021-06-24 11:00:00,4942.0,4969.0,4936.0,4937.0,100317.0,1161188.0,1167392.0
2021-06-24 13:00:00,4936.0,4955.0,4911.0,4929.0,180254.0,1167392.0,1190076.0
2021-06-24 14:00:00,4929.0,4966.0,4925.0,4933.0,223155.0,1190076.0,1190672.0
2021-06-24 21:00:00,4955.0,5007.0,4941.0,4997.0,392116.0,1190672.0,1148986.0
2021-06-24 22:00:00,4997.0,5028.0,4991.0,5000.0,308773.0,1148986.0,1104076.0
2021-06-25 09:00:00,5005.0,5038.0,4994.0,5015.0,252948.0,1104076.0,1108929.0
2021-06-25 10:00:00,5015.0,5019.0,4981.0,5004.0,136528.0,1108929.0,1117728.0
2021-06-25 11:00:00,5004.0,5044.0,5004.0,5029.0,152609.0,1117728.0,1135028.0
2021-06-25 13:00:00,5031.0,5084.0,5024.0,5066.0,263323.0,1135028.0,1165548.0
2021-06-25 14:00:00,5066.0,5087.0,5051.0,5066.0,268107.0,1165548.0,1173304.0
2021-06-25 21:00:00,5076.0,5098.0,5067.0,5088.0,304174.0,1173304.0,1164469.0
2021-06-25 22:00:00,5088.0,5095.0,5068.0,5088.0,165657.0,1164469.0,1140088.0
2021-06-28 09:00:00,5078.0,5078.0,5005.0,5030.0,491071.0,1140088.0,1129527.0
2021-06-28 10:00:00,5030.0,5100.0,5018.0,5090.0,292400.0,1129527.0,1154404.0
2021-06-28 11:00:00,5090.0,5095.0,5062.0,5068.0,119409.0,1154404.0,1170031.0
2021-06-28 13:00:00,5069.0,5084.0,5063.0,5064.0,70546.0,1170031.0,1179255.0
2021-06-28 14:00:00,5064.0,5080.0,5049.0,5070.0,176093.0,1179255.0,1172323.0
2021-06-28 21:00:00,5108.0,5158.0,5098.0,5152.0,436311.0,1172323.0,1176708.0
2021-06-28 22:00:00,5152.0,5155.0,5137.0,5148.0,135299.0,1176708.0,1174061.0
2021-06-29 09:00:00,5147.0,5170.0,5089.0,5103.0,371213.0,1174061.0,1171871.0
2021-06-29 10:00:00,5103.0,5114.0,5076.0,5078.0,172438.0,1171871.0,1176124.0
2021-06-29 11:00:00,5078.0,5089.0,5031.0,5045.0,228397.0,1176124.0,1158632.0
2021-06-29 13:00:00,5045.0,5085.0,5034.0,5070.0,191311.0,1158632.0,1162462.0
2021-06-29 14:00:00,5070.0,5080.0,5035.0,5036.0,202989.0,1162462.0,1176537.0
2021-06-29 21:00:00,5068.0,5097.0,5057.0,5080.0,277107.0,1176537.0,1158454.0
2021-06-29 22:00:00,5080.0,5098.0,5066.0,5083.0,161816.0,1158454.0,1140010.0
2021-06-30 09:00:00,5086.0,5132.0,5084.0,5125.0,276510.0,1140010.0,1148299.0
2021-06-30 10:00:00,5125.0,5131.0,5089.0,5090.0,160447.0,1148299.0,1144653.0
2021-06-30 11:00:00,5090.0,5125.0,5082.0,5110.0,143108.0,1144653.0,1143863.0
2021-06-30 13:00:00,5112.0,5136.0,5112.0,5133.0,164957.0,1143863.0,1177494.0
2021-06-30 14:00:00,5133.0,5151.0,5128.0,5147.0,250113.0,1177494.0,1219369.0
2021-06-30 21:00:00,5155.0,5196.0,5151.0,5164.0,349772.0,1219369.0,1219781.0
2021-06-30 22:00:00,5164.0,5169.0,5151.0,5158.0,104756.0,1219781.0,1205479.0
2021-07-01 09:00:00,5158.0,5193.0,5130.0,5193.0,255375.0,1205479.0,1206367.0
2021-07-01 10:00:00,5193.0,5198.0,5121.0,5139.0,268160.0,1206367.0,1207355.0
2021-07-01 11:00:00,5139.0,5139.0,5118.0,5128.0,106776.0,1207355.0,1203076.0
2021-07-01 13:00:00,5127.0,5142.0,5113.0,5129.0,112688.0,1203076.0,1217052.0
2021-07-01 14:00:00,5129.0,5159.0,5124.0,5146.0,222305.0,1217052.0,1229702.0
2021-07-01 21:00:00,5156.0,5180.0,5125.0,5139.0,287266.0,1229702.0,1213406.0
2021-07-01 22:00:00,5139.0,5143.0,5068.0,5134.0,529986.0,1213406.0,1127565.0
2021-07-02 09:00:00,5130.0,5145.0,5094.0,5112.0,253682.0,1127565.0,1155364.0
2021-07-02 10:00:00,5112.0,5128.0,5098.0,5111.0,104326.0,1155364.0,1163087.0
2021-07-02 11:00:00,5111.0,5114.0,5088.0,5091.0,89255.0,1163087.0,1171651.0
2021-07-02 13:00:00,5089.0,5113.0,5082.0,5106.0,100077.0,1171651.0,1185178.0
2021-07-02 14:00:00,5106.0,5142.0,5084.0,5124.0,278539.0,1185178.0,1197107.0
2021-07-02 21:00:00,5116.0,5131.0,5076.0,5125.0,374951.0,1197107.0,1160267.0
2021-07-02 22:00:00,5125.0,5152.0,5122.0,5147.0,217895.0,1160267.0,1163515.0
2021-07-05 09:00:00,5143.0,5176.0,5110.0,5175.0,360052.0,1163515.0,1193295.0
2021-07-05 10:00:00,5175.0,5183.0,5162.0,5179.0,132718.0,1193295.0,1210491.0
2021-07-05 11:00:00,5179.0,5200.0,5177.0,5195.0,133170.0,1210491.0,1236430.0
2021-07-05 13:00:00,5195.0,5200.0,5182.0,5185.0,99488.0,1236430.0,1257101.0
2021-07-05 14:00:00,5185.0,5226.0,5174.0,5222.0,282715.0,1257101.0,1305433.0
2021-07-05 21:00:00,5231.0,5249.0,5220.0,5243.0,253746.0,1305433.0,1308342.0
2021-07-05 22:00:00,5243.0,5267.0,5235.0,5244.0,184436.0,1308342.0,1309832.0
2021-07-06 09:00:00,5245.0,5292.0,5245.0,5290.0,292021.0,1309832.0,1311767.0
2021-07-06 10:00:00,5290.0,5294.0,5249.0,5261.0,194500.0,1311767.0,1310786.0
2021-07-06 11:00:00,5261.0,5276.0,5233.0,5246.0,90266.0,1310786.0,1308273.0
2021-07-06 13:00:00,5246.0,5265.0,5242.0,5258.0,87717.0,1308273.0,1317500.0
2021-07-06 14:00:00,5258.0,5305.0,5255.0,5304.0,292644.0,1317500.0,1353475.0
2021-07-06 21:00:00,5310.0,5346.0,5284.0,5287.0,490659.0,1353475.0,1357440.0
2021-07-06 22:00:00,5287.0,5295.0,5255.0,5291.0,297216.0,1357440.0,1345358.0
2021-07-07 09:00:00,5291.0,5338.0,5270.0,5328.0,305960.0,1345358.0,1395491.0
2021-07-07 10:00:00,5328.0,5349.0,5315.0,5336.0,177381.0,1395491.0,1425403.0
2021-07-07 11:00:00,5336.0,5358.0,5330.0,5358.0,88404.0,1425403.0,1441247.0
2021-07-07 13:00:00,5355.0,5429.0,5353.0,5421.0,269956.0,1441247.0,1483476.0
2021-07-07 14:00:00,5421.0,5440.0,5399.0,5439.0,321154.0,1483476.0,1521265.0
2021-07-07 21:00:00,5459.0,5474.0,5408.0,5420.0,434391.0,1521265.0,1489724.0
2021-07-07 22:00:00,5420.0,5429.0,5378.0,5426.0,386816.0,1489724.0,1457113.0
2021-07-08 09:00:00,5426.0,5436.0,5363.0,5374.0,321476.0,1457113.0,1464220.0
2021-07-08 10:00:00,5374.0,5406.0,5356.0,5405.0,220595.0,1464220.0,1484081.0
2021-07-08 11:00:00,5405.0,5424.0,5388.0,5409.0,113858.0,1484081.0,1494741.0
2021-07-08 13:00:00,5408.0,5428.0,5392.0,5425.0,122978.0,1494741.0,1514454.0
2021-07-08 14:00:00,5425.0,5442.0,5385.0,5393.0,271522.0,1514454.0,1519485.0
2021-07-08 21:00:00,5366.0,5385.0,5280.0,5314.0,778819.0,1519485.0,1401615.0
2021-07-08 22:00:00,5314.0,5357.0,5310.0,5345.0,339812.0,1401615.0,1417835.0
2021-07-09 09:00:00,5350.0,5370.0,5328.0,5342.0,213170.0,1417835.0,1430610.0
2021-07-09 10:00:00,5342.0,5393.0,5322.0,5389.0,215289.0,1430610.0,1462643.0
2021-07-09 11:00:00,5389.0,5410.0,5380.0,5398.0,132977.0,1462643.0,1488209.0
2021-07-09 13:00:00,5400.0,5435.0,5385.0,5397.0,208653.0,1488209.0,1519564.0
2021-07-09 14:00:00,5397.0,5438.0,5383.0,5428.0,252049.0,1519564.0,1536789.0
2021-07-09 21:00:00,5475.0,5495.0,5440.0,5479.0,438970.0,1536789.0,1514884.0
2021-07-09 22:00:00,5479.0,5510.0,5464.0,5496.0,360924.0,1514884.0,1480884.0
2021-07-12 09:00:00,5532.0,5532.0,5444.0,5448.0,467899.0,1480884.0,1470064.0
2021-07-12 10:00:00,5448.0,5460.0,5417.0,5440.0,203725.0,1470064.0,1467366.0
2021-07-12 11:00:00,5440.0,5459.0,5435.0,5457.0,80392.0,1467366.0,1472033.0
2021-07-12 13:00:00,5457.0,5457.0,5429.0,5431.0,92776.0,1472033.0,1485041.0
2021-07-12 14:00:00,5431.0,5456.0,5421.0,5432.0,183908.0,1485041.0,1482566.0
2021-07-12 21:00:00,5416.0,5458.0,5404.0,5433.0,303629.0,1482566.0,1446136.0
2021-07-12 22:00:00,5433.0,5451.0,5420.0,5433.0,159898.0,1446136.0,1422140.0
2021-07-13 09:00:00,5434.0,5450.0,5406.0,5413.0,272471.0,1422140.0,1423638.0
2021-07-13 10:00:00,5413.0,5455.0,5401.0,5436.0,241589.0,1423638.0,1430624.0
2021-07-13 11:00:00,5436.0,5437.0,5395.0,5396.0,147831.0,1430624.0,1431323.0
2021-07-13 13:00:00,5394.0,5419.0,5381.0,5411.0,155381.0,1431323.0,1433512.0
2021-07-13 14:00:00,5411.0,5460.0,5409.0,5458.0,235992.0,1433512.0,1440842.0
2021-07-13 21:00:00,5458.0,5489.0,5440.0,5472.0,358266.0,1440842.0,1422081.0
2021-07-13 22:00:00,5472.0,5505.0,5470.0,5491.0,205845.0,1422081.0,1408726.0
2021-07-14 09:00:00,5491.0,5535.0,5471.0,5473.0,336061.0,1408726.0,1412179.0
2021-07-14 10:00:00,5473.0,5482.0,5456.0,5468.0,173115.0,1412179.0,1416978.0
2021-07-14 11:00:00,5468.0,5485.0,5461.0,5473.0,72694.0,1416978.0,1423507.0
2021-07-14 13:00:00,5485.0,5518.0,5485.0,5510.0,173295.0,1423507.0,1434157.0
2021-07-14 14:00:00,5510.0,5580.0,5508.0,5580.0,376438.0,1434157.0,1467966.0
2021-07-14 21:00:00,5569.0,5573.0,5511.0,5526.0,373935.0,1467966.0,1404588.0
2021-07-14 22:00:00,5526.0,5553.0,5520.0,5535.0,162126.0,1404588.0,1398483.0
2021-07-15 09:00:00,5529.0,5572.0,5501.0,5555.0,297676.0,1398483.0,1385481.0
2021-07-15 10:00:00,5555.0,5596.0,5550.0,5574.0,221469.0,1385481.0,1403984.0
2021-07-15 11:00:00,5574.0,5597.0,5562.0,5563.0,90630.0,1403984.0,1408145.0
2021-07-15 13:00:00,5561.0,5581.0,5530.0,5545.0,221204.0,1408145.0,1405435.0
2021-07-15 14:00:00,5545.0,5555.0,5520.0,5546.0,217412.0,1405435.0,1397291.0
2021-07-15 21:00:00,5536.0,5568.0,5530.0,5534.0,211079.0,1397291.0,1388266.0
2021-07-15 22:00:00,5534.0,5555.0,5521.0,5538.0,196224.0,1388266.0,1362598.0
2021-07-16 09:00:00,5539.0,5551.0,5508.0,5530.0,229548.0,1362598.0,1354304.0
2021-07-16 10:00:00,5530.0,5579.0,5523.0,5560.0,203804.0,1354304.0,1358083.0
2021-07-16 11:00:00,5560.0,5579.0,5551.0,5558.0,91680.0,1358083.0,1356198.0
2021-07-16 13:00:00,5553.0,5553.0,5440.0,5478.0,493785.0,1356198.0,1349913.0
2021-07-16 14:00:00,5478.0,5568.0,5464.0,5559.0,438887.0,1349913.0,1395450.0
2021-07-16 21:00:00,5580.0,5646.0,5575.0,5642.0,487465.0,1395450.0,1393619.0
2021-07-16 22:00:00,5642.0,5650.0,5622.0,5647.0,177125.0,1393619.0,1381013.0
2021-07-19 09:00:00,5635.0,5635.0,5597.0,5599.0,291085.0,1381013.0,1363451.0
2021-07-19 10:00:00,5599.0,5616.0,5574.0,5601.0,173336.0,1363451.0,1361169.0
2021-07-19 11:00:00,5601.0,5615.0,5595.0,5611.0,50523.0,1361169.0,1369609.0
2021-07-19 13:00:00,5611.0,5645.0,5610.0,5626.0,116063.0,1369609.0,1385451.0
2021-07-19 14:00:00,5626.0,5633.0,5565.0,5568.0,262758.0,1385451.0,1380402.0
2021-07-19 21:00:00,5528.0,5554.0,5505.0,5530.0,378440.0,1380402.0,1332277.0
2021-07-19 22:00:00,5530.0,5537.0,5483.0,5500.0,261436.0,1332277.0,1311408.0
2021-07-20 09:00:00,5504.0,5535.0,5467.0,5530.0,309304.0,1311408.0,1315559.0
2021-07-20 10:00:00,5530.0,5571.0,5526.0,5567.0,148730.0,1315559.0,1324293.0
2021-07-20 11:00:00,5567.0,5600.0,5567.0,5591.0,164271.0,1324293.0,1346276.0
2021-07-20 13:00:00,5588.0,5617.0,5578.0,5615.0,129978.0,1346276.0,1366838.0
2021-07-20 14:00:00,5615.0,5635.0,5580.0,5601.0,280265.0,1366838.0,1399389.0
2021-07-20 21:00:00,5609.0,5648.0,5600.0,5640.0,237262.0,1399389.0,1397897.0
2021-07-20 22:00:00,5640.0,5642.0,5611.0,5620.0,147591.0,1397897.0,1378146.0
2021-07-21 09:00:00,5617.0,5627.0,5592.0,5597.0,193196.0,1378146.0,1374918.0
2021-07-21 10:00:00,5597.0,5605.0,5522.0,5572.0,403335.0,1374918.0,1348198.0
2021-07-21 11:00:00,5572.0,5602.0,5563.0,5574.0,127815.0,1348198.0,1360870.0
2021-07-21 13:00:00,5575.0,5595.0,5560.0,5583.0,111792.0,1360870.0,1374632.0
2021-07-21 14:00:00,5583.0,5602.0,5558.0,5561.0,178707.0,1374632.0,1372989.0
2021-07-21 21:00:00,5549.0,5561.0,5535.0,5537.0,275828.0,1372989.0,1341196.0
2021-07-21 22:00:00,5537.0,5542.0,5481.0,5499.0,408450.0,1341196.0,1292460.0
2021-07-22 09:00:00,5491.0,5546.0,5484.0,5503.0,334727.0,1292460.0,1299267.0
2021-07-22 10:00:00,5503.0,5524.0,5494.0,5494.0,140895.0,1299267.0,1302919.0
2021-07-22 11:00:00,5494.0,5530.0,5487.0,5498.0,142539.0,1302919.0,1315442.0
2021-07-22 13:00:00,5503.0,5541.0,5503.0,5540.0,207108.0,1315442.0,1347964.0
2021-07-22 14:00:00,5540.0,5660.0,5540.0,5648.0,674457.0,1347964.0,1435425.0
2021-07-22 21:00:00,5665.0,5680.0,5626.0,5645.0,308484.0,1435425.0,1392512.0
2021-07-22 22:00:00,5645.0,5679.0,5640.0,5666.0,148047.0,1392512.0,1376402.0
2021-07-23 09:00:00,5665.0,5693.0,5644.0,5684.0,224221.0,1376402.0,1383153.0
2021-07-23 10:00:00,5684.0,5686.0,5636.0,5662.0,166558.0,1383153.0,1363474.0
2021-07-23 11:00:00,5662.0,5688.0,5649.0,5666.0,86348.0,1363474.0,1362814.0
2021-07-23 13:00:00,5668.0,5678.0,5648.0,5653.0,67250.0,1362814.0,1364348.0
2021-07-23 14:00:00,5653.0,5679.0,5640.0,5671.0,165167.0,1364348.0,1365691.0
2021-07-23 21:00:00,5659.0,5676.0,5622.0,5647.0,292054.0,1365691.0,1319610.0
2021-07-23 22:00:00,5647.0,5686.0,5634.0,5670.0,196487.0,1319610.0,1308514.0
2021-07-26 09:00:00,5678.0,5756.0,5678.0,5745.0,330884.0,1308514.0,1348474.0
2021-07-26 10:00:00,5745.0,5749.0,5725.0,5725.0,78350.0,1348474.0,1350847.0
2021-07-26 11:00:00,5725.0,5748.0,5701.0,5727.0,108804.0,1350847.0,1351091.0
2021-07-26 13:00:00,5721.0,5726.0,5686.0,5695.0,143615.0,1351091.0,1354263.0
2021-07-26 14:00:00,5695.0,5721.0,5637.0,5687.0,347740.0,1354263.0,1338751.0
2021-07-26 21:00:00,5686.0,5711.0,5680.0,5707.0,160388.0,1338751.0,1330740.0
2021-07-26 22:00:00,5707.0,5729.0,5706.0,5715.0,116802.0,1330740.0,1317724.0
2021-07-27 09:00:00,5717.0,5750.0,5713.0,5738.0,181882.0,1317724.0,1321882.0
2021-07-27 10:00:00,5738.0,5740.0,5688.0,5691.0,150221.0,1321882.0,1308642.0
2021-07-27 11:00:00,5691.0,5712.0,5662.0,5665.0,157635.0,1308642.0,1296578.0
2021-07-27 13:00:00,5660.0,5699.0,5646.0,5660.0,205373.0,1296578.0,1310156.0
2021-07-27 14:00:00,5660.0,5670.0,5581.0,5613.0,491748.0,1310156.0,1292319.0
2021-07-27 21:00:00,5599.0,5622.0,5585.0,5621.0,270245.0,1292319.0,1269053.0
2021-07-27 22:00:00,5621.0,5647.0,5601.0,5606.0,183929.0,1269053.0,1248849.0
2021-07-28 09:00:00,5607.0,5678.0,5605.0,5669.0,236034.0,1248849.0,1242485.0
2021-07-28 10:00:00,5669.0,5703.0,5641.0,5685.0,185299.0,1242485.0,1256033.0
2021-07-28 11:00:00,5685.0,5695.0,5673.0,5680.0,72884.0,1256033.0,1260238.0
2021-07-28 13:00:00,5692.0,5705.0,5647.0,5662.0,151824.0,1260238.0,1265402.0
2021-07-28 14:00:00,5662.0,5677.0,5635.0,5658.0,200409.0,1265402.0,1261899.0
2021-07-28 21:00:00,5665.0,5672.0,5637.0,5638.0,169674.0,1261899.0,1248164.0
2021-07-28 22:00:00,5638.0,5653.0,5628.0,5643.0,114036.0,1248164.0,1227595.0
2021-07-29 09:00:00,5642.0,5674.0,5642.0,5664.0,169673.0,1227595.0,1211128.0
2021-07-29 10:00:00,5664.0,5689.0,5641.0,5682.0,178877.0,1211128.0,1217326.0
2021-07-29 11:00:00,5682.0,5696.0,5672.0,5674.0,88910.0,1217326.0,1220749.0
2021-07-29 13:00:00,5677.0,5690.0,5652.0,5689.0,123392.0,1220749.0,1224702.0
2021-07-29 14:00:00,5689.0,5770.0,5681.0,5753.0,365396.0,1224702.0,1271187.0
2021-07-29 21:00:00,5761.0,5783.0,5736.0,5761.0,311140.0,1271187.0,1269854.0
2021-07-29 22:00:00,5761.0,5771.0,5730.0,5752.0,143114.0,1269854.0,1261302.0
2021-07-30 09:00:00,5750.0,5764.0,5710.0,5742.0,249598.0,1261302.0,1255349.0
2021-07-30 10:00:00,5742.0,5773.0,5736.0,5773.0,100351.0,1255349.0,1270285.0
2021-07-30 11:00:00,5773.0,5793.0,5750.0,5753.0,108584.0,1270285.0,1278610.0
2021-07-30 13:00:00,5740.0,5740.0,5672.0,5680.0,386681.0,1278610.0,1262629.0
2021-07-30 14:00:00,5680.0,5744.0,5669.0,5737.0,298376.0,1262629.0,1246720.0
2021-07-30 21:00:00,5682.0,5685.0,5566.0,5595.0,666760.0,1246720.0,1153859.0
2021-07-30 22:00:00,5595.0,5602.0,5455.0,5457.0,652498.0,1153859.0,1126521.0
2021-08-02 09:00:00,5460.0,5519.0,5385.0,5388.0,672395.0,1126521.0,1141153.0
2021-08-02 10:00:00,5388.0,5431.0,5367.0,5407.0,232708.0,1141153.0,1136521.0
2021-08-02 11:00:00,5407.0,5436.0,5403.0,5436.0,94316.0,1136521.0,1142231.0
2021-08-02 13:00:00,5440.0,5472.0,5429.0,5466.0,162396.0,1142231.0,1158842.0
2021-08-02 14:00:00,5466.0,5478.0,5405.0,5414.0,266760.0,1158842.0,1158574.0
2021-08-02 21:00:00,5402.0,5418.0,5360.0,5384.0,363316.0,1158574.0,1128009.0
2021-08-02 22:00:00,5384.0,5389.0,5352.0,5372.0,192489.0,1128009.0,1099947.0
2021-08-03 09:00:00,5371.0,5371.0,5258.0,5263.0,515189.0,1099947.0,1066109.0
2021-08-03 10:00:00,5263.0,5313.0,5261.0,5288.0,220727.0,1066109.0,1066220.0
2021-08-03 11:00:00,5288.0,5329.0,5278.0,5299.0,135873.0,1066220.0,1052046.0
2021-08-03 13:00:00,5300.0,5308.0,5276.0,5282.0,104500.0,1052046.0,1059550.0
2021-08-03 14:00:00,5282.0,5288.0,5238.0,5247.0,257449.0,1059550.0,1067241.0
2021-08-03 21:00:00,5219.0,5336.0,5218.0,5325.0,553608.0,1067241.0,1007832.0
2021-08-03 22:00:00,5325.0,5379.0,5325.0,5364.0,352356.0,1007832.0,985332.0
2021-08-04 09:00:00,5365.0,5389.0,5344.0,5368.0,234070.0,985332.0,1000468.0
2021-08-04 10:00:00,5368.0,5419.0,5363.0,5409.0,190678.0,1000468.0,1014026.0
2021-08-04 11:00:00,5409.0,5425.0,5399.0,5411.0,95297.0,1014026.0,1014478.0
2021-08-04 13:00:00,5412.0,5447.0,5391.0,5438.0,165355.0,1014478.0,1023083.0
2021-08-04 14:00:00,5438.0,5463.0,5437.0,5454.0,222530.0,1023083.0,1018127.0
2021-08-04 21:00:00,5450.0,5496.0,5428.0,5486.0,346572.0,1018127.0,975970.0
2021-08-04 22:00:00,5486.0,5496.0,5437.0,5462.0,238742.0,975970.0,944134.0
2021-08-05 09:00:00,5458.0,5459.0,5410.0,5413.0,266597.0,944134.0,937673.0
2021-08-05 10:00:00,5413.0,5466.0,5406.0,5411.0,201338.0,937673.0,940556.0
2021-08-05 11:00:00,5411.0,5420.0,5378.0,5389.0,191870.0,940556.0,940591.0
2021-08-05 13:00:00,5383.0,5408.0,5366.0,5381.0,144921.0,940591.0,952531.0
2021-08-05 14:00:00,5381.0,5415.0,5372.0,5373.0,198512.0,952531.0,948427.0
2021-08-05 21:00:00,5358.0,5371.0,5318.0,5347.0,397155.0,948427.0,912327.0
2021-08-05 22:00:00,5347.0,5384.0,5336.0,5363.0,173722.0,912327.0,890622.0
2021-08-06 09:00:00,5363.0,5395.0,5358.0,5378.0,163374.0,890622.0,886454.0
2021-08-06 10:00:00,5378.0,5422.0,5369.0,5406.0,130787.0,886454.0,885706.0
2021-08-06 11:00:00,5406.0,5443.0,5405.0,5425.0,92929.0,885706.0,889452.0
2021-08-06 13:00:00,5426.0,5445.0,5396.0,5430.0,102111.0,889452.0,890909.0
2021-08-06 14:00:00,5430.0,5437.0,5379.0,5379.0,179112.0,890909.0,892240.0
2021-08-06 21:00:00,5372.0,5389.0,5344.0,5357.0,234741.0,892240.0,867882.0
2021-08-06 22:00:00,5357.0,5374.0,5330.0,5341.0,164962.0,867882.0,855102.0
2021-08-09 09:00:00,5332.0,5332.0,5262.0,5264.0,314436.0,855102.0,857601.0
2021-08-09 10:00:00,5264.0,5350.0,5261.0,5321.0,191013.0,857601.0,853816.0
2021-08-09 11:00:00,5321.0,5373.0,5321.0,5357.0,106435.0,853816.0,856741.0
2021-08-09 13:00:00,5357.0,5366.0,5340.0,5359.0,68393.0,856741.0,859847.0
2021-08-09 14:00:00,5359.0,5382.0,5322.0,5330.0,177676.0,859847.0,866210.0
2021-08-09 21:00:00,5377.0,5440.0,5368.0,5400.0,305465.0,866210.0,736285.0
2021-08-09 22:00:00,5400.0,5408.0,5368.0,5385.0,103202.0,736285.0,735995.0
2021-08-10 09:00:00,5383.0,5420.0,5357.0,5374.0,165636.0,735995.0,748187.0
2021-08-10 10:00:00,5374.0,5433.0,5360.0,5414.0,137229.0,748187.0,758474.0
2021-08-10 11:00:00,5414.0,5451.0,5403.0,5450.0,80515.0,758474.0,765058.0
2021-08-10 13:00:00,5451.0,5487.0,5437.0,5469.0,149665.0,765058.0,784635.0
2021-08-10 14:00:00,5469.0,5501.0,5465.0,5497.0,186855.0,784635.0,828255.0
2021-08-10 21:00:00,5501.0,5574.0,5496.0,5573.0,302790.0,828255.0,888751.0
2021-08-10 22:00:00,5573.0,5575.0,5546.0,5571.0,141441.0,888751.0,905033.0
2021-08-11 09:00:00,5576.0,5598.0,5542.0,5557.0,280881.0,905033.0,937846.0
2021-08-11 10:00:00,5557.0,5571.0,5535.0,5559.0,132308.0,937846.0,938490.0
2021-08-11 11:00:00,5559.0,5570.0,5548.0,5549.0,58247.0,938490.0,942680.0
2021-08-11 13:00:00,5546.0,5563.0,5516.0,5561.0,168408.0,942680.0,948436.0
2021-08-11 14:00:00,5561.0,5600.0,5554.0,5597.0,212889.0,948436.0,961520.0
2021-08-11 21:00:00,5567.0,5583.0,5539.0,5572.0,269334.0,961520.0,978970.0
2021-08-11 22:00:00,5572.0,5576.0,5530.0,5534.0,135916.0,978970.0,971634.0
2021-08-12 09:00:00,5535.0,5565.0,5531.0,5551.0,204725.0,971634.0,983103.0
2021-08-12 10:00:00,5551.0,5579.0,5530.0,5575.0,173637.0,983103.0,998442.0
2021-08-12 11:00:00,5575.0,5589.0,5545.0,5545.0,119394.0,998442.0,1010795.0
2021-08-12 13:00:00,5544.0,5550.0,5502.0,5510.0,259084.0,1010795.0,1030617.0
2021-08-12 14:00:00,5510.0,5529.0,5441.0,5442.0,514861.0,1030617.0,1030048.0
2021-08-12 21:00:00,5437.0,5442.0,5395.0,5428.0,471822.0,1030048.0,1040957.0
2021-08-12 22:00:00,5428.0,5449.0,5400.0,5400.0,225422.0,1040957.0,1038744.0
2021-08-13 09:00:00,5400.0,5442.0,5386.0,5435.0,310792.0,1038744.0,1050275.0
2021-08-13 10:00:00,5435.0,5481.0,5430.0,5471.0,247856.0,1050275.0,1049027.0
2021-08-13 11:00:00,5471.0,5488.0,5454.0,5462.0,126676.0,1049027.0,1057361.0
2021-08-13 13:00:00,5462.0,5477.0,5445.0,5456.0,133552.0,1057361.0,1067822.0
2021-08-13 14:00:00,5456.0,5502.0,5447.0,5482.0,275538.0,1067822.0,1066680.0
2021-08-13 21:00:00,5479.0,5488.0,5423.0,5451.0,350667.0,1066680.0,1067025.0
2021-08-13 22:00:00,5451.0,5492.0,5447.0,5467.0,230121.0,1067025.0,1046955.0
2021-08-16 09:00:00,5460.0,5498.0,5432.0,5450.0,369560.0,1046955.0,1057570.0
2021-08-16 10:00:00,5450.0,5450.0,5290.0,5304.0,750934.0,1057570.0,1123516.0
2021-08-16 11:00:00,5304.0,5357.0,5304.0,5344.0,277247.0,1123516.0,1116710.0
2021-08-16 13:00:00,5345.0,5363.0,5313.0,5329.0,212047.0,1116710.0,1123055.0
2021-08-16 14:00:00,5329.0,5361.0,5322.0,5328.0,281115.0,1123055.0,1108556.0
2021-08-16 21:00:00,5306.0,5338.0,5298.0,5319.0,305822.0,1108556.0,1120839.0
2021-08-16 22:00:00,5319.0,5332.0,5288.0,5323.0,236449.0,1120839.0,1117100.0
2021-08-17 09:00:00,5326.0,5382.0,5326.0,5375.0,294297.0,1117100.0,1122685.0
2021-08-17 10:00:00,5375.0,5378.0,5343.0,5369.0,169032.0,1122685.0,1122152.0
2021-08-17 11:00:00,5369.0,5383.0,5363.0,5363.0,106385.0,1122152.0,1124235.0
2021-08-17 13:00:00,5350.0,5360.0,5339.0,5347.0,132339.0,1124235.0,1125258.0
2021-08-17 14:00:00,5347.0,5379.0,5333.0,5345.0,280072.0,1125258.0,1123010.0
2021-08-17 21:00:00,5344.0,5363.0,5317.0,5327.0,303383.0,1123010.0,1132742.0
2021-08-17 22:00:00,5327.0,5331.0,5272.0,5287.0,335369.0,1132742.0,1145409.0
2021-08-18 09:00:00,5285.0,5295.0,5226.0,5229.0,536502.0,1145409.0,1195458.0
2021-08-18 10:00:00,5229.0,5238.0,5125.0,5169.0,693131.0,1195458.0,1257650.0
2021-08-18 11:00:00,5169.0,5214.0,5162.0,5165.0,299272.0,1257650.0,1248237.0
2021-08-18 13:00:00,5168.0,5185.0,5142.0,5150.0,251754.0,1248237.0,1261676.0
2021-08-18 14:00:00,5150.0,5169.0,5121.0,5144.0,385718.0,1261676.0,1240085.0
2021-08-18 21:00:00,5096.0,5126.0,5027.0,5041.0,726989.0,1240085.0,1283316.0
2021-08-18 22:00:00,5041.0,5041.0,4925.0,4968.0,922271.0,1283316.0,1255792.0
2021-08-19 09:00:00,4963.0,5037.0,4956.0,5026.0,515320.0,1255792.0,1246853.0
2021-08-19 10:00:00,5026.0,5031.0,4967.0,5025.0,325509.0,1246853.0,1247153.0
2021-08-19 11:00:00,5025.0,5028.0,4991.0,5017.0,173818.0,1247153.0,1249043.0
2021-08-19 13:00:00,5028.0,5071.0,5028.0,5057.0,309500.0,1249043.0,1248636.0
2021-08-19 14:00:00,5057.0,5060.0,5005.0,5017.0,369491.0,1248636.0,1252525.0
2021-08-19 21:00:00,4955.0,5005.0,4890.0,4987.0,683525.0,1252525.0,1270266.0
2021-08-19 22:00:00,4987.0,4996.0,4937.0,4980.0,386343.0,1270266.0,1261237.0
2021-08-20 09:00:00,4987.0,5062.0,4985.0,5055.0,472836.0,1261237.0,1269331.0
2021-08-20 10:00:00,5055.0,5081.0,5038.0,5055.0,271215.0,1269331.0,1265040.0
2021-08-20 11:00:00,5055.0,5109.0,5054.0,5093.0,247677.0,1265040.0,1265030.0
2021-08-20 13:00:00,5093.0,5116.0,5065.0,5087.0,228020.0,1265030.0,1268857.0
2021-08-20 14:00:00,5087.0,5125.0,5083.0,5100.0,335231.0,1268857.0,1264779.0
2021-08-20 21:00:00,5105.0,5148.0,5068.0,5136.0,575685.0,1264779.0,1254171.0
2021-08-20 22:00:00,5136.0,5164.0,5113.0,5152.0,287832.0,1254171.0,1235873.0
2021-08-23 09:00:00,5140.0,5140.0,5063.0,5088.0,535134.0,1235873.0,1236268.0
2021-08-23 10:00:00,5088.0,5145.0,5087.0,5141.0,309573.0,1236268.0,1242614.0
2021-08-23 11:00:00,5141.0,5167.0,5118.0,5125.0,177121.0,1242614.0,1232406.0
2021-08-23 13:00:00,5130.0,5155.0,5119.0,5125.0,141532.0,1232406.0,1240323.0
2021-08-23 14:00:00,5125.0,5129.0,5090.0,5102.0,343214.0,1240323.0,1232528.0
2021-08-23 21:00:00,5138.0,5210.0,5109.0,5208.0,636243.0,1232528.0,1232784.0
2021-08-23 22:00:00,5208.0,5216.0,5155.0,5184.0,384660.0,1232784.0,1207320.0
2021-08-24 09:00:00,5188.0,5234.0,5173.0,5233.0,372226.0,1207320.0,1206264.0
2021-08-24 10:00:00,5233.0,5241.0,5192.0,5216.0,254875.0,1206264.0,1196306.0
2021-08-24 11:00:00,5216.0,5225.0,5204.0,5212.0,83629.0,1196306.0,1198670.0
2021-08-24 13:00:00,5210.0,5236.0,5189.0,5225.0,182979.0,1198670.0,1191416.0
2021-08-24 14:00:00,5225.0,5236.0,5204.0,5235.0,259569.0,1191416.0,1187775.0
2021-08-24 21:00:00,5240.0,5249.0,5210.0,5243.0,399946.0,1187775.0,1182425.0
2021-08-24 22:00:00,5243.0,5279.0,5236.0,5274.0,307270.0,1182425.0,1172155.0
2021-08-25 09:00:00,5275.0,5275.0,5230.0,5242.0,297428.0,1172155.0,1169985.0
2021-08-25 10:00:00,5242.0,5246.0,5206.0,5236.0,238221.0,1169985.0,1159031.0
2021-08-25 11:00:00,5236.0,5268.0,5236.0,5260.0,189471.0,1159031.0,1148019.0
2021-08-25 13:00:00,5260.0,5261.0,5228.0,5234.0,162890.0,1148019.0,1143101.0
2021-08-25 14:00:00,5234.0,5246.0,5216.0,5236.0,240998.0,1143101.0,1134685.0
2021-08-25 21:00:00,5220.0,5275.0,5187.0,5238.0,577904.0,1134685.0,1122489.0
2021-08-25 22:00:00,5238.0,5285.0,5226.0,5259.0,346192.0,1122489.0,1093064.0
2021-08-26 09:00:00,5259.0,5265.0,5221.0,5232.0,285778.0,1093064.0,1093017.0
2021-08-26 10:00:00,5232.0,5257.0,5201.0,5257.0,248790.0,1093017.0,1094350.0
2021-08-26 11:00:00,5257.0,5263.0,5242.0,5252.0,112508.0,1094350.0,1091096.0
2021-08-26 13:00:00,5237.0,5238.0,5215.0,5229.0,181797.0,1091096.0,1100666.0
2021-08-26 14:00:00,5229.0,5230.0,5104.0,5108.0,633778.0,1100666.0,1131537.0
2021-08-26 21:00:00,5082.0,5128.0,5075.0,5097.0,537797.0,1131537.0,1149848.0
2021-08-26 22:00:00,5097.0,5108.0,5068.0,5101.0,323226.0,1149848.0,1145012.0
2021-08-27 09:00:00,5099.0,5154.0,5096.0,5146.0,370834.0,1145012.0,1143078.0
2021-08-27 10:00:00,5146.0,5181.0,5139.0,5169.0,243869.0,1143078.0,1142763.0
2021-08-27 11:00:00,5169.0,5201.0,5165.0,5197.0,194993.0,1142763.0,1148443.0
2021-08-27 13:00:00,5195.0,5238.0,5194.0,5220.0,288049.0,1148443.0,1139569.0
2021-08-27 14:00:00,5220.0,5232.0,5205.0,5222.0,308551.0,1139569.0,1124900.0
2021-08-27 21:00:00,5243.0,5262.0,5221.0,5233.0,374929.0,1124900.0,1123527.0
2021-08-27 22:00:00,5233.0,5248.0,5184.0,5229.0,339145.0,1123527.0,1095683.0
2021-08-30 09:00:00,5233.0,5348.0,5231.0,5337.0,675965.0,1095683.0,1135008.0
2021-08-30 10:00:00,5337.0,5339.0,5301.0,5328.0,201722.0,1135008.0,1145023.0
2021-08-30 11:00:00,5328.0,5356.0,5327.0,5352.0,155454.0,1145023.0,1146845.0
2021-08-30 13:00:00,5353.0,5374.0,5334.0,5344.0,195828.0,1146845.0,1155687.0
2021-08-30 14:00:00,5344.0,5356.0,5328.0,5354.0,236679.0,1155687.0,1149924.0
2021-08-30 21:00:00,5364.0,5377.0,5340.0,5351.0,432161.0,1149924.0,1173420.0
2021-08-30 22:00:00,5351.0,5365.0,5329.0,5346.0,220860.0,1173420.0,1148990.0
2021-08-31 09:00:00,5346.0,5355.0,5318.0,5353.0,257803.0,1148990.0,1151856.0
2021-08-31 10:00:00,5353.0,5366.0,5325.0,5329.0,184957.0,1151856.0,1155220.0
2021-08-31 11:00:00,5329.0,5338.0,5298.0,5300.0,229710.0,1155220.0,1140844.0
2021-08-31 13:00:00,5303.0,5324.0,5291.0,5312.0,176734.0,1140844.0,1150259.0
2021-08-31 14:00:00,5312.0,5322.0,5287.0,5308.0,294731.0,1150259.0,1158510.0
2021-08-31 21:00:00,5296.0,5314.0,5259.0,5301.0,501896.0,1158510.0,1163316.0
2021-08-31 22:00:00,5301.0,5309.0,5257.0,5277.0,289753.0,1163316.0,1159082.0
2021-09-01 09:00:00,5280.0,5303.0,5253.0,5255.0,292326.0,1159082.0,1176415.0
2021-09-01 10:00:00,5255.0,5265.0,5197.0,5228.0,441470.0,1176415.0,1179644.0
2021-09-01 11:00:00,5228.0,5287.0,5227.0,5231.0,281786.0,1179644.0,1181344.0
2021-09-01 13:00:00,5244.0,5281.0,5244.0,5271.0,183837.0,1181344.0,1191019.0
2021-09-01 14:00:00,5271.0,5274.0,5237.0,5242.0,276797.0,1191019.0,1178109.0
2021-09-01 21:00:00,5246.0,5297.0,5243.0,5279.0,390879.0,1178109.0,1201483.0
2021-09-01 22:00:00,5279.0,5330.0,5279.0,5315.0,328540.0,1201483.0,1206322.0
2021-09-02 09:00:00,5309.0,5325.0,5267.0,5270.0,357848.0,1206322.0,1202998.0
2021-09-02 10:00:00,5270.0,5335.0,5259.0,5335.0,357065.0,1202998.0,1200666.0
2021-09-02 11:00:00,5335.0,5348.0,5311.0,5322.0,198381.0,1200666.0,1203202.0
2021-09-02 13:00:00,5318.0,5318.0,5215.0,5238.0,631613.0,1203202.0,1186103.0
2021-09-02 14:00:00,5238.0,5309.0,5235.0,5273.0,556808.0,1186103.0,1147372.0
2021-09-02 21:00:00,5262.0,5384.0,5243.0,5374.0,755681.0,1147372.0,1206231.0
2021-09-02 22:00:00,5374.0,5395.0,5367.0,5383.0,291621.0,1206231.0,1205335.0
2021-09-03 09:00:00,5385.0,5400.0,5363.0,5379.0,327937.0,1205335.0,1221501.0
2021-09-03 10:00:00,5379.0,5412.0,5365.0,5411.0,224488.0,1221501.0,1229656.0
2021-09-03 11:00:00,5411.0,5449.0,5408.0,5432.0,278410.0,1229656.0,1252368.0
2021-09-03 13:00:00,5429.0,5448.0,5424.0,5436.0,125640.0,1252368.0,1263381.0
2021-09-03 14:00:00,5436.0,5446.0,5381.0,5408.0,446910.0,1263381.0,1224178.0
2021-09-03 21:00:00,5419.0,5432.0,5388.0,5413.0,392895.0,1224178.0,1228964.0
2021-09-03 22:00:00,5413.0,5445.0,5404.0,5433.0,245775.0,1228964.0,1227584.0
2021-09-06 09:00:00,5400.0,5435.0,5372.0,5389.0,466265.0,1227584.0,1211284.0
2021-09-06 10:00:00,5389.0,5419.0,5370.0,5416.0,293401.0,1211284.0,1195765.0
2021-09-06 11:00:00,5416.0,5479.0,5406.0,5463.0,367231.0,1195765.0,1236413.0
2021-09-06 13:00:00,5463.0,5486.0,5463.0,5484.0,190059.0,1236413.0,1262313.0
2021-09-06 14:00:00,5484.0,5495.0,5451.0,5473.0,317451.0,1262313.0,1261350.0
2021-09-06 21:00:00,5483.0,5556.0,5480.0,5527.0,481969.0,1261350.0,1282263.0
2021-09-06 22:00:00,5527.0,5542.0,5490.0,5506.0,292393.0,1282263.0,1266181.0
2021-09-07 09:00:00,5508.0,5532.0,5465.0,5488.0,385329.0,1266181.0,1257570.0
2021-09-07 10:00:00,5488.0,5492.0,5471.0,5481.0,191638.0,1257570.0,1256012.0
2021-09-07 11:00:00,5481.0,5486.0,5463.0,5475.0,121772.0,1256012.0,1254074.0
2021-09-07 13:00:00,5476.0,5504.0,5473.0,5496.0,142790.0,1254074.0,1254549.0
2021-09-07 14:00:00,5496.0,5528.0,5474.0,5494.0,347018.0,1254549.0,1248290.0
2021-09-07 21:00:00,5481.0,5488.0,5404.0,5416.0,685563.0,1248290.0,1242836.0
2021-09-07 22:00:00,5416.0,5459.0,5415.0,5421.0,308607.0,1242836.0,1222071.0
2021-09-08 09:00:00,5424.0,5473.0,5401.0,5454.0,316243.0,1222071.0,1226831.0
2021-09-08 10:00:00,5454.0,5461.0,5425.0,5431.0,162165.0,1226831.0,1226592.0
2021-09-08 11:00:00,5431.0,5437.0,5410.0,5413.0,143207.0,1226592.0,1219877.0
2021-09-08 13:00:00,5410.0,5460.0,5400.0,5453.0,238650.0,1219877.0,1229739.0
2021-09-08 14:00:00,5453.0,5479.0,5444.0,5452.0,261855.0,1229739.0,1211136.0
2021-09-08 21:00:00,5471.0,5520.0,5464.0,5494.0,450898.0,1211136.0,1237974.0
2021-09-08 22:00:00,5494.0,5496.0,5460.0,5487.0,287305.0,1237974.0,1230519.0
2021-09-09 09:00:00,5495.0,5532.0,5479.0,5525.0,459472.0,1230519.0,1262202.0
2021-09-09 10:00:00,5525.0,5574.0,5521.0,5572.0,344292.0,1262202.0,1292342.0
2021-09-09 11:00:00,5572.0,5584.0,5555.0,5581.0,183862.0,1292342.0,1313557.0
2021-09-09 13:00:00,5590.0,5678.0,5590.0,5660.0,500501.0,1313557.0,1380858.0
2021-09-09 14:00:00,5660.0,5693.0,5647.0,5682.0,449558.0,1380858.0,1402569.0
2021-09-09 21:00:00,5717.0,5731.0,5685.0,5697.0,480872.0,1402569.0,1435631.0
2021-09-09 22:00:00,5697.0,5711.0,5665.0,5686.0,271845.0,1435631.0,1425035.0
2021-09-10 09:00:00,5686.0,5700.0,5664.0,5683.0,368779.0,1425035.0,1448598.0
2021-09-10 10:00:00,5683.0,5715.0,5671.0,5676.0,220906.0,1448598.0,1463336.0
2021-09-10 11:00:00,5676.0,5686.0,5653.0,5656.0,172350.0,1463336.0,1456843.0
2021-09-10 13:00:00,5655.0,5675.0,5606.0,5629.0,337057.0,1456843.0,1442215.0
2021-09-10 14:00:00,5629.0,5662.0,5609.0,5640.0,361042.0,1442215.0,1440779.0
2021-09-10 21:00:00,5645.0,5696.0,5640.0,5694.0,361452.0,1440779.0,1479021.0
2021-09-10 22:00:00,5694.0,5708.0,5650.0,5684.0,282897.0,1479021.0,1468196.0
2021-09-13 09:00:00,5701.0,5763.0,5701.0,5726.0,430105.0,1468196.0,1485082.0
2021-09-13 10:00:00,5726.0,5730.0,5686.0,5691.0,267930.0,1485082.0,1481100.0
2021-09-13 11:00:00,5691.0,5698.0,5675.0,5694.0,116942.0,1481100.0,1480734.0
2021-09-13 13:00:00,5694.0,5697.0,5664.0,5686.0,176840.0,1480734.0,1492645.0
2021-09-13 14:00:00,5686.0,5695.0,5622.0,5642.0,463382.0,1492645.0,1479218.0
2021-09-13 21:00:00,5659.0,5680.0,5580.0,5584.0,542591.0,1479218.0,1474895.0
2021-09-13 22:00:00,5584.0,5644.0,5553.0,5638.0,613277.0,1474895.0,1433411.0
2021-09-14 09:00:00,5640.0,5646.0,5616.0,5636.0,239564.0,1433411.0,1454660.0
2021-09-14 10:00:00,5636.0,5673.0,5606.0,5658.0,228262.0,1454660.0,1462902.0
2021-09-14 11:00:00,5658.0,5672.0,5639.0,5659.0,109357.0,1462902.0,1467782.0
2021-09-14 13:00:00,5660.0,5663.0,5604.0,5605.0,228526.0,1467782.0,1457799.0
2021-09-14 14:00:00,5605.0,5609.0,5486.0,5492.0,916398.0,1457799.0,1378900.0
2021-09-14 21:00:00,5498.0,5522.0,5455.0,5477.0,690750.0,1378900.0,1398921.0
2021-09-14 22:00:00,5477.0,5482.0,5425.0,5426.0,476864.0,1398921.0,1376141.0
2021-09-15 09:00:00,5426.0,5515.0,5417.0,5512.0,507231.0,1376141.0,1387211.0
2021-09-15 10:00:00,5512.0,5558.0,5473.0,5555.0,440777.0,1387211.0,1381583.0
2021-09-15 11:00:00,5555.0,5569.0,5531.0,5567.0,164188.0,1381583.0,1374863.0
2021-09-15 13:00:00,5570.0,5581.0,5518.0,5529.0,298460.0,1374863.0,1366015.0
2021-09-15 14:00:00,5529.0,5543.0,5485.0,5518.0,393952.0,1366015.0,1345649.0
2021-09-15 21:00:00,5552.0,5628.0,5531.0,5621.0,543910.0,1345649.0,1367544.0
2021-09-15 22:00:00,5621.0,5622.0,5582.0,5599.0,353602.0,1367544.0,1354990.0
2021-09-16 09:00:00,5603.0,5650.0,5567.0,5645.0,463695.0,1354990.0,1393568.0
2021-09-16 10:00:00,5645.0,5665.0,5635.0,5635.0,278255.0,1393568.0,1407200.0
2021-09-16 11:00:00,5635.0,5654.0,5624.0,5652.0,112966.0,1407200.0,1407831.0
2021-09-16 13:00:00,5645.0,5685.0,5563.0,5606.0,561225.0,1407831.0,1384585.0
2021-09-16 14:00:00,5606.0,5612.0,5538.0,5541.0,519379.0,1384585.0,1342319.0
2021-09-16 21:00:00,5556.0,5588.0,5503.0,5514.0,695199.0,1342319.0,1322242.0
2021-09-16 22:00:00,5514.0,5540.0,5425.0,5503.0,705414.0,1322242.0,1263490.0
2021-09-17 09:00:00,5506.0,5547.0,5474.0,5486.0,413719.0,1263490.0,1261381.0
2021-09-17 10:00:00,5486.0,5517.0,5454.0,5457.0,301373.0,1261381.0,1244038.0
2021-09-17 11:00:00,5457.0,5515.0,5451.0,5511.0,168742.0,1244038.0,1237601.0
2021-09-17 13:00:00,5512.0,5523.0,5454.0,5463.0,233373.0,1237601.0,1239072.0
2021-09-17 14:00:00,5463.0,5484.0,5423.0,5478.0,465236.0,1239072.0,1195609.0
2021-09-22 09:00:00,5501.0,5535.0,5457.0,5519.0,767097.0,1195609.0,1236881.0
2021-09-22 10:00:00,5519.0,5553.0,5506.0,5537.0,318343.0,1236881.0,1246232.0
2021-09-22 11:00:00,5537.0,5545.0,5511.0,5522.0,120743.0,1246232.0,1250739.0
2021-09-22 13:00:00,5526.0,5536.0,5513.0,5532.0,161704.0,1250739.0,1258968.0
2021-09-22 14:00:00,5532.0,5660.0,5529.0,5656.0,580236.0,1258968.0,1264601.0
2021-09-22 21:00:00,5654.0,5688.0,5613.0,5628.0,551404.0,1264601.0,1285418.0
2021-09-22 22:00:00,5628.0,5651.0,5623.0,5630.0,244482.0,1285418.0,1277678.0
2021-09-23 09:00:00,5631.0,5673.0,5627.0,5654.0,356000.0,1277678.0,1295285.0
2021-09-23 10:00:00,5654.0,5659.0,5603.0,5613.0,312770.0,1295285.0,1298944.0
2021-09-23 11:00:00,5613.0,5616.0,5563.0,5608.0,273784.0,1298944.0,1287054.0
2021-09-23 13:00:00,5600.0,5633.0,5583.0,5629.0,233833.0,1287054.0,1302289.0
2021-09-23 14:00:00,5629.0,5632.0,5581.0,5605.0,340632.0,1302289.0,1300291.0
2021-09-23 21:00:00,5584.0,5596.0,5529.0,5543.0,581517.0,1300291.0,1287947.0
2021-09-23 22:00:00,5543.0,5552.0,5478.0,5518.0,552843.0,1287947.0,1242974.0
2021-09-24 09:00:00,5516.0,5551.0,5485.0,5486.0,379939.0,1242974.0,1235306.0
2021-09-24 10:00:00,5486.0,5521.0,5441.0,5465.0,390782.0,1235306.0,1241610.0
2021-09-24 11:00:00,5465.0,5498.0,5462.0,5495.0,230959.0,1241610.0,1240228.0
2021-09-24 13:00:00,5490.0,5515.0,5471.0,5485.0,162661.0,1240228.0,1241044.0
2021-09-24 14:00:00,5485.0,5488.0,5454.0,5468.0,280421.0,1241044.0,1226142.0
2021-09-24 21:00:00,5446.0,5461.0,5384.0,5429.0,670607.0,1226142.0,1241600.0
2021-09-24 22:00:00,5429.0,5522.0,5428.0,5499.0,522478.0,1241600.0,1199775.0
2021-09-27 09:00:00,5510.0,5578.0,5505.0,5536.0,561044.0,1199775.0,1201817.0
2021-09-27 10:00:00,5536.0,5560.0,5523.0,5538.0,172279.0,1201817.0,1206352.0
2021-09-27 11:00:00,5538.0,5586.0,5535.0,5562.0,189134.0,1206352.0,1209095.0
2021-09-27 13:00:00,5563.0,5579.0,5545.0,5566.0,143016.0,1209095.0,1206412.0
2021-09-27 14:00:00,5566.0,5600.0,5553.0,5564.0,343822.0,1206412.0,1208773.0
2021-09-27 21:00:00,5576.0,5619.0,5566.0,5600.0,400918.0,1208773.0,1221695.0
2021-09-27 22:00:00,5600.0,5602.0,5554.0,5572.0,273491.0,1221695.0,1198111.0
2021-09-28 09:00:00,5572.0,5598.0,5548.0,5566.0,355154.0,1198111.0,1197540.0
2021-09-28 10:00:00,5566.0,5626.0,5558.0,5625.0,254682.0,1197540.0,1209779.0
2021-09-28 11:00:00,5625.0,5630.0,5598.0,5621.0,173336.0,1209779.0,1213323.0
2021-09-28 13:00:00,5626.0,5640.0,5602.0,5617.0,222493.0,1213323.0,1221197.0
2021-09-28 14:00:00,5617.0,5640.0,5604.0,5634.0,251384.0,1221197.0,1215932.0
2021-09-28 21:00:00,5638.0,5700.0,5632.0,5678.0,488222.0,1215932.0,1229895.0
2021-09-28 22:00:00,5678.0,5685.0,5610.0,5640.0,392677.0,1229895.0,1200199.0
2021-09-29 09:00:00,5641.0,5667.0,5620.0,5633.0,242246.0,1200199.0,1211899.0
2021-09-29 10:00:00,5633.0,5637.0,5592.0,5597.0,225391.0,1211899.0,1204776.0
2021-09-29 11:00:00,5597.0,5625.0,5581.0,5616.0,180063.0,1204776.0,1195318.0
2021-09-29 13:00:00,5620.0,5641.0,5618.0,5629.0,137923.0,1195318.0,1194216.0
2021-09-29 14:00:00,5629.0,5659.0,5623.0,5657.0,224377.0,1194216.0,1191708.0
2021-09-29 21:00:00,5642.0,5649.0,5595.0,5610.0,375680.0,1191708.0,1176536.0
2021-09-29 22:00:00,5610.0,5655.0,5604.0,5639.0,222567.0,1176536.0,1164555.0
2021-09-30 09:00:00,5636.0,5648.0,5588.0,5590.0,277858.0,1164555.0,1151246.0
2021-09-30 10:00:00,5590.0,5650.0,5585.0,5647.0,250188.0,1151246.0,1146486.0
2021-09-30 11:00:00,5647.0,5677.0,5635.0,5661.0,166215.0,1146486.0,1157988.0
2021-09-30 13:00:00,5677.0,5730.0,5675.0,5729.0,292118.0,1157988.0,1198441.0
2021-09-30 14:00:00,5729.0,5729.0,5662.0,5706.0,383608.0,1198441.0,1172256.0
2021-10-08 09:00:00,5780.0,5843.0,5701.0,5733.0,698272.0,1172256.0,1183267.0
2021-10-08 10:00:00,5733.0,5765.0,5707.0,5759.0,209445.0,1183267.0,1202180.0
2021-10-08 11:00:00,5759.0,5790.0,5747.0,5773.0,125790.0,1202180.0,1211977.0
2021-10-08 13:00:00,5777.0,5784.0,5733.0,5752.0,126266.0,1211977.0,1207303.0
2021-10-08 14:00:00,5752.0,5778.0,5749.0,5750.0,224376.0,1207303.0,1207041.0
2021-10-08 21:00:00,5760.0,5819.0,5738.0,5819.0,399055.0,1207041.0,1263516.0
2021-10-08 22:00:00,5819.0,5870.0,5810.0,5866.0,331740.0,1263516.0,1308228.0
2021-10-11 09:00:00,5850.0,5865.0,5755.0,5761.0,631411.0,1308228.0,1322177.0
2021-10-11 10:00:00,5761.0,5814.0,5751.0,5812.0,238594.0,1322177.0,1335092.0
2021-10-11 11:00:00,5812.0,5822.0,5794.0,5809.0,126296.0,1335092.0,1341710.0
2021-10-11 13:00:00,5810.0,5845.0,5804.0,5835.0,144394.0,1341710.0,1359779.0
2021-10-11 14:00:00,5835.0,5855.0,5786.0,5808.0,361995.0,1359779.0,1345601.0
2021-10-11 21:00:00,5804.0,5812.0,5749.0,5784.0,478219.0,1345601.0,1352802.0
2021-10-11 22:00:00,5784.0,5789.0,5734.0,5745.0,399919.0,1352802.0,1344164.0
2021-10-12 09:00:00,5736.0,5754.0,5680.0,5682.0,483780.0,1344164.0,1325082.0
2021-10-12 10:00:00,5682.0,5744.0,5670.0,5709.0,272981.0,1325082.0,1323171.0
2021-10-12 11:00:00,5709.0,5724.0,5601.0,5613.0,393887.0,1323171.0,1317535.0
2021-10-12 13:00:00,5616.0,5636.0,5589.0,5610.0,292202.0,1317535.0,1319812.0
2021-10-12 14:00:00,5610.0,5611.0,5553.0,5562.0,541738.0,1319812.0,1304162.0
2021-10-12 21:00:00,5534.0,5566.0,5508.0,5528.0,590235.0,1304162.0,1294951.0
2021-10-12 22:00:00,5528.0,5538.0,5503.0,5517.0,287721.0,1294951.0,1290297.0
2021-10-13 09:00:00,5520.0,5534.0,5443.0,5449.0,541627.0,1290297.0,1290442.0
2021-10-13 10:00:00,5449.0,5456.0,5267.0,5417.0,802545.0,1290442.0,1266055.0
2021-10-13 11:00:00,5417.0,5449.0,5406.0,5429.0,181709.0,1266055.0,1264465.0
2021-10-13 13:00:00,5462.0,5564.0,5462.0,5526.0,506571.0,1264465.0,1236878.0
2021-10-13 14:00:00,5526.0,5544.0,5412.0,5421.0,449311.0,1236878.0,1221213.0
2021-10-13 21:00:00,5426.0,5453.0,5388.0,5449.0,462520.0,1221213.0,1234698.0
2021-10-13 22:00:00,5449.0,5466.0,5418.0,5444.0,312255.0,1234698.0,1223801.0
2021-10-14 09:00:00,5451.0,5488.0,5441.0,5484.0,350685.0,1223801.0,1229697.0
2021-10-14 10:00:00,5484.0,5515.0,5468.0,5496.0,255037.0,1229697.0,1231313.0
2021-10-14 11:00:00,5496.0,5535.0,5484.0,5530.0,163736.0,1231313.0,1214556.0
2021-10-14 13:00:00,5528.0,5542.0,5474.0,5494.0,186177.0,1214556.0,1217621.0
2021-10-14 14:00:00,5494.0,5498.0,5433.0,5465.0,305848.0,1217621.0,1212392.0
2021-10-14 21:00:00,5470.0,5502.0,5434.0,5461.0,394263.0,1212392.0,1230090.0
2021-10-14 22:00:00,5461.0,5480.0,5425.0,5478.0,269955.0,1230090.0,1221893.0
2021-10-15 09:00:00,5479.0,5506.0,5464.0,5483.0,300979.0,1221893.0,1212333.0
2021-10-15 10:00:00,5483.0,5495.0,5456.0,5485.0,138056.0,1212333.0,1213062.0
2021-10-15 11:00:00,5485.0,5515.0,5483.0,5514.0,147149.0,1213062.0,1209927.0
2021-10-15 13:00:00,5517.0,5526.0,5503.0,5517.0,145031.0,1209927.0,1200654.0
2021-10-15 14:00:00,5517.0,5552.0,5509.0,5515.0,344630.0,1200654.0,1168438.0
2021-10-15 21:00:00,5518.0,5532.0,5466.0,5469.0,389611.0,1168438.0,1165897.0
2021-10-15 22:00:00,5469.0,5486.0,5400.0,5401.0,449317.0,1165897.0,1177271.0
2021-10-18 09:00:00,5398.0,5411.0,5311.0,5345.0,659628.0,1177271.0,1224392.0
2021-10-18 10:00:00,5345.0,5476.0,5330.0,5474.0,468179.0,1224392.0,1184534.0
2021-10-18 11:00:00,5474.0,5490.0,5443.0,5490.0,157791.0,1184534.0,1179077.0
2021-10-18 13:00:00,5489.0,5491.0,5420.0,5427.0,197433.0,1179077.0,1182032.0
2021-10-18 14:00:00,5427.0,5452.0,5405.0,5422.0,285851.0,1182032.0,1167686.0
2021-10-18 21:00:00,5409.0,5450.0,5381.0,5424.0,439223.0,1167686.0,1182362.0
2021-10-18 22:00:00,5424.0,5434.0,5385.0,5398.0,223938.0,1182362.0,1176862.0
2021-10-19 09:00:00,5400.0,5448.0,5383.0,5444.0,296996.0,1176862.0,1181197.0
2021-10-19 10:00:00,5444.0,5476.0,5426.0,5433.0,302962.0,1181197.0,1182766.0
2021-10-19 11:00:00,5433.0,5510.0,5427.0,5508.0,205867.0,1182766.0,1186637.0
2021-10-19 13:00:00,5512.0,5527.0,5490.0,5521.0,224037.0,1186637.0,1178989.0
2021-10-19 14:00:00,5521.0,5570.0,5517.0,5546.0,430027.0,1178989.0,1143027.0
2021-10-19 21:00:00,5524.0,5537.0,5401.0,5433.0,844795.0,1143027.0,1093990.0
2021-10-19 22:00:00,5433.0,5459.0,5376.0,5419.0,491615.0,1093990.0,1095000.0
2021-10-20 09:00:00,5418.0,5418.0,5353.0,5357.0,453015.0,1095000.0,1140658.0
2021-10-20 10:00:00,5357.0,5393.0,5350.0,5370.0,269049.0,1140658.0,1156255.0
2021-10-20 11:00:00,5370.0,5408.0,5358.0,5384.0,175090.0,1156255.0,1142858.0
2021-10-20 13:00:00,5384.0,5424.0,5373.0,5412.0,219811.0,1142858.0,1122589.0
2021-10-20 14:00:00,5412.0,5421.0,5302.0,5304.0,449460.0,1122589.0,1145737.0
2021-10-20 21:00:00,5295.0,5367.0,5258.0,5353.0,765475.0,1145737.0,1146779.0
2021-10-20 22:00:00,5353.0,5378.0,5334.0,5353.0,332090.0,1146779.0,1131027.0
2021-10-21 09:00:00,5367.0,5390.0,5352.0,5381.0,298503.0,1131027.0,1126391.0
2021-10-21 10:00:00,5381.0,5385.0,5282.0,5315.0,412558.0,1126391.0,1153304.0
2021-10-21 11:00:00,5315.0,5348.0,5312.0,5342.0,173077.0,1153304.0,1154077.0
2021-10-21 13:00:00,5335.0,5335.0,5151.0,5181.0,733463.0,1154077.0,1243907.0
2021-10-21 14:00:00,5181.0,5190.0,4976.0,4976.0,1114264.0,1243907.0,1290481.0
2021-10-21 21:00:00,4977.0,5025.0,4885.0,4949.0,1309276.0,1290481.0,1275092.0
2021-10-21 22:00:00,4949.0,4998.0,4915.0,4966.0,550702.0,1275092.0,1247287.0
2021-10-22 09:00:00,4980.0,4987.0,4857.0,4865.0,661869.0,1247287.0,1311677.0
2021-10-22 10:00:00,4865.0,4895.0,4820.0,4863.0,474798.0,1311677.0,1336168.0
2021-10-22 11:00:00,4863.0,4922.0,4843.0,4895.0,266667.0,1336168.0,1320632.0
2021-10-22 13:00:00,4910.0,4923.0,4851.0,4857.0,260293.0,1320632.0,1326136.0
2021-10-22 14:00:00,4857.0,4906.0,4757.0,4900.0,849072.0,1326136.0,1299617.0
2021-10-22 21:00:00,4914.0,4956.0,4881.0,4910.0,680496.0,1299617.0,1355470.0
2021-10-22 22:00:00,4910.0,4912.0,4825.0,4889.0,582885.0,1355470.0,1358427.0
2021-10-25 09:00:00,4900.0,4947.0,4864.0,4884.0,638289.0,1358427.0,1358801.0
2021-10-25 10:00:00,4884.0,4940.0,4875.0,4904.0,287883.0,1358801.0,1349347.0
2021-10-25 11:00:00,4904.0,4913.0,4880.0,4883.0,169023.0,1349347.0,1350829.0
2021-10-25 13:00:00,4883.0,4898.0,4834.0,4842.0,249765.0,1350829.0,1365830.0
2021-10-25 14:00:00,4842.0,4883.0,4820.0,4825.0,464531.0,1365830.0,1370440.0
2021-10-25 21:00:00,4830.0,4866.0,4778.0,4812.0,641875.0,1370440.0,1399775.0
2021-10-25 22:00:00,4812.0,4849.0,4783.0,4816.0,415604.0,1399775.0,1390705.0
2021-10-26 09:00:00,4824.0,4880.0,4816.0,4833.0,521708.0,1390705.0,1385624.0
2021-10-26 10:00:00,4833.0,4914.0,4826.0,4877.0,409701.0,1385624.0,1376913.0
2021-10-26 11:00:00,4877.0,4936.0,4875.0,4933.0,277470.0,1376913.0,1366917.0
2021-10-26 13:00:00,4937.0,4938.0,4872.0,4910.0,311852.0,1366917.0,1364268.0
2021-10-26 14:00:00,4910.0,4946.0,4894.0,4917.0,411811.0,1364268.0,1356528.0
2021-10-26 21:00:00,4940.0,4977.0,4923.0,4933.0,626218.0,1356528.0,1351618.0
2021-10-26 22:00:00,4933.0,4949.0,4880.0,4885.0,392599.0,1351618.0,1339905.0
2021-10-27 09:00:00,4882.0,4882.0,4688.0,4697.0,1140715.0,1339905.0,1385680.0
2021-10-27 10:00:00,4697.0,4728.0,4624.0,4718.0,705326.0,1385680.0,1378932.0
2021-10-27 11:00:00,4718.0,4755.0,4698.0,4711.0,320668.0,1378932.0,1364219.0
2021-10-27 13:00:00,4690.0,4707.0,4656.0,4706.0,331311.0,1364219.0,1365630.0
2021-10-27 14:00:00,4706.0,4713.0,4633.0,4655.0,571063.0,1365630.0,1371298.0
2021-10-27 21:00:00,4620.0,4630.0,4513.0,4572.0,1060896.0,1371298.0,1350521.0
2021-10-27 22:00:00,4572.0,4606.0,4555.0,4586.0,368474.0,1350521.0,1335013.0
2021-10-28 09:00:00,4574.0,4646.0,4556.0,4594.0,533304.0,1335013.0,1334714.0
2021-10-28 10:00:00,4594.0,4611.0,4527.0,4607.0,509165.0,1334714.0,1340714.0
2021-10-28 11:00:00,4607.0,4611.0,4540.0,4557.0,236706.0,1340714.0,1339164.0
2021-10-28 13:00:00,4550.0,4691.0,4464.0,4690.0,938620.0,1339164.0,1352603.0
2021-10-28 14:00:00,4690.0,4864.0,4621.0,4712.0,1384539.0,1352603.0,1280885.0
2021-10-28 21:00:00,4713.0,4740.0,4643.0,4683.0,687648.0,1280885.0,1314980.0
2021-10-28 22:00:00,4683.0,4722.0,4656.0,4717.0,367462.0,1314980.0,1301553.0
2021-10-29 09:00:00,4718.0,4793.0,4708.0,4755.0,627439.0,1301553.0,1281411.0
2021-10-29 10:00:00,4755.0,4764.0,4670.0,4693.0,509561.0,1281411.0,1284417.0
2021-10-29 11:00:00,4693.0,4711.0,4670.0,4674.0,191322.0,1284417.0,1288484.0
2021-10-29 13:00:00,4674.0,4698.0,4646.0,4695.0,311856.0,1288484.0,1295103.0
2021-10-29 14:00:00,4695.0,4710.0,4576.0,4646.0,636044.0,1295103.0,1294160.0
2021-10-29 21:00:00,4637.0,4697.0,4630.0,4673.0,476897.0,1294160.0,1313338.0
2021-10-29 22:00:00,4673.0,4685.0,4632.0,4677.0,362021.0,1313338.0,1297881.0
2021-11-01 09:00:00,4677.0,4707.0,4600.0,4621.0,581019.0,1297881.0,1325931.0
2021-11-01 10:00:00,4621.0,4624.0,4535.0,4543.0,496794.0,1325931.0,1372247.0
2021-11-01 11:00:00,4543.0,4574.0,4530.0,4554.0,226193.0,1372247.0,1379851.0
2021-11-01 13:00:00,4553.0,4575.0,4526.0,4537.0,196810.0,1379851.0,1394367.0
2021-11-01 14:00:00,4537.0,4550.0,4477.0,4509.0,594235.0,1394367.0,1387410.0
2021-11-01 21:00:00,4497.0,4556.0,4467.0,4497.0,692057.0,1387410.0,1427428.0
2021-11-01 22:00:00,4497.0,4523.0,4450.0,4455.0,366040.0,1427428.0,1418621.0
2021-11-02 09:00:00,4458.0,4494.0,4429.0,4494.0,459482.0,1418621.0,1415410.0
2021-11-02 10:00:00,4494.0,4524.0,4347.0,4351.0,674662.0,1415410.0,1434236.0
2021-11-02 11:00:00,4351.0,4376.0,4230.0,4230.0,705425.0,1434236.0,1396334.0
2021-11-02 13:00:00,4230.0,4301.0,4230.0,4265.0,436978.0,1396334.0,1385421.0
2021-11-02 14:00:00,4265.0,4302.0,4230.0,4230.0,490418.0,1385421.0,1378300.0
2021-11-02 21:00:00,4254.0,4315.0,4233.0,4279.0,736670.0,1378300.0,1386674.0
2021-11-02 22:00:00,4279.0,4314.0,4256.0,4271.0,379012.0,1386674.0,1365210.0
2021-11-03 09:00:00,4270.0,4331.0,4254.0,4304.0,434009.0,1365210.0,1365611.0
2021-11-03 10:00:00,4304.0,4444.0,4285.0,4369.0,711117.0,1365611.0,1319346.0
2021-11-03 11:00:00,4369.0,4409.0,4364.0,4380.0,248545.0,1319346.0,1312849.0
2021-11-03 13:00:00,4370.0,4396.0,4320.0,4344.0,366576.0,1312849.0,1343896.0
2021-11-03 14:00:00,4344.0,4415.0,4331.0,4385.0,478990.0,1343896.0,1334316.0
2021-11-03 21:00:00,4399.0,4413.0,4340.0,4347.0,455127.0,1334316.0,1355496.0
2021-11-03 22:00:00,4347.0,4357.0,4283.0,4288.0,423552.0,1355496.0,1355163.0
2021-11-04 09:00:00,4287.0,4358.0,4270.0,4341.0,479456.0,1355163.0,1339569.0
2021-11-04 10:00:00,4341.0,4360.0,4263.0,4271.0,297424.0,1339569.0,1351762.0
2021-11-04 11:00:00,4271.0,4294.0,4226.0,4255.0,395224.0,1351762.0,1377731.0
2021-11-04 13:00:00,4251.0,4286.0,4142.0,4181.0,641474.0,1377731.0,1435417.0
2021-11-04 14:00:00,4181.0,4238.0,4160.0,4226.0,766855.0,1435417.0,1396426.0
2021-11-04 21:00:00,4241.0,4258.0,4128.0,4151.0,739070.0,1396426.0,1408373.0
2021-11-04 22:00:00,4151.0,4156.0,4122.0,4140.0,411593.0,1408373.0,1397360.0
2021-11-05 09:00:00,4138.0,4233.0,4135.0,4216.0,520396.0,1397360.0,1380201.0
2021-11-05 10:00:00,4216.0,4218.0,4179.0,4210.0,299677.0,1380201.0,1377087.0
2021-11-05 11:00:00,4210.0,4256.0,4206.0,4233.0,284811.0,1377087.0,1379104.0
2021-11-05 13:00:00,4228.0,4305.0,4222.0,4245.0,449767.0,1379104.0,1351076.0
2021-11-05 14:00:00,4245.0,4253.0,4212.0,4247.0,426047.0,1351076.0,1315842.0
2021-11-05 21:00:00,4260.0,4266.0,4215.0,4239.0,415193.0,1315842.0,1331305.0
2021-11-05 22:00:00,4239.0,4397.0,4228.0,4386.0,803878.0,1331305.0,1287908.0
2021-11-08 09:00:00,4330.0,4331.0,4242.0,4249.0,667988.0,1287908.0,1306238.0
2021-11-08 10:00:00,4249.0,4268.0,4227.0,4262.0,289328.0,1306238.0,1306293.0
2021-11-08 11:00:00,4262.0,4285.0,4240.0,4270.0,170462.0,1306293.0,1299305.0
2021-11-08 13:00:00,4272.0,4318.0,4270.0,4292.0,249959.0,1299305.0,1296798.0
2021-11-08 14:00:00,4292.0,4329.0,4267.0,4312.0,397009.0,1296798.0,1275004.0
2021-11-08 21:00:00,4292.0,4337.0,4253.0,4311.0,614689.0,1275004.0,1291952.0
2021-11-08 22:00:00,4311.0,4359.0,4284.0,4303.0,550077.0,1291952.0,1266714.0
2021-11-09 09:00:00,4303.0,4349.0,4289.0,4342.0,344599.0,1266714.0,1283637.0
2021-11-09 10:00:00,4342.0,4352.0,4288.0,4292.0,282011.0,1283637.0,1271922.0
2021-11-09 11:00:00,4292.0,4304.0,4267.0,4287.0,260734.0,1271922.0,1271819.0
2021-11-09 13:00:00,4287.0,4298.0,4256.0,4258.0,219918.0,1271819.0,1292044.0
2021-11-09 14:00:00,4258.0,4286.0,4226.0,4257.0,522462.0,1292044.0,1274301.0
2021-11-09 21:00:00,4216.0,4219.0,4136.0,4164.0,777981.0,1274301.0,1290714.0
2021-11-09 22:00:00,4164.0,4164.0,4091.0,4109.0,524797.0,1290714.0,1280505.0
2021-11-10 09:00:00,4105.0,4136.0,4026.0,4051.0,645130.0,1280505.0,1279986.0
2021-11-10 10:00:00,4051.0,4116.0,4036.0,4072.0,386480.0,1279986.0,1255527.0
2021-11-10 11:00:00,4072.0,4088.0,4051.0,4069.0,195486.0,1255527.0,1256827.0
2021-11-10 13:00:00,4080.0,4182.0,4077.0,4168.0,518137.0,1256827.0,1231044.0
2021-11-10 14:00:00,4168.0,4254.0,4160.0,4246.0,915502.0,1231044.0,1189585.0
2021-11-10 21:00:00,4275.0,4316.0,4236.0,4312.0,831860.0,1189585.0,1187512.0
2021-11-10 22:00:00,4312.0,4321.0,4272.0,4303.0,456708.0,1187512.0,1163957.0
2021-11-11 09:00:00,4292.0,4355.0,4280.0,4352.0,579981.0,1163957.0,1158854.0
2021-11-11 10:00:00,4352.0,4392.0,4330.0,4362.0,452188.0,1158854.0,1152393.0
2021-11-11 11:00:00,4362.0,4394.0,4342.0,4382.0,258390.0,1152393.0,1141379.0
2021-11-11 13:00:00,4385.0,4447.0,4385.0,4415.0,554264.0,1141379.0,1144930.0
2021-11-11 14:00:00,4415.0,4466.0,4407.0,4443.0,547471.0,1144930.0,1111300.0
2021-11-11 21:00:00,4425.0,4428.0,4329.0,4365.0,869999.0,1111300.0,1126738.0
2021-11-11 22:00:00,4365.0,4393.0,4353.0,4360.0,474072.0,1126738.0,1117905.0
2021-11-12 09:00:00,4361.0,4395.0,4338.0,4362.0,473488.0,1117905.0,1122207.0
2021-11-12 10:00:00,4362.0,4365.0,4321.0,4348.0,364072.0,1122207.0,1132842.0
2021-11-12 11:00:00,4348.0,4359.0,4283.0,4284.0,315393.0,1132842.0,1129401.0
2021-11-12 13:00:00,4284.0,4297.0,4255.0,4271.0,363880.0,1129401.0,1152777.0
2021-11-12 14:00:00,4271.0,4307.0,4246.0,4249.0,580336.0,1152777.0,1136389.0
2021-11-12 21:00:00,4185.0,4239.0,4149.0,4205.0,888386.0,1136389.0,1162319.0
2021-11-12 22:00:00,4205.0,4246.0,4193.0,4212.0,443483.0,1162319.0,1134479.0
2021-11-15 09:00:00,4186.0,4255.0,4153.0,4238.0,773195.0,1134479.0,1157663.0
2021-11-15 10:00:00,4238.0,4241.0,4125.0,4150.0,621583.0,1157663.0,1187465.0
2021-11-15 11:00:00,4150.0,4186.0,4149.0,4183.0,232310.0,1187465.0,1178602.0
2021-11-15 13:00:00,4190.0,4205.0,4174.0,4179.0,220197.0,1178602.0,1188864.0
2021-11-15 14:00:00,4179.0,4213.0,4135.0,4138.0,480628.0,1188864.0,1186129.0
2021-11-15 21:00:00,4148.0,4175.0,4126.0,4163.0,593852.0,1186129.0,1202886.0
2021-11-15 22:00:00,4163.0,4192.0,4143.0,4186.0,389427.0,1202886.0,1192516.0
2021-11-16 09:00:00,4189.0,4226.0,4176.0,4222.0,498669.0,1192516.0,1204096.0
2021-11-16 10:00:00,4222.0,4248.0,4211.0,4245.0,339750.0,1204096.0,1191190.0
2021-11-16 11:00:00,4245.0,4285.0,4226.0,4228.0,405436.0,1191190.0,1172571.0
2021-11-16 13:00:00,4224.0,4227.0,4184.0,4191.0,342059.0,1172571.0,1183425.0
2021-11-16 14:00:00,4191.0,4191.0,4120.0,4128.0,557249.0,1183425.0,1175588.0
2021-11-16 21:00:00,4125.0,4174.0,4107.0,4156.0,847565.0,1175588.0,1165034.0
2021-11-16 22:00:00,4156.0,4161.0,4124.0,4143.0,359510.0,1165034.0,1145048.0
2021-11-17 09:00:00,4148.0,4200.0,4128.0,4189.0,516246.0,1145048.0,1146683.0
2021-11-17 10:00:00,4189.0,4220.0,4170.0,4218.0,368357.0,1146683.0,1148779.0
2021-11-17 11:00:00,4218.0,4222.0,4163.0,4174.0,282789.0,1148779.0,1129777.0
2021-11-17 13:00:00,4192.0,4226.0,4169.0,4193.0,408919.0,1129777.0,1119603.0
2021-11-17 14:00:00,4193.0,4218.0,4174.0,4216.0,379200.0,1119603.0,1099110.0
2021-11-17 21:00:00,4215.0,4233.0,4202.0,4217.0,500259.0,1099110.0,1097810.0
2021-11-17 22:00:00,4217.0,4237.0,4211.0,4218.0,323092.0,1097810.0,1078440.0
2021-11-18 09:00:00,4216.0,4216.0,4185.0,4194.0,417743.0,1078440.0,1076024.0
2021-11-18 10:00:00,4194.0,4206.0,4157.0,4179.0,361365.0,1076024.0,1069804.0
2021-11-18 11:00:00,4179.0,4224.0,4173.0,4224.0,262270.0,1069804.0,1086873.0
2021-11-18 13:00:00,4225.0,4230.0,4151.0,4163.0,416514.0,1086873.0,1079074.0
2021-11-18 14:00:00,4163.0,4183.0,4149.0,4169.0,486012.0,1079074.0,1047299.0
2021-11-18 21:00:00,4159.0,4185.0,4152.0,4167.0,412244.0,1047299.0,1068735.0
2021-11-18 22:00:00,4167.0,4174.0,4113.0,4135.0,509845.0,1068735.0,1062866.0
2021-11-19 09:00:00,4140.0,4201.0,4138.0,4170.0,504841.0,1062866.0,1050122.0
2021-11-19 10:00:00,4170.0,4225.0,4169.0,4223.0,293928.0,1050122.0,1064486.0
2021-11-19 11:00:00,4223.0,4241.0,4189.0,4190.0,311864.0,1064486.0,1050994.0
2021-11-19 13:00:00,4190.0,4192.0,4162.0,4167.0,261652.0,1050994.0,1048524.0
2021-11-19 14:00:00,4167.0,4322.0,4166.0,4285.0,1030046.0,1048524.0,1020098.0
2021-11-19 21:00:00,4245.0,4352.0,4231.0,4325.0,702293.0,1020098.0,1030522.0
2021-11-19 22:00:00,4325.0,4385.0,4316.0,4371.0,557934.0,1030522.0,1012149.0
2021-11-22 09:00:00,4345.0,4369.0,4315.0,4324.0,551196.0,1012149.0,1009977.0
2021-11-22 10:00:00,4324.0,4337.0,4283.0,4291.0,266037.0,1009977.0,1005176.0
2021-11-22 11:00:00,4291.0,4319.0,4286.0,4309.0,167526.0,1005176.0,1003932.0
2021-11-22 13:00:00,4306.0,4322.0,4288.0,4300.0,140790.0,1003932.0,1008729.0
2021-11-22 14:00:00,4300.0,4315.0,4288.0,4300.0,232857.0,1008729.0,993798.0
2021-11-22 21:00:00,4285.0,4345.0,4254.0,4339.0,451174.0,993798.0,999010.0
2021-11-22 22:00:00,4339.0,4358.0,4325.0,4335.0,280123.0,999010.0,977958.0
2021-11-23 09:00:00,4339.0,4344.0,4310.0,4339.0,271740.0,977958.0,984448.0
2021-11-23 10:00:00,4339.0,4444.0,4332.0,4387.0,598602.0,984448.0,972110.0
2021-11-23 11:00:00,4387.0,4420.0,4384.0,4413.0,203711.0,972110.0,969118.0
2021-11-23 13:00:00,4410.0,4433.0,4371.0,4379.0,267409.0,969118.0,957401.0
2021-11-23 14:00:00,4379.0,4379.0,4307.0,4315.0,432891.0,957401.0,940832.0
2021-11-23 21:00:00,4316.0,4415.0,4315.0,4415.0,528605.0,940832.0,935854.0
2021-11-23 22:00:00,4415.0,4432.0,4401.0,4411.0,319137.0,935854.0,920605.0
2021-11-24 09:00:00,4412.0,4454.0,4412.0,4432.0,381039.0,920605.0,914871.0
2021-11-24 10:00:00,4432.0,4462.0,4423.0,4426.0,228813.0,914871.0,912942.0
2021-11-24 11:00:00,4426.0,4455.0,4425.0,4445.0,111878.0,912942.0,910730.0
2021-11-24 13:00:00,4456.0,4484.0,4448.0,4458.0,284056.0,910730.0,894744.0
2021-11-24 14:00:00,4458.0,4513.0,4456.0,4502.0,425699.0,894744.0,882801.0
2021-11-24 21:00:00,4238.0,4284.0,4221.0,4273.0,513830.0,882801.0,1549892.0
2021-11-24 22:00:00,4273.0,4288.0,4256.0,4270.0,206389.0,1549892.0,1545365.0
2021-11-25 09:00:00,4270.0,4285.0,4223.0,4235.0,379572.0,1545365.0,1540818.0
2021-11-25 10:00:00,4235.0,4273.0,4225.0,4252.0,201514.0,1540818.0,1537435.0
2021-11-25 11:00:00,4252.0,4263.0,4217.0,4239.0,144288.0,1537435.0,1542713.0
2021-11-25 13:00:00,4238.0,4261.0,4214.0,4253.0,214744.0,1542713.0,1540874.0
2021-11-25 14:00:00,4253.0,4269.0,4243.0,4255.0,240725.0,1540874.0,1544047.0
2021-11-25 21:00:00,4248.0,4255.0,4161.0,4162.0,658357.0,1544047.0,1595213.0
2021-11-25 22:00:00,4162.0,4190.0,4156.0,4174.0,226108.0,1595213.0,1595763.0
2021-11-26 09:00:00,4165.0,4249.0,4164.0,4247.0,467385.0,1595763.0,1662895.0
2021-11-26 10:00:00,4247.0,4250.0,4185.0,4196.0,265621.0,1662895.0,1677641.0
2021-11-26 11:00:00,4196.0,4206.0,4168.0,4169.0,119235.0,1677641.0,1689053.0
2021-11-26 13:00:00,4165.0,4180.0,4140.0,4159.0,253305.0,1689053.0,1721269.0
2021-11-26 14:00:00,4159.0,4159.0,4100.0,4104.0,469188.0,1721269.0,1738317.0
2021-11-26 21:00:00,4055.0,4117.0,4050.0,4093.0,496146.0,1738317.0,1713298.0
2021-11-26 22:00:00,4093.0,4112.0,4071.0,4100.0,246531.0,1713298.0,1701420.0
2021-11-29 09:00:00,4109.0,4151.0,4104.0,4125.0,432583.0,1701420.0,1683917.0
2021-11-29 10:00:00,4125.0,4175.0,4115.0,4165.0,225067.0,1683917.0,1692613.0
2021-11-29 11:00:00,4165.0,4189.0,4155.0,4187.0,148425.0,1692613.0,1691680.0
2021-11-29 13:00:00,4173.0,4196.0,4152.0,4176.0,201494.0,1691680.0,1698501.0
2021-11-29 14:00:00,4176.0,4179.0,4132.0,4145.0,333069.0,1698501.0,1696796.0
2021-11-29 21:00:00,4160.0,4198.0,4156.0,4192.0,368893.0,1696796.0,1687003.0
2021-11-29 22:00:00,4192.0,4203.0,4150.0,4161.0,307330.0,1687003.0,1682164.0
2021-11-30 09:00:00,4161.0,4185.0,4098.0,4126.0,494180.0,1682164.0,1714495.0
2021-11-30 10:00:00,4126.0,4147.0,4119.0,4128.0,142594.0,1714495.0,1721340.0
2021-11-30 11:00:00,4128.0,4131.0,4106.0,4128.0,101020.0,1721340.0,1734332.0
2021-11-30 13:00:00,4122.0,4141.0,4083.0,4093.0,245309.0,1734332.0,1758139.0
2021-11-30 14:00:00,4093.0,4163.0,4078.0,4163.0,442929.0,1758139.0,1772171.0
2021-11-30 21:00:00,4166.0,4203.0,4163.0,4194.0,421193.0,1772171.0,1750824.0
2021-11-30 22:00:00,4194.0,4216.0,4168.0,4206.0,306173.0,1750824.0,1738885.0
2021-12-01 09:00:00,4198.0,4235.0,4180.0,4225.0,401256.0,1738885.0,1730502.0
2021-12-01 10:00:00,4225.0,4249.0,4219.0,4231.0,232084.0,1730502.0,1750549.0
2021-12-01 11:00:00,4231.0,4257.0,4228.0,4255.0,125793.0,1750549.0,1747771.0
2021-12-01 13:00:00,4254.0,4284.0,4244.0,4283.0,217948.0,1747771.0,1760285.0
2021-12-01 14:00:00,4283.0,4315.0,4239.0,4306.0,607211.0,1760285.0,1801517.0
2021-12-01 21:00:00,4316.0,4326.0,4260.0,4277.0,449631.0,1801517.0,1769100.0
2021-12-01 22:00:00,4277.0,4277.0,4240.0,4256.0,274504.0,1769100.0,1765772.0
2021-12-02 09:00:00,4244.0,4271.0,4225.0,4264.0,360198.0,1765772.0,1775766.0
2021-12-02 10:00:00,4264.0,4296.0,4249.0,4296.0,232936.0,1775766.0,1790350.0
2021-12-02 11:00:00,4296.0,4334.0,4269.0,4328.0,224182.0,1790350.0,1799910.0
2021-12-02 13:00:00,4331.0,4370.0,4331.0,4367.0,364070.0,1799910.0,1848477.0
2021-12-02 14:00:00,4367.0,4368.0,4285.0,4288.0,582240.0,1848477.0,1834627.0
2021-12-02 21:00:00,4289.0,4311.0,4275.0,4289.0,442456.0,1834627.0,1805738.0
2021-12-02 22:00:00,4289.0,4348.0,4281.0,4338.0,360556.0,1805738.0,1785113.0
2021-12-03 09:00:00,4345.0,4362.0,4320.0,4348.0,347299.0,1785113.0,1815313.0
2021-12-03 10:00:00,4348.0,4355.0,4295.0,4324.0,304981.0,1815313.0,1834699.0
2021-12-03 11:00:00,4324.0,4344.0,4295.0,4336.0,215165.0,1834699.0,1817163.0
2021-12-03 13:00:00,4341.0,4385.0,4341.0,4369.0,296517.0,1817163.0,1840697.0
2021-12-03 14:00:00,4369.0,4386.0,4343.0,4384.0,385441.0,1840697.0,1863221.0
2021-12-03 21:00:00,4408.0,4431.0,4383.0,4394.0,449456.0,1863221.0,1869190.0
2021-12-03 22:00:00,4394.0,4434.0,4392.0,4427.0,267719.0,1869190.0,1848790.0
2021-12-06 09:00:00,4434.0,4449.0,4388.0,4390.0,488307.0,1848790.0,1857861.0
2021-12-06 10:00:00,4390.0,4410.0,4384.0,4388.0,189889.0,1857861.0,1870889.0
2021-12-06 11:00:00,4388.0,4392.0,4355.0,4359.0,223603.0,1870889.0,1866863.0
2021-12-06 13:00:00,4354.0,4373.0,4343.0,4357.0,177098.0,1866863.0,1875236.0
2021-12-06 14:00:00,4357.0,4361.0,4334.0,4359.0,294634.0,1875236.0,1874956.0
2021-12-06 21:00:00,4384.0,4426.0,4373.0,4426.0,602329.0,1874956.0,1831981.0
2021-12-06 22:00:00,4426.0,4430.0,4404.0,4420.0,235860.0,1831981.0,1825943.0
2021-12-07 09:00:00,4429.0,4474.0,4424.0,4455.0,397232.0,1825943.0,1831501.0
2021-12-07 10:00:00,4455.0,4460.0,4419.0,4441.0,233148.0,1831501.0,1849360.0
2021-12-07 11:00:00,4441.0,4490.0,4437.0,4487.0,241376.0,1849360.0,1868461.0
2021-12-07 13:00:00,4492.0,4496.0,4471.0,4486.0,219952.0,1868461.0,1876660.0
2021-12-07 14:00:00,4486.0,4490.0,4444.0,4450.0,326809.0,1876660.0,1868456.0
2021-12-07 21:00:00,4462.0,4478.0,4439.0,4455.0,357235.0,1868456.0,1860876.0
2021-12-07 22:00:00,4455.0,4475.0,4450.0,4470.0,241200.0,1860876.0,1845146.0
2021-12-08 09:00:00,4470.0,4476.0,4407.0,4428.0,442241.0,1845146.0,1854594.0
2021-12-08 10:00:00,4428.0,4438.0,4384.0,4389.0,280616.0,1854594.0,1873156.0
2021-12-08 11:00:00,4389.0,4438.0,4382.0,4438.0,224774.0,1873156.0,1888456.0
2021-12-08 13:00:00,4448.0,4465.0,4413.0,4419.0,304224.0,1888456.0,1900228.0
2021-12-08 14:00:00,4419.0,4425.0,4346.0,4350.0,564848.0,1900228.0,1967774.0
2021-12-08 21:00:00,4338.0,4350.0,4301.0,4322.0,615045.0,1967774.0,1937815.0
2021-12-08 22:00:00,4322.0,4363.0,4315.0,4354.0,313405.0,1937815.0,1917486.0
2021-12-09 09:00:00,4356.0,4369.0,4338.0,4347.0,271482.0,1917486.0,1924771.0
2021-12-09 10:00:00,4347.0,4389.0,4343.0,4389.0,221311.0,1924771.0,1931164.0
2021-12-09 11:00:00,4389.0,4396.0,4357.0,4357.0,186564.0,1931164.0,1927626.0
2021-12-09 13:00:00,4357.0,4357.0,4312.0,4314.0,386347.0,1927626.0,1944184.0
2021-12-09 14:00:00,4314.0,4328.0,4271.0,4293.0,563828.0,1944184.0,1973781.0
2021-12-09 21:00:00,4281.0,4307.0,4264.0,4270.0,441484.0,1973781.0,1946918.0
2021-12-09 22:00:00,4270.0,4312.0,4266.0,4303.0,294180.0,1946918.0,1920243.0
2021-12-10 09:00:00,4300.0,4329.0,4296.0,4328.0,258950.0,1920243.0,1904292.0
2021-12-10 10:00:00,4328.0,4335.0,4308.0,4315.0,189844.0,1904292.0,1892818.0
2021-12-10 11:00:00,4315.0,4345.0,4313.0,4333.0,160273.0,1892818.0,1895487.0
2021-12-10 13:00:00,4332.0,4332.0,4290.0,4323.0,260257.0,1895487.0,1905794.0
2021-12-10 14:00:00,4323.0,4342.0,4295.0,4322.0,415033.0,1905794.0,1934030.0
2021-12-10 21:00:00,4325.0,4350.0,4296.0,4308.0,383598.0,1934030.0,1905636.0
2021-12-10 22:00:00,4308.0,4329.0,4293.0,4304.0,238636.0,1905636.0,1871547.0
2021-12-13 09:00:00,4311.0,4338.0,4280.0,4331.0,576911.0,1871547.0,1894465.0
2021-12-13 10:00:00,4331.0,4375.0,4328.0,4370.0,320401.0,1894465.0,1934233.0
2021-12-13 11:00:00,4370.0,4409.0,4370.0,4408.0,252120.0,1934233.0,1960973.0
2021-12-13 13:00:00,4409.0,4409.0,4384.0,4398.0,189118.0,1960973.0,1985834.0
2021-12-13 14:00:00,4398.0,4417.0,4384.0,4415.0,270388.0,1985834.0,1988270.0
2021-12-13 21:00:00,4411.0,4421.0,4397.0,4406.0,277397.0,1988270.0,1976830.0
2021-12-13 22:00:00,4406.0,4429.0,4398.0,4417.0,208644.0,1976830.0,1953098.0
2021-12-14 09:00:00,4415.0,4417.0,4367.0,4369.0,313877.0,1953098.0,1930075.0
2021-12-14 10:00:00,4369.0,4386.0,4366.0,4380.0,128316.0,1930075.0,1934154.0
2021-12-14 11:00:00,4380.0,4389.0,4369.0,4373.0,92918.0,1934154.0,1937840.0
2021-12-14 13:00:00,4372.0,4388.0,4352.0,4381.0,225823.0,1937840.0,1918640.0
2021-12-14 14:00:00,4381.0,4421.0,4371.0,4382.0,399054.0,1918640.0,1920239.0
2021-12-14 21:00:00,4382.0,4405.0,4377.0,4396.0,291512.0,1920239.0,1915915.0
2021-12-14 22:00:00,4396.0,4408.0,4386.0,4401.0,189193.0,1915915.0,1912309.0
2021-12-15 09:00:00,4401.0,4410.0,4368.0,4391.0,309455.0,1912309.0,1925827.0
2021-12-15 10:00:00,4391.0,4463.0,4390.0,4446.0,564483.0,1925827.0,1979099.0
2021-12-15 11:00:00,4446.0,4468.0,4444.0,4451.0,188243.0,1979099.0,1994248.0
2021-12-15 13:00:00,4443.0,4455.0,4431.0,4445.0,136534.0,1994248.0,2004660.0
2021-12-15 14:00:00,4445.0,4452.0,4428.0,4441.0,227085.0,2004660.0,2010408.0
2021-12-15 21:00:00,4436.0,4458.0,4428.0,4453.0,229318.0,2010408.0,1988578.0
2021-12-15 22:00:00,4453.0,4465.0,4434.0,4444.0,212630.0,1988578.0,1956967.0
2021-12-16 09:00:00,4457.0,4479.0,4457.0,4466.0,264609.0,1956967.0,1954682.0
2021-12-16 10:00:00,4466.0,4484.0,4455.0,4480.0,211074.0,1954682.0,1952589.0
2021-12-16 11:00:00,4480.0,4498.0,4474.0,4487.0,169592.0,1952589.0,1974124.0
2021-12-16 13:00:00,4487.0,4493.0,4472.0,4482.0,121520.0,1974124.0,1982863.0
2021-12-16 14:00:00,4482.0,4534.0,4481.0,4529.0,445548.0,1982863.0,2014297.0
2021-12-16 21:00:00,4530.0,4554.0,4520.0,4550.0,364093.0,2014297.0,2008310.0
2021-12-16 22:00:00,4550.0,4563.0,4527.0,4533.0,265296.0,2008310.0,1980357.0
2021-12-17 09:00:00,4534.0,4536.0,4508.0,4513.0,304725.0,1980357.0,1995417.0
2021-12-17 10:00:00,4513.0,4519.0,4495.0,4511.0,181987.0,1995417.0,1988149.0
2021-12-17 11:00:00,4511.0,4513.0,4498.0,4508.0,75559.0,1988149.0,1986217.0
2021-12-17 13:00:00,4507.0,4523.0,4498.0,4510.0,107577.0,1986217.0,1993626.0
2021-12-17 14:00:00,4510.0,4520.0,4484.0,4505.0,283653.0,1993626.0,1995458.0
2021-12-17 21:00:00,4500.0,4532.0,4497.0,4529.0,248663.0,1995458.0,1975138.0
2021-12-17 22:00:00,4529.0,4580.0,4529.0,4574.0,327300.0,1975138.0,1963445.0
2021-12-20 09:00:00,4574.0,4595.0,4556.0,4567.0,337830.0,1963445.0,2004241.0
2021-12-20 10:00:00,4567.0,4581.0,4558.0,4581.0,170939.0,2004241.0,2004630.0
2021-12-20 11:00:00,4581.0,4585.0,4545.0,4546.0,166603.0,2004630.0,2014639.0
2021-12-20 13:00:00,4546.0,4556.0,4511.0,4513.0,257372.0,2014639.0,2011868.0
2021-12-20 14:00:00,4513.0,4525.0,4469.0,4475.0,501720.0,2011868.0,1997807.0
2021-12-20 21:00:00,4484.0,4523.0,4478.0,4520.0,388563.0,1997807.0,1983171.0
2021-12-20 22:00:00,4520.0,4521.0,4455.0,4475.0,315285.0,1983171.0,1947475.0
2021-12-21 09:00:00,4490.0,4504.0,4444.0,4475.0,352811.0,1947475.0,1946346.0
2021-12-21 10:00:00,4475.0,4489.0,4454.0,4455.0,195414.0,1946346.0,1947600.0
2021-12-21 11:00:00,4455.0,4482.0,4445.0,4466.0,182176.0,1947600.0,1941824.0
2021-12-21 13:00:00,4475.0,4505.0,4466.0,4468.0,276991.0,1941824.0,1958933.0
2021-12-21 14:00:00,4468.0,4488.0,4463.0,4473.0,224000.0,1958933.0,1967053.0
2021-12-21 21:00:00,4480.0,4488.0,4458.0,4473.0,291346.0,1967053.0,1937392.0
2021-12-21 22:00:00,4473.0,4495.0,4466.0,4488.0,205356.0,1937392.0,1927148.0
2021-12-22 09:00:00,4490.0,4498.0,4462.0,4466.0,241714.0,1927148.0,1917091.0
2021-12-22 10:00:00,4466.0,4475.0,4424.0,4432.0,361194.0,1917091.0,1927367.0
2021-12-22 11:00:00,4432.0,4446.0,4421.0,4422.0,136939.0,1927367.0,1933403.0
2021-12-22 13:00:00,4426.0,4457.0,4420.0,4447.0,166237.0,1933403.0,1933749.0
2021-12-22 14:00:00,4447.0,4450.0,4412.0,4438.0,307112.0,1933749.0,1956678.0
2021-12-22 21:00:00,4430.0,4449.0,4421.0,4424.0,283603.0,1956678.0,1929555.0
2021-12-22 22:00:00,4424.0,4425.0,4403.0,4417.0,205255.0,1929555.0,1913061.0
2021-12-23 09:00:00,4421.0,4474.0,4406.0,4471.0,380751.0,1913061.0,1908826.0
2021-12-23 10:00:00,4471.0,4480.0,4459.0,4472.0,244104.0,1908826.0,1918021.0
2021-12-23 11:00:00,4472.0,4487.0,4469.0,4481.0,123870.0,1918021.0,1940789.0
2021-12-23 13:00:00,4482.0,4488.0,4444.0,4460.0,242217.0,1940789.0,1954089.0
2021-12-23 14:00:00,4460.0,4484.0,4458.0,4479.0,273340.0,1954089.0,1992623.0
2021-12-23 21:00:00,4481.0,4545.0,4479.0,4533.0,533846.0,1992623.0,1981806.0
2021-12-23 22:00:00,4533.0,4540.0,4524.0,4538.0,154605.0,1981806.0,1981161.0
2021-12-24 09:00:00,4539.0,4540.0,4511.0,4516.0,232105.0,1981161.0,1989365.0
2021-12-24 10:00:00,4516.0,4518.0,4485.0,4485.0,228983.0,1989365.0,1969765.0
2021-12-24 11:00:00,4485.0,4525.0,4482.0,4519.0,146808.0,1969765.0,1978924.0
2021-12-24 13:00:00,4517.0,4522.0,4491.0,4491.0,102361.0,1978924.0,1987142.0
2021-12-24 14:00:00,4491.0,4520.0,4488.0,4519.0,214671.0,1987142.0,2002893.0
2021-12-24 21:00:00,4513.0,4523.0,4497.0,4499.0,239806.0,2002893.0,1988897.0
2021-12-24 22:00:00,4499.0,4506.0,4410.0,4422.0,365655.0,1988897.0,1946701.0
2021-12-27 09:00:00,4419.0,4431.0,4350.0,4352.0,722930.0,1946701.0,1980780.0
2021-12-27 10:00:00,4352.0,4361.0,4331.0,4347.0,263022.0,1980780.0,1999430.0
2021-12-27 11:00:00,4347.0,4354.0,4326.0,4334.0,122908.0,1999430.0,2019557.0
2021-12-27 13:00:00,4328.0,4346.0,4321.0,4331.0,126480.0,2019557.0,2040969.0
2021-12-27 14:00:00,4331.0,4332.0,4292.0,4307.0,397647.0,2040969.0,2074674.0
2021-12-27 21:00:00,4318.0,4334.0,4305.0,4328.0,344180.0,2074674.0,2032073.0
2021-12-27 22:00:00,4328.0,4343.0,4301.0,4329.0,324009.0,2032073.0,1997712.0
2021-12-28 09:00:00,4336.0,4351.0,4329.0,4350.0,272532.0,1997712.0,1989724.0
2021-12-28 10:00:00,4350.0,4353.0,4327.0,4341.0,152121.0,1989724.0,1993754.0
2021-12-28 11:00:00,4341.0,4345.0,4310.0,4341.0,126202.0,1993754.0,1991401.0
2021-12-28 13:00:00,4340.0,4343.0,4321.0,4334.0,113744.0,1991401.0,2001882.0
2021-12-28 14:00:00,4334.0,4340.0,4307.0,4319.0,260728.0,2001882.0,1985941.0
2021-12-28 21:00:00,4316.0,4330.0,4308.0,4314.0,214991.0,1985941.0,1976125.0
2021-12-28 22:00:00,4314.0,4346.0,4310.0,4326.0,230379.0,1976125.0,1934758.0
2021-12-29 09:00:00,4324.0,4343.0,4322.0,4342.0,178287.0,1934758.0,1911097.0
2021-12-29 10:00:00,4342.0,4345.0,4280.0,4305.0,426732.0,1911097.0,1945207.0
2021-12-29 11:00:00,4305.0,4307.0,4272.0,4276.0,200477.0,1945207.0,1956999.0
2021-12-29 13:00:00,4275.0,4292.0,4270.0,4281.0,163285.0,1956999.0,1967326.0
2021-12-29 14:00:00,4281.0,4317.0,4275.0,4315.0,314403.0,1967326.0,1972822.0
2021-12-29 21:00:00,4322.0,4362.0,4318.0,4346.0,453257.0,1972822.0,1906897.0
2021-12-29 22:00:00,4346.0,4360.0,4339.0,4354.0,141694.0,1906897.0,1894436.0
2021-12-30 09:00:00,4353.0,4357.0,4326.0,4329.0,200368.0,1894436.0,1889930.0
2021-12-30 10:00:00,4329.0,4355.0,4323.0,4350.0,164386.0,1889930.0,1879127.0
2021-12-30 11:00:00,4350.0,4368.0,4342.0,4348.0,123767.0,1879127.0,1881968.0
2021-12-30 13:00:00,4346.0,4346.0,4279.0,4280.0,365615.0,1881968.0,1924739.0
2021-12-30 14:00:00,4280.0,4292.0,4265.0,4282.0,467324.0,1924739.0,1967818.0
2021-12-30 21:00:00,4283.0,4296.0,4270.0,4277.0,273768.0,1967818.0,1947890.0
2021-12-30 22:00:00,4277.0,4303.0,4276.0,4287.0,146209.0,1947890.0,1925926.0
2021-12-31 09:00:00,4287.0,4298.0,4273.0,4281.0,199517.0,1925926.0,1914810.0
2021-12-31 10:00:00,4281.0,4310.0,4267.0,4297.0,255892.0,1914810.0,1904276.0
2021-12-31 11:00:00,4297.0,4342.0,4288.0,4336.0,150831.0,1904276.0,1888270.0
2021-12-31 13:00:00,4338.0,4348.0,4319.0,4337.0,191541.0,1888270.0,1896301.0
2021-12-31 14:00:00,4337.0,4340.0,4313.0,4315.0,229042.0,1896301.0,1877654.0
2022-01-04 09:00:00,4305.0,4380.0,4291.0,4378.0,604037.0,1877654.0,1873307.0
2022-01-04 10:00:00,4378.0,4386.0,4351.0,4377.0,219854.0,1873307.0,1876580.0
2022-01-04 11:00:00,4377.0,4382.0,4367.0,4371.0,89413.0,1876580.0,1881318.0
2022-01-04 13:00:00,4373.0,4379.0,4364.0,4373.0,62851.0,1881318.0,1888241.0
2022-01-04 14:00:00,4373.0,4398.0,4371.0,4395.0,208462.0,1888241.0,1904095.0
2022-01-04 21:00:00,4402.0,4418.0,4385.0,4417.0,268045.0,1904095.0,1881536.0
2022-01-04 22:00:00,4417.0,4434.0,4412.0,4430.0,216241.0,1881536.0,1868019.0
2022-01-05 09:00:00,4431.0,4449.0,4422.0,4429.0,232808.0,1868019.0,1871949.0
2022-01-05 10:00:00,4429.0,4440.0,4413.0,4439.0,134232.0,1871949.0,1875600.0
2022-01-05 11:00:00,4439.0,4445.0,4426.0,4426.0,72215.0,1875600.0,1882688.0
2022-01-05 13:00:00,4420.0,4433.0,4403.0,4416.0,165007.0,1882688.0,1882526.0
2022-01-05 14:00:00,4416.0,4448.0,4415.0,4444.0,189444.0,1882526.0,1903328.0
2022-01-05 21:00:00,4451.0,4472.0,4443.0,4471.0,301248.0,1903328.0,1881083.0
2022-01-05 22:00:00,4471.0,4480.0,4458.0,4470.0,172714.0,1881083.0,1875923.0
2022-01-06 09:00:00,4460.0,4462.0,4430.0,4447.0,218405.0,1875923.0,1873767.0
2022-01-06 10:00:00,4447.0,4495.0,4446.0,4491.0,199717.0,1873767.0,1892289.0
2022-01-06 11:00:00,4491.0,4495.0,4452.0,4466.0,160909.0,1892289.0,1884998.0
2022-01-06 13:00:00,4465.0,4498.0,4465.0,4492.0,152959.0,1884998.0,1913568.0
2022-01-06 14:00:00,4492.0,4505.0,4479.0,4494.0,216897.0,1913568.0,1935095.0
2022-01-06 21:00:00,4497.0,4511.0,4468.0,4477.0,277867.0,1935095.0,1901207.0
2022-01-06 22:00:00,4477.0,4482.0,4462.0,4469.0,130300.0,1901207.0,1882664.0
2022-01-07 09:00:00,4466.0,4485.0,4455.0,4473.0,222615.0,1882664.0,1866875.0
2022-01-07 10:00:00,4473.0,4495.0,4466.0,4492.0,149855.0,1866875.0,1876518.0
2022-01-07 11:00:00,4492.0,4508.0,4486.0,4497.0,106599.0,1876518.0,1879370.0
2022-01-07 13:00:00,4497.0,4522.0,4494.0,4515.0,123027.0,1879370.0,1889768.0
2022-01-07 14:00:00,4515.0,4530.0,4480.0,4526.0,275556.0,1889768.0,1916326.0
2022-01-07 21:00:00,4524.0,4532.0,4503.0,4514.0,183054.0,1916326.0,1901500.0
2022-01-07 22:00:00,4514.0,4518.0,4505.0,4506.0,84538.0,1901500.0,1884028.0
2022-01-10 09:00:00,4503.0,4537.0,4475.0,4488.0,413717.0,1884028.0,1873000.0
2022-01-10 10:00:00,4488.0,4503.0,4480.0,4480.0,131001.0,1873000.0,1884268.0
2022-01-10 11:00:00,4480.0,4492.0,4463.0,4481.0,128084.0,1884268.0,1885813.0
2022-01-10 13:00:00,4483.0,4496.0,4480.0,4486.0,64442.0,1885813.0,1891585.0
2022-01-10 14:00:00,4486.0,4495.0,4474.0,4492.0,128534.0,1891585.0,1890745.0
2022-01-10 21:00:00,4504.0,4526.0,4495.0,4520.0,278405.0,1890745.0,1868331.0
2022-01-10 22:00:00,4520.0,4535.0,4483.0,4489.0,203803.0,1868331.0,1859943.0
2022-01-11 09:00:00,4496.0,4530.0,4481.0,4525.0,264954.0,1859943.0,1882703.0
2022-01-11 10:00:00,4525.0,4528.0,4489.0,4497.0,167911.0,1882703.0,1899024.0
2022-01-11 11:00:00,4497.0,4520.0,4491.0,4512.0,89905.0,1899024.0,1899694.0
2022-01-11 13:00:00,4508.0,4528.0,4504.0,4527.0,97857.0,1899694.0,1924619.0
2022-01-11 14:00:00,4527.0,4590.0,4519.0,4589.0,479142.0,1924619.0,2014725.0
2022-01-11 21:00:00,4592.0,4600.0,4576.0,4585.0,248081.0,2014725.0,1984558.0
2022-01-11 22:00:00,4585.0,4595.0,4571.0,4587.0,126936.0,1984558.0,1966232.0
2022-01-12 09:00:00,4595.0,4616.0,4570.0,4612.0,269570.0,1966232.0,1960850.0
2022-01-12 10:00:00,4612.0,4619.0,4602.0,4616.0,85067.0,1960850.0,1966396.0
2022-01-12 11:00:00,4616.0,4627.0,4609.0,4621.0,76368.0,1966396.0,1968348.0
2022-01-12 13:00:00,4624.0,4626.0,4613.0,4622.0,75826.0,1968348.0,1972096.0
2022-01-12 14:00:00,4622.0,4634.0,4603.0,4632.0,183854.0,1972096.0,1984861.0
2022-01-12 21:00:00,4632.0,4689.0,4632.0,4683.0,351378.0,1984861.0,1976987.0
2022-01-12 22:00:00,4683.0,4701.0,4669.0,4688.0,245305.0,1976987.0,1977034.0
2022-01-13 09:00:00,4687.0,4698.0,4676.0,4693.0,138481.0,1977034.0,1987438.0
2022-01-13 10:00:00,4693.0,4696.0,4678.0,4680.0,80656.0,1987438.0,1995955.0
2022-01-13 11:00:00,4680.0,4690.0,4649.0,4652.0,141899.0,1995955.0,1983725.0
2022-01-13 13:00:00,4647.0,4662.0,4636.0,4643.0,200019.0,1983725.0,1992028.0
2022-01-13 14:00:00,4643.0,4655.0,4629.0,4633.0,213771.0,1992028.0,1991671.0
2022-01-13 21:00:00,4621.0,4657.0,4606.0,4650.0,381875.0,1991671.0,1943841.0
2022-01-13 22:00:00,4650.0,4679.0,4647.0,4671.0,195021.0,1943841.0,1938404.0
2022-01-14 09:00:00,4664.0,4672.0,4641.0,4656.0,164808.0,1938404.0,1931739.0
2022-01-14 10:00:00,4656.0,4669.0,4650.0,4663.0,81772.0,1931739.0,1935170.0
2022-01-14 11:00:00,4663.0,4666.0,4630.0,4645.0,111459.0,1935170.0,1932115.0
2022-01-14 13:00:00,4644.0,4665.0,4635.0,4643.0,77424.0,1932115.0,1945772.0
2022-01-14 14:00:00,4643.0,4665.0,4640.0,4664.0,140704.0,1945772.0,1945448.0
2022-01-14 21:00:00,4671.0,4690.0,4611.0,4614.0,493227.0,1945448.0,1912032.0
2022-01-14 22:00:00,4614.0,4631.0,4583.0,4613.0,285582.0,1912032.0,1884497.0
2022-01-17 09:00:00,4601.0,4615.0,4552.0,4572.0,383436.0,1884497.0,1886271.0
2022-01-17 10:00:00,4572.0,4581.0,4522.0,4526.0,268547.0,1886271.0,1901355.0
2022-01-17 11:00:00,4526.0,4535.0,4520.0,4535.0,105555.0,1901355.0,1912420.0
2022-01-17 13:00:00,4535.0,4545.0,4530.0,4538.0,87439.0,1912420.0,1922833.0
2022-01-17 14:00:00,4538.0,4554.0,4528.0,4553.0,157944.0,1922833.0,1927580.0
2022-01-17 21:00:00,4545.0,4572.0,4537.0,4563.0,210980.0,1927580.0,1903713.0
2022-01-17 22:00:00,4563.0,4569.0,4554.0,4560.0,100642.0,1903713.0,1885520.0
2022-01-18 09:00:00,4563.0,4575.0,4541.0,4549.0,173141.0,1885520.0,1869232.0
2022-01-18 10:00:00,4549.0,4585.0,4547.0,4583.0,126810.0,1869232.0,1863806.0
2022-01-18 11:00:00,4583.0,4592.0,4562.0,4576.0,94821.0,1863806.0,1863233.0
2022-01-18 13:00:00,4576.0,4599.0,4574.0,4598.0,127025.0,1863233.0,1868224.0
2022-01-18 14:00:00,4598.0,4619.0,4595.0,4599.0,233206.0,1868224.0,1873336.0
2022-01-18 21:00:00,4634.0,4710.0,4627.0,4704.0,511326.0,1873336.0,1857911.0
2022-01-18 22:00:00,4704.0,4737.0,4696.0,4716.0,268816.0,1857911.0,1871838.0
2022-01-19 09:00:00,4720.0,4744.0,4704.0,4729.0,252190.0,1871838.0,1900157.0
2022-01-19 10:00:00,4729.0,4732.0,4702.0,4718.0,130900.0,1900157.0,1908533.0
2022-01-19 11:00:00,4718.0,4720.0,4692.0,4706.0,88908.0,1908533.0,1909460.0
2022-01-19 13:00:00,4700.0,4703.0,4669.0,4690.0,179527.0,1909460.0,1918432.0
2022-01-19 14:00:00,4690.0,4723.0,4685.0,4713.0,185532.0,1918432.0,1932904.0
2022-01-19 21:00:00,4719.0,4721.0,4691.0,4702.0,269575.0,1932904.0,1884724.0
2022-01-19 22:00:00,4702.0,4713.0,4696.0,4703.0,117758.0,1884724.0,1864266.0
2022-01-20 09:00:00,4701.0,4712.0,4675.0,4693.0,225661.0,1864266.0,1860462.0
2022-01-20 10:00:00,4693.0,4703.0,4678.0,4700.0,110381.0,1860462.0,1861077.0
2022-01-20 11:00:00,4700.0,4712.0,4692.0,4697.0,73210.0,1861077.0,1869112.0
2022-01-20 13:00:00,4695.0,4717.0,4695.0,4709.0,94075.0,1869112.0,1867861.0
2022-01-20 14:00:00,4709.0,4742.0,4704.0,4713.0,279396.0,1867861.0,1908425.0
2022-01-20 21:00:00,4714.0,4729.0,4682.0,4728.0,217004.0,1908425.0,1874558.0
2022-01-20 22:00:00,4728.0,4758.0,4728.0,4746.0,239859.0,1874558.0,1861105.0
2022-01-21 09:00:00,4740.0,4741.0,4688.0,4711.0,292622.0,1861105.0,1851029.0
2022-01-21 10:00:00,4711.0,4734.0,4681.0,4689.0,190358.0,1851029.0,1867562.0
2022-01-21 11:00:00,4689.0,4705.0,4680.0,4705.0,99889.0,1867562.0,1864869.0
2022-01-21 13:00:00,4702.0,4731.0,4693.0,4723.0,127945.0,1864869.0,1879010.0
2022-01-21 14:00:00,4723.0,4737.0,4700.0,4711.0,150693.0,1879010.0,1882937.0
2022-01-21 21:00:00,4720.0,4735.0,4690.0,4724.0,227164.0,1882937.0,1849315.0
2022-01-21 22:00:00,4724.0,4740.0,4710.0,4729.0,151006.0,1849315.0,1837503.0
2022-01-24 09:00:00,4746.0,4786.0,4695.0,4704.0,487732.0,1837503.0,1833219.0
2022-01-24 10:00:00,4704.0,4712.0,4665.0,4679.0,204491.0,1833219.0,1833376.0
2022-01-24 11:00:00,4679.0,4708.0,4678.0,4703.0,74613.0,1833376.0,1836395.0
2022-01-24 13:00:00,4703.0,4733.0,4703.0,4726.0,128562.0,1836395.0,1848158.0
2022-01-24 14:00:00,4726.0,4728.0,4653.0,4665.0,300820.0,1848158.0,1877729.0
2022-01-24 21:00:00,4659.0,4681.0,4650.0,4656.0,235176.0,1877729.0,1839954.0
2022-01-24 22:00:00,4656.0,4669.0,4632.0,4645.0,238332.0,1839954.0,1804695.0
2022-01-25 09:00:00,4650.0,4686.0,4630.0,4683.0,233285.0,1804695.0,1787477.0
2022-01-25 10:00:00,4683.0,4698.0,4675.0,4695.0,113197.0,1787477.0,1776571.0
2022-01-25 11:00:00,4695.0,4709.0,4677.0,4707.0,102087.0,1776571.0,1780999.0
2022-01-25 13:00:00,4706.0,4725.0,4697.0,4718.0,126323.0,1780999.0,1789633.0
2022-01-25 14:00:00,4718.0,4730.0,4711.0,4722.0,164466.0,1789633.0,1785229.0
2022-01-25 21:00:00,4722.0,4740.0,4713.0,4725.0,209975.0,1785229.0,1760220.0
2022-01-25 22:00:00,4725.0,4727.0,4652.0,4654.0,185990.0,1760220.0,1727719.0
2022-01-26 09:00:00,4662.0,4676.0,4635.0,4664.0,322375.0,1727719.0,1727363.0
2022-01-26 10:00:00,4664.0,4703.0,4657.0,4697.0,138988.0,1727363.0,1726656.0
2022-01-26 11:00:00,4697.0,4700.0,4664.0,4664.0,85929.0,1726656.0,1733605.0
2022-01-26 13:00:00,4663.0,4686.0,4655.0,4677.0,90449.0,1733605.0,1751032.0
2022-01-26 14:00:00,4677.0,4711.0,4677.0,4694.0,203575.0,1751032.0,1766393.0
2022-01-26 21:00:00,4700.0,4707.0,4658.0,4673.0,263342.0,1766393.0,1712830.0
2022-01-26 22:00:00,4673.0,4689.0,4664.0,4688.0,95160.0,1712830.0,1694567.0
2022-01-27 09:00:00,4686.0,4698.0,4670.0,4673.0,127769.0,1694567.0,1680768.0
2022-01-27 10:00:00,4673.0,4680.0,4654.0,4669.0,132999.0,1680768.0,1683388.0
2022-01-27 11:00:00,4669.0,4730.0,4667.0,4727.0,144122.0,1683388.0,1674236.0
2022-01-27 13:00:00,4730.0,4757.0,4724.0,4743.0,239525.0,1674236.0,1711448.0
2022-01-27 14:00:00,4743.0,4747.0,4670.0,4673.0,322964.0,1711448.0,1727529.0
2022-01-27 21:00:00,4691.0,4776.0,4681.0,4745.0,432233.0,1727529.0,1670313.0
2022-01-27 22:00:00,4745.0,4777.0,4744.0,4759.0,112225.0,1670313.0,1661550.0
2022-01-28 09:00:00,4762.0,4780.0,4746.0,4778.0,129704.0,1661550.0,1664718.0
2022-01-28 10:00:00,4778.0,4779.0,4737.0,4770.0,117926.0,1664718.0,1660085.0
2022-01-28 11:00:00,4770.0,4788.0,4765.0,4780.0,97657.0,1660085.0,1677096.0
2022-01-28 13:00:00,4787.0,4796.0,4778.0,4795.0,71805.0,1677096.0,1680771.0
2022-01-28 14:00:00,4795.0,4830.0,4761.0,4829.0,248456.0,1680771.0,1675744.0
2022-02-07 09:00:00,4875.0,4877.0,4801.0,4824.0,356692.0,1675744.0,1661303.0
2022-02-07 10:00:00,4824.0,4853.0,4818.0,4851.0,97285.0,1661303.0,1664884.0
2022-02-07 11:00:00,4851.0,4879.0,4840.0,4868.0,66176.0,1664884.0,1671321.0
2022-02-07 13:00:00,4869.0,4875.0,4856.0,4856.0,59908.0,1671321.0,1672387.0
2022-02-07 14:00:00,4856.0,4862.0,4819.0,4847.0,164694.0,1672387.0,1680665.0
2022-02-07 21:00:00,4840.0,4907.0,4839.0,4905.0,245651.0,1680665.0,1702649.0
2022-02-07 22:00:00,4905.0,4916.0,4883.0,4900.0,153259.0,1702649.0,1704277.0
2022-02-08 09:00:00,4900.0,4910.0,4877.0,4904.0,163031.0,1704277.0,1713229.0
2022-02-08 10:00:00,4904.0,4938.0,4900.0,4930.0,196099.0,1713229.0,1723638.0
2022-02-08 11:00:00,4930.0,4940.0,4922.0,4928.0,74946.0,1723638.0,1731694.0
2022-02-08 13:00:00,4928.0,4944.0,4917.0,4937.0,74799.0,1731694.0,1743962.0
2022-02-08 14:00:00,4937.0,4946.0,4890.0,4912.0,278454.0,1743962.0,1749557.0
2022-02-08 21:00:00,4899.0,4935.0,4867.0,4920.0,311478.0,1749557.0,1715209.0
2022-02-08 22:00:00,4920.0,4926.0,4896.0,4910.0,135527.0,1715209.0,1709002.0
2022-02-09 09:00:00,4911.0,4925.0,4860.0,4860.0,282332.0,1709002.0,1720511.0
2022-02-09 10:00:00,4860.0,4891.0,4845.0,4869.0,184036.0,1720511.0,1726858.0
2022-02-09 11:00:00,4869.0,4895.0,4869.0,4876.0,62522.0,1726858.0,1734882.0
2022-02-09 13:00:00,4876.0,4880.0,4855.0,4874.0,115576.0,1734882.0,1761144.0
2022-02-09 14:00:00,4874.0,4882.0,4825.0,4843.0,232770.0,1761144.0,1785924.0
2022-02-09 21:00:00,4848.0,4918.0,4838.0,4890.0,435267.0,1785924.0,1770428.0
2022-02-09 22:00:00,4890.0,4900.0,4868.0,4883.0,186281.0,1770428.0,1769632.0
2022-02-10 09:00:00,4890.0,4907.0,4874.0,4907.0,155644.0,1769632.0,1781321.0
2022-02-10 10:00:00,4907.0,4914.0,4881.0,4911.0,99992.0,1781321.0,1790273.0
2022-02-10 11:00:00,4911.0,4912.0,4891.0,4909.0,61378.0,1790273.0,1796674.0
2022-02-10 13:00:00,4915.0,4966.0,4915.0,4962.0,242002.0,1796674.0,1852000.0
2022-02-10 14:00:00,4962.0,4967.0,4934.0,4955.0,214022.0,1852000.0,1867561.0
2022-02-10 21:00:00,4992.0,5034.0,4988.0,5010.0,387007.0,1867561.0,1850878.0
2022-02-10 22:00:00,5010.0,5017.0,4996.0,5003.0,109703.0,1850878.0,1845985.0
2022-02-11 09:00:00,4995.0,4999.0,4963.0,4985.0,291510.0,1845985.0,1855491.0
2022-02-11 10:00:00,4985.0,5004.0,4985.0,4993.0,97137.0,1855491.0,1863470.0
2022-02-11 11:00:00,4993.0,4997.0,4956.0,4980.0,136063.0,1863470.0,1874003.0
2022-02-11 13:00:00,4976.0,5008.0,4962.0,4993.0,150209.0,1874003.0,1909636.0
2022-02-11 14:00:00,4993.0,4995.0,4902.0,4905.0,298710.0,1909636.0,1895139.0
2022-02-11 21:00:00,4892.0,4901.0,4830.0,4852.0,523612.0,1895139.0,1845221.0
2022-02-11 22:00:00,4852.0,4895.0,4847.0,4850.0,323115.0,1845221.0,1836641.0
2022-02-14 09:00:00,4845.0,4895.0,4845.0,4893.0,299094.0,1836641.0,1830045.0
2022-02-14 10:00:00,4893.0,4910.0,4884.0,4909.0,115769.0,1830045.0,1844344.0
2022-02-14 11:00:00,4909.0,4909.0,4868.0,4871.0,79279.0,1844344.0,1852917.0
2022-02-14 13:00:00,4870.0,4874.0,4849.0,4859.0,127995.0,1852917.0,1869155.0
2022-02-14 14:00:00,4859.0,4867.0,4791.0,4817.0,405900.0,1869155.0,1888817.0
2022-02-14 21:00:00,4801.0,4816.0,4762.0,4790.0,423900.0,1888817.0,1828684.0
2022-02-14 22:00:00,4790.0,4795.0,4765.0,4772.0,142392.0,1828684.0,1823296.0
2022-02-15 09:00:00,4770.0,4787.0,4732.0,4752.0,317440.0,1823296.0,1838340.0
2022-02-15 10:00:00,4752.0,4795.0,4743.0,4794.0,174249.0,1838340.0,1850809.0
2022-02-15 11:00:00,4794.0,4795.0,4712.0,4739.0,278316.0,1850809.0,1855108.0
2022-02-15 13:00:00,4724.0,4725.0,4666.0,4686.0,471712.0,1855108.0,1909038.0
2022-02-15 14:00:00,4686.0,4741.0,4682.0,4728.0,316502.0,1909038.0,1921187.0
2022-02-15 21:00:00,4750.0,4788.0,4725.0,4745.0,445021.0,1921187.0,1858681.0
2022-02-15 22:00:00,4745.0,4763.0,4730.0,4752.0,160067.0,1858681.0,1850999.0
2022-02-16 09:00:00,4754.0,4790.0,4752.0,4788.0,250161.0,1850999.0,1840052.0
2022-02-16 10:00:00,4788.0,4798.0,4773.0,4794.0,141555.0,1840052.0,1840139.0
2022-02-16 11:00:00,4794.0,4808.0,4788.0,4796.0,83615.0,1840139.0,1841482.0
2022-02-16 13:00:00,4795.0,4831.0,4795.0,4813.0,199531.0,1841482.0,1858800.0
2022-02-16 14:00:00,4813.0,4834.0,4806.0,4832.0,217685.0,1858800.0,1874486.0
2022-02-16 21:00:00,4838.0,4842.0,4776.0,4778.0,363925.0,1874486.0,1843350.0
2022-02-16 22:00:00,4778.0,4789.0,4739.0,4760.0,405792.0,1843350.0,1859098.0
2022-02-17 09:00:00,4753.0,4774.0,4746.0,4753.0,197864.0,1859098.0,1877122.0
2022-02-17 10:00:00,4753.0,4753.0,4700.0,4722.0,330014.0,1877122.0,1901748.0
2022-02-17 11:00:00,4722.0,4746.0,4716.0,4734.0,121325.0,1901748.0,1926228.0
2022-02-17 13:00:00,4730.0,4752.0,4704.0,4710.0,168286.0,1926228.0,1943549.0
2022-02-17 14:00:00,4710.0,4759.0,4684.0,4686.0,545341.0,1943549.0,1962220.0
2022-02-17 21:00:00,4672.0,4720.0,4659.0,4704.0,462031.0,1962220.0,1912218.0
2022-02-17 22:00:00,4704.0,4714.0,4684.0,4700.0,165473.0,1912218.0,1888455.0
2022-02-18 09:00:00,4700.0,4739.0,4695.0,4734.0,261194.0,1888455.0,1906720.0
2022-02-18 10:00:00,4734.0,4764.0,4726.0,4760.0,198371.0,1906720.0,1907871.0
2022-02-18 11:00:00,4760.0,4798.0,4751.0,4778.0,195863.0,1907871.0,1903411.0
2022-02-18 13:00:00,4778.0,4793.0,4760.0,4761.0,113390.0,1903411.0,1916331.0
2022-02-18 14:00:00,4761.0,4792.0,4761.0,4779.0,181781.0,1916331.0,1929520.0
2022-02-18 21:00:00,4782.0,4800.0,4755.0,4789.0,323969.0,1929520.0,1879941.0
2022-02-18 22:00:00,4789.0,4814.0,4780.0,4811.0,201617.0,1879941.0,1869721.0
2022-02-21 09:00:00,4809.0,4810.0,4763.0,4795.0,368701.0,1869721.0,1896867.0
2022-02-21 10:00:00,4795.0,4798.0,4751.0,4775.0,187647.0,1896867.0,1927434.0
2022-02-21 11:00:00,4775.0,4792.0,4760.0,4784.0,91542.0,1927434.0,1931639.0
2022-02-21 13:00:00,4788.0,4802.0,4766.0,4793.0,110040.0,1931639.0,1941939.0
2022-02-21 14:00:00,4793.0,4848.0,4771.0,4845.0,343878.0,1941939.0,1978620.0
2022-02-21 21:00:00,4847.0,4883.0,4836.0,4868.0,388906.0,1978620.0,1946151.0
2022-02-21 22:00:00,4868.0,4877.0,4855.0,4859.0,144296.0,1946151.0,1933026.0
2022-02-22 09:00:00,4860.0,4873.0,4842.0,4851.0,217044.0,1933026.0,1931603.0
2022-02-22 10:00:00,4851.0,4862.0,4833.0,4837.0,130216.0,1931603.0,1948432.0
2022-02-22 11:00:00,4837.0,4844.0,4785.0,4786.0,218986.0,1948432.0,1944558.0
2022-02-22 13:00:00,4788.0,4823.0,4785.0,4806.0,166424.0,1944558.0,1952447.0
2022-02-22 14:00:00,4806.0,4823.0,4723.0,4734.0,500176.0,1952447.0,1980665.0
2022-02-22 21:00:00,4739.0,4772.0,4732.0,4758.0,309325.0,1980665.0,1945613.0
2022-02-22 22:00:00,4758.0,4777.0,4738.0,4755.0,154271.0,1945613.0,1914558.0
2022-02-23 09:00:00,4754.0,4785.0,4742.0,4750.0,240026.0,1914558.0,1912197.0
2022-02-23 10:00:00,4750.0,4794.0,4748.0,4787.0,248777.0,1912197.0,1908990.0
2022-02-23 11:00:00,4787.0,4791.0,4770.0,4781.0,77329.0,1908990.0,1914081.0
2022-02-23 13:00:00,4783.0,4817.0,4776.0,4817.0,162051.0,1914081.0,1931060.0
2022-02-23 14:00:00,4817.0,4818.0,4771.0,4786.0,315073.0,1931060.0,1966677.0
2022-02-23 21:00:00,4789.0,4808.0,4751.0,4760.0,405523.0,1966677.0,1903457.0
2022-02-23 22:00:00,4760.0,4767.0,4743.0,4763.0,183133.0,1903457.0,1904511.0
2022-02-24 09:00:00,4763.0,4766.0,4735.0,4736.0,185139.0,1904511.0,1930796.0
2022-02-24 10:00:00,4736.0,4741.0,4660.0,4665.0,491666.0,1930796.0,1982231.0
2022-02-24 11:00:00,4665.0,4713.0,4654.0,4676.0,279000.0,1982231.0,2005223.0
2022-02-24 13:00:00,4664.0,4709.0,4648.0,4674.0,271559.0,2005223.0,2021599.0
2022-02-24 14:00:00,4674.0,4674.0,4622.0,4637.0,441927.0,2021599.0,2081475.0
2022-02-24 21:00:00,4634.0,4666.0,4613.0,4655.0,418836.0,2081475.0,2025130.0
2022-02-24 22:00:00,4655.0,4665.0,4608.0,4614.0,244302.0,2025130.0,1989335.0
2022-02-25 09:00:00,4617.0,4634.0,4580.0,4624.0,406125.0,1989335.0,2020568.0
2022-02-25 10:00:00,4624.0,4626.0,4588.0,4605.0,158848.0,2020568.0,2032118.0
2022-02-25 11:00:00,4605.0,4613.0,4578.0,4581.0,116730.0,2032118.0,2048171.0
2022-02-25 13:00:00,4585.0,4586.0,4550.0,4552.0,254328.0,2048171.0,2077084.0
2022-02-25 14:00:00,4552.0,4617.0,4525.0,4617.0,555954.0,2077084.0,2108560.0
2022-02-25 21:00:00,4620.0,4645.0,4597.0,4633.0,358508.0,2108560.0,2028288.0
2022-02-25 22:00:00,4633.0,4659.0,4628.0,4636.0,215449.0,2028288.0,1993291.0
2022-02-28 09:00:00,4646.0,4700.0,4646.0,4700.0,431218.0,1993291.0,1965927.0
2022-02-28 10:00:00,4700.0,4706.0,4678.0,4694.0,178506.0,1965927.0,1979634.0
2022-02-28 11:00:00,4694.0,4699.0,4672.0,4685.0,79673.0,1979634.0,1989064.0
2022-02-28 13:00:00,4685.0,4698.0,4660.0,4664.0,129415.0,1989064.0,2000985.0
2022-02-28 14:00:00,4664.0,4698.0,4649.0,4693.0,232189.0,2000985.0,2004494.0
2022-02-28 21:00:00,4711.0,4747.0,4710.0,4740.0,351743.0,2004494.0,1943823.0
2022-02-28 22:00:00,4740.0,4750.0,4723.0,4749.0,167717.0,1943823.0,1909699.0
2022-03-01 09:00:00,4753.0,4822.0,4753.0,4817.0,434851.0,1909699.0,1871228.0
2022-03-01 10:00:00,4817.0,4822.0,4784.0,4804.0,144977.0,1871228.0,1870493.0
2022-03-01 11:00:00,4804.0,4815.0,4790.0,4791.0,70546.0,1870493.0,1875101.0
2022-03-01 13:00:00,4791.0,4803.0,4775.0,4780.0,115829.0,1875101.0,1893627.0
2022-03-01 14:00:00,4780.0,4844.0,4774.0,4837.0,309767.0,1893627.0,1904382.0
2022-03-01 21:00:00,4850.0,4865.0,4824.0,4853.0,333930.0,1904382.0,1842726.0
2022-03-01 22:00:00,4853.0,4875.0,4849.0,4864.0,144109.0,1842726.0,1829188.0
2022-03-02 09:00:00,4869.0,4879.0,4848.0,4877.0,203271.0,1829188.0,1831344.0
2022-03-02 10:00:00,4877.0,4893.0,4855.0,4864.0,220228.0,1831344.0,1840310.0
2022-03-02 11:00:00,4864.0,4867.0,4803.0,4833.0,255250.0,1840310.0,1861402.0
2022-03-02 13:00:00,4833.0,4852.0,4820.0,4825.0,119293.0,1861402.0,1875914.0
2022-03-02 14:00:00,4825.0,4862.0,4814.0,4860.0,204082.0,1875914.0,1874846.0
2022-03-02 21:00:00,4864.0,4885.0,4860.0,4868.0,284410.0,1874846.0,1819758.0
2022-03-02 22:00:00,4868.0,4872.0,4833.0,4853.0,205658.0,1819758.0,1805304.0
2022-03-03 09:00:00,4861.0,4943.0,4861.0,4925.0,469252.0,1805304.0,1787284.0
2022-03-03 10:00:00,4925.0,4935.0,4894.0,4923.0,201967.0,1787284.0,1790818.0
2022-03-03 11:00:00,4923.0,4930.0,4902.0,4907.0,118985.0,1790818.0,1788702.0
2022-03-03 13:00:00,4901.0,4901.0,4859.0,4863.0,287446.0,1788702.0,1818307.0
2022-03-03 14:00:00,4863.0,4895.0,4856.0,4880.0,298172.0,1818307.0,1845374.0
2022-03-03 21:00:00,4882.0,4924.0,4853.0,4866.0,473647.0,1845374.0,1793368.0
2022-03-03 22:00:00,4866.0,4897.0,4860.0,4881.0,176152.0,1793368.0,1775202.0
2022-03-04 09:00:00,4896.0,4899.0,4850.0,4857.0,250335.0,1775202.0,1779827.0
2022-03-04 10:00:00,4857.0,4906.0,4842.0,4902.0,254898.0,1779827.0,1787102.0
2022-03-04 11:00:00,4902.0,4914.0,4887.0,4887.0,124585.0,1787102.0,1790984.0
2022-03-04 13:00:00,4883.0,4892.0,4864.0,4872.0,136198.0,1790984.0,1799849.0
2022-03-04 14:00:00,4872.0,4904.0,4855.0,4901.0,246005.0,1799849.0,1804366.0
2022-03-04 21:00:00,4903.0,4939.0,4887.0,4936.0,388249.0,1804366.0,1750586.0
2022-03-04 22:00:00,4936.0,4966.0,4932.0,4960.0,225666.0,1750586.0,1725127.0
2022-03-07 09:00:00,4993.0,5078.0,4993.0,5075.0,530301.0,1725127.0,1736582.0
2022-03-07 10:00:00,5075.0,5096.0,5025.0,5049.0,282597.0,1736582.0,1736788.0
2022-03-07 11:00:00,5049.0,5059.0,5012.0,5046.0,123843.0,1736788.0,1743531.0
2022-03-07 13:00:00,5045.0,5074.0,5035.0,5064.0,139646.0,1743531.0,1736323.0
2022-03-07 14:00:00,5064.0,5095.0,5050.0,5094.0,239840.0,1736323.0,1725088.0
2022-03-07 21:00:00,5094.0,5100.0,4905.0,4955.0,801110.0,1725088.0,1572845.0
2022-03-07 22:00:00,4955.0,4984.0,4900.0,4982.0,414335.0,1572845.0,1538879.0
2022-03-08 09:00:00,4987.0,5012.0,4977.0,4989.0,249224.0,1538879.0,1553862.0
2022-03-08 10:00:00,4989.0,5028.0,4980.0,4998.0,140268.0,1553862.0,1571505.0
2022-03-08 11:00:00,4998.0,5008.0,4929.0,4942.0,196257.0,1571505.0,1582631.0
2022-03-08 13:00:00,4949.0,5010.0,4949.0,4994.0,144524.0,1582631.0,1585692.0
2022-03-08 14:00:00,4994.0,5035.0,4954.0,4956.0,293843.0,1585692.0,1563898.0
2022-03-08 21:00:00,4917.0,4979.0,4855.0,4953.0,472147.0,1563898.0,1478175.0
2022-03-08 22:00:00,4953.0,4979.0,4933.0,4978.0,160449.0,1478175.0,1469086.0
2022-03-09 09:00:00,4980.0,5000.0,4961.0,4965.0,194472.0,1469086.0,1470638.0
2022-03-09 10:00:00,4965.0,4989.0,4956.0,4971.0,96133.0,1470638.0,1463372.0
2022-03-09 11:00:00,4971.0,4979.0,4950.0,4953.0,81979.0,1463372.0,1457947.0
2022-03-09 13:00:00,4950.0,4979.0,4910.0,4930.0,229225.0,1457947.0,1466278.0
2022-03-09 14:00:00,4930.0,4968.0,4901.0,4907.0,267841.0,1466278.0,1464164.0
2022-03-09 21:00:00,4854.0,4890.0,4834.0,4856.0,486178.0,1464164.0,1411378.0
2022-03-09 22:00:00,4856.0,4875.0,4849.0,4866.0,139854.0,1411378.0,1403077.0
2022-03-10 09:00:00,4850.0,4860.0,4826.0,4835.0,240971.0,1403077.0,1416274.0
2022-03-10 10:00:00,4835.0,4900.0,4822.0,4886.0,242420.0,1416274.0,1433976.0
2022-03-10 11:00:00,4886.0,4927.0,4882.0,4926.0,154732.0,1433976.0,1446958.0
2022-03-10 13:00:00,4935.0,4955.0,4885.0,4894.0,174027.0,1446958.0,1438548.0
2022-03-10 14:00:00,4894.0,4924.0,4887.0,4896.0,155231.0,1438548.0,1438212.0
2022-03-10 21:00:00,4909.0,4948.0,4895.0,4948.0,267885.0,1438212.0,1408970.0
2022-03-10 22:00:00,4948.0,4949.0,4878.0,4880.0,156118.0,1408970.0,1397546.0
2022-03-11 09:00:00,4880.0,4893.0,4847.0,4856.0,292510.0,1397546.0,1399794.0
2022-03-11 10:00:00,4856.0,4882.0,4850.0,4874.0,142596.0,1399794.0,1390079.0
2022-03-11 11:00:00,4874.0,4888.0,4862.0,4878.0,63621.0,1390079.0,1386302.0
2022-03-11 13:00:00,4878.0,4916.0,4868.0,4911.0,137287.0,1386302.0,1385240.0
2022-03-11 14:00:00,4911.0,4925.0,4881.0,4917.0,204409.0,1385240.0,1380899.0
2022-03-11 21:00:00,4874.0,4919.0,4858.0,4910.0,307204.0,1380899.0,1363216.0
2022-03-11 22:00:00,4910.0,4911.0,4868.0,4868.0,143703.0,1363216.0,1349132.0
2022-03-14 09:00:00,4818.0,4818.0,4728.0,4792.0,664154.0,1349132.0,1339128.0
2022-03-14 10:00:00,4792.0,4807.0,4778.0,4782.0,100926.0,1339128.0,1350618.0
2022-03-14 11:00:00,4782.0,4798.0,4762.0,4766.0,89542.0,1350618.0,1361127.0
2022-03-14 13:00:00,4759.0,4769.0,4724.0,4732.0,205103.0,1361127.0,1389213.0
2022-03-14 14:00:00,4732.0,4743.0,4693.0,4695.0,277971.0,1389213.0,1410730.0
2022-03-14 21:00:00,4691.0,4738.0,4688.0,4722.0,272658.0,1410730.0,1380938.0
2022-03-14 22:00:00,4722.0,4745.0,4712.0,4739.0,187152.0,1380938.0,1357199.0
2022-03-15 09:00:00,4736.0,4738.0,4681.0,4699.0,299957.0,1357199.0,1347089.0
2022-03-15 10:00:00,4699.0,4825.0,4694.0,4805.0,505256.0,1347089.0,1360665.0
2022-03-15 11:00:00,4805.0,4819.0,4786.0,4787.0,103806.0,1360665.0,1359206.0
2022-03-15 13:00:00,4780.0,4780.0,4756.0,4766.0,148116.0,1359206.0,1358735.0
2022-03-15 14:00:00,4766.0,4781.0,4750.0,4753.0,218258.0,1358735.0,1349633.0
2022-03-15 21:00:00,4731.0,4785.0,4725.0,4772.0,270169.0,1349633.0,1327565.0
2022-03-15 22:00:00,4772.0,4805.0,4767.0,4797.0,183625.0,1327565.0,1319195.0
2022-03-16 09:00:00,4798.0,4838.0,4798.0,4818.0,233031.0,1319195.0,1311204.0
2022-03-16 10:00:00,4818.0,4820.0,4789.0,4803.0,112619.0,1311204.0,1306269.0
2022-03-16 11:00:00,4803.0,4819.0,4791.0,4807.0,76120.0,1306269.0,1303160.0
2022-03-16 13:00:00,4830.0,4865.0,4830.0,4857.0,198774.0,1303160.0,1315923.0
2022-03-16 14:00:00,4857.0,4908.0,4857.0,4904.0,288668.0,1315923.0,1330578.0
2022-03-16 21:00:00,4923.0,4946.0,4907.0,4916.0,281238.0,1330578.0,1311713.0
2022-03-16 22:00:00,4916.0,4924.0,4875.0,4878.0,199342.0,1311713.0,1281758.0
2022-03-17 09:00:00,4880.0,4924.0,4880.0,4886.0,185924.0,1281758.0,1293003.0
2022-03-17 10:00:00,4886.0,4905.0,4867.0,4901.0,105017.0,1293003.0,1295892.0
2022-03-17 11:00:00,4901.0,4928.0,4901.0,4907.0,94265.0,1295892.0,1298203.0
2022-03-17 13:00:00,4897.0,4908.0,4877.0,4889.0,139214.0,1298203.0,1306718.0
2022-03-17 14:00:00,4889.0,4904.0,4861.0,4902.0,198863.0,1306718.0,1309488.0
2022-03-17 21:00:00,4903.0,4926.0,4890.0,4924.0,232435.0,1309488.0,1285173.0
2022-03-17 22:00:00,4924.0,4936.0,4901.0,4933.0,153091.0,1285173.0,1274213.0
2022-03-18 09:00:00,4937.0,4948.0,4924.0,4932.0,152254.0,1274213.0,1275101.0
2022-03-18 10:00:00,4932.0,4950.0,4930.0,4937.0,93853.0,1275101.0,1280630.0
2022-03-18 11:00:00,4937.0,4942.0,4912.0,4922.0,83988.0,1280630.0,1269008.0
2022-03-18 13:00:00,4927.0,4933.0,4905.0,4912.0,84414.0,1269008.0,1266254.0
2022-03-18 14:00:00,4912.0,4956.0,4907.0,4953.0,179050.0,1266254.0,1271483.0
2022-03-18 21:00:00,4934.0,4941.0,4911.0,4918.0,202091.0,1271483.0,1238698.0
2022-03-18 22:00:00,4918.0,4950.0,4914.0,4947.0,113909.0,1238698.0,1229098.0
2022-03-21 09:00:00,4940.0,4980.0,4910.0,4932.0,360905.0,1229098.0,1253938.0
2022-03-21 10:00:00,4932.0,4944.0,4908.0,4932.0,154529.0,1253938.0,1260422.0
2022-03-21 11:00:00,4932.0,4932.0,4891.0,4895.0,82160.0,1260422.0,1264578.0
2022-03-21 13:00:00,4881.0,4908.0,4862.0,4896.0,145368.0,1264578.0,1281848.0
2022-03-21 14:00:00,4896.0,4931.0,4891.0,4923.0,155968.0,1281848.0,1269415.0
2022-03-21 21:00:00,4909.0,4946.0,4897.0,4940.0,207540.0,1269415.0,1234218.0
2022-03-21 22:00:00,4940.0,4950.0,4927.0,4940.0,90705.0,1234218.0,1218324.0
2022-03-22 09:00:00,4941.0,4955.0,4933.0,4950.0,123245.0,1218324.0,1207177.0
2022-03-22 10:00:00,4950.0,4955.0,4912.0,4922.0,121651.0,1207177.0,1197586.0
2022-03-22 11:00:00,4922.0,4943.0,4911.0,4936.0,74923.0,1197586.0,1189749.0
2022-03-22 13:00:00,4944.0,4945.0,4928.0,4938.0,42794.0,1189749.0,1190648.0
2022-03-22 14:00:00,4938.0,4944.0,4916.0,4918.0,124612.0,1190648.0,1188532.0
2022-03-22 21:00:00,4911.0,4930.0,4866.0,4898.0,331846.0,1188532.0,1146673.0
2022-03-22 22:00:00,4898.0,4910.0,4886.0,4900.0,97344.0,1146673.0,1143824.0
2022-03-23 09:00:00,4900.0,4938.0,4893.0,4931.0,157377.0,1143824.0,1147144.0
2022-03-23 10:00:00,4931.0,4944.0,4927.0,4938.0,85094.0,1147144.0,1165354.0
2022-03-23 11:00:00,4938.0,4970.0,4937.0,4964.0,143289.0,1165354.0,1192721.0
2022-03-23 13:00:00,4965.0,4973.0,4944.0,4952.0,86098.0,1192721.0,1195173.0
2022-03-23 14:00:00,4952.0,4987.0,4950.0,4983.0,143211.0,1195173.0,1208811.0
2022-03-23 21:00:00,4987.0,5014.0,4973.0,5001.0,221050.0,1208811.0,1160817.0
2022-03-23 22:00:00,5001.0,5012.0,4992.0,4992.0,100012.0,1160817.0,1128253.0
2022-03-24 09:00:00,4995.0,5004.0,4975.0,4977.0,154523.0,1128253.0,1105099.0
2022-03-24 10:00:00,4977.0,4980.0,4945.0,4947.0,140084.0,1105099.0,1089688.0
2022-03-24 11:00:00,4947.0,4969.0,4938.0,4968.0,109367.0,1089688.0,1082959.0
2022-03-24 13:00:00,4969.0,4983.0,4959.0,4962.0,82344.0,1082959.0,1084329.0
2022-03-24 14:00:00,4962.0,4972.0,4935.0,4945.0,133545.0,1084329.0,1081970.0
2022-03-24 21:00:00,4948.0,4984.0,4943.0,4970.0,195733.0,1081970.0,1024869.0
2022-03-24 22:00:00,4970.0,4976.0,4947.0,4964.0,110069.0,1024869.0,1008737.0
2022-03-25 09:00:00,4964.0,4982.0,4955.0,4977.0,95895.0,1008737.0,1007245.0
2022-03-25 10:00:00,4977.0,4989.0,4970.0,4981.0,82229.0,1007245.0,1004448.0
2022-03-25 11:00:00,4981.0,4984.0,4971.0,4977.0,45375.0,1004448.0,1005113.0
2022-03-25 13:00:00,4976.0,5004.0,4965.0,4999.0,111209.0,1005113.0,1010714.0
2022-03-25 14:00:00,4999.0,5018.0,4994.0,5013.0,163141.0,1010714.0,1012299.0
2022-03-25 21:00:00,4995.0,5017.0,4987.0,5012.0,141341.0,1012299.0,973615.0
2022-03-25 22:00:00,5012.0,5040.0,5008.0,5024.0,109345.0,973615.0,946180.0
2022-03-28 09:00:00,5011.0,5070.0,4985.0,5060.0,236780.0,946180.0,917698.0
2022-03-28 10:00:00,5060.0,5074.0,5047.0,5060.0,76566.0,917698.0,914982.0
2022-03-28 11:00:00,5060.0,5070.0,5053.0,5067.0,41065.0,914982.0,911601.0
2022-03-28 13:00:00,5066.0,5068.0,5044.0,5067.0,61015.0,911601.0,906085.0
2022-03-28 14:00:00,5067.0,5068.0,5045.0,5058.0,87504.0,906085.0,893420.0
2022-03-28 21:00:00,5039.0,5050.0,5023.0,5039.0,239096.0,893420.0,1471904.0
2022-03-28 22:00:00,5039.0,5042.0,5008.0,5023.0,114544.0,1471904.0,1471923.0
2022-03-29 09:00:00,5022.0,5035.0,5003.0,5010.0,168077.0,1471923.0,1504811.0
2022-03-29 10:00:00,5010.0,5021.0,4992.0,5016.0,138666.0,1504811.0,1518748.0
2022-03-29 11:00:00,5016.0,5024.0,5008.0,5015.0,47867.0,1518748.0,1520759.0
2022-03-29 13:00:00,5011.0,5040.0,5007.0,5031.0,103149.0,1520759.0,1527112.0
2022-03-29 14:00:00,5031.0,5035.0,4997.0,5012.0,175629.0,1527112.0,1527965.0
2022-03-29 21:00:00,4975.0,4980.0,4918.0,4949.0,523559.0,1527965.0,1519292.0
2022-03-29 22:00:00,4949.0,4972.0,4934.0,4959.0,158758.0,1519292.0,1511726.0
2022-03-30 09:00:00,4970.0,4997.0,4965.0,4996.0,176622.0,1511726.0,1510321.0
2022-03-30 10:00:00,4996.0,5015.0,4991.0,5005.0,145526.0,1510321.0,1511591.0
2022-03-30 11:00:00,5005.0,5020.0,4993.0,5002.0,93545.0,1511591.0,1513798.0
2022-03-30 13:00:00,5005.0,5036.0,4998.0,5034.0,102496.0,1513798.0,1520756.0
2022-03-30 14:00:00,5034.0,5037.0,5015.0,5034.0,152019.0,1520756.0,1519061.0
2022-03-30 21:00:00,5064.0,5117.0,5057.0,5089.0,452881.0,1519061.0,1521223.0
2022-03-30 22:00:00,5089.0,5094.0,5076.0,5084.0,130030.0,1521223.0,1504566.0
2022-03-31 09:00:00,5073.0,5088.0,5039.0,5041.0,246998.0,1504566.0,1523713.0
2022-03-31 10:00:00,5041.0,5051.0,5024.0,5024.0,154742.0,1523713.0,1529914.0
2022-03-31 11:00:00,5024.0,5038.0,4997.0,5024.0,174329.0,1529914.0,1529406.0
2022-03-31 13:00:00,5015.0,5069.0,5015.0,5062.0,198949.0,1529406.0,1537434.0
2022-03-31 14:00:00,5062.0,5073.0,5048.0,5061.0,193203.0,1537434.0,1541215.0
2022-03-31 21:00:00,5062.0,5093.0,5056.0,5059.0,304718.0,1541215.0,1569281.0
2022-03-31 22:00:00,5059.0,5090.0,5051.0,5084.0,155270.0,1569281.0,1567805.0
2022-04-01 09:00:00,5079.0,5125.0,5071.0,5125.0,240104.0,1567805.0,1589410.0
2022-04-01 10:00:00,5125.0,5148.0,5116.0,5145.0,193808.0,1589410.0,1613183.0
2022-04-01 11:00:00,5145.0,5147.0,5127.0,5127.0,73597.0,1613183.0,1620144.0
2022-04-01 13:00:00,5128.0,5145.0,5123.0,5137.0,88005.0,1620144.0,1633450.0
2022-04-01 14:00:00,5137.0,5165.0,5137.0,5160.0,221234.0,1633450.0,1639645.0
2022-04-06 09:00:00,5148.0,5158.0,5083.0,5120.0,457429.0,1639645.0,1614228.0
2022-04-06 10:00:00,5120.0,5143.0,5108.0,5136.0,129875.0,1614228.0,1625736.0
2022-04-06 11:00:00,5136.0,5177.0,5125.0,5167.0,100139.0,1625736.0,1631894.0
2022-04-06 13:00:00,5170.0,5190.0,5163.0,5170.0,152445.0,1631894.0,1650950.0
2022-04-06 14:00:00,5170.0,5176.0,5120.0,5121.0,222459.0,1650950.0,1644865.0
2022-04-06 21:00:00,5124.0,5148.0,5104.0,5130.0,325574.0,1644865.0,1661235.0
2022-04-06 22:00:00,5130.0,5142.0,5096.0,5117.0,162421.0,1661235.0,1661545.0
2022-04-07 09:00:00,5099.0,5116.0,5065.0,5100.0,334419.0,1661545.0,1666463.0
2022-04-07 10:00:00,5100.0,5102.0,5073.0,5084.0,118381.0,1666463.0,1673466.0
2022-04-07 11:00:00,5084.0,5084.0,5053.0,5054.0,143204.0,1673466.0,1678697.0
2022-04-07 13:00:00,5053.0,5066.0,5034.0,5064.0,199569.0,1678697.0,1695246.0
2022-04-07 14:00:00,5064.0,5094.0,5058.0,5070.0,211485.0,1695246.0,1681999.0
2022-04-07 21:00:00,5057.0,5103.0,5052.0,5082.0,260505.0,1681999.0,1692464.0
2022-04-07 22:00:00,5082.0,5090.0,5034.0,5039.0,224681.0,1692464.0,1686207.0
2022-04-08 09:00:00,5043.0,5064.0,5026.0,5037.0,248929.0,1686207.0,1693461.0
2022-04-08 10:00:00,5037.0,5044.0,4987.0,4988.0,312714.0,1693461.0,1696195.0
2022-04-08 11:00:00,4988.0,4995.0,4953.0,4975.0,310820.0,1696195.0,1669197.0
2022-04-08 13:00:00,4981.0,5008.0,4981.0,5002.0,157762.0,1669197.0,1672193.0
2022-04-08 14:00:00,5002.0,5023.0,4972.0,5019.0,262785.0,1672193.0,1664699.0
2022-04-08 21:00:00,5016.0,5039.0,4990.0,4998.0,329847.0,1664699.0,1659061.0
2022-04-08 22:00:00,4998.0,5019.0,4949.0,4970.0,258007.0,1659061.0,1651412.0
2022-04-11 09:00:00,4948.0,4948.0,4884.0,4885.0,517863.0,1651412.0,1672868.0
2022-04-11 10:00:00,4885.0,4894.0,4862.0,4881.0,220557.0,1672868.0,1681544.0
2022-04-11 11:00:00,4881.0,4888.0,4864.0,4884.0,105238.0,1681544.0,1690924.0
2022-04-11 13:00:00,4881.0,4905.0,4876.0,4888.0,125716.0,1690924.0,1686250.0
2022-04-11 14:00:00,4888.0,4893.0,4859.0,4867.0,199771.0,1686250.0,1686172.0
2022-04-11 21:00:00,4881.0,4910.0,4872.0,4908.0,319659.0,1686172.0,1684496.0
2022-04-11 22:00:00,4908.0,4943.0,4903.0,4937.0,286565.0,1684496.0,1670743.0
2022-04-12 09:00:00,4936.0,4964.0,4929.0,4942.0,278277.0,1670743.0,1685132.0
2022-04-12 10:00:00,4942.0,4969.0,4935.0,4968.0,134872.0,1685132.0,1688570.0
2022-04-12 11:00:00,4968.0,4986.0,4956.0,4962.0,148663.0,1688570.0,1681721.0
2022-04-12 13:00:00,4984.0,4996.0,4981.0,4994.0,171029.0,1681721.0,1696419.0
2022-04-12 14:00:00,4994.0,5035.0,4990.0,5035.0,371591.0,1696419.0,1712979.0
2022-04-12 21:00:00,5036.0,5041.0,4986.0,4996.0,359497.0,1712979.0,1709123.0
2022-04-12 22:00:00,4996.0,5020.0,4974.0,5014.0,261599.0,1709123.0,1693083.0
2022-04-13 09:00:00,4993.0,4993.0,4952.0,4969.0,407654.0,1693083.0,1689530.0
2022-04-13 10:00:00,4969.0,5011.0,4962.0,5010.0,189824.0,1689530.0,1694287.0
2022-04-13 11:00:00,5010.0,5010.0,4948.0,4949.0,199753.0,1694287.0,1692504.0
2022-04-13 13:00:00,4947.0,4963.0,4940.0,4945.0,150154.0,1692504.0,1709187.0
2022-04-13 14:00:00,4945.0,4948.0,4912.0,4915.0,350107.0,1709187.0,1713890.0
2022-04-13 21:00:00,4941.0,4992.0,4931.0,4992.0,419490.0,1713890.0,1693874.0
2022-04-13 22:00:00,4992.0,4995.0,4964.0,4968.0,202645.0,1693874.0,1683948.0
2022-04-14 09:00:00,4979.0,4985.0,4943.0,4950.0,238330.0,1683948.0,1688431.0
2022-04-14 10:00:00,4950.0,4973.0,4948.0,4972.0,136038.0,1688431.0,1689412.0
2022-04-14 11:00:00,4972.0,4992.0,4956.0,4990.0,132075.0,1689412.0,1691745.0
2022-04-14 13:00:00,4996.0,5035.0,4996.0,5016.0,306890.0,1691745.0,1692085.0
2022-04-14 14:00:00,5016.0,5031.0,4998.0,5004.0,264103.0,1692085.0,1695968.0
2022-04-14 21:00:00,5000.0,5047.0,4994.0,5014.0,385160.0,1695968.0,1699363.0
2022-04-14 22:00:00,5014.0,5046.0,5014.0,5040.0,187006.0,1699363.0,1702611.0
2022-04-15 09:00:00,5046.0,5078.0,5042.0,5074.0,263914.0,1702611.0,1718975.0
2022-04-15 10:00:00,5074.0,5078.0,5047.0,5050.0,121805.0,1718975.0,1722190.0
2022-04-15 11:00:00,5050.0,5059.0,5025.0,5049.0,145488.0,1722190.0,1712628.0
2022-04-15 13:00:00,5049.0,5055.0,5018.0,5021.0,131618.0,1712628.0,1719455.0
2022-04-15 14:00:00,5021.0,5050.0,5012.0,5049.0,222192.0,1719455.0,1721933.0
2022-04-15 21:00:00,5020.0,5058.0,4960.0,5042.0,549305.0,1721933.0,1729575.0
2022-04-15 22:00:00,5042.0,5051.0,5025.0,5038.0,155295.0,1729575.0,1722560.0
2022-04-18 09:00:00,5036.0,5042.0,5014.0,5021.0,266194.0,1722560.0,1724457.0
2022-04-18 10:00:00,5021.0,5062.0,5006.0,5036.0,290236.0,1724457.0,1735097.0
2022-04-18 11:00:00,5036.0,5085.0,5032.0,5075.0,235808.0,1735097.0,1735712.0
2022-04-18 13:00:00,5073.0,5088.0,5064.0,5065.0,124747.0,1735712.0,1746159.0
2022-04-18 14:00:00,5065.0,5078.0,5056.0,5063.0,161590.0,1746159.0,1748021.0
2022-04-18 21:00:00,5078.0,5086.0,5058.0,5076.0,221823.0,1748021.0,1751961.0
2022-04-18 22:00:00,5076.0,5090.0,5065.0,5070.0,154989.0,1751961.0,1739936.0
2022-04-19 09:00:00,5070.0,5083.0,5046.0,5082.0,263105.0,1739936.0,1739727.0
2022-04-19 10:00:00,5082.0,5082.0,5042.0,5058.0,203125.0,1739727.0,1760226.0
2022-04-19 11:00:00,5058.0,5128.0,5049.0,5084.0,541721.0,1760226.0,1767137.0
2022-04-19 13:00:00,5085.0,5117.0,5074.0,5089.0,269033.0,1767137.0,1771684.0
2022-04-19 14:00:00,5089.0,5090.0,5000.0,5011.0,630141.0,1771684.0,1772066.0
2022-04-19 21:00:00,5016.0,5069.0,5015.0,5068.0,370443.0,1772066.0,1777155.0
2022-04-19 22:00:00,5068.0,5087.0,5067.0,5086.0,270123.0,1777155.0,1788920.0
2022-04-20 09:00:00,5088.0,5118.0,5082.0,5118.0,319258.0,1788920.0,1820878.0
2022-04-20 10:00:00,5118.0,5137.0,5110.0,5134.0,194251.0,1820878.0,1847228.0
2022-04-20 11:00:00,5134.0,5145.0,5126.0,5139.0,115781.0,1847228.0,1850962.0
2022-04-20 13:00:00,5138.0,5145.0,5102.0,5105.0,184584.0,1850962.0,1853888.0
2022-04-20 14:00:00,5105.0,5124.0,5091.0,5106.0,298202.0,1853888.0,1824534.0
2022-04-20 21:00:00,5118.0,5123.0,5084.0,5098.0,334914.0,1824534.0,1818830.0
2022-04-20 22:00:00,5098.0,5115.0,5088.0,5101.0,140797.0,1818830.0,1807515.0
2022-04-21 09:00:00,5102.0,5111.0,5086.0,5097.0,169210.0,1807515.0,1800120.0
2022-04-21 10:00:00,5097.0,5131.0,5094.0,5123.0,188179.0,1800120.0,1812139.0
2022-04-21 11:00:00,5123.0,5129.0,5105.0,5110.0,107409.0,1812139.0,1810543.0
2022-04-21 13:00:00,5116.0,5116.0,5050.0,5065.0,393701.0,1810543.0,1785709.0
2022-04-21 14:00:00,5065.0,5076.0,5026.0,5058.0,401940.0,1785709.0,1766237.0
2022-04-21 21:00:00,5066.0,5071.0,5042.0,5069.0,252623.0,1766237.0,1752747.0
2022-04-21 22:00:00,5069.0,5078.0,5054.0,5059.0,157486.0,1752747.0,1739968.0
2022-04-22 09:00:00,5056.0,5057.0,4992.0,5005.0,452225.0,1739968.0,1727102.0
2022-04-22 10:00:00,5005.0,5027.0,5002.0,5006.0,133429.0,1727102.0,1728942.0
2022-04-22 11:00:00,5006.0,5011.0,4980.0,4983.0,162898.0,1728942.0,1733086.0
2022-04-22 13:00:00,4981.0,4997.0,4967.0,4992.0,203617.0,1733086.0,1750829.0
2022-04-22 14:00:00,4992.0,4994.0,4963.0,4964.0,229583.0,1750829.0,1749223.0
2022-04-22 21:00:00,4958.0,4991.0,4941.0,4972.0,322549.0,1749223.0,1748809.0
2022-04-22 22:00:00,4972.0,4974.0,4885.0,4889.0,430629.0,1748809.0,1742547.0
2022-04-25 09:00:00,4860.0,4879.0,4821.0,4838.0,661457.0,1742547.0,1783041.0
2022-04-25 10:00:00,4838.0,4845.0,4780.0,4839.0,438957.0,1783041.0,1771789.0
2022-04-25 11:00:00,4839.0,4870.0,4836.0,4858.0,185101.0,1771789.0,1764011.0
2022-04-25 13:00:00,4860.0,4864.0,4816.0,4828.0,172286.0,1764011.0,1762911.0
2022-04-25 14:00:00,4828.0,4837.0,4763.0,4778.0,450893.0,1762911.0,1749194.0
2022-04-25 21:00:00,4792.0,4822.0,4775.0,4779.0,405443.0,1749194.0,1777786.0
2022-04-25 22:00:00,4779.0,4806.0,4747.0,4794.0,344970.0,1777786.0,1766082.0
2022-04-26 09:00:00,4808.0,4841.0,4808.0,4814.0,330867.0,1766082.0,1771793.0
2022-04-26 10:00:00,4814.0,4857.0,4814.0,4848.0,192231.0,1771793.0,1760575.0
2022-04-26 11:00:00,4848.0,4877.0,4838.0,4873.0,146248.0,1760575.0,1755536.0
2022-04-26 13:00:00,4860.0,4875.0,4841.0,4850.0,163192.0,1755536.0,1743918.0
2022-04-26 14:00:00,4850.0,4855.0,4825.0,4829.0,249467.0,1743918.0,1741533.0
2022-04-26 21:00:00,4856.0,4905.0,4849.0,4881.0,434364.0,1741533.0,1761748.0
2022-04-26 22:00:00,4881.0,4900.0,4856.0,4899.0,255190.0,1761748.0,1758435.0
2022-04-27 09:00:00,4896.0,4899.0,4869.0,4891.0,241198.0,1758435.0,1768020.0
2022-04-27 10:00:00,4891.0,4892.0,4860.0,4887.0,191267.0,1768020.0,1766231.0
2022-04-27 11:00:00,4887.0,4887.0,4819.0,4836.0,220836.0,1766231.0,1762092.0
2022-04-27 13:00:00,4860.0,4875.0,4825.0,4835.0,223887.0,1762092.0,1776876.0
2022-04-27 14:00:00,4835.0,4875.0,4816.0,4864.0,347548.0,1776876.0,1752014.0
2022-04-27 21:00:00,4862.0,4865.0,4815.0,4832.0,378883.0,1752014.0,1781997.0
2022-04-27 22:00:00,4832.0,4862.0,4800.0,4842.0,360526.0,1781997.0,1769097.0
2022-04-28 09:00:00,4848.0,4873.0,4821.0,4824.0,257182.0,1769097.0,1772533.0
2022-04-28 10:00:00,4824.0,4834.0,4810.0,4816.0,189853.0,1772533.0,1789165.0
2022-04-28 11:00:00,4816.0,4826.0,4800.0,4817.0,166930.0,1789165.0,1803164.0
2022-04-28 13:00:00,4805.0,4838.0,4784.0,4832.0,248564.0,1803164.0,1791311.0
2022-04-28 14:00:00,4832.0,4865.0,4823.0,4850.0,290957.0,1791311.0,1745874.0
2022-04-28 21:00:00,4849.0,4857.0,4817.0,4819.0,266590.0,1745874.0,1745166.0
2022-04-28 22:00:00,4819.0,4839.0,4809.0,4820.0,231771.0,1745166.0,1727415.0
2022-04-29 09:00:00,4821.0,4847.0,4813.0,4823.0,175206.0,1727415.0,1733792.0
2022-04-29 10:00:00,4823.0,4850.0,4822.0,4847.0,130747.0,1733792.0,1730127.0
2022-04-29 11:00:00,4847.0,4855.0,4838.0,4843.0,85878.0,1730127.0,1718857.0
2022-04-29 13:00:00,4874.0,4926.0,4874.0,4911.0,434447.0,1718857.0,1716292.0
2022-04-29 14:00:00,4911.0,4918.0,4895.0,4910.0,269312.0,1716292.0,1687884.0
2022-05-05 09:00:00,4930.0,4944.0,4875.0,4880.0,408525.0,1687884.0,1697398.0
2022-05-05 10:00:00,4880.0,4928.0,4866.0,4925.0,241102.0,1697398.0,1686455.0
2022-05-05 11:00:00,4925.0,4945.0,4916.0,4938.0,124453.0,1686455.0,1683923.0
2022-05-05 13:00:00,4934.0,4953.0,4923.0,4932.0,148190.0,1683923.0,1677181.0
2022-05-05 14:00:00,4932.0,4946.0,4918.0,4923.0,173764.0,1677181.0,1671713.0
2022-05-05 21:00:00,4922.0,4932.0,4894.0,4899.0,334639.0,1671713.0,1720899.0
2022-05-05 22:00:00,4899.0,4902.0,4842.0,4848.0,344991.0,1720899.0,1756643.0
2022-05-06 09:00:00,4847.0,4853.0,4820.0,4851.0,351502.0,1756643.0,1784322.0
2022-05-06 10:00:00,4851.0,4862.0,4832.0,4849.0,144911.0,1784322.0,1796514.0
2022-05-06 11:00:00,4849.0,4854.0,4824.0,4829.0,90296.0,1796514.0,1805421.0
2022-05-06 13:00:00,4830.0,4838.0,4784.0,4788.0,279285.0,1805421.0,1854532.0
2022-05-06 14:00:00,4788.0,4794.0,4726.0,4734.0,489128.0,1854532.0,1888415.0
2022-05-06 21:00:00,4734.0,4749.0,4697.0,4705.0,448580.0,1888415.0,1910265.0
2022-05-06 22:00:00,4705.0,4722.0,4684.0,4707.0,263871.0,1910265.0,1908084.0
2022-05-09 09:00:00,4700.0,4700.0,4623.0,4662.0,558351.0,1908084.0,1916411.0
2022-05-09 10:00:00,4662.0,4703.0,4651.0,4687.0,282998.0,1916411.0,1919884.0
2022-05-09 11:00:00,4687.0,4689.0,4655.0,4677.0,121589.0,1919884.0,1928704.0
2022-05-09 13:00:00,4670.0,4678.0,4643.0,4649.0,124886.0,1928704.0,1933469.0
2022-05-09 14:00:00,4649.0,4673.0,4639.0,4654.0,204387.0,1933469.0,1923461.0
2022-05-09 21:00:00,4628.0,4657.0,4610.0,4618.0,372386.0,1923461.0,1950213.0
2022-05-09 22:00:00,4618.0,4638.0,4570.0,4593.0,348131.0,1950213.0,1950661.0
2022-05-10 09:00:00,4588.0,4602.0,4531.0,4546.0,469324.0,1950661.0,1967840.0
2022-05-10 10:00:00,4546.0,4607.0,4546.0,4573.0,275975.0,1967840.0,1975080.0
2022-05-10 11:00:00,4573.0,4589.0,4554.0,4563.0,99296.0,1975080.0,1976190.0
2022-05-10 13:00:00,4590.0,4598.0,4556.0,4563.0,170737.0,1976190.0,1986808.0
2022-05-10 14:00:00,4563.0,4612.0,4551.0,4607.0,288165.0,1986808.0,1975489.0
2022-05-10 21:00:00,4615.0,4644.0,4611.0,4635.0,357598.0,1975489.0,1972024.0
2022-05-10 22:00:00,4635.0,4637.0,4615.0,4624.0,131987.0,1972024.0,1964793.0
2022-05-11 09:00:00,4615.0,4686.0,4614.0,4683.0,385746.0,1964793.0,1953173.0
2022-05-11 10:00:00,4683.0,4687.0,4664.0,4680.0,147939.0,1953173.0,1950949.0
2022-05-11 11:00:00,4680.0,4690.0,4662.0,4689.0,102511.0,1950949.0,1946739.0
2022-05-11 13:00:00,4699.0,4714.0,4684.0,4687.0,203952.0,1946739.0,1946731.0
2022-05-11 14:00:00,4687.0,4691.0,4665.0,4681.0,211169.0,1946731.0,1932947.0
2022-05-11 21:00:00,4664.0,4706.0,4643.0,4698.0,343631.0,1932947.0,1923654.0
2022-05-11 22:00:00,4698.0,4731.0,4690.0,4725.0,248883.0,1923654.0,1895142.0
2022-05-12 09:00:00,4720.0,4720.0,4670.0,4672.0,304713.0,1895142.0,1890623.0
2022-05-12 10:00:00,4672.0,4677.0,4633.0,4634.0,219806.0,1890623.0,1918536.0
2022-05-12 11:00:00,4634.0,4655.0,4612.0,4636.0,174620.0,1918536.0,1923279.0
2022-05-12 13:00:00,4630.0,4643.0,4585.0,4631.0,321885.0,1923279.0,1933393.0
2022-05-12 14:00:00,4631.0,4636.0,4598.0,4612.0,286117.0,1933393.0,1933319.0
2022-05-12 21:00:00,4584.0,4598.0,4555.0,4580.0,390318.0,1933319.0,1943123.0
2022-05-12 22:00:00,4580.0,4609.0,4569.0,4596.0,217246.0,1943123.0,1933979.0
2022-05-13 09:00:00,4600.0,4634.0,4600.0,4618.0,216795.0,1933979.0,1932226.0
2022-05-13 10:00:00,4618.0,4628.0,4573.0,4574.0,186326.0,1932226.0,1941142.0
2022-05-13 11:00:00,4574.0,4625.0,4573.0,4621.0,136471.0,1941142.0,1933871.0
2022-05-13 13:00:00,4622.0,4655.0,4616.0,4650.0,215419.0,1933871.0,1926425.0
2022-05-13 14:00:00,4650.0,4690.0,4648.0,4670.0,348639.0,1926425.0,1903090.0
2022-05-13 21:00:00,4667.0,4690.0,4644.0,4664.0,291308.0,1903090.0,1917019.0
2022-05-13 22:00:00,4664.0,4687.0,4652.0,4673.0,218649.0,1917019.0,1895272.0
2022-05-16 09:00:00,4646.0,4704.0,4640.0,4654.0,447938.0,1895272.0,1911906.0
2022-05-16 10:00:00,4654.0,4663.0,4608.0,4627.0,349672.0,1911906.0,1937661.0
2022-05-16 11:00:00,4627.0,4630.0,4593.0,4607.0,180861.0,1937661.0,1967600.0
2022-05-16 13:00:00,4610.0,4628.0,4610.0,4614.0,128736.0,1967600.0,1975759.0
2022-05-16 14:00:00,4614.0,4680.0,4589.0,4679.0,395016.0,1975759.0,1949519.0
2022-05-16 21:00:00,4680.0,4688.0,4651.0,4672.0,272169.0,1949519.0,1956725.0
2022-05-16 22:00:00,4672.0,4684.0,4658.0,4666.0,155863.0,1956725.0,1938233.0
2022-05-17 09:00:00,4678.0,4696.0,4663.0,4665.0,272561.0,1938233.0,1932344.0
2022-05-17 10:00:00,4665.0,4688.0,4655.0,4669.0,171392.0,1932344.0,1933377.0
2022-05-17 11:00:00,4669.0,4687.0,4635.0,4641.0,193296.0,1933377.0,1929206.0
2022-05-17 13:00:00,4639.0,4664.0,4632.0,4646.0,156809.0,1929206.0,1935972.0
2022-05-17 14:00:00,4646.0,4668.0,4640.0,4650.0,197366.0,1935972.0,1922217.0
2022-05-17 21:00:00,4661.0,4666.0,4615.0,4618.0,384411.0,1922217.0,1958308.0
2022-05-17 22:00:00,4618.0,4634.0,4611.0,4624.0,204333.0,1958308.0,1956902.0
2022-05-18 09:00:00,4625.0,4632.0,4582.0,4588.0,347183.0,1956902.0,2018613.0
2022-05-18 10:00:00,4588.0,4614.0,4580.0,4599.0,210395.0,2018613.0,2025675.0
2022-05-18 11:00:00,4599.0,4604.0,4571.0,4575.0,131268.0,2025675.0,2041334.0
2022-05-18 13:00:00,4586.0,4593.0,4568.0,4588.0,152885.0,2041334.0,2058304.0
2022-05-18 14:00:00,4588.0,4599.0,4531.0,4532.0,451525.0,2058304.0,2114881.0
2022-05-18 21:00:00,4524.0,4530.0,4491.0,4499.0,479397.0,2114881.0,2154230.0
2022-05-18 22:00:00,4499.0,4510.0,4490.0,4494.0,185049.0,2154230.0,2147954.0
2022-05-19 09:00:00,4484.0,4522.0,4461.0,4512.0,444118.0,2147954.0,2148180.0
2022-05-19 10:00:00,4512.0,4545.0,4507.0,4527.0,243290.0,2148180.0,2121177.0
2022-05-19 11:00:00,4527.0,4555.0,4525.0,4539.0,133141.0,2121177.0,2108570.0
2022-05-19 13:00:00,4534.0,4539.0,4517.0,4537.0,151822.0,2108570.0,2113142.0
2022-05-19 14:00:00,4537.0,4585.0,4535.0,4579.0,410414.0,2113142.0,2065144.0
2022-05-19 21:00:00,4578.0,4596.0,4558.0,4580.0,347665.0,2065144.0,2039846.0
2022-05-19 22:00:00,4580.0,4595.0,4570.0,4591.0,163985.0,2039846.0,2027199.0
2022-05-20 09:00:00,4595.0,4650.0,4594.0,4645.0,446679.0,2027199.0,1988976.0
2022-05-20 10:00:00,4645.0,4646.0,4615.0,4632.0,172323.0,1988976.0,1979235.0
2022-05-20 11:00:00,4632.0,4638.0,4611.0,4623.0,107662.0,1979235.0,1980573.0
2022-05-20 13:00:00,4628.0,4642.0,4621.0,4622.0,90266.0,1980573.0,1981863.0
2022-05-20 14:00:00,4622.0,4643.0,4615.0,4638.0,204958.0,1981863.0,1968756.0
2022-05-20 21:00:00,4632.0,4680.0,4627.0,4676.0,396512.0,1968756.0,1944072.0
2022-05-20 22:00:00,4676.0,4685.0,4615.0,4616.0,284512.0,1944072.0,1927070.0
2022-05-23 09:00:00,4670.0,4700.0,4625.0,4630.0,538520.0,1927070.0,1930269.0
2022-05-23 10:00:00,4630.0,4645.0,4619.0,4631.0,161188.0,1930269.0,1944069.0
2022-05-23 11:00:00,4631.0,4642.0,4592.0,4592.0,168023.0,1944069.0,1960635.0
2022-05-23 13:00:00,4595.0,4609.0,4584.0,4598.0,185104.0,1960635.0,1994797.0
2022-05-23 14:00:00,4598.0,4630.0,4567.0,4604.0,420363.0,1994797.0,1976149.0
2022-05-23 21:00:00,4618.0,4621.0,4588.0,4591.0,298978.0,1976149.0,1995714.0
2022-05-23 22:00:00,4591.0,4615.0,4574.0,4587.0,219742.0,1995714.0,1986674.0
2022-05-24 09:00:00,4589.0,4596.0,4558.0,4561.0,230151.0,1986674.0,2003148.0
2022-05-24 10:00:00,4561.0,4591.0,4556.0,4559.0,221964.0,2003148.0,2015771.0
2022-05-24 11:00:00,4559.0,4570.0,4545.0,4549.0,142943.0,2015771.0,2030684.0
2022-05-24 13:00:00,4545.0,4546.0,4509.0,4515.0,275658.0,2030684.0,2076231.0
2022-05-24 14:00:00,4515.0,4527.0,4456.0,4468.0,480960.0,2076231.0,2104086.0
2022-05-24 21:00:00,4469.0,4503.0,4444.0,4489.0,486071.0,2104086.0,2106524.0
2022-05-24 22:00:00,4489.0,4502.0,4473.0,4501.0,197159.0,2106524.0,2094675.0
2022-05-25 09:00:00,4506.0,4541.0,4505.0,4534.0,337146.0,2094675.0,2059102.0
2022-05-25 10:00:00,4534.0,4547.0,4503.0,4509.0,250833.0,2059102.0,2056016.0
2022-05-25 11:00:00,4509.0,4515.0,4481.0,4486.0,174484.0,2056016.0,2068977.0
2022-05-25 13:00:00,4482.0,4497.0,4460.0,4462.0,196758.0,2068977.0,2089937.0
2022-05-25 14:00:00,4462.0,4549.0,4458.0,4541.0,514560.0,2089937.0,2040853.0
2022-05-25 21:00:00,4504.0,4516.0,4427.0,4482.0,906963.0,2040853.0,2133172.0
2022-05-25 22:00:00,4482.0,4483.0,4456.0,4461.0,222620.0,2133172.0,2119631.0
2022-05-26 09:00:00,4467.0,4496.0,4436.0,4437.0,436121.0,2119631.0,2136556.0
2022-05-26 10:00:00,4437.0,4492.0,4437.0,4483.0,252202.0,2136556.0,2115988.0
2022-05-26 11:00:00,4483.0,4498.0,4453.0,4498.0,210081.0,2115988.0,2103019.0
2022-05-26 13:00:00,4497.0,4519.0,4476.0,4486.0,293993.0,2103019.0,2115075.0
2022-05-26 14:00:00,4486.0,4520.0,4482.0,4505.0,269862.0,2115075.0,2113657.0
2022-05-26 21:00:00,4512.0,4555.0,4503.0,4551.0,501216.0,2113657.0,2067576.0
2022-05-26 22:00:00,4551.0,4563.0,4538.0,4559.0,258360.0,2067576.0,2038057.0
2022-05-27 09:00:00,4562.0,4596.0,4554.0,4572.0,394414.0,2038057.0,2007455.0
2022-05-27 10:00:00,4572.0,4596.0,4572.0,4585.0,159249.0,2007455.0,1999278.0
2022-05-27 11:00:00,4585.0,4604.0,4577.0,4594.0,125149.0,1999278.0,1994345.0
2022-05-27 13:00:00,4588.0,4588.0,4558.0,4567.0,229756.0,1994345.0,2011033.0
2022-05-27 14:00:00,4567.0,4585.0,4543.0,4576.0,324414.0,2011033.0,1994377.0
2022-05-27 21:00:00,4586.0,4629.0,4580.0,4627.0,378202.0,1994377.0,1970904.0
2022-05-27 22:00:00,4627.0,4640.0,4618.0,4634.0,226743.0,1970904.0,1943338.0
2022-05-30 09:00:00,4645.0,4646.0,4608.0,4610.0,387476.0,1943338.0,1943582.0
2022-05-30 10:00:00,4610.0,4629.0,4608.0,4613.0,139872.0,1943582.0,1948944.0
2022-05-30 11:00:00,4613.0,4613.0,4585.0,4585.0,207221.0,1948944.0,1947898.0
2022-05-30 13:00:00,4587.0,4611.0,4587.0,4603.0,120756.0,1947898.0,1950942.0
2022-05-30 14:00:00,4603.0,4623.0,4595.0,4621.0,198480.0,1950942.0,1941132.0
2022-05-30 21:00:00,4625.0,4657.0,4604.0,4656.0,336463.0,1941132.0,1936138.0
2022-05-30 22:00:00,4656.0,4674.0,4643.0,4664.0,281098.0,1936138.0,1918931.0
2022-05-31 09:00:00,4665.0,4680.0,4656.0,4661.0,229508.0,1918931.0,1920234.0
2022-05-31 10:00:00,4661.0,4671.0,4646.0,4658.0,143418.0,1920234.0,1916549.0
2022-05-31 11:00:00,4658.0,4660.0,4638.0,4650.0,112876.0,1916549.0,1915447.0
2022-05-31 13:00:00,4655.0,4669.0,4653.0,4660.0,111388.0,1915447.0,1915792.0
2022-05-31 14:00:00,4660.0,4690.0,4655.0,4684.0,347371.0,1915792.0,1887003.0
2022-05-31 21:00:00,4692.0,4695.0,4670.0,4675.0,267115.0,1887003.0,1903292.0
2022-05-31 22:00:00,4675.0,4694.0,4665.0,4672.0,213408.0,1903292.0,1889888.0
2022-06-01 09:00:00,4670.0,4680.0,4654.0,4678.0,211214.0,1889888.0,1893474.0
2022-06-01 10:00:00,4678.0,4728.0,4674.0,4719.0,346570.0,1893474.0,1880225.0
2022-06-01 11:00:00,4719.0,4729.0,4712.0,4720.0,89259.0,1880225.0,1882636.0
2022-06-01 13:00:00,4717.0,4719.0,4704.0,4716.0,118761.0,1882636.0,1881440.0
2022-06-01 14:00:00,4716.0,4723.0,4705.0,4712.0,170752.0,1881440.0,1871860.0
2022-06-01 21:00:00,4719.0,4723.0,4697.0,4711.0,248096.0,1871860.0,1860101.0
2022-06-01 22:00:00,4711.0,4719.0,4699.0,4709.0,150863.0,1860101.0,1835586.0
2022-06-02 09:00:00,4705.0,4713.0,4687.0,4698.0,266636.0,1835586.0,1833775.0
2022-06-02 10:00:00,4698.0,4706.0,4690.0,4695.0,95450.0,1833775.0,1838000.0
2022-06-02 11:00:00,4695.0,4739.0,4691.0,4731.0,152098.0,1838000.0,1835281.0
2022-06-02 13:00:00,4731.0,4772.0,4726.0,4770.0,304087.0,1835281.0,1828341.0
2022-06-02 14:00:00,4770.0,4795.0,4765.0,4788.0,460830.0,1828341.0,1816719.0
2022-06-06 09:00:00,4795.0,4798.0,4759.0,4771.0,386014.0,1816719.0,1815554.0
2022-06-06 10:00:00,4771.0,4785.0,4768.0,4774.0,103069.0,1815554.0,1821402.0
2022-06-06 11:00:00,4774.0,4794.0,4755.0,4789.0,128381.0,1821402.0,1815973.0
2022-06-06 13:00:00,4788.0,4792.0,4775.0,4788.0,102594.0,1815973.0,1818210.0
2022-06-06 14:00:00,4788.0,4790.0,4738.0,4750.0,256031.0,1818210.0,1800987.0
2022-06-06 21:00:00,4756.0,4774.0,4748.0,4766.0,199773.0,1800987.0,1798446.0
2022-06-06 22:00:00,4766.0,4770.0,4749.0,4762.0,127448.0,1798446.0,1793060.0
2022-06-07 09:00:00,4762.0,4783.0,4756.0,4767.0,173245.0,1793060.0,1801007.0
2022-06-07 10:00:00,4767.0,4774.0,4745.0,4751.0,127942.0,1801007.0,1802965.0
2022-06-07 11:00:00,4751.0,4763.0,4736.0,4759.0,150111.0,1802965.0,1794309.0
2022-06-07 13:00:00,4751.0,4763.0,4726.0,4727.0,155921.0,1794309.0,1805279.0
2022-06-07 14:00:00,4727.0,4737.0,4711.0,4719.0,300758.0,1805279.0,1810732.0
2022-06-07 21:00:00,4705.0,4739.0,4696.0,4735.0,331441.0,1810732.0,1805011.0
2022-06-07 22:00:00,4735.0,4766.0,4728.0,4763.0,216712.0,1805011.0,1802594.0
2022-06-08 09:00:00,4763.0,4780.0,4751.0,4777.0,215994.0,1802594.0,1808097.0
2022-06-08 10:00:00,4777.0,4790.0,4757.0,4763.0,182644.0,1808097.0,1804568.0
2022-06-08 11:00:00,4763.0,4796.0,4747.0,4755.0,256068.0,1804568.0,1802599.0
2022-06-08 13:00:00,4757.0,4794.0,4754.0,4788.0,186893.0,1802599.0,1828219.0
2022-06-08 14:00:00,4788.0,4807.0,4780.0,4795.0,316129.0,1828219.0,1823787.0
2022-06-08 21:00:00,4795.0,4827.0,4786.0,4818.0,300861.0,1823787.0,1835123.0
2022-06-08 22:00:00,4818.0,4824.0,4796.0,4805.0,143565.0,1835123.0,1823147.0
2022-06-09 09:00:00,4807.0,4814.0,4785.0,4796.0,196153.0,1823147.0,1825766.0
2022-06-09 10:00:00,4796.0,4800.0,4776.0,4799.0,138870.0,1825766.0,1822034.0
2022-06-09 11:00:00,4799.0,4809.0,4772.0,4774.0,149332.0,1822034.0,1827822.0
2022-06-09 13:00:00,4766.0,4792.0,4757.0,4777.0,241978.0,1827822.0,1827674.0
2022-06-09 14:00:00,4777.0,4795.0,4768.0,4791.0,252401.0,1827674.0,1836549.0
2022-06-09 21:00:00,4776.0,4806.0,4770.0,4789.0,302531.0,1836549.0,1837376.0
2022-06-09 22:00:00,4789.0,4793.0,4771.0,4772.0,167494.0,1837376.0,1841836.0
2022-06-10 09:00:00,4768.0,4772.0,4741.0,4755.0,334573.0,1841836.0,1854539.0
2022-06-10 10:00:00,4755.0,4789.0,4752.0,4788.0,152504.0,1854539.0,1859962.0
2022-06-10 11:00:00,4788.0,4800.0,4783.0,4788.0,130301.0,1859962.0,1870055.0
2022-06-10 13:00:00,4787.0,4791.0,4770.0,4782.0,105078.0,1870055.0,1874735.0
2022-06-10 14:00:00,4782.0,4834.0,4774.0,4793.0,501808.0,1874735.0,1887652.0
2022-06-10 21:00:00,4788.0,4793.0,4758.0,4763.0,371466.0,1887652.0,1855519.0
2022-06-10 22:00:00,4763.0,4768.0,4726.0,4735.0,331336.0,1855519.0,1833983.0
2022-06-13 09:00:00,4714.0,4714.0,4680.0,4692.0,467598.0,1833983.0,1833623.0
2022-06-13 10:00:00,4692.0,4701.0,4674.0,4681.0,164217.0,1833623.0,1837329.0
2022-06-13 11:00:00,4681.0,4685.0,4666.0,4668.0,99511.0,1837329.0,1836821.0
2022-06-13 13:00:00,4668.0,4683.0,4660.0,4680.0,129107.0,1836821.0,1845095.0
2022-06-13 14:00:00,4680.0,4700.0,4672.0,4691.0,205541.0,1845095.0,1829059.0
2022-06-13 21:00:00,4683.0,4726.0,4679.0,4723.0,327172.0,1829059.0,1825087.0
2022-06-13 22:00:00,4723.0,4725.0,4672.0,4674.0,255066.0,1825087.0,1819746.0
2022-06-14 09:00:00,4681.0,4686.0,4650.0,4651.0,265786.0,1819746.0,1828021.0
2022-06-14 10:00:00,4651.0,4674.0,4646.0,4654.0,162389.0,1828021.0,1827156.0
2022-06-14 11:00:00,4654.0,4654.0,4613.0,4622.0,224145.0,1827156.0,1809949.0
2022-06-14 13:00:00,4631.0,4638.0,4610.0,4614.0,150032.0,1809949.0,1819316.0
2022-06-14 14:00:00,4614.0,4658.0,4607.0,4617.0,346836.0,1819316.0,1783474.0
2022-06-14 21:00:00,4608.0,4620.0,4571.0,4579.0,450063.0,1783474.0,1800714.0
2022-06-14 22:00:00,4579.0,4595.0,4576.0,4584.0,188199.0,1800714.0,1776423.0
2022-06-15 09:00:00,4579.0,4624.0,4575.0,4621.0,269567.0,1776423.0,1767220.0
2022-06-15 10:00:00,4621.0,4635.0,4591.0,4621.0,245163.0,1767220.0,1770056.0
2022-06-15 11:00:00,4621.0,4627.0,4598.0,4613.0,121522.0,1770056.0,1764682.0
2022-06-15 13:00:00,4618.0,4629.0,4600.0,4627.0,120455.0,1764682.0,1770177.0
2022-06-15 14:00:00,4627.0,4627.0,4544.0,4547.0,504301.0,1770177.0,1776348.0
2022-06-15 21:00:00,4560.0,4588.0,4555.0,4584.0,302973.0,1776348.0,1765860.0
2022-06-15 22:00:00,4584.0,4587.0,4569.0,4584.0,152493.0,1765860.0,1760745.0
2022-06-16 09:00:00,4590.0,4601.0,4558.0,4565.0,301383.0,1760745.0,1762539.0
2022-06-16 10:00:00,4565.0,4573.0,4547.0,4548.0,171098.0,1762539.0,1778933.0
2022-06-16 11:00:00,4548.0,4552.0,4528.0,4536.0,189485.0,1778933.0,1794204.0
2022-06-16 13:00:00,4535.0,4541.0,4505.0,4508.0,206512.0,1794204.0,1810011.0
2022-06-16 14:00:00,4508.0,4523.0,4494.0,4506.0,368186.0,1810011.0,1806083.0
2022-06-16 21:00:00,4489.0,4489.0,4366.0,4378.0,863431.0,1806083.0,1901608.0
2022-06-16 22:00:00,4378.0,4443.0,4373.0,4421.0,506010.0,1901608.0,1839216.0
2022-06-17 09:00:00,4421.0,4452.0,4415.0,4444.0,269828.0,1839216.0,1825450.0
2022-06-17 10:00:00,4444.0,4448.0,4422.0,4428.0,132533.0,1825450.0,1814704.0
2022-06-17 11:00:00,4428.0,4432.0,4399.0,4407.0,150415.0,1814704.0,1819837.0
2022-06-17 13:00:00,4406.0,4425.0,4383.0,4394.0,223617.0,1819837.0,1835490.0
2022-06-17 14:00:00,4394.0,4398.0,4353.0,4354.0,387029.0,1835490.0,1852034.0
2022-06-17 21:00:00,4345.0,4365.0,4326.0,4346.0,432315.0,1852034.0,1857907.0
2022-06-17 22:00:00,4346.0,4352.0,4291.0,4296.0,325038.0,1857907.0,1867016.0
2022-06-20 09:00:00,4205.0,4223.0,4094.0,4106.0,1093040.0,1867016.0,1911710.0
2022-06-20 10:00:00,4106.0,4146.0,4074.0,4124.0,422348.0,1911710.0,1913360.0
2022-06-20 11:00:00,4124.0,4138.0,4106.0,4133.0,145146.0,1913360.0,1909269.0
2022-06-20 13:00:00,4121.0,4185.0,4113.0,4175.0,307788.0,1909269.0,1911095.0
2022-06-20 14:00:00,4175.0,4175.0,4091.0,4149.0,669623.0,1911095.0,1921252.0
2022-06-20 21:00:00,4145.0,4162.0,4113.0,4117.0,480152.0,1921252.0,1902296.0
2022-06-20 22:00:00,4117.0,4170.0,4103.0,4155.0,387415.0,1902296.0,1897679.0
2022-06-21 09:00:00,4165.0,4252.0,4165.0,4242.0,643635.0,1897679.0,1875482.0
2022-06-21 10:00:00,4242.0,4256.0,4212.0,4219.0,269753.0,1875482.0,1874110.0
2022-06-21 11:00:00,4219.0,4227.0,4194.0,4226.0,213130.0,1874110.0,1870142.0
2022-06-21 13:00:00,4220.0,4233.0,4193.0,4208.0,188189.0,1870142.0,1885123.0
2022-06-21 14:00:00,4208.0,4234.0,4203.0,4224.0,262648.0,1885123.0,1882531.0
2022-06-21 21:00:00,4229.0,4251.0,4221.0,4229.0,349654.0,1882531.0,1884518.0
2022-06-21 22:00:00,4229.0,4261.0,4211.0,4219.0,257250.0,1884518.0,1869349.0
2022-06-22 09:00:00,4215.0,4215.0,4146.0,4149.0,513300.0,1869349.0,1882643.0
2022-06-22 10:00:00,4149.0,4158.0,4121.0,4126.0,355187.0,1882643.0,1893849.0
2022-06-22 11:00:00,4126.0,4137.0,4110.0,4132.0,174694.0,1893849.0,1904022.0
2022-06-22 13:00:00,4143.0,4168.0,4130.0,4136.0,204459.0,1904022.0,1905542.0
2022-06-22 14:00:00,4136.0,4141.0,4092.0,4128.0,372290.0,1905542.0,1899978.0
2022-06-22 21:00:00,4145.0,4180.0,4130.0,4158.0,521117.0,1899978.0,1898055.0
2022-06-22 22:00:00,4158.0,4183.0,4149.0,4174.0,184799.0,1898055.0,1886327.0
2022-06-23 09:00:00,4173.0,4178.0,4134.0,4149.0,297009.0,1886327.0,1886010.0
2022-06-23 10:00:00,4149.0,4162.0,4115.0,4125.0,267220.0,1886010.0,1889404.0
2022-06-23 11:00:00,4125.0,4189.0,4120.0,4183.0,228534.0,1889404.0,1895577.0
2022-06-23 13:00:00,4202.0,4235.0,4192.0,4224.0,447113.0,1895577.0,1898080.0
2022-06-23 14:00:00,4224.0,4249.0,4217.0,4235.0,408578.0,1898080.0,1896277.0
2022-06-23 21:00:00,4259.0,4275.0,4232.0,4242.0,493487.0,1896277.0,1923736.0
2022-06-23 22:00:00,4242.0,4251.0,4220.0,4236.0,239259.0,1923736.0,1918653.0
2022-06-24 09:00:00,4234.0,4243.0,4202.0,4204.0,362723.0,1918653.0,1917017.0
2022-06-24 10:00:00,4204.0,4231.0,4202.0,4224.0,212028.0,1917017.0,1915023.0
2022-06-24 11:00:00,4224.0,4235.0,4187.0,4199.0,208239.0,1915023.0,1903162.0
2022-06-24 13:00:00,4200.0,4242.0,4200.0,4220.0,240212.0,1903162.0,1904832.0
2022-06-24 14:00:00,4220.0,4228.0,4182.0,4189.0,307219.0,1904832.0,1900788.0
2022-06-24 21:00:00,4195.0,4224.0,4153.0,4159.0,465992.0,1900788.0,1896344.0
2022-06-24 22:00:00,4159.0,4281.0,4158.0,4261.0,541357.0,1896344.0,1878634.0
2022-06-27 09:00:00,4281.0,4300.0,4271.0,4283.0,440739.0,1878634.0,1870530.0
2022-06-27 10:00:00,4283.0,4293.0,4261.0,4270.0,150095.0,1870530.0,1872943.0
2022-06-27 11:00:00,4270.0,4282.0,4257.0,4265.0,96059.0,1872943.0,1871752.0
2022-06-27 13:00:00,4255.0,4284.0,4253.0,4282.0,104883.0,1871752.0,1872770.0
2022-06-27 14:00:00,4282.0,4290.0,4267.0,4274.0,181683.0,1872770.0,1878385.0
2022-06-27 21:00:00,4279.0,4297.0,4263.0,4265.0,273114.0,1878385.0,1883145.0
2022-06-27 22:00:00,4265.0,4289.0,4265.0,4272.0,156053.0,1883145.0,1879029.0
2022-06-28 09:00:00,4273.0,4291.0,4250.0,4252.0,250741.0,1879029.0,1892046.0
2022-06-28 10:00:00,4252.0,4298.0,4252.0,4294.0,244538.0,1892046.0,1901627.0
2022-06-28 11:00:00,4294.0,4303.0,4265.0,4280.0,173052.0,1901627.0,1895894.0
2022-06-28 13:00:00,4283.0,4315.0,4282.0,4310.0,194943.0,1895894.0,1910681.0
2022-06-28 14:00:00,4310.0,4350.0,4309.0,4349.0,438613.0,1910681.0,1925971.0
2022-06-28 21:00:00,4350.0,4380.0,4347.0,4374.0,325934.0,1925971.0,1929462.0
2022-06-28 22:00:00,4374.0,4376.0,4340.0,4363.0,262475.0,1929462.0,1903170.0
2022-06-29 09:00:00,4358.0,4363.0,4345.0,4356.0,159973.0,1903170.0,1907513.0
2022-06-29 10:00:00,4356.0,4385.0,4353.0,4354.0,203252.0,1907513.0,1918324.0
2022-06-29 11:00:00,4354.0,4362.0,4345.0,4351.0,96941.0,1918324.0,1919292.0
2022-06-29 13:00:00,4370.0,4393.0,4343.0,4391.0,349288.0,1919292.0,1928216.0
2022-06-29 14:00:00,4391.0,4420.0,4357.0,4360.0,543817.0,1928216.0,1917484.0
2022-06-29 21:00:00,4385.0,4408.0,4371.0,4391.0,345175.0,1917484.0,1928074.0
2022-06-29 22:00:00,4391.0,4402.0,4383.0,4399.0,160714.0,1928074.0,1921096.0
2022-06-30 09:00:00,4389.0,4397.0,4366.0,4374.0,269142.0,1921096.0,1931178.0
2022-06-30 10:00:00,4374.0,4385.0,4349.0,4366.0,209876.0,1931178.0,1926992.0
2022-06-30 11:00:00,4366.0,4380.0,4324.0,4374.0,363853.0,1926992.0,1942288.0
2022-06-30 13:00:00,4380.0,4395.0,4348.0,4359.0,299479.0,1942288.0,1951779.0
2022-06-30 14:00:00,4359.0,4405.0,4356.0,4378.0,455061.0,1951779.0,1954729.0
2022-06-30 21:00:00,4349.0,4358.0,4298.0,4321.0,648251.0,1954729.0,1940463.0
2022-06-30 22:00:00,4321.0,4337.0,4304.0,4315.0,225174.0,1940463.0,1927372.0
2022-07-01 09:00:00,4320.0,4356.0,4309.0,4355.0,355255.0,1927372.0,1954275.0
2022-07-01 10:00:00,4355.0,4373.0,4338.0,4345.0,216517.0,1954275.0,1953083.0
2022-07-01 11:00:00,4345.0,4351.0,4316.0,4323.0,149671.0,1953083.0,1933869.0
2022-07-01 13:00:00,4314.0,4314.0,4268.0,4269.0,385111.0,1933869.0,1938840.0
2022-07-01 14:00:00,4269.0,4306.0,4258.0,4265.0,410884.0,1938840.0,1943605.0
2022-07-01 21:00:00,4270.0,4312.0,4267.0,4288.0,387841.0,1943605.0,1933343.0
2022-07-01 22:00:00,4288.0,4295.0,4217.0,4220.0,401285.0,1933343.0,1912405.0
2022-07-04 09:00:00,4190.0,4198.0,4150.0,4190.0,586004.0,1912405.0,1930761.0
2022-07-04 10:00:00,4190.0,4197.0,4166.0,4169.0,191560.0,1930761.0,1941053.0
2022-07-04 11:00:00,4169.0,4187.0,4169.0,4181.0,66452.0,1941053.0,1939941.0
2022-07-04 13:00:00,4180.0,4192.0,4166.0,4174.0,111861.0,1939941.0,1941641.0
2022-07-04 14:00:00,4174.0,4180.0,4158.0,4168.0,236671.0,1941641.0,1935596.0
2022-07-04 21:00:00,4180.0,4188.0,4122.0,4128.0,386864.0,1935596.0,1951934.0
2022-07-04 22:00:00,4128.0,4218.0,4116.0,4199.0,523781.0,1951934.0,1929044.0
2022-07-05 09:00:00,4201.0,4228.0,4189.0,4219.0,294532.0,1929044.0,1933401.0
2022-07-05 10:00:00,4219.0,4234.0,4199.0,4210.0,204732.0,1933401.0,1932370.0
2022-07-05 11:00:00,4210.0,4238.0,4206.0,4235.0,146620.0,1932370.0,1944985.0
2022-07-05 13:00:00,4235.0,4250.0,4218.0,4244.0,159506.0,1944985.0,1953008.0
2022-07-05 14:00:00,4244.0,4258.0,4226.0,4238.0,249670.0,1953008.0,1945403.0
2022-07-05 21:00:00,4198.0,4210.0,4156.0,4160.0,597165.0,1945403.0,1934458.0
2022-07-05 22:00:00,4160.0,4195.0,4158.0,4161.0,267912.0,1934458.0,1925215.0
2022-07-06 09:00:00,4171.0,4223.0,4171.0,4182.0,404018.0,1925215.0,1932544.0
2022-07-06 10:00:00,4182.0,4194.0,4143.0,4158.0,279065.0,1932544.0,1925493.0
2022-07-06 11:00:00,4158.0,4174.0,4128.0,4153.0,191330.0,1925493.0,1919383.0
2022-07-06 13:00:00,4160.0,4174.0,4126.0,4151.0,212727.0,1919383.0,1922518.0
2022-07-06 14:00:00,4151.0,4247.0,4151.0,4245.0,530988.0,1922518.0,1910606.0
2022-07-06 21:00:00,4252.0,4266.0,4216.0,4239.0,420654.0,1910606.0,1921599.0
2022-07-06 22:00:00,4239.0,4257.0,4230.0,4238.0,270487.0,1921599.0,1920022.0
2022-07-07 09:00:00,4251.0,4256.0,4190.0,4195.0,411893.0,1920022.0,1951712.0
2022-07-07 10:00:00,4195.0,4239.0,4182.0,4231.0,352866.0,1951712.0,1965469.0
2022-07-07 11:00:00,4231.0,4269.0,4214.0,4245.0,291563.0,1965469.0,1974763.0
2022-07-07 13:00:00,4244.0,4259.0,4221.0,4223.0,230264.0,1974763.0,1975313.0
2022-07-07 14:00:00,4223.0,4245.0,4196.0,4209.0,359261.0,1975313.0,1964378.0
2022-07-07 21:00:00,4231.0,4279.0,4229.0,4263.0,541567.0,1964378.0,1996092.0
2022-07-07 22:00:00,4263.0,4269.0,4235.0,4244.0,240465.0,1996092.0,1972133.0
2022-07-08 09:00:00,4250.0,4256.0,4190.0,4202.0,428251.0,1972133.0,2019130.0
2022-07-08 10:00:00,4202.0,4219.0,4190.0,4201.0,194370.0,2019130.0,2017223.0
2022-07-08 11:00:00,4201.0,4216.0,4185.0,4186.0,143173.0,2017223.0,2016547.0
2022-07-08 13:00:00,4187.0,4189.0,4166.0,4171.0,192156.0,2016547.0,2007724.0
2022-07-08 14:00:00,4171.0,4210.0,4169.0,4196.0,293413.0,2007724.0,1977016.0
2022-07-08 21:00:00,4200.0,4246.0,4190.0,4206.0,491681.0,1977016.0,1957268.0
2022-07-08 22:00:00,4206.0,4211.0,4080.0,4083.0,674306.0,1957268.0,1994721.0
2022-07-11 09:00:00,4059.0,4068.0,4011.0,4026.0,742851.0,1994721.0,2029905.0
2022-07-11 10:00:00,4026.0,4057.0,4024.0,4030.0,180044.0,2029905.0,2028544.0
2022-07-11 11:00:00,4030.0,4036.0,4007.0,4010.0,146168.0,2028544.0,2032876.0
2022-07-11 13:00:00,4007.0,4026.0,3971.0,3974.0,298389.0,2032876.0,2033081.0
2022-07-11 14:00:00,3974.0,4052.0,3973.0,4049.0,530502.0,2033081.0,1966756.0
2022-07-11 21:00:00,4049.0,4069.0,4010.0,4032.0,483354.0,1966756.0,1960714.0
2022-07-11 22:00:00,4032.0,4041.0,4011.0,4026.0,215073.0,1960714.0,1954148.0
2022-07-12 09:00:00,4020.0,4040.0,3971.0,4037.0,604961.0,1954148.0,1938849.0
2022-07-12 10:00:00,4037.0,4047.0,3994.0,3999.0,253844.0,1938849.0,1935252.0
2022-07-12 11:00:00,3999.0,4024.0,3991.0,3995.0,145007.0,1935252.0,1924715.0
2022-07-12 13:00:00,4006.0,4012.0,3960.0,3964.0,254463.0,1924715.0,1955446.0
2022-07-12 14:00:00,3964.0,3973.0,3891.0,3910.0,554888.0,1955446.0,2002501.0
2022-07-12 21:00:00,3899.0,3918.0,3857.0,3880.0,676387.0,2002501.0,1998311.0
2022-07-12 22:00:00,3880.0,3893.0,3867.0,3884.0,252676.0,1998311.0,1991997.0
2022-07-13 09:00:00,3869.0,3941.0,3867.0,3921.0,431556.0,1991997.0,1975530.0
2022-07-13 10:00:00,3921.0,3935.0,3897.0,3898.0,178027.0,1975530.0,1972740.0
2022-07-13 11:00:00,3898.0,3911.0,3878.0,3885.0,144977.0,1972740.0,1973430.0
2022-07-13 13:00:00,3889.0,3912.0,3851.0,3854.0,254262.0,1973430.0,1996400.0
2022-07-13 14:00:00,3854.0,3928.0,3850.0,3910.0,517219.0,1996400.0,1977784.0
2022-07-13 21:00:00,3872.0,3907.0,3828.0,3866.0,596840.0,1977784.0,1951544.0
2022-07-13 22:00:00,3866.0,3905.0,3810.0,3885.0,716567.0,1951544.0,1936562.0
2022-07-14 09:00:00,3878.0,3884.0,3849.0,3866.0,312119.0,1936562.0,1944269.0
2022-07-14 10:00:00,3866.0,3912.0,3865.0,3896.0,229683.0,1944269.0,1947041.0
2022-07-14 11:00:00,3896.0,3919.0,3883.0,3900.0,168051.0,1947041.0,1947597.0
2022-07-14 13:00:00,3905.0,3912.0,3862.0,3867.0,252874.0,1947597.0,1941023.0
2022-07-14 14:00:00,3867.0,3890.0,3829.0,3833.0,429510.0,1941023.0,1917507.0
2022-07-14 21:00:00,3788.0,3798.0,3720.0,3736.0,881378.0,1917507.0,1940559.0
2022-07-14 22:00:00,3736.0,3750.0,3700.0,3713.0,459382.0,1940559.0,1931415.0
2022-07-15 09:00:00,3723.0,3748.0,3673.0,3712.0,623376.0,1931415.0,1950460.0
2022-07-15 10:00:00,3712.0,3729.0,3690.0,3704.0,292763.0,1950460.0,1944180.0
2022-07-15 11:00:00,3704.0,3707.0,3667.0,3679.0,216849.0,1944180.0,1960594.0
2022-07-15 13:00:00,3673.0,3675.0,3644.0,3669.0,259821.0,1960594.0,1981000.0
2022-07-15 14:00:00,3669.0,3675.0,3588.0,3589.0,565314.0,1981000.0,1970080.0
2022-07-15 21:00:00,3615.0,3665.0,3611.0,3631.0,647714.0,1970080.0,1964707.0
2022-07-15 22:00:00,3631.0,3730.0,3630.0,3728.0,523738.0,1964707.0,1918800.0
2022-07-18 09:00:00,3730.0,3763.0,3711.0,3746.0,737378.0,1918800.0,1863280.0
2022-07-18 10:00:00,3746.0,3761.0,3731.0,3750.0,227849.0,1863280.0,1866655.0
2022-07-18 11:00:00,3750.0,3780.0,3745.0,3776.0,175869.0,1866655.0,1873916.0
2022-07-18 13:00:00,3778.0,3786.0,3748.0,3754.0,211941.0,1873916.0,1884128.0
2022-07-18 14:00:00,3754.0,3795.0,3745.0,3780.0,300605.0,1884128.0,1880061.0
2022-07-18 21:00:00,3790.0,3866.0,3789.0,3860.0,714011.0,1880061.0,1888290.0
2022-07-18 22:00:00,3860.0,3872.0,3846.0,3860.0,314549.0,1888290.0,1879228.0
2022-07-19 09:00:00,3850.0,3855.0,3808.0,3815.0,386630.0,1879228.0,1887376.0
2022-07-19 10:00:00,3815.0,3832.0,3805.0,3817.0,161997.0,1887376.0,1901803.0
2022-07-19 11:00:00,3817.0,3843.0,3784.0,3795.0,243811.0,1901803.0,1893116.0
2022-07-19 13:00:00,3795.0,3804.0,3753.0,3758.0,315693.0,1893116.0,1909821.0
2022-07-19 14:00:00,3758.0,3827.0,3748.0,3774.0,561781.0,1909821.0,1889735.0
2022-07-19 21:00:00,3760.0,3772.0,3712.0,3756.0,631782.0,1889735.0,1874097.0
2022-07-19 22:00:00,3756.0,3833.0,3755.0,3820.0,472107.0,1874097.0,1866581.0
2022-07-20 09:00:00,3832.0,3848.0,3812.0,3831.0,338940.0,1866581.0,1886321.0
2022-07-20 10:00:00,3831.0,3858.0,3823.0,3856.0,267348.0,1886321.0,1882228.0
2022-07-20 11:00:00,3856.0,3877.0,3849.0,3869.0,205579.0,1882228.0,1883696.0
2022-07-20 13:00:00,3862.0,3862.0,3825.0,3829.0,227396.0,1883696.0,1880773.0
2022-07-20 14:00:00,3829.0,3839.0,3781.0,3830.0,515921.0,1880773.0,1882732.0
2022-07-20 21:00:00,3824.0,3847.0,3806.0,3812.0,479124.0,1882732.0,1876571.0
2022-07-20 22:00:00,3812.0,3822.0,3781.0,3815.0,380739.0,1876571.0,1866495.0
2022-07-21 09:00:00,3812.0,3812.0,3771.0,3787.0,370568.0,1866495.0,1894843.0
2022-07-21 10:00:00,3787.0,3805.0,3771.0,3800.0,208956.0,1894843.0,1890574.0
2022-07-21 11:00:00,3800.0,3826.0,3776.0,3783.0,271590.0,1890574.0,1882143.0
2022-07-21 13:00:00,3790.0,3833.0,3783.0,3827.0,326171.0,1882143.0,1890030.0
2022-07-21 14:00:00,3827.0,3860.0,3816.0,3831.0,541748.0,1890030.0,1892537.0
2022-07-21 21:00:00,3798.0,3827.0,3760.0,3816.0,562709.0,1892537.0,1888952.0
2022-07-21 22:00:00,3816.0,3822.0,3795.0,3807.0,239501.0,1888952.0,1871399.0
2022-07-22 09:00:00,3808.0,3850.0,3801.0,3849.0,390303.0,1871399.0,1882299.0
2022-07-22 10:00:00,3849.0,3880.0,3838.0,3841.0,395868.0,1882299.0,1902536.0
2022-07-22 11:00:00,3841.0,3859.0,3829.0,3840.0,138186.0,1902536.0,1887133.0
2022-07-22 13:00:00,3840.0,3857.0,3831.0,3851.0,115419.0,1887133.0,1890845.0
2022-07-22 14:00:00,3851.0,3867.0,3843.0,3863.0,258318.0,1890845.0,1889528.0
2022-07-22 21:00:00,3868.0,3894.0,3865.0,3884.0,430434.0,1889528.0,1894172.0
2022-07-22 22:00:00,3884.0,3900.0,3873.0,3881.0,340431.0,1894172.0,1872619.0
2022-07-25 09:00:00,3885.0,3895.0,3843.0,3867.0,460933.0,1872619.0,1883152.0
2022-07-25 10:00:00,3867.0,3895.0,3865.0,3893.0,199731.0,1883152.0,1890650.0
2022-07-25 11:00:00,3893.0,3895.0,3860.0,3863.0,132049.0,1890650.0,1879813.0
2022-07-25 13:00:00,3862.0,3876.0,3855.0,3860.0,128500.0,1879813.0,1885046.0
2022-07-25 14:00:00,3860.0,3875.0,3848.0,3859.0,207530.0,1885046.0,1876972.0
2022-07-25 21:00:00,3868.0,3869.0,3798.0,3809.0,537233.0,1876972.0,1902989.0
2022-07-25 22:00:00,3809.0,3847.0,3809.0,3820.0,285077.0,1902989.0,1882478.0
2022-07-26 09:00:00,3818.0,3857.0,3811.0,3856.0,343353.0,1882478.0,1895755.0
2022-07-26 10:00:00,3856.0,3909.0,3845.0,3877.0,496795.0,1895755.0,1897205.0
2022-07-26 11:00:00,3877.0,3888.0,3859.0,3873.0,169244.0,1897205.0,1886095.0
2022-07-26 13:00:00,3873.0,3882.0,3862.0,3878.0,115803.0,1886095.0,1889329.0
2022-07-26 14:00:00,3878.0,3895.0,3870.0,3888.0,272852.0,1889329.0,1889277.0
2022-07-26 21:00:00,3896.0,3918.0,3872.0,3878.0,409348.0,1889277.0,1884684.0
2022-07-26 22:00:00,3878.0,3884.0,3865.0,3874.0,185305.0,1884684.0,1876530.0
2022-07-27 09:00:00,3868.0,3872.0,3827.0,3832.0,391091.0,1876530.0,1886401.0
2022-07-27 10:00:00,3832.0,3865.0,3829.0,3860.0,205705.0,1886401.0,1890605.0
2022-07-27 11:00:00,3860.0,3900.0,3855.0,3897.0,278597.0,1890605.0,1882837.0
2022-07-27 13:00:00,3905.0,3930.0,3905.0,3925.0,371731.0,1882837.0,1940208.0
2022-07-27 14:00:00,3925.0,3934.0,3899.0,3916.0,342836.0,1940208.0,1924464.0
2022-07-27 21:00:00,3913.0,3915.0,3878.0,3912.0,426819.0,1924464.0,1896258.0
2022-07-27 22:00:00,3912.0,3943.0,3900.0,3924.0,290083.0,1896258.0,1879099.0
2022-07-28 09:00:00,3945.0,3994.0,3945.0,3987.0,495340.0,1879099.0,1884034.0
2022-07-28 10:00:00,3987.0,3995.0,3972.0,3988.0,161371.0,1884034.0,1895237.0
2022-07-28 11:00:00,3988.0,4015.0,3987.0,4008.0,176777.0,1895237.0,1906193.0
2022-07-28 13:00:00,4011.0,4030.0,4003.0,4011.0,252263.0,1906193.0,1912886.0
2022-07-28 14:00:00,4011.0,4068.0,4011.0,4058.0,445380.0,1912886.0,1887291.0
2022-07-28 21:00:00,4030.0,4054.0,4008.0,4020.0,498010.0,1887291.0,1872979.0
2022-07-28 22:00:00,4020.0,4036.0,4011.0,4023.0,247192.0,1872979.0,1856952.0
2022-07-29 09:00:00,4029.0,4045.0,4014.0,4021.0,284013.0,1856952.0,1871506.0
2022-07-29 10:00:00,4021.0,4023.0,3983.0,3994.0,322000.0,1871506.0,1863541.0
2022-07-29 11:00:00,3994.0,4011.0,3994.0,3997.0,103071.0,1863541.0,1862871.0
2022-07-29 13:00:00,3996.0,4014.0,3991.0,3996.0,112481.0,1862871.0,1862932.0
2022-07-29 14:00:00,3996.0,4005.0,3979.0,3996.0,260487.0,1862932.0,1859128.0
2022-07-29 21:00:00,4006.0,4056.0,4003.0,4049.0,446141.0,1859128.0,1863040.0
2022-07-29 22:00:00,4049.0,4123.0,4045.0,4103.0,605228.0,1863040.0,1870493.0
2022-08-01 09:00:00,4121.0,4133.0,4068.0,4081.0,541958.0,1870493.0,1854439.0
2022-08-01 10:00:00,4081.0,4120.0,4081.0,4117.0,183403.0,1854439.0,1871828.0
2022-08-01 11:00:00,4117.0,4121.0,4091.0,4106.0,142645.0,1871828.0,1869980.0
2022-08-01 13:00:00,4108.0,4132.0,4103.0,4116.0,180592.0,1869980.0,1890470.0
2022-08-01 14:00:00,4116.0,4117.0,4078.0,4093.0,361164.0,1890470.0,1867672.0
2022-08-01 21:00:00,4069.0,4086.0,4052.0,4079.0,388748.0,1867672.0,1858157.0
2022-08-01 22:00:00,4079.0,4088.0,4062.0,4071.0,221615.0,1858157.0,1854770.0
2022-08-02 09:00:00,4066.0,4081.0,4055.0,4065.0,284929.0,1854770.0,1843777.0
2022-08-02 10:00:00,4065.0,4072.0,4013.0,4038.0,368075.0,1843777.0,1830397.0
2022-08-02 11:00:00,4038.0,4052.0,4016.0,4041.0,210597.0,1830397.0,1820578.0
2022-08-02 13:00:00,4044.0,4055.0,4029.0,4041.0,132526.0,1820578.0,1824113.0
2022-08-02 14:00:00,4041.0,4115.0,4037.0,4104.0,570744.0,1824113.0,1847616.0
2022-08-02 21:00:00,4091.0,4104.0,4058.0,4065.0,401331.0,1847616.0,1819935.0
2022-08-02 22:00:00,4065.0,4094.0,4028.0,4076.0,496234.0,1819935.0,1795190.0
2022-08-03 09:00:00,4071.0,4132.0,4065.0,4124.0,494758.0,1795190.0,1856362.0
2022-08-03 10:00:00,4124.0,4138.0,4102.0,4109.0,222627.0,1856362.0,1866977.0
2022-08-03 11:00:00,4109.0,4139.0,4107.0,4134.0,121838.0,1866977.0,1878156.0
2022-08-03 13:00:00,4135.0,4145.0,4116.0,4130.0,193400.0,1878156.0,1892835.0
2022-08-03 14:00:00,4130.0,4135.0,4060.0,4063.0,418209.0,1892835.0,1825651.0
2022-08-03 21:00:00,4076.0,4085.0,4050.0,4061.0,449203.0,1825651.0,1824128.0
2022-08-03 22:00:00,4061.0,4065.0,4025.0,4033.0,390451.0,1824128.0,1813649.0
2022-08-04 09:00:00,4033.0,4050.0,4016.0,4050.0,300191.0,1813649.0,1816584.0
2022-08-04 10:00:00,4050.0,4065.0,4008.0,4022.0,316312.0,1816584.0,1812896.0
2022-08-04 11:00:00,4022.0,4033.0,4015.0,4027.0,109774.0,1812896.0,1805346.0
2022-08-04 13:00:00,4029.0,4041.0,3986.0,3997.0,304047.0,1805346.0,1822594.0
2022-08-04 14:00:00,3997.0,4020.0,3974.0,3980.0,421914.0,1822594.0,1783755.0
2022-08-04 21:00:00,3977.0,3993.0,3963.0,3987.0,342341.0,1783755.0,1776408.0
2022-08-04 22:00:00,3987.0,4018.0,3981.0,3990.0,347098.0,1776408.0,1756093.0
2022-08-05 09:00:00,3991.0,4037.0,3985.0,4032.0,345082.0,1756093.0,1765930.0
2022-08-05 10:00:00,4032.0,4053.0,4020.0,4037.0,218806.0,1765930.0,1776182.0
2022-08-05 11:00:00,4037.0,4060.0,4025.0,4050.0,152717.0,1776182.0,1787906.0
2022-08-05 13:00:00,4042.0,4074.0,4042.0,4065.0,168572.0,1787906.0,1793383.0
2022-08-05 14:00:00,4065.0,4081.0,4031.0,4036.0,339723.0,1793383.0,1773775.0
2022-08-05 21:00:00,4040.0,4076.0,4022.0,4074.0,387335.0,1773775.0,1772266.0
2022-08-05 22:00:00,4074.0,4126.0,4067.0,4125.0,422207.0,1772266.0,1774999.0
2022-08-08 09:00:00,4100.0,4154.0,4079.0,4143.0,559478.0,1774999.0,1779282.0
2022-08-08 10:00:00,4143.0,4145.0,4122.0,4125.0,150629.0,1779282.0,1774141.0
2022-08-08 11:00:00,4125.0,4140.0,4116.0,4124.0,85027.0,1774141.0,1765845.0
2022-08-08 13:00:00,4121.0,4140.0,4114.0,4135.0,101840.0,1765845.0,1765789.0
2022-08-08 14:00:00,4135.0,4148.0,4127.0,4136.0,227275.0,1765789.0,1759184.0
2022-08-08 21:00:00,4127.0,4158.0,4116.0,4149.0,331117.0,1759184.0,1761032.0
2022-08-08 22:00:00,4149.0,4151.0,4112.0,4130.0,263705.0,1761032.0,1739312.0
2022-08-09 09:00:00,4128.0,4131.0,4106.0,4110.0,255972.0,1739312.0,1741493.0
2022-08-09 10:00:00,4110.0,4119.0,4095.0,4118.0,153228.0,1741493.0,1746257.0
2022-08-09 11:00:00,4118.0,4124.0,4096.0,4100.0,119178.0,1746257.0,1738521.0
2022-08-09 13:00:00,4097.0,4102.0,4080.0,4090.0,193411.0,1738521.0,1738331.0
2022-08-09 14:00:00,4090.0,4111.0,4077.0,4089.0,316436.0,1738331.0,1718371.0
2022-08-09 21:00:00,4090.0,4118.0,4068.0,4105.0,402605.0,1718371.0,1727662.0
2022-08-09 22:00:00,4105.0,4115.0,4056.0,4071.0,380934.0,1727662.0,1704218.0
2022-08-10 09:00:00,4071.0,4097.0,4061.0,4097.0,233051.0,1704218.0,1711371.0
2022-08-10 10:00:00,4097.0,4113.0,4073.0,4074.0,226608.0,1711371.0,1704530.0
2022-08-10 11:00:00,4074.0,4076.0,4052.0,4053.0,174515.0,1704530.0,1705482.0
2022-08-10 13:00:00,4050.0,4078.0,4047.0,4065.0,174321.0,1705482.0,1707999.0
2022-08-10 14:00:00,4065.0,4082.0,4057.0,4066.0,242391.0,1707999.0,1703285.0
2022-08-10 21:00:00,4102.0,4130.0,4060.0,4070.0,492326.0,1703285.0,1701191.0
2022-08-10 22:00:00,4070.0,4074.0,4032.0,4040.0,326136.0,1701191.0,1705536.0
2022-08-11 09:00:00,4050.0,4105.0,4050.0,4099.0,422497.0,1705536.0,1688624.0
2022-08-11 10:00:00,4099.0,4102.0,4056.0,4069.0,207923.0,1688624.0,1681280.0
2022-08-11 11:00:00,4069.0,4095.0,4064.0,4077.0,135795.0,1681280.0,1681470.0
2022-08-11 13:00:00,4071.0,4111.0,4052.0,4103.0,370714.0,1681470.0,1693872.0
2022-08-11 14:00:00,4103.0,4113.0,4087.0,4108.0,272664.0,1693872.0,1688732.0
2022-08-11 21:00:00,4120.0,4137.0,4106.0,4108.0,328082.0,1688732.0,1705683.0
2022-08-11 22:00:00,4108.0,4132.0,4105.0,4130.0,204966.0,1705683.0,1707205.0
2022-08-12 09:00:00,4131.0,4153.0,4121.0,4127.0,347729.0,1707205.0,1726733.0
2022-08-12 10:00:00,4127.0,4133.0,4106.0,4112.0,209469.0,1726733.0,1705846.0
2022-08-12 11:00:00,4112.0,4116.0,4100.0,4115.0,94957.0,1705846.0,1690544.0
2022-08-12 13:00:00,4118.0,4142.0,4118.0,4138.0,158845.0,1690544.0,1713447.0
2022-08-12 14:00:00,4138.0,4150.0,4131.0,4150.0,246579.0,1713447.0,1738768.0
2022-08-12 21:00:00,4125.0,4183.0,4120.0,4178.0,540296.0,1738768.0,1777669.0
2022-08-12 22:00:00,4178.0,4197.0,4167.0,4190.0,304756.0,1777669.0,1791966.0
2022-08-15 09:00:00,4185.0,4199.0,4155.0,4195.0,447523.0,1791966.0,1802529.0
2022-08-15 10:00:00,4195.0,4196.0,4136.0,4149.0,409306.0,1802529.0,1775635.0
2022-08-15 11:00:00,4149.0,4159.0,4134.0,4140.0,110640.0,1775635.0,1774590.0
2022-08-15 13:00:00,4142.0,4151.0,4114.0,4120.0,170482.0,1774590.0,1766700.0
2022-08-15 14:00:00,4120.0,4134.0,4095.0,4126.0,416029.0,1766700.0,1746361.0
2022-08-15 21:00:00,4086.0,4106.0,4078.0,4095.0,322311.0,1746361.0,1732185.0
2022-08-15 22:00:00,4095.0,4120.0,4086.0,4115.0,164400.0,1732185.0,1730685.0
2022-08-16 09:00:00,4116.0,4150.0,4115.0,4140.0,255190.0,1730685.0,1739107.0
2022-08-16 10:00:00,4140.0,4183.0,4139.0,4181.0,329190.0,1739107.0,1758116.0
2022-08-16 11:00:00,4181.0,4183.0,4162.0,4171.0,127450.0,1758116.0,1755035.0
2022-08-16 13:00:00,4166.0,4175.0,4152.0,4169.0,128638.0,1755035.0,1751390.0
2022-08-16 14:00:00,4169.0,4175.0,4153.0,4153.0,175618.0,1751390.0,1732832.0
2022-08-16 21:00:00,4162.0,4174.0,4143.0,4150.0,273102.0,1732832.0,1728643.0
2022-08-16 22:00:00,4150.0,4162.0,4136.0,4141.0,169154.0,1728643.0,1720945.0
2022-08-17 09:00:00,4144.0,4147.0,4102.0,4113.0,380880.0,1720945.0,1702132.0
2022-08-17 10:00:00,4113.0,4115.0,4081.0,4087.0,253854.0,1702132.0,1684316.0
2022-08-17 11:00:00,4087.0,4095.0,4060.0,4063.0,235422.0,1684316.0,1669287.0
2022-08-17 13:00:00,4063.0,4071.0,4050.0,4065.0,221792.0,1669287.0,1671866.0
2022-08-17 14:00:00,4065.0,4075.0,3985.0,3993.0,621212.0,1671866.0,1659566.0
2022-08-17 21:00:00,4003.0,4026.0,3994.0,4015.0,376431.0,1659566.0,1678368.0
2022-08-17 22:00:00,4015.0,4033.0,4009.0,4019.0,177586.0,1678368.0,1666766.0
2022-08-18 09:00:00,4023.0,4046.0,4018.0,4038.0,226848.0,1666766.0,1669364.0
2022-08-18 10:00:00,4038.0,4039.0,3980.0,3997.0,296296.0,1669364.0,1675044.0
2022-08-18 11:00:00,3997.0,4034.0,3993.0,4029.0,143611.0,1675044.0,1664204.0
2022-08-18 13:00:00,4046.0,4070.0,4046.0,4069.0,379085.0,1664204.0,1680096.0
2022-08-18 14:00:00,4069.0,4075.0,4032.0,4041.0,359078.0,1680096.0,1659860.0
2022-08-18 21:00:00,4053.0,4062.0,4016.0,4022.0,381309.0,1659860.0,1596294.0
2022-08-18 22:00:00,4022.0,4025.0,3982.0,4016.0,430046.0,1596294.0,1552489.0
2022-08-19 09:00:00,4017.0,4030.0,3998.0,4000.0,207143.0,1552489.0,1551690.0
2022-08-19 10:00:00,4000.0,4026.0,3991.0,4026.0,175672.0,1551690.0,1537368.0
2022-08-19 11:00:00,4026.0,4033.0,4011.0,4023.0,141950.0,1537368.0,1528993.0
2022-08-19 13:00:00,4019.0,4020.0,3983.0,3985.0,187887.0,1528993.0,1532646.0
2022-08-19 14:00:00,3985.0,3993.0,3924.0,3929.0,638694.0,1532646.0,1514851.0
2022-08-19 21:00:00,3942.0,3967.0,3924.0,3963.0,424399.0,1514851.0,1518025.0
2022-08-19 22:00:00,3963.0,3996.0,3956.0,3990.0,323695.0,1518025.0,1486097.0
2022-08-22 09:00:00,3995.0,4020.0,3982.0,4012.0,406021.0,1486097.0,1481220.0
2022-08-22 10:00:00,4012.0,4023.0,3999.0,4019.0,144847.0,1481220.0,1487777.0
2022-08-22 11:00:00,4019.0,4027.0,4005.0,4007.0,119033.0,1487777.0,1494812.0
2022-08-22 13:00:00,4008.0,4013.0,3992.0,4010.0,113127.0,1494812.0,1499752.0
2022-08-22 14:00:00,4010.0,4020.0,3998.0,4010.0,200974.0,1499752.0,1472526.0
2022-08-22 21:00:00,4010.0,4014.0,3973.0,3983.0,283924.0,1472526.0,1464785.0
2022-08-22 22:00:00,3983.0,4033.0,3979.0,4028.0,216699.0,1464785.0,1434544.0
2022-08-23 09:00:00,4029.0,4063.0,4029.0,4061.0,303985.0,1434544.0,1434989.0
2022-08-23 10:00:00,4061.0,4064.0,4043.0,4047.0,99994.0,1434989.0,1435203.0
2022-08-23 11:00:00,4047.0,4063.0,4046.0,4051.0,54091.0,1435203.0,1433691.0
2022-08-23 13:00:00,4046.0,4048.0,4033.0,4042.0,99075.0,1433691.0,1429089.0
2022-08-23 14:00:00,4042.0,4054.0,4026.0,4052.0,179370.0,1429089.0,1411349.0
2022-08-23 21:00:00,4054.0,4068.0,4041.0,4060.0,223574.0,1411349.0,1400400.0
2022-08-23 22:00:00,4060.0,4094.0,4057.0,4077.0,221087.0,1400400.0,1385945.0
2022-08-24 09:00:00,4077.0,4082.0,4047.0,4048.0,200036.0,1385945.0,1365228.0
2022-08-24 10:00:00,4048.0,4061.0,4034.0,4059.0,163130.0,1365228.0,1341213.0
2022-08-24 11:00:00,4059.0,4080.0,4054.0,4064.0,118873.0,1341213.0,1337517.0
2022-08-24 13:00:00,4063.0,4077.0,4054.0,4065.0,135092.0,1337517.0,1311301.0
2022-08-24 14:00:00,4065.0,4089.0,4048.0,4086.0,238791.0,1311301.0,1288077.0
2022-08-24 21:00:00,4093.0,4100.0,4079.0,4094.0,259805.0,1288077.0,1279222.0
2022-08-24 22:00:00,4094.0,4104.0,4077.0,4087.0,149467.0,1279222.0,1260414.0
2022-08-25 09:00:00,4090.0,4097.0,4068.0,4090.0,185230.0,1260414.0,1240202.0
2022-08-25 10:00:00,4090.0,4099.0,4081.0,4095.0,97573.0,1240202.0,1235589.0
2022-08-25 11:00:00,4095.0,4110.0,4092.0,4105.0,100442.0,1235589.0,1237296.0
2022-08-25 13:00:00,4092.0,4092.0,4052.0,4078.0,270903.0,1237296.0,1198572.0
2022-08-25 14:00:00,4078.0,4084.0,4043.0,4052.0,261143.0,1198572.0,1165706.0
2022-08-25 21:00:00,4050.0,4080.0,4046.0,4073.0,230731.0,1165706.0,1142161.0
2022-08-25 22:00:00,4073.0,4080.0,4043.0,4061.0,197854.0,1142161.0,1131022.0
2022-08-26 09:00:00,4060.0,4077.0,4054.0,4076.0,160175.0,1131022.0,1132284.0
2022-08-26 10:00:00,4076.0,4098.0,4072.0,4095.0,171550.0,1132284.0,1142489.0
2022-08-26 11:00:00,4095.0,4098.0,4080.0,4089.0,89919.0,1142489.0,1143056.0
2022-08-26 13:00:00,4089.0,4099.0,4081.0,4097.0,68672.0,1143056.0,1141834.0
2022-08-26 14:00:00,4097.0,4112.0,4086.0,4097.0,249694.0,1141834.0,1114193.0
2022-08-26 21:00:00,4112.0,4130.0,4055.0,4067.0,366270.0,1114193.0,1063069.0
2022-08-26 22:00:00,4067.0,4082.0,4050.0,4055.0,263277.0,1063069.0,1037380.0
2022-08-29 09:00:00,4045.0,4045.0,3980.0,3996.0,442494.0,1037380.0,1022495.0
2022-08-29 10:00:00,3996.0,3997.0,3973.0,3974.0,137507.0,1022495.0,1030383.0
2022-08-29 11:00:00,3974.0,3990.0,3972.0,3987.0,81305.0,1030383.0,1012280.0
2022-08-29 13:00:00,3983.0,3983.0,3963.0,3971.0,108132.0,1012280.0,1010613.0
2022-08-29 14:00:00,3971.0,3974.0,3944.0,3965.0,211720.0,1010613.0,979188.0
2022-08-29 21:00:00,3764.0,3770.0,3725.0,3750.0,268225.0,979188.0,1369838.0
2022-08-29 22:00:00,3750.0,3757.0,3731.0,3736.0,98777.0,1369838.0,1374726.0
2022-08-30 09:00:00,3735.0,3753.0,3687.0,3712.0,376934.0,1374726.0,1430279.0
2022-08-30 10:00:00,3712.0,3720.0,3698.0,3708.0,156716.0,1430279.0,1433428.0
2022-08-30 11:00:00,3708.0,3710.0,3682.0,3690.0,98938.0,1433428.0,1443849.0
2022-08-30 13:00:00,3689.0,3703.0,3675.0,3685.0,127856.0,1443849.0,1454559.0
2022-08-30 14:00:00,3685.0,3691.0,3652.0,3661.0,298889.0,1454559.0,1468467.0
2022-08-30 21:00:00,3652.0,3704.0,3650.0,3692.0,342066.0,1468467.0,1481915.0
2022-08-30 22:00:00,3692.0,3702.0,3682.0,3685.0,144777.0,1481915.0,1481096.0
2022-08-31 09:00:00,3683.0,3698.0,3664.0,3696.0,295690.0,1481096.0,1531803.0
2022-08-31 10:00:00,3696.0,3700.0,3668.0,3675.0,163250.0,1531803.0,1550803.0
2022-08-31 11:00:00,3675.0,3682.0,3667.0,3671.0,64607.0,1550803.0,1560962.0
2022-08-31 13:00:00,3681.0,3695.0,3657.0,3676.0,197898.0,1560962.0,1590054.0
2022-08-31 14:00:00,3676.0,3682.0,3664.0,3677.0,193221.0,1590054.0,1589990.0
2022-08-31 21:00:00,3694.0,3729.0,3684.0,3703.0,498185.0,1589990.0,1610582.0
2022-08-31 22:00:00,3703.0,3710.0,3681.0,3702.0,285989.0,1610582.0,1613562.0
2022-09-01 09:00:00,3695.0,3703.0,3684.0,3693.0,189253.0,1613562.0,1635103.0
2022-09-01 10:00:00,3693.0,3694.0,3672.0,3692.0,160479.0,1635103.0,1642312.0
2022-09-01 11:00:00,3692.0,3714.0,3688.0,3697.0,159576.0,1642312.0,1627009.0
2022-09-01 13:00:00,3701.0,3708.0,3670.0,3672.0,214552.0,1627009.0,1642525.0
2022-09-01 14:00:00,3672.0,3676.0,3626.0,3642.0,461160.0,1642525.0,1705345.0
2022-09-01 21:00:00,3630.0,3655.0,3618.0,3641.0,364923.0,1705345.0,1705923.0
2022-09-01 22:00:00,3641.0,3649.0,3616.0,3617.0,186069.0,1705923.0,1712817.0
2022-09-02 09:00:00,3622.0,3639.0,3602.0,3605.0,283730.0,1712817.0,1739574.0
2022-09-02 10:00:00,3605.0,3626.0,3575.0,3624.0,375768.0,1739574.0,1741698.0
2022-09-02 11:00:00,3624.0,3646.0,3604.0,3630.0,241622.0,1741698.0,1724232.0
2022-09-02 13:00:00,3626.0,3634.0,3618.0,3626.0,100247.0,1724232.0,1724088.0
2022-09-02 14:00:00,3626.0,3643.0,3609.0,3637.0,255397.0,1724088.0,1712615.0
2022-09-02 21:00:00,3650.0,3657.0,3621.0,3633.0,342685.0,1712615.0,1714661.0
2022-09-02 22:00:00,3633.0,3693.0,3629.0,3683.0,391851.0,1714661.0,1670604.0
2022-09-05 09:00:00,3670.0,3673.0,3646.0,3655.0,314226.0,1670604.0,1683968.0
2022-09-05 10:00:00,3655.0,3674.0,3647.0,3667.0,160042.0,1683968.0,1680636.0
2022-09-05 11:00:00,3667.0,3684.0,3667.0,3675.0,101178.0,1680636.0,1672829.0
2022-09-05 13:00:00,3675.0,3687.0,3665.0,3685.0,122896.0,1672829.0,1673322.0
2022-09-05 14:00:00,3685.0,3706.0,3682.0,3691.0,282744.0,1673322.0,1652554.0
2022-09-05 21:00:00,3705.0,3709.0,3672.0,3694.0,305974.0,1652554.0,1665410.0
2022-09-05 22:00:00,3694.0,3707.0,3686.0,3697.0,186605.0,1665410.0,1655827.0
2022-09-06 09:00:00,3701.0,3705.0,3678.0,3683.0,192726.0,1655827.0,1663415.0
2022-09-06 10:00:00,3683.0,3700.0,3675.0,3690.0,142514.0,1663415.0,1657633.0
2022-09-06 11:00:00,3690.0,3706.0,3679.0,3698.0,128030.0,1657633.0,1663147.0
2022-09-06 13:00:00,3699.0,3703.0,3685.0,3693.0,119187.0,1663147.0,1663567.0
2022-09-06 14:00:00,3693.0,3701.0,3686.0,3693.0,156118.0,1663567.0,1651704.0
2022-09-06 21:00:00,3698.0,3726.0,3680.0,3702.0,448806.0,1651704.0,1645829.0
2022-09-06 22:00:00,3702.0,3702.0,3674.0,3683.0,262497.0,1645829.0,1658641.0
2022-09-07 09:00:00,3678.0,3691.0,3651.0,3689.0,392529.0,1658641.0,1672572.0
2022-09-07 10:00:00,3689.0,3703.0,3670.0,3680.0,227003.0,1672572.0,1669058.0
2022-09-07 11:00:00,3680.0,3685.0,3662.0,3680.0,108101.0,1669058.0,1671426.0
2022-09-07 13:00:00,3669.0,3688.0,3664.0,3687.0,123555.0,1671426.0,1670512.0
2022-09-07 14:00:00,3687.0,3699.0,3670.0,3673.0,227170.0,1670512.0,1661151.0
2022-09-07 21:00:00,3682.0,3695.0,3670.0,3685.0,319087.0,1661151.0,1658834.0
2022-09-07 22:00:00,3685.0,3710.0,3682.0,3701.0,225559.0,1658834.0,1643231.0
2022-09-08 09:00:00,3702.0,3720.0,3696.0,3706.0,248225.0,1643231.0,1652892.0
2022-09-08 10:00:00,3706.0,3732.0,3704.0,3729.0,234192.0,1652892.0,1671282.0
2022-09-08 11:00:00,3729.0,3747.0,3728.0,3745.0,222158.0,1671282.0,1689903.0
2022-09-08 13:00:00,3750.0,3755.0,3729.0,3733.0,238624.0,1689903.0,1704531.0
2022-09-08 14:00:00,3733.0,3739.0,3714.0,3719.0,305210.0,1704531.0,1690538.0
2022-09-08 21:00:00,3730.0,3743.0,3718.0,3740.0,287423.0,1690538.0,1682734.0
2022-09-08 22:00:00,3740.0,3741.0,3728.0,3735.0,114725.0,1682734.0,1677282.0
2022-09-09 09:00:00,3742.0,3760.0,3737.0,3760.0,307759.0,1677282.0,1695616.0
2022-09-09 10:00:00,3760.0,3775.0,3755.0,3774.0,212861.0,1695616.0,1687937.0
2022-09-09 11:00:00,3774.0,3777.0,3763.0,3767.0,85113.0,1687937.0,1683010.0
2022-09-09 13:00:00,3767.0,3780.0,3766.0,3774.0,118289.0,1683010.0,1684299.0
2022-09-09 14:00:00,3774.0,3792.0,3771.0,3791.0,252702.0,1684299.0,1652024.0
2022-09-13 09:00:00,3797.0,3807.0,3769.0,3782.0,431073.0,1652024.0,1662655.0
2022-09-13 10:00:00,3782.0,3798.0,3781.0,3789.0,126290.0,1662655.0,1656413.0
2022-09-13 11:00:00,3789.0,3798.0,3784.0,3793.0,75662.0,1656413.0,1653780.0
2022-09-13 13:00:00,3793.0,3799.0,3789.0,3797.0,78762.0,1653780.0,1659029.0
2022-09-13 14:00:00,3797.0,3802.0,3787.0,3794.0,163895.0,1659029.0,1648566.0
2022-09-13 21:00:00,3769.0,3778.0,3757.0,3770.0,311654.0,1648566.0,1651183.0
2022-09-13 22:00:00,3770.0,3771.0,3730.0,3732.0,275709.0,1651183.0,1664045.0
2022-09-14 09:00:00,3729.0,3733.0,3704.0,3729.0,383734.0,1664045.0,1687218.0
2022-09-14 10:00:00,3729.0,3740.0,3723.0,3727.0,126282.0,1687218.0,1681444.0
2022-09-14 11:00:00,3727.0,3729.0,3713.0,3725.0,84451.0,1681444.0,1684650.0
2022-09-14 13:00:00,3719.0,3730.0,3712.0,3714.0,101938.0,1684650.0,1693547.0
2022-09-14 14:00:00,3714.0,3748.0,3711.0,3741.0,244399.0,1693547.0,1682113.0
2022-09-14 21:00:00,3744.0,3779.0,3739.0,3778.0,369235.0,1682113.0,1667357.0
2022-09-14 22:00:00,3778.0,3785.0,3763.0,3774.0,234611.0,1667357.0,1675517.0
2022-09-15 09:00:00,3777.0,3789.0,3775.0,3782.0,224246.0,1675517.0,1694174.0
2022-09-15 10:00:00,3782.0,3783.0,3756.0,3760.0,167843.0,1694174.0,1694757.0
2022-09-15 11:00:00,3760.0,3765.0,3751.0,3756.0,113685.0,1694757.0,1697912.0
2022-09-15 13:00:00,3752.0,3758.0,3693.0,3699.0,453101.0,1697912.0,1733572.0
2022-09-15 14:00:00,3699.0,3730.0,3695.0,3722.0,413855.0,1733572.0,1711041.0
2022-09-15 21:00:00,3709.0,3728.0,3704.0,3724.0,259385.0,1711041.0,1720708.0
2022-09-15 22:00:00,3724.0,3726.0,3711.0,3714.0,143803.0,1720708.0,1716613.0
2022-09-16 09:00:00,3713.0,3724.0,3706.0,3723.0,190903.0,1716613.0,1726705.0
2022-09-16 10:00:00,3723.0,3740.0,3681.0,3683.0,429253.0,1726705.0,1748909.0
2022-09-16 11:00:00,3683.0,3685.0,3666.0,3679.0,199333.0,1748909.0,1763736.0
2022-09-16 13:00:00,3677.0,3683.0,3662.0,3668.0,129236.0,1763736.0,1765500.0
2022-09-16 14:00:00,3668.0,3703.0,3658.0,3686.0,363206.0,1765500.0,1735896.0
2022-09-16 21:00:00,3697.0,3717.0,3687.0,3712.0,329349.0,1735896.0,1711274.0
2022-09-16 22:00:00,3712.0,3734.0,3710.0,3719.0,285334.0,1711274.0,1684682.0
2022-09-19 09:00:00,3725.0,3732.0,3706.0,3731.0,261356.0,1684682.0,1694703.0
2022-09-19 10:00:00,3731.0,3737.0,3718.0,3724.0,140113.0,1694703.0,1690630.0
2022-09-19 11:00:00,3724.0,3734.0,3716.0,3725.0,76453.0,1690630.0,1693869.0
2022-09-19 13:00:00,3725.0,3731.0,3720.0,3728.0,77217.0,1693869.0,1692592.0
2022-09-19 14:00:00,3728.0,3728.0,3690.0,3696.0,306274.0,1692592.0,1685459.0
2022-09-19 21:00:00,3696.0,3698.0,3655.0,3679.0,456965.0,1685459.0,1705973.0
2022-09-19 22:00:00,3679.0,3698.0,3674.0,3684.0,140212.0,1705973.0,1698365.0
2022-09-20 09:00:00,3689.0,3722.0,3689.0,3708.0,315083.0,1698365.0,1700892.0
2022-09-20 10:00:00,3708.0,3716.0,3697.0,3712.0,138910.0,1700892.0,1700761.0
2022-09-20 11:00:00,3712.0,3718.0,3704.0,3710.0,69611.0,1700761.0,1698552.0
2022-09-20 13:00:00,3706.0,3726.0,3705.0,3716.0,128023.0,1698552.0,1703273.0
2022-09-20 14:00:00,3716.0,3718.0,3650.0,3659.0,495524.0,1703273.0,1708020.0
2022-09-20 21:00:00,3655.0,3678.0,3652.0,3663.0,333337.0,1708020.0,1723043.0
2022-09-20 22:00:00,3663.0,3674.0,3658.0,3669.0,120939.0,1723043.0,1719709.0
2022-09-21 09:00:00,3667.0,3670.0,3634.0,3635.0,276595.0,1719709.0,1757488.0
2022-09-21 10:00:00,3635.0,3667.0,3630.0,3663.0,233100.0,1757488.0,1752666.0
2022-09-21 11:00:00,3663.0,3665.0,3636.0,3642.0,122721.0,1752666.0,1764237.0
2022-09-21 13:00:00,3650.0,3654.0,3634.0,3638.0,124707.0,1764237.0,1783207.0
2022-09-21 14:00:00,3638.0,3685.0,3636.0,3664.0,361676.0,1783207.0,1739827.0
2022-09-21 21:00:00,3668.0,3684.0,3662.0,3671.0,247794.0,1739827.0,1734163.0
2022-09-21 22:00:00,3671.0,3680.0,3666.0,3675.0,171683.0,1734163.0,1719434.0
2022-09-22 09:00:00,3668.0,3734.0,3662.0,3723.0,618810.0,1719434.0,1712564.0
2022-09-22 10:00:00,3723.0,3749.0,3723.0,3746.0,263521.0,1712564.0,1732914.0
2022-09-22 11:00:00,3746.0,3749.0,3735.0,3749.0,120978.0,1732914.0,1738154.0
2022-09-22 13:00:00,3752.0,3760.0,3747.0,3749.0,192056.0,1738154.0,1756684.0
2022-09-22 14:00:00,3749.0,3768.0,3745.0,3765.0,228803.0,1756684.0,1733745.0
2022-09-22 21:00:00,3772.0,3787.0,3762.0,3767.0,358537.0,1733745.0,1745526.0
2022-09-22 22:00:00,3767.0,3771.0,3760.0,3765.0,118598.0,1745526.0,1739457.0
2022-09-23 09:00:00,3766.0,3778.0,3754.0,3765.0,216592.0,1739457.0,1743410.0
2022-09-23 10:00:00,3765.0,3766.0,3748.0,3751.0,136444.0,1743410.0,1746026.0
2022-09-23 11:00:00,3751.0,3763.0,3750.0,3762.0,79828.0,1746026.0,1736062.0
2022-09-23 13:00:00,3772.0,3776.0,3765.0,3775.0,131468.0,1736062.0,1742131.0
2022-09-23 14:00:00,3775.0,3782.0,3755.0,3766.0,252982.0,1742131.0,1714891.0
2022-09-23 21:00:00,3736.0,3751.0,3722.0,3736.0,314465.0,1714891.0,1701656.0
2022-09-23 22:00:00,3736.0,3744.0,3710.0,3741.0,371472.0,1701656.0,1680785.0
2022-09-26 09:00:00,3741.0,3783.0,3741.0,3774.0,379654.0,1680785.0,1692598.0
2022-09-26 10:00:00,3774.0,3781.0,3757.0,3763.0,148235.0,1692598.0,1688534.0
2022-09-26 11:00:00,3763.0,3767.0,3749.0,3762.0,120041.0,1688534.0,1687014.0
2022-09-26 13:00:00,3763.0,3775.0,3750.0,3768.0,151422.0,1687014.0,1693427.0
2022-09-26 14:00:00,3768.0,3771.0,3746.0,3765.0,248523.0,1693427.0,1674462.0
2022-09-26 21:00:00,3776.0,3821.0,3773.0,3818.0,567630.0,1674462.0,1708146.0
2022-09-26 22:00:00,3818.0,3826.0,3813.0,3823.0,205046.0,1708146.0,1720500.0
2022-09-27 09:00:00,3823.0,3823.0,3803.0,3816.0,229570.0,1720500.0,1732259.0
2022-09-27 10:00:00,3816.0,3820.0,3799.0,3807.0,189335.0,1732259.0,1724883.0
2022-09-27 11:00:00,3807.0,3810.0,3792.0,3797.0,123995.0,1724883.0,1727603.0
2022-09-27 13:00:00,3800.0,3819.0,3800.0,3814.0,138066.0,1727603.0,1737137.0
2022-09-27 14:00:00,3814.0,3845.0,3810.0,3837.0,359692.0,1737137.0,1749635.0
2022-09-27 21:00:00,3847.0,3856.0,3835.0,3840.0,294177.0,1749635.0,1749917.0
2022-09-27 22:00:00,3840.0,3845.0,3825.0,3835.0,134414.0,1749917.0,1741370.0
2022-09-28 09:00:00,3830.0,3833.0,3817.0,3821.0,220269.0,1741370.0,1739357.0
2022-09-28 10:00:00,3821.0,3839.0,3819.0,3836.0,139377.0,1739357.0,1732107.0
2022-09-28 11:00:00,3836.0,3839.0,3818.0,3822.0,99673.0,1732107.0,1723933.0
2022-09-28 13:00:00,3826.0,3832.0,3814.0,3825.0,127577.0,1723933.0,1730678.0
2022-09-28 14:00:00,3825.0,3831.0,3816.0,3823.0,162397.0,1730678.0,1727377.0
2022-09-28 21:00:00,3835.0,3843.0,3806.0,3818.0,286783.0,1727377.0,1717839.0
2022-09-28 22:00:00,3818.0,3846.0,3818.0,3829.0,231481.0,1717839.0,1696411.0
2022-09-29 09:00:00,3838.0,3848.0,3828.0,3840.0,210777.0,1696411.0,1720949.0
2022-09-29 10:00:00,3840.0,3842.0,3830.0,3835.0,94297.0,1720949.0,1729253.0
2022-09-29 11:00:00,3835.0,3852.0,3835.0,3851.0,117695.0,1729253.0,1734768.0
2022-09-29 13:00:00,3856.0,3860.0,3827.0,3831.0,229970.0,1734768.0,1742578.0
2022-09-29 14:00:00,3831.0,3847.0,3819.0,3836.0,292424.0,1742578.0,1725569.0
2022-09-29 21:00:00,3839.0,3850.0,3828.0,3850.0,239315.0,1725569.0,1719269.0
2022-09-29 22:00:00,3850.0,3852.0,3822.0,3824.0,187203.0,1719269.0,1696847.0
2022-09-30 09:00:00,3822.0,3838.0,3818.0,3832.0,177709.0,1696847.0,1686337.0
2022-09-30 10:00:00,3832.0,3839.0,3828.0,3837.0,74743.0,1686337.0,1683213.0
2022-09-30 11:00:00,3837.0,3838.0,3829.0,3833.0,42107.0,1683213.0,1678914.0
2022-09-30 13:00:00,3833.0,3840.0,3829.0,3830.0,75967.0,1678914.0,1675635.0
2022-09-30 14:00:00,3830.0,3831.0,3785.0,3799.0,463724.0,1675635.0,1621968.0
2022-10-10 09:00:00,3825.0,3882.0,3820.0,3882.0,612234.0,1621968.0,1664873.0
2022-10-10 10:00:00,3882.0,3886.0,3872.0,3879.0,144380.0,1664873.0,1677964.0
2022-10-10 11:00:00,3879.0,3885.0,3868.0,3883.0,80819.0,1677964.0,1676211.0
2022-10-10 13:00:00,3882.0,3884.0,3871.0,3873.0,76885.0,1676211.0,1680416.0
2022-10-10 14:00:00,3873.0,3882.0,3869.0,3875.0,146318.0,1680416.0,1663666.0
2022-10-10 21:00:00,3880.0,3893.0,3854.0,3862.0,314237.0,1663666.0,1677094.0
2022-10-10 22:00:00,3862.0,3868.0,3846.0,3847.0,144890.0,1677094.0,1669251.0
2022-10-11 09:00:00,3845.0,3851.0,3818.0,3827.0,343505.0,1669251.0,1691807.0
2022-10-11 10:00:00,3827.0,3834.0,3821.0,3822.0,95216.0,1691807.0,1698582.0
2022-10-11 11:00:00,3822.0,3824.0,3798.0,3808.0,212184.0,1698582.0,1714117.0
2022-10-11 13:00:00,3806.0,3806.0,3790.0,3801.0,155431.0,1714117.0,1717279.0
2022-10-11 14:00:00,3801.0,3804.0,3763.0,3774.0,419785.0,1717279.0,1697534.0
2022-10-11 21:00:00,3784.0,3790.0,3748.0,3751.0,319847.0,1697534.0,1712023.0
2022-10-11 22:00:00,3751.0,3751.0,3716.0,3735.0,389771.0,1712023.0,1698163.0
2022-10-12 09:00:00,3734.0,3740.0,3713.0,3723.0,272507.0,1698163.0,1689583.0
2022-10-12 10:00:00,3723.0,3731.0,3711.0,3727.0,171566.0,1689583.0,1686944.0
2022-10-12 11:00:00,3727.0,3733.0,3720.0,3727.0,71544.0,1686944.0,1687471.0
2022-10-12 13:00:00,3730.0,3760.0,3730.0,3753.0,230075.0,1687471.0,1675736.0
2022-10-12 14:00:00,3753.0,3765.0,3740.0,3754.0,268091.0,1675736.0,1653422.0
2022-10-12 21:00:00,3752.0,3764.0,3742.0,3749.0,262299.0,1653422.0,1667941.0
2022-10-12 22:00:00,3749.0,3770.0,3749.0,3768.0,202627.0,1667941.0,1650062.0
2022-10-13 09:00:00,3769.0,3785.0,3739.0,3741.0,327361.0,1650062.0,1633288.0
2022-10-13 10:00:00,3741.0,3754.0,3724.0,3734.0,258228.0,1633288.0,1650191.0
2022-10-13 11:00:00,3734.0,3741.0,3722.0,3739.0,120010.0,1650191.0,1656977.0
2022-10-13 13:00:00,3745.0,3754.0,3721.0,3725.0,176334.0,1656977.0,1676556.0
2022-10-13 14:00:00,3725.0,3740.0,3712.0,3719.0,267243.0,1676556.0,1669890.0
2022-10-13 21:00:00,3702.0,3740.0,3685.0,3736.0,412143.0,1669890.0,1673137.0
2022-10-13 22:00:00,3736.0,3740.0,3719.0,3730.0,173793.0,1673137.0,1666722.0
2022-10-14 09:00:00,3743.0,3755.0,3741.0,3749.0,236554.0,1666722.0,1665650.0
2022-10-14 10:00:00,3749.0,3767.0,3746.0,3764.0,144170.0,1665650.0,1658823.0
2022-10-14 11:00:00,3764.0,3766.0,3756.0,3758.0,80807.0,1658823.0,1654034.0
2022-10-14 13:00:00,3763.0,3770.0,3746.0,3749.0,130410.0,1654034.0,1647815.0
2022-10-14 14:00:00,3749.0,3768.0,3747.0,3759.0,175015.0,1647815.0,1633530.0
2022-10-14 21:00:00,3757.0,3763.0,3714.0,3715.0,368699.0,1633530.0,1662544.0
2022-10-14 22:00:00,3715.0,3722.0,3683.0,3685.0,415306.0,1662544.0,1692592.0
2022-10-17 09:00:00,3702.0,3721.0,3671.0,3673.0,454745.0,1692592.0,1699457.0
2022-10-17 10:00:00,3673.0,3680.0,3657.0,3672.0,283980.0,1699457.0,1712184.0
2022-10-17 11:00:00,3672.0,3672.0,3655.0,3658.0,123064.0,1712184.0,1722746.0
2022-10-17 13:00:00,3660.0,3670.0,3657.0,3666.0,88788.0,1722746.0,1738187.0
2022-10-17 14:00:00,3666.0,3684.0,3659.0,3675.0,255177.0,1738187.0,1740712.0
2022-10-17 21:00:00,3680.0,3699.0,3665.0,3679.0,354460.0,1740712.0,1720288.0
2022-10-17 22:00:00,3679.0,3685.0,3661.0,3671.0,206873.0,1720288.0,1721645.0
2022-10-18 09:00:00,3669.0,3676.0,3646.0,3656.0,275072.0,1721645.0,1754446.0
2022-10-18 10:00:00,3656.0,3658.0,3640.0,3647.0,191449.0,1754446.0,1773821.0
2022-10-18 11:00:00,3647.0,3652.0,3637.0,3643.0,126709.0,1773821.0,1781764.0
2022-10-18 13:00:00,3643.0,3657.0,3636.0,3654.0,124444.0,1781764.0,1791256.0
2022-10-18 14:00:00,3654.0,3693.0,3647.0,3678.0,373855.0,1791256.0,1750625.0
2022-10-18 21:00:00,3683.0,3691.0,3666.0,3675.0,280776.0,1750625.0,1763825.0
2022-10-18 22:00:00,3675.0,3681.0,3650.0,3668.0,237676.0,1763825.0,1751233.0
2022-10-19 09:00:00,3669.0,3684.0,3662.0,3670.0,213491.0,1751233.0,1760094.0
2022-10-19 10:00:00,3670.0,3679.0,3660.0,3664.0,107893.0,1760094.0,1768630.0
2022-10-19 11:00:00,3664.0,3667.0,3653.0,3654.0,139656.0,1768630.0,1781441.0
2022-10-19 13:00:00,3650.0,3654.0,3640.0,3645.0,170378.0,1781441.0,1801831.0
2022-10-19 14:00:00,3645.0,3666.0,3632.0,3647.0,362272.0,1801831.0,1803156.0
2022-10-19 21:00:00,3644.0,3647.0,3598.0,3622.0,667778.0,1803156.0,1838471.0
2022-10-19 22:00:00,3622.0,3642.0,3615.0,3626.0,244852.0,1838471.0,1813573.0
2022-10-20 09:00:00,3628.0,3644.0,3620.0,3637.0,242532.0,1813573.0,1806951.0
2022-10-20 10:00:00,3637.0,3639.0,3624.0,3635.0,126658.0,1806951.0,1806882.0
2022-10-20 11:00:00,3635.0,3645.0,3616.0,3620.0,129210.0,1806882.0,1810682.0
2022-10-20 13:00:00,3632.0,3648.0,3627.0,3638.0,225523.0,1810682.0,1792034.0
2022-10-20 14:00:00,3638.0,3638.0,3588.0,3594.0,468591.0,1792034.0,1835441.0
2022-10-20 21:00:00,3606.0,3641.0,3589.0,3627.0,536556.0,1835441.0,1798632.0
2022-10-20 22:00:00,3627.0,3664.0,3626.0,3651.0,474416.0,1798632.0,1755193.0
2022-10-21 09:00:00,3648.0,3650.0,3634.0,3640.0,232773.0,1755193.0,1767784.0
2022-10-21 10:00:00,3640.0,3653.0,3636.0,3646.0,145588.0,1767784.0,1764690.0
2022-10-21 11:00:00,3646.0,3661.0,3645.0,3655.0,116159.0,1764690.0,1762807.0
2022-10-21 13:00:00,3656.0,3656.0,3642.0,3643.0,85398.0,1762807.0,1757522.0
2022-10-21 14:00:00,3643.0,3647.0,3621.0,3630.0,281616.0,1757522.0,1749107.0
2022-10-21 21:00:00,3629.0,3658.0,3626.0,3657.0,294549.0,1749107.0,1747904.0
2022-10-21 22:00:00,3657.0,3658.0,3634.0,3649.0,215035.0,1747904.0,1739087.0
2022-10-24 09:00:00,3665.0,3678.0,3630.0,3633.0,535774.0,1739087.0,1751775.0
2022-10-24 10:00:00,3633.0,3635.0,3613.0,3620.0,256457.0,1751775.0,1776435.0
2022-10-24 11:00:00,3620.0,3625.0,3608.0,3612.0,112479.0,1776435.0,1783347.0
2022-10-24 13:00:00,3606.0,3636.0,3604.0,3618.0,237588.0,1783347.0,1789967.0
2022-10-24 14:00:00,3618.0,3632.0,3615.0,3622.0,197281.0,1789967.0,1781095.0
2022-10-24 21:00:00,3614.0,3618.0,3571.0,3585.0,626595.0,1781095.0,1820875.0
2022-10-24 22:00:00,3585.0,3596.0,3582.0,3586.0,173060.0,1820875.0,1820462.0
2022-10-25 09:00:00,3589.0,3594.0,3561.0,3581.0,382912.0,1820462.0,1834351.0
2022-10-25 10:00:00,3581.0,3581.0,3562.0,3574.0,146479.0,1834351.0,1838382.0
2022-10-25 11:00:00,3574.0,3589.0,3566.0,3588.0,116645.0,1838382.0,1831862.0
2022-10-25 13:00:00,3585.0,3589.0,3570.0,3581.0,115301.0,1831862.0,1828231.0
2022-10-25 14:00:00,3581.0,3586.0,3572.0,3574.0,133514.0,1828231.0,1822433.0
2022-10-25 21:00:00,3573.0,3596.0,3555.0,3586.0,405175.0,1822433.0,1816335.0
2022-10-25 22:00:00,3586.0,3594.0,3583.0,3586.0,98273.0,1816335.0,1806667.0
2022-10-26 09:00:00,3583.0,3598.0,3571.0,3594.0,236129.0,1806667.0,1799379.0
2022-10-26 10:00:00,3594.0,3620.0,3594.0,3610.0,277640.0,1799379.0,1797136.0
2022-10-26 11:00:00,3610.0,3615.0,3604.0,3612.0,81512.0,1797136.0,1792308.0
2022-10-26 13:00:00,3608.0,3612.0,3586.0,3590.0,159155.0,1792308.0,1786733.0
2022-10-26 14:00:00,3590.0,3596.0,3568.0,3580.0,291832.0,1786733.0,1785892.0
2022-10-26 21:00:00,3582.0,3591.0,3572.0,3578.0,249834.0,1785892.0,1787578.0
2022-10-26 22:00:00,3578.0,3603.0,3578.0,3597.0,173447.0,1787578.0,1767222.0
2022-10-27 09:00:00,3599.0,3622.0,3596.0,3611.0,291379.0,1767222.0,1758474.0
2022-10-27 10:00:00,3611.0,3613.0,3589.0,3610.0,203292.0,1758474.0,1753169.0
2022-10-27 11:00:00,3610.0,3611.0,3593.0,3600.0,85311.0,1753169.0,1752244.0
2022-10-27 13:00:00,3595.0,3600.0,3585.0,3591.0,130355.0,1752244.0,1757836.0
2022-10-27 14:00:00,3591.0,3592.0,3563.0,3563.0,318087.0,1757836.0,1773458.0
2022-10-27 21:00:00,3558.0,3564.0,3530.0,3534.0,483154.0,1773458.0,1813127.0
2022-10-27 22:00:00,3534.0,3543.0,3518.0,3536.0,333887.0,1813127.0,1818236.0
2022-10-28 09:00:00,3530.0,3536.0,3506.0,3506.0,319035.0,1818236.0,1846420.0
2022-10-28 10:00:00,3506.0,3516.0,3478.0,3497.0,331609.0,1846420.0,1856240.0
2022-10-28 11:00:00,3497.0,3511.0,3492.0,3504.0,139677.0,1856240.0,1850035.0
2022-10-28 13:00:00,3499.0,3503.0,3488.0,3494.0,126085.0,1850035.0,1855037.0
2022-10-28 14:00:00,3494.0,3506.0,3482.0,3490.0,248499.0,1855037.0,1844304.0
2022-10-28 21:00:00,3490.0,3506.0,3464.0,3467.0,366959.0,1844304.0,1858505.0
2022-10-28 22:00:00,3467.0,3474.0,3413.0,3416.0,538162.0,1858505.0,1853801.0
2022-10-31 09:00:00,3429.0,3456.0,3410.0,3425.0,514920.0,1853801.0,1857845.0
2022-10-31 10:00:00,3425.0,3447.0,3423.0,3441.0,177479.0,1857845.0,1856759.0
2022-10-31 11:00:00,3441.0,3444.0,3429.0,3438.0,79957.0,1856759.0,1850134.0
2022-10-31 13:00:00,3437.0,3441.0,3420.0,3425.0,127530.0,1850134.0,1848336.0
2022-10-31 14:00:00,3425.0,3429.0,3389.0,3397.0,366770.0,1848336.0,1861216.0
2022-10-31 21:00:00,3397.0,3435.0,3389.0,3422.0,507527.0,1861216.0,1852634.0
2022-10-31 22:00:00,3422.0,3436.0,3408.0,3431.0,264290.0,1852634.0,1843640.0
2022-11-01 09:00:00,3428.0,3450.0,3422.0,3438.0,338423.0,1843640.0,1836301.0
2022-11-01 10:00:00,3438.0,3465.0,3438.0,3460.0,238573.0,1836301.0,1829651.0
2022-11-01 11:00:00,3460.0,3461.0,3437.0,3446.0,123927.0,1829651.0,1821471.0
2022-11-01 13:00:00,3450.0,3461.0,3444.0,3454.0,127664.0,1821471.0,1830629.0
2022-11-01 14:00:00,3454.0,3495.0,3451.0,3485.0,477210.0,1830629.0,1789906.0
2022-11-01 21:00:00,3489.0,3498.0,3460.0,3469.0,465733.0,1789906.0,1799976.0
2022-11-01 22:00:00,3469.0,3474.0,3453.0,3470.0,252709.0,1799976.0,1782330.0
2022-11-02 09:00:00,3471.0,3474.0,3459.0,3463.0,188928.0,1782330.0,1789909.0
2022-11-02 10:00:00,3463.0,3478.0,3450.0,3475.0,212953.0,1789909.0,1795671.0
2022-11-02 11:00:00,3475.0,3493.0,3468.0,3486.0,189821.0,1795671.0,1788478.0
2022-11-02 13:00:00,3490.0,3515.0,3485.0,3497.0,308367.0,1788478.0,1783086.0
2022-11-02 14:00:00,3497.0,3501.0,3463.0,3485.0,396685.0,1783086.0,1773472.0
2022-11-02 21:00:00,3468.0,3486.0,3461.0,3477.0,300609.0,1773472.0,1790244.0
2022-11-02 22:00:00,3477.0,3494.0,3473.0,3489.0,170603.0,1790244.0,1780869.0
2022-11-03 09:00:00,3479.0,3505.0,3468.0,3476.0,358141.0,1780869.0,1784810.0
2022-11-03 10:00:00,3476.0,3494.0,3472.0,3488.0,156830.0,1784810.0,1782238.0
2022-11-03 11:00:00,3488.0,3510.0,3486.0,3506.0,152978.0,1782238.0,1793405.0
2022-11-03 13:00:00,3512.0,3522.0,3508.0,3517.0,236265.0,1793405.0,1793488.0
2022-11-03 14:00:00,3517.0,3521.0,3498.0,3504.0,317001.0,1793488.0,1760124.0
2022-11-03 21:00:00,3492.0,3509.0,3488.0,3503.0,345475.0,1760124.0,1742593.0
2022-11-03 22:00:00,3503.0,3520.0,3500.0,3512.0,194949.0,1742593.0,1731235.0
2022-11-04 09:00:00,3510.0,3536.0,3508.0,3533.0,321875.0,1731235.0,1735940.0
2022-11-04 10:00:00,3533.0,3548.0,3524.0,3538.0,247567.0,1735940.0,1724178.0
2022-11-04 11:00:00,3538.0,3557.0,3536.0,3556.0,179395.0,1724178.0,1715009.0
2022-11-04 13:00:00,3564.0,3574.0,3561.0,3571.0,255909.0,1715009.0,1719214.0
2022-11-04 14:00:00,3571.0,3582.0,3546.0,3562.0,414945.0,1719214.0,1719886.0
2022-11-04 21:00:00,3586.0,3595.0,3566.0,3577.0,360335.0,1719886.0,1714098.0
2022-11-04 22:00:00,3577.0,3607.0,3572.0,3594.0,259428.0,1714098.0,1698624.0
2022-11-07 09:00:00,3565.0,3565.0,3530.0,3535.0,526282.0,1698624.0,1701542.0
2022-11-07 10:00:00,3535.0,3543.0,3524.0,3535.0,193723.0,1701542.0,1710629.0
2022-11-07 11:00:00,3535.0,3536.0,3525.0,3530.0,73520.0,1710629.0,1713012.0
2022-11-07 13:00:00,3532.0,3536.0,3513.0,3514.0,144170.0,1713012.0,1722193.0
2022-11-07 14:00:00,3514.0,3547.0,3514.0,3535.0,313057.0,1722193.0,1695884.0
2022-11-07 21:00:00,3539.0,3551.0,3528.0,3540.0,249073.0,1695884.0,1698895.0
2022-11-07 22:00:00,3540.0,3547.0,3521.0,3524.0,173367.0,1698895.0,1698075.0
2022-11-08 09:00:00,3526.0,3533.0,3511.0,3526.0,243066.0,1698075.0,1720084.0
2022-11-08 10:00:00,3526.0,3536.0,3517.0,3524.0,135246.0,1720084.0,1710195.0
2022-11-08 11:00:00,3524.0,3538.0,3524.0,3529.0,76061.0,1710195.0,1706111.0
2022-11-08 13:00:00,3528.0,3530.0,3515.0,3521.0,98347.0,1706111.0,1715482.0
2022-11-08 14:00:00,3521.0,3572.0,3518.0,3571.0,396786.0,1715482.0,1696738.0
2022-11-08 21:00:00,3571.0,3600.0,3566.0,3585.0,399636.0,1696738.0,1722904.0
2022-11-08 22:00:00,3585.0,3608.0,3585.0,3592.0,233769.0,1722904.0,1706981.0
2022-11-09 09:00:00,3588.0,3591.0,3573.0,3573.0,235007.0,1706981.0,1697260.0
2022-11-09 10:00:00,3573.0,3594.0,3571.0,3579.0,142286.0,1697260.0,1702434.0
2022-11-09 11:00:00,3579.0,3597.0,3577.0,3584.0,98861.0,1702434.0,1700415.0
2022-11-09 13:00:00,3587.0,3595.0,3575.0,3588.0,127380.0,1700415.0,1699926.0
2022-11-09 14:00:00,3588.0,3604.0,3584.0,3590.0,224502.0,1699926.0,1682606.0
2022-11-09 21:00:00,3577.0,3584.0,3533.0,3538.0,544463.0,1682606.0,1717074.0
2022-11-09 22:00:00,3538.0,3552.0,3532.0,3549.0,218507.0,1717074.0,1703268.0
2022-11-10 09:00:00,3540.0,3549.0,3531.0,3546.0,221947.0,1703268.0,1698792.0
2022-11-10 10:00:00,3546.0,3564.0,3543.0,3562.0,145014.0,1698792.0,1687563.0
2022-11-10 11:00:00,3562.0,3582.0,3560.0,3572.0,171074.0,1687563.0,1678101.0
2022-11-10 13:00:00,3566.0,3568.0,3526.0,3536.0,307905.0,1678101.0,1706078.0
2022-11-10 14:00:00,3536.0,3552.0,3524.0,3538.0,303727.0,1706078.0,1697396.0
2022-11-10 21:00:00,3522.0,3595.0,3516.0,3591.0,680555.0,1697396.0,1708918.0
2022-11-10 22:00:00,3591.0,3593.0,3572.0,3582.0,207321.0,1708918.0,1697445.0
2022-11-11 09:00:00,3589.0,3628.0,3587.0,3622.0,486139.0,1697445.0,1695232.0
2022-11-11 10:00:00,3622.0,3626.0,3615.0,3619.0,129088.0,1695232.0,1695237.0
2022-11-11 11:00:00,3619.0,3633.0,3617.0,3625.0,98827.0,1695237.0,1692758.0
2022-11-11 13:00:00,3630.0,3656.0,3630.0,3653.0,262040.0,1692758.0,1695170.0
2022-11-11 14:00:00,3653.0,3661.0,3630.0,3637.0,383472.0,1695170.0,1651407.0
2022-11-11 21:00:00,3639.0,3664.0,3627.0,3662.0,335519.0,1651407.0,1646766.0
2022-11-11 22:00:00,3662.0,3667.0,3644.0,3645.0,228089.0,1646766.0,1629010.0
2022-11-14 09:00:00,3685.0,3695.0,3663.0,3669.0,524460.0,1629010.0,1597062.0
2022-11-14 10:00:00,3669.0,3673.0,3651.0,3671.0,171934.0,1597062.0,1590820.0
2022-11-14 11:00:00,3671.0,3671.0,3647.0,3652.0,93740.0,1590820.0,1592375.0
2022-11-14 13:00:00,3648.0,3653.0,3637.0,3642.0,160676.0,1592375.0,1590678.0
2022-11-14 14:00:00,3642.0,3656.0,3640.0,3648.0,174153.0,1590678.0,1575348.0
2022-11-14 21:00:00,3651.0,3668.0,3644.0,3658.0,288738.0,1575348.0,1579333.0
2022-11-14 22:00:00,3658.0,3665.0,3650.0,3662.0,148673.0,1579333.0,1564493.0
2022-11-15 09:00:00,3654.0,3673.0,3646.0,3662.0,222132.0,1564493.0,1564372.0
2022-11-15 10:00:00,3662.0,3680.0,3661.0,3677.0,163211.0,1564372.0,1565123.0
2022-11-15 11:00:00,3677.0,3683.0,3670.0,3675.0,73282.0,1565123.0,1557963.0
2022-11-15 13:00:00,3677.0,3680.0,3656.0,3665.0,116028.0,1557963.0,1546549.0
2022-11-15 14:00:00,3665.0,3695.0,3662.0,3692.0,245955.0,1546549.0,1555797.0
2022-11-15 21:00:00,3700.0,3725.0,3695.0,3715.0,469678.0,1555797.0,1568202.0
2022-11-15 22:00:00,3715.0,3723.0,3710.0,3722.0,163003.0,1568202.0,1545993.0
2022-11-16 09:00:00,3724.0,3734.0,3716.0,3725.0,231656.0,1545993.0,1549435.0
2022-11-16 10:00:00,3725.0,3743.0,3714.0,3742.0,181257.0,1549435.0,1543179.0
2022-11-16 11:00:00,3742.0,3757.0,3737.0,3751.0,171200.0,1543179.0,1556504.0
2022-11-16 13:00:00,3750.0,3755.0,3742.0,3752.0,102298.0,1556504.0,1558248.0
2022-11-16 14:00:00,3752.0,3764.0,3734.0,3742.0,256174.0,1558248.0,1539464.0
2022-11-16 21:00:00,3748.0,3752.0,3702.0,3707.0,434365.0,1539464.0,1507261.0
2022-11-16 22:00:00,3707.0,3712.0,3692.0,3696.0,334346.0,1507261.0,1468568.0
2022-11-17 09:00:00,3697.0,3709.0,3685.0,3699.0,239281.0,1468568.0,1467643.0
2022-11-17 10:00:00,3699.0,3710.0,3695.0,3702.0,95698.0,1467643.0,1471319.0
2022-11-17 11:00:00,3702.0,3702.0,3680.0,3683.0,112692.0,1471319.0,1464898.0
2022-11-17 13:00:00,3683.0,3695.0,3670.0,3689.0,156482.0,1464898.0,1466687.0
2022-11-17 14:00:00,3689.0,3726.0,3676.0,3726.0,308469.0,1466687.0,1451721.0
2022-11-17 21:00:00,3717.0,3727.0,3704.0,3708.0,306175.0,1451721.0,1456172.0
2022-11-17 22:00:00,3708.0,3725.0,3697.0,3720.0,240967.0,1456172.0,1444818.0
2022-11-18 09:00:00,3719.0,3730.0,3699.0,3705.0,216044.0,1444818.0,1455356.0
2022-11-18 10:00:00,3705.0,3736.0,3705.0,3710.0,230811.0,1455356.0,1450996.0
2022-11-18 11:00:00,3710.0,3721.0,3700.0,3718.0,121922.0,1450996.0,1448970.0
2022-11-18 13:00:00,3718.0,3726.0,3713.0,3717.0,83728.0,1448970.0,1451198.0
2022-11-18 14:00:00,3717.0,3727.0,3705.0,3716.0,211601.0,1451198.0,1440140.0
2022-11-18 21:00:00,3712.0,3718.0,3673.0,3679.0,452630.0,1440140.0,1446732.0
2022-11-18 22:00:00,3679.0,3697.0,3670.0,3682.0,215401.0,1446732.0,1425823.0
2022-11-21 09:00:00,3665.0,3665.0,3634.0,3641.0,405240.0,1425823.0,1404955.0
2022-11-21 10:00:00,3641.0,3647.0,3631.0,3645.0,136746.0,1404955.0,1400751.0
2022-11-21 11:00:00,3645.0,3657.0,3641.0,3653.0,87824.0,1400751.0,1401022.0
2022-11-21 13:00:00,3654.0,3674.0,3653.0,3671.0,151797.0,1401022.0,1399651.0
2022-11-21 14:00:00,3671.0,3680.0,3666.0,3671.0,170537.0,1399651.0,1387097.0
2022-11-21 21:00:00,3664.0,3704.0,3661.0,3695.0,335324.0,1387097.0,1398220.0
2022-11-21 22:00:00,3695.0,3696.0,3668.0,3673.0,174148.0,1398220.0,1387665.0
2022-11-22 09:00:00,3682.0,3689.0,3672.0,3685.0,157048.0,1387665.0,1385049.0
2022-11-22 10:00:00,3685.0,3700.0,3663.0,3698.0,230524.0,1385049.0,1385755.0
2022-11-22 11:00:00,3698.0,3714.0,3691.0,3710.0,191632.0,1385755.0,1397997.0
2022-11-22 13:00:00,3707.0,3711.0,3686.0,3688.0,121383.0,1397997.0,1389752.0
2022-11-22 14:00:00,3688.0,3695.0,3672.0,3677.0,225058.0,1389752.0,1358722.0
2022-11-22 21:00:00,3661.0,3686.0,3655.0,3683.0,325474.0,1358722.0,1354323.0
2022-11-22 22:00:00,3683.0,3688.0,3674.0,3675.0,129920.0,1354323.0,1329237.0
2022-11-23 09:00:00,3679.0,3680.0,3664.0,3678.0,171530.0,1329237.0,1315914.0
2022-11-23 10:00:00,3678.0,3684.0,3652.0,3668.0,195336.0,1315914.0,1302885.0
2022-11-23 11:00:00,3668.0,3683.0,3667.0,3669.0,123943.0,1302885.0,1295217.0
2022-11-23 13:00:00,3672.0,3686.0,3662.0,3682.0,132568.0,1295217.0,1300035.0
2022-11-23 14:00:00,3682.0,3704.0,3677.0,3691.0,238424.0,1300035.0,1303587.0
2022-11-23 21:00:00,3695.0,3706.0,3684.0,3696.0,245002.0,1303587.0,1306422.0
2022-11-23 22:00:00,3696.0,3746.0,3691.0,3719.0,411487.0,1306422.0,1294588.0
2022-11-24 09:00:00,3721.0,3745.0,3721.0,3722.0,236612.0,1294588.0,1290880.0
2022-11-24 10:00:00,3722.0,3734.0,3719.0,3729.0,105895.0,1290880.0,1287763.0
2022-11-24 11:00:00,3729.0,3732.0,3706.0,3711.0,118437.0,1287763.0,1278312.0
2022-11-24 13:00:00,3702.0,3708.0,3685.0,3696.0,246207.0,1278312.0,1261307.0
2022-11-24 14:00:00,3696.0,3702.0,3677.0,3681.0,238327.0,1261307.0,1228892.0
2022-11-24 21:00:00,3680.0,3688.0,3659.0,3671.0,347952.0,1228892.0,1211786.0
2022-11-24 22:00:00,3671.0,3682.0,3662.0,3680.0,162402.0,1211786.0,1183907.0
2022-11-25 09:00:00,3682.0,3697.0,3676.0,3694.0,182685.0,1183907.0,1168315.0
2022-11-25 10:00:00,3694.0,3705.0,3690.0,3693.0,129085.0,1168315.0,1164887.0
2022-11-25 11:00:00,3693.0,3699.0,3683.0,3697.0,89980.0,1164887.0,1162890.0
2022-11-25 13:00:00,3700.0,3720.0,3700.0,3716.0,160759.0,1162890.0,1175909.0
2022-11-25 14:00:00,3716.0,3736.0,3705.0,3736.0,241373.0,1175909.0,1185293.0
2022-11-25 21:00:00,3742.0,3755.0,3732.0,3738.0,331478.0,1185293.0,1178079.0
2022-11-25 22:00:00,3738.0,3756.0,3736.0,3747.0,139213.0,1178079.0,1166069.0
2022-11-28 09:00:00,3724.0,3735.0,3711.0,3728.0,328760.0,1166069.0,1138746.0
2022-11-28 10:00:00,3728.0,3750.0,3724.0,3744.0,154096.0,1138746.0,1142594.0
2022-11-28 11:00:00,3744.0,3748.0,3737.0,3741.0,61010.0,1142594.0,1137853.0
2022-11-28 13:00:00,3738.0,3739.0,3725.0,3733.0,92355.0,1137853.0,1126691.0
2022-11-28 14:00:00,3733.0,3750.0,3727.0,3738.0,165055.0,1126691.0,1123090.0
2022-11-28 21:00:00,3752.0,3785.0,3748.0,3781.0,368337.0,1123090.0,1123684.0
2022-11-28 22:00:00,3781.0,3793.0,3773.0,3782.0,147004.0,1123684.0,1112950.0
2022-11-29 09:00:00,3785.0,3798.0,3778.0,3782.0,244619.0,1112950.0,1098204.0
2022-11-29 10:00:00,3782.0,3784.0,3762.0,3767.0,143587.0,1098204.0,1072297.0
2022-11-29 11:00:00,3767.0,3779.0,3761.0,3777.0,100326.0,1072297.0,1061386.0
2022-11-29 13:00:00,3781.0,3788.0,3771.0,3771.0,119440.0,1061386.0,1048071.0
2022-11-29 14:00:00,3771.0,3780.0,3763.0,3765.0,152746.0,1048071.0,1027132.0
2022-11-29 21:00:00,3755.0,3762.0,3735.0,3751.0,367845.0,1027132.0,960512.0
2022-11-29 22:00:00,3751.0,3762.0,3746.0,3754.0,99401.0,960512.0,943224.0
2022-11-30 09:00:00,3753.0,3764.0,3742.0,3752.0,203602.0,943224.0,905222.0
2022-11-30 10:00:00,3752.0,3765.0,3749.0,3758.0,63894.0,905222.0,894724.0
2022-11-30 11:00:00,3758.0,3762.0,3752.0,3758.0,35748.0,894724.0,888035.0
2022-11-30 13:00:00,3753.0,3755.0,3717.0,3718.0,163809.0,888035.0,875799.0
2022-11-30 14:00:00,3718.0,3749.0,3718.0,3748.0,174676.0,875799.0,850445.0
2022-11-30 21:00:00,3761.0,3780.0,3754.0,3766.0,250903.0,850445.0,826733.0
2022-11-30 22:00:00,3766.0,3776.0,3755.0,3764.0,107266.0,826733.0,817205.0
2022-12-01 09:00:00,3784.0,3785.0,3764.0,3765.0,147968.0,817205.0,807341.0
2022-12-01 10:00:00,3765.0,3768.0,3745.0,3750.0,103525.0,807341.0,801219.0
2022-12-01 11:00:00,3750.0,3751.0,3733.0,3735.0,68718.0,801219.0,799469.0
2022-12-01 13:00:00,3735.0,3758.0,3732.0,3758.0,73644.0,799469.0,790556.0
2022-12-01 14:00:00,3758.0,3762.0,3746.0,3752.0,106819.0,790556.0,775894.0
2022-12-01 21:00:00,3742.0,3747.0,3726.0,3732.0,226284.0,775894.0,1532624.0
2022-12-01 22:00:00,3732.0,3747.0,3731.0,3739.0,112202.0,1532624.0,1536378.0
2022-12-02 09:00:00,3735.0,3783.0,3730.0,3781.0,255909.0,1536378.0,1579844.0
2022-12-02 10:00:00,3781.0,3796.0,3778.0,3793.0,256396.0,1579844.0,1623923.0
2022-12-02 11:00:00,3793.0,3802.0,3790.0,3794.0,118046.0,1623923.0,1644626.0
2022-12-02 13:00:00,3794.0,3811.0,3789.0,3810.0,115279.0,1644626.0,1667197.0
2022-12-02 14:00:00,3810.0,3818.0,3793.0,3808.0,242551.0,1667197.0,1679372.0
2022-12-02 21:00:00,3809.0,3822.0,3799.0,3807.0,321726.0,1679372.0,1701004.0
2022-12-02 22:00:00,3807.0,3840.0,3795.0,3838.0,227160.0,1701004.0,1717536.0
2022-12-05 09:00:00,3862.0,3890.0,3848.0,3851.0,439350.0,1717536.0,1716582.0
2022-12-05 10:00:00,3851.0,3858.0,3832.0,3846.0,208397.0,1716582.0,1709424.0
2022-12-05 11:00:00,3846.0,3847.0,3828.0,3835.0,68965.0,1709424.0,1706693.0
2022-12-05 13:00:00,3834.0,3847.0,3811.0,3812.0,166242.0,1706693.0,1719642.0
2022-12-05 14:00:00,3812.0,3820.0,3790.0,3804.0,303597.0,1719642.0,1723182.0
2022-12-05 21:00:00,3800.0,3817.0,3789.0,3794.0,304583.0,1723182.0,1733573.0
2022-12-05 22:00:00,3794.0,3812.0,3780.0,3800.0,209931.0,1733573.0,1729311.0
2022-12-06 09:00:00,3788.0,3817.0,3786.0,3803.0,219022.0,1729311.0,1737653.0
2022-12-06 10:00:00,3803.0,3825.0,3802.0,3804.0,120705.0,1737653.0,1740231.0
2022-12-06 11:00:00,3804.0,3812.0,3793.0,3796.0,95517.0,1740231.0,1742662.0
2022-12-06 13:00:00,3796.0,3814.0,3794.0,3814.0,81337.0,1742662.0,1749660.0
2022-12-06 14:00:00,3814.0,3816.0,3799.0,3808.0,158088.0,1749660.0,1753871.0
2022-12-06 21:00:00,3804.0,3822.0,3801.0,3815.0,234732.0,1753871.0,1753098.0
2022-12-06 22:00:00,3815.0,3836.0,3813.0,3829.0,190211.0,1753098.0,1751807.0
2022-12-07 09:00:00,3820.0,3829.0,3803.0,3814.0,236377.0,1751807.0,1750954.0
2022-12-07 10:00:00,3814.0,3833.0,3809.0,3828.0,158089.0,1750954.0,1754504.0
2022-12-07 11:00:00,3828.0,3829.0,3803.0,3811.0,146512.0,1754504.0,1761057.0
2022-12-07 13:00:00,3818.0,3838.0,3791.0,3794.0,273019.0,1761057.0,1767779.0
2022-12-07 14:00:00,3794.0,3799.0,3772.0,3782.0,337135.0,1767779.0,1761581.0
2022-12-07 21:00:00,3780.0,3801.0,3779.0,3789.0,224548.0,1761581.0,1753891.0
2022-12-07 22:00:00,3789.0,3810.0,3781.0,3810.0,165192.0,1753891.0,1742264.0
2022-12-08 09:00:00,3804.0,3821.0,3804.0,3819.0,183429.0,1742264.0,1746315.0
2022-12-08 10:00:00,3819.0,3828.0,3810.0,3826.0,122885.0,1746315.0,1752068.0
2022-12-08 11:00:00,3826.0,3835.0,3818.0,3821.0,137144.0,1752068.0,1744575.0
2022-12-08 13:00:00,3819.0,3835.0,3815.0,3830.0,108297.0,1744575.0,1752182.0
2022-12-08 14:00:00,3830.0,3849.0,3821.0,3839.0,235125.0,1752182.0,1757505.0
2022-12-08 21:00:00,3853.0,3888.0,3850.0,3884.0,372187.0,1757505.0,1803781.0
2022-12-08 22:00:00,3884.0,3893.0,3865.0,3882.0,254824.0,1803781.0,1805359.0
2022-12-09 09:00:00,3882.0,3915.0,3874.0,3913.0,249407.0,1805359.0,1826895.0
2022-12-09 10:00:00,3913.0,3928.0,3910.0,3926.0,243867.0,1826895.0,1842638.0
2022-12-09 11:00:00,3926.0,3935.0,3916.0,3921.0,129996.0,1842638.0,1842435.0
2022-12-09 13:00:00,3919.0,3956.0,3916.0,3949.0,269776.0,1842435.0,1893472.0
2022-12-09 14:00:00,3949.0,3960.0,3920.0,3945.0,422518.0,1893472.0,1868420.0
2022-12-09 21:00:00,3945.0,3961.0,3934.0,3956.0,316164.0,1868420.0,1877666.0
2022-12-09 22:00:00,3956.0,3991.0,3956.0,3980.0,309857.0,1877666.0,1899950.0
2022-12-12 09:00:00,3971.0,3972.0,3932.0,3939.0,397921.0,1899950.0,1866766.0
2022-12-12 10:00:00,3939.0,3951.0,3919.0,3923.0,173861.0,1866766.0,1871708.0
2022-12-12 11:00:00,3923.0,3944.0,3917.0,3938.0,122668.0,1871708.0,1866701.0
2022-12-12 13:00:00,3936.0,3945.0,3930.0,3933.0,64904.0,1866701.0,1868123.0
2022-12-12 14:00:00,3933.0,3944.0,3926.0,3935.0,159521.0,1868123.0,1857069.0
2022-12-12 21:00:00,3933.0,3959.0,3919.0,3938.0,307491.0,1857069.0,1865125.0
2022-12-12 22:00:00,3938.0,3947.0,3929.0,3933.0,133564.0,1865125.0,1854084.0
2022-12-13 09:00:00,3934.0,3944.0,3912.0,3924.0,218822.0,1854084.0,1853974.0
2022-12-13 10:00:00,3924.0,3935.0,3915.0,3917.0,90583.0,1853974.0,1856956.0
2022-12-13 11:00:00,3917.0,3925.0,3908.0,3913.0,109474.0,1856956.0,1849483.0
2022-12-13 13:00:00,3915.0,3930.0,3913.0,3921.0,105372.0,1849483.0,1849859.0
2022-12-13 14:00:00,3921.0,3938.0,3906.0,3937.0,205874.0,1849859.0,1848719.0
2022-12-13 21:00:00,3935.0,3969.0,3929.0,3959.0,400340.0,1848719.0,1867857.0
2022-12-13 22:00:00,3959.0,3963.0,3923.0,3940.0,294784.0,1867857.0,1844926.0
2022-12-14 09:00:00,3935.0,3943.0,3925.0,3930.0,148222.0,1844926.0,1849967.0
2022-12-14 10:00:00,3930.0,3942.0,3925.0,3942.0,81155.0,1849967.0,1854776.0
2022-12-14 11:00:00,3942.0,3953.0,3931.0,3950.0,81356.0,1854776.0,1859379.0
2022-12-14 13:00:00,3957.0,3972.0,3954.0,3960.0,167979.0,1859379.0,1877326.0
2022-12-14 14:00:00,3960.0,3990.0,3957.0,3986.0,326208.0,1877326.0,1910944.0
2022-12-14 21:00:00,3991.0,4039.0,3988.0,4027.0,497955.0,1910944.0,1983452.0
2022-12-14 22:00:00,4027.0,4045.0,4019.0,4037.0,258638.0,1983452.0,1986233.0
2022-12-15 09:00:00,4038.0,4047.0,4013.0,4013.0,315952.0,1986233.0,1984784.0
2022-12-15 10:00:00,4013.0,4031.0,4006.0,4021.0,179283.0,1984784.0,1972500.0
2022-12-15 11:00:00,4021.0,4022.0,4000.0,4017.0,126440.0,1972500.0,1971974.0
2022-12-15 13:00:00,4022.0,4042.0,4017.0,4042.0,143208.0,1971974.0,1983289.0
2022-12-15 14:00:00,4042.0,4085.0,4036.0,4084.0,411317.0,1983289.0,2002134.0
2022-12-15 21:00:00,4083.0,4131.0,4079.0,4129.0,533366.0,2002134.0,2007859.0
2022-12-15 22:00:00,4129.0,4149.0,4123.0,4135.0,377053.0,2007859.0,1994338.0
2022-12-16 09:00:00,4125.0,4125.0,4056.0,4066.0,567621.0,1994338.0,1936318.0
2022-12-16 10:00:00,4066.0,4076.0,4053.0,4057.0,176028.0,1936318.0,1928699.0
2022-12-16 11:00:00,4057.0,4059.0,3983.0,3987.0,388896.0,1928699.0,1894009.0
2022-12-16 13:00:00,3984.0,4016.0,3972.0,4012.0,317512.0,1894009.0,1892856.0
2022-12-16 14:00:00,4012.0,4052.0,4008.0,4049.0,405327.0,1892856.0,1898413.0
2022-12-16 21:00:00,4040.0,4044.0,3944.0,3946.0,763113.0,1898413.0,1871248.0
2022-12-16 22:00:00,3946.0,3971.0,3933.0,3952.0,446281.0,1871248.0,1859257.0
2022-12-19 09:00:00,3972.0,3996.0,3949.0,3977.0,407552.0,1859257.0,1881941.0
2022-12-19 10:00:00,3977.0,3994.0,3940.0,3946.0,230938.0,1881941.0,1875734.0
2022-12-19 11:00:00,3946.0,3970.0,3944.0,3954.0,121995.0,1875734.0,1871362.0
2022-12-19 13:00:00,3950.0,3963.0,3942.0,3956.0,115072.0,1871362.0,1874249.0
2022-12-19 14:00:00,3956.0,3959.0,3915.0,3927.0,326717.0,1874249.0,1846442.0
2022-12-19 21:00:00,3926.0,3937.0,3898.0,3922.0,422821.0,1846442.0,1854482.0
2022-12-19 22:00:00,3922.0,3933.0,3910.0,3925.0,172195.0,1854482.0,1839679.0
2022-12-20 09:00:00,3923.0,3964.0,3916.0,3961.0,261840.0,1839679.0,1839119.0
2022-12-20 10:00:00,3961.0,3963.0,3937.0,3959.0,148527.0,1839119.0,1834716.0
2022-12-20 11:00:00,3959.0,3960.0,3934.0,3946.0,89198.0,1834716.0,1835191.0
2022-12-20 13:00:00,3935.0,3935.0,3911.0,3916.0,181265.0,1835191.0,1826643.0
2022-12-20 14:00:00,3916.0,3955.0,3914.0,3939.0,249188.0,1826643.0,1822179.0
2022-12-20 21:00:00,3949.0,3958.0,3934.0,3949.0,247847.0,1822179.0,1840998.0
2022-12-20 22:00:00,3949.0,3954.0,3929.0,3944.0,146674.0,1840998.0,1835715.0
2022-12-21 09:00:00,3943.0,3989.0,3937.0,3978.0,323795.0,1835715.0,1859994.0
2022-12-21 10:00:00,3978.0,3995.0,3968.0,3986.0,169490.0,1859994.0,1871616.0
2022-12-21 11:00:00,3986.0,3991.0,3972.0,3973.0,89713.0,1871616.0,1864725.0
2022-12-21 13:00:00,3968.0,3992.0,3965.0,3990.0,118803.0,1864725.0,1873278.0
2022-12-21 14:00:00,3990.0,4037.0,3983.0,4034.0,393169.0,1873278.0,1904049.0
2022-12-21 21:00:00,4045.0,4047.0,4010.0,4039.0,397740.0,1904049.0,1911781.0
2022-12-21 22:00:00,4039.0,4041.0,4015.0,4017.0,163603.0,1911781.0,1899597.0
2022-12-22 09:00:00,4025.0,4027.0,3997.0,4010.0,235440.0,1899597.0,1893133.0
2022-12-22 10:00:00,4010.0,4019.0,3976.0,3978.0,240249.0,1893133.0,1882241.0
2022-12-22 11:00:00,3978.0,3987.0,3959.0,3967.0,224390.0,1882241.0,1876091.0
2022-12-22 13:00:00,3968.0,3985.0,3964.0,3977.0,126266.0,1876091.0,1878137.0
2022-12-22 14:00:00,3977.0,3977.0,3950.0,3961.0,268194.0,1878137.0,1859635.0
2022-12-22 21:00:00,3965.0,3980.0,3940.0,3951.0,355429.0,1859635.0,1869589.0
2022-12-22 22:00:00,3951.0,3964.0,3932.0,3954.0,210566.0,1869589.0,1848844.0
2022-12-23 09:00:00,3949.0,3989.0,3947.0,3988.0,304911.0,1848844.0,1884078.0
2022-12-23 10:00:00,3988.0,4016.0,3978.0,4005.0,295612.0,1884078.0,1902316.0
2022-12-23 11:00:00,4005.0,4017.0,4002.0,4008.0,113265.0,1902316.0,1912895.0
2022-12-23 13:00:00,4002.0,4005.0,3987.0,3992.0,130265.0,1912895.0,1909388.0
2022-12-23 14:00:00,3992.0,4011.0,3982.0,4005.0,266654.0,1909388.0,1900337.0
2022-12-23 21:00:00,4010.0,4015.0,3989.0,3998.0,276431.0,1900337.0,1902121.0
2022-12-23 22:00:00,3998.0,4014.0,3960.0,3966.0,266924.0,1902121.0,1875846.0
2022-12-26 09:00:00,3962.0,3968.0,3940.0,3953.0,418171.0,1875846.0,1875377.0
2022-12-26 10:00:00,3953.0,3995.0,3950.0,3993.0,186480.0,1875377.0,1885274.0
2022-12-26 11:00:00,3993.0,4016.0,3984.0,4011.0,179349.0,1885274.0,1885588.0
2022-12-26 13:00:00,4011.0,4020.0,3999.0,4008.0,127776.0,1885588.0,1898752.0
2022-12-26 14:00:00,4008.0,4015.0,3993.0,4006.0,183722.0,1898752.0,1897487.0
2022-12-26 21:00:00,4002.0,4037.0,3994.0,4011.0,363822.0,1897487.0,1894869.0
2022-12-26 22:00:00,4011.0,4030.0,4004.0,4021.0,186400.0,1894869.0,1890363.0
2022-12-27 09:00:00,4028.0,4066.0,4022.0,4066.0,341671.0,1890363.0,1929123.0
2022-12-27 10:00:00,4066.0,4078.0,4059.0,4073.0,193519.0,1929123.0,1946363.0
2022-12-27 11:00:00,4073.0,4075.0,4053.0,4063.0,79450.0,1946363.0,1946794.0
2022-12-27 13:00:00,4064.0,4070.0,4056.0,4065.0,68794.0,1946794.0,1945618.0
2022-12-27 14:00:00,4065.0,4069.0,4047.0,4066.0,179405.0,1945618.0,1932125.0
2022-12-27 21:00:00,4060.0,4075.0,4054.0,4066.0,218026.0,1932125.0,1944487.0
2022-12-27 22:00:00,4066.0,4069.0,4016.0,4027.0,353897.0,1944487.0,1904835.0
2022-12-28 09:00:00,4023.0,4044.0,4011.0,4036.0,235897.0,1904835.0,1913672.0
2022-12-28 10:00:00,4036.0,4057.0,4031.0,4044.0,139590.0,1913672.0,1914538.0
2022-12-28 11:00:00,4044.0,4057.0,4039.0,4052.0,61747.0,1914538.0,1913424.0
2022-12-28 13:00:00,4049.0,4055.0,4042.0,4042.0,68444.0,1913424.0,1918191.0
2022-12-28 14:00:00,4042.0,4065.0,4037.0,4050.0,186939.0,1918191.0,1918199.0
2022-12-28 21:00:00,4054.0,4071.0,4000.0,4010.0,581287.0,1918199.0,1921788.0
2022-12-28 22:00:00,4010.0,4028.0,4007.0,4017.0,169349.0,1921788.0,1906176.0
2022-12-29 09:00:00,4017.0,4031.0,4012.0,4021.0,157460.0,1906176.0,1910597.0
2022-12-29 10:00:00,4021.0,4031.0,4006.0,4030.0,127673.0,1910597.0,1907270.0
2022-12-29 11:00:00,4030.0,4059.0,4027.0,4050.0,187690.0,1907270.0,1915138.0
2022-12-29 13:00:00,4046.0,4050.0,4026.0,4049.0,174507.0,1915138.0,1906694.0
2022-12-29 14:00:00,4049.0,4056.0,4038.0,4048.0,205615.0,1906694.0,1895064.0
2022-12-29 21:00:00,4053.0,4076.0,4049.0,4070.0,353356.0,1895064.0,1908326.0
2022-12-29 22:00:00,4070.0,4108.0,4055.0,4072.0,423916.0,1908326.0,1909345.0
2022-12-30 09:00:00,4072.0,4101.0,4065.0,4088.0,261451.0,1909345.0,1922340.0
2022-12-30 10:00:00,4088.0,4100.0,4080.0,4094.0,98524.0,1922340.0,1921658.0
2022-12-30 11:00:00,4094.0,4115.0,4089.0,4113.0,119168.0,1921658.0,1943080.0
2022-12-30 13:00:00,4113.0,4122.0,4104.0,4119.0,135641.0,1943080.0,1954149.0
2022-12-30 14:00:00,4119.0,4125.0,4095.0,4105.0,307021.0,1954149.0,1931845.0
2023-01-03 09:00:00,4090.0,4100.0,4016.0,4037.0,741293.0,1931845.0,1883537.0
2023-01-03 10:00:00,4037.0,4056.0,4037.0,4043.0,158816.0,1883537.0,1887716.0
2023-01-03 11:00:00,4043.0,4054.0,4037.0,4051.0,67599.0,1887716.0,1890125.0
2023-01-03 13:00:00,4055.0,4065.0,4045.0,4058.0,110044.0,1890125.0,1895898.0
2023-01-03 14:00:00,4058.0,4074.0,4056.0,4063.0,168069.0,1895898.0,1882723.0
2023-01-03 21:00:00,4060.0,4084.0,4058.0,4077.0,239604.0,1882723.0,1875032.0
2023-01-03 22:00:00,4077.0,4079.0,4061.0,4061.0,94566.0,1875032.0,1869077.0
2023-01-04 09:00:00,4060.0,4073.0,4035.0,4054.0,296098.0,1869077.0,1865214.0
2023-01-04 10:00:00,4054.0,4063.0,4027.0,4029.0,208550.0,1865214.0,1860082.0
2023-01-04 11:00:00,4029.0,4040.0,4011.0,4019.0,254323.0,1860082.0,1885371.0
2023-01-04 13:00:00,4015.0,4032.0,4010.0,4019.0,116644.0,1885371.0,1885589.0
2023-01-04 14:00:00,4019.0,4030.0,4013.0,4027.0,173221.0,1885589.0,1874643.0
2023-01-04 21:00:00,4014.0,4021.0,3988.0,4011.0,448613.0,1874643.0,1860816.0
2023-01-04 22:00:00,4011.0,4014.0,3994.0,3999.0,138528.0,1860816.0,1853032.0
2023-01-05 09:00:00,3996.0,4013.0,3970.0,4012.0,353168.0,1853032.0,1828833.0
2023-01-05 10:00:00,4012.0,4013.0,4001.0,4004.0,75661.0,1828833.0,1828994.0
2023-01-05 11:00:00,4004.0,4006.0,3977.0,3980.0,118483.0,1828994.0,1828316.0
2023-01-05 13:00:00,3978.0,4020.0,3974.0,4019.0,188500.0,1828316.0,1826104.0
2023-01-05 14:00:00,4019.0,4024.0,4005.0,4017.0,199348.0,1826104.0,1825776.0
2023-01-05 21:00:00,4039.0,4055.0,4024.0,4030.0,332403.0,1825776.0,1827837.0
2023-01-05 22:00:00,4030.0,4044.0,4023.0,4033.0,171331.0,1827837.0,1819651.0
2023-01-06 09:00:00,4039.0,4066.0,4038.0,4056.0,300300.0,1819651.0,1836581.0
2023-01-06 10:00:00,4056.0,4097.0,4052.0,4096.0,325381.0,1836581.0,1879591.0
2023-01-06 11:00:00,4096.0,4115.0,4091.0,4113.0,218680.0,1879591.0,1904553.0
2023-01-06 13:00:00,4110.0,4111.0,4095.0,4099.0,142377.0,1904553.0,1924722.0
2023-01-06 14:00:00,4099.0,4122.0,4093.0,4107.0,239975.0,1924722.0,1923950.0
2023-01-06 21:00:00,4103.0,4134.0,4080.0,4127.0,446664.0,1923950.0,1895606.0
2023-01-06 22:00:00,4127.0,4140.0,4078.0,4088.0,454173.0,1895606.0,1859874.0
2023-01-09 09:00:00,4091.0,4110.0,4089.0,4095.0,270215.0,1859874.0,1871339.0
2023-01-09 10:00:00,4095.0,4106.0,4088.0,4092.0,115271.0,1871339.0,1876823.0
2023-01-09 11:00:00,4092.0,4093.0,4072.0,4090.0,124763.0,1876823.0,1866196.0
2023-01-09 13:00:00,4090.0,4102.0,4089.0,4091.0,86749.0,1866196.0,1871961.0
2023-01-09 14:00:00,4091.0,4095.0,4083.0,4093.0,109744.0,1871961.0,1863784.0
2023-01-09 21:00:00,4108.0,4123.0,4094.0,4099.0,268267.0,1863784.0,1867588.0
2023-01-09 22:00:00,4099.0,4108.0,4096.0,4106.0,94993.0,1867588.0,1867485.0
2023-01-10 09:00:00,4103.0,4105.0,4087.0,4100.0,147203.0,1867485.0,1873074.0
2023-01-10 10:00:00,4100.0,4108.0,4089.0,4107.0,97406.0,1873074.0,1878350.0
2023-01-10 11:00:00,4107.0,4127.0,4104.0,4112.0,134248.0,1878350.0,1893702.0
2023-01-10 13:00:00,4112.0,4130.0,4106.0,4109.0,114710.0,1893702.0,1896894.0
2023-01-10 14:00:00,4109.0,4136.0,4106.0,4124.0,226392.0,1896894.0,1930856.0
2023-01-10 21:00:00,4125.0,4129.0,4101.0,4108.0,252094.0,1930856.0,1925892.0
2023-01-10 22:00:00,4108.0,4120.0,4103.0,4113.0,116388.0,1925892.0,1913915.0
2023-01-11 09:00:00,4115.0,4145.0,4111.0,4144.0,210810.0,1913915.0,1946375.0
2023-01-11 10:00:00,4144.0,4146.0,4132.0,4143.0,106700.0,1946375.0,1948865.0
2023-01-11 11:00:00,4143.0,4164.0,4137.0,4157.0,144487.0,1948865.0,1953051.0
2023-01-11 13:00:00,4156.0,4164.0,4149.0,4155.0,101027.0,1953051.0,1958412.0
2023-01-11 14:00:00,4155.0,4172.0,4149.0,4161.0,180877.0,1958412.0,1955990.0
2023-01-11 21:00:00,4158.0,4163.0,4138.0,4141.0,256446.0,1955990.0,1942955.0
2023-01-11 22:00:00,4141.0,4145.0,4091.0,4108.0,400775.0,1942955.0,1878661.0
2023-01-12 09:00:00,4109.0,4131.0,4108.0,4119.0,192257.0,1878661.0,1887927.0
2023-01-12 10:00:00,4119.0,4127.0,4110.0,4112.0,104834.0,1887927.0,1881252.0
2023-01-12 11:00:00,4112.0,4120.0,4106.0,4120.0,69250.0,1881252.0,1876067.0
2023-01-12 13:00:00,4121.0,4146.0,4120.0,4135.0,151163.0,1876067.0,1874774.0
2023-01-12 14:00:00,4135.0,4148.0,4128.0,4136.0,143317.0,1874774.0,1867251.0
2023-01-12 21:00:00,4134.0,4156.0,4131.0,4148.0,213092.0,1867251.0,1883712.0
2023-01-12 22:00:00,4148.0,4150.0,4113.0,4128.0,267917.0,1883712.0,1856337.0
2023-01-13 09:00:00,4130.0,4179.0,4127.0,4171.0,311455.0,1856337.0,1881235.0
2023-01-13 10:00:00,4171.0,4176.0,4151.0,4172.0,138938.0,1881235.0,1886923.0
2023-01-13 11:00:00,4172.0,4176.0,4160.0,4167.0,63053.0,1886923.0,1885585.0
2023-01-13 13:00:00,4166.0,4186.0,4164.0,4178.0,146956.0,1885585.0,1927670.0
2023-01-13 14:00:00,4178.0,4185.0,4170.0,4173.0,136820.0,1927670.0,1927798.0
2023-01-13 21:00:00,4148.0,4151.0,4118.0,4138.0,468886.0,1927798.0,1893644.0
2023-01-13 22:00:00,4138.0,4145.0,4133.0,4143.0,97398.0,1893644.0,1874650.0
2023-01-16 09:00:00,4120.0,4122.0,4086.0,4102.0,433954.0,1874650.0,1855032.0
2023-01-16 10:00:00,4102.0,4109.0,4091.0,4091.0,105372.0,1855032.0,1853611.0
2023-01-16 11:00:00,4091.0,4101.0,4081.0,4095.0,115448.0,1853611.0,1847476.0
2023-01-16 13:00:00,4097.0,4100.0,4085.0,4090.0,73647.0,1847476.0,1850539.0
2023-01-16 14:00:00,4090.0,4104.0,4084.0,4093.0,146959.0,1850539.0,1829618.0
2023-01-16 21:00:00,4083.0,4090.0,4065.0,4072.0,267813.0,1829618.0,1850312.0
2023-01-16 22:00:00,4072.0,4093.0,4068.0,4087.0,116278.0,1850312.0,1846172.0
2023-01-17 09:00:00,4085.0,4120.0,4085.0,4119.0,237038.0,1846172.0,1844638.0
2023-01-17 10:00:00,4119.0,4121.0,4106.0,4114.0,74564.0,1844638.0,1842721.0
2023-01-17 11:00:00,4114.0,4120.0,4110.0,4120.0,45881.0,1842721.0,1843740.0
2023-01-17 13:00:00,4117.0,4139.0,4116.0,4138.0,137249.0,1843740.0,1856828.0
2023-01-17 14:00:00,4138.0,4139.0,4113.0,4119.0,146944.0,1856828.0,1844213.0
2023-01-17 21:00:00,4138.0,4159.0,4125.0,4157.0,244468.0,1844213.0,1858414.0
2023-01-17 22:00:00,4157.0,4170.0,4155.0,4162.0,174988.0,1858414.0,1859971.0
2023-01-18 09:00:00,4156.0,4176.0,4149.0,4159.0,196217.0,1859971.0,1863439.0
2023-01-18 10:00:00,4159.0,4165.0,4146.0,4148.0,95231.0,1863439.0,1867380.0
2023-01-18 11:00:00,4148.0,4157.0,4147.0,4152.0,31541.0,1867380.0,1866528.0
2023-01-18 13:00:00,4152.0,4165.0,4152.0,4160.0,61326.0,1866528.0,1863816.0
2023-01-18 14:00:00,4160.0,4169.0,4157.0,4165.0,95932.0,1863816.0,1856961.0
2023-01-18 21:00:00,4169.0,4188.0,4164.0,4186.0,219327.0,1856961.0,1864340.0
2023-01-18 22:00:00,4186.0,4191.0,4171.0,4173.0,134390.0,1864340.0,1855554.0
2023-01-19 09:00:00,4160.0,4176.0,4154.0,4167.0,158425.0,1855554.0,1854941.0
2023-01-19 10:00:00,4167.0,4189.0,4165.0,4186.0,100045.0,1854941.0,1852528.0
2023-01-19 11:00:00,4186.0,4190.0,4176.0,4178.0,48397.0,1852528.0,1847900.0
2023-01-19 13:00:00,4178.0,4194.0,4173.0,4194.0,96634.0,1847900.0,1848420.0
2023-01-19 14:00:00,4194.0,4200.0,4189.0,4196.0,157366.0,1848420.0,1854203.0
2023-01-19 21:00:00,4195.0,4196.0,4169.0,4170.0,178130.0,1854203.0,1847986.0
2023-01-19 22:00:00,4170.0,4177.0,4155.0,4168.0,175359.0,1847986.0,1827313.0
2023-01-20 09:00:00,4173.0,4196.0,4167.0,4190.0,160242.0,1827313.0,1845453.0
2023-01-20 10:00:00,4190.0,4193.0,4178.0,4186.0,55885.0,1845453.0,1843546.0
2023-01-20 11:00:00,4186.0,4187.0,4169.0,4173.0,57302.0,1843546.0,1839103.0
2023-01-20 13:00:00,4173.0,4183.0,4170.0,4170.0,47333.0,1839103.0,1842013.0
2023-01-20 14:00:00,4170.0,4182.0,4170.0,4179.0,143667.0,1842013.0,1811643.0
2023-01-30 09:00:00,4230.0,4273.0,4226.0,4257.0,434955.0,1811643.0,1880137.0
2023-01-30 10:00:00,4257.0,4263.0,4234.0,4246.0,152665.0,1880137.0,1875448.0
2023-01-30 11:00:00,4246.0,4247.0,4205.0,4219.0,176942.0,1875448.0,1877707.0
2023-01-30 13:00:00,4215.0,4225.0,4194.0,4195.0,117192.0,1877707.0,1887042.0
2023-01-30 14:00:00,4195.0,4207.0,4190.0,4201.0,166380.0,1887042.0,1882832.0
2023-01-30 21:00:00,4199.0,4218.0,4196.0,4210.0,173271.0,1882832.0,1901014.0
2023-01-30 22:00:00,4210.0,4214.0,4200.0,4212.0,80341.0,1901014.0,1900033.0
2023-01-31 09:00:00,4209.0,4211.0,4174.0,4200.0,269725.0,1900033.0,1917689.0
2023-01-31 10:00:00,4200.0,4204.0,4184.0,4187.0,71909.0,1917689.0,1923453.0
2023-01-31 11:00:00,4187.0,4188.0,4162.0,4168.0,120664.0,1923453.0,1931335.0
2023-01-31 13:00:00,4166.0,4173.0,4151.0,4160.0,172084.0,1931335.0,1940178.0
2023-01-31 14:00:00,4160.0,4171.0,4141.0,4143.0,231165.0,1940178.0,1953462.0
2023-01-31 21:00:00,4142.0,4148.0,4120.0,4136.0,274928.0,1953462.0,1946166.0
2023-01-31 22:00:00,4136.0,4159.0,4129.0,4154.0,179493.0,1946166.0,1945211.0
2023-02-01 09:00:00,4158.0,4178.0,4149.0,4150.0,184904.0,1945211.0,1968096.0
2023-02-01 10:00:00,4150.0,4154.0,4124.0,4127.0,151726.0,1968096.0,1981424.0
2023-02-01 11:00:00,4127.0,4129.0,4104.0,4107.0,193360.0,1981424.0,1984919.0
2023-02-01 13:00:00,4108.0,4117.0,4100.0,4109.0,137095.0,1984919.0,1998322.0
2023-02-01 14:00:00,4109.0,4114.0,4075.0,4084.0,379017.0,1998322.0,1994916.0
2023-02-01 21:00:00,4088.0,4104.0,4085.0,4102.0,210715.0,1994916.0,1988628.0
2023-02-01 22:00:00,4102.0,4109.0,4075.0,4098.0,189770.0,1988628.0,1973544.0
2023-02-02 09:00:00,4105.0,4124.0,4096.0,4121.0,236710.0,1973544.0,1975306.0
2023-02-02 10:00:00,4121.0,4135.0,4109.0,4128.0,154198.0,1975306.0,1964559.0
2023-02-02 11:00:00,4128.0,4130.0,4113.0,4122.0,64098.0,1964559.0,1961129.0
2023-02-02 13:00:00,4120.0,4127.0,4094.0,4099.0,133019.0,1961129.0,1967187.0
2023-02-02 14:00:00,4099.0,4101.0,4029.0,4042.0,552296.0,1967187.0,1967595.0
2023-02-02 21:00:00,4050.0,4058.0,4040.0,4047.0,202517.0,1967595.0,1978501.0
2023-02-02 22:00:00,4047.0,4059.0,4032.0,4037.0,146774.0,1978501.0,1971844.0
2023-02-03 09:00:00,4038.0,4049.0,4008.0,4009.0,296633.0,1971844.0,1991587.0
2023-02-03 10:00:00,4009.0,4016.0,3993.0,4006.0,219430.0,1991587.0,1990175.0
2023-02-03 11:00:00,4006.0,4044.0,4004.0,4033.0,191758.0,1990175.0,1977066.0
2023-02-03 13:00:00,4035.0,4046.0,4032.0,4035.0,103276.0,1977066.0,1973875.0
2023-02-03 14:00:00,4035.0,4056.0,4034.0,4055.0,180545.0,1973875.0,1962672.0
2023-02-03 21:00:00,4059.0,4062.0,4030.0,4049.0,243452.0,1962672.0,1961955.0
2023-02-03 22:00:00,4049.0,4084.0,4045.0,4073.0,247575.0,1961955.0,1961363.0
2023-02-06 09:00:00,4050.0,4050.0,4012.0,4019.0,380239.0,1961363.0,1981124.0
2023-02-06 10:00:00,4019.0,4026.0,4003.0,4004.0,136739.0,1981124.0,2002103.0
2023-02-06 11:00:00,4004.0,4015.0,4001.0,4006.0,75861.0,2002103.0,2006451.0
2023-02-06 13:00:00,4007.0,4030.0,4004.0,4022.0,115424.0,2006451.0,2006621.0
2023-02-06 14:00:00,4022.0,4057.0,4020.0,4049.0,248214.0,2006621.0,1984665.0
2023-02-06 21:00:00,4042.0,4055.0,4037.0,4044.0,177406.0,1984665.0,1991103.0
2023-02-06 22:00:00,4044.0,4049.0,4005.0,4007.0,210147.0,1991103.0,1992399.0
2023-02-07 09:00:00,4010.0,4024.0,3993.0,4011.0,265845.0,1992399.0,1992240.0
2023-02-07 10:00:00,4011.0,4032.0,4006.0,4029.0,118385.0,1992240.0,1986895.0
2023-02-07 11:00:00,4029.0,4030.0,3998.0,4002.0,119610.0,1986895.0,1992142.0
2023-02-07 13:00:00,3998.0,4005.0,3978.0,4000.0,263479.0,1992142.0,2007293.0
2023-02-07 14:00:00,4000.0,4037.0,3997.0,4018.0,356744.0,2007293.0,1974498.0
2023-02-07 21:00:00,4011.0,4018.0,3986.0,4001.0,313158.0,1974498.0,2007258.0
2023-02-07 22:00:00,4001.0,4005.0,3984.0,3991.0,177759.0,2007258.0,2012497.0
2023-02-08 09:00:00,3999.0,4016.0,3998.0,4008.0,219382.0,2012497.0,2007241.0
2023-02-08 10:00:00,4008.0,4051.0,4006.0,4041.0,332228.0,2007241.0,1994354.0
2023-02-08 11:00:00,4041.0,4045.0,4025.0,4037.0,118461.0,1994354.0,1979990.0
2023-02-08 13:00:00,4032.0,4045.0,4028.0,4043.0,98981.0,1979990.0,1980161.0
2023-02-08 14:00:00,4043.0,4063.0,4042.0,4055.0,279349.0,1980161.0,1981288.0
2023-02-08 21:00:00,4055.0,4070.0,4051.0,4064.0,217078.0,1981288.0,1984082.0
2023-02-08 22:00:00,4064.0,4067.0,4048.0,4054.0,126854.0,1984082.0,1970862.0
2023-02-09 09:00:00,4050.0,4096.0,4050.0,4095.0,274445.0,1970862.0,1984797.0
2023-02-09 10:00:00,4095.0,4100.0,4081.0,4083.0,213975.0,1984797.0,1988680.0
2023-02-09 11:00:00,4083.0,4090.0,4074.0,4082.0,87635.0,1988680.0,1986915.0
2023-02-09 13:00:00,4085.0,4091.0,4078.0,4081.0,82044.0,1986915.0,1993798.0
2023-02-09 14:00:00,4081.0,4095.0,4076.0,4085.0,155699.0,1993798.0,1979876.0
2023-02-09 21:00:00,4085.0,4096.0,4076.0,4094.0,157198.0,1979876.0,1983039.0
2023-02-09 22:00:00,4094.0,4096.0,4058.0,4077.0,258621.0,1983039.0,1960538.0
2023-02-10 09:00:00,4072.0,4085.0,4055.0,4058.0,214480.0,1960538.0,1960260.0
2023-02-10 10:00:00,4058.0,4063.0,4025.0,4031.0,297756.0,1960260.0,1964837.0
2023-02-10 11:00:00,4031.0,4037.0,4021.0,4021.0,120175.0,1964837.0,1971583.0
2023-02-10 13:00:00,4020.0,4042.0,4016.0,4039.0,158672.0,1971583.0,1969599.0
2023-02-10 14:00:00,4039.0,4081.0,4039.0,4074.0,375608.0,1969599.0,1933276.0
2023-02-10 21:00:00,4074.0,4080.0,4051.0,4061.0,239724.0,1933276.0,1931686.0
2023-02-10 22:00:00,4061.0,4074.0,4054.0,4063.0,127387.0,1931686.0,1920794.0
2023-02-13 09:00:00,4060.0,4062.0,4030.0,4035.0,367613.0,1920794.0,1941912.0
2023-02-13 10:00:00,4035.0,4042.0,4020.0,4031.0,190080.0,1941912.0,1934749.0
2023-02-13 11:00:00,4031.0,4033.0,4013.0,4026.0,115469.0,1934749.0,1947704.0
2023-02-13 13:00:00,4028.0,4034.0,4002.0,4005.0,222644.0,1947704.0,1936465.0
2023-02-13 14:00:00,4005.0,4012.0,3991.0,3993.0,289345.0,1936465.0,1942412.0
2023-02-13 21:00:00,3992.0,4001.0,3980.0,3985.0,275781.0,1942412.0,1965061.0
2023-02-13 22:00:00,3985.0,3991.0,3961.0,3989.0,321902.0,1965061.0,1965830.0
2023-02-14 09:00:00,3993.0,4024.0,3986.0,4020.0,376449.0,1965830.0,1942919.0
2023-02-14 10:00:00,4020.0,4030.0,4012.0,4029.0,138379.0,1942919.0,1938102.0
2023-02-14 11:00:00,4029.0,4030.0,4013.0,4013.0,77559.0,1938102.0,1928862.0
2023-02-14 13:00:00,4013.0,4040.0,4010.0,4039.0,138769.0,1928862.0,1919273.0
2023-02-14 14:00:00,4039.0,4046.0,4025.0,4027.0,256306.0,1919273.0,1911228.0
2023-02-14 21:00:00,4034.0,4061.0,4030.0,4047.0,350153.0,1911228.0,1914121.0
2023-02-14 22:00:00,4047.0,4059.0,4041.0,4059.0,158157.0,1914121.0,1902640.0
2023-02-15 09:00:00,4065.0,4088.0,4061.0,4082.0,312297.0,1902640.0,1897095.0
2023-02-15 10:00:00,4082.0,4085.0,4068.0,4070.0,98749.0,1897095.0,1895895.0
2023-02-15 11:00:00,4070.0,4076.0,4062.0,4068.0,72041.0,1895895.0,1898499.0
2023-02-15 13:00:00,4065.0,4074.0,4057.0,4067.0,108890.0,1898499.0,1899050.0
2023-02-15 14:00:00,4067.0,4069.0,4053.0,4066.0,187095.0,1899050.0,1896584.0
2023-02-15 21:00:00,4062.0,4073.0,4052.0,4070.0,227303.0,1896584.0,1897862.0
2023-02-15 22:00:00,4070.0,4081.0,4062.0,4073.0,138413.0,1897862.0,1892163.0
2023-02-16 09:00:00,4079.0,4091.0,4074.0,4086.0,197162.0,1892163.0,1898699.0
2023-02-16 10:00:00,4086.0,4112.0,4075.0,4108.0,240008.0,1898699.0,1907810.0
2023-02-16 11:00:00,4108.0,4116.0,4105.0,4114.0,165935.0,1907810.0,1916646.0
2023-02-16 13:00:00,4115.0,4164.0,4112.0,4157.0,423025.0,1916646.0,1926282.0
2023-02-16 14:00:00,4157.0,4161.0,4125.0,4146.0,485568.0,1926282.0,1906154.0
2023-02-16 21:00:00,4158.0,4171.0,4150.0,4160.0,270313.0,1906154.0,1924702.0
2023-02-16 22:00:00,4160.0,4167.0,4153.0,4160.0,109347.0,1924702.0,1914561.0
2023-02-17 09:00:00,4157.0,4178.0,4154.0,4171.0,188601.0,1914561.0,1932121.0
2023-02-17 10:00:00,4171.0,4178.0,4161.0,4170.0,121283.0,1932121.0,1937664.0
2023-02-17 11:00:00,4170.0,4171.0,4146.0,4152.0,130680.0,1937664.0,1940573.0
2023-02-17 13:00:00,4148.0,4162.0,4148.0,4157.0,80840.0,1940573.0,1948386.0
2023-02-17 14:00:00,4157.0,4169.0,4152.0,4167.0,190726.0,1948386.0,1946318.0
2023-02-17 21:00:00,4149.0,4165.0,4130.0,4154.0,341196.0,1946318.0,1939343.0
2023-02-17 22:00:00,4154.0,4175.0,4154.0,4170.0,225713.0,1939343.0,1941469.0
2023-02-20 09:00:00,4160.0,4177.0,4151.0,4168.0,258272.0,1941469.0,1948762.0
2023-02-20 10:00:00,4168.0,4192.0,4165.0,4174.0,224216.0,1948762.0,1961616.0
2023-02-20 11:00:00,4174.0,4184.0,4170.0,4178.0,64243.0,1961616.0,1966201.0
2023-02-20 13:00:00,4185.0,4194.0,4181.0,4186.0,113224.0,1966201.0,1967247.0
2023-02-20 14:00:00,4186.0,4192.0,4178.0,4184.0,139592.0,1967247.0,1960497.0
2023-02-20 21:00:00,4194.0,4233.0,4191.0,4232.0,436874.0,1960497.0,1965584.0
2023-02-20 22:00:00,4232.0,4245.0,4225.0,4238.0,204166.0,1965584.0,1972045.0
2023-02-21 09:00:00,4241.0,4248.0,4226.0,4230.0,237730.0,1972045.0,1980841.0
2023-02-21 10:00:00,4230.0,4243.0,4224.0,4228.0,107998.0,1980841.0,1979099.0
2023-02-21 11:00:00,4228.0,4236.0,4218.0,4233.0,91203.0,1979099.0,1969226.0
2023-02-21 13:00:00,4233.0,4250.0,4232.0,4247.0,139782.0,1969226.0,1975847.0
2023-02-21 14:00:00,4247.0,4258.0,4242.0,4254.0,203830.0,1975847.0,1971804.0
2023-02-21 21:00:00,4235.0,4255.0,4225.0,4234.0,314693.0,1971804.0,1965508.0
2023-02-21 22:00:00,4234.0,4250.0,4234.0,4245.0,127064.0,1965508.0,1962293.0
2023-02-22 09:00:00,4242.0,4249.0,4228.0,4239.0,187788.0,1962293.0,1966355.0
2023-02-22 10:00:00,4239.0,4271.0,4237.0,4268.0,220403.0,1966355.0,1982116.0
2023-02-22 11:00:00,4268.0,4271.0,4260.0,4262.0,63920.0,1982116.0,1986198.0
2023-02-22 13:00:00,4267.0,4278.0,4228.0,4233.0,268634.0,1986198.0,1973241.0
2023-02-22 14:00:00,4233.0,4246.0,4225.0,4237.0,261759.0,1973241.0,1974418.0
2023-02-22 21:00:00,4260.0,4274.0,4245.0,4264.0,360953.0,1974418.0,2012618.0
2023-02-22 22:00:00,4264.0,4289.0,4261.0,4285.0,300200.0,2012618.0,2031591.0
2023-02-23 09:00:00,4283.0,4289.0,4267.0,4287.0,207257.0,2031591.0,2037561.0
2023-02-23 10:00:00,4287.0,4288.0,4267.0,4271.0,127537.0,2037561.0,2044044.0
2023-02-23 11:00:00,4271.0,4289.0,4269.0,4285.0,104697.0,2044044.0,2051286.0
2023-02-23 13:00:00,4284.0,4284.0,4240.0,4244.0,331143.0,2051286.0,2031544.0
2023-02-23 14:00:00,4244.0,4257.0,4220.0,4228.0,464360.0,2031544.0,2005676.0
2023-02-23 21:00:00,4227.0,4239.0,4212.0,4226.0,351905.0,2005676.0,2021613.0
2023-02-23 22:00:00,4226.0,4244.0,4225.0,4239.0,168419.0,2021613.0,2018523.0
2023-02-24 09:00:00,4232.0,4239.0,4208.0,4227.0,294897.0,2018523.0,2036025.0
2023-02-24 10:00:00,4227.0,4240.0,4207.0,4210.0,194958.0,2036025.0,2048208.0
2023-02-24 11:00:00,4210.0,4218.0,4195.0,4209.0,224301.0,2048208.0,2055319.0
2023-02-24 13:00:00,4206.0,4211.0,4187.0,4203.0,201143.0,2055319.0,2071905.0
2023-02-24 14:00:00,4203.0,4226.0,4195.0,4224.0,233793.0,2071905.0,2057187.0
2023-02-24 21:00:00,4194.0,4217.0,4177.0,4202.0,403933.0,2057187.0,2056223.0
2023-02-24 22:00:00,4202.0,4211.0,4175.0,4184.0,278858.0,2056223.0,2025663.0
2023-02-27 09:00:00,4189.0,4240.0,4189.0,4237.0,424896.0,2025663.0,2049580.0
2023-02-27 10:00:00,4237.0,4238.0,4219.0,4228.0,134484.0,2049580.0,2040845.0
2023-02-27 11:00:00,4228.0,4228.0,4180.0,4183.0,209548.0,2040845.0,2022114.0
2023-02-27 13:00:00,4183.0,4200.0,4173.0,4188.0,261181.0,2022114.0,1992513.0
2023-02-27 14:00:00,4188.0,4196.0,4175.0,4191.0,212270.0,1992513.0,1975574.0
2023-02-27 21:00:00,4190.0,4193.0,4168.0,4176.0,273187.0,1975574.0,1982532.0
2023-02-27 22:00:00,4176.0,4178.0,4165.0,4175.0,149806.0,1982532.0,1970890.0
2023-02-28 09:00:00,4177.0,4191.0,4162.0,4163.0,257895.0,1970890.0,1980396.0
2023-02-28 10:00:00,4163.0,4182.0,4160.0,4163.0,194931.0,1980396.0,1973529.0
2023-02-28 11:00:00,4163.0,4177.0,4158.0,4171.0,112161.0,1973529.0,1970745.0
2023-02-28 13:00:00,4168.0,4173.0,4162.0,4167.0,61964.0,1970745.0,1970111.0
2023-02-28 14:00:00,4167.0,4181.0,4150.0,4174.0,319757.0,1970111.0,1943334.0
2023-02-28 21:00:00,4177.0,4198.0,4174.0,4178.0,342779.0,1943334.0,1949960.0
2023-02-28 22:00:00,4178.0,4184.0,4171.0,4179.0,103582.0,1949960.0,1938688.0
2023-03-01 09:00:00,4178.0,4213.0,4164.0,4211.0,307585.0,1938688.0,1959307.0
2023-03-01 10:00:00,4211.0,4225.0,4205.0,4216.0,251969.0,1959307.0,1967604.0
2023-03-01 11:00:00,4216.0,4220.0,4211.0,4216.0,59660.0,1967604.0,1968555.0
2023-03-01 13:00:00,4210.0,4210.0,4190.0,4192.0,193614.0,1968555.0,1975580.0
2023-03-01 14:00:00,4192.0,4226.0,4191.0,4216.0,274254.0,1975580.0,1983020.0
2023-03-01 21:00:00,4212.0,4220.0,4205.0,4213.0,175307.0,1983020.0,1980518.0
2023-03-01 22:00:00,4213.0,4218.0,4203.0,4213.0,98488.0,1980518.0,1972716.0
2023-03-02 09:00:00,4217.0,4233.0,4213.0,4226.0,208845.0,1972716.0,1971605.0
2023-03-02 10:00:00,4226.0,4228.0,4210.0,4220.0,116860.0,1971605.0,1970092.0
2023-03-02 11:00:00,4220.0,4225.0,4217.0,4218.0,40783.0,1970092.0,1971424.0
2023-03-02 13:00:00,4217.0,4236.0,4208.0,4228.0,236026.0,1971424.0,1977671.0
2023-03-02 14:00:00,4228.0,4232.0,4224.0,4225.0,117179.0,1977671.0,1971186.0
2023-03-02 21:00:00,4229.0,4241.0,4223.0,4226.0,246903.0,1971186.0,1970521.0
2023-03-02 22:00:00,4226.0,4231.0,4218.0,4228.0,130950.0,1970521.0,1962430.0
2023-03-03 09:00:00,4228.0,4260.0,4225.0,4260.0,269639.0,1962430.0,1956908.0
2023-03-03 10:00:00,4260.0,4268.0,4255.0,4261.0,158491.0,1956908.0,1976455.0
2023-03-03 11:00:00,4261.0,4266.0,4253.0,4265.0,84551.0,1976455.0,1971226.0
2023-03-03 13:00:00,4263.0,4272.0,4260.0,4268.0,101358.0,1971226.0,1983441.0
2023-03-03 14:00:00,4268.0,4278.0,4266.0,4272.0,162606.0,1983441.0,1981344.0
2023-03-03 21:00:00,4261.0,4270.0,4242.0,4245.0,371965.0,1981344.0,1981479.0
2023-03-03 22:00:00,4245.0,4259.0,4243.0,4250.0,145757.0,1981479.0,1976494.0
2023-03-06 09:00:00,4226.0,4226.0,4182.0,4188.0,667549.0,1976494.0,1983079.0
2023-03-06 10:00:00,4188.0,4196.0,4175.0,4195.0,196154.0,1983079.0,1977691.0
2023-03-06 11:00:00,4195.0,4196.0,4185.0,4193.0,66850.0,1977691.0,1974326.0
2023-03-06 13:00:00,4192.0,4202.0,4189.0,4201.0,94411.0,1974326.0,1970598.0
2023-03-06 14:00:00,4201.0,4216.0,4197.0,4210.0,219318.0,1970598.0,1961814.0
2023-03-06 21:00:00,4212.0,4221.0,4199.0,4202.0,231968.0,1961814.0,1988622.0
2023-03-06 22:00:00,4202.0,4213.0,4200.0,4205.0,107352.0,1988622.0,1978966.0
2023-03-07 09:00:00,4204.0,4253.0,4203.0,4245.0,350781.0,1978966.0,1985726.0
2023-03-07 10:00:00,4245.0,4255.0,4238.0,4248.0,157475.0,1985726.0,2000266.0
2023-03-07 11:00:00,4248.0,4269.0,4238.0,4268.0,182704.0,2000266.0,2007857.0
2023-03-07 13:00:00,4267.0,4273.0,4255.0,4262.0,200486.0,2007857.0,2043506.0
2023-03-07 14:00:00,4262.0,4266.0,4244.0,4248.0,233421.0,2043506.0,2048392.0
2023-03-07 21:00:00,4250.0,4262.0,4247.0,4256.0,183392.0,2048392.0,2057615.0
2023-03-07 22:00:00,4256.0,4267.0,4252.0,4253.0,130626.0,2057615.0,2047462.0
2023-03-08 09:00:00,4241.0,4263.0,4221.0,4260.0,278745.0,2047462.0,2049928.0
2023-03-08 10:00:00,4260.0,4263.0,4246.0,4247.0,103822.0,2049928.0,2055373.0
2023-03-08 11:00:00,4247.0,4260.0,4243.0,4248.0,86431.0,2055373.0,2048763.0
2023-03-08 13:00:00,4254.0,4259.0,4242.0,4252.0,132507.0,2048763.0,2054100.0
2023-03-08 14:00:00,4252.0,4256.0,4241.0,4249.0,143124.0,2054100.0,2048137.0
2023-03-08 21:00:00,4252.0,4265.0,4250.0,4259.0,244511.0,2048137.0,2059168.0
2023-03-08 22:00:00,4259.0,4262.0,4212.0,4235.0,469123.0,2059168.0,2017800.0
2023-03-09 09:00:00,4233.0,4242.0,4223.0,4228.0,184566.0,2017800.0,2029522.0
2023-03-09 10:00:00,4228.0,4237.0,4214.0,4218.0,136564.0,2029522.0,2035270.0
2023-03-09 11:00:00,4218.0,4228.0,4206.0,4221.0,191035.0,2035270.0,2043267.0
2023-03-09 13:00:00,4235.0,4270.0,4224.0,4262.0,607084.0,2043267.0,2027529.0
2023-03-09 14:00:00,4262.0,4322.0,4258.0,4313.0,806421.0,2027529.0,2107683.0
2023-03-09 21:00:00,4323.0,4340.0,4315.0,4338.0,376735.0,2107683.0,2128325.0
2023-03-09 22:00:00,4338.0,4346.0,4329.0,4338.0,208449.0,2128325.0,2114544.0
2023-03-10 09:00:00,4326.0,4337.0,4321.0,4324.0,215354.0,2114544.0,2122993.0
2023-03-10 10:00:00,4324.0,4329.0,4315.0,4323.0,140321.0,2122993.0,2114890.0
2023-03-10 11:00:00,4323.0,4327.0,4303.0,4313.0,143820.0,2114890.0,2102027.0
2023-03-10 13:00:00,4313.0,4337.0,4311.0,4335.0,148385.0,2102027.0,2107876.0
2023-03-10 14:00:00,4335.0,4348.0,4308.0,4314.0,419202.0,2107876.0,2073405.0
2023-03-10 21:00:00,4321.0,4360.0,4317.0,4345.0,422251.0,2073405.0,2108802.0
2023-03-10 22:00:00,4345.0,4349.0,4327.0,4346.0,201324.0,2108802.0,2098153.0
2023-03-13 09:00:00,4346.0,4376.0,4333.0,4364.0,420324.0,2098153.0,2083389.0
2023-03-13 10:00:00,4364.0,4377.0,4354.0,4371.0,177689.0,2083389.0,2091855.0
2023-03-13 11:00:00,4371.0,4376.0,4364.0,4369.0,65418.0,2091855.0,2092207.0
2023-03-13 13:00:00,4370.0,4372.0,4356.0,4361.0,93918.0,2092207.0,2097921.0
2023-03-13 14:00:00,4361.0,4374.0,4358.0,4371.0,144308.0,2097921.0,2073724.0
2023-03-13 21:00:00,4332.0,4369.0,4327.0,4367.0,400696.0,2073724.0,2043308.0
2023-03-13 22:00:00,4367.0,4392.0,4366.0,4385.0,234360.0,2043308.0,2041878.0
2023-03-14 09:00:00,4385.0,4391.0,4373.0,4376.0,170759.0,2041878.0,2044076.0
2023-03-14 10:00:00,4376.0,4383.0,4354.0,4358.0,196311.0,2044076.0,2038710.0
2023-03-14 11:00:00,4358.0,4372.0,4355.0,4366.0,99458.0,2038710.0,2037140.0
2023-03-14 13:00:00,4366.0,4378.0,4364.0,4375.0,114742.0,2037140.0,2027402.0
2023-03-14 14:00:00,4375.0,4401.0,4362.0,4373.0,486739.0,2027402.0,1999189.0
2023-03-14 21:00:00,4379.0,4386.0,4360.0,4378.0,355875.0,1999189.0,1968884.0
2023-03-14 22:00:00,4378.0,4384.0,4373.0,4377.0,121874.0,1968884.0,1956441.0
2023-03-15 09:00:00,4375.0,4381.0,4368.0,4372.0,148290.0,1956441.0,1949313.0
2023-03-15 10:00:00,4372.0,4394.0,4354.0,4363.0,241490.0,1949313.0,1946516.0
2023-03-15 11:00:00,4363.0,4370.0,4352.0,4359.0,106329.0,1946516.0,1944770.0
2023-03-15 13:00:00,4358.0,4364.0,4336.0,4341.0,197533.0,1944770.0,1941848.0
2023-03-15 14:00:00,4341.0,4349.0,4318.0,4332.0,403729.0,1941848.0,1888550.0
2023-03-15 21:00:00,4294.0,4308.0,4286.0,4291.0,532344.0,1888550.0,1835132.0
2023-03-15 22:00:00,4291.0,4294.0,4273.0,4287.0,277362.0,1835132.0,1811195.0
2023-03-16 09:00:00,4290.0,4302.0,4255.0,4259.0,424275.0,1811195.0,1785857.0
2023-03-16 10:00:00,4259.0,4261.0,4197.0,4224.0,541678.0,1785857.0,1748378.0
2023-03-16 11:00:00,4224.0,4245.0,4221.0,4243.0,184272.0,1748378.0,1729586.0
2023-03-16 13:00:00,4245.0,4259.0,4234.0,4237.0,192148.0,1729586.0,1740524.0
2023-03-16 14:00:00,4237.0,4241.0,4200.0,4205.0,359520.0,1740524.0,1691899.0
2023-03-16 21:00:00,4203.0,4216.0,4188.0,4195.0,402771.0,1691899.0,1698325.0
2023-03-16 22:00:00,4195.0,4226.0,4185.0,4224.0,313389.0,1698325.0,1690396.0
2023-03-17 09:00:00,4230.0,4245.0,4226.0,4242.0,283497.0,1690396.0,1677927.0
2023-03-17 10:00:00,4242.0,4272.0,4238.0,4262.0,255890.0,1677927.0,1682048.0
2023-03-17 11:00:00,4262.0,4284.0,4259.0,4281.0,163630.0,1682048.0,1667828.0
2023-03-17 13:00:00,4279.0,4279.0,4261.0,4261.0,131942.0,1667828.0,1659285.0
2023-03-17 14:00:00,4261.0,4266.0,4242.0,4262.0,261573.0,1659285.0,1645579.0
2023-03-17 21:00:00,4268.0,4279.0,4253.0,4254.0,254251.0,1645579.0,1654117.0
2023-03-17 22:00:00,4254.0,4266.0,4244.0,4258.0,163821.0,1654117.0,1634310.0
2023-03-20 09:00:00,4264.0,4270.0,4208.0,4215.0,461319.0,1634310.0,1622843.0
2023-03-20 10:00:00,4215.0,4246.0,4213.0,4233.0,164219.0,1622843.0,1614196.0
2023-03-20 11:00:00,4233.0,4236.0,4212.0,4222.0,103172.0,1614196.0,1611012.0
2023-03-20 13:00:00,4223.0,4226.0,4212.0,4217.0,85964.0,1611012.0,1612539.0
2023-03-20 14:00:00,4217.0,4220.0,4192.0,4194.0,292064.0,1612539.0,1614331.0
2023-03-20 21:00:00,4201.0,4215.0,4190.0,4206.0,292049.0,1614331.0,1615304.0
2023-03-20 22:00:00,4206.0,4208.0,4183.0,4197.0,184915.0,1615304.0,1605402.0
2023-03-21 09:00:00,4201.0,4223.0,4197.0,4212.0,240821.0,1605402.0,1596186.0
2023-03-21 10:00:00,4212.0,4218.0,4171.0,4173.0,226272.0,1596186.0,1597375.0
2023-03-21 11:00:00,4173.0,4184.0,4165.0,4175.0,119074.0,1597375.0,1597013.0
2023-03-21 13:00:00,4183.0,4184.0,4156.0,4163.0,160139.0,1597013.0,1602473.0
2023-03-21 14:00:00,4163.0,4172.0,4153.0,4156.0,211952.0,1602473.0,1583137.0
2023-03-21 21:00:00,4158.0,4181.0,4144.0,4175.0,371223.0,1583137.0,1552296.0
2023-03-21 22:00:00,4175.0,4191.0,4157.0,4182.0,204986.0,1552296.0,1533639.0
2023-03-22 09:00:00,4185.0,4195.0,4154.0,4158.0,246985.0,1533639.0,1537658.0
2023-03-22 10:00:00,4158.0,4165.0,4130.0,4134.0,315704.0,1537658.0,1544174.0
2023-03-22 11:00:00,4134.0,4142.0,4129.0,4133.0,101290.0,1544174.0,1535240.0
2023-03-22 13:00:00,4134.0,4139.0,4125.0,4130.0,115090.0,1535240.0,1535874.0
2023-03-22 14:00:00,4130.0,4159.0,4120.0,4153.0,286571.0,1535874.0,1498897.0
2023-03-22 21:00:00,4159.0,4162.0,4142.0,4146.0,206593.0,1498897.0,1495996.0
2023-03-22 22:00:00,4146.0,4177.0,4146.0,4175.0,171610.0,1495996.0,1481154.0
2023-03-23 09:00:00,4170.0,4181.0,4160.0,4170.0,238922.0,1481154.0,1494660.0
2023-03-23 10:00:00,4170.0,4174.0,4155.0,4163.0,118283.0,1494660.0,1494104.0
2023-03-23 11:00:00,4163.0,4166.0,4135.0,4141.0,158448.0,1494104.0,1497216.0
2023-03-23 13:00:00,4129.0,4129.0,4077.0,4087.0,544282.0,1497216.0,1517736.0
2023-03-23 14:00:00,4087.0,4093.0,4066.0,4070.0,367368.0,1517736.0,1528575.0
2023-03-23 21:00:00,4065.0,4085.0,4061.0,4076.0,304229.0,1528575.0,1537401.0
2023-03-23 22:00:00,4076.0,4095.0,4062.0,4085.0,186913.0,1537401.0,1519084.0
2023-03-24 09:00:00,4080.0,4083.0,4055.0,4060.0,234341.0,1519084.0,1507599.0
2023-03-24 10:00:00,4060.0,4097.0,4060.0,4085.0,199343.0,1507599.0,1497157.0
2023-03-24 11:00:00,4085.0,4103.0,4076.0,4096.0,102292.0,1497157.0,1488436.0
2023-03-24 13:00:00,4100.0,4108.0,4091.0,4097.0,161776.0,1488436.0,1480107.0
2023-03-24 14:00:00,4097.0,4125.0,4092.0,4107.0,274405.0,1480107.0,1461026.0
2023-03-24 21:00:00,4080.0,4127.0,4074.0,4126.0,270248.0,1461026.0,1443783.0
2023-03-24 22:00:00,4126.0,4129.0,4086.0,4090.0,208569.0,1443783.0,1421677.0
2023-03-27 09:00:00,4096.0,4121.0,4095.0,4102.0,285542.0,1421677.0,1414829.0
2023-03-27 10:00:00,4102.0,4111.0,4092.0,4104.0,114349.0,1414829.0,1407575.0
2023-03-27 11:00:00,4104.0,4110.0,4091.0,4095.0,71958.0,1407575.0,1401297.0
2023-03-27 13:00:00,4100.0,4111.0,4092.0,4104.0,89199.0,1401297.0,1395336.0
2023-03-27 14:00:00,4104.0,4116.0,4101.0,4105.0,139724.0,1395336.0,1380095.0
2023-03-27 21:00:00,4112.0,4118.0,4107.0,4115.0,207671.0,1380095.0,1365402.0
2023-03-27 22:00:00,4115.0,4115.0,4095.0,4104.0,208327.0,1365402.0,1318031.0
2023-03-28 09:00:00,4111.0,4133.0,4104.0,4128.0,255733.0,1318031.0,1301770.0
2023-03-28 10:00:00,4128.0,4142.0,4123.0,4138.0,145877.0,1301770.0,1278328.0
2023-03-28 11:00:00,4138.0,4147.0,4130.0,4139.0,91204.0,1278328.0,1259842.0
2023-03-28 13:00:00,4140.0,4143.0,4125.0,4127.0,99596.0,1259842.0,1251452.0
2023-03-28 14:00:00,4127.0,4138.0,4121.0,4136.0,148352.0,1251452.0,1233806.0
2023-03-28 21:00:00,4142.0,4164.0,4139.0,4161.0,214837.0,1233806.0,1227157.0
2023-03-28 22:00:00,4161.0,4168.0,4151.0,4157.0,170869.0,1227157.0,1194110.0
2023-03-29 09:00:00,4160.0,4165.0,4142.0,4153.0,184810.0,1194110.0,1190061.0
2023-03-29 10:00:00,4153.0,4155.0,4138.0,4141.0,125320.0,1190061.0,1181269.0
2023-03-29 11:00:00,4141.0,4144.0,4127.0,4129.0,112152.0,1181269.0,1159118.0
2023-03-29 13:00:00,4129.0,4143.0,4123.0,4141.0,94584.0,1159118.0,1150189.0
2023-03-29 14:00:00,4141.0,4151.0,4128.0,4151.0,152971.0,1150189.0,1123338.0
2023-03-29 21:00:00,4165.0,4176.0,4152.0,4161.0,184101.0,1123338.0,1112184.0
2023-03-29 22:00:00,4161.0,4164.0,4152.0,4157.0,62515.0,1112184.0,1104855.0
2023-03-30 09:00:00,4155.0,4157.0,4130.0,4132.0,154655.0,1104855.0,1106031.0
2023-03-30 10:00:00,4132.0,4148.0,4125.0,4127.0,93119.0,1106031.0,1106125.0
2023-03-30 11:00:00,4127.0,4174.0,4126.0,4174.0,136198.0,1106125.0,1089529.0
2023-03-30 13:00:00,4160.0,4178.0,4127.0,4166.0,324588.0,1089529.0,1051890.0
2023-03-30 14:00:00,4166.0,4171.0,4135.0,4167.0,292267.0,1051890.0,1013872.0
2023-03-30 21:00:00,4171.0,4177.0,4163.0,4166.0,167717.0,1013872.0,1012767.0
2023-03-30 22:00:00,4166.0,4173.0,4153.0,4166.0,123476.0,1012767.0,996506.0
2023-03-31 09:00:00,4164.0,4193.0,4164.0,4193.0,215991.0,996506.0,971419.0
2023-03-31 10:00:00,4193.0,4200.0,4189.0,4191.0,99382.0,971419.0,961315.0
2023-03-31 11:00:00,4191.0,4192.0,4175.0,4181.0,76487.0,961315.0,947357.0
2023-03-31 13:00:00,4180.0,4184.0,4172.0,4181.0,70101.0,947357.0,932129.0
2023-03-31 14:00:00,4181.0,4186.0,4158.0,4161.0,164967.0,932129.0,906146.0
2023-03-31 21:00:00,4162.0,4166.0,4147.0,4157.0,168805.0,906146.0,890817.0
2023-03-31 22:00:00,4157.0,4162.0,4136.0,4139.0,121463.0,890817.0,874493.0
2023-04-03 09:00:00,4157.0,4158.0,4101.0,4105.0,305167.0,874493.0,886302.0
2023-04-03 10:00:00,4105.0,4106.0,4075.0,4078.0,164783.0,886302.0,880589.0
2023-04-03 11:00:00,4078.0,4089.0,4069.0,4078.0,74560.0,880589.0,880458.0
2023-04-03 13:00:00,4077.0,4085.0,4064.0,4064.0,70400.0,880458.0,881780.0
2023-04-03 14:00:00,4064.0,4076.0,4043.0,4044.0,176441.0,881780.0,863464.0
2023-04-03 21:00:00,4020.0,4038.0,4013.0,4021.0,217661.0,863464.0,1312424.0
2023-04-03 22:00:00,4021.0,4035.0,4018.0,4024.0,67201.0,1312424.0,1316096.0
2023-04-04 09:00:00,4024.0,4025.0,3984.0,3987.0,270582.0,1316096.0,1338783.0
2023-04-04 10:00:00,3987.0,3994.0,3975.0,3983.0,131566.0,1338783.0,1346561.0
2023-04-04 11:00:00,3983.0,3988.0,3972.0,3984.0,60936.0,1346561.0,1349147.0
2023-04-04 13:00:00,3985.0,3994.0,3979.0,3987.0,74584.0,1349147.0,1356317.0
2023-04-04 14:00:00,3987.0,3996.0,3971.0,3975.0,211538.0,1356317.0,1352877.0
2023-04-06 09:00:00,3946.0,3979.0,3935.0,3964.0,389347.0,1352877.0,1399094.0
2023-04-06 10:00:00,3964.0,3978.0,3952.0,3955.0,142995.0,1399094.0,1411104.0
2023-04-06 11:00:00,3955.0,3965.0,3933.0,3939.0,128525.0,1411104.0,1427086.0
2023-04-06 13:00:00,3936.0,3948.0,3923.0,3934.0,169804.0,1427086.0,1449420.0
2023-04-06 14:00:00,3934.0,3962.0,3927.0,3938.0,235343.0,1449420.0,1442365.0
2023-04-06 21:00:00,3951.0,3994.0,3948.0,3971.0,452285.0,1442365.0,1470623.0
2023-04-06 22:00:00,3971.0,3985.0,3969.0,3984.0,129183.0,1470623.0,1477031.0
2023-04-07 09:00:00,3985.0,3998.0,3979.0,3986.0,208743.0,1477031.0,1494630.0
2023-04-07 10:00:00,3986.0,4008.0,3983.0,3992.0,167895.0,1494630.0,1499486.0
2023-04-07 11:00:00,3992.0,3999.0,3984.0,3992.0,68362.0,1499486.0,1500496.0
2023-04-07 13:00:00,3992.0,4006.0,3992.0,3998.0,76119.0,1500496.0,1506522.0
2023-04-07 14:00:00,3998.0,4002.0,3976.0,3989.0,190663.0,1506522.0,1506483.0
2023-04-07 21:00:00,3989.0,3989.0,3989.0,3989.0,0.0,1506483.0,1506483.0
2023-04-07 22:00:00,3989.0,3989.0,3989.0,3989.0,0.0,1506483.0,1506483.0
2023-04-10 09:00:00,3990.0,4008.0,3932.0,3939.0,976658.0,1506483.0,1569046.0
2023-04-10 10:00:00,3939.0,3943.0,3917.0,3920.0,183026.0,1569046.0,1597579.0
2023-04-10 11:00:00,3920.0,3922.0,3901.0,3902.0,157233.0,1597579.0,1621727.0
2023-04-10 13:00:00,3900.0,3914.0,3889.0,3892.0,166099.0,1621727.0,1647545.0
2023-04-10 14:00:00,3892.0,3908.0,3881.0,3907.0,285619.0,1647545.0,1655293.0
2023-04-10 21:00:00,3908.0,3917.0,3898.0,3905.0,244772.0,1655293.0,1669046.0
2023-04-10 22:00:00,3905.0,3916.0,3890.0,3891.0,135560.0,1669046.0,1665546.0
2023-04-11 09:00:00,3894.0,3898.0,3868.0,3870.0,266365.0,1665546.0,1693528.0
2023-04-11 10:00:00,3870.0,3918.0,3868.0,3892.0,255149.0,1693528.0,1667554.0
2023-04-11 11:00:00,3892.0,3911.0,3884.0,3905.0,122527.0,1667554.0,1669014.0
2023-04-11 13:00:00,3905.0,3914.0,3894.0,3898.0,102380.0,1669014.0,1681338.0
2023-04-11 14:00:00,3898.0,3940.0,3896.0,3937.0,342358.0,1681338.0,1666310.0
2023-04-11 21:00:00,3941.0,3945.0,3915.0,3919.0,238047.0,1666310.0,1698146.0
2023-04-11 22:00:00,3919.0,3928.0,3906.0,3907.0,146478.0,1698146.0,1696311.0
2023-04-12 09:00:00,3906.0,3935.0,3905.0,3928.0,205113.0,1696311.0,1700496.0
2023-04-12 10:00:00,3928.0,3938.0,3906.0,3911.0,166305.0,1700496.0,1710725.0
2023-04-12 11:00:00,3911.0,3918.0,3892.0,3913.0,151414.0,1710725.0,1707807.0
2023-04-12 13:00:00,3906.0,3911.0,3890.0,3906.0,148247.0,1707807.0,1718307.0
2023-04-12 14:00:00,3906.0,3911.0,3894.0,3900.0,150174.0,1718307.0,1720589.0
2023-04-12 21:00:00,3914.0,3915.0,3886.0,3894.0,260016.0,1720589.0,1727076.0
2023-04-12 22:00:00,3894.0,3904.0,3870.0,3877.0,186055.0,1727076.0,1726856.0
2023-04-13 09:00:00,3880.0,3885.0,3855.0,3875.0,330030.0,1726856.0,1740398.0
2023-04-13 10:00:00,3875.0,3894.0,3870.0,3879.0,176211.0,1740398.0,1742238.0
2023-04-13 11:00:00,3879.0,3903.0,3877.0,3890.0,145270.0,1742238.0,1749051.0
2023-04-13 13:00:00,3883.0,3889.0,3861.0,3880.0,255277.0,1749051.0,1754030.0
2023-04-13 14:00:00,3880.0,3890.0,3861.0,3886.0,285054.0,1754030.0,1748553.0
2023-04-13 21:00:00,3890.0,3919.0,3885.0,3917.0,326174.0,1748553.0,1754835.0
2023-04-13 22:00:00,3917.0,3925.0,3911.0,3925.0,165703.0,1754835.0,1746757.0
2023-04-14 09:00:00,3927.0,3943.0,3920.0,3941.0,240460.0,1746757.0,1746909.0
2023-04-14 10:00:00,3941.0,3948.0,3920.0,3926.0,193929.0,1746909.0,1737475.0
2023-04-14 11:00:00,3926.0,3929.0,3910.0,3915.0,114166.0,1737475.0,1731501.0
2023-04-14 13:00:00,3916.0,3922.0,3911.0,3919.0,90126.0,1731501.0,1725738.0
2023-04-14 14:00:00,3919.0,3925.0,3886.0,3896.0,305078.0,1725738.0,1703998.0
2023-04-14 21:00:00,3900.0,3929.0,3891.0,3918.0,321151.0,1703998.0,1715567.0
2023-04-14 22:00:00,3918.0,3919.0,3873.0,3901.0,369407.0,1715567.0,1691923.0
2023-04-17 09:00:00,3890.0,3919.0,3882.0,3910.0,339661.0,1691923.0,1720997.0
2023-04-17 10:00:00,3910.0,3913.0,3890.0,3895.0,140836.0,1720997.0,1722194.0
2023-04-17 11:00:00,3895.0,3911.0,3894.0,3910.0,68698.0,1722194.0,1720633.0
2023-04-17 13:00:00,3913.0,3925.0,3911.0,3917.0,132728.0,1720633.0,1733996.0
2023-04-17 14:00:00,3917.0,3938.0,3913.0,3928.0,263579.0,1733996.0,1742720.0
2023-04-17 21:00:00,3942.0,3962.0,3937.0,3947.0,351628.0,1742720.0,1754284.0
2023-04-17 22:00:00,3947.0,3961.0,3944.0,3960.0,144630.0,1754284.0,1754418.0
2023-04-18 09:00:00,3960.0,3981.0,3958.0,3971.0,323007.0,1754418.0,1776112.0
2023-04-18 10:00:00,3971.0,3975.0,3933.0,3943.0,324794.0,1776112.0,1769138.0
2023-04-18 11:00:00,3943.0,3953.0,3939.0,3943.0,83882.0,1769138.0,1766505.0
2023-04-18 13:00:00,3944.0,3950.0,3926.0,3934.0,171086.0,1766505.0,1777424.0
2023-04-18 14:00:00,3934.0,3953.0,3929.0,3950.0,220598.0,1777424.0,1778836.0
2023-04-18 21:00:00,3949.0,3961.0,3931.0,3935.0,337072.0,1778836.0,1802522.0
2023-04-18 22:00:00,3935.0,3959.0,3933.0,3951.0,201917.0,1802522.0,1785888.0
2023-04-19 09:00:00,3952.0,3963.0,3944.0,3954.0,184975.0,1785888.0,1795105.0
2023-04-19 10:00:00,3954.0,3955.0,3928.0,3938.0,190940.0,1795105.0,1802752.0
2023-04-19 11:00:00,3938.0,3940.0,3927.0,3938.0,90812.0,1802752.0,1809000.0
2023-04-19 13:00:00,3946.0,3955.0,3937.0,3938.0,159008.0,1809000.0,1806211.0
2023-04-19 14:00:00,3938.0,3941.0,3910.0,3927.0,331204.0,1806211.0,1818464.0
2023-04-19 21:00:00,3911.0,3919.0,3877.0,3878.0,405850.0,1818464.0,1834513.0
2023-04-19 22:00:00,3878.0,3916.0,3868.0,3911.0,428327.0,1834513.0,1820492.0
2023-04-20 09:00:00,3908.0,3912.0,3892.0,3903.0,198140.0,1820492.0,1828601.0
2023-04-20 10:00:00,3903.0,3907.0,3889.0,3895.0,119729.0,1828601.0,1830135.0
2023-04-20 11:00:00,3895.0,3907.0,3882.0,3884.0,107597.0,1830135.0,1829545.0
2023-04-20 13:00:00,3900.0,3900.0,3875.0,3889.0,214305.0,1829545.0,1835394.0
2023-04-20 14:00:00,3889.0,3929.0,3889.0,3914.0,421520.0,1835394.0,1812943.0
2023-04-20 21:00:00,3905.0,3908.0,3871.0,3882.0,408607.0,1812943.0,1856967.0
2023-04-20 22:00:00,3882.0,3888.0,3857.0,3860.0,263075.0,1856967.0,1879891.0
2023-04-21 09:00:00,3856.0,3869.0,3836.0,3839.0,415272.0,1879891.0,1909179.0
2023-04-21 10:00:00,3839.0,3848.0,3831.0,3835.0,175982.0,1909179.0,1917339.0
2023-04-21 11:00:00,3835.0,3843.0,3826.0,3836.0,92167.0,1917339.0,1924356.0
2023-04-21 13:00:00,3827.0,3839.0,3823.0,3827.0,138245.0,1924356.0,1929368.0
2023-04-21 14:00:00,3827.0,3838.0,3809.0,3810.0,345350.0,1929368.0,1918659.0
2023-04-21 21:00:00,3809.0,3817.0,3789.0,3795.0,370097.0,1918659.0,1933820.0
2023-04-21 22:00:00,3795.0,3801.0,3752.0,3753.0,341243.0,1933820.0,1954721.0
2023-04-24 09:00:00,3723.0,3749.0,3713.0,3716.0,555169.0,1954721.0,2017143.0
2023-04-24 10:00:00,3716.0,3729.0,3711.0,3713.0,148193.0,2017143.0,2034305.0
2023-04-24 11:00:00,3713.0,3728.0,3713.0,3722.0,89494.0,2034305.0,2031499.0
2023-04-24 13:00:00,3721.0,3723.0,3690.0,3696.0,215838.0,2031499.0,2042786.0
2023-04-24 14:00:00,3696.0,3739.0,3695.0,3714.0,468054.0,2042786.0,2009878.0
2023-04-24 21:00:00,3718.0,3743.0,3710.0,3733.0,403180.0,2009878.0,2028266.0
2023-04-24 22:00:00,3733.0,3744.0,3720.0,3726.0,229422.0,2028266.0,2013507.0
2023-04-25 09:00:00,3729.0,3747.0,3725.0,3732.0,282568.0,2013507.0,2018749.0
2023-04-25 10:00:00,3732.0,3736.0,3710.0,3715.0,196490.0,2018749.0,2031235.0
2023-04-25 11:00:00,3715.0,3727.0,3708.0,3716.0,110280.0,2031235.0,2024212.0
2023-04-25 13:00:00,3714.0,3714.0,3695.0,3700.0,194549.0,2024212.0,2053675.0
2023-04-25 14:00:00,3700.0,3712.0,3680.0,3685.0,289813.0,2053675.0,2046197.0
2023-04-25 21:00:00,3671.0,3696.0,3662.0,3670.0,473405.0,2046197.0,2052152.0
2023-04-25 22:00:00,3670.0,3698.0,3666.0,3692.0,244055.0,2052152.0,2049809.0
2023-04-26 09:00:00,3695.0,3735.0,3691.0,3725.0,430129.0,2049809.0,2043631.0
2023-04-26 10:00:00,3725.0,3736.0,3712.0,3728.0,215557.0,2043631.0,2028515.0
2023-04-26 11:00:00,3728.0,3732.0,3712.0,3717.0,100245.0,2028515.0,2026131.0
2023-04-26 13:00:00,3720.0,3730.0,3711.0,3718.0,107580.0,2026131.0,2024396.0
2023-04-26 14:00:00,3718.0,3725.0,3706.0,3719.0,200872.0,2024396.0,2010382.0
2023-04-26 21:00:00,3744.0,3759.0,3734.0,3739.0,421953.0,2010382.0,1993613.0
2023-04-26 22:00:00,3739.0,3748.0,3727.0,3745.0,153854.0,1993613.0,1991873.0
2023-04-27 09:00:00,3738.0,3746.0,3718.0,3721.0,221476.0,1991873.0,1995385.0
2023-04-27 10:00:00,3721.0,3725.0,3704.0,3712.0,174420.0,1995385.0,2014206.0
2023-04-27 11:00:00,3712.0,3734.0,3704.0,3727.0,146677.0,2014206.0,2006177.0
2023-04-27 13:00:00,3735.0,3744.0,3718.0,3735.0,216179.0,2006177.0,2013655.0
2023-04-27 14:00:00,3735.0,3737.0,3690.0,3691.0,376140.0,2013655.0,2003400.0
2023-04-27 21:00:00,3688.0,3695.0,3665.0,3679.0,373654.0,2003400.0,2002493.0
2023-04-27 22:00:00,3679.0,3701.0,3675.0,3686.0,254885.0,2002493.0,1976676.0
2023-04-28 09:00:00,3691.0,3710.0,3691.0,3705.0,204940.0,1976676.0,1982662.0
2023-04-28 10:00:00,3705.0,3709.0,3685.0,3693.0,119978.0,1982662.0,1977969.0
2023-04-28 11:00:00,3693.0,3694.0,3680.0,3684.0,65998.0,1977969.0,1976030.0
2023-04-28 13:00:00,3681.0,3692.0,3672.0,3672.0,120148.0,1976030.0,1975991.0
2023-04-28 14:00:00,3672.0,3680.0,3660.0,3660.0,318588.0,1975991.0,1955066.0
2023-05-04 09:00:00,3645.0,3664.0,3632.0,3658.0,465378.0,1955066.0,1987880.0
2023-05-04 10:00:00,3658.0,3677.0,3654.0,3664.0,179796.0,1987880.0,1999545.0
2023-05-04 11:00:00,3664.0,3666.0,3634.0,3637.0,158442.0,1999545.0,1999947.0
2023-05-04 13:00:00,3637.0,3644.0,3617.0,3621.0,221803.0,1999947.0,2027011.0
2023-05-04 14:00:00,3621.0,3630.0,3609.0,3615.0,242649.0,2027011.0,2022762.0
2023-05-04 21:00:00,3610.0,3612.0,3567.0,3573.0,439716.0,2022762.0,2089145.0
2023-05-04 22:00:00,3573.0,3576.0,3559.0,3560.0,163894.0,2089145.0,2078074.0
2023-05-05 09:00:00,3562.0,3572.0,3551.0,3555.0,247918.0,2078074.0,2092714.0
2023-05-05 10:00:00,3555.0,3568.0,3539.0,3565.0,271224.0,2092714.0,2112085.0
2023-05-05 11:00:00,3565.0,3590.0,3564.0,3587.0,235954.0,2112085.0,2092552.0
2023-05-05 13:00:00,3588.0,3625.0,3586.0,3618.0,343073.0,2092552.0,2085868.0
2023-05-05 14:00:00,3618.0,3624.0,3607.0,3622.0,297346.0,2085868.0,2062499.0
2023-05-05 21:00:00,3611.0,3639.0,3605.0,3635.0,379864.0,2062499.0,2075033.0
2023-05-05 22:00:00,3635.0,3656.0,3626.0,3654.0,263305.0,2075033.0,2063268.0
2023-05-08 09:00:00,3644.0,3686.0,3626.0,3668.0,764598.0,2063268.0,2121521.0
2023-05-08 10:00:00,3668.0,3703.0,3663.0,3694.0,397154.0,2121521.0,2100452.0
2023-05-08 11:00:00,3694.0,3712.0,3689.0,3696.0,190343.0,2100452.0,2090727.0
2023-05-08 13:00:00,3695.0,3708.0,3688.0,3703.0,149447.0,2090727.0,2103460.0
2023-05-08 14:00:00,3703.0,3733.0,3702.0,3732.0,418270.0,2103460.0,2103630.0
2023-05-08 21:00:00,3737.0,3740.0,3717.0,3723.0,356821.0,2103630.0,2104810.0
2023-05-08 22:00:00,3723.0,3743.0,3719.0,3735.0,214748.0,2104810.0,2098993.0
2023-05-09 09:00:00,3736.0,3738.0,3704.0,3717.0,337692.0,2098993.0,2078702.0
2023-05-09 10:00:00,3717.0,3738.0,3714.0,3733.0,169151.0,2078702.0,2080378.0
2023-05-09 11:00:00,3733.0,3735.0,3719.0,3721.0,91599.0,2080378.0,2068623.0
2023-05-09 13:00:00,3721.0,3722.0,3709.0,3712.0,128252.0,2068623.0,2064627.0
2023-05-09 14:00:00,3712.0,3719.0,3690.0,3691.0,295001.0,2064627.0,2051179.0
2023-05-09 21:00:00,3689.0,3723.0,3683.0,3718.0,413514.0,2051179.0,2056642.0
2023-05-09 22:00:00,3718.0,3720.0,3697.0,3710.0,204682.0,2056642.0,2040373.0
2023-05-10 09:00:00,3714.0,3732.0,3703.0,3705.0,303651.0,2040373.0,2048985.0
2023-05-10 10:00:00,3705.0,3718.0,3686.0,3693.0,212395.0,2048985.0,2060765.0
2023-05-10 11:00:00,3693.0,3706.0,3680.0,3685.0,152521.0,2060765.0,2061464.0
2023-05-10 13:00:00,3690.0,3697.0,3678.0,3696.0,150890.0,2061464.0,2068263.0
2023-05-10 14:00:00,3696.0,3697.0,3666.0,3688.0,341234.0,2068263.0,2050699.0
2023-05-10 21:00:00,3695.0,3709.0,3656.0,3664.0,434186.0,2050699.0,2058283.0
2023-05-10 22:00:00,3664.0,3678.0,3616.0,3618.0,468757.0,2058283.0,2058542.0
2023-05-11 09:00:00,3621.0,3632.0,3601.0,3602.0,361345.0,2058542.0,2088095.0
2023-05-11 10:00:00,3602.0,3614.0,3591.0,3610.0,273197.0,2088095.0,2082468.0
2023-05-11 11:00:00,3610.0,3635.0,3610.0,3629.0,234067.0,2082468.0,2084612.0
2023-05-11 13:00:00,3633.0,3656.0,3610.0,3646.0,412014.0,2084612.0,2065645.0
2023-05-11 14:00:00,3646.0,3646.0,3591.0,3600.0,442585.0,2065645.0,2041822.0
2023-05-11 21:00:00,3578.0,3585.0,3562.0,3573.0,414041.0,2041822.0,2052144.0
2023-05-11 22:00:00,3573.0,3602.0,3572.0,3587.0,271380.0,2052144.0,2040161.0
2023-05-12 09:00:00,3588.0,3604.0,3578.0,3584.0,237708.0,2040161.0,2038662.0
2023-05-12 10:00:00,3584.0,3617.0,3582.0,3616.0,216416.0,2038662.0,2045798.0
2023-05-12 11:00:00,3616.0,3633.0,3614.0,3627.0,199424.0,2045798.0,2047754.0
2023-05-12 13:00:00,3620.0,3631.0,3616.0,3627.0,140827.0,2047754.0,2046543.0
2023-05-12 14:00:00,3627.0,3629.0,3579.0,3579.0,376453.0,2046543.0,1995985.0
2023-05-12 21:00:00,3591.0,3675.0,3587.0,3668.0,730363.0,1995985.0,2027230.0
2023-05-12 22:00:00,3668.0,3698.0,3657.0,3670.0,517272.0,2027230.0,2004735.0
2023-05-15 09:00:00,3660.0,3671.0,3632.0,3634.0,485586.0,2004735.0,1982335.0
2023-05-15 10:00:00,3634.0,3642.0,3625.0,3628.0,161852.0,1982335.0,1985840.0
2023-05-15 11:00:00,3628.0,3641.0,3627.0,3631.0,93235.0,1985840.0,1981733.0
2023-05-15 13:00:00,3643.0,3664.0,3638.0,3659.0,202534.0,1981733.0,1991681.0
2023-05-15 14:00:00,3659.0,3684.0,3644.0,3667.0,373957.0,1991681.0,1993296.0
2023-05-15 21:00:00,3683.0,3692.0,3662.0,3669.0,298820.0,1993296.0,2005315.0
2023-05-15 22:00:00,3669.0,3691.0,3658.0,3674.0,244578.0,2005315.0,1995630.0
2023-05-16 09:00:00,3674.0,3697.0,3673.0,3687.0,244629.0,1995630.0,2014927.0
2023-05-16 10:00:00,3687.0,3688.0,3645.0,3654.0,402005.0,2014927.0,2011610.0
2023-05-16 11:00:00,3654.0,3661.0,3641.0,3650.0,121874.0,2011610.0,2012805.0
2023-05-16 13:00:00,3648.0,3654.0,3637.0,3640.0,151378.0,2012805.0,2013760.0
2023-05-16 14:00:00,3640.0,3648.0,3627.0,3640.0,280297.0,2013760.0,2001059.0
2023-05-16 21:00:00,3642.0,3666.0,3639.0,3654.0,343017.0,2001059.0,1998502.0
2023-05-16 22:00:00,3654.0,3656.0,3636.0,3652.0,186380.0,1998502.0,1988910.0
2023-05-17 09:00:00,3650.0,3684.0,3647.0,3677.0,324769.0,1988910.0,1988273.0
2023-05-17 10:00:00,3677.0,3699.0,3672.0,3691.0,262226.0,1988273.0,2006219.0
2023-05-17 11:00:00,3691.0,3692.0,3681.0,3685.0,82787.0,2006219.0,2006329.0
2023-05-17 13:00:00,3684.0,3690.0,3671.0,3678.0,147387.0,2006329.0,2014429.0
2023-05-17 14:00:00,3678.0,3717.0,3675.0,3715.0,436941.0,2014429.0,2018915.0
2023-05-17 21:00:00,3719.0,3724.0,3707.0,3710.0,328993.0,2018915.0,2011310.0
2023-05-17 22:00:00,3710.0,3717.0,3702.0,3708.0,174643.0,2011310.0,1995662.0
2023-05-18 09:00:00,3713.0,3717.0,3690.0,3700.0,265557.0,1995662.0,1996540.0
2023-05-18 10:00:00,3700.0,3714.0,3698.0,3706.0,150144.0,1996540.0,2003065.0
2023-05-18 11:00:00,3706.0,3713.0,3680.0,3683.0,197799.0,2003065.0,2014347.0
2023-05-18 13:00:00,3678.0,3680.0,3661.0,3669.0,320452.0,2014347.0,2006998.0
2023-05-18 14:00:00,3669.0,3695.0,3668.0,3687.0,282925.0,2006998.0,1990809.0
2023-05-18 21:00:00,3680.0,3691.0,3666.0,3685.0,333895.0,1990809.0,1995074.0
2023-05-18 22:00:00,3685.0,3695.0,3641.0,3645.0,423639.0,1995074.0,1972471.0
2023-05-19 09:00:00,3645.0,3650.0,3613.0,3618.0,401603.0,1972471.0,1981312.0
2023-05-19 10:00:00,3618.0,3667.0,3616.0,3666.0,324963.0,1981312.0,1955210.0
2023-05-19 11:00:00,3666.0,3677.0,3650.0,3670.0,168077.0,1955210.0,1940398.0
2023-05-19 13:00:00,3669.0,3669.0,3643.0,3647.0,137863.0,1940398.0,1947650.0
2023-05-19 14:00:00,3647.0,3662.0,3636.0,3645.0,231952.0,1947650.0,1932553.0
2023-05-19 21:00:00,3652.0,3665.0,3628.0,3636.0,314925.0,1932553.0,1946228.0
2023-05-19 22:00:00,3636.0,3675.0,3626.0,3633.0,425903.0,1946228.0,1920803.0
2023-05-22 09:00:00,3630.0,3630.0,3602.0,3620.0,447933.0,1920803.0,1957338.0
2023-05-22 10:00:00,3620.0,3626.0,3597.0,3604.0,216537.0,1957338.0,1974466.0
2023-05-22 11:00:00,3604.0,3613.0,3587.0,3591.0,178279.0,1974466.0,1981563.0
2023-05-22 13:00:00,3589.0,3589.0,3564.0,3566.0,267136.0,1981563.0,2008108.0
2023-05-22 14:00:00,3566.0,3579.0,3551.0,3569.0,424010.0,2008108.0,1967803.0
2023-05-22 21:00:00,3565.0,3604.0,3565.0,3601.0,367047.0,1967803.0,1957054.0
2023-05-22 22:00:00,3601.0,3616.0,3583.0,3594.0,327937.0,1957054.0,1945146.0
2023-05-23 09:00:00,3595.0,3621.0,3593.0,3612.0,346370.0,1945146.0,1950616.0
2023-05-23 10:00:00,3612.0,3617.0,3586.0,3597.0,198175.0,1950616.0,1950036.0
2023-05-23 11:00:00,3597.0,3597.0,3576.0,3586.0,116158.0,1950036.0,1945915.0
2023-05-23 13:00:00,3584.0,3590.0,3572.0,3586.0,166550.0,1945915.0,1943060.0
2023-05-23 14:00:00,3586.0,3595.0,3565.0,3588.0,318553.0,1943060.0,1928799.0
2023-05-23 21:00:00,3590.0,3595.0,3526.0,3536.0,611304.0,1928799.0,1988273.0
2023-05-23 22:00:00,3536.0,3565.0,3525.0,3552.0,327432.0,1988273.0,1976148.0
2023-05-24 09:00:00,3551.0,3552.0,3512.0,3513.0,392246.0,1976148.0,2030542.0
2023-05-24 10:00:00,3513.0,3520.0,3505.0,3508.0,209950.0,2030542.0,2050221.0
2023-05-24 11:00:00,3508.0,3519.0,3503.0,3512.0,120291.0,2050221.0,2052529.0
2023-05-24 13:00:00,3507.0,3508.0,3486.0,3489.0,223813.0,2052529.0,2071052.0
2023-05-24 14:00:00,3489.0,3496.0,3462.0,3466.0,385010.0,2071052.0,2055599.0
2023-05-24 21:00:00,3459.0,3462.0,3423.0,3437.0,560124.0,2055599.0,2092282.0
2023-05-24 22:00:00,3437.0,3449.0,3428.0,3435.0,205179.0,2092282.0,2088346.0
2023-05-25 09:00:00,3437.0,3458.0,3435.0,3454.0,319155.0,2088346.0,2091360.0
2023-05-25 10:00:00,3454.0,3477.0,3446.0,3448.0,383803.0,2091360.0,2090170.0
2023-05-25 11:00:00,3448.0,3453.0,3441.0,3448.0,115854.0,2090170.0,2091936.0
2023-05-25 13:00:00,3448.0,3448.0,3411.0,3417.0,277467.0,2091936.0,2109148.0
2023-05-25 14:00:00,3417.0,3435.0,3411.0,3432.0,358732.0,2109148.0,2085614.0
2023-05-25 21:00:00,3421.0,3431.0,3388.0,3397.0,490033.0,2085614.0,2137626.0
2023-05-25 22:00:00,3397.0,3440.0,3391.0,3423.0,456781.0,2137626.0,2131994.0
2023-05-26 09:00:00,3420.0,3442.0,3409.0,3422.0,367497.0,2131994.0,2150199.0
2023-05-26 10:00:00,3422.0,3431.0,3413.0,3420.0,153677.0,2150199.0,2145615.0
2023-05-26 11:00:00,3420.0,3464.0,3417.0,3458.0,305095.0,2145615.0,2138178.0
2023-05-26 13:00:00,3476.0,3509.0,3467.0,3480.0,629879.0,2138178.0,2103051.0
2023-05-26 14:00:00,3480.0,3510.0,3474.0,3493.0,426044.0,2103051.0,2071715.0
2023-05-26 21:00:00,3495.0,3517.0,3480.0,3500.0,454255.0,2071715.0,2073278.0
2023-05-26 22:00:00,3500.0,3502.0,3480.0,3481.0,238722.0,2073278.0,2066849.0
2023-05-29 09:00:00,3483.0,3487.0,3463.0,3478.0,401297.0,2066849.0,2087467.0
2023-05-29 10:00:00,3478.0,3508.0,3476.0,3499.0,284787.0,2087467.0,2081894.0
2023-05-29 11:00:00,3499.0,3503.0,3477.0,3487.0,143386.0,2081894.0,2073152.0
2023-05-29 13:00:00,3485.0,3496.0,3473.0,3492.0,143023.0,2073152.0,2081921.0
2023-05-29 14:00:00,3492.0,3513.0,3484.0,3511.0,320582.0,2081921.0,2076395.0
2023-05-29 21:00:00,3511.0,3522.0,3503.0,3511.0,315677.0,2076395.0,2083001.0
2023-05-29 22:00:00,3511.0,3516.0,3506.0,3507.0,130405.0,2083001.0,2072210.0
2023-05-30 09:00:00,3506.0,3513.0,3487.0,3489.0,352141.0,2072210.0,2069438.0
2023-05-30 10:00:00,3489.0,3495.0,3474.0,3479.0,194852.0,2069438.0,2084113.0
2023-05-30 11:00:00,3479.0,3482.0,3463.0,3467.0,144209.0,2084113.0,2088359.0
2023-05-30 13:00:00,3461.0,3463.0,3444.0,3447.0,277889.0,2088359.0,2100245.0
2023-05-30 14:00:00,3447.0,3479.0,3446.0,3460.0,441650.0,2100245.0,2092489.0
2023-05-30 21:00:00,3458.0,3464.0,3440.0,3441.0,346172.0,2092489.0,2099474.0
2023-05-30 22:00:00,3441.0,3452.0,3430.0,3434.0,187377.0,2099474.0,2090376.0
2023-05-31 09:00:00,3431.0,3456.0,3424.0,3447.0,328782.0,2090376.0,2102933.0
2023-05-31 10:00:00,3447.0,3453.0,3428.0,3437.0,177010.0,2102933.0,2102429.0
2023-05-31 11:00:00,3437.0,3452.0,3435.0,3448.0,117443.0,2102429.0,2094389.0
2023-05-31 13:00:00,3445.0,3470.0,3441.0,3469.0,242241.0,2094389.0,2104313.0
2023-05-31 14:00:00,3469.0,3473.0,3455.0,3463.0,267226.0,2104313.0,2091644.0
2023-05-31 21:00:00,3453.0,3494.0,3445.0,3484.0,393184.0,2091644.0,2094032.0
2023-05-31 22:00:00,3484.0,3512.0,3481.0,3511.0,307740.0,2094032.0,2082000.0
2023-06-01 09:00:00,3510.0,3516.0,3482.0,3515.0,388704.0,2082000.0,2083470.0
2023-06-01 10:00:00,3515.0,3531.0,3510.0,3513.0,342111.0,2083470.0,2071322.0
2023-06-01 11:00:00,3513.0,3520.0,3505.0,3517.0,106284.0,2071322.0,2069434.0
2023-06-01 13:00:00,3525.0,3536.0,3520.0,3531.0,216334.0,2069434.0,2074376.0
2023-06-01 14:00:00,3531.0,3548.0,3518.0,3546.0,369765.0,2074376.0,2057886.0
2023-06-01 21:00:00,3539.0,3540.0,3516.0,3517.0,337709.0,2057886.0,2066139.0
2023-06-01 22:00:00,3517.0,3529.0,3512.0,3519.0,176015.0,2066139.0,2061280.0
2023-06-02 09:00:00,3519.0,3531.0,3508.0,3526.0,306353.0,2061280.0,2064895.0
2023-06-02 10:00:00,3526.0,3550.0,3517.0,3549.0,213349.0,2064895.0,2065843.0
2023-06-02 11:00:00,3549.0,3603.0,3548.0,3584.0,602712.0,2065843.0,2013486.0
2023-06-02 13:00:00,3584.0,3602.0,3579.0,3597.0,253943.0,2013486.0,1999249.0
2023-06-02 14:00:00,3597.0,3631.0,3595.0,3596.0,547034.0,1999249.0,1932492.0
2023-06-02 21:00:00,3603.0,3627.0,3598.0,3624.0,438468.0,1932492.0,1921064.0
2023-06-02 22:00:00,3624.0,3649.0,3621.0,3642.0,334613.0,1921064.0,1895716.0
2023-06-05 09:00:00,3682.0,3689.0,3624.0,3652.0,623003.0,1895716.0,1923615.0
2023-06-05 10:00:00,3652.0,3656.0,3635.0,3637.0,166288.0,1923615.0,1926607.0
2023-06-05 11:00:00,3637.0,3650.0,3628.0,3633.0,117060.0,1926607.0,1931291.0
2023-06-05 13:00:00,3632.0,3650.0,3621.0,3646.0,178175.0,1931291.0,1921727.0
2023-06-05 14:00:00,3646.0,3652.0,3633.0,3638.0,219976.0,1921727.0,1908666.0
2023-06-05 21:00:00,3637.0,3656.0,3624.0,3650.0,274701.0,1908666.0,1917491.0
2023-06-05 22:00:00,3650.0,3668.0,3646.0,3657.0,226720.0,1917491.0,1906977.0
2023-06-06 09:00:00,3656.0,3658.0,3632.0,3637.0,262962.0,1906977.0,1915285.0
2023-06-06 10:00:00,3637.0,3670.0,3635.0,3669.0,218407.0,1915285.0,1918571.0
2023-06-06 11:00:00,3669.0,3685.0,3662.0,3682.0,132622.0,1918571.0,1916555.0
2023-06-06 13:00:00,3680.0,3686.0,3660.0,3662.0,188002.0,1916555.0,1909896.0
2023-06-06 14:00:00,3662.0,3677.0,3635.0,3641.0,347754.0,1909896.0,1880580.0
2023-06-06 21:00:00,3643.0,3658.0,3631.0,3636.0,331896.0,1880580.0,1882596.0
2023-06-06 22:00:00,3636.0,3650.0,3619.0,3634.0,300896.0,1882596.0,1868744.0
2023-06-07 09:00:00,3638.0,3663.0,3632.0,3661.0,284991.0,1868744.0,1872485.0
2023-06-07 10:00:00,3661.0,3664.0,3641.0,3651.0,177180.0,1872485.0,1870964.0
2023-06-07 11:00:00,3651.0,3655.0,3639.0,3641.0,112958.0,1870964.0,1869637.0
2023-06-07 13:00:00,3647.0,3656.0,3617.0,3619.0,259313.0,1869637.0,1893576.0
2023-06-07 14:00:00,3619.0,3626.0,3586.0,3621.0,620253.0,1893576.0,1881811.0
2023-06-07 21:00:00,3632.0,3658.0,3625.0,3655.0,408339.0,1881811.0,1887810.0
2023-06-07 22:00:00,3655.0,3671.0,3653.0,3659.0,297828.0,1887810.0,1873174.0
2023-06-08 09:00:00,3660.0,3678.0,3657.0,3659.0,284171.0,1873174.0,1865277.0
2023-06-08 10:00:00,3659.0,3676.0,3654.0,3660.0,173812.0,1865277.0,1867878.0
2023-06-08 11:00:00,3660.0,3667.0,3632.0,3637.0,231514.0,1867878.0,1861264.0
2023-06-08 13:00:00,3631.0,3662.0,3631.0,3642.0,232002.0,1861264.0,1866888.0
2023-06-08 14:00:00,3642.0,3656.0,3633.0,3654.0,228364.0,1866888.0,1862472.0
2023-06-08 21:00:00,3659.0,3696.0,3656.0,3687.0,532852.0,1862472.0,1862035.0
2023-06-08 22:00:00,3687.0,3695.0,3682.0,3694.0,151192.0,1862035.0,1861465.0
2023-06-09 09:00:00,3694.0,3716.0,3673.0,3678.0,447157.0,1861465.0,1881499.0
2023-06-09 10:00:00,3678.0,3683.0,3671.0,3681.0,144946.0,1881499.0,1884630.0
2023-06-09 11:00:00,3681.0,3703.0,3678.0,3691.0,149807.0,1884630.0,1874249.0
2023-06-09 13:00:00,3691.0,3703.0,3677.0,3698.0,155960.0,1874249.0,1886146.0
2023-06-09 14:00:00,3698.0,3722.0,3691.0,3711.0,452279.0,1886146.0,1909178.0
2023-06-09 21:00:00,3711.0,3713.0,3690.0,3698.0,302146.0,1909178.0,1919613.0
2023-06-09 22:00:00,3698.0,3727.0,3693.0,3694.0,370357.0,1919613.0,1908466.0
2023-06-12 09:00:00,3686.0,3686.0,3653.0,3657.0,515523.0,1908466.0,1916144.0
2023-06-12 10:00:00,3657.0,3660.0,3643.0,3648.0,221530.0,1916144.0,1911889.0
2023-06-12 11:00:00,3648.0,3654.0,3634.0,3639.0,116323.0,1911889.0,1901393.0
2023-06-12 13:00:00,3642.0,3660.0,3642.0,3646.0,158608.0,1901393.0,1891442.0
2023-06-12 14:00:00,3646.0,3654.0,3630.0,3652.0,259522.0,1891442.0,1881702.0
2023-06-12 21:00:00,3653.0,3670.0,3650.0,3661.0,288686.0,1881702.0,1876884.0
2023-06-12 22:00:00,3661.0,3680.0,3648.0,3680.0,223760.0,1876884.0,1873488.0
2023-06-13 09:00:00,3678.0,3696.0,3673.0,3694.0,318967.0,1873488.0,1883137.0
2023-06-13 10:00:00,3694.0,3724.0,3680.0,3721.0,368768.0,1883137.0,1918247.0
2023-06-13 11:00:00,3721.0,3726.0,3702.0,3718.0,287067.0,1918247.0,1924901.0
2023-06-13 13:00:00,3725.0,3734.0,3711.0,3729.0,255473.0,1924901.0,1941187.0
2023-06-13 14:00:00,3729.0,3744.0,3724.0,3741.0,319943.0,1941187.0,1957459.0
2023-06-13 21:00:00,3749.0,3753.0,3735.0,3743.0,362150.0,1957459.0,1966146.0
2023-06-13 22:00:00,3743.0,3748.0,3736.0,3739.0,116160.0,1966146.0,1958400.0
2023-06-14 09:00:00,3737.0,3742.0,3723.0,3740.0,303589.0,1958400.0,1945807.0
2023-06-14 10:00:00,3740.0,3742.0,3725.0,3729.0,133491.0,1945807.0,1938449.0
2023-06-14 11:00:00,3729.0,3747.0,3727.0,3747.0,121465.0,1938449.0,1941555.0
2023-06-14 13:00:00,3746.0,3763.0,3732.0,3735.0,331983.0,1941555.0,1927813.0
2023-06-14 14:00:00,3735.0,3745.0,3718.0,3739.0,385573.0,1927813.0,1910655.0
2023-06-14 21:00:00,3746.0,3770.0,3744.0,3753.0,328400.0,1910655.0,1932011.0
2023-06-14 22:00:00,3753.0,3765.0,3747.0,3748.0,192814.0,1932011.0,1928868.0
2023-06-15 09:00:00,3747.0,3748.0,3722.0,3742.0,349269.0,1928868.0,1939868.0
2023-06-15 10:00:00,3742.0,3758.0,3715.0,3717.0,288520.0,1939868.0,1953696.0
2023-06-15 11:00:00,3717.0,3734.0,3713.0,3731.0,155269.0,1953696.0,1950273.0
2023-06-15 13:00:00,3738.0,3746.0,3730.0,3746.0,169110.0,1950273.0,1951754.0
2023-06-15 14:00:00,3746.0,3765.0,3743.0,3760.0,365613.0,1951754.0,1948226.0
2023-06-15 21:00:00,3765.0,3776.0,3757.0,3774.0,296651.0,1948226.0,1981308.0
2023-06-15 22:00:00,3774.0,3779.0,3756.0,3761.0,213094.0,1981308.0,1976127.0
2023-06-16 09:00:00,3762.0,3786.0,3754.0,3781.0,347629.0,1976127.0,1988212.0
2023-06-16 10:00:00,3781.0,3793.0,3772.0,3792.0,191965.0,1988212.0,1997655.0
2023-06-16 11:00:00,3792.0,3797.0,3775.0,3796.0,158224.0,1997655.0,2003727.0
2023-06-16 13:00:00,3797.0,3803.0,3792.0,3798.0,159792.0,2003727.0,2002890.0
2023-06-16 14:00:00,3798.0,3809.0,3792.0,3799.0,299294.0,2002890.0,1975804.0
2023-06-16 21:00:00,3800.0,3804.0,3765.0,3788.0,558082.0,1975804.0,1955399.0
2023-06-16 22:00:00,3788.0,3815.0,3786.0,3814.0,291225.0,1955399.0,1954893.0
2023-06-19 09:00:00,3802.0,3802.0,3775.0,3789.0,417027.0,1954893.0,1942290.0
2023-06-19 10:00:00,3789.0,3790.0,3747.0,3753.0,287526.0,1942290.0,1927129.0
2023-06-19 11:00:00,3753.0,3762.0,3744.0,3751.0,202015.0,1927129.0,1918005.0
2023-06-19 13:00:00,3751.0,3773.0,3743.0,3766.0,193791.0,1918005.0,1915143.0
2023-06-19 14:00:00,3766.0,3767.0,3747.0,3752.0,196544.0,1915143.0,1897696.0
2023-06-19 21:00:00,3761.0,3767.0,3734.0,3748.0,341648.0,1897696.0,1890380.0
2023-06-19 22:00:00,3748.0,3755.0,3727.0,3745.0,248933.0,1890380.0,1882004.0
2023-06-20 09:00:00,3745.0,3770.0,3745.0,3747.0,297001.0,1882004.0,1896363.0
2023-06-20 10:00:00,3747.0,3749.0,3724.0,3730.0,282393.0,1896363.0,1884906.0
2023-06-20 11:00:00,3730.0,3741.0,3720.0,3738.0,139701.0,1884906.0,1881829.0
2023-06-20 13:00:00,3736.0,3751.0,3730.0,3751.0,123963.0,1881829.0,1881766.0
2023-06-20 14:00:00,3751.0,3757.0,3737.0,3743.0,205972.0,1881766.0,1871501.0
2023-06-20 21:00:00,3738.0,3744.0,3709.0,3717.0,386452.0,1871501.0,1875091.0
2023-06-20 22:00:00,3717.0,3717.0,3691.0,3696.0,339836.0,1875091.0,1850763.0
2023-06-21 09:00:00,3700.0,3740.0,3697.0,3737.0,387481.0,1850763.0,1848977.0
2023-06-21 10:00:00,3737.0,3743.0,3717.0,3719.0,183684.0,1848977.0,1853643.0
2023-06-21 11:00:00,3719.0,3735.0,3719.0,3731.0,85751.0,1853643.0,1849459.0
2023-06-21 13:00:00,3727.0,3728.0,3696.0,3703.0,197766.0,1849459.0,1833605.0
2023-06-21 14:00:00,3703.0,3708.0,3683.0,3686.0,356619.0,1833605.0,1789953.0
2023-06-26 09:00:00,3642.0,3672.0,3636.0,3647.0,566605.0,1789953.0,1821471.0
2023-06-26 10:00:00,3647.0,3649.0,3633.0,3639.0,229185.0,1821471.0,1816373.0
2023-06-26 11:00:00,3639.0,3665.0,3635.0,3657.0,157980.0,1816373.0,1801813.0
2023-06-26 13:00:00,3654.0,3660.0,3650.0,3654.0,90816.0,1801813.0,1809184.0
2023-06-26 14:00:00,3654.0,3671.0,3646.0,3667.0,231366.0,1809184.0,1799393.0
2023-06-26 21:00:00,3668.0,3683.0,3661.0,3676.0,278149.0,1799393.0,1797889.0
2023-06-26 22:00:00,3676.0,3680.0,3667.0,3673.0,130635.0,1797889.0,1789406.0
2023-06-27 09:00:00,3675.0,3703.0,3675.0,3700.0,274718.0,1789406.0,1801113.0
2023-06-27 10:00:00,3700.0,3712.0,3688.0,3711.0,155722.0,1801113.0,1813685.0
2023-06-27 11:00:00,3711.0,3725.0,3706.0,3725.0,174715.0,1813685.0,1832559.0
2023-06-27 13:00:00,3723.0,3744.0,3722.0,3740.0,263423.0,1832559.0,1845873.0
2023-06-27 14:00:00,3740.0,3742.0,3717.0,3728.0,311728.0,1845873.0,1849307.0
2023-06-27 21:00:00,3721.0,3732.0,3715.0,3717.0,219145.0,1849307.0,1845377.0
2023-06-27 22:00:00,3717.0,3741.0,3717.0,3732.0,172821.0,1845377.0,1841548.0
2023-06-28 09:00:00,3730.0,3735.0,3712.0,3723.0,250086.0,1841548.0,1834241.0
2023-06-28 10:00:00,3723.0,3724.0,3696.0,3700.0,273735.0,1834241.0,1840063.0
2023-06-28 11:00:00,3700.0,3712.0,3697.0,3699.0,93399.0,1840063.0,1835600.0
2023-06-28 13:00:00,3700.0,3721.0,3691.0,3714.0,163856.0,1835600.0,1837906.0
2023-06-28 14:00:00,3714.0,3732.0,3714.0,3731.0,242134.0,1837906.0,1839521.0
2023-06-28 21:00:00,3723.0,3727.0,3705.0,3724.0,273384.0,1839521.0,1834220.0
2023-06-28 22:00:00,3724.0,3728.0,3700.0,3703.0,181641.0,1834220.0,1827303.0
2023-06-29 09:00:00,3703.0,3751.0,3701.0,3747.0,408237.0,1827303.0,1837017.0
2023-06-29 10:00:00,3747.0,3748.0,3724.0,3725.0,158611.0,1837017.0,1825489.0
2023-06-29 11:00:00,3725.0,3744.0,3723.0,3740.0,113533.0,1825489.0,1816369.0
2023-06-29 13:00:00,3728.0,3732.0,3705.0,3710.0,365984.0,1816369.0,1827160.0
2023-06-29 14:00:00,3710.0,3725.0,3708.0,3723.0,239679.0,1827160.0,1800906.0
2023-06-29 21:00:00,3726.0,3761.0,3723.0,3757.0,381747.0,1800906.0,1810246.0
2023-06-29 22:00:00,3757.0,3766.0,3751.0,3759.0,199350.0,1810246.0,1804784.0
2023-06-30 09:00:00,3756.0,3777.0,3756.0,3773.0,214165.0,1804784.0,1837059.0
2023-06-30 10:00:00,3773.0,3776.0,3758.0,3772.0,147753.0,1837059.0,1835307.0
2023-06-30 11:00:00,3772.0,3774.0,3758.0,3761.0,78803.0,1835307.0,1831265.0
2023-06-30 13:00:00,3760.0,3765.0,3744.0,3749.0,157398.0,1831265.0,1819156.0
2023-06-30 14:00:00,3749.0,3749.0,3711.0,3721.0,525510.0,1819156.0,1802556.0
2023-06-30 21:00:00,3719.0,3747.0,3717.0,3739.0,311042.0,1802556.0,1800611.0
2023-06-30 22:00:00,3739.0,3753.0,3729.0,3730.0,192605.0,1800611.0,1788158.0
2023-07-03 09:00:00,3729.0,3730.0,3706.0,3715.0,378304.0,1788158.0,1790295.0
2023-07-03 10:00:00,3715.0,3745.0,3704.0,3740.0,306624.0,1790295.0,1793846.0
2023-07-03 11:00:00,3740.0,3740.0,3713.0,3733.0,214944.0,1793846.0,1783449.0
2023-07-03 13:00:00,3733.0,3771.0,3730.0,3766.0,369617.0,1783449.0,1835312.0
2023-07-03 14:00:00,3766.0,3780.0,3753.0,3767.0,380275.0,1835312.0,1844614.0
2023-07-03 21:00:00,3767.0,3784.0,3766.0,3773.0,282127.0,1844614.0,1856869.0
2023-07-03 22:00:00,3773.0,3775.0,3758.0,3764.0,178517.0,1856869.0,1829551.0
2023-07-04 09:00:00,3767.0,3782.0,3755.0,3775.0,279692.0,1829551.0,1843391.0
2023-07-04 10:00:00,3775.0,3793.0,3770.0,3789.0,218200.0,1843391.0,1886328.0
2023-07-04 11:00:00,3789.0,3791.0,3775.0,3778.0,111092.0,1886328.0,1881566.0
2023-07-04 13:00:00,3777.0,3779.0,3751.0,3756.0,193631.0,1881566.0,1858051.0
2023-07-04 14:00:00,3756.0,3772.0,3754.0,3768.0,194896.0,1858051.0,1846276.0
2023-07-04 21:00:00,3770.0,3780.0,3758.0,3772.0,253428.0,1846276.0,1847104.0
2023-07-04 22:00:00,3772.0,3777.0,3766.0,3769.0,125146.0,1847104.0,1837437.0
2023-07-05 09:00:00,3771.0,3775.0,3735.0,3741.0,365751.0,1837437.0,1843016.0
2023-07-05 10:00:00,3741.0,3760.0,3739.0,3744.0,180960.0,1843016.0,1841355.0
2023-07-05 11:00:00,3744.0,3746.0,3730.0,3732.0,199871.0,1841355.0,1860094.0
2023-07-05 13:00:00,3731.0,3743.0,3730.0,3741.0,97144.0,1860094.0,1859633.0
2023-07-05 14:00:00,3741.0,3759.0,3737.0,3751.0,254138.0,1859633.0,1836969.0
2023-07-05 21:00:00,3745.0,3770.0,3740.0,3766.0,302730.0,1836969.0,1850775.0
2023-07-05 22:00:00,3766.0,3770.0,3755.0,3761.0,115991.0,1850775.0,1838848.0
2023-07-06 09:00:00,3762.0,3777.0,3762.0,3774.0,189551.0,1838848.0,1857714.0
2023-07-06 10:00:00,3774.0,3774.0,3744.0,3746.0,245635.0,1857714.0,1853026.0
2023-07-06 11:00:00,3746.0,3748.0,3733.0,3737.0,185758.0,1853026.0,1870705.0
2023-07-06 13:00:00,3736.0,3750.0,3734.0,3747.0,143901.0,1870705.0,1865809.0
2023-07-06 14:00:00,3747.0,3764.0,3744.0,3758.0,223711.0,1865809.0,1825369.0
2023-07-06 21:00:00,3758.0,3767.0,3741.0,3745.0,269582.0,1825369.0,1826834.0
2023-07-06 22:00:00,3745.0,3753.0,3735.0,3738.0,170776.0,1826834.0,1825906.0
2023-07-07 09:00:00,3740.0,3759.0,3735.0,3754.0,223581.0,1825906.0,1823595.0
2023-07-07 10:00:00,3754.0,3765.0,3744.0,3765.0,146831.0,1823595.0,1825637.0
2023-07-07 11:00:00,3765.0,3770.0,3757.0,3759.0,143702.0,1825637.0,1827207.0
2023-07-07 13:00:00,3766.0,3768.0,3742.0,3742.0,161952.0,1827207.0,1824350.0
2023-07-07 14:00:00,3742.0,3743.0,3670.0,3671.0,1052639.0,1824350.0,1860783.0
2023-07-07 21:00:00,3669.0,3685.0,3667.0,3678.0,323349.0,1860783.0,1867861.0
2023-07-07 22:00:00,3678.0,3684.0,3673.0,3679.0,137877.0,1867861.0,1844680.0
2023-07-10 09:00:00,3682.0,3709.0,3682.0,3700.0,372257.0,1844680.0,1812802.0
2023-07-10 10:00:00,3700.0,3706.0,3681.0,3688.0,188006.0,1812802.0,1803623.0
2023-07-10 11:00:00,3688.0,3695.0,3663.0,3668.0,160297.0,1803623.0,1811203.0
2023-07-10 13:00:00,3664.0,3666.0,3655.0,3659.0,193307.0,1811203.0,1832251.0
2023-07-10 14:00:00,3659.0,3669.0,3650.0,3654.0,257453.0,1832251.0,1823284.0
2023-07-10 21:00:00,3661.0,3685.0,3659.0,3679.0,290214.0,1823284.0,1821230.0
2023-07-10 22:00:00,3679.0,3688.0,3672.0,3679.0,158001.0,1821230.0,1813310.0
2023-07-11 09:00:00,3678.0,3682.0,3663.0,3671.0,238174.0,1813310.0,1830523.0
2023-07-11 10:00:00,3671.0,3698.0,3670.0,3695.0,258136.0,1830523.0,1809902.0
2023-07-11 11:00:00,3695.0,3696.0,3684.0,3691.0,89992.0,1809902.0,1800344.0
2023-07-11 13:00:00,3691.0,3693.0,3666.0,3669.0,183709.0,1800344.0,1810128.0
2023-07-11 14:00:00,3669.0,3688.0,3668.0,3679.0,217001.0,1810128.0,1800885.0
2023-07-11 21:00:00,3685.0,3706.0,3684.0,3699.0,301407.0,1800885.0,1810539.0
2023-07-11 22:00:00,3699.0,3700.0,3681.0,3691.0,128028.0,1810539.0,1798681.0
2023-07-12 09:00:00,3692.0,3700.0,3682.0,3694.0,217471.0,1798681.0,1808764.0
2023-07-12 10:00:00,3694.0,3699.0,3672.0,3689.0,224565.0,1808764.0,1819203.0
2023-07-12 11:00:00,3689.0,3691.0,3680.0,3687.0,62667.0,1819203.0,1817637.0
2023-07-12 13:00:00,3686.0,3701.0,3686.0,3697.0,167187.0,1817637.0,1814049.0
2023-07-12 14:00:00,3697.0,3717.0,3685.0,3716.0,303692.0,1814049.0,1794663.0
2023-07-12 21:00:00,3723.0,3732.0,3715.0,3722.0,301697.0,1794663.0,1777810.0
2023-07-12 22:00:00,3722.0,3726.0,3715.0,3720.0,106281.0,1777810.0,1764319.0
2023-07-13 09:00:00,3721.0,3728.0,3703.0,3726.0,272490.0,1764319.0,1751897.0
2023-07-13 10:00:00,3726.0,3728.0,3708.0,3708.0,155755.0,1751897.0,1749900.0
2023-07-13 11:00:00,3708.0,3714.0,3704.0,3709.0,99387.0,1749900.0,1747358.0
2023-07-13 13:00:00,3710.0,3717.0,3693.0,3708.0,218386.0,1747358.0,1760420.0
2023-07-13 14:00:00,3708.0,3728.0,3701.0,3727.0,260142.0,1760420.0,1753008.0
2023-07-13 21:00:00,3727.0,3746.0,3726.0,3744.0,335655.0,1753008.0,1748739.0
2023-07-13 22:00:00,3744.0,3744.0,3731.0,3736.0,121629.0,1748739.0,1735523.0
2023-07-14 09:00:00,3738.0,3747.0,3734.0,3747.0,201360.0,1735523.0,1740887.0
2023-07-14 10:00:00,3747.0,3748.0,3733.0,3742.0,114553.0,1740887.0,1738558.0
2023-07-14 11:00:00,3742.0,3744.0,3734.0,3741.0,67247.0,1738558.0,1735161.0
2023-07-14 13:00:00,3740.0,3760.0,3739.0,3758.0,187893.0,1735161.0,1761452.0
2023-07-14 14:00:00,3758.0,3776.0,3756.0,3774.0,371786.0,1761452.0,1790969.0
2023-07-14 21:00:00,3779.0,3782.0,3754.0,3769.0,289975.0,1790969.0,1791607.0
2023-07-14 22:00:00,3769.0,3773.0,3734.0,3735.0,243531.0,1791607.0,1754379.0
2023-07-17 09:00:00,3733.0,3744.0,3710.0,3718.0,529547.0,1754379.0,1728652.0
2023-07-17 10:00:00,3718.0,3730.0,3711.0,3715.0,181576.0,1728652.0,1733313.0
2023-07-17 11:00:00,3715.0,3722.0,3713.0,3718.0,55983.0,1733313.0,1730119.0
2023-07-17 13:00:00,3719.0,3732.0,3710.0,3714.0,155615.0,1730119.0,1717688.0
2023-07-17 14:00:00,3714.0,3716.0,3681.0,3687.0,480969.0,1717688.0,1722852.0
2023-07-17 21:00:00,3692.0,3706.0,3690.0,3705.0,266584.0,1722852.0,1716802.0
2023-07-17 22:00:00,3705.0,3714.0,3701.0,3712.0,145076.0,1716802.0,1710486.0
2023-07-18 09:00:00,3713.0,3718.0,3702.0,3710.0,195380.0,1710486.0,1705483.0
2023-07-18 10:00:00,3710.0,3744.0,3709.0,3740.0,320526.0,1705483.0,1702943.0
2023-07-18 11:00:00,3740.0,3745.0,3734.0,3743.0,100205.0,1702943.0,1705517.0
2023-07-18 13:00:00,3744.0,3747.0,3737.0,3742.0,90740.0,1705517.0,1718807.0
2023-07-18 14:00:00,3742.0,3750.0,3733.0,3749.0,203970.0,1718807.0,1733830.0
2023-07-18 21:00:00,3749.0,3749.0,3729.0,3739.0,247258.0,1733830.0,1730227.0
2023-07-18 22:00:00,3739.0,3754.0,3732.0,3743.0,130783.0,1730227.0,1728741.0
2023-07-19 09:00:00,3741.0,3756.0,3740.0,3745.0,165652.0,1728741.0,1739964.0
2023-07-19 10:00:00,3745.0,3746.0,3708.0,3709.0,253940.0,1739964.0,1726158.0
2023-07-19 11:00:00,3709.0,3734.0,3705.0,3732.0,218578.0,1726158.0,1722869.0
2023-07-19 13:00:00,3731.0,3731.0,3714.0,3727.0,102161.0,1722869.0,1721183.0
2023-07-19 14:00:00,3727.0,3744.0,3725.0,3741.0,249945.0,1721183.0,1716805.0
2023-07-19 21:00:00,3747.0,3772.0,3747.0,3770.0,434979.0,1716805.0,1756552.0
2023-07-19 22:00:00,3770.0,3777.0,3759.0,3767.0,262487.0,1756552.0,1755611.0
2023-07-20 09:00:00,3765.0,3782.0,3764.0,3770.0,271552.0,1755611.0,1796081.0
2023-07-20 10:00:00,3770.0,3772.0,3753.0,3767.0,214657.0,1796081.0,1795950.0
2023-07-20 11:00:00,3767.0,3769.0,3753.0,3761.0,95825.0,1795950.0,1802206.0
2023-07-20 13:00:00,3759.0,3786.0,3757.0,3781.0,247864.0,1802206.0,1843913.0
2023-07-20 14:00:00,3781.0,3790.0,3773.0,3784.0,348742.0,1843913.0,1862645.0
2023-07-20 21:00:00,3794.0,3796.0,3764.0,3770.0,393140.0,1862645.0,1863141.0
2023-07-20 22:00:00,3770.0,3776.0,3750.0,3758.0,280262.0,1863141.0,1839023.0
2023-07-21 09:00:00,3761.0,3781.0,3754.0,3779.0,314987.0,1839023.0,1848792.0
2023-07-21 10:00:00,3779.0,3792.0,3777.0,3788.0,249370.0,1848792.0,1845772.0
2023-07-21 11:00:00,3788.0,3789.0,3762.0,3767.0,177417.0,1845772.0,1820453.0
2023-07-21 13:00:00,3764.0,3766.0,3753.0,3763.0,191645.0,1820453.0,1811202.0
2023-07-21 14:00:00,3763.0,3825.0,3762.0,3823.0,801568.0,1811202.0,1947284.0
2023-07-21 21:00:00,3821.0,3829.0,3810.0,3819.0,523246.0,1947284.0,1971174.0
2023-07-21 22:00:00,3819.0,3830.0,3812.0,3826.0,268182.0,1971174.0,1975219.0
2023-07-24 09:00:00,3824.0,3828.0,3802.0,3809.0,475558.0,1975219.0,1955710.0
2023-07-24 10:00:00,3809.0,3813.0,3795.0,3806.0,199955.0,1955710.0,1948122.0
2023-07-24 11:00:00,3806.0,3815.0,3802.0,3813.0,109056.0,1948122.0,1956040.0
2023-07-24 13:00:00,3812.0,3816.0,3797.0,3801.0,158077.0,1956040.0,1962491.0
2023-07-24 14:00:00,3801.0,3801.0,3787.0,3793.0,391295.0,1962491.0,1937737.0
2023-07-24 21:00:00,3807.0,3815.0,3790.0,3803.0,435352.0,1937737.0,1966766.0
2023-07-24 22:00:00,3803.0,3848.0,3803.0,3845.0,598698.0,1966766.0,1998550.0
2023-07-25 09:00:00,3846.0,3860.0,3844.0,3857.0,437763.0,1998550.0,2038775.0
2023-07-25 10:00:00,3857.0,3870.0,3855.0,3868.0,274038.0,2038775.0,2059239.0
2023-07-25 11:00:00,3868.0,3870.0,3856.0,3857.0,93945.0,2059239.0,2052009.0
2023-07-25 13:00:00,3857.0,3861.0,3851.0,3859.0,140457.0,2052009.0,2042844.0
2023-07-25 14:00:00,3859.0,3866.0,3854.0,3857.0,183812.0,2042844.0,2033479.0
2023-07-25 21:00:00,3856.0,3862.0,3846.0,3860.0,377874.0,2033479.0,2054890.0
2023-07-25 22:00:00,3860.0,3862.0,3851.0,3856.0,170499.0,2054890.0,2051709.0
2023-07-26 09:00:00,3856.0,3858.0,3841.0,3848.0,351840.0,2051709.0,2041534.0
2023-07-26 10:00:00,3848.0,3877.0,3845.0,3872.0,274333.0,2041534.0,2040692.0
2023-07-26 11:00:00,3872.0,3872.0,3835.0,3849.0,295516.0,2040692.0,2028010.0
2023-07-26 13:00:00,3848.0,3855.0,3844.0,3847.0,148352.0,2028010.0,2038409.0
2023-07-26 14:00:00,3847.0,3863.0,3846.0,3851.0,250031.0,2038409.0,2018640.0
2023-07-26 21:00:00,3848.0,3861.0,3839.0,3846.0,388912.0,2018640.0,2029513.0
2023-07-26 22:00:00,3846.0,3856.0,3845.0,3850.0,147238.0,2029513.0,2021309.0
2023-07-27 09:00:00,3855.0,3878.0,3854.0,3870.0,359308.0,2021309.0,2026937.0
2023-07-27 10:00:00,3870.0,3879.0,3855.0,3862.0,270612.0,2026937.0,2016083.0
2023-07-27 11:00:00,3862.0,3880.0,3862.0,3868.0,220159.0,2016083.0,2005431.0
2023-07-27 13:00:00,3868.0,3883.0,3863.0,3874.0,240636.0,2005431.0,2013734.0
2023-07-27 14:00:00,3874.0,3881.0,3845.0,3861.0,573200.0,2013734.0,1963212.0
2023-07-27 21:00:00,3854.0,3863.0,3823.0,3826.0,610596.0,1963212.0,1939853.0
2023-07-27 22:00:00,3826.0,3839.0,3825.0,3831.0,245930.0,1939853.0,1921047.0
2023-07-28 09:00:00,3832.0,3862.0,3829.0,3853.0,420964.0,1921047.0,1908406.0
2023-07-28 10:00:00,3853.0,3853.0,3825.0,3833.0,311071.0,1908406.0,1900590.0
2023-07-28 11:00:00,3833.0,3848.0,3827.0,3847.0,150143.0,1900590.0,1885850.0
2023-07-28 13:00:00,3847.0,3853.0,3840.0,3845.0,143478.0,1885850.0,1889670.0
2023-07-28 14:00:00,3845.0,3855.0,3835.0,3851.0,272243.0,1889670.0,1875583.0
2023-07-28 21:00:00,3851.0,3867.0,3843.0,3853.0,408210.0,1875583.0,1896904.0
2023-07-28 22:00:00,3853.0,3875.0,3853.0,3867.0,308423.0,1896904.0,1891015.0
2023-07-31 09:00:00,3863.0,3863.0,3834.0,3844.0,496465.0,1891015.0,1876497.0
2023-07-31 10:00:00,3844.0,3858.0,3840.0,3842.0,171573.0,1876497.0,1864966.0
2023-07-31 11:00:00,3842.0,3846.0,3831.0,3840.0,150259.0,1864966.0,1875511.0
2023-07-31 13:00:00,3840.0,3844.0,3833.0,3837.0,115103.0,1875511.0,1884503.0
2023-07-31 14:00:00,3837.0,3853.0,3834.0,3847.0,224870.0,1884503.0,1840552.0
2023-07-31 21:00:00,3849.0,3867.0,3847.0,3861.0,333370.0,1840552.0,1856276.0
2023-07-31 22:00:00,3861.0,3863.0,3855.0,3858.0,96157.0,1856276.0,1848268.0
2023-08-01 09:00:00,3857.0,3876.0,3854.0,3858.0,379299.0,1848268.0,1859669.0
2023-08-01 10:00:00,3858.0,3863.0,3834.0,3841.0,273613.0,1859669.0,1860923.0
2023-08-01 11:00:00,3841.0,3867.0,3840.0,3861.0,211229.0,1860923.0,1839048.0
2023-08-01 13:00:00,3860.0,3860.0,3850.0,3857.0,118997.0,1839048.0,1847617.0
2023-08-01 14:00:00,3857.0,3865.0,3856.0,3862.0,180177.0,1847617.0,1837995.0
2023-08-01 21:00:00,3853.0,3862.0,3835.0,3860.0,444685.0,1837995.0,1853770.0
2023-08-01 22:00:00,3860.0,3867.0,3856.0,3858.0,243323.0,1853770.0,1837987.0
2023-08-02 09:00:00,3858.0,3871.0,3845.0,3851.0,290897.0,1837987.0,1844121.0
2023-08-02 10:00:00,3851.0,3855.0,3837.0,3843.0,236272.0,1844121.0,1867833.0
2023-08-02 11:00:00,3843.0,3844.0,3805.0,3813.0,516222.0,1867833.0,1897436.0
2023-08-02 13:00:00,3810.0,3821.0,3806.0,3811.0,182532.0,1897436.0,1921585.0
2023-08-02 14:00:00,3811.0,3820.0,3800.0,3801.0,332750.0,1921585.0,1904043.0
2023-08-02 21:00:00,3794.0,3801.0,3780.0,3781.0,460819.0,1904043.0,1897147.0
2023-08-02 22:00:00,3781.0,3785.0,3744.0,3745.0,560880.0,1897147.0,1847796.0
2023-08-03 09:00:00,3746.0,3767.0,3744.0,3758.0,348900.0,1847796.0,1841138.0
2023-08-03 10:00:00,3758.0,3761.0,3746.0,3751.0,163906.0,1841138.0,1847761.0
2023-08-03 11:00:00,3751.0,3756.0,3740.0,3743.0,128878.0,1847761.0,1841080.0
2023-08-03 13:00:00,3745.0,3776.0,3737.0,3757.0,354022.0,1841080.0,1819361.0
2023-08-03 14:00:00,3757.0,3759.0,3724.0,3728.0,539402.0,1819361.0,1808417.0
2023-08-03 21:00:00,3740.0,3761.0,3737.0,3755.0,392648.0,1808417.0,1793185.0
2023-08-03 22:00:00,3755.0,3765.0,3750.0,3760.0,165849.0,1793185.0,1788051.0
2023-08-04 09:00:00,3765.0,3774.0,3762.0,3765.0,264930.0,1788051.0,1777018.0
2023-08-04 10:00:00,3765.0,3766.0,3744.0,3749.0,208691.0,1777018.0,1773700.0
2023-08-04 11:00:00,3749.0,3755.0,3744.0,3748.0,79514.0,1773700.0,1774961.0
2023-08-04 13:00:00,3750.0,3754.0,3746.0,3750.0,70647.0,1774961.0,1777862.0
2023-08-04 14:00:00,3750.0,3750.0,3732.0,3736.0,276528.0,1777862.0,1779600.0
2023-08-04 21:00:00,3735.0,3739.0,3715.0,3718.0,363125.0,1779600.0,1788165.0
2023-08-04 22:00:00,3718.0,3728.0,3706.0,3724.0,263950.0,1788165.0,1770027.0
2023-08-07 09:00:00,3718.0,3735.0,3714.0,3731.0,280636.0,1770027.0,1778083.0
2023-08-07 10:00:00,3731.0,3732.0,3711.0,3719.0,160450.0,1778083.0,1791451.0
2023-08-07 11:00:00,3719.0,3724.0,3710.0,3713.0,81262.0,1791451.0,1794084.0
2023-08-07 13:00:00,3712.0,3723.0,3710.0,3717.0,97111.0,1794084.0,1799437.0
2023-08-07 14:00:00,3717.0,3735.0,3706.0,3732.0,278135.0,1799437.0,1793253.0
2023-08-07 21:00:00,3738.0,3748.0,3729.0,3734.0,239867.0,1793253.0,1792348.0
2023-08-07 22:00:00,3734.0,3740.0,3724.0,3738.0,107767.0,1792348.0,1788125.0
2023-08-08 09:00:00,3741.0,3743.0,3718.0,3722.0,199092.0,1788125.0,1802110.0
2023-08-08 10:00:00,3722.0,3729.0,3714.0,3723.0,143612.0,1802110.0,1807485.0
2023-08-08 11:00:00,3723.0,3728.0,3718.0,3723.0,62204.0,1807485.0,1808598.0
2023-08-08 13:00:00,3723.0,3723.0,3697.0,3703.0,272985.0,1808598.0,1829662.0
2023-08-08 14:00:00,3703.0,3705.0,3686.0,3692.0,339731.0,1829662.0,1813182.0
2023-08-08 21:00:00,3682.0,3689.0,3663.0,3677.0,313999.0,1813182.0,1815955.0
2023-08-08 22:00:00,3677.0,3690.0,3676.0,3684.0,130655.0,1815955.0,1799769.0
2023-08-09 09:00:00,3688.0,3696.0,3680.0,3694.0,207607.0,1799769.0,1802197.0
2023-08-09 10:00:00,3694.0,3705.0,3691.0,3694.0,145791.0,1802197.0,1801202.0
2023-08-09 11:00:00,3694.0,3708.0,3689.0,3702.0,103643.0,1801202.0,1799863.0
2023-08-09 13:00:00,3701.0,3701.0,3692.0,3694.0,86372.0,1799863.0,1798751.0
2023-08-09 14:00:00,3694.0,3707.0,3693.0,3700.0,175569.0,1798751.0,1788140.0
2023-08-09 21:00:00,3698.0,3716.0,3694.0,3703.0,300930.0,1788140.0,1822879.0
2023-08-09 22:00:00,3703.0,3706.0,3693.0,3701.0,164729.0,1822879.0,1820345.0
2023-08-10 09:00:00,3701.0,3707.0,3676.0,3684.0,271318.0,1820345.0,1834829.0
2023-08-10 10:00:00,3684.0,3686.0,3673.0,3678.0,164004.0,1834829.0,1855999.0
2023-08-10 11:00:00,3678.0,3685.0,3674.0,3677.0,92405.0,1855999.0,1863349.0
2023-08-10 13:00:00,3679.0,3696.0,3674.0,3685.0,201711.0,1863349.0,1843373.0
2023-08-10 14:00:00,3685.0,3689.0,3664.0,3671.0,341846.0,1843373.0,1864067.0
2023-08-10 21:00:00,3670.0,3688.0,3668.0,3685.0,306319.0,1864067.0,1860728.0
2023-08-10 22:00:00,3685.0,3686.0,3671.0,3679.0,157256.0,1860728.0,1855992.0
2023-08-11 09:00:00,3680.0,3685.0,3668.0,3670.0,189540.0,1855992.0,1865359.0
2023-08-11 10:00:00,3670.0,3676.0,3652.0,3657.0,280548.0,1865359.0,1891457.0
2023-08-11 11:00:00,3657.0,3663.0,3653.0,3658.0,116674.0,1891457.0,1889010.0
2023-08-11 13:00:00,3661.0,3670.0,3655.0,3659.0,160563.0,1889010.0,1889199.0
2023-08-11 14:00:00,3659.0,3695.0,3657.0,3691.0,435184.0,1889199.0,1813650.0
2023-08-11 21:00:00,3684.0,3687.0,3674.0,3681.0,216885.0,1813650.0,1819313.0
2023-08-11 22:00:00,3681.0,3691.0,3675.0,3679.0,158317.0,1819313.0,1808717.0
2023-08-14 09:00:00,3678.0,3678.0,3641.0,3643.0,447027.0,1808717.0,1860565.0
2023-08-14 10:00:00,3643.0,3650.0,3634.0,3637.0,206043.0,1860565.0,1885904.0
2023-08-14 11:00:00,3637.0,3645.0,3630.0,3641.0,123852.0,1885904.0,1877543.0
2023-08-14 13:00:00,3639.0,3649.0,3633.0,3647.0,90182.0,1877543.0,1878098.0
2023-08-14 14:00:00,3647.0,3649.0,3631.0,3641.0,185750.0,1878098.0,1860600.0
2023-08-14 21:00:00,3647.0,3655.0,3642.0,3647.0,224235.0,1860600.0,1868531.0
2023-08-14 22:00:00,3647.0,3652.0,3643.0,3650.0,107754.0,1868531.0,1860679.0
2023-08-15 09:00:00,3652.0,3662.0,3644.0,3657.0,267663.0,1860679.0,1852287.0
2023-08-15 10:00:00,3657.0,3659.0,3640.0,3644.0,163893.0,1852287.0,1849725.0
2023-08-15 11:00:00,3644.0,3671.0,3643.0,3668.0,210897.0,1849725.0,1823107.0
2023-08-15 13:00:00,3668.0,3694.0,3662.0,3690.0,307727.0,1823107.0,1793044.0
2023-08-15 14:00:00,3690.0,3698.0,3685.0,3694.0,273423.0,1793044.0,1757174.0
2023-08-15 21:00:00,3690.0,3710.0,3686.0,3699.0,352147.0,1757174.0,1737469.0
2023-08-15 22:00:00,3699.0,3701.0,3687.0,3694.0,152247.0,1737469.0,1718701.0
2023-08-16 09:00:00,3694.0,3703.0,3690.0,3698.0,155025.0,1718701.0,1714426.0
2023-08-16 10:00:00,3698.0,3707.0,3695.0,3701.0,113719.0,1714426.0,1712498.0
2023-08-16 11:00:00,3701.0,3713.0,3700.0,3707.0,98821.0,1712498.0,1704347.0
2023-08-16 13:00:00,3707.0,3708.0,3696.0,3703.0,93939.0,1704347.0,1702086.0
2023-08-16 14:00:00,3703.0,3718.0,3700.0,3713.0,218254.0,1702086.0,1672597.0
2023-08-16 21:00:00,3713.0,3717.0,3701.0,3706.0,215649.0,1672597.0,1664401.0
2023-08-16 22:00:00,3706.0,3708.0,3694.0,3701.0,194799.0,1664401.0,1643188.0
2023-08-17 09:00:00,3699.0,3701.0,3680.0,3687.0,284648.0,1643188.0,1648090.0
2023-08-17 10:00:00,3687.0,3698.0,3686.0,3693.0,105233.0,1648090.0,1643615.0
2023-08-17 11:00:00,3693.0,3709.0,3690.0,3708.0,125595.0,1643615.0,1635636.0
2023-08-17 13:00:00,3713.0,3716.0,3704.0,3714.0,159413.0,1635636.0,1632631.0
2023-08-17 14:00:00,3714.0,3730.0,3710.0,3726.0,291906.0,1632631.0,1604495.0
2023-08-17 21:00:00,3726.0,3739.0,3721.0,3724.0,261179.0,1604495.0,1585117.0
2023-08-17 22:00:00,3724.0,3730.0,3717.0,3720.0,102870.0,1585117.0,1574356.0
2023-08-18 09:00:00,3721.0,3733.0,3718.0,3723.0,165272.0,1574356.0,1568703.0
2023-08-18 10:00:00,3723.0,3725.0,3712.0,3713.0,119148.0,1568703.0,1559008.0
2023-08-18 11:00:00,3713.0,3717.0,3707.0,3714.0,83990.0,1559008.0,1558936.0
2023-08-18 13:00:00,3713.0,3726.0,3711.0,3723.0,97872.0,1558936.0,1557768.0
2023-08-18 14:00:00,3723.0,3725.0,3693.0,3700.0,305506.0,1557768.0,1549204.0
2023-08-18 21:00:00,3699.0,3702.0,3684.0,3690.0,264646.0,1549204.0,1560544.0
2023-08-18 22:00:00,3690.0,3690.0,3644.0,3648.0,426500.0,1560544.0,1579224.0
2023-08-21 09:00:00,3648.0,3656.0,3635.0,3646.0,359747.0,1579224.0,1611013.0
2023-08-21 10:00:00,3646.0,3677.0,3644.0,3672.0,248902.0,1611013.0,1589718.0
2023-08-21 11:00:00,3672.0,3679.0,3659.0,3670.0,174221.0,1589718.0,1564627.0
2023-08-21 13:00:00,3669.0,3677.0,3667.0,3675.0,84855.0,1564627.0,1564420.0
2023-08-21 14:00:00,3675.0,3676.0,3653.0,3666.0,256140.0,1564420.0,1561469.0
2023-08-21 21:00:00,3670.0,3677.0,3646.0,3651.0,296588.0,1561469.0,1563915.0
2023-08-21 22:00:00,3651.0,3666.0,3645.0,3656.0,172010.0,1563915.0,1554117.0
2023-08-22 09:00:00,3659.0,3675.0,3653.0,3667.0,204580.0,1554117.0,1553973.0
2023-08-22 10:00:00,3667.0,3672.0,3663.0,3669.0,86939.0,1553973.0,1556676.0
2023-08-22 11:00:00,3669.0,3683.0,3666.0,3677.0,120426.0,1556676.0,1542564.0
2023-08-22 13:00:00,3677.0,3691.0,3675.0,3691.0,155709.0,1542564.0,1534130.0
2023-08-22 14:00:00,3691.0,3737.0,3689.0,3723.0,683920.0,1534130.0,1451795.0
2023-08-22 21:00:00,3725.0,3731.0,3719.0,3725.0,214456.0,1451795.0,1438118.0
2023-08-22 22:00:00,3725.0,3728.0,3716.0,3722.0,133319.0,1438118.0,1435566.0
2023-08-23 09:00:00,3724.0,3736.0,3720.0,3729.0,262679.0,1435566.0,1423693.0
2023-08-23 10:00:00,3729.0,3747.0,3723.0,3744.0,242799.0,1423693.0,1409299.0
2023-08-23 11:00:00,3744.0,3747.0,3735.0,3739.0,135995.0,1409299.0,1399350.0
2023-08-23 13:00:00,3744.0,3754.0,3742.0,3751.0,165332.0,1399350.0,1385159.0
2023-08-23 14:00:00,3751.0,3755.0,3721.0,3723.0,292073.0,1385159.0,1337094.0
2023-08-23 21:00:00,3724.0,3732.0,3722.0,3730.0,194675.0,1337094.0,1343464.0
2023-08-23 22:00:00,3730.0,3736.0,3725.0,3734.0,102802.0,1343464.0,1339651.0
2023-08-24 09:00:00,3735.0,3747.0,3734.0,3741.0,211519.0,1339651.0,1333150.0
2023-08-24 10:00:00,3741.0,3749.0,3738.0,3741.0,126370.0,1333150.0,1325319.0
2023-08-24 11:00:00,3741.0,3750.0,3736.0,3750.0,86517.0,1325319.0,1320760.0
2023-08-24 13:00:00,3755.0,3768.0,3749.0,3759.0,208821.0,1320760.0,1316395.0
2023-08-24 14:00:00,3759.0,3763.0,3687.0,3688.0,505445.0,1316395.0,1279159.0
2023-08-24 21:00:00,3699.0,3721.0,3689.0,3709.0,338598.0,1279159.0,1279727.0
2023-08-24 22:00:00,3709.0,3714.0,3697.0,3713.0,152502.0,1279727.0,1271150.0
2023-08-25 09:00:00,3712.0,3718.0,3706.0,3718.0,128956.0,1271150.0,1271748.0
2023-08-25 10:00:00,3718.0,3728.0,3709.0,3721.0,137278.0,1271748.0,1263182.0
2023-08-25 11:00:00,3721.0,3722.0,3704.0,3715.0,111495.0,1263182.0,1259338.0
2023-08-25 13:00:00,3714.0,3735.0,3708.0,3732.0,141456.0,1259338.0,1251040.0
2023-08-25 14:00:00,3732.0,3734.0,3709.0,3716.0,244353.0,1251040.0,1212885.0
2023-08-25 21:00:00,3718.0,3722.0,3680.0,3682.0,420893.0,1212885.0,1236338.0
2023-08-25 22:00:00,3682.0,3702.0,3682.0,3689.0,193568.0,1236338.0,1228380.0
2023-08-28 09:00:00,3704.0,3743.0,3703.0,3711.0,566177.0,1228380.0,1196792.0
2023-08-28 10:00:00,3711.0,3716.0,3698.0,3704.0,209872.0,1196792.0,1205754.0
2023-08-28 11:00:00,3704.0,3705.0,3684.0,3689.0,155356.0,1205754.0,1220176.0
2023-08-28 13:00:00,3686.0,3686.0,3655.0,3658.0,306813.0,1220176.0,1241154.0
2023-08-28 14:00:00,3658.0,3669.0,3642.0,3667.0,385271.0,1241154.0,1239375.0
2023-08-28 21:00:00,3667.0,3673.0,3660.0,3669.0,216863.0,1239375.0,1235716.0
2023-08-28 22:00:00,3669.0,3682.0,3664.0,3681.0,137441.0,1235716.0,1213686.0
2023-08-29 09:00:00,3681.0,3685.0,3660.0,3662.0,274216.0,1213686.0,1193994.0
2023-08-29 10:00:00,3662.0,3681.0,3661.0,3680.0,150143.0,1193994.0,1186092.0
2023-08-29 11:00:00,3680.0,3694.0,3672.0,3692.0,120599.0,1186092.0,1162669.0
2023-08-29 13:00:00,3691.0,3705.0,3688.0,3693.0,166041.0,1162669.0,1143375.0
2023-08-29 14:00:00,3693.0,3699.0,3672.0,3678.0,230015.0,1143375.0,1120677.0
2023-08-29 21:00:00,3679.0,3690.0,3672.0,3684.0,184835.0,1120677.0,1123659.0
2023-08-29 22:00:00,3684.0,3697.0,3681.0,3691.0,139983.0,1123659.0,1119588.0
2023-08-30 09:00:00,3693.0,3705.0,3686.0,3691.0,197420.0,1119588.0,1118407.0
2023-08-30 10:00:00,3691.0,3696.0,3677.0,3686.0,216232.0,1118407.0,1085761.0
2023-08-30 11:00:00,3686.0,3701.0,3682.0,3696.0,116018.0,1085761.0,1076911.0
2023-08-30 13:00:00,3696.0,3702.0,3690.0,3694.0,99832.0,1076911.0,1073231.0
2023-08-30 14:00:00,3694.0,3717.0,3684.0,3713.0,353244.0,1073231.0,1039387.0
2023-08-30 21:00:00,3717.0,3728.0,3715.0,3724.0,270142.0,1039387.0,1014090.0
2023-08-30 22:00:00,3724.0,3724.0,3714.0,3719.0,102357.0,1014090.0,1005487.0
2023-08-31 09:00:00,3721.0,3746.0,3721.0,3740.0,326623.0,1005487.0,974093.0
2023-08-31 10:00:00,3740.0,3745.0,3732.0,3738.0,132817.0,974093.0,953458.0
2023-08-31 11:00:00,3738.0,3741.0,3733.0,3736.0,61023.0,953458.0,950254.0
2023-08-31 13:00:00,3735.0,3740.0,3730.0,3739.0,104316.0,950254.0,948726.0
2023-08-31 14:00:00,3739.0,3742.0,3719.0,3740.0,262474.0,948726.0,919823.0
2023-08-31 21:00:00,3754.0,3762.0,3733.0,3735.0,237184.0,919823.0,884144.0
2023-08-31 22:00:00,3735.0,3747.0,3732.0,3744.0,116803.0,884144.0,859296.0
2023-09-01 09:00:00,3746.0,3767.0,3744.0,3764.0,210437.0,859296.0,839576.0
2023-09-01 10:00:00,3764.0,3773.0,3758.0,3767.0,137741.0,839576.0,834170.0
2023-09-01 11:00:00,3767.0,3780.0,3759.0,3768.0,87788.0,834170.0,827226.0
2023-09-01 13:00:00,3771.0,3780.0,3767.0,3777.0,80789.0,827226.0,826964.0
2023-09-01 14:00:00,3777.0,3781.0,3765.0,3778.0,150973.0,826964.0,794449.0
2023-09-01 21:00:00,3777.0,3787.0,3760.0,3770.0,184908.0,794449.0,775630.0
2023-09-01 22:00:00,3770.0,3796.0,3764.0,3795.0,144429.0,775630.0,764909.0
2023-09-04 09:00:00,3794.0,3794.0,3768.0,3777.0,199451.0,764909.0,753593.0
2023-09-04 10:00:00,3777.0,3792.0,3777.0,3783.0,85175.0,753593.0,747775.0
2023-09-04 11:00:00,3783.0,3786.0,3775.0,3781.0,42504.0,747775.0,742632.0
2023-09-04 13:00:00,3782.0,3784.0,3772.0,3774.0,53264.0,742632.0,741318.0
2023-09-04 14:00:00,3774.0,3778.0,3758.0,3770.0,156728.0,741318.0,718642.0
2023-09-04 21:00:00,3823.0,3827.0,3805.0,3822.0,182670.0,718642.0,1422725.0
2023-09-04 22:00:00,3822.0,3829.0,3813.0,3825.0,99069.0,1422725.0,1422304.0
2023-09-05 09:00:00,3825.0,3833.0,3816.0,3824.0,134682.0,1422304.0,1437999.0
2023-09-05 10:00:00,3824.0,3828.0,3815.0,3827.0,62884.0,1437999.0,1441591.0
2023-09-05 11:00:00,3827.0,3839.0,3826.0,3836.0,103155.0,1441591.0,1454257.0
2023-09-05 13:00:00,3836.0,3838.0,3823.0,3826.0,66860.0,1454257.0,1455968.0
2023-09-05 14:00:00,3826.0,3826.0,3786.0,3799.0,367839.0,1455968.0,1457450.0
2023-09-05 21:00:00,3790.0,3814.0,3788.0,3811.0,187080.0,1457450.0,1469299.0
2023-09-05 22:00:00,3811.0,3828.0,3801.0,3822.0,160643.0,1469299.0,1468062.0
2023-09-06 09:00:00,3823.0,3825.0,3802.0,3816.0,143720.0,1468062.0,1486055.0
2023-09-06 10:00:00,3816.0,3825.0,3810.0,3824.0,86072.0,1486055.0,1497205.0
2023-09-06 11:00:00,3824.0,3824.0,3805.0,3806.0,60310.0,1497205.0,1500581.0
2023-09-06 13:00:00,3808.0,3820.0,3803.0,3818.0,72390.0,1500581.0,1506881.0
2023-09-06 14:00:00,3818.0,3821.0,3795.0,3817.0,184627.0,1506881.0,1511551.0
2023-09-06 21:00:00,3815.0,3833.0,3814.0,3821.0,216856.0,1511551.0,1544420.0
2023-09-06 22:00:00,3821.0,3825.0,3790.0,3793.0,231750.0,1544420.0,1542299.0
2023-09-07 09:00:00,3789.0,3793.0,3773.0,3785.0,355491.0,1542299.0,1525796.0
2023-09-07 10:00:00,3785.0,3796.0,3779.0,3786.0,146107.0,1525796.0,1513058.0
2023-09-07 11:00:00,3786.0,3787.0,3766.0,3771.0,199133.0,1513058.0,1520398.0
2023-09-07 13:00:00,3769.0,3782.0,3765.0,3773.0,146697.0,1520398.0,1521314.0
2023-09-07 14:00:00,3773.0,3808.0,3771.0,3795.0,377386.0,1521314.0,1532233.0
2023-09-07 21:00:00,3793.0,3802.0,3777.0,3780.0,260180.0,1532233.0,1520512.0
2023-09-07 22:00:00,3780.0,3787.0,3768.0,3780.0,198477.0,1520512.0,1527104.0
2023-09-08 09:00:00,3779.0,3791.0,3770.0,3771.0,199088.0,1527104.0,1546392.0
2023-09-08 10:00:00,3771.0,3781.0,3756.0,3760.0,235006.0,1546392.0,1542554.0
2023-09-08 11:00:00,3760.0,3761.0,3729.0,3734.0,342042.0,1542554.0,1546820.0
2023-09-08 13:00:00,3735.0,3745.0,3733.0,3742.0,166502.0,1546820.0,1546143.0
2023-09-08 14:00:00,3742.0,3746.0,3711.0,3717.0,384737.0,1546143.0,1546003.0
2023-09-08 21:00:00,3719.0,3724.0,3707.0,3717.0,313773.0,1546003.0,1578606.0
2023-09-08 22:00:00,3717.0,3735.0,3715.0,3733.0,179280.0,1578606.0,1558168.0
2023-09-11 09:00:00,3733.0,3753.0,3733.0,3750.0,314477.0,1558168.0,1537799.0
2023-09-11 10:00:00,3750.0,3754.0,3738.0,3742.0,141583.0,1537799.0,1530145.0
2023-09-11 11:00:00,3742.0,3750.0,3740.0,3748.0,58089.0,1530145.0,1528515.0
2023-09-11 13:00:00,3753.0,3771.0,3753.0,3759.0,279031.0,1528515.0,1531498.0
2023-09-11 14:00:00,3759.0,3761.0,3746.0,3759.0,217572.0,1531498.0,1530613.0
2023-09-11 21:00:00,3764.0,3782.0,3762.0,3778.0,296889.0,1530613.0,1528151.0
2023-09-11 22:00:00,3778.0,3782.0,3771.0,3780.0,116177.0,1528151.0,1519963.0
2023-09-12 09:00:00,3781.0,3785.0,3766.0,3770.0,229193.0,1519963.0,1517065.0
2023-09-12 10:00:00,3770.0,3796.0,3767.0,3791.0,250873.0,1517065.0,1534338.0
2023-09-12 11:00:00,3791.0,3800.0,3787.0,3797.0,99117.0,1534338.0,1540854.0
2023-09-12 13:00:00,3797.0,3797.0,3780.0,3789.0,124668.0,1540854.0,1537622.0
2023-09-12 14:00:00,3789.0,3799.0,3784.0,3791.0,207104.0,1537622.0,1539364.0
2023-09-12 21:00:00,3796.0,3804.0,3774.0,3776.0,305498.0,1539364.0,1560424.0
2023-09-12 22:00:00,3776.0,3790.0,3770.0,3786.0,204310.0,1560424.0,1549050.0
2023-09-13 09:00:00,3786.0,3793.0,3780.0,3788.0,146776.0,1549050.0,1555842.0
2023-09-13 10:00:00,3788.0,3790.0,3765.0,3773.0,181300.0,1555842.0,1555549.0
2023-09-13 11:00:00,3773.0,3777.0,3755.0,3757.0,166087.0,1555549.0,1550864.0
2023-09-13 13:00:00,3758.0,3770.0,3745.0,3753.0,216454.0,1550864.0,1555453.0
2023-09-13 14:00:00,3753.0,3777.0,3748.0,3777.0,272601.0,1555453.0,1536524.0
2023-09-13 21:00:00,3778.0,3788.0,3774.0,3785.0,231688.0,1536524.0,1556986.0
2023-09-13 22:00:00,3785.0,3787.0,3769.0,3783.0,185034.0,1556986.0,1563561.0
2023-09-14 09:00:00,3782.0,3786.0,3767.0,3772.0,182491.0,1563561.0,1563663.0
2023-09-14 10:00:00,3772.0,3775.0,3759.0,3760.0,165823.0,1563663.0,1569640.0
2023-09-14 11:00:00,3760.0,3778.0,3759.0,3772.0,122097.0,1569640.0,1562112.0
2023-09-14 13:00:00,3776.0,3792.0,3763.0,3763.0,234308.0,1562112.0,1570098.0
2023-09-14 14:00:00,3763.0,3795.0,3760.0,3794.0,381134.0,1570098.0,1585958.0
2023-09-14 21:00:00,3809.0,3822.0,3802.0,3807.0,364400.0,1585958.0,1607291.0
2023-09-14 22:00:00,3807.0,3819.0,3803.0,3817.0,194610.0,1607291.0,1617413.0
2023-09-15 09:00:00,3819.0,3833.0,3815.0,3821.0,346392.0,1617413.0,1653462.0
2023-09-15 10:00:00,3821.0,3827.0,3816.0,3821.0,100842.0,1653462.0,1664373.0
2023-09-15 11:00:00,3821.0,3825.0,3812.0,3823.0,91934.0,1664373.0,1660990.0
2023-09-15 13:00:00,3817.0,3820.0,3800.0,3812.0,170259.0,1660990.0,1647681.0
2023-09-15 14:00:00,3812.0,3830.0,3807.0,3824.0,275009.0,1647681.0,1669241.0
2023-09-15 21:00:00,3821.0,3824.0,3802.0,3808.0,296068.0,1669241.0,1672115.0
2023-09-15 22:00:00,3808.0,3813.0,3792.0,3798.0,277215.0,1672115.0,1654293.0
2023-09-18 09:00:00,3800.0,3824.0,3798.0,3818.0,313891.0,1654293.0,1676566.0
2023-09-18 10:00:00,3818.0,3846.0,3815.0,3831.0,357991.0,1676566.0,1718067.0
2023-09-18 11:00:00,3831.0,3833.0,3823.0,3830.0,100724.0,1718067.0,1720431.0
2023-09-18 13:00:00,3830.0,3841.0,3828.0,3835.0,113674.0,1720431.0,1740769.0
2023-09-18 14:00:00,3835.0,3845.0,3833.0,3842.0,205984.0,1740769.0,1766006.0
2023-09-18 21:00:00,3847.0,3868.0,3845.0,3858.0,395501.0,1766006.0,1815520.0
2023-09-18 22:00:00,3858.0,3865.0,3857.0,3860.0,104135.0,1815520.0,1816205.0
2023-09-19 09:00:00,3863.0,3874.0,3861.0,3863.0,281738.0,1816205.0,1834487.0
2023-09-19 10:00:00,3863.0,3866.0,3838.0,3843.0,284333.0,1834487.0,1798749.0
2023-09-19 11:00:00,3843.0,3855.0,3842.0,3847.0,98229.0,1798749.0,1798590.0
2023-09-19 13:00:00,3846.0,3848.0,3839.0,3847.0,98757.0,1798590.0,1796309.0
2023-09-19 14:00:00,3847.0,3850.0,3830.0,3831.0,213067.0,1796309.0,1775340.0
2023-09-19 21:00:00,3834.0,3841.0,3827.0,3839.0,228044.0,1775340.0,1786245.0
2023-09-19 22:00:00,3839.0,3852.0,3836.0,3850.0,141630.0,1786245.0,1779965.0
2023-09-20 09:00:00,3852.0,3855.0,3835.0,3849.0,196052.0,1779965.0,1791233.0
2023-09-20 10:00:00,3849.0,3850.0,3821.0,3832.0,224711.0,1791233.0,1781303.0
2023-09-20 11:00:00,3832.0,3844.0,3830.0,3839.0,88807.0,1781303.0,1778485.0
2023-09-20 13:00:00,3841.0,3847.0,3836.0,3838.0,95812.0,1778485.0,1777640.0
2023-09-20 14:00:00,3838.0,3853.0,3834.0,3842.0,205918.0,1777640.0,1773099.0
2023-09-20 21:00:00,3847.0,3850.0,3809.0,3823.0,439256.0,1773099.0,1756210.0
2023-09-20 22:00:00,3823.0,3829.0,3815.0,3819.0,144373.0,1756210.0,1750337.0
2023-09-21 09:00:00,3814.0,3826.0,3806.0,3817.0,234474.0,1750337.0,1752033.0
2023-09-21 10:00:00,3817.0,3823.0,3803.0,3808.0,178156.0,1752033.0,1746871.0
2023-09-21 11:00:00,3808.0,3812.0,3784.0,3793.0,240460.0,1746871.0,1732056.0
2023-09-21 13:00:00,3793.0,3795.0,3769.0,3771.0,263945.0,1732056.0,1722431.0
2023-09-21 14:00:00,3771.0,3781.0,3755.0,3762.0,489389.0,1722431.0,1687100.0
2023-09-21 21:00:00,3752.0,3776.0,3751.0,3767.0,264342.0,1687100.0,1678476.0
2023-09-21 22:00:00,3767.0,3772.0,3760.0,3768.0,121906.0,1678476.0,1665594.0
2023-09-22 09:00:00,3767.0,3771.0,3759.0,3770.0,181177.0,1665594.0,1667799.0
2023-09-22 10:00:00,3770.0,3781.0,3765.0,3772.0,167127.0,1667799.0,1664795.0
2023-09-22 11:00:00,3772.0,3783.0,3768.0,3783.0,90755.0,1664795.0,1656846.0
2023-09-22 13:00:00,3783.0,3786.0,3774.0,3781.0,99509.0,1656846.0,1656187.0
2023-09-22 14:00:00,3781.0,3793.0,3778.0,3779.0,235295.0,1656187.0,1643925.0
2023-09-22 21:00:00,3786.0,3787.0,3770.0,3778.0,211464.0,1643925.0,1656035.0
2023-09-22 22:00:00,3778.0,3781.0,3766.0,3772.0,126242.0,1656035.0,1650444.0
2023-09-25 09:00:00,3779.0,3785.0,3724.0,3727.0,563754.0,1650444.0,1657284.0
2023-09-25 10:00:00,3727.0,3735.0,3720.0,3726.0,229931.0,1657284.0,1687105.0
2023-09-25 11:00:00,3726.0,3733.0,3723.0,3725.0,92440.0,1687105.0,1692101.0
2023-09-25 13:00:00,3727.0,3731.0,3715.0,3716.0,115709.0,1692101.0,1709857.0
2023-09-25 14:00:00,3716.0,3720.0,3704.0,3716.0,315686.0,1709857.0,1710023.0
2023-09-25 21:00:00,3714.0,3722.0,3701.0,3707.0,235591.0,1710023.0,1720820.0
2023-09-25 22:00:00,3707.0,3719.0,3704.0,3709.0,145466.0,1720820.0,1699134.0
2023-09-26 09:00:00,3708.0,3725.0,3708.0,3716.0,184609.0,1699134.0,1708014.0
2023-09-26 10:00:00,3716.0,3720.0,3708.0,3712.0,100226.0,1708014.0,1716462.0
2023-09-26 11:00:00,3712.0,3713.0,3693.0,3699.0,162097.0,1716462.0,1723942.0
2023-09-26 13:00:00,3697.0,3699.0,3678.0,3680.0,254946.0,1723942.0,1766591.0
2023-09-26 14:00:00,3680.0,3680.0,3665.0,3675.0,368318.0,1766591.0,1772900.0
2023-09-26 21:00:00,3678.0,3687.0,3673.0,3681.0,222683.0,1772900.0,1775775.0
2023-09-26 22:00:00,3681.0,3687.0,3675.0,3685.0,90561.0,1775775.0,1764337.0
2023-09-27 09:00:00,3685.0,3694.0,3678.0,3691.0,157724.0,1764337.0,1771649.0
2023-09-27 10:00:00,3691.0,3694.0,3680.0,3686.0,97820.0,1771649.0,1779326.0
2023-09-27 11:00:00,3686.0,3692.0,3677.0,3688.0,82466.0,1779326.0,1778866.0
2023-09-27 13:00:00,3690.0,3692.0,3681.0,3682.0,70189.0,1778866.0,1781008.0
2023-09-27 14:00:00,3682.0,3697.0,3681.0,3682.0,176344.0,1781008.0,1767758.0
2023-09-27 21:00:00,3692.0,3710.0,3685.0,3708.0,230364.0,1767758.0,1770814.0
2023-09-27 22:00:00,3708.0,3715.0,3703.0,3709.0,150657.0,1770814.0,1756794.0
2023-09-28 09:00:00,3713.0,3717.0,3705.0,3708.0,151024.0,1756794.0,1749689.0
2023-09-28 10:00:00,3708.0,3708.0,3688.0,3691.0,123921.0,1749689.0,1744600.0
2023-09-28 11:00:00,3691.0,3694.0,3684.0,3693.0,85969.0,1744600.0,1739694.0
2023-09-28 13:00:00,3699.0,3705.0,3692.0,3700.0,98540.0,1739694.0,1732178.0
2023-09-28 14:00:00,3700.0,3706.0,3689.0,3690.0,181279.0,1732178.0,1697143.0
2023-10-09 09:00:00,3666.0,3670.0,3636.0,3650.0,487109.0,1697143.0,1753508.0
2023-10-09 10:00:00,3650.0,3652.0,3635.0,3635.0,146191.0,1753508.0,1786233.0
2023-10-09 11:00:00,3635.0,3638.0,3626.0,3630.0,126700.0,1786233.0,1798364.0
2023-10-09 13:00:00,3630.0,3635.0,3626.0,3626.0,73191.0,1798364.0,1806791.0
2023-10-09 14:00:00,3626.0,3638.0,3620.0,3638.0,192365.0,1806791.0,1810235.0
2023-10-09 21:00:00,3639.0,3649.0,3638.0,3642.0,225700.0,1810235.0,1825087.0
2023-10-09 22:00:00,3642.0,3653.0,3636.0,3649.0,195883.0,1825087.0,1804170.0
2023-10-10 09:00:00,3650.0,3654.0,3620.0,3624.0,245132.0,1804170.0,1821404.0
2023-10-10 10:00:00,3624.0,3629.0,3607.0,3608.0,198764.0,1821404.0,1851125.0
2023-10-10 11:00:00,3608.0,3615.0,3604.0,3610.0,109009.0,1851125.0,1862265.0
2023-10-10 13:00:00,3610.0,3614.0,3605.0,3606.0,94336.0,1862265.0,1875414.0
2023-10-10 14:00:00,3606.0,3611.0,3596.0,3610.0,247373.0,1875414.0,1877432.0
2023-10-10 21:00:00,3617.0,3623.0,3614.0,3617.0,199943.0,1877432.0,1860575.0
2023-10-10 22:00:00,3617.0,3630.0,3616.0,3626.0,107482.0,1860575.0,1849628.0
2023-10-11 09:00:00,3630.0,3634.0,3623.0,3625.0,157685.0,1849628.0,1856970.0
2023-10-11 10:00:00,3625.0,3631.0,3623.0,3625.0,79853.0,1856970.0,1864285.0
2023-10-11 11:00:00,3625.0,3626.0,3619.0,3625.0,73840.0,1864285.0,1862506.0
2023-10-11 13:00:00,3623.0,3627.0,3612.0,3613.0,94938.0,1862506.0,1871442.0
2023-10-11 14:00:00,3613.0,3619.0,3590.0,3619.0,348070.0,1871442.0,1871876.0
2023-10-11 21:00:00,3621.0,3632.0,3619.0,3628.0,203938.0,1871876.0,1867939.0
2023-10-11 22:00:00,3628.0,3631.0,3621.0,3627.0,102160.0,1867939.0,1868966.0
2023-10-12 09:00:00,3627.0,3628.0,3606.0,3618.0,197626.0,1868966.0,1885960.0
2023-10-12 10:00:00,3618.0,3618.0,3605.0,3611.0,95711.0,1885960.0,1894242.0
2023-10-12 11:00:00,3611.0,3627.0,3608.0,3620.0,120069.0,1894242.0,1887739.0
2023-10-12 13:00:00,3615.0,3619.0,3599.0,3603.0,169433.0,1887739.0,1917634.0
2023-10-12 14:00:00,3603.0,3629.0,3595.0,3627.0,365018.0,1917634.0,1900044.0
2023-10-12 21:00:00,3631.0,3652.0,3624.0,3629.0,222745.0,1900044.0,1901562.0
2023-10-12 22:00:00,3629.0,3630.0,3605.0,3608.0,171217.0,1901562.0,1907622.0
2023-10-13 09:00:00,3609.0,3617.0,3605.0,3613.0,169560.0,1907622.0,1923196.0
2023-10-13 10:00:00,3613.0,3626.0,3604.0,3620.0,160966.0,1923196.0,1915293.0
2023-10-13 11:00:00,3620.0,3622.0,3602.0,3612.0,138527.0,1915293.0,1934896.0
2023-10-13 13:00:00,3612.0,3621.0,3612.0,3618.0,85730.0,1934896.0,1929039.0
2023-10-13 14:00:00,3618.0,3632.0,3616.0,3620.0,232622.0,1929039.0,1910511.0
2023-10-13 21:00:00,3625.0,3633.0,3607.0,3613.0,262436.0,1910511.0,1935469.0
2023-10-13 22:00:00,3613.0,3614.0,3592.0,3606.0,238604.0,1935469.0,1954903.0
2023-10-16 09:00:00,3611.0,3622.0,3605.0,3616.0,329016.0,1954903.0,1947210.0
2023-10-16 10:00:00,3616.0,3636.0,3615.0,3629.0,274163.0,1947210.0,1925230.0
2023-10-16 11:00:00,3629.0,3644.0,3625.0,3643.0,108438.0,1925230.0,1921772.0
2023-10-16 13:00:00,3645.0,3648.0,3640.0,3642.0,140496.0,1921772.0,1916653.0
2023-10-16 14:00:00,3642.0,3663.0,3641.0,3657.0,286058.0,1916653.0,1888586.0
2023-10-16 21:00:00,3659.0,3660.0,3641.0,3646.0,252581.0,1888586.0,1906944.0
2023-10-16 22:00:00,3646.0,3648.0,3640.0,3642.0,99238.0,1906944.0,1892421.0
2023-10-17 09:00:00,3642.0,3654.0,3637.0,3645.0,180293.0,1892421.0,1895420.0
2023-10-17 10:00:00,3645.0,3658.0,3642.0,3657.0,110829.0,1895420.0,1892085.0
2023-10-17 11:00:00,3657.0,3672.0,3655.0,3665.0,168493.0,1892085.0,1889148.0
2023-10-17 13:00:00,3664.0,3664.0,3654.0,3662.0,84095.0,1889148.0,1893552.0
2023-10-17 14:00:00,3662.0,3665.0,3644.0,3647.0,172507.0,1893552.0,1870289.0
2023-10-17 21:00:00,3650.0,3653.0,3638.0,3644.0,218732.0,1870289.0,1903382.0
2023-10-17 22:00:00,3644.0,3659.0,3642.0,3648.0,131436.0,1903382.0,1891473.0
2023-10-18 09:00:00,3650.0,3660.0,3643.0,3644.0,184038.0,1891473.0,1897773.0
2023-10-18 10:00:00,3644.0,3653.0,3633.0,3638.0,190587.0,1897773.0,1914185.0
2023-10-18 11:00:00,3638.0,3648.0,3619.0,3625.0,196643.0,1914185.0,1915642.0
2023-10-18 13:00:00,3623.0,3628.0,3616.0,3620.0,154290.0,1915642.0,1930855.0
2023-10-18 14:00:00,3620.0,3625.0,3605.0,3615.0,286209.0,1930855.0,1951142.0
2023-10-18 21:00:00,3613.0,3617.0,3605.0,3613.0,161345.0,1951142.0,1957855.0
2023-10-18 22:00:00,3613.0,3618.0,3605.0,3606.0,130935.0,1957855.0,1963696.0
2023-10-19 09:00:00,3606.0,3616.0,3595.0,3610.0,238035.0,1963696.0,1980816.0
2023-10-19 10:00:00,3610.0,3627.0,3609.0,3624.0,165287.0,1980816.0,1954072.0
2023-10-19 11:00:00,3624.0,3628.0,3618.0,3628.0,91569.0,1954072.0,1946923.0
2023-10-19 13:00:00,3629.0,3648.0,3629.0,3637.0,279793.0,1946923.0,1920759.0
2023-10-19 14:00:00,3637.0,3650.0,3636.0,3644.0,246374.0,1920759.0,1886883.0
2023-10-19 21:00:00,3649.0,3659.0,3643.0,3644.0,298933.0,1886883.0,1859318.0
2023-10-19 22:00:00,3644.0,3647.0,3634.0,3639.0,146433.0,1859318.0,1851237.0
2023-10-20 09:00:00,3641.0,3649.0,3627.0,3629.0,225964.0,1851237.0,1846728.0
2023-10-20 10:00:00,3629.0,3633.0,3620.0,3621.0,179074.0,1846728.0,1847461.0
2023-10-20 11:00:00,3621.0,3623.0,3611.0,3617.0,143544.0,1847461.0,1862431.0
2023-10-20 13:00:00,3614.0,3624.0,3610.0,3623.0,115612.0,1862431.0,1871839.0
2023-10-20 14:00:00,3623.0,3625.0,3601.0,3610.0,309027.0,1871839.0,1880167.0
2023-10-20 21:00:00,3600.0,3614.0,3597.0,3608.0,298578.0,1880167.0,1902440.0
2023-10-20 22:00:00,3608.0,3616.0,3606.0,3614.0,128542.0,1902440.0,1885879.0
2023-10-23 09:00:00,3609.0,3609.0,3560.0,3567.0,590075.0,1885879.0,1962036.0
2023-10-23 10:00:00,3567.0,3577.0,3558.0,3564.0,180544.0,1962036.0,1986032.0
2023-10-23 11:00:00,3564.0,3573.0,3560.0,3571.0,74588.0,1986032.0,1977462.0
2023-10-23 13:00:00,3571.0,3576.0,3570.0,3573.0,96951.0,1977462.0,1963403.0
2023-10-23 14:00:00,3573.0,3584.0,3571.0,3572.0,222265.0,1963403.0,1953077.0
2023-10-23 21:00:00,3576.0,3587.0,3574.0,3583.0,209133.0,1953077.0,1959720.0
2023-10-23 22:00:00,3583.0,3588.0,3578.0,3583.0,108010.0,1959720.0,1951690.0
2023-10-24 09:00:00,3583.0,3592.0,3574.0,3586.0,204494.0,1951690.0,1938065.0
2023-10-24 10:00:00,3586.0,3597.0,3582.0,3590.0,156372.0,1938065.0,1930887.0
2023-10-24 11:00:00,3590.0,3592.0,3585.0,3587.0,52307.0,1930887.0,1926332.0
2023-10-24 13:00:00,3587.0,3588.0,3572.0,3579.0,133020.0,1926332.0,1936991.0
2023-10-24 14:00:00,3579.0,3636.0,3576.0,3630.0,579776.0,1936991.0,1862178.0
2023-10-24 21:00:00,3646.0,3655.0,3634.0,3652.0,384122.0,1862178.0,1856551.0
2023-10-24 22:00:00,3652.0,3670.0,3651.0,3666.0,331536.0,1856551.0,1855163.0
2023-10-25 09:00:00,3668.0,3687.0,3668.0,3685.0,389808.0,1855163.0,1834007.0
2023-10-25 10:00:00,3685.0,3686.0,3673.0,3679.0,139129.0,1834007.0,1816930.0
2023-10-25 11:00:00,3679.0,3685.0,3677.0,3678.0,73036.0,1816930.0,1809941.0
2023-10-25 13:00:00,3678.0,3678.0,3664.0,3668.0,148098.0,1809941.0,1807204.0
2023-10-25 14:00:00,3668.0,3676.0,3660.0,3673.0,222681.0,1807204.0,1781581.0
2023-10-25 21:00:00,3674.0,3677.0,3661.0,3664.0,175850.0,1781581.0,1777690.0
2023-10-25 22:00:00,3664.0,3670.0,3657.0,3665.0,149643.0,1777690.0,1763105.0
2023-10-26 09:00:00,3665.0,3676.0,3664.0,3668.0,166020.0,1763105.0,1761882.0
2023-10-26 10:00:00,3668.0,3674.0,3663.0,3667.0,141992.0,1761882.0,1757851.0
2023-10-26 11:00:00,3667.0,3672.0,3660.0,3671.0,99685.0,1757851.0,1749968.0
2023-10-26 13:00:00,3673.0,3680.0,3664.0,3674.0,133650.0,1749968.0,1747682.0
2023-10-26 14:00:00,3674.0,3688.0,3668.0,3685.0,266808.0,1747682.0,1759038.0
2023-10-26 21:00:00,3675.0,3683.0,3671.0,3674.0,215529.0,1759038.0,1743576.0
2023-10-26 22:00:00,3674.0,3680.0,3670.0,3674.0,116060.0,1743576.0,1726824.0
2023-10-27 09:00:00,3671.0,3677.0,3666.0,3673.0,149003.0,1726824.0,1727375.0
2023-10-27 10:00:00,3673.0,3698.0,3671.0,3692.0,251283.0,1727375.0,1726922.0
2023-10-27 11:00:00,3692.0,3700.0,3687.0,3694.0,97441.0,1726922.0,1734138.0
2023-10-27 13:00:00,3696.0,3719.0,3696.0,3717.0,241199.0,1734138.0,1740489.0
2023-10-27 14:00:00,3717.0,3726.0,3713.0,3724.0,356558.0,1740489.0,1725232.0
2023-10-27 21:00:00,3722.0,3728.0,3717.0,3722.0,193385.0,1725232.0,1727974.0
2023-10-27 22:00:00,3722.0,3726.0,3713.0,3720.0,131324.0,1727974.0,1709315.0
2023-10-30 09:00:00,3715.0,3732.0,3708.0,3728.0,246285.0,1709315.0,1712399.0
2023-10-30 10:00:00,3728.0,3731.0,3718.0,3721.0,108232.0,1712399.0,1710766.0
2023-10-30 11:00:00,3721.0,3726.0,3714.0,3725.0,81114.0,1710766.0,1711766.0
2023-10-30 13:00:00,3725.0,3736.0,3723.0,3734.0,118124.0,1711766.0,1715521.0
2023-10-30 14:00:00,3734.0,3743.0,3731.0,3740.0,188111.0,1715521.0,1709019.0
2023-10-30 21:00:00,3744.0,3748.0,3727.0,3733.0,222554.0,1709019.0,1712286.0
2023-10-30 22:00:00,3733.0,3735.0,3720.0,3722.0,145227.0,1712286.0,1686985.0
2023-10-31 09:00:00,3720.0,3729.0,3716.0,3726.0,179445.0,1686985.0,1690487.0
2023-10-31 10:00:00,3726.0,3733.0,3721.0,3722.0,108454.0,1690487.0,1690046.0
2023-10-31 11:00:00,3722.0,3733.0,3712.0,3728.0,158402.0,1690046.0,1690256.0
2023-10-31 13:00:00,3728.0,3740.0,3725.0,3735.0,104005.0,1690256.0,1694865.0
2023-10-31 14:00:00,3735.0,3742.0,3731.0,3733.0,151679.0,1694865.0,1692499.0
2023-10-31 21:00:00,3734.0,3752.0,3723.0,3741.0,273547.0,1692499.0,1690613.0
2023-10-31 22:00:00,3741.0,3752.0,3738.0,3742.0,152249.0,1690613.0,1683688.0
2023-11-01 09:00:00,3743.0,3761.0,3742.0,3751.0,234020.0,1683688.0,1700761.0
2023-11-01 10:00:00,3751.0,3751.0,3731.0,3741.0,224261.0,1700761.0,1675609.0
2023-11-01 11:00:00,3741.0,3751.0,3736.0,3737.0,68915.0,1675609.0,1674419.0
2023-11-01 13:00:00,3739.0,3746.0,3736.0,3744.0,70441.0,1674419.0,1674047.0
2023-11-01 14:00:00,3744.0,3753.0,3744.0,3749.0,162034.0,1674047.0,1665545.0
2023-11-01 21:00:00,3756.0,3758.0,3741.0,3750.0,191863.0,1665545.0,1660626.0
2023-11-01 22:00:00,3750.0,3751.0,3737.0,3741.0,140147.0,1660626.0,1645793.0
2023-11-02 09:00:00,3739.0,3759.0,3739.0,3750.0,192400.0,1645793.0,1658805.0
2023-11-02 10:00:00,3750.0,3758.0,3745.0,3756.0,110577.0,1658805.0,1660065.0
2023-11-02 11:00:00,3756.0,3767.0,3754.0,3759.0,146192.0,1660065.0,1668724.0
2023-11-02 13:00:00,3758.0,3764.0,3754.0,3761.0,95694.0,1668724.0,1670478.0
2023-11-02 14:00:00,3761.0,3762.0,3751.0,3756.0,132349.0,1670478.0,1658538.0
2023-11-02 21:00:00,3745.0,3776.0,3737.0,3772.0,360400.0,1658538.0,1667732.0
2023-11-02 22:00:00,3772.0,3784.0,3772.0,3777.0,216249.0,1667732.0,1654434.0
2023-11-03 09:00:00,3776.0,3794.0,3776.0,3790.0,201945.0,1654434.0,1662746.0
2023-11-03 10:00:00,3790.0,3803.0,3788.0,3799.0,163704.0,1662746.0,1675426.0
2023-11-03 11:00:00,3799.0,3800.0,3775.0,3782.0,189463.0,1675426.0,1664884.0
2023-11-03 13:00:00,3782.0,3794.0,3778.0,3792.0,93718.0,1664884.0,1670766.0
2023-11-03 14:00:00,3792.0,3813.0,3785.0,3805.0,260549.0,1670766.0,1665308.0
2023-11-03 21:00:00,3806.0,3829.0,3799.0,3826.0,303535.0,1665308.0,1679558.0
2023-11-03 22:00:00,3826.0,3830.0,3821.0,3828.0,167082.0,1679558.0,1672870.0
2023-11-06 09:00:00,3826.0,3826.0,3791.0,3804.0,444280.0,1672870.0,1664765.0
2023-11-06 10:00:00,3804.0,3812.0,3800.0,3809.0,119394.0,1664765.0,1662598.0
2023-11-06 11:00:00,3809.0,3820.0,3807.0,3819.0,98873.0,1662598.0,1654712.0
2023-11-06 13:00:00,3818.0,3828.0,3812.0,3821.0,93419.0,1654712.0,1660392.0
2023-11-06 14:00:00,3821.0,3825.0,3801.0,3805.0,203327.0,1660392.0,1639478.0
2023-11-06 21:00:00,3802.0,3818.0,3795.0,3811.0,245948.0,1639478.0,1654061.0
2023-11-06 22:00:00,3811.0,3812.0,3801.0,3805.0,98507.0,1654061.0,1643487.0
2023-11-07 09:00:00,3803.0,3809.0,3789.0,3799.0,237180.0,1643487.0,1632347.0
2023-11-07 10:00:00,3799.0,3802.0,3787.0,3796.0,123088.0,1632347.0,1620407.0
2023-11-07 11:00:00,3796.0,3805.0,3785.0,3791.0,130734.0,1620407.0,1619790.0
2023-11-07 13:00:00,3791.0,3809.0,3790.0,3807.0,124155.0,1619790.0,1618624.0
2023-11-07 14:00:00,3807.0,3814.0,3780.0,3791.0,307990.0,1618624.0,1599081.0
2023-11-07 21:00:00,3781.0,3788.0,3768.0,3782.0,290226.0,1599081.0,1594844.0
2023-11-07 22:00:00,3782.0,3788.0,3775.0,3777.0,131017.0,1594844.0,1589669.0
2023-11-08 09:00:00,3774.0,3785.0,3771.0,3778.0,166679.0,1589669.0,1594606.0
2023-11-08 10:00:00,3778.0,3792.0,3775.0,3784.0,127730.0,1594606.0,1594688.0
2023-11-08 11:00:00,3784.0,3800.0,3782.0,3793.0,89261.0,1594688.0,1592290.0
2023-11-08 13:00:00,3790.0,3791.0,3782.0,3789.0,81222.0,1592290.0,1592759.0
2023-11-08 14:00:00,3789.0,3851.0,3787.0,3848.0,625772.0,1592759.0,1645117.0
2023-11-08 21:00:00,3846.0,3866.0,3842.0,3862.0,350230.0,1645117.0,1668938.0
2023-11-08 22:00:00,3862.0,3864.0,3846.0,3853.0,205517.0,1668938.0,1662625.0
2023-11-09 09:00:00,3852.0,3863.0,3845.0,3854.0,187416.0,1662625.0,1657411.0
2023-11-09 10:00:00,3854.0,3863.0,3847.0,3851.0,135905.0,1657411.0,1655972.0
2023-11-09 11:00:00,3851.0,3859.0,3837.0,3844.0,137392.0,1655972.0,1653114.0
2023-11-09 13:00:00,3841.0,3855.0,3839.0,3848.0,125790.0,1653114.0,1649132.0
2023-11-09 14:00:00,3848.0,3879.0,3844.0,3853.0,411189.0,1649132.0,1639732.0
2023-11-09 21:00:00,3851.0,3873.0,3849.0,3863.0,260674.0,1639732.0,1642123.0
2023-11-09 22:00:00,3863.0,3879.0,3861.0,3869.0,223219.0,1642123.0,1631420.0
2023-11-10 09:00:00,3866.0,3877.0,3864.0,3874.0,175261.0,1631420.0,1637637.0
2023-11-10 10:00:00,3874.0,3884.0,3857.0,3865.0,206269.0,1637637.0,1632636.0
2023-11-10 11:00:00,3865.0,3883.0,3865.0,3880.0,129992.0,1632636.0,1638735.0
2023-11-10 13:00:00,3875.0,3883.0,3871.0,3876.0,81958.0,1638735.0,1642464.0
2023-11-10 14:00:00,3876.0,3880.0,3865.0,3879.0,210391.0,1642464.0,1624456.0
2023-11-10 21:00:00,3873.0,3893.0,3871.0,3891.0,245077.0,1624456.0,1642275.0
2023-11-10 22:00:00,3891.0,3908.0,3883.0,3904.0,169563.0,1642275.0,1637335.0
2023-11-13 09:00:00,3905.0,3918.0,3868.0,3873.0,473928.0,1637335.0,1642196.0
2023-11-13 10:00:00,3873.0,3875.0,3853.0,3864.0,309202.0,1642196.0,1622302.0
2023-11-13 11:00:00,3864.0,3873.0,3861.0,3868.0,83883.0,1622302.0,1608594.0
2023-11-13 13:00:00,3870.0,3888.0,3870.0,3884.0,127665.0,1608594.0,1605236.0
2023-11-13 14:00:00,3884.0,3888.0,3855.0,3872.0,267421.0,1605236.0,1590486.0
2023-11-13 21:00:00,3875.0,3881.0,3844.0,3856.0,363882.0,1590486.0,1601310.0
2023-11-13 22:00:00,3856.0,3863.0,3849.0,3859.0,136830.0,1601310.0,1592029.0
2023-11-14 09:00:00,3863.0,3874.0,3856.0,3861.0,188189.0,1592029.0,1600361.0
2023-11-14 10:00:00,3861.0,3870.0,3847.0,3866.0,151691.0,1600361.0,1595539.0
2023-11-14 11:00:00,3866.0,3866.0,3851.0,3863.0,87040.0,1595539.0,1591198.0
2023-11-14 13:00:00,3863.0,3863.0,3841.0,3844.0,106947.0,1591198.0,1602599.0
2023-11-14 14:00:00,3844.0,3860.0,3834.0,3856.0,297172.0,1602599.0,1582876.0
2023-11-14 21:00:00,3868.0,3935.0,3868.0,3932.0,652888.0,1582876.0,1636785.0
2023-11-14 22:00:00,3932.0,3962.0,3929.0,3955.0,398888.0,1636785.0,1661197.0
2023-11-15 09:00:00,3953.0,3954.0,3925.0,3933.0,339876.0,1661197.0,1632912.0
2023-11-15 10:00:00,3933.0,3942.0,3931.0,3934.0,135246.0,1632912.0,1639380.0
2023-11-15 11:00:00,3934.0,3945.0,3932.0,3942.0,67446.0,1639380.0,1637661.0
2023-11-15 13:00:00,3943.0,3945.0,3905.0,3912.0,231584.0,1637661.0,1616676.0
2023-11-15 14:00:00,3912.0,3930.0,3891.0,3920.0,517869.0,1616676.0,1577302.0
2023-11-15 21:00:00,3919.0,3920.0,3893.0,3902.0,391126.0,1577302.0,1578476.0
2023-11-15 22:00:00,3902.0,3907.0,3898.0,3904.0,132025.0,1578476.0,1562872.0
2023-11-16 09:00:00,3903.0,3935.0,3902.0,3929.0,253792.0,1562872.0,1575033.0
2023-11-16 10:00:00,3929.0,3937.0,3915.0,3934.0,185845.0,1575033.0,1588177.0
2023-11-16 11:00:00,3934.0,3949.0,3933.0,3936.0,172834.0,1588177.0,1595809.0
2023-11-16 13:00:00,3940.0,3956.0,3932.0,3948.0,196545.0,1595809.0,1609533.0
2023-11-16 14:00:00,3948.0,3979.0,3947.0,3972.0,367204.0,1609533.0,1638080.0
2023-11-16 21:00:00,3982.0,3994.0,3973.0,3981.0,335830.0,1638080.0,1634133.0
2023-11-16 22:00:00,3981.0,3982.0,3962.0,3968.0,253397.0,1634133.0,1618410.0
2023-11-17 09:00:00,3966.0,3966.0,3942.0,3947.0,313276.0,1618410.0,1607291.0
2023-11-17 10:00:00,3947.0,3956.0,3943.0,3952.0,118697.0,1607291.0,1611605.0
2023-11-17 11:00:00,3952.0,3958.0,3948.0,3955.0,62596.0,1611605.0,1610090.0
2023-11-17 13:00:00,3953.0,3961.0,3949.0,3951.0,103737.0,1610090.0,1613107.0
2023-11-17 14:00:00,3951.0,3951.0,3920.0,3929.0,400583.0,1613107.0,1578094.0
2023-11-17 21:00:00,3928.0,3944.0,3911.0,3937.0,309713.0,1578094.0,1580164.0
2023-11-17 22:00:00,3937.0,3942.0,3925.0,3930.0,167673.0,1580164.0,1566923.0
2023-11-20 09:00:00,3933.0,3957.0,3919.0,3946.0,319566.0,1566923.0,1577799.0
2023-11-20 10:00:00,3946.0,3955.0,3939.0,3949.0,125912.0,1577799.0,1578803.0
2023-11-20 11:00:00,3949.0,3968.0,3946.0,3963.0,126712.0,1578803.0,1581086.0
2023-11-20 13:00:00,3963.0,3980.0,3951.0,3958.0,213777.0,1581086.0,1596404.0
2023-11-20 14:00:00,3958.0,3995.0,3955.0,3983.0,398238.0,1596404.0,1622470.0
2023-11-20 21:00:00,3997.0,4026.0,3995.0,4020.0,446970.0,1622470.0,1656122.0
2023-11-20 22:00:00,4020.0,4036.0,4014.0,4031.0,263615.0,1656122.0,1665566.0
2023-11-21 09:00:00,4033.0,4050.0,4022.0,4048.0,329595.0,1665566.0,1697319.0
2023-11-21 10:00:00,4048.0,4053.0,4026.0,4029.0,212389.0,1697319.0,1690297.0
2023-11-21 11:00:00,4029.0,4031.0,4005.0,4020.0,197253.0,1690297.0,1666370.0
2023-11-21 13:00:00,4021.0,4021.0,4000.0,4003.0,180374.0,1666370.0,1660365.0
2023-11-21 14:00:00,4003.0,4008.0,3983.0,3983.0,399867.0,1660365.0,1628589.0
2023-11-21 21:00:00,3987.0,4017.0,3970.0,4003.0,555395.0,1628589.0,1653565.0
2023-11-21 22:00:00,4003.0,4011.0,3990.0,4006.0,172269.0,1653565.0,1637800.0
2023-11-22 09:00:00,4007.0,4013.0,3987.0,3989.0,269179.0,1637800.0,1636854.0
2023-11-22 10:00:00,3989.0,3996.0,3973.0,3981.0,184063.0,1636854.0,1632762.0
2023-11-22 11:00:00,3981.0,3996.0,3964.0,3980.0,155363.0,1632762.0,1625142.0
2023-11-22 13:00:00,3973.0,3985.0,3961.0,3973.0,200884.0,1625142.0,1626577.0
2023-11-22 14:00:00,3973.0,4004.0,3955.0,4001.0,483636.0,1626577.0,1599519.0
2023-11-22 21:00:00,4003.0,4016.0,3985.0,3995.0,462583.0,1599519.0,1588015.0
2023-11-22 22:00:00,3995.0,3997.0,3930.0,3931.0,389965.0,1588015.0,1545346.0
2023-11-23 09:00:00,3932.0,3949.0,3931.0,3938.0,364079.0,1545346.0,1527575.0
2023-11-23 10:00:00,3938.0,3962.0,3913.0,3925.0,400126.0,1527575.0,1507123.0
2023-11-23 11:00:00,3925.0,3927.0,3896.0,3912.0,302253.0,1507123.0,1493225.0
2023-11-23 13:00:00,3908.0,3927.0,3905.0,3924.0,181262.0,1493225.0,1483806.0
2023-11-23 14:00:00,3924.0,3945.0,3922.0,3934.0,319949.0,1483806.0,1472805.0
2023-11-23 21:00:00,3948.0,3949.0,3912.0,3918.0,348929.0,1472805.0,1468045.0
2023-11-23 22:00:00,3918.0,3927.0,3907.0,3925.0,192844.0,1468045.0,1449344.0
2023-11-24 09:00:00,3928.0,3940.0,3921.0,3939.0,215472.0,1449344.0,1448688.0
2023-11-24 10:00:00,3939.0,3944.0,3925.0,3930.0,148153.0,1448688.0,1442535.0
2023-11-24 11:00:00,3930.0,3935.0,3918.0,3935.0,94465.0,1442535.0,1435109.0
2023-11-24 13:00:00,3934.0,3938.0,3924.0,3937.0,92363.0,1435109.0,1432473.0
2023-11-24 14:00:00,3937.0,3981.0,3933.0,3976.0,457593.0,1432473.0,1424684.0
2023-11-24 21:00:00,3980.0,3982.0,3925.0,3930.0,491086.0,1424684.0,1392517.0
2023-11-24 22:00:00,3930.0,3943.0,3927.0,3938.0,192798.0,1392517.0,1372220.0
2023-11-27 09:00:00,3938.0,3957.0,3915.0,3925.0,415050.0,1372220.0,1352592.0
2023-11-27 10:00:00,3925.0,3939.0,3918.0,3938.0,167948.0,1352592.0,1352096.0
2023-11-27 11:00:00,3938.0,3953.0,3936.0,3948.0,133911.0,1352096.0,1342584.0
2023-11-27 13:00:00,3950.0,3970.0,3948.0,3958.0,190592.0,1342584.0,1337182.0
2023-11-27 14:00:00,3958.0,3969.0,3947.0,3959.0,201776.0,1337182.0,1326302.0
2023-11-27 21:00:00,3957.0,3959.0,3935.0,3938.0,317528.0,1326302.0,1284470.0
2023-11-27 22:00:00,3938.0,3947.0,3926.0,3936.0,196539.0,1284470.0,1273255.0
2023-11-28 09:00:00,3937.0,3943.0,3921.0,3934.0,278187.0,1273255.0,1245563.0
2023-11-28 10:00:00,3934.0,3937.0,3893.0,3902.0,351349.0,1245563.0,1243924.0
2023-11-28 11:00:00,3902.0,3911.0,3894.0,3907.0,180921.0,1243924.0,1217597.0
2023-11-28 13:00:00,3907.0,3907.0,3887.0,3888.0,179002.0,1217597.0,1206349.0
2023-11-28 14:00:00,3888.0,3915.0,3883.0,3893.0,310913.0,1206349.0,1160221.0
2023-11-28 21:00:00,3897.0,3912.0,3893.0,3899.0,273370.0,1160221.0,1119353.0
2023-11-28 22:00:00,3899.0,3909.0,3889.0,3905.0,154849.0,1119353.0,1108289.0
2023-11-29 09:00:00,3909.0,3927.0,3909.0,3916.0,246328.0,1108289.0,1088643.0
2023-11-29 10:00:00,3916.0,3920.0,3900.0,3907.0,144714.0,1088643.0,1079044.0
2023-11-29 11:00:00,3907.0,3912.0,3900.0,3910.0,77775.0,1079044.0,1070998.0
2023-11-29 13:00:00,3907.0,3907.0,3897.0,3899.0,89307.0,1070998.0,1064807.0
2023-11-29 14:00:00,3899.0,3906.0,3885.0,3896.0,216093.0,1064807.0,1035330.0
2023-11-29 21:00:00,3905.0,3906.0,3860.0,3868.0,473831.0,1035330.0,996279.0
2023-11-29 22:00:00,3868.0,3876.0,3865.0,3873.0,130922.0,996279.0,977884.0
2023-11-30 09:00:00,3874.0,3881.0,3865.0,3869.0,189828.0,977884.0,956275.0
2023-11-30 10:00:00,3869.0,3916.0,3861.0,3909.0,316344.0,956275.0,944117.0
2023-11-30 11:00:00,3909.0,3912.0,3890.0,3890.0,131328.0,944117.0,942308.0
2023-11-30 13:00:00,3885.0,3909.0,3881.0,3909.0,143121.0,942308.0,925330.0
2023-11-30 14:00:00,3909.0,3923.0,3905.0,3913.0,243879.0,925330.0,900559.0
2023-11-30 21:00:00,3913.0,3938.0,3907.0,3923.0,230985.0,900559.0,862911.0
2023-11-30 22:00:00,3923.0,3927.0,3915.0,3925.0,80930.0,862911.0,853511.0
2023-12-01 09:00:00,3924.0,3929.0,3907.0,3919.0,204449.0,853511.0,826541.0
2023-12-01 10:00:00,3919.0,3924.0,3893.0,3895.0,148178.0,826541.0,809214.0
2023-12-01 11:00:00,3895.0,3902.0,3890.0,3902.0,75177.0,809214.0,794907.0
2023-12-01 13:00:00,3900.0,3930.0,3899.0,3926.0,126002.0,794907.0,788387.0
2023-12-01 14:00:00,3926.0,3940.0,3921.0,3923.0,164446.0,788387.0,762768.0
2023-12-01 21:00:00,3929.0,3932.0,3903.0,3914.0,168949.0,762768.0,748163.0
2023-12-01 22:00:00,3914.0,3920.0,3909.0,3912.0,68558.0,748163.0,737753.0
2023-12-04 09:00:00,3914.0,3929.0,3891.0,3892.0,201841.0,737753.0,722651.0
2023-12-04 10:00:00,3892.0,3896.0,3877.0,3885.0,155624.0,722651.0,712573.0
2023-12-04 11:00:00,3885.0,3891.0,3874.0,3885.0,66746.0,712573.0,709300.0
2023-12-04 13:00:00,3885.0,3890.0,3872.0,3874.0,54034.0,709300.0,707047.0
2023-12-04 14:00:00,3874.0,3884.0,3866.0,3871.0,141860.0,707047.0,684740.0
2023-12-04 21:00:00,3865.0,3884.0,3862.0,3867.0,162688.0,684740.0,669182.0
2023-12-04 22:00:00,3867.0,3891.0,3865.0,3886.0,103883.0,669182.0,653490.0
2023-12-05 09:00:00,3884.0,3889.0,3870.0,3872.0,110130.0,653490.0,645727.0
2023-12-05 10:00:00,3872.0,3878.0,3855.0,3865.0,88269.0,645727.0,643000.0
2023-12-05 11:00:00,3865.0,3876.0,3859.0,3868.0,46211.0,643000.0,636318.0
2023-12-05 13:00:00,3870.0,3885.0,3865.0,3880.0,54569.0,636318.0,632996.0
2023-12-05 14:00:00,3880.0,3885.0,3864.0,3870.0,81251.0,632996.0,620615.0
2023-12-05 21:00:00,3870.0,3873.0,3854.0,3856.0,156992.0,620615.0,618664.0
2023-12-05 22:00:00,3856.0,3884.0,3854.0,3879.0,112323.0,618664.0,606641.0
2023-12-06 09:00:00,3879.0,3896.0,3869.0,3893.0,128727.0,606641.0,598917.0
2023-12-06 10:00:00,3893.0,3893.0,3882.0,3888.0,45499.0,598917.0,594315.0
2023-12-06 11:00:00,3888.0,3892.0,3885.0,3890.0,27036.0,594315.0,594582.0
2023-12-06 13:00:00,3896.0,3923.0,3896.0,3911.0,111083.0,594582.0,598356.0
2023-12-06 14:00:00,3911.0,3919.0,3908.0,3918.0,73462.0,598356.0,592003.0
2023-12-06 21:00:00,3952.0,3997.0,3945.0,3993.0,356843.0,592003.0,1223027.0
2023-12-06 22:00:00,3993.0,4001.0,3985.0,3990.0,143429.0,1223027.0,1237865.0
2023-12-07 09:00:00,3988.0,4010.0,3977.0,3994.0,207590.0,1237865.0,1261820.0
2023-12-07 10:00:00,3994.0,4008.0,3990.0,4004.0,68700.0,1261820.0,1276558.0
2023-12-07 11:00:00,4004.0,4015.0,4003.0,4005.0,77253.0,1276558.0,1290237.0
2023-12-07 13:00:00,4006.0,4015.0,4001.0,4007.0,61643.0,1290237.0,1300601.0
2023-12-07 14:00:00,4007.0,4021.0,4002.0,4011.0,125217.0,1300601.0,1313215.0
2023-12-07 21:00:00,4005.0,4044.0,3996.0,4038.0,282564.0,1313215.0,1340419.0
2023-12-07 22:00:00,4038.0,4060.0,4033.0,4043.0,208704.0,1340419.0,1359067.0
2023-12-08 09:00:00,4044.0,4056.0,4042.0,4049.0,84529.0,1359067.0,1368838.0
2023-12-08 10:00:00,4049.0,4060.0,4035.0,4040.0,98505.0,1368838.0,1369367.0
2023-12-08 11:00:00,4040.0,4045.0,4031.0,4042.0,56020.0,1369367.0,1368430.0
2023-12-08 13:00:00,4039.0,4042.0,4022.0,4038.0,84278.0,1368430.0,1365274.0
2023-12-08 14:00:00,4038.0,4050.0,4031.0,4042.0,122785.0,1365274.0,1371697.0
2023-12-08 21:00:00,4042.0,4074.0,4031.0,4068.0,310196.0,1371697.0,1403914.0
2023-12-08 22:00:00,4068.0,4076.0,4041.0,4047.0,207254.0,1403914.0,1406183.0
2023-12-11 09:00:00,4044.0,4045.0,4010.0,4019.0,345285.0,1406183.0,1414260.0
2023-12-11 10:00:00,4019.0,4030.0,4012.0,4017.0,123730.0,1414260.0,1406792.0
2023-12-11 11:00:00,4017.0,4027.0,4017.0,4024.0,52751.0,1406792.0,1407514.0
2023-12-11 13:00:00,4027.0,4036.0,4026.0,4033.0,86514.0,1407514.0,1411242.0
2023-12-11 14:00:00,4033.0,4040.0,4019.0,4025.0,169283.0,1411242.0,1403548.0
2023-12-11 21:00:00,4022.0,4037.0,4005.0,4015.0,231054.0,1403548.0,1411639.0
2023-12-11 22:00:00,4015.0,4033.0,4013.0,4030.0,137863.0,1411639.0,1416332.0
2023-12-12 09:00:00,4031.0,4048.0,4022.0,4039.0,192158.0,1416332.0,1425750.0
2023-12-12 10:00:00,4039.0,4044.0,4016.0,4036.0,190906.0,1425750.0,1429424.0
2023-12-12 11:00:00,4036.0,4052.0,4033.0,4047.0,91726.0,1429424.0,1441454.0
2023-12-12 13:00:00,4047.0,4058.0,4043.0,4049.0,99080.0,1441454.0,1454537.0
2023-12-12 14:00:00,4049.0,4063.0,4045.0,4060.0,163523.0,1454537.0,1462775.0
2023-12-12 21:00:00,4049.0,4053.0,4024.0,4032.0,321119.0,1462775.0,1466039.0
2023-12-12 22:00:00,4032.0,4035.0,4012.0,4018.0,229661.0,1466039.0,1451577.0
2023-12-13 09:00:00,4015.0,4025.0,4007.0,4018.0,193045.0,1451577.0,1450853.0
2023-12-13 10:00:00,4018.0,4020.0,3981.0,3985.0,273324.0,1450853.0,1436698.0
2023-12-13 11:00:00,3985.0,3987.0,3960.0,3961.0,315926.0,1436698.0,1411931.0
2023-12-13 13:00:00,3960.0,3960.0,3931.0,3935.0,340071.0,1411931.0,1411731.0
2023-12-13 14:00:00,3935.0,3953.0,3934.0,3942.0,242667.0,1411731.0,1388556.0
2023-12-13 21:00:00,3950.0,3956.0,3938.0,3953.0,227852.0,1388556.0,1394405.0
2023-12-13 22:00:00,3953.0,3960.0,3945.0,3958.0,129621.0,1394405.0,1387892.0
2023-12-14 09:00:00,3965.0,3979.0,3951.0,3956.0,235207.0,1387892.0,1383319.0
2023-12-14 10:00:00,3956.0,3960.0,3940.0,3958.0,146652.0,1383319.0,1381984.0
2023-12-14 11:00:00,3958.0,3966.0,3955.0,3962.0,79415.0,1381984.0,1383972.0
2023-12-14 13:00:00,3960.0,3960.0,3926.0,3929.0,214356.0,1383972.0,1382269.0
2023-12-14 14:00:00,3929.0,3943.0,3920.0,3925.0,251631.0,1382269.0,1364343.0
2023-12-14 21:00:00,3930.0,3959.0,3929.0,3949.0,322938.0,1364343.0,1365663.0
2023-12-14 22:00:00,3949.0,3954.0,3938.0,3944.0,133704.0,1365663.0,1361420.0
2023-12-15 09:00:00,3945.0,3957.0,3934.0,3940.0,181698.0,1361420.0,1362534.0
2023-12-15 10:00:00,3940.0,3963.0,3938.0,3956.0,198221.0,1362534.0,1366806.0
2023-12-15 11:00:00,3956.0,3958.0,3946.0,3954.0,72664.0,1366806.0,1364499.0
2023-12-15 13:00:00,3945.0,3946.0,3906.0,3908.0,359469.0,1364499.0,1392621.0
2023-12-15 14:00:00,3908.0,3917.0,3896.0,3915.0,366589.0,1392621.0,1378052.0
2023-12-15 21:00:00,3916.0,3921.0,3900.0,3908.0,235316.0,1378052.0,1386266.0
2023-12-15 22:00:00,3908.0,3915.0,3892.0,3913.0,283616.0,1386266.0,1377623.0
2023-12-18 09:00:00,3910.0,3915.0,3895.0,3909.0,279084.0,1377623.0,1392635.0
2023-12-18 10:00:00,3909.0,3915.0,3905.0,3907.0,92888.0,1392635.0,1397002.0
2023-12-18 11:00:00,3907.0,3930.0,3906.0,3926.0,154470.0,1397002.0,1393627.0
2023-12-18 13:00:00,3926.0,3939.0,3920.0,3932.0,138740.0,1393627.0,1389324.0
2023-12-18 14:00:00,3932.0,3942.0,3923.0,3933.0,203869.0,1389324.0,1385700.0
2023-12-18 21:00:00,3933.0,3947.0,3926.0,3939.0,231321.0,1385700.0,1381013.0
2023-12-18 22:00:00,3939.0,3942.0,3927.0,3931.0,127448.0,1381013.0,1373515.0
2023-12-19 09:00:00,3930.0,3934.0,3916.0,3926.0,180133.0,1373515.0,1381379.0
2023-12-19 10:00:00,3926.0,3950.0,3925.0,3938.0,175932.0,1381379.0,1386984.0
2023-12-19 11:00:00,3938.0,3944.0,3910.0,3913.0,128285.0,1386984.0,1383687.0
2023-12-19 13:00:00,3913.0,3925.0,3906.0,3915.0,170515.0,1383687.0,1388946.0
2023-12-19 14:00:00,3915.0,3943.0,3912.0,3925.0,228352.0,1388946.0,1383881.0
2023-12-19 21:00:00,3928.0,3936.0,3919.0,3920.0,196702.0,1383881.0,1383606.0
2023-12-19 22:00:00,3920.0,3937.0,3918.0,3930.0,119771.0,1383606.0,1376154.0
2023-12-20 09:00:00,3932.0,3955.0,3932.0,3944.0,246588.0,1376154.0,1388723.0
2023-12-20 10:00:00,3944.0,3947.0,3932.0,3940.0,105640.0,1388723.0,1381618.0
2023-12-20 11:00:00,3940.0,3949.0,3936.0,3942.0,96300.0,1381618.0,1385923.0
2023-12-20 13:00:00,3942.0,3955.0,3941.0,3949.0,115670.0,1385923.0,1398229.0
2023-12-20 14:00:00,3949.0,3957.0,3937.0,3940.0,183974.0,1398229.0,1370546.0
2023-12-20 21:00:00,3938.0,3940.0,3923.0,3927.0,239339.0,1370546.0,1370314.0
2023-12-20 22:00:00,3927.0,3946.0,3925.0,3940.0,154757.0,1370314.0,1352830.0
2023-12-21 09:00:00,3935.0,3949.0,3931.0,3940.0,184921.0,1352830.0,1361029.0
2023-12-21 10:00:00,3940.0,3953.0,3934.0,3950.0,146166.0,1361029.0,1371709.0
2023-12-21 11:00:00,3950.0,3972.0,3950.0,3967.0,239111.0,1371709.0,1386259.0
2023-12-21 13:00:00,3969.0,3985.0,3964.0,3977.0,187068.0,1386259.0,1408123.0
2023-12-21 14:00:00,3977.0,3993.0,3974.0,3988.0,231087.0,1408123.0,1419138.0
2023-12-21 21:00:00,3987.0,3999.0,3982.0,3998.0,276817.0,1419138.0,1431610.0
2023-12-21 22:00:00,3998.0,3999.0,3985.0,3987.0,110688.0,1431610.0,1421797.0
2023-12-22 09:00:00,3988.0,4013.0,3986.0,4010.0,236338.0,1421797.0,1427509.0
2023-12-22 10:00:00,4010.0,4029.0,4000.0,4028.0,223762.0,1427509.0,1428487.0
2023-12-22 11:00:00,4028.0,4028.0,4014.0,4016.0,85233.0,1428487.0,1427795.0
2023-12-22 13:00:00,4013.0,4013.0,3995.0,4003.0,152030.0,1427795.0,1422449.0
2023-12-22 14:00:00,4003.0,4013.0,3998.0,4004.0,157927.0,1422449.0,1413911.0
2023-12-22 21:00:00,4000.0,4004.0,3991.0,4001.0,200149.0,1413911.0,1410658.0
2023-12-22 22:00:00,4001.0,4006.0,3994.0,3995.0,101793.0,1410658.0,1402312.0
2023-12-25 09:00:00,3992.0,4014.0,3984.0,4009.0,246020.0,1402312.0,1411309.0
2023-12-25 10:00:00,4009.0,4012.0,3988.0,3995.0,130924.0,1411309.0,1404277.0
2023-12-25 11:00:00,3995.0,3997.0,3981.0,3990.0,106520.0,1404277.0,1394572.0
2023-12-25 13:00:00,3988.0,4001.0,3988.0,3993.0,67006.0,1394572.0,1396583.0
2023-12-25 14:00:00,3993.0,4008.0,3988.0,3998.0,161982.0,1396583.0,1395734.0
2023-12-25 21:00:00,4000.0,4021.0,3997.0,4017.0,225555.0,1395734.0,1433200.0
2023-12-25 22:00:00,4017.0,4024.0,4009.0,4020.0,114553.0,1433200.0,1432531.0
2023-12-26 09:00:00,4020.0,4031.0,4011.0,4019.0,195788.0,1432531.0,1450207.0
2023-12-26 10:00:00,4019.0,4025.0,4011.0,4017.0,91735.0,1450207.0,1459639.0
2023-12-26 11:00:00,4017.0,4025.0,4016.0,4018.0,54674.0,1459639.0,1459260.0
2023-12-26 13:00:00,4018.0,4039.0,4010.0,4027.0,151883.0,1459260.0,1462256.0
2023-12-26 14:00:00,4027.0,4040.0,4021.0,4023.0,235191.0,1462256.0,1460390.0
2023-12-26 21:00:00,4025.0,4027.0,4014.0,4020.0,174058.0,1460390.0,1472508.0
2023-12-26 22:00:00,4020.0,4025.0,3990.0,3994.0,279647.0,1472508.0,1445437.0
2023-12-27 09:00:00,3993.0,4011.0,3992.0,4007.0,190765.0,1445437.0,1434807.0
2023-12-27 10:00:00,4007.0,4021.0,4005.0,4017.0,105276.0,1434807.0,1441915.0
2023-12-27 11:00:00,4017.0,4030.0,4010.0,4022.0,92467.0,1441915.0,1442863.0
2023-12-27 13:00:00,4022.0,4022.0,4014.0,4019.0,64830.0,1442863.0,1450178.0
2023-12-27 14:00:00,4019.0,4034.0,4018.0,4023.0,212819.0,1450178.0,1455027.0
2023-12-27 21:00:00,4024.0,4028.0,4014.0,4017.0,173449.0,1455027.0,1464866.0
2023-12-27 22:00:00,4017.0,4020.0,4001.0,4014.0,197047.0,1464866.0,1452545.0
2023-12-28 09:00:00,4015.0,4021.0,4007.0,4017.0,159679.0,1452545.0,1455130.0
2023-12-28 10:00:00,4017.0,4021.0,4006.0,4016.0,120733.0,1455130.0,1451272.0
2023-12-28 11:00:00,4016.0,4017.0,3998.0,4002.0,145994.0,1451272.0,1460697.0
2023-12-28 13:00:00,3999.0,4020.0,3995.0,4015.0,168582.0,1460697.0,1457630.0
2023-12-28 14:00:00,4015.0,4016.0,3982.0,3996.0,355572.0,1457630.0,1442009.0
2023-12-28 21:00:00,3993.0,4014.0,3990.0,4010.0,241860.0,1442009.0,1452248.0
2023-12-28 22:00:00,4010.0,4014.0,4007.0,4012.0,90805.0,1452248.0,1449724.0
2023-12-29 09:00:00,4011.0,4012.0,4001.0,4003.0,140196.0,1449724.0,1451179.0
2023-12-29 10:00:00,4003.0,4003.0,3976.0,3987.0,292612.0,1451179.0,1430237.0
2023-12-29 11:00:00,3987.0,4012.0,3986.0,4006.0,176310.0,1430237.0,1419914.0
2023-12-29 13:00:00,4006.0,4008.0,3995.0,4002.0,74049.0,1419914.0,1417256.0
2023-12-29 14:00:00,4002.0,4010.0,3996.0,4002.0,186228.0,1417256.0,1398474.0
2024-01-02 09:00:00,4004.0,4050.0,3983.0,4038.0,504808.0,1398474.0,1470157.0
2024-01-02 10:00:00,4038.0,4058.0,4033.0,4049.0,217612.0,1470157.0,1528401.0
2024-01-02 11:00:00,4049.0,4053.0,4046.0,4046.0,52284.0,1528401.0,1534625.0
2024-01-02 13:00:00,4047.0,4052.0,4046.0,4049.0,50115.0,1534625.0,1545175.0
2024-01-02 14:00:00,4049.0,4051.0,4038.0,4047.0,145575.0,1545175.0,1541082.0
2024-01-02 21:00:00,4049.0,4064.0,4040.0,4055.0,262818.0,1541082.0,1573432.0
2024-01-02 22:00:00,4055.0,4059.0,4049.0,4052.0,99226.0,1573432.0,1565500.0
2024-01-03 09:00:00,4050.0,4072.0,4047.0,4068.0,213433.0,1565500.0,1604735.0
2024-01-03 10:00:00,4068.0,4069.0,4051.0,4055.0,105042.0,1604735.0,1603900.0
2024-01-03 11:00:00,4055.0,4057.0,4044.0,4049.0,79788.0,1603900.0,1597387.0
2024-01-03 13:00:00,4050.0,4056.0,4046.0,4049.0,54990.0,1597387.0,1598616.0
2024-01-03 14:00:00,4049.0,4064.0,4048.0,4055.0,148895.0,1598616.0,1583796.0
2024-01-03 21:00:00,4053.0,4054.0,4039.0,4048.0,187167.0,1583796.0,1582421.0
2024-01-03 22:00:00,4048.0,4057.0,4042.0,4049.0,104755.0,1582421.0,1574287.0
2024-01-04 09:00:00,4050.0,4060.0,4049.0,4055.0,136973.0,1574287.0,1587660.0
2024-01-04 10:00:00,4055.0,4059.0,4028.0,4033.0,210995.0,1587660.0,1575107.0
2024-01-04 11:00:00,4033.0,4040.0,4028.0,4032.0,100568.0,1575107.0,1573954.0
2024-01-04 13:00:00,4031.0,4044.0,4029.0,4044.0,105858.0,1573954.0,1568022.0
2024-01-04 14:00:00,4044.0,4055.0,4042.0,4046.0,166304.0,1568022.0,1565306.0
2024-01-04 21:00:00,4047.0,4053.0,4035.0,4040.0,181318.0,1565306.0,1569007.0
2024-01-04 22:00:00,4040.0,4041.0,4021.0,4031.0,199067.0,1569007.0,1544108.0
2024-01-05 09:00:00,4031.0,4037.0,4008.0,4014.0,253355.0,1544108.0,1554072.0
2024-01-05 10:00:00,4014.0,4017.0,3997.0,4008.0,236352.0,1554072.0,1553693.0
2024-01-05 11:00:00,4008.0,4014.0,4003.0,4007.0,62620.0,1553693.0,1555828.0
2024-01-05 13:00:00,4005.0,4006.0,3991.0,3994.0,119888.0,1555828.0,1553591.0
2024-01-05 14:00:00,3994.0,4002.0,3971.0,3979.0,328443.0,1553591.0,1519864.0
2024-01-05 21:00:00,3980.0,3990.0,3963.0,3978.0,277811.0,1519864.0,1513388.0
2024-01-05 22:00:00,3978.0,3983.0,3968.0,3971.0,128781.0,1513388.0,1497505.0
2024-01-08 09:00:00,3970.0,3974.0,3957.0,3960.0,194556.0,1497505.0,1504006.0
2024-01-08 10:00:00,3960.0,3970.0,3958.0,3962.0,92913.0,1504006.0,1500913.0
2024-01-08 11:00:00,3962.0,3963.0,3945.0,3949.0,142869.0,1500913.0,1495321.0
2024-01-08 13:00:00,3948.0,3951.0,3937.0,3948.0,130694.0,1495321.0,1497527.0
2024-01-08 14:00:00,3948.0,3957.0,3942.0,3950.0,145061.0,1497527.0,1481551.0
2024-01-08 21:00:00,3952.0,3963.0,3945.0,3948.0,183830.0,1481551.0,1485036.0
2024-01-08 22:00:00,3948.0,3959.0,3944.0,3958.0,79793.0,1485036.0,1479210.0
2024-01-09 09:00:00,3959.0,3962.0,3946.0,3949.0,134895.0,1479210.0,1487329.0
2024-01-09 10:00:00,3949.0,3951.0,3939.0,3940.0,115340.0,1487329.0,1494624.0
2024-01-09 11:00:00,3940.0,3956.0,3935.0,3954.0,126656.0,1494624.0,1490901.0
2024-01-09 13:00:00,3950.0,3959.0,3945.0,3947.0,82519.0,1490901.0,1489780.0
2024-01-09 14:00:00,3947.0,3948.0,3936.0,3943.0,181276.0,1489780.0,1500557.0
2024-01-09 21:00:00,3943.0,3946.0,3931.0,3935.0,175683.0,1500557.0,1514562.0
2024-01-09 22:00:00,3935.0,3938.0,3926.0,3928.0,115965.0,1514562.0,1505568.0
2024-01-10 09:00:00,3927.0,3928.0,3910.0,3922.0,254045.0,1505568.0,1530718.0
2024-01-10 10:00:00,3922.0,3936.0,3907.0,3911.0,220067.0,1530718.0,1521632.0
2024-01-10 11:00:00,3911.0,3912.0,3903.0,3909.0,106412.0,1521632.0,1527088.0
2024-01-10 13:00:00,3908.0,3915.0,3904.0,3913.0,70851.0,1527088.0,1538027.0
2024-01-10 14:00:00,3913.0,3915.0,3885.0,3887.0,363958.0,1538027.0,1555083.0
2024-01-10 21:00:00,3883.0,3901.0,3882.0,3896.0,269438.0,1555083.0,1547222.0
2024-01-10 22:00:00,3896.0,3912.0,3893.0,3908.0,164659.0,1547222.0,1521222.0
2024-01-11 09:00:00,3908.0,3915.0,3903.0,3905.0,139467.0,1521222.0,1529639.0
2024-01-11 10:00:00,3905.0,3913.0,3900.0,3908.0,82785.0,1529639.0,1532390.0
2024-01-11 11:00:00,3908.0,3922.0,3906.0,3916.0,106480.0,1532390.0,1530400.0
2024-01-11 13:00:00,3924.0,3931.0,3917.0,3921.0,143741.0,1530400.0,1523894.0
2024-01-11 14:00:00,3921.0,3930.0,3913.0,3926.0,143153.0,1523894.0,1518301.0
2024-01-11 21:00:00,3928.0,3931.0,3917.0,3919.0,184649.0,1518301.0,1525224.0
2024-01-11 22:00:00,3919.0,3921.0,3901.0,3908.0,214106.0,1525224.0,1529655.0
2024-01-12 09:00:00,3907.0,3924.0,3904.0,3920.0,159565.0,1529655.0,1527561.0
2024-01-12 10:00:00,3920.0,3929.0,3916.0,3927.0,90433.0,1527561.0,1525654.0
2024-01-12 11:00:00,3927.0,3928.0,3918.0,3923.0,46702.0,1525654.0,1520612.0
2024-01-12 13:00:00,3921.0,3921.0,3907.0,3908.0,93508.0,1520612.0,1524501.0
2024-01-12 14:00:00,3908.0,3917.0,3902.0,3902.0,157138.0,1524501.0,1518179.0
2024-01-12 21:00:00,3904.0,3906.0,3864.0,3875.0,453326.0,1518179.0,1563911.0
2024-01-12 22:00:00,3875.0,3896.0,3867.0,3889.0,186756.0,1563911.0,1538994.0
2024-01-15 09:00:00,3894.0,3913.0,3893.0,3902.0,276672.0,1538994.0,1531112.0
2024-01-15 10:00:00,3902.0,3919.0,3895.0,3915.0,129978.0,1531112.0,1538755.0
2024-01-15 11:00:00,3915.0,3920.0,3911.0,3915.0,82764.0,1538755.0,1544542.0
2024-01-15 13:00:00,3913.0,3916.0,3907.0,3911.0,52091.0,1544542.0,1544747.0
2024-01-15 14:00:00,3911.0,3917.0,3896.0,3896.0,155897.0,1544747.0,1534526.0
2024-01-15 21:00:00,3890.0,3904.0,3881.0,3903.0,224157.0,1534526.0,1556511.0
2024-01-15 22:00:00,3903.0,3907.0,3889.0,3893.0,128861.0,1556511.0,1555041.0
2024-01-16 09:00:00,3896.0,3897.0,3880.0,3889.0,175748.0,1555041.0,1575350.0
2024-01-16 10:00:00,3889.0,3900.0,3883.0,3886.0,122332.0,1575350.0,1575064.0
2024-01-16 11:00:00,3886.0,3893.0,3877.0,3882.0,83195.0,1575064.0,1577493.0
2024-01-16 13:00:00,3880.0,3880.0,3866.0,3871.0,163672.0,1577493.0,1604188.0
2024-01-16 14:00:00,3871.0,3900.0,3865.0,3899.0,343177.0,1604188.0,1577068.0
2024-01-16 21:00:00,3914.0,3925.0,3909.0,3911.0,344505.0,1577068.0,1560268.0
2024-01-16 22:00:00,3911.0,3914.0,3906.0,3911.0,91432.0,1560268.0,1557330.0
2024-01-17 09:00:00,3910.0,3915.0,3902.0,3905.0,148891.0,1557330.0,1559314.0
2024-01-17 10:00:00,3905.0,3905.0,3883.0,3886.0,206770.0,1559314.0,1591948.0
2024-01-17 11:00:00,3886.0,3891.0,3881.0,3890.0,90620.0,1591948.0,1605773.0
2024-01-17 13:00:00,3889.0,3891.0,3874.0,3883.0,133210.0,1605773.0,1621952.0
2024-01-17 14:00:00,3883.0,3888.0,3855.0,3858.0,327876.0,1621952.0,1678312.0
2024-01-17 21:00:00,3852.0,3859.0,3841.0,3854.0,271707.0,1678312.0,1711378.0
2024-01-17 22:00:00,3854.0,3887.0,3850.0,3886.0,304763.0,1711378.0,1653145.0
2024-01-18 09:00:00,3886.0,3887.0,3878.0,3881.0,150628.0,1653145.0,1655584.0
2024-01-18 10:00:00,3881.0,3882.0,3858.0,3866.0,200105.0,1655584.0,1661914.0
2024-01-18 11:00:00,3866.0,3884.0,3864.0,3881.0,132171.0,1661914.0,1660656.0
2024-01-18 13:00:00,3881.0,3904.0,3871.0,3896.0,234399.0,1660656.0,1654526.0
2024-01-18 14:00:00,3896.0,3915.0,3894.0,3913.0,377249.0,1654526.0,1624177.0
2024-01-18 21:00:00,3913.0,3915.0,3897.0,3901.0,214882.0,1624177.0,1627921.0
2024-01-18 22:00:00,3901.0,3906.0,3892.0,3899.0,110593.0,1627921.0,1617386.0
2024-01-19 09:00:00,3903.0,3909.0,3895.0,3909.0,153277.0,1617386.0,1616854.0
2024-01-19 10:00:00,3909.0,3920.0,3900.0,3916.0,158696.0,1616854.0,1605600.0
2024-01-19 11:00:00,3916.0,3919.0,3913.0,3915.0,61200.0,1605600.0,1603404.0
2024-01-19 13:00:00,3913.0,3915.0,3906.0,3912.0,84824.0,1603404.0,1601213.0
2024-01-19 14:00:00,3912.0,3919.0,3907.0,3915.0,155393.0,1601213.0,1589085.0
2024-01-19 21:00:00,3915.0,3919.0,3904.0,3910.0,172388.0,1589085.0,1581777.0
2024-01-19 22:00:00,3910.0,3914.0,3901.0,3908.0,126938.0,1581777.0,1572634.0
2024-01-22 09:00:00,3908.0,3930.0,3896.0,3915.0,329829.0,1572634.0,1557500.0
2024-01-22 10:00:00,3915.0,3926.0,3908.0,3918.0,135963.0,1557500.0,1564755.0
2024-01-22 11:00:00,3918.0,3925.0,3915.0,3917.0,52955.0,1564755.0,1564606.0
2024-01-22 13:00:00,3913.0,3915.0,3906.0,3912.0,121327.0,1564606.0,1558469.0
2024-01-22 14:00:00,3912.0,3916.0,3883.0,3902.0,412290.0,1558469.0,1547107.0
2024-01-22 21:00:00,3902.0,3911.0,3893.0,3905.0,164119.0,1547107.0,1552022.0
2024-01-22 22:00:00,3905.0,3922.0,3903.0,3918.0,158423.0,1552022.0,1539428.0
2024-01-23 09:00:00,3921.0,3935.0,3919.0,3930.0,294265.0,1539428.0,1526537.0
2024-01-23 10:00:00,3930.0,3936.0,3924.0,3926.0,104259.0,1526537.0,1520564.0
2024-01-23 11:00:00,3926.0,3929.0,3920.0,3925.0,62731.0,1520564.0,1516862.0
2024-01-23 13:00:00,3928.0,3933.0,3927.0,3931.0,65261.0,1516862.0,1518876.0
2024-01-23 14:00:00,3931.0,3939.0,3927.0,3932.0,176066.0,1518876.0,1512174.0
2024-01-23 21:00:00,3931.0,3944.0,3928.0,3942.0,183519.0,1512174.0,1525124.0
2024-01-23 22:00:00,3942.0,3943.0,3931.0,3933.0,112889.0,1525124.0,1511521.0
2024-01-24 09:00:00,3934.0,3944.0,3932.0,3938.0,117886.0,1511521.0,1511307.0
2024-01-24 10:00:00,3938.0,3940.0,3929.0,3937.0,109057.0,1511307.0,1516679.0
2024-01-24 11:00:00,3937.0,3948.0,3936.0,3946.0,91049.0,1516679.0,1521786.0
2024-01-24 13:00:00,3941.0,3950.0,3941.0,3945.0,84060.0,1521786.0,1525116.0
2024-01-24 14:00:00,3945.0,3955.0,3942.0,3955.0,165423.0,1525116.0,1504867.0
2024-01-24 21:00:00,3971.0,3975.0,3963.0,3971.0,272747.0,1504867.0,1505884.0
2024-01-24 22:00:00,3971.0,3980.0,3968.0,3974.0,151365.0,1505884.0,1506754.0
2024-01-25 09:00:00,3974.0,3984.0,3969.0,3980.0,158912.0,1506754.0,1510981.0
2024-01-25 10:00:00,3980.0,3985.0,3974.0,3979.0,110522.0,1510981.0,1503634.0
2024-01-25 11:00:00,3979.0,3988.0,3979.0,3985.0,65624.0,1503634.0,1503413.0
2024-01-25 13:00:00,3985.0,3989.0,3981.0,3984.0,70653.0,1503413.0,1505025.0
2024-01-25 14:00:00,3984.0,3988.0,3961.0,3967.0,228790.0,1505025.0,1493572.0
2024-01-25 21:00:00,3963.0,3977.0,3961.0,3972.0,171356.0,1493572.0,1506648.0
2024-01-25 22:00:00,3972.0,3978.0,3959.0,3966.0,140684.0,1506648.0,1511643.0
2024-01-26 09:00:00,3964.0,3974.0,3962.0,3963.0,130807.0,1511643.0,1515600.0
2024-01-26 10:00:00,3963.0,3976.0,3963.0,3974.0,84701.0,1515600.0,1510710.0
2024-01-26 11:00:00,3974.0,3982.0,3972.0,3976.0,78616.0,1510710.0,1510134.0
2024-01-26 13:00:00,3978.0,3987.0,3976.0,3983.0,93742.0,1510134.0,1521987.0
2024-01-26 14:00:00,3983.0,3984.0,3965.0,3973.0,211412.0,1521987.0,1498486.0
2024-01-26 21:00:00,3973.0,3982.0,3968.0,3976.0,116285.0,1498486.0,1500445.0
2024-01-26 22:00:00,3976.0,3984.0,3969.0,3980.0,106754.0,1500445.0,1492916.0
2024-01-29 09:00:00,3982.0,3992.0,3971.0,3983.0,246978.0,1492916.0,1506821.0
2024-01-29 10:00:00,3983.0,3984.0,3971.0,3973.0,90970.0,1506821.0,1511748.0
2024-01-29 11:00:00,3973.0,3976.0,3968.0,3974.0,60085.0,1511748.0,1512937.0
2024-01-29 13:00:00,3969.0,3973.0,3955.0,3959.0,159877.0,1512937.0,1518411.0
2024-01-29 14:00:00,3959.0,3973.0,3956.0,3968.0,152173.0,1518411.0,1515490.0
2024-01-29 21:00:00,3968.0,3974.0,3961.0,3964.0,128295.0,1515490.0,1530108.0
2024-01-29 22:00:00,3964.0,3972.0,3960.0,3965.0,84033.0,1530108.0,1523362.0
2024-01-30 09:00:00,3966.0,3969.0,3960.0,3963.0,112407.0,1523362.0,1520889.0
2024-01-30 10:00:00,3963.0,3965.0,3951.0,3963.0,167931.0,1520889.0,1522288.0
2024-01-30 11:00:00,3963.0,3967.0,3944.0,3947.0,154089.0,1522288.0,1525227.0
2024-01-30 13:00:00,3947.0,3947.0,3931.0,3933.0,175744.0,1525227.0,1543571.0
2024-01-30 14:00:00,3933.0,3934.0,3912.0,3913.0,355326.0,1543571.0,1548905.0
2024-01-30 21:00:00,3908.0,3919.0,3896.0,3899.0,310436.0,1548905.0,1586557.0
2024-01-30 22:00:00,3899.0,3909.0,3896.0,3908.0,143043.0,1586557.0,1578313.0
2024-01-31 09:00:00,3906.0,3909.0,3893.0,3894.0,173892.0,1578313.0,1601236.0
2024-01-31 10:00:00,3894.0,3904.0,3889.0,3899.0,150731.0,1601236.0,1602171.0
2024-01-31 11:00:00,3899.0,3902.0,3891.0,3896.0,51382.0,1602171.0,1603455.0
2024-01-31 13:00:00,3892.0,3893.0,3881.0,3888.0,124743.0,1603455.0,1619982.0
2024-01-31 14:00:00,3888.0,3895.0,3867.0,3869.0,265188.0,1619982.0,1612323.0
2024-01-31 21:00:00,3867.0,3876.0,3863.0,3870.0,201364.0,1612323.0,1647128.0
2024-01-31 22:00:00,3870.0,3886.0,3869.0,3883.0,145355.0,1647128.0,1636097.0
2024-02-01 09:00:00,3878.0,3882.0,3868.0,3870.0,149809.0,1636097.0,1646805.0
2024-02-01 10:00:00,3870.0,3885.0,3868.0,3876.0,111772.0,1646805.0,1653255.0
2024-02-01 11:00:00,3876.0,3879.0,3871.0,3872.0,38987.0,1653255.0,1654970.0
2024-02-01 13:00:00,3871.0,3872.0,3855.0,3862.0,171799.0,1654970.0,1680641.0
2024-02-01 14:00:00,3862.0,3876.0,3858.0,3868.0,166788.0,1680641.0,1668963.0
2024-02-01 21:00:00,3869.0,3877.0,3863.0,3866.0,149090.0,1668963.0,1686603.0
2024-02-01 22:00:00,3866.0,3867.0,3852.0,3855.0,203560.0,1686603.0,1703421.0
2024-02-02 09:00:00,3853.0,3864.0,3851.0,3854.0,142917.0,1703421.0,1701827.0
2024-02-02 10:00:00,3854.0,3857.0,3825.0,3826.0,325707.0,1701827.0,1752524.0
2024-02-02 11:00:00,3826.0,3832.0,3820.0,3826.0,123230.0,1752524.0,1761902.0
2024-02-02 13:00:00,3825.0,3825.0,3805.0,3808.0,231808.0,1761902.0,1789339.0
2024-02-02 14:00:00,3808.0,3845.0,3801.0,3825.0,445967.0,1789339.0,1764601.0
2024-02-02 21:00:00,3823.0,3832.0,3814.0,3830.0,157382.0,1764601.0,1781547.0
2024-02-02 22:00:00,3830.0,3855.0,3828.0,3853.0,232731.0,1781547.0,1739873.0
2024-02-05 09:00:00,3849.0,3854.0,3839.0,3842.0,189314.0,1739873.0,1723620.0
2024-02-05 10:00:00,3842.0,3847.0,3824.0,3828.0,180246.0,1723620.0,1717172.0
2024-02-05 11:00:00,3828.0,3847.0,3828.0,3837.0,106538.0,1717172.0,1708752.0
2024-02-05 13:00:00,3846.0,3851.0,3842.0,3847.0,91144.0,1708752.0,1708705.0
2024-02-05 14:00:00,3847.0,3847.0,3826.0,3833.0,151445.0,1708705.0,1711481.0
2024-02-05 21:00:00,3823.0,3828.0,3794.0,3809.0,381581.0,1711481.0,1745691.0
2024-02-05 22:00:00,3809.0,3814.0,3807.0,3811.0,79229.0,1745691.0,1741041.0
2024-02-06 09:00:00,3812.0,3830.0,3812.0,3823.0,164120.0,1741041.0,1734026.0
2024-02-06 10:00:00,3823.0,3832.0,3822.0,3825.0,76275.0,1734026.0,1733286.0
2024-02-06 11:00:00,3825.0,3833.0,3815.0,3820.0,86371.0,1733286.0,1736608.0
2024-02-06 13:00:00,3835.0,3848.0,3834.0,3835.0,183886.0,1736608.0,1731566.0
2024-02-06 14:00:00,3835.0,3837.0,3806.0,3836.0,285017.0,1731566.0,1729234.0
2024-02-06 21:00:00,3833.0,3835.0,3820.0,3826.0,121838.0,1729234.0,1731548.0
2024-02-06 22:00:00,3826.0,3833.0,3825.0,3829.0,69821.0,1731548.0,1719518.0
2024-02-07 09:00:00,3829.0,3840.0,3822.0,3830.0,126161.0,1719518.0,1712738.0
2024-02-07 10:00:00,3830.0,3838.0,3813.0,3819.0,131807.0,1712738.0,1709481.0
2024-02-07 11:00:00,3819.0,3826.0,3815.0,3824.0,50557.0,1709481.0,1708086.0
2024-02-07 13:00:00,3818.0,3821.0,3813.0,3816.0,49774.0,1708086.0,1707851.0
2024-02-07 14:00:00,3816.0,3846.0,3813.0,3840.0,203178.0,1707851.0,1670548.0
2024-02-07 21:00:00,3841.0,3846.0,3833.0,3844.0,125576.0,1670548.0,1664858.0
2024-02-07 22:00:00,3844.0,3850.0,3839.0,3849.0,97828.0,1664858.0,1650015.0
2024-02-08 09:00:00,3851.0,3865.0,3851.0,3861.0,166146.0,1650015.0,1624966.0
2024-02-08 10:00:00,3861.0,3863.0,3847.0,3850.0,78927.0,1624966.0,1614745.0
2024-02-08 11:00:00,3850.0,3853.0,3846.0,3851.0,26903.0,1614745.0,1611847.0
2024-02-08 13:00:00,3848.0,3848.0,3834.0,3843.0,84515.0,1611847.0,1615945.0
2024-02-08 14:00:00,3843.0,3862.0,3841.0,3854.0,168982.0,1615945.0,1574632.0
2024-02-19 09:00:00,3878.0,3883.0,3828.0,3833.0,409110.0,1574632.0,1612378.0
2024-02-19 10:00:00,3833.0,3840.0,3811.0,3814.0,187886.0,1612378.0,1651510.0
2024-02-19 11:00:00,3814.0,3819.0,3806.0,3811.0,99558.0,1651510.0,1667361.0
2024-02-19 13:00:00,3810.0,3818.0,3807.0,3812.0,68868.0,1667361.0,1685164.0
2024-02-19 14:00:00,3812.0,3824.0,3803.0,3808.0,158519.0,1685164.0,1698766.0
2024-02-19 21:00:00,3805.0,3810.0,3791.0,3799.0,270150.0,1698766.0,1762456.0
2024-02-19 22:00:00,3799.0,3815.0,3797.0,3811.0,128392.0,1762456.0,1763329.0
2024-02-20 09:00:00,3809.0,3821.0,3794.0,3805.0,289195.0,1763329.0,1790665.0
2024-02-20 10:00:00,3805.0,3805.0,3776.0,3780.0,250059.0,1790665.0,1835355.0
2024-02-20 11:00:00,3780.0,3782.0,3768.0,3777.0,146735.0,1835355.0,1852023.0
2024-02-20 13:00:00,3776.0,3780.0,3766.0,3774.0,95054.0,1852023.0,1866124.0
2024-02-20 14:00:00,3774.0,3774.0,3751.0,3753.0,232422.0,1866124.0,1903502.0
2024-02-20 21:00:00,3752.0,3755.0,3735.0,3750.0,310375.0,1903502.0,1931252.0
2024-02-20 22:00:00,3750.0,3756.0,3739.0,3741.0,127107.0,1931252.0,1921919.0
2024-02-21 09:00:00,3740.0,3755.0,3734.0,3750.0,210201.0,1921919.0,1933918.0
2024-02-21 10:00:00,3750.0,3791.0,3749.0,3779.0,417225.0,1933918.0,1896696.0
2024-02-21 11:00:00,3779.0,3846.0,3777.0,3822.0,518298.0,1896696.0,1820578.0
2024-02-21 13:00:00,3824.0,3848.0,3820.0,3822.0,393314.0,1820578.0,1782711.0
2024-02-21 14:00:00,3822.0,3825.0,3781.0,3791.0,483780.0,1782711.0,1775444.0
2024-02-21 21:00:00,3785.0,3806.0,3782.0,3803.0,284866.0,1775444.0,1794813.0
2024-02-21 22:00:00,3803.0,3817.0,3800.0,3806.0,177190.0,1794813.0,1781980.0
2024-02-22 09:00:00,3806.0,3811.0,3787.0,3797.0,217012.0,1781980.0,1808041.0
2024-02-22 10:00:00,3797.0,3799.0,3784.0,3790.0,117685.0,1808041.0,1812339.0
2024-02-22 11:00:00,3790.0,3800.0,3788.0,3790.0,63914.0,1812339.0,1809313.0
2024-02-22 13:00:00,3796.0,3796.0,3771.0,3775.0,203705.0,1809313.0,1825633.0
2024-02-22 14:00:00,3775.0,3808.0,3769.0,3797.0,379071.0,1825633.0,1821231.0
2024-02-22 21:00:00,3800.0,3807.0,3794.0,3797.0,214193.0,1821231.0,1848223.0
2024-02-22 22:00:00,3797.0,3814.0,3791.0,3806.0,153614.0,1848223.0,1839181.0
2024-02-23 09:00:00,3808.0,3811.0,3794.0,3800.0,154944.0,1839181.0,1852217.0
2024-02-23 10:00:00,3800.0,3810.0,3798.0,3800.0,101443.0,1852217.0,1848610.0
2024-02-23 11:00:00,3800.0,3801.0,3787.0,3795.0,106371.0,1848610.0,1862248.0
2024-02-23 13:00:00,3794.0,3797.0,3783.0,3794.0,106059.0,1862248.0,1870292.0
2024-02-23 14:00:00,3794.0,3802.0,3786.0,3790.0,156978.0,1870292.0,1865495.0
2024-02-23 21:00:00,3788.0,3799.0,3773.0,3792.0,209258.0,1865495.0,1867991.0
2024-02-23 22:00:00,3792.0,3795.0,3766.0,3767.0,193687.0,1867991.0,1886495.0
2024-02-26 09:00:00,3764.0,3773.0,3746.0,3755.0,420151.0,1886495.0,1918222.0
2024-02-26 10:00:00,3755.0,3767.0,3749.0,3759.0,152855.0,1918222.0,1926498.0
2024-02-26 11:00:00,3759.0,3775.0,3759.0,3766.0,84311.0,1926498.0,1915822.0
2024-02-26 13:00:00,3766.0,3766.0,3743.0,3744.0,185464.0,1915822.0,1938141.0
2024-02-26 14:00:00,3744.0,3759.0,3740.0,3749.0,243306.0,1938141.0,1931411.0
2024-02-26 21:00:00,3742.0,3754.0,3738.0,3746.0,192837.0,1931411.0,1946674.0
2024-02-26 22:00:00,3746.0,3760.0,3743.0,3751.0,131294.0,1946674.0,1935193.0
2024-02-27 09:00:00,3749.0,3774.0,3749.0,3768.0,234043.0,1935193.0,1924175.0
2024-02-27 10:00:00,3768.0,3808.0,3765.0,3799.0,378579.0,1924175.0,1868633.0
2024-02-27 11:00:00,3799.0,3810.0,3797.0,3802.0,135144.0,1868633.0,1861243.0
2024-02-27 13:00:00,3802.0,3806.0,3793.0,3795.0,103316.0,1861243.0,1869232.0
2024-02-27 14:00:00,3795.0,3828.0,3794.0,3824.0,351655.0,1869232.0,1817302.0
2024-02-27 21:00:00,3821.0,3827.0,3814.0,3817.0,215356.0,1817302.0,1825210.0
2024-02-27 22:00:00,3817.0,3821.0,3806.0,3812.0,129566.0,1825210.0,1819879.0
2024-02-28 09:00:00,3812.0,3817.0,3800.0,3814.0,200892.0,1819879.0,1828022.0
2024-02-28 10:00:00,3814.0,3816.0,3804.0,3813.0,97414.0,1828022.0,1830198.0
2024-02-28 11:00:00,3813.0,3816.0,3798.0,3815.0,126315.0,1830198.0,1839978.0
2024-02-28 13:00:00,3817.0,3826.0,3814.0,3820.0,150966.0,1839978.0,1839023.0
2024-02-28 14:00:00,3820.0,3822.0,3805.0,3810.0,184431.0,1839023.0,1832452.0
2024-02-28 21:00:00,3801.0,3804.0,3783.0,3794.0,338448.0,1832452.0,1868536.0
2024-02-28 22:00:00,3794.0,3803.0,3786.0,3790.0,146085.0,1868536.0,1855473.0
2024-02-29 09:00:00,3789.0,3801.0,3788.0,3794.0,140831.0,1855473.0,1862483.0
2024-02-29 10:00:00,3794.0,3814.0,3794.0,3809.0,191886.0,1862483.0,1854660.0
2024-02-29 11:00:00,3809.0,3816.0,3806.0,3808.0,102814.0,1854660.0,1836136.0
2024-02-29 13:00:00,3810.0,3811.0,3795.0,3797.0,139029.0,1836136.0,1853625.0
2024-02-29 14:00:00,3797.0,3808.0,3774.0,3788.0,534746.0,1853625.0,1840987.0
2024-02-29 21:00:00,3787.0,3809.0,3785.0,3807.0,243517.0,1840987.0,1845105.0
2024-02-29 22:00:00,3807.0,3809.0,3796.0,3801.0,121383.0,1845105.0,1836806.0
2024-03-01 09:00:00,3804.0,3808.0,3789.0,3791.0,175727.0,1836806.0,1847188.0
2024-03-01 10:00:00,3791.0,3801.0,3788.0,3794.0,96665.0,1847188.0,1850796.0
2024-03-01 11:00:00,3794.0,3796.0,3779.0,3788.0,138393.0,1850796.0,1868095.0
2024-03-01 13:00:00,3788.0,3798.0,3783.0,3794.0,100036.0,1868095.0,1854165.0
2024-03-01 14:00:00,3794.0,3796.0,3760.0,3763.0,431661.0,1854165.0,1907770.0
2024-03-01 21:00:00,3754.0,3761.0,3741.0,3747.0,396401.0,1907770.0,1994601.0
2024-03-01 22:00:00,3747.0,3764.0,3736.0,3758.0,255025.0,1994601.0,1971303.0
2024-03-04 09:00:00,3762.0,3768.0,3741.0,3743.0,307118.0,1971303.0,2000782.0
2024-03-04 10:00:00,3743.0,3744.0,3724.0,3737.0,307857.0,2000782.0,2034284.0
2024-03-04 11:00:00,3737.0,3738.0,3727.0,3727.0,94077.0,2034284.0,2055815.0
2024-03-04 13:00:00,3723.0,3723.0,3712.0,3716.0,184166.0,2055815.0,2086838.0
2024-03-04 14:00:00,3716.0,3776.0,3709.0,3762.0,520177.0,2086838.0,1995627.0
2024-03-04 21:00:00,3752.0,3760.0,3744.0,3748.0,223741.0,1995627.0,2010748.0
2024-03-04 22:00:00,3748.0,3757.0,3747.0,3751.0,117780.0,2010748.0,2002051.0
2024-03-05 09:00:00,3749.0,3768.0,3731.0,3735.0,425480.0,2002051.0,2039444.0
2024-03-05 10:00:00,3735.0,3741.0,3722.0,3735.0,238989.0,2039444.0,2070073.0
2024-03-05 11:00:00,3735.0,3736.0,3727.0,3729.0,67733.0,2070073.0,2078169.0
2024-03-05 13:00:00,3728.0,3730.0,3715.0,3722.0,147928.0,2078169.0,2105576.0
2024-03-05 14:00:00,3722.0,3735.0,3715.0,3723.0,254861.0,2105576.0,2105091.0
2024-03-05 21:00:00,3714.0,3720.0,3705.0,3715.0,289695.0,2105091.0,2146812.0
2024-03-05 22:00:00,3715.0,3722.0,3708.0,3712.0,139164.0,2146812.0,2150992.0
2024-03-06 09:00:00,3710.0,3713.0,3688.0,3693.0,368719.0,2150992.0,2184356.0
2024-03-06 10:00:00,3693.0,3708.0,3691.0,3706.0,177638.0,2184356.0,2186437.0
2024-03-06 11:00:00,3706.0,3718.0,3699.0,3717.0,133644.0,2186437.0,2170475.0
2024-03-06 13:00:00,3715.0,3715.0,3704.0,3708.0,113656.0,2170475.0,2178537.0
2024-03-06 14:00:00,3708.0,3720.0,3702.0,3712.0,269207.0,2178537.0,2154551.0
2024-03-06 21:00:00,3710.0,3721.0,3703.0,3716.0,282689.0,2154551.0,2171234.0
2024-03-06 22:00:00,3716.0,3722.0,3713.0,3717.0,107873.0,2171234.0,2161861.0
2024-03-07 09:00:00,3719.0,3730.0,3714.0,3725.0,223870.0,2161861.0,2162776.0
2024-03-07 10:00:00,3725.0,3733.0,3718.0,3724.0,154397.0,2162776.0,2149834.0
2024-03-07 11:00:00,3724.0,3727.0,3704.0,3705.0,156852.0,2149834.0,2162405.0
2024-03-07 13:00:00,3705.0,3712.0,3698.0,3707.0,134034.0,2162405.0,2176575.0
2024-03-07 14:00:00,3707.0,3726.0,3695.0,3708.0,393741.0,2176575.0,2173795.0
2024-03-07 21:00:00,3709.0,3718.0,3705.0,3706.0,242669.0,2173795.0,2186016.0
2024-03-07 22:00:00,3706.0,3708.0,3691.0,3697.0,195778.0,2186016.0,2218870.0
2024-03-08 09:00:00,3695.0,3704.0,3685.0,3689.0,266121.0,2218870.0,2256762.0
2024-03-08 10:00:00,3689.0,3692.0,3681.0,3687.0,181975.0,2256762.0,2279743.0
2024-03-08 11:00:00,3687.0,3697.0,3681.0,3689.0,114470.0,2279743.0,2270465.0
2024-03-08 13:00:00,3688.0,3693.0,3681.0,3686.0,106576.0,2270465.0,2286063.0
2024-03-08 14:00:00,3686.0,3706.0,3683.0,3691.0,338654.0,2286063.0,2234800.0
2024-03-08 21:00:00,3687.0,3689.0,3675.0,3676.0,271556.0,2234800.0,2273790.0
2024-03-08 22:00:00,3676.0,3677.0,3650.0,3651.0,345868.0,2273790.0,2290787.0
2024-03-11 09:00:00,3639.0,3650.0,3631.0,3636.0,468668.0,2290787.0,2321025.0
2024-03-11 10:00:00,3636.0,3644.0,3622.0,3625.0,186856.0,2321025.0,2347158.0
2024-03-11 11:00:00,3625.0,3631.0,3620.0,3626.0,112350.0,2347158.0,2350555.0
2024-03-11 13:00:00,3625.0,3626.0,3604.0,3609.0,206326.0,2350555.0,2364629.0
2024-03-11 14:00:00,3609.0,3629.0,3605.0,3606.0,379338.0,2364629.0,2344611.0
2024-03-11 21:00:00,3603.0,3616.0,3596.0,3609.0,275909.0,2344611.0,2360652.0
2024-03-11 22:00:00,3609.0,3617.0,3607.0,3612.0,136047.0,2360652.0,2348603.0
2024-03-12 09:00:00,3618.0,3632.0,3616.0,3618.0,312137.0,2348603.0,2332332.0
2024-03-12 10:00:00,3618.0,3619.0,3608.0,3616.0,145606.0,2332332.0,2339284.0
2024-03-12 11:00:00,3616.0,3619.0,3610.0,3613.0,61537.0,2339284.0,2335519.0
2024-03-12 13:00:00,3615.0,3631.0,3614.0,3628.0,163375.0,2335519.0,2328097.0
2024-03-12 14:00:00,3628.0,3641.0,3616.0,3636.0,347490.0,2328097.0,2273876.0
2024-03-12 21:00:00,3635.0,3646.0,3629.0,3630.0,310019.0,2273876.0,2260677.0
2024-03-12 22:00:00,3630.0,3633.0,3623.0,3629.0,139180.0,2260677.0,2254220.0
2024-03-13 09:00:00,3630.0,3639.0,3623.0,3623.0,168480.0,2254220.0,2263733.0
2024-03-13 10:00:00,3623.0,3625.0,3615.0,3622.0,160857.0,2263733.0,2270041.0
2024-03-13 11:00:00,3622.0,3623.0,3607.0,3615.0,112135.0,2270041.0,2274656.0
2024-03-13 13:00:00,3617.0,3617.0,3598.0,3606.0,219186.0,2274656.0,2304453.0
2024-03-13 14:00:00,3606.0,3610.0,3577.0,3583.0,482563.0,2304453.0,2322421.0
2024-03-13 21:00:00,3588.0,3592.0,3557.0,3560.0,500022.0,2322421.0,2352036.0
2024-03-13 22:00:00,3560.0,3589.0,3558.0,3582.0,386136.0,2352036.0,2301386.0
2024-03-14 09:00:00,3588.0,3589.0,3568.0,3583.0,247115.0,2301386.0,2306074.0
2024-03-14 10:00:00,3583.0,3585.0,3562.0,3563.0,168385.0,2306074.0,2319415.0
2024-03-14 11:00:00,3563.0,3565.0,3537.0,3539.0,258793.0,2319415.0,2341313.0
2024-03-14 13:00:00,3539.0,3542.0,3514.0,3522.0,410163.0,2341313.0,2380182.0
2024-03-14 14:00:00,3522.0,3542.0,3505.0,3506.0,528397.0,2380182.0,2365042.0
2024-03-14 21:00:00,3501.0,3502.0,3484.0,3497.0,557075.0,2365042.0,2415095.0
2024-03-14 22:00:00,3497.0,3515.0,3492.0,3494.0,364675.0,2415095.0,2381776.0
2024-03-15 09:00:00,3491.0,3525.0,3487.0,3512.0,451610.0,2381776.0,2353891.0
2024-03-15 10:00:00,3512.0,3519.0,3504.0,3506.0,169172.0,2353891.0,2347438.0
2024-03-15 11:00:00,3506.0,3521.0,3504.0,3514.0,130582.0,2347438.0,2341239.0
2024-03-15 13:00:00,3512.0,3521.0,3508.0,3512.0,142558.0,2341239.0,2338267.0
2024-03-15 14:00:00,3512.0,3520.0,3490.0,3490.0,436610.0,2338267.0,2324008.0
2024-03-15 21:00:00,3489.0,3494.0,3429.0,3439.0,979295.0,2324008.0,2406972.0
2024-03-15 22:00:00,3439.0,3502.0,3414.0,3494.0,925451.0,2406972.0,2272666.0
2024-03-18 09:00:00,3483.0,3522.0,3472.0,3506.0,802033.0,2272666.0,2269211.0
2024-03-18 10:00:00,3506.0,3509.0,3486.0,3492.0,250815.0,2269211.0,2284250.0
2024-03-18 11:00:00,3492.0,3503.0,3487.0,3499.0,114936.0,2284250.0,2276929.0
2024-03-18 13:00:00,3498.0,3510.0,3493.0,3505.0,142717.0,2276929.0,2276195.0
2024-03-18 14:00:00,3505.0,3524.0,3504.0,3513.0,353899.0,2276195.0,2233803.0
2024-03-18 21:00:00,3520.0,3533.0,3513.0,3513.0,434233.0,2233803.0,2221078.0
2024-03-18 22:00:00,3513.0,3530.0,3513.0,3520.0,178821.0,2221078.0,2201450.0
2024-03-19 09:00:00,3520.0,3535.0,3514.0,3531.0,282830.0,2201450.0,2203319.0
2024-03-19 10:00:00,3531.0,3572.0,3529.0,3557.0,687006.0,2203319.0,2125414.0
2024-03-19 11:00:00,3557.0,3567.0,3553.0,3561.0,173942.0,2125414.0,2120178.0
2024-03-19 13:00:00,3560.0,3578.0,3555.0,3556.0,310219.0,2120178.0,2093576.0
2024-03-19 14:00:00,3556.0,3574.0,3552.0,3573.0,311885.0,2093576.0,2057185.0
2024-03-19 21:00:00,3580.0,3585.0,3562.0,3567.0,409585.0,2057185.0,2043934.0
2024-03-19 22:00:00,3567.0,3570.0,3558.0,3564.0,143536.0,2043934.0,2040211.0
2024-03-20 09:00:00,3565.0,3599.0,3564.0,3597.0,490575.0,2040211.0,1988248.0
2024-03-20 10:00:00,3597.0,3603.0,3585.0,3590.0,324959.0,1988248.0,1971960.0
2024-03-20 11:00:00,3590.0,3592.0,3564.0,3578.0,260168.0,1971960.0,1961618.0
2024-03-20 13:00:00,3582.0,3587.0,3572.0,3577.0,152295.0,1961618.0,1965476.0
2024-03-20 14:00:00,3577.0,3585.0,3568.0,3570.0,238726.0,1965476.0,1944955.0
2024-03-20 21:00:00,3565.0,3569.0,3549.0,3561.0,440507.0,1944955.0,1963799.0
2024-03-20 22:00:00,3561.0,3582.0,3556.0,3576.0,222524.0,1963799.0,1932621.0
2024-03-21 09:00:00,3583.0,3595.0,3576.0,3585.0,318343.0,1932621.0,1941126.0
2024-03-21 10:00:00,3585.0,3599.0,3583.0,3589.0,233090.0,1941126.0,1915935.0
2024-03-21 11:00:00,3589.0,3614.0,3582.0,3612.0,285261.0,1915935.0,1867607.0
2024-03-21 13:00:00,3613.0,3616.0,3593.0,3608.0,257313.0,1867607.0,1861531.0
2024-03-21 14:00:00,3608.0,3622.0,3605.0,3616.0,348670.0,1861531.0,1816447.0
2024-03-21 21:00:00,3610.0,3630.0,3607.0,3626.0,387776.0,1816447.0,1791400.0
2024-03-21 22:00:00,3626.0,3630.0,3614.0,3623.0,251054.0,1791400.0,1771659.0
2024-03-22 09:00:00,3622.0,3626.0,3606.0,3608.0,281344.0,1771659.0,1773316.0
2024-03-22 10:00:00,3608.0,3616.0,3598.0,3612.0,216302.0,1773316.0,1769471.0
2024-03-22 11:00:00,3612.0,3618.0,3596.0,3605.0,141982.0,1769471.0,1767076.0
2024-03-22 13:00:00,3607.0,3612.0,3586.0,3599.0,216845.0,1767076.0,1776792.0
2024-03-22 14:00:00,3599.0,3617.0,3598.0,3612.0,313534.0,1776792.0,1739877.0
2024-03-22 21:00:00,3613.0,3629.0,3600.0,3623.0,411684.0,1739877.0,1739416.0
2024-03-22 22:00:00,3623.0,3626.0,3602.0,3613.0,292241.0,1739416.0,1728175.0
2024-03-25 09:00:00,3610.0,3611.0,3570.0,3582.0,553706.0,1728175.0,1754209.0
2024-03-25 10:00:00,3582.0,3598.0,3580.0,3589.0,183389.0,1754209.0,1732391.0
2024-03-25 11:00:00,3589.0,3603.0,3586.0,3595.0,115701.0,1732391.0,1728450.0
2024-03-25 13:00:00,3595.0,3605.0,3593.0,3597.0,129989.0,1728450.0,1724023.0
2024-03-25 14:00:00,3597.0,3599.0,3575.0,3585.0,295936.0,1724023.0,1701482.0
2024-03-25 21:00:00,3584.0,3590.0,3575.0,3588.0,236645.0,1701482.0,1719536.0
2024-03-25 22:00:00,3588.0,3595.0,3581.0,3583.0,168232.0,1719536.0,1704085.0
2024-03-26 09:00:00,3583.0,3595.0,3563.0,3566.0,325688.0,1704085.0,1719787.0
2024-03-26 10:00:00,3566.0,3567.0,3533.0,3546.0,446823.0,1719787.0,1721588.0
2024-03-26 11:00:00,3546.0,3548.0,3531.0,3533.0,190241.0,1721588.0,1718972.0
2024-03-26 13:00:00,3533.0,3533.0,3518.0,3525.0,252580.0,1718972.0,1715413.0
2024-03-26 14:00:00,3525.0,3534.0,3496.0,3499.0,459155.0,1715413.0,1706818.0
2024-03-26 21:00:00,3494.0,3497.0,3477.0,3483.0,457007.0,1706818.0,1715480.0
2024-03-26 22:00:00,3483.0,3526.0,3479.0,3518.0,522195.0,1715480.0,1655428.0
2024-03-27 09:00:00,3519.0,3533.0,3511.0,3526.0,334512.0,1655428.0,1626605.0
2024-03-27 10:00:00,3526.0,3528.0,3507.0,3514.0,218720.0,1626605.0,1609480.0
2024-03-27 11:00:00,3514.0,3517.0,3490.0,3503.0,204369.0,1609480.0,1594352.0
2024-03-27 13:00:00,3501.0,3511.0,3496.0,3501.0,166218.0,1594352.0,1595676.0
2024-03-27 14:00:00,3501.0,3508.0,3479.0,3479.0,330822.0,1595676.0,1551457.0
2024-03-27 21:00:00,3468.0,3493.0,3457.0,3490.0,496329.0,1551457.0,1541764.0
2024-03-27 22:00:00,3490.0,3491.0,3478.0,3486.0,184610.0,1541764.0,1530769.0
2024-03-28 09:00:00,3487.0,3492.0,3451.0,3456.0,402861.0,1530769.0,1521315.0
2024-03-28 10:00:00,3456.0,3477.0,3441.0,3465.0,339483.0,1521315.0,1490721.0
2024-03-28 11:00:00,3465.0,3502.0,3464.0,3482.0,235329.0,1490721.0,1464265.0
2024-03-28 13:00:00,3490.0,3504.0,3464.0,3469.0,306145.0,1464265.0,1468198.0
2024-03-28 14:00:00,3469.0,3489.0,3461.0,3481.0,349155.0,1468198.0,1434142.0
2024-03-28 21:00:00,3475.0,3482.0,3468.0,3471.0,274160.0,1434142.0,1420405.0
2024-03-28 22:00:00,3471.0,3486.0,3465.0,3477.0,215106.0,1420405.0,1387404.0
2024-03-29 09:00:00,3477.0,3482.0,3466.0,3472.0,253984.0,1387404.0,1345654.0
2024-03-29 10:00:00,3472.0,3475.0,3442.0,3445.0,282368.0,1345654.0,1352172.0
2024-03-29 11:00:00,3445.0,3453.0,3424.0,3427.0,196572.0,1352172.0,1350350.0
2024-03-29 13:00:00,3426.0,3447.0,3417.0,3438.0,249081.0,1350350.0,1346821.0
2024-03-29 14:00:00,3438.0,3445.0,3405.0,3412.0,545491.0,1346821.0,1299182.0
2024-03-29 21:00:00,3399.0,3425.0,3394.0,3416.0,279430.0,1299182.0,1261589.0
2024-03-29 22:00:00,3416.0,3433.0,3408.0,3411.0,173363.0,1261589.0,1232541.0
2024-04-01 09:00:00,3400.0,3400.0,3368.0,3379.0,386093.0,1232541.0,1239682.0
2024-04-01 10:00:00,3379.0,3410.0,3378.0,3390.0,212421.0,1239682.0,1214293.0
2024-04-01 11:00:00,3390.0,3394.0,3385.0,3392.0,64093.0,1214293.0,1208966.0
2024-04-01 13:00:00,3392.0,3411.0,3381.0,3410.0,118787.0,1208966.0,1194145.0
2024-04-01 14:00:00,3410.0,3456.0,3408.0,3456.0,393713.0,1194145.0,1142343.0
2024-04-01 21:00:00,3499.0,3524.0,3491.0,3521.0,405475.0,1142343.0,1606541.0
2024-04-01 22:00:00,3521.0,3546.0,3520.0,3532.0,261319.0,1606541.0,1592320.0
2024-04-02 09:00:00,3530.0,3532.0,3506.0,3509.0,253142.0,1592320.0,1619361.0
2024-04-02 10:00:00,3509.0,3510.0,3482.0,3493.0,266759.0,1619361.0,1658535.0
2024-04-02 11:00:00,3493.0,3508.0,3489.0,3498.0,91226.0,1658535.0,1666265.0
2024-04-02 13:00:00,3496.0,3506.0,3492.0,3502.0,85964.0,1666265.0,1671400.0
2024-04-02 14:00:00,3502.0,3531.0,3501.0,3506.0,330916.0,1671400.0,1651838.0
2024-04-02 21:00:00,3503.0,3540.0,3500.0,3528.0,378105.0,1651838.0,1679149.0
2024-04-02 22:00:00,3528.0,3532.0,3522.0,3529.0,122776.0,1679149.0,1674750.0
2024-04-03 09:00:00,3529.0,3538.0,3510.0,3514.0,248073.0,1674750.0,1686387.0
2024-04-03 10:00:00,3514.0,3523.0,3508.0,3512.0,162524.0,1686387.0,1691552.0
2024-04-03 11:00:00,3512.0,3520.0,3506.0,3515.0,86836.0,1691552.0,1690698.0
2024-04-03 13:00:00,3510.0,3518.0,3509.0,3511.0,77395.0,1690698.0,1695075.0
2024-04-03 14:00:00,3511.0,3513.0,3462.0,3463.0,544875.0,1695075.0,1674662.0
2024-04-08 09:00:00,3456.0,3528.0,3446.0,3513.0,733183.0,1674662.0,1702831.0
2024-04-08 10:00:00,3513.0,3529.0,3510.0,3519.0,221911.0,1702831.0,1711186.0
2024-04-08 11:00:00,3519.0,3528.0,3515.0,3516.0,107045.0,1711186.0,1716471.0
2024-04-08 13:00:00,3517.0,3526.0,3513.0,3524.0,119382.0,1716471.0,1724506.0
2024-04-08 14:00:00,3524.0,3561.0,3523.0,3560.0,534657.0,1724506.0,1712789.0
2024-04-08 21:00:00,3559.0,3578.0,3554.0,3569.0,396356.0,1712789.0,1740617.0
2024-04-08 22:00:00,3569.0,3575.0,3553.0,3555.0,153715.0,1740617.0,1734356.0
2024-04-09 09:00:00,3560.0,3562.0,3540.0,3549.0,323415.0,1734356.0,1741186.0
2024-04-09 10:00:00,3549.0,3568.0,3544.0,3564.0,195696.0,1741186.0,1746947.0
2024-04-09 11:00:00,3564.0,3588.0,3564.0,3575.0,273925.0,1746947.0,1735436.0
2024-04-09 13:00:00,3575.0,3591.0,3575.0,3585.0,171998.0,1735436.0,1742896.0
2024-04-09 14:00:00,3585.0,3603.0,3576.0,3594.0,367651.0,1742896.0,1713445.0
2024-04-09 21:00:00,3597.0,3608.0,3585.0,3586.0,384303.0,1713445.0,1717086.0
2024-04-09 22:00:00,3586.0,3592.0,3577.0,3583.0,210807.0,1717086.0,1724022.0
2024-04-10 09:00:00,3582.0,3595.0,3582.0,3589.0,215421.0,1724022.0,1742154.0
2024-04-10 10:00:00,3589.0,3591.0,3572.0,3578.0,200406.0,1742154.0,1747986.0
2024-04-10 11:00:00,3578.0,3597.0,3577.0,3586.0,220083.0,1747986.0,1745779.0
2024-04-10 13:00:00,3581.0,3586.0,3571.0,3579.0,178437.0,1745779.0,1751833.0
2024-04-10 14:00:00,3579.0,3587.0,3573.0,3583.0,184502.0,1751833.0,1738323.0
2024-04-10 21:00:00,3579.0,3591.0,3566.0,3573.0,345908.0,1738323.0,1757682.0
2024-04-10 22:00:00,3573.0,3593.0,3571.0,3582.0,239808.0,1757682.0,1748567.0
2024-04-11 09:00:00,3581.0,3591.0,3577.0,3581.0,220648.0,1748567.0,1759627.0
2024-04-11 10:00:00,3581.0,3605.0,3579.0,3598.0,277410.0,1759627.0,1781458.0
2024-04-11 11:00:00,3598.0,3602.0,3589.0,3598.0,124161.0,1781458.0,1779188.0
2024-04-11 13:00:00,3603.0,3618.0,3603.0,3617.0,273069.0,1779188.0,1798063.0
2024-04-11 14:00:00,3617.0,3620.0,3607.0,3613.0,319633.0,1798063.0,1788118.0
2024-04-11 21:00:00,3616.0,3624.0,3610.0,3611.0,274562.0,1788118.0,1804796.0
2024-04-11 22:00:00,3611.0,3614.0,3599.0,3606.0,236416.0,1804796.0,1793813.0
2024-04-12 09:00:00,3606.0,3618.0,3602.0,3614.0,214886.0,1793813.0,1813337.0
2024-04-12 10:00:00,3614.0,3620.0,3610.0,3616.0,131636.0,1813337.0,1817205.0
2024-04-12 11:00:00,3616.0,3622.0,3613.0,3620.0,90711.0,1817205.0,1817120.0
2024-04-12 13:00:00,3621.0,3629.0,3621.0,3627.0,148484.0,1817120.0,1813395.0
2024-04-12 14:00:00,3627.0,3637.0,3620.0,3628.0,343754.0,1813395.0,1790761.0
2024-04-12 21:00:00,3631.0,3641.0,3622.0,3625.0,300065.0,1790761.0,1798214.0
2024-04-12 22:00:00,3625.0,3625.0,3599.0,3611.0,337407.0,1798214.0,1790180.0
2024-04-15 09:00:00,3616.0,3622.0,3606.0,3610.0,315172.0,1790180.0,1809189.0
2024-04-15 10:00:00,3610.0,3613.0,3586.0,3598.0,339529.0,1809189.0,1819554.0
2024-04-15 11:00:00,3598.0,3609.0,3590.0,3604.0,153133.0,1819554.0,1820245.0
2024-04-15 13:00:00,3604.0,3616.0,3603.0,3610.0,135682.0,1820245.0,1823335.0
2024-04-15 14:00:00,3610.0,3622.0,3607.0,3616.0,226927.0,1823335.0,1804825.0
2024-04-15 21:00:00,3618.0,3628.0,3604.0,3608.0,308269.0,1804825.0,1810979.0
2024-04-15 22:00:00,3608.0,3623.0,3601.0,3619.0,214320.0,1810979.0,1795544.0
2024-04-16 09:00:00,3621.0,3621.0,3603.0,3608.0,209391.0,1795544.0,1799032.0
2024-04-16 10:00:00,3608.0,3626.0,3596.0,3613.0,372601.0,1799032.0,1790328.0
2024-04-16 11:00:00,3613.0,3621.0,3608.0,3616.0,108944.0,1790328.0,1795091.0
2024-04-16 13:00:00,3620.0,3623.0,3615.0,3620.0,126884.0,1795091.0,1800011.0
2024-04-16 14:00:00,3620.0,3635.0,3594.0,3608.0,591974.0,1800011.0,1783614.0
2024-04-16 21:00:00,3605.0,3614.0,3603.0,3607.0,208177.0,1783614.0,1804058.0
2024-04-16 22:00:00,3607.0,3617.0,3602.0,3615.0,202340.0,1804058.0,1788302.0
2024-04-17 09:00:00,3617.0,3622.0,3609.0,3618.0,195922.0,1788302.0,1799088.0
2024-04-17 10:00:00,3618.0,3628.0,3617.0,3620.0,159003.0,1799088.0,1807309.0
2024-04-17 11:00:00,3620.0,3627.0,3611.0,3626.0,152272.0,1807309.0,1803328.0
2024-04-17 13:00:00,3628.0,3656.0,3628.0,3654.0,515900.0,1803328.0,1827855.0
2024-04-17 14:00:00,3654.0,3685.0,3651.0,3682.0,612538.0,1827855.0,1822853.0
2024-04-17 21:00:00,3690.0,3694.0,3677.0,3689.0,381831.0,1822853.0,1832782.0
2024-04-17 22:00:00,3689.0,3697.0,3687.0,3691.0,173370.0,1832782.0,1823596.0
2024-04-18 09:00:00,3689.0,3695.0,3678.0,3681.0,289310.0,1823596.0,1818440.0
2024-04-18 10:00:00,3681.0,3699.0,3681.0,3697.0,173191.0,1818440.0,1807809.0
2024-04-18 11:00:00,3697.0,3705.0,3693.0,3695.0,205772.0,1807809.0,1817344.0
2024-04-18 13:00:00,3692.0,3692.0,3668.0,3682.0,359331.0,1817344.0,1800907.0
2024-04-18 14:00:00,3682.0,3692.0,3676.0,3682.0,280895.0,1800907.0,1760462.0
2024-04-18 21:00:00,3679.0,3687.0,3675.0,3682.0,238030.0,1760462.0,1774449.0
2024-04-18 22:00:00,3682.0,3686.0,3676.0,3680.0,110176.0,1774449.0,1775973.0
2024-04-19 09:00:00,3679.0,3695.0,3677.0,3689.0,221849.0,1775973.0,1779447.0
2024-04-19 10:00:00,3689.0,3692.0,3678.0,3686.0,164161.0,1779447.0,1777790.0
2024-04-19 11:00:00,3686.0,3687.0,3665.0,3675.0,209056.0,1777790.0,1761324.0
2024-04-19 13:00:00,3674.0,3678.0,3661.0,3672.0,166520.0,1761324.0,1752564.0
2024-04-19 14:00:00,3672.0,3679.0,3665.0,3675.0,199132.0,1752564.0,1736610.0
2024-04-19 21:00:00,3665.0,3670.0,3651.0,3664.0,309015.0,1736610.0,1722308.0
2024-04-19 22:00:00,3664.0,3678.0,3663.0,3672.0,167563.0,1722308.0,1701094.0
2024-04-22 09:00:00,3669.0,3684.0,3664.0,3681.0,284183.0,1701094.0,1708370.0
2024-04-22 10:00:00,3681.0,3694.0,3677.0,3683.0,228358.0,1708370.0,1705798.0
2024-04-22 11:00:00,3683.0,3685.0,3667.0,3670.0,154079.0,1705798.0,1705731.0
2024-04-22 13:00:00,3671.0,3674.0,3662.0,3671.0,129900.0,1705731.0,1712904.0
2024-04-22 14:00:00,3671.0,3682.0,3663.0,3670.0,206549.0,1712904.0,1695415.0
2024-04-22 21:00:00,3667.0,3675.0,3662.0,3673.0,202592.0,1695415.0,1714706.0
2024-04-22 22:00:00,3673.0,3679.0,3669.0,3670.0,111101.0,1714706.0,1706438.0
2024-04-23 09:00:00,3669.0,3685.0,3665.0,3674.0,266615.0,1706438.0,1720450.0
2024-04-23 10:00:00,3674.0,3679.0,3669.0,3670.0,128803.0,1720450.0,1715582.0
2024-04-23 11:00:00,3670.0,3677.0,3666.0,3671.0,78194.0,1715582.0,1717028.0
2024-04-23 13:00:00,3670.0,3672.0,3655.0,3666.0,199391.0,1717028.0,1745708.0
2024-04-23 14:00:00,3666.0,3673.0,3635.0,3641.0,493960.0,1745708.0,1726245.0
2024-04-23 21:00:00,3634.0,3660.0,3631.0,3656.0,324325.0,1726245.0,1723244.0
2024-04-23 22:00:00,3656.0,3658.0,3646.0,3651.0,126434.0,1723244.0,1725367.0
2024-04-24 09:00:00,3653.0,3677.0,3653.0,3673.0,284873.0,1725367.0,1720004.0
2024-04-24 10:00:00,3673.0,3690.0,3672.0,3685.0,283448.0,1720004.0,1715657.0
2024-04-24 11:00:00,3685.0,3688.0,3681.0,3682.0,75520.0,1715657.0,1716555.0
2024-04-24 13:00:00,3683.0,3693.0,3678.0,3681.0,154744.0,1716555.0,1723660.0
2024-04-24 14:00:00,3681.0,3685.0,3674.0,3681.0,172221.0,1723660.0,1718813.0
2024-04-24 21:00:00,3679.0,3684.0,3673.0,3677.0,246951.0,1718813.0,1702305.0
2024-04-24 22:00:00,3677.0,3682.0,3674.0,3677.0,88498.0,1702305.0,1696585.0
2024-04-25 09:00:00,3678.0,3706.0,3676.0,3692.0,410420.0,1696585.0,1721836.0
2024-04-25 10:00:00,3692.0,3698.0,3686.0,3689.0,133220.0,1721836.0,1717506.0
2024-04-25 11:00:00,3689.0,3696.0,3667.0,3669.0,220086.0,1717506.0,1714755.0
2024-04-25 13:00:00,3675.0,3695.0,3675.0,3687.0,201116.0,1714755.0,1712578.0
2024-04-25 14:00:00,3687.0,3687.0,3662.0,3669.0,306561.0,1712578.0,1703349.0
2024-04-25 21:00:00,3672.0,3676.0,3658.0,3668.0,251059.0,1703349.0,1710749.0
2024-04-25 22:00:00,3668.0,3669.0,3645.0,3652.0,235341.0,1710749.0,1711235.0
2024-04-26 09:00:00,3653.0,3674.0,3653.0,3669.0,209424.0,1711235.0,1724185.0
2024-04-26 10:00:00,3669.0,3675.0,3663.0,3672.0,107113.0,1724185.0,1727847.0
2024-04-26 11:00:00,3672.0,3684.0,3672.0,3679.0,131130.0,1727847.0,1729764.0
2024-04-26 13:00:00,3683.0,3686.0,3675.0,3680.0,108878.0,1729764.0,1740107.0
2024-04-26 14:00:00,3680.0,3690.0,3677.0,3685.0,240623.0,1740107.0,1735237.0
2024-04-26 21:00:00,3680.0,3696.0,3675.0,3683.0,304470.0,1735237.0,1757087.0
2024-04-26 22:00:00,3683.0,3684.0,3652.0,3667.0,366925.0,1757087.0,1731843.0
2024-04-29 09:00:00,3668.0,3669.0,3653.0,3659.0,258345.0,1731843.0,1757458.0
2024-04-29 10:00:00,3659.0,3679.0,3658.0,3671.0,192964.0,1757458.0,1737655.0
2024-04-29 11:00:00,3671.0,3677.0,3669.0,3674.0,64940.0,1737655.0,1734465.0
2024-04-29 13:00:00,3674.0,3679.0,3663.0,3670.0,89618.0,1734465.0,1736750.0
2024-04-29 14:00:00,3670.0,3677.0,3664.0,3675.0,184042.0,1736750.0,1728962.0
2024-04-29 21:00:00,3680.0,3710.0,3678.0,3688.0,391572.0,1728962.0,1739285.0
2024-04-29 22:00:00,3688.0,3691.0,3682.0,3689.0,102480.0,1739285.0,1725986.0
2024-04-30 09:00:00,3689.0,3694.0,3678.0,3685.0,182971.0,1725986.0,1716812.0
2024-04-30 10:00:00,3685.0,3685.0,3661.0,3668.0,249023.0,1716812.0,1729882.0
2024-04-30 11:00:00,3668.0,3674.0,3665.0,3668.0,70418.0,1729882.0,1726444.0
2024-04-30 13:00:00,3667.0,3668.0,3641.0,3648.0,285739.0,1726444.0,1749582.0
2024-04-30 14:00:00,3648.0,3669.0,3634.0,3656.0,412113.0,1749582.0,1688963.0
2024-05-06 09:00:00,3673.0,3706.0,3672.0,3703.0,535736.0,1688963.0,1738338.0
2024-05-06 10:00:00,3703.0,3729.0,3703.0,3726.0,324488.0,1738338.0,1796282.0
2024-05-06 11:00:00,3726.0,3736.0,3723.0,3733.0,113694.0,1796282.0,1811804.0
2024-05-06 13:00:00,3733.0,3738.0,3730.0,3733.0,114016.0,1811804.0,1826984.0
2024-05-06 14:00:00,3733.0,3738.0,3726.0,3735.0,177230.0,1826984.0,1820186.0
2024-05-06 21:00:00,3736.0,3744.0,3734.0,3739.0,236809.0,1820186.0,1842017.0
2024-05-06 22:00:00,3739.0,3740.0,3732.0,3734.0,109223.0,1842017.0,1833477.0
2024-05-07 09:00:00,3737.0,3739.0,3726.0,3729.0,168312.0,1833477.0,1827724.0
2024-05-07 10:00:00,3729.0,3735.0,3723.0,3724.0,108641.0,1827724.0,1828226.0
2024-05-07 11:00:00,3724.0,3726.0,3720.0,3722.0,75405.0,1828226.0,1829037.0
2024-05-07 13:00:00,3722.0,3730.0,3717.0,3727.0,96800.0,1829037.0,1832162.0
2024-05-07 14:00:00,3727.0,3727.0,3715.0,3723.0,199061.0,1832162.0,1822429.0
2024-05-07 21:00:00,3722.0,3732.0,3719.0,3720.0,190743.0,1822429.0,1844726.0
2024-05-07 22:00:00,3720.0,3723.0,3711.0,3716.0,181839.0,1844726.0,1831353.0
2024-05-08 09:00:00,3715.0,3718.0,3706.0,3709.0,223030.0,1831353.0,1835766.0
2024-05-08 10:00:00,3709.0,3718.0,3708.0,3712.0,104476.0,1835766.0,1843115.0
2024-05-08 11:00:00,3712.0,3715.0,3703.0,3706.0,87250.0,1843115.0,1846114.0
2024-05-08 13:00:00,3705.0,3708.0,3700.0,3704.0,109650.0,1846114.0,1854523.0
2024-05-08 14:00:00,3704.0,3704.0,3671.0,3674.0,544967.0,1854523.0,1842890.0
2024-05-08 21:00:00,3675.0,3680.0,3665.0,3676.0,259184.0,1842890.0,1857474.0
2024-05-08 22:00:00,3676.0,3681.0,3673.0,3676.0,107160.0,1857474.0,1856088.0
2024-05-09 09:00:00,3679.0,3687.0,3671.0,3676.0,173961.0,1856088.0,1874935.0
2024-05-09 10:00:00,3676.0,3691.0,3673.0,3686.0,168550.0,1874935.0,1872255.0
2024-05-09 11:00:00,3686.0,3690.0,3669.0,3671.0,143854.0,1872255.0,1877336.0
2024-05-09 13:00:00,3672.0,3682.0,3669.0,3675.0,119156.0,1877336.0,1889602.0
2024-05-09 14:00:00,3675.0,3675.0,3656.0,3669.0,324314.0,1889602.0,1883846.0
2024-05-09 21:00:00,3674.0,3679.0,3668.0,3675.0,173570.0,1883846.0,1893518.0
2024-05-09 22:00:00,3675.0,3677.0,3665.0,3667.0,107462.0,1893518.0,1886570.0
2024-05-10 09:00:00,3668.0,3676.0,3645.0,3646.0,310699.0,1886570.0,1903055.0
2024-05-10 10:00:00,3646.0,3651.0,3627.0,3637.0,399742.0,1903055.0,1921569.0
2024-05-10 11:00:00,3637.0,3641.0,3627.0,3638.0,133002.0,1921569.0,1933276.0
2024-05-10 13:00:00,3639.0,3658.0,3639.0,3655.0,221615.0,1933276.0,1919224.0
2024-05-10 14:00:00,3655.0,3663.0,3640.0,3662.0,245530.0,1919224.0,1890163.0
2024-05-10 21:00:00,3659.0,3659.0,3645.0,3646.0,182123.0,1890163.0,1914046.0
2024-05-10 22:00:00,3646.0,3655.0,3643.0,3648.0,123931.0,1914046.0,1902256.0
2024-05-13 09:00:00,3641.0,3648.0,3623.0,3637.0,366677.0,1902256.0,1933786.0
2024-05-13 10:00:00,3637.0,3659.0,3635.0,3654.0,221777.0,1933786.0,1918074.0
2024-05-13 11:00:00,3654.0,3656.0,3643.0,3654.0,89339.0,1918074.0,1923378.0
2024-05-13 13:00:00,3654.0,3665.0,3654.0,3661.0,117075.0,1923378.0,1922201.0
2024-05-13 14:00:00,3661.0,3688.0,3660.0,3686.0,470615.0,1922201.0,1883012.0
2024-05-13 21:00:00,3688.0,3690.0,3665.0,3668.0,225515.0,1883012.0,1880072.0
2024-05-13 22:00:00,3668.0,3670.0,3661.0,3664.0,147119.0,1880072.0,1873142.0
2024-05-14 09:00:00,3666.0,3670.0,3635.0,3638.0,364108.0,1873142.0,1892488.0
2024-05-14 10:00:00,3638.0,3644.0,3634.0,3638.0,157556.0,1892488.0,1916950.0
2024-05-14 11:00:00,3638.0,3647.0,3638.0,3642.0,69851.0,1916950.0,1926220.0
2024-05-14 13:00:00,3642.0,3643.0,3628.0,3638.0,155026.0,1926220.0,1945337.0
2024-05-14 14:00:00,3638.0,3644.0,3624.0,3630.0,283888.0,1945337.0,1954528.0
2024-05-14 21:00:00,3625.0,3626.0,3609.0,3617.0,382142.0,1954528.0,1983430.0
2024-05-14 22:00:00,3617.0,3619.0,3611.0,3615.0,104846.0,1983430.0,1982896.0
2024-05-15 09:00:00,3616.0,3628.0,3609.0,3621.0,271252.0,1982896.0,1980054.0
2024-05-15 10:00:00,3621.0,3626.0,3607.0,3617.0,138549.0,1980054.0,1981536.0
2024-05-15 11:00:00,3617.0,3620.0,3609.0,3614.0,78290.0,1981536.0,1985317.0
2024-05-15 13:00:00,3619.0,3622.0,3611.0,3612.0,97336.0,1985317.0,1987677.0
2024-05-15 14:00:00,3612.0,3632.0,3608.0,3621.0,285869.0,1987677.0,1973963.0
2024-05-15 21:00:00,3623.0,3628.0,3614.0,3618.0,172376.0,1973963.0,1992284.0
2024-05-15 22:00:00,3618.0,3624.0,3617.0,3619.0,94271.0,1992284.0,1988353.0
2024-05-16 09:00:00,3622.0,3645.0,3622.0,3637.0,349783.0,1988353.0,1980929.0
2024-05-16 10:00:00,3637.0,3640.0,3630.0,3637.0,102731.0,1980929.0,1979449.0
2024-05-16 11:00:00,3637.0,3692.0,3635.0,3690.0,456654.0,1979449.0,1947619.0
2024-05-16 13:00:00,3695.0,3708.0,3693.0,3699.0,490545.0,1947619.0,1980169.0
2024-05-16 14:00:00,3699.0,3706.0,3694.0,3703.0,334970.0,1980169.0,1948433.0
2024-05-16 21:00:00,3701.0,3707.0,3690.0,3693.0,281918.0,1948433.0,1932030.0
2024-05-16 22:00:00,3693.0,3722.0,3693.0,3714.0,335586.0,1932030.0,1927508.0
2024-05-17 09:00:00,3716.0,3724.0,3712.0,3716.0,228114.0,1927508.0,1939626.0
2024-05-17 10:00:00,3716.0,3717.0,3707.0,3708.0,141831.0,1939626.0,1940785.0
2024-05-17 11:00:00,3708.0,3709.0,3696.0,3705.0,143732.0,1940785.0,1941445.0
2024-05-17 13:00:00,3715.0,3727.0,3707.0,3716.0,241915.0,1941445.0,1936094.0
2024-05-17 14:00:00,3716.0,3720.0,3713.0,3716.0,166078.0,1936094.0,1910315.0
2024-05-17 21:00:00,3711.0,3713.0,3695.0,3709.0,357566.0,1910315.0,1919570.0
2024-05-17 22:00:00,3709.0,3732.0,3706.0,3727.0,259402.0,1919570.0,1915958.0
2024-05-20 09:00:00,3736.0,3759.0,3733.0,3742.0,524462.0,1915958.0,1894787.0
2024-05-20 10:00:00,3742.0,3750.0,3734.0,3738.0,165825.0,1894787.0,1909953.0
2024-05-20 11:00:00,3738.0,3746.0,3736.0,3742.0,64477.0,1909953.0,1910165.0
2024-05-20 13:00:00,3741.0,3746.0,3740.0,3741.0,53224.0,1910165.0,1914502.0
2024-05-20 14:00:00,3741.0,3745.0,3724.0,3735.0,228269.0,1914502.0,1902839.0
2024-05-20 21:00:00,3728.0,3745.0,3726.0,3745.0,229445.0,1902839.0,1924920.0
2024-05-20 22:00:00,3745.0,3753.0,3741.0,3742.0,174081.0,1924920.0,1922404.0
2024-05-21 09:00:00,3742.0,3748.0,3725.0,3732.0,268589.0,1922404.0,1906167.0
2024-05-21 10:00:00,3732.0,3735.0,3722.0,3732.0,162346.0,1906167.0,1902519.0
2024-05-21 11:00:00,3732.0,3741.0,3726.0,3728.0,112678.0,1902519.0,1897399.0
2024-05-21 13:00:00,3729.0,3735.0,3722.0,3732.0,101954.0,1897399.0,1896152.0
2024-05-21 14:00:00,3732.0,3751.0,3732.0,3746.0,268587.0,1896152.0,1906958.0
2024-05-21 21:00:00,3746.0,3772.0,3743.0,3769.0,415599.0,1906958.0,1940100.0
2024-05-21 22:00:00,3769.0,3794.0,3766.0,3788.0,448753.0,1940100.0,1939938.0
2024-05-22 09:00:00,3787.0,3795.0,3781.0,3790.0,251847.0,1939938.0,1950072.0
2024-05-22 10:00:00,3790.0,3794.0,3782.0,3789.0,124852.0,1950072.0,1951238.0
2024-05-22 11:00:00,3789.0,3802.0,3787.0,3793.0,198880.0,1951238.0,1973524.0
2024-05-22 13:00:00,3795.0,3811.0,3787.0,3805.0,241280.0,1973524.0,1997285.0
2024-05-22 14:00:00,3805.0,3814.0,3798.0,3800.0,274495.0,1997285.0,1991310.0
2024-05-22 21:00:00,3791.0,3806.0,3788.0,3798.0,279838.0,1991310.0,1986449.0
2024-05-22 22:00:00,3798.0,3801.0,3787.0,3789.0,213818.0,1986449.0,1953580.0
2024-05-23 09:00:00,3786.0,3792.0,3779.0,3787.0,319569.0,1953580.0,1936443.0
2024-05-23 10:00:00,3787.0,3791.0,3780.0,3785.0,92523.0,1936443.0,1934690.0
2024-05-23 11:00:00,3785.0,3789.0,3766.0,3768.0,171153.0,1934690.0,1931702.0
2024-05-23 13:00:00,3765.0,3772.0,3754.0,3764.0,253733.0,1931702.0,1907617.0
2024-05-23 14:00:00,3764.0,3777.0,3761.0,3775.0,214978.0,1907617.0,1887482.0
2024-05-23 21:00:00,3781.0,3790.0,3777.0,3782.0,229663.0,1887482.0,1888423.0
2024-05-23 22:00:00,3782.0,3788.0,3771.0,3776.0,139913.0,1888423.0,1887660.0
2024-05-24 09:00:00,3775.0,3788.0,3769.0,3785.0,157912.0,1887660.0,1894859.0
2024-05-24 10:00:00,3785.0,3797.0,3781.0,3794.0,207554.0,1894859.0,1882088.0
2024-05-24 11:00:00,3794.0,3795.0,3782.0,3790.0,57127.0,1882088.0,1882992.0
2024-05-24 13:00:00,3789.0,3799.0,3789.0,3794.0,108344.0,1882992.0,1892155.0
2024-05-24 14:00:00,3794.0,3803.0,3775.0,3788.0,263580.0,1892155.0,1880099.0
2024-05-24 21:00:00,3787.0,3792.0,3777.0,3777.0,157655.0,1880099.0,1889250.0
2024-05-24 22:00:00,3777.0,3785.0,3775.0,3785.0,115038.0,1889250.0,1875901.0
2024-05-27 09:00:00,3779.0,3782.0,3762.0,3772.0,309631.0,1875901.0,1866293.0
2024-05-27 10:00:00,3772.0,3773.0,3758.0,3767.0,140583.0,1866293.0,1870094.0
2024-05-27 11:00:00,3767.0,3770.0,3762.0,3766.0,58299.0,1870094.0,1866140.0
2024-05-27 13:00:00,3765.0,3766.0,3745.0,3747.0,225079.0,1866140.0,1848945.0
2024-05-27 14:00:00,3747.0,3765.0,3745.0,3763.0,250843.0,1848945.0,1851637.0
2024-05-27 21:00:00,3766.0,3777.0,3764.0,3772.0,225288.0,1851637.0,1851832.0
2024-05-27 22:00:00,3772.0,3788.0,3770.0,3786.0,131643.0,1851832.0,1846255.0
2024-05-28 09:00:00,3788.0,3797.0,3779.0,3780.0,233819.0,1846255.0,1835656.0
2024-05-28 10:00:00,3780.0,3788.0,3778.0,3779.0,93801.0,1835656.0,1836342.0
2024-05-28 11:00:00,3779.0,3780.0,3770.0,3779.0,99944.0,1836342.0,1832249.0
2024-05-28 13:00:00,3778.0,3781.0,3765.0,3768.0,87280.0,1832249.0,1835824.0
2024-05-28 14:00:00,3768.0,3769.0,3738.0,3745.0,480328.0,1835824.0,1818116.0
2024-05-28 21:00:00,3747.0,3755.0,3736.0,3740.0,263045.0,1818116.0,1840554.0
2024-05-28 22:00:00,3740.0,3749.0,3735.0,3736.0,136424.0,1840554.0,1832803.0
2024-05-29 09:00:00,3739.0,3744.0,3730.0,3740.0,184202.0,1832803.0,1845395.0
2024-05-29 10:00:00,3740.0,3748.0,3736.0,3737.0,98100.0,1845395.0,1849653.0
2024-05-29 11:00:00,3737.0,3741.0,3727.0,3734.0,87803.0,1849653.0,1852114.0
2024-05-29 13:00:00,3730.0,3735.0,3722.0,3726.0,184191.0,1852114.0,1845491.0
2024-05-29 14:00:00,3726.0,3757.0,3725.0,3753.0,327855.0,1845491.0,1806967.0
2024-05-29 21:00:00,3767.0,3820.0,3755.0,3802.0,922645.0,1806967.0,1823934.0
2024-05-29 22:00:00,3802.0,3807.0,3796.0,3804.0,171930.0,1823934.0,1827347.0
2024-05-30 09:00:00,3805.0,3806.0,3780.0,3790.0,299397.0,1827347.0,1820677.0
2024-05-30 10:00:00,3790.0,3795.0,3753.0,3768.0,330296.0,1820677.0,1795364.0
2024-05-30 11:00:00,3768.0,3770.0,3743.0,3745.0,208829.0,1795364.0,1800850.0
2024-05-30 13:00:00,3740.0,3745.0,3728.0,3730.0,297767.0,1800850.0,1808259.0
2024-05-30 14:00:00,3730.0,3743.0,3727.0,3737.0,278008.0,1808259.0,1818782.0
2024-05-30 21:00:00,3731.0,3739.0,3709.0,3724.0,396889.0,1818782.0,1805030.0
2024-05-30 22:00:00,3724.0,3727.0,3707.0,3709.0,199812.0,1805030.0,1795927.0
2024-05-31 09:00:00,3710.0,3724.0,3709.0,3712.0,224309.0,1795927.0,1799411.0
2024-05-31 10:00:00,3712.0,3716.0,3704.0,3709.0,146543.0,1799411.0,1803445.0
2024-05-31 11:00:00,3709.0,3712.0,3700.0,3711.0,124245.0,1803445.0,1796733.0
2024-05-31 13:00:00,3709.0,3726.0,3709.0,3722.0,143291.0,1796733.0,1789290.0
2024-05-31 14:00:00,3722.0,3723.0,3705.0,3706.0,192170.0,1789290.0,1779867.0
2024-05-31 21:00:00,3707.0,3713.0,3683.0,3689.0,379467.0,1779867.0,1794254.0
2024-05-31 22:00:00,3689.0,3692.0,3674.0,3684.0,221217.0,1794254.0,1785279.0
2024-06-03 09:00:00,3682.0,3694.0,3676.0,3685.0,256172.0,1785279.0,1795500.0
2024-06-03 10:00:00,3685.0,3685.0,3671.0,3673.0,140643.0,1795500.0,1808575.0
2024-06-03 11:00:00,3673.0,3673.0,3661.0,3667.0,155953.0,1808575.0,1808626.0
2024-06-03 13:00:00,3666.0,3669.0,3657.0,3666.0,160570.0,1808626.0,1820195.0
2024-06-03 14:00:00,3666.0,3672.0,3656.0,3665.0,194145.0,1820195.0,1806122.0
2024-06-03 21:00:00,3665.0,3674.0,3653.0,3661.0,238258.0,1806122.0,1814978.0
2024-06-03 22:00:00,3661.0,3671.0,3661.0,3668.0,86060.0,1814978.0,1811910.0
2024-06-04 09:00:00,3669.0,3675.0,3644.0,3652.0,295592.0,1811910.0,1831789.0
2024-06-04 10:00:00,3652.0,3672.0,3649.0,3659.0,199067.0,1831789.0,1833068.0
2024-06-04 11:00:00,3659.0,3663.0,3653.0,3655.0,50660.0,1833068.0,1839629.0
2024-06-04 13:00:00,3655.0,3655.0,3642.0,3645.0,129291.0,1839629.0,1857128.0
2024-06-04 14:00:00,3645.0,3664.0,3642.0,3646.0,283794.0,1857128.0,1860282.0
2024-06-04 21:00:00,3635.0,3645.0,3630.0,3638.0,303676.0,1860282.0,1873812.0
2024-06-04 22:00:00,3638.0,3659.0,3638.0,3657.0,185429.0,1873812.0,1864614.0
2024-06-05 09:00:00,3659.0,3662.0,3639.0,3642.0,201474.0,1864614.0,1884303.0
2024-06-05 10:00:00,3642.0,3645.0,3635.0,3642.0,103379.0,1884303.0,1896430.0
2024-06-05 11:00:00,3642.0,3644.0,3636.0,3637.0,61980.0,1896430.0,1902481.0
2024-06-05 13:00:00,3635.0,3643.0,3633.0,3642.0,100187.0,1902481.0,1905923.0
2024-06-05 14:00:00,3642.0,3654.0,3631.0,3632.0,283331.0,1905923.0,1906987.0
2024-06-05 21:00:00,3637.0,3651.0,3633.0,3634.0,280845.0,1906987.0,1906071.0
2024-06-05 22:00:00,3634.0,3636.0,3621.0,3626.0,277567.0,1906071.0,1920384.0
2024-06-06 09:00:00,3632.0,3644.0,3626.0,3628.0,242146.0,1920384.0,1934457.0
2024-06-06 10:00:00,3628.0,3640.0,3627.0,3631.0,100758.0,1934457.0,1938043.0
2024-06-06 11:00:00,3631.0,3643.0,3625.0,3628.0,141994.0,1938043.0,1952191.0
2024-06-06 13:00:00,3628.0,3650.0,3627.0,3649.0,263580.0,1952191.0,1939857.0
2024-06-06 14:00:00,3649.0,3668.0,3644.0,3665.0,478239.0,1939857.0,1908589.0
2024-06-06 21:00:00,3667.0,3678.0,3659.0,3671.0,314645.0,1908589.0,1894026.0
2024-06-06 22:00:00,3671.0,3685.0,3668.0,3683.0,159455.0,1894026.0,1868375.0
2024-06-07 09:00:00,3685.0,3689.0,3656.0,3660.0,307233.0,1868375.0,1861995.0
2024-06-07 10:00:00,3660.0,3663.0,3653.0,3657.0,123541.0,1861995.0,1861318.0
2024-06-07 11:00:00,3657.0,3665.0,3652.0,3663.0,69663.0,1861318.0,1859752.0
2024-06-07 13:00:00,3665.0,3667.0,3640.0,3647.0,220775.0,1859752.0,1875025.0
2024-06-07 14:00:00,3647.0,3663.0,3639.0,3655.0,249941.0,1875025.0,1839352.0
2024-06-11 09:00:00,3638.0,3650.0,3611.0,3614.0,484314.0,1839352.0,1889633.0
2024-06-11 10:00:00,3614.0,3614.0,3601.0,3606.0,245090.0,1889633.0,1922652.0
2024-06-11 11:00:00,3606.0,3612.0,3603.0,3604.0,83373.0,1922652.0,1926487.0
2024-06-11 13:00:00,3603.0,3605.0,3593.0,3597.0,152567.0,1926487.0,1933396.0
2024-06-11 14:00:00,3597.0,3608.0,3591.0,3597.0,254004.0,1933396.0,1923508.0
2024-06-11 21:00:00,3598.0,3604.0,3588.0,3593.0,228290.0,1923508.0,1951549.0
2024-06-11 22:00:00,3593.0,3602.0,3591.0,3596.0,91771.0,1951549.0,1947610.0
2024-06-12 09:00:00,3597.0,3616.0,3597.0,3610.0,250258.0,1947610.0,1955065.0
2024-06-12 10:00:00,3610.0,3610.0,3596.0,3604.0,127414.0,1955065.0,1958576.0
2024-06-12 11:00:00,3604.0,3613.0,3602.0,3608.0,68053.0,1958576.0,1957499.0
2024-06-12 13:00:00,3609.0,3618.0,3608.0,3612.0,100202.0,1957499.0,1956127.0
2024-06-12 14:00:00,3612.0,3616.0,3607.0,3608.0,125534.0,1956127.0,1938347.0
2024-06-12 21:00:00,3630.0,3639.0,3613.0,3619.0,262276.0,1938347.0,1935787.0
2024-06-12 22:00:00,3619.0,3619.0,3610.0,3610.0,82808.0,1935787.0,1926791.0
2024-06-13 09:00:00,3609.0,3614.0,3583.0,3606.0,437938.0,1926791.0,1949675.0
2024-06-13 10:00:00,3606.0,3625.0,3605.0,3613.0,182217.0,1949675.0,1940936.0
2024-06-13 11:00:00,3613.0,3616.0,3603.0,3614.0,88333.0,1940936.0,1943449.0
2024-06-13 13:00:00,3616.0,3625.0,3614.0,3617.0,125903.0,1943449.0,1957652.0
2024-06-13 14:00:00,3617.0,3624.0,3614.0,3621.0,137166.0,1957652.0,1951022.0
2024-06-13 21:00:00,3629.0,3644.0,3626.0,3635.0,321450.0,1951022.0,1924748.0
2024-06-13 22:00:00,3635.0,3641.0,3632.0,3639.0,125554.0,1924748.0,1908647.0
2024-06-14 09:00:00,3638.0,3639.0,3625.0,3634.0,164517.0,1908647.0,1916210.0
2024-06-14 10:00:00,3634.0,3648.0,3631.0,3644.0,148605.0,1916210.0,1917751.0
2024-06-14 11:00:00,3644.0,3649.0,3636.0,3646.0,103607.0,1917751.0,1907873.0
2024-06-14 13:00:00,3648.0,3658.0,3647.0,3654.0,193811.0,1907873.0,1913311.0
2024-06-14 14:00:00,3654.0,3657.0,3633.0,3637.0,218889.0,1913311.0,1881475.0
2024-06-14 21:00:00,3637.0,3641.0,3626.0,3627.0,216188.0,1881475.0,1880541.0
2024-06-14 22:00:00,3627.0,3636.0,3620.0,3626.0,217986.0,1880541.0,1875566.0
2024-06-17 09:00:00,3623.0,3623.0,3606.0,3611.0,271198.0,1875566.0,1915060.0
2024-06-17 10:00:00,3611.0,3617.0,3606.0,3613.0,94377.0,1915060.0,1922358.0
2024-06-17 11:00:00,3613.0,3613.0,3604.0,3610.0,73249.0,1922358.0,1924593.0
2024-06-17 13:00:00,3608.0,3622.0,3605.0,3617.0,93469.0,1924593.0,1931733.0
2024-06-17 14:00:00,3617.0,3619.0,3605.0,3613.0,174970.0,1931733.0,1930901.0
2024-06-17 21:00:00,3609.0,3640.0,3609.0,3636.0,305937.0,1930901.0,1936633.0
2024-06-17 22:00:00,3636.0,3649.0,3633.0,3641.0,221374.0,1936633.0,1919771.0
2024-06-18 09:00:00,3644.0,3647.0,3632.0,3634.0,150413.0,1919771.0,1919596.0
2024-06-18 10:00:00,3634.0,3645.0,3628.0,3636.0,136224.0,1919596.0,1916198.0
2024-06-18 11:00:00,3636.0,3642.0,3632.0,3642.0,54892.0,1916198.0,1917399.0
2024-06-18 13:00:00,3643.0,3654.0,3640.0,3642.0,158147.0,1917399.0,1923646.0
2024-06-18 14:00:00,3642.0,3649.0,3612.0,3618.0,336801.0,1923646.0,1892618.0
2024-06-18 21:00:00,3616.0,3636.0,3614.0,3631.0,224420.0,1892618.0,1895689.0
2024-06-18 22:00:00,3631.0,3649.0,3631.0,3644.0,198105.0,1895689.0,1881190.0
2024-06-19 09:00:00,3648.0,3650.0,3637.0,3641.0,139749.0,1881190.0,1884227.0
2024-06-19 10:00:00,3641.0,3645.0,3627.0,3640.0,153420.0,1884227.0,1875722.0
2024-06-19 11:00:00,3640.0,3646.0,3637.0,3639.0,63709.0,1875722.0,1875824.0
2024-06-19 13:00:00,3642.0,3644.0,3620.0,3626.0,205573.0,1875824.0,1885092.0
2024-06-19 14:00:00,3626.0,3629.0,3606.0,3614.0,385060.0,1885092.0,1924648.0
2024-06-19 21:00:00,3616.0,3626.0,3601.0,3602.0,289378.0,1924648.0,1970219.0
2024-06-19 22:00:00,3602.0,3627.0,3586.0,3612.0,521054.0,1970219.0,1963379.0
2024-06-20 09:00:00,3616.0,3625.0,3612.0,3615.0,206051.0,1963379.0,1959617.0
2024-06-20 10:00:00,3615.0,3636.0,3612.0,3629.0,206426.0,1959617.0,1948254.0
2024-06-20 11:00:00,3629.0,3632.0,3615.0,3622.0,117193.0,1948254.0,1953847.0
2024-06-20 13:00:00,3623.0,3623.0,3588.0,3591.0,303994.0,1953847.0,2008107.0
2024-06-20 14:00:00,3591.0,3610.0,3582.0,3597.0,505511.0,2008107.0,2016628.0
2024-06-20 21:00:00,3595.0,3603.0,3588.0,3594.0,221578.0,2016628.0,2039511.0
2024-06-20 22:00:00,3594.0,3609.0,3590.0,3608.0,194820.0,2039511.0,2022667.0
2024-06-21 09:00:00,3608.0,3615.0,3590.0,3594.0,214663.0,2022667.0,2032498.0
2024-06-21 10:00:00,3594.0,3597.0,3579.0,3583.0,206646.0,2032498.0,2082771.0
2024-06-21 11:00:00,3583.0,3585.0,3567.0,3578.0,223039.0,2082771.0,2106792.0
2024-06-21 13:00:00,3580.0,3585.0,3572.0,3575.0,99859.0,2106792.0,2117917.0
2024-06-21 14:00:00,3575.0,3578.0,3563.0,3563.0,268521.0,2117917.0,2130004.0
2024-06-21 21:00:00,3558.0,3565.0,3551.0,3559.0,297978.0,2130004.0,2143606.0
2024-06-21 22:00:00,3559.0,3564.0,3556.0,3557.0,81156.0,2143606.0,2131726.0
2024-06-24 09:00:00,3548.0,3548.0,3534.0,3538.0,306022.0,2131726.0,2160673.0
2024-06-24 10:00:00,3538.0,3540.0,3526.0,3532.0,158058.0,2160673.0,2179650.0
2024-06-24 11:00:00,3532.0,3543.0,3531.0,3539.0,90960.0,2179650.0,2170746.0
2024-06-24 13:00:00,3540.0,3544.0,3532.0,3535.0,88524.0,2170746.0,2177957.0
2024-06-24 14:00:00,3535.0,3541.0,3525.0,3532.0,182897.0,2177957.0,2171118.0
2024-06-24 21:00:00,3528.0,3540.0,3525.0,3538.0,185526.0,2171118.0,2179933.0
2024-06-24 22:00:00,3538.0,3546.0,3531.0,3532.0,129527.0,2179933.0,2170509.0
2024-06-25 09:00:00,3532.0,3536.0,3522.0,3534.0,179769.0,2170509.0,2185085.0
2024-06-25 10:00:00,3534.0,3534.0,3522.0,3528.0,88612.0,2185085.0,2196140.0
2024-06-25 11:00:00,3528.0,3538.0,3527.0,3535.0,77991.0,2196140.0,2193137.0
2024-06-25 13:00:00,3538.0,3546.0,3534.0,3534.0,136122.0,2193137.0,2187329.0
2024-06-25 14:00:00,3534.0,3540.0,3526.0,3532.0,209791.0,2187329.0,2168862.0
2024-06-25 21:00:00,3530.0,3536.0,3524.0,3533.0,182847.0,2168862.0,2187855.0
2024-06-25 22:00:00,3533.0,3540.0,3532.0,3535.0,122180.0,2187855.0,2185113.0
2024-06-26 09:00:00,3535.0,3543.0,3529.0,3533.0,148521.0,2185113.0,2185286.0
2024-06-26 10:00:00,3533.0,3549.0,3531.0,3536.0,180794.0,2185286.0,2183551.0
2024-06-26 11:00:00,3536.0,3555.0,3535.0,3554.0,160293.0,2183551.0,2171465.0
2024-06-26 13:00:00,3554.0,3558.0,3546.0,3546.0,131595.0,2171465.0,2172389.0
2024-06-26 14:00:00,3546.0,3567.0,3546.0,3563.0,246681.0,2172389.0,2149873.0
2024-06-26 21:00:00,3564.0,3568.0,3553.0,3558.0,186172.0,2149873.0,2145389.0
2024-06-26 22:00:00,3558.0,3561.0,3551.0,3555.0,114905.0,2145389.0,2148547.0
2024-06-27 09:00:00,3553.0,3568.0,3551.0,3564.0,170920.0,2148547.0,2154599.0
2024-06-27 10:00:00,3564.0,3565.0,3548.0,3549.0,119654.0,2154599.0,2159009.0
2024-06-27 11:00:00,3549.0,3558.0,3545.0,3554.0,120930.0,2159009.0,2162327.0
2024-06-27 13:00:00,3554.0,3554.0,3536.0,3540.0,163607.0,2162327.0,2176996.0
2024-06-27 14:00:00,3540.0,3545.0,3535.0,3535.0,175689.0,2176996.0,2177715.0
2024-06-27 21:00:00,3534.0,3540.0,3527.0,3528.0,231238.0,2177715.0,2199993.0
2024-06-27 22:00:00,3528.0,3534.0,3526.0,3530.0,103510.0,2199993.0,2202347.0
2024-06-28 09:00:00,3529.0,3542.0,3523.0,3537.0,198263.0,2202347.0,2211694.0
2024-06-28 10:00:00,3537.0,3548.0,3536.0,3544.0,166867.0,2211694.0,2197813.0
2024-06-28 11:00:00,3544.0,3548.0,3540.0,3543.0,63274.0,2197813.0,2201670.0
2024-06-28 13:00:00,3543.0,3553.0,3541.0,3542.0,125563.0,2201670.0,2201514.0
2024-06-28 14:00:00,3542.0,3547.0,3530.0,3544.0,289553.0,2201514.0,2193732.0
2024-06-28 21:00:00,3548.0,3558.0,3541.0,3544.0,235180.0,2193732.0,2207138.0
2024-06-28 22:00:00,3544.0,3547.0,3533.0,3535.0,168055.0,2207138.0,2225927.0
2024-07-01 09:00:00,3537.0,3552.0,3532.0,3551.0,265270.0,2225927.0,2224951.0
2024-07-01 10:00:00,3551.0,3553.0,3539.0,3550.0,148027.0,2224951.0,2216597.0
2024-07-01 11:00:00,3550.0,3557.0,3548.0,3552.0,94734.0,2216597.0,2215971.0
2024-07-01 13:00:00,3555.0,3562.0,3548.0,3557.0,167040.0,2215971.0,2213691.0
2024-07-01 14:00:00,3557.0,3566.0,3557.0,3562.0,183675.0,2213691.0,2207299.0
2024-07-01 21:00:00,3573.0,3584.0,3568.0,3576.0,275725.0,2207299.0,2186976.0
2024-07-01 22:00:00,3576.0,3578.0,3566.0,3569.0,107917.0,2186976.0,2172745.0
2024-07-02 09:00:00,3570.0,3571.0,3562.0,3568.0,142850.0,2172745.0,2182667.0
2024-07-02 10:00:00,3568.0,3569.0,3558.0,3563.0,105644.0,2182667.0,2187672.0
2024-07-02 11:00:00,3563.0,3569.0,3561.0,3569.0,57642.0,2187672.0,2185861.0
2024-07-02 13:00:00,3568.0,3570.0,3564.0,3566.0,77164.0,2185861.0,2187361.0
2024-07-02 14:00:00,3566.0,3568.0,3551.0,3562.0,256360.0,2187361.0,2181825.0
2024-07-02 21:00:00,3566.0,3572.0,3558.0,3562.0,195742.0,2181825.0,2205566.0
2024-07-02 22:00:00,3562.0,3563.0,3554.0,3563.0,146612.0,2205566.0,2214883.0
2024-07-03 09:00:00,3560.0,3578.0,3559.0,3573.0,213139.0,2214883.0,2200489.0
2024-07-03 10:00:00,3573.0,3578.0,3565.0,3568.0,138899.0,2200489.0,2185433.0
2024-07-03 11:00:00,3568.0,3590.0,3567.0,3589.0,185377.0,2185433.0,2166505.0
2024-07-03 13:00:00,3588.0,3598.0,3584.0,3595.0,230185.0,2166505.0,2157958.0
2024-07-03 14:00:00,3595.0,3620.0,3595.0,3619.0,512013.0,2157958.0,2097856.0
2024-07-03 21:00:00,3619.0,3619.0,3610.0,3616.0,187382.0,2097856.0,2080528.0
2024-07-03 22:00:00,3616.0,3624.0,3613.0,3618.0,144742.0,2080528.0,2065931.0
2024-07-04 09:00:00,3617.0,3629.0,3616.0,3628.0,161083.0,2065931.0,2070155.0
2024-07-04 10:00:00,3628.0,3629.0,3616.0,3623.0,123990.0,2070155.0,2066351.0
2024-07-04 11:00:00,3623.0,3625.0,3610.0,3610.0,98578.0,2066351.0,2071078.0
2024-07-04 13:00:00,3607.0,3615.0,3605.0,3613.0,172038.0,2071078.0,2073395.0
2024-07-04 14:00:00,3613.0,3625.0,3604.0,3616.0,273698.0,2073395.0,2050491.0
2024-07-04 21:00:00,3609.0,3618.0,3608.0,3616.0,154391.0,2050491.0,2065612.0
2024-07-04 22:00:00,3616.0,3618.0,3605.0,3607.0,135169.0,2065612.0,2057370.0
2024-07-05 09:00:00,3606.0,3613.0,3594.0,3600.0,249256.0,2057370.0,2057792.0
2024-07-05 10:00:00,3600.0,3605.0,3585.0,3587.0,163501.0,2057792.0,2048674.0
2024-07-05 11:00:00,3587.0,3592.0,3563.0,3566.0,291495.0,2048674.0,2061766.0
2024-07-05 13:00:00,3566.0,3574.0,3565.0,3572.0,153965.0,2061766.0,2064412.0
2024-07-05 14:00:00,3572.0,3575.0,3551.0,3553.0,318048.0,2064412.0,2081641.0
2024-07-05 21:00:00,3558.0,3563.0,3555.0,3558.0,184381.0,2081641.0,2100192.0
2024-07-05 22:00:00,3558.0,3566.0,3552.0,3562.0,137208.0,2100192.0,2085924.0
2024-07-08 09:00:00,3562.0,3565.0,3545.0,3547.0,222240.0,2085924.0,2092650.0
2024-07-08 10:00:00,3547.0,3553.0,3528.0,3534.0,266101.0,2092650.0,2102592.0
2024-07-08 11:00:00,3534.0,3535.0,3526.0,3528.0,106523.0,2102592.0,2123060.0
2024-07-08 13:00:00,3527.0,3530.0,3505.0,3508.0,284123.0,2123060.0,2173354.0
2024-07-08 14:00:00,3508.0,3510.0,3501.0,3503.0,273828.0,2173354.0,2183700.0
2024-07-08 21:00:00,3504.0,3517.0,3502.0,3512.0,203314.0,2183700.0,2174401.0
2024-07-08 22:00:00,3512.0,3518.0,3511.0,3516.0,86339.0,2174401.0,2173090.0
2024-07-09 09:00:00,3516.0,3517.0,3506.0,3513.0,146224.0,2173090.0,2183162.0
2024-07-09 10:00:00,3513.0,3513.0,3494.0,3498.0,198446.0,2183162.0,2206650.0
2024-07-09 11:00:00,3498.0,3514.0,3497.0,3512.0,153371.0,2206650.0,2189449.0
2024-07-09 13:00:00,3514.0,3522.0,3510.0,3517.0,141792.0,2189449.0,2192843.0
2024-07-09 14:00:00,3517.0,3521.0,3510.0,3515.0,170271.0,2192843.0,2192582.0
2024-07-09 21:00:00,3511.0,3516.0,3506.0,3510.0,168679.0,2192582.0,2202284.0
2024-07-09 22:00:00,3510.0,3513.0,3501.0,3503.0,123517.0,2202284.0,2207651.0
2024-07-10 09:00:00,3503.0,3508.0,3495.0,3497.0,211627.0,2207651.0,2234064.0
2024-07-10 10:00:00,3497.0,3504.0,3485.0,3492.0,212874.0,2234064.0,2242715.0
2024-07-10 11:00:00,3492.0,3493.0,3483.0,3484.0,93111.0,2242715.0,2251330.0
2024-07-10 13:00:00,3483.0,3484.0,3472.0,3483.0,179759.0,2251330.0,2270896.0
2024-07-10 14:00:00,3483.0,3485.0,3471.0,3478.0,185256.0,2270896.0,2263881.0
2024-07-10 21:00:00,3485.0,3497.0,3480.0,3494.0,248908.0,2263881.0,2246991.0
2024-07-10 22:00:00,3494.0,3499.0,3490.0,3491.0,104140.0,2246991.0,2237976.0
2024-07-11 09:00:00,3493.0,3498.0,3478.0,3485.0,188167.0,2237976.0,2244746.0
2024-07-11 10:00:00,3485.0,3513.0,3484.0,3510.0,294735.0,2244746.0,2237853.0
2024-07-11 11:00:00,3510.0,3529.0,3506.0,3528.0,223026.0,2237853.0,2224515.0
2024-07-11 13:00:00,3530.0,3534.0,3523.0,3525.0,172586.0,2224515.0,2207080.0
2024-07-11 14:00:00,3525.0,3526.0,3505.0,3514.0,286136.0,2207080.0,2202912.0
2024-07-11 21:00:00,3518.0,3525.0,3505.0,3514.0,219374.0,2202912.0,2208033.0
2024-07-11 22:00:00,3514.0,3520.0,3509.0,3513.0,97801.0,2208033.0,2204456.0
2024-07-12 09:00:00,3510.0,3522.0,3510.0,3521.0,147664.0,2204456.0,2208741.0
2024-07-12 10:00:00,3521.0,3529.0,3517.0,3524.0,141489.0,2208741.0,2210111.0
2024-07-12 11:00:00,3524.0,3529.0,3521.0,3522.0,66251.0,2210111.0,2208517.0
2024-07-12 13:00:00,3522.0,3528.0,3515.0,3524.0,85183.0,2208517.0,2206332.0
2024-07-12 14:00:00,3524.0,3528.0,3517.0,3523.0,159902.0,2206332.0,2183643.0
2024-07-12 21:00:00,3522.0,3524.0,3511.0,3511.0,165993.0,2183643.0,2190940.0
2024-07-12 22:00:00,3511.0,3546.0,3492.0,3545.0,510166.0,2190940.0,2155405.0
2024-07-15 09:00:00,3541.0,3576.0,3532.0,3574.0,542787.0,2155405.0,2125145.0
2024-07-15 10:00:00,3574.0,3581.0,3569.0,3572.0,218751.0,2125145.0,2115472.0
2024-07-15 11:00:00,3572.0,3573.0,3565.0,3565.0,105754.0,2115472.0,2113836.0
2024-07-15 13:00:00,3565.0,3565.0,3544.0,3552.0,204230.0,2113836.0,2118019.0
2024-07-15 14:00:00,3552.0,3557.0,3546.0,3551.0,145906.0,2118019.0,2100492.0
2024-07-15 21:00:00,3550.0,3553.0,3535.0,3539.0,239261.0,2100492.0,2117675.0
2024-07-15 22:00:00,3539.0,3540.0,3530.0,3537.0,142846.0,2117675.0,2111342.0
2024-07-16 09:00:00,3538.0,3540.0,3525.0,3539.0,219630.0,2111342.0,2108417.0
2024-07-16 10:00:00,3539.0,3549.0,3533.0,3540.0,153254.0,2108417.0,2103742.0
2024-07-16 11:00:00,3540.0,3550.0,3537.0,3549.0,78867.0,2103742.0,2102302.0
2024-07-16 13:00:00,3550.0,3557.0,3545.0,3553.0,135526.0,2102302.0,2104388.0
2024-07-16 14:00:00,3553.0,3558.0,3533.0,3544.0,233317.0,2104388.0,2081726.0
2024-07-16 21:00:00,3534.0,3553.0,3533.0,3548.0,192568.0,2081726.0,2088497.0
2024-07-16 22:00:00,3548.0,3554.0,3545.0,3552.0,113856.0,2088497.0,2073382.0
2024-07-17 09:00:00,3554.0,3556.0,3541.0,3546.0,141628.0,2073382.0,2075515.0
2024-07-17 10:00:00,3546.0,3554.0,3543.0,3543.0,110873.0,2075515.0,2080839.0
2024-07-17 11:00:00,3543.0,3543.0,3537.0,3539.0,88393.0,2080839.0,2087565.0
2024-07-17 13:00:00,3539.0,3539.0,3508.0,3510.0,354481.0,2087565.0,2122735.0
2024-07-17 14:00:00,3510.0,3511.0,3484.0,3487.0,576727.0,2122735.0,2186809.0
2024-07-17 21:00:00,3484.0,3487.0,3473.0,3476.0,320955.0,2186809.0,2231433.0
2024-07-17 22:00:00,3476.0,3478.0,3462.0,3467.0,275092.0,2231433.0,2241504.0
2024-07-18 09:00:00,3466.0,3474.0,3456.0,3469.0,245163.0,2241504.0,2267107.0
2024-07-18 10:00:00,3469.0,3471.0,3458.0,3463.0,118617.0,2267107.0,2275058.0
2024-07-18 11:00:00,3463.0,3471.0,3461.0,3470.0,77402.0,2275058.0,2274799.0
2024-07-18 13:00:00,3472.0,3490.0,3472.0,3478.0,259842.0,2274799.0,2265676.0
2024-07-18 14:00:00,3478.0,3496.0,3470.0,3492.0,314473.0,2265676.0,2229663.0
2024-07-18 21:00:00,3481.0,3485.0,3472.0,3479.0,262266.0,2229663.0,2241134.0
2024-07-18 22:00:00,3479.0,3488.0,3474.0,3483.0,122073.0,2241134.0,2230468.0
2024-07-19 09:00:00,3480.0,3482.0,3465.0,3468.0,231233.0,2230468.0,2223737.0
2024-07-19 10:00:00,3468.0,3485.0,3468.0,3480.0,165107.0,2223737.0,2220358.0
2024-07-19 11:00:00,3480.0,3486.0,3475.0,3480.0,73663.0,2220358.0,2215441.0
2024-07-19 13:00:00,3478.0,3478.0,3463.0,3464.0,155719.0,2215441.0,2237732.0
2024-07-19 14:00:00,3464.0,3483.0,3455.0,3479.0,353820.0,2237732.0,2222700.0
2024-07-19 21:00:00,3474.0,3479.0,3469.0,3475.0,164304.0,2222700.0,2235754.0
2024-07-19 22:00:00,3475.0,3486.0,3471.0,3472.0,160341.0,2235754.0,2227596.0
2024-07-22 09:00:00,3477.0,3480.0,3441.0,3446.0,484289.0,2227596.0,2266957.0
2024-07-22 10:00:00,3446.0,3481.0,3442.0,3471.0,283867.0,2266957.0,2244791.0
2024-07-22 11:00:00,3471.0,3481.0,3467.0,3469.0,191358.0,2244791.0,2238689.0
2024-07-22 13:00:00,3465.0,3465.0,3453.0,3457.0,132793.0,2238689.0,2245431.0
2024-07-22 14:00:00,3457.0,3462.0,3449.0,3451.0,172596.0,2245431.0,2233901.0
2024-07-22 21:00:00,3447.0,3455.0,3444.0,3447.0,172605.0,2233901.0,2250731.0
2024-07-22 22:00:00,3447.0,3454.0,3444.0,3450.0,104528.0,2250731.0,2244376.0
2024-07-23 09:00:00,3449.0,3460.0,3447.0,3451.0,157559.0,2244376.0,2248405.0
2024-07-23 10:00:00,3451.0,3452.0,3416.0,3417.0,400665.0,2248405.0,2309524.0
2024-07-23 11:00:00,3417.0,3425.0,3414.0,3417.0,138689.0,2309524.0,2320896.0
2024-07-23 13:00:00,3418.0,3424.0,3411.0,3418.0,130303.0,2320896.0,2325121.0
2024-07-23 14:00:00,3418.0,3420.0,3396.0,3397.0,352380.0,2325121.0,2329380.0
2024-07-23 21:00:00,3402.0,3409.0,3398.0,3405.0,271172.0,2329380.0,2349467.0
2024-07-23 22:00:00,3405.0,3413.0,3403.0,3408.0,124284.0,2349467.0,2348037.0
2024-07-24 09:00:00,3409.0,3412.0,3397.0,3400.0,193941.0,2348037.0,2358689.0
2024-07-24 10:00:00,3400.0,3403.0,3384.0,3392.0,201377.0,2358689.0,2368556.0
2024-07-24 11:00:00,3392.0,3403.0,3388.0,3399.0,161002.0,2368556.0,2373977.0
2024-07-24 13:00:00,3398.0,3398.0,3384.0,3392.0,133046.0,2373977.0,2392091.0
2024-07-24 14:00:00,3392.0,3405.0,3387.0,3391.0,292006.0,2392091.0,2382127.0
2024-07-24 21:00:00,3391.0,3395.0,3385.0,3385.0,177692.0,2382127.0,2399922.0
2024-07-24 22:00:00,3385.0,3389.0,3361.0,3364.0,331176.0,2399922.0,2407485.0
2024-07-25 09:00:00,3362.0,3362.0,3334.0,3347.0,457475.0,2407485.0,2408113.0
2024-07-25 10:00:00,3347.0,3350.0,3338.0,3345.0,150493.0,2408113.0,2412015.0
2024-07-25 11:00:00,3345.0,3355.0,3343.0,3347.0,113738.0,2412015.0,2413534.0
2024-07-25 13:00:00,3346.0,3354.0,3337.0,3344.0,151564.0,2413534.0,2414082.0
2024-07-25 14:00:00,3344.0,3351.0,3309.0,3329.0,495132.0,2414082.0,2399751.0
2024-07-25 21:00:00,3332.0,3381.0,3330.0,3380.0,725622.0,2399751.0,2366455.0
2024-07-25 22:00:00,3380.0,3401.0,3376.0,3388.0,384767.0,2366455.0,2312652.0
2024-07-26 09:00:00,3389.0,3394.0,3377.0,3392.0,259422.0,2312652.0,2309692.0
2024-07-26 10:00:00,3392.0,3393.0,3375.0,3382.0,155145.0,2309692.0,2318436.0
2024-07-26 11:00:00,3382.0,3389.0,3379.0,3381.0,83183.0,2318436.0,2320043.0
2024-07-26 13:00:00,3381.0,3387.0,3378.0,3385.0,61940.0,2320043.0,2320031.0
2024-07-26 14:00:00,3385.0,3390.0,3364.0,3371.0,311138.0,2320031.0,2307823.0
2024-07-26 21:00:00,3372.0,3373.0,3354.0,3359.0,263369.0,2307823.0,2324027.0
2024-07-26 22:00:00,3359.0,3367.0,3348.0,3358.0,207273.0,2324027.0,2307704.0
2024-07-29 09:00:00,3351.0,3365.0,3341.0,3354.0,329899.0,2307704.0,2321177.0
2024-07-29 10:00:00,3354.0,3364.0,3352.0,3359.0,137711.0,2321177.0,2327610.0
2024-07-29 11:00:00,3359.0,3365.0,3347.0,3362.0,115038.0,2327610.0,2317594.0
2024-07-29 13:00:00,3362.0,3376.0,3359.0,3365.0,196117.0,2317594.0,2324479.0
2024-07-29 14:00:00,3365.0,3372.0,3351.0,3363.0,226429.0,2324479.0,2296842.0
2024-07-29 21:00:00,3375.0,3394.0,3355.0,3360.0,503983.0,2296842.0,2313993.0
2024-07-29 22:00:00,3360.0,3373.0,3355.0,3360.0,202541.0,2313993.0,2308318.0
2024-07-30 09:00:00,3360.0,3368.0,3344.0,3353.0,283029.0,2308318.0,2315572.0
2024-07-30 10:00:00,3353.0,3358.0,3336.0,3341.0,215536.0,2315572.0,2313195.0
2024-07-30 11:00:00,3341.0,3342.0,3325.0,3331.0,146687.0,2313195.0,2311635.0
2024-07-30 13:00:00,3329.0,3334.0,3318.0,3326.0,200941.0,2311635.0,2315983.0
2024-07-30 14:00:00,3326.0,3337.0,3294.0,3301.0,499166.0,2315983.0,2289134.0
2024-07-30 21:00:00,3300.0,3301.0,3276.0,3280.0,383993.0,2289134.0,2307574.0
2024-07-30 22:00:00,3280.0,3345.0,3271.0,3327.0,712472.0,2307574.0,2272152.0
2024-07-31 09:00:00,3332.0,3341.0,3316.0,3337.0,264942.0,2272152.0,2280090.0
2024-07-31 10:00:00,3337.0,3364.0,3329.0,3349.0,290760.0,2280090.0,2273074.0
2024-07-31 11:00:00,3349.0,3351.0,3338.0,3340.0,99144.0,2273074.0,2270435.0
2024-07-31 13:00:00,3340.0,3347.0,3323.0,3330.0,176777.0,2270435.0,2287754.0
2024-07-31 14:00:00,3330.0,3330.0,3315.0,3326.0,235030.0,2287754.0,2266687.0
2024-07-31 21:00:00,3346.0,3373.0,3334.0,3366.0,518328.0,2266687.0,2234532.0
2024-07-31 22:00:00,3366.0,3372.0,3360.0,3367.0,175635.0,2234532.0,2211454.0
2024-08-01 09:00:00,3372.0,3384.0,3350.0,3355.0,299613.0,2211454.0,2206034.0
2024-08-01 10:00:00,3355.0,3356.0,3343.0,3345.0,149697.0,2206034.0,2216465.0
2024-08-01 11:00:00,3345.0,3346.0,3331.0,3341.0,120459.0,2216465.0,2226839.0
2024-08-01 13:00:00,3340.0,3352.0,3340.0,3348.0,120841.0,2226839.0,2235537.0
2024-08-01 14:00:00,3348.0,3358.0,3336.0,3355.0,197882.0,2235537.0,2226504.0
2024-08-01 21:00:00,3354.0,3364.0,3334.0,3357.0,294719.0,2226504.0,2219748.0
2024-08-01 22:00:00,3357.0,3358.0,3340.0,3343.0,154713.0,2219748.0,2211337.0
2024-08-02 09:00:00,3335.0,3350.0,3324.0,3348.0,283243.0,2211337.0,2197014.0
2024-08-02 10:00:00,3348.0,3357.0,3340.0,3346.0,140973.0,2197014.0,2193824.0
2024-08-02 11:00:00,3346.0,3360.0,3346.0,3358.0,88666.0,2193824.0,2194062.0
2024-08-02 13:00:00,3359.0,3375.0,3358.0,3365.0,197145.0,2194062.0,2186698.0
2024-08-02 14:00:00,3365.0,3382.0,3365.0,3379.0,274959.0,2186698.0,2176940.0
2024-08-02 21:00:00,3380.0,3384.0,3368.0,3373.0,224150.0,2176940.0,2161590.0
2024-08-02 22:00:00,3373.0,3375.0,3345.0,3350.0,238489.0,2161590.0,2128673.0
2024-08-05 09:00:00,3343.0,3369.0,3336.0,3359.0,280885.0,2128673.0,2139609.0
2024-08-05 10:00:00,3359.0,3365.0,3350.0,3365.0,109359.0,2139609.0,2145034.0
2024-08-05 11:00:00,3365.0,3397.0,3361.0,3394.0,189474.0,2145034.0,2134769.0
2024-08-05 13:00:00,3388.0,3388.0,3362.0,3366.0,236372.0,2134769.0,2149077.0
2024-08-05 14:00:00,3366.0,3378.0,3360.0,3367.0,191635.0,2149077.0,2140088.0
2024-08-05 21:00:00,3351.0,3370.0,3338.0,3367.0,290637.0,2140088.0,2107238.0
2024-08-05 22:00:00,3367.0,3373.0,3358.0,3359.0,115287.0,2107238.0,2097992.0
2024-08-06 09:00:00,3369.0,3379.0,3348.0,3359.0,285478.0,2097992.0,2107562.0
2024-08-06 10:00:00,3359.0,3362.0,3341.0,3341.0,144026.0,2107562.0,2126940.0
2024-08-06 11:00:00,3341.0,3349.0,3319.0,3322.0,230079.0,2126940.0,2149839.0
2024-08-06 13:00:00,3318.0,3322.0,3298.0,3306.0,266087.0,2149839.0,2186903.0
2024-08-06 14:00:00,3306.0,3322.0,3296.0,3306.0,336235.0,2186903.0,2193394.0
2024-08-06 21:00:00,3304.0,3311.0,3296.0,3308.0,220123.0,2193394.0,2177451.0
2024-08-06 22:00:00,3308.0,3324.0,3307.0,3322.0,198517.0,2177451.0,2146054.0
2024-08-07 09:00:00,3319.0,3334.0,3307.0,3333.0,215552.0,2146054.0,2134531.0
2024-08-07 10:00:00,3333.0,3335.0,3323.0,3325.0,99698.0,2134531.0,2129990.0
2024-08-07 11:00:00,3325.0,3329.0,3313.0,3314.0,62087.0,2129990.0,2127153.0
2024-08-07 13:00:00,3315.0,3323.0,3303.0,3305.0,123067.0,2127153.0,2136634.0
2024-08-07 14:00:00,3305.0,3313.0,3298.0,3304.0,181305.0,2136634.0,2143920.0
2024-08-07 21:00:00,3307.0,3323.0,3306.0,3313.0,214458.0,2143920.0,2124817.0
2024-08-07 22:00:00,3313.0,3320.0,3309.0,3317.0,107871.0,2124817.0,2106192.0
2024-08-08 09:00:00,3320.0,3321.0,3284.0,3289.0,299475.0,2106192.0,2124791.0
2024-08-08 10:00:00,3289.0,3293.0,3276.0,3287.0,227956.0,2124791.0,2134715.0
2024-08-08 11:00:00,3287.0,3297.0,3278.0,3278.0,114032.0,2134715.0,2143507.0
2024-08-08 13:00:00,3277.0,3277.0,3259.0,3265.0,252579.0,2143507.0,2176846.0
2024-08-08 14:00:00,3265.0,3265.0,3252.0,3254.0,229411.0,2176846.0,2173101.0
2024-08-08 21:00:00,3258.0,3276.0,3255.0,3275.0,258045.0,2173101.0,2125378.0
2024-08-08 22:00:00,3275.0,3281.0,3255.0,3259.0,191123.0,2125378.0,2097391.0
2024-08-09 09:00:00,3264.0,3287.0,3259.0,3280.0,237726.0,2097391.0,2082144.0
2024-08-09 10:00:00,3280.0,3311.0,3273.0,3304.0,265442.0,2082144.0,2069197.0
2024-08-09 11:00:00,3304.0,3324.0,3303.0,3309.0,274867.0,2069197.0,2065085.0
2024-08-09 13:00:00,3309.0,3309.0,3293.0,3302.0,188787.0,2065085.0,2060354.0
2024-08-09 14:00:00,3302.0,3306.0,3271.0,3277.0,278709.0,2060354.0,2055995.0
2024-08-09 21:00:00,3278.0,3283.0,3258.0,3262.0,244411.0,2055995.0,2051543.0
2024-08-09 22:00:00,3262.0,3270.0,3225.0,3227.0,334386.0,2051543.0,2061210.0
2024-08-12 09:00:00,3221.0,3240.0,3208.0,3211.0,389193.0,2061210.0,2082239.0
2024-08-12 10:00:00,3211.0,3225.0,3206.0,3222.0,116728.0,2082239.0,2089163.0
2024-08-12 11:00:00,3222.0,3234.0,3212.0,3226.0,81093.0,2089163.0,2085297.0
2024-08-12 13:00:00,3226.0,3234.0,3221.0,3223.0,89825.0,2085297.0,2081866.0
2024-08-12 14:00:00,3223.0,3231.0,3211.0,3222.0,183212.0,2081866.0,2065002.0
2024-08-12 21:00:00,3222.0,3226.0,3205.0,3225.0,267884.0,2065002.0,2059644.0
2024-08-12 22:00:00,3225.0,3229.0,3212.0,3222.0,145385.0,2059644.0,2046723.0
2024-08-13 09:00:00,3223.0,3242.0,3215.0,3219.0,283026.0,2046723.0,2033480.0
2024-08-13 10:00:00,3219.0,3219.0,3195.0,3199.0,219690.0,2033480.0,2033650.0
2024-08-13 11:00:00,3199.0,3202.0,3178.0,3180.0,232920.0,2033650.0,2040114.0
2024-08-13 13:00:00,3182.0,3182.0,3165.0,3166.0,159956.0,2040114.0,2041170.0
2024-08-13 14:00:00,3166.0,3177.0,3159.0,3173.0,266963.0,2041170.0,2045327.0
2024-08-13 21:00:00,3169.0,3171.0,3153.0,3161.0,282041.0,2045327.0,2017814.0
2024-08-13 22:00:00,3161.0,3176.0,3157.0,3158.0,164136.0,2017814.0,1989008.0
2024-08-14 09:00:00,3159.0,3173.0,3134.0,3152.0,494064.0,1989008.0,1961425.0
2024-08-14 10:00:00,3152.0,3152.0,3127.0,3135.0,197677.0,1961425.0,1969442.0
2024-08-14 11:00:00,3135.0,3141.0,3116.0,3122.0,148003.0,1969442.0,1971319.0
2024-08-14 13:00:00,3118.0,3120.0,3083.0,3104.0,371341.0,1971319.0,1988482.0
2024-08-14 14:00:00,3104.0,3113.0,3056.0,3099.0,708963.0,1988482.0,1979876.0
2024-08-14 21:00:00,3107.0,3116.0,3087.0,3099.0,407998.0,1979876.0,1946108.0
2024-08-14 22:00:00,3099.0,3106.0,3091.0,3094.0,128290.0,1946108.0,1930536.0
2024-08-15 09:00:00,3089.0,3101.0,3069.0,3096.0,369862.0,1930536.0,1905603.0
2024-08-15 10:00:00,3096.0,3132.0,3084.0,3116.0,474252.0,1905603.0,1889265.0
2024-08-15 11:00:00,3116.0,3128.0,3088.0,3096.0,193186.0,1889265.0,1888464.0
2024-08-15 13:00:00,3091.0,3095.0,3072.0,3088.0,243482.0,1888464.0,1883054.0
2024-08-15 14:00:00,3088.0,3124.0,3083.0,3119.0,500914.0,1883054.0,1899971.0
2024-08-15 21:00:00,3123.0,3139.0,3112.0,3122.0,440594.0,1899971.0,1849614.0
2024-08-15 22:00:00,3122.0,3138.0,3113.0,3127.0,235031.0,1849614.0,1838118.0
2024-08-16 09:00:00,3127.0,3139.0,3118.0,3138.0,232828.0,1838118.0,1853108.0
2024-08-16 10:00:00,3138.0,3139.0,3103.0,3107.0,270132.0,1853108.0,1869554.0
2024-08-16 11:00:00,3107.0,3107.0,3094.0,3095.0,154584.0,1869554.0,1870399.0
2024-08-16 13:00:00,3094.0,3103.0,3081.0,3089.0,165923.0,1870399.0,1874136.0
2024-08-16 14:00:00,3089.0,3095.0,3075.0,3078.0,300068.0,1874136.0,1872344.0
2024-08-16 21:00:00,3060.0,3089.0,3042.0,3083.0,506681.0,1872344.0,1817976.0
2024-08-16 22:00:00,3083.0,3124.0,3083.0,3115.0,601620.0,1817976.0,1798873.0
2024-08-19 09:00:00,3113.0,3137.0,3105.0,3128.0,514135.0,1798873.0,1846543.0
2024-08-19 10:00:00,3128.0,3129.0,3104.0,3112.0,212428.0,1846543.0,1843162.0
2024-08-19 11:00:00,3112.0,3123.0,3108.0,3109.0,105664.0,1843162.0,1842837.0
2024-08-19 13:00:00,3108.0,3124.0,3101.0,3121.0,156555.0,1842837.0,1853680.0
2024-08-19 14:00:00,3121.0,3159.0,3120.0,3156.0,628273.0,1853680.0,1877749.0
2024-08-19 21:00:00,3157.0,3175.0,3150.0,3156.0,475131.0,1877749.0,1804453.0
2024-08-19 22:00:00,3156.0,3161.0,3143.0,3153.0,213853.0,1804453.0,1765507.0
2024-08-20 09:00:00,3154.0,3159.0,3137.0,3143.0,231235.0,1765507.0,1771387.0
2024-08-20 10:00:00,3143.0,3151.0,3134.0,3151.0,152237.0,1771387.0,1775967.0
2024-08-20 11:00:00,3151.0,3155.0,3144.0,3152.0,99789.0,1775967.0,1782397.0
2024-08-20 13:00:00,3153.0,3167.0,3145.0,3165.0,185830.0,1782397.0,1786922.0
2024-08-20 14:00:00,3165.0,3182.0,3151.0,3172.0,367110.0,1786922.0,1785676.0
2024-08-20 21:00:00,3190.0,3191.0,3174.0,3184.0,358063.0,1785676.0,1747954.0
2024-08-20 22:00:00,3184.0,3194.0,3182.0,3189.0,204388.0,1747954.0,1748312.0
2024-08-21 09:00:00,3190.0,3190.0,3172.0,3182.0,232317.0,1748312.0,1749567.0
2024-08-21 10:00:00,3182.0,3192.0,3182.0,3189.0,100605.0,1749567.0,1745347.0
2024-08-21 11:00:00,3189.0,3209.0,3188.0,3208.0,221566.0,1745347.0,1750954.0
2024-08-21 13:00:00,3209.0,3220.0,3208.0,3216.0,179752.0,1750954.0,1741713.0
2024-08-21 14:00:00,3216.0,3238.0,3211.0,3235.0,307352.0,1741713.0,1725001.0
2024-08-21 21:00:00,3228.0,3233.0,3218.0,3223.0,254424.0,1725001.0,1702883.0
2024-08-21 22:00:00,3223.0,3224.0,3206.0,3210.0,196869.0,1702883.0,1684331.0
2024-08-22 09:00:00,3211.0,3217.0,3202.0,3204.0,233494.0,1684331.0,1682766.0
2024-08-22 10:00:00,3204.0,3222.0,3204.0,3218.0,140706.0,1682766.0,1679439.0
2024-08-22 11:00:00,3218.0,3229.0,3209.0,3209.0,120634.0,1679439.0,1678878.0
2024-08-22 13:00:00,3211.0,3218.0,3188.0,3190.0,288589.0,1678878.0,1675201.0
2024-08-22 14:00:00,3190.0,3194.0,3168.0,3174.0,395811.0,1675201.0,1675988.0
2024-08-22 21:00:00,3175.0,3193.0,3169.0,3184.0,316969.0,1675988.0,1641650.0
2024-08-22 22:00:00,3184.0,3186.0,3164.0,3185.0,219278.0,1641650.0,1631968.0
2024-08-23 09:00:00,3183.0,3195.0,3174.0,3176.0,240439.0,1631968.0,1634124.0
2024-08-23 10:00:00,3176.0,3186.0,3171.0,3178.0,135507.0,1634124.0,1631473.0
2024-08-23 11:00:00,3178.0,3192.0,3176.0,3188.0,101334.0,1631473.0,1631328.0
2024-08-23 13:00:00,3185.0,3194.0,3183.0,3184.0,90945.0,1631328.0,1633748.0
2024-08-23 14:00:00,3184.0,3191.0,3153.0,3154.0,320658.0,1633748.0,1602633.0
2024-08-23 21:00:00,3161.0,3162.0,3144.0,3154.0,265779.0,1602633.0,1576287.0
2024-08-23 22:00:00,3154.0,3226.0,3154.0,3203.0,644684.0,1576287.0,1559645.0
2024-08-26 09:00:00,3215.0,3233.0,3210.0,3226.0,389857.0,1559645.0,1574904.0
2024-08-26 10:00:00,3226.0,3235.0,3219.0,3223.0,154242.0,1574904.0,1576081.0
2024-08-26 11:00:00,3223.0,3230.0,3217.0,3230.0,83225.0,1576081.0,1579667.0
2024-08-26 13:00:00,3232.0,3265.0,3232.0,3259.0,296156.0,1579667.0,1578506.0
2024-08-26 14:00:00,3259.0,3267.0,3254.0,3264.0,265816.0,1578506.0,1565422.0
2024-08-26 21:00:00,3262.0,3265.0,3244.0,3249.0,279440.0,1565422.0,1537334.0
2024-08-26 22:00:00,3249.0,3253.0,3245.0,3248.0,100604.0,1537334.0,1524371.0
2024-08-27 09:00:00,3248.0,3256.0,3239.0,3251.0,245797.0,1524371.0,1501688.0
2024-08-27 10:00:00,3251.0,3256.0,3241.0,3248.0,101463.0,1501688.0,1492231.0
2024-08-27 11:00:00,3248.0,3263.0,3246.0,3262.0,86290.0,1492231.0,1491167.0
2024-08-27 13:00:00,3265.0,3289.0,3264.0,3284.0,251006.0,1491167.0,1488122.0
2024-08-27 14:00:00,3284.0,3289.0,3240.0,3249.0,464948.0,1488122.0,1456440.0
2024-08-27 21:00:00,3249.0,3260.0,3248.0,3254.0,183801.0,1456440.0,1440906.0
2024-08-27 22:00:00,3254.0,3271.0,3252.0,3263.0,159585.0,1440906.0,1419226.0
2024-08-28 09:00:00,3265.0,3276.0,3257.0,3267.0,218952.0,1419226.0,1405127.0
2024-08-28 10:00:00,3267.0,3268.0,3253.0,3258.0,138515.0,1405127.0,1404510.0
2024-08-28 11:00:00,3258.0,3270.0,3250.0,3270.0,100244.0,1404510.0,1400808.0
2024-08-28 13:00:00,3267.0,3278.0,3263.0,3269.0,138682.0,1400808.0,1398341.0
2024-08-28 14:00:00,3269.0,3275.0,3256.0,3264.0,190772.0,1398341.0,1379700.0
2024-08-28 21:00:00,3258.0,3273.0,3241.0,3266.0,190808.0,1379700.0,1373431.0
2024-08-28 22:00:00,3266.0,3274.0,3262.0,3266.0,112168.0,1373431.0,1351102.0
2024-08-29 09:00:00,3266.0,3272.0,3235.0,3258.0,362819.0,1351102.0,1342969.0
2024-08-29 10:00:00,3258.0,3267.0,3251.0,3262.0,98997.0,1342969.0,1334256.0
2024-08-29 11:00:00,3262.0,3283.0,3261.0,3275.0,139024.0,1334256.0,1332459.0
2024-08-29 13:00:00,3277.0,3285.0,3255.0,3268.0,146363.0,1332459.0,1328318.0
2024-08-29 14:00:00,3268.0,3273.0,3255.0,3259.0,150764.0,1328318.0,1312947.0
2024-08-29 21:00:00,3253.0,3259.0,3244.0,3250.0,221451.0,1312947.0,1273915.0
2024-08-29 22:00:00,3250.0,3253.0,3240.0,3247.0,111826.0,1273915.0,1254954.0
2024-08-30 09:00:00,3252.0,3258.0,3236.0,3241.0,171007.0,1254954.0,1238824.0
2024-08-30 10:00:00,3241.0,3255.0,3239.0,3246.0,101546.0,1238824.0,1219782.0
2024-08-30 11:00:00,3246.0,3261.0,3241.0,3254.0,80677.0,1219782.0,1204825.0
2024-08-30 13:00:00,3261.0,3274.0,3252.0,3255.0,151494.0,1204825.0,1196042.0
2024-08-30 14:00:00,3255.0,3256.0,3206.0,3222.0,432466.0,1196042.0,1204109.0
2024-08-30 21:00:00,3282.0,3297.0,3281.0,3295.0,142645.0,1204109.0,1367726.0
2024-08-30 22:00:00,3295.0,3299.0,3275.0,3279.0,166046.0,1367726.0,1362722.0
2024-09-02 09:00:00,3272.0,3273.0,3243.0,3245.0,393912.0,1362722.0,1404361.0
2024-09-02 10:00:00,3245.0,3247.0,3220.0,3226.0,225635.0,1404361.0,1418096.0
2024-09-02 11:00:00,3226.0,3237.0,3223.0,3236.0,64231.0,1418096.0,1417082.0
2024-09-02 13:00:00,3235.0,3238.0,3227.0,3228.0,72215.0,1417082.0,1429458.0
2024-09-02 14:00:00,3228.0,3234.0,3210.0,3223.0,191937.0,1429458.0,1430833.0
2024-09-02 21:00:00,3222.0,3237.0,3218.0,3232.0,251061.0,1430833.0,1478030.0
2024-09-02 22:00:00,3232.0,3238.0,3224.0,3230.0,113334.0,1478030.0,1485308.0
2024-09-03 09:00:00,3231.0,3233.0,3203.0,3222.0,327273.0,1485308.0,1522779.0
2024-09-03 10:00:00,3222.0,3233.0,3207.0,3208.0,162844.0,1522779.0,1527704.0
2024-09-03 11:00:00,3208.0,3210.0,3171.0,3179.0,322762.0,1527704.0,1548722.0
2024-09-03 13:00:00,3180.0,3186.0,3173.0,3174.0,143098.0,1548722.0,1557357.0
2024-09-03 14:00:00,3174.0,3178.0,3142.0,3149.0,396507.0,1557357.0,1571584.0
2024-09-03 21:00:00,3142.0,3159.0,3125.0,3129.0,409740.0,1571584.0,1600334.0
2024-09-03 22:00:00,3129.0,3153.0,3087.0,3137.0,895476.0,1600334.0,1622335.0
2024-09-04 09:00:00,3138.0,3146.0,3110.0,3138.0,387816.0,1622335.0,1635853.0
2024-09-04 10:00:00,3138.0,3145.0,3124.0,3143.0,170252.0,1635853.0,1646838.0
2024-09-04 11:00:00,3143.0,3155.0,3133.0,3135.0,182750.0,1646838.0,1643446.0
2024-09-04 13:00:00,3133.0,3133.0,3111.0,3115.0,215442.0,1643446.0,1646681.0
2024-09-04 14:00:00,3115.0,3118.0,3098.0,3109.0,340126.0,1646681.0,1645158.0
2024-09-04 21:00:00,3112.0,3138.0,3110.0,3126.0,429462.0,1645158.0,1675062.0
2024-09-04 22:00:00,3126.0,3141.0,3122.0,3127.0,251633.0,1675062.0,1663880.0
2024-09-05 09:00:00,3126.0,3126.0,3095.0,3097.0,421493.0,1663880.0,1669011.0
2024-09-05 10:00:00,3097.0,3123.0,3091.0,3115.0,262207.0,1669011.0,1675537.0
2024-09-05 11:00:00,3115.0,3118.0,3099.0,3101.0,122977.0,1675537.0,1678039.0
2024-09-05 13:00:00,3100.0,3105.0,3081.0,3091.0,296682.0,1678039.0,1695857.0
2024-09-05 14:00:00,3091.0,3095.0,3073.0,3083.0,418054.0,1695857.0,1677290.0
2024-09-05 21:00:00,3100.0,3109.0,3086.0,3104.0,426043.0,1677290.0,1696117.0
2024-09-05 22:00:00,3104.0,3124.0,3096.0,3099.0,432469.0,1696117.0,1686628.0
2024-09-06 09:00:00,3099.0,3100.0,3058.0,3069.0,535150.0,1686628.0,1740016.0
2024-09-06 10:00:00,3069.0,3071.0,3035.0,3040.0,332906.0,1740016.0,1760259.0
2024-09-06 11:00:00,3040.0,3041.0,3023.0,3025.0,176226.0,1760259.0,1769294.0
2024-09-06 13:00:00,3022.0,3047.0,3014.0,3046.0,355708.0,1769294.0,1764896.0
2024-09-06 14:00:00,3046.0,3067.0,3031.0,3051.0,565149.0,1764896.0,1718737.0
2024-09-06 21:00:00,3061.0,3065.0,3018.0,3025.0,521277.0,1718737.0,1753431.0
2024-09-06 22:00:00,3025.0,3033.0,3004.0,3011.0,501870.0,1753431.0,1737962.0
2024-09-09 09:00:00,3005.0,3031.0,2988.0,3014.0,631370.0,1737962.0,1754859.0
2024-09-09 10:00:00,3014.0,3033.0,3013.0,3029.0,281174.0,1754859.0,1768966.0
2024-09-09 11:00:00,3029.0,3052.0,3026.0,3029.0,272587.0,1768966.0,1782732.0
2024-09-09 13:00:00,3028.0,3043.0,3021.0,3042.0,170071.0,1782732.0,1794239.0
2024-09-09 14:00:00,3042.0,3094.0,3033.0,3078.0,628761.0,1794239.0,1800082.0
2024-09-09 21:00:00,3085.0,3096.0,3074.0,3086.0,471634.0,1800082.0,1827644.0
2024-09-09 22:00:00,3086.0,3104.0,3084.0,3088.0,393154.0,1827644.0,1829566.0
2024-09-10 09:00:00,3087.0,3096.0,3076.0,3077.0,325113.0,1829566.0,1853531.0
2024-09-10 10:00:00,3077.0,3086.0,3058.0,3077.0,444537.0,1853531.0,1845221.0
2024-09-10 11:00:00,3077.0,3089.0,3068.0,3081.0,151908.0,1845221.0,1836941.0
2024-09-10 13:00:00,3082.0,3095.0,3079.0,3088.0,160429.0,1836941.0,1850172.0
2024-09-10 14:00:00,3088.0,3116.0,3079.0,3080.0,690848.0,1850172.0,1853061.0
2024-09-10 21:00:00,3073.0,3083.0,3038.0,3045.0,709658.0,1853061.0,1866070.0
2024-09-10 22:00:00,3045.0,3095.0,3040.0,3079.0,630590.0,1866070.0,1854762.0
2024-09-11 09:00:00,3081.0,3102.0,3072.0,3101.0,449303.0,1854762.0,1888694.0
2024-09-11 10:00:00,3101.0,3114.0,3092.0,3094.0,372099.0,1888694.0,1889444.0
2024-09-11 11:00:00,3094.0,3113.0,3093.0,3110.0,157789.0,1889444.0,1896215.0
2024-09-11 13:00:00,3112.0,3132.0,3112.0,3118.0,369844.0,1896215.0,1904540.0
2024-09-11 14:00:00,3118.0,3138.0,3110.0,3137.0,450370.0,1904540.0,1880988.0
2024-09-11 21:00:00,3139.0,3154.0,3132.0,3142.0,540694.0,1880988.0,1897540.0
2024-09-11 22:00:00,3142.0,3145.0,3126.0,3133.0,319494.0,1897540.0,1878467.0
2024-09-12 09:00:00,3140.0,3171.0,3138.0,3152.0,533314.0,1878467.0,1874761.0
2024-09-12 10:00:00,3152.0,3153.0,3133.0,3150.0,383304.0,1874761.0,1868134.0
2024-09-12 11:00:00,3150.0,3179.0,3147.0,3174.0,344197.0,1868134.0,1891312.0
2024-09-12 13:00:00,3179.0,3193.0,3175.0,3190.0,397554.0,1891312.0,1891108.0
2024-09-12 14:00:00,3190.0,3194.0,3179.0,3185.0,409500.0,1891108.0,1855494.0
2024-09-12 21:00:00,3187.0,3207.0,3179.0,3188.0,644645.0,1855494.0,1886119.0
2024-09-12 22:00:00,3188.0,3197.0,3186.0,3196.0,194976.0,1886119.0,1872545.0
2024-09-13 09:00:00,3199.0,3217.0,3192.0,3212.0,474804.0,1872545.0,1874686.0
2024-09-13 10:00:00,3212.0,3219.0,3205.0,3210.0,233468.0,1874686.0,1876532.0
2024-09-13 11:00:00,3210.0,3215.0,3191.0,3193.0,246672.0,1876532.0,1864036.0
2024-09-13 13:00:00,3193.0,3197.0,3185.0,3190.0,242280.0,1864036.0,1863423.0
2024-09-13 14:00:00,3190.0,3195.0,3170.0,3190.0,481218.0,1863423.0,1802789.0
2024-09-18 09:00:00,3186.0,3231.0,3160.0,3177.0,1089279.0,1802789.0,1854615.0
2024-09-18 10:00:00,3177.0,3178.0,3166.0,3172.0,271612.0,1854615.0,1878381.0
2024-09-18 11:00:00,3172.0,3172.0,3152.0,3157.0,241560.0,1878381.0,1879290.0
2024-09-18 13:00:00,3155.0,3160.0,3123.0,3151.0,479938.0,1879290.0,1884177.0
2024-09-18 14:00:00,3151.0,3176.0,3145.0,3150.0,518533.0,1884177.0,1871684.0
2024-09-18 21:00:00,3156.0,3169.0,3145.0,3163.0,380134.0,1871684.0,1891407.0
2024-09-18 22:00:00,3163.0,3189.0,3161.0,3169.0,372431.0,1891407.0,1862450.0
2024-09-19 09:00:00,3175.0,3195.0,3128.0,3162.0,904852.0,1862450.0,1927059.0
2024-09-19 10:00:00,3162.0,3211.0,3157.0,3192.0,777373.0,1927059.0,1985758.0
2024-09-19 11:00:00,3192.0,3202.0,3177.0,3195.0,247395.0,1985758.0,1980268.0
2024-09-19 13:00:00,3200.0,3200.0,3185.0,3194.0,187473.0,1980268.0,1986518.0
2024-09-19 14:00:00,3194.0,3206.0,3187.0,3206.0,338025.0,1986518.0,1977224.0
2024-09-19 21:00:00,3211.0,3237.0,3205.0,3220.0,713424.0,1977224.0,1981160.0
2024-09-19 22:00:00,3220.0,3233.0,3218.0,3230.0,274904.0,1981160.0,1952286.0
2024-09-20 09:00:00,3231.0,3236.0,3186.0,3191.0,694987.0,1952286.0,1970241.0
2024-09-20 10:00:00,3191.0,3206.0,3177.0,3190.0,465380.0,1970241.0,1963947.0
2024-09-20 11:00:00,3190.0,3198.0,3183.0,3183.0,139933.0,1963947.0,1965827.0
2024-09-20 13:00:00,3181.0,3181.0,3161.0,3171.0,407929.0,1965827.0,1995161.0
2024-09-20 14:00:00,3171.0,3176.0,3141.0,3165.0,614620.0,1995161.0,1981675.0
2024-09-20 21:00:00,3162.0,3167.0,3143.0,3150.0,480790.0,1981675.0,2004988.0
2024-09-20 22:00:00,3150.0,3154.0,3106.0,3109.0,720879.0,2004988.0,1999044.0
2024-09-23 09:00:00,3108.0,3132.0,3089.0,3114.0,956760.0,1999044.0,2030522.0
2024-09-23 10:00:00,3114.0,3116.0,3093.0,3106.0,311304.0,2030522.0,2039659.0
2024-09-23 11:00:00,3106.0,3111.0,3099.0,3108.0,116072.0,2039659.0,2038290.0
2024-09-23 13:00:00,3105.0,3116.0,3091.0,3096.0,208578.0,2038290.0,2052807.0
2024-09-23 14:00:00,3096.0,3107.0,3084.0,3087.0,425718.0,2052807.0,2029260.0
2024-09-23 21:00:00,3090.0,3107.0,3089.0,3104.0,382504.0,2029260.0,2053476.0
2024-09-23 22:00:00,3104.0,3116.0,3088.0,3098.0,489681.0,2053476.0,2041169.0
2024-09-24 09:00:00,3099.0,3176.0,3099.0,3136.0,1570279.0,2041169.0,2031028.0
2024-09-24 10:00:00,3136.0,3159.0,3125.0,3155.0,464814.0,2031028.0,2010697.0
2024-09-24 11:00:00,3155.0,3171.0,3149.0,3171.0,290404.0,2010697.0,1999260.0
2024-09-24 13:00:00,3183.0,3197.0,3181.0,3181.0,533625.0,1999260.0,1987851.0
2024-09-24 14:00:00,3181.0,3220.0,3179.0,3217.0,760330.0,1987851.0,1967554.0
2024-09-24 21:00:00,3222.0,3252.0,3216.0,3246.0,952282.0,1967554.0,1958160.0
2024-09-24 22:00:00,3246.0,3257.0,3242.0,3250.0,368479.0,1958160.0,1936453.0
2024-09-25 09:00:00,3260.0,3288.0,3255.0,3266.0,950349.0,1936453.0,1917896.0
2024-09-25 10:00:00,3266.0,3274.0,3257.0,3267.0,240621.0,1917896.0,1918593.0
2024-09-25 11:00:00,3267.0,3267.0,3252.0,3258.0,202373.0,1918593.0,1917445.0
2024-09-25 13:00:00,3258.0,3258.0,3222.0,3231.0,554882.0,1917445.0,1900717.0
2024-09-25 14:00:00,3231.0,3242.0,3222.0,3225.0,384056.0,1900717.0,1868854.0
2024-09-25 21:00:00,3221.0,3253.0,3211.0,3250.0,647367.0,1868854.0,1895878.0
2024-09-25 22:00:00,3250.0,3259.0,3234.0,3247.0,407504.0,1895878.0,1859741.0
2024-09-26 09:00:00,3244.0,3259.0,3241.0,3255.0,397770.0,1859741.0,1878195.0
2024-09-26 10:00:00,3255.0,3264.0,3241.0,3249.0,319661.0,1878195.0,1882684.0
2024-09-26 11:00:00,3249.0,3256.0,3236.0,3254.0,238456.0,1882684.0,1902920.0
2024-09-26 13:00:00,3275.0,3297.0,3267.0,3277.0,667742.0,1902920.0,1889049.0
2024-09-26 14:00:00,3277.0,3285.0,3256.0,3281.0,617286.0,1889049.0,1871665.0
2024-09-26 21:00:00,3308.0,3323.0,3295.0,3307.0,901661.0,1871665.0,1874656.0
2024-09-26 22:00:00,3307.0,3320.0,3306.0,3319.0,258614.0,1874656.0,1839242.0
2024-09-27 09:00:00,3317.0,3335.0,3311.0,3319.0,518998.0,1839242.0,1804137.0
2024-09-27 10:00:00,3319.0,3329.0,3309.0,3328.0,236873.0,1804137.0,1790259.0
2024-09-27 11:00:00,3328.0,3346.0,3326.0,3345.0,269015.0,1790259.0,1794952.0
2024-09-27 13:00:00,3345.0,3349.0,3306.0,3314.0,486074.0,1794952.0,1756915.0
2024-09-27 14:00:00,3314.0,3343.0,3313.0,3341.0,443454.0,1756915.0,1695940.0
2024-09-27 21:00:00,3342.0,3376.0,3323.0,3373.0,623101.0,1695940.0,1712787.0
2024-09-27 22:00:00,3373.0,3412.0,3371.0,3401.0,522971.0,1712787.0,1679980.0
2024-09-30 09:00:00,3551.0,3551.0,3514.0,3535.0,1140109.0,1679980.0,1647260.0
2024-09-30 10:00:00,3535.0,3549.0,3528.0,3546.0,290455.0,1647260.0,1631431.0
2024-09-30 11:00:00,3546.0,3551.0,3545.0,3551.0,141715.0,1631431.0,1647010.0
2024-09-30 13:00:00,3551.0,3551.0,3551.0,3551.0,17062.0,1647010.0,1638599.0
2024-09-30 14:00:00,3551.0,3551.0,3551.0,3551.0,23008.0,1638599.0,1622556.0
2024-10-08 09:00:00,3690.0,3780.0,3604.0,3642.0,1831916.0,1622556.0,1617449.0
2024-10-08 10:00:00,3642.0,3646.0,3516.0,3541.0,879887.0,1617449.0,1578116.0
2024-10-08 11:00:00,3541.0,3575.0,3524.0,3529.0,271069.0,1578116.0,1580656.0
2024-10-08 13:00:00,3522.0,3530.0,3434.0,3480.0,699390.0,1580656.0,1550067.0
2024-10-08 14:00:00,3480.0,3505.0,3453.0,3486.0,538283.0,1550067.0,1540193.0
2024-10-08 21:00:00,3492.0,3504.0,3464.0,3497.0,701215.0,1540193.0,1611192.0
2024-10-08 22:00:00,3497.0,3502.0,3481.0,3497.0,240302.0,1611192.0,1594725.0
2024-10-09 09:00:00,3495.0,3532.0,3489.0,3502.0,835708.0,1594725.0,1631699.0
2024-10-09 10:00:00,3502.0,3509.0,3485.0,3495.0,362448.0,1631699.0,1632542.0
2024-10-09 11:00:00,3495.0,3507.0,3468.0,3493.0,287136.0,1632542.0,1623932.0
2024-10-09 13:00:00,3520.0,3545.0,3511.0,3521.0,527727.0,1623932.0,1636906.0
2024-10-09 14:00:00,3521.0,3528.0,3450.0,3466.0,690416.0,1636906.0,1622329.0
2024-10-09 21:00:00,3448.0,3459.0,3412.0,3444.0,908049.0,1622329.0,1686751.0
2024-10-09 22:00:00,3444.0,3470.0,3429.0,3469.0,409333.0,1686751.0,1667100.0
2024-10-10 09:00:00,3478.0,3485.0,3456.0,3466.0,635137.0,1667100.0,1691160.0
2024-10-10 10:00:00,3466.0,3494.0,3454.0,3485.0,374238.0,1691160.0,1678141.0
2024-10-10 11:00:00,3485.0,3511.0,3482.0,3505.0,305484.0,1678141.0,1682022.0
2024-10-10 13:00:00,3500.0,3500.0,3475.0,3480.0,430436.0,1682022.0,1725285.0
2024-10-10 14:00:00,3480.0,3488.0,3434.0,3442.0,743986.0,1725285.0,1703228.0
2024-10-10 21:00:00,3443.0,3478.0,3440.0,3471.0,635340.0,1703228.0,1729584.0
2024-10-10 22:00:00,3471.0,3478.0,3456.0,3472.0,358141.0,1729584.0,1711754.0
2024-10-11 09:00:00,3475.0,3484.0,3446.0,3469.0,571548.0,1711754.0,1732321.0
2024-10-11 10:00:00,3469.0,3469.0,3423.0,3457.0,453597.0,1732321.0,1761905.0
2024-10-11 11:00:00,3457.0,3464.0,3442.0,3450.0,197812.0,1761905.0,1756148.0
2024-10-11 13:00:00,3451.0,3458.0,3431.0,3437.0,300277.0,1756148.0,1789882.0
2024-10-11 14:00:00,3437.0,3472.0,3421.0,3468.0,681466.0,1789882.0,1752309.0
2024-10-11 21:00:00,3474.0,3479.0,3436.0,3473.0,688068.0,1752309.0,1802238.0
2024-10-11 22:00:00,3473.0,3524.0,3469.0,3520.0,816714.0,1802238.0,1784380.0
2024-10-14 09:00:00,3502.0,3515.0,3466.0,3493.0,1065445.0,1784380.0,1762555.0
2024-10-14 10:00:00,3493.0,3507.0,3469.0,3502.0,488410.0,1762555.0,1757014.0
2024-10-14 11:00:00,3502.0,3531.0,3498.0,3517.0,341368.0,1757014.0,1760587.0
2024-10-14 13:00:00,3530.0,3534.0,3506.0,3516.0,236574.0,1760587.0,1765047.0
2024-10-14 14:00:00,3516.0,3518.0,3490.0,3502.0,412552.0,1765047.0,1740933.0
2024-10-14 21:00:00,3496.0,3506.0,3461.0,3503.0,822605.0,1740933.0,1767907.0
2024-10-14 22:00:00,3503.0,3508.0,3481.0,3484.0,427602.0,1767907.0,1760980.0
2024-10-15 09:00:00,3482.0,3491.0,3472.0,3483.0,452626.0,1760980.0,1796936.0
2024-10-15 10:00:00,3483.0,3501.0,3477.0,3489.0,411608.0,1796936.0,1776844.0
2024-10-15 11:00:00,3489.0,3508.0,3482.0,3507.0,216547.0,1776844.0,1764607.0
2024-10-15 13:00:00,3487.0,3512.0,3479.0,3491.0,546191.0,1764607.0,1764849.0
2024-10-15 14:00:00,3491.0,3495.0,3467.0,3467.0,706914.0,1764849.0,1781904.0
2024-10-15 21:00:00,3474.0,3502.0,3470.0,3489.0,837069.0,1781904.0,1748331.0
2024-10-15 22:00:00,3489.0,3494.0,3477.0,3481.0,309419.0,1748331.0,1743255.0
2024-10-16 09:00:00,3478.0,3485.0,3450.0,3477.0,724226.0,1743255.0,1786097.0
2024-10-16 10:00:00,3477.0,3479.0,3456.0,3474.0,353748.0,1786097.0,1798792.0
2024-10-16 11:00:00,3474.0,3496.0,3467.0,3471.0,378467.0,1798792.0,1772688.0
2024-10-16 13:00:00,3466.0,3478.0,3460.0,3468.0,291317.0,1772688.0,1810613.0
2024-10-16 14:00:00,3468.0,3474.0,3444.0,3447.0,585156.0,1810613.0,1859839.0
2024-10-16 21:00:00,3450.0,3465.0,3444.0,3459.0,499458.0,1859839.0,1874811.0
2024-10-16 22:00:00,3459.0,3475.0,3457.0,3471.0,384940.0,1874811.0,1838458.0
2024-10-17 09:00:00,3473.0,3484.0,3458.0,3463.0,444400.0,1838458.0,1868186.0
2024-10-17 10:00:00,3463.0,3486.0,3366.0,3384.0,1684338.0,1868186.0,1950065.0
2024-10-17 11:00:00,3384.0,3386.0,3345.0,3354.0,600314.0,1950065.0,1955955.0
2024-10-17 13:00:00,3355.0,3364.0,3342.0,3343.0,373814.0,1955955.0,1963187.0
2024-10-17 14:00:00,3343.0,3345.0,3300.0,3300.0,916062.0,1963187.0,1898835.0
2024-10-17 21:00:00,3311.0,3329.0,3295.0,3321.0,644384.0,1898835.0,1883537.0
2024-10-17 22:00:00,3321.0,3322.0,3285.0,3291.0,417232.0,1883537.0,1879128.0
2024-10-18 09:00:00,3293.0,3312.0,3289.0,3292.0,465537.0,1879128.0,1885304.0
2024-10-18 10:00:00,3292.0,3323.0,3284.0,3309.0,527011.0,1885304.0,1887463.0
2024-10-18 11:00:00,3309.0,3310.0,3290.0,3296.0,229470.0,1887463.0,1887055.0
2024-10-18 13:00:00,3325.0,3346.0,3315.0,3343.0,595362.0,1887055.0,1865273.0
2024-10-18 14:00:00,3343.0,3384.0,3327.0,3336.0,1023949.0,1865273.0,1804647.0
2024-10-18 21:00:00,3349.0,3365.0,3335.0,3357.0,575299.0,1804647.0,1818081.0
2024-10-18 22:00:00,3357.0,3358.0,3337.0,3348.0,325802.0,1818081.0,1788944.0
2024-10-21 09:00:00,3355.0,3371.0,3340.0,3348.0,584244.0,1788944.0,1804762.0
2024-10-21 10:00:00,3348.0,3376.0,3347.0,3362.0,344671.0,1804762.0,1802161.0
2024-10-21 11:00:00,3362.0,3368.0,3354.0,3366.0,133734.0,1802161.0,1801023.0
2024-10-21 13:00:00,3354.0,3359.0,3347.0,3350.0,187649.0,1801023.0,1811982.0
2024-10-21 14:00:00,3350.0,3365.0,3348.0,3358.0,265153.0,1811982.0,1778378.0
2024-10-21 21:00:00,3355.0,3367.0,3350.0,3358.0,361949.0,1778378.0,1774917.0
2024-10-21 22:00:00,3358.0,3358.0,3322.0,3326.0,533227.0,1774917.0,1763348.0
2024-10-22 09:00:00,3326.0,3334.0,3314.0,3322.0,380077.0,1763348.0,1779862.0
2024-10-22 10:00:00,3322.0,3330.0,3300.0,3309.0,372728.0,1779862.0,1803867.0
2024-10-22 11:00:00,3309.0,3333.0,3308.0,3332.0,267564.0,1803867.0,1792345.0
2024-10-22 13:00:00,3327.0,3332.0,3314.0,3328.0,198007.0,1792345.0,1797592.0
2024-10-22 14:00:00,3328.0,3350.0,3315.0,3349.0,621793.0,1797592.0,1751263.0
2024-10-22 21:00:00,3342.0,3355.0,3336.0,3339.0,386320.0,1751263.0,1797762.0
2024-10-22 22:00:00,3339.0,3351.0,3337.0,3347.0,173216.0,1797762.0,1778651.0
2024-10-23 09:00:00,3347.0,3350.0,3326.0,3337.0,326784.0,1778651.0,1791204.0
2024-10-23 10:00:00,3337.0,3345.0,3318.0,3321.0,357069.0,1791204.0,1804041.0
2024-10-23 11:00:00,3321.0,3336.0,3320.0,3334.0,178474.0,1804041.0,1795208.0
2024-10-23 13:00:00,3335.0,3362.0,3335.0,3346.0,392226.0,1795208.0,1788014.0
2024-10-23 14:00:00,3346.0,3346.0,3308.0,3316.0,665064.0,1788014.0,1807359.0
2024-10-23 21:00:00,3307.0,3320.0,3303.0,3317.0,412801.0,1807359.0,1819196.0
2024-10-23 22:00:00,3317.0,3327.0,3311.0,3321.0,256388.0,1819196.0,1790103.0
2024-10-24 09:00:00,3322.0,3325.0,3295.0,3308.0,416903.0,1790103.0,1826893.0
2024-10-24 10:00:00,3308.0,3323.0,3302.0,3310.0,362888.0,1826893.0,1824748.0
2024-10-24 11:00:00,3310.0,3316.0,3307.0,3315.0,115273.0,1824748.0,1817155.0
2024-10-24 13:00:00,3309.0,3309.0,3290.0,3296.0,393990.0,1817155.0,1840335.0
2024-10-24 14:00:00,3296.0,3340.0,3293.0,3330.0,682857.0,1840335.0,1802226.0
2024-10-24 21:00:00,3335.0,3370.0,3329.0,3364.0,753218.0,1802226.0,1805590.0
2024-10-24 22:00:00,3364.0,3379.0,3345.0,3365.0,516908.0,1805590.0,1764152.0
2024-10-25 09:00:00,3365.0,3365.0,3349.0,3350.0,304810.0,1764152.0,1760699.0
2024-10-25 10:00:00,3350.0,3377.0,3345.0,3369.0,339155.0,1760699.0,1770388.0
2024-10-25 11:00:00,3369.0,3374.0,3359.0,3373.0,164706.0,1770388.0,1771258.0
2024-10-25 13:00:00,3376.0,3389.0,3371.0,3378.0,239049.0,1771258.0,1758962.0
2024-10-25 14:00:00,3378.0,3380.0,3364.0,3376.0,299484.0,1758962.0,1728168.0
2024-10-25 21:00:00,3382.0,3427.0,3372.0,3425.0,759081.0,1728168.0,1786436.0
2024-10-25 22:00:00,3425.0,3447.0,3422.0,3442.0,488083.0,1786436.0,1774391.0
2024-10-28 09:00:00,3449.0,3455.0,3430.0,3437.0,558435.0,1774391.0,1774503.0
2024-10-28 10:00:00,3437.0,3468.0,3436.0,3466.0,357542.0,1774503.0,1796125.0
2024-10-28 11:00:00,3466.0,3474.0,3459.0,3469.0,195182.0,1796125.0,1792609.0
2024-10-28 13:00:00,3468.0,3479.0,3465.0,3467.0,188286.0,1792609.0,1810208.0
2024-10-28 14:00:00,3467.0,3470.0,3444.0,3451.0,450772.0,1810208.0,1778152.0
2024-10-28 21:00:00,3449.0,3460.0,3444.0,3458.0,327757.0,1778152.0,1782388.0
2024-10-28 22:00:00,3458.0,3460.0,3437.0,3449.0,284751.0,1782388.0,1756983.0
2024-10-29 09:00:00,3449.0,3449.0,3425.0,3439.0,372820.0,1756983.0,1764279.0
2024-10-29 10:00:00,3439.0,3446.0,3430.0,3433.0,199974.0,1764279.0,1767780.0
2024-10-29 11:00:00,3433.0,3433.0,3416.0,3416.0,200787.0,1767780.0,1774046.0
2024-10-29 13:00:00,3414.0,3420.0,3411.0,3417.0,180075.0,1774046.0,1776078.0
2024-10-29 14:00:00,3417.0,3429.0,3411.0,3422.0,361903.0,1776078.0,1762609.0
2024-10-29 21:00:00,3450.0,3469.0,3434.0,3439.0,749345.0,1762609.0,1767405.0
2024-10-29 22:00:00,3439.0,3451.0,3433.0,3448.0,237321.0,1767405.0,1759973.0
2024-10-30 09:00:00,3445.0,3447.0,3428.0,3443.0,290458.0,1759973.0,1759281.0
2024-10-30 10:00:00,3443.0,3445.0,3424.0,3435.0,233243.0,1759281.0,1752842.0
2024-10-30 11:00:00,3435.0,3441.0,3417.0,3418.0,164130.0,1752842.0,1750325.0
2024-10-30 13:00:00,3411.0,3426.0,3403.0,3421.0,233170.0,1750325.0,1754075.0
2024-10-30 14:00:00,3421.0,3445.0,3418.0,3442.0,344524.0,1754075.0,1732080.0
2024-10-30 21:00:00,3445.0,3448.0,3420.0,3434.0,419280.0,1732080.0,1750713.0
2024-10-30 22:00:00,3434.0,3448.0,3432.0,3438.0,287587.0,1750713.0,1724020.0
2024-10-31 09:00:00,3439.0,3444.0,3427.0,3435.0,270391.0,1724020.0,1735019.0
2024-10-31 10:00:00,3435.0,3451.0,3426.0,3439.0,390937.0,1735019.0,1744172.0
2024-10-31 11:00:00,3439.0,3449.0,3430.0,3432.0,154581.0,1744172.0,1741182.0
2024-10-31 13:00:00,3427.0,3436.0,3426.0,3435.0,170224.0,1741182.0,1747577.0
2024-10-31 14:00:00,3435.0,3441.0,3417.0,3427.0,364799.0,1747577.0,1726259.0
2024-10-31 21:00:00,3427.0,3434.0,3410.0,3411.0,334263.0,1726259.0,1751487.0
2024-10-31 22:00:00,3411.0,3413.0,3370.0,3378.0,588081.0,1751487.0,1749425.0
2024-11-01 09:00:00,3380.0,3409.0,3378.0,3406.0,422063.0,1749425.0,1734679.0
2024-11-01 10:00:00,3406.0,3406.0,3381.0,3395.0,307096.0,1734679.0,1734197.0
2024-11-01 11:00:00,3395.0,3414.0,3388.0,3414.0,179460.0,1734197.0,1721482.0
2024-11-01 13:00:00,3407.0,3408.0,3397.0,3405.0,164785.0,1721482.0,1719720.0
2024-11-01 14:00:00,3405.0,3409.0,3382.0,3393.0,386053.0,1719720.0,1706790.0
2024-11-01 21:00:00,3403.0,3483.0,3397.0,3399.0,677556.0,1706790.0,1705479.0
2024-11-01 22:00:00,3399.0,3403.0,3344.0,3364.0,1014941.0,1705479.0,1709016.0
2024-11-04 09:00:00,3372.0,3387.0,3362.0,3363.0,401006.0,1709016.0,1712498.0
2024-11-04 10:00:00,3363.0,3375.0,3359.0,3375.0,173441.0,1712498.0,1719467.0
2024-11-04 11:00:00,3375.0,3407.0,3370.0,3403.0,248142.0,1719467.0,1701260.0
2024-11-04 13:00:00,3399.0,3401.0,3382.0,3401.0,234653.0,1701260.0,1709596.0
2024-11-04 14:00:00,3401.0,3426.0,3396.0,3425.0,464143.0,1709596.0,1701525.0
2024-11-04 21:00:00,3427.0,3432.0,3405.0,3421.0,472393.0,1701525.0,1705184.0
2024-11-04 22:00:00,3421.0,3429.0,3414.0,3420.0,228814.0,1705184.0,1690892.0
2024-11-05 09:00:00,3420.0,3430.0,3408.0,3429.0,288425.0,1690892.0,1691278.0
2024-11-05 10:00:00,3429.0,3448.0,3426.0,3439.0,406676.0,1691278.0,1698854.0
2024-11-05 11:00:00,3439.0,3453.0,3438.0,3449.0,161722.0,1698854.0,1701777.0
2024-11-05 13:00:00,3454.0,3458.0,3442.0,3445.0,155765.0,1701777.0,1709971.0
2024-11-05 14:00:00,3445.0,3451.0,3429.0,3433.0,319047.0,1709971.0,1701597.0
2024-11-05 21:00:00,3446.0,3446.0,3424.0,3426.0,331501.0,1701597.0,1734887.0
2024-11-05 22:00:00,3426.0,3434.0,3416.0,3430.0,276058.0,1734887.0,1718112.0
2024-11-06 09:00:00,3427.0,3428.0,3401.0,3416.0,458860.0,1718112.0,1715950.0
2024-11-06 10:00:00,3416.0,3428.0,3383.0,3388.0,539848.0,1715950.0,1739486.0
2024-11-06 11:00:00,3388.0,3389.0,3354.0,3380.0,538420.0,1739486.0,1740742.0
2024-11-06 13:00:00,3369.0,3410.0,3363.0,3406.0,404511.0,1740742.0,1717856.0
2024-11-06 14:00:00,3406.0,3427.0,3374.0,3392.0,806926.0,1717856.0,1677086.0
2024-11-06 21:00:00,3378.0,3392.0,3362.0,3373.0,500749.0,1677086.0,1704364.0
2024-11-06 22:00:00,3373.0,3381.0,3368.0,3379.0,230053.0,1704364.0,1694944.0
2024-11-07 09:00:00,3379.0,3411.0,3379.0,3403.0,480260.0,1694944.0,1677828.0
2024-11-07 10:00:00,3403.0,3421.0,3393.0,3410.0,362551.0,1677828.0,1661461.0
2024-11-07 11:00:00,3410.0,3421.0,3404.0,3406.0,205338.0,1661461.0,1661047.0
2024-11-07 13:00:00,3407.0,3422.0,3405.0,3417.0,157380.0,1661047.0,1664240.0
2024-11-07 14:00:00,3417.0,3438.0,3408.0,3436.0,425147.0,1664240.0,1674191.0
2024-11-07 21:00:00,3445.0,3460.0,3433.0,3436.0,576996.0,1674191.0,1718531.0
2024-11-07 22:00:00,3436.0,3443.0,3420.0,3437.0,350832.0,1718531.0,1697878.0
2024-11-08 09:00:00,3445.0,3465.0,3436.0,3436.0,593400.0,1697878.0,1714455.0
2024-11-08 10:00:00,3436.0,3438.0,3382.0,3396.0,858595.0,1714455.0,1737630.0
2024-11-08 11:00:00,3396.0,3403.0,3368.0,3374.0,426853.0,1737630.0,1770566.0
2024-11-08 13:00:00,3385.0,3393.0,3374.0,3375.0,242597.0,1770566.0,1781068.0
2024-11-08 14:00:00,3375.0,3378.0,3356.0,3367.0,574751.0,1781068.0,1777628.0
2024-11-08 21:00:00,3341.0,3388.0,3331.0,3368.0,687509.0,1777628.0,1789387.0
2024-11-08 22:00:00,3368.0,3371.0,3336.0,3343.0,485646.0,1789387.0,1790940.0
2024-11-11 09:00:00,3340.0,3346.0,3317.0,3320.0,564442.0,1790940.0,1835609.0
2024-11-11 10:00:00,3320.0,3335.0,3316.0,3330.0,252224.0,1835609.0,1846311.0
2024-11-11 11:00:00,3330.0,3335.0,3324.0,3333.0,90401.0,1846311.0,1848437.0
2024-11-11 13:00:00,3340.0,3342.0,3311.0,3313.0,258924.0,1848437.0,1869027.0
2024-11-11 14:00:00,3313.0,3335.0,3307.0,3331.0,405704.0,1869027.0,1832002.0
2024-11-11 21:00:00,3334.0,3337.0,3319.0,3334.0,339502.0,1832002.0,1844630.0
2024-11-11 22:00:00,3334.0,3340.0,3327.0,3331.0,177669.0,1844630.0,1832751.0
2024-11-12 09:00:00,3330.0,3346.0,3327.0,3331.0,290843.0,1832751.0,1834580.0
2024-11-12 10:00:00,3331.0,3331.0,3311.0,3321.0,286042.0,1834580.0,1858568.0
2024-11-12 11:00:00,3321.0,3328.0,3314.0,3325.0,123309.0,1858568.0,1847470.0
2024-11-12 13:00:00,3313.0,3321.0,3308.0,3321.0,180613.0,1847470.0,1854770.0
2024-11-12 14:00:00,3321.0,3353.0,3312.0,3344.0,634619.0,1854770.0,1817779.0
2024-11-12 21:00:00,3345.0,3348.0,3332.0,3333.0,253491.0,1817779.0,1818158.0
2024-11-12 22:00:00,3333.0,3339.0,3323.0,3333.0,200040.0,1818158.0,1808025.0
2024-11-13 09:00:00,3332.0,3345.0,3325.0,3343.0,271394.0,1808025.0,1807368.0
2024-11-13 10:00:00,3343.0,3352.0,3336.0,3350.0,298148.0,1807368.0,1805404.0
2024-11-13 11:00:00,3350.0,3359.0,3348.0,3353.0,162262.0,1805404.0,1794881.0
2024-11-13 13:00:00,3350.0,3363.0,3346.0,3361.0,214899.0,1794881.0,1799147.0
2024-11-13 14:00:00,3361.0,3367.0,3333.0,3337.0,499000.0,1799147.0,1761405.0
2024-11-13 21:00:00,3345.0,3349.0,3338.0,3341.0,259926.0,1761405.0,1776095.0
2024-11-13 22:00:00,3341.0,3350.0,3340.0,3342.0,176867.0,1776095.0,1759831.0
2024-11-14 09:00:00,3343.0,3346.0,3328.0,3332.0,244068.0,1759831.0,1772715.0
2024-11-14 10:00:00,3332.0,3333.0,3311.0,3323.0,381680.0,1772715.0,1805287.0
2024-11-14 11:00:00,3323.0,3330.0,3311.0,3312.0,155235.0,1805287.0,1802995.0
2024-11-14 13:00:00,3309.0,3325.0,3304.0,3316.0,255908.0,1802995.0,1804658.0
2024-11-14 14:00:00,3316.0,3320.0,3306.0,3313.0,329687.0,1804658.0,1804837.0
2024-11-14 21:00:00,3308.0,3321.0,3303.0,3310.0,303172.0,1804837.0,1819195.0
2024-11-14 22:00:00,3310.0,3312.0,3285.0,3295.0,575653.0,1819195.0,1825000.0
2024-11-15 09:00:00,3294.0,3299.0,3255.0,3264.0,639132.0,1825000.0,1843333.0
2024-11-15 10:00:00,3264.0,3277.0,3262.0,3273.0,271335.0,1843333.0,1827045.0
2024-11-15 11:00:00,3273.0,3276.0,3266.0,3268.0,110059.0,1827045.0,1820464.0
2024-11-15 13:00:00,3273.0,3277.0,3267.0,3267.0,130731.0,1820464.0,1819602.0
2024-11-15 14:00:00,3267.0,3268.0,3231.0,3232.0,587447.0,1819602.0,1803336.0
2024-11-15 21:00:00,3244.0,3250.0,3239.0,3245.0,330100.0,1803336.0,1797628.0
2024-11-15 22:00:00,3245.0,3251.0,3226.0,3238.0,324115.0,1797628.0,1795650.0
2024-11-18 09:00:00,3241.0,3272.0,3238.0,3267.0,559552.0,1795650.0,1790372.0
2024-11-18 10:00:00,3267.0,3284.0,3266.0,3282.0,321600.0,1790372.0,1796716.0
2024-11-18 11:00:00,3282.0,3295.0,3281.0,3290.0,222809.0,1796716.0,1788423.0
2024-11-18 13:00:00,3284.0,3284.0,3267.0,3267.0,237633.0,1788423.0,1783515.0
2024-11-18 14:00:00,3267.0,3279.0,3262.0,3279.0,347029.0,1783515.0,1766798.0
2024-11-18 21:00:00,3282.0,3285.0,3273.0,3276.0,249934.0,1766798.0,1759569.0
2024-11-18 22:00:00,3276.0,3289.0,3274.0,3283.0,181407.0,1759569.0,1746697.0
2024-11-19 09:00:00,3285.0,3285.0,3267.0,3273.0,255239.0,1746697.0,1751731.0
2024-11-19 10:00:00,3273.0,3277.0,3254.0,3271.0,319796.0,1751731.0,1751678.0
2024-11-19 11:00:00,3271.0,3294.0,3269.0,3288.0,335768.0,1751678.0,1749536.0
2024-11-19 13:00:00,3287.0,3290.0,3277.0,3289.0,176368.0,1749536.0,1749691.0
2024-11-19 14:00:00,3289.0,3330.0,3287.0,3322.0,871486.0,1749691.0,1684167.0
2024-11-19 21:00:00,3318.0,3322.0,3311.0,3315.0,253779.0,1684167.0,1679002.0
2024-11-19 22:00:00,3315.0,3318.0,3308.0,3311.0,143954.0,1679002.0,1660379.0
2024-11-20 09:00:00,3313.0,3326.0,3304.0,3308.0,319506.0,1660379.0,1653440.0
2024-11-20 10:00:00,3308.0,3325.0,3306.0,3324.0,174558.0,1653440.0,1645754.0
2024-11-20 11:00:00,3324.0,3328.0,3317.0,3319.0,127982.0,1645754.0,1633600.0
2024-11-20 13:00:00,3324.0,3325.0,3305.0,3314.0,168527.0,1633600.0,1634492.0
2024-11-20 14:00:00,3314.0,3323.0,3309.0,3319.0,245715.0,1634492.0,1605126.0
2024-11-20 21:00:00,3318.0,3340.0,3311.0,3328.0,457178.0,1605126.0,1595828.0
2024-11-20 22:00:00,3328.0,3331.0,3316.0,3316.0,166376.0,1595828.0,1570195.0
2024-11-21 09:00:00,3317.0,3322.0,3311.0,3319.0,181813.0,1570195.0,1578747.0
2024-11-21 10:00:00,3319.0,3336.0,3318.0,3334.0,235561.0,1578747.0,1571852.0
2024-11-21 11:00:00,3334.0,3345.0,3327.0,3334.0,157471.0,1571852.0,1565126.0
2024-11-21 13:00:00,3336.0,3340.0,3332.0,3334.0,112457.0,1565126.0,1571898.0
2024-11-21 14:00:00,3334.0,3339.0,3315.0,3332.0,426867.0,1571898.0,1536631.0
2024-11-21 21:00:00,3337.0,3339.0,3328.0,3334.0,188469.0,1536631.0,1544686.0
2024-11-21 22:00:00,3334.0,3343.0,3325.0,3332.0,221443.0,1544686.0,1527125.0
2024-11-22 09:00:00,3329.0,3333.0,3318.0,3321.0,214596.0,1527125.0,1531795.0
2024-11-22 10:00:00,3321.0,3326.0,3286.0,3293.0,449185.0,1531795.0,1547508.0
2024-11-22 11:00:00,3293.0,3302.0,3277.0,3279.0,249516.0,1547508.0,1533349.0
2024-11-22 13:00:00,3274.0,3286.0,3269.0,3279.0,213426.0,1533349.0,1536204.0
2024-11-22 14:00:00,3279.0,3282.0,3270.0,3277.0,257422.0,1536204.0,1516855.0
2024-11-22 21:00:00,3279.0,3298.0,3277.0,3295.0,329372.0,1516855.0,1515403.0
2024-11-22 22:00:00,3295.0,3344.0,3294.0,3320.0,799202.0,1515403.0,1467764.0
2024-11-25 09:00:00,3321.0,3323.0,3305.0,3309.0,334505.0,1467764.0,1463319.0
2024-11-25 10:00:00,3309.0,3319.0,3306.0,3307.0,155058.0,1463319.0,1459851.0
2024-11-25 11:00:00,3307.0,3309.0,3287.0,3288.0,248549.0,1459851.0,1456911.0
2024-11-25 13:00:00,3290.0,3294.0,3284.0,3288.0,140032.0,1456911.0,1457981.0
2024-11-25 14:00:00,3288.0,3303.0,3282.0,3297.0,280224.0,1457981.0,1418516.0
2024-11-25 21:00:00,3300.0,3307.0,3294.0,3304.0,240712.0,1418516.0,1421613.0
2024-11-25 22:00:00,3304.0,3316.0,3297.0,3311.0,233165.0,1421613.0,1406448.0
2024-11-26 09:00:00,3307.0,3329.0,3302.0,3323.0,324000.0,1406448.0,1410091.0
2024-11-26 10:00:00,3323.0,3329.0,3316.0,3319.0,142017.0,1410091.0,1413665.0
2024-11-26 11:00:00,3319.0,3326.0,3318.0,3320.0,71444.0,1413665.0,1407036.0
2024-11-26 13:00:00,3317.0,3317.0,3298.0,3303.0,246510.0,1407036.0,1385496.0
2024-11-26 14:00:00,3303.0,3311.0,3294.0,3303.0,282860.0,1385496.0,1363289.0
2024-11-26 21:00:00,3308.0,3314.0,3292.0,3297.0,303981.0,1363289.0,1372150.0
2024-11-26 22:00:00,3297.0,3299.0,3288.0,3293.0,178211.0,1372150.0,1365777.0
2024-11-27 09:00:00,3293.0,3295.0,3274.0,3283.0,340864.0,1365777.0,1377490.0
2024-11-27 10:00:00,3283.0,3312.0,3282.0,3311.0,295894.0,1377490.0,1340522.0
2024-11-27 11:00:00,3311.0,3313.0,3300.0,3310.0,131586.0,1340522.0,1327778.0
2024-11-27 13:00:00,3307.0,3310.0,3302.0,3309.0,115607.0,1327778.0,1326277.0
2024-11-27 14:00:00,3309.0,3316.0,3305.0,3309.0,206715.0,1326277.0,1299346.0
2024-11-27 21:00:00,3311.0,3315.0,3299.0,3306.0,224111.0,1299346.0,1307336.0
2024-11-27 22:00:00,3306.0,3314.0,3301.0,3309.0,149490.0,1307336.0,1293427.0
2024-11-28 09:00:00,3309.0,3310.0,3285.0,3286.0,325014.0,1293427.0,1295959.0
2024-11-28 10:00:00,3286.0,3301.0,3284.0,3292.0,229685.0,1295959.0,1289358.0
2024-11-28 11:00:00,3292.0,3294.0,3286.0,3287.0,88062.0,1289358.0,1293694.0
2024-11-28 13:00:00,3288.0,3319.0,3288.0,3306.0,417946.0,1293694.0,1272751.0
2024-11-28 14:00:00,3306.0,3313.0,3302.0,3312.0,261134.0,1272751.0,1233968.0
2024-11-28 21:00:00,3310.0,3318.0,3309.0,3311.0,199610.0,1233968.0,1237772.0
2024-11-28 22:00:00,3311.0,3315.0,3305.0,3310.0,126948.0,1237772.0,1221378.0
2024-11-29 09:00:00,3312.0,3324.0,3308.0,3315.0,251204.0,1221378.0,1218642.0
2024-11-29 10:00:00,3315.0,3339.0,3312.0,3337.0,333892.0,1218642.0,1233844.0
2024-11-29 11:00:00,3337.0,3354.0,3337.0,3341.0,330421.0,1233844.0,1234891.0
2024-11-29 13:00:00,3338.0,3342.0,3333.0,3335.0,163375.0,1234891.0,1208406.0
2024-11-29 14:00:00,3335.0,3339.0,3315.0,3318.0,380085.0,1208406.0,1116449.0
2024-11-29 21:00:00,3318.0,3324.0,3298.0,3301.0,332859.0,1116449.0,1077948.0
2024-11-29 22:00:00,3301.0,3308.0,3298.0,3306.0,172844.0,1077948.0,1058765.0
2024-12-02 09:00:00,3308.0,3346.0,3308.0,3338.0,446209.0,1058765.0,1037761.0
2024-12-02 10:00:00,3338.0,3341.0,3330.0,3337.0,113220.0,1037761.0,1039897.0
2024-12-02 11:00:00,3337.0,3343.0,3332.0,3342.0,60946.0,1039897.0,1040160.0
2024-12-02 13:00:00,3343.0,3349.0,3340.0,3341.0,111168.0,1040160.0,1048860.0
2024-12-02 14:00:00,3341.0,3343.0,3328.0,3333.0,177436.0,1048860.0,1010298.0
2024-12-02 21:00:00,3334.0,3347.0,3333.0,3342.0,161031.0,1010298.0,1017658.0
2024-12-02 22:00:00,3342.0,3347.0,3336.0,3347.0,96031.0,1017658.0,1014607.0
2024-12-03 09:00:00,3348.0,3356.0,3331.0,3334.0,214242.0,1014607.0,1000941.0
2024-12-03 10:00:00,3334.0,3340.0,3330.0,3336.0,105737.0,1000941.0,989049.0
2024-12-03 11:00:00,3336.0,3344.0,3332.0,3342.0,68813.0,989049.0,983826.0
2024-12-03 13:00:00,3339.0,3344.0,3336.0,3344.0,47076.0,983826.0,982915.0
2024-12-03 14:00:00,3344.0,3355.0,3342.0,3352.0,214927.0,982915.0,980405.0
2024-12-03 21:00:00,3351.0,3352.0,3338.0,3341.0,162800.0,980405.0,960857.0
2024-12-03 22:00:00,3341.0,3351.0,3338.0,3347.0,89962.0,960857.0,952044.0
2024-12-04 09:00:00,3347.0,3350.0,3338.0,3343.0,114882.0,952044.0,945975.0
2024-12-04 10:00:00,3343.0,3343.0,3300.0,3313.0,420264.0,945975.0,906100.0
2024-12-04 11:00:00,3313.0,3321.0,3309.0,3310.0,73714.0,906100.0,901810.0
2024-12-04 13:00:00,3310.0,3326.0,3310.0,3325.0,76494.0,901810.0,891469.0
2024-12-04 14:00:00,3325.0,3345.0,3319.0,3339.0,258410.0,891469.0,863032.0
2024-12-04 21:00:00,3335.0,3342.0,3332.0,3335.0,145863.0,863032.0,860927.0
2024-12-04 22:00:00,3335.0,3341.0,3328.0,3334.0,60448.0,860927.0,849860.0
2024-12-05 09:00:00,3332.0,3334.0,3310.0,3312.0,159227.0,849860.0,832815.0
2024-12-05 10:00:00,3312.0,3313.0,3292.0,3293.0,243503.0,832815.0,837764.0
2024-12-05 11:00:00,3293.0,3297.0,3280.0,3293.0,153879.0,837764.0,830725.0
2024-12-05 13:00:00,3295.0,3300.0,3285.0,3285.0,83318.0,830725.0,831410.0
2024-12-05 14:00:00,3285.0,3290.0,3268.0,3280.0,198492.0,831410.0,820430.0
2024-12-05 21:00:00,3340.0,3347.0,3316.0,3330.0,386661.0,820430.0,1226113.0
2024-12-05 22:00:00,3330.0,3332.0,3320.0,3327.0,98918.0,1226113.0,1236222.0
2024-12-06 09:00:00,3330.0,3334.0,3312.0,3319.0,247628.0,1236222.0,1282973.0
2024-12-06 10:00:00,3319.0,3344.0,3314.0,3337.0,255949.0,1282973.0,1294702.0
2024-12-06 11:00:00,3337.0,3350.0,3337.0,3339.0,134307.0,1294702.0,1296418.0
2024-12-06 13:00:00,3337.0,3340.0,3326.0,3332.0,107065.0,1296418.0,1297150.0
2024-12-06 14:00:00,3332.0,3338.0,3308.0,3311.0,293687.0,1297150.0,1334694.0
2024-12-06 21:00:00,3305.0,3317.0,3296.0,3307.0,240185.0,1334694.0,1365152.0
2024-12-06 22:00:00,3307.0,3308.0,3288.0,3295.0,281516.0,1365152.0,1392395.0
2024-12-09 09:00:00,3297.0,3347.0,3297.0,3338.0,560189.0,1392395.0,1364852.0
2024-12-09 10:00:00,3338.0,3342.0,3326.0,3334.0,148469.0,1364852.0,1360628.0
2024-12-09 11:00:00,3334.0,3336.0,3317.0,3317.0,110895.0,1360628.0,1353963.0
2024-12-09 13:00:00,3317.0,3320.0,3308.0,3318.0,156400.0,1353963.0,1367241.0
2024-12-09 14:00:00,3318.0,3335.0,3316.0,3330.0,224013.0,1367241.0,1360587.0
2024-12-09 21:00:00,3395.0,3435.0,3385.0,3416.0,1077470.0,1360587.0,1339573.0
2024-12-09 22:00:00,3416.0,3430.0,3412.0,3430.0,295724.0,1339573.0,1353260.0
2024-12-10 09:00:00,3429.0,3457.0,3423.0,3425.0,754115.0,1353260.0,1338494.0
2024-12-10 10:00:00,3425.0,3434.0,3416.0,3419.0,234767.0,1338494.0,1344402.0
2024-12-10 11:00:00,3419.0,3422.0,3404.0,3413.0,199777.0,1344402.0,1343390.0
2024-12-10 13:00:00,3409.0,3415.0,3404.0,3412.0,125980.0,1343390.0,1350877.0
2024-12-10 14:00:00,3412.0,3413.0,3393.0,3402.0,342714.0,1350877.0,1333488.0
2024-12-10 21:00:00,3402.0,3411.0,3398.0,3410.0,255018.0,1333488.0,1352233.0
2024-12-10 22:00:00,3410.0,3412.0,3404.0,3408.0,94379.0,1352233.0,1342487.0
2024-12-11 09:00:00,3409.0,3420.0,3407.0,3418.0,221842.0,1342487.0,1365733.0
2024-12-11 10:00:00,3418.0,3423.0,3406.0,3413.0,191222.0,1365733.0,1366702.0
2024-12-11 11:00:00,3413.0,3413.0,3402.0,3409.0,109411.0,1366702.0,1366185.0
2024-12-11 13:00:00,3408.0,3408.0,3395.0,3406.0,153492.0,1366185.0,1373281.0
2024-12-11 14:00:00,3406.0,3413.0,3397.0,3413.0,207697.0,1373281.0,1366184.0
2024-12-11 21:00:00,3413.0,3419.0,3409.0,3410.0,170719.0,1366184.0,1364635.0
2024-12-11 22:00:00,3410.0,3418.0,3410.0,3414.0,106445.0,1364635.0,1365200.0
2024-12-12 09:00:00,3414.0,3423.0,3402.0,3416.0,248966.0,1365200.0,1383623.0
2024-12-12 10:00:00,3416.0,3420.0,3404.0,3409.0,164782.0,1383623.0,1381975.0
2024-12-12 11:00:00,3409.0,3434.0,3409.0,3433.0,213900.0,1381975.0,1406251.0
2024-12-12 13:00:00,3433.0,3434.0,3422.0,3429.0,211990.0,1406251.0,1430272.0
2024-12-12 14:00:00,3429.0,3436.0,3424.0,3428.0,218105.0,1430272.0,1434412.0
2024-12-12 21:00:00,3406.0,3411.0,3375.0,3399.0,634867.0,1434412.0,1408639.0
2024-12-12 22:00:00,3399.0,3400.0,3382.0,3390.0,237261.0,1408639.0,1411140.0
2024-12-13 09:00:00,3388.0,3394.0,3364.0,3366.0,352172.0,1411140.0,1432594.0
2024-12-13 10:00:00,3366.0,3372.0,3355.0,3363.0,304594.0,1432594.0,1440066.0
2024-12-13 11:00:00,3363.0,3367.0,3357.0,3366.0,105743.0,1440066.0,1444875.0
2024-12-13 13:00:00,3365.0,3368.0,3358.0,3364.0,109660.0,1444875.0,1452403.0
2024-12-13 14:00:00,3364.0,3369.0,3351.0,3360.0,278058.0,1452403.0,1446384.0
2024-12-13 21:00:00,3361.0,3366.0,3353.0,3356.0,212787.0,1446384.0,1452435.0
2024-12-13 22:00:00,3356.0,3362.0,3354.0,3360.0,123046.0,1452435.0,1438557.0
2024-12-16 09:00:00,3362.0,3379.0,3341.0,3347.0,482570.0,1438557.0,1457035.0
2024-12-16 10:00:00,3347.0,3349.0,3340.0,3343.0,124389.0,1457035.0,1466374.0
2024-12-16 11:00:00,3343.0,3353.0,3342.0,3352.0,79597.0,1466374.0,1464808.0
2024-12-16 13:00:00,3350.0,3352.0,3346.0,3350.0,48774.0,1464808.0,1467431.0
2024-12-16 14:00:00,3350.0,3367.0,3345.0,3362.0,266410.0,1467431.0,1427400.0
2024-12-16 21:00:00,3368.0,3371.0,3362.0,3364.0,174613.0,1427400.0,1428708.0
2024-12-16 22:00:00,3364.0,3368.0,3360.0,3361.0,92542.0,1428708.0,1421558.0
2024-12-17 09:00:00,3360.0,3370.0,3352.0,3368.0,224458.0,1421558.0,1436036.0
2024-12-17 10:00:00,3368.0,3374.0,3357.0,3364.0,188110.0,1436036.0,1428475.0
2024-12-17 11:00:00,3364.0,3370.0,3362.0,3363.0,74224.0,1428475.0,1429880.0
2024-12-17 13:00:00,3367.0,3377.0,3365.0,3367.0,152769.0,1429880.0,1432027.0
2024-12-17 14:00:00,3367.0,3368.0,3356.0,3364.0,189950.0,1432027.0,1420263.0
2024-12-17 21:00:00,3358.0,3364.0,3342.0,3344.0,271213.0,1420263.0,1460229.0
2024-12-17 22:00:00,3344.0,3353.0,3342.0,3350.0,140850.0,1460229.0,1457202.0
2024-12-18 09:00:00,3350.0,3355.0,3336.0,3344.0,230337.0,1457202.0,1485630.0
2024-12-18 10:00:00,3344.0,3351.0,3333.0,3337.0,167217.0,1485630.0,1498486.0
2024-12-18 11:00:00,3337.0,3343.0,3327.0,3340.0,162668.0,1498486.0,1508772.0
2024-12-18 13:00:00,3345.0,3351.0,3337.0,3337.0,144477.0,1508772.0,1513226.0
2024-12-18 14:00:00,3337.0,3338.0,3305.0,3312.0,440392.0,1513226.0,1590081.0
2024-12-18 21:00:00,3313.0,3317.0,3297.0,3310.0,240731.0,1590081.0,1617006.0
2024-12-18 22:00:00,3310.0,3323.0,3306.0,3319.0,170627.0,1617006.0,1601005.0
2024-12-19 09:00:00,3305.0,3309.0,3269.0,3271.0,562605.0,1601005.0,1693724.0
2024-12-19 10:00:00,3271.0,3280.0,3258.0,3277.0,379867.0,1693724.0,1715923.0
2024-12-19 11:00:00,3277.0,3287.0,3273.0,3283.0,166922.0,1715923.0,1716094.0
2024-12-19 13:00:00,3288.0,3293.0,3273.0,3275.0,177411.0,1716094.0,1713927.0
2024-12-19 14:00:00,3275.0,3302.0,3269.0,3287.0,403390.0,1713927.0,1696609.0
2024-12-19 21:00:00,3286.0,3290.0,3275.0,3288.0,181819.0,1696609.0,1710343.0
2024-12-19 22:00:00,3288.0,3293.0,3283.0,3283.0,140822.0,1710343.0,1701842.0
2024-12-20 09:00:00,3282.0,3290.0,3273.0,3284.0,223486.0,1701842.0,1703838.0
2024-12-20 10:00:00,3284.0,3287.0,3276.0,3282.0,92822.0,1703838.0,1704116.0
2024-12-20 11:00:00,3282.0,3292.0,3276.0,3291.0,102049.0,1704116.0,1696467.0
2024-12-20 13:00:00,3289.0,3290.0,3283.0,3285.0,96067.0,1696467.0,1696753.0
2024-12-20 14:00:00,3285.0,3287.0,3278.0,3279.0,163513.0,1696753.0,1691042.0
2024-12-20 21:00:00,3281.0,3283.0,3256.0,3258.0,356209.0,1691042.0,1718409.0
2024-12-20 22:00:00,3258.0,3287.0,3256.0,3284.0,299478.0,1718409.0,1683184.0
2024-12-23 09:00:00,3290.0,3302.0,3285.0,3292.0,319769.0,1683184.0,1687490.0
2024-12-23 10:00:00,3292.0,3301.0,3287.0,3298.0,135559.0,1687490.0,1688135.0
2024-12-23 11:00:00,3298.0,3308.0,3294.0,3300.0,169694.0,1688135.0,1686586.0
2024-12-23 13:00:00,3300.0,3303.0,3290.0,3292.0,104465.0,1686586.0,1687974.0
2024-12-23 14:00:00,3292.0,3296.0,3284.0,3290.0,197630.0,1687974.0,1678153.0
2024-12-23 21:00:00,3290.0,3294.0,3282.0,3285.0,187184.0,1678153.0,1695542.0
2024-12-23 22:00:00,3285.0,3288.0,3279.0,3283.0,123782.0,1695542.0,1697221.0
2024-12-24 09:00:00,3283.0,3290.0,3275.0,3287.0,229636.0,1697221.0,1703229.0
2024-12-24 10:00:00,3287.0,3302.0,3286.0,3296.0,220493.0,1703229.0,1694339.0
2024-12-24 11:00:00,3296.0,3298.0,3288.0,3289.0,66549.0,1694339.0,1689380.0
2024-12-24 13:00:00,3292.0,3301.0,3287.0,3299.0,140325.0,1689380.0,1694748.0
2024-12-24 14:00:00,3299.0,3316.0,3296.0,3314.0,338153.0,1694748.0,1664902.0
2024-12-24 21:00:00,3308.0,3313.0,3303.0,3305.0,193108.0,1664902.0,1677076.0
2024-12-24 22:00:00,3305.0,3315.0,3302.0,3307.0,165392.0,1677076.0,1655660.0
2024-12-25 09:00:00,3307.0,3309.0,3297.0,3304.0,182351.0,1655660.0,1666544.0
2024-12-25 10:00:00,3304.0,3309.0,3298.0,3300.0,90913.0,1666544.0,1668133.0
2024-12-25 11:00:00,3300.0,3308.0,3295.0,3306.0,91925.0,1668133.0,1664210.0
2024-12-25 13:00:00,3308.0,3310.0,3304.0,3305.0,76176.0,1664210.0,1661992.0
2024-12-25 14:00:00,3305.0,3307.0,3293.0,3300.0,209126.0,1661992.0,1660415.0
2024-12-25 21:00:00,3299.0,3303.0,3294.0,3298.0,219848.0,1660415.0,1683006.0
2024-12-25 22:00:00,3298.0,3300.0,3289.0,3293.0,119443.0,1683006.0,1682211.0
2024-12-26 09:00:00,3292.0,3325.0,3292.0,3320.0,452676.0,1682211.0,1626457.0
2024-12-26 10:00:00,3320.0,3329.0,3319.0,3324.0,165198.0,1626457.0,1616090.0
2024-12-26 11:00:00,3324.0,3329.0,3320.0,3321.0,82218.0,1616090.0,1615208.0
2024-12-26 13:00:00,3320.0,3320.0,3302.0,3306.0,212032.0,1615208.0,1597228.0
2024-12-26 14:00:00,3306.0,3312.0,3304.0,3305.0,173370.0,1597228.0,1578827.0
2024-12-26 21:00:00,3307.0,3310.0,3297.0,3301.0,189784.0,1578827.0,1590323.0
2024-12-26 22:00:00,3301.0,3309.0,3299.0,3305.0,110362.0,1590323.0,1588509.0
2024-12-27 09:00:00,3304.0,3306.0,3283.0,3285.0,357217.0,1588509.0,1612436.0
2024-12-27 10:00:00,3285.0,3289.0,3277.0,3280.0,200386.0,1612436.0,1636981.0
2024-12-27 11:00:00,3280.0,3287.0,3274.0,3275.0,157867.0,1636981.0,1656544.0
2024-12-27 13:00:00,3275.0,3276.0,3266.0,3269.0,166503.0,1656544.0,1689348.0
2024-12-27 14:00:00,3269.0,3275.0,3261.0,3268.0,285747.0,1689348.0,1679845.0
2024-12-27 21:00:00,3264.0,3285.0,3262.0,3284.0,278444.0,1679845.0,1690474.0
2024-12-27 22:00:00,3284.0,3288.0,3276.0,3282.0,215991.0,1690474.0,1665954.0
2024-12-30 09:00:00,3283.0,3306.0,3282.0,3303.0,475806.0,1665954.0,1619157.0
2024-12-30 10:00:00,3303.0,3314.0,3300.0,3309.0,181030.0,1619157.0,1604457.0
2024-12-30 11:00:00,3309.0,3310.0,3302.0,3303.0,83065.0,1604457.0,1600668.0
2024-12-30 13:00:00,3303.0,3315.0,3303.0,3315.0,132369.0,1600668.0,1618606.0
2024-12-30 14:00:00,3315.0,3320.0,3310.0,3317.0,265321.0,1618606.0,1607825.0
2024-12-30 21:00:00,3324.0,3327.0,3312.0,3318.0,197415.0,1607825.0,1613513.0
2024-12-30 22:00:00,3318.0,3325.0,3315.0,3317.0,169467.0,1613513.0,1608971.0
2024-12-31 09:00:00,3318.0,3320.0,3311.0,3311.0,158855.0,1608971.0,1609800.0
2024-12-31 10:00:00,3311.0,3314.0,3304.0,3307.0,157432.0,1609800.0,1600519.0
2024-12-31 11:00:00,3307.0,3311.0,3302.0,3306.0,96309.0,1600519.0,1596429.0
2024-12-31 13:00:00,3305.0,3310.0,3302.0,3307.0,76651.0,1596429.0,1599584.0
2024-12-31 14:00:00,3307.0,3318.0,3302.0,3309.0,259241.0,1599584.0,1561545.0
2025-01-02 09:00:00,3303.0,3322.0,3284.0,3315.0,492490.0,1561545.0,1568962.0
2025-01-02 10:00:00,3315.0,3335.0,3314.0,3331.0,274484.0,1568962.0,1582046.0
2025-01-02 11:00:00,3331.0,3333.0,3323.0,3324.0,94547.0,1582046.0,1581980.0
2025-01-02 13:00:00,3318.0,3321.0,3306.0,3312.0,247181.0,1581980.0,1550787.0
2025-01-02 14:00:00,3312.0,3313.0,3300.0,3306.0,265226.0,1550787.0,1551112.0
2025-01-02 21:00:00,3305.0,3309.0,3289.0,3289.0,297346.0,1551112.0,1572153.0
2025-01-02 22:00:00,3289.0,3294.0,3286.0,3290.0,151092.0,1572153.0,1566132.0
2025-01-03 09:00:00,3293.0,3297.0,3275.0,3281.0,355157.0,1566132.0,1604105.0
2025-01-03 10:00:00,3281.0,3291.0,3266.0,3267.0,237257.0,1604105.0,1631873.0
2025-01-03 11:00:00,3267.0,3274.0,3265.0,3269.0,125555.0,1631873.0,1652481.0
2025-01-03 13:00:00,3268.0,3272.0,3260.0,3266.0,131605.0,1652481.0,1678023.0
2025-01-03 14:00:00,3266.0,3281.0,3263.0,3272.0,261991.0,1678023.0,1675464.0
2025-01-03 21:00:00,3265.0,3273.0,3252.0,3270.0,431697.0,1675464.0,1707894.0
2025-01-03 22:00:00,3270.0,3287.0,3270.0,3279.0,278423.0,1707894.0,1675778.0
2025-01-06 09:00:00,3277.0,3285.0,3264.0,3265.0,282968.0,1675778.0,1692878.0
2025-01-06 10:00:00,3265.0,3277.0,3262.0,3268.0,147945.0,1692878.0,1699826.0
2025-01-06 11:00:00,3268.0,3270.0,3258.0,3260.0,118439.0,1699826.0,1719706.0
2025-01-06 13:00:00,3257.0,3261.0,3253.0,3261.0,132971.0,1719706.0,1732881.0
2025-01-06 14:00:00,3261.0,3264.0,3251.0,3252.0,222232.0,1732881.0,1746201.0
2025-01-06 21:00:00,3269.0,3278.0,3261.0,3266.0,216338.0,1746201.0,1724382.0
2025-01-06 22:00:00,3266.0,3266.0,3254.0,3260.0,148374.0,1724382.0,1721803.0
2025-01-07 09:00:00,3258.0,3259.0,3241.0,3245.0,263520.0,1721803.0,1756181.0
2025-01-07 10:00:00,3245.0,3249.0,3232.0,3235.0,198087.0,1756181.0,1790403.0
2025-01-07 11:00:00,3235.0,3241.0,3233.0,3239.0,77113.0,1790403.0,1792787.0
2025-01-07 13:00:00,3239.0,3256.0,3239.0,3244.0,188459.0,1792787.0,1767875.0
2025-01-07 14:00:00,3244.0,3246.0,3235.0,3239.0,220150.0,1767875.0,1772105.0
2025-01-07 21:00:00,3240.0,3249.0,3238.0,3247.0,143821.0,1772105.0,1777308.0
2025-01-07 22:00:00,3247.0,3250.0,3242.0,3244.0,87506.0,1777308.0,1766966.0
2025-01-08 09:00:00,3244.0,3246.0,3226.0,3229.0,238991.0,1766966.0,1777274.0
2025-01-08 10:00:00,3229.0,3231.0,3223.0,3224.0,133189.0,1777274.0,1792021.0
2025-01-08 11:00:00,3224.0,3224.0,3211.0,3212.0,165533.0,1792021.0,1820287.0
2025-01-08 13:00:00,3212.0,3229.0,3212.0,3224.0,143169.0,1820287.0,1817212.0
2025-01-08 14:00:00,3224.0,3230.0,3204.0,3211.0,360931.0,1817212.0,1842567.0
2025-01-08 21:00:00,3206.0,3213.0,3196.0,3204.0,284167.0,1842567.0,1843284.0
2025-01-08 22:00:00,3204.0,3212.0,3203.0,3206.0,142665.0,1843284.0,1841517.0
2025-01-09 09:00:00,3207.0,3208.0,3184.0,3186.0,283558.0,1841517.0,1856878.0
2025-01-09 10:00:00,3186.0,3201.0,3184.0,3195.0,191163.0,1856878.0,1862918.0
2025-01-09 11:00:00,3195.0,3206.0,3194.0,3197.0,141377.0,1862918.0,1858270.0
2025-01-09 13:00:00,3199.0,3200.0,3194.0,3196.0,75399.0,1858270.0,1860014.0
2025-01-09 14:00:00,3196.0,3218.0,3191.0,3205.0,385204.0,1860014.0,1842442.0
2025-01-09 21:00:00,3208.0,3208.0,3190.0,3190.0,258853.0,1842442.0,1877232.0
2025-01-09 22:00:00,3190.0,3200.0,3189.0,3196.0,137547.0,1877232.0,1882308.0
2025-01-10 09:00:00,3198.0,3216.0,3197.0,3210.0,274302.0,1882308.0,1866152.0
2025-01-10 10:00:00,3210.0,3212.0,3203.0,3207.0,115707.0,1866152.0,1857834.0
2025-01-10 11:00:00,3207.0,3211.0,3203.0,3205.0,60613.0,1857834.0,1853856.0
2025-01-10 13:00:00,3204.0,3210.0,3200.0,3208.0,104061.0,1853856.0,1851669.0
2025-01-10 14:00:00,3208.0,3212.0,3202.0,3202.0,156409.0,1851669.0,1839478.0
2025-01-10 21:00:00,3215.0,3228.0,3208.0,3218.0,310294.0,1839478.0,1849124.0
2025-01-10 22:00:00,3218.0,3244.0,3217.0,3239.0,488144.0,1849124.0,1809583.0
2025-01-13 09:00:00,3241.0,3254.0,3229.0,3251.0,392954.0,1809583.0,1794376.0
2025-01-13 10:00:00,3251.0,3255.0,3244.0,3249.0,145550.0,1794376.0,1784641.0
2025-01-13 11:00:00,3249.0,3252.0,3241.0,3243.0,78943.0,1784641.0,1777151.0
2025-01-13 13:00:00,3244.0,3248.0,3241.0,3247.0,69179.0,1777151.0,1774069.0
2025-01-13 14:00:00,3247.0,3250.0,3237.0,3249.0,162874.0,1774069.0,1762313.0
2025-01-13 21:00:00,3248.0,3249.0,3240.0,3244.0,147050.0,1762313.0,1766179.0
2025-01-13 22:00:00,3244.0,3249.0,3242.0,3244.0,63589.0,1766179.0,1761320.0
2025-01-14 09:00:00,3245.0,3268.0,3244.0,3266.0,296648.0,1761320.0,1762619.0
2025-01-14 10:00:00,3266.0,3269.0,3263.0,3269.0,130334.0,1762619.0,1763376.0
2025-01-14 11:00:00,3269.0,3277.0,3266.0,3269.0,167092.0,1763376.0,1763612.0
2025-01-14 13:00:00,3270.0,3290.0,3269.0,3288.0,239378.0,1763612.0,1773296.0
2025-01-14 14:00:00,3288.0,3293.0,3281.0,3283.0,267089.0,1773296.0,1742948.0
2025-01-14 21:00:00,3286.0,3286.0,3276.0,3281.0,191962.0,1742948.0,1740997.0
2025-01-14 22:00:00,3281.0,3283.0,3278.0,3280.0,64088.0,1740997.0,1735495.0
2025-01-15 09:00:00,3280.0,3288.0,3270.0,3284.0,259314.0,1735495.0,1735932.0
2025-01-15 10:00:00,3284.0,3300.0,3283.0,3298.0,223696.0,1735932.0,1751398.0
2025-01-15 11:00:00,3298.0,3303.0,3292.0,3293.0,161988.0,1751398.0,1749135.0
2025-01-15 13:00:00,3292.0,3295.0,3285.0,3292.0,124894.0,1749135.0,1737085.0
2025-01-15 14:00:00,3292.0,3296.0,3286.0,3290.0,142553.0,1737085.0,1717577.0
2025-01-15 21:00:00,3286.0,3308.0,3284.0,3307.0,272398.0,1717577.0,1734835.0
2025-01-15 22:00:00,3307.0,3313.0,3301.0,3305.0,172157.0,1734835.0,1726680.0
2025-01-16 09:00:00,3306.0,3310.0,3300.0,3302.0,177855.0,1726680.0,1725890.0
2025-01-16 10:00:00,3302.0,3302.0,3295.0,3298.0,142315.0,1725890.0,1717518.0
2025-01-16 11:00:00,3298.0,3308.0,3298.0,3301.0,87018.0,1717518.0,1711768.0
2025-01-16 13:00:00,3298.0,3310.0,3296.0,3308.0,125911.0,1711768.0,1719455.0
2025-01-16 14:00:00,3308.0,3332.0,3307.0,3327.0,485120.0,1719455.0,1755226.0
2025-01-16 21:00:00,3331.0,3333.0,3323.0,3326.0,187887.0,1755226.0,1757004.0
2025-01-16 22:00:00,3326.0,3329.0,3323.0,3325.0,95934.0,1757004.0,1741249.0
2025-01-17 09:00:00,3324.0,3339.0,3316.0,3333.0,280360.0,1741249.0,1736717.0
2025-01-17 10:00:00,3333.0,3342.0,3330.0,3341.0,135060.0,1736717.0,1741053.0
2025-01-17 11:00:00,3341.0,3360.0,3340.0,3358.0,335558.0,1741053.0,1801070.0
2025-01-17 13:00:00,3360.0,3368.0,3356.0,3359.0,232898.0,1801070.0,1808477.0
2025-01-17 14:00:00,3359.0,3378.0,3358.0,3372.0,321049.0,1808477.0,1809583.0
2025-01-17 21:00:00,3372.0,3375.0,3363.0,3364.0,263459.0,1809583.0,1824805.0
2025-01-17 22:00:00,3364.0,3391.0,3363.0,3390.0,294026.0,1824805.0,1817549.0
2025-01-20 09:00:00,3391.0,3391.0,3357.0,3361.0,479247.0,1817549.0,1799712.0
2025-01-20 10:00:00,3361.0,3362.0,3347.0,3350.0,231084.0,1799712.0,1788926.0
2025-01-20 11:00:00,3350.0,3353.0,3340.0,3353.0,143798.0,1788926.0,1781321.0
2025-01-20 13:00:00,3353.0,3359.0,3350.0,3358.0,104659.0,1781321.0,1779106.0
2025-01-20 14:00:00,3358.0,3359.0,3348.0,3354.0,170918.0,1779106.0,1761893.0
2025-01-20 21:00:00,3355.0,3385.0,3353.0,3374.0,377234.0,1761893.0,1779814.0
2025-01-20 22:00:00,3374.0,3375.0,3359.0,3364.0,201817.0,1779814.0,1755066.0
2025-01-21 09:00:00,3365.0,3378.0,3358.0,3367.0,225566.0,1755066.0,1759838.0
2025-01-21 10:00:00,3367.0,3372.0,3344.0,3357.0,259413.0,1759838.0,1761001.0
2025-01-21 11:00:00,3357.0,3365.0,3355.0,3361.0,88870.0,1761001.0,1760872.0
2025-01-21 13:00:00,3358.0,3365.0,3355.0,3361.0,84551.0,1760872.0,1764062.0
2025-01-21 14:00:00,3361.0,3365.0,3350.0,3354.0,173845.0,1764062.0,1749180.0
2025-01-21 21:00:00,3351.0,3354.0,3325.0,3331.0,419025.0,1749180.0,1731901.0
2025-01-21 22:00:00,3331.0,3333.0,3320.0,3323.0,180718.0,1731901.0,1720151.0
2025-01-22 09:00:00,3323.0,3332.0,3323.0,3329.0,162982.0,1720151.0,1721588.0
2025-01-22 10:00:00,3329.0,3336.0,3325.0,3331.0,102073.0,1721588.0,1716220.0
2025-01-22 11:00:00,3331.0,3338.0,3330.0,3330.0,71857.0,1716220.0,1713172.0
2025-01-22 13:00:00,3328.0,3339.0,3325.0,3339.0,85572.0,1713172.0,1709467.0
2025-01-22 14:00:00,3339.0,3350.0,3330.0,3337.0,204877.0,1709467.0,1693073.0
2025-01-22 21:00:00,3345.0,3369.0,3340.0,3365.0,383156.0,1693073.0,1709170.0
2025-01-22 22:00:00,3365.0,3370.0,3359.0,3362.0,176128.0,1709170.0,1718245.0
2025-01-23 09:00:00,3361.0,3375.0,3355.0,3357.0,221500.0,1718245.0,1716124.0
2025-01-23 10:00:00,3357.0,3358.0,3337.0,3343.0,267784.0,1716124.0,1716310.0
2025-01-23 11:00:00,3343.0,3354.0,3341.0,3353.0,70238.0,1716310.0,1714998.0
2025-01-23 13:00:00,3352.0,3354.0,3347.0,3348.0,57846.0,1714998.0,1718364.0
2025-01-23 14:00:00,3348.0,3355.0,3342.0,3352.0,160187.0,1718364.0,1704493.0
2025-01-23 21:00:00,3346.0,3355.0,3340.0,3349.0,216195.0,1704493.0,1696175.0
2025-01-23 22:00:00,3349.0,3350.0,3335.0,3340.0,140539.0,1696175.0,1682656.0
2025-01-24 09:00:00,3341.0,3346.0,3335.0,3344.0,126627.0,1682656.0,1676283.0
2025-01-24 10:00:00,3344.0,3350.0,3338.0,3339.0,96947.0,1676283.0,1665607.0
2025-01-24 11:00:00,3339.0,3340.0,3329.0,3331.0,127453.0,1665607.0,1659236.0
2025-01-24 13:00:00,3339.0,3348.0,3336.0,3346.0,99875.0,1659236.0,1657313.0
2025-01-24 14:00:00,3346.0,3383.0,3344.0,3377.0,504837.0,1657313.0,1683783.0
2025-01-24 21:00:00,3371.0,3373.0,3353.0,3364.0,215321.0,1683783.0,1676345.0
2025-01-24 22:00:00,3364.0,3373.0,3363.0,3370.0,98483.0,1676345.0,1674017.0
2025-01-27 09:00:00,3371.0,3388.0,3369.0,3378.0,208662.0,1674017.0,1680559.0
2025-01-27 10:00:00,3378.0,3383.0,3371.0,3372.0,65086.0,1680559.0,1672691.0
2025-01-27 11:00:00,3372.0,3378.0,3371.0,3373.0,47714.0,1672691.0,1670080.0
2025-01-27 13:00:00,3372.0,3373.0,3361.0,3367.0,73406.0,1670080.0,1660793.0
2025-01-27 14:00:00,3367.0,3382.0,3365.0,3382.0,130992.0,1660793.0,1627909.0
2025-02-05 09:00:00,3390.0,3398.0,3325.0,3326.0,570959.0,1627909.0,1706195.0
2025-02-05 10:00:00,3326.0,3331.0,3311.0,3319.0,254108.0,1706195.0,1712411.0
2025-02-05 11:00:00,3319.0,3331.0,3316.0,3329.0,86604.0,1712411.0,1703265.0
2025-02-05 13:00:00,3326.0,3329.0,3313.0,3313.0,74602.0,1703265.0,1708431.0
2025-02-05 14:00:00,3313.0,3322.0,3307.0,3320.0,182757.0,1708431.0,1711847.0
2025-02-05 21:00:00,3322.0,3340.0,3320.0,3326.0,250520.0,1711847.0,1718982.0
2025-02-05 22:00:00,3326.0,3335.0,3324.0,3330.0,106146.0,1718982.0,1710996.0
2025-02-06 09:00:00,3331.0,3333.0,3317.0,3329.0,176185.0,1710996.0,1738894.0
2025-02-06 10:00:00,3329.0,3353.0,3324.0,3349.0,258679.0,1738894.0,1741536.0
2025-02-06 11:00:00,3349.0,3352.0,3341.0,3341.0,88862.0,1741536.0,1738436.0
2025-02-06 13:00:00,3343.0,3349.0,3340.0,3349.0,67943.0,1738436.0,1748958.0
2025-02-06 14:00:00,3349.0,3362.0,3347.0,3357.0,249857.0,1748958.0,1773454.0
2025-02-06 21:00:00,3355.0,3371.0,3353.0,3369.0,220891.0,1773454.0,1803287.0
2025-02-06 22:00:00,3369.0,3370.0,3356.0,3357.0,101380.0,1803287.0,1791233.0
2025-02-07 09:00:00,3356.0,3356.0,3345.0,3352.0,181604.0,1791233.0,1795435.0
2025-02-07 10:00:00,3352.0,3375.0,3351.0,3367.0,238717.0,1795435.0,1814794.0
2025-02-07 11:00:00,3367.0,3375.0,3367.0,3369.0,113086.0,1814794.0,1827758.0
2025-02-07 13:00:00,3370.0,3377.0,3357.0,3358.0,175980.0,1827758.0,1828872.0
2025-02-07 14:00:00,3358.0,3360.0,3347.0,3352.0,222434.0,1828872.0,1828012.0
2025-02-07 21:00:00,3353.0,3374.0,3351.0,3368.0,253256.0,1828012.0,1861650.0
2025-02-07 22:00:00,3368.0,3372.0,3365.0,3366.0,95645.0,1861650.0,1848313.0
2025-02-10 09:00:00,3360.0,3370.0,3338.0,3344.0,494274.0,1848313.0,1863261.0
2025-02-10 10:00:00,3344.0,3347.0,3312.0,3319.0,477868.0,1863261.0,1874748.0
2025-02-10 11:00:00,3319.0,3326.0,3313.0,3318.0,153024.0,1874748.0,1882858.0
2025-02-10 13:00:00,3320.0,3323.0,3314.0,3316.0,97230.0,1882858.0,1897168.0
2025-02-10 14:00:00,3316.0,3337.0,3312.0,3331.0,280367.0,1897168.0,1856963.0
2025-02-10 21:00:00,3338.0,3339.0,3322.0,3327.0,289779.0,1856963.0,1843396.0
2025-02-10 22:00:00,3327.0,3328.0,3324.0,3326.0,66936.0,1843396.0,1836546.0
2025-02-11 09:00:00,3323.0,3324.0,3308.0,3322.0,338083.0,1836546.0,1853881.0
2025-02-11 10:00:00,3322.0,3329.0,3283.0,3285.0,505494.0,1853881.0,1893535.0
2025-02-11 11:00:00,3285.0,3291.0,3280.0,3290.0,197743.0,1893535.0,1915770.0
2025-02-11 13:00:00,3291.0,3293.0,3281.0,3284.0,109798.0,1915770.0,1939899.0
2025-02-11 14:00:00,3284.0,3284.0,3269.0,3275.0,295364.0,1939899.0,1947395.0
2025-02-11 21:00:00,3275.0,3279.0,3266.0,3271.0,237262.0,1947395.0,1940467.0
2025-02-11 22:00:00,3271.0,3277.0,3270.0,3276.0,102571.0,1940467.0,1933177.0
2025-02-12 09:00:00,3277.0,3288.0,3261.0,3287.0,340973.0,1933177.0,1936765.0
2025-02-12 10:00:00,3287.0,3297.0,3283.0,3289.0,249123.0,1936765.0,1916297.0
2025-02-12 11:00:00,3289.0,3293.0,3280.0,3281.0,80428.0,1916297.0,1909464.0
2025-02-12 13:00:00,3283.0,3290.0,3282.0,3289.0,71608.0,1909464.0,1905743.0
2025-02-12 14:00:00,3289.0,3296.0,3284.0,3292.0,192385.0,1905743.0,1895628.0
2025-02-12 21:00:00,3292.0,3299.0,3286.0,3287.0,174678.0,1895628.0,1897550.0
2025-02-12 22:00:00,3287.0,3293.0,3283.0,3286.0,109525.0,1897550.0,1890238.0
2025-02-13 09:00:00,3290.0,3295.0,3272.0,3276.0,247305.0,1890238.0,1901474.0
2025-02-13 10:00:00,3276.0,3285.0,3266.0,3282.0,196388.0,1901474.0,1907191.0
2025-02-13 11:00:00,3282.0,3288.0,3274.0,3278.0,114473.0,1907191.0,1899045.0
2025-02-13 13:00:00,3278.0,3284.0,3270.0,3272.0,116477.0,1899045.0,1901038.0
2025-02-13 14:00:00,3272.0,3277.0,3255.0,3265.0,339011.0,1901038.0,1889839.0
2025-02-13 21:00:00,3261.0,3268.0,3256.0,3257.0,189701.0,1889839.0,1897117.0
2025-02-13 22:00:00,3257.0,3260.0,3252.0,3258.0,110530.0,1897117.0,1895967.0
2025-02-14 09:00:00,3261.0,3284.0,3261.0,3283.0,265168.0,1895967.0,1893971.0
2025-02-14 10:00:00,3283.0,3285.0,3276.0,3279.0,107527.0,1893971.0,1893561.0
2025-02-14 11:00:00,3279.0,3288.0,3277.0,3277.0,87796.0,1893561.0,1883180.0
2025-02-14 13:00:00,3278.0,3280.0,3270.0,3274.0,95313.0,1883180.0,1888282.0
2025-02-14 14:00:00,3274.0,3277.0,3255.0,3262.0,268870.0,1888282.0,1885541.0
2025-02-14 21:00:00,3260.0,3263.0,3247.0,3257.0,285757.0,1885541.0,1920501.0
2025-02-14 22:00:00,3257.0,3267.0,3253.0,3258.0,127046.0,1920501.0,1903988.0
2025-02-17 09:00:00,3256.0,3276.0,3253.0,3269.0,287974.0,1903988.0,1910630.0
2025-02-17 10:00:00,3269.0,3274.0,3265.0,3270.0,103192.0,1910630.0,1920394.0
2025-02-17 11:00:00,3270.0,3279.0,3264.0,3274.0,101836.0,1920394.0,1915706.0
2025-02-17 13:00:00,3274.0,3274.0,3263.0,3274.0,84477.0,1915706.0,1922974.0
2025-02-17 14:00:00,3274.0,3301.0,3274.0,3290.0,409942.0,1922974.0,1902224.0
2025-02-17 21:00:00,3288.0,3298.0,3283.0,3293.0,205751.0,1902224.0,1904298.0
2025-02-17 22:00:00,3293.0,3296.0,3285.0,3286.0,92963.0,1904298.0,1892768.0
2025-02-18 09:00:00,3286.0,3286.0,3276.0,3281.0,175845.0,1892768.0,1887013.0
2025-02-18 10:00:00,3281.0,3292.0,3280.0,3288.0,101960.0,1887013.0,1891537.0
2025-02-18 11:00:00,3288.0,3305.0,3288.0,3303.0,171143.0,1891537.0,1891893.0
2025-02-18 13:00:00,3303.0,3320.0,3302.0,3314.0,338034.0,1891893.0,1903103.0
2025-02-18 14:00:00,3314.0,3317.0,3306.0,3313.0,230593.0,1903103.0,1880432.0
2025-02-18 21:00:00,3315.0,3320.0,3309.0,3310.0,163747.0,1880432.0,1879648.0
2025-02-18 22:00:00,3310.0,3315.0,3308.0,3312.0,76924.0,1879648.0,1870795.0
2025-02-19 09:00:00,3314.0,3329.0,3309.0,3326.0,242294.0,1870795.0,1879641.0
2025-02-19 10:00:00,3326.0,3328.0,3317.0,3324.0,126364.0,1879641.0,1871559.0
2025-02-19 11:00:00,3324.0,3327.0,3320.0,3320.0,56099.0,1871559.0,1873178.0
2025-02-19 13:00:00,3320.0,3322.0,3311.0,3312.0,102203.0,1873178.0,1870635.0
2025-02-19 14:00:00,3312.0,3324.0,3312.0,3315.0,143373.0,1870635.0,1860033.0
2025-02-19 21:00:00,3312.0,3326.0,3310.0,3325.0,169765.0,1860033.0,1872209.0
2025-02-19 22:00:00,3325.0,3326.0,3320.0,3323.0,81306.0,1872209.0,1856219.0
2025-02-20 09:00:00,3324.0,3326.0,3312.0,3317.0,192681.0,1856219.0,1858042.0
2025-02-20 10:00:00,3317.0,3319.0,3305.0,3309.0,178727.0,1858042.0,1864954.0
2025-02-20 11:00:00,3309.0,3321.0,3306.0,3319.0,124597.0,1864954.0,1865384.0
2025-02-20 13:00:00,3321.0,3344.0,3321.0,3344.0,313369.0,1865384.0,1875775.0
2025-02-20 14:00:00,3344.0,3364.0,3341.0,3358.0,512102.0,1875775.0,1924251.0
2025-02-20 21:00:00,3357.0,3373.0,3356.0,3369.0,323562.0,1924251.0,1934983.0
2025-02-20 22:00:00,3369.0,3377.0,3368.0,3370.0,180339.0,1934983.0,1947777.0
2025-02-21 09:00:00,3369.0,3376.0,3365.0,3368.0,209640.0,1947777.0,1956811.0
2025-02-21 10:00:00,3368.0,3371.0,3362.0,3369.0,106015.0,1956811.0,1953818.0
2025-02-21 11:00:00,3369.0,3373.0,3362.0,3366.0,107435.0,1953818.0,1948320.0
2025-02-21 13:00:00,3366.0,3367.0,3357.0,3361.0,130959.0,1948320.0,1947752.0
2025-02-21 14:00:00,3361.0,3364.0,3356.0,3361.0,179783.0,1947752.0,1937279.0
2025-02-21 21:00:00,3343.0,3355.0,3337.0,3348.0,357294.0,1937279.0,1951098.0
2025-02-21 22:00:00,3348.0,3348.0,3335.0,3339.0,189871.0,1951098.0,1929771.0
2025-02-24 09:00:00,3335.0,3345.0,3321.0,3337.0,375188.0,1929771.0,1903249.0
2025-02-24 10:00:00,3337.0,3344.0,3330.0,3337.0,122216.0,1903249.0,1899418.0
2025-02-24 11:00:00,3337.0,3339.0,3329.0,3334.0,99637.0,1899418.0,1894290.0
2025-02-24 13:00:00,3335.0,3336.0,3327.0,3333.0,76408.0,1894290.0,1897903.0
2025-02-24 14:00:00,3333.0,3341.0,3328.0,3340.0,150355.0,1897903.0,1892131.0
2025-02-24 21:00:00,3340.0,3343.0,3318.0,3321.0,305289.0,1892131.0,1912479.0
2025-02-24 22:00:00,3321.0,3324.0,3312.0,3313.0,171796.0,1912479.0,1903529.0
2025-02-25 09:00:00,3312.0,3314.0,3286.0,3291.0,479022.0,1903529.0,1915870.0
2025-02-25 10:00:00,3291.0,3301.0,3285.0,3294.0,213404.0,1915870.0,1921523.0
2025-02-25 11:00:00,3294.0,3299.0,3291.0,3293.0,64609.0,1921523.0,1919427.0
2025-02-25 13:00:00,3293.0,3293.0,3281.0,3282.0,150026.0,1919427.0,1934787.0
2025-02-25 14:00:00,3282.0,3285.0,3268.0,3273.0,399428.0,1934787.0,1927913.0
2025-02-25 21:00:00,3272.0,3280.0,3270.0,3280.0,235190.0,1927913.0,1925499.0
2025-02-25 22:00:00,3280.0,3285.0,3275.0,3279.0,137396.0,1925499.0,1915545.0
2025-02-26 09:00:00,3277.0,3288.0,3272.0,3280.0,222107.0,1915545.0,1928314.0
2025-02-26 10:00:00,3280.0,3316.0,3269.0,3315.0,515295.0,1928314.0,1931878.0
2025-02-26 11:00:00,3315.0,3342.0,3313.0,3326.0,766712.0,1931878.0,1907879.0
2025-02-26 13:00:00,3329.0,3346.0,3328.0,3341.0,432460.0,1907879.0,1941249.0
2025-02-26 14:00:00,3341.0,3343.0,3334.0,3339.0,357214.0,1941249.0,1936010.0
2025-02-26 21:00:00,3342.0,3352.0,3337.0,3340.0,393901.0,1936010.0,1955142.0
2025-02-26 22:00:00,3340.0,3346.0,3335.0,3344.0,181374.0,1955142.0,1946288.0
2025-02-27 09:00:00,3344.0,3346.0,3327.0,3332.0,287021.0,1946288.0,1949355.0
2025-02-27 10:00:00,3332.0,3333.0,3310.0,3317.0,366789.0,1949355.0,1934376.0
2025-02-27 11:00:00,3317.0,3317.0,3295.0,3312.0,402078.0,1934376.0,1901730.0
2025-02-27 13:00:00,3311.0,3325.0,3299.0,3323.0,298611.0,1901730.0,1922047.0
2025-02-27 14:00:00,3323.0,3339.0,3318.0,3329.0,414475.0,1922047.0,1908752.0
2025-02-27 21:00:00,3331.0,3337.0,3326.0,3328.0,271794.0,1908752.0,1925883.0
2025-02-27 22:00:00,3328.0,3330.0,3317.0,3322.0,180490.0,1925883.0,1897480.0
2025-02-28 09:00:00,3318.0,3322.0,3308.0,3308.0,244138.0,1897480.0,1898120.0
2025-02-28 10:00:00,3308.0,3316.0,3306.0,3308.0,140112.0,1898120.0,1905526.0
2025-02-28 11:00:00,3308.0,3314.0,3304.0,3308.0,141753.0,1905526.0,1912426.0
2025-02-28 13:00:00,3305.0,3327.0,3301.0,3323.0,297811.0,1912426.0,1918972.0
2025-02-28 14:00:00,3323.0,3328.0,3307.0,3328.0,312595.0,1918972.0,1891741.0
2025-02-28 21:00:00,3320.0,3334.0,3316.0,3317.0,336973.0,1891741.0,1875077.0
2025-02-28 22:00:00,3317.0,3325.0,3312.0,3318.0,189297.0,1875077.0,1859611.0
2025-03-03 09:00:00,3318.0,3338.0,3315.0,3333.0,376470.0,1859611.0,1853883.0
2025-03-03 10:00:00,3333.0,3340.0,3324.0,3326.0,186346.0,1853883.0,1848892.0
2025-03-03 11:00:00,3326.0,3328.0,3315.0,3322.0,180493.0,1848892.0,1857592.0
2025-03-03 13:00:00,3327.0,3336.0,3310.0,3315.0,279375.0,1857592.0,1892772.0
2025-03-03 14:00:00,3315.0,3317.0,3292.0,3296.0,489506.0,1892772.0,1904595.0
2025-03-03 21:00:00,3296.0,3309.0,3296.0,3307.0,250119.0,1904595.0,1899796.0
2025-03-03 22:00:00,3307.0,3309.0,3298.0,3301.0,114814.0,1899796.0,1897529.0
2025-03-04 09:00:00,3300.0,3300.0,3260.0,3270.0,706618.0,1897529.0,1972294.0
2025-03-04 10:00:00,3270.0,3281.0,3263.0,3273.0,202518.0,1972294.0,1988082.0
2025-03-04 11:00:00,3273.0,3285.0,3271.0,3272.0,130904.0,1988082.0,1989168.0
2025-03-04 13:00:00,3272.0,3282.0,3271.0,3280.0,119546.0,1989168.0,1989388.0
2025-03-04 14:00:00,3280.0,3291.0,3276.0,3282.0,281174.0,1989388.0,1966385.0
2025-03-04 21:00:00,3279.0,3288.0,3272.0,3279.0,276782.0,1966385.0,1982649.0
2025-03-04 22:00:00,3279.0,3284.0,3267.0,3269.0,157385.0,1982649.0,1975079.0
2025-03-05 09:00:00,3268.0,3275.0,3253.0,3254.0,394447.0,1975079.0,2040148.0
2025-03-05 10:00:00,3254.0,3282.0,3252.0,3258.0,402582.0,2040148.0,2034932.0
2025-03-05 11:00:00,3258.0,3272.0,3255.0,3271.0,166928.0,2034932.0,2035071.0
2025-03-05 13:00:00,3272.0,3274.0,3261.0,3269.0,105022.0,2035071.0,2039344.0
2025-03-05 14:00:00,3269.0,3275.0,3257.0,3259.0,285864.0,2039344.0,2047118.0
2025-03-05 21:00:00,3260.0,3267.0,3254.0,3261.0,250069.0,2047118.0,2054929.0
2025-03-05 22:00:00,3261.0,3265.0,3258.0,3262.0,103712.0,2054929.0,2045926.0
2025-03-06 09:00:00,3264.0,3288.0,3264.0,3287.0,391663.0,2045926.0,2039127.0
2025-03-06 10:00:00,3287.0,3289.0,3271.0,3276.0,193931.0,2039127.0,2033965.0
2025-03-06 11:00:00,3276.0,3288.0,3274.0,3286.0,138447.0,2033965.0,2045488.0
2025-03-06 13:00:00,3287.0,3299.0,3260.0,3263.0,492257.0,2045488.0,2056544.0
2025-03-06 14:00:00,3263.0,3287.0,3261.0,3282.0,421206.0,2056544.0,2039890.0
2025-03-06 21:00:00,3280.0,3285.0,3270.0,3271.0,239150.0,2039890.0,2062072.0
2025-03-06 22:00:00,3271.0,3283.0,3270.0,3275.0,190479.0,2062072.0,2047876.0
2025-03-07 09:00:00,3275.0,3276.0,3245.0,3258.0,649089.0,2047876.0,2149013.0
2025-03-07 10:00:00,3258.0,3279.0,3256.0,3270.0,320421.0,2149013.0,2087348.0
2025-03-07 11:00:00,3270.0,3276.0,3268.0,3270.0,104109.0,2087348.0,2080006.0
2025-03-07 13:00:00,3271.0,3272.0,3262.0,3267.0,97421.0,2080006.0,2076516.0
2025-03-07 14:00:00,3267.0,3268.0,3251.0,3252.0,386395.0,2076516.0,2118487.0
2025-03-07 21:00:00,3242.0,3249.0,3228.0,3237.0,500647.0,2118487.0,2167858.0
2025-03-07 22:00:00,3237.0,3248.0,3237.0,3247.0,183174.0,2167858.0,2142395.0
2025-03-10 09:00:00,3246.0,3266.0,3241.0,3242.0,483084.0,2142395.0,2144039.0
2025-03-10 10:00:00,3242.0,3245.0,3224.0,3227.0,314116.0,2144039.0,2186351.0
2025-03-10 11:00:00,3227.0,3231.0,3220.0,3224.0,153244.0,2186351.0,2194625.0
2025-03-10 13:00:00,3223.0,3227.0,3215.0,3218.0,175831.0,2194625.0,2221732.0
2025-03-10 14:00:00,3218.0,3227.0,3215.0,3220.0,199254.0,2221732.0,2216822.0
2025-03-10 21:00:00,3221.0,3225.0,3209.0,3211.0,253275.0,2216822.0,2226223.0
2025-03-10 22:00:00,3211.0,3214.0,3197.0,3203.0,277462.0,2226223.0,2234378.0
2025-03-11 09:00:00,3200.0,3209.0,3186.0,3207.0,431900.0,2234378.0,2240043.0
2025-03-11 10:00:00,3207.0,3216.0,3203.0,3206.0,242734.0,2240043.0,2237381.0
2025-03-11 11:00:00,3206.0,3214.0,3205.0,3206.0,104802.0,2237381.0,2228807.0
2025-03-11 13:00:00,3207.0,3216.0,3206.0,3214.0,123348.0,2228807.0,2224488.0
2025-03-11 14:00:00,3214.0,3220.0,3208.0,3209.0,212857.0,2224488.0,2206072.0
2025-03-11 21:00:00,3216.0,3230.0,3211.0,3223.0,333458.0,2206072.0,2215666.0
2025-03-11 22:00:00,3223.0,3225.0,3214.0,3218.0,150640.0,2215666.0,2211567.0
2025-03-12 09:00:00,3217.0,3219.0,3208.0,3210.0,202579.0,2211567.0,2223220.0
2025-03-12 10:00:00,3210.0,3214.0,3202.0,3212.0,174839.0,2223220.0,2235067.0
2025-03-12 11:00:00,3212.0,3220.0,3206.0,3218.0,139127.0,2235067.0,2229476.0
2025-03-12 13:00:00,3221.0,3226.0,3216.0,3222.0,176815.0,2229476.0,2225638.0
2025-03-12 14:00:00,3222.0,3228.0,3209.0,3226.0,406976.0,2225638.0,2200520.0
2025-03-12 21:00:00,3231.0,3244.0,3230.0,3238.0,387668.0,2200520.0,2180841.0
2025-03-12 22:00:00,3238.0,3239.0,3232.0,3236.0,135857.0,2180841.0,2153216.0
2025-03-13 09:00:00,3237.0,3242.0,3228.0,3239.0,258333.0,2153216.0,2143683.0
2025-03-13 10:00:00,3239.0,3255.0,3238.0,3255.0,355269.0,2143683.0,2115291.0
2025-03-13 11:00:00,3255.0,3257.0,3238.0,3240.0,191010.0,2115291.0,2091666.0
2025-03-13 13:00:00,3240.0,3244.0,3231.0,3241.0,241717.0,2091666.0,2076891.0
2025-03-13 14:00:00,3241.0,3258.0,3237.0,3256.0,358755.0,2076891.0,2056013.0
2025-03-13 21:00:00,3258.0,3260.0,3248.0,3251.0,198903.0,2056013.0,2051926.0
2025-03-13 22:00:00,3251.0,3251.0,3241.0,3247.0,174199.0,2051926.0,2044465.0
2025-03-14 09:00:00,3250.0,3265.0,3245.0,3262.0,262925.0,2044465.0,2029524.0
2025-03-14 10:00:00,3262.0,3263.0,3253.0,3258.0,127807.0,2029524.0,2018155.0
2025-03-14 11:00:00,3258.0,3265.0,3256.0,3260.0,127993.0,2018155.0,2017944.0
2025-03-14 13:00:00,3259.0,3268.0,3256.0,3265.0,125563.0,2017944.0,2005559.0
2025-03-14 14:00:00,3265.0,3274.0,3259.0,3267.0,257116.0,2005559.0,1963117.0
2025-03-14 21:00:00,3268.0,3272.0,3246.0,3247.0,353322.0,1963117.0,1981904.0
2025-03-14 22:00:00,3247.0,3250.0,3240.0,3246.0,192411.0,1981904.0,1984271.0
2025-03-17 09:00:00,3241.0,3250.0,3224.0,3225.0,438260.0,1984271.0,2015076.0
2025-03-17 10:00:00,3225.0,3226.0,3216.0,3223.0,235424.0,2015076.0,2041501.0
2025-03-17 11:00:00,3223.0,3225.0,3218.0,3220.0,65226.0,2041501.0,2041183.0
2025-03-17 13:00:00,3219.0,3219.0,3211.0,3213.0,125096.0,2041183.0,2056487.0
2025-03-17 14:00:00,3213.0,3220.0,3210.0,3217.0,198373.0,2056487.0,2048429.0
2025-03-17 21:00:00,3217.0,3217.0,3202.0,3209.0,239679.0,2048429.0,2080938.0
2025-03-17 22:00:00,3209.0,3210.0,3198.0,3207.0,169717.0,2080938.0,2087937.0
2025-03-18 09:00:00,3207.0,3214.0,3192.0,3198.0,374133.0,2087937.0,2130815.0
2025-03-18 10:00:00,3198.0,3212.0,3196.0,3203.0,163346.0,2130815.0,2125446.0
2025-03-18 11:00:00,3203.0,3204.0,3193.0,3196.0,113886.0,2125446.0,2145763.0
2025-03-18 13:00:00,3196.0,3198.0,3191.0,3194.0,123575.0,2145763.0,2162490.0
2025-03-18 14:00:00,3194.0,3202.0,3186.0,3191.0,314454.0,2162490.0,2164560.0
2025-03-18 21:00:00,3195.0,3197.0,3168.0,3170.0,496173.0,2164560.0,2207187.0
2025-03-18 22:00:00,3170.0,3174.0,3168.0,3170.0,118686.0,2207187.0,2202875.0
2025-03-19 09:00:00,3169.0,3171.0,3155.0,3164.0,335219.0,2202875.0,2193834.0
2025-03-19 10:00:00,3164.0,3174.0,3162.0,3171.0,147711.0,2193834.0,2188091.0
2025-03-19 11:00:00,3171.0,3175.0,3165.0,3168.0,106899.0,2188091.0,2178685.0
2025-03-19 13:00:00,3169.0,3173.0,3161.0,3173.0,111874.0,2178685.0,2181424.0
2025-03-19 14:00:00,3173.0,3174.0,3156.0,3162.0,262743.0,2181424.0,2173949.0
2025-03-19 21:00:00,3161.0,3166.0,3155.0,3159.0,234932.0,2173949.0,2198933.0
2025-03-19 22:00:00,3159.0,3160.0,3152.0,3156.0,129556.0,2198933.0,2195348.0
2025-03-20 09:00:00,3157.0,3161.0,3134.0,3134.0,395801.0,2195348.0,2212205.0
2025-03-20 10:00:00,3134.0,3153.0,3134.0,3149.0,221796.0,2212205.0,2200502.0
2025-03-20 11:00:00,3149.0,3176.0,3148.0,3167.0,328857.0,2200502.0,2184983.0
2025-03-20 13:00:00,3167.0,3175.0,3159.0,3168.0,182934.0,2184983.0,2174812.0
2025-03-20 14:00:00,3168.0,3176.0,3162.0,3176.0,233295.0,2174812.0,2137880.0
2025-03-20 21:00:00,3172.0,3178.0,3162.0,3166.0,264070.0,2137880.0,2137247.0
2025-03-20 22:00:00,3166.0,3171.0,3156.0,3167.0,203523.0,2137247.0,2121887.0
2025-03-21 09:00:00,3168.0,3175.0,3164.0,3166.0,223225.0,2121887.0,2106974.0
2025-03-21 10:00:00,3166.0,3177.0,3165.0,3165.0,143560.0,2106974.0,2097796.0
2025-03-21 11:00:00,3165.0,3165.0,3151.0,3161.0,203641.0,2097796.0,2097595.0
2025-03-21 13:00:00,3160.0,3169.0,3157.0,3167.0,112354.0,2097595.0,2086500.0
2025-03-21 14:00:00,3167.0,3169.0,3154.0,3156.0,205508.0,2086500.0,2077123.0
2025-03-21 21:00:00,3158.0,3161.0,3145.0,3146.0,255173.0,2077123.0,2095721.0
2025-03-21 22:00:00,3146.0,3175.0,3136.0,3172.0,477461.0,2095721.0,2070770.0
2025-03-24 09:00:00,3175.0,3194.0,3175.0,3187.0,443383.0,2070770.0,2025346.0
2025-03-24 10:00:00,3187.0,3201.0,3185.0,3200.0,247165.0,2025346.0,2007396.0
2025-03-24 11:00:00,3200.0,3207.0,3197.0,3198.0,177070.0,2007396.0,1981378.0
2025-03-24 13:00:00,3198.0,3205.0,3197.0,3204.0,102902.0,1981378.0,1969065.0
2025-03-24 14:00:00,3204.0,3210.0,3198.0,3204.0,191638.0,1969065.0,1930428.0
2025-03-24 21:00:00,3202.0,3210.0,3201.0,3207.0,199134.0,1930428.0,1924362.0
2025-03-24 22:00:00,3207.0,3208.0,3200.0,3206.0,130908.0,1924362.0,1904015.0
2025-03-25 09:00:00,3207.0,3208.0,3201.0,3201.0,172204.0,1904015.0,1889516.0
2025-03-25 10:00:00,3201.0,3202.0,3185.0,3187.0,292239.0,1889516.0,1867027.0
2025-03-25 11:00:00,3187.0,3220.0,3186.0,3214.0,367868.0,1867027.0,1851884.0
2025-03-25 13:00:00,3216.0,3224.0,3212.0,3218.0,255617.0,1851884.0,1835355.0
2025-03-25 14:00:00,3218.0,3225.0,3216.0,3220.0,258484.0,1835355.0,1794958.0
2025-03-25 21:00:00,3220.0,3224.0,3215.0,3216.0,174397.0,1794958.0,1789630.0
2025-03-25 22:00:00,3216.0,3220.0,3214.0,3219.0,121924.0,1789630.0,1779138.0
2025-03-26 09:00:00,3220.0,3229.0,3214.0,3216.0,244648.0,1779138.0,1773944.0
2025-03-26 10:00:00,3216.0,3218.0,3207.0,3217.0,181920.0,1773944.0,1757587.0
2025-03-26 11:00:00,3217.0,3218.0,3207.0,3207.0,88041.0,1757587.0,1742718.0
2025-03-26 13:00:00,3207.0,3215.0,3202.0,3215.0,153745.0,1742718.0,1735311.0
2025-03-26 14:00:00,3215.0,3218.0,3206.0,3209.0,198405.0,1735311.0,1712086.0
2025-03-26 21:00:00,3206.0,3212.0,3204.0,3211.0,164562.0,1712086.0,1715707.0
2025-03-26 22:00:00,3211.0,3223.0,3210.0,3217.0,195411.0,1715707.0,1700910.0
2025-03-27 09:00:00,3216.0,3219.0,3206.0,3216.0,268744.0,1700910.0,1663129.0
2025-03-27 10:00:00,3216.0,3218.0,3212.0,3214.0,91685.0,1663129.0,1653818.0
2025-03-27 11:00:00,3214.0,3216.0,3196.0,3198.0,177790.0,1653818.0,1651758.0
2025-03-27 13:00:00,3196.0,3200.0,3188.0,3190.0,256028.0,1651758.0,1654010.0
2025-03-27 14:00:00,3190.0,3214.0,3190.0,3208.0,323536.0,1654010.0,1607725.0
2025-03-27 21:00:00,3209.0,3210.0,3185.0,3189.0,347180.0,1607725.0,1642262.0
2025-03-27 22:00:00,3189.0,3194.0,3183.0,3189.0,156463.0,1642262.0,1624957.0
2025-03-28 09:00:00,3189.0,3200.0,3184.0,3187.0,248998.0,1624957.0,1599630.0
2025-03-28 10:00:00,3187.0,3196.0,3181.0,3185.0,187998.0,1599630.0,1590655.0
2025-03-28 11:00:00,3185.0,3190.0,3183.0,3187.0,75347.0,1590655.0,1589943.0
2025-03-28 13:00:00,3185.0,3198.0,3184.0,3196.0,133018.0,1589943.0,1578629.0
2025-03-28 14:00:00,3196.0,3205.0,3191.0,3197.0,268167.0,1578629.0,1553390.0
2025-03-28 21:00:00,3199.0,3201.0,3184.0,3187.0,221695.0,1553390.0,1536430.0
2025-03-28 22:00:00,3187.0,3188.0,3171.0,3177.0,271709.0,1536430.0,1521332.0
2025-03-31 09:00:00,3175.0,3182.0,3166.0,3170.0,283642.0,1521332.0,1494144.0
2025-03-31 10:00:00,3170.0,3175.0,3162.0,3165.0,117132.0,1494144.0,1486316.0
2025-03-31 11:00:00,3165.0,3169.0,3161.0,3161.0,66387.0,1486316.0,1480148.0
2025-03-31 13:00:00,3161.0,3166.0,3159.0,3164.0,84365.0,1480148.0,1464916.0
2025-03-31 14:00:00,3164.0,3169.0,3153.0,3159.0,241555.0,1464916.0,1403648.0
2025-03-31 21:00:00,3159.0,3164.0,3137.0,3148.0,300225.0,1403648.0,1386284.0
2025-03-31 22:00:00,3148.0,3153.0,3144.0,3146.0,99289.0,1386284.0,1369925.0
2025-04-01 09:00:00,3146.0,3148.0,3131.0,3144.0,211686.0,1369925.0,1365137.0
2025-04-01 10:00:00,3144.0,3174.0,3142.0,3166.0,276891.0,1365137.0,1326534.0
2025-04-01 11:00:00,3166.0,3172.0,3163.0,3164.0,75607.0,1326534.0,1314817.0
2025-04-01 13:00:00,3164.0,3169.0,3158.0,3165.0,77015.0,1314817.0,1312156.0
2025-04-01 14:00:00,3165.0,3188.0,3164.0,3170.0,277263.0,1312156.0,1272676.0
2025-04-01 21:00:00,3170.0,3176.0,3166.0,3171.0,138754.0,1272676.0,1259687.0
2025-04-01 22:00:00,3171.0,3175.0,3168.0,3174.0,53988.0,1259687.0,1254269.0
2025-04-02 09:00:00,3173.0,3178.0,3167.0,3168.0,113348.0,1254269.0,1248817.0
2025-04-02 10:00:00,3168.0,3181.0,3165.0,3177.0,111070.0,1248817.0,1234095.0
2025-04-02 11:00:00,3177.0,3179.0,3173.0,3174.0,33943.0,1234095.0,1229613.0
2025-04-02 13:00:00,3171.0,3180.0,3171.0,3174.0,47149.0,1229613.0,1228041.0
2025-04-02 14:00:00,3174.0,3175.0,3151.0,3166.0,225778.0,1228041.0,1210865.0
2025-04-02 21:00:00,3172.0,3175.0,3165.0,3173.0,155134.0,1210865.0,1205950.0
2025-04-02 22:00:00,3173.0,3174.0,3163.0,3164.0,58650.0,1205950.0,1195790.0
2025-04-03 09:00:00,3154.0,3190.0,3141.0,3177.0,393920.0,1195790.0,1167017.0
2025-04-03 10:00:00,3177.0,3178.0,3161.0,3162.0,128470.0,1167017.0,1156874.0
2025-04-03 11:00:00,3162.0,3163.0,3154.0,3159.0,77951.0,1156874.0,1150590.0
2025-04-03 13:00:00,3160.0,3164.0,3157.0,3162.0,54591.0,1150590.0,1147420.0
2025-04-03 14:00:00,3162.0,3165.0,3157.0,3164.0,106480.0,1147420.0,1118015.0
2025-04-07 09:00:00,3070.0,3088.0,3041.0,3078.0,580127.0,1118015.0,1022802.0
2025-04-07 10:00:00,3078.0,3108.0,3076.0,3093.0,166617.0,1022802.0,1001377.0
2025-04-07 11:00:00,3093.0,3097.0,3089.0,3094.0,40448.0,1001377.0,994287.0
2025-04-07 13:00:00,3094.0,3094.0,3076.0,3081.0,74375.0,994287.0,982400.0
2025-04-07 14:00:00,3081.0,3095.0,3069.0,3083.0,180825.0,982400.0,939691.0
2025-04-07 21:00:00,3150.0,3163.0,3147.0,3158.0,259528.0,939691.0,1462153.0
2025-04-07 22:00:00,3158.0,3171.0,3157.0,3165.0,177509.0,1462153.0,1458404.0
2025-04-08 09:00:00,3162.0,3164.0,3132.0,3138.0,409046.0,1458404.0,1535404.0
2025-04-08 10:00:00,3138.0,3139.0,3122.0,3123.0,184108.0,1535404.0,1576563.0
2025-04-08 11:00:00,3123.0,3131.0,3117.0,3123.0,148403.0,1576563.0,1593014.0
2025-04-08 13:00:00,3120.0,3125.0,3110.0,3117.0,183376.0,1593014.0,1622132.0
2025-04-08 14:00:00,3117.0,3118.0,3093.0,3101.0,428953.0,1622132.0,1640009.0
2025-04-08 21:00:00,3103.0,3115.0,3093.0,3103.0,291457.0,1640009.0,1673508.0
2025-04-08 22:00:00,3103.0,3108.0,3095.0,3096.0,129920.0,1673508.0,1668464.0
2025-04-09 09:00:00,3085.0,3085.0,3033.0,3063.0,822232.0,1668464.0,1687501.0
2025-04-09 10:00:00,3063.0,3082.0,3054.0,3081.0,279023.0,1687501.0,1684051.0
2025-04-09 11:00:00,3081.0,3091.0,3072.0,3089.0,201891.0,1684051.0,1684442.0
2025-04-09 13:00:00,3087.0,3094.0,3081.0,3091.0,156732.0,1684442.0,1691939.0
2025-04-09 14:00:00,3091.0,3107.0,3085.0,3088.0,353539.0,1691939.0,1687170.0
2025-04-09 21:00:00,3074.0,3101.0,3066.0,3093.0,366951.0,1687170.0,1712644.0
2025-04-09 22:00:00,3093.0,3106.0,3090.0,3094.0,199214.0,1712644.0,1709757.0
2025-04-10 09:00:00,3130.0,3148.0,3116.0,3139.0,564239.0,1709757.0,1709563.0
2025-04-10 10:00:00,3139.0,3155.0,3135.0,3141.0,298129.0,1709563.0,1707026.0
2025-04-10 11:00:00,3141.0,3148.0,3130.0,3133.0,143368.0,1707026.0,1700669.0
2025-04-10 13:00:00,3140.0,3144.0,3131.0,3140.0,146837.0,1700669.0,1705234.0
2025-04-10 14:00:00,3140.0,3150.0,3137.0,3139.0,210818.0,1705234.0,1686421.0
2025-04-10 21:00:00,3145.0,3146.0,3125.0,3130.0,244429.0,1686421.0,1689395.0
2025-04-10 22:00:00,3130.0,3141.0,3129.0,3136.0,140102.0,1689395.0,1676266.0
2025-04-11 09:00:00,3133.0,3133.0,3118.0,3124.0,260272.0,1676266.0,1688620.0
2025-04-11 10:00:00,3124.0,3124.0,3104.0,3114.0,251393.0,1688620.0,1693353.0
2025-04-11 11:00:00,3114.0,3120.0,3107.0,3117.0,114983.0,1693353.0,1688074.0
2025-04-11 13:00:00,3123.0,3140.0,3119.0,3134.0,280796.0,1688074.0,1676204.0
2025-04-11 14:00:00,3134.0,3138.0,3126.0,3131.0,213516.0,1676204.0,1665377.0
2025-04-11 21:00:00,3131.0,3133.0,3120.0,3126.0,171731.0,1665377.0,1672820.0
2025-04-11 22:00:00,3126.0,3137.0,3124.0,3126.0,142328.0,1672820.0,1658354.0
2025-04-14 09:00:00,3136.0,3145.0,3134.0,3136.0,271855.0,1658354.0,1674000.0
2025-04-14 10:00:00,3136.0,3138.0,3118.0,3128.0,179168.0,1674000.0,1701321.0
2025-04-14 11:00:00,3128.0,3131.0,3124.0,3127.0,74310.0,1701321.0,1707027.0
2025-04-14 13:00:00,3126.0,3135.0,3125.0,3132.0,91477.0,1707027.0,1717335.0
2025-04-14 14:00:00,3132.0,3137.0,3125.0,3126.0,135964.0,1717335.0,1705840.0
2025-04-14 21:00:00,3129.0,3134.0,3125.0,3133.0,139393.0,1705840.0,1712654.0
2025-04-14 22:00:00,3133.0,3139.0,3132.0,3138.0,137112.0,1712654.0,1696855.0
2025-04-15 09:00:00,3136.0,3140.0,3119.0,3121.0,230548.0,1696855.0,1712745.0
2025-04-15 10:00:00,3121.0,3127.0,3116.0,3120.0,145529.0,1712745.0,1720994.0
2025-04-15 11:00:00,3120.0,3126.0,3118.0,3125.0,56193.0,1720994.0,1724756.0
2025-04-15 13:00:00,3125.0,3133.0,3112.0,3133.0,165481.0,1724756.0,1729930.0
2025-04-15 14:00:00,3133.0,3134.0,3122.0,3125.0,254736.0,1729930.0,1708811.0
2025-04-15 21:00:00,3122.0,3133.0,3118.0,3126.0,174822.0,1708811.0,1715596.0
2025-04-15 22:00:00,3126.0,3130.0,3122.0,3123.0,89470.0,1715596.0,1714839.0
2025-04-16 09:00:00,3121.0,3124.0,3106.0,3108.0,249503.0,1714839.0,1756171.0
2025-04-16 10:00:00,3108.0,3110.0,3092.0,3097.0,295958.0,1756171.0,1815188.0
2025-04-16 11:00:00,3097.0,3099.0,3088.0,3090.0,103367.0,1815188.0,1828763.0
2025-04-16 13:00:00,3091.0,3099.0,3090.0,3092.0,116036.0,1828763.0,1837124.0
2025-04-16 14:00:00,3092.0,3096.0,3088.0,3093.0,173838.0,1837124.0,1838220.0
2025-04-16 21:00:00,3095.0,3106.0,3086.0,3100.0,314940.0,1838220.0,1848447.0
2025-04-16 22:00:00,3100.0,3108.0,3095.0,3096.0,141003.0,1848447.0,1835247.0
2025-04-17 09:00:00,3095.0,3106.0,3091.0,3105.0,188430.0,1835247.0,1849379.0
2025-04-17 10:00:00,3105.0,3112.0,3095.0,3107.0,191332.0,1849379.0,1865246.0
2025-04-17 11:00:00,3107.0,3115.0,3103.0,3114.0,121919.0,1865246.0,1865013.0
2025-04-17 13:00:00,3114.0,3118.0,3109.0,3110.0,155627.0,1865013.0,1865799.0
2025-04-17 14:00:00,3110.0,3111.0,3091.0,3092.0,301219.0,1865799.0,1859673.0
2025-04-17 21:00:00,3092.0,3100.0,3090.0,3094.0,208451.0,1859673.0,1875976.0
2025-04-17 22:00:00,3094.0,3097.0,3088.0,3089.0,143765.0,1875976.0,1875643.0
2025-04-18 09:00:00,3089.0,3099.0,3082.0,3095.0,298788.0,1875643.0,1896113.0
2025-04-18 10:00:00,3095.0,3098.0,3085.0,3091.0,142734.0,1896113.0,1894516.0
2025-04-18 11:00:00,3091.0,3092.0,3082.0,3083.0,78517.0,1894516.0,1893066.0
2025-04-18 13:00:00,3083.0,3089.0,3078.0,3085.0,152893.0,1893066.0,1910415.0
2025-04-18 14:00:00,3085.0,3095.0,3073.0,3076.0,307374.0,1910415.0,1926742.0
2025-04-18 21:00:00,3079.0,3082.0,3070.0,3081.0,205688.0,1926742.0,1936208.0
2025-04-18 22:00:00,3081.0,3090.0,3079.0,3087.0,167122.0,1936208.0,1917818.0
2025-04-21 09:00:00,3090.0,3110.0,3090.0,3107.0,422006.0,1917818.0,1935911.0
2025-04-21 10:00:00,3107.0,3109.0,3101.0,3105.0,114046.0,1935911.0,1940794.0
2025-04-21 11:00:00,3105.0,3112.0,3103.0,3111.0,74945.0,1940794.0,1943632.0
2025-04-21 13:00:00,3111.0,3117.0,3110.0,3116.0,114447.0,1943632.0,1953311.0
2025-04-21 14:00:00,3116.0,3119.0,3109.0,3113.0,179368.0,1953311.0,1953540.0
2025-04-21 21:00:00,3117.0,3123.0,3107.0,3109.0,182190.0,1953540.0,1955161.0
2025-04-21 22:00:00,3109.0,3110.0,3103.0,3105.0,90119.0,1955161.0,1943065.0
2025-04-22 09:00:00,3104.0,3109.0,3094.0,3096.0,248539.0,1943065.0,1952634.0
2025-04-22 10:00:00,3096.0,3100.0,3092.0,3096.0,146338.0,1952634.0,1962595.0
2025-04-22 11:00:00,3096.0,3098.0,3090.0,3094.0,77521.0,1962595.0,1964032.0
2025-04-22 13:00:00,3095.0,3100.0,3093.0,3093.0,90987.0,1964032.0,1968242.0
2025-04-22 14:00:00,3093.0,3094.0,3065.0,3075.0,508999.0,1968242.0,2012421.0
2025-04-22 21:00:00,3078.0,3086.0,3073.0,3085.0,233656.0,2012421.0,2008705.0
2025-04-22 22:00:00,3085.0,3093.0,3079.0,3082.0,184659.0,2008705.0,1997000.0
2025-04-23 09:00:00,3092.0,3113.0,3092.0,3099.0,471942.0,1997000.0,1977247.0
2025-04-23 10:00:00,3099.0,3104.0,3095.0,3103.0,116056.0,1977247.0,1984746.0
2025-04-23 11:00:00,3103.0,3116.0,3102.0,3109.0,208864.0,1984746.0,1983863.0
2025-04-23 13:00:00,3110.0,3127.0,3110.0,3126.0,267157.0,1983863.0,1977497.0
2025-04-23 14:00:00,3126.0,3146.0,3123.0,3137.0,483040.0,1977497.0,1968021.0
2025-04-23 21:00:00,3137.0,3139.0,3128.0,3130.0,217353.0,1968021.0,1964589.0
2025-04-23 22:00:00,3130.0,3132.0,3123.0,3130.0,151130.0,1964589.0,1957512.0
2025-04-24 09:00:00,3129.0,3129.0,3118.0,3124.0,216082.0,1957512.0,1969212.0
2025-04-24 10:00:00,3124.0,3127.0,3120.0,3121.0,91409.0,1969212.0,1968322.0
2025-04-24 11:00:00,3121.0,3128.0,3112.0,3114.0,182054.0,1968322.0,1975264.0
2025-04-24 13:00:00,3112.0,3114.0,3105.0,3109.0,213045.0,1975264.0,1975575.0
2025-04-24 14:00:00,3109.0,3110.0,3095.0,3106.0,385810.0,1975575.0,1980197.0
2025-04-24 21:00:00,3112.0,3114.0,3096.0,3107.0,267203.0,1980197.0,2002036.0
2025-04-24 22:00:00,3107.0,3110.0,3098.0,3108.0,129880.0,2002036.0,1990121.0
2025-04-25 09:00:00,3110.0,3123.0,3110.0,3119.0,267783.0,1990121.0,2006066.0
2025-04-25 10:00:00,3119.0,3126.0,3112.0,3122.0,174218.0,2006066.0,2018151.0
2025-04-25 11:00:00,3122.0,3130.0,3121.0,3125.0,150242.0,2018151.0,2020423.0
2025-04-25 13:00:00,3123.0,3127.0,3105.0,3105.0,240178.0,2020423.0,2009506.0
2025-04-25 14:00:00,3105.0,3110.0,3096.0,3101.0,450209.0,2009506.0,1986742.0
2025-04-25 21:00:00,3106.0,3155.0,3102.0,3144.0,1222283.0,1986742.0,2083214.0
2025-04-25 22:00:00,3144.0,3163.0,3142.0,3162.0,497239.0,2083214.0,2116114.0
2025-04-28 09:00:00,3160.0,3164.0,3133.0,3135.0,652398.0,2116114.0,2053421.0
2025-04-28 10:00:00,3135.0,3139.0,3118.0,3120.0,351702.0,2053421.0,2062142.0
2025-04-28 11:00:00,3120.0,3137.0,3119.0,3136.0,181080.0,2062142.0,2055749.0
2025-04-28 13:00:00,3136.0,3140.0,3133.0,3135.0,140801.0,2055749.0,2059924.0
2025-04-28 14:00:00,3135.0,3137.0,3122.0,3129.0,264052.0,2059924.0,2032936.0
2025-04-28 21:00:00,3126.0,3129.0,3118.0,3124.0,257395.0,2032936.0,2036583.0
2025-04-28 22:00:00,3124.0,3131.0,3123.0,3127.0,148677.0,2036583.0,2020002.0
2025-04-29 09:00:00,3127.0,3129.0,3098.0,3107.0,484323.0,2020002.0,2011185.0
2025-04-29 10:00:00,3107.0,3110.0,3102.0,3104.0,140827.0,2011185.0,2020683.0
2025-04-29 11:00:00,3104.0,3108.0,3096.0,3099.0,149097.0,2020683.0,2028443.0
2025-04-29 13:00:00,3099.0,3107.0,3098.0,3107.0,107113.0,2028443.0,2028490.0
2025-04-29 14:00:00,3107.0,3110.0,3092.0,3100.0,340098.0,2028490.0,2017637.0
2025-04-29 21:00:00,3098.0,3104.0,3093.0,3099.0,184525.0,2017637.0,2009911.0
2025-04-29 22:00:00,3099.0,3100.0,3092.0,3096.0,117162.0,2009911.0,1998686.0
2025-04-30 09:00:00,3096.0,3102.0,3085.0,3094.0,240522.0,1998686.0,1981003.0
2025-04-30 10:00:00,3094.0,3098.0,3088.0,3095.0,106359.0,1981003.0,1976119.0
2025-04-30 11:00:00,3095.0,3096.0,3089.0,3090.0,58643.0,1976119.0,1973608.0
2025-04-30 13:00:00,3091.0,3101.0,3090.0,3097.0,114507.0,1973608.0,1967443.0
2025-04-30 14:00:00,3097.0,3102.0,3094.0,3096.0,212936.0,1967443.0,1911940.0
2025-05-06 09:00:00,3119.0,3130.0,3075.0,3089.0,712574.0,1911940.0,1949595.0
2025-05-06 10:00:00,3089.0,3092.0,3071.0,3088.0,286281.0,1949595.0,1981391.0
2025-05-06 11:00:00,3088.0,3089.0,3079.0,3086.0,63414.0,1981391.0,1981089.0
2025-05-06 13:00:00,3087.0,3089.0,3073.0,3075.0,106093.0,1981089.0,2002588.0
2025-05-06 14:00:00,3075.0,3083.0,3072.0,3077.0,156862.0,2002588.0,2004472.0
2025-05-06 21:00:00,3087.0,3116.0,3086.0,3110.0,540918.0,2004472.0,2004466.0
2025-05-06 22:00:00,3110.0,3112.0,3104.0,3108.0,129876.0,2004466.0,1985914.0
2025-05-07 09:00:00,3117.0,3136.0,3102.0,3107.0,784711.0,1985914.0,1982079.0
2025-05-07 10:00:00,3107.0,3109.0,3087.0,3096.0,292789.0,1982079.0,1974908.0
2025-05-07 11:00:00,3096.0,3096.0,3080.0,3088.0,186251.0,1974908.0,1998974.0
2025-05-07 13:00:00,3088.0,3091.0,3085.0,3090.0,104980.0,1998974.0,2008807.0
2025-05-07 14:00:00,3090.0,3103.0,3089.0,3098.0,240104.0,2008807.0,1974322.0
2025-05-07 21:00:00,3101.0,3102.0,3086.0,3090.0,255549.0,1974322.0,2012309.0
2025-05-07 22:00:00,3090.0,3094.0,3088.0,3094.0,89247.0,2012309.0,2008022.0
2025-05-08 09:00:00,3092.0,3100.0,3083.0,3098.0,222080.0,2008022.0,2015562.0
2025-05-08 10:00:00,3098.0,3102.0,3069.0,3083.0,426389.0,2015562.0,2081114.0
2025-05-08 11:00:00,3083.0,3085.0,3073.0,3075.0,125350.0,2081114.0,2094118.0
2025-05-08 13:00:00,3074.0,3074.0,3047.0,3057.0,504354.0,2094118.0,2205952.0
2025-05-08 14:00:00,3057.0,3067.0,3048.0,3052.0,430895.0,2205952.0,2234779.0
2025-05-08 21:00:00,3052.0,3053.0,3036.0,3039.0,405332.0,2234779.0,2275584.0
2025-05-08 22:00:00,3039.0,3040.0,3030.0,3032.0,229426.0,2275584.0,2297223.0
2025-05-09 09:00:00,3034.0,3050.0,3033.0,3044.0,325729.0,2297223.0,2298650.0
2025-05-09 10:00:00,3044.0,3046.0,3037.0,3038.0,111987.0,2298650.0,2296305.0
2025-05-09 11:00:00,3038.0,3040.0,3034.0,3037.0,81564.0,2296305.0,2298202.0
2025-05-09 13:00:00,3038.0,3045.0,3032.0,3035.0,127203.0,2298202.0,2316435.0
2025-05-09 14:00:00,3035.0,3036.0,3016.0,3022.0,374721.0,2316435.0,2344321.0
2025-05-09 21:00:00,3024.0,3029.0,3014.0,3026.0,317573.0,2344321.0,2365790.0
2025-05-09 22:00:00,3026.0,3028.0,3019.0,3026.0,127210.0,2365790.0,2340532.0
2025-05-12 09:00:00,3051.0,3070.0,3030.0,3037.0,660129.0,2340532.0,2304080.0
2025-05-12 10:00:00,3037.0,3060.0,3037.0,3059.0,382257.0,2304080.0,2259127.0
2025-05-12 11:00:00,3059.0,3069.0,3058.0,3063.0,244072.0,2259127.0,2233810.0
2025-05-12 13:00:00,3063.0,3079.0,3062.0,3075.0,241352.0,2233810.0,2221751.0
2025-05-12 14:00:00,3075.0,3086.0,3075.0,3082.0,400655.0,2221751.0,2180461.0
2025-05-12 21:00:00,3105.0,3115.0,3089.0,3090.0,705413.0,2180461.0,2159401.0
2025-05-12 22:00:00,3090.0,3092.0,3085.0,3091.0,229226.0,2159401.0,2154625.0
2025-05-13 09:00:00,3092.0,3092.0,3075.0,3084.0,314311.0,2154625.0,2163637.0
2025-05-13 10:00:00,3084.0,3088.0,3081.0,3086.0,123382.0,2163637.0,2163852.0
2025-05-13 11:00:00,3086.0,3090.0,3080.0,3084.0,93976.0,2163852.0,2164630.0
2025-05-13 13:00:00,3083.0,3085.0,3066.0,3075.0,238922.0,2164630.0,2162922.0
2025-05-13 14:00:00,3075.0,3083.0,3072.0,3079.0,224839.0,2162922.0,2151176.0
2025-05-13 21:00:00,3083.0,3085.0,3067.0,3075.0,294857.0,2151176.0,2177486.0
2025-05-13 22:00:00,3075.0,3107.0,3074.0,3102.0,503879.0,2177486.0,2144907.0
2025-05-14 09:00:00,3105.0,3123.0,3100.0,3112.0,524563.0,2144907.0,2138538.0
2025-05-14 10:00:00,3112.0,3119.0,3105.0,3115.0,200328.0,2138538.0,2128223.0
2025-05-14 11:00:00,3115.0,3120.0,3112.0,3115.0,109329.0,2128223.0,2125055.0
2025-05-14 13:00:00,3121.0,3133.0,3117.0,3124.0,280353.0,2125055.0,2144487.0
2025-05-14 14:00:00,3124.0,3130.0,3120.0,3127.0,221633.0,2144487.0,2111525.0
2025-05-14 21:00:00,3126.0,3127.0,3116.0,3117.0,247340.0,2111525.0,2112955.0
2025-05-14 22:00:00,3117.0,3120.0,3116.0,3119.0,91449.0,2112955.0,2095487.0
2025-05-15 09:00:00,3116.0,3130.0,3111.0,3118.0,288569.0,2095487.0,2090624.0
2025-05-15 10:00:00,3118.0,3124.0,3113.0,3115.0,121878.0,2090624.0,2087507.0
2025-05-15 11:00:00,3115.0,3122.0,3111.0,3121.0,106391.0,2087507.0,2090819.0
2025-05-15 13:00:00,3121.0,3123.0,3111.0,3119.0,120807.0,2090819.0,2093591.0
2025-05-15 14:00:00,3119.0,3122.0,3113.0,3118.0,174646.0,2093591.0,2088127.0
2025-05-15 21:00:00,3118.0,3119.0,3103.0,3108.0,278406.0,2088127.0,2104683.0
2025-05-15 22:00:00,3108.0,3113.0,3105.0,3109.0,125830.0,2104683.0,2093521.0
2025-05-16 09:00:00,3109.0,3117.0,3098.0,3102.0,278727.0,2093521.0,2091202.0
2025-05-16 10:00:00,3102.0,3113.0,3094.0,3102.0,223961.0,2091202.0,2088140.0
2025-05-16 11:00:00,3102.0,3105.0,3092.0,3094.0,112189.0,2088140.0,2081235.0
2025-05-16 13:00:00,3094.0,3096.0,3084.0,3086.0,187567.0,2081235.0,2089209.0
2025-05-16 14:00:00,3086.0,3095.0,3080.0,3082.0,279205.0,2089209.0,2073027.0
2025-05-16 21:00:00,3077.0,3095.0,3073.0,3091.0,297113.0,2073027.0,2073043.0
2025-05-16 22:00:00,3091.0,3092.0,3077.0,3086.0,174437.0,2073043.0,2063933.0
2025-05-19 09:00:00,3086.0,3092.0,3072.0,3075.0,278254.0,2063933.0,2073588.0
2025-05-19 10:00:00,3075.0,3080.0,3066.0,3069.0,179113.0,2073588.0,2096472.0
2025-05-19 11:00:00,3069.0,3071.0,3062.0,3064.0,95172.0,2096472.0,2105121.0
2025-05-19 13:00:00,3065.0,3071.0,3062.0,3062.0,81909.0,2105121.0,2118916.0
2025-05-19 14:00:00,3062.0,3070.0,3061.0,3069.0,185098.0,2118916.0,2113045.0
2025-05-19 21:00:00,3066.0,3070.0,3058.0,3061.0,258713.0,2113045.0,2142886.0
2025-05-19 22:00:00,3061.0,3063.0,3057.0,3057.0,116951.0,2142886.0,2145338.0
2025-05-20 09:00:00,3061.0,3076.0,3058.0,3073.0,283866.0,2145338.0,2144670.0
2025-05-20 10:00:00,3073.0,3080.0,3062.0,3067.0,184721.0,2144670.0,2151754.0
2025-05-20 11:00:00,3067.0,3069.0,3063.0,3065.0,57019.0,2151754.0,2153160.0
2025-05-20 13:00:00,3066.0,3070.0,3060.0,3060.0,99465.0,2153160.0,2164500.0
2025-05-20 14:00:00,3060.0,3063.0,3050.0,3058.0,284610.0,2164500.0,2160329.0
2025-05-20 21:00:00,3061.0,3063.0,3054.0,3060.0,152788.0,2160329.0,2166219.0
2025-05-20 22:00:00,3060.0,3068.0,3059.0,3061.0,154902.0,2166219.0,2159692.0
2025-05-21 09:00:00,3064.0,3067.0,3053.0,3062.0,186683.0,2159692.0,2167851.0
2025-05-21 10:00:00,3062.0,3074.0,3059.0,3066.0,173369.0,2167851.0,2169280.0
2025-05-21 11:00:00,3066.0,3067.0,3055.0,3056.0,103611.0,2169280.0,2171579.0
2025-05-21 13:00:00,3056.0,3062.0,3055.0,3060.0,84331.0,2171579.0,2177426.0
2025-05-21 14:00:00,3060.0,3066.0,3057.0,3061.0,167593.0,2177426.0,2169396.0
2025-05-21 21:00:00,3062.0,3069.0,3058.0,3069.0,164276.0,2169396.0,2179661.0
2025-05-21 22:00:00,3069.0,3073.0,3065.0,3067.0,139927.0,2179661.0,2168023.0
2025-05-22 09:00:00,3065.0,3066.0,3057.0,3062.0,186913.0,2168023.0,2182167.0
2025-05-22 10:00:00,3062.0,3076.0,3062.0,3068.0,211412.0,2182167.0,2179692.0
2025-05-22 11:00:00,3068.0,3071.0,3059.0,3060.0,107839.0,2179692.0,2164859.0
2025-05-22 13:00:00,3059.0,3062.0,3044.0,3046.0,334079.0,2164859.0,2227698.0
2025-05-22 14:00:00,3046.0,3063.0,3043.0,3061.0,317180.0,2227698.0,2174638.0
2025-05-22 21:00:00,3059.0,3066.0,3055.0,3055.0,224606.0,2174638.0,2178817.0
2025-05-22 22:00:00,3055.0,3062.0,3054.0,3059.0,103243.0,2178817.0,2165978.0
2025-05-23 09:00:00,3061.0,3061.0,3052.0,3054.0,150889.0,2165978.0,2173486.0
2025-05-23 10:00:00,3054.0,3069.0,3054.0,3056.0,234819.0,2173486.0,2165758.0
2025-05-23 11:00:00,3056.0,3058.0,3046.0,3048.0,149037.0,2165758.0,2179534.0
2025-05-23 13:00:00,3048.0,3055.0,3045.0,3054.0,93206.0,2179534.0,2181069.0
2025-05-23 14:00:00,3054.0,3054.0,3044.0,3046.0,252827.0,2181069.0,2158221.0
2025-05-23 21:00:00,3038.0,3045.0,3035.0,3039.0,284587.0,2158221.0,2195635.0
2025-05-23 22:00:00,3039.0,3043.0,3035.0,3035.0,129891.0,2195635.0,2194234.0
2025-05-26 09:00:00,3035.0,3036.0,3015.0,3016.0,479716.0,2194234.0,2286970.0
2025-05-26 10:00:00,3016.0,3016.0,2996.0,3001.0,435344.0,2286970.0,2362519.0
2025-05-26 11:00:00,3001.0,3014.0,3000.0,3007.0,223678.0,2362519.0,2366552.0
2025-05-26 13:00:00,3008.0,3009.0,3003.0,3006.0,82188.0,2366552.0,2367128.0
2025-05-26 14:00:00,3006.0,3010.0,3001.0,3004.0,194325.0,2367128.0,2349145.0
2025-05-26 21:00:00,3009.0,3018.0,3006.0,3009.0,325593.0,2349145.0,2327743.0
2025-05-26 22:00:00,3009.0,3010.0,3006.0,3009.0,85068.0,2327743.0,2318493.0
2025-05-27 09:00:00,3007.0,3008.0,2985.0,2988.0,430174.0,2318493.0,2368820.0
2025-05-27 10:00:00,2988.0,2988.0,2970.0,2980.0,362225.0,2368820.0,2404618.0
2025-05-27 11:00:00,2980.0,2980.0,2969.0,2976.0,136600.0,2404618.0,2414200.0
2025-05-27 13:00:00,2977.0,2978.0,2964.0,2975.0,226799.0,2414200.0,2426751.0
2025-05-27 14:00:00,2975.0,2987.0,2970.0,2980.0,369296.0,2426751.0,2399979.0
2025-05-27 21:00:00,2981.0,2982.0,2971.0,2973.0,223990.0,2399979.0,2428031.0
2025-05-27 22:00:00,2973.0,2977.0,2968.0,2970.0,110464.0,2428031.0,2432529.0
2025-05-28 09:00:00,2972.0,2976.0,2961.0,2968.0,285884.0,2432529.0,2443255.0
2025-05-28 10:00:00,2968.0,2968.0,2955.0,2958.0,201602.0,2443255.0,2462997.0
2025-05-28 11:00:00,2958.0,2966.0,2953.0,2954.0,113376.0,2462997.0,2458565.0
2025-05-28 13:00:00,2956.0,2958.0,2950.0,2955.0,142133.0,2458565.0,2466402.0
2025-05-28 14:00:00,2955.0,2965.0,2951.0,2964.0,256502.0,2466402.0,2441388.0
2025-05-28 21:00:00,2962.0,2971.0,2958.0,2959.0,271168.0,2441388.0,2444654.0
2025-05-28 22:00:00,2959.0,2962.0,2954.0,2957.0,162183.0,2444654.0,2429561.0
2025-05-29 09:00:00,2968.0,2976.0,2957.0,2974.0,457103.0,2429561.0,2437266.0
2025-05-29 10:00:00,2974.0,2979.0,2967.0,2975.0,227244.0,2437266.0,2425181.0
2025-05-29 11:00:00,2975.0,2975.0,2962.0,2963.0,158681.0,2425181.0,2400030.0
2025-05-29 13:00:00,2962.0,2990.0,2962.0,2988.0,334023.0,2400030.0,2393365.0
2025-05-29 14:00:00,2988.0,2990.0,2977.0,2978.0,334654.0,2393365.0,2377320.0
2025-05-29 21:00:00,2978.0,2978.0,2966.0,2967.0,290039.0,2377320.0,2376388.0
2025-05-29 22:00:00,2967.0,2974.0,2967.0,2973.0,115007.0,2376388.0,2368029.0
2025-05-30 09:00:00,2972.0,2972.0,2951.0,2955.0,381618.0,2368029.0,2387181.0
2025-05-30 10:00:00,2955.0,2967.0,2946.0,2961.0,265794.0,2387181.0,2385174.0
2025-05-30 11:00:00,2961.0,2973.0,2958.0,2964.0,189573.0,2385174.0,2362369.0
2025-05-30 13:00:00,2964.0,2971.0,2960.0,2964.0,106772.0,2362369.0,2347124.0
2025-05-30 14:00:00,2964.0,2970.0,2960.0,2961.0,200619.0,2347124.0,2296076.0
2025-06-03 09:00:00,2944.0,2948.0,2918.0,2929.0,720819.0,2296076.0,2337032.0
2025-06-03 10:00:00,2929.0,2935.0,2912.0,2929.0,307502.0,2337032.0,2348133.0
2025-06-03 11:00:00,2929.0,2940.0,2928.0,2937.0,217632.0,2348133.0,2329942.0
2025-06-03 13:00:00,2933.0,2935.0,2928.0,2931.0,117640.0,2329942.0,2326391.0
2025-06-03 14:00:00,2931.0,2933.0,2924.0,2928.0,190070.0,2326391.0,2297854.0
2025-06-03 21:00:00,2930.0,2947.0,2925.0,2947.0,348626.0,2297854.0,2324628.0
2025-06-03 22:00:00,2947.0,2950.0,2942.0,2946.0,170601.0,2324628.0,2326233.0
2025-06-04 09:00:00,2948.0,2949.0,2937.0,2946.0,250195.0,2326233.0,2327982.0
2025-06-04 10:00:00,2946.0,2954.0,2938.0,2943.0,226913.0,2327982.0,2334441.0
2025-06-04 11:00:00,2943.0,2950.0,2940.0,2946.0,95945.0,2334441.0,2342223.0
2025-06-04 13:00:00,2946.0,2953.0,2941.0,2952.0,112031.0,2342223.0,2348372.0
2025-06-04 14:00:00,2952.0,2988.0,2952.0,2974.0,861793.0,2348372.0,2280391.0
2025-06-04 21:00:00,2975.0,2979.0,2968.0,2972.0,303138.0,2280391.0,2288714.0
2025-06-04 22:00:00,2972.0,2976.0,2966.0,2967.0,135059.0,2288714.0,2282941.0
2025-06-05 09:00:00,2965.0,2968.0,2960.0,2961.0,219791.0,2282941.0,2280961.0
2025-06-05 10:00:00,2961.0,2963.0,2953.0,2953.0,158189.0,2280961.0,2276193.0
2025-06-05 11:00:00,2953.0,2958.0,2940.0,2941.0,186555.0,2276193.0,2280262.0
2025-06-05 13:00:00,2941.0,2947.0,2935.0,2944.0,183963.0,2280262.0,2278368.0
2025-06-05 14:00:00,2944.0,2961.0,2942.0,2959.0,300273.0,2278368.0,2257013.0
2025-06-05 21:00:00,2967.0,2984.0,2963.0,2973.0,500630.0,2257013.0,2251921.0
2025-06-05 22:00:00,2973.0,2998.0,2972.0,2992.0,309630.0,2251921.0,2240406.0
2025-06-06 09:00:00,2990.0,3002.0,2981.0,2982.0,432661.0,2240406.0,2244985.0
2025-06-06 10:00:00,2982.0,2995.0,2977.0,2990.0,199234.0,2244985.0,2244323.0
2025-06-06 11:00:00,2990.0,2994.0,2979.0,2981.0,103639.0,2244323.0,2240640.0
2025-06-06 13:00:00,2980.0,2985.0,2974.0,2985.0,123111.0,2240640.0,2232490.0
2025-06-06 14:00:00,2985.0,2985.0,2974.0,2975.0,176443.0,2232490.0,2216449.0
2025-06-06 21:00:00,2973.0,2985.0,2966.0,2982.0,279400.0,2216449.0,2220158.0
2025-06-06 22:00:00,2982.0,2982.0,2962.0,2965.0,264232.0,2220158.0,2207480.0
2025-06-09 09:00:00,2970.0,2978.0,2965.0,2973.0,239133.0,2207480.0,2216987.0
2025-06-09 10:00:00,2973.0,2988.0,2972.0,2985.0,239329.0,2216987.0,2223567.0
2025-06-09 11:00:00,2985.0,2988.0,2979.0,2982.0,88106.0,2223567.0,2218763.0
2025-06-09 13:00:00,2981.0,2990.0,2978.0,2989.0,107332.0,2218763.0,2221562.0
2025-06-09 14:00:00,2989.0,2990.0,2974.0,2981.0,215830.0,2221562.0,2196722.0
2025-06-09 21:00:00,2984.0,2988.0,2964.0,2966.0,284044.0,2196722.0,2201234.0
2025-06-09 22:00:00,2966.0,2971.0,2961.0,2967.0,137171.0,2201234.0,2191315.0
2025-06-10 09:00:00,2966.0,2978.0,2957.0,2975.0,279196.0,2191315.0,2187294.0
2025-06-10 10:00:00,2975.0,2985.0,2973.0,2982.0,193606.0,2187294.0,2183559.0
2025-06-10 11:00:00,2982.0,2984.0,2978.0,2980.0,80264.0,2183559.0,2187261.0
2025-06-10 13:00:00,2972.0,2982.0,2959.0,2974.0,315585.0,2187261.0,2169809.0
2025-06-10 14:00:00,2974.0,2981.0,2971.0,2974.0,166497.0,2169809.0,2165234.0
2025-06-10 21:00:00,2974.0,2986.0,2974.0,2981.0,243169.0,2165234.0,2172929.0
2025-06-10 22:00:00,2981.0,2986.0,2978.0,2985.0,137812.0,2172929.0,2163865.0
2025-06-11 09:00:00,2982.0,2996.0,2977.0,2995.0,348813.0,2163865.0,2191665.0
2025-06-11 10:00:00,2995.0,2996.0,2981.0,2984.0,165104.0,2191665.0,2179769.0
2025-06-11 11:00:00,2984.0,2992.0,2980.0,2992.0,99727.0,2179769.0,2172723.0
2025-06-11 13:00:00,2991.0,2995.0,2989.0,2992.0,120082.0,2172723.0,2177394.0
2025-06-11 14:00:00,2992.0,3008.0,2990.0,2991.0,400148.0,2177394.0,2164232.0
2025-06-11 21:00:00,2992.0,2994.0,2978.0,2979.0,329772.0,2164232.0,2174214.0
2025-06-11 22:00:00,2979.0,2980.0,2971.0,2975.0,182923.0,2174214.0,2171995.0
2025-06-12 09:00:00,2976.0,2982.0,2974.0,2975.0,159186.0,2171995.0,2182310.0
2025-06-12 10:00:00,2975.0,2984.0,2974.0,2976.0,135448.0,2182310.0,2186256.0
2025-06-12 11:00:00,2976.0,2977.0,2965.0,2965.0,184303.0,2186256.0,2211086.0
2025-06-12 13:00:00,2966.0,2977.0,2963.0,2973.0,142880.0,2211086.0,2222863.0
2025-06-12 14:00:00,2973.0,2974.0,2963.0,2968.0,178141.0,2222863.0,2220025.0
2025-06-12 21:00:00,2968.0,2970.0,2946.0,2949.0,428865.0,2220025.0,2256296.0
2025-06-12 22:00:00,2949.0,2952.0,2942.0,2951.0,228365.0,2256296.0,2247988.0
2025-06-13 09:00:00,2950.0,2957.0,2940.0,2949.0,359759.0,2247988.0,2250289.0
2025-06-13 10:00:00,2949.0,2980.0,2945.0,2979.0,463820.0,2250289.0,2190250.0
2025-06-13 11:00:00,2979.0,2985.0,2966.0,2973.0,290554.0,2190250.0,2167221.0
2025-06-13 13:00:00,2972.0,2973.0,2966.0,2972.0,112674.0,2167221.0,2151631.0
2025-06-13 14:00:00,2972.0,2982.0,2966.0,2969.0,284507.0,2151631.0,2135661.0
2025-06-13 21:00:00,2963.0,2967.0,2951.0,2962.0,326793.0,2135661.0,2137106.0
2025-06-13 22:00:00,2962.0,2981.0,2960.0,2980.0,338152.0,2137106.0,2106980.0
2025-06-16 09:00:00,2981.0,2985.0,2971.0,2985.0,285721.0,2106980.0,2126447.0
2025-06-16 10:00:00,2985.0,2990.0,2980.0,2985.0,189022.0,2126447.0,2137316.0
2025-06-16 11:00:00,2985.0,2990.0,2982.0,2988.0,91651.0,2137316.0,2143878.0
2025-06-16 13:00:00,2987.0,2993.0,2984.0,2991.0,112098.0,2143878.0,2151751.0
2025-06-16 14:00:00,2991.0,2994.0,2986.0,2990.0,193985.0,2151751.0,2164732.0
2025-06-16 21:00:00,2987.0,2994.0,2983.0,2984.0,236609.0,2164732.0,2170563.0
2025-06-16 22:00:00,2984.0,2986.0,2978.0,2981.0,201764.0,2170563.0,2170617.0
2025-06-17 09:00:00,2984.0,2987.0,2979.0,2982.0,170929.0,2170617.0,2170060.0
2025-06-17 10:00:00,2982.0,2985.0,2974.0,2976.0,143745.0,2170060.0,2163038.0
2025-06-17 11:00:00,2976.0,2981.0,2974.0,2977.0,74239.0,2163038.0,2162647.0
2025-06-17 13:00:00,2977.0,2978.0,2972.0,2976.0,75339.0,2162647.0,2159802.0
2025-06-17 14:00:00,2976.0,2983.0,2975.0,2981.0,143652.0,2159802.0,2140997.0
2025-06-17 21:00:00,2979.0,2985.0,2973.0,2985.0,194752.0,2140997.0,2147670.0
2025-06-17 22:00:00,2985.0,2986.0,2978.0,2983.0,117211.0,2147670.0,2141797.0
2025-06-18 09:00:00,2984.0,2996.0,2975.0,2979.0,315824.0,2141797.0,2154745.0
2025-06-18 10:00:00,2979.0,2981.0,2969.0,2978.0,260010.0,2154745.0,2167210.0
2025-06-18 11:00:00,2978.0,2987.0,2975.0,2986.0,122361.0,2167210.0,2149980.0
2025-06-18 13:00:00,2987.0,2991.0,2983.0,2987.0,168708.0,2149980.0,2146614.0
2025-06-18 14:00:00,2987.0,2990.0,2981.0,2986.0,148107.0,2146614.0,2133943.0
2025-06-18 21:00:00,2985.0,3002.0,2983.0,2992.0,333483.0,2133943.0,2160502.0
2025-06-18 22:00:00,2992.0,2993.0,2983.0,2986.0,149926.0,2160502.0,2141790.0
2025-06-19 09:00:00,2987.0,2988.0,2979.0,2981.0,184728.0,2141790.0,2154515.0
2025-06-19 10:00:00,2981.0,2985.0,2975.0,2976.0,153435.0,2154515.0,2155357.0
2025-06-19 11:00:00,2976.0,2981.0,2975.0,2976.0,76599.0,2155357.0,2160279.0
2025-06-19 13:00:00,2978.0,2983.0,2975.0,2981.0,94713.0,2160279.0,2159227.0
2025-06-19 14:00:00,2981.0,2988.0,2977.0,2986.0,187482.0,2159227.0,2132733.0
2025-06-19 21:00:00,2989.0,2992.0,2986.0,2988.0,199155.0,2132733.0,2136626.0
2025-06-19 22:00:00,2988.0,2992.0,2984.0,2990.0,126433.0,2136626.0,2139513.0
2025-06-20 09:00:00,2988.0,3004.0,2982.0,3003.0,384888.0,2139513.0,2186077.0
2025-06-20 10:00:00,3003.0,3010.0,2998.0,3002.0,270615.0,2186077.0,2204438.0
2025-06-20 11:00:00,3002.0,3002.0,2986.0,2991.0,170375.0,2204438.0,2173829.0
2025-06-20 13:00:00,2992.0,2997.0,2990.0,2991.0,87875.0,2173829.0,2170066.0
2025-06-20 14:00:00,2991.0,2994.0,2987.0,2992.0,174940.0,2170066.0,2164155.0
2025-06-20 21:00:00,2990.0,2993.0,2983.0,2990.0,197096.0,2164155.0,2169073.0
2025-06-20 22:00:00,2990.0,2998.0,2988.0,2997.0,103903.0,2169073.0,2158846.0
2025-06-23 09:00:00,2998.0,3006.0,2987.0,2989.0,338269.0,2158846.0,2179433.0
2025-06-23 10:00:00,2989.0,2994.0,2988.0,2993.0,81369.0,2179433.0,2172996.0
2025-06-23 11:00:00,2993.0,2995.0,2989.0,2990.0,53166.0,2172996.0,2169292.0
2025-06-23 13:00:00,2989.0,2998.0,2988.0,2998.0,85568.0,2169292.0,2167100.0
2025-06-23 14:00:00,2998.0,3000.0,2993.0,2995.0,117248.0,2167100.0,2157949.0
2025-06-23 21:00:00,2992.0,2998.0,2990.0,2997.0,131911.0,2157949.0,2167717.0
2025-06-23 22:00:00,2997.0,3005.0,2994.0,3003.0,146536.0,2167717.0,2161247.0
2025-06-24 09:00:00,2997.0,2997.0,2975.0,2980.0,502282.0,2161247.0,2170590.0
2025-06-24 10:00:00,2980.0,2992.0,2975.0,2988.0,257684.0,2170590.0,2160363.0
2025-06-24 11:00:00,2988.0,2991.0,2980.0,2981.0,107108.0,2160363.0,2163915.0
2025-06-24 13:00:00,2981.0,2992.0,2979.0,2986.0,139208.0,2163915.0,2165254.0
2025-06-24 14:00:00,2986.0,2987.0,2975.0,2977.0,245568.0,2165254.0,2168877.0
2025-06-24 21:00:00,2978.0,2980.0,2965.0,2967.0,380865.0,2168877.0,2207513.0
2025-06-24 22:00:00,2967.0,2971.0,2965.0,2968.0,143056.0,2207513.0,2201043.0
2025-06-25 09:00:00,2968.0,2971.0,2965.0,2966.0,133594.0,2201043.0,2212776.0
2025-06-25 10:00:00,2966.0,2975.0,2965.0,2972.0,135025.0,2212776.0,2208669.0
2025-06-25 11:00:00,2972.0,2975.0,2969.0,2972.0,65578.0,2208669.0,2208252.0
2025-06-25 13:00:00,2973.0,2973.0,2960.0,2967.0,172671.0,2208252.0,2209465.0
2025-06-25 14:00:00,2967.0,2980.0,2964.0,2976.0,330475.0,2209465.0,2172600.0
2025-06-25 21:00:00,2975.0,2977.0,2965.0,2966.0,208042.0,2172600.0,2191556.0
2025-06-25 22:00:00,2966.0,2969.0,2962.0,2966.0,203654.0,2191556.0,2214942.0
2025-06-26 09:00:00,2965.0,2972.0,2964.0,2967.0,155926.0,2214942.0,2217407.0
2025-06-26 10:00:00,2967.0,2969.0,2963.0,2966.0,91373.0,2217407.0,2226606.0
2025-06-26 11:00:00,2966.0,2966.0,2952.0,2956.0,212224.0,2226606.0,2264767.0
2025-06-26 13:00:00,2955.0,2970.0,2954.0,2965.0,219386.0,2264767.0,2233911.0
2025-06-26 14:00:00,2965.0,2975.0,2962.0,2973.0,287287.0,2233911.0,2191778.0
2025-06-26 21:00:00,2974.0,2984.0,2971.0,2984.0,345262.0,2191778.0,2174525.0
2025-06-26 22:00:00,2984.0,2995.0,2983.0,2989.0,358963.0,2174525.0,2141223.0
2025-06-27 09:00:00,2992.0,3005.0,2988.0,2996.0,393977.0,2141223.0,2164161.0
2025-06-27 10:00:00,2996.0,2999.0,2993.0,2993.0,96934.0,2164161.0,2165074.0
2025-06-27 11:00:00,2993.0,2997.0,2988.0,2989.0,86452.0,2165074.0,2160527.0
2025-06-27 13:00:00,2989.0,2995.0,2987.0,2993.0,67227.0,2160527.0,2158080.0
2025-06-27 14:00:00,2993.0,2998.0,2992.0,2995.0,152011.0,2158080.0,2142813.0
2025-06-27 21:00:00,2998.0,3020.0,2994.0,3020.0,530747.0,2142813.0,2178838.0
2025-06-27 22:00:00,3020.0,3027.0,3016.0,3021.0,318254.0,2178838.0,2169929.0
2025-06-30 09:00:00,3018.0,3020.0,2996.0,2996.0,360036.0,2169929.0,2165035.0
2025-06-30 10:00:00,2996.0,3002.0,2995.0,2998.0,184439.0,2165035.0,2166183.0
2025-06-30 11:00:00,2998.0,3004.0,2995.0,3003.0,67322.0,2166183.0,2157056.0
2025-06-30 13:00:00,3004.0,3008.0,3002.0,3006.0,85513.0,2157056.0,2154036.0
2025-06-30 14:00:00,3006.0,3011.0,2995.0,2997.0,221901.0,2154036.0,2124170.0
2025-06-30 21:00:00,2992.0,2995.0,2985.0,2989.0,311459.0,2124170.0,2130408.0
2025-06-30 22:00:00,2989.0,2989.0,2984.0,2987.0,99252.0,2130408.0,2127226.0
2025-07-01 09:00:00,2987.0,2989.0,2977.0,2983.0,304131.0,2127226.0,2130898.0
2025-07-01 10:00:00,2983.0,2985.0,2978.0,2982.0,115503.0,2130898.0,2127205.0
2025-07-01 11:00:00,2982.0,2990.0,2978.0,2987.0,111757.0,2127205.0,2111611.0
2025-07-01 13:00:00,2988.0,2992.0,2986.0,2990.0,128319.0,2111611.0,2096393.0
2025-07-01 14:00:00,2990.0,3004.0,2988.0,3003.0,301963.0,2096393.0,2076067.0
2025-07-01 21:00:00,3004.0,3025.0,3003.0,3020.0,559631.0,2076067.0,2126161.0
2025-07-01 22:00:00,3020.0,3021.0,3011.0,3014.0,214173.0,2126161.0,2108909.0
2025-07-02 09:00:00,3014.0,3021.0,3011.0,3018.0,182348.0,2108909.0,2111325.0
2025-07-02 10:00:00,3018.0,3035.0,3014.0,3034.0,326619.0,2111325.0,2151933.0
2025-07-02 11:00:00,3034.0,3036.0,3024.0,3030.0,172127.0,2151933.0,2163400.0
2025-07-02 13:00:00,3040.0,3054.0,3039.0,3048.0,434214.0,2163400.0,2200955.0
2025-07-02 14:00:00,3048.0,3071.0,3046.0,3065.0,482172.0,2200955.0,2226379.0
2025-07-02 21:00:00,3075.0,3078.0,3058.0,3062.0,372606.0,2226379.0,2245639.0
2025-07-02 22:00:00,3062.0,3071.0,3060.0,3063.0,180501.0,2245639.0,2225186.0
2025-07-03 09:00:00,3063.0,3067.0,3050.0,3055.0,330030.0,2225186.0,2240541.0
2025-07-03 10:00:00,3055.0,3058.0,3050.0,3051.0,130762.0,2240541.0,2240573.0
2025-07-03 11:00:00,3051.0,3060.0,3051.0,3059.0,119630.0,2240573.0,2240647.0
2025-07-03 13:00:00,3061.0,3069.0,3058.0,3068.0,173252.0,2240647.0,2251704.0
2025-07-03 14:00:00,3068.0,3086.0,3065.0,3076.0,469369.0,2251704.0,2237249.0
2025-07-03 21:00:00,3072.0,3088.0,3070.0,3085.0,346232.0,2237249.0,2277545.0
2025-07-03 22:00:00,3085.0,3090.0,3079.0,3085.0,202219.0,2277545.0,2260181.0
2025-07-04 09:00:00,3086.0,3095.0,3082.0,3086.0,270649.0,2260181.0,2277569.0
2025-07-04 10:00:00,3086.0,3094.0,3084.0,3085.0,163606.0,2277569.0,2275642.0
2025-07-04 11:00:00,3085.0,3086.0,3076.0,3084.0,195399.0,2275642.0,2249535.0
2025-07-04 13:00:00,3088.0,3093.0,3078.0,3080.0,170648.0,2249535.0,2258244.0
2025-07-04 14:00:00,3080.0,3080.0,3071.0,3072.0,295447.0,2258244.0,2238587.0
2025-07-04 21:00:00,3069.0,3076.0,3065.0,3075.0,195906.0,2238587.0,2243227.0
2025-07-04 22:00:00,3075.0,3085.0,3073.0,3081.0,178775.0,2243227.0,2236350.0
2025-07-07 09:00:00,3078.0,3078.0,3062.0,3065.0,333983.0,2236350.0,2218818.0
2025-07-07 10:00:00,3065.0,3069.0,3062.0,3062.0,91279.0,2218818.0,2217919.0
2025-07-07 11:00:00,3062.0,3067.0,3060.0,3063.0,77077.0,2217919.0,2217463.0
2025-07-07 13:00:00,3062.0,3065.0,3055.0,3055.0,131163.0,2217463.0,2219834.0
2025-07-07 14:00:00,3055.0,3064.0,3053.0,3061.0,218119.0,2219834.0,2197330.0
2025-07-07 21:00:00,3059.0,3064.0,3050.0,3060.0,211235.0,2197330.0,2204202.0
2025-07-07 22:00:00,3060.0,3064.0,3056.0,3056.0,109282.0,2204202.0,2196318.0
2025-07-08 09:00:00,3056.0,3065.0,3053.0,3063.0,135828.0,2196318.0,2196448.0
2025-07-08 10:00:00,3063.0,3064.0,3058.0,3061.0,75907.0,2196448.0,2189382.0
2025-07-08 11:00:00,3061.0,3068.0,3061.0,3067.0,72176.0,2189382.0,2186687.0
2025-07-08 13:00:00,3068.0,3074.0,3064.0,3064.0,141201.0,2186687.0,2185151.0
2025-07-08 14:00:00,3064.0,3072.0,3058.0,3063.0,208943.0,2185151.0,2168547.0
2025-07-08 21:00:00,3063.0,3077.0,3061.0,3075.0,229697.0,2168547.0,2181805.0
2025-07-08 22:00:00,3075.0,3075.0,3064.0,3067.0,122547.0,2181805.0,2189747.0
2025-07-09 09:00:00,3068.0,3069.0,3056.0,3061.0,193962.0,2189747.0,2201841.0
2025-07-09 10:00:00,3061.0,3066.0,3056.0,3058.0,96823.0,2201841.0,2198131.0
2025-07-09 11:00:00,3058.0,3061.0,3054.0,3059.0,85651.0,2198131.0,2197591.0
2025-07-09 13:00:00,3059.0,3070.0,3058.0,3069.0,111097.0,2197591.0,2187069.0
2025-07-09 14:00:00,3069.0,3070.0,3061.0,3063.0,186671.0,2187069.0,2174941.0
2025-07-09 21:00:00,3064.0,3094.0,3060.0,3089.0,595794.0,2174941.0,2211926.0
2025-07-09 22:00:00,3089.0,3093.0,3086.0,3088.0,148501.0,2211926.0,2205705.0
2025-07-10 09:00:00,3088.0,3096.0,3084.0,3091.0,231517.0,2205705.0,2213478.0
2025-07-10 10:00:00,3091.0,3105.0,3091.0,3101.0,305916.0,2213478.0,2219046.0
2025-07-10 11:00:00,3101.0,3105.0,3094.0,3100.0,112876.0,2219046.0,2210524.0
2025-07-10 13:00:00,3104.0,3115.0,3104.0,3114.0,249466.0,2210524.0,2232557.0
2025-07-10 14:00:00,3114.0,3130.0,3112.0,3123.0,509357.0,2232557.0,2230035.0
2025-07-10 21:00:00,3117.0,3132.0,3116.0,3124.0,348597.0,2230035.0,2250620.0
2025-07-10 22:00:00,3124.0,3142.0,3124.0,3141.0,263954.0,2250620.0,2236334.0
2025-07-11 09:00:00,3140.0,3143.0,3129.0,3141.0,316471.0,2236334.0,2246942.0
2025-07-11 10:00:00,3141.0,3149.0,3136.0,3138.0,215255.0,2246942.0,2250529.0
2025-07-11 11:00:00,3138.0,3143.0,3136.0,3139.0,88763.0,2250529.0,2249985.0
2025-07-11 13:00:00,3136.0,3142.0,3136.0,3138.0,84490.0,2249985.0,2245975.0
2025-07-11 14:00:00,3138.0,3140.0,3127.0,3133.0,337015.0,2245975.0,2200525.0
2025-07-11 21:00:00,3133.0,3140.0,3123.0,3125.0,290093.0,2200525.0,2186716.0
2025-07-11 22:00:00,3125.0,3132.0,3122.0,3130.0,144505.0,2186716.0,2171236.0
2025-07-14 09:00:00,3131.0,3137.0,3123.0,3127.0,252567.0,2171236.0,2154821.0
2025-07-14 10:00:00,3127.0,3130.0,3122.0,3129.0,119531.0,2154821.0,2138600.0
2025-07-14 11:00:00,3129.0,3132.0,3125.0,3126.0,60392.0,2138600.0,2133219.0
2025-07-14 13:00:00,3126.0,3134.0,3126.0,3132.0,63192.0,2133219.0,2132672.0
2025-07-14 14:00:00,3132.0,3143.0,3131.0,3138.0,234329.0,2132672.0,2122341.0
2025-07-14 21:00:00,3134.0,3137.0,3126.0,3130.0,241984.0,2122341.0,2139869.0
2025-07-14 22:00:00,3130.0,3131.0,3126.0,3129.0,82645.0,2139869.0,2137259.0
2025-07-15 09:00:00,3129.0,3138.0,3127.0,3135.0,171255.0,2137259.0,2133386.0
2025-07-15 10:00:00,3135.0,3136.0,3120.0,3123.0,256337.0,2133386.0,2155749.0
2025-07-15 11:00:00,3123.0,3125.0,3108.0,3112.0,251050.0,2155749.0,2159131.0
2025-07-15 13:00:00,3109.0,3114.0,3102.0,3112.0,239905.0,2159131.0,2167531.0
2025-07-15 14:00:00,3112.0,3117.0,3110.0,3114.0,196317.0,2167531.0,2153852.0
2025-07-15 21:00:00,3114.0,3116.0,3102.0,3104.0,216917.0,2153852.0,2156902.0
2025-07-15 22:00:00,3104.0,3110.0,3103.0,3107.0,89020.0,2156902.0,2149499.0
2025-07-16 09:00:00,3106.0,3120.0,3105.0,3119.0,203853.0,2149499.0,2150473.0
2025-07-16 10:00:00,3119.0,3119.0,3106.0,3109.0,106957.0,2150473.0,2146567.0
2025-07-16 11:00:00,3109.0,3118.0,3108.0,3116.0,68004.0,2146567.0,2144704.0
2025-07-16 13:00:00,3115.0,3122.0,3105.0,3108.0,142485.0,2144704.0,2139837.0
2025-07-16 14:00:00,3108.0,3110.0,3094.0,3106.0,303555.0,2139837.0,2137057.0
2025-07-16 21:00:00,3107.0,3135.0,3105.0,3130.0,547063.0,2137057.0,2150384.0
2025-07-16 22:00:00,3130.0,3131.0,3123.0,3129.0,174053.0,2150384.0,2131989.0
2025-07-17 09:00:00,3130.0,3133.0,3120.0,3124.0,216803.0,2131989.0,2122367.0
2025-07-17 10:00:00,3124.0,3129.0,3120.0,3126.0,93690.0,2122367.0,2125872.0
2025-07-17 11:00:00,3126.0,3128.0,3114.0,3116.0,133561.0,2125872.0,2128640.0
2025-07-17 13:00:00,3116.0,3128.0,3113.0,3126.0,126038.0,2128640.0,2131210.0
2025-07-17 14:00:00,3126.0,3134.0,3119.0,3133.0,210513.0,2131210.0,2126876.0
2025-07-17 21:00:00,3138.0,3162.0,3135.0,3161.0,527661.0,2126876.0,2158676.0
2025-07-17 22:00:00,3161.0,3170.0,3158.0,3166.0,266814.0,2158676.0,2144500.0
2025-07-18 09:00:00,3167.0,3177.0,3161.0,3164.0,332712.0,2144500.0,2131537.0
2025-07-18 10:00:00,3164.0,3168.0,3155.0,3162.0,207311.0,2131537.0,2120129.0
2025-07-18 11:00:00,3162.0,3164.0,3144.0,3146.0,241850.0,2120129.0,2081793.0
2025-07-18 13:00:00,3146.0,3150.0,3143.0,3144.0,111352.0,2081793.0,2082677.0
2025-07-18 14:00:00,3144.0,3150.0,3141.0,3147.0,187150.0,2082677.0,2075790.0
2025-07-18 21:00:00,3159.0,3190.0,3156.0,3187.0,607421.0,2075790.0,2117418.0
2025-07-18 22:00:00,3187.0,3198.0,3184.0,3197.0,284990.0,2117418.0,2105110.0
2025-07-21 09:00:00,3206.0,3233.0,3197.0,3225.0,775069.0,2105110.0,2146314.0
2025-07-21 10:00:00,3225.0,3225.0,3214.0,3217.0,194166.0,2146314.0,2136387.0
2025-07-21 11:00:00,3217.0,3228.0,3217.0,3225.0,114885.0,2136387.0,2122189.0
2025-07-21 13:00:00,3226.0,3240.0,3218.0,3218.0,353835.0,2122189.0,2120693.0
2025-07-21 14:00:00,3218.0,3228.0,3211.0,3224.0,365923.0,2120693.0,2095912.0
2025-07-21 21:00:00,3224.0,3229.0,3215.0,3216.0,280699.0,2095912.0,2103646.0
2025-07-21 22:00:00,3216.0,3228.0,3216.0,3222.0,171943.0,2103646.0,2081425.0
2025-07-22 09:00:00,3225.0,3228.0,3216.0,3222.0,254427.0,2081425.0,2072651.0
2025-07-22 10:00:00,3222.0,3235.0,3218.0,3229.0,200481.0,2072651.0,2059102.0
2025-07-22 11:00:00,3229.0,3233.0,3221.0,3222.0,122048.0,2059102.0,2057547.0
2025-07-22 13:00:00,3235.0,3335.0,3234.0,3272.0,1453244.0,2057547.0,2053573.0
2025-07-22 14:00:00,3272.0,3316.0,3261.0,3307.0,783895.0,2053573.0,2024507.0
2025-07-22 21:00:00,3319.0,3330.0,3283.0,3292.0,953525.0,2024507.0,2025325.0
2025-07-22 22:00:00,3292.0,3309.0,3287.0,3302.0,303920.0,2025325.0,2006886.0
2025-07-23 09:00:00,3306.0,3309.0,3268.0,3280.0,580324.0,2006886.0,1990328.0
2025-07-23 10:00:00,3280.0,3281.0,3250.0,3251.0,347701.0,1990328.0,1954525.0
2025-07-23 11:00:00,3251.0,3266.0,3245.0,3264.0,226939.0,1954525.0,1941410.0
2025-07-23 13:00:00,3266.0,3267.0,3248.0,3248.0,135371.0,1941410.0,1941051.0
2025-07-23 14:00:00,3248.0,3277.0,3246.0,3274.0,299680.0,1941051.0,1922698.0
2025-07-23 21:00:00,3275.0,3278.0,3249.0,3265.0,531574.0,1922698.0,1924131.0
2025-07-23 22:00:00,3265.0,3280.0,3253.0,3256.0,310334.0,1924131.0,1905310.0
2025-07-24 09:00:00,3255.0,3265.0,3250.0,3260.0,194921.0,1905310.0,1907326.0
2025-07-24 10:00:00,3260.0,3275.0,3255.0,3273.0,189000.0,1907326.0,1899226.0
2025-07-24 11:00:00,3273.0,3276.0,3268.0,3275.0,104910.0,1899226.0,1896773.0
2025-07-24 13:00:00,3278.0,3295.0,3273.0,3292.0,353342.0,1896773.0,1911563.0
2025-07-24 14:00:00,3292.0,3330.0,3285.0,3294.0,849172.0,1911563.0,1906352.0
2025-07-24 21:00:00,3315.0,3325.0,3291.0,3310.0,642842.0,1906352.0,1933470.0
2025-07-24 22:00:00,3310.0,3314.0,3289.0,3309.0,401644.0,1933470.0,1920035.0
2025-07-25 09:00:00,3309.0,3310.0,3288.0,3306.0,283214.0,1920035.0,1919095.0
2025-07-25 10:00:00,3306.0,3329.0,3304.0,3314.0,332243.0,1919095.0,1934492.0
2025-07-25 11:00:00,3314.0,3326.0,3299.0,3324.0,228438.0,1934492.0,1930917.0
2025-07-25 13:00:00,3320.0,3325.0,3305.0,3321.0,257946.0,1930917.0,1942641.0
2025-07-25 14:00:00,3321.0,3358.0,3319.0,3356.0,731810.0,1942641.0,1998652.0
2025-07-25 21:00:00,3351.0,3352.0,3300.0,3323.0,969399.0,1998652.0,2003158.0
2025-07-25 22:00:00,3323.0,3324.0,3255.0,3268.0,884353.0,2003158.0,1926388.0
2025-07-28 09:00:00,3249.0,3271.0,3230.0,3263.0,495967.0,1926388.0,1922189.0
2025-07-28 10:00:00,3263.0,3284.0,3262.0,3276.0,209081.0,1922189.0,1931913.0
2025-07-28 11:00:00,3276.0,3276.0,3247.0,3253.0,185576.0,1931913.0,1921313.0
2025-07-28 13:00:00,3252.0,3261.0,3236.0,3244.0,316545.0,1921313.0,1945759.0
2025-07-28 14:00:00,3244.0,3251.0,3233.0,3248.0,353792.0,1945759.0,1935881.0
2025-07-28 21:00:00,3251.0,3264.0,3248.0,3258.0,400923.0,1935881.0,1961851.0
2025-07-28 22:00:00,3258.0,3269.0,3256.0,3263.0,178811.0,1961851.0,1949899.0
2025-07-29 09:00:00,3266.0,3274.0,3256.0,3265.0,211709.0,1949899.0,1948630.0
2025-07-29 10:00:00,3265.0,3309.0,3254.0,3304.0,504043.0,1948630.0,1996162.0
2025-07-29 11:00:00,3304.0,3328.0,3304.0,3322.0,459145.0,1996162.0,2056863.0
2025-07-29 13:00:00,3322.0,3344.0,3321.0,3338.0,502634.0,2056863.0,2146722.0
2025-07-29 14:00:00,3338.0,3349.0,3333.0,3347.0,454347.0,2146722.0,2175237.0
2025-07-29 21:00:00,3352.0,3376.0,3350.0,3368.0,859259.0,2175237.0,2203490.0
2025-07-29 22:00:00,3368.0,3384.0,3367.0,3380.0,350032.0,2203490.0,2207136.0
2025-07-30 09:00:00,3379.0,3380.0,3335.0,3343.0,784548.0,2207136.0,2141759.0
2025-07-30 10:00:00,3343.0,3356.0,3336.0,3351.0,240190.0,2141759.0,2133204.0
2025-07-30 11:00:00,3351.0,3352.0,3338.0,3344.0,132399.0,2133204.0,2118311.0
2025-07-30 13:00:00,3343.0,3352.0,3320.0,3332.0,330733.0,2118311.0,2081760.0
2025-07-30 14:00:00,3332.0,3332.0,3291.0,3315.0,813705.0,2081760.0,2029133.0
2025-07-30 21:00:00,3300.0,3301.0,3274.0,3280.0,571734.0,2029133.0,2025569.0
2025-07-30 22:00:00,3280.0,3283.0,3264.0,3272.0,227475.0,2025569.0,2004987.0
2025-07-31 09:00:00,3267.0,3269.0,3253.0,3257.0,336953.0,2004987.0,1985876.0
2025-07-31 10:00:00,3257.0,3265.0,3237.0,3251.0,314310.0,1985876.0,1947445.0
2025-07-31 11:00:00,3251.0,3256.0,3241.0,3245.0,123056.0,1947445.0,1934183.0
2025-07-31 13:00:00,3242.0,3242.0,3224.0,3227.0,352779.0,1934183.0,1887729.0
2025-07-31 14:00:00,3227.0,3227.0,3186.0,3205.0,804659.0,1887729.0,1816026.0
2025-07-31 21:00:00,3209.0,3222.0,3203.0,3220.0,532105.0,1816026.0,1793848.0
2025-07-31 22:00:00,3220.0,3225.0,3215.0,3224.0,170380.0,1793848.0,1788441.0
2025-08-01 09:00:00,3224.0,3231.0,3216.0,3230.0,248415.0,1788441.0,1793150.0
2025-08-01 10:00:00,3230.0,3235.0,3208.0,3220.0,279781.0,1793150.0,1792113.0
2025-08-01 11:00:00,3220.0,3222.0,3204.0,3208.0,116100.0,1792113.0,1789033.0
2025-08-01 13:00:00,3205.0,3215.0,3197.0,3212.0,237716.0,1789033.0,1784705.0
2025-08-01 14:00:00,3212.0,3217.0,3192.0,3203.0,344651.0,1784705.0,1760703.0
2025-08-01 21:00:00,3208.0,3216.0,3187.0,3192.0,366450.0,1760703.0,1795409.0
2025-08-01 22:00:00,3192.0,3196.0,3173.0,3175.0,299593.0,1795409.0,1798138.0
2025-08-04 09:00:00,3173.0,3183.0,3164.0,3180.0,361962.0,1798138.0,1781789.0
2025-08-04 10:00:00,3180.0,3188.0,3174.0,3184.0,148419.0,1781789.0,1774881.0
2025-08-04 11:00:00,3184.0,3188.0,3178.0,3180.0,70481.0,1774881.0,1768705.0
2025-08-04 13:00:00,3182.0,3198.0,3180.0,3194.0,153514.0,1768705.0,1760032.0
2025-08-04 14:00:00,3194.0,3206.0,3192.0,3204.0,234108.0,1760032.0,1742635.0
2025-08-04 21:00:00,3209.0,3219.0,3200.0,3213.0,322841.0,1742635.0,1762017.0
2025-08-04 22:00:00,3213.0,3215.0,3195.0,3197.0,184410.0,1762017.0,1747309.0
2025-08-05 09:00:00,3198.0,3201.0,3188.0,3193.0,243301.0,1747309.0,1760811.0
2025-08-05 10:00:00,3193.0,3205.0,3188.0,3197.0,153342.0,1760811.0,1762096.0
2025-08-05 11:00:00,3197.0,3202.0,3194.0,3198.0,67449.0,1762096.0,1760166.0
2025-08-05 13:00:00,3198.0,3216.0,3198.0,3209.0,155070.0,1760166.0,1764159.0
2025-08-05 14:00:00,3209.0,3247.0,3207.0,3233.0,454240.0,1764159.0,1708832.0
2025-08-05 21:00:00,3234.0,3236.0,3214.0,3223.0,339310.0,1708832.0,1702563.0
2025-08-05 22:00:00,3223.0,3225.0,3212.0,3218.0,132750.0,1702563.0,1689575.0
2025-08-06 09:00:00,3218.0,3231.0,3212.0,3231.0,159768.0,1689575.0,1689278.0
2025-08-06 10:00:00,3231.0,3245.0,3228.0,3242.0,178323.0,1689278.0,1669705.0
2025-08-06 11:00:00,3242.0,3246.0,3238.0,3244.0,90234.0,1669705.0,1665543.0
2025-08-06 13:00:00,3243.0,3246.0,3233.0,3240.0,112042.0,1665543.0,1663103.0
2025-08-06 14:00:00,3240.0,3245.0,3233.0,3234.0,190339.0,1663103.0,1652569.0
2025-08-06 21:00:00,3235.0,3254.0,3227.0,3232.0,398512.0,1652569.0,1666824.0
2025-08-06 22:00:00,3232.0,3240.0,3229.0,3235.0,127456.0,1666824.0,1657609.0
2025-08-07 09:00:00,3233.0,3238.0,3218.0,3221.0,181300.0,1657609.0,1664042.0
2025-08-07 10:00:00,3221.0,3232.0,3214.0,3229.0,188924.0,1664042.0,1663482.0
2025-08-07 11:00:00,3229.0,3256.0,3222.0,3255.0,239275.0,1663482.0,1652760.0
2025-08-07 13:00:00,3255.0,3262.0,3223.0,3235.0,326628.0,1652760.0,1645685.0
2025-08-07 14:00:00,3235.0,3237.0,3225.0,3231.0,186555.0,1645685.0,1628167.0
2025-08-07 21:00:00,3233.0,3235.0,3210.0,3211.0,282761.0,1628167.0,1645128.0
2025-08-07 22:00:00,3211.0,3219.0,3207.0,3215.0,135573.0,1645128.0,1633483.0
2025-08-08 09:00:00,3217.0,3217.0,3204.0,3209.0,163319.0,1633483.0,1644033.0
2025-08-08 10:00:00,3209.0,3222.0,3208.0,3217.0,121845.0,1644033.0,1637157.0
2025-08-08 11:00:00,3217.0,3218.0,3205.0,3213.0,85251.0,1637157.0,1635280.0
2025-08-08 13:00:00,3211.0,3215.0,3208.0,3213.0,42520.0,1635280.0,1635581.0
2025-08-08 14:00:00,3213.0,3225.0,3208.0,3213.0,209604.0,1635581.0,1612110.0
2025-08-08 21:00:00,3206.0,3220.0,3191.0,3215.0,303675.0,1612110.0,1622917.0
2025-08-08 22:00:00,3215.0,3217.0,3200.0,3207.0,157514.0,1622917.0,1618717.0
2025-08-11 09:00:00,3215.0,3240.0,3215.0,3236.0,361452.0,1618717.0,1625282.0
2025-08-11 10:00:00,3236.0,3249.0,3233.0,3243.0,188764.0,1625282.0,1630009.0
2025-08-11 11:00:00,3243.0,3246.0,3232.0,3233.0,87852.0,1630009.0,1624198.0
2025-08-11 13:00:00,3234.0,3245.0,3234.0,3244.0,64307.0,1624198.0,1621785.0
2025-08-11 14:00:00,3244.0,3255.0,3244.0,3250.0,247675.0,1621785.0,1612625.0
2025-08-11 21:00:00,3249.0,3251.0,3235.0,3239.0,221947.0,1612625.0,1637588.0
2025-08-11 22:00:00,3239.0,3247.0,3238.0,3247.0,109757.0,1637588.0,1630243.0
2025-08-12 09:00:00,3249.0,3257.0,3240.0,3252.0,222797.0,1630243.0,1632006.0
2025-08-12 10:00:00,3252.0,3263.0,3248.0,3255.0,177089.0,1632006.0,1620615.0
2025-08-12 11:00:00,3255.0,3265.0,3253.0,3259.0,94010.0,1620615.0,1617277.0
2025-08-12 13:00:00,3262.0,3269.0,3259.0,3262.0,132000.0,1617277.0,1620772.0
2025-08-12 14:00:00,3262.0,3267.0,3254.0,3258.0,184000.0,1620772.0,1605388.0
2025-08-12 21:00:00,3257.0,3274.0,3252.0,3257.0,306414.0,1605388.0,1647372.0
2025-08-12 22:00:00,3257.0,3259.0,3245.0,3253.0,200090.0,1647372.0,1640544.0
2025-08-13 09:00:00,3253.0,3258.0,3246.0,3250.0,136340.0,1640544.0,1640825.0
2025-08-13 10:00:00,3250.0,3254.0,3238.0,3243.0,115385.0,1640825.0,1641010.0
2025-08-13 11:00:00,3243.0,3254.0,3241.0,3252.0,83398.0,1641010.0,1637091.0
2025-08-13 13:00:00,3247.0,3249.0,3235.0,3238.0,121330.0,1637091.0,1651028.0
2025-08-13 14:00:00,3238.0,3243.0,3221.0,3222.0,273471.0,1651028.0,1652593.0
2025-08-13 21:00:00,3207.0,3219.0,3201.0,3216.0,279785.0,1652593.0,1650460.0
2025-08-13 22:00:00,3216.0,3218.0,3212.0,3216.0,66098.0,1650460.0,1643344.0
2025-08-14 09:00:00,3216.0,3225.0,3210.0,3211.0,140666.0,1643344.0,1642271.0
2025-08-14 10:00:00,3211.0,3221.0,3201.0,3206.0,154003.0,1642271.0,1648521.0
2025-08-14 11:00:00,3206.0,3210.0,3182.0,3184.0,234362.0,1648521.0,1656982.0
2025-08-14 13:00:00,3178.0,3196.0,3174.0,3189.0,205803.0,1656982.0,1656792.0
2025-08-14 14:00:00,3189.0,3198.0,3184.0,3189.0,202996.0,1656792.0,1636544.0
2025-08-14 21:00:00,3190.0,3200.0,3187.0,3190.0,214104.0,1636544.0,1645779.0
2025-08-14 22:00:00,3190.0,3194.0,3186.0,3188.0,95025.0,1645779.0,1638969.0
2025-08-15 09:00:00,3186.0,3187.0,3175.0,3186.0,192630.0,1638969.0,1632875.0
2025-08-15 10:00:00,3186.0,3187.0,3172.0,3174.0,141388.0,1632875.0,1636172.0
2025-08-15 11:00:00,3174.0,3176.0,3167.0,3172.0,111905.0,1636172.0,1643592.0
2025-08-15 13:00:00,3175.0,3192.0,3175.0,3183.0,158800.0,1643592.0,1632647.0
2025-08-15 14:00:00,3183.0,3189.0,3170.0,3188.0,205153.0,1632647.0,1617947.0
2025-08-15 21:00:00,3192.0,3203.0,3185.0,3194.0,236050.0,1617947.0,1616170.0
2025-08-15 22:00:00,3194.0,3199.0,3192.0,3197.0,92737.0,1616170.0,1608734.0
2025-08-18 09:00:00,3194.0,3194.0,3175.0,3182.0,253681.0,1608734.0,1608263.0
2025-08-18 10:00:00,3182.0,3183.0,3164.0,3167.0,186629.0,1608263.0,1627647.0
2025-08-18 11:00:00,3167.0,3171.0,3157.0,3158.0,156183.0,1627647.0,1629606.0
2025-08-18 13:00:00,3158.0,3163.0,3150.0,3153.0,133087.0,1629606.0,1631384.0
2025-08-18 14:00:00,3153.0,3158.0,3142.0,3155.0,258110.0,1631384.0,1609893.0
2025-08-18 21:00:00,3161.0,3170.0,3158.0,3162.0,239903.0,1609893.0,1595859.0
2025-08-18 22:00:00,3162.0,3165.0,3155.0,3156.0,75340.0,1595859.0,1598402.0
2025-08-19 09:00:00,3156.0,3160.0,3142.0,3148.0,240487.0,1598402.0,1608794.0
2025-08-19 10:00:00,3148.0,3148.0,3127.0,3128.0,202038.0,1608794.0,1620542.0
2025-08-19 11:00:00,3128.0,3137.0,3125.0,3136.0,101104.0,1620542.0,1619068.0
2025-08-19 13:00:00,3136.0,3138.0,3122.0,3125.0,115383.0,1619068.0,1628654.0
2025-08-19 14:00:00,3125.0,3132.0,3124.0,3126.0,147536.0,1628654.0,1608694.0
2025-08-19 21:00:00,3130.0,3132.0,3113.0,3122.0,310080.0,1608694.0,1620474.0
2025-08-19 22:00:00,3122.0,3123.0,3106.0,3114.0,201152.0,1620474.0,1599320.0
2025-08-20 09:00:00,3111.0,3123.0,3108.0,3113.0,156633.0,1599320.0,1589154.0
2025-08-20 10:00:00,3113.0,3120.0,3104.0,3116.0,163982.0,1589154.0,1573189.0
2025-08-20 11:00:00,3116.0,3135.0,3114.0,3131.0,146545.0,1573189.0,1562069.0
2025-08-20 13:00:00,3131.0,3141.0,3129.0,3137.0,166334.0,1562069.0,1545020.0
2025-08-20 14:00:00,3137.0,3139.0,3126.0,3132.0,172648.0,1545020.0,1523392.0
2025-08-20 21:00:00,3139.0,3145.0,3129.0,3135.0,204638.0,1523392.0,1532112.0
2025-08-20 22:00:00,3135.0,3145.0,3130.0,3137.0,148412.0,1532112.0,1523569.0
2025-08-21 09:00:00,3139.0,3142.0,3119.0,3122.0,245412.0,1523569.0,1516029.0
2025-08-21 10:00:00,3122.0,3128.0,3115.0,3124.0,146628.0,1516029.0,1497790.0
2025-08-21 11:00:00,3124.0,3143.0,3124.0,3138.0,140814.0,1497790.0,1473373.0
2025-08-21 13:00:00,3138.0,3139.0,3130.0,3133.0,62083.0,1473373.0,1471688.0
2025-08-21 14:00:00,3133.0,3137.0,3118.0,3121.0,177192.0,1471688.0,1458111.0
2025-08-21 21:00:00,3111.0,3124.0,3108.0,3115.0,183714.0,1458111.0,1461782.0
2025-08-21 22:00:00,3115.0,3127.0,3115.0,3122.0,104401.0,1461782.0,1450015.0
2025-08-22 09:00:00,3125.0,3125.0,3113.0,3119.0,113671.0,1450015.0,1442142.0
2025-08-22 10:00:00,3119.0,3124.0,3115.0,3121.0,81824.0,1442142.0,1437578.0
2025-08-22 11:00:00,3121.0,3122.0,3110.0,3115.0,85671.0,1437578.0,1431037.0
2025-08-22 13:00:00,3115.0,3123.0,3114.0,3115.0,68588.0,1431037.0,1424233.0
2025-08-22 14:00:00,3115.0,3119.0,3106.0,3119.0,163417.0,1424233.0,1411603.0
2025-08-22 21:00:00,3122.0,3147.0,3121.0,3140.0,286432.0,1411603.0,1406680.0
2025-08-22 22:00:00,3140.0,3155.0,3140.0,3154.0,166668.0,1406680.0,1388349.0
2025-08-25 09:00:00,3154.0,3155.0,3129.0,3132.0,229987.0,1388349.0,1381130.0
2025-08-25 10:00:00,3132.0,3165.0,3132.0,3158.0,209291.0,1381130.0,1356786.0
2025-08-25 11:00:00,3158.0,3160.0,3143.0,3148.0,95218.0,1356786.0,1353968.0
2025-08-25 13:00:00,3146.0,3149.0,3139.0,3143.0,77336.0,1353968.0,1358859.0
2025-08-25 14:00:00,3143.0,3148.0,3137.0,3138.0,135381.0,1358859.0,1347830.0
2025-08-25 21:00:00,3141.0,3143.0,3131.0,3131.0,161873.0,1347830.0,1353087.0
2025-08-25 22:00:00,3131.0,3133.0,3127.0,3130.0,83276.0,1353087.0,1349768.0
2025-08-26 09:00:00,3129.0,3133.0,3117.0,3132.0,143142.0,1349768.0,1339735.0
2025-08-26 10:00:00,3132.0,3135.0,3122.0,3126.0,79179.0,1339735.0,1332396.0
2025-08-26 11:00:00,3126.0,3132.0,3122.0,3124.0,62822.0,1332396.0,1326001.0
2025-08-26 13:00:00,3123.0,3124.0,3112.0,3121.0,102001.0,1326001.0,1325888.0
2025-08-26 14:00:00,3121.0,3122.0,3111.0,3113.0,137801.0,1325888.0,1308206.0
2025-08-26 21:00:00,3113.0,3117.0,3107.0,3112.0,184299.0,1308206.0,1307489.0
2025-08-26 22:00:00,3112.0,3121.0,3111.0,3114.0,104236.0,1307489.0,1295371.0
2025-08-27 09:00:00,3116.0,3119.0,3097.0,3100.0,135620.0,1295371.0,1289167.0
2025-08-27 10:00:00,3100.0,3110.0,3098.0,3108.0,128889.0,1289167.0,1283865.0
2025-08-27 11:00:00,3108.0,3128.0,3107.0,3120.0,173769.0,1283865.0,1258335.0
2025-08-27 13:00:00,3118.0,3118.0,3110.0,3113.0,89074.0,1258335.0,1252300.0
2025-08-27 14:00:00,3113.0,3123.0,3108.0,3111.0,190847.0,1252300.0,1234764.0
2025-08-27 21:00:00,3105.0,3110.0,3100.0,3107.0,142248.0,1234764.0,1240554.0
2025-08-27 22:00:00,3107.0,3112.0,3100.0,3101.0,86387.0,1240554.0,1235328.0
2025-08-28 09:00:00,3102.0,3112.0,3098.0,3107.0,152541.0,1235328.0,1229098.0
2025-08-28 10:00:00,3107.0,3125.0,3106.0,3119.0,160400.0,1229098.0,1210315.0
2025-08-28 11:00:00,3119.0,3121.0,3113.0,3116.0,56538.0,1210315.0,1204563.0
2025-08-28 13:00:00,3112.0,3130.0,3109.0,3126.0,135737.0,1204563.0,1188500.0
2025-08-28 14:00:00,3126.0,3136.0,3126.0,3129.0,213551.0,1188500.0,1148167.0
2025-08-28 21:00:00,3130.0,3134.0,3123.0,3123.0,147414.0,1148167.0,1126069.0
2025-08-28 22:00:00,3123.0,3126.0,3105.0,3110.0,137511.0,1126069.0,1109077.0
2025-08-29 09:00:00,3108.0,3113.0,3103.0,3106.0,107542.0,1109077.0,1098201.0
2025-08-29 10:00:00,3106.0,3111.0,3103.0,3105.0,64428.0,1098201.0,1097688.0
2025-08-29 11:00:00,3105.0,3109.0,3103.0,3107.0,30648.0,1097688.0,1091459.0
2025-08-29 13:00:00,3106.0,3111.0,3103.0,3110.0,55216.0,1091459.0,1086335.0
2025-08-29 14:00:00,3110.0,3111.0,3083.0,3090.0,265913.0,1086335.0,1055710.0
2025-08-29 21:00:00,3153.0,3161.0,3134.0,3135.0,313196.0,1055710.0,1503154.0
2025-08-29 22:00:00,3135.0,3139.0,3124.0,3125.0,214054.0,1503154.0,1523119.0
2025-09-01 09:00:00,3123.0,3125.0,3107.0,3110.0,313279.0,1523119.0,1585366.0
2025-09-01 10:00:00,3110.0,3116.0,3105.0,3110.0,120526.0,1585366.0,1608401.0
2025-09-01 11:00:00,3110.0,3111.0,3101.0,3103.0,59781.0,1608401.0,1618079.0
2025-09-01 13:00:00,3105.0,3110.0,3094.0,3110.0,125451.0,1618079.0,1637879.0
2025-09-01 14:00:00,3110.0,3118.0,3104.0,3115.0,196529.0,1637879.0,1633714.0
2025-09-01 21:00:00,3118.0,3120.0,3106.0,3114.0,169348.0,1633714.0,1654264.0
2025-09-01 22:00:00,3114.0,3116.0,3106.0,3107.0,93122.0,1654264.0,1663246.0
2025-09-02 09:00:00,3108.0,3113.0,3101.0,3113.0,125476.0,1663246.0,1673669.0
2025-09-02 10:00:00,3113.0,3123.0,3107.0,3123.0,122452.0,1673669.0,1674991.0
2025-09-02 11:00:00,3123.0,3135.0,3118.0,3125.0,164526.0,1674991.0,1674637.0
2025-09-02 13:00:00,3124.0,3130.0,3117.0,3118.0,76300.0,1674637.0,1676129.0
2025-09-02 14:00:00,3118.0,3125.0,3115.0,3117.0,118543.0,1676129.0,1675244.0
2025-09-02 21:00:00,3120.0,3144.0,3117.0,3142.0,265814.0,1675244.0,1678594.0
2025-09-02 22:00:00,3142.0,3146.0,3129.0,3137.0,153808.0,1678594.0,1673449.0
2025-09-03 09:00:00,3139.0,3143.0,3105.0,3109.0,283135.0,1673449.0,1724412.0
2025-09-03 10:00:00,3109.0,3113.0,3102.0,3107.0,144466.0,1724412.0,1746892.0
2025-09-03 11:00:00,3107.0,3110.0,3101.0,3103.0,62167.0,1746892.0,1755243.0
2025-09-03 13:00:00,3102.0,3112.0,3099.0,3108.0,116145.0,1755243.0,1759926.0
2025-09-03 14:00:00,3108.0,3112.0,3101.0,3106.0,143613.0,1759926.0,1754813.0
2025-09-03 21:00:00,3107.0,3108.0,3092.0,3097.0,246771.0,1754813.0,1771373.0
2025-09-03 22:00:00,3097.0,3098.0,3088.0,3092.0,107509.0,1771373.0,1767354.0
2025-09-04 09:00:00,3091.0,3112.0,3090.0,3111.0,181697.0,1767354.0,1769293.0
2025-09-04 10:00:00,3111.0,3124.0,3101.0,3124.0,184453.0,1769293.0,1755413.0
2025-09-04 11:00:00,3124.0,3130.0,3116.0,3129.0,160889.0,1755413.0,1750640.0
2025-09-04 13:00:00,3130.0,3132.0,3113.0,3122.0,156752.0,1750640.0,1750455.0
2025-09-04 14:00:00,3122.0,3131.0,3115.0,3117.0,193255.0,1750455.0,1736432.0
2025-09-04 21:00:00,3123.0,3124.0,3110.0,3122.0,170816.0,1736432.0,1737521.0
2025-09-04 22:00:00,3122.0,3122.0,3108.0,3115.0,122510.0,1737521.0,1741962.0
2025-09-05 09:00:00,3116.0,3117.0,3102.0,3103.0,157335.0,1741962.0,1750133.0
2025-09-05 10:00:00,3103.0,3110.0,3100.0,3107.0,117910.0,1750133.0,1765527.0
2025-09-05 11:00:00,3107.0,3125.0,3104.0,3124.0,125060.0,1765527.0,1757950.0
2025-09-05 13:00:00,3125.0,3144.0,3125.0,3140.0,284122.0,1757950.0,1749001.0
2025-09-05 14:00:00,3140.0,3153.0,3137.0,3143.0,407414.0,1749001.0,1737894.0
2025-09-05 21:00:00,3147.0,3151.0,3126.0,3129.0,260170.0,1737894.0,1752215.0
2025-09-05 22:00:00,3129.0,3130.0,3114.0,3120.0,212226.0,1752215.0,1765658.0
2025-09-08 09:00:00,3118.0,3120.0,3106.0,3110.0,290082.0,1765658.0,1803290.0
2025-09-08 10:00:00,3110.0,3123.0,3109.0,3120.0,116746.0,1803290.0,1799792.0
2025-09-08 11:00:00,3120.0,3124.0,3115.0,3123.0,66177.0,1799792.0,1802511.0
2025-09-08 13:00:00,3123.0,3134.0,3117.0,3127.0,140183.0,1802511.0,1806074.0
2025-09-08 14:00:00,3127.0,3133.0,3121.0,3132.0,172369.0,1806074.0,1798654.0
2025-09-08 21:00:00,3136.0,3138.0,3125.0,3126.0,154288.0,1798654.0,1801117.0
2025-09-08 22:00:00,3126.0,3128.0,3123.0,3125.0,68725.0,1801117.0,1801545.0
2025-09-09 09:00:00,3127.0,3150.0,3117.0,3149.0,317548.0,1801545.0,1794096.0
2025-09-09 10:00:00,3149.0,3152.0,3143.0,3147.0,220904.0,1794096.0,1792377.0
2025-09-09 11:00:00,3147.0,3151.0,3123.0,3128.0,215280.0,1792377.0,1774164.0
2025-09-09 13:00:00,3126.0,3131.0,3115.0,3125.0,166201.0,1774164.0,1788049.0
2025-09-09 14:00:00,3125.0,3130.0,3119.0,3123.0,186413.0,1788049.0,1778829.0
2025-09-09 21:00:00,3115.0,3116.0,3092.0,3096.0,426583.0,1778829.0,1880367.0
2025-09-09 22:00:00,3096.0,3107.0,3094.0,3097.0,155514.0,1880367.0,1879868.0
2025-09-10 09:00:00,3095.0,3114.0,3094.0,3113.0,185078.0,1879868.0,1888614.0
2025-09-10 10:00:00,3113.0,3126.0,3108.0,3124.0,187584.0,1888614.0,1872523.0
2025-09-10 11:00:00,3124.0,3126.0,3121.0,3121.0,62043.0,1872523.0,1866094.0
2025-09-10 13:00:00,3123.0,3124.0,3114.0,3118.0,86359.0,1866094.0,1866625.0
2025-09-10 14:00:00,3118.0,3122.0,3107.0,3109.0,161388.0,1866625.0,1867674.0
2025-09-10 21:00:00,3113.0,3114.0,3103.0,3107.0,191478.0,1867674.0,1900341.0
2025-09-10 22:00:00,3107.0,3118.0,3104.0,3115.0,120446.0,1900341.0,1894357.0
2025-09-11 09:00:00,3116.0,3119.0,3105.0,3108.0,189234.0,1894357.0,1929734.0
2025-09-11 10:00:00,3108.0,3112.0,3092.0,3097.0,256706.0,1929734.0,1983681.0
2025-09-11 11:00:00,3097.0,3106.0,3085.0,3086.0,183093.0,1983681.0,1996075.0
2025-09-11 13:00:00,3085.0,3097.0,3082.0,3088.0,192337.0,1996075.0,2028290.0
2025-09-11 14:00:00,3088.0,3111.0,3088.0,3092.0,409516.0,2028290.0,2000701.0
2025-09-11 21:00:00,3092.0,3093.0,3075.0,3085.0,331978.0,2000701.0,2052817.0
2025-09-11 22:00:00,3085.0,3088.0,3082.0,3085.0,132882.0,2052817.0,2036931.0
2025-09-12 09:00:00,3086.0,3089.0,3081.0,3082.0,136228.0,2036931.0,2040580.0
2025-09-12 10:00:00,3082.0,3098.0,3080.0,3091.0,189917.0,2040580.0,2029268.0
2025-09-12 11:00:00,3091.0,3137.0,3090.0,3136.0,651971.0,2029268.0,1955925.0
2025-09-12 13:00:00,3134.0,3135.0,3119.0,3120.0,231530.0,1955925.0,1932810.0
2025-09-12 14:00:00,3120.0,3130.0,3108.0,3127.0,434195.0,1932810.0,1912184.0
2025-09-12 21:00:00,3126.0,3134.0,3124.0,3132.0,229393.0,1912184.0,1921819.0
2025-09-12 22:00:00,3132.0,3134.0,3117.0,3120.0,163196.0,1921819.0,1911028.0
2025-09-15 09:00:00,3118.0,3129.0,3110.0,3124.0,266913.0,1911028.0,1940229.0
2025-09-15 10:00:00,3124.0,3125.0,3111.0,3123.0,179380.0,1940229.0,1963183.0
2025-09-15 11:00:00,3123.0,3144.0,3123.0,3137.0,238307.0,1963183.0,1969311.0
2025-09-15 13:00:00,3136.0,3142.0,3133.0,3137.0,122900.0,1969311.0,1984029.0
2025-09-15 14:00:00,3137.0,3138.0,3121.0,3136.0,270924.0,1984029.0,1978070.0
2025-09-15 21:00:00,3148.0,3178.0,3144.0,3173.0,659573.0,1978070.0,2002764.0
2025-09-15 22:00:00,3173.0,3178.0,3170.0,3175.0,161054.0,2002764.0,1981421.0
2025-09-16 09:00:00,3177.0,3177.0,3157.0,3161.0,322116.0,1981421.0,1979011.0
2025-09-16 10:00:00,3161.0,3180.0,3159.0,3159.0,381127.0,1979011.0,1998903.0
2025-09-16 11:00:00,3159.0,3163.0,3154.0,3162.0,183506.0,1998903.0,1973323.0
2025-09-16 13:00:00,3163.0,3169.0,3159.0,3168.0,81016.0,1973323.0,1974716.0
2025-09-16 14:00:00,3168.0,3173.0,3165.0,3166.0,176964.0,1974716.0,1956248.0
2025-09-16 21:00:00,3167.0,3170.0,3151.0,3152.0,293608.0,1956248.0,1992386.0
2025-09-16 22:00:00,3152.0,3156.0,3148.0,3151.0,171266.0,1992386.0,1998681.0
2025-09-17 09:00:00,3152.0,3154.0,3144.0,3150.0,205431.0,1998681.0,1998494.0
2025-09-17 10:00:00,3150.0,3155.0,3141.0,3153.0,155392.0,1998494.0,2001863.0
2025-09-17 11:00:00,3153.0,3161.0,3152.0,3156.0,102665.0,2001863.0,1992682.0
2025-09-17 13:00:00,3156.0,3166.0,3155.0,3161.0,113483.0,1992682.0,1987871.0
2025-09-17 14:00:00,3161.0,3169.0,3154.0,3168.0,200249.0,1987871.0,1963371.0
2025-09-17 21:00:00,3166.0,3176.0,3160.0,3170.0,273110.0,1963371.0,1977677.0
2025-09-17 22:00:00,3170.0,3171.0,3164.0,3169.0,121147.0,1977677.0,1966991.0
2025-09-18 09:00:00,3164.0,3164.0,3154.0,3160.0,249767.0,1966991.0,1975283.0
2025-09-18 10:00:00,3160.0,3161.0,3134.0,3142.0,384027.0,1975283.0,2042635.0
2025-09-18 11:00:00,3142.0,3143.0,3123.0,3135.0,183780.0,2042635.0,2058947.0
2025-09-18 13:00:00,3135.0,3148.0,3134.0,3141.0,238671.0,2058947.0,2041421.0
2025-09-18 14:00:00,3141.0,3149.0,3132.0,3147.0,277216.0,2041421.0,1999684.0
2025-09-18 21:00:00,3145.0,3157.0,3144.0,3151.0,243369.0,1999684.0,2005145.0
2025-09-18 22:00:00,3151.0,3156.0,3141.0,3146.0,159240.0,2005145.0,1992879.0
2025-09-19 09:00:00,3145.0,3160.0,3145.0,3153.0,188386.0,1992879.0,1991909.0
2025-09-19 10:00:00,3153.0,3165.0,3153.0,3162.0,151918.0,1991909.0,2000539.0
2025-09-19 11:00:00,3162.0,3167.0,3159.0,3160.0,102955.0,2000539.0,1994894.0
2025-09-19 13:00:00,3159.0,3169.0,3156.0,3165.0,116379.0,1994894.0,1985267.0
2025-09-19 14:00:00,3165.0,3175.0,3163.0,3172.0,288344.0,1985267.0,1970510.0
2025-09-19 21:00:00,3173.0,3194.0,3171.0,3185.0,419991.0,1970510.0,1962479.0
2025-09-19 22:00:00,3185.0,3190.0,3183.0,3188.0,135008.0,1962479.0,1943990.0
2025-09-22 09:00:00,3187.0,3202.0,3179.0,3192.0,436180.0,1943990.0,1906985.0
2025-09-22 10:00:00,3192.0,3198.0,3181.0,3186.0,190542.0,1906985.0,1894677.0
2025-09-22 11:00:00,3186.0,3186.0,3176.0,3182.0,132585.0,1894677.0,1884094.0
2025-09-22 13:00:00,3183.0,3188.0,3181.0,3183.0,93593.0,1884094.0,1881219.0
2025-09-22 14:00:00,3183.0,3192.0,3175.0,3185.0,244630.0,1881219.0,1861142.0
2025-09-22 21:00:00,3180.0,3182.0,3166.0,3174.0,288923.0,1861142.0,1870469.0
2025-09-22 22:00:00,3174.0,3175.0,3164.0,3170.0,141338.0,1870469.0,1864844.0
2025-09-23 09:00:00,3170.0,3181.0,3168.0,3173.0,158080.0,1864844.0,1872316.0
2025-09-23 10:00:00,3173.0,3174.0,3152.0,3158.0,297591.0,1872316.0,1873615.0
2025-09-23 11:00:00,3158.0,3160.0,3150.0,3153.0,98136.0,1873615.0,1878206.0
2025-09-23 13:00:00,3153.0,3157.0,3148.0,3152.0,107536.0,1878206.0,1886778.0
2025-09-23 14:00:00,3152.0,3157.0,3146.0,3155.0,198772.0,1886778.0,1881412.0
2025-09-23 21:00:00,3156.0,3159.0,3142.0,3148.0,233231.0,1881412.0,1912510.0
2025-09-23 22:00:00,3148.0,3152.0,3144.0,3145.0,93567.0,1912510.0,1908945.0
2025-09-24 09:00:00,3145.0,3154.0,3140.0,3153.0,145956.0,1908945.0,1920107.0
2025-09-24 10:00:00,3153.0,3158.0,3146.0,3156.0,131305.0,1920107.0,1920534.0
2025-09-24 11:00:00,3156.0,3160.0,3150.0,3155.0,91119.0,1920534.0,1915367.0
2025-09-24 13:00:00,3155.0,3170.0,3154.0,3164.0,200658.0,1915367.0,1914675.0
2025-09-24 14:00:00,3164.0,3179.0,3162.0,3164.0,309316.0,1914675.0,1882224.0
2025-09-24 21:00:00,3169.0,3170.0,3159.0,3167.0,150960.0,1882224.0,1897890.0
2025-09-24 22:00:00,3167.0,3169.0,3160.0,3164.0,92498.0,1897890.0,1890217.0
2025-09-25 09:00:00,3162.0,3162.0,3154.0,3156.0,156879.0,1890217.0,1900367.0
2025-09-25 10:00:00,3156.0,3169.0,3152.0,3168.0,152702.0,1900367.0,1898574.0
2025-09-25 11:00:00,3168.0,3171.0,3166.0,3170.0,79445.0,1898574.0,1893486.0
2025-09-25 13:00:00,3169.0,3175.0,3165.0,3170.0,128084.0,1893486.0,1878503.0
2025-09-25 14:00:00,3170.0,3173.0,3166.0,3167.0,122447.0,1878503.0,1870449.0
2025-09-25 21:00:00,3165.0,3171.0,3153.0,3155.0,225002.0,1870449.0,1884651.0
2025-09-25 22:00:00,3155.0,3158.0,3155.0,3157.0,70728.0,1884651.0,1877082.0
2025-09-26 09:00:00,3156.0,3157.0,3131.0,3137.0,386044.0,1877082.0,1924017.0
2025-09-26 10:00:00,3137.0,3143.0,3135.0,3143.0,118667.0,1924017.0,1926488.0
2025-09-26 11:00:00,3143.0,3147.0,3137.0,3138.0,76752.0,1926488.0,1922406.0
2025-09-26 13:00:00,3137.0,3146.0,3136.0,3138.0,83558.0,1922406.0,1923706.0
2025-09-26 14:00:00,3138.0,3142.0,3113.0,3114.0,428005.0,1923706.0,1976545.0
2025-09-26 21:00:00,3115.0,3117.0,3107.0,3112.0,241332.0,1976545.0,1976101.0
2025-09-26 22:00:00,3112.0,3116.0,3098.0,3099.0,132369.0,1976101.0,1963946.0
2025-09-29 09:00:00,3105.0,3113.0,3097.0,3113.0,330584.0,1963946.0,1946995.0
2025-09-29 10:00:00,3113.0,3113.0,3101.0,3106.0,109888.0,1946995.0,1947623.0
2025-09-29 11:00:00,3106.0,3109.0,3101.0,3106.0,57657.0,1947623.0,1946811.0
2025-09-29 13:00:00,3107.0,3112.0,3107.0,3111.0,81797.0,1946811.0,1946339.0
2025-09-29 14:00:00,3111.0,3113.0,3097.0,3097.0,192061.0,1946339.0,1926639.0
2025-09-29 21:00:00,3104.0,3109.0,3097.0,3106.0,176707.0,1926639.0,1922970.0
2025-09-29 22:00:00,3106.0,3111.0,3098.0,3100.0,92359.0,1922970.0,1914400.0
2025-09-30 09:00:00,3102.0,3103.0,3093.0,3099.0,129820.0,1914400.0,1917878.0
2025-09-30 10:00:00,3099.0,3100.0,3088.0,3089.0,107523.0,1917878.0,1914052.0
2025-09-30 11:00:00,3089.0,3092.0,3082.0,3083.0,72246.0,1914052.0,1910141.0
2025-09-30 13:00:00,3083.0,3091.0,3080.0,3081.0,103543.0,1910141.0,1903821.0
2025-09-30 14:00:00,3081.0,3082.0,3068.0,3072.0,277630.0,1903821.0,1873832.0
2025-10-09 09:00:00,3086.0,3091.0,3073.0,3087.0,305522.0,1873832.0,1895617.0
2025-10-09 10:00:00,3087.0,3100.0,3084.0,3088.0,153634.0,1895617.0,1900673.0
2025-10-09 11:00:00,3088.0,3094.0,3075.0,3077.0,91417.0,1900673.0,1913370.0
2025-10-09 13:00:00,3078.0,3092.0,3078.0,3092.0,104278.0,1913370.0,1912749.0
2025-10-09 14:00:00,3092.0,3100.0,3089.0,3096.0,168832.0,1912749.0,1908129.0
2025-10-09 21:00:00,3110.0,3124.0,3105.0,3112.0,351332.0,1908129.0,1916466.0
2025-10-09 22:00:00,3112.0,3114.0,3107.0,3111.0,100033.0,1916466.0,1907738.0
2025-10-10 09:00:00,3110.0,3110.0,3095.0,3104.0,186530.0,1907738.0,1926070.0
2025-10-10 10:00:00,3104.0,3109.0,3098.0,3098.0,105983.0,1926070.0,1929352.0
2025-10-10 11:00:00,3098.0,3104.0,3093.0,3103.0,80711.0,1929352.0,1930992.0
2025-10-10 13:00:00,3104.0,3107.0,3098.0,3104.0,74349.0,1930992.0,1934337.0
2025-10-10 14:00:00,3104.0,3105.0,3095.0,3103.0,140424.0,1934337.0,1926153.0
2025-10-10 21:00:00,3108.0,3114.0,3100.0,3104.0,237067.0,1926153.0,1939934.0
2025-10-10 22:00:00,3104.0,3108.0,3100.0,3106.0,85873.0,1939934.0,1925459.0
2025-10-13 09:00:00,3088.0,3088.0,3070.0,3075.0,378474.0,1925459.0,1947423.0
2025-10-13 10:00:00,3075.0,3087.0,3072.0,3076.0,137314.0,1947423.0,1954566.0
2025-10-13 11:00:00,3076.0,3079.0,3066.0,3069.0,97231.0,1954566.0,1971467.0
2025-10-13 13:00:00,3070.0,3081.0,3070.0,3080.0,92164.0,1971467.0,1971099.0
2025-10-13 14:00:00,3080.0,3092.0,3078.0,3083.0,203735.0,1971099.0,1952748.0
2025-10-13 21:00:00,3089.0,3093.0,3080.0,3082.0,151441.0,1952748.0,1964362.0
2025-10-13 22:00:00,3082.0,3083.0,3064.0,3071.0,213720.0,1964362.0,1956951.0
2025-10-14 09:00:00,3069.0,3071.0,3051.0,3054.0,247207.0,1956951.0,1993374.0
2025-10-14 10:00:00,3054.0,3059.0,3046.0,3047.0,111772.0,1993374.0,2007664.0
2025-10-14 11:00:00,3047.0,3048.0,3039.0,3044.0,117771.0,2007664.0,2016304.0
2025-10-14 13:00:00,3044.0,3059.0,3042.0,3050.0,113370.0,2016304.0,2008371.0
2025-10-14 14:00:00,3050.0,3064.0,3041.0,3061.0,202826.0,2008371.0,1991462.0
2025-10-14 21:00:00,3060.0,3061.0,3048.0,3054.0,162929.0,1991462.0,2007184.0
2025-10-14 22:00:00,3054.0,3057.0,3049.0,3052.0,74001.0,2007184.0,2004251.0
2025-10-15 09:00:00,3053.0,3063.0,3051.0,3058.0,144929.0,2004251.0,2005308.0
2025-10-15 10:00:00,3058.0,3061.0,3046.0,3048.0,87680.0,2005308.0,2006220.0
2025-10-15 11:00:00,3048.0,3048.0,3031.0,3032.0,182319.0,2006220.0,2041121.0
2025-10-15 13:00:00,3032.0,3037.0,3027.0,3034.0,161244.0,2041121.0,2058524.0
2025-10-15 14:00:00,3034.0,3044.0,3028.0,3034.0,205034.0,2058524.0,2051545.0
2025-10-15 21:00:00,3038.0,3041.0,3023.0,3025.0,197344.0,2051545.0,2075157.0
2025-10-15 22:00:00,3025.0,3031.0,3021.0,3023.0,103042.0,2075157.0,2073268.0
2025-10-16 09:00:00,3023.0,3038.0,3023.0,3033.0,147997.0,2073268.0,2064397.0
2025-10-16 10:00:00,3033.0,3043.0,3033.0,3042.0,89839.0,2064397.0,2060690.0
2025-10-16 11:00:00,3042.0,3042.0,3025.0,3027.0,94941.0,2060690.0,2058000.0
2025-10-16 13:00:00,3027.0,3054.0,3026.0,3043.0,236598.0,2058000.0,2053868.0
2025-10-16 14:00:00,3043.0,3050.0,3040.0,3049.0,166606.0,2053868.0,2039387.0
2025-10-16 21:00:00,3054.0,3061.0,3047.0,3049.0,182893.0,2039387.0,2033047.0
2025-10-16 22:00:00,3049.0,3056.0,3049.0,3055.0,90328.0,2033047.0,2019239.0
2025-10-17 09:00:00,3053.0,3058.0,3046.0,3053.0,155985.0,2019239.0,2016062.0
2025-10-17 10:00:00,3053.0,3053.0,3043.0,3051.0,113495.0,2016062.0,2008526.0
2025-10-17 11:00:00,3051.0,3052.0,3039.0,3041.0,76980.0,2008526.0,2010854.0
2025-10-17 13:00:00,3041.0,3043.0,3034.0,3041.0,86951.0,2010854.0,2013259.0
2025-10-17 14:00:00,3041.0,3042.0,3032.0,3037.0,148039.0,2013259.0,2004317.0
2025-10-17 21:00:00,3041.0,3076.0,3040.0,3063.0,450383.0,2004317.0,1996298.0
2025-10-17 22:00:00,3063.0,3064.0,3052.0,3057.0,148513.0,1996298.0,1981477.0
2025-10-20 09:00:00,3061.0,3071.0,3061.0,3063.0,211042.0,1981477.0,1993432.0
2025-10-20 10:00:00,3063.0,3067.0,3048.0,3049.0,141551.0,1993432.0,1992514.0
2025-10-20 11:00:00,3049.0,3052.0,3046.0,3050.0,60436.0,1992514.0,1999223.0
2025-10-20 13:00:00,3049.0,3054.0,3040.0,3043.0,85785.0,1999223.0,2011148.0
2025-10-20 14:00:00,3043.0,3052.0,3041.0,3045.0,134830.0,2011148.0,2005926.0
2025-10-20 21:00:00,3046.0,3047.0,3036.0,3043.0,162039.0,2005926.0,2010553.0
2025-10-20 22:00:00,3043.0,3048.0,3039.0,3044.0,80655.0,2010553.0,2008719.0
2025-10-21 09:00:00,3045.0,3051.0,3042.0,3044.0,114423.0,2008719.0,2013717.0
2025-10-21 10:00:00,3044.0,3056.0,3039.0,3056.0,139803.0,2013717.0,2014427.0
2025-10-21 11:00:00,3056.0,3065.0,3054.0,3062.0,128661.0,2014427.0,2011329.0
2025-10-21 13:00:00,3063.0,3063.0,3058.0,3060.0,85164.0,2011329.0,2006766.0
2025-10-21 14:00:00,3060.0,3063.0,3046.0,3047.0,183828.0,2006766.0,1995833.0
2025-10-21 21:00:00,3049.0,3067.0,3045.0,3055.0,228777.0,1995833.0,2004571.0
2025-10-21 22:00:00,3055.0,3056.0,3047.0,3051.0,102531.0,2004571.0,2001865.0
2025-10-22 09:00:00,3052.0,3062.0,3049.0,3060.0,130346.0,2001865.0,1992324.0
2025-10-22 10:00:00,3060.0,3066.0,3058.0,3060.0,111537.0,1992324.0,1992521.0
2025-10-22 11:00:00,3060.0,3063.0,3057.0,3060.0,40146.0,1992521.0,1988583.0
2025-10-22 13:00:00,3062.0,3064.0,3055.0,3064.0,77082.0,1988583.0,1992944.0
2025-10-22 14:00:00,3064.0,3068.0,3061.0,3068.0,132568.0,1992944.0,1977511.0
2025-10-22 21:00:00,3071.0,3075.0,3061.0,3061.0,191968.0,1977511.0,1977328.0
2025-10-22 22:00:00,3061.0,3066.0,3059.0,3065.0,78661.0,1977328.0,1969368.0
2025-10-23 09:00:00,3067.0,3069.0,3060.0,3061.0,105303.0,1969368.0,1965881.0
2025-10-23 10:00:00,3061.0,3078.0,3060.0,3076.0,176674.0,1965881.0,1976101.0
2025-10-23 11:00:00,3076.0,3082.0,3074.0,3077.0,91611.0,1976101.0,1978261.0
2025-10-23 13:00:00,3078.0,3083.0,3068.0,3073.0,125322.0,1978261.0,1968029.0
2025-10-23 14:00:00,3073.0,3075.0,3066.0,3071.0,160601.0,1968029.0,1969325.0
2025-10-23 21:00:00,3072.0,3076.0,3053.0,3057.0,317819.0,1969325.0,2002110.0
2025-10-23 22:00:00,3057.0,3058.0,3051.0,3058.0,126607.0,2002110.0,2000226.0
2025-10-24 09:00:00,3057.0,3059.0,3047.0,3049.0,140015.0,2000226.0,2018337.0
2025-10-24 10:00:00,3049.0,3052.0,3038.0,3042.0,173318.0,2018337.0,2048232.0
2025-10-24 11:00:00,3042.0,3054.0,3041.0,3052.0,98013.0,2048232.0,2040612.0
2025-10-24 13:00:00,3053.0,3054.0,3048.0,3049.0,70057.0,2040612.0,2034686.0
2025-10-24 14:00:00,3049.0,3053.0,3042.0,3046.0,155864.0,2034686.0,2050545.0
2025-10-24 21:00:00,3050.0,3082.0,3048.0,3075.0,580550.0,2050545.0,2033219.0
2025-10-24 22:00:00,3075.0,3078.0,3068.0,3071.0,147371.0,2033219.0,2009625.0
2025-10-27 09:00:00,3083.0,3095.0,3066.0,3067.0,412277.0,2009625.0,1993329.0
2025-10-27 10:00:00,3067.0,3073.0,3066.0,3070.0,99543.0,1993329.0,1989290.0
2025-10-27 11:00:00,3070.0,3075.0,3069.0,3069.0,45706.0,1989290.0,1985691.0
2025-10-27 13:00:00,3070.0,3080.0,3070.0,3073.0,69917.0,1985691.0,1983344.0
2025-10-27 14:00:00,3073.0,3100.0,3073.0,3100.0,340837.0,1983344.0,1953001.0
2025-10-27 21:00:00,3102.0,3119.0,3096.0,3112.0,405123.0,1953001.0,1964137.0
2025-10-27 22:00:00,3112.0,3116.0,3109.0,3111.0,114135.0,1964137.0,1951114.0
2025-10-28 09:00:00,3111.0,3116.0,3095.0,3096.0,263079.0,1951114.0,1940373.0
2025-10-28 10:00:00,3096.0,3101.0,3087.0,3089.0,161770.0,1940373.0,1936220.0
2025-10-28 11:00:00,3089.0,3096.0,3088.0,3095.0,83669.0,1936220.0,1935894.0
2025-10-28 13:00:00,3094.0,3096.0,3087.0,3095.0,90800.0,1935894.0,1935426.0
2025-10-28 14:00:00,3095.0,3104.0,3091.0,3091.0,214830.0,1935426.0,1930357.0
2025-10-28 21:00:00,3094.0,3121.0,3092.0,3119.0,420461.0,1930357.0,1938955.0
2025-10-28 22:00:00,3119.0,3123.0,3115.0,3117.0,141060.0,1938955.0,1925273.0
2025-10-29 09:00:00,3117.0,3118.0,3111.0,3115.0,129323.0,1925273.0,1917719.0
2025-10-29 10:00:00,3115.0,3119.0,3110.0,3117.0,89062.0,1917719.0,1910992.0
2025-10-29 11:00:00,3117.0,3123.0,3115.0,3117.0,79703.0,1910992.0,1905407.0
2025-10-29 13:00:00,3117.0,3125.0,3116.0,3123.0,89978.0,1905407.0,1906565.0
2025-10-29 14:00:00,3123.0,3135.0,3122.0,3133.0,290015.0,1906565.0,1894007.0
2025-10-29 21:00:00,3135.0,3139.0,3127.0,3130.0,213586.0,1894007.0,1914788.0
2025-10-29 22:00:00,3130.0,3138.0,3129.0,3138.0,97565.0,1914788.0,1910148.0
2025-10-30 09:00:00,3133.0,3135.0,3127.0,3130.0,159948.0,1910148.0,1905058.0
2025-10-30 10:00:00,3130.0,3141.0,3128.0,3141.0,141757.0,1905058.0,1902047.0
2025-10-30 11:00:00,3141.0,3143.0,3131.0,3132.0,120282.0,1902047.0,1896532.0
2025-10-30 13:00:00,3119.0,3123.0,3106.0,3114.0,402802.0,1896532.0,1895697.0
2025-10-30 14:00:00,3114.0,3114.0,3096.0,3106.0,305038.0,1895697.0,1894916.0
2025-10-30 21:00:00,3105.0,3112.0,3100.0,3105.0,195515.0,1894916.0,1917847.0
2025-10-30 22:00:00,3105.0,3111.0,3104.0,3108.0,74236.0,1917847.0,1909909.0
2025-10-31 09:00:00,3107.0,3120.0,3106.0,3117.0,134455.0,1909909.0,1906442.0
2025-10-31 10:00:00,3117.0,3126.0,3113.0,3123.0,170490.0,1906442.0,1899070.0
2025-10-31 11:00:00,3123.0,3124.0,3103.0,3106.0,143816.0,1899070.0,1881284.0
2025-10-31 13:00:00,3105.0,3111.0,3097.0,3105.0,125255.0,1881284.0,1885077.0
2025-10-31 14:00:00,3105.0,3108.0,3101.0,3106.0,142088.0,1885077.0,1879450.0
2025-10-31 21:00:00,3105.0,3108.0,3088.0,3089.0,261506.0,1879450.0,1896420.0
2025-10-31 22:00:00,3089.0,3092.0,3081.0,3088.0,190308.0,1896420.0,1892855.0
2025-11-03 09:00:00,3093.0,3103.0,3092.0,3092.0,215403.0,1892855.0,1882007.0
2025-11-03 10:00:00,3092.0,3095.0,3080.0,3081.0,175911.0,1882007.0,1907784.0
2025-11-03 11:00:00,3081.0,3084.0,3076.0,3081.0,104367.0,1907784.0,1920882.0
2025-11-03 13:00:00,3083.0,3085.0,3078.0,3081.0,68025.0,1920882.0,1923520.0
2025-11-03 14:00:00,3081.0,3085.0,3076.0,3079.0,135056.0,1923520.0,1919017.0
2025-11-03 21:00:00,3083.0,3084.0,3072.0,3074.0,166012.0,1919017.0,1912967.0
2025-11-03 22:00:00,3074.0,3080.0,3073.0,3077.0,61285.0,1912967.0,1909792.0
2025-11-04 09:00:00,3075.0,3076.0,3065.0,3066.0,202280.0,1909792.0,1913091.0
2025-11-04 10:00:00,3066.0,3068.0,3061.0,3064.0,103378.0,1913091.0,1920860.0
2025-11-04 11:00:00,3064.0,3065.0,3057.0,3059.0,85398.0,1920860.0,1925782.0
2025-11-04 13:00:00,3059.0,3063.0,3053.0,3053.0,105854.0,1925782.0,1934239.0
2025-11-04 14:00:00,3053.0,3054.0,3040.0,3044.0,292258.0,1934239.0,1966544.0
2025-11-04 21:00:00,3045.0,3046.0,3031.0,3032.0,256906.0,1966544.0,1991090.0
2025-11-04 22:00:00,3032.0,3036.0,3025.0,3028.0,138641.0,1991090.0,2003574.0
2025-11-05 09:00:00,3026.0,3026.0,3009.0,3020.0,311566.0,2003574.0,2022248.0
2025-11-05 10:00:00,3020.0,3026.0,3016.0,3018.0,101778.0,2022248.0,2022737.0
2025-11-05 11:00:00,3018.0,3028.0,3017.0,3024.0,66406.0,2022737.0,2023320.0
2025-11-05 13:00:00,3027.0,3032.0,3024.0,3024.0,102827.0,2023320.0,2023612.0
2025-11-05 14:00:00,3024.0,3028.0,3017.0,3024.0,171441.0,2023612.0,2031781.0
2025-11-05 21:00:00,3026.0,3031.0,3019.0,3026.0,204931.0,2031781.0,2058367.0
2025-11-05 22:00:00,3026.0,3026.0,3020.0,3023.0,65986.0,2058367.0,2061290.0
2025-11-06 09:00:00,3023.0,3025.0,3017.0,3020.0,107452.0,2061290.0,2063679.0
2025-11-06 10:00:00,3020.0,3033.0,3019.0,3030.0,130282.0,2063679.0,2060106.0
2025-11-06 11:00:00,3030.0,3036.0,3030.0,3033.0,73566.0,2060106.0,2052424.0
2025-11-06 13:00:00,3034.0,3040.0,3027.0,3034.0,134086.0,2052424.0,2040422.0
2025-11-06 14:00:00,3034.0,3042.0,3034.0,3037.0,168437.0,2040422.0,2020353.0
2025-11-06 21:00:00,3038.0,3045.0,3033.0,3038.0,223014.0,2020353.0,2013239.0
2025-11-06 22:00:00,3038.0,3041.0,3036.0,3039.0,78941.0,2013239.0,1997290.0
2025-11-07 09:00:00,3037.0,3043.0,3030.0,3040.0,156422.0,1997290.0,1988863.0
2025-11-07 10:00:00,3040.0,3042.0,3034.0,3040.0,65461.0,1988863.0,1984384.0
2025-11-07 11:00:00,3040.0,3041.0,3034.0,3037.0,42175.0,1984384.0,1981642.0
2025-11-07 13:00:00,3037.0,3038.0,3025.0,3025.0,105445.0,1981642.0,1979199.0
2025-11-07 14:00:00,3025.0,3038.0,3025.0,3034.0,129488.0,1979199.0,1960886.0
2025-11-07 21:00:00,3037.0,3039.0,3027.0,3030.0,154820.0,1960886.0,1967112.0
2025-11-07 22:00:00,3030.0,3037.0,3028.0,3029.0,102973.0,1967112.0,1955616.0
2025-11-10 09:00:00,3028.0,3042.0,3022.0,3026.0,264834.0,1955616.0,1949311.0
2025-11-10 10:00:00,3026.0,3038.0,3024.0,3032.0,129469.0,1949311.0,1944434.0
2025-11-10 11:00:00,3032.0,3038.0,3026.0,3036.0,69309.0,1944434.0,1942716.0
2025-11-10 13:00:00,3037.0,3044.0,3036.0,3040.0,122538.0,1942716.0,1934558.0
2025-11-10 14:00:00,3040.0,3050.0,3038.0,3044.0,205570.0,1934558.0,1923733.0
2025-11-10 21:00:00,3041.0,3044.0,3038.0,3040.0,126490.0,1923733.0,1929242.0
2025-11-10 22:00:00,3040.0,3044.0,3038.0,3041.0,56043.0,1929242.0,1928151.0
2025-11-11 09:00:00,3042.0,3046.0,3036.0,3038.0,107795.0,1928151.0,1926732.0
2025-11-11 10:00:00,3038.0,3044.0,3028.0,3029.0,158287.0,1926732.0,1930808.0
2025-11-11 11:00:00,3029.0,3035.0,3026.0,3033.0,71743.0,1930808.0,1930281.0
2025-11-11 13:00:00,3033.0,3033.0,3028.0,3032.0,50288.0,1930281.0,1930144.0
2025-11-11 14:00:00,3032.0,3035.0,3020.0,3025.0,182464.0,1930144.0,1923701.0
2025-11-11 21:00:00,3024.0,3049.0,3022.0,3046.0,322406.0,1923701.0,1903952.0
2025-11-11 22:00:00,3046.0,3048.0,3041.0,3043.0,76517.0,1903952.0,1894156.0
2025-11-12 09:00:00,3043.0,3045.0,3037.0,3042.0,102088.0,1894156.0,1884093.0
2025-11-12 10:00:00,3042.0,3044.0,3032.0,3034.0,91793.0,1884093.0,1879460.0
2025-11-12 11:00:00,3034.0,3040.0,3032.0,3036.0,45642.0,1879460.0,1879660.0
2025-11-12 13:00:00,3035.0,3044.0,3034.0,3041.0,60581.0,1879660.0,1877654.0
2025-11-12 14:00:00,3041.0,3043.0,3037.0,3038.0,76644.0,1877654.0,1868036.0
2025-11-12 21:00:00,3041.0,3042.0,3028.0,3036.0,197936.0,1868036.0,1890086.0
2025-11-12 22:00:00,3036.0,3037.0,3027.0,3030.0,85551.0,1890086.0,1895061.0
2025-11-13 09:00:00,3030.0,3038.0,3026.0,3034.0,120290.0,1895061.0,1890860.0
2025-11-13 10:00:00,3034.0,3054.0,3034.0,3048.0,208068.0,1890860.0,1882411.0
2025-11-13 11:00:00,3048.0,3052.0,3045.0,3047.0,82376.0,1882411.0,1875798.0
2025-11-13 13:00:00,3048.0,3051.0,3043.0,3051.0,68281.0,1875798.0,1874739.0
2025-11-13 14:00:00,3051.0,3053.0,3043.0,3046.0,123043.0,1874739.0,1857343.0
2025-11-13 21:00:00,3048.0,3057.0,3045.0,3052.0,143819.0,1857343.0,1860605.0
2025-11-13 22:00:00,3052.0,3052.0,3046.0,3048.0,51344.0,1860605.0,1851759.0
2025-11-14 09:00:00,3046.0,3049.0,3040.0,3048.0,125459.0,1851759.0,1844163.0
2025-11-14 10:00:00,3048.0,3048.0,3034.0,3038.0,121670.0,1844163.0,1840392.0
2025-11-14 11:00:00,3038.0,3043.0,3036.0,3043.0,40270.0,1840392.0,1843235.0
2025-11-14 13:00:00,3043.0,3048.0,3041.0,3048.0,59826.0,1843235.0,1841806.0
2025-11-14 14:00:00,3048.0,3057.0,3048.0,3053.0,226699.0,1841806.0,1837133.0
2025-11-14 21:00:00,3049.0,3051.0,3040.0,3046.0,164485.0,1837133.0,1818537.0
2025-11-14 22:00:00,3046.0,3051.0,3042.0,3050.0,68375.0,1818537.0,1811711.0
2025-11-17 09:00:00,3053.0,3081.0,3053.0,3079.0,444905.0,1811711.0,1803161.0
2025-11-17 10:00:00,3079.0,3082.0,3075.0,3079.0,120107.0,1803161.0,1795839.0
2025-11-17 11:00:00,3079.0,3084.0,3077.0,3080.0,75013.0,1795839.0,1787179.0
2025-11-17 13:00:00,3079.0,3098.0,3079.0,3095.0,214262.0,1787179.0,1760198.0
2025-11-17 14:00:00,3095.0,3104.0,3094.0,3097.0,242091.0,1760198.0,1729748.0
2025-11-17 21:00:00,3096.0,3100.0,3085.0,3086.0,225820.0,1729748.0,1708332.0
2025-11-17 22:00:00,3086.0,3087.0,3080.0,3085.0,109285.0,1708332.0,1689241.0
2025-11-18 09:00:00,3085.0,3086.0,3080.0,3084.0,125014.0,1689241.0,1683494.0
2025-11-18 10:00:00,3084.0,3090.0,3081.0,3084.0,97126.0,1683494.0,1671895.0
2025-11-18 11:00:00,3084.0,3086.0,3075.0,3080.0,78540.0,1671895.0,1662301.0
2025-11-18 13:00:00,3078.0,3084.0,3078.0,3080.0,47965.0,1662301.0,1663228.0
2025-11-18 14:00:00,3080.0,3090.0,3078.0,3090.0,118139.0,1663228.0,1655469.0
2025-11-18 21:00:00,3085.0,3087.0,3079.0,3083.0,124643.0,1655469.0,1659779.0
2025-11-18 22:00:00,3083.0,3090.0,3077.0,3079.0,116739.0,1659779.0,1652407.0
2025-11-19 09:00:00,3079.0,3084.0,3077.0,3079.0,90648.0,1652407.0,1648378.0
2025-11-19 10:00:00,3079.0,3094.0,3077.0,3091.0,136979.0,1648378.0,1644994.0
2025-11-19 11:00:00,3091.0,3092.0,3086.0,3088.0,50557.0,1644994.0,1639403.0
2025-11-19 13:00:00,3088.0,3096.0,3087.0,3088.0,64300.0,1639403.0,1642551.0
2025-11-19 14:00:00,3088.0,3093.0,3065.0,3070.0,328198.0,1642551.0,1631133.0
2025-11-19 21:00:00,3067.0,3070.0,3056.0,3061.0,232935.0,1631133.0,1637859.0
2025-11-19 22:00:00,3061.0,3063.0,3058.0,3058.0,60904.0,1637859.0,1627599.0
2025-11-20 09:00:00,3056.0,3059.0,3047.0,3049.0,218816.0,1627599.0,1623887.0
2025-11-20 10:00:00,3049.0,3054.0,3040.0,3041.0,135484.0,1623887.0,1618184.0
2025-11-20 11:00:00,3041.0,3075.0,3041.0,3069.0,233380.0,1618184.0,1591275.0
2025-11-20 13:00:00,3070.0,3070.0,3053.0,3054.0,119617.0,1591275.0,1581406.0
2025-11-20 14:00:00,3054.0,3056.0,3046.0,3050.0,149917.0,1581406.0,1573323.0
2025-11-20 21:00:00,3055.0,3072.0,3053.0,3065.0,201859.0,1573323.0,1572993.0
2025-11-20 22:00:00,3065.0,3070.0,3061.0,3067.0,81115.0,1572993.0,1565145.0
2025-11-21 09:00:00,3065.0,3066.0,3053.0,3057.0,147549.0,1565145.0,1549586.0
2025-11-21 10:00:00,3057.0,3062.0,3050.0,3055.0,100877.0,1549586.0,1537009.0
2025-11-21 11:00:00,3055.0,3062.0,3052.0,3059.0,67679.0,1537009.0,1530402.0
2025-11-21 13:00:00,3059.0,3064.0,3054.0,3061.0,65405.0,1530402.0,1523519.0
2025-11-21 14:00:00,3061.0,3064.0,3055.0,3057.0,114078.0,1523519.0,1513411.0
2025-11-21 21:00:00,3056.0,3060.0,3050.0,3054.0,130472.0,1513411.0,1508554.0
2025-11-21 22:00:00,3054.0,3061.0,3053.0,3060.0,89333.0,1508554.0,1495017.0
2025-11-24 09:00:00,3062.0,3084.0,3062.0,3080.0,286815.0,1495017.0,1475776.0
2025-11-24 10:00:00,3080.0,3090.0,3078.0,3088.0,167278.0,1475776.0,1466929.0
2025-11-24 11:00:00,3088.0,3095.0,3086.0,3089.0,77382.0,1466929.0,1459062.0
2025-11-24 13:00:00,3091.0,3098.0,3089.0,3097.0,115064.0,1459062.0,1456019.0
2025-11-24 14:00:00,3097.0,3117.0,3087.0,3089.0,398615.0,1456019.0,1432705.0
2025-11-24 21:00:00,3090.0,3095.0,3086.0,3090.0,180398.0,1432705.0,1400233.0
2025-11-24 22:00:00,3090.0,3093.0,3088.0,3091.0,38227.0,1400233.0,1391845.0
2025-11-25 09:00:00,3093.0,3107.0,3091.0,3106.0,186925.0,1391845.0,1381096.0
2025-11-25 10:00:00,3106.0,3113.0,3101.0,3106.0,142069.0,1381096.0,1363308.0
2025-11-25 11:00:00,3106.0,3112.0,3105.0,3108.0,79939.0,1363308.0,1346957.0
2025-11-25 13:00:00,3107.0,3112.0,3105.0,3110.0,90397.0,1346957.0,1332882.0
2025-11-25 14:00:00,3110.0,3111.0,3101.0,3106.0,211834.0,1332882.0,1301038.0
2025-11-25 21:00:00,3106.0,3107.0,3095.0,3099.0,172215.0,1301038.0,1294098.0
2025-11-25 22:00:00,3099.0,3102.0,3095.0,3097.0,75333.0,1294098.0,1281403.0
2025-11-26 09:00:00,3098.0,3098.0,3085.0,3093.0,172679.0,1281403.0,1253486.0
2025-11-26 10:00:00,3093.0,3096.0,3091.0,3096.0,74519.0,1253486.0,1233884.0
2025-11-26 11:00:00,3096.0,3103.0,3094.0,3101.0,73382.0,1233884.0,1222987.0
2025-11-26 13:00:00,3101.0,3104.0,3094.0,3100.0,74008.0,1222987.0,1221204.0
2025-11-26 14:00:00,3100.0,3106.0,3096.0,3099.0,111033.0,1221204.0,1200700.0
2025-11-26 21:00:00,3099.0,3099.0,3086.0,3091.0,155580.0,1200700.0,1189568.0
2025-11-26 22:00:00,3091.0,3091.0,3081.0,3085.0,104669.0,1189568.0,1171574.0
2025-11-27 09:00:00,3085.0,3085.0,3077.0,3085.0,135366.0,1171574.0,1152009.0
2025-11-27 10:00:00,3085.0,3089.0,3082.0,3088.0,83272.0,1152009.0,1128270.0
2025-11-27 11:00:00,3088.0,3089.0,3084.0,3089.0,38294.0,1128270.0,1119421.0
2025-11-27 13:00:00,3090.0,3095.0,3088.0,3090.0,79086.0,1119421.0,1100864.0
2025-11-27 14:00:00,3090.0,3099.0,3087.0,3093.0,156985.0,1100864.0,1069617.0
2025-11-27 21:00:00,3094.0,3095.0,3084.0,3090.0,132807.0,1069617.0,1051363.0
2025-11-27 22:00:00,3090.0,3093.0,3086.0,3093.0,62658.0,1051363.0,1039536.0
2025-11-28 09:00:00,3093.0,3096.0,3087.0,3089.0,106769.0,1039536.0,1025897.0
2025-11-28 10:00:00,3089.0,3103.0,3089.0,3098.0,95672.0,1025897.0,1015524.0
2025-11-28 11:00:00,3098.0,3108.0,3098.0,3107.0,84026.0,1015524.0,1007973.0
2025-11-28 13:00:00,3107.0,3113.0,3103.0,3108.0,85562.0,1007973.0,999906.0
2025-11-28 14:00:00,3108.0,3113.0,3106.0,3110.0,113381.0,999906.0,972278.0
2025-11-28 21:00:00,3110.0,3111.0,3100.0,3104.0,133741.0,972278.0,959780.0
2025-11-28 22:00:00,3104.0,3125.0,3101.0,3124.0,126570.0,959780.0,946349.0
2025-12-01 09:00:00,3121.0,3138.0,3116.0,3137.0,226227.0,946349.0,937136.0
2025-12-01 10:00:00,3137.0,3142.0,3127.0,3133.0,110558.0,937136.0,918252.0
2025-12-01 11:00:00,3133.0,3135.0,3128.0,3129.0,37119.0,918252.0,910105.0
2025-12-01 13:00:00,3129.0,3129.0,3118.0,3126.0,76456.0,910105.0,892608.0
2025-12-01 14:00:00,3126.0,3137.0,3124.0,3134.0,91746.0,892608.0,882576.0
2025-12-01 21:00:00,3133.0,3136.0,3128.0,3131.0,139461.0,882576.0,847151.0
2025-12-01 22:00:00,3131.0,3138.0,3128.0,3131.0,57851.0,847151.0,834635.0
2025-12-02 09:00:00,3131.0,3145.0,3127.0,3140.0,106917.0,834635.0,817145.0
2025-12-02 10:00:00,3140.0,3145.0,3134.0,3142.0,62637.0,817145.0,809286.0
2025-12-02 11:00:00,3142.0,3146.0,3135.0,3135.0,38199.0,809286.0,800966.0
2025-12-02 13:00:00,3135.0,3136.0,3131.0,3132.0,36239.0,800966.0,795926.0
2025-12-02 14:00:00,3132.0,3137.0,3130.0,3133.0,62868.0,795926.0,780154.0
2025-12-02 21:00:00,3173.0,3173.0,3154.0,3156.0,218017.0,780154.0,1221779.0
2025-12-02 22:00:00,3156.0,3160.0,3155.0,3156.0,55916.0,1221779.0,1230138.0
2025-12-03 09:00:00,3156.0,3173.0,3155.0,3170.0,147317.0,1230138.0,1262621.0
2025-12-03 10:00:00,3170.0,3174.0,3160.0,3168.0,111781.0,1262621.0,1282024.0
2025-12-03 11:00:00,3168.0,3169.0,3165.0,3168.0,28547.0,1282024.0,1285777.0
2025-12-03 13:00:00,3168.0,3172.0,3165.0,3170.0,48335.0,1285777.0,1295926.0
2025-12-03 14:00:00,3170.0,3171.0,3159.0,3169.0,140754.0,1295926.0,1297106.0
2025-12-03 21:00:00,3170.0,3171.0,3150.0,3153.0,228434.0,1297106.0,1346415.0
2025-12-03 22:00:00,3153.0,3157.0,3150.0,3155.0,72486.0,1346415.0,1355377.0
2025-12-04 09:00:00,3156.0,3164.0,3153.0,3159.0,110142.0,1355377.0,1369497.0
2025-12-04 10:00:00,3159.0,3161.0,3152.0,3157.0,77370.0,1369497.0,1379166.0
2025-12-04 11:00:00,3157.0,3169.0,3153.0,3164.0,106196.0,1379166.0,1379343.0
2025-12-04 13:00:00,3165.0,3173.0,3159.0,3162.0,122865.0,1379343.0,1387077.0
2025-12-04 14:00:00,3162.0,3175.0,3161.0,3175.0,155968.0,1387077.0,1411905.0
2025-12-04 21:00:00,3177.0,3181.0,3168.0,3172.0,169173.0,1411905.0,1435288.0
2025-12-04 22:00:00,3172.0,3172.0,3167.0,3170.0,49628.0,1435288.0,1433279.0
2025-12-05 09:00:00,3171.0,3172.0,3157.0,3160.0,136208.0,1433279.0,1452120.0
2025-12-05 10:00:00,3160.0,3162.0,3155.0,3159.0,86389.0,1452120.0,1458331.0
2025-12-05 11:00:00,3159.0,3164.0,3158.0,3160.0,52580.0,1458331.0,1466460.0
2025-12-05 13:00:00,3159.0,3162.0,3156.0,3162.0,50294.0,1466460.0,1473264.0
2025-12-05 14:00:00,3162.0,3164.0,3155.0,3157.0,136295.0,1473264.0,1474541.0
2025-12-05 21:00:00,3156.0,3157.0,3120.0,3133.0,308461.0,1474541.0,1459360.0
2025-12-05 22:00:00,3133.0,3138.0,3128.0,3132.0,184348.0,1459360.0,1454938.0
2025-12-08 09:00:00,3134.0,3140.0,3112.0,3117.0,359283.0,1454938.0,1493307.0
2025-12-08 10:00:00,3117.0,3123.0,3113.0,3115.0,101614.0,1493307.0,1498153.0
2025-12-08 11:00:00,3115.0,3117.0,3110.0,3116.0,82232.0,1498153.0,1498157.0
2025-12-08 13:00:00,3117.0,3125.0,3117.0,3119.0,90363.0,1498157.0,1487439.0
2025-12-08 14:00:00,3119.0,3125.0,3114.0,3123.0,130486.0,1487439.0,1477577.0
2025-12-08 21:00:00,3120.0,3124.0,3114.0,3118.0,135688.0,1477577.0,1492863.0
2025-12-08 22:00:00,3118.0,3118.0,3095.0,3103.0,233046.0,1492863.0,1493263.0
2025-12-09 09:00:00,3104.0,3105.0,3080.0,3081.0,318744.0,1493263.0,1538734.0
2025-12-09 10:00:00,3081.0,3084.0,3070.0,3073.0,237748.0,1538734.0,1580574.0
2025-12-09 11:00:00,3073.0,3081.0,3070.0,3073.0,89166.0,1580574.0,1589143.0
2025-12-09 13:00:00,3074.0,3074.0,3066.0,3071.0,117067.0,1589143.0,1604097.0
2025-12-09 14:00:00,3071.0,3082.0,3068.0,3079.0,192874.0,1604097.0,1593747.0
2025-12-09 21:00:00,3079.0,3085.0,3077.0,3078.0,175091.0,1593747.0,1608378.0
2025-12-09 22:00:00,3078.0,3088.0,3078.0,3084.0,103614.0,1608378.0,1609961.0
2025-12-10 09:00:00,3085.0,3097.0,3081.0,3097.0,172030.0,1609961.0,1603023.0
2025-12-10 10:00:00,3097.0,3116.0,3092.0,3113.0,240921.0,1603023.0,1564392.0
2025-12-10 11:00:00,3113.0,3117.0,3110.0,3113.0,136983.0,1564392.0,1548281.0
2025-12-10 13:00:00,3112.0,3140.0,3110.0,3132.0,368395.0,1548281.0,1520278.0
2025-12-10 14:00:00,3132.0,3137.0,3116.0,3117.0,322218.0,1520278.0,1514218.0
2025-12-10 21:00:00,3116.0,3118.0,3104.0,3111.0,212720.0,1514218.0,1519014.0
2025-12-10 22:00:00,3111.0,3113.0,3107.0,3108.0,62037.0,1519014.0,1518902.0
2025-12-11 09:00:00,3111.0,3113.0,3086.0,3097.0,286267.0,1518902.0,1538879.0
2025-12-11 10:00:00,3097.0,3109.0,3089.0,3098.0,120472.0,1538879.0,1537037.0
2025-12-11 11:00:00,3098.0,3103.0,3087.0,3088.0,76033.0,1537037.0,1547615.0
2025-12-11 13:00:00,3087.0,3088.0,3064.0,3068.0,316047.0,1547615.0,1584007.0
2025-12-11 14:00:00,3068.0,3072.0,3061.0,3069.0,286430.0,1584007.0,1602075.0
2025-12-11 21:00:00,3076.0,3080.0,3066.0,3075.0,258485.0,1602075.0,1598082.0
2025-12-11 22:00:00,3075.0,3082.0,3066.0,3073.0,147022.0,1598082.0,1591768.0
2025-12-12 09:00:00,3071.0,3073.0,3062.0,3066.0,130117.0,1591768.0,1593569.0
2025-12-12 10:00:00,3066.0,3078.0,3062.0,3075.0,133908.0,1593569.0,1601922.0
2025-12-12 11:00:00,3075.0,3075.0,3066.0,3068.0,48410.0,1601922.0,1601612.0
2025-12-12 13:00:00,3069.0,3077.0,3067.0,3070.0,61503.0,1601612.0,1608414.0
2025-12-12 14:00:00,3070.0,3072.0,3057.0,3060.0,194891.0,1608414.0,1607057.0
2025-12-12 21:00:00,3038.0,3059.0,3031.0,3057.0,397155.0,1607057.0,1641068.0
2025-12-12 22:00:00,3057.0,3075.0,3056.0,3068.0,255557.0,1641068.0,1629654.0
2025-12-15 09:00:00,3069.0,3077.0,3062.0,3073.0,177210.0,1629654.0,1628004.0
2025-12-15 10:00:00,3073.0,3086.0,3068.0,3077.0,156259.0,1628004.0,1633079.0
2025-12-15 11:00:00,3077.0,3085.0,3077.0,3083.0,54800.0,1633079.0,1634167.0
2025-12-15 13:00:00,3084.0,3085.0,3077.0,3079.0,57576.0,1634167.0,1633597.0
2025-12-15 14:00:00,3079.0,3080.0,3068.0,3074.0,134086.0,1633597.0,1627666.0
2025-12-15 21:00:00,3075.0,3079.0,3068.0,3074.0,117280.0,1627666.0,1633941.0
2025-12-15 22:00:00,3074.0,3077.0,3071.0,3072.0,49202.0,1633941.0,1627619.0
2025-12-16 09:00:00,3073.0,3077.0,3065.0,3068.0,113631.0,1627619.0,1631296.0
2025-12-16 10:00:00,3068.0,3095.0,3068.0,3090.0,208491.0,1631296.0,1627153.0
2025-12-16 11:00:00,3090.0,3094.0,3087.0,3092.0,84184.0,1627153.0,1623970.0
2025-12-16 13:00:00,3091.0,3093.0,3084.0,3085.0,66215.0,1623970.0,1619270.0
2025-12-16 14:00:00,3085.0,3090.0,3079.0,3081.0,139712.0,1619270.0,1615142.0
2025-12-16 21:00:00,3082.0,3084.0,3073.0,3079.0,124617.0,1615142.0,1616982.0
2025-12-16 22:00:00,3079.0,3080.0,3075.0,3079.0,39120.0,1616982.0,1613988.0
2025-12-17 09:00:00,3080.0,3083.0,3071.0,3076.0,113916.0,1613988.0,1619073.0
2025-12-17 10:00:00,3076.0,3089.0,3075.0,3088.0,99843.0,1619073.0,1615537.0
2025-12-17 11:00:00,3088.0,3088.0,3084.0,3085.0,26943.0,1615537.0,1614009.0
2025-12-17 13:00:00,3087.0,3092.0,3085.0,3091.0,62701.0,1614009.0,1613690.0
2025-12-17 14:00:00,3091.0,3093.0,3077.0,3084.0,126471.0,1613690.0,1604729.0
2025-12-17 21:00:00,3085.0,3134.0,3081.0,3127.0,636621.0,1604729.0,1593470.0
2025-12-17 22:00:00,3127.0,3129.0,3122.0,3125.0,120566.0,1593470.0,1580807.0
2025-12-18 09:00:00,3124.0,3124.0,3116.0,3118.0,138066.0,1580807.0,1583986.0
2025-12-18 10:00:00,3118.0,3121.0,3116.0,3117.0,54980.0,1583986.0,1585042.0
2025-12-18 11:00:00,3117.0,3122.0,3116.0,3119.0,38509.0,1585042.0,1586932.0
2025-12-18 13:00:00,3121.0,3124.0,3113.0,3121.0,69066.0,1586932.0,1587276.0
2025-12-18 14:00:00,3121.0,3130.0,3120.0,3125.0,157741.0,1587276.0,1575943.0
2025-12-18 21:00:00,3124.0,3125.0,3110.0,3111.0,175389.0,1575943.0,1578780.0
2025-12-18 22:00:00,3111.0,3118.0,3111.0,3116.0,65491.0,1578780.0,1574812.0
2025-12-19 09:00:00,3117.0,3123.0,3114.0,3119.0,91363.0,1574812.0,1578549.0
2025-12-19 10:00:00,3119.0,3122.0,3113.0,3115.0,58565.0,1578549.0,1576683.0
2025-12-19 11:00:00,3115.0,3116.0,3109.0,3116.0,60018.0,1576683.0,1576834.0
2025-12-19 13:00:00,3116.0,3116.0,3103.0,3109.0,92291.0,1576834.0,1578384.0
2025-12-19 14:00:00,3109.0,3120.0,3107.0,3119.0,142996.0,1578384.0,1568866.0
2025-12-19 21:00:00,3120.0,3128.0,3104.0,3114.0,238503.0,1568866.0,1600857.0
2025-12-19 22:00:00,3114.0,3118.0,3111.0,3114.0,68544.0,1600857.0,1586857.0
2025-12-22 09:00:00,3117.0,3138.0,3115.0,3127.0,275590.0,1586857.0,1602964.0
2025-12-22 10:00:00,3127.0,3130.0,3117.0,3120.0,95397.0,1602964.0,1600838.0
2025-12-22 11:00:00,3120.0,3126.0,3117.0,3124.0,43356.0,1600838.0,1596011.0
2025-12-22 13:00:00,3124.0,3126.0,3120.0,3125.0,38529.0,1596011.0,1596848.0
2025-12-22 14:00:00,3125.0,3128.0,3119.0,3126.0,82493.0,1596848.0,1591974.0
2025-12-22 21:00:00,3126.0,3149.0,3124.0,3141.0,359386.0,1591974.0,1599463.0
2025-12-22 22:00:00,3141.0,3142.0,3134.0,3139.0,84732.0,1599463.0,1597094.0
2025-12-23 09:00:00,3140.0,3141.0,3125.0,3130.0,138934.0,1597094.0,1592686.0
2025-12-23 10:00:00,3130.0,3131.0,3123.0,3127.0,69276.0,1592686.0,1588799.0
2025-12-23 11:00:00,3127.0,3129.0,3124.0,3127.0,43125.0,1588799.0,1589018.0
2025-12-23 13:00:00,3128.0,3128.0,3118.0,3124.0,56993.0,1589018.0,1586641.0
2025-12-23 14:00:00,3124.0,3133.0,3121.0,3128.0,96869.0,1586641.0,1580041.0
2025-12-23 21:00:00,3130.0,3130.0,3111.0,3115.0,220472.0,1580041.0,1599799.0
2025-12-23 22:00:00,3115.0,3118.0,3112.0,3115.0,60221.0,1599799.0,1595826.0
2025-12-24 09:00:00,3114.0,3128.0,3112.0,3128.0,108777.0,1595826.0,1591646.0
2025-12-24 10:00:00,3128.0,3135.0,3126.0,3128.0,120615.0,1591646.0,1590298.0
2025-12-24 11:00:00,3128.0,3144.0,3128.0,3140.0,129945.0,1590298.0,1592587.0
2025-12-24 13:00:00,3140.0,3141.0,3133.0,3139.0,100350.0,1592587.0,1600635.0
2025-12-24 14:00:00,3139.0,3141.0,3133.0,3136.0,97486.0,1600635.0,1597429.0
2025-12-24 21:00:00,3141.0,3144.0,3127.0,3128.0,128549.0,1597429.0,1589794.0
2025-12-24 22:00:00,3128.0,3137.0,3127.0,3128.0,66169.0,1589794.0,1582635.0
2025-12-25 09:00:00,3127.0,3137.0,3123.0,3136.0,93948.0,1582635.0,1584219.0
2025-12-25 10:00:00,3136.0,3137.0,3132.0,3134.0,38205.0,1584219.0,1586988.0
2025-12-25 11:00:00,3134.0,3135.0,3131.0,3134.0,15885.0,1586988.0,1586513.0
2025-12-25 13:00:00,3135.0,3135.0,3127.0,3127.0,54866.0,1586513.0,1589399.0
2025-12-25 14:00:00,3127.0,3131.0,3124.0,3127.0,104766.0,1589399.0,1581839.0
2025-12-25 21:00:00,3128.0,3132.0,3117.0,3120.0,152651.0,1581839.0,1580989.0
2025-12-25 22:00:00,3120.0,3121.0,3111.0,3113.0,137104.0,1580989.0,1587074.0
2025-12-26 09:00:00,3112.0,3113.0,3093.0,3094.0,285504.0,1587074.0,1573953.0
2025-12-26 10:00:00,3094.0,3105.0,3090.0,3104.0,147893.0,1573953.0,1572632.0
2025-12-26 11:00:00,3104.0,3109.0,3095.0,3096.0,87475.0,1572632.0,1569402.0
2025-12-26 13:00:00,3097.0,3105.0,3097.0,3105.0,53522.0,1569402.0,1573315.0
2025-12-26 14:00:00,3105.0,3124.0,3102.0,3118.0,268484.0,1573315.0,1534424.0
2025-12-26 21:00:00,3119.0,3145.0,3116.0,3135.0,331977.0,1534424.0,1520741.0
2025-12-26 22:00:00,3135.0,3136.0,3127.0,3132.0,76488.0,1520741.0,1511499.0
2025-12-29 09:00:00,3131.0,3140.0,3128.0,3133.0,153465.0,1511499.0,1512868.0
2025-12-29 10:00:00,3133.0,3150.0,3133.0,3145.0,186450.0,1512868.0,1541575.0
2025-12-29 11:00:00,3145.0,3148.0,3141.0,3142.0,52502.0,1541575.0,1541667.0
2025-12-29 13:00:00,3142.0,3148.0,3141.0,3142.0,55109.0,1541667.0,1544540.0
2025-12-29 14:00:00,3142.0,3146.0,3128.0,3130.0,195155.0,1544540.0,1530792.0
2025-12-29 21:00:00,3131.0,3138.0,3128.0,3137.0,122667.0,1530792.0,1537254.0
2025-12-29 22:00:00,3137.0,3142.0,3132.0,3135.0,76941.0,1537254.0,1536761.0
2025-12-30 09:00:00,3134.0,3144.0,3134.0,3139.0,93031.0,1536761.0,1544370.0
2025-12-30 10:00:00,3139.0,3145.0,3135.0,3143.0,77650.0,1544370.0,1556922.0
2025-12-30 11:00:00,3143.0,3148.0,3140.0,3142.0,71548.0,1556922.0,1567781.0
2025-12-30 13:00:00,3143.0,3145.0,3129.0,3133.0,107510.0,1567781.0,1562433.0
2025-12-30 14:00:00,3133.0,3139.0,3132.0,3134.0,86200.0,1562433.0,1560806.0
2025-12-30 21:00:00,3138.0,3142.0,3132.0,3133.0,109590.0,1560806.0,1566982.0
2025-12-30 22:00:00,3133.0,3134.0,3128.0,3134.0,73963.0,1566982.0,1558501.0
2025-12-31 09:00:00,3133.0,3136.0,3121.0,3122.0,115831.0,1558501.0,1544203.0
2025-12-31 10:00:00,3122.0,3127.0,3114.0,3123.0,137701.0,1544203.0,1537412.0
2025-12-31 11:00:00,3123.0,3126.0,3118.0,3123.0,44199.0,1537412.0,1531978.0
2025-12-31 13:00:00,3122.0,3125.0,3119.0,3122.0,35884.0,1531978.0,1531999.0
2025-12-31 14:00:00,3122.0,3132.0,3121.0,3122.0,134672.0,1531999.0,1505284.0
2026-01-05 09:00:00,3133.0,3135.0,3111.0,3115.0,249900.0,1505284.0,1527414.0
2026-01-05 10:00:00,3115.0,3120.0,3107.0,3111.0,124910.0,1527414.0,1531268.0
2026-01-05 11:00:00,3111.0,3119.0,3109.0,3118.0,52277.0,1531268.0,1537914.0
2026-01-05 13:00:00,3118.0,3119.0,3105.0,3109.0,78509.0,1537914.0,1540227.0
2026-01-05 14:00:00,3109.0,3110.0,3097.0,3104.0,191420.0,1540227.0,1548351.0
2026-01-05 21:00:00,3104.0,3105.0,3093.0,3098.0,176588.0,1548351.0,1555637.0
2026-01-05 22:00:00,3098.0,3100.0,3093.0,3093.0,53028.0,1555637.0,1559418.0
2026-01-06 09:00:00,3093.0,3096.0,3085.0,3094.0,197222.0,1559418.0,1573328.0
2026-01-06 10:00:00,3094.0,3096.0,3091.0,3093.0,56019.0,1573328.0,1577712.0
2026-01-06 11:00:00,3093.0,3099.0,3092.0,3096.0,45186.0,1577712.0,1580870.0
2026-01-06 13:00:00,3095.0,3104.0,3095.0,3103.0,87838.0,1580870.0,1586677.0
2026-01-06 14:00:00,3103.0,3119.0,3100.0,3111.0,225737.0,1586677.0,1562948.0
2026-01-06 21:00:00,3113.0,3138.0,3110.0,3136.0,386722.0,1562948.0,1557195.0
2026-01-06 22:00:00,3136.0,3157.0,3135.0,3149.0,380263.0,1557195.0,1584812.0
2026-01-07 09:00:00,3150.0,3154.0,3144.0,3152.0,200718.0,1584812.0,1595623.0
2026-01-07 10:00:00,3152.0,3155.0,3143.0,3149.0,105295.0,1595623.0,1603727.0
2026-01-07 11:00:00,3149.0,3173.0,3148.0,3168.0,238107.0,1603727.0,1636323.0
2026-01-07 13:00:00,3164.0,3169.0,3153.0,3169.0,163131.0,1636323.0,1648370.0
2026-01-07 14:00:00,3169.0,3192.0,3165.0,3187.0,462986.0,1648370.0,1741383.0
2026-01-07 21:00:00,3183.0,3195.0,3177.0,3193.0,332597.0,1741383.0,1768919.0
2026-01-07 22:00:00,3193.0,3198.0,3182.0,3185.0,197591.0,1768919.0,1756578.0
2026-01-08 09:00:00,3184.0,3195.0,3182.0,3193.0,154211.0,1756578.0,1776239.0
2026-01-08 10:00:00,3193.0,3195.0,3177.0,3180.0,144170.0,1776239.0,1787470.0
2026-01-08 11:00:00,3180.0,3182.0,3168.0,3174.0,157417.0,1787470.0,1777790.0
2026-01-08 13:00:00,3173.0,3173.0,3158.0,3165.0,172509.0,1777790.0,1783096.0
2026-01-08 14:00:00,3165.0,3172.0,3156.0,3168.0,192107.0,1783096.0,1781802.0
2026-01-08 21:00:00,3172.0,3174.0,3145.0,3147.0,331619.0,1781802.0,1784007.0
2026-01-08 22:00:00,3147.0,3150.0,3128.0,3131.0,342222.0,1784007.0,1750664.0
2026-01-09 09:00:00,3134.0,3145.0,3134.0,3142.0,146257.0,1750664.0,1735369.0
2026-01-09 10:00:00,3142.0,3153.0,3141.0,3151.0,123591.0,1735369.0,1722696.0
2026-01-09 11:00:00,3151.0,3151.0,3138.0,3146.0,62075.0,1722696.0,1721129.0
2026-01-09 13:00:00,3146.0,3148.0,3142.0,3145.0,53053.0,1721129.0,1726255.0
2026-01-09 14:00:00,3145.0,3149.0,3143.0,3144.0,110690.0,1726255.0,1714863.0
2026-01-09 21:00:00,3148.0,3162.0,3141.0,3145.0,275474.0,1714863.0,1718621.0
2026-01-09 22:00:00,3145.0,3155.0,3144.0,3152.0,82295.0,1718621.0,1716853.0
2026-01-12 09:00:00,3154.0,3174.0,3153.0,3162.0,257985.0,1716853.0,1725343.0
2026-01-12 10:00:00,3162.0,3166.0,3152.0,3163.0,75034.0,1725343.0,1727589.0
2026-01-12 11:00:00,3163.0,3170.0,3157.0,3169.0,76147.0,1727589.0,1723502.0
2026-01-12 13:00:00,3169.0,3169.0,3163.0,3165.0,45520.0,1723502.0,1726064.0
2026-01-12 14:00:00,3165.0,3173.0,3158.0,3165.0,144977.0,1726064.0,1726703.0
2026-01-12 21:00:00,3168.0,3171.0,3150.0,3153.0,195005.0,1726703.0,1722647.0
2026-01-12 22:00:00,3153.0,3158.0,3150.0,3155.0,90992.0,1722647.0,1714957.0
2026-01-13 09:00:00,3156.0,3168.0,3155.0,3166.0,156525.0,1714957.0,1708105.0
2026-01-13 10:00:00,3166.0,3172.0,3162.0,3172.0,96459.0,1708105.0,1716402.0
2026-01-13 11:00:00,3172.0,3173.0,3166.0,3166.0,64248.0,1716402.0,1710644.0
2026-01-13 13:00:00,3165.0,3167.0,3159.0,3161.0,94508.0,1710644.0,1710092.0
2026-01-13 14:00:00,3161.0,3166.0,3155.0,3158.0,140142.0,1710092.0,1687943.0
2026-01-13 21:00:00,3158.0,3165.0,3152.0,3161.0,138527.0,1687943.0,1695528.0
2026-01-13 22:00:00,3161.0,3171.0,3160.0,3169.0,109186.0,1695528.0,1705171.0
2026-01-14 09:00:00,3169.0,3170.0,3162.0,3165.0,102853.0,1705171.0,1704944.0
2026-01-14 10:00:00,3165.0,3175.0,3164.0,3169.0,99749.0,1704944.0,1714767.0
2026-01-14 11:00:00,3169.0,3172.0,3166.0,3167.0,43293.0,1714767.0,1714209.0
2026-01-14 13:00:00,3161.0,3168.0,3155.0,3157.0,142761.0,1714209.0,1700341.0
2026-01-14 14:00:00,3157.0,3169.0,3155.0,3162.0,128350.0,1700341.0,1691461.0
2026-01-14 21:00:00,3161.0,3166.0,3154.0,3156.0,132549.0,1691461.0,1689172.0
2026-01-14 22:00:00,3156.0,3172.0,3156.0,3170.0,129629.0,1689172.0,1694167.0
2026-01-15 09:00:00,3168.0,3171.0,3162.0,3165.0,104584.0,1694167.0,1707892.0
2026-01-15 10:00:00,3165.0,3170.0,3161.0,3163.0,65002.0,1707892.0,1710021.0
2026-01-15 11:00:00,3163.0,3166.0,3151.0,3152.0,96272.0,1710021.0,1707425.0
2026-01-15 13:00:00,3151.0,3160.0,3149.0,3156.0,98584.0,1707425.0,1692872.0
2026-01-15 14:00:00,3156.0,3168.0,3155.0,3160.0,127468.0,1692872.0,1685122.0
2026-01-15 21:00:00,3166.0,3180.0,3159.0,3163.0,303747.0,1685122.0,1713669.0
2026-01-15 22:00:00,3163.0,3165.0,3156.0,3161.0,101485.0,1713669.0,1704630.0
2026-01-16 09:00:00,3161.0,3194.0,3160.0,3189.0,449066.0,1704630.0,1795470.0
2026-01-16 10:00:00,3189.0,3192.0,3174.0,3174.0,185083.0,1795470.0,1793775.0
2026-01-16 11:00:00,3174.0,3176.0,3162.0,3164.0,144989.0,1793775.0,1767667.0
2026-01-16 13:00:00,3165.0,3172.0,3164.0,3165.0,68307.0,1767667.0,1767290.0
2026-01-16 14:00:00,3165.0,3167.0,3161.0,3163.0,112670.0,1767290.0,1755339.0
2026-01-16 21:00:00,3163.0,3166.0,3142.0,3152.0,340297.0,1755339.0,1732561.0
2026-01-16 22:00:00,3152.0,3159.0,3150.0,3155.0,85347.0,1732561.0,1721958.0
2026-01-19 09:00:00,3164.0,3171.0,3142.0,3142.0,271390.0,1721958.0,1743563.0
2026-01-19 10:00:00,3142.0,3145.0,3135.0,3136.0,147535.0,1743563.0,1746036.0
2026-01-19 11:00:00,3136.0,3142.0,3134.0,3138.0,67066.0,1746036.0,1746052.0
2026-01-19 13:00:00,3140.0,3144.0,3138.0,3140.0,40848.0,1746052.0,1742968.0
2026-01-19 14:00:00,3140.0,3142.0,3136.0,3140.0,103759.0,1742968.0,1727955.0
2026-01-19 21:00:00,3140.0,3143.0,3132.0,3139.0,158959.0,1727955.0,1732376.0
2026-01-19 22:00:00,3139.0,3147.0,3136.0,3144.0,90030.0,1732376.0,1723450.0
2026-01-20 09:00:00,3142.0,3142.0,3133.0,3133.0,145726.0,1723450.0,1730107.0
2026-01-20 10:00:00,3133.0,3135.0,3122.0,3123.0,163219.0,1730107.0,1735694.0
2026-01-20 11:00:00,3123.0,3123.0,3115.0,3120.0,121179.0,1735694.0,1749351.0
2026-01-20 13:00:00,3120.0,3126.0,3117.0,3122.0,78927.0,1749351.0,1748246.0
2026-01-20 14:00:00,3122.0,3126.0,3110.0,3111.0,178543.0,1748246.0,1741235.0
2026-01-20 21:00:00,3112.0,3119.0,3111.0,3115.0,151655.0,1741235.0,1745359.0
2026-01-20 22:00:00,3115.0,3120.0,3114.0,3115.0,63758.0,1745359.0,1744247.0
2026-01-21 09:00:00,3114.0,3115.0,3104.0,3111.0,157049.0,1744247.0,1754265.0
2026-01-21 10:00:00,3111.0,3117.0,3107.0,3111.0,79923.0,1754265.0,1756768.0
2026-01-21 11:00:00,3111.0,3116.0,3110.0,3115.0,32001.0,1756768.0,1755044.0
2026-01-21 13:00:00,3115.0,3120.0,3114.0,3117.0,55654.0,1755044.0,1751536.0
2026-01-21 14:00:00,3117.0,3122.0,3114.0,3117.0,93621.0,1751536.0,1742258.0
2026-01-21 21:00:00,3117.0,3127.0,3112.0,3125.0,149907.0,1742258.0,1743389.0
2026-01-21 22:00:00,3125.0,3126.0,3121.0,3124.0,57612.0,1743389.0,1741302.0
2026-01-22 09:00:00,3123.0,3135.0,3120.0,3127.0,146893.0,1741302.0,1740286.0
2026-01-22 10:00:00,3127.0,3130.0,3121.0,3127.0,52641.0,1740286.0,1741414.0
2026-01-22 11:00:00,3127.0,3127.0,3121.0,3126.0,35957.0,1741414.0,1740852.0
2026-01-22 13:00:00,3126.0,3132.0,3123.0,3126.0,70399.0,1740852.0,1747610.0
2026-01-22 14:00:00,3126.0,3127.0,3119.0,3124.0,102485.0,1747610.0,1747274.0
2026-01-22 21:00:00,3121.0,3126.0,3119.0,3122.0,108821.0,1747274.0,1761079.0
2026-01-22 22:00:00,3122.0,3131.0,3121.0,3131.0,80164.0,1761079.0,1758651.0
2026-01-23 09:00:00,3132.0,3141.0,3131.0,3139.0,149835.0,1758651.0,1750052.0
2026-01-23 10:00:00,3139.0,3142.0,3136.0,3139.0,77500.0,1750052.0,1742923.0
2026-01-23 11:00:00,3139.0,3140.0,3131.0,3135.0,46893.0,1742923.0,1741480.0
2026-01-23 13:00:00,3136.0,3140.0,3133.0,3137.0,39467.0,1741480.0,1747318.0
2026-01-23 14:00:00,3137.0,3147.0,3137.0,3142.0,155116.0,1747318.0,1741762.0
2026-01-23 21:00:00,3143.0,3159.0,3140.0,3150.0,272484.0,1741762.0,1735726.0
2026-01-23 22:00:00,3150.0,3151.0,3147.0,3150.0,57285.0,1735726.0,1736113.0
2026-01-26 09:00:00,3149.0,3160.0,3148.0,3154.0,171843.0,1736113.0,1731847.0
2026-01-26 10:00:00,3154.0,3160.0,3148.0,3148.0,113141.0,1731847.0,1740143.0
2026-01-26 11:00:00,3148.0,3153.0,3145.0,3149.0,57903.0,1740143.0,1738813.0
2026-01-26 13:00:00,3149.0,3151.0,3147.0,3149.0,33053.0,1738813.0,1736930.0
2026-01-26 14:00:00,3149.0,3150.0,3141.0,3143.0,103536.0,1736930.0,1730856.0
2026-01-26 21:00:00,3143.0,3143.0,3133.0,3136.0,162872.0,1730856.0,1723502.0
2026-01-26 22:00:00,3136.0,3145.0,3134.0,3144.0,69909.0,1723502.0,1714916.0
2026-01-27 09:00:00,3141.0,3145.0,3130.0,3130.0,141847.0,1714916.0,1710654.0
2026-01-27 10:00:00,3130.0,3134.0,3128.0,3133.0,65279.0,1710654.0,1708362.0
2026-01-27 11:00:00,3133.0,3133.0,3121.0,3123.0,107951.0,1708362.0,1720452.0
2026-01-27 13:00:00,3123.0,3126.0,3121.0,3125.0,56495.0,1720452.0,1720276.0
2026-01-27 14:00:00,3125.0,3128.0,3123.0,3126.0,69443.0,1720276.0,1714659.0
2026-01-27 21:00:00,3126.0,3131.0,3121.0,3126.0,106899.0,1714659.0,1719882.0
2026-01-27 22:00:00,3126.0,3128.0,3121.0,3123.0,61874.0,1719882.0,1716164.0
2026-01-28 09:00:00,3124.0,3129.0,3120.0,3122.0,89224.0,1716164.0,1720477.0
2026-01-28 10:00:00,3122.0,3125.0,3115.0,3117.0,107582.0,1720477.0,1728439.0
2026-01-28 11:00:00,3117.0,3123.0,3115.0,3121.0,48683.0,1728439.0,1734163.0
2026-01-28 13:00:00,3121.0,3123.0,3119.0,3122.0,38977.0,1734163.0,1735745.0
2026-01-28 14:00:00,3122.0,3128.0,3115.0,3123.0,154017.0,1735745.0,1744406.0
2026-01-28 21:00:00,3122.0,3139.0,3120.0,3136.0,230936.0,1744406.0,1756537.0
2026-01-28 22:00:00,3136.0,3144.0,3135.0,3139.0,137336.0,1756537.0,1747215.0
2026-01-29 09:00:00,3140.0,3143.0,3137.0,3141.0,93405.0,1747215.0,1756217.0
2026-01-29 10:00:00,3141.0,3148.0,3137.0,3145.0,137115.0,1756217.0,1756615.0
2026-01-29 11:00:00,3145.0,3148.0,3142.0,3144.0,87621.0,1756615.0,1758221.0
2026-01-29 13:00:00,3145.0,3157.0,3142.0,3155.0,166596.0,1758221.0,1781402.0
2026-01-29 14:00:00,3155.0,3159.0,3151.0,3157.0,173441.0,1781402.0,1785380.0
2026-01-29 21:00:00,3156.0,3168.0,3156.0,3161.0,260747.0,1785380.0,1806360.0
2026-01-29 22:00:00,3161.0,3174.0,3161.0,3166.0,180735.0,1806360.0,1822598.0
2026-01-30 09:00:00,3162.0,3162.0,3139.0,3141.0,273402.0,1822598.0,1785380.0
2026-01-30 10:00:00,3141.0,3144.0,3128.0,3134.0,222448.0,1785380.0,1765088.0
2026-01-30 11:00:00,3134.0,3134.0,3124.0,3128.0,86514.0,1765088.0,1763421.0
2026-01-30 13:00:00,3130.0,3133.0,3128.0,3130.0,78571.0,1763421.0,1757693.0
2026-01-30 14:00:00,3130.0,3134.0,3127.0,3128.0,115904.0,1757693.0,1734110.0
2026-01-30 21:00:00,3127.0,3139.0,3121.0,3134.0,183122.0,1734110.0,1743645.0
2026-01-30 22:00:00,3134.0,3138.0,3133.0,3134.0,62972.0,1743645.0,1739552.0
2026-02-02 09:00:00,3131.0,3131.0,3118.0,3123.0,217572.0,1739552.0,1735368.0
2026-02-02 10:00:00,3123.0,3127.0,3108.0,3109.0,171257.0,1735368.0,1745953.0
2026-02-02 11:00:00,3109.0,3113.0,3105.0,3112.0,95897.0,1745953.0,1746825.0
2026-02-02 13:00:00,3111.0,3111.0,3095.0,3101.0,207037.0,1746825.0,1758893.0
2026-02-02 14:00:00,3101.0,3104.0,3093.0,3098.0,196547.0,1758893.0,1784097.0
2026-02-02 21:00:00,3109.0,3118.0,3104.0,3110.0,208807.0,1784097.0,1791269.0
2026-02-02 22:00:00,3110.0,3115.0,3109.0,3111.0,59696.0,1791269.0,1784874.0
2026-02-03 09:00:00,3113.0,3117.0,3109.0,3117.0,109555.0,1784874.0,1788576.0
2026-02-03 10:00:00,3117.0,3117.0,3095.0,3097.0,130187.0,1788576.0,1791447.0
2026-02-03 11:00:00,3097.0,3101.0,3095.0,3100.0,49738.0,1791447.0,1792749.0
2026-02-03 13:00:00,3100.0,3101.0,3096.0,3098.0,36004.0,1792749.0,1797756.0
2026-02-03 14:00:00,3098.0,3102.0,3096.0,3099.0,91819.0,1797756.0,1805126.0
2026-02-03 21:00:00,3106.0,3116.0,3103.0,3109.0,163315.0,1805126.0,1805260.0
2026-02-03 22:00:00,3109.0,3110.0,3105.0,3105.0,37035.0,1805260.0,1806489.0
2026-02-04 09:00:00,3107.0,3113.0,3100.0,3109.0,94907.0,1806489.0,1806914.0
2026-02-04 10:00:00,3109.0,3119.0,3108.0,3112.0,109026.0,1806914.0,1796289.0
2026-02-04 11:00:00,3112.0,3118.0,3111.0,3116.0,48967.0,1796289.0,1791216.0
2026-02-04 13:00:00,3115.0,3118.0,3109.0,3109.0,63466.0,1791216.0,1791691.0
2026-02-04 14:00:00,3109.0,3111.0,3103.0,3110.0,97374.0,1791691.0,1798227.0
2026-02-04 21:00:00,3110.0,3113.0,3106.0,3111.0,118628.0,1798227.0,1805678.0
2026-02-04 22:00:00,3111.0,3113.0,3105.0,3105.0,44104.0,1805678.0,1804282.0
2026-02-05 09:00:00,3106.0,3107.0,3087.0,3088.0,216100.0,1804282.0,1860560.0
2026-02-05 10:00:00,3088.0,3093.0,3086.0,3088.0,94006.0,1860560.0,1869704.0
2026-02-05 11:00:00,3088.0,3092.0,3087.0,3092.0,37310.0,1869704.0,1868934.0
2026-02-05 13:00:00,3092.0,3100.0,3091.0,3098.0,62119.0,1868934.0,1858650.0
2026-02-05 14:00:00,3098.0,3104.0,3096.0,3101.0,109138.0,1858650.0,1847671.0
2026-02-05 21:00:00,3105.0,3111.0,3091.0,3102.0,206853.0,1847671.0,1847203.0
2026-02-05 22:00:00,3102.0,3103.0,3095.0,3096.0,48019.0,1847203.0,1843138.0
2026-02-06 09:00:00,3094.0,3096.0,3083.0,3084.0,130298.0,1843138.0,1870295.0
2026-02-06 10:00:00,3084.0,3094.0,3081.0,3083.0,104955.0,1870295.0,1881258.0
2026-02-06 11:00:00,3083.0,3088.0,3082.0,3085.0,47647.0,1881258.0,1888381.0
2026-02-06 13:00:00,3085.0,3088.0,3084.0,3087.0,36253.0,1888381.0,1892804.0
2026-02-06 14:00:00,3087.0,3087.0,3074.0,3077.0,149282.0,1892804.0,1915253.0
2026-02-06 21:00:00,3080.0,3083.0,3068.0,3071.0,156855.0,1915253.0,1952096.0
2026-02-06 22:00:00,3071.0,3071.0,3062.0,3065.0,86284.0,1952096.0,1965619.0
2026-02-09 09:00:00,3071.0,3076.0,3062.0,3065.0,184860.0,1965619.0,1984522.0
2026-02-09 10:00:00,3065.0,3074.0,3064.0,3067.0,66899.0,1984522.0,1986119.0
2026-02-09 11:00:00,3067.0,3070.0,3064.0,3065.0,30611.0,1986119.0,1991450.0
2026-02-09 13:00:00,3067.0,3074.0,3067.0,3068.0,45124.0,1991450.0,1989340.0
2026-02-09 14:00:00,3068.0,3069.0,3060.0,3064.0,94906.0,1989340.0,2005501.0
2026-02-09 21:00:00,3068.0,3072.0,3055.0,3059.0,137063.0,2005501.0,2033694.0
2026-02-09 22:00:00,3059.0,3060.0,3053.0,3055.0,57956.0,2033694.0,2033713.0
2026-02-10 09:00:00,3056.0,3063.0,3047.0,3060.0,156364.0,2033713.0,2043093.0
2026-02-10 10:00:00,3060.0,3063.0,3052.0,3053.0,52345.0,2043093.0,2050721.0
2026-02-10 11:00:00,3053.0,3058.0,3052.0,3055.0,29397.0,2050721.0,2049767.0
2026-02-10 13:00:00,3055.0,3059.0,3053.0,3056.0,28945.0,2049767.0,2052196.0
2026-02-10 14:00:00,3056.0,3058.0,3051.0,3052.0,66257.0,2052196.0,2065537.0
2026-02-10 21:00:00,3053.0,3056.0,3043.0,3056.0,130276.0,2065537.0,2086752.0
2026-02-10 22:00:00,3056.0,3068.0,3054.0,3063.0,128495.0,2086752.0,2065639.0
2026-02-11 09:00:00,3062.0,3062.0,3055.0,3061.0,73530.0,2065639.0,2070033.0
2026-02-11 10:00:00,3061.0,3066.0,3059.0,3060.0,66869.0,2070033.0,2074946.0
2026-02-11 11:00:00,3060.0,3063.0,3057.0,3061.0,32427.0,2074946.0,2072922.0
2026-02-11 13:00:00,3062.0,3067.0,3060.0,3063.0,41849.0,2072922.0,2065199.0
2026-02-11 14:00:00,3063.0,3064.0,3053.0,3054.0,83838.0,2065199.0,2063660.0
2026-02-11 21:00:00,3057.0,3060.0,3050.0,3056.0,108191.0,2063660.0,2057599.0
2026-02-11 22:00:00,3056.0,3056.0,3045.0,3045.0,60044.0,2057599.0,2057275.0
2026-02-12 09:00:00,3047.0,3054.0,3041.0,3053.0,96641.0,2057275.0,2056985.0
2026-02-12 10:00:00,3053.0,3060.0,3051.0,3053.0,57325.0,2056985.0,2045802.0
2026-02-12 11:00:00,3053.0,3055.0,3050.0,3051.0,22707.0,2045802.0,2044059.0
2026-02-12 13:00:00,3051.0,3054.0,3050.0,3053.0,25114.0,2044059.0,2039243.0
2026-02-12 14:00:00,3053.0,3053.0,3046.0,3050.0,74142.0,2039243.0,2029537.0
2026-02-12 21:00:00,3050.0,3066.0,3042.0,3061.0,134445.0,2029537.0,2019095.0
2026-02-12 22:00:00,3061.0,3063.0,3054.0,3056.0,53325.0,2019095.0,2012216.0
2026-02-13 09:00:00,3050.0,3057.0,3044.0,3054.0,102680.0,2012216.0,2003040.0
2026-02-13 10:00:00,3054.0,3063.0,3054.0,3060.0,77176.0,2003040.0,1979671.0
2026-02-13 11:00:00,3060.0,3061.0,3055.0,3056.0,33943.0,1979671.0,1971417.0
2026-02-13 13:00:00,3057.0,3062.0,3056.0,3058.0,37391.0,1971417.0,1967933.0
2026-02-13 14:00:00,3058.0,3060.0,3052.0,3055.0,116997.0,1967933.0,1942442.0
2026-02-24 09:00:00,3054.0,3060.0,3005.0,3006.0,382066.0,1942442.0,2040441.0
2026-02-24 10:00:00,3006.0,3039.0,3005.0,3038.0,174681.0,2040441.0,2040681.0
2026-02-24 11:00:00,3038.0,3038.0,3027.0,3034.0,59073.0,2040681.0,2032397.0
2026-02-24 13:00:00,3036.0,3036.0,3024.0,3030.0,51270.0,2032397.0,2033583.0
2026-02-24 14:00:00,3030.0,3032.0,3022.0,3027.0,79259.0,2033583.0,2034509.0
2026-02-24 21:00:00,3029.0,3041.0,3024.0,3033.0,176167.0,2034509.0,2063730.0
2026-02-24 22:00:00,3033.0,3034.0,3029.0,3030.0,51523.0,2063730.0,2066412.0
2026-02-25 09:00:00,3032.0,3038.0,3025.0,3036.0,133177.0,2066412.0,2070905.0
2026-02-25 10:00:00,3036.0,3049.0,3034.0,3048.0,101456.0,2070905.0,2075475.0
2026-02-25 11:00:00,3048.0,3080.0,3048.0,3074.0,315577.0,2075475.0,2033769.0
2026-02-25 13:00:00,3074.0,3084.0,3072.0,3077.0,205591.0,2033769.0,2017814.0
2026-02-25 14:00:00,3077.0,3079.0,3072.0,3076.0,166545.0,2017814.0,1988709.0
2026-02-25 21:00:00,3077.0,3083.0,3068.0,3068.0,164188.0,1988709.0,1977256.0
2026-02-25 22:00:00,3068.0,3071.0,3065.0,3069.0,62331.0,1977256.0,1963970.0
2026-02-26 09:00:00,3068.0,3076.0,3066.0,3074.0,93916.0,1963970.0,1961413.0
2026-02-26 10:00:00,3074.0,3077.0,3060.0,3060.0,119794.0,1961413.0,1955887.0
2026-02-26 11:00:00,3060.0,3069.0,3060.0,3066.0,44272.0,1955887.0,1958919.0
2026-02-26 13:00:00,3066.0,3066.0,3057.0,3059.0,57032.0,1958919.0,1960660.0
2026-02-26 14:00:00,3059.0,3064.0,3050.0,3063.0,151391.0,1960660.0,1952420.0
2026-02-26 21:00:00,3063.0,3065.0,3055.0,3060.0,97603.0,1952420.0,1948477.0
2026-02-26 22:00:00,3060.0,3065.0,3056.0,3060.0,56207.0,1948477.0,1942069.0
2026-02-27 09:00:00,3061.0,3068.0,3047.0,3060.0,163026.0,1942069.0,1957509.0
2026-02-27 10:00:00,3060.0,3064.0,3054.0,3060.0,74020.0,1957509.0,1955870.0
2026-02-27 11:00:00,3060.0,3061.0,3052.0,3055.0,32308.0,1955870.0,1955852.0
2026-02-27 13:00:00,3058.0,3062.0,3052.0,3055.0,52694.0,1955852.0,1952929.0
2026-02-27 14:00:00,3055.0,3070.0,3052.0,3067.0,119145.0,1952929.0,1948194.0
2026-02-27 21:00:00,3078.0,3098.0,3067.0,3070.0,397431.0,1948194.0,1908908.0
2026-02-27 22:00:00,3070.0,3077.0,3069.0,3074.0,86851.0,1908908.0,1901659.0
2026-03-02 09:00:00,3078.0,3084.0,3050.0,3063.0,269379.0,1901659.0,1907356.0
2026-03-02 10:00:00,3063.0,3063.0,3051.0,3059.0,70824.0,1907356.0,1903584.0
2026-03-02 11:00:00,3059.0,3065.0,3056.0,3060.0,56856.0,1903584.0,1905379.0
2026-03-02 13:00:00,3065.0,3066.0,3060.0,3065.0,60592.0,1905379.0,1910942.0
2026-03-02 14:00:00,3065.0,3070.0,3061.0,3067.0,87570.0,1910942.0,1903813.0
2026-03-02 21:00:00,3069.0,3078.0,3063.0,3069.0,167092.0,1903813.0,1902408.0
2026-03-02 22:00:00,3069.0,3069.0,3057.0,3059.0,99644.0,1902408.0,1904211.0
2026-03-03 09:00:00,3060.0,3069.0,3057.0,3059.0,104330.0,1904211.0,1896463.0
2026-03-03 10:00:00,3059.0,3072.0,3057.0,3066.0,83414.0,1896463.0,1897567.0
2026-03-03 11:00:00,3066.0,3077.0,3064.0,3073.0,68016.0,1897567.0,1890331.0
2026-03-03 13:00:00,3072.0,3074.0,3061.0,3063.0,85601.0,1890331.0,1889088.0
2026-03-03 14:00:00,3063.0,3076.0,3059.0,3074.0,180175.0,1889088.0,1881888.0
2026-03-03 21:00:00,3073.0,3081.0,3067.0,3079.0,196060.0,1881888.0,1872314.0
2026-03-03 22:00:00,3079.0,3080.0,3067.0,3067.0,82710.0,1872314.0,1864660.0
2026-03-04 09:00:00,3068.0,3085.0,3061.0,3068.0,221425.0,1864660.0,1856545.0
2026-03-04 10:00:00,3068.0,3072.0,3065.0,3068.0,55075.0,1856545.0,1851739.0
2026-03-04 11:00:00,3068.0,3074.0,3066.0,3067.0,41858.0,1851739.0,1851380.0
2026-03-04 13:00:00,3067.0,3075.0,3066.0,3074.0,41932.0,1851380.0,1848085.0
2026-03-04 14:00:00,3074.0,3076.0,3070.0,3071.0,71639.0,1848085.0,1839511.0
2026-03-04 21:00:00,3072.0,3087.0,3068.0,3086.0,204053.0,1839511.0,1860941.0
2026-03-04 22:00:00,3086.0,3088.0,3081.0,3084.0,74763.0,1860941.0,1854888.0
2026-03-05 09:00:00,3085.0,3093.0,3076.0,3076.0,158484.0,1854888.0,1850963.0
2026-03-05 10:00:00,3076.0,3081.0,3075.0,3080.0,66209.0,1850963.0,1854636.0
2026-03-05 11:00:00,3080.0,3082.0,3072.0,3077.0,62471.0,1854636.0,1857050.0
2026-03-05 13:00:00,3077.0,3087.0,3075.0,3077.0,98746.0,1857050.0,1846747.0
2026-03-05 14:00:00,3077.0,3082.0,3072.0,3075.0,141414.0,1846747.0,1837275.0
2026-03-05 21:00:00,3076.0,3078.0,3064.0,3065.0,158756.0,1837275.0,1857119.0
2026-03-05 22:00:00,3065.0,3068.0,3064.0,3067.0,43173.0,1857119.0,1859011.0
2026-03-06 09:00:00,3069.0,3086.0,3066.0,3086.0,185381.0,1859011.0,1844490.0
2026-03-06 10:00:00,3086.0,3088.0,3081.0,3084.0,81823.0,1844490.0,1831250.0
2026-03-06 11:00:00,3084.0,3086.0,3081.0,3082.0,26436.0,1831250.0,1829413.0
2026-03-06 13:00:00,3082.0,3086.0,3078.0,3082.0,48428.0,1829413.0,1819136.0
2026-03-06 14:00:00,3082.0,3092.0,3081.0,3088.0,160306.0,1819136.0,1798732.0
2026-03-06 21:00:00,3093.0,3104.0,3091.0,3097.0,289038.0,1798732.0,1784767.0
2026-03-06 22:00:00,3097.0,3101.0,3095.0,3099.0,86818.0,1784767.0,1778243.0
2026-03-09 09:00:00,3104.0,3142.0,3104.0,3131.0,570927.0,1778243.0,1774383.0
2026-03-09 10:00:00,3131.0,3140.0,3130.0,3136.0,195433.0,1774383.0,1774058.0
2026-03-09 11:00:00,3136.0,3138.0,3128.0,3132.0,72439.0,1774058.0,1769371.0
2026-03-09 13:00:00,3133.0,3133.0,3103.0,3108.0,217481.0,1769371.0,1762964.0
2026-03-09 14:00:00,3108.0,3120.0,3106.0,3119.0,144295.0,1762964.0,1740832.0
2026-03-09 21:00:00,3120.0,3121.0,3110.0,3116.0,204403.0,1740832.0,1731563.0
2026-03-09 22:00:00,3116.0,3120.0,3115.0,3118.0,66296.0,1731563.0,1726756.0
2026-03-10 09:00:00,3113.0,3113.0,3091.0,3094.0,285412.0,1726756.0,1736269.0
2026-03-10 10:00:00,3094.0,3103.0,3093.0,3101.0,79012.0,1736269.0,1738187.0
2026-03-10 11:00:00,3101.0,3107.0,3100.0,3106.0,49638.0,1738187.0,1738127.0
2026-03-10 13:00:00,3106.0,3106.0,3100.0,3105.0,50439.0,1738127.0,1741902.0
2026-03-10 14:00:00,3105.0,3105.0,3101.0,3104.0,60316.0,1741902.0,1731363.0
2026-03-10 21:00:00,3106.0,3109.0,3097.0,3101.0,137375.0,1731363.0,1737867.0
2026-03-10 22:00:00,3101.0,3103.0,3096.0,3098.0,54972.0,1737867.0,1734518.0
2026-03-11 09:00:00,3097.0,3114.0,3096.0,3112.0,97260.0,1734518.0,1731638.0
2026-03-11 10:00:00,3112.0,3113.0,3105.0,3108.0,75193.0,1731638.0,1738771.0
2026-03-11 11:00:00,3108.0,3113.0,3107.0,3112.0,40657.0,1738771.0,1737640.0
2026-03-11 13:00:00,3109.0,3115.0,3109.0,3114.0,49502.0,1737640.0,1732299.0
2026-03-11 14:00:00,3114.0,3117.0,3112.0,3115.0,79203.0,1732299.0,1722422.0
2026-03-11 21:00:00,3115.0,3127.0,3112.0,3124.0,196081.0,1722422.0,1707094.0
2026-03-11 22:00:00,3124.0,3127.0,3121.0,3125.0,64879.0,1707094.0,1696340.0
2026-03-12 09:00:00,3127.0,3136.0,3127.0,3134.0,157993.0,1696340.0,1691898.0
2026-03-12 10:00:00,3134.0,3136.0,3122.0,3123.0,110969.0,1691898.0,1695812.0
2026-03-12 11:00:00,3123.0,3127.0,3121.0,3125.0,45721.0,1695812.0,1690554.0
2026-03-12 13:00:00,3125.0,3125.0,3116.0,3117.0,69337.0,1690554.0,1684284.0
2026-03-12 14:00:00,3117.0,3124.0,3115.0,3120.0,120850.0,1684284.0,1676246.0
2026-03-12 21:00:00,3143.0,3150.0,3135.0,3140.0,322892.0,1676246.0,1670589.0
2026-03-12 22:00:00,3140.0,3145.0,3136.0,3138.0,100011.0,1670589.0,1653702.0
2026-03-13 09:00:00,3136.0,3143.0,3134.0,3139.0,104996.0,1653702.0,1656278.0
2026-03-13 10:00:00,3139.0,3149.0,3139.0,3148.0,96210.0,1656278.0,1652699.0
2026-03-13 11:00:00,3148.0,3150.0,3141.0,3144.0,68201.0,1652699.0,1641521.0
2026-03-13 13:00:00,3144.0,3149.0,3141.0,3143.0,63225.0,1641521.0,1638337.0
2026-03-13 14:00:00,3143.0,3144.0,3134.0,3142.0,164273.0,1638337.0,1626779.0
2026-03-13 21:00:00,3129.0,3138.0,3121.0,3130.0,191298.0,1626779.0,1624645.0
2026-03-13 22:00:00,3130.0,3134.0,3128.0,3134.0,47623.0,1624645.0,1616086.0
2026-03-16 09:00:00,3134.0,3145.0,3130.0,3141.0,191754.0,1616086.0,1609609.0
2026-03-16 10:00:00,3141.0,3146.0,3133.0,3135.0,131211.0,1609609.0,1592666.0
2026-03-16 11:00:00,3135.0,3137.0,3130.0,3133.0,51567.0,1592666.0,1591132.0
2026-03-16 13:00:00,3136.0,3140.0,3134.0,3136.0,40901.0,1591132.0,1586617.0
2026-03-16 14:00:00,3136.0,3142.0,3134.0,3140.0,81539.0,1586617.0,1574064.0
2026-03-16 21:00:00,3139.0,3145.0,3135.0,3139.0,150709.0,1574064.0,1587024.0
2026-03-16 22:00:00,3139.0,3145.0,3134.0,3144.0,86671.0,1587024.0,1579915.0
2026-03-17 09:00:00,3145.0,3150.0,3143.0,3147.0,118678.0,1579915.0,1575426.0
2026-03-17 10:00:00,3147.0,3148.0,3140.0,3143.0,67612.0,1575426.0,1568757.0
2026-03-17 11:00:00,3143.0,3146.0,3140.0,3144.0,32634.0,1568757.0,1565042.0
2026-03-17 13:00:00,3144.0,3148.0,3141.0,3148.0,40582.0,1565042.0,1559674.0
2026-03-17 14:00:00,3148.0,3149.0,3143.0,3148.0,95595.0,1559674.0,1549534.0
2026-03-17 21:00:00,3148.0,3160.0,3147.0,3157.0,215245.0,1549534.0,1571901.0
2026-03-17 22:00:00,3157.0,3165.0,3156.0,3159.0,117110.0,1571901.0,1571573.0
2026-03-18 09:00:00,3160.0,3167.0,3153.0,3155.0,156190.0,1571573.0,1566137.0
2026-03-18 10:00:00,3155.0,3156.0,3138.0,3140.0,167484.0,1566137.0,1546354.0
2026-03-18 11:00:00,3140.0,3143.0,3135.0,3139.0,69029.0,1546354.0,1533409.0
2026-03-18 13:00:00,3140.0,3140.0,3135.0,3139.0,58689.0,1533409.0,1527169.0
2026-03-18 14:00:00,3139.0,3141.0,3135.0,3140.0,76753.0,1527169.0,1514911.0
2026-03-18 21:00:00,3140.0,3145.0,3126.0,3131.0,217820.0,1514911.0,1492223.0
2026-03-18 22:00:00,3131.0,3138.0,3128.0,3137.0,49186.0,1492223.0,1483888.0
2026-03-19 09:00:00,3138.0,3141.0,3129.0,3132.0,83617.0,1483888.0,1484097.0
2026-03-19 10:00:00,3132.0,3133.0,3122.0,3126.0,94827.0,1484097.0,1477843.0
2026-03-19 11:00:00,3126.0,3132.0,3125.0,3130.0,38911.0,1477843.0,1478656.0
2026-03-19 13:00:00,3131.0,3131.0,3126.0,3129.0,39628.0,1478656.0,1468369.0
2026-03-19 14:00:00,3129.0,3138.0,3124.0,3135.0,124808.0,1468369.0,1449246.0
2026-03-19 21:00:00,3130.0,3134.0,3113.0,3123.0,238115.0,1449246.0,1446183.0
2026-03-19 22:00:00,3123.0,3133.0,3123.0,3133.0,85993.0,1446183.0,1432007.0
2026-03-20 09:00:00,3131.0,3136.0,3126.0,3136.0,124418.0,1432007.0,1431714.0
2026-03-20 10:00:00,3136.0,3136.0,3126.0,3133.0,88637.0,1431714.0,1412975.0
2026-03-20 11:00:00,3133.0,3134.0,3131.0,3131.0,30567.0,1412975.0,1409161.0
2026-03-20 13:00:00,3133.0,3133.0,3127.0,3129.0,40354.0,1409161.0,1401948.0
2026-03-20 14:00:00,3129.0,3131.0,3120.0,3123.0,116055.0,1401948.0,1387220.0
2026-03-20 21:00:00,3120.0,3155.0,3111.0,3149.0,343628.0,1387220.0,1384276.0
2026-03-20 22:00:00,3149.0,3150.0,3141.0,3148.0,96131.0,1384276.0,1376122.0
2026-03-23 09:00:00,3150.0,3164.0,3147.0,3164.0,236139.0,1376122.0,1378401.0
2026-03-23 10:00:00,3164.0,3165.0,3149.0,3156.0,123525.0,1378401.0,1366454.0
2026-03-23 11:00:00,3156.0,3159.0,3151.0,3155.0,38867.0,1366454.0,1362366.0
2026-03-23 13:00:00,3155.0,3158.0,3151.0,3156.0,59147.0,1362366.0,1360528.0
2026-03-23 14:00:00,3156.0,3158.0,3152.0,3154.0,113918.0,1360528.0,1351388.0
2026-03-23 21:00:00,3140.0,3149.0,3135.0,3146.0,211445.0,1351388.0,1329936.0
2026-03-23 22:00:00,3146.0,3147.0,3141.0,3144.0,50472.0,1329936.0,1320261.0
2026-03-24 09:00:00,3144.0,3155.0,3141.0,3150.0,101021.0,1320261.0,1305513.0
2026-03-24 10:00:00,3150.0,3152.0,3143.0,3144.0,58528.0,1305513.0,1292129.0
2026-03-24 11:00:00,3144.0,3147.0,3143.0,3147.0,36076.0,1292129.0,1287007.0
2026-03-24 13:00:00,3147.0,3152.0,3146.0,3147.0,47158.0,1287007.0,1282725.0
2026-03-24 14:00:00,3147.0,3150.0,3138.0,3145.0,114264.0,1282725.0,1263489.0
2026-03-24 21:00:00,3148.0,3155.0,3143.0,3149.0,154872.0,1263489.0,1264441.0
2026-03-24 22:00:00,3149.0,3151.0,3146.0,3148.0,49923.0,1264441.0,1255499.0
2026-03-25 09:00:00,3145.0,3147.0,3130.0,3136.0,171900.0,1255499.0,1243231.0
2026-03-25 10:00:00,3136.0,3139.0,3130.0,3131.0,68266.0,1243231.0,1234468.0
2026-03-25 11:00:00,3131.0,3134.0,3126.0,3131.0,51773.0,1234468.0,1224642.0
2026-03-25 13:00:00,3132.0,3133.0,3127.0,3131.0,36861.0,1224642.0,1222025.0
2026-03-25 14:00:00,3131.0,3135.0,3130.0,3132.0,60013.0,1222025.0,1207317.0
2026-03-25 21:00:00,3133.0,3135.0,3125.0,3133.0,106619.0,1207317.0,1205068.0
2026-03-25 22:00:00,3133.0,3133.0,3129.0,3131.0,21997.0,1205068.0,1201133.0
2026-03-26 09:00:00,3132.0,3138.0,3130.0,3132.0,90501.0,1201133.0,1188331.0
2026-03-26 10:00:00,3132.0,3133.0,3128.0,3133.0,46665.0,1188331.0,1179520.0
2026-03-26 11:00:00,3133.0,3137.0,3130.0,3135.0,42124.0,1179520.0,1170482.0
2026-03-26 13:00:00,3136.0,3138.0,3133.0,3134.0,26503.0,1170482.0,1165119.0
2026-03-26 14:00:00,3134.0,3135.0,3127.0,3128.0,72031.0,1165119.0,1167209.0
2026-03-26 21:00:00,3134.0,3136.0,3123.0,3126.0,111613.0,1167209.0,1156868.0
2026-03-26 22:00:00,3126.0,3128.0,3121.0,3122.0,57072.0,1156868.0,1143339.0
2026-03-27 09:00:00,3122.0,3124.0,3115.0,3119.0,93827.0,1143339.0,1129920.0
2026-03-27 10:00:00,3119.0,3123.0,3117.0,3119.0,38773.0,1129920.0,1126015.0
2026-03-27 11:00:00,3119.0,3124.0,3119.0,3124.0,30135.0,1126015.0,1118282.0
2026-03-27 13:00:00,3124.0,3126.0,3112.0,3113.0,85251.0,1118282.0,1099226.0
2026-03-27 14:00:00,3113.0,3124.0,3112.0,3124.0,100697.0,1099226.0,1076159.0
2026-03-27 21:00:00,3125.0,3131.0,3121.0,3124.0,122551.0,1076159.0,1051647.0
2026-03-27 22:00:00,3124.0,3127.0,3123.0,3126.0,56232.0,1051647.0,1029031.0
2026-03-30 09:00:00,3128.0,3151.0,3128.0,3138.0,265295.0,1029031.0,1004364.0
2026-03-30 10:00:00,3138.0,3143.0,3136.0,3138.0,61441.0,1004364.0,992126.0
2026-03-30 11:00:00,3138.0,3140.0,3136.0,3138.0,25208.0,992126.0,988137.0
2026-03-30 13:00:00,3139.0,3141.0,3136.0,3138.0,34237.0,988137.0,983477.0
2026-03-30 14:00:00,3138.0,3142.0,3136.0,3139.0,51791.0,983477.0,976441.0
2026-03-30 21:00:00,3142.0,3145.0,3137.0,3142.0,114141.0,976441.0,960483.0
2026-03-30 22:00:00,3142.0,3145.0,3142.0,3144.0,31287.0,960483.0,953175.0
2026-03-31 09:00:00,3143.0,3144.0,3127.0,3133.0,100572.0,953175.0,939650.0
2026-03-31 10:00:00,3133.0,3133.0,3129.0,3129.0,37178.0,939650.0,933792.0
2026-03-31 11:00:00,3129.0,3130.0,3119.0,3122.0,65414.0,933792.0,927403.0
2026-03-31 13:00:00,3122.0,3124.0,3116.0,3120.0,57800.0,927403.0,914562.0
2026-03-31 14:00:00,3120.0,3123.0,3118.0,3121.0,71011.0,914562.0,901052.0
2026-03-31 21:00:00,3122.0,3129.0,3116.0,3123.0,115248.0,901052.0,899816.0
2026-03-31 22:00:00,3123.0,3124.0,3121.0,3124.0,25339.0,899816.0,898637.0
2026-04-01 09:00:00,3123.0,3132.0,3120.0,3131.0,69624.0,898637.0,888829.0
2026-04-01 10:00:00,3131.0,3141.0,3128.0,3137.0,84094.0,888829.0,883784.0
2026-04-01 11:00:00,3137.0,3138.0,3132.0,3135.0,23232.0,883784.0,881643.0
2026-04-01 13:00:00,3134.0,3136.0,3123.0,3128.0,45461.0,881643.0,876569.0
2026-04-01 14:00:00,3128.0,3129.0,3119.0,3120.0,63932.0,876569.0,870166.0
2026-04-01 21:00:00,3126.0,3127.0,3101.0,3104.0,213025.0,870166.0,853176.0
2026-04-01 22:00:00,3104.0,3111.0,3093.0,3096.0,123989.0,853176.0,853482.0
2026-04-02 09:00:00,3096.0,3101.0,3086.0,3100.0,139862.0,853482.0,844000.0
2026-04-02 10:00:00,3100.0,3106.0,3098.0,3102.0,40183.0,844000.0,837238.0
2026-04-02 11:00:00,3102.0,3109.0,3100.0,3108.0,28056.0,837238.0,834874.0
2026-04-02 13:00:00,3108.0,3114.0,3106.0,3107.0,41656.0,834874.0,829596.0
2026-04-02 14:00:00,3107.0,3110.0,3104.0,3106.0,44458.0,829596.0,821053.0
2026-04-02 21:00:00,3120.0,3123.0,3095.0,3099.0,119431.0,821053.0,808444.0
2026-04-02 22:00:00,3099.0,3103.0,3094.0,3096.0,37818.0,808444.0,802232.0
2026-04-03 09:00:00,3095.0,3099.0,3093.0,3097.0,39876.0,802232.0,794364.0
2026-04-03 10:00:00,3097.0,3102.0,3095.0,3096.0,26797.0,794364.0,789266.0
2026-04-03 11:00:00,3096.0,3099.0,3094.0,3096.0,12483.0,789266.0,785735.0
2026-04-03 13:00:00,3096.0,3101.0,3095.0,3100.0,35983.0,785735.0,776647.0
2026-04-03 14:00:00,3100.0,3102.0,3091.0,3097.0,63947.0,776647.0,761769.0
2026-04-07 09:00:00,3098.0,3108.0,3087.0,3096.0,112174.0,761769.0,743840.0
2026-04-07 10:00:00,3096.0,3100.0,3093.0,3095.0,29652.0,743840.0,741577.0
2026-04-07 11:00:00,3095.0,3096.0,3090.0,3092.0,19325.0,741577.0,739343.0
2026-04-07 13:00:00,3092.0,3096.0,3091.0,3093.0,17057.0,739343.0,734700.0
2026-04-07 14:00:00,3093.0,3094.0,3090.0,3091.0,36481.0,734700.0,727786.0
2026-04-07 21:00:00,3117.0,3120.0,3110.0,3114.0,117361.0,727786.0,1149982.0
2026-04-07 22:00:00,3114.0,3114.0,3106.0,3107.0,48567.0,1149982.0,1160179.0
2026-04-08 09:00:00,3105.0,3111.0,3097.0,3107.0,143126.0,1160179.0,1189175.0
2026-04-08 10:00:00,3107.0,3111.0,3106.0,3110.0,50586.0,1189175.0,1197834.0
2026-04-08 11:00:00,3110.0,3110.0,3107.0,3109.0,17966.0,1197834.0,1202801.0
2026-04-08 13:00:00,3109.0,3114.0,3108.0,3113.0,37316.0,1202801.0,1210106.0
2026-04-08 14:00:00,3113.0,3116.0,3111.0,3114.0,71921.0,1210106.0,1221262.0
2026-04-08 21:00:00,3117.0,3119.0,3112.0,3114.0,91735.0,1221262.0,1248328.0
2026-04-08 22:00:00,3114.0,3115.0,3110.0,3114.0,45992.0,1248328.0,1258686.0
2026-04-09 09:00:00,3115.0,3116.0,3104.0,3105.0,79468.0,1258686.0,1276739.0
2026-04-09 10:00:00,3105.0,3107.0,3102.0,3103.0,44791.0,1276739.0,1289047.0
2026-04-09 11:00:00,3103.0,3105.0,3102.0,3103.0,18495.0,1289047.0,1291797.0
2026-04-09 13:00:00,3104.0,3104.0,3100.0,3103.0,44220.0,1291797.0,1299060.0
2026-04-09 14:00:00,3103.0,3103.0,3093.0,3096.0,100836.0,1299060.0,1324703.0
2026-04-09 21:00:00,3099.0,3104.0,3087.0,3092.0,123782.0,1324703.0,1356594.0
2026-04-09 22:00:00,3092.0,3093.0,3085.0,3088.0,41126.0,1356594.0,1363024.0
2026-04-10 09:00:00,3088.0,3095.0,3083.0,3095.0,99021.0,1363024.0,1375979.0
2026-04-10 10:00:00,3095.0,3105.0,3093.0,3099.0,87103.0,1375979.0,1380294.0
2026-04-10 11:00:00,3099.0,3102.0,3095.0,3101.0,27455.0,1380294.0,1383006.0
2026-04-10 13:00:00,3101.0,3105.0,3100.0,3100.0,34338.0,1383006.0,1387438.0
2026-04-10 14:00:00,3100.0,3105.0,3096.0,3099.0,75454.0,1387438.0,1389937.0
2026-04-10 21:00:00,3098.0,3100.0,3089.0,3091.0,88944.0,1389937.0,1405968.0
2026-04-10 22:00:00,3091.0,3094.0,3090.0,3093.0,30706.0,1405968.0,1406130.0
2026-04-13 09:00:00,3095.0,3098.0,3088.0,3089.0,84568.0,1406130.0,1418534.0
2026-04-13 10:00:00,3089.0,3095.0,3088.0,3093.0,47124.0,1418534.0,1427708.0
2026-04-13 11:00:00,3093.0,3102.0,3091.0,3101.0,42661.0,1427708.0,1430432.0
2026-04-13 13:00:00,3101.0,3109.0,3100.0,3104.0,80447.0,1430432.0,1431637.0
2026-04-13 14:00:00,3104.0,3105.0,3099.0,3100.0,64905.0,1431637.0,1442559.0
2026-04-13 21:00:00,3104.0,3105.0,3095.0,3097.0,93451.0,1442559.0,1463304.0
2026-04-13 22:00:00,3097.0,3099.0,3095.0,3098.0,25512.0,1463304.0,1465298.0
2026-04-14 09:00:00,3098.0,3104.0,3097.0,3097.0,66860.0,1465298.0,1468974.0
2026-04-14 10:00:00,3097.0,3099.0,3088.0,3090.0,99740.0,1468974.0,1479569.0
2026-04-14 11:00:00,3090.0,3092.0,3088.0,3090.0,34921.0,1479569.0,1486951.0
2026-04-14 13:00:00,3090.0,3092.0,3088.0,3089.0,27097.0,1486951.0,1492490.0
2026-04-14 14:00:00,3089.0,3094.0,3089.0,3094.0,56597.0,1492490.0,1497766.0
2026-04-14 21:00:00,3094.0,3104.0,3093.0,3099.0,125257.0,1497766.0,1499630.0
2026-04-14 22:00:00,3099.0,3101.0,3098.0,3100.0,22749.0,1499630.0,1499075.0
2026-04-15 09:00:00,3100.0,3102.0,3095.0,3102.0,53050.0,1499075.0,1502437.0
2026-04-15 10:00:00,3102.0,3104.0,3100.0,3101.0,38301.0,1502437.0,1503722.0
2026-04-15 11:00:00,3101.0,3102.0,3098.0,3100.0,25755.0,1503722.0,1509855.0
2026-04-15 13:00:00,3100.0,3104.0,3100.0,3103.0,28847.0,1509855.0,1513978.0
2026-04-15 14:00:00,3103.0,3105.0,3101.0,3103.0,61960.0,1513978.0,1516241.0
2026-04-15 21:00:00,3104.0,3123.0,3103.0,3118.0,261860.0,1516241.0,1512036.0
2026-04-15 22:00:00,3118.0,3119.0,3113.0,3114.0,48172.0,1512036.0,1503511.0
2026-04-16 09:00:00,3115.0,3117.0,3113.0,3117.0,70963.0,1503511.0,1505786.0
2026-04-16 10:00:00,3117.0,3119.0,3113.0,3113.0,30612.0,1505786.0,1506302.0
2026-04-16 11:00:00,3113.0,3119.0,3113.0,3118.0,24027.0,1506302.0,1506754.0
2026-04-16 13:00:00,3118.0,3123.0,3118.0,3122.0,54052.0,1506754.0,1513141.0
2026-04-16 14:00:00,3122.0,3136.0,3120.0,3133.0,208996.0,1513141.0,1483685.0
2026-04-16 21:00:00,3135.0,3137.0,3129.0,3131.0,130927.0,1483685.0,1477680.0
2026-04-16 22:00:00,3131.0,3135.0,3131.0,3133.0,44544.0,1477680.0,1468464.0
2026-04-17 09:00:00,3133.0,3139.0,3128.0,3128.0,126657.0,1468464.0,1456450.0
2026-04-17 10:00:00,3128.0,3133.0,3128.0,3133.0,52882.0,1456450.0,1451469.0
2026-04-17 11:00:00,3133.0,3135.0,3132.0,3134.0,35430.0,1451469.0,1449590.0
2026-04-17 13:00:00,3133.0,3134.0,3129.0,3133.0,28703.0,1449590.0,1447345.0
2026-04-17 14:00:00,3133.0,3136.0,3131.0,3133.0,61992.0,1447345.0,1437049.0
2026-04-17 21:00:00,3132.0,3136.0,3124.0,3128.0,128511.0,1437049.0,1441261.0
2026-04-17 22:00:00,3128.0,3130.0,3126.0,3128.0,36614.0,1441261.0,1443377.0
2026-04-20 09:00:00,3134.0,3148.0,3128.0,3146.0,221170.0,1443377.0,1443443.0
2026-04-20 10:00:00,3146.0,3157.0,3145.0,3155.0,156436.0,1443443.0,1471537.0
2026-04-20 11:00:00,3155.0,3162.0,3154.0,3158.0,99622.0,1471537.0,1490583.0
2026-04-20 13:00:00,3158.0,3162.0,3157.0,3160.0,63259.0,1490583.0,1501125.0
2026-04-20 14:00:00,3160.0,3178.0,3158.0,3172.0,296224.0,1501125.0,1558248.0
2026-04-20 21:00:00,3174.0,3178.0,3170.0,3174.0,183939.0,1558248.0,1577848.0
2026-04-20 22:00:00,3174.0,3178.0,3172.0,3175.0,61716.0,1577848.0,1577182.0
2026-04-21 09:00:00,3174.0,3184.0,3169.0,3179.0,210445.0,1577182.0,1600474.0
2026-04-21 10:00:00,3179.0,3180.0,3175.0,3178.0,58633.0,1600474.0,1607870.0
2026-04-21 11:00:00,3178.0,3180.0,3176.0,3176.0,30345.0,1607870.0,1609667.0
2026-04-21 13:00:00,3176.0,3180.0,3173.0,3178.0,61667.0,1609667.0,1620411.0
2026-04-21 14:00:00,3178.0,3178.0,3173.0,3176.0,108965.0,1620411.0,1627367.0
2026-04-21 21:00:00,3168.0,3178.0,3165.0,3171.0,148221.0,1627367.0,1634089.0
2026-04-21 22:00:00,3171.0,3173.0,3169.0,3172.0,43571.0,1634089.0,1628506.0
2026-04-22 09:00:00,3173.0,3179.0,3170.0,3178.0,95633.0,1628506.0,1638677.0
2026-04-22 10:00:00,3178.0,3185.0,3178.0,3184.0,103760.0,1638677.0,1648502.0
2026-04-22 11:00:00,3184.0,3188.0,3183.0,3186.0,66638.0,1648502.0,1655409.0
2026-04-22 13:00:00,3185.0,3186.0,3180.0,3181.0,60911.0,1655409.0,1655611.0
2026-04-22 14:00:00,3181.0,3188.0,3177.0,3186.0,125241.0,1655611.0,1663643.0
2026-04-22 21:00:00,3188.0,3203.0,3186.0,3187.0,297797.0,1663643.0,1700949.0
2026-04-22 22:00:00,3187.0,3192.0,3186.0,3191.0,71536.0,1700949.0,1702773.0
2026-04-23 09:00:00,3190.0,3196.0,3186.0,3189.0,100704.0,1702773.0,1711023.0
2026-04-23 10:00:00,3189.0,3192.0,3184.0,3186.0,65668.0,1711023.0,1711853.0
2026-04-23 11:00:00,3186.0,3189.0,3179.0,3182.0,59006.0,1711853.0,1709138.0
2026-04-23 13:00:00,3183.0,3191.0,3181.0,3190.0,55084.0,1709138.0,1712268.0
2026-04-23 14:00:00,3190.0,3192.0,3176.0,3181.0,131333.0,1712268.0,1710033.0
2026-04-23 21:00:00,3182.0,3196.0,3179.0,3192.0,170469.0,1710033.0,1738999.0
2026-04-23 22:00:00,3192.0,3195.0,3186.0,3193.0,58566.0,1738999.0,1740851.0
2026-04-24 09:00:00,3193.0,3196.0,3185.0,3187.0,97992.0,1740851.0,1744370.0
2026-04-24 10:00:00,3187.0,3194.0,3184.0,3192.0,57711.0,1744370.0,1747473.0
2026-04-24 11:00:00,3192.0,3193.0,3189.0,3191.0,30032.0,1747473.0,1753086.0
2026-04-24 13:00:00,3191.0,3193.0,3187.0,3189.0,27841.0,1753086.0,1757803.0
2026-04-24 14:00:00,3189.0,3193.0,3186.0,3191.0,83240.0,1757803.0,1759257.0
2026-04-24 21:00:00,3192.0,3214.0,3188.0,3206.0,277504.0,1759257.0,1810377.0
2026-04-24 22:00:00,3206.0,3206.0,3185.0,3193.0,165330.0,1810377.0,1785067.0
2026-04-27 09:00:00,3194.0,3200.0,3193.0,3196.0,98596.0,1785067.0,1789533.0
2026-04-27 10:00:00,3196.0,3199.0,3193.0,3194.0,37328.0,1789533.0,1790774.0
2026-04-27 11:00:00,3194.0,3195.0,3191.0,3192.0,28200.0,1790774.0,1792286.0
2026-04-27 13:00:00,3192.0,3193.0,3186.0,3186.0,57810.0,1792286.0,1793728.0
2026-04-27 14:00:00,3186.0,3193.0,3186.0,3190.0,67394.0,1793728.0,1790156.0
2026-04-27 21:00:00,3191.0,3195.0,3182.0,3188.0,119792.0,1790156.0,1802680.0
2026-04-27 22:00:00,3188.0,3191.0,3187.0,3190.0,25019.0,1802680.0,1798696.0
2026-04-28 09:00:00,3190.0,3193.0,3170.0,3171.0,215104.0,1798696.0,1783830.0
2026-04-28 10:00:00,3171.0,3175.0,3162.0,3165.0,131789.0,1783830.0,1765599.0
2026-04-28 11:00:00,3165.0,3171.0,3163.0,3169.0,50527.0,1765599.0,1755479.0
2026-04-28 13:00:00,3169.0,3172.0,3167.0,3172.0,37171.0,1755479.0,1754429.0
2026-04-28 14:00:00,3172.0,3178.0,3170.0,3176.0,88369.0,1754429.0,1749901.0
2026-04-28 21:00:00,3177.0,3182.0,3168.0,3169.0,109760.0,1749901.0,1749624.0
2026-04-28 22:00:00,3169.0,3171.0,3166.0,3168.0,33164.0,1749624.0,1742312.0
2026-04-29 09:00:00,3166.0,3177.0,3166.0,3175.0,89702.0,1742312.0,1749927.0
2026-04-29 10:00:00,3175.0,3183.0,3174.0,3180.0,85457.0,1749927.0,1750670.0
2026-04-29 11:00:00,3180.0,3189.0,3179.0,3187.0,57596.0,1750670.0,1758634.0
2026-04-29 13:00:00,3187.0,3195.0,3186.0,3190.0,66968.0,1758634.0,1773924.0
2026-04-29 14:00:00,3190.0,3198.0,3188.0,3195.0,140563.0,1773924.0,1802387.0
2026-04-29 21:00:00,3195.0,3204.0,3191.0,3195.0,157512.0,1802387.0,1826773.0
2026-04-29 22:00:00,3195.0,3197.0,3193.0,3193.0,34326.0,1826773.0,1826585.0
2026-04-30 09:00:00,3195.0,3200.0,3193.0,3198.0,61860.0,1826585.0,1828039.0
2026-04-30 10:00:00,3198.0,3202.0,3195.0,3201.0,54747.0,1828039.0,1835526.0
2026-04-30 11:00:00,3201.0,3206.0,3200.0,3203.0,48448.0,1835526.0,1844186.0
2026-04-30 13:00:00,3203.0,3209.0,3198.0,3208.0,61984.0,1844186.0,1856469.0
2026-04-30 14:00:00,3208.0,3220.0,3208.0,3214.0,240087.0,1856469.0,1885016.0
2026-05-06 09:00:00,3228.0,3246.0,3219.0,3241.0,306093.0,1885016.0,1954597.0
2026-05-06 10:00:00,3241.0,3252.0,3241.0,3249.0,103866.0,1954597.0,1978888.0
2026-05-06 11:00:00,3249.0,3252.0,3245.0,3250.0,42630.0,1978888.0,1987694.0
2026-05-06 13:00:00,3250.0,3258.0,3249.0,3257.0,82457.0,1987694.0,2000251.0
2026-05-06 14:00:00,3257.0,3268.0,3255.0,3264.0,167983.0,2000251.0,2030834.0
2026-05-06 21:00:00,3259.0,3270.0,3253.0,3264.0,261257.0,2030834.0,2075505.0
2026-05-06 22:00:00,3264.0,3273.0,3259.0,3268.0,113378.0,2075505.0,2074132.0
2026-05-07 09:00:00,3269.0,3272.0,3257.0,3259.0,170572.0,2074132.0,2084650.0
2026-05-07 10:00:00,3259.0,3264.0,3259.0,3263.0,46106.0,2084650.0,2088965.0
2026-05-07 11:00:00,3263.0,3270.0,3259.0,3268.0,54104.0,2088965.0,2094472.0
2026-05-07 13:00:00,3268.0,3273.0,3266.0,3268.0,56698.0,2094472.0,2097976.0
2026-05-07 14:00:00,3268.0,3278.0,3267.0,3273.0,142917.0,2097976.0,2110783.0
2026-05-07 21:00:00,3272.0,3285.0,3268.0,3270.0,246535.0,2110783.0,2131616.0
2026-05-07 22:00:00,3270.0,3279.0,3269.0,3278.0,69173.0,2131616.0,2134058.0
2026-05-08 09:00:00,3276.0,3284.0,3272.0,3284.0,102187.0,2134058.0,2144049.0
2026-05-08 10:00:00,3284.0,3285.0,3275.0,3276.0,89630.0,2144049.0,2152349.0
2026-05-08 11:00:00,3276.0,3280.0,3273.0,3276.0,47532.0,2152349.0,2152297.0
2026-05-08 13:00:00,3276.0,3281.0,3274.0,3274.0,60741.0,2152297.0,2157169.0
2026-05-08 14:00:00,3274.0,3284.0,3261.0,3263.0,209114.0,2157169.0,2144541.0
2026-05-08 21:00:00,3262.0,3271.0,3260.0,3264.0,141781.0,2144541.0,2145105.0
2026-05-08 22:00:00,3264.0,3277.0,3264.0,3276.0,76400.0,2145105.0,2144249.0
2026-05-11 09:00:00,3280.0,3298.0,3277.0,3294.0,303391.0,2144249.0,2163405.0
2026-05-11 10:00:00,3294.0,3297.0,3287.0,3296.0,96716.0,2163405.0,2178990.0
2026-05-11 11:00:00,3296.0,3296.0,3288.0,3292.0,45582.0,2178990.0,2175538.0
2026-05-11 13:00:00,3293.0,3295.0,3281.0,3286.0,79208.0,2175538.0,2177288.0
2026-05-11 14:00:00,3286.0,3287.0,3278.0,3286.0,108387.0,2177288.0,2172556.0
2026-05-11 21:00:00,3286.0,3292.0,3271.0,3275.0,187768.0,2172556.0,2182326.0
2026-05-11 22:00:00,3275.0,3282.0,3273.0,3276.0,58984.0,2182326.0,2179271.0
2026-05-12 09:00:00,3276.0,3292.0,3275.0,3285.0,161318.0,2179271.0,2180909.0
2026-05-12 10:00:00,3285.0,3286.0,3275.0,3281.0,102963.0,2180909.0,2177744.0
2026-05-12 11:00:00,3281.0,3284.0,3276.0,3276.0,34749.0,2177744.0,2177644.0
2026-05-12 13:00:00,3276.0,3278.0,3261.0,3265.0,153202.0,2177644.0,2171419.0
2026-05-12 14:00:00,3265.0,3269.0,3246.0,3255.0,267909.0,2171419.0,2141462.0
2026-05-12 21:00:00,3255.0,3256.0,3236.0,3249.0,312701.0,2141462.0,2104583.0
2026-05-12 22:00:00,3249.0,3251.0,3246.0,3249.0,75882.0,2104583.0,2092738.0
2026-05-13 09:00:00,3251.0,3265.0,3246.0,3263.0,142209.0,2092738.0,2096580.0
2026-05-13 10:00:00,3263.0,3267.0,3251.0,3254.0,99998.0,2096580.0,2094827.0
2026-05-13 11:00:00,3254.0,3256.0,3248.0,3248.0,52352.0,2094827.0,2092826.0
2026-05-13 13:00:00,3249.0,3256.0,3248.0,3256.0,46693.0,2092826.0,2094181.0
2026-05-13 14:00:00,3256.0,3262.0,3255.0,3257.0,102339.0,2094181.0,2092246.0
2026-05-13 21:00:00,3249.0,3260.0,3245.0,3247.0,174294.0,2092246.0,2079610.0
2026-05-13 22:00:00,3247.0,3250.0,3245.0,3247.0,55754.0,2079610.0,2067673.0
2026-05-14 09:00:00,3247.0,3254.0,3237.0,3240.0,154460.0,2067673.0,2059602.0
2026-05-14 10:00:00,3240.0,3245.0,3233.0,3243.0,110321.0,2059602.0,2057093.0
2026-05-14 11:00:00,3243.0,3245.0,3237.0,3242.0,45044.0,2057093.0,2056005.0
2026-05-14 13:00:00,3242.0,3258.0,3242.0,3250.0,130545.0,2056005.0,2058649.0
2026-05-14 14:00:00,3250.0,3255.0,3245.0,3255.0,109691.0,2058649.0,2055051.0
2026-05-14 21:00:00,3257.0,3272.0,3253.0,3258.0,256229.0,2055051.0,2075068.0
2026-05-14 22:00:00,3258.0,3263.0,3254.0,3257.0,85502.0,2075068.0,2071678.0
2026-05-15 09:00:00,3257.0,3265.0,3244.0,3246.0,163864.0,2071678.0,2072971.0
2026-05-15 10:00:00,3246.0,3248.0,3241.0,3247.0,96237.0,2072971.0,2065281.0
2026-05-15 11:00:00,3247.0,3251.0,3236.0,3240.0,74640.0,2065281.0,2059005.0
2026-05-15 13:00:00,3240.0,3240.0,3234.0,3234.0,79567.0,2059005.0,2053922.0
2026-05-15 14:00:00,3234.0,3237.0,3226.0,3232.0,178940.0,2053922.0,2021601.0
2026-05-15 21:00:00,3231.0,3237.0,3225.0,3232.0,148471.0,2021601.0,2010656.0
2026-05-15 22:00:00,3232.0,3233.0,3225.0,3229.0,56365.0,2010656.0,1997639.0
2026-05-18 09:00:00,3229.0,3236.0,3224.0,3230.0,138561.0,1997639.0,1985556.0
2026-05-18 10:00:00,3230.0,3232.0,3226.0,3226.0,42804.0,1985556.0,1978611.0
2026-05-18 11:00:00,3226.0,3228.0,3213.0,3216.0,123247.0,1978611.0,1966088.0
2026-05-18 13:00:00,3216.0,3219.0,3210.0,3213.0,62468.0,1966088.0,1962827.0
2026-05-18 14:00:00,3213.0,3214.0,3204.0,3206.0,171399.0,1962827.0,1954850.0
2026-05-18 21:00:00,3209.0,3213.0,3198.0,3208.0,182469.0,1954850.0,1951049.0
2026-05-18 22:00:00,3208.0,3208.0,3200.0,3207.0,47714.0,1951049.0,1944616.0
2026-05-19 09:00:00,3206.0,3207.0,3190.0,3193.0,158095.0,1944616.0,1917791.0
2026-05-19 10:00:00,3193.0,3195.0,3187.0,3190.0,81983.0,1917791.0,1904474.0
2026-05-19 11:00:00,3190.0,3192.0,3187.0,3191.0,43670.0,1904474.0,1901328.0
2026-05-19 13:00:00,3192.0,3193.0,3188.0,3192.0,43207.0,1901328.0,1895962.0
2026-05-19 14:00:00,3192.0,3205.0,3188.0,3204.0,143605.0,1895962.0,1873631.0
2026-05-19 21:00:00,3205.0,3206.0,3195.0,3199.0,137090.0,1873631.0,1877761.0
2026-05-19 22:00:00,3199.0,3200.0,3194.0,3198.0,61536.0,1877761.0,1873427.0
2026-05-20 09:00:00,3199.0,3199.0,3186.0,3187.0,97572.0,1873427.0,1865623.0
2026-05-20 10:00:00,3187.0,3187.0,3177.0,3182.0,135752.0,1865623.0,1860459.0
2026-05-20 11:00:00,3182.0,3185.0,3178.0,3181.0,54983.0,1860459.0,1858332.0
2026-05-20 13:00:00,3182.0,3186.0,3177.0,3184.0,59962.0,1858332.0,1855926.0
2026-05-20 14:00:00,3184.0,3191.0,3183.0,3189.0,118428.0,1855926.0,1851774.0
2026-05-20 21:00:00,3191.0,3196.0,3180.0,3184.0,163996.0,1851774.0,1850230.0
2026-05-20 22:00:00,3184.0,3188.0,3181.0,3186.0,39919.0,1850230.0,1850456.0
2026-05-21 09:00:00,3185.0,3195.0,3183.0,3190.0,124083.0,1850456.0,1843698.0
2026-05-21 10:00:00,3190.0,3198.0,3188.0,3192.0,82696.0,1843698.0,1844833.0
2026-05-21 11:00:00,3192.0,3193.0,3189.0,3191.0,32124.0,1844833.0,1847936.0
2026-05-21 13:00:00,3192.0,3195.0,3180.0,3181.0,106944.0,1847936.0,1842744.0
2026-05-21 14:00:00,3181.0,3183.0,3172.0,3175.0,207444.0,1842744.0,1840880.0
2026-05-21 21:00:00,3178.0,3179.0,3168.0,3171.0,157010.0,1840880.0,1836520.0
2026-05-21 22:00:00,3171.0,3172.0,3166.0,3168.0,49907.0,1836520.0,1832356.0
2026-05-22 09:00:00,3167.0,3170.0,3163.0,3165.0,104210.0,1832356.0,1823092.0
2026-05-22 10:00:00,3165.0,3179.0,3164.0,3175.0,120563.0,1823092.0,1813169.0
2026-05-22 11:00:00,3175.0,3177.0,3171.0,3172.0,29979.0,1813169.0,1807964.0
2026-05-22 13:00:00,3173.0,3178.0,3171.0,3174.0,48859.0,1807964.0,1806464.0
2026-05-22 14:00:00,3174.0,3175.0,3165.0,3168.0,102676.0,1806464.0,1804080.0
2026-05-22 21:00:00,3166.0,3175.0,3165.0,3171.0,114983.0,1804080.0,1808675.0
2026-05-22 22:00:00,3171.0,3172.0,3168.0,3168.0,38261.0,1808675.0,1804429.0
2026-05-25 09:00:00,3224.0,3238.0,3215.0,3219.0,590275.0,1804429.0,1781412.0
2026-05-25 10:00:00,3219.0,3223.0,3211.0,3214.0,99448.0,1781412.0,1793776.0
2026-05-25 11:00:00,3214.0,3215.0,3206.0,3210.0,84744.0,1793776.0,1801078.0
2026-05-25 13:00:00,3208.0,3214.0,3208.0,3212.0,79776.0,1801078.0,1804141.0
2026-05-25 14:00:00,3212.0,3222.0,3211.0,3218.0,176959.0,1804141.0,1792405.0
2026-05-25 21:00:00,3217.0,3218.0,3181.0,3188.0,424447.0,1792405.0,1790318.0
2026-05-25 22:00:00,3188.0,3195.0,3185.0,3189.0,83481.0,1790318.0,1789269.0
2026-05-26 09:00:00,3188.0,3188.0,3165.0,3170.0,289507.0,1789269.0,1775544.0
2026-05-26 10:00:00,3170.0,3171.0,3143.0,3146.0,311772.0,1775544.0,1747026.0
2026-05-26 11:00:00,3146.0,3151.0,3140.0,3149.0,151509.0,1747026.0,1726558.0
2026-05-26 13:00:00,3149.0,3150.0,3141.0,3142.0,77044.0,1726558.0,1731937.0
2026-05-26 14:00:00,3142.0,3148.0,3138.0,3146.0,178061.0,1731937.0,1733217.0
2026-05-26 21:00:00,3146.0,3150.0,3138.0,3145.0,154850.0,1733217.0,1732636.0
2026-05-26 22:00:00,3145.0,3145.0,3141.0,3143.0,45235.0,1732636.0,1728969.0
2026-05-27 09:00:00,3143.0,3147.0,3136.0,3144.0,135719.0,1728969.0,1735895.0
2026-05-27 10:00:00,3144.0,3150.0,3142.0,3146.0,63615.0,1735895.0,1736903.0
2026-05-27 11:00:00,3146.0,3152.0,3145.0,3145.0,47503.0,1736903.0,1735448.0
2026-05-27 13:00:00,3147.0,3152.0,3144.0,3145.0,53257.0,1735448.0,1740726.0
2026-05-27 14:00:00,3145.0,3147.0,3142.0,3144.0,80474.0,1740726.0,1749599.0
2026-05-27 21:00:00,3145.0,3155.0,3144.0,3151.0,161766.0,1749599.0,1750056.0
2026-05-27 22:00:00,3151.0,3158.0,3150.0,3154.0,68936.0,1750056.0,1751608.0
2026-05-28 09:00:00,3155.0,3157.0,3146.0,3155.0,119512.0,1751608.0,1733802.0
2026-05-28 10:00:00,3155.0,3158.0,3153.0,3154.0,47208.0,1733802.0,1729835.0
2026-05-28 11:00:00,3154.0,3158.0,3154.0,3157.0,29933.0,1729835.0,1730493.0
2026-05-28 13:00:00,3157.0,3162.0,3154.0,3156.0,54329.0,1730493.0,1734046.0
2026-05-28 14:00:00,3156.0,3158.0,3144.0,3145.0,120231.0,1734046.0,1737261.0
2026-05-28 21:00:00,3150.0,3156.0,3146.0,3152.0,120543.0,1737261.0,1740080.0
2026-05-28 22:00:00,3152.0,3153.0,3147.0,3149.0,48124.0,1740080.0,1739696.0
2026-05-29 09:00:00,3149.0,3165.0,3146.0,3160.0,141454.0,1739696.0,1735814.0
2026-05-29 10:00:00,3160.0,3165.0,3157.0,3162.0,58637.0,1735814.0,1734522.0
2026-05-29 11:00:00,3162.0,3167.0,3160.0,3164.0,47669.0,1734522.0,1736832.0
2026-05-29 13:00:00,3165.0,3170.0,3156.0,3157.0,75342.0,1736832.0,1732181.0
2026-05-29 14:00:00,3157.0,3161.0,3155.0,3158.0,84255.0,1732181.0,1728672.0
2026-05-29 21:00:00,3159.0,3167.0,3156.0,3161.0,102013.0,1728672.0,1738535.0
2026-05-29 22:00:00,3161.0,3164.0,3158.0,3164.0,48319.0,1738535.0,1733846.0
2026-06-01 09:00:00,3165.0,3176.0,3164.0,3176.0,161899.0,1733846.0,1724649.0
2026-06-01 10:00:00,3176.0,3184.0,3172.0,3179.0,131924.0,1724649.0,1714525.0
2026-06-01 11:00:00,3179.0,3180.0,3175.0,3178.0,32611.0,1714525.0,1713579.0
2026-06-01 13:00:00,3177.0,3189.0,3177.0,3184.0,87536.0,1713579.0,1714255.0
2026-06-01 14:00:00,3184.0,3187.0,3175.0,3177.0,114865.0,1714255.0,1709019.0
2026-06-01 21:00:00,3179.0,3184.0,3174.0,3181.0,118912.0,1709019.0,1709571.0
2026-06-01 22:00:00,3181.0,3181.0,3177.0,3179.0,34861.0,1709571.0,1707746.0
2026-06-02 09:00:00,3180.0,3181.0,3169.0,3172.0,106950.0,1707746.0,1704207.0
2026-06-02 10:00:00,3172.0,3177.0,3171.0,3175.0,51247.0,1704207.0,1700436.0
2026-06-02 11:00:00,3175.0,3178.0,3173.0,3175.0,19792.0,1700436.0,1699014.0
2026-06-02 13:00:00,3177.0,3184.0,3170.0,3181.0,83261.0,1699014.0,1709363.0
2026-06-02 14:00:00,3181.0,3184.0,3174.0,3180.0,76655.0,1709363.0,1701321.0
2026-06-02 21:00:00,3178.0,3181.0,3172.0,3175.0,87993.0,1701321.0,1708348.0
2026-06-02 22:00:00,3175.0,3187.0,3175.0,3184.0,104609.0,1708348.0,1707488.0
2026-06-03 09:00:00,3185.0,3185.0,3173.0,3176.0,90564.0,1707488.0,1697424.0
2026-06-03 10:00:00,3176.0,3176.0,3165.0,3173.0,102805.0,1697424.0,1693332.0
2026-06-03 11:00:00,3173.0,3179.0,3172.0,3174.0,46365.0,1693332.0,1691813.0
2026-06-03 13:00:00,3174.0,3177.0,3172.0,3175.0,27054.0,1691813.0,1688461.0
2026-06-03 14:00:00,3175.0,3177.0,3168.0,3169.0,68896.0,1688461.0,1683998.0
2026-06-03 21:00:00,3167.0,3180.0,3164.0,3176.0,177401.0,1683998.0,1695798.0
2026-06-03 22:00:00,3176.0,3178.0,3173.0,3173.0,41803.0,1695798.0,1692487.0
2026-06-04 09:00:00,3174.0,3174.0,3164.0,3168.0,109216.0,1692487.0,1694359.0
2026-06-04 10:00:00,3168.0,3171.0,3160.0,3163.0,77597.0,1694359.0,1699623.0
2026-06-04 11:00:00,3163.0,3165.0,3159.0,3163.0,48969.0,1699623.0,1703348.0
2026-06-04 13:00:00,3161.0,3170.0,3157.0,3160.0,57583.0,1703348.0,1701797.0
2026-06-04 14:00:00,3160.0,3162.0,3154.0,3157.0,109425.0,1701797.0,1704591.0
2026-06-04 21:00:00,3158.0,3161.0,3150.0,3153.0,133386.0,1704591.0,1712012.0
2026-06-04 22:00:00,3153.0,3155.0,3151.0,3152.0,44176.0,1712012.0,1710222.0
2026-06-05 09:00:00,3154.0,3163.0,3149.0,3162.0,113312.0,1710222.0,1719283.0
2026-06-05 10:00:00,3162.0,3165.0,3159.0,3160.0,48079.0,1719283.0,1721024.0
2026-06-05 11:00:00,3160.0,3169.0,3160.0,3168.0,62553.0,1721024.0,1720082.0
2026-06-05 13:00:00,3168.0,3175.0,3165.0,3167.0,105178.0,1720082.0,1723673.0
2026-06-05 14:00:00,3167.0,3169.0,3160.0,3165.0,113600.0,1723673.0,1722884.0
2026-06-05 21:00:00,3166.0,3173.0,3162.0,3171.0,144934.0,1722884.0,1719844.0
2026-06-05 22:00:00,3171.0,3175.0,3166.0,3174.0,68953.0,1719844.0,1714625.0
2026-06-08 09:00:00,3174.0,3174.0,3156.0,3157.0,149159.0,1714625.0,1712507.0
2026-06-08 10:00:00,3157.0,3162.0,3156.0,3159.0,52937.0,1712507.0,1711852.0
2026-06-08 11:00:00,3159.0,3163.0,3158.0,3161.0,26952.0,1711852.0,1706502.0
2026-06-08 13:00:00,3162.0,3162.0,3151.0,3153.0,75718.0,1706502.0,1709590.0
2026-06-08 14:00:00,3153.0,3160.0,3153.0,3157.0,92357.0,1709590.0,1709044.0
2026-06-08 21:00:00,3155.0,3160.0,3148.0,3149.0,165164.0,1709044.0,1710709.0
2026-06-08 22:00:00,3149.0,3150.0,3145.0,3146.0,90449.0,1710709.0,1713726.0
2026-06-09 09:00:00,3145.0,3155.0,3143.0,3148.0,93732.0,1713726.0,1715302.0
2026-06-09 10:00:00,3148.0,3150.0,3142.0,3148.0,66969.0,1715302.0,1721302.0
2026-06-09 11:00:00,3148.0,3150.0,3147.0,3147.0,25607.0,1721302.0,1723433.0
2026-06-09 13:00:00,3147.0,3151.0,3145.0,3145.0,37349.0,1723433.0,1728453.0
2026-06-09 14:00:00,3145.0,3157.0,3142.0,3156.0,131044.0,1728453.0,1725186.0
2026-06-09 21:00:00,3157.0,3162.0,3150.0,3155.0,154957.0,1725186.0,1724729.0
2026-06-09 22:00:00,3155.0,3159.0,3154.0,3155.0,46824.0,1724729.0,1721391.0
2026-06-10 09:00:00,3156.0,3157.0,3147.0,3157.0,82295.0,1721391.0,1717172.0
2026-06-10 10:00:00,3157.0,3160.0,3152.0,3154.0,52989.0,1717172.0,1710654.0
2026-06-10 11:00:00,3154.0,3155.0,3149.0,3153.0,45580.0,1710654.0,1702859.0
2026-06-10 13:00:00,3153.0,3156.0,3150.0,3154.0,29734.0,1702859.0,1699546.0
2026-06-10 14:00:00,3154.0,3194.0,3153.0,3180.0,432223.0,1699546.0,1672989.0
2026-06-10 21:00:00,3175.0,3182.0,3173.0,3173.0,161187.0,1672989.0,1664983.0
2026-06-10 22:00:00,3173.0,3176.0,3171.0,3172.0,44640.0,1664983.0,1662440.0
2026-06-11 09:00:00,3173.0,3178.0,3168.0,3175.0,86815.0,1662440.0,1662267.0
2026-06-11 10:00:00,3175.0,3176.0,3155.0,3156.0,151511.0,1662267.0,1655685.0
2026-06-11 11:00:00,3156.0,3160.0,3154.0,3157.0,64461.0,1655685.0,1645674.0
2026-06-11 13:00:00,3158.0,3159.0,3151.0,3153.0,59000.0,1645674.0,1649406.0
2026-06-11 14:00:00,3153.0,3158.0,3152.0,3156.0,105240.0,1649406.0,1641615.0
2026-06-11 21:00:00,3156.0,3161.0,3154.0,3158.0,102991.0,1641615.0,1637585.0
2026-06-11 22:00:00,3158.0,3164.0,3157.0,3163.0,48893.0,1637585.0,1630743.0
2026-06-12 09:00:00,3164.0,3180.0,3160.0,3179.0,171605.0,1630743.0,1630230.0
2026-06-12 10:00:00,3179.0,3185.0,3176.0,3182.0,145338.0,1630230.0,1639778.0
2026-06-12 11:00:00,3182.0,3190.0,3180.0,3186.0,94436.0,1639778.0,1655159.0
2026-06-12 13:00:00,3186.0,3187.0,3174.0,3179.0,91378.0,1655159.0,1656558.0
2026-06-12 14:00:00,3179.0,3180.0,3173.0,3178.0,113434.0,1656558.0,1642243.0
2026-06-12 21:00:00,3179.0,3190.0,3174.0,3182.0,156239.0,1642243.0,1643631.0
2026-06-12 22:00:00,3182.0,3189.0,3181.0,3187.0,55320.0,1643631.0,1646794.0
2026-06-15 09:00:00,3190.0,3190.0,3173.0,3185.0,225478.0,1646794.0,1630177.0
2026-06-15 10:00:00,3185.0,3195.0,3183.0,3191.0,155952.0,1630177.0,1638890.0
2026-06-15 11:00:00,3191.0,3193.0,3185.0,3186.0,40674.0,1638890.0,1636751.0
2026-06-15 13:00:00,3185.0,3188.0,3181.0,3186.0,54976.0,1636751.0,1637575.0
2026-06-15 14:00:00,3186.0,3192.0,3186.0,3187.0,111775.0,1637575.0,1638154.0
2026-06-15 21:00:00,3187.0,3188.0,3179.0,3184.0,117181.0,1638154.0,1637280.0
2026-06-15 22:00:00,3184.0,3184.0,3177.0,3182.0,49641.0,1637280.0,1634349.0
2026-06-16 09:00:00,3182.0,3187.0,3174.0,3176.0,110580.0,1634349.0,1633987.0
2026-06-16 10:00:00,3176.0,3178.0,3162.0,3169.0,154474.0,1633987.0,1627783.0
2026-06-16 11:00:00,3169.0,3175.0,3168.0,3173.0,46228.0,1627783.0,1621242.0
2026-06-16 13:00:00,3174.0,3174.0,3170.0,3173.0,21813.0,1621242.0,1620397.0
2026-06-16 14:00:00,3173.0,3177.0,3167.0,3169.0,89479.0,1620397.0,1620085.0
2026-06-16 21:00:00,3169.0,3174.0,3167.0,3169.0,88911.0,1620085.0,1617612.0
2026-06-16 22:00:00,3169.0,3170.0,3161.0,3164.0,72575.0,1617612.0,1618663.0
2026-06-17 09:00:00,3163.0,3169.0,3159.0,3165.0,84035.0,1618663.0,1615513.0
2026-06-17 10:00:00,3165.0,3169.0,3162.0,3163.0,54086.0,1615513.0,1621879.0
2026-06-17 11:00:00,3163.0,3164.0,3160.0,3162.0,28233.0,1621879.0,1619749.0
2026-06-17 13:00:00,3161.0,3162.0,3155.0,3157.0,84892.0,1619749.0,1626762.0
2026-06-17 14:00:00,3157.0,3158.0,3151.0,3155.0,130577.0,1626762.0,1630231.0
2026-06-17 21:00:00,3153.0,3155.0,3135.0,3138.0,311896.0,1630231.0,1678941.0
2026-06-17 22:00:00,3138.0,3144.0,3136.0,3142.0,70110.0,1678941.0,1674692.0
2026-06-18 09:00:00,3140.0,3141.0,3123.0,3124.0,220532.0,1674692.0,1703106.0
2026-06-18 10:00:00,3124.0,3128.0,3122.0,3127.0,82590.0,1703106.0,1707795.0
2026-06-18 11:00:00,3127.0,3132.0,3126.0,3128.0,45123.0,1707795.0,1706476.0
2026-06-18 13:00:00,3130.0,3135.0,3126.0,3127.0,55355.0,1706476.0,1708405.0
2026-06-18 14:00:00,3127.0,3134.0,3125.0,3131.0,134028.0,1708405.0,1713734.0
2026-06-22 09:00:00,3132.0,3133.0,3121.0,3125.0,182079.0,1713734.0,1713955.0
2026-06-22 10:00:00,3125.0,3126.0,3117.0,3119.0,86396.0,1713955.0,1732438.0
2026-06-22 11:00:00,3119.0,3120.0,3114.0,3118.0,51090.0,1732438.0,1740171.0
2026-06-22 13:00:00,3118.0,3126.0,3118.0,3121.0,64190.0,1740171.0,1741432.0
2026-06-22 14:00:00,3121.0,3129.0,3117.0,3127.0,88237.0,1741432.0,1744022.0
2026-06-22 21:00:00,3128.0,3129.0,3119.0,3120.0,96383.0,1744022.0,1751605.0
2026-06-22 22:00:00,3120.0,3121.0,3116.0,3118.0,54806.0,1751605.0,1750772.0
2026-06-23 09:00:00,3117.0,3119.0,3109.0,3110.0,111255.0,1750772.0,1771310.0
2026-06-23 10:00:00,3110.0,3113.0,3107.0,3109.0,51226.0,1771310.0,1779033.0
2026-06-23 11:00:00,3109.0,3113.0,3106.0,3107.0,44453.0,1779033.0,1788479.0
2026-06-23 13:00:00,3107.0,3111.0,3105.0,3108.0,44730.0,1788479.0,1791665.0
2026-06-23 14:00:00,3108.0,3115.0,3108.0,3112.0,94100.0,1791665.0,1790093.0
2026-06-23 21:00:00,3111.0,3115.0,3102.0,3112.0,137287.0,1790093.0,1818014.0
2026-06-23 22:00:00,3112.0,3122.0,3112.0,3119.0,96554.0,1818014.0,1817546.0
2026-06-24 09:00:00,3117.0,3123.0,3112.0,3113.0,96317.0,1817546.0,1822493.0
2026-06-24 10:00:00,3113.0,3118.0,3109.0,3116.0,55392.0,1822493.0,1825797.0
2026-06-24 11:00:00,3116.0,3118.0,3110.0,3112.0,31219.0,1825797.0,1829778.0
2026-06-24 13:00:00,3113.0,3119.0,3113.0,3114.0,41696.0,1829778.0,1833716.0
2026-06-24 14:00:00,3114.0,3117.0,3107.0,3111.0,72117.0,1833716.0,1839630.0
2026-06-24 21:00:00,3104.0,3114.0,3103.0,3112.0,150762.0,1839630.0,1863614.0
2026-06-24 22:00:00,3112.0,3115.0,3109.0,3111.0,42718.0,1863614.0,1858748.0
2026-06-25 09:00:00,3110.0,3118.0,3109.0,3114.0,102870.0,1858748.0,1857957.0
2026-06-25 10:00:00,3114.0,3117.0,3110.0,3116.0,44307.0,1857957.0,1858791.0
2026-06-25 11:00:00,3116.0,3121.0,3112.0,3115.0,51921.0,1858791.0,1862666.0
2026-06-25 13:00:00,3115.0,3115.0,3093.0,3096.0,191429.0,1862666.0,1890327.0
2026-06-25 14:00:00,3096.0,3099.0,3091.0,3098.0,158500.0,1890327.0,1897730.0
2026-06-25 21:00:00,3098.0,3098.0,3084.0,3088.0,174046.0,1897730.0,1907755.0
2026-06-25 22:00:00,3088.0,3089.0,3085.0,3086.0,52540.0,1907755.0,1903803.0
2026-06-26 09:00:00,3088.0,3096.0,3081.0,3090.0,108113.0,1903803.0,1907573.0
2026-06-26 10:00:00,3090.0,3090.0,3080.0,3082.0,53799.0,1907573.0,1910491.0
2026-06-26 11:00:00,3082.0,3087.0,3082.0,3085.0,27082.0,1910491.0,1911590.0
2026-06-26 13:00:00,3085.0,3101.0,3085.0,3096.0,87015.0,1911590.0,1902646.0
2026-06-26 14:00:00,3096.0,3106.0,3088.0,3093.0,181926.0,1902646.0,1901198.0
2026-06-26 21:00:00,3094.0,3095.0,3081.0,3085.0,117357.0,1901198.0,1923184.0
2026-06-26 22:00:00,3085.0,3089.0,3084.0,3088.0,35482.0,1923184.0,1922920.0
2026-06-29 09:00:00,3085.0,3092.0,3080.0,3082.0,105148.0,1922920.0,1930307.0
2026-06-29 10:00:00,3082.0,3086.0,3081.0,3083.0,50927.0,1930307.0,1939220.0
2026-06-29 11:00:00,3083.0,3091.0,3081.0,3089.0,45006.0,1939220.0,1935802.0
2026-06-29 13:00:00,3088.0,3090.0,3085.0,3090.0,32602.0,1935802.0,1933502.0
2026-06-29 14:00:00,3090.0,3096.0,3087.0,3095.0,116994.0,1933502.0,1934143.0
2026-06-29 21:00:00,3094.0,3095.0,3081.0,3081.0,114932.0,1934143.0,1952664.0
2026-06-29 22:00:00,3081.0,3086.0,3081.0,3083.0,34302.0,1952664.0,1956076.0
2026-06-30 09:00:00,3085.0,3091.0,3080.0,3080.0,103431.0,1956076.0,1973212.0
2026-06-30 10:00:00,3080.0,3085.0,3076.0,3082.0,96032.0,1973212.0,1971238.0
2026-06-30 11:00:00,3082.0,3084.0,3077.0,3083.0,34478.0,1971238.0,1970381.0
2026-06-30 13:00:00,3083.0,3086.0,3079.0,3080.0,36534.0,1970381.0,1974128.0
2026-06-30 14:00:00,3080.0,3090.0,3079.0,3088.0,121606.0,1974128.0,1971770.0
2026-06-30 21:00:00,3088.0,3089.0,3079.0,3080.0,107785.0,1971770.0,1990194.0
2026-06-30 22:00:00,3080.0,3084.0,3079.0,3081.0,34863.0,1990194.0,1991519.0
2026-07-01 09:00:00,3080.0,3081.0,3065.0,3066.0,174840.0,1991519.0,2028054.0
2026-07-01 10:00:00,3066.0,3074.0,3065.0,3068.0,75522.0,2028054.0,2029345.0
2026-07-01 11:00:00,3068.0,3069.0,3065.0,3068.0,32126.0,2029345.0,2032218.0
2026-07-01 13:00:00,3066.0,3080.0,3066.0,3073.0,100864.0,2032218.0,2025817.0
2026-07-01 14:00:00,3073.0,3073.0,3065.0,3067.0,100869.0,2025817.0,2035497.0
2026-07-01 21:00:00,3075.0,3084.0,3073.0,3080.0,249351.0,2035497.0,2034869.0
2026-07-01 22:00:00,3080.0,3085.0,3075.0,3076.0,88175.0,2034869.0,2026844.0
2026-07-02 09:00:00,3075.0,3076.0,3067.0,3070.0,95131.0,2026844.0,2034802.0
2026-07-02 10:00:00,3070.0,3071.0,3066.0,3068.0,46224.0,2034802.0,2040535.0
2026-07-02 11:00:00,3068.0,3069.0,3065.0,3065.0,34686.0,2040535.0,2047060.0
2026-07-02 13:00:00,3065.0,3082.0,3065.0,3079.0,109130.0,2047060.0,2034655.0
2026-07-02 14:00:00,3079.0,3081.0,3066.0,3067.0,114309.0,2034655.0,2039995.0
2026-07-02 21:00:00,3070.0,3076.0,3060.0,3063.0,196632.0,2039995.0,2075646.0
2026-07-02 22:00:00,3063.0,3065.0,3060.0,3061.0,50712.0,2075646.0,2081857.0
2026-07-03 09:00:00,3062.0,3074.0,3057.0,3070.0,147542.0,2081857.0,2075392.0
2026-07-03 10:00:00,3070.0,3074.0,3064.0,3065.0,69120.0,2075392.0,2079487.0
2026-07-03 11:00:00,3065.0,3066.0,3062.0,3066.0,33095.0,2079487.0,2084633.0
2026-07-03 13:00:00,3065.0,3066.0,3061.0,3064.0,32815.0,2084633.0,2090504.0
2026-07-03 14:00:00,3064.0,3066.0,3060.0,3062.0,87766.0,2090504.0,2091040.0
2026-07-03 21:00:00,3065.0,3067.0,3058.0,3063.0,84453.0,2091040.0,2103465.0
2026-07-03 22:00:00,3063.0,3079.0,3062.0,3077.0,142880.0,2103465.0,2086185.0
2026-07-06 09:00:00,3080.0,3087.0,3071.0,3077.0,190415.0,2086185.0,2067833.0
2026-07-06 10:00:00,3077.0,3082.0,3074.0,3077.0,58546.0,2067833.0,2070269.0
2026-07-06 11:00:00,3077.0,3078.0,3074.0,3077.0,24347.0,2070269.0,2070652.0
2026-07-06 13:00:00,3077.0,3081.0,3074.0,3078.0,32782.0,2070652.0,2070743.0
2026-07-06 14:00:00,3078.0,3080.0,3070.0,3072.0,89202.0,2070743.0,2075691.0
2026-07-06 21:00:00,3072.0,3081.0,3070.0,3078.0,124883.0,2075691.0,2074637.0
2026-07-06 22:00:00,3078.0,3082.0,3077.0,3079.0,45077.0,2074637.0,2069867.0
2026-07-07 09:00:00,3080.0,3082.0,3072.0,3082.0,87192.0,2069867.0,2071039.0
2026-07-07 10:00:00,3082.0,3083.0,3074.0,3075.0,44644.0,2071039.0,2071600.0
2026-07-07 11:00:00,3075.0,3075.0,3071.0,3074.0,34139.0,2071600.0,2077245.0
2026-07-07 13:00:00,3073.0,3075.0,3067.0,3070.0,65535.0,2077245.0,2088548.0
2026-07-07 14:00:00,3070.0,3072.0,3067.0,3068.0,70689.0,2088548.0,2098468.0
2026-07-07 21:00:00,3068.0,3078.0,3066.0,3071.0,109476.0,2098468.0,2103246.0
2026-07-07 22:00:00,3071.0,3072.0,3068.0,3068.0,26199.0,2103246.0,2104274.0
2026-07-08 09:00:00,3069.0,3084.0,3067.0,3082.0,151349.0,2104274.0,2089539.0
2026-07-08 10:00:00,3082.0,3094.0,3080.0,3088.0,149578.0,2089539.0,2081830.0
2026-07-08 11:00:00,3088.0,3098.0,3088.0,3094.0,80112.0,2081830.0,2072829.0
2026-07-08 13:00:00,3095.0,3104.0,3092.0,3101.0,134784.0,2072829.0,2062871.0
2026-07-08 14:00:00,3101.0,3108.0,3094.0,3096.0,202774.0,2062871.0,2042617.0
2026-07-08 21:00:00,3094.0,3099.0,3090.0,3091.0,131923.0,2042617.0,2039965.0
2026-07-08 22:00:00,3091.0,3095.0,3091.0,3093.0,35218.0,2039965.0,2034834.0
2026-07-09 09:00:00,3096.0,3096.0,3085.0,3090.0,93918.0,2034834.0,2033316.0
2026-07-09 10:00:00,3090.0,3092.0,3082.0,3082.0,55697.0,2033316.0,2028875.0
2026-07-09 11:00:00,3082.0,3086.0,3081.0,3083.0,58222.0,2028875.0,2032109.0
2026-07-09 13:00:00,3084.0,3090.0,3082.0,3086.0,45561.0,2032109.0,2033236.0
2026-07-09 14:00:00,3086.0,3094.0,3085.0,3091.0,83248.0,2033236.0,2032963.0
2026-07-09 21:00:00,3090.0,3094.0,3084.0,3086.0,122097.0,2032963.0,2028745.0
2026-07-09 22:00:00,3086.0,3089.0,3081.0,3085.0,75849.0,2028745.0,2028920.0
2026-07-10 09:00:00,3085.0,3087.0,3081.0,3085.0,69905.0,2028920.0,2031848.0
2026-07-10 10:00:00,3085.0,3092.0,3085.0,3090.0,39645.0,2031848.0,2032721.0
2026-07-10 11:00:00,3090.0,3094.0,3087.0,3090.0,44986.0,2032721.0,2036328.0
2026-07-10 13:00:00,3090.0,3090.0,3084.0,3084.0,38083.0,2036328.0,2038899.0
2026-07-10 14:00:00,3084.0,3088.0,3084.0,3087.0,53420.0,2038899.0,2037290.0
2026-07-10 21:00:00,3086.0,3087.0,3077.0,3081.0,114926.0,2037290.0,2044414.0
2026-07-10 22:00:00,3081.0,3083.0,3077.0,3078.0,47432.0,2044414.0,2041833.0
2026-07-13 09:00:00,3079.0,3085.0,3072.0,3072.0,154431.0,2041833.0,2050797.0
2026-07-13 10:00:00,3072.0,3074.0,3064.0,3065.0,126617.0,2050797.0,2084666.0
2026-07-13 11:00:00,3065.0,3065.0,3060.0,3061.0,60219.0,2084666.0,2094536.0
2026-07-13 13:00:00,3062.0,3062.0,3054.0,3056.0,126974.0,2094536.0,2131601.0
2026-07-13 14:00:00,3056.0,3060.0,3052.0,3054.0,163965.0,2131601.0,2158180.0
2026-07-13 21:00:00,3055.0,3065.0,3054.0,3060.0,163448.0,2158180.0,2166928.0
2026-07-13 22:00:00,3060.0,3062.0,3057.0,3057.0,43586.0,2166928.0,2167293.0
2026-07-14 09:00:00,3060.0,3068.0,3053.0,3063.0,145134.0,2167293.0,2169077.0
2026-07-14 10:00:00,3063.0,3068.0,3061.0,3067.0,60808.0,2169077.0,2169227.0
2026-07-14 11:00:00,3067.0,3070.0,3065.0,3067.0,51136.0,2169227.0,2160261.0
2026-07-14 13:00:00,3069.0,3071.0,3066.0,3069.0,43823.0,2160261.0,2158638.0
2026-07-14 14:00:00,3069.0,3104.0,3069.0,3090.0,484099.0,2158638.0,2041209.0
2026-07-14 21:00:00,3092.0,3099.0,3090.0,3097.0,194526.0,2041209.0,2017381.0
2026-07-14 22:00:00,3097.0,3103.0,3097.0,3101.0,112201.0,2017381.0,2008114.0
2026-07-15 09:00:00,3101.0,3117.0,3096.0,3109.0,265814.0,2008114.0,1986546.0
2026-07-15 10:00:00,3109.0,3114.0,3107.0,3113.0,90322.0,1986546.0,1975274.0
2026-07-15 11:00:00,3113.0,3116.0,3110.0,3112.0,59998.0,1975274.0,1966516.0
2026-07-15 13:00:00,3110.0,3118.0,3110.0,3116.0,63516.0,1966516.0,1962287.0
2026-07-15 14:00:00,3116.0,3120.0,3110.0,3115.0,208034.0,1962287.0,1932171.0
2026-07-15 21:00:00,3114.0,3119.0,3110.0,3117.0,125108.0,1932171.0,1925054.0
2026-07-15 22:00:00,3117.0,3118.0,3113.0,3116.0,43181.0,1925054.0,1916207.0
2026-07-16 09:00:00,3116.0,3117.0,3104.0,3110.0,142059.0,1916207.0,1903203.0
2026-07-16 10:00:00,3110.0,3111.0,3103.0,3108.0,59953.0,1903203.0,1894966.0
2026-07-16 11:00:00,3108.0,3111.0,3107.0,3108.0,33724.0,1894966.0,1895569.0
2026-07-16 13:00:00,3108.0,3116.0,3108.0,3112.0,62868.0,1895569.0,1894560.0
2026-07-16 14:00:00,3112.0,3115.0,3102.0,3115.0,136449.0,1894560.0,1891832.0
2026-07-16 21:00:00,3116.0,3128.0,3115.0,3126.0,215618.0,1891832.0,1887637.0
2026-07-16 22:00:00,3126.0,3128.0,3125.0,3126.0,56970.0,1887637.0,1883131.0
2026-07-17 09:00:00,3126.0,3126.0,3118.0,3120.0,109550.0,1883131.0,1875547.0
2026-07-17 10:00:00,3120.0,3123.0,3117.0,3123.0,65059.0,1875547.0,1868867.0
2026-07-17 11:00:00,3123.0,3123.0,3118.0,3120.0,40853.0,1868867.0,1869657.0
2026-07-17 13:00:00,3120.0,3121.0,3112.0,3117.0,100100.0,1869657.0,1866500.0
2026-07-17 14:00:00,3117.0,3118.0,3110.0,3112.0,89171.0,1866500.0,1853303.0
2026-07-17 21:00:00,3112.0,3122.0,3106.0,3111.0,164254.0,1853303.0,1842044.0
2026-07-17 22:00:00,3111.0,3112.0,3104.0,3109.0,77767.0,1842044.0,1835512.0
2026-07-20 09:00:00,3113.0,3116.0,3098.0,3100.0,132116.0,1835512.0,1836686.0
2026-07-20 10:00:00,3100.0,3107.0,3099.0,3107.0,61829.0,1836686.0,1828071.0
2026-07-20 11:00:00,3107.0,3108.0,3105.0,3106.0,19953.0,1828071.0,1824129.0
2026-07-20 13:00:00,3106.0,3106.0,3093.0,3096.0,94034.0,1824129.0,1830772.0
2026-07-20 14:00:00,3096.0,3098.0,3090.0,3096.0,152226.0,1830772.0,1814840.0
2026-07-20 21:00:00,3096.0,3096.0,3082.0,3085.0,178546.0,1814840.0,1824120.0
2026-07-20 22:00:00,3085.0,3085.0,3078.0,3080.0,98604.0,1824120.0,1828383.0
2026-07-21 09:00:00,3080.0,3081.0,3071.0,3071.0,129084.0,1828383.0,1835820.0
2026-07-21 10:00:00,3071.0,3076.0,3067.0,3074.0,104791.0,1835820.0,1844609.0
2026-07-21 11:00:00,3074.0,3081.0,3074.0,3078.0,49798.0,1844609.0,1846834.0
2026-07-21 13:00:00,3080.0,3084.0,3076.0,3084.0,58174.0,1846834.0,1847124.0
2026-07-21 14:00:00,3084.0,3107.0,3083.0,3095.0,298249.0,1847124.0,1827287.0
2026-07-21 21:00:00,3094.0,3094.0,3084.0,3089.0,140721.0,1827287.0,1842036.0
2026-07-21 22:00:00,3089.0,3091.0,3087.0,3089.0,34124.0,1842036.0,1840440.0
2026-07-22 09:00:00,3089.0,3096.0,3080.0,3081.0,118418.0,1840440.0,1849289.0
2026-07-22 10:00:00,3081.0,3082.0,3076.0,3078.0,80184.0,1849289.0,1861232.0
2026-07-22 11:00:00,3078.0,3083.0,3077.0,3082.0,54427.0,1861232.0,1868534.0
2026-07-22 13:00:00,3081.0,3081.0,3074.0,3077.0,59990.0,1868534.0,1883182.0
2026-07-22 14:00:00,3077.0,3088.0,3075.0,3083.0,109807.0,1883182.0,1884032.0
2026-07-22 21:00:00,3082.0,3091.0,3081.0,3090.0,130654.0,1884032.0,1881550.0
2026-07-22 22:00:00,3090.0,3092.0,3086.0,3088.0,51428.0,1881550.0,1874890.0
2026-07-23 09:00:00,3087.0,3106.0,3085.0,3103.0,158082.0,1874890.0,1867041.0
2026-07-23 10:00:00,3103.0,3107.0,3097.0,3106.0,98031.0,1867041.0,1862154.0
2026-07-23 11:00:00,3106.0,3108.0,3098.0,3099.0,49341.0,1862154.0,1860246.0
2026-07-23 13:00:00,3099.0,3099.0,3078.0,3083.0,200933.0,1860246.0,1878604.0
2026-07-23 14:00:00,3083.0,3090.0,3079.0,3085.0,145097.0,1878604.0,1872417.0
2026-07-23 21:00:00,3084.0,3085.0,3072.0,3075.0,190562.0,1872417.0,1907229.0
2026-07-23 22:00:00,3075.0,3077.0,3072.0,3076.0,64384.0,1907229.0,1912193.0
2026-07-24 09:00:00,3073.0,3076.0,3070.0,3072.0,100314.0,1912193.0,1927773.0
2026-07-24 10:00:00,3072.0,3074.0,3066.0,3067.0,85224.0,1927773.0,1950181.0
2026-07-24 11:00:00,3067.0,3073.0,3066.0,3069.0,52700.0,1950181.0,1956162.0
2026-07-24 13:00:00,3070.0,3077.0,3067.0,3070.0,75963.0,1956162.0,1961979.0
2026-07-24 14:00:00,3070.0,3077.0,3068.0,3076.0,103480.0,1961979.0,1965925.0
2026-07-24 21:00:00,3078.0,3086.0,3073.0,3084.0,166352.0,1965925.0,1949673.0
2026-07-24 22:00:00,3084.0,3089.0,3082.0,3086.0,90061.0,1949673.0,1926779.0
2026-07-27 09:00:00,3085.0,3086.0,3076.0,3084.0,131188.0,1926779.0,1936341.0
2026-07-27 10:00:00,3084.0,3086.0,3078.0,3083.0,53305.0,1936341.0,1935486.0
2026-07-27 11:00:00,3083.0,3087.0,3079.0,3083.0,35570.0,1935486.0,1937217.0
2026-07-27 13:00:00,3083.0,3084.0,3076.0,3076.0,57587.0,1937217.0,1950683.0
2026-07-27 14:00:00,3076.0,3081.0,3073.0,3078.0,91142.0,1950683.0,1947451.0
2026-07-27 21:00:00,3078.0,3080.0,3069.0,3070.0,130364.0,1947451.0,1977059.0
2026-07-27 22:00:00,3070.0,3071.0,3067.0,3069.0,55871.0,1977059.0,1986848.0
2026-07-28 09:00:00,3069.0,3069.0,3057.0,3062.0,180990.0,1986848.0,2026390.0
2026-07-28 10:00:00,3062.0,3063.0,3058.0,3060.0,53185.0,2026390.0,2034777.0
2026-07-28 11:00:00,3060.0,3063.0,3058.0,3061.0,32992.0,2034777.0,2037494.0
2026-07-28 13:00:00,3061.0,3061.0,3058.0,3061.0,28977.0,2037494.0,2041522.0
2026-07-28 14:00:00,3061.0,3063.0,3057.0,3060.0,104246.0,2041522.0,2054397.0
2026-07-28 21:00:00,3060.0,3066.0,3055.0,3064.0,134817.0,2054397.0,2061764.0
2026-07-28 22:00:00,3064.0,3065.0,3060.0,3060.0,31870.0,2061764.0,2063093.0
2026-07-29 09:00:00,3060.0,3079.0,3059.0,3079.0,161229.0,2063093.0,2042397.0
2026-07-29 10:00:00,3079.0,3081.0,3071.0,3072.0,100263.0,2042397.0,2026190.0
2026-07-29 11:00:00,3072.0,3074.0,3062.0,3062.0,59325.0,2026190.0,2022679.0
2026-07-29 13:00:00,3064.0,3072.0,3064.0,3066.0,40607.0,2022679.0,2027367.0
2026-07-29 14:00:00,3066.0,3069.0,3062.0,3062.0,74980.0,2027367.0,2033904.0
2026-07-29 21:00:00,3061.0,3061.0,3023.0,3024.0,506002.0,2033904.0,2200901.0
2026-07-29 22:00:00,3024.0,3033.0,3022.0,3032.0,169516.0,2200901.0,2224796.0
2026-07-30 09:00:00,3032.0,3033.0,3024.0,3030.0,167956.0,2224796.0,2242191.0
2026-07-30 10:00:00,3030.0,3035.0,3023.0,3024.0,92372.0,2242191.0,2258066.0
2026-07-30 11:00:00,3024.0,3026.0,3019.0,3023.0,64757.0,2258066.0,2270736.0
2026-07-30 13:00:00,3024.0,3025.0,3009.0,3014.0,129608.0,2270736.0,2302896.0
2026-07-30 14:00:00,3014.0,3022.0,3008.0,3014.0,250657.0,2302896.0,2309518.0
2026-07-30 21:00:00,3015.0,3018.0,3006.0,3011.0,227765.0,2309518.0,2321111.0
2026-07-30 22:00:00,3011.0,3015.0,3010.0,3010.0,54376.0,2321111.0,2318151.0
2026-07-31 09:00:00,3013.0,3028.0,3013.0,3016.0,241636.0,2318151.0,2309663.0
2026-07-31 10:00:00,3016.0,3017.0,3011.0,3014.0,68780.0,2309663.0,2312204.0
2026-07-31 11:00:00,3014.0,3015.0,3009.0,3012.0,46903.0,2312204.0,2316738.0
2026-07-31 13:00:00,3015.0,3015.0,3005.0,3008.0,71094.0,2316738.0,2326649.0
2026-07-31 14:00:00,3008.0,3011.0,3002.0,3004.0,159646.0,2326649.0,2331649.0
2026-07-31 21:00:00,3010.0,3014.0,2993.0,2995.0,241531.0,2331649.0,2349366.0
2026-07-31 22:00:00,2995.0,2997.0,2988.0,2988.0,142807.0,2349366.0,2359389.0
2026-08-03 09:00:00,2987.0,2990.0,2975.0,2982.0,202322.0,2359389.0,2381145.0
2026-08-03 10:00:00,2982.0,2991.0,2978.0,2983.0,99528.0,2381145.0,2387612.0
2026-08-03 11:00:00,2983.0,2989.0,2980.0,2987.0,42202.0,2387612.0,2387149.0
2026-08-03 13:00:00,2985.0,2985.0,2976.0,2977.0,58401.0,2387149.0,2397182.0
2026-08-03 14:00:00,2977.0,2987.0,2975.0,2976.0,130309.0,2397182.0,2401075.0
2026-08-03 21:00:00,2976.0,2983.0,2972.0,2979.0,182214.0,2401075.0,2412638.0
2026-08-03 22:00:00,2979.0,2983.0,2974.0,2977.0,63430.0,2412638.0,2409191.0
2026-08-04 09:00:00,2976.0,2992.0,2972.0,2986.0,207782.0,2409191.0,2404953.0
2026-08-04 10:00:00,2986.0,2994.0,2982.0,2991.0,109487.0,2404953.0,2398036.0
2026-08-04 11:00:00,2991.0,2997.0,2988.0,2991.0,71208.0,2398036.0,2389832.0
2026-08-04 13:00:00,2992.0,2995.0,2985.0,2986.0,66641.0,2389832.0,2385849.0
2026-08-04 14:00:00,2986.0,2988.0,2982.0,2983.0,81647.0,2385849.0,2390219.0
2026-08-04 21:00:00,2985.0,2993.0,2980.0,2981.0,135077.0,2390219.0,2403778.0
2026-08-04 22:00:00,2981.0,2985.0,2979.0,2981.0,45832.0,2403778.0,2402331.0
2026-08-05 09:00:00,2981.0,2987.0,2968.0,2987.0,219310.0,2402331.0,2405523.0
2026-08-05 10:00:00,2987.0,2991.0,2982.0,2988.0,123244.0,2405523.0,2388874.0
2026-08-05 11:00:00,2988.0,2999.0,2988.0,2993.0,122628.0,2388874.0,2379994.0
2026-08-05 13:00:00,2993.0,2996.0,2989.0,2990.0,56194.0,2379994.0,2376671.0
2026-08-05 14:00:00,2990.0,2993.0,2986.0,2990.0,95572.0,2376671.0,2375618.0
2026-08-05 21:00:00,2994.0,3012.0,2990.0,3012.0,255406.0,2375618.0,2353777.0
2026-08-05 22:00:00,3012.0,3014.0,3006.0,3007.0,81102.0,2353777.0,2348130.0
2026-08-06 09:00:00,3005.0,3005.0,2994.0,3003.0,127247.0,2348130.0,2351717.0
2026-08-06 10:00:00,3003.0,3011.0,2999.0,3008.0,93830.0,2351717.0,2346495.0
2026-08-06 11:00:00,3008.0,3008.0,3002.0,3005.0,31213.0,2346495.0,2341019.0
2026-08-06 13:00:00,3004.0,3006.0,2996.0,3001.0,82516.0,2341019.0,2347671.0
2026-08-06 14:00:00,3001.0,3023.0,2999.0,3014.0,244505.0,2347671.0,2308417.0
2026-08-06 21:00:00,3013.0,3014.0,3000.0,3007.0,208452.0,2308417.0,2304519.0
2026-08-06 22:00:00,3007.0,3015.0,3007.0,3011.0,89887.0,2304519.0,2288773.0
2026-08-07 09:00:00,3010.0,3012.0,3003.0,3009.0,118129.0,2288773.0,2284083.0
2026-08-07 10:00:00,3009.0,3012.0,3006.0,3007.0,54950.0,2284083.0,2278344.0
2026-08-07 11:00:00,3007.0,3007.0,3003.0,3007.0,46367.0,2278344.0,2277120.0
2026-08-07 13:00:00,3006.0,3025.0,3006.0,3015.0,173458.0,2277120.0,2254775.0
2026-08-07 14:00:00,3015.0,3017.0,3007.0,3008.0,132866.0,2254775.0,2254973.0
2026-08-07 21:00:00,3010.0,3015.0,3005.0,3013.0,148545.0,2254973.0,2243428.0
2026-08-07 22:00:00,3013.0,3016.0,3008.0,3010.0,64152.0,2243428.0,2230744.0
2026-08-10 09:00:00,3010.0,3010.0,2993.0,3002.0,259668.0,2230744.0,2234845.0
2026-08-10 10:00:00,3002.0,3008.0,2997.0,2997.0,88084.0,2234845.0,2227274.0
2026-08-10 11:00:00,2997.0,2998.0,2993.0,2996.0,54674.0,2227274.0,2234245.0
2026-08-10 13:00:00,2996.0,3001.0,2994.0,2999.0,42949.0,2234245.0,2229184.0
2026-08-10 14:00:00,2999.0,3002.0,2997.0,2997.0,84275.0,2229184.0,2213769.0
2026-08-10 21:00:00,2996.0,2999.0,2985.0,2989.0,174844.0,2213769.0,2242884.0
2026-08-10 22:00:00,2989.0,2997.0,2988.0,2995.0,68575.0,2242884.0,2235709.0
2026-08-11 09:00:00,2994.0,3001.0,2992.0,2994.0,104930.0,2235709.0,2239674.0
2026-08-11 10:00:00,2994.0,3006.0,2993.0,2997.0,112705.0,2239674.0,2225190.0
2026-08-11 11:00:00,2997.0,3007.0,2995.0,3004.0,58735.0,2225190.0,2220098.0
2026-08-11 13:00:00,3003.0,3018.0,3002.0,3018.0,161226.0,2220098.0,2192575.0
2026-08-11 14:00:00,3018.0,3019.0,3012.0,3016.0,156075.0,2192575.0,2158773.0
2026-08-11 21:00:00,3013.0,3019.0,3008.0,3009.0,116515.0,2158773.0,2164330.0
2026-08-11 22:00:00,3009.0,3013.0,3008.0,3011.0,46967.0,2164330.0,2157502.0
2026-08-12 09:00:00,3012.0,3019.0,3009.0,3012.0,90020.0,2157502.0,2161881.0
2026-08-12 10:00:00,3012.0,3017.0,3009.0,3013.0,52510.0,2161881.0,2161882.0
2026-08-12 11:00:00,3013.0,3014.0,3009.0,3013.0,31700.0,2161882.0,2164169.0
2026-08-12 13:00:00,3011.0,3015.0,3010.0,3013.0,24024.0,2164169.0,2165677.0
2026-08-12 14:00:00,3013.0,3013.0,3003.0,3010.0,129535.0,2165677.0,2166377.0
2026-08-12 21:00:00,3009.0,3014.0,3005.0,3007.0,123096.0,2166377.0,2167081.0
2026-08-12 22:00:00,3007.0,3009.0,3003.0,3007.0,74239.0,2167081.0,2166101.0
2026-08-13 09:00:00,3007.0,3012.0,2996.0,2998.0,139158.0,2166101.0,2174939.0
2026-08-13 10:00:00,2998.0,3001.0,2991.0,2992.0,126788.0,2174939.0,2206171.0
2026-08-13 11:00:00,2992.0,2998.0,2992.0,2996.0,43459.0,2206171.0,2210961.0
2026-08-13 13:00:00,2996.0,3013.0,2994.0,3005.0,153000.0,2210961.0,2179481.0
2026-08-13 14:00:00,3005.0,3008.0,3001.0,3002.0,93193.0,2179481.0,2172781.0
2026-08-13 21:00:00,3002.0,3012.0,3000.0,3006.0,118697.0,2172781.0,2159982.0
2026-08-13 22:00:00,3006.0,3018.0,3004.0,3016.0,132134.0,2159982.0,2139621.0
2026-08-14 09:00:00,3017.0,3037.0,3012.0,3020.0,346978.0,2139621.0,2084517.0
2026-08-14 10:00:00,3020.0,3024.0,3014.0,3021.0,89952.0,2084517.0,2076623.0
2026-08-14 11:00:00,3021.0,3022.0,3016.0,3016.0,36098.0,2076623.0,2070574.0
2026-08-14 13:00:00,3017.0,3028.0,3017.0,3027.0,77950.0,2070574.0,2067729.0
2026-08-14 14:00:00,3027.0,3029.0,3014.0,3015.0,154095.0,2067729.0,2063829.0
2026-08-14 21:00:00,3015.0,3023.0,3015.0,3019.0,138874.0,2063829.0,2070384.0
2026-08-14 22:00:00,3019.0,3024.0,3018.0,3018.0,57100.0,2070384.0,2065688.0
2026-08-17 09:00:00,3021.0,3026.0,3008.0,3010.0,207449.0,2065688.0,2059437.0
2026-08-17 10:00:00,3010.0,3020.0,3009.0,3018.0,82268.0,2059437.0,2048702.0
2026-08-17 11:00:00,3018.0,3019.0,3014.0,3016.0,30352.0,2048702.0,2042227.0
2026-08-17 13:00:00,3016.0,3019.0,3014.0,3018.0,34831.0,2042227.0,2039806.0
2026-08-17 14:00:00,3018.0,3022.0,3014.0,3016.0,87581.0,2039806.0,2029749.0
2026-08-17 21:00:00,3015.0,3019.0,2994.0,3002.0,263927.0,2029749.0,2060265.0
2026-08-17 22:00:00,3002.0,3011.0,3001.0,3009.0,80255.0,2060265.0,2044760.0
2026-08-18 09:00:00,3009.0,3013.0,3005.0,3010.0,95219.0,2044760.0,2037642.0
2026-08-18 10:00:00,3010.0,3012.0,3004.0,3009.0,51604.0,2037642.0,2037723.0
2026-08-18 11:00:00,3009.0,3011.0,3005.0,3010.0,26001.0,2037723.0,2034242.0
2026-08-18 13:00:00,3009.0,3014.0,3007.0,3009.0,65140.0,2034242.0,2027911.0
2026-08-18 14:00:00,3009.0,3025.0,3008.0,3023.0,167699.0,2027911.0,1994363.0
2026-08-18 21:00:00,3023.0,3042.0,3022.0,3030.0,335728.0,1994363.0,1972655.0
2026-08-18 22:00:00,3030.0,3033.0,3028.0,3030.0,49528.0,1972655.0,1963745.0
2026-08-19 09:00:00,3030.0,3037.0,3029.0,3035.0,103021.0,1963745.0,1947163.0
2026-08-19 10:00:00,3035.0,3036.0,3013.0,3015.0,136684.0,1947163.0,1943264.0
2026-08-19 11:00:00,3015.0,3018.0,3013.0,3017.0,69055.0,1943264.0,1948362.0
2026-08-19 13:00:00,3018.0,3021.0,3015.0,3016.0,39789.0,1948362.0,1951088.0
2026-08-19 14:00:00,3016.0,3020.0,3015.0,3017.0,79934.0,1951088.0,1949409.0
2026-08-19 21:00:00,3017.0,3036.0,3016.0,3035.0,211914.0,1949409.0,1928912.0
2026-08-19 22:00:00,3035.0,3037.0,3027.0,3028.0,98768.0,1928912.0,1914315.0
2026-08-20 09:00:00,3029.0,3030.0,3021.0,3028.0,126483.0,1914315.0,1901063.0
2026-08-20 10:00:00,3028.0,3031.0,3016.0,3019.0,116768.0,1901063.0,1902687.0
2026-08-20 11:00:00,3019.0,3019.0,3013.0,3014.0,68648.0,1902687.0,1905734.0
2026-08-20 13:00:00,3015.0,3022.0,3014.0,3020.0,61720.0,1905734.0,1901017.0
2026-08-20 14:00:00,3020.0,3034.0,3016.0,3032.0,203725.0,1901017.0,1876640.0
2026-08-20 21:00:00,3034.0,3044.0,3033.0,3037.0,247913.0,1876640.0,1847140.0
2026-08-20 22:00:00,3037.0,3041.0,3031.0,3034.0,96554.0,1847140.0,1825244.0
2026-08-21 09:00:00,3034.0,3043.0,3032.0,3040.0,122578.0,1825244.0,1808856.0
2026-08-21 10:00:00,3040.0,3046.0,3039.0,3042.0,90946.0,1808856.0,1800691.0
2026-08-21 11:00:00,3042.0,3046.0,3035.0,3038.0,69727.0,1800691.0,1785880.0
2026-08-21 13:00:00,3038.0,3040.0,3035.0,3036.0,50912.0,1785880.0,1776123.0
2026-08-21 14:00:00,3036.0,3043.0,3034.0,3039.0,130699.0,1776123.0,1748838.0
2026-08-21 21:00:00,3038.0,3055.0,3034.0,3049.0,200308.0,1748838.0,1727085.0
2026-08-21 22:00:00,3049.0,3064.0,3049.0,3061.0,136644.0,1727085.0,1704596.0
2026-08-24 09:00:00,3064.0,3076.0,3064.0,3076.0,258662.0,1704596.0,1677216.0
2026-08-24 10:00:00,3076.0,3076.0,3069.0,3070.0,80842.0,1677216.0,1659205.0
2026-08-24 11:00:00,3070.0,3075.0,3068.0,3072.0,48654.0,1659205.0,1647404.0
2026-08-24 13:00:00,3072.0,3074.0,3064.0,3067.0,80141.0,1647404.0,1631953.0
2026-08-24 14:00:00,3067.0,3067.0,3061.0,3066.0,137945.0,1631953.0,1603934.0
2026-08-24 21:00:00,3068.0,3079.0,3065.0,3075.0,197476.0,1603934.0,1584087.0
2026-08-24 22:00:00,3075.0,3076.0,3070.0,3073.0,48379.0,1584087.0,1578781.0
2026-08-25 09:00:00,3074.0,3076.0,3068.0,3074.0,88758.0,1578781.0,1566804.0
2026-08-25 10:00:00,3074.0,3076.0,3063.0,3067.0,99151.0,1566804.0,1549631.0
2026-08-25 11:00:00,3067.0,3069.0,3062.0,3065.0,59524.0,1549631.0,1535523.0
2026-08-25 13:00:00,3064.0,3070.0,3063.0,3069.0,62632.0,1535523.0,1518762.0
2026-08-25 14:00:00,3069.0,3072.0,3065.0,3071.0,95702.0,1518762.0,1501202.0
2026-08-25 21:00:00,3071.0,3072.0,3057.0,3062.0,168783.0,1501202.0,1489360.0
2026-08-25 22:00:00,3062.0,3065.0,3061.0,3064.0,41572.0,1489360.0,1478830.0
2026-08-26 09:00:00,3063.0,3074.0,3060.0,3073.0,142942.0,1478830.0,1442160.0
2026-08-26 10:00:00,3073.0,3079.0,3069.0,3077.0,129400.0,1442160.0,1424319.0
2026-08-26 11:00:00,3077.0,3080.0,3074.0,3077.0,80291.0,1424319.0,1403079.0
2026-08-26 13:00:00,3077.0,3078.0,3074.0,3077.0,41852.0,1403079.0,1399471.0
2026-08-26 14:00:00,3077.0,3080.0,3075.0,3076.0,120576.0,1399471.0,1386274.0
2026-08-26 21:00:00,3073.0,3085.0,3071.0,3076.0,183074.0,1386274.0,1372475.0
2026-08-26 22:00:00,3076.0,3080.0,3076.0,3078.0,37276.0,1372475.0,1367053.0
2026-08-27 09:00:00,3079.0,3081.0,3075.0,3080.0,106144.0,1367053.0,1337946.0
2026-08-27 10:00:00,3080.0,3084.0,3076.0,3082.0,77426.0,1337946.0,1316141.0
2026-08-27 11:00:00,3082.0,3087.0,3081.0,3085.0,60495.0,1316141.0,1299611.0
2026-08-27 13:00:00,3083.0,3086.0,3080.0,3084.0,55918.0,1299611.0,1285133.0
2026-08-27 14:00:00,3084.0,3090.0,3078.0,3088.0,130330.0,1285133.0,1254003.0
2026-08-27 21:00:00,3085.0,3100.0,3081.0,3097.0,204761.0,1254003.0,1215904.0
2026-08-27 22:00:00,3097.0,3108.0,3097.0,3104.0,107565.0,1215904.0,1194699.0
2026-08-28 09:00:00,3104.0,3118.0,3103.0,3116.0,143657.0,1194699.0,1187423.0
2026-08-28 10:00:00,3116.0,3125.0,3115.0,3124.0,117247.0,1187423.0,1170540.0
2026-08-28 11:00:00,3124.0,3129.0,3120.0,3123.0,81400.0,1170540.0,1156875.0
2026-08-28 13:00:00,3122.0,3122.0,3112.0,3112.0,76658.0,1156875.0,1135410.0
2026-08-28 14:00:00,3112.0,3118.0,3108.0,3112.0,130961.0,1135410.0,1100758.0
2026-08-28 21:00:00,3116.0,3131.0,3115.0,3124.0,229599.0,1100758.0,1063324.0
2026-08-28 22:00:00,3124.0,3132.0,3123.0,3130.0,56000.0,1063324.0,1051925.0
2026-08-31 09:00:00,3130.0,3149.0,3127.0,3144.0,228219.0,1051925.0,1004541.0
2026-08-31 10:00:00,3144.0,3150.0,3138.0,3140.0,84612.0,1004541.0,987869.0
2026-08-31 11:00:00,3140.0,3142.0,3136.0,3138.0,42458.0,987869.0,981388.0
2026-08-31 13:00:00,3140.0,3144.0,3139.0,3141.0,43319.0,981388.0,971191.0
2026-08-31 14:00:00,3141.0,3146.0,3141.0,3143.0,92979.0,971191.0,944760.0
2026-08-31 21:00:00,3146.0,3149.0,3117.0,3119.0,238797.0,944760.0,876085.0
2026-08-31 22:00:00,3119.0,3120.0,3107.0,3109.0,114010.0,876085.0,864230.0
2026-09-01 09:00:00,3108.0,3121.0,3107.0,3116.0,93779.0,864230.0,843175.0
2026-09-01 10:00:00,3116.0,3126.0,3115.0,3123.0,42740.0,843175.0,837545.0
2026-09-01 11:00:00,3123.0,3124.0,3116.0,3118.0,38125.0,837545.0,834920.0
2026-09-01 13:00:00,3119.0,3128.0,3116.0,3127.0,32153.0,834920.0,825087.0
2026-09-01 14:00:00,3127.0,3128.0,3120.0,3123.0,56919.0,825087.0,814291.0
2026-09-01 21:00:00,3173.0,3177.0,3159.0,3167.0,197309.0,814291.0,1326250.0
2026-09-01 22:00:00,3167.0,3172.0,3165.0,3171.0,68047.0,1326250.0,1339636.0
2026-09-02 09:00:00,3172.0,3180.0,3162.0,3162.0,196293.0,1339636.0,1370601.0
2026-09-02 10:00:00,3162.0,3164.0,3148.0,3150.0,170512.0,1370601.0,1391072.0
2026-09-02 11:00:00,3150.0,3150.0,3141.0,3146.0,107142.0,1391072.0,1392674.0
2026-09-02 13:00:00,3147.0,3147.0,3136.0,3145.0,78703.0,1392674.0,1399804.0
2026-09-02 14:00:00,3145.0,3146.0,3137.0,3142.0,90462.0,1399804.0,1402797.0
2026-09-02 21:00:00,3136.0,3143.0,3131.0,3133.0,184637.0,1402797.0,1435711.0
2026-09-02 22:00:00,3133.0,3138.0,3130.0,3133.0,79158.0,1435711.0,1445000.0
2026-09-03 09:00:00,3134.0,3142.0,3134.0,3140.0,94821.0,1445000.0,1456494.0
2026-09-03 10:00:00,3140.0,3142.0,3124.0,3127.0,100974.0,1456494.0,1464868.0
2026-09-03 11:00:00,3127.0,3138.0,3125.0,3136.0,63161.0,1464868.0,1464677.0
2026-09-03 13:00:00,3136.0,3152.0,3133.0,3135.0,154268.0,1464677.0,1469093.0
2026-09-03 14:00:00,3135.0,3147.0,3134.0,3142.0,125605.0,1469093.0,1466483.0
2026-09-03 21:00:00,3145.0,3154.0,3137.0,3149.0,154855.0,1466483.0,1473044.0
2026-09-03 22:00:00,3149.0,3158.0,3149.0,3156.0,90414.0,1473044.0,1467749.0
2026-09-04 09:00:00,3159.0,3166.0,3155.0,3165.0,160427.0,1467749.0,1473933.0
2026-09-04 10:00:00,3165.0,3167.0,3154.0,3162.0,94947.0,1473933.0,1474416.0
2026-09-04 11:00:00,3162.0,3171.0,3155.0,3169.0,76137.0,1474416.0,1469764.0
2026-09-04 13:00:00,3169.0,3180.0,3164.0,3166.0,147337.0,1469764.0,1480120.0
2026-09-04 14:00:00,3166.0,3172.0,3158.0,3166.0,153039.0,1480120.0,1497791.0
2026-09-04 21:00:00,3162.0,3183.0,3161.0,3164.0,217104.0,1497791.0,1511971.0
2026-09-04 22:00:00,3164.0,3174.0,3163.0,3173.0,59958.0,1511971.0,1502783.0
2026-09-07 09:00:00,3171.0,3171.0,3141.0,3148.0,252869.0,1502783.0,1504292.0
2026-09-07 10:00:00,3148.0,3152.0,3144.0,3146.0,75228.0,1504292.0,1503447.0
2026-09-07 11:00:00,3146.0,3152.0,3145.0,3150.0,31274.0,1503447.0,1499930.0
2026-09-07 13:00:00,3150.0,3154.0,3149.0,3151.0,41013.0,1499930.0,1498267.0
2026-09-07 14:00:00,3151.0,3153.0,3147.0,3153.0,77207.0,1498267.0,1486476.0
2026-09-07 21:00:00,3153.0,3154.0,3145.0,3150.0,129718.0,1486476.0,1497715.0
2026-09-07 22:00:00,3150.0,3165.0,3148.0,3165.0,102091.0,1497715.0,1485577.0
2026-09-08 09:00:00,3163.0,3165.0,3155.0,3164.0,91378.0,1485577.0,1490501.0
2026-09-08 10:00:00,3164.0,3173.0,3160.0,3168.0,94151.0,1490501.0,1495787.0
2026-09-08 11:00:00,3168.0,3172.0,3168.0,3168.0,36226.0,1495787.0,1498508.0
2026-09-08 13:00:00,3166.0,3176.0,3166.0,3174.0,73883.0,1498508.0,1506360.0
2026-09-08 14:00:00,3174.0,3179.0,3172.0,3177.0,107642.0,1506360.0,1513728.0
2026-09-08 21:00:00,3172.0,3175.0,3158.0,3169.0,182572.0,1513728.0,1528574.0
2026-09-08 22:00:00,3169.0,3174.0,3165.0,3170.0,46076.0,1528574.0,1530939.0
2026-09-09 09:00:00,3169.0,3174.0,3155.0,3158.0,149092.0,1530939.0,1541109.0
2026-09-09 10:00:00,3158.0,3167.0,3157.0,3166.0,54959.0,1541109.0,1539920.0
2026-09-09 11:00:00,3166.0,3168.0,3163.0,3165.0,35770.0,1539920.0,1538115.0
2026-09-09 13:00:00,3164.0,3166.0,3156.0,3164.0,53679.0,1538115.0,1542340.0
2026-09-09 14:00:00,3164.0,3173.0,3163.0,3169.0,100946.0,1542340.0,1540245.0
2026-09-09 21:00:00,3164.0,3167.0,3145.0,3145.0,203312.0,1540245.0,1561202.0
2026-09-09 22:00:00,3145.0,3148.0,3137.0,3142.0,160441.0,1561202.0,1579033.0
2026-09-10 09:00:00,3144.0,3152.0,3141.0,3149.0,100576.0,1579033.0,1584003.0
2026-09-10 10:00:00,3149.0,3153.0,3147.0,3150.0,56550.0,1584003.0,1588522.0
2026-09-10 11:00:00,3150.0,3151.0,3146.0,3151.0,28763.0,1588522.0,1593400.0
2026-09-10 13:00:00,3150.0,3151.0,3140.0,3148.0,51624.0,1593400.0,1594117.0
2026-09-10 14:00:00,3148.0,3150.0,3137.0,3146.0,124559.0,1594117.0,1596393.0
2026-09-10 21:00:00,3142.0,3143.0,3132.0,3136.0,162386.0,1596393.0,1607017.0
2026-09-10 22:00:00,3136.0,3140.0,3134.0,3139.0,60855.0,1607017.0,1599398.0
2026-09-11 09:00:00,3139.0,3142.0,3109.0,3115.0,319220.0,1599398.0,1585523.0
2026-09-11 10:00:00,3115.0,3115.0,3104.0,3106.0,119039.0,1585523.0,1587718.0
2026-09-11 11:00:00,3106.0,3107.0,3102.0,3105.0,62517.0,1587718.0,1585254.0
2026-09-11 13:00:00,3105.0,3110.0,3102.0,3104.0,70305.0,1585254.0,1591777.0
2026-09-11 14:00:00,3104.0,3110.0,3100.0,3108.0,138398.0,1591777.0,1600739.0
2026-09-11 21:00:00,3107.0,3110.0,3099.0,3102.0,145441.0,1600739.0,1599129.0
2026-09-11 22:00:00,3102.0,3105.0,3101.0,3102.0,49853.0,1599129.0,1591303.0
2026-09-14 09:00:00,3100.0,3105.0,3089.0,3094.0,213996.0,1591303.0,1602456.0
2026-09-14 10:00:00,3094.0,3096.0,3088.0,3092.0,68434.0,1602456.0,1610920.0
2026-09-14 11:00:00,3092.0,3098.0,3091.0,3094.0,40205.0,1610920.0,1610248.0
2026-09-14 13:00:00,3094.0,3096.0,3090.0,3096.0,37920.0,1610248.0,1610694.0
2026-09-14 14:00:00,3096.0,3099.0,3091.0,3095.0,87177.0,1610694.0,1607133.0
2026-09-14 21:00:00,3098.0,3100.0,3089.0,3095.0,81771.0,1607133.0,1610466.0
