datetime,open,high,low,close,volume,open_oi,close_oi
2023-08-07 13:30:00,6662.0,6663.0,6630.0,6645.0,68779.0,448961.0,444974.0
2023-08-07 14:00:00,6645.0,6651.0,6639.0,6645.0,16959.0,444974.0,445957.0
2023-08-07 14:30:00,6645.0,6668.0,6642.0,6662.0,33821.0,445957.0,445813.0
2023-08-07 21:00:00,6671.0,6768.0,6670.0,6754.0,180168.0,445813.0,488913.0
2023-08-07 21:30:00,6754.0,6761.0,6735.0,6738.0,63921.0,488913.0,492786.0
2023-08-07 22:00:00,6738.0,6753.0,6730.0,6744.0,45370.0,492786.0,494628.0
2023-08-07 22:30:00,6744.0,6757.0,6735.0,6746.0,42197.0,494628.0,493506.0
2023-08-08 09:00:00,6744.0,6752.0,6732.0,6751.0,47281.0,493506.0,495726.0
2023-08-08 09:30:00,6751.0,6764.0,6748.0,6750.0,47432.0,495726.0,505447.0
2023-08-08 10:00:00,6750.0,6763.0,6745.0,6757.0,17014.0,505447.0,507611.0
2023-08-08 10:30:00,6757.0,6763.0,6752.0,6752.0,25218.0,507611.0,512004.0
2023-08-08 11:00:00,6752.0,6755.0,6748.0,6752.0,21471.0,512004.0,513263.0
2023-08-08 13:30:00,6750.0,6751.0,6737.0,6739.0,28192.0,513263.0,510425.0
2023-08-08 14:00:00,6739.0,6743.0,6726.0,6740.0,40401.0,510425.0,508703.0
2023-08-08 14:30:00,6740.0,6741.0,6721.0,6731.0,40396.0,508703.0,501472.0
2023-08-08 21:00:00,6719.0,6740.0,6715.0,6724.0,73475.0,501472.0,498944.0
2023-08-08 21:30:00,6724.0,6730.0,6716.0,6724.0,28566.0,498944.0,499309.0
2023-08-08 22:00:00,6724.0,6747.0,6723.0,6745.0,43064.0,499309.0,502586.0
2023-08-08 22:30:00,6745.0,6754.0,6738.0,6741.0,29120.0,502586.0,502157.0
2023-08-09 09:00:00,6750.0,6750.0,6733.0,6736.0,31865.0,502157.0,502509.0
2023-08-09 09:30:00,6736.0,6750.0,6735.0,6742.0,21423.0,502509.0,503739.0
2023-08-09 10:00:00,6742.0,6759.0,6739.0,6754.0,14527.0,503739.0,507038.0
2023-08-09 10:30:00,6754.0,6762.0,6749.0,6759.0,30150.0,507038.0,514227.0
2023-08-09 11:00:00,6759.0,6826.0,6754.0,6823.0,140485.0,514227.0,555196.0
2023-08-09 13:30:00,6825.0,6868.0,6823.0,6852.0,161703.0,555196.0,595704.0
2023-08-09 14:00:00,6852.0,6865.0,6849.0,6863.0,65016.0,595704.0,608051.0
2023-08-09 14:30:00,6863.0,6885.0,6858.0,6877.0,103090.0,608051.0,613287.0
2023-08-09 21:00:00,6876.0,6897.0,6871.0,6886.0,104010.0,613287.0,626948.0
2023-08-09 21:30:00,6886.0,6896.0,6884.0,6888.0,39625.0,626948.0,633940.0
2023-08-09 22:00:00,6888.0,6894.0,6863.0,6888.0,79336.0,633940.0,631973.0
2023-08-09 22:30:00,6888.0,6888.0,6867.0,6881.0,34301.0,631973.0,626443.0
2023-08-10 09:00:00,6898.0,6902.0,6877.0,6881.0,48010.0,626443.0,629333.0
2023-08-10 09:30:00,6881.0,6892.0,6871.0,6891.0,32990.0,629333.0,633813.0
2023-08-10 10:00:00,6891.0,6892.0,6881.0,6882.0,11301.0,633813.0,635088.0
2023-08-10 10:30:00,6882.0,6893.0,6880.0,6886.0,23353.0,635088.0,637496.0
2023-08-10 11:00:00,6886.0,6888.0,6876.0,6883.0,25718.0,637496.0,638679.0
2023-08-10 13:30:00,6880.0,6885.0,6875.0,6884.0,23698.0,638679.0,640543.0
2023-08-10 14:00:00,6884.0,6890.0,6883.0,6886.0,20823.0,640543.0,643714.0
2023-08-10 14:30:00,6886.0,6890.0,6878.0,6889.0,31433.0,643714.0,642367.0
2023-08-10 21:00:00,6901.0,6925.0,6874.0,6883.0,112392.0,642367.0,650036.0
2023-08-10 21:30:00,6883.0,6895.0,6879.0,6894.0,30917.0,650036.0,651131.0
2023-08-10 22:00:00,6894.0,6935.0,6882.0,6926.0,105743.0,651131.0,666859.0
2023-08-10 22:30:00,6926.0,6927.0,6856.0,6889.0,167164.0,666859.0,647618.0
2023-08-11 09:00:00,6872.0,6903.0,6872.0,6892.0,41130.0,647618.0,651614.0
2023-08-11 09:30:00,6892.0,6902.0,6883.0,6895.0,24718.0,651614.0,653209.0
2023-08-11 10:00:00,6895.0,6908.0,6890.0,6896.0,17987.0,653209.0,654338.0
2023-08-11 10:30:00,6896.0,6905.0,6889.0,6896.0,26484.0,654338.0,654692.0
2023-08-11 11:00:00,6896.0,6907.0,6895.0,6905.0,20204.0,654692.0,657150.0
2023-08-11 13:30:00,6904.0,6919.0,6902.0,6909.0,35581.0,657150.0,662044.0
2023-08-11 14:00:00,6909.0,6922.0,6906.0,6919.0,34167.0,662044.0,666458.0
2023-08-11 14:30:00,6919.0,6920.0,6908.0,6910.0,32458.0,666458.0,660903.0
2023-08-11 21:00:00,6914.0,6917.0,6889.0,6898.0,87945.0,660903.0,668701.0
2023-08-11 21:30:00,6898.0,6905.0,6891.0,6898.0,34665.0,668701.0,667862.0
2023-08-11 22:00:00,6898.0,6909.0,6895.0,6908.0,25711.0,667862.0,668129.0
2023-08-11 22:30:00,6908.0,6908.0,6892.0,6898.0,31849.0,668129.0,660901.0
2023-08-14 09:00:00,6918.0,6923.0,6892.0,6893.0,69786.0,660901.0,657279.0
2023-08-14 09:30:00,6893.0,6903.0,6878.0,6881.0,51779.0,657279.0,654100.0
2023-08-14 10:00:00,6881.0,6890.0,6870.0,6876.0,26920.0,654100.0,651770.0
2023-08-14 10:30:00,6877.0,6877.0,6865.0,6873.0,38473.0,651770.0,646191.0
2023-08-14 11:00:00,6873.0,6887.0,6865.0,6882.0,40460.0,646191.0,643112.0
2023-08-14 13:30:00,6883.0,6889.0,6877.0,6886.0,23130.0,643112.0,644980.0
2023-08-14 14:00:00,6886.0,6889.0,6875.0,6879.0,20406.0,644980.0,643172.0
2023-08-14 14:30:00,6879.0,6886.0,6877.0,6881.0,28067.0,643172.0,642640.0
2023-08-14 21:00:00,6884.0,6885.0,6836.0,6844.0,104021.0,642640.0,633799.0
2023-08-14 21:30:00,6844.0,6866.0,6842.0,6865.0,58552.0,633799.0,634441.0
2023-08-14 22:00:00,6865.0,6874.0,6858.0,6871.0,31978.0,634441.0,635546.0
2023-08-14 22:30:00,6871.0,6882.0,6865.0,6873.0,40617.0,635546.0,633328.0
2023-08-15 09:00:00,6873.0,6879.0,6865.0,6876.0,23806.0,633328.0,634615.0
2023-08-15 09:30:00,6876.0,6880.0,6855.0,6859.0,25380.0,634615.0,631781.0
2023-08-15 10:00:00,6859.0,6865.0,6858.0,6862.0,8627.0,631781.0,632041.0
2023-08-15 10:30:00,6862.0,6869.0,6852.0,6864.0,23959.0,632041.0,630800.0
2023-08-15 11:00:00,6864.0,6873.0,6862.0,6868.0,15780.0,630800.0,630427.0
2023-08-15 13:30:00,6865.0,6868.0,6838.0,6848.0,66047.0,630427.0,622108.0
2023-08-15 14:00:00,6848.0,6861.0,6845.0,6860.0,24026.0,622108.0,622444.0
2023-08-15 14:30:00,6860.0,6870.0,6841.0,6844.0,42684.0,622444.0,616966.0
2023-08-15 21:00:00,6844.0,6866.0,6824.0,6842.0,86287.0,616966.0,620212.0
2023-08-15 21:30:00,6842.0,6848.0,6835.0,6843.0,39276.0,620212.0,618876.0
2023-08-15 22:00:00,6843.0,6846.0,6828.0,6836.0,30480.0,618876.0,616164.0
2023-08-15 22:30:00,6836.0,6852.0,6833.0,6842.0,36789.0,616164.0,613833.0
2023-08-16 09:00:00,6836.0,6849.0,6832.0,6846.0,26518.0,613833.0,614174.0
2023-08-16 09:30:00,6846.0,6855.0,6836.0,6852.0,20678.0,614174.0,615209.0
2023-08-16 10:00:00,6852.0,6857.0,6849.0,6853.0,9197.0,615209.0,615700.0
2023-08-16 10:30:00,6852.0,6860.0,6847.0,6851.0,18949.0,615700.0,615353.0
2023-08-16 11:00:00,6851.0,6856.0,6848.0,6850.0,9704.0,615353.0,614384.0
2023-08-16 13:30:00,6850.0,6856.0,6843.0,6850.0,18826.0,614384.0,614290.0
2023-08-16 14:00:00,6850.0,6857.0,6848.0,6853.0,13881.0,614290.0,613236.0
2023-08-16 14:30:00,6853.0,6853.0,6841.0,6844.0,24448.0,613236.0,607126.0
2023-08-16 21:00:00,6852.0,6881.0,6849.0,6873.0,77269.0,607126.0,614745.0
2023-08-16 21:30:00,6873.0,6894.0,6873.0,6883.0,65229.0,614745.0,622381.0
2023-08-16 22:00:00,6883.0,6898.0,6882.0,6894.0,40429.0,622381.0,625001.0
2023-08-16 22:30:00,6894.0,6896.0,6881.0,6888.0,40084.0,625001.0,621705.0
2023-08-17 09:00:00,6888.0,6889.0,6876.0,6881.0,39593.0,621705.0,622775.0
2023-08-17 09:30:00,6881.0,6895.0,6874.0,6889.0,30092.0,622775.0,624181.0
2023-08-17 10:00:00,6889.0,6893.0,6887.0,6889.0,6745.0,624181.0,624552.0
2023-08-17 10:30:00,6888.0,6898.0,6887.0,6894.0,22704.0,624552.0,626776.0
2023-08-17 11:00:00,6894.0,6896.0,6885.0,6888.0,15573.0,626776.0,626351.0
2023-08-17 13:30:00,6887.0,6890.0,6855.0,6864.0,47919.0,626351.0,619097.0
2023-08-17 14:00:00,6864.0,6888.0,6864.0,6886.0,35572.0,619097.0,619544.0
2023-08-17 14:30:00,6886.0,6917.0,6877.0,6880.0,98131.0,619544.0,617263.0
2023-08-17 21:00:00,6901.0,6910.0,6888.0,6894.0,63852.0,617263.0,622065.0
2023-08-17 21:30:00,6894.0,6899.0,6884.0,6888.0,34295.0,622065.0,623757.0
2023-08-17 22:00:00,6888.0,6892.0,6878.0,6880.0,31404.0,623757.0,621981.0
2023-08-17 22:30:00,6880.0,6898.0,6880.0,6894.0,31119.0,621981.0,622572.0
2023-08-18 09:00:00,6875.0,6891.0,6870.0,6884.0,33308.0,622572.0,621645.0
2023-08-18 09:30:00,6884.0,6890.0,6884.0,6888.0,11537.0,621645.0,622847.0
2023-08-18 10:00:00,6888.0,6895.0,6884.0,6893.0,10885.0,622847.0,623673.0
2023-08-18 10:30:00,6892.0,6904.0,6887.0,6903.0,21876.0,623673.0,626912.0
2023-08-18 11:00:00,6903.0,6908.0,6893.0,6898.0,29200.0,626912.0,627804.0
2023-08-18 13:30:00,6897.0,6902.0,6892.0,6897.0,16650.0,627804.0,628270.0
2023-08-18 14:00:00,6897.0,6906.0,6883.0,6891.0,32321.0,628270.0,627510.0
2023-08-18 14:30:00,6891.0,6893.0,6881.0,6884.0,27238.0,627510.0,622850.0
2023-08-18 21:00:00,6875.0,6883.0,6862.0,6880.0,53745.0,622850.0,624064.0
2023-08-18 21:30:00,6880.0,6889.0,6872.0,6885.0,25682.0,624064.0,624386.0
2023-08-18 22:00:00,6885.0,6895.0,6883.0,6886.0,23217.0,624386.0,624966.0
2023-08-18 22:30:00,6886.0,6897.0,6884.0,6896.0,20538.0,624966.0,625848.0
2023-08-21 09:00:00,6898.0,6929.0,6897.0,6921.0,80035.0,625848.0,627725.0
2023-08-21 09:30:00,6921.0,6927.0,6910.0,6918.0,35273.0,627725.0,629330.0
2023-08-21 10:00:00,6918.0,6918.0,6907.0,6910.0,11486.0,629330.0,629046.0
2023-08-21 10:30:00,6911.0,6967.0,6907.0,6951.0,77663.0,629046.0,639164.0
2023-08-21 11:00:00,6951.0,6962.0,6937.0,6950.0,59287.0,639164.0,641469.0
2023-08-21 13:30:00,6951.0,6996.0,6951.0,6987.0,83743.0,641469.0,656004.0
2023-08-21 14:00:00,6987.0,6990.0,6976.0,6988.0,34519.0,656004.0,653929.0
2023-08-21 14:30:00,6988.0,6988.0,6961.0,6975.0,43157.0,653929.0,647052.0
2023-08-21 21:00:00,6978.0,6997.0,6967.0,6989.0,59392.0,647052.0,650808.0
2023-08-21 21:30:00,6989.0,7013.0,6980.0,7004.0,59246.0,650808.0,658935.0
2023-08-21 22:00:00,7004.0,7006.0,6978.0,6988.0,48252.0,658935.0,655662.0
2023-08-21 22:30:00,6988.0,7000.0,6982.0,6991.0,30472.0,655662.0,653762.0
2023-08-22 09:00:00,6967.0,6979.0,6952.0,6964.0,60148.0,653762.0,650713.0
2023-08-22 09:30:00,6964.0,6967.0,6953.0,6956.0,34548.0,650713.0,649798.0
2023-08-22 10:00:00,6956.0,6958.0,6951.0,6952.0,22754.0,649798.0,648842.0
2023-08-22 10:30:00,6952.0,6954.0,6931.0,6937.0,54335.0,648842.0,646456.0
2023-08-22 11:00:00,6937.0,6938.0,6884.0,6887.0,104127.0,646456.0,631982.0
2023-08-22 13:30:00,6885.0,6891.0,6848.0,6858.0,121133.0,631982.0,618972.0
2023-08-22 14:00:00,6858.0,6861.0,6789.0,6839.0,139554.0,618972.0,604420.0
2023-08-22 14:30:00,6839.0,6848.0,6813.0,6823.0,71404.0,604420.0,595217.0
2023-08-22 21:00:00,6839.0,6844.0,6824.0,6839.0,86942.0,595217.0,600251.0
2023-08-22 21:30:00,6839.0,6840.0,6811.0,6825.0,67686.0,600251.0,601270.0
2023-08-22 22:00:00,6825.0,6830.0,6812.0,6813.0,35945.0,601270.0,601089.0
2023-08-22 22:30:00,6813.0,6830.0,6807.0,6827.0,41335.0,601089.0,599582.0
2023-08-23 09:00:00,6826.0,6833.0,6813.0,6826.0,35471.0,599582.0,596969.0
2023-08-23 09:30:00,6826.0,6832.0,6819.0,6829.0,19172.0,596969.0,596843.0
2023-08-23 10:00:00,6829.0,6842.0,6827.0,6835.0,22067.0,596843.0,597499.0
2023-08-23 10:30:00,6835.0,6857.0,6833.0,6846.0,39222.0,597499.0,595975.0
2023-08-23 11:00:00,6846.0,6866.0,6841.0,6855.0,41341.0,595975.0,597356.0
2023-08-23 13:30:00,6856.0,6856.0,6835.0,6841.0,31467.0,597356.0,595472.0
2023-08-23 14:00:00,6841.0,6845.0,6825.0,6830.0,27102.0,595472.0,592889.0
2023-08-23 14:30:00,6830.0,6835.0,6812.0,6819.0,35676.0,592889.0,589935.0
2023-08-23 21:00:00,6888.0,6961.0,6885.0,6949.0,275244.0,589935.0,612644.0
2023-08-23 21:30:00,6949.0,6960.0,6938.0,6951.0,94296.0,612644.0,619600.0
2023-08-23 22:00:00,6951.0,6953.0,6921.0,6926.0,66974.0,619600.0,616333.0
2023-08-23 22:30:00,6926.0,6930.0,6905.0,6917.0,86853.0,616333.0,605326.0
2023-08-24 09:00:00,6926.0,6939.0,6925.0,6934.0,53310.0,605326.0,608212.0
2023-08-24 09:30:00,6934.0,6937.0,6920.0,6925.0,26286.0,608212.0,608266.0
2023-08-24 10:00:00,6925.0,6927.0,6914.0,6924.0,15394.0,608266.0,607954.0
2023-08-24 10:30:00,6922.0,6927.0,6914.0,6920.0,20683.0,607954.0,607553.0
2023-08-24 11:00:00,6920.0,6920.0,6890.0,6907.0,47308.0,607553.0,604521.0
2023-08-24 13:30:00,6907.0,6908.0,6861.0,6877.0,69444.0,604521.0,598848.0
2023-08-24 14:00:00,6877.0,6891.0,6876.0,6883.0,30811.0,598848.0,597756.0
2023-08-24 14:30:00,6883.0,6889.0,6853.0,6866.0,49982.0,597756.0,590853.0
2023-08-24 21:00:00,6892.0,6897.0,6865.0,6869.0,69587.0,590853.0,596855.0
2023-08-24 21:30:00,6869.0,6875.0,6842.0,6860.0,65472.0,596855.0,599250.0
2023-08-24 22:00:00,6860.0,6871.0,6854.0,6854.0,32772.0,599250.0,597297.0
2023-08-24 22:30:00,6854.0,6874.0,6854.0,6873.0,28005.0,597297.0,593949.0
2023-08-25 09:00:00,6888.0,6899.0,6880.0,6887.0,55417.0,593949.0,594913.0
2023-08-25 09:30:00,6887.0,6894.0,6880.0,6889.0,19832.0,594913.0,593624.0
2023-08-25 10:00:00,6889.0,6894.0,6884.0,6889.0,8737.0,593624.0,593009.0
2023-08-25 10:30:00,6889.0,6917.0,6889.0,6915.0,39672.0,593009.0,595975.0
2023-08-25 11:00:00,6915.0,6920.0,6907.0,6910.0,30961.0,595975.0,597820.0
2023-08-25 13:30:00,6910.0,6911.0,6893.0,6897.0,32059.0,597820.0,595163.0
2023-08-25 14:00:00,6897.0,6908.0,6893.0,6894.0,17408.0,595163.0,595267.0
2023-08-25 14:30:00,6894.0,6901.0,6886.0,6890.0,22606.0,595267.0,590438.0
2023-08-25 21:00:00,6898.0,6899.0,6874.0,6893.0,53281.0,590438.0,593422.0
2023-08-25 21:30:00,6893.0,6917.0,6892.0,6914.0,63026.0,593422.0,598917.0
2023-08-25 22:00:00,6914.0,6916.0,6884.0,6885.0,45449.0,598917.0,595021.0
2023-08-25 22:30:00,6885.0,6907.0,6883.0,6904.0,35013.0,595021.0,594074.0
2023-08-28 09:00:00,6926.0,6968.0,6921.0,6934.0,113193.0,594074.0,603192.0
2023-08-28 09:30:00,6934.0,6938.0,6910.0,6910.0,42658.0,603192.0,602700.0
2023-08-28 10:00:00,6910.0,6927.0,6905.0,6924.0,18668.0,602700.0,603339.0
2023-08-28 10:30:00,6925.0,6932.0,6918.0,6925.0,20152.0,603339.0,603515.0
2023-08-28 11:00:00,6925.0,6927.0,6912.0,6919.0,18770.0,603515.0,602922.0
2023-08-28 13:30:00,6918.0,6924.0,6906.0,6909.0,27962.0,602922.0,602254.0
2023-08-28 14:00:00,6909.0,6915.0,6885.0,6902.0,45722.0,602254.0,598884.0
2023-08-28 14:30:00,6902.0,6916.0,6898.0,6908.0,35347.0,598884.0,595824.0
2023-08-28 21:00:00,6939.0,6945.0,6915.0,6922.0,72071.0,595824.0,599918.0
2023-08-28 21:30:00,6922.0,6926.0,6905.0,6920.0,41931.0,599918.0,601906.0
2023-08-28 22:00:00,6920.0,6955.0,6913.0,6954.0,57114.0,601906.0,612049.0
2023-08-28 22:30:00,6954.0,6960.0,6938.0,6945.0,62393.0,612049.0,613819.0
2023-08-29 09:00:00,6960.0,6966.0,6944.0,6955.0,60256.0,613819.0,620578.0
2023-08-29 09:30:00,6955.0,6959.0,6945.0,6947.0,22297.0,620578.0,623193.0
2023-08-29 10:00:00,6947.0,6953.0,6942.0,6952.0,10374.0,623193.0,623060.0
2023-08-29 10:30:00,6951.0,6955.0,6943.0,6953.0,21697.0,623060.0,625967.0
2023-08-29 11:00:00,6953.0,6959.0,6932.0,6946.0,38087.0,625967.0,625113.0
2023-08-29 13:30:00,6946.0,6950.0,6935.0,6938.0,26519.0,625113.0,625082.0
2023-08-29 14:00:00,6938.0,6947.0,6913.0,6926.0,52673.0,625082.0,620823.0
2023-08-29 14:30:00,6926.0,6931.0,6901.0,6913.0,56617.0,620823.0,612405.0
2023-08-29 21:00:00,6897.0,6920.0,6883.0,6916.0,76936.0,612405.0,611695.0
2023-08-29 21:30:00,6916.0,6926.0,6914.0,6918.0,40884.0,611695.0,612618.0
2023-08-29 22:00:00,6918.0,6925.0,6910.0,6916.0,28181.0,612618.0,610940.0
2023-08-29 22:30:00,6916.0,6923.0,6906.0,6914.0,28905.0,610940.0,608368.0
2023-08-30 09:00:00,6920.0,6924.0,6907.0,6912.0,32519.0,608368.0,608499.0
2023-08-30 09:30:00,6912.0,6919.0,6899.0,6916.0,30845.0,608499.0,609828.0
2023-08-30 10:00:00,6916.0,6916.0,6902.0,6908.0,11989.0,609828.0,609116.0
2023-08-30 10:30:00,6909.0,6909.0,6892.0,6901.0,32402.0,609116.0,609183.0
2023-08-30 11:00:00,6901.0,6916.0,6900.0,6913.0,21921.0,609183.0,606076.0
2023-08-30 13:30:00,6916.0,6958.0,6915.0,6956.0,89733.0,606076.0,622068.0
2023-08-30 14:00:00,6956.0,6970.0,6949.0,6958.0,78178.0,622068.0,630156.0
2023-08-30 14:30:00,6958.0,6969.0,6952.0,6959.0,46632.0,630156.0,626274.0
2023-08-30 21:00:00,6974.0,6977.0,6952.0,6965.0,65696.0,626274.0,628088.0
2023-08-30 21:30:00,6965.0,6981.0,6964.0,6971.0,52533.0,628088.0,632374.0
2023-08-30 22:00:00,6971.0,6973.0,6949.0,6953.0,42905.0,632374.0,628639.0
2023-08-30 22:30:00,6953.0,6968.0,6953.0,6962.0,35042.0,628639.0,626837.0
2023-08-31 09:00:00,6941.0,6941.0,6896.0,6911.0,133254.0,626837.0,609920.0
2023-08-31 09:30:00,6911.0,6921.0,6906.0,6911.0,35033.0,609920.0,608024.0
2023-08-31 10:00:00,6911.0,6914.0,6905.0,6908.0,12463.0,608024.0,607599.0
2023-08-31 10:30:00,6909.0,6931.0,6907.0,6926.0,30495.0,607599.0,607855.0
2023-08-31 11:00:00,6926.0,6940.0,6916.0,6931.0,30633.0,607855.0,606626.0
2023-08-31 13:30:00,6932.0,6953.0,6930.0,6950.0,51827.0,606626.0,608540.0
2023-08-31 14:00:00,6950.0,6958.0,6940.0,6955.0,38677.0,608540.0,614516.0
2023-08-31 14:30:00,6955.0,6962.0,6949.0,6951.0,41477.0,614516.0,612585.0
2023-08-31 21:00:00,6959.0,6987.0,6953.0,6958.0,88057.0,612585.0,621878.0
2023-08-31 21:30:00,6958.0,6975.0,6942.0,6972.0,58020.0,621878.0,626397.0
2023-08-31 22:00:00,6972.0,6975.0,6956.0,6973.0,37936.0,626397.0,627605.0
2023-08-31 22:30:00,6973.0,6975.0,6958.0,6967.0,36618.0,627605.0,624723.0
2023-09-01 09:00:00,6956.0,6973.0,6946.0,6972.0,50357.0,624723.0,623492.0
2023-09-01 09:30:00,6972.0,6980.0,6963.0,6975.0,25485.0,623492.0,626236.0
2023-09-01 10:00:00,6975.0,6984.0,6969.0,6980.0,20053.0,626236.0,628396.0
2023-09-01 10:30:00,6980.0,6986.0,6971.0,6985.0,27392.0,628396.0,629963.0
2023-09-01 11:00:00,6985.0,6996.0,6982.0,6991.0,47999.0,629963.0,634202.0
2023-09-01 13:30:00,6991.0,7040.0,6991.0,7025.0,135063.0,634202.0,656379.0
2023-09-01 14:00:00,7025.0,7030.0,7003.0,7021.0,66129.0,656379.0,655929.0
2023-09-01 14:30:00,7021.0,7034.0,7021.0,7025.0,44544.0,655929.0,662731.0
2023-09-01 21:00:00,7039.0,7040.0,7005.0,7015.0,76933.0,662731.0,658889.0
2023-09-01 21:30:00,7015.0,7029.0,7007.0,7013.0,42519.0,658889.0,660091.0
2023-09-01 22:00:00,7013.0,7026.0,7010.0,7019.0,28018.0,660091.0,661083.0
2023-09-01 22:30:00,7019.0,7026.0,7013.0,7026.0,23338.0,661083.0,658044.0
2023-09-04 09:00:00,7058.0,7061.0,7020.0,7033.0,107038.0,658044.0,659599.0
2023-09-04 09:30:00,7033.0,7039.0,7020.0,7024.0,31139.0,659599.0,661220.0
2023-09-04 10:00:00,7024.0,7035.0,7020.0,7030.0,12681.0,661220.0,662125.0
2023-09-04 10:30:00,7030.0,7043.0,7025.0,7030.0,28005.0,662125.0,663483.0
2023-09-04 11:00:00,7030.0,7030.0,7021.0,7028.0,20618.0,663483.0,661803.0
2023-09-04 13:30:00,7027.0,7035.0,7013.0,7020.0,45703.0,661803.0,663850.0
2023-09-04 14:00:00,7020.0,7051.0,7019.0,7030.0,58667.0,663850.0,672361.0
2023-09-04 14:30:00,7030.0,7044.0,7023.0,7038.0,43927.0,672361.0,673398.0
2023-09-04 21:00:00,7047.0,7075.0,7042.0,7064.0,118994.0,673398.0,694397.0
2023-09-04 21:30:00,7064.0,7069.0,7058.0,7061.0,28531.0,694397.0,694913.0
2023-09-04 22:00:00,7061.0,7063.0,7022.0,7041.0,82131.0,694913.0,684462.0
2023-09-04 22:30:00,7041.0,7054.0,7041.0,7048.0,28668.0,684462.0,685148.0
2023-09-05 09:00:00,7054.0,7055.0,7044.0,7053.0,23073.0,685148.0,687472.0
2023-09-05 09:30:00,7053.0,7065.0,7045.0,7060.0,24688.0,687472.0,690201.0
2023-09-05 10:00:00,7060.0,7060.0,7050.0,7053.0,9506.0,690201.0,689408.0
2023-09-05 10:30:00,7053.0,7063.0,7051.0,7062.0,13478.0,689408.0,690583.0
2023-09-05 11:00:00,7062.0,7068.0,7059.0,7066.0,23954.0,690583.0,692583.0
2023-09-05 13:30:00,7066.0,7067.0,7042.0,7050.0,33736.0,692583.0,688932.0
2023-09-05 14:00:00,7050.0,7055.0,7045.0,7051.0,24783.0,688932.0,690825.0
2023-09-05 14:30:00,7051.0,7060.0,7043.0,7058.0,30489.0,690825.0,690344.0
2023-09-05 21:00:00,7080.0,7092.0,7070.0,7082.0,117483.0,690344.0,704441.0
2023-09-05 21:30:00,7082.0,7087.0,7071.0,7084.0,50269.0,704441.0,703390.0
2023-09-05 22:00:00,7084.0,7084.0,7058.0,7077.0,69659.0,703390.0,699877.0
2023-09-05 22:30:00,7077.0,7087.0,7073.0,7082.0,43197.0,699877.0,700607.0
2023-09-06 09:00:00,7082.0,7095.0,7076.0,7082.0,62203.0,700607.0,702921.0
2023-09-06 09:30:00,7082.0,7087.0,7074.0,7084.0,24681.0,702921.0,702438.0
2023-09-06 10:00:00,7084.0,7099.0,7080.0,7093.0,27018.0,702438.0,708780.0
2023-09-06 10:30:00,7093.0,7118.0,7093.0,7111.0,87304.0,708780.0,723389.0
2023-09-06 11:00:00,7111.0,7111.0,7091.0,7102.0,48276.0,723389.0,714039.0
2023-09-06 13:30:00,7104.0,7126.0,7104.0,7120.0,71148.0,714039.0,729409.0
2023-09-06 14:00:00,7120.0,7130.0,7116.0,7127.0,43575.0,729409.0,734899.0
2023-09-06 14:30:00,7127.0,7131.0,7115.0,7117.0,41606.0,734899.0,728810.0
2023-09-06 21:00:00,7110.0,7113.0,7085.0,7085.0,109739.0,728810.0,722512.0
2023-09-06 21:30:00,7085.0,7097.0,7081.0,7091.0,45517.0,722512.0,720519.0
2023-09-06 22:00:00,7091.0,7100.0,7077.0,7093.0,49961.0,720519.0,719031.0
2023-09-06 22:30:00,7093.0,7096.0,7072.0,7077.0,38881.0,719031.0,712423.0
2023-09-07 09:00:00,7073.0,7078.0,7053.0,7070.0,64000.0,712423.0,705165.0
2023-09-07 09:30:00,7070.0,7071.0,7055.0,7065.0,30210.0,705165.0,702504.0
2023-09-07 10:00:00,7065.0,7071.0,7054.0,7068.0,18404.0,702504.0,702237.0
2023-09-07 10:30:00,7068.0,7071.0,7055.0,7062.0,23287.0,702237.0,701856.0
2023-09-07 11:00:00,7062.0,7063.0,7042.0,7054.0,51829.0,701856.0,698366.0
2023-09-07 13:30:00,7054.0,7062.0,7032.0,7059.0,68750.0,698366.0,695351.0
2023-09-07 14:00:00,7059.0,7066.0,7054.0,7062.0,25262.0,695351.0,694922.0
2023-09-07 14:30:00,7062.0,7075.0,7056.0,7062.0,32725.0,694922.0,690074.0
2023-09-07 21:00:00,7074.0,7085.0,7061.0,7062.0,69071.0,690074.0,692407.0
2023-09-07 21:30:00,7062.0,7062.0,7038.0,7047.0,53415.0,692407.0,689004.0
2023-09-07 22:00:00,7047.0,7060.0,7044.0,7057.0,45129.0,689004.0,688819.0
2023-09-07 22:30:00,7057.0,7073.0,7055.0,7060.0,40207.0,688819.0,687601.0
2023-09-08 09:00:00,7097.0,7116.0,7085.0,7111.0,103958.0,687601.0,703001.0
2023-09-08 09:30:00,7111.0,7119.0,7097.0,7100.0,49660.0,703001.0,702927.0
2023-09-08 10:00:00,7100.0,7108.0,7093.0,7104.0,17872.0,702927.0,702327.0
2023-09-08 10:30:00,7105.0,7109.0,7090.0,7096.0,31453.0,702327.0,701294.0
2023-09-08 11:00:00,7096.0,7102.0,7087.0,7099.0,30157.0,701294.0,700779.0
2023-09-08 13:30:00,7100.0,7104.0,7090.0,7100.0,26845.0,700779.0,703514.0
2023-09-08 14:00:00,7100.0,7103.0,7092.0,7095.0,18965.0,703514.0,702883.0
2023-09-08 14:30:00,7095.0,7097.0,7079.0,7085.0,38861.0,702883.0,696446.0
2023-09-08 21:00:00,7078.0,7097.0,7062.0,7091.0,85953.0,696446.0,700082.0
2023-09-08 21:30:00,7091.0,7099.0,7084.0,7095.0,35737.0,700082.0,702015.0
2023-09-08 22:00:00,7095.0,7114.0,7091.0,7093.0,71055.0,702015.0,705653.0
2023-09-08 22:30:00,7093.0,7093.0,7056.0,7072.0,101147.0,705653.0,693777.0
2023-09-11 09:00:00,7072.0,7078.0,7038.0,7050.0,85231.0,693777.0,693713.0
2023-09-11 09:30:00,7050.0,7064.0,7045.0,7051.0,31403.0,693713.0,693007.0
2023-09-11 10:00:00,7051.0,7057.0,7049.0,7054.0,8107.0,693007.0,693483.0
2023-09-11 10:30:00,7054.0,7061.0,7043.0,7050.0,24142.0,693483.0,693677.0
2023-09-11 11:00:00,7050.0,7054.0,7040.0,7050.0,22618.0,693677.0,691980.0
2023-09-11 13:30:00,7053.0,7055.0,7000.0,7003.0,106905.0,691980.0,687962.0
2023-09-11 14:00:00,7003.0,7007.0,6980.0,6993.0,86970.0,687962.0,688370.0
2023-09-11 14:30:00,6993.0,7001.0,6973.0,6991.0,83377.0,688370.0,675753.0
2023-09-11 21:00:00,6945.0,6981.0,6936.0,6973.0,116693.0,675753.0,674196.0
2023-09-11 21:30:00,6973.0,6979.0,6946.0,6952.0,72881.0,674196.0,675038.0
2023-09-11 22:00:00,6952.0,6966.0,6946.0,6962.0,50192.0,675038.0,673199.0
2023-09-11 22:30:00,6962.0,6963.0,6950.0,6959.0,39221.0,673199.0,673229.0
2023-09-12 09:00:00,6964.0,6973.0,6959.0,6970.0,44906.0,673229.0,674482.0
2023-09-12 09:30:00,6970.0,6971.0,6931.0,6940.0,59904.0,674482.0,667700.0
2023-09-12 10:00:00,6940.0,6944.0,6908.0,6934.0,68251.0,667700.0,665139.0
2023-09-12 10:30:00,6933.0,6947.0,6924.0,6937.0,38234.0,665139.0,663910.0
2023-09-12 11:00:00,6937.0,6943.0,6929.0,6934.0,22084.0,663910.0,662548.0
2023-09-12 13:30:00,6933.0,6940.0,6923.0,6937.0,32851.0,662548.0,662465.0
2023-09-12 14:00:00,6937.0,6943.0,6934.0,6936.0,22480.0,662465.0,660538.0
2023-09-12 14:30:00,6936.0,6959.0,6934.0,6956.0,43049.0,660538.0,657050.0
2023-09-12 21:00:00,6965.0,6995.0,6952.0,6985.0,118268.0,657050.0,661872.0
2023-09-12 21:30:00,6985.0,6990.0,6971.0,6978.0,58844.0,661872.0,661665.0
2023-09-12 22:00:00,6978.0,6983.0,6970.0,6979.0,36432.0,661665.0,659014.0
2023-09-12 22:30:00,6979.0,6984.0,6967.0,6981.0,32698.0,659014.0,655674.0
2023-09-13 09:00:00,6973.0,6987.0,6963.0,6965.0,40874.0,655674.0,655719.0
2023-09-13 09:30:00,6965.0,6973.0,6955.0,6958.0,28718.0,655719.0,654156.0
2023-09-13 10:00:00,6958.0,6958.0,6931.0,6942.0,41402.0,654156.0,651604.0
2023-09-13 10:30:00,6942.0,6944.0,6913.0,6917.0,58564.0,651604.0,651738.0
2023-09-13 11:00:00,6917.0,6926.0,6892.0,6907.0,83616.0,651738.0,647500.0
2023-09-13 13:30:00,6907.0,6917.0,6894.0,6897.0,43913.0,647500.0,648077.0
2023-09-13 14:00:00,6897.0,6907.0,6886.0,6889.0,50868.0,648077.0,644639.0
2023-09-13 14:30:00,6889.0,6914.0,6885.0,6903.0,44256.0,644639.0,638343.0
2023-09-13 21:00:00,6909.0,6928.0,6894.0,6912.0,78500.0,638343.0,639256.0
2023-09-13 21:30:00,6912.0,6923.0,6898.0,6907.0,41986.0,639256.0,640825.0
2023-09-13 22:00:00,6907.0,6911.0,6879.0,6891.0,53073.0,640825.0,638479.0
2023-09-13 22:30:00,6891.0,6902.0,6875.0,6895.0,45034.0,638479.0,634527.0
2023-09-14 09:00:00,6896.0,6909.0,6889.0,6901.0,31117.0,634527.0,632634.0
2023-09-14 09:30:00,6901.0,6909.0,6900.0,6906.0,16965.0,632634.0,631393.0
2023-09-14 10:00:00,6906.0,6910.0,6897.0,6907.0,10064.0,631393.0,631116.0
2023-09-14 10:30:00,6906.0,6907.0,6874.0,6880.0,36321.0,631116.0,631939.0
2023-09-14 11:00:00,6880.0,6880.0,6868.0,6878.0,50810.0,631939.0,631545.0
2023-09-14 13:30:00,6879.0,6889.0,6872.0,6876.0,35879.0,631545.0,628513.0
2023-09-14 14:00:00,6876.0,6882.0,6866.0,6877.0,29589.0,628513.0,624951.0
2023-09-14 14:30:00,6877.0,6883.0,6870.0,6872.0,32279.0,624951.0,619784.0
2023-09-14 21:00:00,6888.0,6905.0,6882.0,6897.0,86298.0,619784.0,626157.0
2023-09-14 21:30:00,6897.0,6915.0,6890.0,6904.0,68402.0,626157.0,628045.0
2023-09-14 22:00:00,6904.0,6904.0,6886.0,6901.0,49548.0,628045.0,625606.0
2023-09-14 22:30:00,6901.0,6911.0,6897.0,6904.0,44648.0,625606.0,624663.0
2023-09-15 09:00:00,6904.0,6913.0,6899.0,6901.0,29061.0,624663.0,622938.0
2023-09-15 09:30:00,6901.0,6902.0,6890.0,6891.0,30575.0,622938.0,622545.0
2023-09-15 10:00:00,6891.0,6901.0,6887.0,6900.0,16174.0,622545.0,621903.0
2023-09-15 10:30:00,6900.0,6910.0,6896.0,6904.0,22217.0,621903.0,621675.0
2023-09-15 11:00:00,6904.0,6905.0,6897.0,6905.0,13308.0,621675.0,621097.0
2023-09-15 13:30:00,6904.0,6924.0,6900.0,6920.0,48539.0,621097.0,622247.0
2023-09-15 14:00:00,6920.0,6934.0,6911.0,6919.0,53430.0,622247.0,618968.0
2023-09-15 14:30:00,6919.0,6932.0,6918.0,6928.0,30312.0,618968.0,615985.0
2023-09-15 21:00:00,6951.0,6960.0,6916.0,6919.0,84257.0,615985.0,615308.0
2023-09-15 21:30:00,6919.0,6923.0,6906.0,6912.0,40098.0,615308.0,615964.0
2023-09-15 22:00:00,6912.0,6921.0,6906.0,6907.0,26466.0,615964.0,615469.0
2023-09-15 22:30:00,6907.0,6913.0,6900.0,6901.0,42274.0,615469.0,614519.0
2023-09-18 09:00:00,6886.0,6893.0,6860.0,6870.0,95380.0,614519.0,606584.0
2023-09-18 09:30:00,6870.0,6889.0,6870.0,6887.0,30479.0,606584.0,606497.0
2023-09-18 10:00:00,6887.0,6908.0,6884.0,6898.0,23177.0,606497.0,603620.0
2023-09-18 10:30:00,6899.0,6900.0,6879.0,6882.0,19700.0,603620.0,603351.0
2023-09-18 11:00:00,6882.0,6884.0,6866.0,6874.0,24941.0,603351.0,603052.0
2023-09-18 13:30:00,6875.0,6899.0,6873.0,6891.0,27571.0,603052.0,604724.0
2023-09-18 14:00:00,6891.0,6899.0,6891.0,6894.0,16868.0,604724.0,604990.0
2023-09-18 14:30:00,6894.0,6894.0,6884.0,6886.0,18479.0,604990.0,601884.0
2023-09-18 21:00:00,6901.0,6916.0,6890.0,6898.0,69984.0,601884.0,602912.0
2023-09-18 21:30:00,6898.0,6902.0,6881.0,6885.0,38592.0,602912.0,602742.0
2023-09-18 22:00:00,6885.0,6910.0,6885.0,6907.0,36426.0,602742.0,604283.0
2023-09-18 22:30:00,6907.0,6915.0,6901.0,6906.0,30404.0,604283.0,602669.0
2023-09-19 09:00:00,6906.0,6913.0,6892.0,6898.0,29386.0,602669.0,601995.0
2023-09-19 09:30:00,6898.0,6908.0,6894.0,6899.0,16313.0,601995.0,602047.0
2023-09-19 10:00:00,6899.0,6901.0,6890.0,6891.0,10122.0,602047.0,601328.0
2023-09-19 10:30:00,6891.0,6899.0,6884.0,6890.0,20610.0,601328.0,600986.0
2023-09-19 11:00:00,6890.0,6916.0,6882.0,6883.0,40522.0,600986.0,600840.0
2023-09-19 13:30:00,6883.0,6884.0,6871.0,6879.0,39504.0,600840.0,603104.0
2023-09-19 14:00:00,6879.0,6891.0,6877.0,6889.0,27244.0,603104.0,600936.0
2023-09-19 14:30:00,6889.0,6904.0,6884.0,6896.0,32329.0,600936.0,598502.0
2023-09-19 21:00:00,6896.0,6908.0,6887.0,6906.0,57402.0,598502.0,603844.0
2023-09-19 21:30:00,6906.0,6911.0,6898.0,6907.0,27526.0,603844.0,603857.0
2023-09-19 22:00:00,6907.0,6923.0,6900.0,6914.0,37975.0,603857.0,601330.0
2023-09-19 22:30:00,6914.0,6919.0,6909.0,6918.0,32480.0,601330.0,599911.0
2023-09-20 09:00:00,6916.0,6944.0,6916.0,6934.0,52645.0,599911.0,603830.0
2023-09-20 09:30:00,6934.0,6936.0,6915.0,6925.0,36900.0,603830.0,601597.0
2023-09-20 10:00:00,6925.0,6926.0,6913.0,6923.0,15265.0,601597.0,600177.0
2023-09-20 10:30:00,6923.0,6925.0,6910.0,6917.0,21365.0,600177.0,599242.0
2023-09-20 11:00:00,6917.0,6930.0,6915.0,6928.0,18941.0,599242.0,599321.0
2023-09-20 13:30:00,6928.0,6931.0,6921.0,6927.0,24848.0,599321.0,599695.0
2023-09-20 14:00:00,6927.0,6930.0,6918.0,6921.0,15257.0,599695.0,598710.0
2023-09-20 14:30:00,6921.0,6934.0,6917.0,6928.0,27568.0,598710.0,597995.0
2023-09-20 21:00:00,6910.0,6920.0,6877.0,6910.0,105097.0,597995.0,597597.0
2023-09-20 21:30:00,6910.0,6915.0,6899.0,6915.0,30350.0,597597.0,597151.0
2023-09-20 22:00:00,6915.0,6924.0,6913.0,6914.0,28189.0,597151.0,598507.0
2023-09-20 22:30:00,6914.0,6920.0,6909.0,6915.0,20773.0,598507.0,594345.0
2023-09-21 09:00:00,6903.0,6904.0,6885.0,6891.0,49646.0,594345.0,593510.0
2023-09-21 09:30:00,6891.0,6893.0,6880.0,6886.0,27118.0,593510.0,594630.0
2023-09-21 10:00:00,6886.0,6890.0,6865.0,6872.0,32766.0,594630.0,596099.0
2023-09-21 10:30:00,6870.0,6874.0,6834.0,6836.0,109990.0,596099.0,596646.0
2023-09-21 11:00:00,6836.0,6847.0,6821.0,6832.0,53591.0,596646.0,592148.0
2023-09-21 13:30:00,6831.0,6837.0,6821.0,6823.0,33214.0,592148.0,593020.0
2023-09-21 14:00:00,6823.0,6829.0,6807.0,6812.0,40842.0,593020.0,595055.0
2023-09-21 14:30:00,6812.0,6829.0,6804.0,6821.0,58094.0,595055.0,592670.0
2023-09-21 21:00:00,6820.0,6832.0,6809.0,6824.0,77509.0,592670.0,593090.0
2023-09-21 21:30:00,6824.0,6829.0,6815.0,6816.0,27602.0,593090.0,595223.0
2023-09-21 22:00:00,6816.0,6825.0,6801.0,6823.0,46652.0,595223.0,598743.0
2023-09-21 22:30:00,6823.0,6839.0,6822.0,6834.0,49771.0,598743.0,594600.0
2023-09-22 09:00:00,6832.0,6857.0,6832.0,6855.0,56520.0,594600.0,594361.0
2023-09-22 09:30:00,6855.0,6855.0,6843.0,6852.0,23787.0,594361.0,592623.0
2023-09-22 10:00:00,6852.0,6862.0,6851.0,6861.0,13720.0,592623.0,593416.0
2023-09-22 10:30:00,6862.0,6868.0,6859.0,6864.0,31486.0,593416.0,592011.0
2023-09-22 11:00:00,6864.0,6876.0,6864.0,6870.0,28595.0,592011.0,594330.0
2023-09-22 13:30:00,6871.0,6894.0,6864.0,6894.0,52929.0,594330.0,595601.0
2023-09-22 14:00:00,6894.0,6897.0,6886.0,6895.0,36256.0,595601.0,595413.0
2023-09-22 14:30:00,6895.0,6906.0,6885.0,6888.0,44843.0,595413.0,588565.0
2023-09-22 21:00:00,6914.0,6957.0,6908.0,6933.0,107614.0,588565.0,591004.0
2023-09-22 21:30:00,6933.0,6936.0,6919.0,6935.0,39617.0,591004.0,589388.0
2023-09-22 22:00:00,6935.0,6944.0,6929.0,6937.0,30697.0,589388.0,590074.0
2023-09-22 22:30:00,6937.0,6941.0,6932.0,6940.0,23700.0,590074.0,586880.0
2023-09-25 09:00:00,6941.0,6944.0,6906.0,6911.0,58133.0,586880.0,585505.0
2023-09-25 09:30:00,6911.0,6927.0,6902.0,6905.0,45974.0,585505.0,583185.0
2023-09-25 10:00:00,6905.0,6913.0,6895.0,6908.0,19507.0,583185.0,582233.0
2023-09-25 10:30:00,6907.0,6915.0,6902.0,6911.0,17074.0,582233.0,581325.0
2023-09-25 11:00:00,6911.0,6914.0,6902.0,6906.0,11161.0,581325.0,580161.0
2023-09-25 13:30:00,6906.0,6906.0,6889.0,6894.0,32017.0,580161.0,578409.0
2023-09-25 14:00:00,6894.0,6900.0,6887.0,6893.0,21562.0,578409.0,577961.0
2023-09-25 14:30:00,6893.0,6908.0,6892.0,6901.0,25148.0,577961.0,574591.0
2023-09-25 21:00:00,6887.0,6901.0,6862.0,6893.0,87598.0,574591.0,575882.0
2023-09-25 21:30:00,6893.0,6900.0,6888.0,6892.0,23354.0,575882.0,578027.0
2023-09-25 22:00:00,6892.0,6899.0,6875.0,6876.0,35328.0,578027.0,574045.0
2023-09-25 22:30:00,6876.0,6877.0,6854.0,6868.0,55403.0,574045.0,567996.0
2023-09-26 09:00:00,6867.0,6888.0,6856.0,6887.0,55452.0,567996.0,566984.0
2023-09-26 09:30:00,6887.0,6915.0,6883.0,6898.0,44859.0,566984.0,566442.0
2023-09-26 10:00:00,6898.0,6900.0,6890.0,6891.0,12929.0,566442.0,566302.0
2023-09-26 10:30:00,6891.0,6902.0,6888.0,6897.0,21386.0,566302.0,565619.0
2023-09-26 11:00:00,6897.0,6907.0,6893.0,6901.0,17981.0,565619.0,564258.0
2023-09-26 13:30:00,6901.0,6906.0,6895.0,6901.0,18582.0,564258.0,564922.0
2023-09-26 14:00:00,6901.0,6910.0,6897.0,6902.0,22428.0,564922.0,565396.0
2023-09-26 14:30:00,6902.0,6910.0,6892.0,6909.0,34050.0,565396.0,561789.0
2023-09-26 21:00:00,6891.0,6930.0,6879.0,6914.0,86785.0,561789.0,560648.0
2023-09-26 21:30:00,6914.0,6925.0,6912.0,6919.0,26858.0,560648.0,560598.0
2023-09-26 22:00:00,6919.0,6925.0,6910.0,6925.0,25541.0,560598.0,557659.0
2023-09-26 22:30:00,6925.0,6940.0,6923.0,6931.0,42697.0,557659.0,556227.0
2023-09-27 09:00:00,6910.0,6924.0,6907.0,6923.0,38721.0,556227.0,554862.0
2023-09-27 09:30:00,6923.0,6926.0,6914.0,6924.0,13526.0,554862.0,553690.0
2023-09-27 10:00:00,6924.0,6932.0,6921.0,6930.0,20874.0,553690.0,551793.0
2023-09-27 10:30:00,6929.0,6936.0,6924.0,6935.0,17087.0,551793.0,549478.0
2023-09-27 11:00:00,6935.0,6940.0,6927.0,6936.0,20284.0,549478.0,548310.0
2023-09-27 13:30:00,6935.0,6950.0,6927.0,6934.0,40428.0,548310.0,546465.0
2023-09-27 14:00:00,6934.0,6937.0,6923.0,6926.0,21338.0,546465.0,547224.0
2023-09-27 14:30:00,6926.0,6935.0,6916.0,6930.0,31242.0,547224.0,542869.0
2023-09-27 21:00:00,6935.0,6938.0,6911.0,6914.0,44978.0,542869.0,542641.0
2023-09-27 21:30:00,6914.0,6928.0,6903.0,6925.0,30556.0,542641.0,541294.0
2023-09-27 22:00:00,6925.0,6942.0,6923.0,6939.0,21768.0,541294.0,543610.0
2023-09-27 22:30:00,6939.0,6941.0,6925.0,6928.0,18332.0,543610.0,540730.0
2023-09-28 09:00:00,6936.0,6938.0,6922.0,6932.0,29804.0,540730.0,538455.0
2023-09-28 09:30:00,6932.0,6933.0,6915.0,6916.0,18213.0,538455.0,536061.0
2023-09-28 10:00:00,6916.0,6918.0,6907.0,6908.0,11143.0,536061.0,535696.0
2023-09-28 10:30:00,6908.0,6908.0,6880.0,6892.0,62159.0,535696.0,530909.0
2023-09-28 11:00:00,6892.0,6904.0,6891.0,6902.0,18849.0,530909.0,530817.0
2023-09-28 13:30:00,6900.0,6912.0,6899.0,6909.0,18750.0,530817.0,529504.0
2023-09-28 14:00:00,6909.0,6930.0,6909.0,6925.0,30847.0,529504.0,526958.0
2023-09-28 14:30:00,6925.0,6948.0,6922.0,6947.0,42203.0,526958.0,523025.0
2023-10-09 09:00:00,6955.0,6985.0,6936.0,6978.0,107124.0,523025.0,536900.0
2023-10-09 09:30:00,6978.0,7022.0,6978.0,7016.0,84155.0,536900.0,551112.0
2023-10-09 10:00:00,7016.0,7019.0,6995.0,6999.0,28451.0,551112.0,550183.0
2023-10-09 10:30:00,6999.0,6999.0,6952.0,6952.0,56806.0,550183.0,545983.0
2023-10-09 11:00:00,6952.0,6956.0,6905.0,6911.0,86315.0,545983.0,536621.0
2023-10-09 13:30:00,6911.0,6917.0,6871.0,6881.0,65690.0,536621.0,535371.0
2023-10-09 14:00:00,6881.0,6895.0,6870.0,6883.0,44813.0,535371.0,535843.0
2023-10-09 14:30:00,6883.0,6894.0,6880.0,6886.0,30583.0,535843.0,533461.0
2023-10-09 21:00:00,6893.0,6898.0,6865.0,6882.0,84574.0,533461.0,547289.0
2023-10-09 21:30:00,6882.0,6890.0,6876.0,6878.0,32042.0,547289.0,549672.0
2023-10-09 22:00:00,6878.0,6881.0,6863.0,6875.0,35982.0,549672.0,550651.0
2023-10-09 22:30:00,6875.0,6885.0,6873.0,6874.0,21080.0,550651.0,549233.0
2023-10-10 09:00:00,6892.0,6909.0,6881.0,6887.0,68090.0,549233.0,552018.0
2023-10-10 09:30:00,6887.0,6889.0,6854.0,6862.0,45465.0,552018.0,554954.0
2023-10-10 10:00:00,6862.0,6877.0,6861.0,6871.0,19944.0,554954.0,555530.0
2023-10-10 10:30:00,6872.0,6882.0,6859.0,6861.0,53287.0,555530.0,556391.0
2023-10-10 11:00:00,6861.0,6864.0,6849.0,6857.0,42070.0,556391.0,556963.0
2023-10-10 13:30:00,6856.0,6863.0,6841.0,6841.0,44322.0,556963.0,558643.0
2023-10-10 14:00:00,6841.0,6852.0,6840.0,6846.0,25719.0,558643.0,559030.0
2023-10-10 14:30:00,6846.0,6853.0,6834.0,6838.0,64627.0,559030.0,556925.0
2023-10-10 21:00:00,6835.0,6857.0,6816.0,6829.0,123879.0,556925.0,570190.0
2023-10-10 21:30:00,6829.0,6831.0,6805.0,6811.0,63989.0,570190.0,574455.0
2023-10-10 22:00:00,6811.0,6837.0,6807.0,6829.0,51646.0,574455.0,575742.0
2023-10-10 22:30:00,6829.0,6853.0,6829.0,6847.0,50060.0,575742.0,575722.0
2023-10-11 09:00:00,6851.0,6868.0,6846.0,6857.0,66898.0,575722.0,577351.0
2023-10-11 09:30:00,6857.0,6857.0,6839.0,6844.0,27976.0,577351.0,577428.0
2023-10-11 10:00:00,6844.0,6850.0,6838.0,6847.0,9435.0,577428.0,576410.0
2023-10-11 10:30:00,6847.0,6851.0,6838.0,6844.0,16360.0,576410.0,576566.0
2023-10-11 11:00:00,6844.0,6851.0,6837.0,6849.0,15542.0,576566.0,575850.0
2023-10-11 13:30:00,6848.0,6851.0,6823.0,6825.0,32302.0,575850.0,576871.0
2023-10-11 14:00:00,6825.0,6835.0,6809.0,6809.0,44408.0,576871.0,576738.0
2023-10-11 14:30:00,6809.0,6811.0,6764.0,6777.0,153925.0,576738.0,576566.0
2023-10-11 21:00:00,6775.0,6799.0,6772.0,6795.0,92028.0,576566.0,583920.0
2023-10-11 21:30:00,6795.0,6796.0,6760.0,6765.0,73155.0,583920.0,592891.0
2023-10-11 22:00:00,6765.0,6774.0,6757.0,6770.0,50218.0,592891.0,597088.0
2023-10-11 22:30:00,6770.0,6776.0,6764.0,6766.0,35915.0,597088.0,592283.0
2023-10-12 09:00:00,6747.0,6760.0,6740.0,6753.0,83415.0,592283.0,596427.0
2023-10-12 09:30:00,6753.0,6766.0,6744.0,6757.0,39425.0,596427.0,595614.0
2023-10-12 10:00:00,6757.0,6765.0,6755.0,6758.0,12102.0,595614.0,596046.0
2023-10-12 10:30:00,6758.0,6759.0,6742.0,6753.0,29020.0,596046.0,594865.0
2023-10-12 11:00:00,6753.0,6785.0,6749.0,6780.0,47558.0,594865.0,590633.0
2023-10-12 13:30:00,6782.0,6795.0,6774.0,6776.0,41559.0,590633.0,594035.0
2023-10-12 14:00:00,6776.0,6787.0,6772.0,6781.0,26194.0,594035.0,592089.0
2023-10-12 14:30:00,6781.0,6819.0,6778.0,6816.0,71247.0,592089.0,584305.0
2023-10-12 21:00:00,6820.0,6821.0,6777.0,6785.0,99441.0,584305.0,587149.0
2023-10-12 21:30:00,6785.0,6789.0,6763.0,6765.0,50232.0,587149.0,588864.0
2023-10-12 22:00:00,6765.0,6785.0,6762.0,6774.0,54699.0,588864.0,590316.0
2023-10-12 22:30:00,6774.0,6777.0,6762.0,6765.0,30871.0,590316.0,587445.0
2023-10-13 09:00:00,6758.0,6770.0,6756.0,6762.0,36422.0,587445.0,589471.0
2023-10-13 09:30:00,6762.0,6778.0,6760.0,6771.0,22451.0,589471.0,588728.0
2023-10-13 10:00:00,6771.0,6779.0,6766.0,6772.0,12290.0,588728.0,588642.0
2023-10-13 10:30:00,6772.0,6794.0,6771.0,6787.0,39857.0,588642.0,587291.0
2023-10-13 11:00:00,6787.0,6790.0,6774.0,6776.0,20792.0,587291.0,587585.0
2023-10-13 13:30:00,6776.0,6780.0,6764.0,6772.0,25900.0,587585.0,588978.0
2023-10-13 14:00:00,6772.0,6788.0,6768.0,6787.0,35942.0,588978.0,586866.0
2023-10-13 14:30:00,6787.0,6789.0,6770.0,6784.0,31314.0,586866.0,584148.0
2023-10-13 21:00:00,6817.0,6926.0,6815.0,6826.0,174826.0,584148.0,573851.0
2023-10-13 21:30:00,6826.0,6833.0,6814.0,6831.0,45642.0,573851.0,574230.0
2023-10-13 22:00:00,6831.0,6831.0,6816.0,6821.0,24655.0,574230.0,574007.0
2023-10-13 22:30:00,6821.0,6835.0,6818.0,6831.0,33763.0,574007.0,570392.0
2023-10-16 09:00:00,6845.0,6850.0,6826.0,6836.0,59955.0,570392.0,569534.0
2023-10-16 09:30:00,6836.0,6838.0,6828.0,6829.0,16613.0,569534.0,569640.0
2023-10-16 10:00:00,6829.0,6838.0,6824.0,6834.0,9192.0,569640.0,569739.0
2023-10-16 10:30:00,6834.0,6834.0,6813.0,6818.0,25537.0,569739.0,570782.0
2023-10-16 11:00:00,6818.0,6828.0,6815.0,6826.0,20067.0,570782.0,570654.0
2023-10-16 13:30:00,6826.0,6827.0,6794.0,6804.0,45406.0,570654.0,572557.0
2023-10-16 14:00:00,6804.0,6810.0,6790.0,6791.0,25209.0,572557.0,574606.0
2023-10-16 14:30:00,6791.0,6822.0,6791.0,6818.0,42542.0,574606.0,568543.0
2023-10-16 21:00:00,6816.0,6823.0,6801.0,6816.0,55780.0,568543.0,570801.0
2023-10-16 21:30:00,6816.0,6816.0,6783.0,6803.0,70345.0,570801.0,575595.0
2023-10-16 22:00:00,6803.0,6815.0,6794.0,6811.0,32334.0,575595.0,575520.0
2023-10-16 22:30:00,6811.0,6812.0,6790.0,6794.0,28927.0,575520.0,572761.0
2023-10-17 09:00:00,6795.0,6811.0,6789.0,6806.0,30936.0,572761.0,572810.0
2023-10-17 09:30:00,6806.0,6812.0,6772.0,6783.0,49955.0,572810.0,577000.0
2023-10-17 10:00:00,6783.0,6803.0,6782.0,6787.0,26860.0,577000.0,575922.0
2023-10-17 10:30:00,6786.0,6795.0,6781.0,6782.0,33271.0,575922.0,576015.0
2023-10-17 11:00:00,6782.0,6806.0,6782.0,6799.0,29556.0,576015.0,574091.0
2023-10-17 13:30:00,6798.0,6806.0,6794.0,6803.0,22261.0,574091.0,574834.0
2023-10-17 14:00:00,6803.0,6810.0,6802.0,6804.0,18484.0,574834.0,573551.0
2023-10-17 14:30:00,6804.0,6809.0,6790.0,6790.0,26184.0,573551.0,569210.0
2023-10-17 21:00:00,6820.0,6839.0,6804.0,6817.0,84953.0,569210.0,573147.0
2023-10-17 21:30:00,6817.0,6830.0,6816.0,6820.0,37117.0,573147.0,574977.0
2023-10-17 22:00:00,6820.0,6838.0,6818.0,6836.0,31552.0,574977.0,576267.0
2023-10-17 22:30:00,6836.0,6837.0,6823.0,6824.0,26790.0,576267.0,572971.0
2023-10-18 09:00:00,6834.0,6838.0,6821.0,6822.0,32684.0,572971.0,574360.0
2023-10-18 09:30:00,6822.0,6824.0,6812.0,6819.0,21133.0,574360.0,572463.0
2023-10-18 10:00:00,6819.0,6830.0,6816.0,6825.0,11428.0,572463.0,572443.0
2023-10-18 10:30:00,6825.0,6827.0,6813.0,6818.0,16903.0,572443.0,571754.0
2023-10-18 11:00:00,6818.0,6825.0,6811.0,6816.0,16317.0,571754.0,571473.0
2023-10-18 13:30:00,6816.0,6817.0,6801.0,6813.0,34036.0,571473.0,574210.0
2023-10-18 14:00:00,6813.0,6821.0,6811.0,6816.0,18133.0,574210.0,573742.0
2023-10-18 14:30:00,6816.0,6820.0,6805.0,6816.0,26670.0,573742.0,570651.0
2023-10-18 21:00:00,6821.0,6825.0,6770.0,6774.0,100605.0,570651.0,585049.0
2023-10-18 21:30:00,6774.0,6777.0,6760.0,6765.0,72272.0,585049.0,586237.0
2023-10-18 22:00:00,6765.0,6782.0,6765.0,6775.0,46013.0,586237.0,586056.0
2023-10-18 22:30:00,6775.0,6783.0,6773.0,6778.0,34919.0,586056.0,583750.0
2023-10-19 09:00:00,6778.0,6834.0,6774.0,6830.0,99844.0,583750.0,578572.0
2023-10-19 09:30:00,6830.0,6862.0,6830.0,6852.0,115795.0,578572.0,581990.0
2023-10-19 10:00:00,6852.0,6885.0,6846.0,6874.0,61513.0,581990.0,579701.0
2023-10-19 10:30:00,6872.0,6894.0,6872.0,6889.0,73675.0,579701.0,585177.0
2023-10-19 11:00:00,6889.0,6892.0,6879.0,6889.0,41508.0,585177.0,586254.0
2023-10-19 13:30:00,6889.0,6892.0,6866.0,6872.0,46230.0,586254.0,585431.0
2023-10-19 14:00:00,6872.0,6879.0,6867.0,6874.0,24531.0,585431.0,582870.0
2023-10-19 14:30:00,6874.0,6880.0,6867.0,6878.0,31439.0,582870.0,578081.0
2023-10-19 21:00:00,6854.0,6877.0,6852.0,6865.0,76114.0,578081.0,583824.0
2023-10-19 21:30:00,6865.0,6869.0,6861.0,6865.0,28921.0,583824.0,583526.0
2023-10-19 22:00:00,6865.0,6873.0,6856.0,6857.0,36461.0,583526.0,580879.0
2023-10-19 22:30:00,6857.0,6868.0,6854.0,6866.0,29552.0,580879.0,577717.0
2023-10-20 09:00:00,6875.0,6887.0,6864.0,6867.0,51476.0,577717.0,576584.0
2023-10-20 09:30:00,6867.0,6869.0,6835.0,6841.0,59736.0,576584.0,571336.0
2023-10-20 10:00:00,6841.0,6846.0,6834.0,6838.0,18434.0,571336.0,570350.0
2023-10-20 10:30:00,6838.0,6848.0,6827.0,6842.0,34941.0,570350.0,568680.0
2023-10-20 11:00:00,6842.0,6842.0,6827.0,6839.0,26004.0,568680.0,566319.0
2023-10-20 13:30:00,6839.0,6844.0,6831.0,6840.0,23505.0,566319.0,565771.0
2023-10-20 14:00:00,6840.0,6844.0,6832.0,6833.0,19669.0,565771.0,564478.0
2023-10-20 14:30:00,6833.0,6841.0,6819.0,6825.0,48517.0,564478.0,560622.0
2023-10-20 21:00:00,6812.0,6822.0,6792.0,6813.0,102291.0,560622.0,569367.0
2023-10-20 21:30:00,6813.0,6825.0,6807.0,6816.0,39256.0,569367.0,570266.0
2023-10-20 22:00:00,6816.0,6839.0,6815.0,6817.0,56200.0,570266.0,566697.0
2023-10-20 22:30:00,6817.0,6825.0,6814.0,6822.0,21586.0,566697.0,563547.0
2023-10-23 09:00:00,6815.0,6817.0,6774.0,6793.0,100115.0,563547.0,568119.0
2023-10-23 09:30:00,6793.0,6802.0,6778.0,6783.0,36228.0,568119.0,571883.0
2023-10-23 10:00:00,6783.0,6795.0,6783.0,6793.0,14529.0,571883.0,572258.0
2023-10-23 10:30:00,6793.0,6793.0,6781.0,6781.0,18707.0,572258.0,572792.0
2023-10-23 11:00:00,6781.0,6785.0,6770.0,6777.0,24937.0,572792.0,573838.0
2023-10-23 13:30:00,6777.0,6781.0,6750.0,6758.0,61498.0,573838.0,578669.0
2023-10-23 14:00:00,6758.0,6774.0,6757.0,6763.0,46950.0,578669.0,576426.0
2023-10-23 14:30:00,6763.0,6763.0,6717.0,6720.0,126598.0,576426.0,584002.0
2023-10-23 21:00:00,6741.0,6752.0,6732.0,6741.0,97578.0,584002.0,593090.0
2023-10-23 21:30:00,6741.0,6746.0,6724.0,6732.0,52618.0,593090.0,597374.0
2023-10-23 22:00:00,6732.0,6743.0,6731.0,6737.0,31424.0,597374.0,598778.0
2023-10-23 22:30:00,6737.0,6763.0,6736.0,6753.0,49153.0,598778.0,594639.0
2023-10-24 09:00:00,6762.0,6774.0,6751.0,6764.0,63926.0,594639.0,596008.0
2023-10-24 09:30:00,6764.0,6769.0,6755.0,6758.0,26986.0,596008.0,597179.0
2023-10-24 10:00:00,6758.0,6763.0,6747.0,6752.0,16896.0,597179.0,596176.0
2023-10-24 10:30:00,6752.0,6762.0,6746.0,6749.0,22935.0,596176.0,595197.0
2023-10-24 11:00:00,6749.0,6757.0,6744.0,6754.0,18007.0,595197.0,594770.0
2023-10-24 13:30:00,6753.0,6754.0,6740.0,6751.0,27327.0,594770.0,594438.0
2023-10-24 14:00:00,6751.0,6763.0,6750.0,6761.0,20621.0,594438.0,594211.0
2023-10-24 14:30:00,6761.0,6786.0,6758.0,6778.0,59962.0,594211.0,587482.0
2023-10-24 21:00:00,6781.0,6794.0,6767.0,6780.0,84385.0,587482.0,595303.0
2023-10-24 21:30:00,6780.0,6789.0,6769.0,6786.0,43115.0,595303.0,597915.0
2023-10-24 22:00:00,6786.0,6824.0,6786.0,6822.0,118179.0,597915.0,589507.0
2023-10-24 22:30:00,6822.0,6830.0,6817.0,6827.0,50266.0,589507.0,585824.0
2023-10-25 09:00:00,6830.0,6846.0,6826.0,6831.0,68542.0,585824.0,589069.0
2023-10-25 09:30:00,6831.0,6834.0,6821.0,6829.0,25348.0,589069.0,589985.0
2023-10-25 10:00:00,6829.0,6829.0,6817.0,6817.0,13468.0,589985.0,589445.0
2023-10-25 10:30:00,6816.0,6823.0,6811.0,6817.0,28768.0,589445.0,588968.0
2023-10-25 11:00:00,6817.0,6822.0,6813.0,6815.0,16948.0,588968.0,588443.0
2023-10-25 13:30:00,6815.0,6815.0,6805.0,6809.0,21230.0,588443.0,588472.0
2023-10-25 14:00:00,6809.0,6819.0,6808.0,6816.0,19233.0,588472.0,585184.0
2023-10-25 14:30:00,6816.0,6821.0,6812.0,6819.0,23348.0,585184.0,584186.0
2023-10-25 21:00:00,6828.0,6840.0,6804.0,6810.0,67963.0,584186.0,587985.0
2023-10-25 21:30:00,6810.0,6812.0,6792.0,6796.0,50285.0,587985.0,591332.0
2023-10-25 22:00:00,6796.0,6801.0,6786.0,6788.0,34246.0,591332.0,589032.0
2023-10-25 22:30:00,6788.0,6804.0,6785.0,6790.0,32863.0,589032.0,584299.0
2023-10-26 09:00:00,6800.0,6818.0,6794.0,6808.0,47453.0,584299.0,583335.0
2023-10-26 09:30:00,6808.0,6814.0,6795.0,6801.0,21211.0,583335.0,584000.0
2023-10-26 10:00:00,6801.0,6804.0,6793.0,6801.0,13698.0,584000.0,586533.0
2023-10-26 10:30:00,6801.0,6801.0,6791.0,6795.0,18485.0,586533.0,586093.0
2023-10-26 11:00:00,6795.0,6796.0,6781.0,6793.0,29865.0,586093.0,586054.0
2023-10-26 13:30:00,6793.0,6802.0,6790.0,6798.0,21867.0,586054.0,584381.0
2023-10-26 14:00:00,6798.0,6821.0,6795.0,6813.0,30350.0,584381.0,583198.0
2023-10-26 14:30:00,6813.0,6821.0,6811.0,6813.0,34615.0,583198.0,580635.0
2023-10-26 21:00:00,6791.0,6797.0,6771.0,6792.0,103731.0,580635.0,585431.0
2023-10-26 21:30:00,6792.0,6798.0,6779.0,6795.0,43070.0,585431.0,587174.0
2023-10-26 22:00:00,6795.0,6796.0,6782.0,6790.0,27408.0,587174.0,586730.0
2023-10-26 22:30:00,6790.0,6806.0,6789.0,6793.0,34838.0,586730.0,584806.0
2023-10-27 09:00:00,6778.0,6781.0,6753.0,6758.0,91855.0,584806.0,582140.0
2023-10-27 09:30:00,6758.0,6772.0,6749.0,6761.0,45902.0,582140.0,582202.0
2023-10-27 10:00:00,6761.0,6767.0,6760.0,6765.0,7094.0,582202.0,582257.0
2023-10-27 10:30:00,6765.0,6771.0,6759.0,6767.0,17206.0,582257.0,582048.0
2023-10-27 11:00:00,6767.0,6770.0,6754.0,6757.0,20411.0,582048.0,582065.0
2023-10-27 13:30:00,6759.0,6784.0,6759.0,6778.0,46793.0,582065.0,578926.0
2023-10-27 14:00:00,6778.0,6789.0,6774.0,6789.0,29939.0,578926.0,578908.0
2023-10-27 14:30:00,6789.0,6803.0,6781.0,6785.0,42727.0,578908.0,572416.0
2023-10-27 21:00:00,6792.0,6800.0,6778.0,6795.0,52505.0,572416.0,575518.0
2023-10-27 21:30:00,6795.0,6799.0,6780.0,6788.0,28998.0,575518.0,574256.0
2023-10-27 22:00:00,6788.0,6795.0,6781.0,6785.0,26437.0,574256.0,573919.0
2023-10-27 22:30:00,6785.0,6791.0,6774.0,6783.0,33748.0,573919.0,570331.0
2023-10-30 09:00:00,6788.0,6820.0,6785.0,6799.0,76419.0,570331.0,567787.0
2023-10-30 09:30:00,6799.0,6829.0,6799.0,6823.0,48371.0,567787.0,570832.0
2023-10-30 10:00:00,6823.0,6828.0,6814.0,6821.0,16469.0,570832.0,570758.0
2023-10-30 10:30:00,6821.0,6825.0,6813.0,6825.0,20258.0,570758.0,571926.0
2023-10-30 11:00:00,6825.0,6828.0,6817.0,6827.0,19805.0,571926.0,572615.0
2023-10-30 13:30:00,6827.0,6862.0,6825.0,6848.0,87296.0,572615.0,573147.0
2023-10-30 14:00:00,6848.0,6855.0,6845.0,6853.0,24001.0,573147.0,574554.0
2023-10-30 14:30:00,6853.0,6862.0,6849.0,6861.0,39339.0,574554.0,572368.0
2023-10-30 21:00:00,6846.0,6856.0,6833.0,6835.0,68948.0,572368.0,576523.0
2023-10-30 21:30:00,6835.0,6842.0,6833.0,6836.0,23749.0,576523.0,575098.0
2023-10-30 22:00:00,6836.0,6836.0,6825.0,6828.0,24140.0,575098.0,574184.0
2023-10-30 22:30:00,6828.0,6830.0,6801.0,6807.0,46732.0,574184.0,566134.0
2023-10-31 09:00:00,6800.0,6800.0,6781.0,6791.0,65559.0,566134.0,564481.0
2023-10-31 09:30:00,6791.0,6803.0,6787.0,6792.0,33029.0,564481.0,564788.0
2023-10-31 10:00:00,6792.0,6800.0,6791.0,6793.0,8850.0,564788.0,564355.0
2023-10-31 10:30:00,6793.0,6795.0,6774.0,6778.0,35539.0,564355.0,564786.0
2023-10-31 11:00:00,6778.0,6784.0,6772.0,6780.0,28188.0,564786.0,564363.0
2023-10-31 13:30:00,6780.0,6792.0,6777.0,6790.0,23799.0,564363.0,562331.0
2023-10-31 14:00:00,6790.0,6794.0,6786.0,6789.0,21123.0,562331.0,561896.0
2023-10-31 14:30:00,6789.0,6802.0,6787.0,6788.0,30926.0,561896.0,559350.0
2023-10-31 21:00:00,6790.0,6799.0,6777.0,6787.0,64427.0,559350.0,568743.0
2023-10-31 21:30:00,6787.0,6796.0,6774.0,6789.0,41357.0,568743.0,566891.0
2023-10-31 22:00:00,6789.0,6814.0,6785.0,6805.0,43869.0,566891.0,561764.0
2023-10-31 22:30:00,6805.0,6810.0,6798.0,6808.0,23342.0,561764.0,559630.0
2023-11-01 09:00:00,6814.0,6836.0,6805.0,6830.0,58422.0,559630.0,561423.0
2023-11-01 09:30:00,6830.0,6832.0,6811.0,6814.0,31490.0,561423.0,560202.0
2023-11-01 10:00:00,6814.0,6815.0,6807.0,6813.0,14165.0,560202.0,559606.0
2023-11-01 10:30:00,6813.0,6819.0,6802.0,6807.0,22697.0,559606.0,559628.0
2023-11-01 11:00:00,6807.0,6819.0,6806.0,6808.0,18485.0,559628.0,558772.0
2023-11-01 13:30:00,6808.0,6810.0,6792.0,6797.0,36539.0,558772.0,559816.0
2023-11-01 14:00:00,6797.0,6803.0,6786.0,6789.0,30579.0,559816.0,558831.0
2023-11-01 14:30:00,6789.0,6798.0,6785.0,6788.0,31591.0,558831.0,556172.0
2023-11-01 21:00:00,6816.0,6825.0,6805.0,6813.0,76176.0,556172.0,561267.0
2023-11-01 21:30:00,6813.0,6827.0,6807.0,6822.0,46240.0,561267.0,563337.0
2023-11-01 22:00:00,6822.0,6830.0,6814.0,6828.0,31431.0,563337.0,565036.0
2023-11-01 22:30:00,6828.0,6832.0,6823.0,6825.0,29075.0,565036.0,565648.0
2023-11-02 09:00:00,6822.0,6835.0,6819.0,6833.0,36757.0,565648.0,567184.0
2023-11-02 09:30:00,6833.0,6850.0,6832.0,6839.0,49778.0,567184.0,572779.0
2023-11-02 10:00:00,6839.0,6841.0,6827.0,6832.0,17741.0,572779.0,569435.0
2023-11-02 10:30:00,6832.0,6844.0,6831.0,6843.0,18448.0,569435.0,571795.0
2023-11-02 11:00:00,6843.0,6858.0,6841.0,6844.0,50993.0,571795.0,575509.0
2023-11-02 13:30:00,6844.0,6849.0,6840.0,6845.0,19623.0,575509.0,575672.0
2023-11-02 14:00:00,6845.0,6850.0,6837.0,6843.0,23474.0,575672.0,576702.0
2023-11-02 14:30:00,6843.0,6848.0,6836.0,6843.0,26337.0,576702.0,572117.0
2023-11-02 21:00:00,6839.0,6847.0,6829.0,6841.0,46667.0,572117.0,575977.0
2023-11-02 21:30:00,6841.0,6849.0,6834.0,6842.0,35033.0,575977.0,573768.0
2023-11-02 22:00:00,6842.0,6845.0,6835.0,6843.0,19766.0,573768.0,573786.0
2023-11-02 22:30:00,6843.0,6845.0,6834.0,6843.0,19888.0,573786.0,571561.0
2023-11-03 09:00:00,6860.0,6877.0,6856.0,6869.0,76282.0,571561.0,575187.0
2023-11-03 09:30:00,6869.0,6893.0,6867.0,6889.0,60849.0,575187.0,581100.0
2023-11-03 10:00:00,6889.0,6892.0,6885.0,6886.0,12352.0,581100.0,580651.0
2023-11-03 10:30:00,6886.0,6897.0,6885.0,6895.0,27411.0,580651.0,581543.0
2023-11-03 11:00:00,6895.0,6897.0,6884.0,6885.0,23240.0,581543.0,582665.0
2023-11-03 13:30:00,6886.0,6888.0,6877.0,6887.0,27700.0,582665.0,581901.0
2023-11-03 14:00:00,6887.0,6898.0,6885.0,6890.0,23863.0,581901.0,583300.0
2023-11-03 14:30:00,6890.0,6908.0,6889.0,6900.0,46375.0,583300.0,579572.0
2023-11-03 21:00:00,6899.0,6901.0,6885.0,6889.0,53468.0,579572.0,581856.0
2023-11-03 21:30:00,6889.0,6904.0,6889.0,6904.0,32674.0,581856.0,582992.0
2023-11-03 22:00:00,6904.0,6914.0,6896.0,6899.0,36661.0,582992.0,581032.0
2023-11-03 22:30:00,6899.0,6910.0,6896.0,6907.0,20445.0,581032.0,577829.0
2023-11-06 09:00:00,6910.0,6918.0,6883.0,6894.0,52987.0,577829.0,575705.0
2023-11-06 09:30:00,6894.0,6897.0,6882.0,6896.0,21971.0,575705.0,576820.0
2023-11-06 10:00:00,6896.0,6913.0,6894.0,6911.0,17370.0,576820.0,578394.0
2023-11-06 10:30:00,6911.0,6915.0,6901.0,6906.0,16859.0,578394.0,580369.0
2023-11-06 11:00:00,6906.0,6914.0,6904.0,6907.0,13901.0,580369.0,581025.0
2023-11-06 13:30:00,6906.0,6914.0,6901.0,6911.0,19758.0,581025.0,584047.0
2023-11-06 14:00:00,6911.0,6923.0,6908.0,6916.0,32974.0,584047.0,586758.0
2023-11-06 14:30:00,6916.0,6925.0,6911.0,6923.0,32609.0,586758.0,586475.0
2023-11-06 21:00:00,6932.0,6939.0,6918.0,6930.0,62605.0,586475.0,591696.0
2023-11-06 21:30:00,6930.0,6948.0,6929.0,6944.0,40488.0,591696.0,592812.0
2023-11-06 22:00:00,6944.0,6945.0,6934.0,6936.0,24686.0,592812.0,590238.0
2023-11-06 22:30:00,6936.0,6943.0,6932.0,6938.0,18409.0,590238.0,587862.0
2023-11-07 09:00:00,6936.0,6957.0,6933.0,6949.0,43940.0,587862.0,593170.0
2023-11-07 09:30:00,6949.0,6965.0,6948.0,6959.0,30230.0,593170.0,593524.0
2023-11-07 10:00:00,6959.0,6966.0,6955.0,6963.0,12274.0,593524.0,595475.0
2023-11-07 10:30:00,6963.0,6976.0,6960.0,6963.0,34591.0,595475.0,596344.0
2023-11-07 11:00:00,6963.0,6972.0,6961.0,6961.0,19978.0,596344.0,596077.0
2023-11-07 13:30:00,6961.0,6965.0,6955.0,6959.0,24698.0,596077.0,597366.0
2023-11-07 14:00:00,6959.0,6971.0,6955.0,6969.0,23106.0,597366.0,600335.0
2023-11-07 14:30:00,6969.0,6971.0,6943.0,6949.0,47330.0,600335.0,595144.0
2023-11-07 21:00:00,6950.0,6950.0,6924.0,6930.0,66818.0,595144.0,595638.0
2023-11-07 21:30:00,6930.0,6946.0,6927.0,6944.0,23866.0,595638.0,596512.0
2023-11-07 22:00:00,6944.0,6945.0,6932.0,6942.0,18334.0,596512.0,595626.0
2023-11-07 22:30:00,6942.0,6945.0,6933.0,6939.0,15722.0,595626.0,593594.0
2023-11-08 09:00:00,6927.0,6927.0,6904.0,6911.0,47971.0,593594.0,589090.0
2023-11-08 09:30:00,6911.0,6919.0,6894.0,6917.0,40733.0,589090.0,587377.0
2023-11-08 10:00:00,6917.0,6922.0,6913.0,6922.0,10731.0,587377.0,588130.0
2023-11-08 10:30:00,6922.0,6928.0,6918.0,6925.0,17327.0,588130.0,589495.0
2023-11-08 11:00:00,6925.0,6933.0,6923.0,6927.0,16024.0,589495.0,590514.0
2023-11-08 13:30:00,6926.0,6941.0,6919.0,6937.0,23638.0,590514.0,592160.0
2023-11-08 14:00:00,6937.0,6941.0,6932.0,6940.0,14773.0,592160.0,592007.0
2023-11-08 14:30:00,6940.0,6945.0,6938.0,6940.0,21127.0,592007.0,590297.0
2023-11-08 21:00:00,6928.0,6949.0,6924.0,6941.0,51738.0,590297.0,595744.0
2023-11-08 21:30:00,6941.0,6961.0,6938.0,6953.0,35943.0,595744.0,598447.0
2023-11-08 22:00:00,6953.0,6954.0,6942.0,6945.0,17045.0,598447.0,597090.0
2023-11-08 22:30:00,6945.0,6953.0,6934.0,6950.0,26296.0,597090.0,596050.0
2023-11-09 09:00:00,6939.0,6944.0,6931.0,6942.0,26240.0,596050.0,594864.0
2023-11-09 09:30:00,6942.0,6953.0,6942.0,6947.0,16538.0,594864.0,597567.0
2023-11-09 10:00:00,6947.0,6954.0,6945.0,6947.0,7758.0,597567.0,597722.0
2023-11-09 10:30:00,6946.0,6946.0,6933.0,6939.0,24894.0,597722.0,596707.0
2023-11-09 11:00:00,6939.0,6945.0,6934.0,6940.0,14901.0,596707.0,597008.0
2023-11-09 13:30:00,6938.0,6944.0,6928.0,6933.0,29375.0,597008.0,597900.0
2023-11-09 14:00:00,6933.0,6947.0,6931.0,6946.0,21303.0,597900.0,597310.0
2023-11-09 14:30:00,6946.0,6952.0,6942.0,6948.0,23348.0,597310.0,597119.0
2023-11-09 21:00:00,6958.0,6989.0,6956.0,6981.0,80507.0,597119.0,604601.0
2023-11-09 21:30:00,6981.0,7011.0,6981.0,7010.0,77207.0,604601.0,616964.0
2023-11-09 22:00:00,7010.0,7027.0,6997.0,6999.0,77595.0,616964.0,613242.0
2023-11-09 22:30:00,6999.0,7004.0,6991.0,6995.0,32913.0,613242.0,608503.0
2023-11-10 09:00:00,6991.0,6997.0,6980.0,6991.0,36757.0,608503.0,605790.0
2023-11-10 09:30:00,6991.0,7004.0,6988.0,7002.0,20005.0,605790.0,608663.0
2023-11-10 10:00:00,7002.0,7013.0,7000.0,7002.0,18473.0,608663.0,610641.0
2023-11-10 10:30:00,7003.0,7003.0,6992.0,6992.0,18362.0,610641.0,610158.0
2023-11-10 11:00:00,6992.0,7006.0,6990.0,7005.0,17149.0,610158.0,611662.0
2023-11-10 13:30:00,7004.0,7016.0,7000.0,7011.0,26141.0,611662.0,615812.0
2023-11-10 14:00:00,7011.0,7012.0,6999.0,7005.0,18014.0,615812.0,613782.0
2023-11-10 14:30:00,7005.0,7007.0,6998.0,7003.0,19324.0,613782.0,610650.0
2023-11-10 21:00:00,6997.0,6997.0,6981.0,6982.0,37805.0,610650.0,609506.0
2023-11-10 21:30:00,6982.0,6999.0,6980.0,6995.0,18514.0,609506.0,610293.0
2023-11-10 22:00:00,6995.0,7005.0,6982.0,6989.0,26533.0,610293.0,609958.0
2023-11-10 22:30:00,6989.0,6995.0,6983.0,6988.0,19590.0,609958.0,607722.0
2023-11-13 09:00:00,6987.0,6987.0,6921.0,6930.0,90619.0,607722.0,594354.0
2023-11-13 09:30:00,6930.0,6941.0,6923.0,6930.0,30782.0,594354.0,591007.0
2023-11-13 10:00:00,6930.0,6932.0,6915.0,6923.0,19491.0,591007.0,586411.0
2023-11-13 10:30:00,6923.0,6926.0,6906.0,6912.0,29631.0,586411.0,581477.0
2023-11-13 11:00:00,6912.0,6920.0,6906.0,6918.0,19774.0,581477.0,579725.0
2023-11-13 13:30:00,6918.0,6929.0,6918.0,6921.0,19063.0,579725.0,577994.0
2023-11-13 14:00:00,6921.0,6923.0,6908.0,6911.0,18426.0,577994.0,575628.0
2023-11-13 14:30:00,6911.0,6922.0,6910.0,6919.0,21390.0,575628.0,573118.0
2023-11-13 21:00:00,6917.0,6929.0,6904.0,6914.0,47301.0,573118.0,576668.0
2023-11-13 21:30:00,6914.0,6916.0,6901.0,6909.0,37444.0,576668.0,576562.0
2023-11-13 22:00:00,6909.0,6919.0,6897.0,6902.0,25732.0,576562.0,576048.0
2023-11-13 22:30:00,6902.0,6910.0,6900.0,6906.0,13862.0,576048.0,574570.0
2023-11-14 09:00:00,6929.0,6953.0,6929.0,6942.0,59075.0,574570.0,573776.0
2023-11-14 09:30:00,6942.0,6945.0,6934.0,6941.0,19938.0,573776.0,573097.0
2023-11-14 10:00:00,6941.0,6941.0,6931.0,6934.0,8880.0,573097.0,573013.0
2023-11-14 10:30:00,6934.0,6935.0,6926.0,6931.0,18384.0,573013.0,571802.0
2023-11-14 11:00:00,6931.0,6931.0,6919.0,6922.0,15688.0,571802.0,569895.0
2023-11-14 13:30:00,6922.0,6924.0,6914.0,6918.0,19882.0,569895.0,568126.0
2023-11-14 14:00:00,6918.0,6926.0,6916.0,6919.0,11629.0,568126.0,567703.0
2023-11-14 14:30:00,6919.0,6929.0,6917.0,6927.0,15642.0,567703.0,564655.0
2023-11-14 21:00:00,6918.0,6923.0,6895.0,6914.0,69655.0,564655.0,565762.0
2023-11-14 21:30:00,6914.0,6935.0,6911.0,6926.0,36261.0,565762.0,563449.0
2023-11-14 22:00:00,6926.0,6933.0,6912.0,6912.0,29076.0,563449.0,562806.0
2023-11-14 22:30:00,6912.0,6927.0,6911.0,6926.0,22260.0,562806.0,560659.0
2023-11-15 09:00:00,6910.0,6915.0,6904.0,6906.0,26867.0,560659.0,559818.0
2023-11-15 09:30:00,6906.0,6916.0,6885.0,6890.0,41232.0,559818.0,559135.0
2023-11-15 10:00:00,6890.0,6897.0,6878.0,6879.0,41252.0,559135.0,557607.0
2023-11-15 10:30:00,6878.0,6885.0,6871.0,6883.0,40360.0,557607.0,550924.0
2023-11-15 11:00:00,6883.0,6905.0,6883.0,6894.0,30752.0,550924.0,548398.0
2023-11-15 13:30:00,6894.0,6913.0,6893.0,6908.0,30295.0,548398.0,549180.0
2023-11-15 14:00:00,6908.0,6917.0,6902.0,6913.0,19119.0,549180.0,549188.0
2023-11-15 14:30:00,6913.0,6931.0,6912.0,6930.0,31505.0,549188.0,548715.0
2023-11-15 21:00:00,6930.0,6942.0,6920.0,6927.0,49709.0,548715.0,556702.0
2023-11-15 21:30:00,6927.0,6931.0,6914.0,6923.0,26213.0,556702.0,558385.0
2023-11-15 22:00:00,6923.0,6926.0,6912.0,6920.0,20438.0,558385.0,558650.0
2023-11-15 22:30:00,6920.0,6924.0,6911.0,6921.0,20487.0,558650.0,556351.0
2023-11-16 09:00:00,6921.0,6922.0,6904.0,6907.0,24111.0,556351.0,557354.0
2023-11-16 09:30:00,6907.0,6915.0,6904.0,6912.0,14823.0,557354.0,555806.0
2023-11-16 10:00:00,6912.0,6912.0,6899.0,6903.0,14689.0,555806.0,554910.0
2023-11-16 10:30:00,6902.0,6904.0,6891.0,6899.0,25357.0,554910.0,551822.0
2023-11-16 11:00:00,6899.0,6900.0,6885.0,6887.0,28479.0,551822.0,548867.0
2023-11-16 13:30:00,6887.0,6903.0,6884.0,6896.0,23727.0,548867.0,546262.0
2023-11-16 14:00:00,6896.0,6903.0,6894.0,6903.0,13467.0,546262.0,545407.0
2023-11-16 14:30:00,6903.0,6906.0,6898.0,6899.0,21083.0,545407.0,541890.0
2023-11-16 21:00:00,6896.0,6916.0,6886.0,6908.0,61941.0,541890.0,543558.0
2023-11-16 21:30:00,6908.0,6921.0,6906.0,6915.0,30796.0,543558.0,543065.0
2023-11-16 22:00:00,6915.0,6916.0,6900.0,6905.0,21745.0,543065.0,541104.0
2023-11-16 22:30:00,6905.0,6918.0,6897.0,6906.0,29575.0,541104.0,539063.0
2023-11-17 09:00:00,6907.0,6907.0,6872.0,6882.0,55464.0,539063.0,534020.0
2023-11-17 09:30:00,6882.0,6888.0,6875.0,6882.0,24301.0,534020.0,532571.0
2023-11-17 10:00:00,6882.0,6892.0,6881.0,6888.0,12755.0,532571.0,531618.0
2023-11-17 10:30:00,6888.0,6890.0,6878.0,6888.0,15532.0,531618.0,530317.0
2023-11-17 11:00:00,6888.0,6894.0,6886.0,6888.0,16358.0,530317.0,527249.0
2023-11-17 13:30:00,6890.0,6891.0,6879.0,6883.0,18689.0,527249.0,525781.0
2023-11-17 14:00:00,6883.0,6884.0,6848.0,6858.0,78180.0,525781.0,516007.0
2023-11-17 14:30:00,6858.0,6862.0,6846.0,6851.0,42578.0,516007.0,510281.0
2023-11-17 21:00:00,6847.0,6858.0,6835.0,6856.0,65729.0,510281.0,509556.0
2023-11-17 21:30:00,6856.0,6859.0,6849.0,6849.0,22295.0,509556.0,509353.0
2023-11-17 22:00:00,6849.0,6853.0,6845.0,6847.0,17749.0,509353.0,508477.0
2023-11-17 22:30:00,6847.0,6851.0,6835.0,6844.0,24902.0,508477.0,504754.0
2023-11-20 09:00:00,6845.0,6866.0,6835.0,6863.0,42500.0,504754.0,502898.0
2023-11-20 09:30:00,6863.0,6867.0,6841.0,6842.0,25542.0,502898.0,502240.0
2023-11-20 10:00:00,6842.0,6855.0,6842.0,6855.0,7785.0,502240.0,501569.0
2023-11-20 10:30:00,6855.0,6864.0,6853.0,6860.0,17708.0,501569.0,500822.0
2023-11-20 11:00:00,6860.0,6878.0,6854.0,6873.0,26250.0,500822.0,498741.0
2023-11-20 13:30:00,6872.0,6881.0,6865.0,6872.0,25174.0,498741.0,498050.0
2023-11-20 14:00:00,6872.0,6875.0,6864.0,6874.0,14829.0,498050.0,497449.0
2023-11-20 14:30:00,6874.0,6875.0,6854.0,6855.0,20502.0,497449.0,495866.0
2023-11-20 21:00:00,6853.0,6868.0,6845.0,6857.0,41069.0,495866.0,496071.0
2023-11-20 21:30:00,6857.0,6864.0,6853.0,6859.0,20220.0,496071.0,496024.0
2023-11-20 22:00:00,6859.0,6863.0,6852.0,6857.0,16723.0,496024.0,495605.0
2023-11-20 22:30:00,6857.0,6867.0,6848.0,6863.0,27517.0,495605.0,494244.0
2023-11-21 09:00:00,6875.0,6918.0,6875.0,6899.0,79957.0,494244.0,495958.0
2023-11-21 09:30:00,6899.0,6900.0,6882.0,6892.0,25200.0,495958.0,493200.0
2023-11-21 10:00:00,6892.0,6893.0,6884.0,6890.0,12332.0,493200.0,493108.0
2023-11-21 10:30:00,6889.0,6892.0,6874.0,6875.0,21035.0,493108.0,491486.0
2023-11-21 11:00:00,6875.0,6882.0,6864.0,6871.0,24230.0,491486.0,489683.0
2023-11-21 13:30:00,6870.0,6870.0,6853.0,6853.0,28512.0,489683.0,487870.0
2023-11-21 14:00:00,6853.0,6864.0,6850.0,6855.0,24735.0,487870.0,486456.0
2023-11-21 14:30:00,6855.0,6859.0,6841.0,6843.0,34666.0,486456.0,483893.0
2023-11-21 21:00:00,6830.0,6851.0,6822.0,6842.0,67172.0,483893.0,481791.0
2023-11-21 21:30:00,6842.0,6849.0,6835.0,6846.0,23012.0,481791.0,481637.0
2023-11-21 22:00:00,6846.0,6857.0,6842.0,6854.0,22637.0,481637.0,480317.0
2023-11-21 22:30:00,6854.0,6859.0,6850.0,6858.0,18377.0,480317.0,478424.0
2023-11-22 09:00:00,6858.0,6876.0,6856.0,6874.0,36535.0,478424.0,477000.0
2023-11-22 09:30:00,6874.0,6874.0,6864.0,6867.0,16797.0,477000.0,476082.0
2023-11-22 10:00:00,6867.0,6868.0,6860.0,6863.0,6193.0,476082.0,475379.0
2023-11-22 10:30:00,6863.0,6863.0,6840.0,6842.0,25411.0,475379.0,472893.0
2023-11-22 11:00:00,6842.0,6853.0,6835.0,6843.0,27085.0,472893.0,469132.0
2023-11-22 13:30:00,6843.0,6850.0,6838.0,6849.0,16779.0,469132.0,467993.0
2023-11-22 14:00:00,6849.0,6862.0,6849.0,6855.0,21203.0,467993.0,466666.0
2023-11-22 14:30:00,6855.0,6866.0,6853.0,6861.0,23093.0,466666.0,463288.0
2023-11-22 21:00:00,6854.0,6860.0,6839.0,6843.0,53870.0,463288.0,462991.0
2023-11-22 21:30:00,6843.0,6849.0,6833.0,6841.0,32979.0,462991.0,463564.0
2023-11-22 22:00:00,6841.0,6854.0,6840.0,6847.0,24794.0,463564.0,463429.0
2023-11-22 22:30:00,6847.0,6850.0,6835.0,6838.0,23117.0,463429.0,461574.0
2023-11-23 09:00:00,6835.0,6838.0,6818.0,6832.0,51731.0,461574.0,458959.0
2023-11-23 09:30:00,6832.0,6841.0,6824.0,6826.0,21237.0,458959.0,457968.0
2023-11-23 10:00:00,6826.0,6829.0,6820.0,6825.0,12648.0,457968.0,456191.0
2023-11-23 10:30:00,6825.0,6829.0,6811.0,6814.0,36768.0,456191.0,451357.0
2023-11-23 11:00:00,6814.0,6814.0,6802.0,6808.0,33494.0,451357.0,448986.0
2023-11-23 13:30:00,6807.0,6812.0,6800.0,6800.0,26288.0,448986.0,445636.0
2023-11-23 14:00:00,6800.0,6818.0,6800.0,6801.0,33793.0,445636.0,441651.0
2023-11-23 14:30:00,6801.0,6815.0,6795.0,6814.0,36901.0,441651.0,439635.0
2023-11-23 21:00:00,6820.0,6836.0,6817.0,6827.0,50226.0,439635.0,443321.0
2023-11-23 21:30:00,6827.0,6828.0,6816.0,6827.0,20512.0,443321.0,444621.0
2023-11-23 22:00:00,6827.0,6838.0,6826.0,6834.0,27104.0,444621.0,444527.0
2023-11-23 22:30:00,6834.0,6846.0,6828.0,6845.0,24964.0,444527.0,443317.0
2023-11-24 09:00:00,6842.0,6848.0,6831.0,6833.0,23306.0,443317.0,440864.0
2023-11-24 09:30:00,6833.0,6833.0,6823.0,6828.0,16368.0,440864.0,439363.0
2023-11-24 10:00:00,6828.0,6837.0,6828.0,6836.0,7004.0,439363.0,438865.0
2023-11-24 10:30:00,6836.0,6842.0,6832.0,6835.0,13920.0,438865.0,438111.0
2023-11-24 11:00:00,6835.0,6835.0,6826.0,6832.0,11135.0,438111.0,437021.0
2023-11-24 13:30:00,6832.0,6835.0,6825.0,6830.0,11217.0,437021.0,436571.0
2023-11-24 14:00:00,6830.0,6856.0,6829.0,6854.0,27354.0,436571.0,438302.0
2023-11-24 14:30:00,6854.0,6885.0,6854.0,6880.0,67029.0,438302.0,441308.0
2023-11-24 21:00:00,6874.0,6883.0,6864.0,6865.0,48445.0,441308.0,444735.0
2023-11-24 21:30:00,6865.0,6866.0,6836.0,6841.0,42499.0,444735.0,437760.0
2023-11-24 22:00:00,6841.0,6843.0,6829.0,6831.0,20294.0,437760.0,436691.0
2023-11-24 22:30:00,6831.0,6835.0,6825.0,6829.0,20362.0,436691.0,432650.0
2023-11-27 09:00:00,6828.0,6840.0,6816.0,6827.0,36855.0,432650.0,429860.0
2023-11-27 09:30:00,6827.0,6829.0,6808.0,6815.0,25403.0,429860.0,428191.0
2023-11-27 10:00:00,6815.0,6818.0,6809.0,6809.0,6568.0,428191.0,427921.0
2023-11-27 10:30:00,6810.0,6814.0,6804.0,6811.0,16478.0,427921.0,425986.0
2023-11-27 11:00:00,6811.0,6818.0,6804.0,6805.0,16362.0,425986.0,424395.0
2023-11-27 13:30:00,6805.0,6811.0,6801.0,6806.0,15786.0,424395.0,422956.0
2023-11-27 14:00:00,6806.0,6813.0,6804.0,6809.0,9790.0,422956.0,422540.0
2023-11-27 14:30:00,6809.0,6823.0,6805.0,6806.0,24729.0,422540.0,418854.0
2023-11-27 21:00:00,6814.0,6826.0,6792.0,6814.0,61249.0,418854.0,421599.0
2023-11-27 21:30:00,6814.0,6829.0,6814.0,6826.0,27102.0,421599.0,422028.0
2023-11-27 22:00:00,6826.0,6834.0,6820.0,6823.0,16588.0,422028.0,421431.0
2023-11-27 22:30:00,6823.0,6825.0,6816.0,6820.0,12378.0,421431.0,420209.0
2023-11-28 09:00:00,6822.0,6829.0,6806.0,6813.0,21697.0,420209.0,421299.0
2023-11-28 09:30:00,6813.0,6817.0,6805.0,6811.0,12218.0,421299.0,420615.0
2023-11-28 10:00:00,6811.0,6816.0,6808.0,6810.0,4454.0,420615.0,420124.0
2023-11-28 10:30:00,6809.0,6818.0,6804.0,6818.0,12442.0,420124.0,420178.0
2023-11-28 11:00:00,6818.0,6852.0,6816.0,6835.0,48775.0,420178.0,418269.0
2023-11-28 13:30:00,6834.0,6848.0,6823.0,6848.0,22357.0,418269.0,414937.0
2023-11-28 14:00:00,6848.0,6849.0,6837.0,6841.0,20748.0,414937.0,415324.0
2023-11-28 14:30:00,6841.0,6845.0,6838.0,6838.0,13777.0,415324.0,411844.0
2023-11-28 21:00:00,6825.0,6828.0,6804.0,6808.0,59121.0,411844.0,411572.0
2023-11-28 21:30:00,6808.0,6820.0,6803.0,6816.0,22202.0,411572.0,410808.0
2023-11-28 22:00:00,6816.0,6823.0,6811.0,6813.0,14887.0,410808.0,410826.0
2023-11-28 22:30:00,6813.0,6814.0,6799.0,6802.0,27957.0,410826.0,408810.0
2023-11-29 09:00:00,6809.0,6823.0,6807.0,6816.0,30031.0,408810.0,407697.0
2023-11-29 09:30:00,6816.0,6838.0,6815.0,6835.0,26922.0,407697.0,407850.0
2023-11-29 10:00:00,6835.0,6842.0,6829.0,6830.0,14133.0,407850.0,407884.0
2023-11-29 10:30:00,6829.0,6830.0,6808.0,6815.0,29733.0,407884.0,402472.0
2023-11-29 11:00:00,6815.0,6819.0,6805.0,6809.0,21345.0,402472.0,399856.0
2023-11-29 13:30:00,6808.0,6812.0,6805.0,6807.0,12026.0,399856.0,398619.0
2023-11-29 14:00:00,6807.0,6809.0,6790.0,6796.0,37844.0,398619.0,397799.0
2023-11-29 14:30:00,6796.0,6815.0,6794.0,6810.0,28041.0,397799.0,391609.0
2023-11-29 21:00:00,6813.0,6828.0,6806.0,6814.0,39435.0,391609.0,393829.0
2023-11-29 21:30:00,6814.0,6825.0,6811.0,6812.0,22006.0,393829.0,394335.0
2023-11-29 22:00:00,6812.0,6814.0,6806.0,6809.0,15963.0,394335.0,393465.0
2023-11-29 22:30:00,6809.0,6809.0,6781.0,6783.0,41599.0,393465.0,393446.0
2023-11-30 09:00:00,6782.0,6787.0,6761.0,6761.0,51137.0,393446.0,396838.0
2023-11-30 09:30:00,6761.0,6766.0,6754.0,6763.0,32912.0,396838.0,397504.0
2023-11-30 10:00:00,6763.0,6773.0,6761.0,6771.0,12886.0,397504.0,396230.0
2023-11-30 10:30:00,6771.0,6786.0,6768.0,6773.0,24768.0,396230.0,392593.0
2023-11-30 11:00:00,6773.0,6773.0,6766.0,6768.0,14329.0,392593.0,389592.0
2023-11-30 13:30:00,6767.0,6767.0,6747.0,6751.0,31785.0,389592.0,384379.0
2023-11-30 14:00:00,6751.0,6756.0,6740.0,6744.0,24470.0,384379.0,382459.0
2023-11-30 14:30:00,6744.0,6746.0,6732.0,6738.0,29621.0,382459.0,378227.0
2023-11-30 21:00:00,6736.0,6737.0,6715.0,6731.0,70949.0,378227.0,381099.0
2023-11-30 21:30:00,6731.0,6732.0,6719.0,6722.0,24200.0,381099.0,379209.0
2023-11-30 22:00:00,6722.0,6723.0,6706.0,6708.0,29354.0,379209.0,379431.0
2023-11-30 22:30:00,6708.0,6713.0,6705.0,6705.0,17514.0,379431.0,377234.0
2023-12-01 09:00:00,6681.0,6684.0,6635.0,6643.0,109234.0,377234.0,377185.0
2023-12-01 09:30:00,6643.0,6675.0,6641.0,6662.0,37609.0,377185.0,372991.0
2023-12-01 10:00:00,6662.0,6665.0,6646.0,6651.0,14299.0,372991.0,373019.0
2023-12-01 10:30:00,6652.0,6652.0,6603.0,6610.0,64411.0,373019.0,365312.0
2023-12-01 11:00:00,6610.0,6621.0,6599.0,6605.0,34318.0,365312.0,357752.0
2023-12-01 13:30:00,6605.0,6610.0,6590.0,6599.0,28893.0,357752.0,352842.0
2023-12-01 14:00:00,6599.0,6622.0,6597.0,6622.0,26514.0,352842.0,348351.0
2023-12-01 14:30:00,6622.0,6634.0,6618.0,6620.0,36110.0,348351.0,342864.0
2023-12-01 21:00:00,6611.0,6621.0,6594.0,6605.0,75933.0,342864.0,339698.0
2023-12-01 21:30:00,6605.0,6608.0,6576.0,6602.0,59892.0,339698.0,337019.0
2023-12-01 22:00:00,6602.0,6608.0,6573.0,6577.0,33501.0,337019.0,334319.0
2023-12-01 22:30:00,6577.0,6591.0,6569.0,6589.0,33609.0,334319.0,329655.0
2023-12-04 09:00:00,6580.0,6614.0,6555.0,6596.0,68410.0,329655.0,322799.0
2023-12-04 09:30:00,6596.0,6614.0,6586.0,6595.0,28039.0,322799.0,319935.0
2023-12-04 10:00:00,6595.0,6603.0,6588.0,6593.0,9939.0,319935.0,318673.0
2023-12-04 10:30:00,6593.0,6611.0,6586.0,6600.0,26371.0,318673.0,316644.0
2023-12-04 11:00:00,6600.0,6640.0,6598.0,6624.0,36755.0,316644.0,314265.0
2023-12-04 13:30:00,6625.0,6626.0,6603.0,6609.0,21957.0,314265.0,313077.0
2023-12-04 14:00:00,6609.0,6616.0,6605.0,6614.0,13767.0,313077.0,310489.0
2023-12-04 14:30:00,6614.0,6617.0,6601.0,6609.0,17977.0,310489.0,304902.0
2023-12-04 21:00:00,6645.0,6655.0,6594.0,6597.0,73328.0,304902.0,301479.0
2023-12-04 21:30:00,6597.0,6608.0,6591.0,6602.0,23679.0,301479.0,299996.0
2023-12-04 22:00:00,6602.0,6605.0,6597.0,6599.0,9501.0,299996.0,298727.0
2023-12-04 22:30:00,6599.0,6607.0,6589.0,6603.0,15841.0,298727.0,295309.0
2023-12-05 09:00:00,6628.0,6640.0,6605.0,6607.0,39989.0,295309.0,292141.0
2023-12-05 09:30:00,6607.0,6613.0,6602.0,6609.0,15251.0,292141.0,289525.0
2023-12-05 10:00:00,6609.0,6611.0,6586.0,6595.0,12560.0,289525.0,288195.0
2023-12-05 10:30:00,6593.0,6594.0,6579.0,6589.0,18968.0,288195.0,286530.0
2023-12-05 11:00:00,6589.0,6597.0,6586.0,6594.0,10877.0,286530.0,284264.0
2023-12-05 13:30:00,6594.0,6599.0,6564.0,6580.0,32005.0,284264.0,282859.0
2023-12-05 14:00:00,6580.0,6584.0,6574.0,6575.0,16979.0,282859.0,278188.0
2023-12-05 14:30:00,6575.0,6578.0,6557.0,6574.0,25216.0,278188.0,272228.0
2023-12-05 21:00:00,6434.0,6448.0,6363.0,6376.0,146076.0,272228.0,439369.0
2023-12-05 21:30:00,6376.0,6376.0,6327.0,6334.0,82859.0,439369.0,443792.0
2023-12-05 22:00:00,6334.0,6341.0,6284.0,6298.0,91361.0,443792.0,449249.0
2023-12-05 22:30:00,6298.0,6352.0,6298.0,6351.0,83848.0,449249.0,441102.0
2023-12-06 09:00:00,6349.0,6349.0,6316.0,6335.0,59002.0,441102.0,445895.0
2023-12-06 09:30:00,6335.0,6374.0,6326.0,6356.0,45779.0,445895.0,448499.0
2023-12-06 10:00:00,6356.0,6369.0,6350.0,6363.0,14999.0,448499.0,449821.0
2023-12-06 10:30:00,6364.0,6368.0,6351.0,6355.0,17263.0,449821.0,452524.0
2023-12-06 11:00:00,6355.0,6367.0,6336.0,6343.0,26114.0,452524.0,453647.0
2023-12-06 13:30:00,6344.0,6346.0,6316.0,6339.0,42577.0,453647.0,455976.0
2023-12-06 14:00:00,6339.0,6349.0,6334.0,6336.0,22344.0,455976.0,457811.0
2023-12-06 14:30:00,6336.0,6361.0,6332.0,6356.0,30384.0,457811.0,455771.0
2023-12-06 21:00:00,6314.0,6335.0,6287.0,6322.0,136748.0,455771.0,467691.0
2023-12-06 21:30:00,6322.0,6338.0,6318.0,6327.0,38923.0,467691.0,468292.0
2023-12-06 22:00:00,6327.0,6342.0,6319.0,6321.0,30912.0,468292.0,467369.0
2023-12-06 22:30:00,6321.0,6326.0,6272.0,6282.0,79701.0,467369.0,466166.0
2023-12-07 09:00:00,6250.0,6258.0,6159.0,6184.0,156777.0,466166.0,467419.0
2023-12-07 09:30:00,6184.0,6208.0,6183.0,6186.0,51241.0,467419.0,465191.0
2023-12-07 10:00:00,6186.0,6195.0,6181.0,6184.0,10634.0,465191.0,464860.0
2023-12-07 10:30:00,6184.0,6194.0,6174.0,6184.0,22704.0,464860.0,465507.0
2023-12-07 11:00:00,6184.0,6225.0,6184.0,6224.0,48124.0,465507.0,463992.0
2023-12-07 13:30:00,6224.0,6236.0,6219.0,6233.0,38766.0,463992.0,463617.0
2023-12-07 14:00:00,6233.0,6257.0,6233.0,6251.0,42593.0,463617.0,463699.0
2023-12-07 14:30:00,6251.0,6307.0,6251.0,6282.0,91057.0,463699.0,458812.0
2023-12-07 21:00:00,6277.0,6278.0,6223.0,6227.0,109187.0,458812.0,470058.0
2023-12-07 21:30:00,6227.0,6306.0,6224.0,6299.0,93147.0,470058.0,467387.0
2023-12-07 22:00:00,6299.0,6300.0,6267.0,6275.0,59573.0,467387.0,467402.0
2023-12-07 22:30:00,6275.0,6281.0,6261.0,6275.0,42424.0,467402.0,463865.0
2023-12-08 09:00:00,6277.0,6305.0,6266.0,6292.0,65408.0,463865.0,465986.0
2023-12-08 09:30:00,6292.0,6322.0,6284.0,6320.0,49111.0,465986.0,464451.0
2023-12-08 10:00:00,6320.0,6325.0,6310.0,6317.0,14752.0,464451.0,463924.0
2023-12-08 10:30:00,6317.0,6352.0,6311.0,6323.0,67783.0,463924.0,463117.0
2023-12-08 11:00:00,6323.0,6325.0,6308.0,6313.0,26890.0,463117.0,460799.0
2023-12-08 13:30:00,6313.0,6340.0,6313.0,6331.0,35652.0,460799.0,461831.0
2023-12-08 14:00:00,6331.0,6373.0,6328.0,6367.0,47143.0,461831.0,462902.0
2023-12-08 14:30:00,6367.0,6394.0,6358.0,6371.0,77251.0,462902.0,456419.0
2023-12-08 21:00:00,6357.0,6367.0,6341.0,6360.0,81810.0,456419.0,458768.0
2023-12-08 21:30:00,6360.0,6362.0,6312.0,6323.0,72094.0,458768.0,463271.0
2023-12-08 22:00:00,6323.0,6340.0,6314.0,6330.0,44065.0,463271.0,462556.0
2023-12-08 22:30:00,6330.0,6335.0,6304.0,6325.0,45046.0,462556.0,461626.0
2023-12-11 09:00:00,6322.0,6343.0,6316.0,6327.0,57497.0,461626.0,461483.0
2023-12-11 09:30:00,6327.0,6344.0,6310.0,6313.0,39124.0,461483.0,463169.0
2023-12-11 10:00:00,6313.0,6322.0,6308.0,6319.0,15010.0,463169.0,464472.0
2023-12-11 10:30:00,6314.0,6318.0,6275.0,6278.0,64174.0,464472.0,467614.0
2023-12-11 11:00:00,6278.0,6293.0,6273.0,6278.0,29263.0,467614.0,468194.0
2023-12-11 13:30:00,6277.0,6310.0,6275.0,6302.0,39205.0,468194.0,466880.0
2023-12-11 14:00:00,6302.0,6314.0,6298.0,6310.0,27007.0,466880.0,465833.0
2023-12-11 14:30:00,6310.0,6312.0,6286.0,6294.0,28833.0,465833.0,465890.0
2023-12-11 21:00:00,6230.0,6250.0,6205.0,6229.0,168716.0,465890.0,482183.0
2023-12-11 21:30:00,6229.0,6261.0,6224.0,6237.0,72705.0,482183.0,482221.0
2023-12-11 22:00:00,6237.0,6251.0,6236.0,6243.0,36794.0,482221.0,482271.0
2023-12-11 22:30:00,6243.0,6248.0,6230.0,6237.0,28584.0,482271.0,478664.0
2023-12-12 09:00:00,6239.0,6250.0,6226.0,6246.0,45169.0,478664.0,476565.0
2023-12-12 09:30:00,6246.0,6267.0,6241.0,6256.0,31384.0,476565.0,475809.0
2023-12-12 10:00:00,6256.0,6271.0,6255.0,6260.0,16897.0,475809.0,475458.0
2023-12-12 10:30:00,6259.0,6268.0,6252.0,6253.0,17688.0,475458.0,476800.0
2023-12-12 11:00:00,6253.0,6257.0,6241.0,6248.0,21301.0,476800.0,478330.0
2023-12-12 13:30:00,6249.0,6255.0,6234.0,6248.0,28030.0,478330.0,477702.0
2023-12-12 14:00:00,6248.0,6259.0,6246.0,6249.0,19494.0,477702.0,476683.0
2023-12-12 14:30:00,6249.0,6254.0,6243.0,6252.0,21635.0,476683.0,476308.0
2023-12-12 21:00:00,6198.0,6236.0,6183.0,6232.0,118801.0,476308.0,484583.0
2023-12-12 21:30:00,6232.0,6249.0,6230.0,6242.0,51324.0,484583.0,484509.0
2023-12-12 22:00:00,6242.0,6245.0,6226.0,6232.0,35062.0,484509.0,483685.0
2023-12-12 22:30:00,6232.0,6250.0,6232.0,6249.0,30134.0,483685.0,481581.0
2023-12-13 09:00:00,6270.0,6303.0,6263.0,6266.0,83847.0,481581.0,481233.0
2023-12-13 09:30:00,6266.0,6268.0,6256.0,6262.0,22279.0,481233.0,482470.0
2023-12-13 10:00:00,6262.0,6276.0,6260.0,6274.0,13557.0,482470.0,483589.0
2023-12-13 10:30:00,6274.0,6296.0,6272.0,6281.0,59788.0,483589.0,488253.0
2023-12-13 11:00:00,6281.0,6290.0,6272.0,6281.0,28262.0,488253.0,486596.0
2023-12-13 13:30:00,6281.0,6282.0,6271.0,6278.0,26297.0,486596.0,486375.0
2023-12-13 14:00:00,6278.0,6289.0,6277.0,6282.0,19448.0,486375.0,487396.0
2023-12-13 14:30:00,6282.0,6289.0,6272.0,6279.0,30173.0,487396.0,485275.0
2023-12-13 21:00:00,6313.0,6324.0,6276.0,6283.0,104614.0,485275.0,491459.0
2023-12-13 21:30:00,6283.0,6294.0,6280.0,6285.0,36901.0,491459.0,492620.0
2023-12-13 22:00:00,6285.0,6285.0,6256.0,6271.0,56620.0,492620.0,495411.0
2023-12-13 22:30:00,6271.0,6273.0,6254.0,6264.0,29557.0,495411.0,491626.0
2023-12-14 09:00:00,6229.0,6277.0,6210.0,6267.0,81168.0,491626.0,486927.0
2023-12-14 09:30:00,6267.0,6276.0,6264.0,6267.0,18554.0,486927.0,487364.0
2023-12-14 10:00:00,6267.0,6268.0,6248.0,6259.0,22723.0,487364.0,486103.0
2023-12-14 10:30:00,6258.0,6258.0,6237.0,6256.0,37779.0,486103.0,484746.0
2023-12-14 11:00:00,6256.0,6265.0,6243.0,6247.0,21902.0,484746.0,483712.0
2023-12-14 13:30:00,6249.0,6251.0,6235.0,6240.0,23976.0,483712.0,486000.0
2023-12-14 14:00:00,6240.0,6244.0,6231.0,6233.0,15396.0,486000.0,487830.0
2023-12-14 14:30:00,6233.0,6241.0,6230.0,6239.0,22780.0,487830.0,485768.0
2023-12-14 21:00:00,6242.0,6256.0,6226.0,6237.0,82594.0,485768.0,482336.0
2023-12-14 21:30:00,6237.0,6237.0,6219.0,6227.0,54405.0,482336.0,485979.0
2023-12-14 22:00:00,6227.0,6232.0,6190.0,6208.0,99076.0,485979.0,498294.0
2023-12-14 22:30:00,6208.0,6221.0,6191.0,6200.0,77353.0,498294.0,496354.0
2023-12-15 09:00:00,6271.0,6290.0,6238.0,6272.0,128602.0,496354.0,490514.0
2023-12-15 09:30:00,6272.0,6273.0,6246.0,6251.0,33489.0,490514.0,490353.0
2023-12-15 10:00:00,6251.0,6265.0,6248.0,6258.0,15361.0,490353.0,490705.0
2023-12-15 10:30:00,6257.0,6263.0,6246.0,6246.0,22856.0,490705.0,491246.0
2023-12-15 11:00:00,6246.0,6254.0,6242.0,6246.0,20821.0,491246.0,492544.0
2023-12-15 13:30:00,6245.0,6245.0,6222.0,6225.0,44874.0,492544.0,497711.0
2023-12-15 14:00:00,6225.0,6234.0,6222.0,6231.0,32735.0,497711.0,497456.0
2023-12-15 14:30:00,6231.0,6240.0,6224.0,6238.0,34445.0,497456.0,488345.0
2023-12-15 21:00:00,6228.0,6233.0,6215.0,6229.0,59420.0,488345.0,491466.0
2023-12-15 21:30:00,6229.0,6242.0,6216.0,6239.0,42781.0,491466.0,492345.0
2023-12-15 22:00:00,6239.0,6247.0,6227.0,6234.0,35105.0,492345.0,491099.0
2023-12-15 22:30:00,6234.0,6260.0,6229.0,6251.0,52029.0,491099.0,481656.0
2023-12-18 09:00:00,6225.0,6250.0,6225.0,6246.0,51743.0,481656.0,478887.0
2023-12-18 09:30:00,6246.0,6247.0,6185.0,6218.0,95195.0,478887.0,487520.0
2023-12-18 10:00:00,6218.0,6227.0,6218.0,6224.0,19108.0,487520.0,486209.0
2023-12-18 10:30:00,6222.0,6236.0,6218.0,6223.0,27330.0,486209.0,485098.0
2023-12-18 11:00:00,6223.0,6224.0,6207.0,6208.0,27447.0,485098.0,486484.0
2023-12-18 13:30:00,6208.0,6215.0,6201.0,6203.0,24880.0,486484.0,488985.0
2023-12-18 14:00:00,6203.0,6205.0,6181.0,6193.0,59730.0,488985.0,497689.0
2023-12-18 14:30:00,6193.0,6215.0,6192.0,6214.0,36906.0,497689.0,490094.0
2023-12-18 21:00:00,6181.0,6207.0,6170.0,6176.0,120184.0,490094.0,508416.0
2023-12-18 21:30:00,6176.0,6179.0,6138.0,6145.0,125737.0,508416.0,528986.0
2023-12-18 22:00:00,6145.0,6159.0,6141.0,6158.0,45188.0,528986.0,528177.0
2023-12-18 22:30:00,6158.0,6167.0,6145.0,6166.0,45733.0,528177.0,518981.0
2023-12-19 09:00:00,6156.0,6162.0,6146.0,6156.0,47394.0,518981.0,518849.0
2023-12-19 09:30:00,6156.0,6161.0,6148.0,6158.0,26077.0,518849.0,517874.0
2023-12-19 10:00:00,6158.0,6204.0,6157.0,6193.0,72957.0,517874.0,506254.0
2023-12-19 10:30:00,6195.0,6200.0,6179.0,6179.0,43650.0,506254.0,506443.0
2023-12-19 11:00:00,6179.0,6186.0,6179.0,6179.0,15109.0,506443.0,506780.0
2023-12-19 13:30:00,6179.0,6179.0,6153.0,6157.0,57672.0,506780.0,508725.0
2023-12-19 14:00:00,6157.0,6163.0,6126.0,6126.0,75714.0,508725.0,520295.0
2023-12-19 14:30:00,6126.0,6138.0,6105.0,6106.0,76718.0,520295.0,523702.0
2023-12-19 21:00:00,6124.0,6138.0,6116.0,6120.0,121285.0,523702.0,525562.0
2023-12-19 21:30:00,6120.0,6131.0,6118.0,6125.0,34056.0,525562.0,526538.0
2023-12-19 22:00:00,6125.0,6144.0,6125.0,6138.0,43544.0,526538.0,520281.0
2023-12-19 22:30:00,6138.0,6140.0,6117.0,6126.0,41763.0,520281.0,517894.0
2023-12-20 09:00:00,6136.0,6167.0,6134.0,6156.0,93823.0,517894.0,515321.0
2023-12-20 09:30:00,6156.0,6157.0,6142.0,6144.0,42404.0,515321.0,519605.0
2023-12-20 10:00:00,6144.0,6148.0,6133.0,6148.0,25934.0,519605.0,515408.0
2023-12-20 10:30:00,6147.0,6150.0,6137.0,6148.0,21353.0,515408.0,515966.0
2023-12-20 11:00:00,6148.0,6159.0,6146.0,6157.0,22394.0,515966.0,513712.0
2023-12-20 13:30:00,6158.0,6182.0,6158.0,6169.0,57434.0,513712.0,513920.0
2023-12-20 14:00:00,6169.0,6182.0,6166.0,6173.0,31334.0,513920.0,512980.0
2023-12-20 14:30:00,6173.0,6175.0,6166.0,6170.0,24427.0,512980.0,509731.0
2023-12-20 21:00:00,6170.0,6196.0,6162.0,6194.0,116828.0,509731.0,513193.0
2023-12-20 21:30:00,6194.0,6215.0,6191.0,6199.0,84452.0,513193.0,512140.0
2023-12-20 22:00:00,6199.0,6200.0,6183.0,6199.0,53053.0,512140.0,512602.0
2023-12-20 22:30:00,6199.0,6210.0,6193.0,6206.0,34348.0,512602.0,505761.0
2023-12-21 09:00:00,6161.0,6168.0,6137.0,6148.0,100674.0,505761.0,501775.0
2023-12-21 09:30:00,6148.0,6164.0,6148.0,6162.0,24533.0,501775.0,500113.0
2023-12-21 10:00:00,6162.0,6173.0,6161.0,6164.0,15105.0,500113.0,498605.0
2023-12-21 10:30:00,6162.0,6165.0,6142.0,6150.0,39279.0,498605.0,498163.0
2023-12-21 11:00:00,6150.0,6160.0,6148.0,6155.0,19816.0,498163.0,496335.0
2023-12-21 13:30:00,6156.0,6185.0,6156.0,6178.0,44994.0,496335.0,493646.0
2023-12-21 14:00:00,6178.0,6193.0,6173.0,6180.0,33899.0,493646.0,492242.0
2023-12-21 14:30:00,6180.0,6198.0,6180.0,6195.0,36001.0,492242.0,488422.0
2023-12-21 21:00:00,6152.0,6176.0,6147.0,6164.0,97460.0,488422.0,494757.0
2023-12-21 21:30:00,6164.0,6185.0,6160.0,6180.0,55545.0,494757.0,497337.0
2023-12-21 22:00:00,6180.0,6194.0,6170.0,6190.0,57579.0,497337.0,500979.0
2023-12-21 22:30:00,6190.0,6202.0,6182.0,6187.0,50154.0,500979.0,498433.0
2023-12-22 09:00:00,6203.0,6210.0,6179.0,6181.0,43014.0,498433.0,498606.0
2023-12-22 09:30:00,6181.0,6197.0,6177.0,6192.0,29758.0,498606.0,498430.0
2023-12-22 10:00:00,6192.0,6196.0,6186.0,6192.0,9470.0,498430.0,498147.0
2023-12-22 10:30:00,6193.0,6247.0,6193.0,6242.0,89090.0,498147.0,490433.0
2023-12-22 11:00:00,6242.0,6253.0,6232.0,6244.0,42591.0,490433.0,486048.0
2023-12-22 13:30:00,6243.0,6267.0,6235.0,6262.0,42633.0,486048.0,485303.0
2023-12-22 14:00:00,6262.0,6263.0,6231.0,6248.0,42830.0,485303.0,482352.0
2023-12-22 14:30:00,6248.0,6251.0,6240.0,6248.0,23858.0,482352.0,480249.0
2023-12-22 21:00:00,6255.0,6283.0,6246.0,6271.0,101849.0,480249.0,482719.0
2023-12-22 21:30:00,6271.0,6271.0,6241.0,6246.0,49767.0,482719.0,484465.0
2023-12-22 22:00:00,6246.0,6265.0,6245.0,6258.0,25926.0,484465.0,482964.0
2023-12-22 22:30:00,6258.0,6268.0,6251.0,6260.0,23808.0,482964.0,477810.0
2023-12-25 09:00:00,6260.0,6277.0,6255.0,6259.0,48685.0,477810.0,479714.0
2023-12-25 09:30:00,6259.0,6264.0,6246.0,6253.0,27954.0,479714.0,479435.0
2023-12-25 10:00:00,6253.0,6258.0,6247.0,6255.0,8802.0,479435.0,479125.0
2023-12-25 10:30:00,6254.0,6254.0,6227.0,6230.0,45006.0,479125.0,484183.0
2023-12-25 11:00:00,6230.0,6242.0,6229.0,6242.0,17572.0,484183.0,483581.0
2023-12-25 13:30:00,6242.0,6249.0,6235.0,6238.0,20264.0,483581.0,484508.0
2023-12-25 14:00:00,6238.0,6242.0,6230.0,6239.0,13992.0,484508.0,484670.0
2023-12-25 14:30:00,6239.0,6239.0,6230.0,6237.0,17672.0,484670.0,481316.0
2023-12-25 21:00:00,6237.0,6250.0,6222.0,6224.0,67184.0,481316.0,484232.0
2023-12-25 21:30:00,6224.0,6235.0,6217.0,6231.0,40648.0,484232.0,485440.0
2023-12-25 22:00:00,6231.0,6240.0,6230.0,6234.0,19628.0,485440.0,483186.0
2023-12-25 22:30:00,6234.0,6243.0,6232.0,6240.0,18769.0,483186.0,480180.0
2023-12-26 09:00:00,6241.0,6247.0,6233.0,6241.0,27825.0,480180.0,480344.0
2023-12-26 09:30:00,6241.0,6245.0,6236.0,6238.0,13291.0,480344.0,480501.0
2023-12-26 10:00:00,6238.0,6257.0,6238.0,6250.0,18824.0,480501.0,479778.0
2023-12-26 10:30:00,6251.0,6262.0,6245.0,6260.0,20745.0,479778.0,480316.0
2023-12-26 11:00:00,6260.0,6290.0,6259.0,6282.0,57507.0,480316.0,483296.0
2023-12-26 13:30:00,6282.0,6305.0,6282.0,6298.0,72838.0,483296.0,482262.0
2023-12-26 14:00:00,6298.0,6300.0,6281.0,6281.0,26700.0,482262.0,480074.0
2023-12-26 14:30:00,6281.0,6290.0,6274.0,6288.0,31585.0,480074.0,476235.0
2023-12-26 21:00:00,6290.0,6294.0,6262.0,6264.0,72049.0,476235.0,482015.0
2023-12-26 21:30:00,6264.0,6270.0,6256.0,6266.0,49996.0,482015.0,482616.0
2023-12-26 22:00:00,6266.0,6278.0,6261.0,6276.0,28208.0,482616.0,482387.0
2023-12-26 22:30:00,6276.0,6283.0,6266.0,6272.0,34831.0,482387.0,477610.0
2023-12-27 09:00:00,6271.0,6283.0,6267.0,6277.0,24165.0,477610.0,478884.0
2023-12-27 09:30:00,6277.0,6278.0,6263.0,6276.0,21772.0,478884.0,478504.0
2023-12-27 10:00:00,6276.0,6278.0,6270.0,6271.0,4974.0,478504.0,478399.0
2023-12-27 10:30:00,6270.0,6279.0,6258.0,6275.0,31691.0,478399.0,478254.0
2023-12-27 11:00:00,6275.0,6280.0,6272.0,6277.0,9547.0,478254.0,477449.0
2023-12-27 13:30:00,6277.0,6287.0,6275.0,6284.0,19216.0,477449.0,476033.0
2023-12-27 14:00:00,6284.0,6286.0,6278.0,6283.0,9617.0,476033.0,475288.0
2023-12-27 14:30:00,6283.0,6284.0,6275.0,6280.0,13429.0,475288.0,473032.0
2023-12-27 21:00:00,6262.0,6302.0,6261.0,6295.0,78957.0,473032.0,472373.0
2023-12-27 21:30:00,6295.0,6298.0,6274.0,6279.0,41827.0,472373.0,471359.0
2023-12-27 22:00:00,6279.0,6296.0,6278.0,6288.0,26969.0,471359.0,469792.0
2023-12-27 22:30:00,6288.0,6322.0,6285.0,6316.0,67188.0,469792.0,469690.0
2023-12-28 09:00:00,6316.0,6320.0,6297.0,6302.0,47940.0,469690.0,468049.0
2023-12-28 09:30:00,6302.0,6306.0,6291.0,6293.0,28645.0,468049.0,467269.0
2023-12-28 10:00:00,6293.0,6307.0,6292.0,6300.0,12743.0,467269.0,466164.0
2023-12-28 10:30:00,6300.0,6307.0,6292.0,6297.0,19599.0,466164.0,465901.0
2023-12-28 11:00:00,6297.0,6300.0,6280.0,6289.0,26726.0,465901.0,463621.0
2023-12-28 13:30:00,6289.0,6296.0,6285.0,6291.0,17006.0,463621.0,463102.0
2023-12-28 14:00:00,6291.0,6295.0,6287.0,6292.0,10879.0,463102.0,462919.0
2023-12-28 14:30:00,6292.0,6299.0,6283.0,6298.0,23159.0,462919.0,458783.0
2023-12-28 21:00:00,6295.0,6299.0,6277.0,6287.0,53215.0,458783.0,462984.0
2023-12-28 21:30:00,6287.0,6293.0,6269.0,6277.0,34379.0,462984.0,460890.0
2023-12-28 22:00:00,6277.0,6287.0,6273.0,6282.0,21549.0,460890.0,460352.0
2023-12-28 22:30:00,6282.0,6291.0,6277.0,6286.0,19492.0,460352.0,457718.0
2023-12-29 09:00:00,6363.0,6385.0,6337.0,6343.0,156321.0,457718.0,462268.0
2023-12-29 09:30:00,6343.0,6347.0,6330.0,6333.0,36578.0,462268.0,464097.0
2023-12-29 10:00:00,6333.0,6338.0,6327.0,6334.0,14073.0,464097.0,463767.0
2023-12-29 10:30:00,6334.0,6348.0,6334.0,6342.0,26934.0,463767.0,464558.0
2023-12-29 11:00:00,6342.0,6351.0,6334.0,6336.0,22749.0,464558.0,461918.0
2023-12-29 13:30:00,6337.0,6339.0,6311.0,6317.0,38851.0,461918.0,463127.0
2023-12-29 14:00:00,6317.0,6318.0,6299.0,6306.0,28605.0,463127.0,462930.0
2023-12-29 14:30:00,6306.0,6319.0,6306.0,6307.0,29636.0,462930.0,456067.0
2024-01-02 09:00:00,6260.0,6277.0,6233.0,6271.0,80514.0,456067.0,456537.0
2024-01-02 09:30:00,6271.0,6275.0,6248.0,6256.0,32973.0,456537.0,460085.0
2024-01-02 10:00:00,6256.0,6261.0,6243.0,6246.0,11720.0,460085.0,461402.0
2024-01-02 10:30:00,6246.0,6282.0,6243.0,6280.0,32521.0,461402.0,460797.0
2024-01-02 11:00:00,6280.0,6296.0,6277.0,6291.0,31095.0,460797.0,455791.0
2024-01-02 13:30:00,6290.0,6290.0,6275.0,6285.0,19680.0,455791.0,452780.0
2024-01-02 14:00:00,6285.0,6304.0,6285.0,6297.0,23762.0,452780.0,453069.0
2024-01-02 14:30:00,6297.0,6305.0,6290.0,6304.0,22315.0,453069.0,449414.0
2024-01-02 21:00:00,6302.0,6315.0,6292.0,6303.0,53983.0,449414.0,457077.0
2024-01-02 21:30:00,6303.0,6333.0,6295.0,6328.0,44728.0,457077.0,456624.0
2024-01-02 22:00:00,6328.0,6328.0,6310.0,6316.0,24634.0,456624.0,456607.0
2024-01-02 22:30:00,6316.0,6324.0,6308.0,6315.0,20424.0,456607.0,454728.0
2024-01-03 09:00:00,6293.0,6313.0,6285.0,6288.0,40040.0,454728.0,453709.0
2024-01-03 09:30:00,6288.0,6315.0,6288.0,6311.0,29558.0,453709.0,453543.0
2024-01-03 10:00:00,6311.0,6317.0,6306.0,6309.0,6599.0,453543.0,453993.0
2024-01-03 10:30:00,6309.0,6315.0,6304.0,6310.0,14312.0,453993.0,455225.0
2024-01-03 11:00:00,6310.0,6324.0,6307.0,6318.0,16132.0,455225.0,455413.0
2024-01-03 13:30:00,6317.0,6326.0,6317.0,6319.0,16204.0,455413.0,457704.0
2024-01-03 14:00:00,6319.0,6330.0,6315.0,6327.0,20367.0,457704.0,458470.0
2024-01-03 14:30:00,6327.0,6332.0,6322.0,6330.0,25097.0,458470.0,451670.0
2024-01-03 21:00:00,6338.0,6342.0,6317.0,6323.0,62728.0,451670.0,457169.0
2024-01-03 21:30:00,6323.0,6331.0,6312.0,6330.0,24801.0,457169.0,458349.0
2024-01-03 22:00:00,6330.0,6330.0,6315.0,6322.0,15357.0,458349.0,457880.0
2024-01-03 22:30:00,6322.0,6329.0,6314.0,6319.0,17174.0,457880.0,453699.0
2024-01-04 09:00:00,6309.0,6327.0,6307.0,6313.0,24339.0,453699.0,454073.0
2024-01-04 09:30:00,6313.0,6314.0,6301.0,6307.0,22744.0,454073.0,454506.0
2024-01-04 10:00:00,6307.0,6318.0,6306.0,6316.0,9463.0,454506.0,454211.0
2024-01-04 10:30:00,6315.0,6319.0,6286.0,6290.0,30384.0,454211.0,453312.0
2024-01-04 11:00:00,6290.0,6305.0,6288.0,6296.0,17599.0,453312.0,452449.0
2024-01-04 13:30:00,6296.0,6306.0,6288.0,6305.0,20463.0,452449.0,452717.0
2024-01-04 14:00:00,6305.0,6330.0,6303.0,6324.0,32833.0,452717.0,452802.0
2024-01-04 14:30:00,6324.0,6326.0,6318.0,6324.0,16436.0,452802.0,449451.0
2024-01-04 21:00:00,6331.0,6343.0,6326.0,6336.0,54083.0,449451.0,456681.0
2024-01-04 21:30:00,6336.0,6341.0,6329.0,6331.0,19667.0,456681.0,455929.0
2024-01-04 22:00:00,6331.0,6332.0,6302.0,6307.0,42769.0,455929.0,454618.0
2024-01-04 22:30:00,6307.0,6318.0,6306.0,6311.0,18696.0,454618.0,452129.0
2024-01-05 09:00:00,6311.0,6332.0,6310.0,6322.0,27139.0,452129.0,452470.0
2024-01-05 09:30:00,6322.0,6330.0,6321.0,6329.0,10908.0,452470.0,454714.0
2024-01-05 10:00:00,6329.0,6336.0,6314.0,6317.0,15912.0,454714.0,453970.0
2024-01-05 10:30:00,6317.0,6320.0,6308.0,6317.0,18657.0,453970.0,454431.0
2024-01-05 11:00:00,6317.0,6323.0,6313.0,6315.0,9046.0,454431.0,454369.0
2024-01-05 13:30:00,6314.0,6319.0,6298.0,6317.0,23773.0,454369.0,455136.0
2024-01-05 14:00:00,6317.0,6326.0,6315.0,6321.0,19694.0,455136.0,453778.0
2024-01-05 14:30:00,6321.0,6322.0,6304.0,6308.0,21518.0,453778.0,451745.0
2024-01-05 21:00:00,6291.0,6303.0,6272.0,6291.0,82788.0,451745.0,458168.0
2024-01-05 21:30:00,6291.0,6310.0,6286.0,6303.0,39130.0,458168.0,456670.0
2024-01-05 22:00:00,6303.0,6310.0,6296.0,6310.0,19503.0,456670.0,456780.0
2024-01-05 22:30:00,6310.0,6322.0,6307.0,6322.0,23147.0,456780.0,453275.0
2024-01-08 09:00:00,6325.0,6338.0,6310.0,6318.0,49159.0,453275.0,454454.0
2024-01-08 09:30:00,6318.0,6324.0,6306.0,6309.0,18369.0,454454.0,455195.0
2024-01-08 10:00:00,6309.0,6310.0,6297.0,6298.0,15160.0,455195.0,455470.0
2024-01-08 10:30:00,6298.0,6313.0,6292.0,6305.0,22286.0,455470.0,455627.0
2024-01-08 11:00:00,6305.0,6314.0,6299.0,6305.0,15081.0,455627.0,456430.0
2024-01-08 13:30:00,6305.0,6323.0,6304.0,6321.0,18517.0,456430.0,457136.0
2024-01-08 14:00:00,6321.0,6329.0,6315.0,6316.0,21565.0,457136.0,456272.0
2024-01-08 14:30:00,6316.0,6319.0,6307.0,6313.0,20714.0,456272.0,451980.0
2024-01-08 21:00:00,6328.0,6344.0,6305.0,6307.0,78519.0,451980.0,457290.0
2024-01-08 21:30:00,6307.0,6317.0,6302.0,6315.0,25195.0,457290.0,455733.0
2024-01-08 22:00:00,6315.0,6325.0,6313.0,6317.0,24600.0,455733.0,453139.0
2024-01-08 22:30:00,6317.0,6320.0,6305.0,6309.0,26585.0,453139.0,448583.0
2024-01-09 09:00:00,6318.0,6347.0,6318.0,6342.0,74890.0,448583.0,451771.0
2024-01-09 09:30:00,6342.0,6343.0,6306.0,6313.0,48669.0,451771.0,448985.0
2024-01-09 10:00:00,6313.0,6321.0,6311.0,6319.0,10115.0,448985.0,449037.0
2024-01-09 10:30:00,6319.0,6333.0,6315.0,6328.0,20193.0,449037.0,446905.0
2024-01-09 11:00:00,6328.0,6334.0,6324.0,6333.0,12216.0,446905.0,445441.0
2024-01-09 13:30:00,6334.0,6334.0,6310.0,6312.0,28383.0,445441.0,441506.0
2024-01-09 14:00:00,6312.0,6318.0,6310.0,6312.0,18605.0,441506.0,440088.0
2024-01-09 14:30:00,6312.0,6318.0,6308.0,6316.0,21270.0,440088.0,436387.0
2024-01-09 21:00:00,6324.0,6332.0,6317.0,6327.0,45128.0,436387.0,433673.0
2024-01-09 21:30:00,6327.0,6332.0,6317.0,6318.0,22314.0,433673.0,431365.0
2024-01-09 22:00:00,6318.0,6337.0,6316.0,6335.0,33659.0,431365.0,432480.0
2024-01-09 22:30:00,6335.0,6338.0,6320.0,6328.0,30820.0,432480.0,426814.0
2024-01-10 09:00:00,6326.0,6326.0,6270.0,6279.0,100428.0,426814.0,429729.0
2024-01-10 09:30:00,6279.0,6284.0,6267.0,6275.0,34174.0,429729.0,429602.0
2024-01-10 10:00:00,6275.0,6286.0,6271.0,6276.0,15883.0,429602.0,427918.0
2024-01-10 10:30:00,6276.0,6281.0,6263.0,6267.0,24876.0,427918.0,429300.0
2024-01-10 11:00:00,6267.0,6268.0,6228.0,6238.0,69759.0,429300.0,429821.0
2024-01-10 13:30:00,6237.0,6237.0,6213.0,6216.0,48367.0,429821.0,437125.0
2024-01-10 14:00:00,6216.0,6220.0,6197.0,6208.0,46466.0,437125.0,438487.0
2024-01-10 14:30:00,6208.0,6219.0,6205.0,6218.0,40623.0,438487.0,433600.0
2024-01-10 21:00:00,6239.0,6245.0,6225.0,6238.0,71260.0,433600.0,438149.0
2024-01-10 21:30:00,6238.0,6253.0,6230.0,6245.0,42651.0,438149.0,436751.0
2024-01-10 22:00:00,6245.0,6248.0,6237.0,6245.0,20975.0,436751.0,437772.0
2024-01-10 22:30:00,6245.0,6246.0,6229.0,6232.0,22093.0,437772.0,436385.0
2024-01-11 09:00:00,6203.0,6236.0,6203.0,6231.0,43404.0,436385.0,434254.0
2024-01-11 09:30:00,6231.0,6238.0,6222.0,6222.0,16172.0,434254.0,435102.0
2024-01-11 10:00:00,6222.0,6228.0,6220.0,6224.0,6740.0,435102.0,435377.0
2024-01-11 10:30:00,6224.0,6249.0,6219.0,6245.0,32506.0,435377.0,433307.0
2024-01-11 11:00:00,6245.0,6288.0,6243.0,6286.0,64700.0,433307.0,429077.0
2024-01-11 13:30:00,6285.0,6299.0,6275.0,6282.0,59146.0,429077.0,427214.0
2024-01-11 14:00:00,6282.0,6285.0,6272.0,6283.0,18022.0,427214.0,426529.0
2024-01-11 14:30:00,6283.0,6284.0,6274.0,6282.0,19998.0,426529.0,421125.0
2024-01-11 21:00:00,6284.0,6286.0,6269.0,6281.0,41347.0,421125.0,421620.0
2024-01-11 21:30:00,6281.0,6283.0,6272.0,6279.0,18203.0,421620.0,421441.0
2024-01-11 22:00:00,6279.0,6292.0,6276.0,6279.0,32420.0,421441.0,420471.0
2024-01-11 22:30:00,6279.0,6285.0,6273.0,6279.0,20887.0,420471.0,416746.0
2024-01-12 09:00:00,6286.0,6295.0,6280.0,6280.0,26979.0,416746.0,418053.0
2024-01-12 09:30:00,6280.0,6292.0,6278.0,6289.0,20545.0,418053.0,417345.0
2024-01-12 10:00:00,6289.0,6294.0,6284.0,6289.0,9031.0,417345.0,417006.0
2024-01-12 10:30:00,6288.0,6290.0,6272.0,6276.0,23756.0,417006.0,414836.0
2024-01-12 11:00:00,6276.0,6287.0,6260.0,6274.0,36471.0,414836.0,411151.0
2024-01-12 13:30:00,6273.0,6276.0,6265.0,6270.0,19357.0,411151.0,408985.0
2024-01-12 14:00:00,6270.0,6282.0,6268.0,6276.0,16372.0,408985.0,406923.0
2024-01-12 14:30:00,6276.0,6286.0,6274.0,6281.0,21263.0,406923.0,402779.0
2024-01-12 21:00:00,6276.0,6290.0,6274.0,6286.0,32329.0,402779.0,403207.0
2024-01-12 21:30:00,6286.0,6315.0,6286.0,6305.0,57158.0,403207.0,401167.0
2024-01-12 22:00:00,6305.0,6313.0,6295.0,6311.0,23692.0,401167.0,401808.0
2024-01-12 22:30:00,6311.0,6319.0,6303.0,6311.0,20636.0,401808.0,399148.0
2024-01-15 09:00:00,6304.0,6304.0,6269.0,6280.0,62848.0,399148.0,392443.0
2024-01-15 09:30:00,6280.0,6283.0,6266.0,6282.0,25810.0,392443.0,391562.0
2024-01-15 10:00:00,6282.0,6289.0,6279.0,6283.0,9608.0,391562.0,390517.0
2024-01-15 10:30:00,6284.0,6284.0,6264.0,6271.0,26412.0,390517.0,392261.0
2024-01-15 11:00:00,6271.0,6278.0,6256.0,6266.0,24743.0,392261.0,393315.0
2024-01-15 13:30:00,6266.0,6279.0,6258.0,6276.0,22194.0,393315.0,392443.0
2024-01-15 14:00:00,6276.0,6276.0,6265.0,6271.0,11189.0,392443.0,392307.0
2024-01-15 14:30:00,6271.0,6278.0,6263.0,6269.0,20091.0,392307.0,388910.0
2024-01-15 21:00:00,6272.0,6278.0,6244.0,6255.0,59986.0,388910.0,397706.0
2024-01-15 21:30:00,6255.0,6270.0,6242.0,6263.0,39622.0,397706.0,395789.0
2024-01-15 22:00:00,6263.0,6272.0,6259.0,6263.0,17960.0,395789.0,396326.0
2024-01-15 22:30:00,6263.0,6268.0,6261.0,6264.0,10075.0,396326.0,394111.0
2024-01-16 09:00:00,6258.0,6270.0,6253.0,6255.0,24843.0,394111.0,395948.0
2024-01-16 09:30:00,6255.0,6288.0,6250.0,6283.0,46744.0,395948.0,393466.0
2024-01-16 10:00:00,6283.0,6293.0,6277.0,6282.0,18866.0,393466.0,391793.0
2024-01-16 10:30:00,6283.0,6295.0,6280.0,6293.0,19053.0,391793.0,393078.0
2024-01-16 11:00:00,6293.0,6298.0,6286.0,6289.0,19949.0,393078.0,393958.0
2024-01-16 13:30:00,6288.0,6298.0,6285.0,6295.0,20353.0,393958.0,395780.0
2024-01-16 14:00:00,6295.0,6296.0,6289.0,6291.0,11411.0,395780.0,395884.0
2024-01-16 14:30:00,6291.0,6295.0,6284.0,6293.0,20719.0,395884.0,392082.0
2024-01-16 21:00:00,6316.0,6334.0,6308.0,6323.0,83274.0,392082.0,403922.0
2024-01-16 21:30:00,6323.0,6325.0,6306.0,6313.0,21972.0,403922.0,402517.0
2024-01-16 22:00:00,6313.0,6321.0,6309.0,6319.0,17223.0,402517.0,403226.0
2024-01-16 22:30:00,6319.0,6320.0,6311.0,6313.0,15543.0,403226.0,400850.0
2024-01-17 09:00:00,6335.0,6358.0,6328.0,6346.0,90981.0,400850.0,407318.0
2024-01-17 09:30:00,6346.0,6355.0,6340.0,6349.0,28732.0,407318.0,410800.0
2024-01-17 10:00:00,6349.0,6350.0,6330.0,6343.0,21145.0,410800.0,408331.0
2024-01-17 10:30:00,6343.0,6355.0,6341.0,6347.0,23858.0,408331.0,411987.0
2024-01-17 11:00:00,6347.0,6355.0,6343.0,6345.0,15616.0,411987.0,412658.0
2024-01-17 13:30:00,6345.0,6351.0,6336.0,6348.0,21313.0,412658.0,413153.0
2024-01-17 14:00:00,6348.0,6356.0,6342.0,6356.0,16606.0,413153.0,413892.0
2024-01-17 14:30:00,6356.0,6356.0,6345.0,6345.0,29464.0,413892.0,408591.0
2024-01-17 21:00:00,6354.0,6364.0,6343.0,6347.0,65925.0,408591.0,412149.0
2024-01-17 21:30:00,6347.0,6361.0,6346.0,6349.0,26663.0,412149.0,413740.0
2024-01-17 22:00:00,6349.0,6350.0,6339.0,6349.0,26854.0,413740.0,413249.0
2024-01-17 22:30:00,6349.0,6356.0,6342.0,6345.0,24557.0,413249.0,410625.0
2024-01-18 09:00:00,6332.0,6341.0,6325.0,6339.0,38757.0,410625.0,408337.0
2024-01-18 09:30:00,6339.0,6345.0,6333.0,6343.0,16083.0,408337.0,408293.0
2024-01-18 10:00:00,6343.0,6345.0,6338.0,6339.0,5748.0,408293.0,408589.0
2024-01-18 10:30:00,6340.0,6340.0,6318.0,6325.0,29954.0,408589.0,404055.0
2024-01-18 11:00:00,6325.0,6331.0,6319.0,6330.0,17708.0,404055.0,403856.0
2024-01-18 13:30:00,6330.0,6335.0,6324.0,6331.0,15949.0,403856.0,402549.0
2024-01-18 14:00:00,6331.0,6344.0,6329.0,6343.0,18493.0,402549.0,402362.0
2024-01-18 14:30:00,6343.0,6346.0,6336.0,6340.0,15923.0,402362.0,398621.0
2024-01-18 21:00:00,6352.0,6355.0,6338.0,6343.0,47227.0,398621.0,403993.0
2024-01-18 21:30:00,6343.0,6348.0,6337.0,6343.0,19439.0,403993.0,404843.0
2024-01-18 22:00:00,6343.0,6356.0,6342.0,6354.0,21540.0,404843.0,407735.0
2024-01-18 22:30:00,6354.0,6354.0,6340.0,6343.0,15996.0,407735.0,404180.0
2024-01-19 09:00:00,6378.0,6391.0,6369.0,6383.0,84129.0,404180.0,413106.0
2024-01-19 09:30:00,6383.0,6384.0,6370.0,6380.0,28894.0,413106.0,412632.0
2024-01-19 10:00:00,6380.0,6384.0,6376.0,6382.0,7623.0,412632.0,413531.0
2024-01-19 10:30:00,6383.0,6398.0,6381.0,6395.0,37080.0,413531.0,415740.0
2024-01-19 11:00:00,6395.0,6402.0,6392.0,6392.0,30005.0,415740.0,417579.0
2024-01-19 13:30:00,6391.0,6401.0,6383.0,6398.0,30823.0,417579.0,416544.0
2024-01-19 14:00:00,6398.0,6401.0,6394.0,6394.0,14387.0,416544.0,417502.0
2024-01-19 14:30:00,6394.0,6396.0,6388.0,6390.0,24097.0,417502.0,411418.0
2024-01-19 21:00:00,6392.0,6406.0,6385.0,6405.0,57556.0,411418.0,417659.0
2024-01-19 21:30:00,6405.0,6409.0,6395.0,6406.0,34693.0,417659.0,419217.0
2024-01-19 22:00:00,6406.0,6417.0,6402.0,6415.0,27469.0,419217.0,422608.0
2024-01-19 22:30:00,6415.0,6420.0,6407.0,6418.0,25304.0,422608.0,419777.0
2024-01-22 09:00:00,6418.0,6419.0,6403.0,6411.0,36671.0,419777.0,418985.0
2024-01-22 09:30:00,6411.0,6425.0,6404.0,6424.0,24197.0,418985.0,419711.0
2024-01-22 10:00:00,6424.0,6426.0,6414.0,6424.0,11912.0,419711.0,419689.0
2024-01-22 10:30:00,6425.0,6435.0,6413.0,6430.0,25422.0,419689.0,419904.0
2024-01-22 11:00:00,6430.0,6444.0,6428.0,6432.0,25388.0,419904.0,419713.0
2024-01-22 13:30:00,6430.0,6438.0,6424.0,6438.0,20657.0,419713.0,421085.0
2024-01-22 14:00:00,6438.0,6446.0,6435.0,6439.0,22922.0,421085.0,422967.0
2024-01-22 14:30:00,6439.0,6450.0,6436.0,6448.0,28083.0,422967.0,421710.0
2024-01-22 21:00:00,6445.0,6445.0,6432.0,6436.0,49160.0,421710.0,426766.0
2024-01-22 21:30:00,6436.0,6443.0,6427.0,6440.0,26842.0,426766.0,427640.0
2024-01-22 22:00:00,6440.0,6450.0,6439.0,6444.0,20054.0,427640.0,430298.0
2024-01-22 22:30:00,6444.0,6450.0,6430.0,6433.0,19837.0,430298.0,427659.0
2024-01-23 09:00:00,6431.0,6437.0,6422.0,6437.0,34569.0,427659.0,427641.0
2024-01-23 09:30:00,6437.0,6437.0,6425.0,6433.0,14440.0,427641.0,427788.0
2024-01-23 10:00:00,6433.0,6442.0,6431.0,6437.0,10071.0,427788.0,428173.0
2024-01-23 10:30:00,6436.0,6439.0,6432.0,6437.0,10363.0,428173.0,429243.0
2024-01-23 11:00:00,6437.0,6444.0,6437.0,6442.0,13278.0,429243.0,429567.0
2024-01-23 13:30:00,6443.0,6447.0,6436.0,6444.0,16187.0,429567.0,432484.0
2024-01-23 14:00:00,6444.0,6449.0,6443.0,6444.0,13166.0,432484.0,433038.0
2024-01-23 14:30:00,6444.0,6446.0,6439.0,6443.0,16216.0,433038.0,431359.0
2024-01-23 21:00:00,6440.0,6443.0,6423.0,6427.0,45111.0,431359.0,434993.0
2024-01-23 21:30:00,6427.0,6445.0,6425.0,6442.0,26881.0,434993.0,437525.0
2024-01-23 22:00:00,6442.0,6446.0,6434.0,6444.0,19162.0,437525.0,438041.0
2024-01-23 22:30:00,6444.0,6477.0,6442.0,6472.0,67744.0,438041.0,441185.0
2024-01-24 09:00:00,6469.0,6472.0,6459.0,6469.0,35643.0,441185.0,440820.0
2024-01-24 09:30:00,6469.0,6477.0,6461.0,6475.0,19912.0,440820.0,443452.0
2024-01-24 10:00:00,6475.0,6477.0,6470.0,6470.0,7059.0,443452.0,444648.0
2024-01-24 10:30:00,6470.0,6490.0,6469.0,6487.0,32092.0,444648.0,449002.0
2024-01-24 11:00:00,6487.0,6489.0,6481.0,6482.0,17020.0,449002.0,449577.0
2024-01-24 13:30:00,6481.0,6487.0,6477.0,6482.0,13942.0,449577.0,450749.0
2024-01-24 14:00:00,6482.0,6483.0,6474.0,6480.0,15538.0,450749.0,450797.0
2024-01-24 14:30:00,6480.0,6486.0,6473.0,6474.0,18642.0,450797.0,447454.0
2024-01-24 21:00:00,6484.0,6490.0,6465.0,6468.0,50025.0,447454.0,452101.0
2024-01-24 21:30:00,6468.0,6472.0,6461.0,6463.0,21752.0,452101.0,451877.0
2024-01-24 22:00:00,6463.0,6475.0,6463.0,6472.0,16280.0,451877.0,452646.0
2024-01-24 22:30:00,6472.0,6472.0,6446.0,6448.0,45400.0,452646.0,446839.0
2024-01-25 09:00:00,6499.0,6527.0,6498.0,6499.0,116111.0,446839.0,452155.0
2024-01-25 09:30:00,6499.0,6504.0,6490.0,6494.0,30147.0,452155.0,451731.0
2024-01-25 10:00:00,6494.0,6499.0,6488.0,6493.0,10110.0,451731.0,451187.0
2024-01-25 10:30:00,6493.0,6505.0,6485.0,6505.0,21661.0,451187.0,452072.0
2024-01-25 11:00:00,6505.0,6513.0,6501.0,6507.0,15990.0,452072.0,452226.0
2024-01-25 13:30:00,6507.0,6513.0,6498.0,6500.0,18962.0,452226.0,453615.0
2024-01-25 14:00:00,6500.0,6511.0,6499.0,6510.0,10101.0,453615.0,455365.0
2024-01-25 14:30:00,6510.0,6511.0,6500.0,6506.0,16421.0,455365.0,454811.0
2024-01-25 21:00:00,6514.0,6522.0,6501.0,6521.0,56897.0,454811.0,464426.0
2024-01-25 21:30:00,6521.0,6537.0,6515.0,6537.0,54294.0,464426.0,469013.0
2024-01-25 22:00:00,6537.0,6539.0,6519.0,6523.0,43067.0,469013.0,465013.0
2024-01-25 22:30:00,6523.0,6523.0,6506.0,6512.0,38614.0,465013.0,461057.0
2024-01-26 09:00:00,6496.0,6496.0,6453.0,6459.0,85304.0,461057.0,450430.0
2024-01-26 09:30:00,6459.0,6461.0,6436.0,6444.0,41092.0,450430.0,447101.0
2024-01-26 10:00:00,6444.0,6447.0,6439.0,6444.0,9586.0,447101.0,446370.0
2024-01-26 10:30:00,6443.0,6452.0,6442.0,6450.0,15651.0,446370.0,444422.0
2024-01-26 11:00:00,6450.0,6453.0,6446.0,6449.0,13064.0,444422.0,444573.0
2024-01-26 13:30:00,6447.0,6460.0,6446.0,6457.0,17624.0,444573.0,443986.0
2024-01-26 14:00:00,6457.0,6459.0,6453.0,6458.0,11388.0,443986.0,444666.0
2024-01-26 14:30:00,6458.0,6458.0,6437.0,6439.0,26570.0,444666.0,443338.0
2024-01-26 21:00:00,6454.0,6464.0,6439.0,6442.0,54353.0,443338.0,445797.0
2024-01-26 21:30:00,6442.0,6447.0,6430.0,6435.0,30407.0,445797.0,447984.0
2024-01-26 22:00:00,6435.0,6441.0,6426.0,6428.0,29814.0,447984.0,448185.0
2024-01-26 22:30:00,6428.0,6453.0,6426.0,6449.0,33278.0,448185.0,447988.0
2024-01-29 09:00:00,6448.0,6480.0,6439.0,6477.0,47934.0,447988.0,446640.0
2024-01-29 09:30:00,6477.0,6481.0,6462.0,6469.0,22210.0,446640.0,448241.0
2024-01-29 10:00:00,6469.0,6476.0,6468.0,6476.0,6100.0,448241.0,448789.0
2024-01-29 10:30:00,6475.0,6494.0,6471.0,6488.0,31140.0,448789.0,449868.0
2024-01-29 11:00:00,6488.0,6488.0,6471.0,6472.0,15578.0,449868.0,449823.0
2024-01-29 13:30:00,6470.0,6471.0,6446.0,6448.0,30452.0,449823.0,451831.0
2024-01-29 14:00:00,6448.0,6461.0,6445.0,6459.0,18327.0,451831.0,451518.0
2024-01-29 14:30:00,6459.0,6481.0,6459.0,6473.0,28758.0,451518.0,448852.0
2024-01-29 21:00:00,6497.0,6502.0,6483.0,6486.0,57102.0,448852.0,454165.0
2024-01-29 21:30:00,6486.0,6488.0,6476.0,6482.0,23531.0,454165.0,455261.0
2024-01-29 22:00:00,6482.0,6483.0,6463.0,6464.0,23117.0,455261.0,455346.0
2024-01-29 22:30:00,6464.0,6466.0,6449.0,6453.0,37448.0,455346.0,450209.0
2024-01-30 09:00:00,6450.0,6457.0,6437.0,6452.0,37427.0,450209.0,452236.0
2024-01-30 09:30:00,6452.0,6461.0,6451.0,6459.0,15091.0,452236.0,451679.0
2024-01-30 10:00:00,6459.0,6468.0,6451.0,6458.0,12097.0,451679.0,450625.0
2024-01-30 10:30:00,6458.0,6460.0,6447.0,6455.0,12803.0,450625.0,450198.0
2024-01-30 11:00:00,6455.0,6465.0,6451.0,6453.0,12297.0,450198.0,449906.0
2024-01-30 13:30:00,6454.0,6456.0,6443.0,6446.0,17193.0,449906.0,451778.0
2024-01-30 14:00:00,6446.0,6458.0,6443.0,6451.0,15832.0,451778.0,451892.0
2024-01-30 14:30:00,6451.0,6454.0,6435.0,6439.0,24908.0,451892.0,450715.0
2024-01-30 21:00:00,6445.0,6458.0,6438.0,6450.0,44368.0,450715.0,454237.0
2024-01-30 21:30:00,6450.0,6456.0,6435.0,6439.0,32917.0,454237.0,455976.0
2024-01-30 22:00:00,6439.0,6457.0,6415.0,6446.0,73103.0,455976.0,457689.0
2024-01-30 22:30:00,6446.0,6455.0,6443.0,6451.0,22753.0,457689.0,453650.0
2024-01-31 09:00:00,6478.0,6496.0,6459.0,6459.0,47763.0,453650.0,451108.0
2024-01-31 09:30:00,6459.0,6468.0,6457.0,6459.0,14176.0,451108.0,451717.0
2024-01-31 10:00:00,6459.0,6461.0,6455.0,6457.0,7002.0,451717.0,451404.0
2024-01-31 10:30:00,6456.0,6462.0,6452.0,6460.0,13753.0,451404.0,449605.0
2024-01-31 11:00:00,6460.0,6474.0,6460.0,6467.0,18587.0,449605.0,448452.0
2024-01-31 13:30:00,6468.0,6478.0,6463.0,6475.0,17678.0,448452.0,448304.0
2024-01-31 14:00:00,6475.0,6480.0,6463.0,6465.0,16140.0,448304.0,447198.0
2024-01-31 14:30:00,6465.0,6471.0,6457.0,6461.0,19987.0,447198.0,443521.0
2024-01-31 21:00:00,6456.0,6465.0,6451.0,6462.0,38398.0,443521.0,447217.0
2024-01-31 21:30:00,6462.0,6485.0,6461.0,6483.0,35300.0,447217.0,451380.0
2024-01-31 22:00:00,6483.0,6485.0,6473.0,6477.0,23064.0,451380.0,453090.0
2024-01-31 22:30:00,6477.0,6482.0,6470.0,6480.0,18049.0,453090.0,451441.0
2024-02-01 09:00:00,6480.0,6490.0,6470.0,6476.0,27386.0,451441.0,451352.0
2024-02-01 09:30:00,6476.0,6476.0,6459.0,6464.0,25153.0,451352.0,446250.0
2024-02-01 10:00:00,6464.0,6474.0,6463.0,6472.0,7062.0,446250.0,446025.0
2024-02-01 10:30:00,6471.0,6485.0,6471.0,6484.0,19001.0,446025.0,450167.0
2024-02-01 11:00:00,6484.0,6489.0,6480.0,6485.0,15338.0,450167.0,453205.0
2024-02-01 13:30:00,6483.0,6485.0,6465.0,6469.0,22771.0,453205.0,449651.0
2024-02-01 14:00:00,6469.0,6475.0,6460.0,6461.0,13787.0,449651.0,448715.0
2024-02-01 14:30:00,6461.0,6477.0,6461.0,6471.0,15623.0,448715.0,447027.0
2024-02-01 21:00:00,6472.0,6483.0,6464.0,6473.0,37237.0,447027.0,449913.0
2024-02-01 21:30:00,6473.0,6522.0,6473.0,6517.0,96305.0,449913.0,473741.0
2024-02-01 22:00:00,6517.0,6524.0,6489.0,6491.0,68545.0,473741.0,470185.0
2024-02-01 22:30:00,6491.0,6510.0,6491.0,6507.0,33574.0,470185.0,468446.0
2024-02-02 09:00:00,6485.0,6486.0,6452.0,6471.0,85435.0,468446.0,459751.0
2024-02-02 09:30:00,6471.0,6481.0,6467.0,6469.0,20517.0,459751.0,461279.0
2024-02-02 10:00:00,6469.0,6478.0,6467.0,6468.0,6991.0,461279.0,461197.0
2024-02-02 10:30:00,6467.0,6468.0,6456.0,6465.0,23258.0,461197.0,459000.0
2024-02-02 11:00:00,6465.0,6467.0,6458.0,6465.0,9134.0,459000.0,458701.0
2024-02-02 13:30:00,6459.0,6467.0,6451.0,6465.0,24961.0,458701.0,457537.0
2024-02-02 14:00:00,6465.0,6488.0,6463.0,6487.0,28466.0,457537.0,457924.0
2024-02-02 14:30:00,6487.0,6500.0,6479.0,6482.0,45516.0,457924.0,458440.0
2024-02-02 21:00:00,6480.0,6512.0,6475.0,6509.0,56198.0,458440.0,467962.0
2024-02-02 21:30:00,6509.0,6517.0,6499.0,6509.0,42030.0,467962.0,474415.0
2024-02-02 22:00:00,6509.0,6519.0,6502.0,6514.0,29757.0,474415.0,479047.0
2024-02-02 22:30:00,6514.0,6525.0,6509.0,6523.0,30279.0,479047.0,476386.0
2024-02-05 09:00:00,6527.0,6588.0,6527.0,6582.0,123290.0,476386.0,490880.0
2024-02-05 09:30:00,6582.0,6585.0,6570.0,6577.0,27145.0,490880.0,491534.0
2024-02-05 10:00:00,6577.0,6584.0,6563.0,6568.0,18988.0,491534.0,490196.0
2024-02-05 10:30:00,6568.0,6570.0,6543.0,6543.0,37194.0,490196.0,481987.0
2024-02-05 11:00:00,6543.0,6551.0,6537.0,6550.0,34055.0,481987.0,475131.0
2024-02-05 13:30:00,6553.0,6556.0,6545.0,6549.0,17662.0,475131.0,474248.0
2024-02-05 14:00:00,6549.0,6549.0,6527.0,6530.0,28769.0,474248.0,471728.0
2024-02-05 14:30:00,6530.0,6541.0,6525.0,6538.0,26491.0,471728.0,467985.0
2024-02-05 21:00:00,6547.0,6550.0,6537.0,6545.0,37318.0,467985.0,472150.0
2024-02-05 21:30:00,6545.0,6549.0,6514.0,6525.0,47603.0,472150.0,468999.0
2024-02-05 22:00:00,6525.0,6530.0,6515.0,6524.0,26859.0,468999.0,465477.0
2024-02-05 22:30:00,6524.0,6525.0,6506.0,6513.0,27065.0,465477.0,462455.0
2024-02-06 09:00:00,6501.0,6512.0,6490.0,6493.0,46879.0,462455.0,457940.0
2024-02-06 09:30:00,6493.0,6514.0,6491.0,6510.0,24350.0,457940.0,457055.0
2024-02-06 10:00:00,6510.0,6515.0,6506.0,6507.0,8068.0,457055.0,456221.0
2024-02-06 10:30:00,6507.0,6510.0,6484.0,6488.0,36166.0,456221.0,449781.0
2024-02-06 11:00:00,6488.0,6499.0,6485.0,6490.0,19991.0,449781.0,448971.0
2024-02-06 13:30:00,6492.0,6507.0,6492.0,6501.0,21493.0,448971.0,448136.0
2024-02-06 14:00:00,6501.0,6505.0,6492.0,6493.0,13628.0,448136.0,447138.0
2024-02-06 14:30:00,6493.0,6502.0,6491.0,6494.0,18219.0,447138.0,443880.0
2024-02-06 21:00:00,6514.0,6527.0,6509.0,6509.0,55016.0,443880.0,443318.0
2024-02-06 21:30:00,6509.0,6511.0,6486.0,6490.0,28265.0,443318.0,442987.0
2024-02-06 22:00:00,6490.0,6504.0,6488.0,6503.0,21500.0,442987.0,441783.0
2024-02-06 22:30:00,6503.0,6508.0,6497.0,6505.0,12558.0,441783.0,439182.0
2024-02-07 09:00:00,6506.0,6506.0,6497.0,6504.0,14580.0,439182.0,438196.0
2024-02-07 09:30:00,6504.0,6515.0,6496.0,6513.0,18965.0,438196.0,436742.0
2024-02-07 10:00:00,6513.0,6525.0,6513.0,6518.0,19980.0,436742.0,438129.0
2024-02-07 10:30:00,6519.0,6526.0,6513.0,6525.0,20761.0,438129.0,435843.0
2024-02-07 11:00:00,6525.0,6525.0,6504.0,6518.0,21842.0,435843.0,431165.0
2024-02-07 13:30:00,6519.0,6530.0,6513.0,6525.0,16846.0,431165.0,431194.0
2024-02-07 14:00:00,6525.0,6541.0,6521.0,6537.0,18522.0,431194.0,431113.0
2024-02-07 14:30:00,6537.0,6547.0,6536.0,6547.0,23764.0,431113.0,428806.0
2024-02-07 21:00:00,6559.0,6596.0,6550.0,6574.0,76810.0,428806.0,432087.0
2024-02-07 21:30:00,6574.0,6579.0,6568.0,6579.0,21263.0,432087.0,433199.0
2024-02-07 22:00:00,6579.0,6580.0,6570.0,6576.0,11971.0,433199.0,432704.0
2024-02-07 22:30:00,6576.0,6585.0,6572.0,6584.0,12634.0,432704.0,431351.0
2024-02-08 09:00:00,6567.0,6572.0,6560.0,6568.0,22518.0,431351.0,427898.0
2024-02-08 09:30:00,6568.0,6576.0,6565.0,6568.0,11468.0,427898.0,426938.0
2024-02-08 10:00:00,6568.0,6569.0,6557.0,6566.0,7018.0,426938.0,425454.0
2024-02-08 10:30:00,6566.0,6567.0,6558.0,6560.0,7150.0,425454.0,424120.0
2024-02-08 11:00:00,6560.0,6566.0,6556.0,6562.0,7572.0,424120.0,422601.0
2024-02-08 13:30:00,6561.0,6564.0,6549.0,6563.0,16567.0,422601.0,419774.0
2024-02-08 14:00:00,6563.0,6568.0,6557.0,6562.0,11901.0,419774.0,417404.0
2024-02-08 14:30:00,6562.0,6576.0,6560.0,6566.0,19673.0,417404.0,410414.0
2024-02-19 09:00:00,6506.0,6527.0,6498.0,6517.0,63301.0,410414.0,415014.0
2024-02-19 09:30:00,6517.0,6522.0,6485.0,6489.0,30880.0,415014.0,416816.0
2024-02-19 10:00:00,6489.0,6502.0,6482.0,6491.0,18182.0,416816.0,415314.0
2024-02-19 10:30:00,6490.0,6490.0,6481.0,6489.0,16896.0,415314.0,416808.0
2024-02-19 11:00:00,6489.0,6505.0,6488.0,6499.0,13271.0,416808.0,417182.0
2024-02-19 13:30:00,6499.0,6499.0,6487.0,6492.0,13871.0,417182.0,416928.0
2024-02-19 14:00:00,6492.0,6493.0,6482.0,6487.0,11769.0,416928.0,416873.0
2024-02-19 14:30:00,6487.0,6499.0,6485.0,6497.0,15202.0,416873.0,415105.0
2024-02-19 21:00:00,6489.0,6495.0,6439.0,6441.0,74986.0,415105.0,421543.0
2024-02-19 21:30:00,6441.0,6441.0,6426.0,6427.0,39510.0,421543.0,426201.0
2024-02-19 22:00:00,6427.0,6439.0,6425.0,6437.0,20622.0,426201.0,424475.0
2024-02-19 22:30:00,6437.0,6438.0,6429.0,6430.0,10681.0,424475.0,422810.0
2024-02-20 09:00:00,6429.0,6433.0,6418.0,6421.0,32940.0,422810.0,421771.0
2024-02-20 09:30:00,6421.0,6421.0,6396.0,6401.0,49745.0,421771.0,420228.0
2024-02-20 10:00:00,6401.0,6402.0,6385.0,6386.0,26713.0,420228.0,419003.0
2024-02-20 10:30:00,6386.0,6397.0,6385.0,6388.0,24365.0,419003.0,418809.0
2024-02-20 11:00:00,6388.0,6397.0,6388.0,6395.0,14452.0,418809.0,416671.0
2024-02-20 13:30:00,6395.0,6395.0,6381.0,6385.0,19774.0,416671.0,417341.0
2024-02-20 14:00:00,6385.0,6387.0,6376.0,6381.0,22354.0,417341.0,417011.0
2024-02-20 14:30:00,6381.0,6382.0,6363.0,6369.0,38460.0,417011.0,412610.0
2024-02-20 21:00:00,6370.0,6378.0,6361.0,6375.0,54699.0,412610.0,418209.0
2024-02-20 21:30:00,6375.0,6382.0,6367.0,6374.0,22053.0,418209.0,418388.0
2024-02-20 22:00:00,6374.0,6376.0,6365.0,6365.0,11630.0,418388.0,418096.0
2024-02-20 22:30:00,6365.0,6368.0,6350.0,6355.0,35571.0,418096.0,415325.0
2024-02-21 09:00:00,6362.0,6367.0,6354.0,6357.0,27890.0,415325.0,415023.0
2024-02-21 09:30:00,6357.0,6359.0,6341.0,6343.0,25716.0,415023.0,416273.0
2024-02-21 10:00:00,6343.0,6345.0,6336.0,6337.0,14060.0,416273.0,415066.0
2024-02-21 10:30:00,6338.0,6374.0,6334.0,6372.0,47545.0,415066.0,405116.0
2024-02-21 11:00:00,6372.0,6385.0,6366.0,6373.0,30087.0,405116.0,401733.0
2024-02-21 13:30:00,6375.0,6376.0,6356.0,6359.0,21895.0,401733.0,401710.0
2024-02-21 14:00:00,6359.0,6362.0,6352.0,6355.0,14405.0,401710.0,401329.0
2024-02-21 14:30:00,6355.0,6369.0,6354.0,6362.0,20526.0,401329.0,398185.0
2024-02-21 21:00:00,6353.0,6357.0,6343.0,6347.0,50478.0,398185.0,400721.0
2024-02-21 21:30:00,6347.0,6370.0,6347.0,6365.0,32614.0,400721.0,399003.0
2024-02-21 22:00:00,6365.0,6368.0,6357.0,6364.0,17637.0,399003.0,397538.0
2024-02-21 22:30:00,6364.0,6372.0,6364.0,6365.0,16088.0,397538.0,394743.0
2024-02-22 09:00:00,6373.0,6379.0,6360.0,6362.0,26239.0,394743.0,395645.0
2024-02-22 09:30:00,6362.0,6370.0,6361.0,6368.0,7749.0,395645.0,395364.0
2024-02-22 10:00:00,6368.0,6368.0,6360.0,6362.0,5237.0,395364.0,395335.0
2024-02-22 10:30:00,6363.0,6371.0,6355.0,6368.0,16797.0,395335.0,395064.0
2024-02-22 11:00:00,6368.0,6372.0,6363.0,6364.0,8329.0,395064.0,394563.0
2024-02-22 13:30:00,6365.0,6366.0,6350.0,6355.0,19555.0,394563.0,393618.0
2024-02-22 14:00:00,6355.0,6360.0,6347.0,6356.0,16692.0,393618.0,392257.0
2024-02-22 14:30:00,6356.0,6369.0,6351.0,6368.0,19372.0,392257.0,389383.0
2024-02-22 21:00:00,6332.0,6334.0,6292.0,6298.0,123932.0,389383.0,395825.0
2024-02-22 21:30:00,6298.0,6302.0,6288.0,6299.0,46085.0,395825.0,396912.0
2024-02-22 22:00:00,6299.0,6302.0,6285.0,6297.0,32812.0,396912.0,395781.0
2024-02-22 22:30:00,6297.0,6307.0,6295.0,6303.0,24081.0,395781.0,392118.0
2024-02-23 09:00:00,6326.0,6360.0,6311.0,6312.0,58685.0,392118.0,390401.0
2024-02-23 09:30:00,6312.0,6319.0,6308.0,6311.0,17913.0,390401.0,389956.0
2024-02-23 10:00:00,6311.0,6316.0,6309.0,6315.0,5263.0,389956.0,389932.0
2024-02-23 10:30:00,6315.0,6316.0,6296.0,6299.0,21048.0,389932.0,390226.0
2024-02-23 11:00:00,6299.0,6304.0,6291.0,6296.0,20249.0,390226.0,388518.0
2024-02-23 13:30:00,6297.0,6301.0,6288.0,6294.0,22162.0,388518.0,387594.0
2024-02-23 14:00:00,6294.0,6298.0,6283.0,6288.0,18891.0,387594.0,386954.0
2024-02-23 14:30:00,6288.0,6293.0,6281.0,6282.0,26823.0,386954.0,383097.0
2024-02-23 21:00:00,6289.0,6292.0,6272.0,6277.0,52885.0,383097.0,386683.0
2024-02-23 21:30:00,6277.0,6280.0,6267.0,6279.0,24363.0,386683.0,387485.0
2024-02-23 22:00:00,6279.0,6280.0,6264.0,6264.0,18771.0,387485.0,386812.0
2024-02-23 22:30:00,6264.0,6270.0,6258.0,6265.0,21782.0,386812.0,384093.0
2024-02-26 09:00:00,6264.0,6264.0,6247.0,6252.0,39723.0,384093.0,387070.0
2024-02-26 09:30:00,6252.0,6258.0,6242.0,6245.0,24195.0,387070.0,386703.0
2024-02-26 10:00:00,6245.0,6253.0,6242.0,6249.0,5761.0,386703.0,386373.0
2024-02-26 10:30:00,6249.0,6249.0,6237.0,6239.0,16144.0,386373.0,385817.0
2024-02-26 11:00:00,6239.0,6240.0,6227.0,6235.0,30348.0,385817.0,387028.0
2024-02-26 13:30:00,6236.0,6243.0,6231.0,6239.0,22040.0,387028.0,382705.0
2024-02-26 14:00:00,6239.0,6246.0,6234.0,6238.0,17590.0,382705.0,378373.0
2024-02-26 14:30:00,6238.0,6240.0,6229.0,6233.0,19401.0,378373.0,376414.0
2024-02-26 21:00:00,6251.0,6265.0,6245.0,6263.0,56200.0,376414.0,375031.0
2024-02-26 21:30:00,6263.0,6268.0,6258.0,6260.0,18136.0,375031.0,374893.0
2024-02-26 22:00:00,6260.0,6275.0,6259.0,6273.0,22017.0,374893.0,373647.0
2024-02-26 22:30:00,6273.0,6279.0,6270.0,6271.0,19381.0,373647.0,370124.0
2024-02-27 09:00:00,6271.0,6279.0,6267.0,6271.0,21932.0,370124.0,370097.0
2024-02-27 09:30:00,6271.0,6272.0,6257.0,6260.0,17921.0,370097.0,369692.0
2024-02-27 10:00:00,6260.0,6263.0,6257.0,6262.0,5265.0,369692.0,369586.0
2024-02-27 10:30:00,6262.0,6265.0,6250.0,6253.0,15947.0,369586.0,368745.0
2024-02-27 11:00:00,6253.0,6256.0,6248.0,6249.0,14815.0,368745.0,368112.0
2024-02-27 13:30:00,6248.0,6256.0,6245.0,6251.0,16018.0,368112.0,368533.0
2024-02-27 14:00:00,6251.0,6253.0,6246.0,6247.0,10841.0,368533.0,367763.0
2024-02-27 14:30:00,6247.0,6254.0,6246.0,6248.0,17648.0,367763.0,365120.0
2024-02-27 21:00:00,6261.0,6268.0,6254.0,6256.0,43183.0,365120.0,365682.0
2024-02-27 21:30:00,6256.0,6274.0,6252.0,6270.0,32413.0,365682.0,365393.0
2024-02-27 22:00:00,6270.0,6286.0,6269.0,6281.0,35533.0,365393.0,361580.0
2024-02-27 22:30:00,6281.0,6285.0,6274.0,6279.0,18340.0,361580.0,360442.0
2024-02-28 09:00:00,6293.0,6298.0,6280.0,6296.0,37599.0,360442.0,360529.0
2024-02-28 09:30:00,6296.0,6313.0,6295.0,6301.0,34976.0,360529.0,357685.0
2024-02-28 10:00:00,6301.0,6301.0,6290.0,6293.0,10991.0,357685.0,357580.0
2024-02-28 10:30:00,6294.0,6297.0,6283.0,6286.0,16392.0,357580.0,357879.0
2024-02-28 11:00:00,6286.0,6287.0,6281.0,6284.0,12895.0,357879.0,358468.0
2024-02-28 13:30:00,6285.0,6286.0,6267.0,6277.0,28826.0,358468.0,359209.0
2024-02-28 14:00:00,6277.0,6280.0,6267.0,6269.0,15228.0,359209.0,360465.0
2024-02-28 14:30:00,6269.0,6277.0,6268.0,6276.0,15292.0,360465.0,358847.0
2024-02-28 21:00:00,6276.0,6281.0,6261.0,6267.0,45492.0,358847.0,366345.0
2024-02-28 21:30:00,6267.0,6275.0,6256.0,6259.0,26949.0,366345.0,368239.0
2024-02-28 22:00:00,6259.0,6275.0,6258.0,6271.0,16121.0,368239.0,368038.0
2024-02-28 22:30:00,6271.0,6273.0,6264.0,6271.0,13059.0,368038.0,366381.0
2024-02-29 09:00:00,6271.0,6279.0,6267.0,6267.0,19609.0,366381.0,369015.0
2024-02-29 09:30:00,6267.0,6269.0,6258.0,6264.0,16215.0,369015.0,371363.0
2024-02-29 10:00:00,6264.0,6267.0,6260.0,6266.0,5568.0,371363.0,371438.0
2024-02-29 10:30:00,6266.0,6291.0,6266.0,6291.0,25544.0,371438.0,370029.0
2024-02-29 11:00:00,6291.0,6294.0,6279.0,6282.0,20474.0,370029.0,369015.0
2024-02-29 13:30:00,6282.0,6289.0,6277.0,6280.0,12495.0,369015.0,369139.0
2024-02-29 14:00:00,6280.0,6286.0,6273.0,6284.0,11377.0,369139.0,369331.0
2024-02-29 14:30:00,6284.0,6291.0,6283.0,6289.0,13734.0,369331.0,367152.0
2024-02-29 21:00:00,6252.0,6255.0,6213.0,6224.0,119488.0,367152.0,374943.0
2024-02-29 21:30:00,6224.0,6231.0,6210.0,6216.0,47815.0,374943.0,380634.0
2024-02-29 22:00:00,6216.0,6231.0,6209.0,6228.0,32141.0,380634.0,381604.0
2024-02-29 22:30:00,6228.0,6232.0,6219.0,6222.0,20601.0,381604.0,379398.0
2024-03-01 09:00:00,6210.0,6218.0,6204.0,6214.0,39888.0,379398.0,383580.0
2024-03-01 09:30:00,6214.0,6242.0,6214.0,6233.0,33226.0,383580.0,382031.0
2024-03-01 10:00:00,6233.0,6236.0,6229.0,6234.0,7348.0,382031.0,381839.0
2024-03-01 10:30:00,6234.0,6244.0,6228.0,6244.0,13924.0,381839.0,382078.0
2024-03-01 11:00:00,6244.0,6244.0,6232.0,6241.0,13607.0,382078.0,381101.0
2024-03-01 13:30:00,6241.0,6258.0,6238.0,6247.0,28001.0,381101.0,379614.0
2024-03-01 14:00:00,6247.0,6255.0,6243.0,6252.0,16000.0,379614.0,378564.0
2024-03-01 14:30:00,6252.0,6255.0,6244.0,6254.0,18205.0,378564.0,374605.0
2024-03-01 21:00:00,6226.0,6251.0,6225.0,6243.0,49957.0,374605.0,380287.0
2024-03-01 21:30:00,6243.0,6273.0,6238.0,6266.0,47051.0,380287.0,381813.0
2024-03-01 22:00:00,6266.0,6275.0,6255.0,6271.0,32660.0,381813.0,383334.0
2024-03-01 22:30:00,6271.0,6273.0,6255.0,6258.0,20627.0,383334.0,378838.0
2024-03-04 09:00:00,6254.0,6254.0,6231.0,6236.0,38712.0,378838.0,378007.0
2024-03-04 09:30:00,6236.0,6244.0,6231.0,6237.0,13150.0,378007.0,378431.0
2024-03-04 10:00:00,6237.0,6250.0,6235.0,6245.0,7717.0,378431.0,378191.0
2024-03-04 10:30:00,6246.0,6256.0,6246.0,6256.0,14620.0,378191.0,378797.0
2024-03-04 11:00:00,6256.0,6266.0,6255.0,6258.0,16583.0,378797.0,380281.0
2024-03-04 13:30:00,6259.0,6270.0,6255.0,6264.0,16372.0,380281.0,380416.0
2024-03-04 14:00:00,6264.0,6271.0,6262.0,6266.0,11303.0,380416.0,382273.0
2024-03-04 14:30:00,6266.0,6281.0,6266.0,6274.0,21131.0,382273.0,379762.0
2024-03-04 21:00:00,6272.0,6289.0,6268.0,6284.0,44775.0,379762.0,383263.0
2024-03-04 21:30:00,6284.0,6302.0,6281.0,6299.0,31262.0,383263.0,384870.0
2024-03-04 22:00:00,6299.0,6301.0,6287.0,6295.0,20398.0,384870.0,382570.0
2024-03-04 22:30:00,6295.0,6297.0,6284.0,6289.0,16588.0,382570.0,379590.0
2024-03-05 09:00:00,6251.0,6271.0,6236.0,6263.0,53447.0,379590.0,376851.0
2024-03-05 09:30:00,6263.0,6275.0,6258.0,6272.0,15322.0,376851.0,376538.0
2024-03-05 10:00:00,6272.0,6272.0,6265.0,6266.0,5689.0,376538.0,376863.0
2024-03-05 10:30:00,6267.0,6293.0,6263.0,6291.0,22917.0,376863.0,380029.0
2024-03-05 11:00:00,6291.0,6302.0,6282.0,6284.0,26476.0,380029.0,379501.0
2024-03-05 13:30:00,6283.0,6292.0,6278.0,6291.0,14832.0,379501.0,379424.0
2024-03-05 14:00:00,6291.0,6297.0,6286.0,6287.0,12449.0,379424.0,380503.0
2024-03-05 14:30:00,6287.0,6292.0,6274.0,6283.0,22685.0,380503.0,375476.0
2024-03-05 21:00:00,6283.0,6311.0,6280.0,6301.0,54681.0,375476.0,380412.0
2024-03-05 21:30:00,6301.0,6325.0,6300.0,6316.0,49953.0,380412.0,379287.0
2024-03-05 22:00:00,6316.0,6322.0,6308.0,6313.0,22437.0,379287.0,377966.0
2024-03-05 22:30:00,6313.0,6321.0,6309.0,6314.0,15800.0,377966.0,375444.0
2024-03-06 09:00:00,6320.0,6324.0,6291.0,6295.0,43066.0,375444.0,373856.0
2024-03-06 09:30:00,6295.0,6295.0,6285.0,6293.0,28912.0,373856.0,371992.0
2024-03-06 10:00:00,6293.0,6302.0,6292.0,6301.0,7799.0,371992.0,370947.0
2024-03-06 10:30:00,6301.0,6304.0,6290.0,6294.0,14191.0,370947.0,371860.0
2024-03-06 11:00:00,6294.0,6295.0,6268.0,6283.0,35992.0,371860.0,372121.0
2024-03-06 13:30:00,6283.0,6286.0,6275.0,6277.0,13881.0,372121.0,372153.0
2024-03-06 14:00:00,6277.0,6283.0,6273.0,6282.0,12578.0,372153.0,371234.0
2024-03-06 14:30:00,6282.0,6286.0,6260.0,6265.0,31375.0,371234.0,370313.0
2024-03-06 21:00:00,6280.0,6308.0,6275.0,6299.0,63731.0,370313.0,368032.0
2024-03-06 21:30:00,6299.0,6312.0,6297.0,6299.0,27121.0,368032.0,367748.0
2024-03-06 22:00:00,6299.0,6302.0,6294.0,6296.0,16055.0,367748.0,367336.0
2024-03-06 22:30:00,6296.0,6303.0,6288.0,6292.0,19667.0,367336.0,365067.0
2024-03-07 09:00:00,6298.0,6310.0,6293.0,6307.0,22629.0,365067.0,366833.0
2024-03-07 09:30:00,6307.0,6316.0,6303.0,6309.0,14949.0,366833.0,365462.0
2024-03-07 10:00:00,6309.0,6313.0,6308.0,6308.0,4308.0,365462.0,365813.0
2024-03-07 10:30:00,6308.0,6308.0,6297.0,6299.0,13331.0,365813.0,364867.0
2024-03-07 11:00:00,6299.0,6301.0,6292.0,6300.0,12167.0,364867.0,364005.0
2024-03-07 13:30:00,6300.0,6301.0,6282.0,6284.0,20099.0,364005.0,363883.0
2024-03-07 14:00:00,6284.0,6285.0,6271.0,6273.0,29520.0,363883.0,367695.0
2024-03-07 14:30:00,6273.0,6280.0,6265.0,6266.0,28809.0,367695.0,369440.0
2024-03-07 21:00:00,6255.0,6284.0,6250.0,6284.0,53036.0,369440.0,374151.0
2024-03-07 21:30:00,6284.0,6290.0,6283.0,6284.0,23122.0,374151.0,373711.0
2024-03-07 22:00:00,6284.0,6291.0,6279.0,6290.0,20731.0,373711.0,373497.0
2024-03-07 22:30:00,6290.0,6291.0,6283.0,6284.0,12982.0,373497.0,371285.0
2024-03-08 09:00:00,6287.0,6287.0,6273.0,6284.0,21276.0,371285.0,371361.0
2024-03-08 09:30:00,6284.0,6284.0,6271.0,6272.0,11557.0,371361.0,371619.0
2024-03-08 10:00:00,6272.0,6275.0,6267.0,6274.0,7211.0,371619.0,371412.0
2024-03-08 10:30:00,6274.0,6279.0,6265.0,6267.0,12040.0,371412.0,371781.0
2024-03-08 11:00:00,6267.0,6276.0,6266.0,6271.0,9549.0,371781.0,372057.0
2024-03-08 13:30:00,6274.0,6304.0,6272.0,6302.0,36925.0,372057.0,372196.0
2024-03-08 14:00:00,6302.0,6310.0,6293.0,6299.0,26616.0,372196.0,370404.0
2024-03-08 14:30:00,6299.0,6307.0,6295.0,6305.0,19101.0,370404.0,368356.0
2024-03-08 21:00:00,6298.0,6300.0,6286.0,6291.0,38683.0,368356.0,368788.0
2024-03-08 21:30:00,6291.0,6319.0,6289.0,6301.0,42608.0,368788.0,369785.0
2024-03-08 22:00:00,6301.0,6307.0,6291.0,6304.0,24227.0,369785.0,369380.0
2024-03-08 22:30:00,6304.0,6306.0,6288.0,6291.0,18962.0,369380.0,366299.0
2024-03-11 09:00:00,6286.0,6298.0,6275.0,6286.0,38821.0,366299.0,365113.0
2024-03-11 09:30:00,6286.0,6288.0,6274.0,6282.0,16586.0,365113.0,366636.0
2024-03-11 10:00:00,6282.0,6288.0,6280.0,6284.0,6060.0,366636.0,366259.0
2024-03-11 10:30:00,6283.0,6288.0,6276.0,6281.0,10218.0,366259.0,367020.0
2024-03-11 11:00:00,6281.0,6281.0,6269.0,6276.0,16999.0,367020.0,367081.0
2024-03-11 13:30:00,6277.0,6291.0,6274.0,6288.0,17021.0,367081.0,365907.0
2024-03-11 14:00:00,6288.0,6309.0,6288.0,6303.0,37832.0,365907.0,365063.0
2024-03-11 14:30:00,6303.0,6307.0,6301.0,6306.0,16773.0,365063.0,365175.0
2024-03-11 21:00:00,6329.0,6346.0,6316.0,6343.0,85487.0,365175.0,367217.0
2024-03-11 21:30:00,6343.0,6361.0,6336.0,6359.0,45446.0,367217.0,369566.0
2024-03-11 22:00:00,6359.0,6376.0,6358.0,6372.0,55250.0,369566.0,372138.0
2024-03-11 22:30:00,6372.0,6395.0,6372.0,6383.0,62198.0,372138.0,374186.0
2024-03-12 09:00:00,6398.0,6416.0,6388.0,6414.0,60843.0,374186.0,376056.0
2024-03-12 09:30:00,6414.0,6425.0,6412.0,6422.0,39189.0,376056.0,380096.0
2024-03-12 10:00:00,6422.0,6422.0,6410.0,6421.0,17696.0,380096.0,379343.0
2024-03-12 10:30:00,6419.0,6424.0,6413.0,6422.0,20246.0,379343.0,379854.0
2024-03-12 11:00:00,6422.0,6432.0,6422.0,6430.0,24875.0,379854.0,379481.0
2024-03-12 13:30:00,6430.0,6438.0,6424.0,6436.0,31959.0,379481.0,379350.0
2024-03-12 14:00:00,6436.0,6443.0,6429.0,6441.0,31281.0,379350.0,377712.0
2024-03-12 14:30:00,6441.0,6449.0,6439.0,6447.0,33585.0,377712.0,375747.0
2024-03-12 21:00:00,6452.0,6455.0,6434.0,6438.0,58509.0,375747.0,377568.0
2024-03-12 21:30:00,6438.0,6446.0,6432.0,6443.0,31071.0,377568.0,378918.0
2024-03-12 22:00:00,6443.0,6461.0,6443.0,6458.0,42733.0,378918.0,381481.0
2024-03-12 22:30:00,6458.0,6458.0,6444.0,6445.0,20714.0,381481.0,377890.0
2024-03-13 09:00:00,6445.0,6455.0,6438.0,6451.0,33270.0,377890.0,377194.0
2024-03-13 09:30:00,6451.0,6465.0,6450.0,6457.0,22729.0,377194.0,377885.0
2024-03-13 10:00:00,6457.0,6460.0,6450.0,6455.0,8946.0,377885.0,376185.0
2024-03-13 10:30:00,6455.0,6469.0,6450.0,6468.0,20296.0,376185.0,376261.0
2024-03-13 11:00:00,6468.0,6471.0,6459.0,6471.0,19377.0,376261.0,375806.0
2024-03-13 13:30:00,6471.0,6479.0,6468.0,6478.0,25153.0,375806.0,376363.0
2024-03-13 14:00:00,6478.0,6480.0,6465.0,6468.0,22781.0,376363.0,373900.0
2024-03-13 14:30:00,6468.0,6479.0,6467.0,6474.0,23866.0,373900.0,372142.0
2024-03-13 21:00:00,6458.0,6459.0,6423.0,6427.0,92301.0,372142.0,366625.0
2024-03-13 21:30:00,6427.0,6433.0,6418.0,6423.0,33460.0,366625.0,363800.0
2024-03-13 22:00:00,6423.0,6443.0,6421.0,6439.0,27675.0,363800.0,361986.0
2024-03-13 22:30:00,6439.0,6443.0,6433.0,6438.0,17129.0,361986.0,360187.0
2024-03-14 09:00:00,6461.0,6490.0,6460.0,6475.0,70328.0,360187.0,362102.0
2024-03-14 09:30:00,6475.0,6484.0,6472.0,6483.0,17691.0,362102.0,363912.0
2024-03-14 10:00:00,6483.0,6493.0,6480.0,6485.0,13661.0,363912.0,364744.0
2024-03-14 10:30:00,6485.0,6494.0,6479.0,6484.0,19744.0,364744.0,365150.0
2024-03-14 11:00:00,6484.0,6496.0,6483.0,6486.0,22378.0,365150.0,365716.0
2024-03-14 13:30:00,6484.0,6510.0,6476.0,6502.0,44985.0,365716.0,371282.0
2024-03-14 14:00:00,6502.0,6515.0,6492.0,6510.0,31910.0,371282.0,373107.0
2024-03-14 14:30:00,6510.0,6514.0,6488.0,6491.0,29161.0,373107.0,367890.0
2024-03-14 21:00:00,6505.0,6505.0,6489.0,6498.0,44476.0,367890.0,371608.0
2024-03-14 21:30:00,6498.0,6502.0,6484.0,6489.0,23643.0,371608.0,372383.0
2024-03-14 22:00:00,6489.0,6502.0,6484.0,6497.0,18312.0,372383.0,371885.0
2024-03-14 22:30:00,6497.0,6502.0,6494.0,6500.0,17137.0,371885.0,370655.0
2024-03-15 09:00:00,6476.0,6508.0,6460.0,6508.0,50195.0,370655.0,373062.0
2024-03-15 09:30:00,6508.0,6513.0,6500.0,6504.0,23665.0,373062.0,376527.0
2024-03-15 10:00:00,6504.0,6510.0,6492.0,6510.0,15410.0,376527.0,376051.0
2024-03-15 10:30:00,6510.0,6520.0,6506.0,6512.0,21654.0,376051.0,377904.0
2024-03-15 11:00:00,6512.0,6528.0,6511.0,6528.0,35131.0,377904.0,380838.0
2024-03-15 13:30:00,6528.0,6537.0,6522.0,6533.0,30841.0,380838.0,384607.0
2024-03-15 14:00:00,6533.0,6547.0,6532.0,6541.0,30026.0,384607.0,388833.0
2024-03-15 14:30:00,6541.0,6547.0,6533.0,6536.0,29339.0,388833.0,388491.0
2024-03-15 21:00:00,6540.0,6551.0,6530.0,6548.0,47753.0,388491.0,392057.0
2024-03-15 21:30:00,6548.0,6556.0,6532.0,6534.0,37654.0,392057.0,393262.0
2024-03-15 22:00:00,6534.0,6537.0,6525.0,6530.0,22913.0,393262.0,392183.0
2024-03-15 22:30:00,6530.0,6545.0,6530.0,6538.0,22595.0,392183.0,388800.0
2024-03-18 09:00:00,6546.0,6554.0,6531.0,6554.0,35561.0,388800.0,390730.0
2024-03-18 09:30:00,6554.0,6563.0,6542.0,6560.0,24672.0,390730.0,391768.0
2024-03-18 10:00:00,6560.0,6561.0,6549.0,6560.0,10756.0,391768.0,392665.0
2024-03-18 10:30:00,6559.0,6561.0,6537.0,6541.0,21752.0,392665.0,393116.0
2024-03-18 11:00:00,6541.0,6564.0,6534.0,6560.0,30297.0,393116.0,394967.0
2024-03-18 13:30:00,6559.0,6569.0,6553.0,6562.0,22313.0,394967.0,398010.0
2024-03-18 14:00:00,6562.0,6564.0,6550.0,6556.0,18368.0,398010.0,396566.0
2024-03-18 14:30:00,6556.0,6562.0,6546.0,6556.0,20044.0,396566.0,395857.0
2024-03-18 21:00:00,6560.0,6577.0,6547.0,6552.0,50421.0,395857.0,401456.0
2024-03-18 21:30:00,6552.0,6555.0,6541.0,6545.0,24456.0,401456.0,402010.0
2024-03-18 22:00:00,6545.0,6553.0,6540.0,6552.0,16402.0,402010.0,401936.0
2024-03-18 22:30:00,6552.0,6566.0,6550.0,6552.0,22956.0,401936.0,400715.0
2024-03-19 09:00:00,6552.0,6555.0,6531.0,6545.0,33316.0,400715.0,401523.0
2024-03-19 09:30:00,6545.0,6557.0,6544.0,6550.0,20300.0,401523.0,402213.0
2024-03-19 10:00:00,6550.0,6552.0,6544.0,6549.0,5582.0,402213.0,402737.0
2024-03-19 10:30:00,6549.0,6559.0,6544.0,6554.0,16100.0,402737.0,402987.0
2024-03-19 11:00:00,6554.0,6572.0,6553.0,6568.0,26975.0,402987.0,408328.0
2024-03-19 13:30:00,6567.0,6569.0,6560.0,6565.0,16498.0,408328.0,410096.0
2024-03-19 14:00:00,6565.0,6571.0,6562.0,6569.0,15751.0,410096.0,412997.0
2024-03-19 14:30:00,6569.0,6586.0,6569.0,6570.0,40513.0,412997.0,409861.0
2024-03-19 21:00:00,6536.0,6556.0,6531.0,6546.0,79375.0,409861.0,416883.0
2024-03-19 21:30:00,6546.0,6547.0,6506.0,6509.0,65700.0,416883.0,417449.0
2024-03-19 22:00:00,6509.0,6515.0,6497.0,6505.0,44189.0,417449.0,416132.0
2024-03-19 22:30:00,6505.0,6517.0,6503.0,6510.0,30432.0,416132.0,413042.0
2024-03-20 09:00:00,6503.0,6511.0,6491.0,6495.0,36807.0,413042.0,412376.0
2024-03-20 09:30:00,6495.0,6496.0,6475.0,6478.0,35961.0,412376.0,411146.0
2024-03-20 10:00:00,6478.0,6484.0,6471.0,6473.0,12227.0,411146.0,409789.0
2024-03-20 10:30:00,6472.0,6497.0,6472.0,6494.0,29608.0,409789.0,407965.0
2024-03-20 11:00:00,6494.0,6508.0,6492.0,6501.0,25056.0,407965.0,407620.0
2024-03-20 13:30:00,6499.0,6503.0,6490.0,6496.0,18717.0,407620.0,409118.0
2024-03-20 14:00:00,6496.0,6498.0,6486.0,6488.0,14014.0,409118.0,408187.0
2024-03-20 14:30:00,6488.0,6495.0,6487.0,6489.0,17832.0,408187.0,404649.0
2024-03-20 21:00:00,6456.0,6492.0,6450.0,6490.0,71693.0,404649.0,408314.0
2024-03-20 21:30:00,6490.0,6491.0,6475.0,6481.0,27623.0,408314.0,406609.0
2024-03-20 22:00:00,6481.0,6487.0,6476.0,6483.0,13384.0,406609.0,406391.0
2024-03-20 22:30:00,6483.0,6507.0,6481.0,6505.0,33875.0,406391.0,403514.0
2024-03-21 09:00:00,6517.0,6569.0,6509.0,6510.0,62781.0,403514.0,399005.0
2024-03-21 09:30:00,6510.0,6523.0,6505.0,6519.0,20302.0,399005.0,397959.0
2024-03-21 10:00:00,6519.0,6535.0,6517.0,6527.0,13465.0,397959.0,397994.0
2024-03-21 10:30:00,6527.0,6532.0,6515.0,6516.0,14815.0,397994.0,397511.0
2024-03-21 11:00:00,6516.0,6528.0,6514.0,6520.0,11469.0,397511.0,397242.0
2024-03-21 13:30:00,6521.0,6523.0,6512.0,6519.0,18555.0,397242.0,396569.0
2024-03-21 14:00:00,6519.0,6540.0,6518.0,6532.0,21485.0,396569.0,396037.0
2024-03-21 14:30:00,6532.0,6533.0,6525.0,6526.0,17849.0,396037.0,393759.0
2024-03-21 21:00:00,6539.0,6552.0,6522.0,6523.0,51410.0,393759.0,394601.0
2024-03-21 21:30:00,6523.0,6531.0,6515.0,6516.0,25769.0,394601.0,394782.0
2024-03-21 22:00:00,6516.0,6523.0,6510.0,6521.0,17671.0,394782.0,394191.0
2024-03-21 22:30:00,6521.0,6531.0,6518.0,6527.0,19161.0,394191.0,390768.0
2024-03-22 09:00:00,6525.0,6525.0,6513.0,6520.0,18337.0,390768.0,391697.0
2024-03-22 09:30:00,6520.0,6525.0,6507.0,6508.0,23379.0,391697.0,392524.0
2024-03-22 10:00:00,6508.0,6521.0,6507.0,6515.0,9026.0,392524.0,392144.0
2024-03-22 10:30:00,6516.0,6541.0,6516.0,6540.0,26515.0,392144.0,394214.0
2024-03-22 11:00:00,6540.0,6550.0,6532.0,6536.0,29321.0,394214.0,395631.0
2024-03-22 13:30:00,6538.0,6545.0,6531.0,6545.0,17146.0,395631.0,396869.0
2024-03-22 14:00:00,6545.0,6557.0,6539.0,6541.0,31732.0,396869.0,398854.0
2024-03-22 14:30:00,6541.0,6546.0,6533.0,6542.0,21007.0,398854.0,395853.0
2024-03-22 21:00:00,6555.0,6560.0,6533.0,6537.0,43411.0,395853.0,399033.0
2024-03-22 21:30:00,6537.0,6544.0,6532.0,6536.0,18709.0,399033.0,399672.0
2024-03-22 22:00:00,6536.0,6545.0,6519.0,6523.0,25028.0,399672.0,398077.0
2024-03-22 22:30:00,6523.0,6523.0,6507.0,6521.0,29238.0,398077.0,393064.0
2024-03-25 09:00:00,6522.0,6522.0,6497.0,6514.0,36319.0,393064.0,391685.0
2024-03-25 09:30:00,6514.0,6517.0,6485.0,6487.0,28504.0,391685.0,389473.0
2024-03-25 10:00:00,6487.0,6492.0,6473.0,6475.0,13891.0,389473.0,387645.0
2024-03-25 10:30:00,6475.0,6483.0,6467.0,6467.0,21763.0,387645.0,384167.0
2024-03-25 11:00:00,6467.0,6469.0,6440.0,6442.0,53074.0,384167.0,379352.0
2024-03-25 13:30:00,6441.0,6449.0,6428.0,6445.0,41692.0,379352.0,372900.0
2024-03-25 14:00:00,6445.0,6456.0,6444.0,6448.0,23107.0,372900.0,369529.0
2024-03-25 14:30:00,6448.0,6463.0,6448.0,6461.0,17513.0,369529.0,365402.0
2024-03-25 21:00:00,6462.0,6476.0,6451.0,6472.0,40298.0,365402.0,366180.0
2024-03-25 21:30:00,6472.0,6487.0,6471.0,6480.0,29697.0,366180.0,368465.0
2024-03-25 22:00:00,6480.0,6495.0,6474.0,6493.0,23306.0,368465.0,369692.0
2024-03-25 22:30:00,6493.0,6494.0,6486.0,6491.0,17037.0,369692.0,368862.0
2024-03-26 09:00:00,6492.0,6493.0,6475.0,6479.0,21740.0,368862.0,370490.0
2024-03-26 09:30:00,6479.0,6481.0,6469.0,6470.0,15853.0,370490.0,370649.0
2024-03-26 10:00:00,6470.0,6473.0,6465.0,6465.0,7286.0,370649.0,369749.0
2024-03-26 10:30:00,6465.0,6468.0,6456.0,6460.0,14516.0,369749.0,367641.0
2024-03-26 11:00:00,6460.0,6462.0,6453.0,6455.0,14542.0,367641.0,364657.0
2024-03-26 13:30:00,6455.0,6468.0,6450.0,6463.0,19589.0,364657.0,362843.0
2024-03-26 14:00:00,6463.0,6471.0,6453.0,6454.0,16825.0,362843.0,359883.0
2024-03-26 14:30:00,6454.0,6465.0,6452.0,6462.0,13888.0,359883.0,357251.0
2024-03-26 21:00:00,6481.0,6516.0,6474.0,6493.0,66129.0,357251.0,358946.0
2024-03-26 21:30:00,6493.0,6501.0,6484.0,6489.0,21186.0,358946.0,358860.0
2024-03-26 22:00:00,6489.0,6508.0,6488.0,6502.0,17557.0,358860.0,359477.0
2024-03-26 22:30:00,6502.0,6506.0,6494.0,6500.0,16169.0,359477.0,358283.0
2024-03-27 09:00:00,6499.0,6525.0,6495.0,6496.0,47337.0,358283.0,361324.0
2024-03-27 09:30:00,6496.0,6497.0,6482.0,6489.0,27566.0,361324.0,359831.0
2024-03-27 10:00:00,6489.0,6492.0,6480.0,6489.0,9963.0,359831.0,358175.0
2024-03-27 10:30:00,6489.0,6489.0,6475.0,6477.0,28187.0,358175.0,353954.0
2024-03-27 11:00:00,6477.0,6481.0,6461.0,6476.0,28513.0,353954.0,350067.0
2024-03-27 13:30:00,6473.0,6482.0,6467.0,6467.0,19737.0,350067.0,346551.0
2024-03-27 14:00:00,6467.0,6473.0,6455.0,6457.0,22107.0,346551.0,342553.0
2024-03-27 14:30:00,6457.0,6485.0,6457.0,6483.0,24763.0,342553.0,337977.0
2024-03-27 21:00:00,6450.0,6460.0,6433.0,6450.0,69429.0,337977.0,336543.0
2024-03-27 21:30:00,6450.0,6469.0,6448.0,6465.0,20678.0,336543.0,336804.0
2024-03-27 22:00:00,6465.0,6468.0,6455.0,6458.0,14308.0,336804.0,336062.0
2024-03-27 22:30:00,6458.0,6463.0,6441.0,6448.0,19596.0,336062.0,334018.0
2024-03-28 09:00:00,6453.0,6461.0,6447.0,6448.0,18600.0,334018.0,335200.0
2024-03-28 09:30:00,6448.0,6467.0,6447.0,6462.0,19278.0,335200.0,334277.0
2024-03-28 10:00:00,6462.0,6475.0,6458.0,6472.0,9969.0,334277.0,333442.0
2024-03-28 10:30:00,6473.0,6478.0,6466.0,6467.0,14187.0,333442.0,333653.0
2024-03-28 11:00:00,6467.0,6473.0,6453.0,6467.0,16876.0,333653.0,332062.0
2024-03-28 13:30:00,6468.0,6483.0,6467.0,6482.0,16242.0,332062.0,331742.0
2024-03-28 14:00:00,6482.0,6491.0,6476.0,6480.0,16927.0,331742.0,332069.0
2024-03-28 14:30:00,6480.0,6482.0,6471.0,6472.0,12131.0,332069.0,329600.0
2024-03-28 21:00:00,6493.0,6517.0,6475.0,6481.0,47741.0,329600.0,325490.0
2024-03-28 21:30:00,6481.0,6503.0,6477.0,6502.0,29782.0,325490.0,327450.0
2024-03-28 22:00:00,6502.0,6505.0,6485.0,6489.0,27939.0,327450.0,326868.0
2024-03-28 22:30:00,6489.0,6496.0,6488.0,6490.0,13964.0,326868.0,324754.0
2024-03-29 09:00:00,6501.0,6512.0,6490.0,6490.0,27020.0,324754.0,326310.0
2024-03-29 09:30:00,6490.0,6506.0,6489.0,6504.0,11152.0,326310.0,326572.0
2024-03-29 10:00:00,6504.0,6505.0,6496.0,6499.0,3902.0,326572.0,326621.0
2024-03-29 10:30:00,6500.0,6538.0,6496.0,6536.0,37944.0,326621.0,330339.0
2024-03-29 11:00:00,6536.0,6539.0,6521.0,6527.0,19526.0,330339.0,328647.0
2024-03-29 13:30:00,6527.0,6528.0,6515.0,6516.0,16750.0,328647.0,326731.0
2024-03-29 14:00:00,6516.0,6523.0,6514.0,6519.0,10446.0,326731.0,326693.0
2024-03-29 14:30:00,6519.0,6519.0,6505.0,6510.0,19713.0,326693.0,323106.0
2024-03-29 21:00:00,6520.0,6527.0,6505.0,6521.0,39150.0,323106.0,323745.0
2024-03-29 21:30:00,6521.0,6546.0,6519.0,6540.0,34639.0,323745.0,328420.0
2024-03-29 22:00:00,6540.0,6795.0,6535.0,6613.0,63920.0,328420.0,337604.0
2024-03-29 22:30:00,6613.0,6704.0,6613.0,6645.0,258673.0,337604.0,342440.0
2024-04-01 09:00:00,6651.0,6674.0,6623.0,6630.0,80577.0,342440.0,342252.0
2024-04-01 09:30:00,6630.0,6635.0,6610.0,6632.0,41659.0,342252.0,339853.0
2024-04-01 10:00:00,6632.0,6644.0,6626.0,6641.0,19535.0,339853.0,340006.0
2024-04-01 10:30:00,6642.0,6645.0,6621.0,6623.0,28337.0,340006.0,339969.0
2024-04-01 11:00:00,6623.0,6642.0,6619.0,6630.0,28607.0,339969.0,338208.0
2024-04-01 13:30:00,6629.0,6648.0,6623.0,6647.0,29421.0,338208.0,336343.0
2024-04-01 14:00:00,6647.0,6649.0,6626.0,6635.0,21085.0,336343.0,334360.0
2024-04-01 14:30:00,6635.0,6640.0,6630.0,6638.0,18660.0,334360.0,331720.0
2024-04-01 21:00:00,6654.0,6672.0,6642.0,6650.0,78790.0,331720.0,328389.0
2024-04-01 21:30:00,6650.0,6653.0,6633.0,6645.0,25575.0,328389.0,327356.0
2024-04-01 22:00:00,6645.0,6646.0,6626.0,6635.0,25336.0,327356.0,325982.0
2024-04-01 22:30:00,6635.0,6642.0,6629.0,6636.0,16349.0,325982.0,323474.0
2024-04-02 09:00:00,6629.0,6630.0,6606.0,6613.0,44957.0,323474.0,320879.0
2024-04-02 09:30:00,6613.0,6619.0,6591.0,6608.0,51179.0,320879.0,317634.0
2024-04-02 10:00:00,6608.0,6611.0,6603.0,6605.0,9862.0,317634.0,315292.0
2024-04-02 10:30:00,6605.0,6618.0,6602.0,6604.0,22024.0,315292.0,310643.0
2024-04-02 11:00:00,6604.0,6610.0,6595.0,6600.0,20089.0,310643.0,305574.0
2024-04-02 13:30:00,6600.0,6605.0,6593.0,6599.0,17105.0,305574.0,301836.0
2024-04-02 14:00:00,6599.0,6618.0,6595.0,6612.0,28608.0,301836.0,294415.0
2024-04-02 14:30:00,6612.0,6622.0,6606.0,6621.0,30083.0,294415.0,285805.0
2024-04-02 21:00:00,6604.0,6626.0,6598.0,6615.0,48911.0,285805.0,283986.0
2024-04-02 21:30:00,6615.0,6616.0,6594.0,6614.0,25904.0,283986.0,281434.0
2024-04-02 22:00:00,6614.0,6617.0,6600.0,6604.0,12314.0,281434.0,281038.0
2024-04-02 22:30:00,6604.0,6615.0,6599.0,6600.0,12252.0,281038.0,277878.0
2024-04-03 09:00:00,6590.0,6605.0,6576.0,6599.0,37068.0,277878.0,274267.0
2024-04-03 09:30:00,6599.0,6612.0,6596.0,6605.0,12396.0,274267.0,273390.0
2024-04-03 10:00:00,6605.0,6616.0,6605.0,6611.0,6719.0,273390.0,273207.0
2024-04-03 10:30:00,6612.0,6623.0,6604.0,6619.0,19725.0,273207.0,269085.0
2024-04-03 11:00:00,6619.0,6624.0,6611.0,6616.0,12085.0,269085.0,266771.0
2024-04-03 13:30:00,6616.0,6630.0,6616.0,6626.0,16357.0,266771.0,265237.0
2024-04-03 14:00:00,6626.0,6626.0,6612.0,6612.0,15470.0,265237.0,260174.0
2024-04-03 14:30:00,6612.0,6612.0,6589.0,6598.0,24881.0,260174.0,251557.0
2024-04-08 09:00:00,6570.0,6638.0,6552.0,6638.0,80372.0,251557.0,245649.0
2024-04-08 09:30:00,6638.0,6643.0,6621.0,6625.0,31909.0,245649.0,243501.0
2024-04-08 10:00:00,6625.0,6644.0,6625.0,6635.0,13386.0,243501.0,242865.0
2024-04-08 10:30:00,6634.0,6639.0,6623.0,6633.0,22496.0,242865.0,240111.0
2024-04-08 11:00:00,6633.0,6635.0,6625.0,6631.0,10592.0,240111.0,237328.0
2024-04-08 13:30:00,6632.0,6633.0,6617.0,6624.0,16736.0,237328.0,233679.0
2024-04-08 14:00:00,6624.0,6625.0,6602.0,6604.0,21067.0,233679.0,229614.0
2024-04-08 14:30:00,6604.0,6605.0,6584.0,6604.0,28487.0,229614.0,224301.0
2024-04-08 21:00:00,6517.0,6532.0,6498.0,6501.0,48773.0,224301.0,318045.0
2024-04-08 21:30:00,6501.0,6512.0,6485.0,6489.0,24350.0,318045.0,321483.0
2024-04-08 22:00:00,6489.0,6496.0,6480.0,6495.0,17278.0,321483.0,322436.0
2024-04-08 22:30:00,6495.0,6500.0,6491.0,6491.0,13097.0,322436.0,322275.0
2024-04-09 09:00:00,6488.0,6494.0,6473.0,6494.0,22291.0,322275.0,324518.0
2024-04-09 09:30:00,6494.0,6499.0,6487.0,6487.0,13186.0,324518.0,326147.0
2024-04-09 10:00:00,6487.0,6499.0,6487.0,6494.0,4957.0,326147.0,327022.0
2024-04-09 10:30:00,6493.0,6506.0,6481.0,6483.0,26340.0,327022.0,331915.0
2024-04-09 11:00:00,6483.0,6486.0,6471.0,6481.0,20267.0,331915.0,333894.0
2024-04-09 13:30:00,6480.0,6494.0,6480.0,6491.0,14754.0,333894.0,337251.0
2024-04-09 14:00:00,6491.0,6499.0,6491.0,6499.0,12405.0,337251.0,340763.0
2024-04-09 14:30:00,6499.0,6505.0,6492.0,6502.0,14982.0,340763.0,341700.0
2024-04-09 21:00:00,6496.0,6517.0,6482.0,6485.0,65937.0,341700.0,352187.0
2024-04-09 21:30:00,6485.0,6493.0,6477.0,6491.0,26641.0,352187.0,353838.0
2024-04-09 22:00:00,6491.0,6518.0,6488.0,6511.0,37277.0,353838.0,360053.0
2024-04-09 22:30:00,6511.0,6514.0,6495.0,6499.0,28573.0,360053.0,357623.0
2024-04-10 09:00:00,6494.0,6503.0,6485.0,6489.0,33533.0,357623.0,363401.0
2024-04-10 09:30:00,6489.0,6502.0,6485.0,6499.0,20940.0,363401.0,366433.0
2024-04-10 10:00:00,6499.0,6499.0,6489.0,6492.0,7801.0,366433.0,366828.0
2024-04-10 10:30:00,6492.0,6510.0,6490.0,6507.0,23312.0,366828.0,370845.0
2024-04-10 11:00:00,6507.0,6509.0,6495.0,6497.0,17399.0,370845.0,371095.0
2024-04-10 13:30:00,6497.0,6501.0,6484.0,6494.0,22156.0,371095.0,370687.0
2024-04-10 14:00:00,6494.0,6504.0,6489.0,6504.0,15459.0,370687.0,372247.0
2024-04-10 14:30:00,6504.0,6506.0,6499.0,6503.0,18339.0,372247.0,371521.0
2024-04-10 21:00:00,6508.0,6528.0,6495.0,6516.0,66905.0,371521.0,381920.0
2024-04-10 21:30:00,6516.0,6526.0,6408.0,6423.0,136576.0,381920.0,376163.0
2024-04-10 22:00:00,6423.0,6445.0,6417.0,6435.0,65731.0,376163.0,373225.0
2024-04-10 22:30:00,6435.0,6443.0,6419.0,6426.0,34041.0,373225.0,372191.0
2024-04-11 09:00:00,6425.0,6434.0,6418.0,6425.0,31659.0,372191.0,374439.0
2024-04-11 09:30:00,6425.0,6434.0,6423.0,6425.0,18343.0,374439.0,376542.0
2024-04-11 10:00:00,6425.0,6433.0,6424.0,6430.0,4924.0,376542.0,376467.0
2024-04-11 10:30:00,6432.0,6451.0,6429.0,6445.0,25436.0,376467.0,373966.0
2024-04-11 11:00:00,6445.0,6482.0,6445.0,6478.0,45756.0,373966.0,370826.0
2024-04-11 13:30:00,6480.0,6493.0,6468.0,6478.0,40450.0,370826.0,369870.0
2024-04-11 14:00:00,6478.0,6481.0,6462.0,6464.0,21084.0,369870.0,368162.0
2024-04-11 14:30:00,6464.0,6471.0,6450.0,6455.0,25391.0,368162.0,364568.0
2024-04-11 21:00:00,6433.0,6445.0,6424.0,6429.0,66924.0,364568.0,374314.0
2024-04-11 21:30:00,6429.0,6431.0,6418.0,6420.0,32589.0,374314.0,377334.0
2024-04-11 22:00:00,6420.0,6430.0,6416.0,6430.0,22867.0,377334.0,377276.0
2024-04-11 22:30:00,6430.0,6430.0,6421.0,6427.0,14109.0,377276.0,374955.0
2024-04-12 09:00:00,6418.0,6418.0,6371.0,6377.0,78080.0,374955.0,377200.0
2024-04-12 09:30:00,6377.0,6395.0,6368.0,6392.0,41906.0,377200.0,376746.0
2024-04-12 10:00:00,6392.0,6400.0,6392.0,6400.0,18062.0,376746.0,377283.0
2024-04-12 10:30:00,6399.0,6401.0,6384.0,6390.0,20474.0,377283.0,379123.0
2024-04-12 11:00:00,6390.0,6398.0,6389.0,6391.0,14780.0,379123.0,379670.0
2024-04-12 13:30:00,6391.0,6399.0,6381.0,6393.0,30844.0,379670.0,380941.0
2024-04-12 14:00:00,6393.0,6395.0,6386.0,6390.0,14756.0,380941.0,380504.0
2024-04-12 14:30:00,6390.0,6398.0,6388.0,6394.0,23189.0,380504.0,374864.0
2024-04-12 21:00:00,6382.0,6394.0,6376.0,6389.0,48949.0,374864.0,379926.0
2024-04-12 21:30:00,6389.0,6416.0,6388.0,6400.0,56328.0,379926.0,378218.0
2024-04-12 22:00:00,6400.0,6412.0,6397.0,6410.0,27503.0,378218.0,378156.0
2024-04-12 22:30:00,6410.0,6414.0,6403.0,6404.0,18585.0,378156.0,374742.0
2024-04-15 09:00:00,6389.0,6389.0,6352.0,6353.0,78131.0,374742.0,379101.0
2024-04-15 09:30:00,6353.0,6365.0,6334.0,6343.0,49987.0,379101.0,383351.0
2024-04-15 10:00:00,6343.0,6345.0,6334.0,6338.0,18059.0,383351.0,384092.0
2024-04-15 10:30:00,6338.0,6340.0,6323.0,6333.0,34532.0,384092.0,385499.0
2024-04-15 11:00:00,6333.0,6334.0,6315.0,6326.0,40504.0,385499.0,388240.0
2024-04-15 13:30:00,6326.0,6331.0,6321.0,6322.0,16775.0,388240.0,388173.0
2024-04-15 14:00:00,6322.0,6328.0,6316.0,6327.0,20271.0,388173.0,387152.0
2024-04-15 14:30:00,6327.0,6344.0,6327.0,6333.0,35558.0,387152.0,381516.0
2024-04-15 21:00:00,6330.0,6344.0,6326.0,6339.0,47646.0,381516.0,383527.0
2024-04-15 21:30:00,6339.0,6346.0,6328.0,6329.0,39702.0,383527.0,383116.0
2024-04-15 22:00:00,6329.0,6333.0,6320.0,6330.0,24492.0,383116.0,383820.0
2024-04-15 22:30:00,6330.0,6334.0,6308.0,6321.0,33840.0,383820.0,382933.0
2024-04-16 09:00:00,6305.0,6305.0,6262.0,6264.0,96510.0,382933.0,393902.0
2024-04-16 09:30:00,6264.0,6277.0,6262.0,6275.0,31170.0,393902.0,393760.0
2024-04-16 10:00:00,6275.0,6280.0,6273.0,6275.0,15040.0,393760.0,392316.0
2024-04-16 10:30:00,6275.0,6278.0,6266.0,6277.0,16231.0,392316.0,391101.0
2024-04-16 11:00:00,6277.0,6287.0,6269.0,6279.0,32049.0,391101.0,385527.0
2024-04-16 13:30:00,6279.0,6293.0,6277.0,6291.0,32202.0,385527.0,382139.0
2024-04-16 14:00:00,6291.0,6305.0,6288.0,6296.0,28971.0,382139.0,378178.0
2024-04-16 14:30:00,6296.0,6307.0,6293.0,6303.0,22673.0,378178.0,374037.0
2024-04-16 21:00:00,6233.0,6273.0,6225.0,6261.0,100222.0,374037.0,387554.0
2024-04-16 21:30:00,6261.0,6267.0,6246.0,6249.0,41177.0,387554.0,390323.0
2024-04-16 22:00:00,6249.0,6263.0,6249.0,6258.0,21476.0,390323.0,389161.0
2024-04-16 22:30:00,6258.0,6269.0,6256.0,6266.0,25318.0,389161.0,385823.0
2024-04-17 09:00:00,6256.0,6278.0,6252.0,6253.0,34275.0,385823.0,385002.0
2024-04-17 09:30:00,6253.0,6260.0,6249.0,6254.0,16718.0,385002.0,384947.0
2024-04-17 10:00:00,6254.0,6265.0,6253.0,6261.0,7267.0,384947.0,384629.0
2024-04-17 10:30:00,6262.0,6268.0,6256.0,6258.0,14231.0,384629.0,383089.0
2024-04-17 11:00:00,6258.0,6258.0,6244.0,6250.0,22563.0,383089.0,383744.0
2024-04-17 13:30:00,6252.0,6254.0,6239.0,6244.0,26474.0,383744.0,381376.0
2024-04-17 14:00:00,6244.0,6250.0,6237.0,6247.0,21357.0,381376.0,380211.0
2024-04-17 14:30:00,6247.0,6256.0,6244.0,6252.0,21860.0,380211.0,377127.0
2024-04-17 21:00:00,6228.0,6230.0,6205.0,6225.0,96072.0,377127.0,382483.0
2024-04-17 21:30:00,6225.0,6228.0,6215.0,6224.0,29550.0,382483.0,383731.0
2024-04-17 22:00:00,6224.0,6227.0,6213.0,6219.0,20737.0,383731.0,384865.0
2024-04-17 22:30:00,6219.0,6231.0,6213.0,6221.0,37307.0,384865.0,383394.0
2024-04-18 09:00:00,6211.0,6224.0,6193.0,6196.0,64449.0,383394.0,387164.0
2024-04-18 09:30:00,6196.0,6200.0,6176.0,6183.0,52591.0,387164.0,394471.0
2024-04-18 10:00:00,6183.0,6187.0,6177.0,6182.0,14811.0,394471.0,395130.0
2024-04-18 10:30:00,6180.0,6189.0,6176.0,6179.0,28085.0,395130.0,396591.0
2024-04-18 11:00:00,6179.0,6190.0,6175.0,6187.0,27561.0,396591.0,393528.0
2024-04-18 13:30:00,6186.0,6188.0,6179.0,6183.0,16801.0,393528.0,392307.0
2024-04-18 14:00:00,6183.0,6183.0,6176.0,6177.0,13818.0,392307.0,392477.0
2024-04-18 14:30:00,6177.0,6179.0,6163.0,6166.0,36708.0,392477.0,390201.0
2024-04-18 21:00:00,6194.0,6218.0,6185.0,6210.0,106304.0,390201.0,381612.0
2024-04-18 21:30:00,6210.0,6217.0,6200.0,6212.0,45696.0,381612.0,380537.0
2024-04-18 22:00:00,6212.0,6224.0,6209.0,6216.0,34455.0,380537.0,379617.0
2024-04-18 22:30:00,6216.0,6221.0,6211.0,6218.0,22281.0,379617.0,377769.0
2024-04-19 09:00:00,6220.0,6241.0,6220.0,6228.0,61290.0,377769.0,375777.0
2024-04-19 09:30:00,6228.0,6235.0,6216.0,6223.0,28532.0,375777.0,372931.0
2024-04-19 10:00:00,6223.0,6223.0,6215.0,6221.0,10499.0,372931.0,371977.0
2024-04-19 10:30:00,6220.0,6237.0,6220.0,6229.0,19593.0,371977.0,370760.0
2024-04-19 11:00:00,6229.0,6231.0,6215.0,6223.0,20921.0,370760.0,370292.0
2024-04-19 13:30:00,6222.0,6226.0,6216.0,6220.0,14896.0,370292.0,370671.0
2024-04-19 14:00:00,6220.0,6220.0,6211.0,6219.0,13335.0,370671.0,370951.0
2024-04-19 14:30:00,6219.0,6223.0,6213.0,6216.0,18884.0,370951.0,370199.0
2024-04-19 21:00:00,6203.0,6214.0,6185.0,6197.0,83716.0,370199.0,376941.0
2024-04-19 21:30:00,6197.0,6206.0,6191.0,6194.0,25794.0,376941.0,378894.0
2024-04-19 22:00:00,6194.0,6202.0,6190.0,6196.0,21453.0,378894.0,379436.0
2024-04-19 22:30:00,6196.0,6211.0,6193.0,6198.0,25982.0,379436.0,376619.0
2024-04-22 09:00:00,6212.0,6222.0,6193.0,6198.0,58143.0,376619.0,381944.0
2024-04-22 09:30:00,6198.0,6204.0,6193.0,6202.0,15881.0,381944.0,383534.0
2024-04-22 10:00:00,6202.0,6209.0,6201.0,6208.0,10238.0,383534.0,382736.0
2024-04-22 10:30:00,6208.0,6215.0,6206.0,6213.0,22913.0,382736.0,383688.0
2024-04-22 11:00:00,6213.0,6213.0,6198.0,6205.0,18934.0,383688.0,383923.0
2024-04-22 13:30:00,6206.0,6211.0,6203.0,6210.0,15764.0,383923.0,384081.0
2024-04-22 14:00:00,6210.0,6226.0,6209.0,6216.0,35726.0,384081.0,385843.0
2024-04-22 14:30:00,6216.0,6224.0,6212.0,6212.0,19798.0,385843.0,385003.0
2024-04-22 21:00:00,6223.0,6234.0,6207.0,6210.0,72196.0,385003.0,388149.0
2024-04-22 21:30:00,6210.0,6211.0,6192.0,6200.0,55619.0,388149.0,390397.0
2024-04-22 22:00:00,6200.0,6214.0,6194.0,6211.0,30992.0,390397.0,388064.0
2024-04-22 22:30:00,6211.0,6223.0,6205.0,6214.0,38857.0,388064.0,385938.0
2024-04-23 09:00:00,6212.0,6218.0,6204.0,6213.0,39467.0,385938.0,391476.0
2024-04-23 09:30:00,6213.0,6219.0,6208.0,6216.0,21803.0,391476.0,392001.0
2024-04-23 10:00:00,6216.0,6221.0,6214.0,6216.0,11438.0,392001.0,391943.0
2024-04-23 10:30:00,6216.0,6221.0,6209.0,6215.0,16746.0,391943.0,391100.0
2024-04-23 11:00:00,6215.0,6218.0,6196.0,6205.0,37258.0,391100.0,391306.0
2024-04-23 13:30:00,6204.0,6211.0,6196.0,6200.0,29064.0,391306.0,390820.0
2024-04-23 14:00:00,6200.0,6202.0,6191.0,6201.0,24670.0,390820.0,392477.0
2024-04-23 14:30:00,6201.0,6204.0,6176.0,6182.0,43685.0,392477.0,391598.0
2024-04-23 21:00:00,6185.0,6203.0,6181.0,6184.0,58015.0,391598.0,397489.0
2024-04-23 21:30:00,6184.0,6188.0,6172.0,6186.0,46779.0,397489.0,402591.0
2024-04-23 22:00:00,6186.0,6187.0,6175.0,6180.0,19958.0,402591.0,404196.0
2024-04-23 22:30:00,6180.0,6195.0,6178.0,6186.0,22175.0,404196.0,400448.0
2024-04-24 09:00:00,6187.0,6215.0,6187.0,6199.0,54568.0,400448.0,394494.0
2024-04-24 09:30:00,6199.0,6201.0,6193.0,6199.0,14759.0,394494.0,395148.0
2024-04-24 10:00:00,6199.0,6207.0,6197.0,6204.0,10433.0,395148.0,393895.0
2024-04-24 10:30:00,6203.0,6216.0,6201.0,6208.0,26113.0,393895.0,391961.0
2024-04-24 11:00:00,6208.0,6213.0,6202.0,6204.0,12625.0,391961.0,390256.0
2024-04-24 13:30:00,6205.0,6210.0,6196.0,6202.0,18073.0,390256.0,391537.0
2024-04-24 14:00:00,6202.0,6204.0,6189.0,6192.0,20754.0,391537.0,392442.0
2024-04-24 14:30:00,6192.0,6196.0,6187.0,6192.0,20360.0,392442.0,392401.0
2024-04-24 21:00:00,6193.0,6205.0,6184.0,6200.0,50855.0,392401.0,397181.0
2024-04-24 21:30:00,6200.0,6202.0,6190.0,6196.0,24107.0,397181.0,399355.0
2024-04-24 22:00:00,6196.0,6202.0,6192.0,6200.0,15699.0,399355.0,398345.0
2024-04-24 22:30:00,6200.0,6207.0,6196.0,6201.0,22680.0,398345.0,394767.0
2024-04-25 09:00:00,6201.0,6208.0,6193.0,6194.0,29198.0,394767.0,395198.0
2024-04-25 09:30:00,6194.0,6197.0,6105.0,6113.0,147200.0,395198.0,405525.0
2024-04-25 10:00:00,6113.0,6117.0,6092.0,6095.0,55661.0,405525.0,410032.0
2024-04-25 10:30:00,6095.0,6159.0,6095.0,6158.0,101854.0,410032.0,399687.0
2024-04-25 11:00:00,6158.0,6159.0,6132.0,6140.0,39636.0,399687.0,395326.0
2024-04-25 13:30:00,6139.0,6165.0,6139.0,6160.0,33948.0,395326.0,396932.0
2024-04-25 14:00:00,6160.0,6162.0,6147.0,6153.0,18737.0,396932.0,395340.0
2024-04-25 14:30:00,6153.0,6160.0,6147.0,6158.0,21452.0,395340.0,393130.0
2024-04-25 21:00:00,6111.0,6138.0,6106.0,6116.0,86588.0,393130.0,397201.0
2024-04-25 21:30:00,6116.0,6128.0,6102.0,6126.0,42875.0,397201.0,399603.0
2024-04-25 22:00:00,6126.0,6139.0,6124.0,6137.0,30839.0,399603.0,398502.0
2024-04-25 22:30:00,6137.0,6189.0,6136.0,6176.0,93887.0,398502.0,389186.0
2024-04-26 09:00:00,6150.0,6175.0,6140.0,6171.0,47417.0,389186.0,391011.0
2024-04-26 09:30:00,6171.0,6171.0,6148.0,6149.0,24125.0,391011.0,388894.0
2024-04-26 10:00:00,6149.0,6159.0,6147.0,6156.0,9136.0,388894.0,389532.0
2024-04-26 10:30:00,6155.0,6162.0,6147.0,6157.0,17072.0,389532.0,389685.0
2024-04-26 11:00:00,6157.0,6164.0,6151.0,6160.0,14441.0,389685.0,389335.0
2024-04-26 13:30:00,6159.0,6174.0,6156.0,6166.0,20996.0,389335.0,388345.0
2024-04-26 14:00:00,6166.0,6173.0,6161.0,6163.0,12324.0,388345.0,387129.0
2024-04-26 14:30:00,6163.0,6175.0,6160.0,6174.0,20689.0,387129.0,384088.0
2024-04-26 21:00:00,6196.0,6205.0,6165.0,6170.0,70693.0,384088.0,380855.0
2024-04-26 21:30:00,6170.0,6177.0,6157.0,6165.0,28826.0,380855.0,381138.0
2024-04-26 22:00:00,6165.0,6165.0,6154.0,6156.0,29109.0,381138.0,383503.0
2024-04-26 22:30:00,6156.0,6169.0,6152.0,6165.0,21961.0,383503.0,379557.0
2024-04-29 09:00:00,6151.0,6164.0,6134.0,6147.0,45085.0,379557.0,379223.0
2024-04-29 09:30:00,6147.0,6151.0,6133.0,6151.0,31946.0,379223.0,379926.0
2024-04-29 10:00:00,6151.0,6158.0,6145.0,6155.0,8228.0,379926.0,380218.0
2024-04-29 10:30:00,6155.0,6158.0,6142.0,6148.0,13086.0,380218.0,380705.0
2024-04-29 11:00:00,6148.0,6148.0,6136.0,6140.0,17947.0,380705.0,382824.0
2024-04-29 13:30:00,6140.0,6145.0,6118.0,6122.0,38197.0,382824.0,387837.0
2024-04-29 14:00:00,6122.0,6137.0,6122.0,6137.0,20595.0,387837.0,388436.0
2024-04-29 14:30:00,6137.0,6138.0,6122.0,6130.0,21730.0,388436.0,388439.0
2024-04-29 21:00:00,6137.0,6168.0,6137.0,6165.0,66630.0,388439.0,380430.0
2024-04-29 21:30:00,6165.0,6169.0,6158.0,6161.0,27131.0,380430.0,378282.0
2024-04-29 22:00:00,6161.0,6171.0,6158.0,6158.0,26453.0,378282.0,376356.0
2024-04-29 22:30:00,6158.0,6162.0,6154.0,6156.0,18900.0,376356.0,374079.0
2024-04-30 09:00:00,6166.0,6174.0,6157.0,6161.0,40144.0,374079.0,374468.0
2024-04-30 09:30:00,6161.0,6165.0,6152.0,6155.0,16823.0,374468.0,375387.0
2024-04-30 10:00:00,6155.0,6159.0,6151.0,6157.0,4768.0,375387.0,375248.0
2024-04-30 10:30:00,6157.0,6167.0,6154.0,6162.0,16859.0,375248.0,374959.0
2024-04-30 11:00:00,6162.0,6171.0,6158.0,6170.0,17192.0,374959.0,373916.0
2024-04-30 13:30:00,6171.0,6173.0,6164.0,6166.0,21671.0,373916.0,371457.0
2024-04-30 14:00:00,6166.0,6169.0,6157.0,6162.0,14573.0,371457.0,368847.0
2024-04-30 14:30:00,6162.0,6173.0,6160.0,6168.0,25503.0,368847.0,361947.0
2024-05-06 09:00:00,6162.0,6225.0,6145.0,6183.0,117039.0,361947.0,363632.0
2024-05-06 09:30:00,6183.0,6202.0,6179.0,6202.0,28305.0,363632.0,368388.0
2024-05-06 10:00:00,6202.0,6204.0,6187.0,6194.0,10845.0,368388.0,367746.0
2024-05-06 10:30:00,6194.0,6198.0,6177.0,6181.0,21781.0,367746.0,370158.0
2024-05-06 11:00:00,6181.0,6181.0,6165.0,6173.0,26069.0,370158.0,372467.0
2024-05-06 13:30:00,6173.0,6190.0,6173.0,6184.0,22627.0,372467.0,371608.0
2024-05-06 14:00:00,6184.0,6187.0,6178.0,6183.0,10994.0,371608.0,371468.0
2024-05-06 14:30:00,6183.0,6190.0,6181.0,6185.0,16739.0,371468.0,370478.0
2024-05-06 21:00:00,6184.0,6254.0,6180.0,6234.0,147078.0,370478.0,371083.0
2024-05-06 21:30:00,6234.0,6256.0,6228.0,6251.0,50948.0,371083.0,372876.0
2024-05-06 22:00:00,6251.0,6253.0,6241.0,6248.0,29074.0,372876.0,371895.0
2024-05-06 22:30:00,6248.0,6252.0,6242.0,6245.0,20110.0,371895.0,368890.0
2024-05-07 09:00:00,6252.0,6271.0,6248.0,6251.0,49569.0,368890.0,368800.0
2024-05-07 09:30:00,6251.0,6252.0,6233.0,6241.0,30827.0,368800.0,366506.0
2024-05-07 10:00:00,6241.0,6243.0,6234.0,6243.0,9561.0,366506.0,365690.0
2024-05-07 10:30:00,6243.0,6245.0,6228.0,6230.0,21103.0,365690.0,366681.0
2024-05-07 11:00:00,6230.0,6239.0,6229.0,6237.0,13099.0,366681.0,368036.0
2024-05-07 13:30:00,6238.0,6252.0,6238.0,6252.0,22762.0,368036.0,369576.0
2024-05-07 14:00:00,6252.0,6255.0,6241.0,6248.0,19938.0,369576.0,366861.0
2024-05-07 14:30:00,6248.0,6285.0,6247.0,6282.0,48866.0,366861.0,365592.0
2024-05-07 21:00:00,6286.0,6308.0,6274.0,6305.0,97155.0,365592.0,376022.0
2024-05-07 21:30:00,6305.0,6321.0,6305.0,6309.0,67477.0,376022.0,376835.0
2024-05-07 22:00:00,6309.0,6319.0,6307.0,6315.0,26535.0,376835.0,375792.0
2024-05-07 22:30:00,6315.0,6319.0,6308.0,6314.0,25088.0,375792.0,370969.0
2024-05-08 09:00:00,6320.0,6322.0,6295.0,6299.0,65215.0,370969.0,362184.0
2024-05-08 09:30:00,6299.0,6302.0,6286.0,6297.0,33210.0,362184.0,360419.0
2024-05-08 10:00:00,6297.0,6297.0,6288.0,6296.0,9240.0,360419.0,359489.0
2024-05-08 10:30:00,6297.0,6311.0,6295.0,6311.0,23302.0,359489.0,360287.0
2024-05-08 11:00:00,6311.0,6317.0,6310.0,6312.0,17701.0,360287.0,358518.0
2024-05-08 13:30:00,6312.0,6317.0,6305.0,6315.0,19454.0,358518.0,356289.0
2024-05-08 14:00:00,6315.0,6322.0,6305.0,6306.0,28894.0,356289.0,354973.0
2024-05-08 14:30:00,6306.0,6315.0,6298.0,6309.0,30640.0,354973.0,350434.0
2024-05-08 21:00:00,6277.0,6304.0,6261.0,6299.0,78764.0,350434.0,351283.0
2024-05-08 21:30:00,6299.0,6306.0,6287.0,6296.0,40930.0,351283.0,351762.0
2024-05-08 22:00:00,6296.0,6304.0,6292.0,6301.0,24292.0,351762.0,352812.0
2024-05-08 22:30:00,6301.0,6311.0,6296.0,6309.0,33473.0,352812.0,352552.0
2024-05-09 09:00:00,6311.0,6316.0,6301.0,6313.0,36609.0,352552.0,353369.0
2024-05-09 09:30:00,6313.0,6316.0,6301.0,6304.0,21183.0,353369.0,353754.0
2024-05-09 10:00:00,6304.0,6311.0,6300.0,6311.0,8926.0,353754.0,353681.0
2024-05-09 10:30:00,6310.0,6318.0,6306.0,6315.0,14450.0,353681.0,354439.0
2024-05-09 11:00:00,6315.0,6325.0,6314.0,6318.0,27815.0,354439.0,355612.0
2024-05-09 13:30:00,6319.0,6323.0,6304.0,6308.0,23415.0,355612.0,352414.0
2024-05-09 14:00:00,6308.0,6312.0,6304.0,6310.0,11728.0,352414.0,351519.0
2024-05-09 14:30:00,6310.0,6314.0,6294.0,6300.0,29731.0,351519.0,347685.0
2024-05-09 21:00:00,6299.0,6317.0,6299.0,6300.0,54128.0,347685.0,356885.0
2024-05-09 21:30:00,6300.0,6305.0,6291.0,6297.0,26863.0,356885.0,357096.0
2024-05-09 22:00:00,6297.0,6302.0,6290.0,6294.0,18729.0,357096.0,356349.0
2024-05-09 22:30:00,6294.0,6299.0,6271.0,6279.0,38509.0,356349.0,353712.0
2024-05-10 09:00:00,6285.0,6309.0,6285.0,6295.0,45552.0,353712.0,351748.0
2024-05-10 09:30:00,6295.0,6296.0,6282.0,6284.0,18837.0,351748.0,351861.0
2024-05-10 10:00:00,6284.0,6296.0,6283.0,6288.0,9192.0,351861.0,351283.0
2024-05-10 10:30:00,6288.0,6319.0,6283.0,6313.0,46885.0,351283.0,352616.0
2024-05-10 11:00:00,6313.0,6334.0,6312.0,6316.0,53314.0,352616.0,353856.0
2024-05-10 13:30:00,6317.0,6331.0,6315.0,6324.0,29258.0,353856.0,354875.0
2024-05-10 14:00:00,6324.0,6336.0,6323.0,6330.0,28229.0,354875.0,356487.0
2024-05-10 14:30:00,6330.0,6348.0,6328.0,6347.0,41052.0,356487.0,356141.0
2024-05-10 21:00:00,6336.0,6337.0,6312.0,6326.0,60098.0,356141.0,358769.0
2024-05-10 21:30:00,6326.0,6328.0,6308.0,6320.0,41590.0,358769.0,358715.0
2024-05-10 22:00:00,6320.0,6346.0,6317.0,6325.0,55778.0,358715.0,357961.0
2024-05-10 22:30:00,6325.0,6325.0,6306.0,6313.0,41761.0,357961.0,357270.0
2024-05-13 09:00:00,6304.0,6304.0,6277.0,6302.0,62828.0,357270.0,355020.0
2024-05-13 09:30:00,6302.0,6305.0,6288.0,6302.0,19473.0,355020.0,355602.0
2024-05-13 10:00:00,6302.0,6306.0,6302.0,6304.0,8356.0,355602.0,356081.0
2024-05-13 10:30:00,6305.0,6314.0,6297.0,6313.0,20486.0,356081.0,358411.0
2024-05-13 11:00:00,6313.0,6324.0,6312.0,6318.0,24275.0,358411.0,358473.0
2024-05-13 13:30:00,6318.0,6331.0,6318.0,6329.0,20566.0,358473.0,360324.0
2024-05-13 14:00:00,6329.0,6331.0,6316.0,6317.0,14873.0,360324.0,358995.0
2024-05-13 14:30:00,6317.0,6325.0,6315.0,6321.0,15735.0,358995.0,357450.0
2024-05-13 21:00:00,6290.0,6302.0,6270.0,6276.0,124463.0,357450.0,367040.0
2024-05-13 21:30:00,6276.0,6293.0,6265.0,6273.0,65215.0,367040.0,364601.0
2024-05-13 22:00:00,6273.0,6280.0,6267.0,6274.0,32382.0,364601.0,363993.0
2024-05-13 22:30:00,6274.0,6277.0,6244.0,6248.0,59122.0,363993.0,357975.0
2024-05-14 09:00:00,6235.0,6236.0,6206.0,6209.0,86614.0,357975.0,356836.0
2024-05-14 09:30:00,6209.0,6215.0,6201.0,6206.0,28882.0,356836.0,357360.0
2024-05-14 10:00:00,6206.0,6206.0,6193.0,6194.0,22594.0,357360.0,356552.0
2024-05-14 10:30:00,6194.0,6204.0,6190.0,6195.0,25721.0,356552.0,358898.0
2024-05-14 11:00:00,6195.0,6211.0,6194.0,6210.0,21181.0,358898.0,359069.0
2024-05-14 13:30:00,6209.0,6214.0,6201.0,6207.0,19358.0,359069.0,358929.0
2024-05-14 14:00:00,6207.0,6210.0,6195.0,6201.0,18933.0,358929.0,358167.0
2024-05-14 14:30:00,6201.0,6201.0,6176.0,6181.0,44817.0,358167.0,359148.0
2024-05-14 21:00:00,6186.0,6206.0,6185.0,6195.0,68697.0,359148.0,362242.0
2024-05-14 21:30:00,6195.0,6197.0,6168.0,6179.0,53074.0,362242.0,359611.0
2024-05-14 22:00:00,6179.0,6193.0,6178.0,6190.0,25644.0,359611.0,357153.0
2024-05-14 22:30:00,6190.0,6192.0,6184.0,6189.0,14942.0,357153.0,353886.0
2024-05-15 09:00:00,6198.0,6206.0,6191.0,6192.0,33880.0,353886.0,353524.0
2024-05-15 09:30:00,6192.0,6196.0,6184.0,6189.0,17998.0,353524.0,352765.0
2024-05-15 10:00:00,6189.0,6196.0,6183.0,6193.0,10052.0,352765.0,352212.0
2024-05-15 10:30:00,6193.0,6197.0,6181.0,6183.0,14425.0,352212.0,352415.0
2024-05-15 11:00:00,6183.0,6189.0,6176.0,6181.0,16906.0,352415.0,351575.0
2024-05-15 13:30:00,6181.0,6182.0,6162.0,6169.0,30370.0,351575.0,354123.0
2024-05-15 14:00:00,6169.0,6179.0,6165.0,6173.0,16368.0,354123.0,354104.0
2024-05-15 14:30:00,6173.0,6182.0,6171.0,6172.0,23484.0,354104.0,354226.0
2024-05-15 21:00:00,6154.0,6173.0,6150.0,6169.0,60630.0,354226.0,360396.0
2024-05-15 21:30:00,6169.0,6175.0,6154.0,6158.0,34813.0,360396.0,362204.0
2024-05-15 22:00:00,6158.0,6159.0,6141.0,6154.0,40372.0,362204.0,364245.0
2024-05-15 22:30:00,6154.0,6161.0,6146.0,6149.0,20169.0,364245.0,364511.0
2024-05-16 09:00:00,6150.0,6155.0,6131.0,6139.0,43327.0,364511.0,369813.0
2024-05-16 09:30:00,6139.0,6143.0,6131.0,6135.0,18900.0,369813.0,372956.0
2024-05-16 10:00:00,6135.0,6142.0,6133.0,6136.0,8513.0,372956.0,373845.0
2024-05-16 10:30:00,6136.0,6151.0,6136.0,6146.0,22306.0,373845.0,373427.0
2024-05-16 11:00:00,6146.0,6151.0,6136.0,6146.0,17840.0,373427.0,374360.0
2024-05-16 13:30:00,6148.0,6162.0,6146.0,6160.0,32403.0,374360.0,373774.0
2024-05-16 14:00:00,6160.0,6166.0,6155.0,6158.0,21794.0,373774.0,373575.0
2024-05-16 14:30:00,6158.0,6167.0,6156.0,6161.0,20606.0,373575.0,371452.0
2024-05-16 21:00:00,6102.0,6130.0,6090.0,6118.0,113178.0,371452.0,389361.0
2024-05-16 21:30:00,6118.0,6145.0,6117.0,6144.0,43895.0,389361.0,389204.0
2024-05-16 22:00:00,6144.0,6147.0,6135.0,6140.0,26359.0,389204.0,387363.0
2024-05-16 22:30:00,6140.0,6156.0,6138.0,6147.0,27207.0,387363.0,381633.0
2024-05-17 09:00:00,6132.0,6163.0,6132.0,6147.0,46072.0,381633.0,379863.0
2024-05-17 09:30:00,6147.0,6163.0,6146.0,6159.0,21336.0,379863.0,379430.0
2024-05-17 10:00:00,6159.0,6161.0,6152.0,6154.0,8696.0,379430.0,379075.0
2024-05-17 10:30:00,6154.0,6167.0,6154.0,6159.0,20101.0,379075.0,378696.0
2024-05-17 11:00:00,6159.0,6162.0,6153.0,6155.0,11924.0,378696.0,377665.0
2024-05-17 13:30:00,6156.0,6158.0,6141.0,6146.0,26825.0,377665.0,378642.0
2024-05-17 14:00:00,6146.0,6151.0,6138.0,6150.0,21187.0,378642.0,380219.0
2024-05-17 14:30:00,6150.0,6162.0,6147.0,6160.0,28734.0,380219.0,376614.0
2024-05-17 21:00:00,6153.0,6182.0,6151.0,6181.0,79957.0,376614.0,384123.0
2024-05-17 21:30:00,6181.0,6192.0,6170.0,6171.0,46578.0,384123.0,383208.0
2024-05-17 22:00:00,6171.0,6183.0,6171.0,6179.0,19628.0,383208.0,384003.0
2024-05-17 22:30:00,6179.0,6182.0,6144.0,6150.0,45376.0,384003.0,377260.0
2024-05-20 09:00:00,6160.0,6173.0,6151.0,6165.0,53741.0,377260.0,377010.0
2024-05-20 09:30:00,6165.0,6179.0,6165.0,6176.0,29060.0,377010.0,379213.0
2024-05-20 10:00:00,6176.0,6177.0,6163.0,6175.0,13097.0,379213.0,378890.0
2024-05-20 10:30:00,6175.0,6181.0,6170.0,6172.0,16264.0,378890.0,380125.0
2024-05-20 11:00:00,6172.0,6173.0,6160.0,6171.0,20083.0,380125.0,379555.0
2024-05-20 13:30:00,6172.0,6190.0,6172.0,6183.0,35348.0,379555.0,382505.0
2024-05-20 14:00:00,6183.0,6188.0,6178.0,6182.0,16407.0,382505.0,382171.0
2024-05-20 14:30:00,6182.0,6196.0,6175.0,6194.0,33038.0,382171.0,382784.0
2024-05-20 21:00:00,6206.0,6223.0,6195.0,6211.0,83191.0,382784.0,385904.0
2024-05-20 21:30:00,6211.0,6223.0,6203.0,6215.0,38629.0,385904.0,384339.0
2024-05-20 22:00:00,6215.0,6226.0,6209.0,6217.0,30726.0,384339.0,382812.0
2024-05-20 22:30:00,6217.0,6229.0,6217.0,6225.0,24395.0,382812.0,379281.0
2024-05-21 09:00:00,6228.0,6236.0,6211.0,6213.0,48509.0,379281.0,375739.0
2024-05-21 09:30:00,6213.0,6217.0,6192.0,6197.0,49409.0,375739.0,370709.0
2024-05-21 10:00:00,6197.0,6199.0,6183.0,6188.0,21866.0,370709.0,370361.0
2024-05-21 10:30:00,6188.0,6191.0,6159.0,6176.0,46341.0,370361.0,372529.0
2024-05-21 11:00:00,6176.0,6188.0,6171.0,6185.0,16816.0,372529.0,374429.0
2024-05-21 13:30:00,6187.0,6201.0,6187.0,6197.0,31218.0,374429.0,371906.0
2024-05-21 14:00:00,6197.0,6208.0,6194.0,6203.0,19680.0,371906.0,369788.0
2024-05-21 14:30:00,6203.0,6212.0,6201.0,6206.0,26699.0,369788.0,366967.0
2024-05-21 21:00:00,6200.0,6215.0,6185.0,6208.0,56991.0,366967.0,369467.0
2024-05-21 21:30:00,6208.0,6213.0,6192.0,6197.0,34432.0,369467.0,369591.0
2024-05-21 22:00:00,6197.0,6211.0,6195.0,6210.0,18333.0,369591.0,369314.0
2024-05-21 22:30:00,6210.0,6214.0,6199.0,6206.0,21655.0,369314.0,367374.0
2024-05-22 09:00:00,6207.0,6223.0,6202.0,6203.0,38544.0,367374.0,369543.0
2024-05-22 09:30:00,6203.0,6207.0,6194.0,6204.0,24429.0,369543.0,371633.0
2024-05-22 10:00:00,6204.0,6207.0,6194.0,6199.0,10832.0,371633.0,372626.0
2024-05-22 10:30:00,6199.0,6199.0,6187.0,6198.0,20779.0,372626.0,372242.0
2024-05-22 11:00:00,6198.0,6204.0,6195.0,6201.0,11787.0,372242.0,371388.0
2024-05-22 13:30:00,6201.0,6201.0,6181.0,6187.0,27931.0,371388.0,374987.0
2024-05-22 14:00:00,6187.0,6197.0,6186.0,6190.0,15583.0,374987.0,374765.0
2024-05-22 14:30:00,6190.0,6194.0,6184.0,6188.0,19899.0,374765.0,375705.0
2024-05-22 21:00:00,6181.0,6186.0,6163.0,6182.0,73854.0,375705.0,383050.0
2024-05-22 21:30:00,6182.0,6185.0,6166.0,6173.0,37167.0,383050.0,388801.0
2024-05-22 22:00:00,6173.0,6173.0,6136.0,6142.0,78219.0,388801.0,398054.0
2024-05-22 22:30:00,6142.0,6157.0,6141.0,6152.0,30586.0,398054.0,394798.0
2024-05-23 09:00:00,6138.0,6154.0,6126.0,6131.0,56294.0,394798.0,401380.0
2024-05-23 09:30:00,6131.0,6143.0,6122.0,6142.0,43007.0,401380.0,403949.0
2024-05-23 10:00:00,6142.0,6145.0,6135.0,6138.0,10552.0,403949.0,403716.0
2024-05-23 10:30:00,6137.0,6144.0,6130.0,6133.0,16216.0,403716.0,403952.0
2024-05-23 11:00:00,6133.0,6134.0,6125.0,6125.0,25291.0,403952.0,410764.0
2024-05-23 13:30:00,6124.0,6126.0,6102.0,6115.0,68356.0,410764.0,421112.0
2024-05-23 14:00:00,6115.0,6122.0,6113.0,6122.0,28443.0,421112.0,421860.0
2024-05-23 14:30:00,6122.0,6133.0,6121.0,6128.0,32650.0,421860.0,417793.0
2024-05-23 21:00:00,6142.0,6156.0,6135.0,6143.0,72079.0,417793.0,416909.0
2024-05-23 21:30:00,6143.0,6156.0,6138.0,6140.0,41757.0,416909.0,416740.0
2024-05-23 22:00:00,6140.0,6145.0,6136.0,6140.0,23620.0,416740.0,418888.0
2024-05-23 22:30:00,6140.0,6148.0,6138.0,6139.0,19537.0,418888.0,415655.0
2024-05-24 09:00:00,6130.0,6146.0,6120.0,6145.0,35658.0,415655.0,416119.0
2024-05-24 09:30:00,6145.0,6149.0,6138.0,6145.0,15164.0,416119.0,415328.0
2024-05-24 10:00:00,6145.0,6153.0,6139.0,6149.0,13067.0,415328.0,414962.0
2024-05-24 10:30:00,6149.0,6153.0,6143.0,6151.0,13546.0,414962.0,413714.0
2024-05-24 11:00:00,6151.0,6160.0,6150.0,6156.0,23025.0,413714.0,412440.0
2024-05-24 13:30:00,6156.0,6167.0,6153.0,6158.0,25696.0,412440.0,411366.0
2024-05-24 14:00:00,6158.0,6161.0,6147.0,6149.0,21159.0,411366.0,409276.0
2024-05-24 14:30:00,6149.0,6152.0,6143.0,6149.0,23336.0,409276.0,409786.0
2024-05-24 21:00:00,6135.0,6157.0,6133.0,6156.0,58235.0,409786.0,411642.0
2024-05-24 21:30:00,6156.0,6156.0,6143.0,6148.0,28834.0,411642.0,412263.0
2024-05-24 22:00:00,6148.0,6153.0,6146.0,6151.0,12354.0,412263.0,412392.0
2024-05-24 22:30:00,6151.0,6161.0,6151.0,6159.0,23566.0,412392.0,409175.0
2024-05-27 09:00:00,6175.0,6199.0,6171.0,6193.0,93116.0,409175.0,398363.0
2024-05-27 09:30:00,6193.0,6196.0,6183.0,6185.0,24152.0,398363.0,395753.0
2024-05-27 10:00:00,6185.0,6194.0,6182.0,6190.0,8465.0,395753.0,395602.0
2024-05-27 10:30:00,6190.0,6196.0,6187.0,6191.0,15160.0,395602.0,394085.0
2024-05-27 11:00:00,6191.0,6199.0,6184.0,6198.0,16219.0,394085.0,393805.0
2024-05-27 13:30:00,6199.0,6226.0,6199.0,6216.0,73270.0,393805.0,389022.0
2024-05-27 14:00:00,6216.0,6217.0,6195.0,6203.0,28872.0,389022.0,386550.0
2024-05-27 14:30:00,6203.0,6207.0,6195.0,6201.0,25624.0,386550.0,382915.0
2024-05-27 21:00:00,6205.0,6230.0,6204.0,6214.0,59716.0,382915.0,385667.0
2024-05-27 21:30:00,6214.0,6220.0,6207.0,6208.0,25088.0,385667.0,384554.0
2024-05-27 22:00:00,6208.0,6220.0,6207.0,6214.0,16012.0,384554.0,384906.0
2024-05-27 22:30:00,6214.0,6219.0,6208.0,6217.0,15211.0,384906.0,383621.0
2024-05-28 09:00:00,6220.0,6223.0,6208.0,6214.0,26103.0,383621.0,383498.0
2024-05-28 09:30:00,6214.0,6225.0,6211.0,6224.0,22315.0,383498.0,384513.0
2024-05-28 10:00:00,6224.0,6225.0,6213.0,6217.0,8549.0,384513.0,384009.0
2024-05-28 10:30:00,6218.0,6222.0,6213.0,6216.0,14543.0,384009.0,383857.0
2024-05-28 11:00:00,6216.0,6223.0,6210.0,6223.0,16088.0,383857.0,383749.0
2024-05-28 13:30:00,6223.0,6243.0,6219.0,6230.0,70031.0,383749.0,382824.0
2024-05-28 14:00:00,6230.0,6230.0,6195.0,6205.0,49405.0,382824.0,378164.0
2024-05-28 14:30:00,6205.0,6225.0,6205.0,6225.0,35923.0,378164.0,377451.0
2024-05-28 21:00:00,6227.0,6236.0,6217.0,6222.0,51104.0,377451.0,380927.0
2024-05-28 21:30:00,6222.0,6222.0,6200.0,6203.0,40437.0,380927.0,380447.0
2024-05-28 22:00:00,6203.0,6207.0,6185.0,6202.0,46523.0,380447.0,379894.0
2024-05-28 22:30:00,6202.0,6217.0,6198.0,6213.0,26897.0,379894.0,378645.0
2024-05-29 09:00:00,6213.0,6219.0,6205.0,6214.0,27211.0,378645.0,379108.0
2024-05-29 09:30:00,6214.0,6217.0,6205.0,6211.0,14882.0,379108.0,379508.0
2024-05-29 10:00:00,6211.0,6212.0,6199.0,6212.0,11786.0,379508.0,380232.0
2024-05-29 10:30:00,6212.0,6224.0,6210.0,6220.0,22110.0,380232.0,377865.0
2024-05-29 11:00:00,6220.0,6226.0,6216.0,6222.0,17358.0,377865.0,376597.0
2024-05-29 13:30:00,6222.0,6226.0,6214.0,6218.0,17110.0,376597.0,373817.0
2024-05-29 14:00:00,6218.0,6221.0,6207.0,6216.0,15785.0,373817.0,372258.0
2024-05-29 14:30:00,6216.0,6224.0,6212.0,6222.0,21273.0,372258.0,370384.0
2024-05-29 21:00:00,6185.0,6188.0,6155.0,6179.0,93963.0,370384.0,373936.0
2024-05-29 21:30:00,6179.0,6183.0,6165.0,6175.0,41962.0,373936.0,376544.0
2024-05-29 22:00:00,6175.0,6214.0,6171.0,6213.0,58694.0,376544.0,375597.0
2024-05-29 22:30:00,6213.0,6213.0,6197.0,6199.0,31528.0,375597.0,371521.0
2024-05-30 09:00:00,6197.0,6207.0,6194.0,6205.0,26062.0,371521.0,373342.0
2024-05-30 09:30:00,6205.0,6216.0,6196.0,6215.0,23863.0,373342.0,372975.0
2024-05-30 10:00:00,6215.0,6220.0,6210.0,6213.0,13856.0,372975.0,372710.0
2024-05-30 10:30:00,6213.0,6216.0,6197.0,6202.0,20052.0,372710.0,370226.0
2024-05-30 11:00:00,6202.0,6203.0,6191.0,6196.0,20360.0,370226.0,369973.0
2024-05-30 13:30:00,6193.0,6198.0,6174.0,6175.0,42405.0,369973.0,370331.0
2024-05-30 14:00:00,6175.0,6193.0,6173.0,6191.0,22029.0,370331.0,369758.0
2024-05-30 14:30:00,6191.0,6207.0,6190.0,6205.0,27807.0,369758.0,367382.0
2024-05-30 21:00:00,6198.0,6217.0,6195.0,6210.0,57693.0,367382.0,372285.0
2024-05-30 21:30:00,6210.0,6215.0,6196.0,6202.0,30184.0,372285.0,371258.0
2024-05-30 22:00:00,6202.0,6208.0,6192.0,6206.0,22195.0,371258.0,369727.0
2024-05-30 22:30:00,6206.0,6206.0,6196.0,6202.0,17162.0,369727.0,366275.0
2024-05-31 09:00:00,6199.0,6199.0,6176.0,6188.0,39826.0,366275.0,366195.0
2024-05-31 09:30:00,6188.0,6189.0,6163.0,6166.0,42501.0,366195.0,374200.0
2024-05-31 10:00:00,6166.0,6170.0,6156.0,6158.0,24825.0,374200.0,377997.0
2024-05-31 10:30:00,6157.0,6159.0,6120.0,6132.0,98541.0,377997.0,395943.0
2024-05-31 11:00:00,6132.0,6142.0,6131.0,6140.0,27627.0,395943.0,396255.0
2024-05-31 13:30:00,6140.0,6149.0,6138.0,6146.0,24253.0,396255.0,396505.0
2024-05-31 14:00:00,6146.0,6147.0,6139.0,6146.0,16068.0,396505.0,395789.0
2024-05-31 14:30:00,6146.0,6148.0,6118.0,6120.0,45916.0,395789.0,401328.0
2024-05-31 21:00:00,6136.0,6144.0,6128.0,6132.0,61209.0,401328.0,409698.0
2024-05-31 21:30:00,6132.0,6156.0,6125.0,6146.0,54366.0,409698.0,407212.0
2024-05-31 22:00:00,6146.0,6154.0,6135.0,6145.0,33703.0,407212.0,403543.0
2024-05-31 22:30:00,6145.0,6152.0,6136.0,6142.0,25027.0,403543.0,398117.0
2024-06-03 09:00:00,6142.0,6196.0,6142.0,6192.0,108217.0,398117.0,386913.0
2024-06-03 09:30:00,6192.0,6194.0,6184.0,6194.0,27075.0,386913.0,387172.0
2024-06-03 10:00:00,6194.0,6203.0,6187.0,6203.0,25340.0,387172.0,384799.0
2024-06-03 10:30:00,6203.0,6216.0,6200.0,6211.0,50985.0,384799.0,383501.0
2024-06-03 11:00:00,6211.0,6213.0,6188.0,6193.0,43629.0,383501.0,374061.0
2024-06-03 13:30:00,6194.0,6197.0,6175.0,6188.0,39709.0,374061.0,372608.0
2024-06-03 14:00:00,6188.0,6193.0,6179.0,6186.0,19293.0,372608.0,373680.0
2024-06-03 14:30:00,6186.0,6199.0,6181.0,6186.0,30628.0,373680.0,372833.0
2024-06-03 21:00:00,6215.0,6249.0,6208.0,6239.0,163673.0,372833.0,388057.0
2024-06-03 21:30:00,6239.0,6244.0,6215.0,6225.0,86540.0,388057.0,385100.0
2024-06-03 22:00:00,6225.0,6240.0,6220.0,6235.0,48813.0,385100.0,387953.0
2024-06-03 22:30:00,6235.0,6236.0,6224.0,6230.0,27511.0,387953.0,384978.0
2024-06-04 09:00:00,6231.0,6232.0,6195.0,6198.0,68100.0,384978.0,381757.0
2024-06-04 09:30:00,6198.0,6204.0,6161.0,6162.0,77622.0,381757.0,382550.0
2024-06-04 10:00:00,6162.0,6179.0,6156.0,6172.0,34015.0,382550.0,384665.0
2024-06-04 10:30:00,6173.0,6181.0,6168.0,6179.0,26412.0,384665.0,387747.0
2024-06-04 11:00:00,6179.0,6184.0,6173.0,6181.0,14887.0,387747.0,387486.0
2024-06-04 13:30:00,6181.0,6182.0,6159.0,6170.0,32379.0,387486.0,390971.0
2024-06-04 14:00:00,6170.0,6186.0,6169.0,6182.0,25404.0,390971.0,389292.0
2024-06-04 14:30:00,6182.0,6200.0,6182.0,6196.0,34390.0,389292.0,386208.0
2024-06-04 21:00:00,6198.0,6206.0,6186.0,6198.0,62181.0,386208.0,388893.0
2024-06-04 21:30:00,6198.0,6205.0,6191.0,6202.0,28107.0,388893.0,389451.0
2024-06-04 22:00:00,6202.0,6226.0,6202.0,6226.0,50494.0,389451.0,390333.0
2024-06-04 22:30:00,6226.0,6227.0,6217.0,6220.0,34615.0,390333.0,386691.0
2024-06-05 09:00:00,6226.0,6242.0,6223.0,6239.0,53366.0,386691.0,391515.0
2024-06-05 09:30:00,6239.0,6242.0,6219.0,6223.0,34377.0,391515.0,387710.0
2024-06-05 10:00:00,6223.0,6231.0,6220.0,6230.0,9824.0,387710.0,388557.0
2024-06-05 10:30:00,6230.0,6238.0,6226.0,6234.0,24096.0,388557.0,390173.0
2024-06-05 11:00:00,6234.0,6246.0,6230.0,6230.0,34281.0,390173.0,390577.0
2024-06-05 13:30:00,6230.0,6238.0,6226.0,6236.0,20933.0,390577.0,390130.0
2024-06-05 14:00:00,6236.0,6245.0,6235.0,6236.0,25492.0,390130.0,390100.0
2024-06-05 14:30:00,6236.0,6245.0,6229.0,6244.0,40411.0,390100.0,386735.0
2024-06-05 21:00:00,6242.0,6284.0,6233.0,6283.0,151383.0,386735.0,401665.0
2024-06-05 21:30:00,6283.0,6288.0,6273.0,6285.0,74927.0,401665.0,399800.0
2024-06-05 22:00:00,6285.0,6286.0,6256.0,6275.0,67136.0,399800.0,392802.0
2024-06-05 22:30:00,6275.0,6284.0,6271.0,6283.0,28654.0,392802.0,389456.0
2024-06-06 09:00:00,6288.0,6298.0,6276.0,6294.0,64518.0,389456.0,394965.0
2024-06-06 09:30:00,6294.0,6299.0,6283.0,6294.0,35396.0,394965.0,394519.0
2024-06-06 10:00:00,6294.0,6297.0,6289.0,6295.0,9122.0,394519.0,394362.0
2024-06-06 10:30:00,6293.0,6298.0,6290.0,6296.0,16433.0,394362.0,393739.0
2024-06-06 11:00:00,6296.0,6310.0,6294.0,6302.0,52894.0,393739.0,398617.0
2024-06-06 13:30:00,6302.0,6309.0,6297.0,6300.0,22124.0,398617.0,398341.0
2024-06-06 14:00:00,6300.0,6304.0,6295.0,6297.0,20582.0,398341.0,397935.0
2024-06-06 14:30:00,6297.0,6304.0,6294.0,6302.0,27791.0,397935.0,396675.0
2024-06-06 21:00:00,6296.0,6316.0,6296.0,6311.0,66420.0,396675.0,407561.0
2024-06-06 21:30:00,6311.0,6315.0,6304.0,6306.0,22784.0,407561.0,407169.0
2024-06-06 22:00:00,6306.0,6314.0,6300.0,6307.0,27177.0,407169.0,403664.0
2024-06-06 22:30:00,6307.0,6308.0,6284.0,6294.0,45082.0,403664.0,396872.0
2024-06-07 09:00:00,6297.0,6302.0,6277.0,6293.0,51559.0,396872.0,393992.0
2024-06-07 09:30:00,6293.0,6303.0,6288.0,6300.0,27061.0,393992.0,395279.0
2024-06-07 10:00:00,6300.0,6301.0,6288.0,6289.0,11746.0,395279.0,395978.0
2024-06-07 10:30:00,6289.0,6297.0,6282.0,6295.0,23936.0,395978.0,394657.0
2024-06-07 11:00:00,6295.0,6305.0,6290.0,6303.0,22013.0,394657.0,395039.0
2024-06-07 13:30:00,6304.0,6308.0,6299.0,6306.0,25153.0,395039.0,397584.0
2024-06-07 14:00:00,6306.0,6314.0,6304.0,6308.0,29171.0,397584.0,399894.0
2024-06-07 14:30:00,6308.0,6319.0,6292.0,6301.0,49233.0,399894.0,392086.0
2024-06-11 09:00:00,6261.0,6264.0,6183.0,6191.0,208458.0,392086.0,380402.0
2024-06-11 09:30:00,6191.0,6210.0,6185.0,6209.0,54377.0,380402.0,375461.0
2024-06-11 10:00:00,6209.0,6212.0,6194.0,6195.0,24100.0,375461.0,371827.0
2024-06-11 10:30:00,6195.0,6196.0,6187.0,6192.0,27227.0,371827.0,371516.0
2024-06-11 11:00:00,6192.0,6195.0,6187.0,6192.0,14649.0,371516.0,370059.0
2024-06-11 13:30:00,6192.0,6199.0,6190.0,6193.0,19273.0,370059.0,368597.0
2024-06-11 14:00:00,6193.0,6204.0,6193.0,6201.0,20925.0,368597.0,366805.0
2024-06-11 14:30:00,6201.0,6202.0,6191.0,6194.0,24578.0,366805.0,362635.0
2024-06-11 21:00:00,6208.0,6211.0,6200.0,6203.0,53393.0,362635.0,364598.0
2024-06-11 21:30:00,6203.0,6210.0,6195.0,6196.0,30029.0,364598.0,365138.0
2024-06-11 22:00:00,6196.0,6199.0,6185.0,6198.0,23580.0,365138.0,365472.0
2024-06-11 22:30:00,6198.0,6202.0,6193.0,6197.0,19746.0,365472.0,363264.0
2024-06-12 09:00:00,6197.0,6198.0,6176.0,6185.0,47015.0,363264.0,363836.0
2024-06-12 09:30:00,6185.0,6191.0,6181.0,6188.0,19579.0,363836.0,363255.0
2024-06-12 10:00:00,6188.0,6190.0,6170.0,6173.0,20946.0,363255.0,362700.0
2024-06-12 10:30:00,6174.0,6181.0,6170.0,6177.0,19486.0,362700.0,364098.0
2024-06-12 11:00:00,6177.0,6186.0,6177.0,6182.0,17143.0,364098.0,362812.0
2024-06-12 13:30:00,6184.0,6188.0,6182.0,6185.0,11797.0,362812.0,362833.0
2024-06-12 14:00:00,6185.0,6196.0,6183.0,6187.0,19910.0,362833.0,360859.0
2024-06-12 14:30:00,6187.0,6191.0,6186.0,6187.0,14256.0,360859.0,358621.0
2024-06-12 21:00:00,6210.0,6218.0,6197.0,6205.0,76514.0,358621.0,357401.0
2024-06-12 21:30:00,6205.0,6206.0,6195.0,6199.0,27830.0,357401.0,359189.0
2024-06-12 22:00:00,6199.0,6212.0,6199.0,6210.0,19397.0,359189.0,359656.0
2024-06-12 22:30:00,6210.0,6217.0,6203.0,6209.0,24613.0,359656.0,354227.0
2024-06-13 09:00:00,6208.0,6211.0,6181.0,6194.0,50944.0,354227.0,355850.0
2024-06-13 09:30:00,6194.0,6198.0,6187.0,6189.0,17106.0,355850.0,356570.0
2024-06-13 10:00:00,6189.0,6193.0,6185.0,6186.0,9421.0,356570.0,357858.0
2024-06-13 10:30:00,6186.0,6186.0,6176.0,6178.0,19977.0,357858.0,359745.0
2024-06-13 11:00:00,6178.0,6186.0,6178.0,6184.0,10559.0,359745.0,359188.0
2024-06-13 13:30:00,6183.0,6188.0,6182.0,6184.0,10158.0,359188.0,358601.0
2024-06-13 14:00:00,6184.0,6185.0,6175.0,6176.0,15804.0,358601.0,359704.0
2024-06-13 14:30:00,6176.0,6183.0,6159.0,6164.0,30270.0,359704.0,359968.0
2024-06-13 21:00:00,6172.0,6195.0,6170.0,6191.0,63275.0,359968.0,361086.0
2024-06-13 21:30:00,6191.0,6203.0,6189.0,6201.0,44680.0,361086.0,360060.0
2024-06-13 22:00:00,6201.0,6202.0,6188.0,6190.0,23421.0,360060.0,360096.0
2024-06-13 22:30:00,6190.0,6192.0,6182.0,6183.0,21518.0,360096.0,360906.0
2024-06-14 09:00:00,6200.0,6242.0,6198.0,6228.0,110836.0,360906.0,357734.0
2024-06-14 09:30:00,6228.0,6240.0,6226.0,6233.0,24957.0,357734.0,358526.0
2024-06-14 10:00:00,6233.0,6237.0,6229.0,6233.0,10033.0,358526.0,358355.0
2024-06-14 10:30:00,6231.0,6233.0,6216.0,6221.0,27962.0,358355.0,356203.0
2024-06-14 11:00:00,6221.0,6225.0,6215.0,6221.0,16879.0,356203.0,355842.0
2024-06-14 13:30:00,6220.0,6223.0,6212.0,6222.0,23291.0,355842.0,357302.0
2024-06-14 14:00:00,6222.0,6229.0,6220.0,6222.0,15146.0,357302.0,357165.0
2024-06-14 14:30:00,6222.0,6239.0,6221.0,6237.0,35171.0,357165.0,356963.0
2024-06-14 21:00:00,6221.0,6240.0,6216.0,6220.0,77471.0,356963.0,361252.0
2024-06-14 21:30:00,6220.0,6224.0,6215.0,6222.0,28513.0,361252.0,361997.0
2024-06-14 22:00:00,6222.0,6232.0,6189.0,6198.0,61803.0,361997.0,357139.0
2024-06-14 22:30:00,6198.0,6210.0,6193.0,6202.0,44546.0,357139.0,354463.0
2024-06-17 09:00:00,6198.0,6215.0,6197.0,6199.0,36555.0,354463.0,356953.0
2024-06-17 09:30:00,6199.0,6208.0,6194.0,6196.0,17640.0,356953.0,357656.0
2024-06-17 10:00:00,6196.0,6197.0,6186.0,6191.0,14796.0,357656.0,358032.0
2024-06-17 10:30:00,6190.0,6196.0,6188.0,6195.0,10951.0,358032.0,357965.0
2024-06-17 11:00:00,6195.0,6197.0,6183.0,6187.0,17296.0,357965.0,357704.0
2024-06-17 13:30:00,6188.0,6190.0,6176.0,6183.0,23349.0,357704.0,360696.0
2024-06-17 14:00:00,6183.0,6188.0,6176.0,6182.0,14620.0,360696.0,360402.0
2024-06-17 14:30:00,6182.0,6185.0,6175.0,6176.0,21208.0,360402.0,361278.0
2024-06-17 21:00:00,6135.0,6157.0,6113.0,6126.0,128447.0,361278.0,373493.0
2024-06-17 21:30:00,6126.0,6137.0,6108.0,6134.0,67455.0,373493.0,383214.0
2024-06-17 22:00:00,6134.0,6145.0,6128.0,6139.0,26377.0,383214.0,382531.0
2024-06-17 22:30:00,6139.0,6158.0,6137.0,6148.0,31736.0,382531.0,377673.0
2024-06-18 09:00:00,6150.0,6159.0,6136.0,6139.0,34172.0,377673.0,378205.0
2024-06-18 09:30:00,6139.0,6140.0,6122.0,6124.0,33098.0,378205.0,382921.0
2024-06-18 10:00:00,6124.0,6126.0,6114.0,6123.0,19868.0,382921.0,387075.0
2024-06-18 10:30:00,6122.0,6128.0,6063.0,6067.0,153894.0,387075.0,415681.0
2024-06-18 11:00:00,6067.0,6080.0,6051.0,6060.0,84520.0,415681.0,425128.0
2024-06-18 13:30:00,6059.0,6069.0,6048.0,6048.0,86791.0,425128.0,435142.0
2024-06-18 14:00:00,6048.0,6051.0,6023.0,6025.0,102950.0,435142.0,440246.0
2024-06-18 14:30:00,6025.0,6032.0,6000.0,6004.0,111458.0,440246.0,442827.0
2024-06-18 21:00:00,6028.0,6054.0,6023.0,6042.0,139557.0,442827.0,448544.0
2024-06-18 21:30:00,6042.0,6059.0,6041.0,6055.0,50937.0,448544.0,446361.0
2024-06-18 22:00:00,6055.0,6055.0,6033.0,6038.0,45379.0,446361.0,446015.0
2024-06-18 22:30:00,6038.0,6044.0,6034.0,6037.0,31173.0,446015.0,444875.0
2024-06-19 09:00:00,6030.0,6040.0,6010.0,6016.0,67883.0,444875.0,455442.0
2024-06-19 09:30:00,6016.0,6034.0,6016.0,6026.0,35352.0,455442.0,456642.0
2024-06-19 10:00:00,6026.0,6030.0,6019.0,6023.0,11484.0,456642.0,457228.0
2024-06-19 10:30:00,6022.0,6025.0,6005.0,6013.0,34288.0,457228.0,463780.0
2024-06-19 11:00:00,6013.0,6047.0,6013.0,6045.0,59913.0,463780.0,457148.0
2024-06-19 13:30:00,6044.0,6056.0,6044.0,6046.0,53189.0,457148.0,455274.0
2024-06-19 14:00:00,6046.0,6049.0,6037.0,6041.0,25934.0,455274.0,455126.0
2024-06-19 14:30:00,6041.0,6050.0,6040.0,6049.0,29656.0,455126.0,447879.0
2024-06-19 21:00:00,6054.0,6088.0,6051.0,6077.0,101500.0,447879.0,442491.0
2024-06-19 21:30:00,6077.0,6079.0,6064.0,6067.0,31114.0,442491.0,442964.0
2024-06-19 22:00:00,6067.0,6079.0,6066.0,6069.0,22342.0,442964.0,442447.0
2024-06-19 22:30:00,6069.0,6085.0,6068.0,6082.0,28000.0,442447.0,436334.0
2024-06-20 09:00:00,6085.0,6086.0,6065.0,6069.0,35188.0,436334.0,437110.0
2024-06-20 09:30:00,6069.0,6069.0,6055.0,6056.0,38048.0,437110.0,439142.0
2024-06-20 10:00:00,6056.0,6063.0,6052.0,6060.0,14860.0,439142.0,439348.0
2024-06-20 10:30:00,6061.0,6070.0,6054.0,6056.0,29530.0,439348.0,439633.0
2024-06-20 11:00:00,6056.0,6063.0,6047.0,6062.0,31422.0,439633.0,438670.0
2024-06-20 13:30:00,6061.0,6068.0,6044.0,6050.0,39272.0,438670.0,439006.0
2024-06-20 14:00:00,6050.0,6059.0,6046.0,6047.0,20897.0,439006.0,438131.0
2024-06-20 14:30:00,6047.0,6067.0,6043.0,6055.0,32741.0,438131.0,433171.0
2024-06-20 21:00:00,6092.0,6125.0,6088.0,6108.0,112836.0,433171.0,418554.0
2024-06-20 21:30:00,6108.0,6139.0,6104.0,6131.0,72341.0,418554.0,408560.0
2024-06-20 22:00:00,6131.0,6133.0,6110.0,6120.0,46909.0,408560.0,404655.0
2024-06-20 22:30:00,6120.0,6131.0,6119.0,6122.0,27638.0,404655.0,399480.0
2024-06-21 09:00:00,6094.0,6094.0,6072.0,6086.0,79929.0,399480.0,398059.0
2024-06-21 09:30:00,6086.0,6098.0,6081.0,6085.0,26214.0,398059.0,395244.0
2024-06-21 10:00:00,6085.0,6093.0,6085.0,6089.0,7746.0,395244.0,395698.0
2024-06-21 10:30:00,6090.0,6092.0,6082.0,6089.0,13966.0,395698.0,395518.0
2024-06-21 11:00:00,6089.0,6092.0,6081.0,6089.0,12882.0,395518.0,395862.0
2024-06-21 13:30:00,6089.0,6092.0,6084.0,6090.0,15336.0,395862.0,395759.0
2024-06-21 14:00:00,6090.0,6092.0,6081.0,6086.0,14061.0,395759.0,394864.0
2024-06-21 14:30:00,6086.0,6087.0,6074.0,6079.0,26100.0,394864.0,390768.0
2024-06-21 21:00:00,6086.0,6087.0,6068.0,6081.0,47626.0,390768.0,390855.0
2024-06-21 21:30:00,6081.0,6082.0,6070.0,6074.0,25301.0,390855.0,392452.0
2024-06-21 22:00:00,6074.0,6083.0,6069.0,6082.0,15432.0,392452.0,391305.0
2024-06-21 22:30:00,6082.0,6095.0,6079.0,6093.0,28159.0,391305.0,385773.0
2024-06-24 09:00:00,6099.0,6114.0,6089.0,6107.0,48473.0,385773.0,386254.0
2024-06-24 09:30:00,6107.0,6111.0,6093.0,6093.0,21352.0,386254.0,386589.0
2024-06-24 10:00:00,6093.0,6095.0,6086.0,6088.0,10959.0,386589.0,387587.0
2024-06-24 10:30:00,6089.0,6091.0,6073.0,6077.0,24158.0,387587.0,389070.0
2024-06-24 11:00:00,6077.0,6080.0,6070.0,6077.0,20069.0,389070.0,391898.0
2024-06-24 13:30:00,6078.0,6082.0,6061.0,6077.0,39546.0,391898.0,396451.0
2024-06-24 14:00:00,6077.0,6088.0,6074.0,6082.0,22771.0,396451.0,395482.0
2024-06-24 14:30:00,6082.0,6083.0,6071.0,6071.0,18522.0,395482.0,394810.0
2024-06-24 21:00:00,6099.0,6106.0,6090.0,6103.0,57646.0,394810.0,396678.0
2024-06-24 21:30:00,6103.0,6126.0,6101.0,6114.0,51926.0,396678.0,393379.0
2024-06-24 22:00:00,6114.0,6125.0,6112.0,6119.0,23810.0,393379.0,392305.0
2024-06-24 22:30:00,6119.0,6128.0,6118.0,6121.0,26776.0,392305.0,391376.0
2024-06-25 09:00:00,6127.0,6134.0,6104.0,6107.0,45136.0,391376.0,392214.0
2024-06-25 09:30:00,6107.0,6115.0,6098.0,6115.0,28177.0,392214.0,391881.0
2024-06-25 10:00:00,6115.0,6115.0,6108.0,6112.0,5243.0,391881.0,392056.0
2024-06-25 10:30:00,6112.0,6114.0,6103.0,6108.0,12103.0,392056.0,391606.0
2024-06-25 11:00:00,6108.0,6111.0,6102.0,6110.0,11115.0,391606.0,390723.0
2024-06-25 13:30:00,6110.0,6121.0,6108.0,6119.0,18028.0,390723.0,389841.0
2024-06-25 14:00:00,6119.0,6119.0,6105.0,6113.0,16099.0,389841.0,388763.0
2024-06-25 14:30:00,6113.0,6124.0,6113.0,6119.0,23784.0,388763.0,383319.0
2024-06-25 21:00:00,6110.0,6112.0,6086.0,6096.0,64093.0,383319.0,383174.0
2024-06-25 21:30:00,6096.0,6099.0,6085.0,6090.0,27919.0,383174.0,383900.0
2024-06-25 22:00:00,6090.0,6095.0,6085.0,6093.0,19808.0,383900.0,384685.0
2024-06-25 22:30:00,6093.0,6095.0,6083.0,6087.0,15627.0,384685.0,383872.0
2024-06-26 09:00:00,6098.0,6117.0,6092.0,6105.0,53894.0,383872.0,381676.0
2024-06-26 09:30:00,6105.0,6112.0,6095.0,6098.0,18891.0,381676.0,380674.0
2024-06-26 10:00:00,6098.0,6114.0,6094.0,6110.0,12091.0,380674.0,380513.0
2024-06-26 10:30:00,6110.0,6112.0,6103.0,6105.0,8731.0,380513.0,380496.0
2024-06-26 11:00:00,6105.0,6124.0,6103.0,6123.0,21991.0,380496.0,381574.0
2024-06-26 13:30:00,6123.0,6147.0,6121.0,6124.0,59166.0,381574.0,375834.0
2024-06-26 14:00:00,6124.0,6133.0,6121.0,6129.0,20494.0,375834.0,373522.0
2024-06-26 14:30:00,6129.0,6129.0,6116.0,6120.0,24797.0,373522.0,368886.0
2024-06-26 21:00:00,6115.0,6118.0,6103.0,6106.0,40951.0,368886.0,369474.0
2024-06-26 21:30:00,6106.0,6110.0,6098.0,6107.0,25677.0,369474.0,368149.0
2024-06-26 22:00:00,6107.0,6108.0,6101.0,6107.0,14612.0,368149.0,367843.0
2024-06-26 22:30:00,6107.0,6107.0,6089.0,6095.0,34246.0,367843.0,370664.0
2024-06-27 09:00:00,6100.0,6118.0,6099.0,6116.0,32566.0,370664.0,367647.0
2024-06-27 09:30:00,6116.0,6119.0,6109.0,6112.0,16925.0,367647.0,365067.0
2024-06-27 10:00:00,6112.0,6115.0,6106.0,6107.0,5837.0,365067.0,364729.0
2024-06-27 10:30:00,6107.0,6107.0,6092.0,6092.0,23814.0,364729.0,365749.0
2024-06-27 11:00:00,6092.0,6093.0,6076.0,6090.0,46709.0,365749.0,372741.0
2024-06-27 13:30:00,6089.0,6094.0,6082.0,6092.0,18700.0,372741.0,373710.0
2024-06-27 14:00:00,6092.0,6094.0,6078.0,6081.0,19506.0,373710.0,375052.0
2024-06-27 14:30:00,6081.0,6086.0,6075.0,6077.0,23638.0,375052.0,376221.0
2024-06-27 21:00:00,6132.0,6150.0,6120.0,6127.0,116636.0,376221.0,373021.0
2024-06-27 21:30:00,6127.0,6135.0,6124.0,6129.0,31090.0,373021.0,372466.0
2024-06-27 22:00:00,6129.0,6143.0,6127.0,6139.0,29655.0,372466.0,372230.0
2024-06-27 22:30:00,6139.0,6144.0,6129.0,6132.0,26400.0,372230.0,369515.0
2024-06-28 09:00:00,6133.0,6195.0,6133.0,6192.0,134494.0,369515.0,363583.0
2024-06-28 09:30:00,6192.0,6220.0,6192.0,6208.0,89993.0,363583.0,370042.0
2024-06-28 10:00:00,6208.0,6214.0,6205.0,6211.0,15640.0,370042.0,370622.0
2024-06-28 10:30:00,6212.0,6217.0,6208.0,6216.0,26881.0,370622.0,375692.0
2024-06-28 11:00:00,6216.0,6225.0,6215.0,6219.0,27768.0,375692.0,376935.0
2024-06-28 13:30:00,6219.0,6223.0,6205.0,6216.0,38241.0,376935.0,374738.0
2024-06-28 14:00:00,6216.0,6218.0,6207.0,6212.0,20167.0,374738.0,374343.0
2024-06-28 14:30:00,6212.0,6219.0,6211.0,6212.0,27412.0,374343.0,368605.0
2024-06-28 21:00:00,6228.0,6233.0,6218.0,6220.0,65723.0,368605.0,372556.0
2024-06-28 21:30:00,6220.0,6224.0,6216.0,6218.0,20518.0,372556.0,373196.0
2024-06-28 22:00:00,6218.0,6218.0,6183.0,6190.0,75590.0,373196.0,371604.0
2024-06-28 22:30:00,6190.0,6192.0,6177.0,6192.0,31824.0,371604.0,365396.0
2024-07-01 09:00:00,6208.0,6211.0,6192.0,6205.0,41613.0,365396.0,362759.0
2024-07-01 09:30:00,6205.0,6211.0,6202.0,6210.0,16687.0,362759.0,361985.0
2024-07-01 10:00:00,6210.0,6210.0,6201.0,6203.0,8109.0,361985.0,362316.0
2024-07-01 10:30:00,6203.0,6210.0,6199.0,6207.0,13135.0,362316.0,361662.0
2024-07-01 11:00:00,6207.0,6210.0,6201.0,6202.0,9352.0,361662.0,360219.0
2024-07-01 13:30:00,6204.0,6205.0,6197.0,6198.0,13431.0,360219.0,359111.0
2024-07-01 14:00:00,6198.0,6207.0,6198.0,6202.0,11655.0,359111.0,357140.0
2024-07-01 14:30:00,6202.0,6203.0,6193.0,6196.0,19378.0,357140.0,353774.0
2024-07-01 21:00:00,6187.0,6198.0,6180.0,6196.0,47695.0,353774.0,352121.0
2024-07-01 21:30:00,6196.0,6201.0,6193.0,6198.0,19390.0,352121.0,351663.0
2024-07-01 22:00:00,6198.0,6200.0,6188.0,6193.0,18991.0,351663.0,349585.0
2024-07-01 22:30:00,6193.0,6196.0,6189.0,6192.0,12831.0,349585.0,347181.0
2024-07-02 09:00:00,6190.0,6193.0,6173.0,6179.0,33578.0,347181.0,346497.0
2024-07-02 09:30:00,6179.0,6190.0,6177.0,6185.0,15736.0,346497.0,345907.0
2024-07-02 10:00:00,6185.0,6193.0,6184.0,6189.0,8047.0,345907.0,345449.0
2024-07-02 10:30:00,6190.0,6190.0,6178.0,6182.0,13106.0,345449.0,344134.0
2024-07-02 11:00:00,6182.0,6190.0,6182.0,6190.0,10336.0,344134.0,343561.0
2024-07-02 13:30:00,6189.0,6195.0,6188.0,6193.0,16077.0,343561.0,342400.0
2024-07-02 14:00:00,6193.0,6197.0,6192.0,6193.0,11224.0,342400.0,341720.0
2024-07-02 14:30:00,6193.0,6204.0,6193.0,6197.0,21852.0,341720.0,340805.0
2024-07-02 21:00:00,6188.0,6194.0,6168.0,6168.0,66352.0,340805.0,343167.0
2024-07-02 21:30:00,6168.0,6188.0,6168.0,6184.0,29793.0,343167.0,341378.0
2024-07-02 22:00:00,6184.0,6194.0,6178.0,6193.0,21838.0,341378.0,341116.0
2024-07-02 22:30:00,6193.0,6195.0,6186.0,6188.0,19121.0,341116.0,337784.0
2024-07-03 09:00:00,6210.0,6239.0,6210.0,6222.0,90237.0,337784.0,341861.0
2024-07-03 09:30:00,6222.0,6226.0,6215.0,6218.0,17245.0,341861.0,339772.0
2024-07-03 10:00:00,6218.0,6224.0,6215.0,6221.0,7328.0,339772.0,339864.0
2024-07-03 10:30:00,6219.0,6220.0,6207.0,6219.0,26326.0,339864.0,340052.0
2024-07-03 11:00:00,6219.0,6232.0,6217.0,6228.0,23664.0,340052.0,340579.0
2024-07-03 13:30:00,6227.0,6234.0,6223.0,6232.0,16491.0,340579.0,340094.0
2024-07-03 14:00:00,6232.0,6234.0,6227.0,6232.0,12143.0,340094.0,339135.0
2024-07-03 14:30:00,6232.0,6234.0,6226.0,6227.0,22203.0,339135.0,333963.0
2024-07-03 21:00:00,6223.0,6243.0,6221.0,6236.0,43682.0,333963.0,335777.0
2024-07-03 21:30:00,6236.0,6247.0,6227.0,6245.0,35500.0,335777.0,333956.0
2024-07-03 22:00:00,6245.0,6265.0,6244.0,6263.0,46160.0,333956.0,337840.0
2024-07-03 22:30:00,6263.0,6271.0,6256.0,6258.0,38744.0,337840.0,334675.0
2024-07-04 09:00:00,6246.0,6263.0,6244.0,6262.0,29302.0,334675.0,335328.0
2024-07-04 09:30:00,6262.0,6275.0,6257.0,6270.0,24036.0,335328.0,338231.0
2024-07-04 10:00:00,6270.0,6271.0,6260.0,6268.0,11243.0,338231.0,338792.0
2024-07-04 10:30:00,6267.0,6271.0,6258.0,6270.0,19428.0,338792.0,339604.0
2024-07-04 11:00:00,6270.0,6274.0,6265.0,6270.0,18333.0,339604.0,340626.0
2024-07-04 13:30:00,6270.0,6270.0,6261.0,6265.0,20326.0,340626.0,342002.0
2024-07-04 14:00:00,6265.0,6269.0,6249.0,6258.0,32715.0,342002.0,342376.0
2024-07-04 14:30:00,6258.0,6265.0,6253.0,6261.0,24907.0,342376.0,343069.0
2024-07-04 21:00:00,6266.0,6278.0,6247.0,6251.0,55376.0,343069.0,345193.0
2024-07-04 21:30:00,6251.0,6263.0,6250.0,6259.0,20642.0,345193.0,345196.0
2024-07-04 22:00:00,6259.0,6264.0,6257.0,6259.0,12792.0,345196.0,346291.0
2024-07-04 22:30:00,6259.0,6263.0,6244.0,6255.0,24565.0,346291.0,344772.0
2024-07-05 09:00:00,6253.0,6260.0,6245.0,6256.0,25113.0,344772.0,345479.0
2024-07-05 09:30:00,6256.0,6267.0,6240.0,6260.0,30432.0,345479.0,346018.0
2024-07-05 10:00:00,6260.0,6265.0,6258.0,6263.0,8748.0,346018.0,347163.0
2024-07-05 10:30:00,6263.0,6264.0,6255.0,6261.0,14013.0,347163.0,347352.0
2024-07-05 11:00:00,6261.0,6273.0,6260.0,6268.0,21853.0,347352.0,349039.0
2024-07-05 13:30:00,6268.0,6282.0,6263.0,6280.0,29264.0,349039.0,350260.0
2024-07-05 14:00:00,6280.0,6282.0,6261.0,6265.0,23560.0,350260.0,348187.0
2024-07-05 14:30:00,6265.0,6270.0,6260.0,6261.0,16287.0,348187.0,346293.0
2024-07-05 21:00:00,6256.0,6262.0,6244.0,6255.0,44595.0,346293.0,349323.0
2024-07-05 21:30:00,6255.0,6260.0,6246.0,6258.0,25518.0,349323.0,351363.0
2024-07-05 22:00:00,6258.0,6277.0,6254.0,6268.0,26905.0,351363.0,352116.0
2024-07-05 22:30:00,6268.0,6284.0,6267.0,6274.0,32701.0,352116.0,351829.0
2024-07-08 09:00:00,6248.0,6248.0,6217.0,6230.0,66405.0,351829.0,345423.0
2024-07-08 09:30:00,6230.0,6232.0,6209.0,6217.0,29838.0,345423.0,341361.0
2024-07-08 10:00:00,6217.0,6223.0,6213.0,6220.0,8205.0,341361.0,340448.0
2024-07-08 10:30:00,6219.0,6222.0,6210.0,6215.0,17909.0,340448.0,339477.0
2024-07-08 11:00:00,6215.0,6224.0,6208.0,6216.0,19042.0,339477.0,337469.0
2024-07-08 13:30:00,6217.0,6225.0,6216.0,6225.0,12973.0,337469.0,338380.0
2024-07-08 14:00:00,6225.0,6226.0,6217.0,6219.0,11471.0,338380.0,339137.0
2024-07-08 14:30:00,6219.0,6233.0,6219.0,6225.0,21383.0,339137.0,338492.0
2024-07-08 21:00:00,6235.0,6237.0,6220.0,6222.0,32203.0,338492.0,342514.0
2024-07-08 21:30:00,6222.0,6223.0,6195.0,6199.0,54084.0,342514.0,341234.0
2024-07-08 22:00:00,6199.0,6209.0,6197.0,6208.0,23307.0,341234.0,340950.0
2024-07-08 22:30:00,6208.0,6219.0,6206.0,6216.0,20667.0,340950.0,339568.0
2024-07-09 09:00:00,6226.0,6244.0,6225.0,6230.0,48512.0,339568.0,342400.0
2024-07-09 09:30:00,6230.0,6231.0,6220.0,6227.0,20205.0,342400.0,341737.0
2024-07-09 10:00:00,6227.0,6228.0,6216.0,6218.0,9079.0,341737.0,342037.0
2024-07-09 10:30:00,6217.0,6218.0,6202.0,6205.0,23007.0,342037.0,340577.0
2024-07-09 11:00:00,6205.0,6223.0,6203.0,6220.0,27547.0,340577.0,337877.0
2024-07-09 13:30:00,6220.0,6234.0,6220.0,6232.0,27865.0,337877.0,337306.0
2024-07-09 14:00:00,6232.0,6243.0,6232.0,6239.0,24921.0,337306.0,342673.0
2024-07-09 14:30:00,6239.0,6254.0,6239.0,6247.0,31637.0,342673.0,344916.0
2024-07-09 21:00:00,6219.0,6227.0,6212.0,6216.0,51544.0,344916.0,344701.0
2024-07-09 21:30:00,6216.0,6218.0,6202.0,6203.0,31049.0,344701.0,343815.0
2024-07-09 22:00:00,6203.0,6207.0,6183.0,6187.0,56096.0,343815.0,338210.0
2024-07-09 22:30:00,6187.0,6198.0,6182.0,6188.0,33132.0,338210.0,337049.0
2024-07-10 09:00:00,6181.0,6181.0,6146.0,6150.0,71208.0,337049.0,330533.0
2024-07-10 09:30:00,6150.0,6161.0,6145.0,6150.0,39014.0,330533.0,328891.0
2024-07-10 10:00:00,6150.0,6159.0,6148.0,6153.0,11503.0,328891.0,328010.0
2024-07-10 10:30:00,6154.0,6160.0,6145.0,6147.0,25970.0,328010.0,325358.0
2024-07-10 11:00:00,6147.0,6147.0,6133.0,6141.0,29789.0,325358.0,322960.0
2024-07-10 13:30:00,6143.0,6149.0,6135.0,6148.0,20872.0,322960.0,321397.0
2024-07-10 14:00:00,6148.0,6153.0,6145.0,6146.0,14954.0,321397.0,319316.0
2024-07-10 14:30:00,6146.0,6155.0,6144.0,6150.0,23049.0,319316.0,315580.0
2024-07-10 21:00:00,6170.0,6191.0,6163.0,6183.0,68927.0,315580.0,311941.0
2024-07-10 21:30:00,6183.0,6190.0,6180.0,6186.0,21271.0,311941.0,313040.0
2024-07-10 22:00:00,6186.0,6202.0,6186.0,6193.0,42021.0,313040.0,312183.0
2024-07-10 22:30:00,6193.0,6201.0,6190.0,6194.0,19834.0,312183.0,311270.0
2024-07-11 09:00:00,6178.0,6185.0,6174.0,6177.0,29619.0,311270.0,310247.0
2024-07-11 09:30:00,6177.0,6189.0,6173.0,6185.0,15460.0,310247.0,311252.0
2024-07-11 10:00:00,6185.0,6192.0,6184.0,6188.0,8012.0,311252.0,311107.0
2024-07-11 10:30:00,6188.0,6205.0,6187.0,6195.0,27070.0,311107.0,312802.0
2024-07-11 11:00:00,6195.0,6208.0,6193.0,6205.0,17736.0,312802.0,313981.0
2024-07-11 13:30:00,6204.0,6206.0,6192.0,6194.0,16060.0,313981.0,314168.0
2024-07-11 14:00:00,6194.0,6197.0,6188.0,6189.0,12373.0,314168.0,314040.0
2024-07-11 14:30:00,6189.0,6195.0,6185.0,6194.0,19299.0,314040.0,312118.0
2024-07-11 21:00:00,6179.0,6188.0,6167.0,6167.0,51253.0,312118.0,312654.0
2024-07-11 21:30:00,6167.0,6178.0,6164.0,6174.0,25104.0,312654.0,313721.0
2024-07-11 22:00:00,6174.0,6190.0,6173.0,6176.0,28611.0,313721.0,312515.0
2024-07-11 22:30:00,6176.0,6181.0,6173.0,6174.0,13626.0,312515.0,310407.0
2024-07-12 09:00:00,6156.0,6159.0,6137.0,6138.0,51208.0,310407.0,307925.0
2024-07-12 09:30:00,6138.0,6153.0,6138.0,6150.0,18298.0,307925.0,307027.0
2024-07-12 10:00:00,6150.0,6155.0,6145.0,6150.0,6146.0,307027.0,306510.0
2024-07-12 10:30:00,6150.0,6150.0,6141.0,6142.0,14916.0,306510.0,306841.0
2024-07-12 11:00:00,6142.0,6150.0,6139.0,6146.0,13903.0,306841.0,305320.0
2024-07-12 13:30:00,6146.0,6155.0,6145.0,6145.0,14964.0,305320.0,303815.0
2024-07-12 14:00:00,6145.0,6155.0,6144.0,6155.0,11705.0,303815.0,303569.0
2024-07-12 14:30:00,6155.0,6163.0,6150.0,6162.0,20605.0,303569.0,300749.0
2024-07-12 21:00:00,6146.0,6157.0,6140.0,6151.0,35056.0,300749.0,304837.0
2024-07-12 21:30:00,6151.0,6155.0,6146.0,6150.0,12567.0,304837.0,304802.0
2024-07-12 22:00:00,6150.0,6156.0,6128.0,6133.0,36940.0,304802.0,303394.0
2024-07-12 22:30:00,6133.0,6148.0,6127.0,6145.0,23868.0,303394.0,300625.0
2024-07-15 09:00:00,6130.0,6140.0,6124.0,6126.0,28801.0,300625.0,301832.0
2024-07-15 09:30:00,6126.0,6139.0,6120.0,6134.0,22685.0,301832.0,300118.0
2024-07-15 10:00:00,6134.0,6139.0,6130.0,6132.0,6020.0,300118.0,300068.0
2024-07-15 10:30:00,6131.0,6133.0,6112.0,6118.0,26821.0,300068.0,301419.0
2024-07-15 11:00:00,6118.0,6121.0,6115.0,6115.0,10327.0,301419.0,300915.0
2024-07-15 13:30:00,6115.0,6127.0,6115.0,6119.0,12850.0,300915.0,300091.0
2024-07-15 14:00:00,6119.0,6120.0,6112.0,6115.0,15360.0,300091.0,301859.0
2024-07-15 14:30:00,6115.0,6124.0,6112.0,6121.0,19228.0,301859.0,299655.0
2024-07-15 21:00:00,6135.0,6149.0,6128.0,6147.0,46945.0,299655.0,301550.0
2024-07-15 21:30:00,6147.0,6156.0,6142.0,6151.0,20514.0,301550.0,302274.0
2024-07-15 22:00:00,6151.0,6159.0,6146.0,6148.0,26851.0,302274.0,303377.0
2024-07-15 22:30:00,6148.0,6154.0,6147.0,6150.0,12884.0,303377.0,300786.0
2024-07-16 09:00:00,6154.0,6172.0,6144.0,6147.0,42688.0,300786.0,301671.0
2024-07-16 09:30:00,6147.0,6148.0,6140.0,6141.0,14398.0,301671.0,301573.0
2024-07-16 10:00:00,6141.0,6143.0,6137.0,6140.0,6850.0,301573.0,302537.0
2024-07-16 10:30:00,6141.0,6148.0,6140.0,6143.0,12498.0,302537.0,301937.0
2024-07-16 11:00:00,6143.0,6150.0,6142.0,6147.0,9983.0,301937.0,302328.0
2024-07-16 13:30:00,6147.0,6154.0,6147.0,6152.0,13831.0,302328.0,303484.0
2024-07-16 14:00:00,6152.0,6155.0,6145.0,6146.0,8309.0,303484.0,303110.0
2024-07-16 14:30:00,6146.0,6147.0,6140.0,6143.0,17634.0,303110.0,301507.0
2024-07-16 21:00:00,6134.0,6146.0,6129.0,6145.0,39592.0,301507.0,304917.0
2024-07-16 21:30:00,6145.0,6146.0,6135.0,6138.0,13994.0,304917.0,305261.0
2024-07-16 22:00:00,6138.0,6146.0,6137.0,6142.0,11305.0,305261.0,305533.0
2024-07-16 22:30:00,6142.0,6147.0,6137.0,6145.0,11207.0,305533.0,303521.0
2024-07-17 09:00:00,6144.0,6144.0,6126.0,6137.0,26688.0,303521.0,304726.0
2024-07-17 09:30:00,6137.0,6141.0,6133.0,6135.0,11853.0,304726.0,304764.0
2024-07-17 10:00:00,6135.0,6144.0,6135.0,6140.0,6318.0,304764.0,304495.0
2024-07-17 10:30:00,6140.0,6145.0,6131.0,6133.0,13152.0,304495.0,305161.0
2024-07-17 11:00:00,6133.0,6133.0,6122.0,6127.0,20495.0,305161.0,305991.0
2024-07-17 13:30:00,6127.0,6130.0,6124.0,6124.0,11839.0,305991.0,305845.0
2024-07-17 14:00:00,6124.0,6129.0,6118.0,6122.0,18957.0,305845.0,305770.0
2024-07-17 14:30:00,6122.0,6129.0,6120.0,6128.0,14847.0,305770.0,303866.0
2024-07-17 21:00:00,6107.0,6126.0,6105.0,6118.0,42382.0,303866.0,305895.0
2024-07-17 21:30:00,6118.0,6132.0,6115.0,6128.0,20788.0,305895.0,305888.0
2024-07-17 22:00:00,6128.0,6129.0,6107.0,6108.0,24304.0,305888.0,307038.0
2024-07-17 22:30:00,6108.0,6114.0,6106.0,6108.0,17482.0,307038.0,305712.0
2024-07-18 09:00:00,6110.0,6113.0,6105.0,6113.0,21846.0,305712.0,308621.0
2024-07-18 09:30:00,6113.0,6115.0,6101.0,6113.0,21548.0,308621.0,308317.0
2024-07-18 10:00:00,6113.0,6121.0,6111.0,6119.0,8837.0,308317.0,307320.0
2024-07-18 10:30:00,6119.0,6130.0,6116.0,6119.0,26507.0,307320.0,309647.0
2024-07-18 11:00:00,6119.0,6127.0,6115.0,6125.0,14102.0,309647.0,308971.0
2024-07-18 13:30:00,6125.0,6129.0,6118.0,6119.0,14822.0,308971.0,309416.0
2024-07-18 14:00:00,6119.0,6123.0,6113.0,6119.0,12172.0,309416.0,309164.0
2024-07-18 14:30:00,6119.0,6138.0,6119.0,6135.0,19704.0,309164.0,306513.0
2024-07-18 21:00:00,6115.0,6127.0,6108.0,6125.0,37439.0,306513.0,309989.0
2024-07-18 21:30:00,6125.0,6132.0,6121.0,6129.0,17878.0,309989.0,310204.0
2024-07-18 22:00:00,6129.0,6131.0,6124.0,6126.0,10743.0,310204.0,309915.0
2024-07-18 22:30:00,6126.0,6128.0,6117.0,6123.0,15401.0,309915.0,308208.0
2024-07-19 09:00:00,6119.0,6126.0,6106.0,6124.0,27713.0,308208.0,308281.0
2024-07-19 09:30:00,6124.0,6126.0,6115.0,6116.0,11352.0,308281.0,308235.0
2024-07-19 10:00:00,6116.0,6130.0,6115.0,6125.0,9041.0,308235.0,309083.0
2024-07-19 10:30:00,6125.0,6125.0,6115.0,6117.0,13924.0,309083.0,308312.0
2024-07-19 11:00:00,6117.0,6144.0,6115.0,6124.0,33686.0,308312.0,305269.0
2024-07-19 13:30:00,6124.0,6125.0,6116.0,6116.0,13896.0,305269.0,305670.0
2024-07-19 14:00:00,6116.0,6123.0,6113.0,6120.0,14522.0,305670.0,304865.0
2024-07-19 14:30:00,6120.0,6124.0,6118.0,6122.0,14100.0,304865.0,302166.0
2024-07-19 21:00:00,6098.0,6104.0,6083.0,6085.0,56206.0,302166.0,307973.0
2024-07-19 21:30:00,6085.0,6089.0,6077.0,6084.0,24606.0,307973.0,309302.0
2024-07-19 22:00:00,6084.0,6089.0,6076.0,6083.0,20395.0,309302.0,310150.0
2024-07-19 22:30:00,6083.0,6084.0,6073.0,6079.0,18576.0,310150.0,310021.0
2024-07-22 09:00:00,6084.0,6097.0,6081.0,6096.0,33299.0,310021.0,307295.0
2024-07-22 09:30:00,6096.0,6096.0,6082.0,6084.0,13682.0,307295.0,308234.0
2024-07-22 10:00:00,6084.0,6087.0,6081.0,6082.0,4122.0,308234.0,308330.0
2024-07-22 10:30:00,6083.0,6106.0,6083.0,6105.0,21031.0,308330.0,308581.0
2024-07-22 11:00:00,6105.0,6111.0,6103.0,6107.0,16596.0,308581.0,307820.0
2024-07-22 13:30:00,6107.0,6108.0,6098.0,6101.0,12578.0,307820.0,307246.0
2024-07-22 14:00:00,6101.0,6105.0,6096.0,6102.0,12038.0,307246.0,305252.0
2024-07-22 14:30:00,6102.0,6110.0,6102.0,6104.0,14155.0,305252.0,304065.0
2024-07-22 21:00:00,6083.0,6094.0,6079.0,6090.0,41781.0,304065.0,303545.0
2024-07-22 21:30:00,6090.0,6095.0,6082.0,6085.0,15456.0,303545.0,303578.0
2024-07-22 22:00:00,6085.0,6092.0,6083.0,6086.0,9914.0,303578.0,303971.0
2024-07-22 22:30:00,6086.0,6088.0,6081.0,6084.0,10405.0,303971.0,303629.0
2024-07-23 09:00:00,6082.0,6089.0,6080.0,6081.0,15928.0,303629.0,303811.0
2024-07-23 09:30:00,6081.0,6090.0,6077.0,6087.0,17844.0,303811.0,305214.0
2024-07-23 10:00:00,6087.0,6089.0,6082.0,6084.0,3904.0,305214.0,304405.0
2024-07-23 10:30:00,6084.0,6097.0,6082.0,6093.0,16808.0,304405.0,306077.0
2024-07-23 11:00:00,6093.0,6095.0,6086.0,6087.0,9108.0,306077.0,304393.0
2024-07-23 13:30:00,6087.0,6087.0,6066.0,6074.0,39648.0,304393.0,307188.0
2024-07-23 14:00:00,6074.0,6077.0,6070.0,6071.0,11076.0,307188.0,307169.0
2024-07-23 14:30:00,6071.0,6072.0,6064.0,6069.0,22723.0,307169.0,305522.0
2024-07-23 21:00:00,6081.0,6101.0,6076.0,6092.0,45896.0,305522.0,308216.0
2024-07-23 21:30:00,6092.0,6092.0,6085.0,6087.0,15407.0,308216.0,308071.0
2024-07-23 22:00:00,6087.0,6088.0,6082.0,6083.0,10286.0,308071.0,307640.0
2024-07-23 22:30:00,6083.0,6091.0,6071.0,6072.0,19707.0,307640.0,305552.0
2024-07-24 09:00:00,6075.0,6078.0,6068.0,6075.0,16794.0,305552.0,307436.0
2024-07-24 09:30:00,6075.0,6083.0,6074.0,6079.0,10803.0,307436.0,307423.0
2024-07-24 10:00:00,6079.0,6086.0,6077.0,6083.0,7159.0,307423.0,307238.0
2024-07-24 10:30:00,6083.0,6088.0,6077.0,6086.0,13808.0,307238.0,308522.0
2024-07-24 11:00:00,6086.0,6102.0,6085.0,6099.0,28800.0,308522.0,310115.0
2024-07-24 13:30:00,6098.0,6125.0,6097.0,6124.0,48379.0,310115.0,309112.0
2024-07-24 14:00:00,6124.0,6147.0,6122.0,6145.0,50759.0,309112.0,308291.0
2024-07-24 14:30:00,6145.0,6165.0,6143.0,6150.0,77007.0,308291.0,304611.0
2024-07-24 21:00:00,6137.0,6148.0,6130.0,6137.0,43098.0,304611.0,303129.0
2024-07-24 21:30:00,6137.0,6141.0,6126.0,6128.0,19281.0,303129.0,302559.0
2024-07-24 22:00:00,6128.0,6133.0,6106.0,6108.0,34379.0,302559.0,301034.0
2024-07-24 22:30:00,6108.0,6118.0,6103.0,6116.0,31125.0,301034.0,296500.0
2024-07-25 09:00:00,6118.0,6118.0,6105.0,6118.0,25637.0,296500.0,296792.0
2024-07-25 09:30:00,6118.0,6125.0,6114.0,6125.0,20682.0,296792.0,294477.0
2024-07-25 10:00:00,6125.0,6125.0,6117.0,6118.0,6475.0,294477.0,293955.0
2024-07-25 10:30:00,6119.0,6129.0,6113.0,6120.0,20403.0,293955.0,292508.0
2024-07-25 11:00:00,6120.0,6122.0,6113.0,6117.0,16041.0,292508.0,291718.0
2024-07-25 13:30:00,6117.0,6123.0,6112.0,6121.0,16331.0,291718.0,289937.0
2024-07-25 14:00:00,6121.0,6136.0,6120.0,6135.0,27668.0,289937.0,290050.0
2024-07-25 14:30:00,6135.0,6139.0,6130.0,6134.0,25741.0,290050.0,287162.0
2024-07-25 21:00:00,6171.0,6226.0,6169.0,6178.0,145351.0,287162.0,291245.0
2024-07-25 21:30:00,6178.0,6190.0,6168.0,6185.0,42257.0,291245.0,289819.0
2024-07-25 22:00:00,6185.0,6198.0,6185.0,6187.0,21488.0,289819.0,289955.0
2024-07-25 22:30:00,6187.0,6196.0,6187.0,6193.0,16291.0,289955.0,288971.0
2024-07-26 09:00:00,6195.0,6209.0,6190.0,6209.0,35383.0,288971.0,293766.0
2024-07-26 09:30:00,6209.0,6219.0,6205.0,6209.0,29359.0,293766.0,295458.0
2024-07-26 10:00:00,6209.0,6214.0,6206.0,6210.0,6584.0,295458.0,295626.0
2024-07-26 10:30:00,6211.0,6214.0,6206.0,6207.0,11668.0,295626.0,295743.0
2024-07-26 11:00:00,6207.0,6210.0,6204.0,6209.0,12884.0,295743.0,296352.0
2024-07-26 13:30:00,6207.0,6208.0,6200.0,6203.0,13250.0,296352.0,295440.0
2024-07-26 14:00:00,6203.0,6203.0,6187.0,6189.0,18834.0,295440.0,291010.0
2024-07-26 14:30:00,6189.0,6189.0,6165.0,6174.0,35758.0,291010.0,280663.0
2024-07-26 21:00:00,6164.0,6173.0,6144.0,6151.0,51413.0,280663.0,280312.0
2024-07-26 21:30:00,6151.0,6152.0,6141.0,6143.0,20175.0,280312.0,279660.0
2024-07-26 22:00:00,6143.0,6147.0,6124.0,6125.0,34556.0,279660.0,277794.0
2024-07-26 22:30:00,6125.0,6133.0,6123.0,6126.0,20738.0,277794.0,273600.0
2024-07-29 09:00:00,6135.0,6135.0,6113.0,6130.0,39485.0,273600.0,275441.0
2024-07-29 09:30:00,6130.0,6143.0,6128.0,6140.0,21552.0,275441.0,275949.0
2024-07-29 10:00:00,6140.0,6143.0,6136.0,6142.0,7006.0,275949.0,275722.0
2024-07-29 10:30:00,6142.0,6145.0,6135.0,6140.0,11496.0,275722.0,275567.0
2024-07-29 11:00:00,6140.0,6144.0,6134.0,6139.0,8693.0,275567.0,274567.0
2024-07-29 13:30:00,6139.0,6152.0,6135.0,6144.0,16303.0,274567.0,274072.0
2024-07-29 14:00:00,6144.0,6151.0,6144.0,6149.0,8277.0,274072.0,273199.0
2024-07-29 14:30:00,6149.0,6155.0,6144.0,6147.0,15491.0,273199.0,270686.0
2024-07-29 21:00:00,6177.0,6180.0,6157.0,6166.0,45147.0,270686.0,273157.0
2024-07-29 21:30:00,6166.0,6176.0,6165.0,6171.0,20865.0,273157.0,275208.0
2024-07-29 22:00:00,6171.0,6175.0,6167.0,6174.0,12112.0,275208.0,275219.0
2024-07-29 22:30:00,6174.0,6179.0,6170.0,6172.0,14007.0,275219.0,274254.0
2024-07-30 09:00:00,6175.0,6186.0,6164.0,6170.0,23502.0,274254.0,275781.0
2024-07-30 09:30:00,6170.0,6189.0,6170.0,6187.0,25039.0,275781.0,276816.0
2024-07-30 10:00:00,6187.0,6195.0,6184.0,6187.0,13070.0,276816.0,277971.0
2024-07-30 10:30:00,6187.0,6191.0,6181.0,6187.0,13132.0,277971.0,277988.0
2024-07-30 11:00:00,6187.0,6190.0,6174.0,6177.0,13659.0,277988.0,277986.0
2024-07-30 13:30:00,6177.0,6184.0,6170.0,6181.0,14130.0,277986.0,279292.0
2024-07-30 14:00:00,6181.0,6187.0,6178.0,6183.0,9952.0,279292.0,279331.0
2024-07-30 14:30:00,6183.0,6186.0,6179.0,6181.0,14954.0,279331.0,277937.0
2024-07-30 21:00:00,6185.0,6194.0,6177.0,6191.0,37677.0,277937.0,283425.0
2024-07-30 21:30:00,6191.0,6194.0,6184.0,6189.0,18277.0,283425.0,283836.0
2024-07-30 22:00:00,6189.0,6204.0,6180.0,6193.0,27759.0,283836.0,284524.0
2024-07-30 22:30:00,6193.0,6194.0,6182.0,6183.0,14748.0,284524.0,282007.0
2024-07-31 09:00:00,6210.0,6210.0,6187.0,6190.0,33537.0,282007.0,281396.0
2024-07-31 09:30:00,6190.0,6193.0,6184.0,6191.0,13217.0,281396.0,281240.0
2024-07-31 10:00:00,6191.0,6194.0,6191.0,6191.0,3696.0,281240.0,280976.0
2024-07-31 10:30:00,6191.0,6200.0,6185.0,6198.0,13851.0,280976.0,280077.0
2024-07-31 11:00:00,6198.0,6205.0,6192.0,6199.0,16256.0,280077.0,279123.0
2024-07-31 13:30:00,6200.0,6206.0,6196.0,6205.0,16895.0,279123.0,278770.0
2024-07-31 14:00:00,6205.0,6208.0,6198.0,6199.0,11717.0,278770.0,278522.0
2024-07-31 14:30:00,6199.0,6200.0,6195.0,6196.0,13607.0,278522.0,276240.0
2024-07-31 21:00:00,6190.0,6193.0,6161.0,6167.0,55229.0,276240.0,275331.0
2024-07-31 21:30:00,6167.0,6175.0,6159.0,6163.0,28118.0,275331.0,272858.0
2024-07-31 22:00:00,6163.0,6170.0,6158.0,6169.0,16099.0,272858.0,271741.0
2024-07-31 22:30:00,6169.0,6171.0,6165.0,6171.0,11367.0,271741.0,269580.0
2024-08-01 09:00:00,6173.0,6197.0,6173.0,6197.0,31278.0,269580.0,269149.0
2024-08-01 09:30:00,6197.0,6199.0,6185.0,6186.0,14897.0,269149.0,267958.0
2024-08-01 10:00:00,6186.0,6186.0,6177.0,6177.0,7176.0,267958.0,267670.0
2024-08-01 10:30:00,6177.0,6188.0,6176.0,6186.0,11770.0,267670.0,266398.0
2024-08-01 11:00:00,6186.0,6186.0,6165.0,6166.0,16581.0,266398.0,264964.0
2024-08-01 13:30:00,6166.0,6168.0,6154.0,6163.0,21761.0,264964.0,264152.0
2024-08-01 14:00:00,6163.0,6166.0,6157.0,6160.0,9534.0,264152.0,263158.0
2024-08-01 14:30:00,6160.0,6169.0,6160.0,6164.0,13270.0,263158.0,261075.0
2024-08-01 21:00:00,6151.0,6156.0,6134.0,6144.0,38903.0,261075.0,261497.0
2024-08-01 21:30:00,6144.0,6152.0,6142.0,6147.0,10775.0,261497.0,261432.0
2024-08-01 22:00:00,6147.0,6149.0,6133.0,6138.0,21126.0,261432.0,261493.0
2024-08-01 22:30:00,6138.0,6140.0,6128.0,6138.0,22295.0,261493.0,261410.0
2024-08-02 09:00:00,6145.0,6145.0,6119.0,6125.0,22865.0,261410.0,261071.0
2024-08-02 09:30:00,6125.0,6129.0,6121.0,6125.0,12817.0,261071.0,259693.0
2024-08-02 10:00:00,6125.0,6134.0,6124.0,6132.0,7154.0,259693.0,258599.0
2024-08-02 10:30:00,6132.0,6148.0,6127.0,6141.0,16341.0,258599.0,256399.0
2024-08-02 11:00:00,6141.0,6165.0,6141.0,6162.0,23233.0,256399.0,253740.0
2024-08-02 13:30:00,6162.0,6164.0,6153.0,6160.0,13764.0,253740.0,253472.0
2024-08-02 14:00:00,6160.0,6164.0,6157.0,6161.0,8069.0,253472.0,253281.0
2024-08-02 14:30:00,6161.0,6169.0,6159.0,6160.0,14046.0,253281.0,251991.0
2024-08-02 21:00:00,6140.0,6149.0,6125.0,6128.0,35127.0,251991.0,254586.0
2024-08-02 21:30:00,6128.0,6129.0,6115.0,6124.0,23497.0,254586.0,255738.0
2024-08-02 22:00:00,6124.0,6128.0,6116.0,6126.0,16595.0,255738.0,256063.0
2024-08-02 22:30:00,6126.0,6133.0,6125.0,6128.0,13622.0,256063.0,252874.0
2024-08-05 09:00:00,6129.0,6135.0,6122.0,6131.0,17815.0,252874.0,252655.0
2024-08-05 09:30:00,6131.0,6157.0,6130.0,6145.0,25869.0,252655.0,250728.0
2024-08-05 10:00:00,6145.0,6154.0,6140.0,6154.0,7696.0,250728.0,251268.0
2024-08-05 10:30:00,6153.0,6192.0,6153.0,6174.0,61427.0,251268.0,254641.0
2024-08-05 11:00:00,6174.0,6175.0,6167.0,6172.0,13822.0,254641.0,254258.0
2024-08-05 13:30:00,6166.0,6170.0,6155.0,6156.0,17431.0,254258.0,252927.0
2024-08-05 14:00:00,6156.0,6158.0,6141.0,6144.0,16169.0,252927.0,250517.0
2024-08-05 14:30:00,6144.0,6146.0,6138.0,6143.0,19152.0,250517.0,247572.0
2024-08-05 21:00:00,6117.0,6130.0,6110.0,6118.0,47875.0,247572.0,249157.0
2024-08-05 21:30:00,6118.0,6132.0,6116.0,6126.0,18138.0,249157.0,250616.0
2024-08-05 22:00:00,6126.0,6134.0,6125.0,6131.0,10792.0,250616.0,250911.0
2024-08-05 22:30:00,6131.0,6134.0,6126.0,6129.0,9044.0,250911.0,249754.0
2024-08-06 09:00:00,6123.0,6146.0,6122.0,6132.0,25408.0,249754.0,250827.0
2024-08-06 09:30:00,6132.0,6135.0,6127.0,6130.0,8017.0,250827.0,251032.0
2024-08-06 10:00:00,6130.0,6131.0,6123.0,6127.0,4616.0,251032.0,251132.0
2024-08-06 10:30:00,6128.0,6128.0,6117.0,6118.0,15821.0,251132.0,250238.0
2024-08-06 11:00:00,6118.0,6131.0,6116.0,6126.0,10619.0,250238.0,249536.0
2024-08-06 13:30:00,6125.0,6139.0,6122.0,6138.0,14115.0,249536.0,248767.0
2024-08-06 14:00:00,6138.0,6141.0,6133.0,6140.0,16124.0,248767.0,248128.0
2024-08-06 14:30:00,6140.0,6142.0,6122.0,6125.0,16104.0,248128.0,245898.0
2024-08-06 21:00:00,6120.0,6129.0,6116.0,6123.0,21889.0,245898.0,248658.0
2024-08-06 21:30:00,6123.0,6138.0,6111.0,6130.0,30000.0,248658.0,248970.0
2024-08-06 22:00:00,6130.0,6132.0,6080.0,6080.0,61507.0,248970.0,253719.0
2024-08-06 22:30:00,6080.0,6084.0,6059.0,6075.0,57433.0,253719.0,254929.0
2024-08-07 09:00:00,6074.0,6077.0,6055.0,6056.0,32514.0,254929.0,256910.0
2024-08-07 09:30:00,6056.0,6056.0,6032.0,6045.0,38604.0,256910.0,260201.0
2024-08-07 10:00:00,6045.0,6052.0,6034.0,6040.0,14536.0,260201.0,261266.0
2024-08-07 10:30:00,6041.0,6053.0,6033.0,6036.0,21617.0,261266.0,259713.0
2024-08-07 11:00:00,6036.0,6038.0,6025.0,6035.0,21471.0,259713.0,259562.0
2024-08-07 13:30:00,6038.0,6047.0,6037.0,6041.0,20970.0,259562.0,257677.0
2024-08-07 14:00:00,6041.0,6042.0,6031.0,6035.0,11463.0,257677.0,257115.0
2024-08-07 14:30:00,6035.0,6041.0,6031.0,6036.0,19257.0,257115.0,255924.0
2024-08-07 21:00:00,6065.0,6069.0,6045.0,6051.0,40020.0,255924.0,257073.0
2024-08-07 21:30:00,6051.0,6054.0,6047.0,6053.0,11392.0,257073.0,257469.0
2024-08-07 22:00:00,6053.0,6055.0,6042.0,6044.0,9957.0,257469.0,257055.0
2024-08-07 22:30:00,6044.0,6048.0,6038.0,6042.0,9661.0,257055.0,256053.0
2024-08-08 09:00:00,6050.0,6052.0,6016.0,6018.0,42001.0,256053.0,259757.0
2024-08-08 09:30:00,6018.0,6033.0,6011.0,6018.0,21419.0,259757.0,260389.0
2024-08-08 10:00:00,6018.0,6022.0,6015.0,6018.0,6027.0,260389.0,260777.0
2024-08-08 10:30:00,6018.0,6037.0,6018.0,6027.0,19372.0,260777.0,259385.0
2024-08-08 11:00:00,6027.0,6034.0,6027.0,6030.0,8419.0,259385.0,257289.0
2024-08-08 13:30:00,6031.0,6038.0,6026.0,6034.0,18039.0,257289.0,252263.0
2024-08-08 14:00:00,6034.0,6037.0,6030.0,6031.0,7996.0,252263.0,252583.0
2024-08-08 14:30:00,6031.0,6036.0,6026.0,6028.0,12364.0,252583.0,251571.0
2024-08-08 21:00:00,6062.0,6075.0,6047.0,6068.0,48488.0,251571.0,248669.0
2024-08-08 21:30:00,6068.0,6077.0,6062.0,6068.0,16673.0,248669.0,248363.0
2024-08-08 22:00:00,6068.0,6087.0,6067.0,6082.0,19748.0,248363.0,244833.0
2024-08-08 22:30:00,6082.0,6091.0,6074.0,6078.0,21412.0,244833.0,239458.0
2024-08-09 09:00:00,6069.0,6071.0,6057.0,6058.0,29462.0,239458.0,236753.0
2024-08-09 09:30:00,6058.0,6066.0,6054.0,6055.0,14983.0,236753.0,237078.0
2024-08-09 10:00:00,6055.0,6063.0,6055.0,6060.0,4075.0,237078.0,236728.0
2024-08-09 10:30:00,6061.0,6069.0,6060.0,6065.0,15152.0,236728.0,236526.0
2024-08-09 11:00:00,6065.0,6069.0,6052.0,6053.0,11241.0,236526.0,234937.0
2024-08-09 13:30:00,6053.0,6054.0,6045.0,6048.0,12058.0,234937.0,235069.0
2024-08-09 14:00:00,6048.0,6057.0,6046.0,6051.0,8613.0,235069.0,234344.0
2024-08-09 14:30:00,6051.0,6063.0,6051.0,6061.0,12886.0,234344.0,231017.0
2024-08-09 21:00:00,6072.0,6076.0,6046.0,6049.0,32889.0,231017.0,226895.0
2024-08-09 21:30:00,6049.0,6053.0,6035.0,6037.0,19021.0,226895.0,225239.0
2024-08-09 22:00:00,6037.0,6049.0,6036.0,6043.0,9031.0,225239.0,223686.0
2024-08-09 22:30:00,6043.0,6044.0,6021.0,6028.0,17851.0,223686.0,222565.0
2024-08-12 09:00:00,6044.0,6044.0,5965.0,6014.0,103478.0,222565.0,224823.0
2024-08-12 09:30:00,6014.0,6020.0,6003.0,6009.0,22800.0,224823.0,222728.0
2024-08-12 10:00:00,6009.0,6009.0,5998.0,6005.0,8596.0,222728.0,220637.0
2024-08-12 10:30:00,6005.0,6034.0,6005.0,6031.0,26831.0,220637.0,214476.0
2024-08-12 11:00:00,6031.0,6035.0,6025.0,6033.0,8622.0,214476.0,213561.0
2024-08-12 13:30:00,6034.0,6037.0,6024.0,6027.0,14753.0,213561.0,208948.0
2024-08-12 14:00:00,6027.0,6029.0,6020.0,6023.0,8605.0,208948.0,207393.0
2024-08-12 14:30:00,6023.0,6028.0,6017.0,6024.0,12802.0,207393.0,204433.0
2024-08-12 21:00:00,6025.0,6028.0,6006.0,6014.0,24868.0,204433.0,205744.0
2024-08-12 21:30:00,6014.0,6018.0,5998.0,6011.0,20401.0,205744.0,204747.0
2024-08-12 22:00:00,6011.0,6019.0,6008.0,6012.0,9109.0,204747.0,203360.0
2024-08-12 22:30:00,6012.0,6021.0,6006.0,6013.0,9033.0,203360.0,201381.0
2024-08-13 09:00:00,6009.0,6016.0,6002.0,6008.0,12279.0,201381.0,200861.0
2024-08-13 09:30:00,6008.0,6021.0,6008.0,6010.0,12546.0,200861.0,197824.0
2024-08-13 10:00:00,6010.0,6013.0,6001.0,6002.0,6956.0,197824.0,197464.0
2024-08-13 10:30:00,6001.0,6010.0,5999.0,6005.0,8025.0,197464.0,197570.0
2024-08-13 11:00:00,6005.0,6013.0,5997.0,6004.0,10779.0,197570.0,196158.0
2024-08-13 13:30:00,6001.0,6017.0,6000.0,6013.0,14974.0,196158.0,194111.0
2024-08-13 14:00:00,6013.0,6036.0,6013.0,6027.0,29790.0,194111.0,188548.0
2024-08-13 14:30:00,6027.0,6029.0,6020.0,6023.0,13005.0,188548.0,185662.0
2024-08-13 21:00:00,6039.0,6047.0,6013.0,6015.0,25958.0,185662.0,187024.0
2024-08-13 21:30:00,6015.0,6022.0,6011.0,6014.0,15058.0,187024.0,184149.0
2024-08-13 22:00:00,6014.0,6018.0,6007.0,6015.0,12486.0,184149.0,182191.0
2024-08-13 22:30:00,6015.0,6017.0,6006.0,6011.0,7817.0,182191.0,180930.0
2024-08-14 09:00:00,6010.0,6017.0,6000.0,6009.0,16754.0,180930.0,180618.0
2024-08-14 09:30:00,6009.0,6013.0,5997.0,6005.0,14271.0,180618.0,179830.0
2024-08-14 10:00:00,6005.0,6006.0,5994.0,5996.0,5218.0,179830.0,179746.0
2024-08-14 10:30:00,5996.0,5997.0,5986.0,5987.0,13348.0,179746.0,179284.0
2024-08-14 11:00:00,5987.0,5997.0,5986.0,5993.0,8782.0,179284.0,177166.0
2024-08-14 13:30:00,5993.0,5999.0,5989.0,5998.0,9699.0,177166.0,176093.0
2024-08-14 14:00:00,5998.0,6005.0,5995.0,5996.0,8927.0,176093.0,175315.0
2024-08-14 14:30:00,5996.0,6001.0,5985.0,5987.0,17042.0,175315.0,172794.0
2024-08-14 21:00:00,5993.0,6001.0,5982.0,5985.0,27207.0,172794.0,168401.0
2024-08-14 21:30:00,5985.0,5994.0,5981.0,5983.0,11847.0,168401.0,167046.0
2024-08-14 22:00:00,5983.0,5988.0,5978.0,5985.0,9406.0,167046.0,165696.0
2024-08-14 22:30:00,5985.0,5986.0,5967.0,5970.0,12960.0,165696.0,164033.0
2024-08-15 09:00:00,5965.0,5974.0,5956.0,5957.0,18800.0,164033.0,160885.0
2024-08-15 09:30:00,5957.0,5973.0,5957.0,5971.0,11492.0,160885.0,157507.0
2024-08-15 10:00:00,5971.0,5980.0,5970.0,5973.0,6535.0,157507.0,155850.0
2024-08-15 10:30:00,5973.0,5983.0,5970.0,5972.0,8822.0,155850.0,152510.0
2024-08-15 11:00:00,5972.0,5981.0,5971.0,5979.0,8497.0,152510.0,148326.0
2024-08-15 13:30:00,5979.0,5979.0,5965.0,5970.0,9894.0,148326.0,145866.0
2024-08-15 14:00:00,5970.0,5983.0,5969.0,5981.0,8756.0,145866.0,142893.0
2024-08-15 14:30:00,5981.0,5981.0,5970.0,5978.0,13284.0,142893.0,137363.0
2024-08-15 21:00:00,5643.0,5668.0,5625.0,5655.0,53462.0,137363.0,290303.0
2024-08-15 21:30:00,5655.0,5655.0,5641.0,5648.0,16506.0,290303.0,292795.0
2024-08-15 22:00:00,5648.0,5666.0,5647.0,5662.0,14858.0,292795.0,292460.0
2024-08-15 22:30:00,5662.0,5671.0,5660.0,5661.0,15090.0,292460.0,290064.0
2024-08-16 09:00:00,5655.0,5655.0,5641.0,5645.0,19038.0,290064.0,294170.0
2024-08-16 09:30:00,5645.0,5659.0,5644.0,5655.0,10629.0,294170.0,295011.0
2024-08-16 10:00:00,5655.0,5657.0,5648.0,5648.0,3258.0,295011.0,295529.0
2024-08-16 10:30:00,5649.0,5656.0,5648.0,5654.0,8344.0,295529.0,296807.0
2024-08-16 11:00:00,5654.0,5664.0,5652.0,5660.0,12292.0,296807.0,297585.0
2024-08-16 13:30:00,5660.0,5667.0,5652.0,5662.0,11867.0,297585.0,298720.0
2024-08-16 14:00:00,5662.0,5667.0,5655.0,5658.0,9734.0,298720.0,299382.0
2024-08-16 14:30:00,5658.0,5658.0,5635.0,5636.0,25736.0,299382.0,304647.0
2024-08-16 21:00:00,5660.0,5678.0,5651.0,5672.0,44318.0,304647.0,301613.0
2024-08-16 21:30:00,5672.0,5686.0,5667.0,5669.0,32059.0,301613.0,300151.0
2024-08-16 22:00:00,5669.0,5675.0,5655.0,5658.0,16271.0,300151.0,300819.0
2024-08-16 22:30:00,5658.0,5662.0,5654.0,5655.0,12317.0,300819.0,300682.0
2024-08-19 09:00:00,5655.0,5664.0,5650.0,5655.0,21786.0,300682.0,302581.0
2024-08-19 09:30:00,5655.0,5680.0,5649.0,5673.0,27693.0,302581.0,301162.0
2024-08-19 10:00:00,5673.0,5676.0,5668.0,5672.0,5299.0,301162.0,300968.0
2024-08-19 10:30:00,5671.0,5679.0,5666.0,5678.0,11609.0,300968.0,301581.0
2024-08-19 11:00:00,5678.0,5683.0,5675.0,5680.0,10698.0,301581.0,303122.0
2024-08-19 13:30:00,5679.0,5679.0,5660.0,5662.0,15160.0,303122.0,303672.0
2024-08-19 14:00:00,5662.0,5666.0,5660.0,5666.0,8319.0,303672.0,304743.0
2024-08-19 14:30:00,5666.0,5666.0,5658.0,5662.0,14839.0,304743.0,305206.0
2024-08-19 21:00:00,5660.0,5671.0,5654.0,5664.0,27124.0,305206.0,309999.0
2024-08-19 21:30:00,5664.0,5671.0,5659.0,5670.0,12067.0,309999.0,309931.0
2024-08-19 22:00:00,5670.0,5670.0,5661.0,5664.0,7115.0,309931.0,309618.0
2024-08-19 22:30:00,5664.0,5666.0,5659.0,5663.0,7543.0,309618.0,309431.0
2024-08-20 09:00:00,5662.0,5662.0,5643.0,5653.0,24910.0,309431.0,313123.0
2024-08-20 09:30:00,5653.0,5658.0,5646.0,5658.0,11084.0,313123.0,313918.0
2024-08-20 10:00:00,5658.0,5661.0,5653.0,5657.0,5606.0,313918.0,312879.0
2024-08-20 10:30:00,5658.0,5658.0,5646.0,5650.0,10007.0,312879.0,314836.0
2024-08-20 11:00:00,5650.0,5651.0,5636.0,5639.0,22756.0,314836.0,321093.0
2024-08-20 13:30:00,5640.0,5643.0,5620.0,5627.0,30215.0,321093.0,329189.0
2024-08-20 14:00:00,5627.0,5636.0,5621.0,5632.0,25900.0,329189.0,332291.0
2024-08-20 14:30:00,5632.0,5655.0,5629.0,5640.0,39096.0,332291.0,322381.0
2024-08-20 21:00:00,5610.0,5620.0,5581.0,5590.0,98024.0,322381.0,343237.0
2024-08-20 21:30:00,5590.0,5595.0,5580.0,5593.0,33995.0,343237.0,347894.0
2024-08-20 22:00:00,5593.0,5601.0,5589.0,5597.0,25520.0,347894.0,345665.0
2024-08-20 22:30:00,5597.0,5599.0,5585.0,5594.0,18148.0,345665.0,344745.0
2024-08-21 09:00:00,5595.0,5595.0,5563.0,5569.0,56158.0,344745.0,357257.0
2024-08-21 09:30:00,5569.0,5578.0,5569.0,5575.0,20353.0,357257.0,355986.0
2024-08-21 10:00:00,5575.0,5576.0,5568.0,5569.0,5463.0,355986.0,356314.0
2024-08-21 10:30:00,5571.0,5591.0,5570.0,5589.0,26053.0,356314.0,351655.0
2024-08-21 11:00:00,5589.0,5595.0,5584.0,5584.0,16557.0,351655.0,350662.0
2024-08-21 13:30:00,5583.0,5592.0,5583.0,5589.0,12817.0,350662.0,351998.0
2024-08-21 14:00:00,5589.0,5589.0,5580.0,5584.0,15467.0,351998.0,353401.0
2024-08-21 14:30:00,5584.0,5590.0,5581.0,5586.0,22216.0,353401.0,354366.0
2024-08-21 21:00:00,5586.0,5590.0,5562.0,5570.0,65689.0,354366.0,364059.0
2024-08-21 21:30:00,5570.0,5572.0,5555.0,5563.0,46748.0,364059.0,368607.0
2024-08-21 22:00:00,5563.0,5565.0,5554.0,5556.0,27733.0,368607.0,372822.0
2024-08-21 22:30:00,5556.0,5571.0,5556.0,5566.0,28848.0,372822.0,366060.0
2024-08-22 09:00:00,5575.0,5582.0,5567.0,5572.0,34171.0,366060.0,363295.0
2024-08-22 09:30:00,5572.0,5578.0,5567.0,5571.0,14481.0,363295.0,363509.0
2024-08-22 10:00:00,5571.0,5574.0,5568.0,5572.0,6388.0,363509.0,363569.0
2024-08-22 10:30:00,5572.0,5573.0,5558.0,5563.0,23393.0,363569.0,368113.0
2024-08-22 11:00:00,5563.0,5567.0,5557.0,5561.0,23111.0,368113.0,369095.0
2024-08-22 13:30:00,5561.0,5568.0,5555.0,5556.0,20784.0,369095.0,369238.0
2024-08-22 14:00:00,5556.0,5563.0,5553.0,5559.0,21560.0,369238.0,370534.0
2024-08-22 14:30:00,5559.0,5561.0,5553.0,5558.0,22279.0,370534.0,367388.0
2024-08-22 21:00:00,5575.0,5580.0,5561.0,5562.0,44372.0,367388.0,368730.0
2024-08-22 21:30:00,5562.0,5574.0,5561.0,5572.0,25330.0,368730.0,371336.0
2024-08-22 22:00:00,5572.0,5574.0,5555.0,5556.0,23260.0,371336.0,371946.0
2024-08-22 22:30:00,5556.0,5562.0,5555.0,5559.0,14226.0,371946.0,370148.0
2024-08-23 09:00:00,5553.0,5553.0,5538.0,5542.0,42231.0,370148.0,374121.0
2024-08-23 09:30:00,5542.0,5547.0,5534.0,5536.0,24784.0,374121.0,378242.0
2024-08-23 10:00:00,5536.0,5540.0,5528.0,5533.0,14264.0,378242.0,379169.0
2024-08-23 10:30:00,5533.0,5533.0,5508.0,5510.0,44196.0,379169.0,385363.0
2024-08-23 11:00:00,5510.0,5529.0,5509.0,5527.0,28187.0,385363.0,384083.0
2024-08-23 13:30:00,5525.0,5533.0,5524.0,5531.0,17560.0,384083.0,382406.0
2024-08-23 14:00:00,5531.0,5536.0,5529.0,5533.0,13527.0,382406.0,381156.0
2024-08-23 14:30:00,5533.0,5541.0,5533.0,5536.0,20593.0,381156.0,377860.0
2024-08-23 21:00:00,5562.0,5577.0,5557.0,5560.0,67415.0,377860.0,377595.0
2024-08-23 21:30:00,5560.0,5574.0,5560.0,5570.0,24881.0,377595.0,375757.0
2024-08-23 22:00:00,5570.0,5574.0,5566.0,5574.0,19552.0,375757.0,374237.0
2024-08-23 22:30:00,5574.0,5577.0,5559.0,5566.0,38441.0,374237.0,368975.0
2024-08-26 09:00:00,5573.0,5595.0,5573.0,5580.0,45011.0,368975.0,369490.0
2024-08-26 09:30:00,5580.0,5581.0,5572.0,5578.0,13575.0,369490.0,371206.0
2024-08-26 10:00:00,5578.0,5578.0,5568.0,5571.0,8070.0,371206.0,373141.0
2024-08-26 10:30:00,5570.0,5573.0,5565.0,5572.0,16612.0,373141.0,375366.0
2024-08-26 11:00:00,5572.0,5572.0,5563.0,5568.0,11772.0,375366.0,375460.0
2024-08-26 13:30:00,5568.0,5577.0,5568.0,5573.0,14013.0,375460.0,376626.0
2024-08-26 14:00:00,5573.0,5577.0,5571.0,5573.0,10980.0,376626.0,376993.0
2024-08-26 14:30:00,5573.0,5576.0,5568.0,5573.0,17148.0,376993.0,377378.0
2024-08-26 21:00:00,5606.0,5615.0,5599.0,5602.0,58633.0,377378.0,375126.0
2024-08-26 21:30:00,5602.0,5608.0,5593.0,5598.0,26026.0,375126.0,374714.0
2024-08-26 22:00:00,5598.0,5624.0,5597.0,5624.0,38896.0,374714.0,371923.0
2024-08-26 22:30:00,5624.0,5628.0,5608.0,5609.0,30644.0,371923.0,368862.0
2024-08-27 09:00:00,5610.0,5615.0,5603.0,5611.0,25197.0,368862.0,370010.0
2024-08-27 09:30:00,5611.0,5615.0,5607.0,5609.0,11413.0,370010.0,370647.0
2024-08-27 10:00:00,5609.0,5616.0,5609.0,5615.0,7109.0,370647.0,370627.0
2024-08-27 10:30:00,5615.0,5616.0,5601.0,5601.0,13478.0,370627.0,372070.0
2024-08-27 11:00:00,5601.0,5607.0,5595.0,5606.0,18141.0,372070.0,373230.0
2024-08-27 13:30:00,5607.0,5623.0,5607.0,5622.0,30448.0,373230.0,371798.0
2024-08-27 14:00:00,5622.0,5625.0,5620.0,5622.0,18313.0,371798.0,371381.0
2024-08-27 14:30:00,5622.0,5624.0,5608.0,5613.0,25598.0,371381.0,368796.0
2024-08-27 21:00:00,5620.0,5625.0,5615.0,5621.0,30700.0,368796.0,371782.0
2024-08-27 21:30:00,5621.0,5632.0,5618.0,5624.0,24406.0,371782.0,372661.0
2024-08-27 22:00:00,5624.0,5635.0,5619.0,5631.0,21798.0,372661.0,371161.0
2024-08-27 22:30:00,5631.0,5638.0,5629.0,5629.0,22369.0,371161.0,370012.0
2024-08-28 09:00:00,5642.0,5667.0,5641.0,5662.0,62101.0,370012.0,371051.0
2024-08-28 09:30:00,5662.0,5669.0,5653.0,5663.0,32677.0,371051.0,369998.0
2024-08-28 10:00:00,5663.0,5665.0,5656.0,5661.0,7731.0,369998.0,369338.0
2024-08-28 10:30:00,5661.0,5663.0,5653.0,5658.0,14831.0,369338.0,367829.0
2024-08-28 11:00:00,5658.0,5659.0,5641.0,5652.0,26085.0,367829.0,366285.0
2024-08-28 13:30:00,5651.0,5656.0,5641.0,5645.0,17152.0,366285.0,365993.0
2024-08-28 14:00:00,5645.0,5645.0,5637.0,5642.0,15140.0,365993.0,366433.0
2024-08-28 14:30:00,5642.0,5643.0,5633.0,5633.0,17581.0,366433.0,366283.0
2024-08-28 21:00:00,5627.0,5638.0,5617.0,5635.0,35356.0,366283.0,364482.0
2024-08-28 21:30:00,5635.0,5644.0,5630.0,5641.0,20534.0,364482.0,364838.0
2024-08-28 22:00:00,5641.0,5647.0,5628.0,5630.0,24363.0,364838.0,363787.0
2024-08-28 22:30:00,5630.0,5644.0,5628.0,5640.0,26130.0,363787.0,362405.0
2024-08-29 09:00:00,5662.0,5662.0,5643.0,5644.0,28400.0,362405.0,360786.0
2024-08-29 09:30:00,5644.0,5658.0,5644.0,5656.0,16419.0,360786.0,359445.0
2024-08-29 10:00:00,5656.0,5657.0,5650.0,5654.0,7582.0,359445.0,358478.0
2024-08-29 10:30:00,5653.0,5655.0,5650.0,5650.0,12787.0,358478.0,358511.0
2024-08-29 11:00:00,5650.0,5654.0,5638.0,5647.0,15871.0,358511.0,358576.0
2024-08-29 13:30:00,5647.0,5659.0,5644.0,5655.0,13462.0,358576.0,358311.0
2024-08-29 14:00:00,5655.0,5658.0,5653.0,5656.0,13824.0,358311.0,356686.0
2024-08-29 14:30:00,5656.0,5659.0,5648.0,5649.0,15150.0,356686.0,354435.0
2024-08-29 21:00:00,5648.0,5656.0,5640.0,5645.0,31356.0,354435.0,358544.0
2024-08-29 21:30:00,5645.0,5653.0,5643.0,5652.0,13362.0,358544.0,358308.0
2024-08-29 22:00:00,5652.0,5657.0,5647.0,5655.0,18364.0,358308.0,357587.0
2024-08-29 22:30:00,5655.0,5658.0,5650.0,5654.0,12197.0,357587.0,355734.0
2024-08-30 09:00:00,5659.0,5685.0,5659.0,5667.0,50838.0,355734.0,352046.0
2024-08-30 09:30:00,5667.0,5672.0,5656.0,5664.0,18958.0,352046.0,352845.0
2024-08-30 10:00:00,5664.0,5671.0,5662.0,5667.0,6608.0,352845.0,352354.0
2024-08-30 10:30:00,5666.0,5668.0,5660.0,5666.0,9266.0,352354.0,353383.0
2024-08-30 11:00:00,5666.0,5667.0,5658.0,5662.0,10255.0,353383.0,354880.0
2024-08-30 13:30:00,5663.0,5669.0,5652.0,5656.0,21870.0,354880.0,357235.0
2024-08-30 14:00:00,5656.0,5659.0,5648.0,5654.0,16199.0,357235.0,358009.0
2024-08-30 14:30:00,5654.0,5659.0,5649.0,5652.0,18266.0,358009.0,357236.0
2024-08-30 21:00:00,5652.0,5653.0,5633.0,5638.0,37979.0,357236.0,356934.0
2024-08-30 21:30:00,5638.0,5643.0,5629.0,5631.0,20260.0,356934.0,356264.0
2024-08-30 22:00:00,5631.0,5653.0,5630.0,5650.0,21486.0,356264.0,354933.0
2024-08-30 22:30:00,5650.0,5651.0,5642.0,5642.0,11964.0,354933.0,353251.0
2024-09-02 09:00:00,5623.0,5643.0,5603.0,5643.0,47033.0,353251.0,354840.0
2024-09-02 09:30:00,5643.0,5643.0,5632.0,5635.0,12339.0,354840.0,353618.0
2024-09-02 10:00:00,5635.0,5638.0,5632.0,5637.0,4433.0,353618.0,352985.0
2024-09-02 10:30:00,5637.0,5656.0,5636.0,5648.0,21139.0,352985.0,353475.0
2024-09-02 11:00:00,5648.0,5653.0,5642.0,5650.0,12230.0,353475.0,353578.0
2024-09-02 13:30:00,5649.0,5658.0,5648.0,5650.0,18757.0,353578.0,353844.0
2024-09-02 14:00:00,5650.0,5656.0,5643.0,5645.0,14791.0,353844.0,352809.0
2024-09-02 14:30:00,5645.0,5647.0,5633.0,5635.0,17813.0,352809.0,350455.0
2024-09-02 21:00:00,5624.0,5628.0,5589.0,5591.0,73233.0,350455.0,354935.0
2024-09-02 21:30:00,5591.0,5598.0,5587.0,5590.0,14797.0,354935.0,356190.0
2024-09-02 22:00:00,5590.0,5613.0,5589.0,5613.0,20725.0,356190.0,354388.0
2024-09-02 22:30:00,5613.0,5619.0,5606.0,5619.0,19874.0,354388.0,351806.0
2024-09-03 09:00:00,5617.0,5618.0,5609.0,5617.0,16237.0,351806.0,351710.0
2024-09-03 09:30:00,5617.0,5618.0,5604.0,5606.0,14333.0,351710.0,351985.0
2024-09-03 10:00:00,5606.0,5611.0,5602.0,5607.0,6685.0,351985.0,351872.0
2024-09-03 10:30:00,5608.0,5608.0,5594.0,5605.0,21434.0,351872.0,352398.0
2024-09-03 11:00:00,5605.0,5612.0,5600.0,5612.0,13216.0,352398.0,351622.0
2024-09-03 13:30:00,5612.0,5640.0,5612.0,5620.0,43731.0,351622.0,349313.0
2024-09-03 14:00:00,5620.0,5626.0,5612.0,5614.0,14462.0,349313.0,348093.0
2024-09-03 14:30:00,5614.0,5626.0,5614.0,5624.0,13838.0,348093.0,347561.0
2024-09-03 21:00:00,5633.0,5651.0,5623.0,5625.0,56574.0,347561.0,353264.0
2024-09-03 21:30:00,5625.0,5627.0,5618.0,5624.0,24214.0,353264.0,353852.0
2024-09-03 22:00:00,5624.0,5627.0,5604.0,5605.0,24323.0,353852.0,354273.0
2024-09-03 22:30:00,5605.0,5614.0,5596.0,5606.0,29099.0,354273.0,354587.0
2024-09-04 09:00:00,5590.0,5608.0,5588.0,5606.0,27797.0,354587.0,356032.0
2024-09-04 09:30:00,5606.0,5619.0,5605.0,5608.0,19127.0,356032.0,357109.0
2024-09-04 10:00:00,5608.0,5608.0,5601.0,5606.0,8407.0,357109.0,357144.0
2024-09-04 10:30:00,5606.0,5606.0,5576.0,5581.0,47442.0,357144.0,362089.0
2024-09-04 11:00:00,5581.0,5587.0,5577.0,5578.0,32951.0,362089.0,365532.0
2024-09-04 13:30:00,5578.0,5578.0,5564.0,5566.0,28421.0,365532.0,365917.0
2024-09-04 14:00:00,5566.0,5569.0,5543.0,5558.0,40346.0,365917.0,366748.0
2024-09-04 14:30:00,5558.0,5570.0,5555.0,5568.0,24829.0,366748.0,361551.0
2024-09-04 21:00:00,5577.0,5592.0,5572.0,5586.0,52625.0,361551.0,365039.0
2024-09-04 21:30:00,5586.0,5587.0,5573.0,5575.0,22090.0,365039.0,365247.0
2024-09-04 22:00:00,5575.0,5580.0,5568.0,5580.0,17296.0,365247.0,365709.0
2024-09-04 22:30:00,5580.0,5586.0,5576.0,5576.0,14798.0,365709.0,363939.0
2024-09-05 09:00:00,5575.0,5579.0,5564.0,5569.0,20005.0,363939.0,366017.0
2024-09-05 09:30:00,5569.0,5614.0,5569.0,5612.0,40015.0,366017.0,365327.0
2024-09-05 10:00:00,5612.0,5619.0,5602.0,5605.0,31388.0,365327.0,363994.0
2024-09-05 10:30:00,5605.0,5611.0,5600.0,5607.0,16440.0,363994.0,363888.0
2024-09-05 11:00:00,5607.0,5609.0,5598.0,5603.0,10413.0,363888.0,363318.0
2024-09-05 13:30:00,5602.0,5614.0,5598.0,5612.0,23443.0,363318.0,363794.0
2024-09-05 14:00:00,5612.0,5613.0,5604.0,5611.0,15448.0,363794.0,363890.0
2024-09-05 14:30:00,5611.0,5615.0,5606.0,5609.0,18509.0,363890.0,360425.0
2024-09-05 21:00:00,5613.0,5617.0,5599.0,5611.0,41254.0,360425.0,364051.0
2024-09-05 21:30:00,5611.0,5626.0,5610.0,5612.0,30251.0,364051.0,362512.0
2024-09-05 22:00:00,5612.0,5629.0,5612.0,5628.0,21979.0,362512.0,362695.0
2024-09-05 22:30:00,5628.0,5640.0,5628.0,5635.0,30541.0,362695.0,356327.0
2024-09-06 09:00:00,5629.0,5629.0,5611.0,5616.0,30741.0,356327.0,352495.0
2024-09-06 09:30:00,5616.0,5625.0,5613.0,5624.0,10335.0,352495.0,352494.0
2024-09-06 10:00:00,5624.0,5625.0,5613.0,5613.0,8405.0,352494.0,351242.0
2024-09-06 10:30:00,5614.0,5618.0,5610.0,5615.0,13143.0,351242.0,350485.0
2024-09-06 11:00:00,5615.0,5621.0,5612.0,5620.0,9097.0,350485.0,350136.0
2024-09-06 13:30:00,5619.0,5624.0,5615.0,5623.0,16917.0,350136.0,350663.0
2024-09-06 14:00:00,5623.0,5623.0,5603.0,5610.0,24007.0,350663.0,350402.0
2024-09-06 14:30:00,5610.0,5620.0,5603.0,5619.0,17233.0,350402.0,348724.0
2024-09-06 21:00:00,5643.0,5666.0,5640.0,5654.0,74728.0,348724.0,353605.0
2024-09-06 21:30:00,5654.0,5665.0,5648.0,5658.0,34349.0,353605.0,352848.0
2024-09-06 22:00:00,5658.0,5661.0,5635.0,5637.0,34651.0,352848.0,350225.0
2024-09-06 22:30:00,5637.0,5638.0,5606.0,5614.0,38361.0,350225.0,346500.0
2024-09-09 09:00:00,5602.0,5606.0,5585.0,5592.0,50951.0,346500.0,345181.0
2024-09-09 09:30:00,5592.0,5595.0,5575.0,5592.0,28321.0,345181.0,345385.0
2024-09-09 10:00:00,5592.0,5595.0,5588.0,5590.0,6429.0,345385.0,345527.0
2024-09-09 10:30:00,5589.0,5589.0,5577.0,5587.0,16916.0,345527.0,347036.0
2024-09-09 11:00:00,5587.0,5590.0,5584.0,5586.0,8182.0,347036.0,346592.0
2024-09-09 13:30:00,5586.0,5586.0,5571.0,5581.0,21523.0,346592.0,348946.0
2024-09-09 14:00:00,5581.0,5588.0,5580.0,5585.0,11566.0,348946.0,348815.0
2024-09-09 14:30:00,5585.0,5594.0,5585.0,5590.0,17056.0,348815.0,345953.0
2024-09-09 21:00:00,5582.0,5597.0,5575.0,5595.0,35099.0,345953.0,346051.0
2024-09-09 21:30:00,5595.0,5606.0,5588.0,5598.0,28426.0,346051.0,346196.0
2024-09-09 22:00:00,5598.0,5602.0,5593.0,5593.0,12096.0,346196.0,345243.0
2024-09-09 22:30:00,5593.0,5598.0,5591.0,5597.0,10106.0,345243.0,344477.0
2024-09-10 09:00:00,5610.0,5617.0,5599.0,5614.0,26121.0,344477.0,343439.0
2024-09-10 09:30:00,5614.0,5630.0,5612.0,5618.0,29359.0,343439.0,342270.0
2024-09-10 10:00:00,5618.0,5622.0,5614.0,5616.0,7318.0,342270.0,341239.0
2024-09-10 10:30:00,5616.0,5625.0,5614.0,5623.0,11660.0,341239.0,341420.0
2024-09-10 11:00:00,5623.0,5637.0,5622.0,5636.0,20830.0,341420.0,343036.0
2024-09-10 13:30:00,5635.0,5656.0,5635.0,5644.0,50704.0,343036.0,347313.0
2024-09-10 14:00:00,5644.0,5652.0,5637.0,5648.0,21567.0,347313.0,349060.0
2024-09-10 14:30:00,5648.0,5653.0,5644.0,5647.0,24443.0,349060.0,347144.0
2024-09-10 21:00:00,5639.0,5648.0,5628.0,5631.0,53292.0,347144.0,347433.0
2024-09-10 21:30:00,5631.0,5632.0,5624.0,5629.0,21245.0,347433.0,346604.0
2024-09-10 22:00:00,5629.0,5632.0,5609.0,5609.0,27929.0,346604.0,343862.0
2024-09-10 22:30:00,5609.0,5616.0,5601.0,5612.0,34119.0,343862.0,340123.0
2024-09-11 09:00:00,5598.0,5621.0,5595.0,5620.0,31914.0,340123.0,340586.0
2024-09-11 09:30:00,5620.0,5628.0,5618.0,5623.0,19012.0,340586.0,340582.0
2024-09-11 10:00:00,5623.0,5625.0,5613.0,5615.0,8808.0,340582.0,339944.0
2024-09-11 10:30:00,5615.0,5633.0,5615.0,5632.0,15235.0,339944.0,341153.0
2024-09-11 11:00:00,5632.0,5636.0,5630.0,5636.0,12695.0,341153.0,340727.0
2024-09-11 13:30:00,5637.0,5644.0,5634.0,5638.0,16590.0,340727.0,341271.0
2024-09-11 14:00:00,5638.0,5640.0,5632.0,5633.0,9117.0,341271.0,340796.0
2024-09-11 14:30:00,5633.0,5647.0,5631.0,5645.0,23159.0,340796.0,342091.0
2024-09-11 21:00:00,5668.0,5715.0,5666.0,5697.0,151489.0,342091.0,356881.0
2024-09-11 21:30:00,5697.0,5703.0,5676.0,5683.0,47012.0,356881.0,354764.0
2024-09-11 22:00:00,5683.0,5686.0,5662.0,5666.0,41212.0,354764.0,352117.0
2024-09-11 22:30:00,5666.0,5677.0,5663.0,5672.0,21819.0,352117.0,350892.0
2024-09-12 09:00:00,5684.0,5690.0,5680.0,5686.0,27828.0,350892.0,351512.0
2024-09-12 09:30:00,5686.0,5694.0,5681.0,5683.0,21974.0,351512.0,350597.0
2024-09-12 10:00:00,5683.0,5691.0,5682.0,5686.0,6940.0,350597.0,350439.0
2024-09-12 10:30:00,5686.0,5702.0,5682.0,5699.0,22621.0,350439.0,349821.0
2024-09-12 11:00:00,5699.0,5703.0,5693.0,5696.0,17483.0,349821.0,349759.0
2024-09-12 13:30:00,5696.0,5702.0,5693.0,5698.0,14521.0,349759.0,348511.0
2024-09-12 14:00:00,5698.0,5703.0,5692.0,5701.0,18360.0,348511.0,349539.0
2024-09-12 14:30:00,5701.0,5703.0,5690.0,5692.0,23171.0,349539.0,344567.0
2024-09-12 21:00:00,5707.0,5710.0,5670.0,5675.0,84604.0,344567.0,354067.0
2024-09-12 21:30:00,5675.0,5687.0,5670.0,5684.0,34564.0,354067.0,354923.0
2024-09-12 22:00:00,5684.0,5690.0,5680.0,5680.0,17160.0,354923.0,354812.0
2024-09-12 22:30:00,5680.0,5693.0,5678.0,5689.0,20406.0,354812.0,353148.0
2024-09-13 09:00:00,5678.0,5695.0,5678.0,5691.0,21511.0,353148.0,352894.0
2024-09-13 09:30:00,5691.0,5698.0,5689.0,5693.0,12927.0,352894.0,352007.0
2024-09-13 10:00:00,5693.0,5698.0,5691.0,5691.0,5195.0,352007.0,351138.0
2024-09-13 10:30:00,5691.0,5694.0,5687.0,5691.0,13221.0,351138.0,349659.0
2024-09-13 11:00:00,5691.0,5704.0,5688.0,5696.0,23167.0,349659.0,351088.0
2024-09-13 13:30:00,5695.0,5696.0,5690.0,5693.0,8943.0,351088.0,349645.0
2024-09-13 14:00:00,5693.0,5696.0,5689.0,5693.0,11552.0,349645.0,347855.0
2024-09-13 14:30:00,5693.0,5696.0,5685.0,5688.0,17493.0,347855.0,343267.0
2024-09-18 09:00:00,5748.0,5785.0,5746.0,5763.0,111798.0,343267.0,347165.0
2024-09-18 09:30:00,5763.0,5769.0,5754.0,5754.0,22886.0,347165.0,347952.0
2024-09-18 10:00:00,5754.0,5761.0,5753.0,5760.0,5756.0,347952.0,347617.0
2024-09-18 10:30:00,5760.0,5760.0,5741.0,5743.0,27785.0,347617.0,344922.0
2024-09-18 11:00:00,5743.0,5746.0,5732.0,5733.0,20521.0,344922.0,341702.0
2024-09-18 13:30:00,5735.0,5735.0,5725.0,5729.0,19050.0,341702.0,338451.0
2024-09-18 14:00:00,5729.0,5746.0,5729.0,5746.0,17597.0,338451.0,336297.0
2024-09-18 14:30:00,5746.0,5748.0,5739.0,5742.0,20685.0,336297.0,333673.0
2024-09-18 21:00:00,5778.0,5784.0,5753.0,5768.0,72470.0,333673.0,342501.0
2024-09-18 21:30:00,5768.0,5781.0,5767.0,5767.0,40901.0,342501.0,345787.0
2024-09-18 22:00:00,5767.0,5789.0,5767.0,5777.0,32420.0,345787.0,346660.0
2024-09-18 22:30:00,5777.0,5802.0,5777.0,5796.0,37339.0,346660.0,350665.0
2024-09-19 09:00:00,5809.0,5821.0,5794.0,5811.0,75179.0,350665.0,356650.0
2024-09-19 09:30:00,5811.0,5818.0,5799.0,5816.0,37615.0,356650.0,356512.0
2024-09-19 10:00:00,5816.0,5818.0,5807.0,5811.0,13812.0,356512.0,353678.0
2024-09-19 10:30:00,5811.0,5815.0,5801.0,5803.0,27724.0,353678.0,349932.0
2024-09-19 11:00:00,5803.0,5817.0,5803.0,5816.0,16553.0,349932.0,350374.0
2024-09-19 13:30:00,5818.0,5825.0,5812.0,5821.0,32501.0,350374.0,352336.0
2024-09-19 14:00:00,5821.0,5824.0,5814.0,5818.0,15948.0,352336.0,349933.0
2024-09-19 14:30:00,5818.0,5821.0,5809.0,5812.0,25029.0,349933.0,347362.0
2024-09-19 21:00:00,5800.0,5812.0,5790.0,5811.0,55942.0,347362.0,347249.0
2024-09-19 21:30:00,5811.0,5817.0,5800.0,5811.0,33300.0,347249.0,346740.0
2024-09-19 22:00:00,5811.0,5828.0,5810.0,5818.0,35850.0,346740.0,348345.0
2024-09-19 22:30:00,5818.0,5824.0,5811.0,5814.0,23717.0,348345.0,346940.0
2024-09-20 09:00:00,5817.0,5834.0,5816.0,5827.0,51212.0,346940.0,348758.0
2024-09-20 09:30:00,5827.0,5845.0,5826.0,5842.0,30667.0,348758.0,353059.0
2024-09-20 10:00:00,5842.0,5860.0,5839.0,5854.0,26252.0,353059.0,358862.0
2024-09-20 10:30:00,5853.0,5863.0,5841.0,5859.0,30917.0,358862.0,361032.0
2024-09-20 11:00:00,5859.0,5864.0,5858.0,5858.0,18505.0,361032.0,363357.0
2024-09-20 13:30:00,5858.0,5866.0,5848.0,5855.0,27317.0,363357.0,361061.0
2024-09-20 14:00:00,5855.0,5858.0,5845.0,5848.0,20669.0,361061.0,359779.0
2024-09-20 14:30:00,5848.0,5854.0,5843.0,5843.0,19067.0,359779.0,357390.0
2024-09-20 21:00:00,5856.0,5859.0,5837.0,5840.0,51588.0,357390.0,356499.0
2024-09-20 21:30:00,5840.0,5849.0,5834.0,5848.0,23650.0,356499.0,357293.0
2024-09-20 22:00:00,5848.0,5851.0,5831.0,5835.0,26854.0,357293.0,354877.0
2024-09-20 22:30:00,5835.0,5841.0,5831.0,5832.0,17726.0,354877.0,351384.0
2024-09-23 09:00:00,5845.0,5859.0,5843.0,5858.0,40118.0,351384.0,355478.0
2024-09-23 09:30:00,5858.0,5861.0,5848.0,5857.0,18060.0,355478.0,357279.0
2024-09-23 10:00:00,5857.0,5859.0,5847.0,5852.0,7009.0,357279.0,357642.0
2024-09-23 10:30:00,5851.0,5854.0,5841.0,5842.0,15830.0,357642.0,357966.0
2024-09-23 11:00:00,5842.0,5853.0,5839.0,5850.0,14134.0,357966.0,357580.0
2024-09-23 13:30:00,5849.0,5859.0,5849.0,5859.0,17116.0,357580.0,360305.0
2024-09-23 14:00:00,5859.0,5859.0,5847.0,5850.0,13584.0,360305.0,360474.0
2024-09-23 14:30:00,5850.0,5851.0,5846.0,5849.0,16163.0,360474.0,358636.0
2024-09-23 21:00:00,5863.0,5887.0,5856.0,5879.0,80210.0,358636.0,370927.0
2024-09-23 21:30:00,5879.0,5885.0,5865.0,5865.0,31844.0,370927.0,373136.0
2024-09-23 22:00:00,5865.0,5870.0,5859.0,5870.0,27456.0,373136.0,373881.0
2024-09-23 22:30:00,5870.0,5873.0,5865.0,5869.0,17342.0,373881.0,370463.0
2024-09-24 09:00:00,5865.0,5869.0,5850.0,5864.0,33401.0,370463.0,369738.0
2024-09-24 09:30:00,5864.0,5870.0,5857.0,5868.0,15439.0,369738.0,370717.0
2024-09-24 10:00:00,5868.0,5873.0,5865.0,5869.0,6619.0,370717.0,371092.0
2024-09-24 10:30:00,5869.0,5873.0,5868.0,5872.0,8256.0,371092.0,371765.0
2024-09-24 11:00:00,5872.0,5875.0,5864.0,5875.0,10783.0,371765.0,371166.0
2024-09-24 13:30:00,5878.0,5883.0,5855.0,5866.0,30183.0,371166.0,368893.0
2024-09-24 14:00:00,5866.0,5867.0,5857.0,5862.0,13891.0,368893.0,366683.0
2024-09-24 14:30:00,5862.0,5872.0,5860.0,5871.0,16694.0,366683.0,364709.0
2024-09-24 21:00:00,5886.0,5918.0,5885.0,5917.0,74657.0,364709.0,373114.0
2024-09-24 21:30:00,5917.0,5948.0,5913.0,5941.0,68817.0,373114.0,376125.0
2024-09-24 22:00:00,5941.0,5942.0,5930.0,5936.0,29345.0,376125.0,374686.0
2024-09-24 22:30:00,5936.0,5939.0,5918.0,5931.0,28780.0,374686.0,370703.0
2024-09-25 09:00:00,5934.0,5964.0,5920.0,5921.0,52540.0,370703.0,370129.0
2024-09-25 09:30:00,5921.0,5937.0,5915.0,5932.0,24049.0,370129.0,370914.0
2024-09-25 10:00:00,5932.0,5939.0,5930.0,5938.0,5657.0,370914.0,371033.0
2024-09-25 10:30:00,5938.0,5938.0,5905.0,5919.0,25311.0,371033.0,368569.0
2024-09-25 11:00:00,5919.0,5922.0,5913.0,5915.0,12599.0,368569.0,367658.0
2024-09-25 13:30:00,5917.0,5917.0,5904.0,5907.0,23822.0,367658.0,365411.0
2024-09-25 14:00:00,5907.0,5921.0,5906.0,5920.0,11087.0,365411.0,365446.0
2024-09-25 14:30:00,5920.0,5923.0,5917.0,5921.0,15519.0,365446.0,364487.0
2024-09-25 21:00:00,5909.0,5916.0,5897.0,5910.0,47447.0,364487.0,365816.0
2024-09-25 21:30:00,5910.0,5925.0,5910.0,5924.0,22469.0,365816.0,367364.0
2024-09-25 22:00:00,5924.0,5925.0,5912.0,5921.0,18396.0,367364.0,367287.0
2024-09-25 22:30:00,5921.0,5925.0,5910.0,5923.0,19712.0,367287.0,364659.0
2024-09-26 09:00:00,5936.0,5942.0,5928.0,5932.0,23597.0,364659.0,366182.0
2024-09-26 09:30:00,5932.0,5946.0,5931.0,5946.0,21934.0,366182.0,367665.0
2024-09-26 10:00:00,5946.0,5957.0,5944.0,5950.0,14939.0,367665.0,370355.0
2024-09-26 10:30:00,5948.0,5949.0,5930.0,5934.0,24497.0,370355.0,368246.0
2024-09-26 11:00:00,5934.0,5939.0,5932.0,5935.0,10058.0,368246.0,367947.0
2024-09-26 13:30:00,5936.0,5944.0,5920.0,5929.0,30517.0,367947.0,368537.0
2024-09-26 14:00:00,5929.0,5934.0,5923.0,5930.0,12252.0,368537.0,368249.0
2024-09-26 14:30:00,5930.0,5931.0,5918.0,5926.0,17001.0,368249.0,366717.0
2024-09-26 21:00:00,5916.0,5933.0,5912.0,5920.0,45582.0,366717.0,366716.0
2024-09-26 21:30:00,5920.0,5931.0,5915.0,5920.0,25022.0,366716.0,364973.0
2024-09-26 22:00:00,5920.0,5940.0,5917.0,5938.0,25419.0,364973.0,367342.0
2024-09-26 22:30:00,5938.0,5944.0,5930.0,5940.0,18339.0,367342.0,366097.0
2024-09-27 09:00:00,5920.0,5942.0,5919.0,5932.0,31144.0,366097.0,366157.0
2024-09-27 09:30:00,5932.0,5937.0,5925.0,5931.0,11211.0,366157.0,364872.0
2024-09-27 10:00:00,5931.0,5931.0,5924.0,5930.0,5680.0,364872.0,364513.0
2024-09-27 10:30:00,5929.0,5945.0,5927.0,5939.0,15181.0,364513.0,365975.0
2024-09-27 11:00:00,5939.0,5947.0,5936.0,5945.0,12857.0,365975.0,365302.0
2024-09-27 13:30:00,5944.0,5946.0,5925.0,5945.0,27811.0,365302.0,362549.0
2024-09-27 14:00:00,5945.0,5977.0,5943.0,5963.0,48814.0,362549.0,366438.0
2024-09-27 14:30:00,5963.0,5963.0,5936.0,5942.0,32962.0,366438.0,360325.0
2024-09-27 21:00:00,5906.0,5917.0,5890.0,5910.0,58960.0,360325.0,356084.0
2024-09-27 21:30:00,5910.0,5928.0,5910.0,5926.0,23086.0,356084.0,356447.0
2024-09-27 22:00:00,5926.0,5935.0,5925.0,5929.0,23513.0,356447.0,354079.0
2024-09-27 22:30:00,5929.0,5930.0,5918.0,5925.0,17286.0,354079.0,351287.0
2024-09-30 09:00:00,5939.0,5967.0,5932.0,5950.0,43565.0,351287.0,350803.0
2024-09-30 09:30:00,5950.0,5954.0,5921.0,5930.0,19998.0,350803.0,349576.0
2024-09-30 10:00:00,5930.0,5933.0,5924.0,5931.0,5973.0,349576.0,348958.0
2024-09-30 10:30:00,5932.0,5955.0,5932.0,5948.0,17249.0,348958.0,348893.0
2024-09-30 11:00:00,5948.0,5960.0,5946.0,5948.0,15924.0,348893.0,349222.0
2024-09-30 13:30:00,5948.0,5953.0,5944.0,5944.0,13753.0,349222.0,347213.0
2024-09-30 14:00:00,5944.0,5945.0,5916.0,5919.0,28348.0,347213.0,344807.0
2024-09-30 14:30:00,5919.0,5934.0,5910.0,5915.0,21910.0,344807.0,339946.0
2024-10-08 09:00:00,5912.0,5943.0,5893.0,5912.0,78226.0,339946.0,345161.0
2024-10-08 09:30:00,5912.0,5937.0,5905.0,5919.0,26211.0,345161.0,345442.0
2024-10-08 10:00:00,5919.0,5919.0,5898.0,5898.0,12243.0,345442.0,345782.0
2024-10-08 10:30:00,5898.0,5901.0,5882.0,5896.0,29998.0,345782.0,345092.0
2024-10-08 11:00:00,5896.0,5925.0,5891.0,5908.0,19520.0,345092.0,345038.0
2024-10-08 13:30:00,5908.0,5941.0,5901.0,5916.0,41381.0,345038.0,345349.0
2024-10-08 14:00:00,5916.0,5935.0,5911.0,5934.0,15262.0,345349.0,345942.0
2024-10-08 14:30:00,5934.0,5937.0,5924.0,5929.0,14572.0,345942.0,346682.0
2024-10-08 21:00:00,5934.0,5950.0,5904.0,5937.0,70253.0,346682.0,352840.0
2024-10-08 21:30:00,5937.0,5966.0,5933.0,5952.0,63878.0,352840.0,365310.0
2024-10-08 22:00:00,5952.0,5967.0,5941.0,5943.0,47080.0,365310.0,368134.0
2024-10-08 22:30:00,5943.0,5963.0,5934.0,5961.0,31313.0,368134.0,368503.0
2024-10-09 09:00:00,5963.0,6023.0,5963.0,6003.0,110399.0,368503.0,389566.0
2024-10-09 09:30:00,6003.0,6025.0,5997.0,6024.0,44144.0,389566.0,397384.0
2024-10-09 10:00:00,6024.0,6024.0,6005.0,6011.0,16582.0,397384.0,397125.0
2024-10-09 10:30:00,6011.0,6028.0,6001.0,6019.0,32717.0,397125.0,400579.0
2024-10-09 11:00:00,6019.0,6025.0,5973.0,5997.0,58097.0,400579.0,395536.0
2024-10-09 13:30:00,6000.0,6007.0,5980.0,6000.0,29514.0,395536.0,395498.0
2024-10-09 14:00:00,6000.0,6009.0,5998.0,6008.0,16225.0,395498.0,396575.0
2024-10-09 14:30:00,6008.0,6024.0,6005.0,6020.0,39437.0,396575.0,397622.0
2024-10-09 21:00:00,5979.0,5982.0,5859.0,5876.0,173376.0,397622.0,378229.0
2024-10-09 21:30:00,5876.0,5887.0,5865.0,5875.0,60758.0,378229.0,372795.0
2024-10-09 22:00:00,5875.0,5880.0,5857.0,5860.0,37025.0,372795.0,370122.0
2024-10-09 22:30:00,5860.0,5877.0,5858.0,5874.0,29912.0,370122.0,363098.0
2024-10-10 09:00:00,5879.0,5906.0,5879.0,5900.0,45388.0,363098.0,357351.0
2024-10-10 09:30:00,5900.0,5902.0,5888.0,5893.0,18831.0,357351.0,355188.0
2024-10-10 10:00:00,5893.0,5900.0,5890.0,5891.0,6099.0,355188.0,354544.0
2024-10-10 10:30:00,5892.0,5911.0,5891.0,5907.0,15412.0,354544.0,353676.0
2024-10-10 11:00:00,5907.0,5917.0,5901.0,5901.0,18362.0,353676.0,352419.0
2024-10-10 13:30:00,5902.0,5902.0,5878.0,5884.0,31331.0,352419.0,354869.0
2024-10-10 14:00:00,5884.0,5884.0,5873.0,5875.0,18326.0,354869.0,353669.0
2024-10-10 14:30:00,5875.0,5882.0,5853.0,5859.0,39540.0,353669.0,353385.0
2024-10-10 21:00:00,5887.0,5897.0,5865.0,5866.0,53301.0,353385.0,353287.0
2024-10-10 21:30:00,5866.0,5869.0,5854.0,5857.0,29234.0,353287.0,354363.0
2024-10-10 22:00:00,5857.0,5879.0,5846.0,5874.0,43984.0,354363.0,352731.0
2024-10-10 22:30:00,5874.0,5882.0,5871.0,5873.0,21372.0,352731.0,351279.0
2024-10-11 09:00:00,5872.0,5882.0,5866.0,5881.0,22960.0,351279.0,350332.0
2024-10-11 09:30:00,5881.0,5889.0,5872.0,5885.0,19584.0,350332.0,348391.0
2024-10-11 10:00:00,5885.0,5888.0,5882.0,5883.0,5071.0,348391.0,347661.0
2024-10-11 10:30:00,5883.0,5909.0,5878.0,5909.0,28008.0,347661.0,345006.0
2024-10-11 11:00:00,5909.0,5926.0,5903.0,5905.0,37115.0,345006.0,346926.0
2024-10-11 13:30:00,5906.0,5928.0,5904.0,5914.0,30289.0,346926.0,348714.0
2024-10-11 14:00:00,5914.0,5919.0,5906.0,5907.0,22579.0,348714.0,346996.0
2024-10-11 14:30:00,5907.0,5919.0,5907.0,5917.0,19934.0,346996.0,345743.0
2024-10-11 21:00:00,5946.0,5956.0,5935.0,5945.0,52833.0,345743.0,348779.0
2024-10-11 21:30:00,5945.0,5952.0,5932.0,5935.0,21704.0,348779.0,350084.0
2024-10-11 22:00:00,5935.0,5950.0,5932.0,5948.0,19994.0,350084.0,349836.0
2024-10-11 22:30:00,5948.0,5951.0,5940.0,5949.0,13067.0,349836.0,347575.0
2024-10-14 09:00:00,5937.0,5937.0,5911.0,5929.0,45858.0,347575.0,345105.0
2024-10-14 09:30:00,5929.0,5932.0,5916.0,5929.0,14888.0,345105.0,345673.0
2024-10-14 10:00:00,5929.0,5932.0,5923.0,5926.0,6311.0,345673.0,346657.0
2024-10-14 10:30:00,5926.0,5935.0,5919.0,5929.0,14699.0,346657.0,346769.0
2024-10-14 11:00:00,5929.0,5941.0,5929.0,5939.0,13655.0,346769.0,346813.0
2024-10-14 13:30:00,5941.0,5945.0,5938.0,5942.0,13204.0,346813.0,348092.0
2024-10-14 14:00:00,5942.0,5947.0,5934.0,5939.0,10945.0,348092.0,348193.0
2024-10-14 14:30:00,5939.0,5948.0,5936.0,5939.0,15319.0,348193.0,347689.0
2024-10-14 21:00:00,5929.0,5935.0,5899.0,5908.0,52159.0,347689.0,347639.0
2024-10-14 21:30:00,5908.0,5922.0,5906.0,5918.0,25537.0,347639.0,346895.0
2024-10-14 22:00:00,5918.0,5928.0,5914.0,5924.0,18919.0,346895.0,345193.0
2024-10-14 22:30:00,5924.0,5944.0,5923.0,5940.0,20483.0,345193.0,344958.0
2024-10-15 09:00:00,5939.0,5942.0,5910.0,5916.0,28020.0,344958.0,344274.0
2024-10-15 09:30:00,5916.0,5933.0,5915.0,5929.0,15132.0,344274.0,343858.0
2024-10-15 10:00:00,5929.0,5933.0,5925.0,5929.0,4799.0,343858.0,343781.0
2024-10-15 10:30:00,5929.0,5938.0,5928.0,5933.0,15099.0,343781.0,345011.0
2024-10-15 11:00:00,5933.0,5937.0,5925.0,5937.0,10349.0,345011.0,345622.0
2024-10-15 13:30:00,5936.0,5947.0,5921.0,5931.0,24846.0,345622.0,345424.0
2024-10-15 14:00:00,5931.0,5934.0,5913.0,5921.0,15109.0,345424.0,344091.0
2024-10-15 14:30:00,5921.0,5932.0,5911.0,5913.0,18492.0,344091.0,343615.0
2024-10-15 21:00:00,5902.0,5927.0,5892.0,5920.0,50840.0,343615.0,345045.0
2024-10-15 21:30:00,5920.0,5933.0,5913.0,5929.0,20667.0,345045.0,346227.0
2024-10-15 22:00:00,5929.0,5932.0,5921.0,5922.0,16151.0,346227.0,346037.0
2024-10-15 22:30:00,5922.0,5924.0,5910.0,5916.0,19591.0,346037.0,343878.0
2024-10-16 09:00:00,5948.0,5963.0,5947.0,5951.0,54654.0,343878.0,345545.0
2024-10-16 09:30:00,5951.0,5956.0,5948.0,5955.0,12337.0,345545.0,346260.0
2024-10-16 10:00:00,5955.0,5957.0,5946.0,5946.0,5893.0,346260.0,345908.0
2024-10-16 10:30:00,5946.0,5954.0,5940.0,5953.0,14515.0,345908.0,344993.0
2024-10-16 11:00:00,5953.0,5973.0,5950.0,5962.0,25503.0,344993.0,346446.0
2024-10-16 13:30:00,5962.0,5973.0,5962.0,5963.0,21287.0,346446.0,349133.0
2024-10-16 14:00:00,5963.0,5964.0,5950.0,5951.0,19111.0,349133.0,346415.0
2024-10-16 14:30:00,5951.0,5954.0,5932.0,5934.0,27287.0,346415.0,342437.0
2024-10-16 21:00:00,5910.0,5927.0,5905.0,5924.0,49733.0,342437.0,345131.0
2024-10-16 21:30:00,5924.0,5933.0,5921.0,5925.0,21006.0,345131.0,345670.0
2024-10-16 22:00:00,5925.0,5935.0,5924.0,5932.0,14251.0,345670.0,346183.0
2024-10-16 22:30:00,5932.0,5935.0,5909.0,5911.0,23040.0,346183.0,345170.0
2024-10-17 09:00:00,5896.0,5896.0,5881.0,5891.0,48287.0,345170.0,344846.0
2024-10-17 09:30:00,5891.0,5895.0,5886.0,5890.0,15974.0,344846.0,344809.0
2024-10-17 10:00:00,5890.0,5897.0,5886.0,5892.0,9776.0,344809.0,343536.0
2024-10-17 10:30:00,5891.0,5893.0,5881.0,5893.0,17258.0,343536.0,343894.0
2024-10-17 11:00:00,5893.0,5897.0,5886.0,5889.0,11137.0,343894.0,343714.0
2024-10-17 13:30:00,5889.0,5890.0,5881.0,5885.0,16442.0,343714.0,344290.0
2024-10-17 14:00:00,5885.0,5885.0,5872.0,5876.0,26715.0,344290.0,343979.0
2024-10-17 14:30:00,5876.0,5882.0,5871.0,5878.0,20103.0,343979.0,341436.0
2024-10-17 21:00:00,5872.0,5873.0,5825.0,5846.0,93370.0,341436.0,339697.0
2024-10-17 21:30:00,5846.0,5860.0,5841.0,5853.0,30960.0,339697.0,340776.0
2024-10-17 22:00:00,5853.0,5855.0,5830.0,5835.0,26075.0,340776.0,340709.0
2024-10-17 22:30:00,5835.0,5842.0,5835.0,5837.0,12869.0,340709.0,338742.0
2024-10-18 09:00:00,5862.0,5878.0,5860.0,5871.0,34290.0,338742.0,338753.0
2024-10-18 09:30:00,5871.0,5873.0,5836.0,5840.0,30635.0,338753.0,335013.0
2024-10-18 10:00:00,5840.0,5845.0,5836.0,5838.0,10654.0,335013.0,333656.0
2024-10-18 10:30:00,5839.0,5849.0,5839.0,5840.0,14912.0,333656.0,334205.0
2024-10-18 11:00:00,5840.0,5844.0,5835.0,5839.0,11049.0,334205.0,333809.0
2024-10-18 13:30:00,5850.0,5850.0,5840.0,5842.0,15402.0,333809.0,332599.0
2024-10-18 14:00:00,5842.0,5865.0,5841.0,5864.0,17039.0,332599.0,331310.0
2024-10-18 14:30:00,5864.0,5881.0,5863.0,5866.0,29991.0,331310.0,328346.0
2024-10-18 21:00:00,5884.0,5885.0,5852.0,5856.0,34916.0,328346.0,330966.0
2024-10-18 21:30:00,5856.0,5856.0,5847.0,5851.0,18631.0,330966.0,330895.0
2024-10-18 22:00:00,5851.0,5857.0,5842.0,5845.0,16000.0,330895.0,330092.0
2024-10-18 22:30:00,5845.0,5847.0,5837.0,5840.0,12690.0,330092.0,328821.0
2024-10-21 09:00:00,5829.0,5841.0,5818.0,5829.0,37966.0,328821.0,329600.0
2024-10-21 09:30:00,5829.0,5833.0,5812.0,5817.0,15355.0,329600.0,329447.0
2024-10-21 10:00:00,5817.0,5825.0,5816.0,5823.0,5700.0,329447.0,329602.0
2024-10-21 10:30:00,5824.0,5842.0,5824.0,5835.0,14726.0,329602.0,328127.0
2024-10-21 11:00:00,5835.0,5837.0,5826.0,5831.0,11394.0,328127.0,328678.0
2024-10-21 13:30:00,5830.0,5834.0,5825.0,5829.0,10312.0,328678.0,329257.0
2024-10-21 14:00:00,5829.0,5842.0,5829.0,5838.0,12821.0,329257.0,329874.0
2024-10-21 14:30:00,5838.0,5841.0,5834.0,5840.0,13842.0,329874.0,329137.0
2024-10-21 21:00:00,5844.0,5850.0,5835.0,5841.0,27443.0,329137.0,329747.0
2024-10-21 21:30:00,5841.0,5852.0,5837.0,5850.0,23719.0,329747.0,330391.0
2024-10-21 22:00:00,5850.0,5856.0,5842.0,5846.0,15080.0,330391.0,328896.0
2024-10-21 22:30:00,5846.0,5849.0,5835.0,5838.0,15756.0,328896.0,328319.0
2024-10-22 09:00:00,5831.0,5836.0,5823.0,5833.0,18485.0,328319.0,329057.0
2024-10-22 09:30:00,5833.0,5834.0,5824.0,5829.0,9421.0,329057.0,328616.0
2024-10-22 10:00:00,5829.0,5842.0,5827.0,5839.0,9699.0,328616.0,328268.0
2024-10-22 10:30:00,5839.0,5842.0,5833.0,5835.0,9265.0,328268.0,327495.0
2024-10-22 11:00:00,5835.0,5843.0,5834.0,5838.0,6946.0,327495.0,326949.0
2024-10-22 13:30:00,5839.0,5839.0,5830.0,5838.0,10461.0,326949.0,327014.0
2024-10-22 14:00:00,5838.0,5841.0,5835.0,5836.0,6577.0,327014.0,326771.0
2024-10-22 14:30:00,5836.0,5847.0,5826.0,5844.0,20685.0,326771.0,324429.0
2024-10-22 21:00:00,5854.0,5866.0,5842.0,5851.0,34835.0,324429.0,326191.0
2024-10-22 21:30:00,5851.0,5854.0,5845.0,5849.0,13230.0,326191.0,327000.0
2024-10-22 22:00:00,5849.0,5852.0,5843.0,5849.0,10824.0,327000.0,326893.0
2024-10-22 22:30:00,5849.0,5851.0,5843.0,5849.0,8559.0,326893.0,325493.0
2024-10-23 09:00:00,5838.0,5849.0,5833.0,5841.0,17062.0,325493.0,326040.0
2024-10-23 09:30:00,5841.0,5848.0,5841.0,5847.0,5373.0,326040.0,326206.0
2024-10-23 10:00:00,5847.0,5854.0,5846.0,5850.0,6493.0,326206.0,326249.0
2024-10-23 10:30:00,5852.0,5862.0,5843.0,5859.0,13756.0,326249.0,326563.0
2024-10-23 11:00:00,5859.0,5878.0,5858.0,5872.0,37357.0,326563.0,326754.0
2024-10-23 13:30:00,5873.0,5876.0,5865.0,5868.0,13796.0,326754.0,326596.0
2024-10-23 14:00:00,5868.0,5873.0,5863.0,5873.0,8692.0,326596.0,325928.0
2024-10-23 14:30:00,5873.0,5874.0,5862.0,5869.0,12428.0,325928.0,324032.0
2024-10-23 21:00:00,5888.0,5911.0,5882.0,5887.0,71934.0,324032.0,324042.0
2024-10-23 21:30:00,5887.0,5907.0,5884.0,5901.0,25882.0,324042.0,325442.0
2024-10-23 22:00:00,5901.0,5905.0,5894.0,5903.0,15215.0,325442.0,326467.0
2024-10-23 22:30:00,5903.0,5906.0,5888.0,5890.0,15534.0,326467.0,324093.0
2024-10-24 09:00:00,5896.0,5926.0,5896.0,5919.0,36953.0,324093.0,327662.0
2024-10-24 09:30:00,5919.0,5928.0,5918.0,5924.0,19432.0,327662.0,329577.0
2024-10-24 10:00:00,5924.0,5941.0,5924.0,5935.0,16376.0,329577.0,330953.0
2024-10-24 10:30:00,5935.0,5958.0,5933.0,5938.0,49533.0,330953.0,339263.0
2024-10-24 11:00:00,5938.0,5945.0,5929.0,5944.0,26631.0,339263.0,338767.0
2024-10-24 13:30:00,5944.0,5944.0,5934.0,5935.0,14578.0,338767.0,338778.0
2024-10-24 14:00:00,5935.0,5937.0,5930.0,5935.0,11267.0,338778.0,337340.0
2024-10-24 14:30:00,5935.0,5938.0,5930.0,5936.0,17473.0,337340.0,335387.0
2024-10-24 21:00:00,5936.0,5947.0,5929.0,5940.0,37594.0,335387.0,339280.0
2024-10-24 21:30:00,5940.0,5943.0,5934.0,5936.0,20888.0,339280.0,340346.0
2024-10-24 22:00:00,5936.0,5945.0,5935.0,5940.0,15312.0,340346.0,341441.0
2024-10-24 22:30:00,5940.0,5941.0,5913.0,5919.0,27149.0,341441.0,338350.0
2024-10-25 09:00:00,5913.0,5928.0,5907.0,5927.0,24010.0,338350.0,339819.0
2024-10-25 09:30:00,5927.0,5929.0,5915.0,5918.0,11581.0,339819.0,340084.0
2024-10-25 10:00:00,5918.0,5922.0,5906.0,5911.0,7943.0,340084.0,339668.0
2024-10-25 10:30:00,5910.0,5915.0,5902.0,5912.0,13783.0,339668.0,339206.0
2024-10-25 11:00:00,5912.0,5923.0,5902.0,5919.0,13888.0,339206.0,339269.0
2024-10-25 13:30:00,5919.0,5924.0,5915.0,5918.0,9891.0,339269.0,340043.0
2024-10-25 14:00:00,5918.0,5919.0,5908.0,5912.0,8325.0,340043.0,339408.0
2024-10-25 14:30:00,5912.0,5922.0,5910.0,5919.0,10812.0,339408.0,338715.0
2024-10-25 21:00:00,5907.0,5929.0,5903.0,5929.0,35148.0,338715.0,342541.0
2024-10-25 21:30:00,5929.0,5935.0,5925.0,5930.0,17671.0,342541.0,342735.0
2024-10-25 22:00:00,5930.0,5932.0,5912.0,5919.0,18876.0,342735.0,342223.0
2024-10-25 22:30:00,5919.0,5931.0,5919.0,5931.0,8832.0,342223.0,341121.0
2024-10-28 09:00:00,5920.0,5923.0,5879.0,5885.0,55372.0,341121.0,337721.0
2024-10-28 09:30:00,5885.0,5889.0,5863.0,5867.0,29454.0,337721.0,334698.0
2024-10-28 10:00:00,5867.0,5870.0,5854.0,5859.0,14300.0,334698.0,333742.0
2024-10-28 10:30:00,5858.0,5873.0,5858.0,5873.0,15040.0,333742.0,333152.0
2024-10-28 11:00:00,5873.0,5875.0,5863.0,5865.0,12365.0,333152.0,331855.0
2024-10-28 13:30:00,5866.0,5870.0,5858.0,5868.0,10778.0,331855.0,331988.0
2024-10-28 14:00:00,5868.0,5874.0,5867.0,5871.0,8260.0,331988.0,331411.0
2024-10-28 14:30:00,5871.0,5878.0,5867.0,5868.0,11750.0,331411.0,329721.0
2024-10-28 21:00:00,5859.0,5867.0,5846.0,5861.0,36862.0,329721.0,328008.0
2024-10-28 21:30:00,5861.0,5870.0,5858.0,5870.0,16145.0,328008.0,327152.0
2024-10-28 22:00:00,5870.0,5887.0,5868.0,5883.0,18461.0,327152.0,327747.0
2024-10-28 22:30:00,5883.0,5889.0,5882.0,5885.0,16685.0,327747.0,327294.0
2024-10-29 09:00:00,5886.0,5886.0,5875.0,5875.0,15196.0,327294.0,327784.0
2024-10-29 09:30:00,5875.0,5878.0,5867.0,5870.0,9028.0,327784.0,327017.0
2024-10-29 10:00:00,5870.0,5876.0,5867.0,5875.0,4461.0,327017.0,326742.0
2024-10-29 10:30:00,5875.0,5886.0,5874.0,5880.0,10318.0,326742.0,326733.0
2024-10-29 11:00:00,5880.0,5886.0,5875.0,5875.0,9170.0,326733.0,327063.0
2024-10-29 13:30:00,5876.0,5876.0,5859.0,5862.0,15927.0,327063.0,325962.0
2024-10-29 14:00:00,5862.0,5863.0,5856.0,5859.0,9285.0,325962.0,325648.0
2024-10-29 14:30:00,5859.0,5862.0,5853.0,5853.0,11649.0,325648.0,323717.0
2024-10-29 21:00:00,5867.0,5876.0,5864.0,5868.0,30526.0,323717.0,324790.0
2024-10-29 21:30:00,5868.0,5869.0,5856.0,5858.0,14495.0,324790.0,324262.0
2024-10-29 22:00:00,5858.0,5861.0,5851.0,5856.0,15916.0,324262.0,323204.0
2024-10-29 22:30:00,5856.0,5858.0,5849.0,5854.0,14048.0,323204.0,322789.0
2024-10-30 09:00:00,5859.0,5864.0,5853.0,5856.0,11928.0,322789.0,323014.0
2024-10-30 09:30:00,5856.0,5866.0,5851.0,5863.0,10374.0,323014.0,322905.0
2024-10-30 10:00:00,5863.0,5870.0,5861.0,5862.0,6796.0,322905.0,323014.0
2024-10-30 10:30:00,5863.0,5866.0,5855.0,5856.0,11687.0,323014.0,322565.0
2024-10-30 11:00:00,5856.0,5857.0,5847.0,5848.0,13710.0,322565.0,321195.0
2024-10-30 13:30:00,5848.0,5851.0,5842.0,5847.0,15432.0,321195.0,322136.0
2024-10-30 14:00:00,5847.0,5851.0,5843.0,5847.0,9808.0,322136.0,321438.0
2024-10-30 14:30:00,5847.0,5853.0,5843.0,5847.0,15216.0,321438.0,319439.0
2024-10-30 21:00:00,5833.0,5844.0,5828.0,5840.0,36721.0,319439.0,322377.0
2024-10-30 21:30:00,5840.0,5844.0,5835.0,5841.0,12593.0,322377.0,322297.0
2024-10-30 22:00:00,5841.0,5845.0,5835.0,5844.0,12690.0,322297.0,322463.0
2024-10-30 22:30:00,5844.0,5846.0,5840.0,5841.0,9037.0,322463.0,321758.0
2024-10-31 09:00:00,5866.0,5869.0,5844.0,5846.0,24980.0,321758.0,322276.0
2024-10-31 09:30:00,5846.0,5855.0,5846.0,5854.0,8187.0,322276.0,321399.0
2024-10-31 10:00:00,5854.0,5856.0,5850.0,5854.0,3252.0,321399.0,320733.0
2024-10-31 10:30:00,5854.0,5862.0,5854.0,5861.0,8589.0,320733.0,319314.0
2024-10-31 11:00:00,5861.0,5876.0,5856.0,5858.0,17392.0,319314.0,318245.0
2024-10-31 13:30:00,5858.0,5865.0,5856.0,5865.0,6384.0,318245.0,318138.0
2024-10-31 14:00:00,5865.0,5869.0,5863.0,5868.0,6189.0,318138.0,318362.0
2024-10-31 14:30:00,5868.0,5875.0,5863.0,5870.0,16996.0,318362.0,318179.0
2024-10-31 21:00:00,5896.0,5922.0,5883.0,5910.0,81059.0,318179.0,325709.0
2024-10-31 21:30:00,5910.0,5923.0,5907.0,5923.0,27515.0,325709.0,330095.0
2024-10-31 22:00:00,5923.0,5930.0,5913.0,5916.0,33960.0,330095.0,332403.0
2024-10-31 22:30:00,5916.0,5926.0,5916.0,5923.0,16837.0,332403.0,331982.0
2024-11-01 09:00:00,5926.0,5933.0,5909.0,5911.0,28092.0,331982.0,332416.0
2024-11-01 09:30:00,5911.0,5918.0,5909.0,5916.0,10002.0,332416.0,331997.0
2024-11-01 10:00:00,5916.0,5918.0,5913.0,5913.0,3550.0,331997.0,332203.0
2024-11-01 10:30:00,5913.0,5928.0,5912.0,5927.0,14460.0,332203.0,333248.0
2024-11-01 11:00:00,5927.0,5932.0,5923.0,5924.0,17141.0,333248.0,335390.0
2024-11-01 13:30:00,5924.0,5926.0,5916.0,5925.0,12911.0,335390.0,336586.0
2024-11-01 14:00:00,5925.0,5927.0,5917.0,5921.0,8470.0,336586.0,336947.0
2024-11-01 14:30:00,5921.0,5925.0,5917.0,5921.0,14963.0,336947.0,336221.0
2024-11-01 21:00:00,5906.0,5918.0,5903.0,5910.0,31458.0,336221.0,336132.0
2024-11-01 21:30:00,5910.0,5916.0,5906.0,5909.0,12470.0,336132.0,335782.0
2024-11-01 22:00:00,5909.0,5910.0,5884.0,5890.0,29265.0,335782.0,330925.0
2024-11-01 22:30:00,5890.0,5895.0,5874.0,5879.0,24776.0,330925.0,328406.0
2024-11-04 09:00:00,5866.0,5866.0,5841.0,5844.0,54635.0,328406.0,326642.0
2024-11-04 09:30:00,5844.0,5848.0,5832.0,5840.0,23857.0,326642.0,325110.0
2024-11-04 10:00:00,5840.0,5840.0,5834.0,5837.0,5332.0,325110.0,324786.0
2024-11-04 10:30:00,5836.0,5848.0,5835.0,5847.0,16978.0,324786.0,323952.0
2024-11-04 11:00:00,5847.0,5847.0,5835.0,5838.0,11435.0,323952.0,322893.0
2024-11-04 13:30:00,5839.0,5843.0,5836.0,5841.0,14381.0,322893.0,321131.0
2024-11-04 14:00:00,5841.0,5844.0,5838.0,5841.0,9212.0,321131.0,319384.0
2024-11-04 14:30:00,5841.0,5848.0,5840.0,5843.0,16012.0,319384.0,314567.0
2024-11-04 21:00:00,5836.0,5839.0,5802.0,5811.0,77203.0,314567.0,318545.0
2024-11-04 21:30:00,5811.0,5811.0,5801.0,5805.0,33936.0,318545.0,321302.0
2024-11-04 22:00:00,5805.0,5805.0,5787.0,5795.0,40515.0,321302.0,323576.0
2024-11-04 22:30:00,5795.0,5810.0,5793.0,5806.0,23388.0,323576.0,320122.0
2024-11-05 09:00:00,5807.0,5811.0,5803.0,5806.0,21296.0,320122.0,317591.0
2024-11-05 09:30:00,5806.0,5806.0,5797.0,5805.0,16876.0,317591.0,316898.0
2024-11-05 10:00:00,5805.0,5808.0,5802.0,5808.0,4202.0,316898.0,316310.0
2024-11-05 10:30:00,5808.0,5819.0,5808.0,5814.0,14637.0,316310.0,316006.0
2024-11-05 11:00:00,5814.0,5820.0,5812.0,5818.0,8281.0,316006.0,313443.0
2024-11-05 13:30:00,5819.0,5827.0,5816.0,5820.0,17849.0,313443.0,310850.0
2024-11-05 14:00:00,5820.0,5825.0,5816.0,5821.0,8948.0,310850.0,309590.0
2024-11-05 14:30:00,5821.0,5825.0,5815.0,5815.0,20549.0,309590.0,306596.0
2024-11-05 21:00:00,5815.0,5823.0,5810.0,5821.0,26346.0,306596.0,308211.0
2024-11-05 21:30:00,5821.0,5833.0,5817.0,5824.0,17721.0,308211.0,307056.0
2024-11-05 22:00:00,5824.0,5830.0,5818.0,5819.0,11867.0,307056.0,306751.0
2024-11-05 22:30:00,5819.0,5826.0,5819.0,5820.0,7738.0,306751.0,305788.0
2024-11-06 09:00:00,5824.0,5830.0,5819.0,5821.0,14170.0,305788.0,305601.0
2024-11-06 09:30:00,5821.0,5825.0,5819.0,5823.0,7740.0,305601.0,304981.0
2024-11-06 10:00:00,5823.0,5827.0,5820.0,5821.0,7420.0,304981.0,304786.0
2024-11-06 10:30:00,5821.0,5822.0,5812.0,5816.0,14185.0,304786.0,304872.0
2024-11-06 11:00:00,5816.0,5818.0,5811.0,5817.0,9176.0,304872.0,304538.0
2024-11-06 13:30:00,5818.0,5818.0,5805.0,5812.0,17381.0,304538.0,304166.0
2024-11-06 14:00:00,5812.0,5816.0,5804.0,5812.0,12701.0,304166.0,303260.0
2024-11-06 14:30:00,5812.0,5818.0,5810.0,5814.0,12978.0,303260.0,301125.0
2024-11-06 21:00:00,5801.0,5814.0,5791.0,5812.0,35236.0,301125.0,302942.0
2024-11-06 21:30:00,5812.0,5813.0,5801.0,5807.0,13117.0,302942.0,302494.0
2024-11-06 22:00:00,5807.0,5815.0,5805.0,5814.0,9863.0,302494.0,302579.0
2024-11-06 22:30:00,5814.0,5816.0,5807.0,5811.0,10054.0,302579.0,300957.0
2024-11-07 09:00:00,5835.0,5840.0,5819.0,5822.0,29782.0,300957.0,300085.0
2024-11-07 09:30:00,5822.0,5827.0,5820.0,5825.0,8107.0,300085.0,300090.0
2024-11-07 10:00:00,5825.0,5837.0,5822.0,5837.0,7673.0,300090.0,299975.0
2024-11-07 10:30:00,5837.0,5843.0,5831.0,5839.0,23219.0,299975.0,298978.0
2024-11-07 11:00:00,5839.0,5848.0,5839.0,5841.0,14396.0,298978.0,298347.0
2024-11-07 13:30:00,5841.0,5844.0,5835.0,5839.0,10757.0,298347.0,296222.0
2024-11-07 14:00:00,5839.0,5839.0,5834.0,5838.0,5287.0,296222.0,295642.0
2024-11-07 14:30:00,5838.0,5845.0,5838.0,5845.0,9937.0,295642.0,294021.0
2024-11-07 21:00:00,5853.0,5859.0,5849.0,5851.0,31005.0,294021.0,293499.0
2024-11-07 21:30:00,5851.0,5851.0,5838.0,5839.0,20460.0,293499.0,293427.0
2024-11-07 22:00:00,5839.0,5842.0,5836.0,5838.0,10942.0,293427.0,294587.0
2024-11-07 22:30:00,5838.0,5840.0,5832.0,5840.0,11591.0,294587.0,294581.0
2024-11-08 09:00:00,5839.0,5847.0,5839.0,5842.0,16862.0,294581.0,295295.0
2024-11-08 09:30:00,5842.0,5849.0,5841.0,5849.0,11587.0,295295.0,296468.0
2024-11-08 10:00:00,5849.0,5849.0,5841.0,5842.0,4880.0,296468.0,296226.0
2024-11-08 10:30:00,5842.0,5848.0,5835.0,5838.0,13017.0,296226.0,295782.0
2024-11-08 11:00:00,5838.0,5840.0,5833.0,5836.0,8324.0,295782.0,295613.0
2024-11-08 13:30:00,5842.0,5843.0,5833.0,5834.0,8818.0,295613.0,295733.0
2024-11-08 14:00:00,5834.0,5835.0,5826.0,5829.0,10631.0,295733.0,295218.0
2024-11-08 14:30:00,5829.0,5831.0,5811.0,5817.0,22810.0,295218.0,292868.0
2024-11-08 21:00:00,5828.0,5855.0,5828.0,5854.0,46488.0,292868.0,295595.0
2024-11-08 21:30:00,5854.0,5904.0,5850.0,5887.0,77350.0,295595.0,298007.0
2024-11-08 22:00:00,5887.0,5903.0,5887.0,5895.0,33453.0,298007.0,301590.0
2024-11-08 22:30:00,5895.0,5906.0,5886.0,5898.0,26002.0,301590.0,299367.0
2024-11-11 09:00:00,5889.0,5947.0,5889.0,5909.0,81510.0,299367.0,314499.0
2024-11-11 09:30:00,5909.0,5928.0,5906.0,5926.0,18533.0,314499.0,316724.0
2024-11-11 10:00:00,5926.0,5929.0,5918.0,5922.0,6966.0,316724.0,317180.0
2024-11-11 10:30:00,5921.0,5937.0,5919.0,5936.0,22932.0,317180.0,321403.0
2024-11-11 11:00:00,5936.0,5940.0,5933.0,5934.0,13426.0,321403.0,324259.0
2024-11-11 13:30:00,5934.0,5945.0,5934.0,5938.0,20151.0,324259.0,329316.0
2024-11-11 14:00:00,5938.0,5942.0,5936.0,5939.0,12518.0,329316.0,332482.0
2024-11-11 14:30:00,5939.0,5944.0,5936.0,5942.0,22222.0,332482.0,334714.0
2024-11-11 21:00:00,5931.0,5934.0,5902.0,5910.0,61180.0,334714.0,335524.0
2024-11-11 21:30:00,5910.0,5910.0,5902.0,5905.0,19434.0,335524.0,334868.0
2024-11-11 22:00:00,5905.0,5918.0,5904.0,5915.0,18817.0,334868.0,333716.0
2024-11-11 22:30:00,5915.0,5923.0,5911.0,5923.0,12871.0,333716.0,333080.0
2024-11-12 09:00:00,5924.0,5926.0,5915.0,5924.0,23968.0,333080.0,333857.0
2024-11-12 09:30:00,5924.0,5931.0,5918.0,5931.0,11130.0,333857.0,333744.0
2024-11-12 10:00:00,5931.0,5932.0,5923.0,5929.0,6800.0,333744.0,333813.0
2024-11-12 10:30:00,5929.0,5929.0,5917.0,5925.0,15601.0,333813.0,334949.0
2024-11-12 11:00:00,5925.0,5938.0,5924.0,5936.0,15772.0,334949.0,336247.0
2024-11-12 13:30:00,5935.0,5942.0,5928.0,5933.0,17936.0,336247.0,338013.0
2024-11-12 14:00:00,5933.0,5935.0,5924.0,5935.0,10863.0,338013.0,337920.0
2024-11-12 14:30:00,5935.0,5938.0,5929.0,5932.0,11502.0,337920.0,337192.0
2024-11-12 21:00:00,5934.0,5961.0,5928.0,5951.0,63004.0,337192.0,343927.0
2024-11-12 21:30:00,5951.0,5981.0,5950.0,5978.0,56062.0,343927.0,351624.0
2024-11-12 22:00:00,5978.0,5980.0,5951.0,5955.0,38808.0,351624.0,350603.0
2024-11-12 22:30:00,5955.0,5959.0,5944.0,5955.0,21048.0,350603.0,347525.0
2024-11-13 09:00:00,5957.0,5957.0,5945.0,5954.0,22702.0,347525.0,343834.0
2024-11-13 09:30:00,5954.0,5968.0,5948.0,5963.0,19485.0,343834.0,345272.0
2024-11-13 10:00:00,5963.0,5965.0,5959.0,5959.0,5655.0,345272.0,345575.0
2024-11-13 10:30:00,5960.0,5966.0,5945.0,5965.0,19620.0,345575.0,346156.0
2024-11-13 11:00:00,5965.0,5966.0,5958.0,5961.0,8319.0,346156.0,346606.0
2024-11-13 13:30:00,5959.0,5966.0,5955.0,5964.0,13585.0,346606.0,347743.0
2024-11-13 14:00:00,5964.0,5964.0,5944.0,5953.0,17203.0,347743.0,348076.0
2024-11-13 14:30:00,5953.0,5955.0,5930.0,5931.0,26942.0,348076.0,345577.0
2024-11-13 21:00:00,5935.0,5942.0,5930.0,5935.0,27783.0,345577.0,348234.0
2024-11-13 21:30:00,5935.0,5943.0,5930.0,5937.0,16897.0,348234.0,348936.0
2024-11-13 22:00:00,5937.0,5938.0,5932.0,5935.0,8228.0,348936.0,349336.0
2024-11-13 22:30:00,5935.0,5938.0,5918.0,5919.0,19694.0,349336.0,346532.0
2024-11-14 09:00:00,5924.0,5934.0,5920.0,5932.0,22659.0,346532.0,346187.0
2024-11-14 09:30:00,5932.0,5942.0,5932.0,5938.0,13270.0,346187.0,345916.0
2024-11-14 10:00:00,5938.0,5940.0,5936.0,5938.0,3430.0,345916.0,346397.0
2024-11-14 10:30:00,5938.0,5943.0,5933.0,5936.0,10188.0,346397.0,347298.0
2024-11-14 11:00:00,5936.0,5941.0,5932.0,5938.0,8976.0,347298.0,348400.0
2024-11-14 13:30:00,5937.0,5938.0,5926.0,5929.0,17877.0,348400.0,348990.0
2024-11-14 14:00:00,5929.0,5929.0,5855.0,5881.0,84080.0,348990.0,335976.0
2024-11-14 14:30:00,5881.0,5881.0,5862.0,5869.0,38179.0,335976.0,326970.0
2024-11-14 21:00:00,5878.0,5900.0,5867.0,5894.0,44142.0,326970.0,327230.0
2024-11-14 21:30:00,5894.0,5903.0,5891.0,5901.0,14095.0,327230.0,328610.0
2024-11-14 22:00:00,5901.0,5904.0,5888.0,5900.0,16821.0,328610.0,328152.0
2024-11-14 22:30:00,5900.0,5907.0,5898.0,5900.0,14893.0,328152.0,327824.0
2024-11-15 09:00:00,5907.0,5914.0,5899.0,5900.0,21176.0,327824.0,330127.0
2024-11-15 09:30:00,5900.0,5903.0,5887.0,5888.0,11865.0,330127.0,329897.0
2024-11-15 10:00:00,5888.0,5891.0,5884.0,5888.0,6020.0,329897.0,329328.0
2024-11-15 10:30:00,5888.0,5888.0,5881.0,5884.0,9867.0,329328.0,328746.0
2024-11-15 11:00:00,5884.0,5885.0,5876.0,5877.0,8466.0,328746.0,328956.0
2024-11-15 13:30:00,5879.0,5879.0,5863.0,5866.0,22325.0,328956.0,328071.0
2024-11-15 14:00:00,5866.0,5867.0,5861.0,5862.0,10435.0,328071.0,326697.0
2024-11-15 14:30:00,5862.0,5866.0,5850.0,5864.0,26423.0,326697.0,321453.0
2024-11-15 21:00:00,5853.0,5860.0,5836.0,5850.0,41402.0,321453.0,319017.0
2024-11-15 21:30:00,5850.0,5853.0,5844.0,5851.0,12338.0,319017.0,318773.0
2024-11-15 22:00:00,5851.0,5853.0,5845.0,5848.0,8330.0,318773.0,317620.0
2024-11-15 22:30:00,5848.0,5853.0,5845.0,5850.0,9330.0,317620.0,315094.0
2024-11-18 09:00:00,5850.0,5854.0,5842.0,5843.0,18057.0,315094.0,314473.0
2024-11-18 09:30:00,5843.0,5850.0,5840.0,5841.0,9626.0,314473.0,312744.0
2024-11-18 10:00:00,5841.0,5846.0,5839.0,5846.0,4429.0,312744.0,312138.0
2024-11-18 10:30:00,5846.0,5846.0,5835.0,5838.0,11279.0,312138.0,310121.0
2024-11-18 11:00:00,5838.0,5838.0,5828.0,5832.0,16073.0,310121.0,307850.0
2024-11-18 13:30:00,5833.0,5833.0,5819.0,5821.0,18561.0,307850.0,306446.0
2024-11-18 14:00:00,5821.0,5829.0,5819.0,5829.0,13363.0,306446.0,305826.0
2024-11-18 14:30:00,5829.0,5836.0,5826.0,5833.0,12145.0,305826.0,304227.0
2024-11-18 21:00:00,5843.0,5862.0,5839.0,5858.0,36928.0,304227.0,305746.0
2024-11-18 21:30:00,5858.0,5864.0,5853.0,5858.0,14795.0,305746.0,306259.0
2024-11-18 22:00:00,5858.0,5864.0,5857.0,5861.0,10768.0,306259.0,305282.0
2024-11-18 22:30:00,5861.0,5864.0,5857.0,5860.0,10396.0,305282.0,302406.0
2024-11-19 09:00:00,5878.0,5881.0,5863.0,5871.0,27326.0,302406.0,299761.0
2024-11-19 09:30:00,5871.0,5871.0,5863.0,5863.0,8252.0,299761.0,299073.0
2024-11-19 10:00:00,5863.0,5865.0,5855.0,5857.0,6401.0,299073.0,297908.0
2024-11-19 10:30:00,5857.0,5858.0,5853.0,5855.0,12249.0,297908.0,297393.0
2024-11-19 11:00:00,5855.0,5857.0,5848.0,5852.0,10216.0,297393.0,296797.0
2024-11-19 13:30:00,5852.0,5861.0,5850.0,5853.0,9891.0,296797.0,296834.0
2024-11-19 14:00:00,5853.0,5863.0,5851.0,5858.0,11909.0,296834.0,295433.0
2024-11-19 14:30:00,5858.0,5865.0,5856.0,5863.0,12421.0,295433.0,294886.0
2024-11-19 21:00:00,5859.0,5875.0,5853.0,5874.0,26020.0,294886.0,297326.0
2024-11-19 21:30:00,5874.0,5876.0,5866.0,5869.0,11820.0,297326.0,297876.0
2024-11-19 22:00:00,5869.0,5891.0,5869.0,5878.0,23092.0,297876.0,299636.0
2024-11-19 22:30:00,5878.0,5879.0,5861.0,5866.0,14048.0,299636.0,297445.0
2024-11-20 09:00:00,5859.0,5869.0,5859.0,5868.0,10500.0,297445.0,296933.0
2024-11-20 09:30:00,5868.0,5879.0,5866.0,5877.0,7768.0,296933.0,297144.0
2024-11-20 10:00:00,5877.0,5891.0,5877.0,5890.0,11721.0,297144.0,298213.0
2024-11-20 10:30:00,5892.0,5918.0,5892.0,5909.0,47040.0,298213.0,300749.0
2024-11-20 11:00:00,5909.0,5916.0,5905.0,5907.0,15080.0,300749.0,300711.0
2024-11-20 13:30:00,5907.0,5926.0,5907.0,5915.0,23461.0,300711.0,303985.0
2024-11-20 14:00:00,5915.0,5919.0,5912.0,5917.0,9056.0,303985.0,304426.0
2024-11-20 14:30:00,5917.0,5935.0,5917.0,5931.0,30113.0,304426.0,308390.0
2024-11-20 21:00:00,5926.0,5949.0,5920.0,5939.0,54488.0,308390.0,320049.0
2024-11-20 21:30:00,5939.0,5946.0,5936.0,5939.0,17785.0,320049.0,320950.0
2024-11-20 22:00:00,5939.0,5944.0,5936.0,5941.0,11620.0,320950.0,321430.0
2024-11-20 22:30:00,5941.0,5952.0,5936.0,5946.0,20726.0,321430.0,321546.0
2024-11-21 09:00:00,5940.0,5947.0,5930.0,5943.0,27471.0,321546.0,324113.0
2024-11-21 09:30:00,5943.0,5961.0,5941.0,5956.0,24634.0,324113.0,330172.0
2024-11-21 10:00:00,5956.0,5964.0,5952.0,5963.0,12155.0,330172.0,331136.0
2024-11-21 10:30:00,5962.0,5974.0,5955.0,5958.0,35061.0,331136.0,334518.0
2024-11-21 11:00:00,5958.0,5972.0,5958.0,5966.0,13046.0,334518.0,337311.0
2024-11-21 13:30:00,5966.0,5971.0,5958.0,5969.0,14512.0,337311.0,339829.0
2024-11-21 14:00:00,5969.0,5970.0,5959.0,5963.0,12038.0,339829.0,340690.0
2024-11-21 14:30:00,5963.0,5974.0,5962.0,5971.0,20782.0,340690.0,339981.0
2024-11-21 21:00:00,5959.0,5965.0,5946.0,5952.0,47713.0,339981.0,341537.0
2024-11-21 21:30:00,5952.0,5958.0,5942.0,5954.0,24014.0,341537.0,342110.0
2024-11-21 22:00:00,5954.0,5958.0,5950.0,5955.0,9203.0,342110.0,342454.0
2024-11-21 22:30:00,5955.0,5969.0,5948.0,5965.0,15827.0,342454.0,341200.0
2024-11-22 09:00:00,5966.0,5989.0,5961.0,5987.0,30874.0,341200.0,343868.0
2024-11-22 09:30:00,5987.0,5990.0,5961.0,5977.0,35304.0,343868.0,344755.0
2024-11-22 10:00:00,5977.0,5988.0,5974.0,5984.0,8273.0,344755.0,345654.0
2024-11-22 10:30:00,5984.0,5988.0,5970.0,5974.0,13720.0,345654.0,346229.0
2024-11-22 11:00:00,5974.0,5978.0,5964.0,5967.0,13801.0,346229.0,345803.0
2024-11-22 13:30:00,5962.0,5966.0,5955.0,5963.0,20141.0,345803.0,344285.0
2024-11-22 14:00:00,5963.0,5964.0,5946.0,5952.0,19008.0,344285.0,342543.0
2024-11-22 14:30:00,5952.0,5952.0,5879.0,5897.0,97443.0,342543.0,323742.0
2024-11-22 21:00:00,5907.0,5930.0,5898.0,5916.0,43381.0,323742.0,321594.0
2024-11-22 21:30:00,5916.0,5922.0,5910.0,5918.0,14849.0,321594.0,321294.0
2024-11-22 22:00:00,5918.0,5926.0,5915.0,5923.0,11132.0,321294.0,321030.0
2024-11-22 22:30:00,5923.0,5929.0,5921.0,5928.0,9663.0,321030.0,319809.0
2024-11-25 09:00:00,5918.0,5934.0,5912.0,5929.0,28690.0,319809.0,319030.0
2024-11-25 09:30:00,5929.0,5934.0,5921.0,5922.0,12377.0,319030.0,318753.0
2024-11-25 10:00:00,5922.0,5927.0,5921.0,5927.0,4402.0,318753.0,317894.0
2024-11-25 10:30:00,5928.0,5932.0,5922.0,5925.0,10338.0,317894.0,316774.0
2024-11-25 11:00:00,5925.0,5939.0,5924.0,5927.0,18159.0,316774.0,315314.0
2024-11-25 13:30:00,5926.0,5932.0,5918.0,5930.0,14646.0,315314.0,314862.0
2024-11-25 14:00:00,5930.0,5946.0,5921.0,5937.0,22428.0,314862.0,312520.0
2024-11-25 14:30:00,5937.0,5944.0,5928.0,5942.0,17967.0,312520.0,310168.0
2024-11-25 21:00:00,5930.0,5934.0,5919.0,5927.0,34206.0,310168.0,308226.0
2024-11-25 21:30:00,5927.0,5929.0,5914.0,5925.0,16851.0,308226.0,307236.0
2024-11-25 22:00:00,5925.0,5942.0,5918.0,5941.0,20013.0,307236.0,307573.0
2024-11-25 22:30:00,5941.0,5950.0,5936.0,5943.0,19371.0,307573.0,307872.0
2024-11-26 09:00:00,5936.0,5941.0,5927.0,5927.0,17492.0,307872.0,307021.0
2024-11-26 09:30:00,5927.0,5941.0,5924.0,5939.0,14749.0,307021.0,306117.0
2024-11-26 10:00:00,5939.0,5941.0,5936.0,5939.0,6175.0,306117.0,305665.0
2024-11-26 10:30:00,5939.0,5939.0,5932.0,5938.0,13148.0,305665.0,303399.0
2024-11-26 11:00:00,5938.0,5947.0,5935.0,5943.0,16889.0,303399.0,301801.0
2024-11-26 13:30:00,5943.0,5963.0,5941.0,5960.0,27683.0,301801.0,302203.0
2024-11-26 14:00:00,5960.0,5965.0,5953.0,5957.0,16338.0,302203.0,301254.0
2024-11-26 14:30:00,5957.0,5967.0,5946.0,5963.0,27300.0,301254.0,298978.0
2024-11-26 21:00:00,5989.0,6038.0,5971.0,5986.0,166541.0,298978.0,311291.0
2024-11-26 21:30:00,5986.0,5994.0,5974.0,5989.0,38279.0,311291.0,313675.0
2024-11-26 22:00:00,5989.0,6001.0,5978.0,5994.0,28444.0,313675.0,314090.0
2024-11-26 22:30:00,5994.0,6000.0,5988.0,5991.0,18091.0,314090.0,311730.0
2024-11-27 09:00:00,6000.0,6007.0,5984.0,5984.0,30805.0,311730.0,310497.0
2024-11-27 09:30:00,5984.0,5990.0,5966.0,5968.0,25108.0,310497.0,308444.0
2024-11-27 10:00:00,5968.0,5970.0,5948.0,5951.0,24848.0,308444.0,305822.0
2024-11-27 10:30:00,5952.0,5960.0,5950.0,5955.0,18900.0,305822.0,303476.0
2024-11-27 11:00:00,5955.0,5962.0,5947.0,5962.0,15408.0,303476.0,301717.0
2024-11-27 13:30:00,5962.0,5964.0,5943.0,5950.0,25124.0,301717.0,298442.0
2024-11-27 14:00:00,5950.0,5959.0,5947.0,5958.0,16037.0,298442.0,295447.0
2024-11-27 14:30:00,5958.0,5963.0,5950.0,5958.0,22374.0,295447.0,290756.0
2024-11-27 21:00:00,5972.0,5978.0,5957.0,5959.0,35662.0,290756.0,292705.0
2024-11-27 21:30:00,5959.0,5961.0,5950.0,5953.0,14554.0,292705.0,292797.0
2024-11-27 22:00:00,5953.0,5956.0,5937.0,5948.0,18975.0,292797.0,291149.0
2024-11-27 22:30:00,5948.0,5955.0,5944.0,5952.0,11483.0,291149.0,288232.0
2024-11-28 09:00:00,5950.0,5969.0,5947.0,5966.0,22688.0,288232.0,287721.0
2024-11-28 09:30:00,5966.0,5972.0,5961.0,5966.0,12871.0,287721.0,287192.0
2024-11-28 10:00:00,5966.0,5974.0,5961.0,5970.0,10981.0,287192.0,285387.0
2024-11-28 10:30:00,5970.0,5981.0,5970.0,5978.0,17070.0,285387.0,285143.0
2024-11-28 11:00:00,5978.0,5982.0,5965.0,5966.0,15139.0,285143.0,283030.0
2024-11-28 13:30:00,5967.0,5971.0,5954.0,5970.0,14815.0,283030.0,281563.0
2024-11-28 14:00:00,5970.0,5978.0,5965.0,5978.0,12714.0,281563.0,280168.0
2024-11-28 14:30:00,5978.0,6015.0,5970.0,6013.0,36838.0,280168.0,283284.0
2024-11-28 21:00:00,6018.0,6059.0,6012.0,6027.0,135115.0,283284.0,289877.0
2024-11-28 21:30:00,6027.0,6085.0,6027.0,6084.0,81677.0,289877.0,305882.0
2024-11-28 22:00:00,6084.0,6086.0,6060.0,6068.0,52418.0,305882.0,306985.0
2024-11-28 22:30:00,6068.0,6088.0,6065.0,6079.0,36531.0,306985.0,307343.0
2024-11-29 09:00:00,6079.0,6086.0,6066.0,6080.0,36899.0,307343.0,308772.0
2024-11-29 09:30:00,6080.0,6106.0,6077.0,6097.0,35628.0,308772.0,313711.0
2024-11-29 10:00:00,6097.0,6108.0,6092.0,6106.0,14903.0,313711.0,315809.0
2024-11-29 10:30:00,6106.0,6144.0,6106.0,6129.0,71336.0,315809.0,320431.0
2024-11-29 11:00:00,6129.0,6131.0,6112.0,6120.0,30117.0,320431.0,317732.0
2024-11-29 13:30:00,6119.0,6124.0,6108.0,6120.0,23771.0,317732.0,317672.0
2024-11-29 14:00:00,6120.0,6132.0,6112.0,6131.0,18503.0,317672.0,318471.0
2024-11-29 14:30:00,6131.0,6136.0,6120.0,6135.0,35814.0,318471.0,317777.0
2024-11-29 21:00:00,6109.0,6125.0,6105.0,6114.0,72436.0,317777.0,321323.0
2024-11-29 21:30:00,6114.0,6115.0,6084.0,6092.0,56583.0,321323.0,315975.0
2024-11-29 22:00:00,6092.0,6112.0,6090.0,6109.0,30836.0,315975.0,314578.0
2024-11-29 22:30:00,6109.0,6113.0,6095.0,6106.0,23964.0,314578.0,311151.0
2024-12-02 09:00:00,6105.0,6109.0,6085.0,6090.0,38391.0,311151.0,307272.0
2024-12-02 09:30:00,6090.0,6105.0,6089.0,6097.0,16649.0,307272.0,307205.0
2024-12-02 10:00:00,6097.0,6097.0,6089.0,6090.0,5956.0,307205.0,307189.0
2024-12-02 10:30:00,6091.0,6096.0,6053.0,6063.0,44508.0,307189.0,301300.0
2024-12-02 11:00:00,6063.0,6072.0,6050.0,6068.0,31856.0,301300.0,296831.0
2024-12-02 13:30:00,6068.0,6072.0,6059.0,6060.0,15822.0,296831.0,296161.0
2024-12-02 14:00:00,6060.0,6079.0,6060.0,6073.0,20575.0,296161.0,296768.0
2024-12-02 14:30:00,6073.0,6090.0,6072.0,6082.0,25242.0,296768.0,293454.0
2024-12-02 21:00:00,6088.0,6096.0,6072.0,6083.0,47594.0,293454.0,292726.0
2024-12-02 21:30:00,6083.0,6091.0,6071.0,6074.0,27304.0,292726.0,291500.0
2024-12-02 22:00:00,6074.0,6078.0,6068.0,6076.0,14797.0,291500.0,290397.0
2024-12-02 22:30:00,6076.0,6076.0,6057.0,6062.0,18517.0,290397.0,288582.0
2024-12-03 09:00:00,6074.0,6085.0,6066.0,6083.0,28049.0,288582.0,287546.0
2024-12-03 09:30:00,6083.0,6090.0,6080.0,6082.0,15661.0,287546.0,286891.0
2024-12-03 10:00:00,6082.0,6083.0,6076.0,6079.0,6633.0,286891.0,286502.0
2024-12-03 10:30:00,6080.0,6100.0,6078.0,6082.0,20083.0,286502.0,286363.0
2024-12-03 11:00:00,6082.0,6083.0,6058.0,6061.0,32828.0,286363.0,282061.0
2024-12-03 13:30:00,6062.0,6072.0,6059.0,6071.0,17063.0,282061.0,280932.0
2024-12-03 14:00:00,6071.0,6075.0,6063.0,6068.0,16028.0,280932.0,278388.0
2024-12-03 14:30:00,6068.0,6070.0,6058.0,6066.0,17394.0,278388.0,275671.0
2024-12-03 21:00:00,6081.0,6094.0,6071.0,6083.0,40250.0,275671.0,276261.0
2024-12-03 21:30:00,6083.0,6105.0,6081.0,6089.0,39110.0,276261.0,278010.0
2024-12-03 22:00:00,6089.0,6100.0,6088.0,6098.0,16187.0,278010.0,279045.0
2024-12-03 22:30:00,6098.0,6108.0,6095.0,6097.0,22818.0,279045.0,277778.0
2024-12-04 09:00:00,6097.0,6097.0,6066.0,6077.0,35664.0,277778.0,273428.0
2024-12-04 09:30:00,6077.0,6084.0,6071.0,6079.0,16179.0,273428.0,272941.0
2024-12-04 10:00:00,6079.0,6081.0,6039.0,6055.0,35141.0,272941.0,266951.0
2024-12-04 10:30:00,6055.0,6056.0,6027.0,6037.0,46395.0,266951.0,263377.0
2024-12-04 11:00:00,6037.0,6041.0,6030.0,6032.0,21876.0,263377.0,260852.0
2024-12-04 13:30:00,6033.0,6041.0,6026.0,6039.0,23772.0,260852.0,256604.0
2024-12-04 14:00:00,6039.0,6045.0,6034.0,6038.0,16848.0,256604.0,254143.0
2024-12-04 14:30:00,6038.0,6040.0,6031.0,6034.0,16581.0,254143.0,251219.0
2024-12-04 21:00:00,6029.0,6041.0,6018.0,6028.0,33312.0,251219.0,251041.0
2024-12-04 21:30:00,6028.0,6031.0,5976.0,5980.0,60655.0,251041.0,242266.0
2024-12-04 22:00:00,5980.0,5997.0,5977.0,5989.0,28632.0,242266.0,242310.0
2024-12-04 22:30:00,5989.0,5994.0,5984.0,5988.0,12561.0,242310.0,239558.0
2024-12-05 09:00:00,5986.0,5993.0,5965.0,5972.0,36106.0,239558.0,236450.0
2024-12-05 09:30:00,5972.0,5976.0,5954.0,5969.0,32381.0,236450.0,232472.0
2024-12-05 10:00:00,5969.0,5978.0,5965.0,5977.0,9695.0,232472.0,232250.0
2024-12-05 10:30:00,5977.0,5987.0,5974.0,5982.0,14439.0,232250.0,232170.0
2024-12-05 11:00:00,5982.0,5987.0,5976.0,5983.0,9620.0,232170.0,232220.0
2024-12-05 13:30:00,5984.0,5991.0,5979.0,5982.0,13547.0,232220.0,231602.0
2024-12-05 14:00:00,5982.0,5983.0,5974.0,5978.0,11685.0,231602.0,229812.0
2024-12-05 14:30:00,5978.0,5993.0,5978.0,5984.0,16223.0,229812.0,227044.0
2024-12-05 21:00:00,5972.0,5979.0,5916.0,5946.0,66299.0,227044.0,219975.0
2024-12-05 21:30:00,5946.0,5949.0,5937.0,5947.0,14470.0,219975.0,218897.0
2024-12-05 22:00:00,5947.0,5954.0,5946.0,5952.0,9368.0,218897.0,218804.0
2024-12-05 22:30:00,5952.0,5965.0,5949.0,5961.0,11101.0,218804.0,218245.0
2024-12-06 09:00:00,5983.0,5983.0,5954.0,5955.0,20624.0,218245.0,218527.0
2024-12-06 09:30:00,5955.0,5960.0,5947.0,5951.0,11703.0,218527.0,218484.0
2024-12-06 10:00:00,5951.0,5951.0,5945.0,5948.0,5238.0,218484.0,217483.0
2024-12-06 10:30:00,5949.0,5956.0,5945.0,5946.0,10763.0,217483.0,215932.0
2024-12-06 11:00:00,5946.0,5958.0,5941.0,5956.0,12008.0,215932.0,214673.0
2024-12-06 13:30:00,5956.0,5969.0,5956.0,5969.0,12630.0,214673.0,214393.0
2024-12-06 14:00:00,5969.0,5984.0,5964.0,5983.0,14242.0,214393.0,212791.0
2024-12-06 14:30:00,5983.0,6012.0,5980.0,6008.0,31338.0,212791.0,211791.0
2024-12-06 21:00:00,6003.0,6005.0,5988.0,6003.0,28303.0,211791.0,211544.0
2024-12-06 21:30:00,6003.0,6012.0,6000.0,6010.0,18853.0,211544.0,213072.0
2024-12-06 22:00:00,6010.0,6019.0,6001.0,6001.0,22524.0,213072.0,213798.0
2024-12-06 22:30:00,6001.0,6006.0,5994.0,6002.0,14954.0,213798.0,211413.0
2024-12-09 09:00:00,6003.0,6016.0,5992.0,5999.0,21270.0,211413.0,209715.0
2024-12-09 09:30:00,5999.0,6014.0,5993.0,6014.0,12319.0,209715.0,208012.0
2024-12-09 10:00:00,6014.0,6024.0,6013.0,6018.0,8343.0,208012.0,207625.0
2024-12-09 10:30:00,6018.0,6021.0,6006.0,6013.0,9243.0,207625.0,206936.0
2024-12-09 11:00:00,6013.0,6013.0,6005.0,6008.0,6051.0,206936.0,204964.0
2024-12-09 13:30:00,6009.0,6021.0,6005.0,6017.0,8371.0,204964.0,204096.0
2024-12-09 14:00:00,6017.0,6034.0,6015.0,6025.0,19208.0,204096.0,201842.0
2024-12-09 14:30:00,6025.0,6047.0,6024.0,6038.0,26206.0,201842.0,198037.0
2024-12-09 21:00:00,6048.0,6065.0,6035.0,6035.0,31473.0,198037.0,194879.0
2024-12-09 21:30:00,6035.0,6047.0,6035.0,6039.0,10373.0,194879.0,194908.0
2024-12-09 22:00:00,6039.0,6054.0,6037.0,6044.0,11984.0,194908.0,193836.0
2024-12-09 22:30:00,6044.0,6049.0,6036.0,6046.0,11045.0,193836.0,191746.0
2024-12-10 09:00:00,6040.0,6057.0,6036.0,6056.0,13825.0,191746.0,190074.0
2024-12-10 09:30:00,6056.0,6056.0,6036.0,6041.0,9417.0,190074.0,189206.0
2024-12-10 10:00:00,6041.0,6047.0,6040.0,6046.0,3058.0,189206.0,188564.0
2024-12-10 10:30:00,6046.0,6064.0,6046.0,6058.0,15294.0,188564.0,188486.0
2024-12-10 11:00:00,6058.0,6070.0,6050.0,6056.0,11264.0,188486.0,187913.0
2024-12-10 13:30:00,6056.0,6056.0,6039.0,6044.0,10496.0,187913.0,186247.0
2024-12-10 14:00:00,6044.0,6045.0,6029.0,6039.0,10942.0,186247.0,185034.0
2024-12-10 14:30:00,6039.0,6044.0,6030.0,6034.0,8852.0,185034.0,183076.0
2024-12-10 21:00:00,6029.0,6036.0,5969.0,5974.0,95355.0,183076.0,385237.0
2024-12-10 21:30:00,5974.0,5988.0,5970.0,5986.0,35246.0,385237.0,380974.0
2024-12-10 22:00:00,5986.0,6004.0,5981.0,5995.0,26582.0,380974.0,381676.0
2024-12-10 22:30:00,5995.0,6006.0,5995.0,6004.0,14889.0,381676.0,380510.0
2024-12-11 09:00:00,6006.0,6045.0,5997.0,6036.0,66351.0,380510.0,382743.0
2024-12-11 09:30:00,6036.0,6056.0,6032.0,6053.0,41766.0,382743.0,387848.0
2024-12-11 10:00:00,6053.0,6056.0,6039.0,6040.0,12928.0,387848.0,389361.0
2024-12-11 10:30:00,6040.0,6044.0,6034.0,6037.0,18403.0,389361.0,390638.0
2024-12-11 11:00:00,6037.0,6041.0,6034.0,6037.0,14103.0,390638.0,391501.0
2024-12-11 13:30:00,6038.0,6068.0,6038.0,6055.0,57751.0,391501.0,403119.0
2024-12-11 14:00:00,6055.0,6066.0,6055.0,6064.0,16486.0,403119.0,406055.0
2024-12-11 14:30:00,6064.0,6066.0,6053.0,6063.0,26494.0,406055.0,406291.0
2024-12-11 21:00:00,6052.0,6071.0,6046.0,6053.0,55761.0,406291.0,406525.0
2024-12-11 21:30:00,6053.0,6064.0,6045.0,6060.0,22726.0,406525.0,408046.0
2024-12-11 22:00:00,6060.0,6066.0,6053.0,6055.0,20486.0,408046.0,408920.0
2024-12-11 22:30:00,6055.0,6066.0,6055.0,6064.0,13011.0,408920.0,407820.0
2024-12-12 09:00:00,6068.0,6140.0,6068.0,6133.0,136169.0,407820.0,436005.0
2024-12-12 09:30:00,6133.0,6135.0,6110.0,6121.0,49748.0,436005.0,439803.0
2024-12-12 10:00:00,6121.0,6130.0,6117.0,6130.0,13915.0,439803.0,441730.0
2024-12-12 10:30:00,6130.0,6131.0,6097.0,6113.0,41679.0,441730.0,442566.0
2024-12-12 11:00:00,6113.0,6118.0,6105.0,6107.0,20622.0,442566.0,443547.0
2024-12-12 13:30:00,6107.0,6117.0,6107.0,6115.0,21953.0,443547.0,447180.0
2024-12-12 14:00:00,6115.0,6119.0,6109.0,6117.0,17516.0,447180.0,448532.0
2024-12-12 14:30:00,6117.0,6139.0,6114.0,6125.0,36589.0,448532.0,453812.0
2024-12-12 21:00:00,6123.0,6143.0,6117.0,6135.0,60184.0,453812.0,459437.0
2024-12-12 21:30:00,6135.0,6144.0,6127.0,6130.0,35949.0,459437.0,461873.0
2024-12-12 22:00:00,6130.0,6132.0,6111.0,6115.0,44031.0,461873.0,464096.0
2024-12-12 22:30:00,6115.0,6119.0,6111.0,6113.0,23594.0,464096.0,463978.0
2024-12-13 09:00:00,6114.0,6125.0,6101.0,6116.0,31339.0,463978.0,465638.0
2024-12-13 09:30:00,6116.0,6118.0,6107.0,6114.0,12592.0,465638.0,466249.0
2024-12-13 10:00:00,6114.0,6118.0,6106.0,6107.0,7950.0,466249.0,466339.0
2024-12-13 10:30:00,6107.0,6110.0,6076.0,6086.0,47085.0,466339.0,462786.0
2024-12-13 11:00:00,6086.0,6100.0,6084.0,6100.0,19317.0,462786.0,462701.0
2024-12-13 13:30:00,6100.0,6102.0,6091.0,6096.0,18211.0,462701.0,464216.0
2024-12-13 14:00:00,6096.0,6099.0,6082.0,6088.0,18819.0,464216.0,464074.0
2024-12-13 14:30:00,6088.0,6091.0,6082.0,6083.0,17831.0,464074.0,461561.0
2024-12-13 21:00:00,6080.0,6085.0,6047.0,6057.0,61013.0,461561.0,457332.0
2024-12-13 21:30:00,6057.0,6071.0,6054.0,6058.0,26157.0,457332.0,457566.0
2024-12-13 22:00:00,6058.0,6064.0,6052.0,6057.0,18506.0,457566.0,456623.0
2024-12-13 22:30:00,6057.0,6061.0,6053.0,6057.0,13705.0,456623.0,454410.0
2024-12-16 09:00:00,6060.0,6060.0,6025.0,6034.0,51851.0,454410.0,447212.0
2024-12-16 09:30:00,6034.0,6037.0,6012.0,6018.0,36781.0,447212.0,444717.0
2024-12-16 10:00:00,6018.0,6026.0,6011.0,6025.0,12254.0,444717.0,443575.0
2024-12-16 10:30:00,6025.0,6025.0,6012.0,6017.0,14612.0,443575.0,443570.0
2024-12-16 11:00:00,6017.0,6022.0,6007.0,6007.0,18920.0,443570.0,441012.0
2024-12-16 13:30:00,6008.0,6008.0,5995.0,5998.0,36366.0,441012.0,436245.0
2024-12-16 14:00:00,5998.0,6015.0,5997.0,6011.0,21855.0,436245.0,435556.0
2024-12-16 14:30:00,6011.0,6020.0,6009.0,6017.0,19099.0,435556.0,432332.0
2024-12-16 21:00:00,5991.0,6008.0,5983.0,5997.0,63213.0,432332.0,434181.0
2024-12-16 21:30:00,5997.0,6003.0,5993.0,5997.0,14740.0,434181.0,435321.0
2024-12-16 22:00:00,5997.0,5998.0,5985.0,5995.0,16964.0,435321.0,434228.0
2024-12-16 22:30:00,5995.0,6003.0,5993.0,5999.0,13757.0,434228.0,432605.0
2024-12-17 09:00:00,6000.0,6012.0,5999.0,6012.0,27130.0,432605.0,434101.0
2024-12-17 09:30:00,6012.0,6023.0,6010.0,6022.0,18919.0,434101.0,435353.0
2024-12-17 10:00:00,6022.0,6031.0,6019.0,6022.0,18240.0,435353.0,435299.0
2024-12-17 10:30:00,6022.0,6028.0,6012.0,6022.0,27298.0,435299.0,436458.0
2024-12-17 11:00:00,6022.0,6026.0,6012.0,6013.0,15477.0,436458.0,434407.0
2024-12-17 13:30:00,6014.0,6023.0,6012.0,6017.0,13813.0,434407.0,435644.0
2024-12-17 14:00:00,6017.0,6031.0,6015.0,6024.0,17145.0,435644.0,436086.0
2024-12-17 14:30:00,6024.0,6026.0,5996.0,6005.0,42938.0,436086.0,430281.0
2024-12-17 21:00:00,5993.0,5995.0,5956.0,5957.0,81472.0,430281.0,425809.0
2024-12-17 21:30:00,5957.0,5966.0,5952.0,5957.0,30075.0,425809.0,424936.0
2024-12-17 22:00:00,5957.0,5959.0,5951.0,5953.0,17269.0,424936.0,424733.0
2024-12-17 22:30:00,5953.0,5953.0,5944.0,5947.0,28457.0,424733.0,421482.0
2024-12-18 09:00:00,5943.0,5943.0,5912.0,5917.0,64463.0,421482.0,421980.0
2024-12-18 09:30:00,5917.0,5918.0,5903.0,5903.0,34495.0,421980.0,421829.0
2024-12-18 10:00:00,5903.0,5907.0,5894.0,5895.0,18648.0,421829.0,421645.0
2024-12-18 10:30:00,5894.0,5910.0,5893.0,5902.0,27750.0,421645.0,420374.0
2024-12-18 11:00:00,5902.0,5905.0,5886.0,5902.0,32437.0,420374.0,417870.0
2024-12-18 13:30:00,5902.0,5915.0,5899.0,5901.0,26410.0,417870.0,415935.0
2024-12-18 14:00:00,5901.0,5907.0,5884.0,5893.0,26940.0,415935.0,411830.0
2024-12-18 14:30:00,5893.0,5904.0,5889.0,5899.0,27627.0,411830.0,406773.0
2024-12-18 21:00:00,5897.0,5908.0,5890.0,5893.0,38978.0,406773.0,407124.0
2024-12-18 21:30:00,5893.0,5899.0,5890.0,5896.0,12358.0,407124.0,407428.0
2024-12-18 22:00:00,5896.0,5900.0,5886.0,5892.0,20083.0,407428.0,407234.0
2024-12-18 22:30:00,5892.0,5893.0,5873.0,5885.0,38978.0,407234.0,400937.0
2024-12-19 09:00:00,5876.0,5880.0,5856.0,5863.0,40934.0,400937.0,402381.0
2024-12-19 09:30:00,5863.0,5872.0,5858.0,5867.0,17771.0,402381.0,400777.0
2024-12-19 10:00:00,5867.0,5871.0,5866.0,5866.0,5647.0,400777.0,400020.0
2024-12-19 10:30:00,5867.0,5867.0,5861.0,5864.0,13173.0,400020.0,397967.0
2024-12-19 11:00:00,5864.0,5879.0,5858.0,5875.0,19084.0,397967.0,394314.0
2024-12-19 13:30:00,5876.0,5880.0,5864.0,5868.0,16248.0,394314.0,393559.0
2024-12-19 14:00:00,5868.0,5880.0,5864.0,5877.0,15092.0,393559.0,391678.0
2024-12-19 14:30:00,5877.0,5898.0,5868.0,5894.0,43319.0,391678.0,387714.0
2024-12-19 21:00:00,5885.0,5890.0,5872.0,5890.0,41158.0,387714.0,386985.0
2024-12-19 21:30:00,5890.0,5893.0,5883.0,5884.0,20639.0,386985.0,386854.0
2024-12-19 22:00:00,5884.0,5892.0,5880.0,5891.0,13796.0,386854.0,385332.0
2024-12-19 22:30:00,5891.0,5891.0,5880.0,5881.0,11029.0,385332.0,383014.0
2024-12-20 09:00:00,5880.0,5887.0,5870.0,5875.0,24085.0,383014.0,381082.0
2024-12-20 09:30:00,5875.0,5887.0,5874.0,5877.0,14709.0,381082.0,380734.0
2024-12-20 10:00:00,5877.0,5879.0,5874.0,5876.0,4486.0,380734.0,380462.0
2024-12-20 10:30:00,5877.0,5882.0,5874.0,5874.0,8859.0,380462.0,379302.0
2024-12-20 11:00:00,5874.0,5890.0,5871.0,5888.0,15394.0,379302.0,377985.0
2024-12-20 13:30:00,5888.0,5889.0,5881.0,5887.0,16214.0,377985.0,376157.0
2024-12-20 14:00:00,5887.0,5888.0,5878.0,5883.0,13128.0,376157.0,374994.0
2024-12-20 14:30:00,5883.0,5886.0,5879.0,5882.0,13025.0,374994.0,373476.0
2024-12-20 21:00:00,5881.0,5893.0,5874.0,5887.0,30220.0,373476.0,374504.0
2024-12-20 21:30:00,5887.0,5896.0,5887.0,5889.0,17396.0,374504.0,375759.0
2024-12-20 22:00:00,5889.0,5891.0,5877.0,5880.0,18735.0,375759.0,377186.0
2024-12-20 22:30:00,5880.0,5890.0,5877.0,5887.0,11693.0,377186.0,374187.0
2024-12-23 09:00:00,5892.0,5924.0,5892.0,5917.0,53354.0,374187.0,371710.0
2024-12-23 09:30:00,5917.0,5928.0,5913.0,5918.0,24201.0,371710.0,372355.0
2024-12-23 10:00:00,5918.0,5925.0,5918.0,5920.0,7702.0,372355.0,372203.0
2024-12-23 10:30:00,5919.0,5933.0,5917.0,5929.0,21817.0,372203.0,373233.0
2024-12-23 11:00:00,5929.0,5936.0,5927.0,5936.0,17471.0,373233.0,372707.0
2024-12-23 13:30:00,5936.0,5938.0,5931.0,5933.0,15087.0,372707.0,371921.0
2024-12-23 14:00:00,5933.0,5942.0,5920.0,5939.0,23975.0,371921.0,372384.0
2024-12-23 14:30:00,5939.0,5944.0,5938.0,5941.0,21628.0,372384.0,370498.0
2024-12-23 21:00:00,5948.0,5953.0,5942.0,5945.0,33443.0,370498.0,373522.0
2024-12-23 21:30:00,5945.0,5947.0,5938.0,5941.0,19654.0,373522.0,373234.0
2024-12-23 22:00:00,5941.0,5942.0,5931.0,5935.0,18245.0,373234.0,372515.0
2024-12-23 22:30:00,5935.0,5935.0,5924.0,5926.0,15966.0,372515.0,370567.0
2024-12-24 09:00:00,5925.0,5932.0,5923.0,5930.0,14156.0,370567.0,371162.0
2024-12-24 09:30:00,5930.0,5943.0,5930.0,5941.0,13899.0,371162.0,371350.0
2024-12-24 10:00:00,5941.0,5944.0,5936.0,5939.0,5651.0,371350.0,371318.0
2024-12-24 10:30:00,5939.0,5944.0,5937.0,5938.0,9354.0,371318.0,371477.0
2024-12-24 11:00:00,5938.0,5946.0,5935.0,5938.0,14279.0,371477.0,371339.0
2024-12-24 13:30:00,5939.0,5943.0,5929.0,5942.0,16078.0,371339.0,369347.0
2024-12-24 14:00:00,5942.0,5943.0,5936.0,5940.0,9377.0,369347.0,370260.0
2024-12-24 14:30:00,5940.0,5945.0,5937.0,5944.0,9900.0,370260.0,369249.0
2024-12-24 21:00:00,5960.0,5970.0,5947.0,5949.0,32724.0,369249.0,370199.0
2024-12-24 21:30:00,5949.0,5953.0,5946.0,5953.0,8011.0,370199.0,370345.0
2024-12-24 22:00:00,5953.0,5953.0,5945.0,5947.0,6548.0,370345.0,370280.0
2024-12-24 22:30:00,5947.0,5951.0,5945.0,5946.0,6532.0,370280.0,369320.0
2024-12-25 09:00:00,5942.0,5944.0,5933.0,5934.0,21605.0,369320.0,369627.0
2024-12-25 09:30:00,5934.0,5938.0,5930.0,5932.0,10112.0,369627.0,369217.0
2024-12-25 10:00:00,5932.0,5939.0,5928.0,5939.0,6300.0,369217.0,368945.0
2024-12-25 10:30:00,5939.0,5961.0,5939.0,5955.0,29282.0,368945.0,368927.0
2024-12-25 11:00:00,5955.0,5959.0,5950.0,5958.0,11033.0,368927.0,369427.0
2024-12-25 13:30:00,5959.0,5980.0,5958.0,5971.0,40355.0,369427.0,370547.0
2024-12-25 14:00:00,5971.0,5976.0,5969.0,5974.0,14777.0,370547.0,373202.0
2024-12-25 14:30:00,5974.0,5989.0,5973.0,5982.0,35634.0,373202.0,373419.0
2024-12-25 21:00:00,5979.0,5983.0,5963.0,5978.0,32932.0,373419.0,373518.0
2024-12-25 21:30:00,5978.0,5982.0,5976.0,5979.0,10824.0,373518.0,374631.0
2024-12-25 22:00:00,5979.0,5981.0,5973.0,5978.0,10623.0,374631.0,374649.0
2024-12-25 22:30:00,5978.0,5981.0,5971.0,5974.0,8841.0,374649.0,372534.0
2024-12-26 09:00:00,5974.0,5979.0,5956.0,5979.0,32787.0,372534.0,370572.0
2024-12-26 09:30:00,5979.0,5981.0,5972.0,5978.0,13419.0,370572.0,371222.0
2024-12-26 10:00:00,5978.0,5985.0,5976.0,5977.0,7830.0,371222.0,371204.0
2024-12-26 10:30:00,5978.0,5993.0,5975.0,5988.0,14124.0,371204.0,372662.0
2024-12-26 11:00:00,5988.0,5993.0,5983.0,5983.0,14886.0,372662.0,373168.0
2024-12-26 13:30:00,5983.0,5983.0,5975.0,5979.0,15322.0,373168.0,371305.0
2024-12-26 14:00:00,5979.0,5985.0,5976.0,5979.0,9292.0,371305.0,371534.0
2024-12-26 14:30:00,5979.0,5981.0,5969.0,5976.0,15328.0,371534.0,370276.0
2024-12-26 21:00:00,5972.0,5977.0,5945.0,5947.0,50990.0,370276.0,372078.0
2024-12-26 21:30:00,5947.0,5954.0,5935.0,5949.0,39389.0,372078.0,373493.0
2024-12-26 22:00:00,5949.0,5952.0,5931.0,5934.0,24379.0,373493.0,372889.0
2024-12-26 22:30:00,5934.0,5945.0,5933.0,5936.0,20242.0,372889.0,370174.0
2024-12-27 09:00:00,5934.0,5942.0,5924.0,5939.0,33388.0,370174.0,370127.0
2024-12-27 09:30:00,5939.0,5946.0,5937.0,5941.0,18105.0,370127.0,368949.0
2024-12-27 10:00:00,5941.0,5943.0,5930.0,5931.0,7451.0,368949.0,368015.0
2024-12-27 10:30:00,5932.0,5940.0,5925.0,5936.0,20067.0,368015.0,367793.0
2024-12-27 11:00:00,5936.0,5954.0,5936.0,5941.0,23144.0,367793.0,366314.0
2024-12-27 13:30:00,5941.0,5951.0,5940.0,5950.0,13037.0,366314.0,367820.0
2024-12-27 14:00:00,5950.0,5953.0,5943.0,5944.0,12405.0,367820.0,368701.0
2024-12-27 14:30:00,5944.0,5950.0,5942.0,5944.0,12106.0,368701.0,367453.0
2024-12-27 21:00:00,5945.0,5950.0,5915.0,5917.0,46307.0,367453.0,369137.0
2024-12-27 21:30:00,5917.0,5925.0,5916.0,5917.0,19784.0,369137.0,369843.0
2024-12-27 22:00:00,5917.0,5925.0,5908.0,5920.0,24970.0,369843.0,369783.0
2024-12-27 22:30:00,5920.0,5935.0,5916.0,5931.0,21193.0,369783.0,366464.0
2024-12-30 09:00:00,5933.0,5960.0,5927.0,5943.0,49355.0,366464.0,368352.0
2024-12-30 09:30:00,5943.0,5956.0,5943.0,5947.0,22955.0,368352.0,368592.0
2024-12-30 10:00:00,5947.0,5949.0,5944.0,5945.0,4598.0,368592.0,368827.0
2024-12-30 10:30:00,5944.0,5965.0,5911.0,5954.0,71389.0,368827.0,365636.0
2024-12-30 11:00:00,5954.0,5963.0,5943.0,5950.0,21388.0,365636.0,367063.0
2024-12-30 13:30:00,5951.0,5965.0,5949.0,5963.0,16605.0,367063.0,369238.0
2024-12-30 14:00:00,5963.0,5979.0,5962.0,5974.0,28826.0,369238.0,371364.0
2024-12-30 14:30:00,5974.0,5977.0,5967.0,5969.0,19427.0,371364.0,369702.0
2024-12-30 21:00:00,5977.0,5983.0,5945.0,5952.0,51844.0,369702.0,374680.0
2024-12-30 21:30:00,5952.0,5956.0,5947.0,5951.0,16645.0,374680.0,374174.0
2024-12-30 22:00:00,5951.0,5964.0,5948.0,5959.0,17642.0,374174.0,373506.0
2024-12-30 22:30:00,5959.0,5960.0,5943.0,5949.0,20567.0,373506.0,371554.0
2024-12-31 09:00:00,5937.0,5937.0,5922.0,5932.0,37512.0,371554.0,371600.0
2024-12-31 09:30:00,5932.0,5938.0,5924.0,5927.0,13902.0,371600.0,371870.0
2024-12-31 10:00:00,5927.0,5939.0,5926.0,5934.0,8724.0,371870.0,370644.0
2024-12-31 10:30:00,5934.0,5949.0,5934.0,5946.0,16598.0,370644.0,370611.0
2024-12-31 11:00:00,5946.0,5952.0,5935.0,5950.0,15742.0,370611.0,369223.0
2024-12-31 13:30:00,5951.0,5961.0,5950.0,5958.0,16736.0,369223.0,369498.0
2024-12-31 14:00:00,5958.0,5964.0,5954.0,5960.0,14581.0,369498.0,370167.0
2024-12-31 14:30:00,5960.0,5964.0,5955.0,5961.0,15461.0,370167.0,367499.0
2025-01-02 09:00:00,5975.0,6024.0,5970.0,6006.0,100630.0,367499.0,378318.0
2025-01-02 09:30:00,6006.0,6015.0,5992.0,6003.0,30880.0,378318.0,380780.0
2025-01-02 10:00:00,6003.0,6009.0,6003.0,6006.0,5706.0,380780.0,381193.0
2025-01-02 10:30:00,6006.0,6017.0,6006.0,6015.0,18197.0,381193.0,385840.0
2025-01-02 11:00:00,6015.0,6017.0,6003.0,6005.0,15791.0,385840.0,387260.0
2025-01-02 13:30:00,6005.0,6005.0,5985.0,5994.0,24263.0,387260.0,387314.0
2025-01-02 14:00:00,5994.0,5998.0,5988.0,5998.0,11943.0,387314.0,387956.0
2025-01-02 14:30:00,5998.0,6004.0,5989.0,6002.0,18250.0,387956.0,387663.0
2025-01-02 21:00:00,6011.0,6029.0,6009.0,6015.0,48841.0,387663.0,393828.0
2025-01-02 21:30:00,6015.0,6015.0,5981.0,5988.0,44167.0,393828.0,395997.0
2025-01-02 22:00:00,5988.0,5997.0,5985.0,5995.0,22596.0,395997.0,397190.0
2025-01-02 22:30:00,5995.0,6001.0,5989.0,5989.0,15463.0,397190.0,397127.0
2025-01-03 09:00:00,5989.0,6012.0,5989.0,6003.0,22140.0,397127.0,399066.0
2025-01-03 09:30:00,6003.0,6005.0,5994.0,5997.0,12526.0,399066.0,399953.0
2025-01-03 10:00:00,5997.0,5998.0,5985.0,5992.0,8890.0,399953.0,400048.0
2025-01-03 10:30:00,5992.0,6001.0,5960.0,5970.0,46255.0,400048.0,400012.0
2025-01-03 11:00:00,5970.0,5983.0,5969.0,5974.0,14270.0,400012.0,399997.0
2025-01-03 13:30:00,5975.0,5982.0,5974.0,5979.0,11088.0,399997.0,400600.0
2025-01-03 14:00:00,5979.0,6002.0,5966.0,5995.0,33385.0,400600.0,399210.0
2025-01-03 14:30:00,5995.0,5997.0,5988.0,5995.0,18093.0,399210.0,396965.0
2025-01-03 21:00:00,5984.0,6005.0,5973.0,5999.0,41457.0,396965.0,400525.0
2025-01-03 21:30:00,5999.0,6009.0,5995.0,6006.0,23181.0,400525.0,403985.0
2025-01-03 22:00:00,6006.0,6015.0,6004.0,6015.0,24654.0,403985.0,405125.0
2025-01-03 22:30:00,6015.0,6036.0,6005.0,6009.0,51563.0,405125.0,408989.0
2025-01-06 09:00:00,6010.0,6021.0,5995.0,6013.0,35081.0,408989.0,408917.0
2025-01-06 09:30:00,6013.0,6020.0,6005.0,6012.0,15636.0,408917.0,410622.0
2025-01-06 10:00:00,6012.0,6024.0,6009.0,6022.0,9000.0,410622.0,411968.0
2025-01-06 10:30:00,6022.0,6025.0,6001.0,6007.0,17506.0,411968.0,412798.0
2025-01-06 11:00:00,6007.0,6012.0,5983.0,5983.0,27659.0,412798.0,408365.0
2025-01-06 13:30:00,5983.0,5983.0,5951.0,5958.0,64395.0,408365.0,400891.0
2025-01-06 14:00:00,5958.0,5958.0,5936.0,5945.0,38696.0,400891.0,398275.0
2025-01-06 14:30:00,5945.0,5949.0,5940.0,5946.0,19732.0,398275.0,394612.0
2025-01-06 21:00:00,5954.0,5973.0,5950.0,5951.0,41830.0,394612.0,392301.0
2025-01-06 21:30:00,5951.0,5957.0,5948.0,5948.0,17064.0,392301.0,394485.0
2025-01-06 22:00:00,5948.0,5948.0,5926.0,5931.0,34767.0,394485.0,394247.0
2025-01-06 22:30:00,5931.0,5931.0,5916.0,5928.0,32195.0,394247.0,389051.0
2025-01-07 09:00:00,5923.0,5926.0,5905.0,5923.0,35190.0,389051.0,386684.0
2025-01-07 09:30:00,5923.0,5930.0,5918.0,5923.0,15857.0,386684.0,385659.0
2025-01-07 10:00:00,5923.0,5932.0,5921.0,5921.0,7412.0,385659.0,385064.0
2025-01-07 10:30:00,5922.0,5934.0,5919.0,5926.0,13449.0,385064.0,383496.0
2025-01-07 11:00:00,5926.0,5934.0,5925.0,5932.0,10607.0,383496.0,384149.0
2025-01-07 13:30:00,5932.0,5939.0,5926.0,5928.0,15555.0,384149.0,383127.0
2025-01-07 14:00:00,5928.0,5932.0,5921.0,5932.0,13596.0,383127.0,382601.0
2025-01-07 14:30:00,5932.0,5936.0,5925.0,5935.0,12609.0,382601.0,380180.0
2025-01-07 21:00:00,5943.0,5949.0,5932.0,5942.0,30766.0,380180.0,383714.0
2025-01-07 21:30:00,5942.0,5943.0,5930.0,5931.0,14042.0,383714.0,383755.0
2025-01-07 22:00:00,5931.0,5932.0,5914.0,5915.0,30584.0,383755.0,383308.0
2025-01-07 22:30:00,5915.0,5926.0,5913.0,5922.0,14710.0,383308.0,381971.0
2025-01-08 09:00:00,5928.0,5935.0,5925.0,5935.0,17086.0,381971.0,380179.0
2025-01-08 09:30:00,5935.0,5936.0,5929.0,5930.0,5615.0,380179.0,379754.0
2025-01-08 10:00:00,5930.0,5931.0,5923.0,5929.0,6790.0,379754.0,379924.0
2025-01-08 10:30:00,5928.0,5939.0,5925.0,5930.0,12236.0,379924.0,379877.0
2025-01-08 11:00:00,5930.0,5930.0,5917.0,5919.0,15043.0,379877.0,378785.0
2025-01-08 13:30:00,5920.0,5933.0,5919.0,5931.0,14058.0,378785.0,378201.0
2025-01-08 14:00:00,5931.0,5941.0,5930.0,5931.0,15960.0,378201.0,377743.0
2025-01-08 14:30:00,5931.0,5934.0,5921.0,5926.0,12101.0,377743.0,376412.0
2025-01-08 21:00:00,5920.0,5931.0,5875.0,5884.0,85143.0,376412.0,376376.0
2025-01-08 21:30:00,5884.0,5905.0,5881.0,5889.0,33426.0,376376.0,378251.0
2025-01-08 22:00:00,5889.0,5901.0,5885.0,5900.0,14618.0,378251.0,377707.0
2025-01-08 22:30:00,5900.0,5900.0,5890.0,5893.0,10699.0,377707.0,376481.0
2025-01-09 09:00:00,5884.0,5891.0,5873.0,5882.0,30630.0,376481.0,375455.0
2025-01-09 09:30:00,5882.0,5888.0,5875.0,5881.0,11395.0,375455.0,374316.0
2025-01-09 10:00:00,5881.0,5885.0,5879.0,5881.0,4408.0,374316.0,374358.0
2025-01-09 10:30:00,5881.0,5896.0,5879.0,5881.0,16142.0,374358.0,372877.0
2025-01-09 11:00:00,5881.0,5892.0,5881.0,5887.0,10208.0,372877.0,372094.0
2025-01-09 13:30:00,5887.0,5887.0,5862.0,5866.0,35143.0,372094.0,374099.0
2025-01-09 14:00:00,5866.0,5876.0,5853.0,5870.0,37419.0,374099.0,372534.0
2025-01-09 14:30:00,5870.0,5879.0,5867.0,5872.0,18771.0,372534.0,369460.0
2025-01-09 21:00:00,5863.0,5878.0,5847.0,5877.0,60970.0,369460.0,366341.0
2025-01-09 21:30:00,5877.0,5884.0,5868.0,5876.0,20367.0,366341.0,365105.0
2025-01-09 22:00:00,5876.0,5881.0,5871.0,5871.0,12102.0,365105.0,363999.0
2025-01-09 22:30:00,5871.0,5877.0,5865.0,5874.0,14590.0,363999.0,363657.0
2025-01-10 09:00:00,5879.0,5904.0,5879.0,5900.0,31807.0,363657.0,361645.0
2025-01-10 09:30:00,5900.0,5911.0,5899.0,5906.0,21406.0,361645.0,361009.0
2025-01-10 10:00:00,5906.0,5907.0,5899.0,5902.0,7025.0,361009.0,360418.0
2025-01-10 10:30:00,5902.0,5903.0,5894.0,5895.0,10322.0,360418.0,358898.0
2025-01-10 11:00:00,5895.0,5896.0,5884.0,5891.0,16508.0,358898.0,355313.0
2025-01-10 13:30:00,5891.0,5895.0,5881.0,5885.0,12083.0,355313.0,354595.0
2025-01-10 14:00:00,5885.0,5887.0,5875.0,5883.0,20516.0,354595.0,350936.0
2025-01-10 14:30:00,5883.0,5892.0,5881.0,5891.0,13769.0,350936.0,348356.0
2025-01-10 21:00:00,5892.0,5896.0,5865.0,5872.0,34078.0,348356.0,349391.0
2025-01-10 21:30:00,5872.0,5875.0,5859.0,5869.0,22162.0,349391.0,348686.0
2025-01-10 22:00:00,5869.0,5886.0,5868.0,5885.0,18536.0,348686.0,347049.0
2025-01-10 22:30:00,5885.0,5898.0,5866.0,5871.0,28585.0,347049.0,346045.0
2025-01-13 09:00:00,5885.0,5895.0,5875.0,5875.0,27329.0,346045.0,343852.0
2025-01-13 09:30:00,5875.0,5919.0,5875.0,5906.0,36680.0,343852.0,342218.0
2025-01-13 10:00:00,5906.0,5910.0,5905.0,5908.0,4386.0,342218.0,341749.0
2025-01-13 10:30:00,5908.0,5940.0,5907.0,5930.0,36493.0,341749.0,343539.0
2025-01-13 11:00:00,5930.0,5937.0,5926.0,5927.0,17137.0,343539.0,343275.0
2025-01-13 13:30:00,5927.0,5947.0,5923.0,5943.0,18669.0,343275.0,343499.0
2025-01-13 14:00:00,5943.0,5946.0,5937.0,5939.0,18086.0,343499.0,342427.0
2025-01-13 14:30:00,5939.0,5946.0,5937.0,5945.0,16240.0,342427.0,340130.0
2025-01-13 21:00:00,5925.0,5932.0,5915.0,5919.0,42336.0,340130.0,340241.0
2025-01-13 21:30:00,5919.0,5924.0,5913.0,5918.0,13325.0,340241.0,339930.0
2025-01-13 22:00:00,5918.0,5923.0,5909.0,5913.0,15551.0,339930.0,339398.0
2025-01-13 22:30:00,5913.0,5920.0,5911.0,5912.0,11370.0,339398.0,337487.0
2025-01-14 09:00:00,5914.0,5920.0,5907.0,5913.0,18818.0,337487.0,337620.0
2025-01-14 09:30:00,5913.0,5923.0,5907.0,5921.0,13825.0,337620.0,336549.0
2025-01-14 10:00:00,5921.0,5928.0,5919.0,5925.0,6604.0,336549.0,336881.0
2025-01-14 10:30:00,5924.0,5934.0,5923.0,5929.0,13764.0,336881.0,336647.0
2025-01-14 11:00:00,5929.0,5937.0,5926.0,5928.0,12579.0,336647.0,336441.0
2025-01-14 13:30:00,5928.0,5933.0,5922.0,5932.0,11791.0,336441.0,337273.0
2025-01-14 14:00:00,5932.0,5939.0,5928.0,5930.0,10694.0,337273.0,337488.0
2025-01-14 14:30:00,5930.0,5934.0,5924.0,5926.0,12752.0,337488.0,335407.0
2025-01-14 21:00:00,5886.0,5889.0,5822.0,5830.0,134237.0,335407.0,343651.0
2025-01-14 21:30:00,5830.0,5843.0,5828.0,5838.0,27294.0,343651.0,341855.0
2025-01-14 22:00:00,5838.0,5839.0,5826.0,5833.0,28029.0,341855.0,340713.0
2025-01-14 22:30:00,5833.0,5837.0,5826.0,5831.0,19322.0,340713.0,338052.0
2025-01-15 09:00:00,5830.0,5833.0,5806.0,5813.0,50787.0,338052.0,343843.0
2025-01-15 09:30:00,5813.0,5819.0,5812.0,5815.0,15030.0,343843.0,344069.0
2025-01-15 10:00:00,5815.0,5817.0,5808.0,5814.0,10378.0,344069.0,344119.0
2025-01-15 10:30:00,5815.0,5817.0,5806.0,5810.0,16154.0,344119.0,344211.0
2025-01-15 11:00:00,5810.0,5811.0,5799.0,5801.0,26491.0,344211.0,344779.0
2025-01-15 13:30:00,5801.0,5807.0,5790.0,5795.0,34512.0,344779.0,342779.0
2025-01-15 14:00:00,5795.0,5797.0,5789.0,5791.0,20437.0,342779.0,342885.0
2025-01-15 14:30:00,5791.0,5791.0,5780.0,5781.0,37023.0,342885.0,345932.0
2025-01-15 21:00:00,5783.0,5807.0,5780.0,5793.0,64796.0,345932.0,343121.0
2025-01-15 21:30:00,5793.0,5799.0,5788.0,5793.0,21370.0,343121.0,343033.0
2025-01-15 22:00:00,5793.0,5796.0,5785.0,5789.0,17882.0,343033.0,344974.0
2025-01-15 22:30:00,5789.0,5797.0,5785.0,5795.0,16641.0,344974.0,342101.0
2025-01-16 09:00:00,5788.0,5792.0,5756.0,5758.0,75439.0,342101.0,348987.0
2025-01-16 09:30:00,5758.0,5781.0,5758.0,5766.0,28708.0,348987.0,346547.0
2025-01-16 10:00:00,5766.0,5772.0,5764.0,5764.0,9264.0,346547.0,345697.0
2025-01-16 10:30:00,5764.0,5767.0,5759.0,5761.0,15731.0,345697.0,345382.0
2025-01-16 11:00:00,5761.0,5764.0,5751.0,5758.0,21220.0,345382.0,346281.0
2025-01-16 13:30:00,5755.0,5758.0,5742.0,5745.0,24970.0,346281.0,347286.0
2025-01-16 14:00:00,5745.0,5753.0,5742.0,5751.0,16703.0,347286.0,346095.0
2025-01-16 14:30:00,5751.0,5788.0,5745.0,5781.0,44221.0,346095.0,338725.0
2025-01-16 21:00:00,5803.0,5826.0,5793.0,5811.0,79015.0,338725.0,336725.0
2025-01-16 21:30:00,5811.0,5816.0,5805.0,5807.0,21011.0,336725.0,337081.0
2025-01-16 22:00:00,5807.0,5813.0,5806.0,5811.0,11552.0,337081.0,336952.0
2025-01-16 22:30:00,5811.0,5817.0,5809.0,5817.0,12382.0,336952.0,335266.0
2025-01-17 09:00:00,5802.0,5811.0,5794.0,5795.0,28803.0,335266.0,333702.0
2025-01-17 09:30:00,5795.0,5797.0,5788.0,5792.0,17089.0,333702.0,334406.0
2025-01-17 10:00:00,5792.0,5796.0,5789.0,5795.0,4971.0,334406.0,334472.0
2025-01-17 10:30:00,5795.0,5795.0,5783.0,5785.0,15087.0,334472.0,335552.0
2025-01-17 11:00:00,5785.0,5789.0,5781.0,5788.0,14305.0,335552.0,335942.0
2025-01-17 13:30:00,5790.0,5814.0,5790.0,5799.0,34206.0,335942.0,334971.0
2025-01-17 14:00:00,5799.0,5803.0,5793.0,5797.0,13158.0,334971.0,334476.0
2025-01-17 14:30:00,5797.0,5822.0,5797.0,5809.0,34518.0,334476.0,332627.0
2025-01-17 21:00:00,5786.0,5795.0,5769.0,5791.0,46449.0,332627.0,338047.0
2025-01-17 21:30:00,5791.0,5799.0,5788.0,5791.0,15707.0,338047.0,339212.0
2025-01-17 22:00:00,5791.0,5797.0,5780.0,5782.0,13599.0,339212.0,338947.0
2025-01-17 22:30:00,5782.0,5794.0,5776.0,5788.0,18068.0,338947.0,337703.0
2025-01-20 09:00:00,5793.0,5793.0,5752.0,5765.0,55727.0,337703.0,338345.0
2025-01-20 09:30:00,5765.0,5773.0,5760.0,5770.0,11606.0,338345.0,338560.0
2025-01-20 10:00:00,5770.0,5771.0,5756.0,5759.0,9243.0,338560.0,338821.0
2025-01-20 10:30:00,5759.0,5786.0,5758.0,5775.0,26957.0,338821.0,339518.0
2025-01-20 11:00:00,5775.0,5780.0,5774.0,5778.0,6991.0,339518.0,338302.0
2025-01-20 13:30:00,5779.0,5784.0,5769.0,5778.0,12504.0,338302.0,338634.0
2025-01-20 14:00:00,5778.0,5779.0,5771.0,5772.0,9938.0,338634.0,337016.0
2025-01-20 14:30:00,5772.0,5776.0,5768.0,5772.0,13327.0,337016.0,335285.0
2025-01-20 21:00:00,5745.0,5764.0,5741.0,5762.0,37320.0,335285.0,339574.0
2025-01-20 21:30:00,5762.0,5768.0,5760.0,5760.0,10007.0,339574.0,339575.0
2025-01-20 22:00:00,5760.0,5780.0,5760.0,5775.0,15555.0,339575.0,338380.0
2025-01-20 22:30:00,5775.0,5790.0,5774.0,5789.0,18430.0,338380.0,334132.0
2025-01-21 09:00:00,5787.0,5789.0,5780.0,5780.0,12421.0,334132.0,334532.0
2025-01-21 09:30:00,5780.0,5785.0,5776.0,5776.0,7953.0,334532.0,333847.0
2025-01-21 10:00:00,5776.0,5793.0,5775.0,5789.0,9464.0,333847.0,333278.0
2025-01-21 10:30:00,5790.0,5791.0,5781.0,5790.0,8949.0,333278.0,333427.0
2025-01-21 11:00:00,5790.0,5794.0,5785.0,5786.0,11548.0,333427.0,330359.0
2025-01-21 13:30:00,5787.0,5798.0,5784.0,5793.0,11224.0,330359.0,330413.0
2025-01-21 14:00:00,5793.0,5794.0,5782.0,5784.0,9143.0,330413.0,329412.0
2025-01-21 14:30:00,5784.0,5799.0,5782.0,5798.0,16443.0,329412.0,327309.0
2025-01-21 21:00:00,5767.0,5779.0,5748.0,5751.0,54533.0,327309.0,333374.0
2025-01-21 21:30:00,5751.0,5752.0,5731.0,5743.0,44132.0,333374.0,335984.0
2025-01-21 22:00:00,5743.0,5743.0,5734.0,5735.0,14490.0,335984.0,337824.0
2025-01-21 22:30:00,5735.0,5737.0,5725.0,5731.0,24390.0,337824.0,340055.0
2025-01-22 09:00:00,5738.0,5764.0,5738.0,5755.0,38339.0,340055.0,333078.0
2025-01-22 09:30:00,5755.0,5761.0,5750.0,5753.0,9636.0,333078.0,332114.0
2025-01-22 10:00:00,5753.0,5760.0,5751.0,5756.0,4355.0,332114.0,332002.0
2025-01-22 10:30:00,5756.0,5759.0,5752.0,5753.0,7636.0,332002.0,332015.0
2025-01-22 11:00:00,5753.0,5755.0,5748.0,5752.0,8967.0,332015.0,331070.0
2025-01-22 13:30:00,5751.0,5759.0,5750.0,5755.0,9424.0,331070.0,330350.0
2025-01-22 14:00:00,5755.0,5763.0,5753.0,5758.0,9550.0,330350.0,329120.0
2025-01-22 14:30:00,5758.0,5763.0,5755.0,5757.0,14257.0,329120.0,326142.0
2025-01-22 21:00:00,5769.0,5775.0,5761.0,5770.0,27671.0,326142.0,326194.0
2025-01-22 21:30:00,5770.0,5778.0,5766.0,5775.0,14002.0,326194.0,326339.0
2025-01-22 22:00:00,5775.0,5784.0,5773.0,5782.0,18888.0,326339.0,325576.0
2025-01-22 22:30:00,5782.0,5784.0,5776.0,5778.0,10299.0,325576.0,325138.0
2025-01-23 09:00:00,5778.0,5794.0,5778.0,5785.0,22474.0,325138.0,326288.0
2025-01-23 09:30:00,5785.0,5788.0,5779.0,5783.0,9359.0,326288.0,325805.0
2025-01-23 10:00:00,5783.0,5787.0,5778.0,5785.0,4233.0,325805.0,325888.0
2025-01-23 10:30:00,5781.0,5787.0,5774.0,5776.0,10635.0,325888.0,326885.0
2025-01-23 11:00:00,5776.0,5781.0,5772.0,5778.0,10354.0,326885.0,327006.0
2025-01-23 13:30:00,5778.0,5788.0,5776.0,5786.0,10431.0,327006.0,326173.0
2025-01-23 14:00:00,5786.0,5787.0,5780.0,5783.0,10822.0,326173.0,322754.0
2025-01-23 14:30:00,5783.0,5784.0,5774.0,5776.0,10933.0,322754.0,320781.0
2025-01-23 21:00:00,5804.0,5817.0,5793.0,5796.0,48159.0,320781.0,312901.0
2025-01-23 21:30:00,5796.0,5804.0,5792.0,5803.0,11944.0,312901.0,312311.0
2025-01-23 22:00:00,5803.0,5809.0,5801.0,5801.0,10944.0,312311.0,310893.0
2025-01-23 22:30:00,5801.0,5810.0,5800.0,5804.0,10353.0,310893.0,309807.0
2025-01-24 09:00:00,5811.0,5814.0,5791.0,5791.0,19638.0,309807.0,309217.0
2025-01-24 09:30:00,5791.0,5800.0,5791.0,5797.0,7812.0,309217.0,308533.0
2025-01-24 10:00:00,5797.0,5805.0,5797.0,5803.0,4552.0,308533.0,307950.0
2025-01-24 10:30:00,5803.0,5838.0,5803.0,5828.0,52976.0,307950.0,304476.0
2025-01-24 11:00:00,5828.0,5834.0,5826.0,5834.0,11395.0,304476.0,302068.0
2025-01-24 13:30:00,5834.0,5835.0,5829.0,5833.0,10983.0,302068.0,300282.0
2025-01-24 14:00:00,5833.0,5837.0,5823.0,5825.0,15560.0,300282.0,296039.0
2025-01-24 14:30:00,5825.0,5828.0,5819.0,5826.0,22789.0,296039.0,286326.0
2025-01-24 21:00:00,5846.0,5857.0,5838.0,5857.0,37396.0,286326.0,288201.0
2025-01-24 21:30:00,5857.0,5869.0,5857.0,5864.0,22340.0,288201.0,288092.0
2025-01-24 22:00:00,5864.0,5866.0,5855.0,5858.0,9863.0,288092.0,286411.0
2025-01-24 22:30:00,5858.0,5861.0,5851.0,5854.0,9138.0,286411.0,284400.0
2025-01-27 09:00:00,5852.0,5854.0,5834.0,5838.0,16275.0,284400.0,282397.0
2025-01-27 09:30:00,5838.0,5840.0,5829.0,5831.0,6907.0,282397.0,282032.0
2025-01-27 10:00:00,5831.0,5835.0,5825.0,5827.0,4596.0,282032.0,281637.0
2025-01-27 10:30:00,5827.0,5828.0,5820.0,5825.0,7259.0,281637.0,280383.0
2025-01-27 11:00:00,5825.0,5830.0,5817.0,5828.0,7093.0,280383.0,279239.0
2025-01-27 13:30:00,5828.0,5829.0,5823.0,5824.0,7143.0,279239.0,277189.0
2025-01-27 14:00:00,5824.0,5834.0,5820.0,5824.0,11970.0,277189.0,272777.0
2025-01-27 14:30:00,5824.0,5831.0,5816.0,5817.0,13068.0,272777.0,267791.0
2025-02-05 09:00:00,5857.0,5907.0,5855.0,5888.0,55589.0,267791.0,266611.0
2025-02-05 09:30:00,5888.0,5901.0,5885.0,5899.0,15381.0,266611.0,269159.0
2025-02-05 10:00:00,5899.0,5901.0,5892.0,5896.0,6287.0,269159.0,270018.0
2025-02-05 10:30:00,5896.0,5896.0,5879.0,5890.0,11098.0,270018.0,271204.0
2025-02-05 11:00:00,5890.0,5891.0,5882.0,5891.0,7621.0,271204.0,272042.0
2025-02-05 13:30:00,5891.0,5894.0,5877.0,5886.0,14282.0,272042.0,273657.0
2025-02-05 14:00:00,5886.0,5888.0,5880.0,5881.0,8195.0,273657.0,274095.0
2025-02-05 14:30:00,5881.0,5885.0,5877.0,5879.0,12516.0,274095.0,272566.0
2025-02-05 21:00:00,5877.0,5894.0,5874.0,5890.0,26804.0,272566.0,274175.0
2025-02-05 21:30:00,5890.0,5891.0,5875.0,5875.0,13657.0,274175.0,278131.0
2025-02-05 22:00:00,5875.0,5880.0,5872.0,5874.0,10344.0,278131.0,278953.0
2025-02-05 22:30:00,5874.0,5881.0,5874.0,5876.0,7441.0,278953.0,278387.0
2025-02-06 09:00:00,5875.0,5885.0,5873.0,5881.0,11079.0,278387.0,278910.0
2025-02-06 09:30:00,5881.0,5883.0,5858.0,5859.0,17320.0,278910.0,281731.0
2025-02-06 10:00:00,5859.0,5868.0,5857.0,5862.0,6925.0,281731.0,281436.0
2025-02-06 10:30:00,5863.0,5873.0,5860.0,5871.0,9275.0,281436.0,280598.0
2025-02-06 11:00:00,5871.0,5875.0,5867.0,5867.0,6585.0,280598.0,280239.0
2025-02-06 13:30:00,5867.0,5870.0,5860.0,5868.0,7630.0,280239.0,280683.0
2025-02-06 14:00:00,5868.0,5875.0,5867.0,5872.0,7131.0,280683.0,279811.0
2025-02-06 14:30:00,5872.0,5873.0,5861.0,5863.0,9545.0,279811.0,279583.0
2025-02-06 21:00:00,5891.0,5897.0,5879.0,5880.0,29345.0,279583.0,280256.0
2025-02-06 21:30:00,5880.0,5885.0,5876.0,5877.0,9933.0,280256.0,279220.0
2025-02-06 22:00:00,5877.0,5879.0,5875.0,5876.0,4931.0,279220.0,278948.0
2025-02-06 22:30:00,5876.0,5881.0,5871.0,5871.0,9328.0,278948.0,277860.0
2025-02-07 09:00:00,5848.0,5849.0,5821.0,5834.0,42822.0,277860.0,279592.0
2025-02-07 09:30:00,5834.0,5854.0,5834.0,5851.0,15147.0,279592.0,278774.0
2025-02-07 10:00:00,5851.0,5855.0,5845.0,5849.0,5182.0,278774.0,278266.0
2025-02-07 10:30:00,5849.0,5861.0,5840.0,5858.0,16764.0,278266.0,276773.0
2025-02-07 11:00:00,5858.0,5862.0,5854.0,5855.0,9854.0,276773.0,276816.0
2025-02-07 13:30:00,5855.0,5858.0,5849.0,5856.0,7745.0,276816.0,277673.0
2025-02-07 14:00:00,5856.0,5867.0,5853.0,5855.0,14346.0,277673.0,277926.0
2025-02-07 14:30:00,5855.0,5857.0,5835.0,5836.0,22893.0,277926.0,273977.0
2025-02-07 21:00:00,5849.0,5852.0,5841.0,5845.0,24727.0,273977.0,272603.0
2025-02-07 21:30:00,5845.0,5845.0,5837.0,5840.0,10146.0,272603.0,272742.0
2025-02-07 22:00:00,5840.0,5844.0,5835.0,5837.0,11429.0,272742.0,272743.0
2025-02-07 22:30:00,5837.0,5856.0,5833.0,5852.0,16653.0,272743.0,270320.0
2025-02-10 09:00:00,5835.0,5875.0,5828.0,5867.0,35488.0,270320.0,270070.0
2025-02-10 09:30:00,5867.0,5874.0,5865.0,5869.0,11753.0,270070.0,271307.0
2025-02-10 10:00:00,5869.0,5871.0,5865.0,5865.0,4273.0,271307.0,271379.0
2025-02-10 10:30:00,5865.0,5880.0,5865.0,5866.0,13070.0,271379.0,271481.0
2025-02-10 11:00:00,5866.0,5867.0,5859.0,5862.0,9875.0,271481.0,271678.0
2025-02-10 13:30:00,5862.0,5871.0,5859.0,5867.0,8885.0,271678.0,271799.0
2025-02-10 14:00:00,5867.0,5872.0,5866.0,5871.0,7090.0,271799.0,272981.0
2025-02-10 14:30:00,5871.0,5873.0,5865.0,5870.0,9420.0,272981.0,272765.0
2025-02-10 21:00:00,5879.0,5884.0,5865.0,5866.0,21991.0,272765.0,275473.0
2025-02-10 21:30:00,5866.0,5870.0,5861.0,5865.0,9243.0,275473.0,275864.0
2025-02-10 22:00:00,5865.0,5892.0,5861.0,5886.0,32066.0,275864.0,276983.0
2025-02-10 22:30:00,5886.0,5894.0,5883.0,5893.0,12439.0,276983.0,277836.0
2025-02-11 09:00:00,5881.0,5896.0,5877.0,5891.0,21177.0,277836.0,278671.0
2025-02-11 09:30:00,5891.0,5894.0,5885.0,5892.0,9147.0,278671.0,279070.0
2025-02-11 10:00:00,5892.0,5898.0,5888.0,5894.0,9644.0,279070.0,280540.0
2025-02-11 10:30:00,5894.0,5909.0,5879.0,5896.0,41322.0,280540.0,280783.0
2025-02-11 11:00:00,5896.0,5900.0,5884.0,5892.0,14503.0,280783.0,279181.0
2025-02-11 13:30:00,5891.0,5892.0,5872.0,5887.0,18097.0,279181.0,277261.0
2025-02-11 14:00:00,5887.0,5894.0,5887.0,5892.0,9722.0,277261.0,276443.0
2025-02-11 14:30:00,5892.0,5899.0,5892.0,5897.0,15933.0,276443.0,275759.0
2025-02-11 21:00:00,5910.0,5919.0,5902.0,5912.0,39807.0,275759.0,275705.0
2025-02-11 21:30:00,5912.0,5924.0,5912.0,5919.0,19118.0,275705.0,279265.0
2025-02-11 22:00:00,5919.0,5928.0,5917.0,5924.0,15928.0,279265.0,279009.0
2025-02-11 22:30:00,5924.0,5930.0,5923.0,5928.0,16848.0,279009.0,278699.0
2025-02-12 09:00:00,5930.0,5940.0,5926.0,5934.0,27765.0,278699.0,281084.0
2025-02-12 09:30:00,5934.0,5940.0,5931.0,5939.0,13142.0,281084.0,283394.0
2025-02-12 10:00:00,5939.0,5940.0,5933.0,5935.0,6439.0,283394.0,283606.0
2025-02-12 10:30:00,5935.0,5937.0,5924.0,5927.0,13115.0,283606.0,283826.0
2025-02-12 11:00:00,5927.0,5934.0,5924.0,5925.0,10052.0,283826.0,283459.0
2025-02-12 13:30:00,5925.0,5937.0,5920.0,5933.0,14004.0,283459.0,284356.0
2025-02-12 14:00:00,5933.0,5939.0,5933.0,5935.0,8622.0,284356.0,286263.0
2025-02-12 14:30:00,5935.0,5938.0,5928.0,5934.0,16067.0,286263.0,286271.0
2025-02-12 21:00:00,5941.0,5945.0,5929.0,5930.0,32040.0,286271.0,289412.0
2025-02-12 21:30:00,5930.0,5933.0,5924.0,5931.0,15732.0,289412.0,292208.0
2025-02-12 22:00:00,5931.0,5932.0,5923.0,5925.0,9191.0,292208.0,291960.0
2025-02-12 22:30:00,5925.0,5930.0,5924.0,5929.0,7114.0,291960.0,290808.0
2025-02-13 09:00:00,5919.0,5933.0,5918.0,5922.0,19762.0,290808.0,292924.0
2025-02-13 09:30:00,5922.0,5929.0,5916.0,5925.0,10644.0,292924.0,293883.0
2025-02-13 10:00:00,5925.0,5929.0,5923.0,5926.0,3842.0,293883.0,294026.0
2025-02-13 10:30:00,5926.0,5935.0,5918.0,5933.0,15004.0,294026.0,295326.0
2025-02-13 11:00:00,5933.0,5938.0,5932.0,5936.0,10653.0,295326.0,297712.0
2025-02-13 13:30:00,5936.0,5939.0,5928.0,5935.0,13165.0,297712.0,299230.0
2025-02-13 14:00:00,5935.0,5936.0,5928.0,5934.0,8520.0,299230.0,300398.0
2025-02-13 14:30:00,5934.0,5935.0,5922.0,5923.0,14315.0,300398.0,298041.0
2025-02-13 21:00:00,5930.0,5959.0,5927.0,5958.0,56966.0,298041.0,306221.0
2025-02-13 21:30:00,5958.0,5963.0,5953.0,5960.0,20677.0,306221.0,308949.0
2025-02-13 22:00:00,5960.0,5967.0,5958.0,5963.0,14419.0,308949.0,310165.0
2025-02-13 22:30:00,5963.0,5969.0,5955.0,5969.0,14342.0,310165.0,309942.0
2025-02-14 09:00:00,5976.0,5993.0,5970.0,5991.0,42829.0,309942.0,315904.0
2025-02-14 09:30:00,5991.0,5995.0,5986.0,5987.0,18209.0,315904.0,317981.0
2025-02-14 10:00:00,5987.0,5993.0,5986.0,5991.0,4706.0,317981.0,317787.0
2025-02-14 10:30:00,5991.0,5992.0,5974.0,5985.0,18582.0,317787.0,317553.0
2025-02-14 11:00:00,5985.0,5994.0,5984.0,5984.0,12701.0,317553.0,320834.0
2025-02-14 13:30:00,5984.0,5995.0,5982.0,5994.0,13897.0,320834.0,323969.0
2025-02-14 14:00:00,5994.0,5996.0,5989.0,5991.0,14171.0,323969.0,326337.0
2025-02-14 14:30:00,5991.0,5992.0,5980.0,5981.0,21128.0,326337.0,325704.0
2025-02-14 21:00:00,5985.0,5989.0,5973.0,5976.0,25428.0,325704.0,327342.0
2025-02-14 21:30:00,5976.0,5977.0,5970.0,5976.0,10915.0,327342.0,327596.0
2025-02-14 22:00:00,5976.0,5986.0,5973.0,5985.0,12343.0,327596.0,327834.0
2025-02-14 22:30:00,5985.0,5987.0,5976.0,5979.0,10638.0,327834.0,327926.0
2025-02-17 09:00:00,5978.0,5998.0,5978.0,5994.0,22067.0,327926.0,331664.0
2025-02-17 09:30:00,5994.0,5998.0,5982.0,5995.0,16241.0,331664.0,333199.0
2025-02-17 10:00:00,5995.0,5999.0,5989.0,5991.0,6726.0,333199.0,334538.0
2025-02-17 10:30:00,5992.0,6005.0,5989.0,5998.0,20172.0,334538.0,339826.0
2025-02-17 11:00:00,5998.0,6001.0,5990.0,5991.0,11237.0,339826.0,341056.0
2025-02-17 13:30:00,5990.0,5994.0,5981.0,5985.0,16917.0,341056.0,341659.0
2025-02-17 14:00:00,5985.0,5995.0,5985.0,5993.0,11705.0,341659.0,344322.0
2025-02-17 14:30:00,5993.0,5994.0,5984.0,5988.0,12732.0,344322.0,342982.0
2025-02-17 21:00:00,5984.0,5987.0,5970.0,5975.0,33119.0,342982.0,344783.0
2025-02-17 21:30:00,5975.0,5982.0,5974.0,5976.0,8239.0,344783.0,344891.0
2025-02-17 22:00:00,5976.0,5978.0,5965.0,5972.0,16481.0,344891.0,344693.0
2025-02-17 22:30:00,5972.0,5979.0,5968.0,5974.0,8083.0,344693.0,343708.0
2025-02-18 09:00:00,5975.0,5988.0,5974.0,5987.0,15360.0,343708.0,345626.0
2025-02-18 09:30:00,5987.0,5987.0,5981.0,5981.0,6014.0,345626.0,346557.0
2025-02-18 10:00:00,5981.0,5985.0,5981.0,5984.0,2534.0,346557.0,346993.0
2025-02-18 10:30:00,5984.0,5993.0,5982.0,5992.0,12343.0,346993.0,350444.0
2025-02-18 11:00:00,5992.0,5994.0,5984.0,5986.0,10286.0,350444.0,351268.0
2025-02-18 13:30:00,5985.0,5991.0,5982.0,5989.0,8575.0,351268.0,351952.0
2025-02-18 14:00:00,5989.0,5990.0,5979.0,5980.0,10312.0,351952.0,352777.0
2025-02-18 14:30:00,5980.0,5986.0,5976.0,5978.0,13388.0,352777.0,353077.0
2025-02-18 21:00:00,5985.0,5991.0,5968.0,5976.0,26042.0,353077.0,355993.0
2025-02-18 21:30:00,5976.0,5979.0,5970.0,5975.0,10315.0,355993.0,356309.0
2025-02-18 22:00:00,5975.0,5981.0,5967.0,5973.0,12735.0,356309.0,356135.0
2025-02-18 22:30:00,5973.0,5976.0,5965.0,5968.0,10611.0,356135.0,355450.0
2025-02-19 09:00:00,5964.0,5986.0,5960.0,5981.0,25596.0,355450.0,356527.0
2025-02-19 09:30:00,5981.0,5992.0,5981.0,5988.0,15385.0,356527.0,360310.0
2025-02-19 10:00:00,5988.0,5991.0,5987.0,5990.0,3973.0,360310.0,361175.0
2025-02-19 10:30:00,5991.0,5993.0,5985.0,5992.0,11108.0,361175.0,362921.0
2025-02-19 11:00:00,5992.0,5999.0,5990.0,5994.0,17926.0,362921.0,367865.0
2025-02-19 13:30:00,5993.0,6013.0,5992.0,6002.0,44024.0,367865.0,376678.0
2025-02-19 14:00:00,6002.0,6003.0,5993.0,5998.0,10408.0,376678.0,376747.0
2025-02-19 14:30:00,5998.0,6001.0,5993.0,5995.0,14769.0,376747.0,375964.0
2025-02-19 21:00:00,6005.0,6009.0,5994.0,5998.0,25609.0,375964.0,378022.0
2025-02-19 21:30:00,5998.0,6006.0,5998.0,6001.0,9025.0,378022.0,379687.0
2025-02-19 22:00:00,6001.0,6002.0,5996.0,5998.0,6343.0,379687.0,379805.0
2025-02-19 22:30:00,5998.0,6012.0,5997.0,6008.0,13924.0,379805.0,380543.0
2025-02-20 09:00:00,6010.0,6016.0,5999.0,6007.0,17180.0,380543.0,381111.0
2025-02-20 09:30:00,6007.0,6007.0,5997.0,5998.0,7863.0,381111.0,381871.0
2025-02-20 10:00:00,5998.0,5998.0,5989.0,5992.0,9073.0,381871.0,381130.0
2025-02-20 10:30:00,5992.0,5994.0,5986.0,5993.0,13280.0,381130.0,381531.0
2025-02-20 11:00:00,5993.0,5995.0,5990.0,5991.0,6158.0,381531.0,381423.0
2025-02-20 13:30:00,5992.0,5999.0,5990.0,5992.0,8609.0,381423.0,381294.0
2025-02-20 14:00:00,5992.0,5997.0,5989.0,5990.0,8093.0,381294.0,381800.0
2025-02-20 14:30:00,5990.0,5999.0,5983.0,5985.0,15314.0,381800.0,381195.0
2025-02-20 21:00:00,5997.0,6018.0,5993.0,5998.0,40629.0,381195.0,383087.0
2025-02-20 21:30:00,5998.0,6001.0,5992.0,5997.0,11204.0,383087.0,384735.0
2025-02-20 22:00:00,5997.0,6009.0,5996.0,6009.0,11417.0,384735.0,386111.0
2025-02-20 22:30:00,6009.0,6017.0,6007.0,6016.0,14747.0,386111.0,386884.0
2025-02-21 09:00:00,6021.0,6044.0,6021.0,6031.0,52532.0,386884.0,395927.0
2025-02-21 09:30:00,6031.0,6033.0,6014.0,6017.0,19034.0,395927.0,391853.0
2025-02-21 10:00:00,6017.0,6019.0,6008.0,6017.0,8343.0,391853.0,390524.0
2025-02-21 10:30:00,6017.0,6022.0,6010.0,6011.0,7525.0,390524.0,390709.0
2025-02-21 11:00:00,6011.0,6015.0,6008.0,6009.0,7917.0,390709.0,390750.0
2025-02-21 13:30:00,6009.0,6009.0,5997.0,5997.0,15484.0,390750.0,390921.0
2025-02-21 14:00:00,5997.0,6004.0,5995.0,5999.0,10171.0,390921.0,390362.0
2025-02-21 14:30:00,5999.0,6005.0,5995.0,6004.0,13124.0,390362.0,389790.0
2025-02-21 21:00:00,6002.0,6010.0,5991.0,5995.0,23516.0,389790.0,392091.0
2025-02-21 21:30:00,5995.0,6002.0,5994.0,5999.0,8766.0,392091.0,391744.0
2025-02-21 22:00:00,5999.0,6001.0,5994.0,6000.0,5526.0,391744.0,391215.0
2025-02-21 22:30:00,6000.0,6016.0,5998.0,6013.0,14292.0,391215.0,390676.0
2025-02-24 09:00:00,6015.0,6017.0,6004.0,6010.0,16708.0,390676.0,391518.0
2025-02-24 09:30:00,6010.0,6011.0,5994.0,5998.0,10890.0,391518.0,391158.0
2025-02-24 10:00:00,5998.0,6001.0,5994.0,6000.0,4340.0,391158.0,391355.0
2025-02-24 10:30:00,6001.0,6011.0,5998.0,6003.0,8959.0,391355.0,390337.0
2025-02-24 11:00:00,6003.0,6009.0,5977.0,5983.0,25915.0,390337.0,389252.0
2025-02-24 13:30:00,5983.0,5986.0,5977.0,5984.0,12571.0,389252.0,389684.0
2025-02-24 14:00:00,5984.0,5992.0,5975.0,5987.0,13663.0,389684.0,388468.0
2025-02-24 14:30:00,5987.0,5991.0,5971.0,5977.0,19022.0,388468.0,387661.0
2025-02-24 21:00:00,5987.0,5988.0,5968.0,5974.0,30553.0,387661.0,387727.0
2025-02-24 21:30:00,5974.0,5982.0,5973.0,5981.0,10964.0,387727.0,387559.0
2025-02-24 22:00:00,5981.0,5984.0,5977.0,5981.0,6539.0,387559.0,387157.0
2025-02-24 22:30:00,5981.0,5992.0,5980.0,5980.0,17443.0,387157.0,386318.0
2025-02-25 09:00:00,5960.0,5963.0,5941.0,5954.0,52012.0,386318.0,380998.0
2025-02-25 09:30:00,5954.0,5964.0,5953.0,5962.0,9653.0,380998.0,380251.0
2025-02-25 10:00:00,5962.0,5963.0,5957.0,5958.0,3502.0,380251.0,379910.0
2025-02-25 10:30:00,5959.0,5965.0,5953.0,5963.0,9641.0,379910.0,378197.0
2025-02-25 11:00:00,5963.0,5975.0,5960.0,5972.0,13590.0,378197.0,379553.0
2025-02-25 13:30:00,5970.0,5975.0,5968.0,5974.0,9781.0,379553.0,380387.0
2025-02-25 14:00:00,5974.0,5975.0,5971.0,5972.0,6395.0,380387.0,380917.0
2025-02-25 14:30:00,5972.0,5977.0,5966.0,5971.0,13265.0,380917.0,379290.0
2025-02-25 21:00:00,5973.0,5988.0,5971.0,5984.0,29905.0,379290.0,382422.0
2025-02-25 21:30:00,5984.0,5987.0,5976.0,5984.0,15942.0,382422.0,382522.0
2025-02-25 22:00:00,5984.0,6000.0,5984.0,5996.0,30992.0,382522.0,383803.0
2025-02-25 22:30:00,5996.0,5996.0,5981.0,5983.0,14046.0,383803.0,382866.0
2025-02-26 09:00:00,5999.0,6020.0,5999.0,6000.0,46855.0,382866.0,384646.0
2025-02-26 09:30:00,6000.0,6002.0,5994.0,5995.0,14558.0,384646.0,383072.0
2025-02-26 10:00:00,5995.0,5997.0,5993.0,5993.0,4010.0,383072.0,382812.0
2025-02-26 10:30:00,5993.0,6001.0,5988.0,5990.0,12376.0,382812.0,382621.0
2025-02-26 11:00:00,5990.0,5994.0,5975.0,5982.0,18087.0,382621.0,379802.0
2025-02-26 13:30:00,5981.0,5987.0,5980.0,5986.0,10669.0,379802.0,378314.0
2025-02-26 14:00:00,5986.0,6004.0,5984.0,6003.0,15813.0,378314.0,377138.0
2025-02-26 14:30:00,6003.0,6007.0,5997.0,6002.0,17447.0,377138.0,377680.0
2025-02-26 21:00:00,5978.0,5984.0,5967.0,5984.0,41763.0,377680.0,376701.0
2025-02-26 21:30:00,5984.0,5988.0,5979.0,5984.0,10077.0,376701.0,376728.0
2025-02-26 22:00:00,5984.0,5991.0,5982.0,5987.0,9974.0,376728.0,376837.0
2025-02-26 22:30:00,5987.0,5993.0,5982.0,5989.0,10156.0,376837.0,376843.0
2025-02-27 09:00:00,5982.0,5982.0,5963.0,5970.0,32153.0,376843.0,376903.0
2025-02-27 09:30:00,5970.0,5975.0,5965.0,5966.0,6873.0,376903.0,376495.0
2025-02-27 10:00:00,5966.0,5968.0,5960.0,5965.0,6850.0,376495.0,375371.0
2025-02-27 10:30:00,5965.0,5983.0,5964.0,5974.0,15292.0,375371.0,374133.0
2025-02-27 11:00:00,5974.0,5980.0,5972.0,5979.0,6585.0,374133.0,373793.0
2025-02-27 13:30:00,5979.0,5989.0,5976.0,5987.0,10971.0,373793.0,373584.0
2025-02-27 14:00:00,5987.0,5999.0,5986.0,5993.0,17602.0,373584.0,377084.0
2025-02-27 14:30:00,5993.0,5998.0,5990.0,5998.0,11246.0,377084.0,376684.0
2025-02-27 21:00:00,5964.0,5971.0,5952.0,5959.0,59403.0,376684.0,377182.0
2025-02-27 21:30:00,5959.0,5959.0,5943.0,5945.0,27249.0,377182.0,375226.0
2025-02-27 22:00:00,5945.0,5947.0,5931.0,5936.0,40005.0,375226.0,371039.0
2025-02-27 22:30:00,5936.0,5944.0,5935.0,5941.0,16268.0,371039.0,368428.0
2025-02-28 09:00:00,5940.0,5941.0,5931.0,5934.0,19999.0,368428.0,367662.0
2025-02-28 09:30:00,5934.0,5940.0,5933.0,5933.0,10306.0,367662.0,366417.0
2025-02-28 10:00:00,5933.0,5943.0,5933.0,5939.0,5476.0,366417.0,365137.0
2025-02-28 10:30:00,5939.0,5940.0,5920.0,5924.0,24376.0,365137.0,362497.0
2025-02-28 11:00:00,5924.0,5931.0,5921.0,5931.0,13942.0,362497.0,359841.0
2025-02-28 13:30:00,5929.0,5929.0,5918.0,5922.0,19170.0,359841.0,357094.0
2025-02-28 14:00:00,5922.0,5926.0,5919.0,5922.0,10031.0,357094.0,355113.0
2025-02-28 14:30:00,5922.0,5932.0,5920.0,5931.0,20096.0,355113.0,351232.0
2025-02-28 21:00:00,5914.0,5924.0,5911.0,5914.0,34401.0,351232.0,354951.0
2025-02-28 21:30:00,5914.0,5919.0,5909.0,5912.0,14024.0,354951.0,354820.0
2025-02-28 22:00:00,5912.0,5922.0,5911.0,5917.0,11909.0,354820.0,353715.0
2025-02-28 22:30:00,5917.0,5917.0,5910.0,5913.0,11073.0,353715.0,352154.0
2025-03-03 09:00:00,5914.0,5939.0,5903.0,5935.0,40169.0,352154.0,350295.0
2025-03-03 09:30:00,5935.0,5947.0,5934.0,5941.0,21176.0,350295.0,348707.0
2025-03-03 10:00:00,5941.0,5946.0,5937.0,5938.0,7708.0,348707.0,348131.0
2025-03-03 10:30:00,5938.0,5940.0,5923.0,5927.0,21558.0,348131.0,345401.0
2025-03-03 11:00:00,5927.0,5927.0,5921.0,5924.0,9347.0,345401.0,344869.0
2025-03-03 13:30:00,5924.0,5928.0,5917.0,5922.0,10755.0,344869.0,343844.0
2025-03-03 14:00:00,5922.0,5922.0,5916.0,5920.0,8269.0,343844.0,343376.0
2025-03-03 14:30:00,5920.0,5935.0,5918.0,5932.0,14587.0,343376.0,341277.0
2025-03-03 21:00:00,5917.0,5930.0,5906.0,5927.0,29163.0,341277.0,342478.0
2025-03-03 21:30:00,5927.0,5939.0,5927.0,5932.0,18818.0,342478.0,343919.0
2025-03-03 22:00:00,5932.0,5937.0,5930.0,5931.0,7483.0,343919.0,343674.0
2025-03-03 22:30:00,5931.0,5936.0,5926.0,5932.0,9703.0,343674.0,342863.0
2025-03-04 09:00:00,5923.0,5930.0,5914.0,5915.0,16879.0,342863.0,342540.0
2025-03-04 09:30:00,5915.0,5923.0,5913.0,5922.0,10143.0,342540.0,341234.0
2025-03-04 10:00:00,5922.0,5924.0,5915.0,5915.0,3832.0,341234.0,341048.0
2025-03-04 10:30:00,5915.0,5922.0,5911.0,5919.0,12831.0,341048.0,340601.0
2025-03-04 11:00:00,5919.0,5920.0,5913.0,5915.0,5228.0,340601.0,339746.0
2025-03-04 13:30:00,5911.0,5931.0,5911.0,5920.0,16966.0,339746.0,338762.0
2025-03-04 14:00:00,5920.0,5923.0,5916.0,5916.0,7774.0,338762.0,337584.0
2025-03-04 14:30:00,5916.0,5925.0,5916.0,5919.0,10179.0,337584.0,335272.0
2025-03-04 21:00:00,5919.0,5926.0,5908.0,5912.0,34452.0,335272.0,335355.0
2025-03-04 21:30:00,5912.0,5917.0,5896.0,5898.0,36061.0,335355.0,332321.0
2025-03-04 22:00:00,5898.0,5901.0,5892.0,5893.0,20585.0,332321.0,332106.0
2025-03-04 22:30:00,5893.0,5896.0,5886.0,5887.0,21597.0,332106.0,327784.0
2025-03-05 09:00:00,5898.0,5917.0,5893.0,5908.0,33356.0,327784.0,325154.0
2025-03-05 09:30:00,5908.0,5910.0,5896.0,5899.0,11788.0,325154.0,323649.0
2025-03-05 10:00:00,5899.0,5899.0,5894.0,5899.0,5307.0,323649.0,323423.0
2025-03-05 10:30:00,5899.0,5903.0,5887.0,5889.0,15306.0,323423.0,321798.0
2025-03-05 11:00:00,5889.0,5901.0,5884.0,5898.0,15111.0,321798.0,318730.0
2025-03-05 13:30:00,5898.0,5901.0,5894.0,5898.0,10340.0,318730.0,316636.0
2025-03-05 14:00:00,5898.0,5901.0,5893.0,5897.0,10325.0,316636.0,316410.0
2025-03-05 14:30:00,5897.0,5905.0,5895.0,5901.0,14113.0,316410.0,314402.0
2025-03-05 21:00:00,5917.0,5923.0,5911.0,5915.0,38360.0,314402.0,315190.0
2025-03-05 21:30:00,5915.0,5924.0,5913.0,5918.0,17437.0,315190.0,316604.0
2025-03-05 22:00:00,5918.0,5918.0,5906.0,5907.0,13195.0,316604.0,316640.0
2025-03-05 22:30:00,5907.0,5909.0,5900.0,5905.0,13726.0,316640.0,315130.0
2025-03-06 09:00:00,5905.0,5922.0,5901.0,5917.0,25392.0,315130.0,317646.0
2025-03-06 09:30:00,5917.0,5924.0,5915.0,5924.0,12598.0,317646.0,319596.0
2025-03-06 10:00:00,5924.0,5929.0,5916.0,5918.0,14088.0,319596.0,317478.0
2025-03-06 10:30:00,5918.0,5920.0,5912.0,5914.0,9878.0,317478.0,317034.0
2025-03-06 11:00:00,5914.0,5918.0,5911.0,5916.0,6352.0,317034.0,316762.0
2025-03-06 13:30:00,5916.0,5919.0,5904.0,5905.0,14333.0,316762.0,316230.0
2025-03-06 14:00:00,5905.0,5914.0,5905.0,5911.0,9049.0,316230.0,315902.0
2025-03-06 14:30:00,5911.0,5916.0,5908.0,5915.0,11334.0,315902.0,314212.0
2025-03-06 21:00:00,5916.0,5922.0,5909.0,5910.0,22843.0,314212.0,315409.0
2025-03-06 21:30:00,5910.0,5924.0,5907.0,5916.0,17621.0,315409.0,317027.0
2025-03-06 22:00:00,5916.0,5917.0,5896.0,5907.0,29291.0,317027.0,316893.0
2025-03-06 22:30:00,5907.0,5914.0,5905.0,5909.0,12660.0,316893.0,316769.0
2025-03-07 09:00:00,5925.0,5935.0,5913.0,5921.0,29175.0,316769.0,316453.0
2025-03-07 09:30:00,5921.0,5930.0,5920.0,5925.0,14789.0,316453.0,318491.0
2025-03-07 10:00:00,5925.0,5932.0,5923.0,5930.0,9090.0,318491.0,321905.0
2025-03-07 10:30:00,5930.0,5939.0,5930.0,5935.0,20543.0,321905.0,324538.0
2025-03-07 11:00:00,5935.0,5938.0,5931.0,5933.0,8716.0,324538.0,325236.0
2025-03-07 13:30:00,5933.0,5934.0,5924.0,5925.0,10296.0,325236.0,323704.0
2025-03-07 14:00:00,5925.0,5926.0,5919.0,5921.0,13274.0,323704.0,322233.0
2025-03-07 14:30:00,5921.0,5925.0,5919.0,5920.0,10891.0,322233.0,320336.0
2025-03-07 21:00:00,5922.0,5924.0,5908.0,5915.0,26262.0,320336.0,317817.0
2025-03-07 21:30:00,5915.0,5923.0,5915.0,5918.0,7691.0,317817.0,318052.0
2025-03-07 22:00:00,5918.0,5928.0,5916.0,5928.0,8906.0,318052.0,318581.0
2025-03-07 22:30:00,5928.0,5936.0,5926.0,5936.0,15053.0,318581.0,318033.0
2025-03-10 09:00:00,5935.0,5965.0,5935.0,5947.0,52562.0,318033.0,321689.0
2025-03-10 09:30:00,5947.0,5952.0,5945.0,5948.0,8992.0,321689.0,320660.0
2025-03-10 10:00:00,5948.0,5948.0,5934.0,5935.0,10391.0,320660.0,318879.0
2025-03-10 10:30:00,5936.0,5939.0,5926.0,5927.0,16294.0,318879.0,317565.0
2025-03-10 11:00:00,5927.0,5929.0,5923.0,5924.0,10738.0,317565.0,317279.0
2025-03-10 13:30:00,5924.0,5930.0,5921.0,5928.0,11947.0,317279.0,317270.0
2025-03-10 14:00:00,5928.0,5929.0,5924.0,5926.0,7682.0,317270.0,317195.0
2025-03-10 14:30:00,5926.0,5934.0,5922.0,5931.0,12132.0,317195.0,315439.0
2025-03-10 21:00:00,5962.0,5993.0,5957.0,5989.0,81232.0,315439.0,325917.0
2025-03-10 21:30:00,5989.0,5991.0,5981.0,5984.0,21533.0,325917.0,327901.0
2025-03-10 22:00:00,5984.0,5984.0,5974.0,5976.0,15834.0,327901.0,325951.0
2025-03-10 22:30:00,5976.0,5977.0,5967.0,5972.0,16925.0,325951.0,324032.0
2025-03-11 09:00:00,5968.0,5976.0,5962.0,5964.0,20975.0,324032.0,324759.0
2025-03-11 09:30:00,5964.0,5967.0,5953.0,5960.0,14658.0,324759.0,323832.0
2025-03-11 10:00:00,5960.0,5962.0,5955.0,5959.0,3939.0,323832.0,323840.0
2025-03-11 10:30:00,5959.0,5969.0,5956.0,5969.0,10880.0,323840.0,323864.0
2025-03-11 11:00:00,5969.0,5974.0,5963.0,5963.0,11389.0,323864.0,325002.0
2025-03-11 13:30:00,5963.0,5970.0,5961.0,5968.0,10037.0,325002.0,325566.0
2025-03-11 14:00:00,5968.0,5972.0,5964.0,5970.0,8102.0,325566.0,325109.0
2025-03-11 14:30:00,5970.0,5972.0,5964.0,5967.0,11337.0,325109.0,324425.0
2025-03-11 21:00:00,5969.0,5974.0,5950.0,5954.0,32961.0,324425.0,324840.0
2025-03-11 21:30:00,5954.0,5962.0,5950.0,5955.0,15473.0,324840.0,324619.0
2025-03-11 22:00:00,5955.0,5955.0,5943.0,5945.0,14040.0,324619.0,322111.0
2025-03-11 22:30:00,5945.0,5947.0,5936.0,5943.0,17835.0,322111.0,319189.0
2025-03-12 09:00:00,5943.0,5955.0,5942.0,5953.0,14854.0,319189.0,318042.0
2025-03-12 09:30:00,5953.0,5956.0,5951.0,5951.0,5834.0,318042.0,317988.0
2025-03-12 10:00:00,5951.0,5956.0,5949.0,5950.0,3342.0,317988.0,317868.0
2025-03-12 10:30:00,5950.0,5959.0,5949.0,5958.0,8476.0,317868.0,318385.0
2025-03-12 11:00:00,5958.0,5960.0,5956.0,5958.0,6430.0,318385.0,318627.0
2025-03-12 13:30:00,5958.0,5970.0,5958.0,5967.0,18125.0,318627.0,320605.0
2025-03-12 14:00:00,5967.0,5969.0,5962.0,5965.0,8195.0,320605.0,321048.0
2025-03-12 14:30:00,5965.0,5967.0,5955.0,5955.0,11436.0,321048.0,319481.0
2025-03-12 21:00:00,5970.0,5984.0,5965.0,5975.0,35546.0,319481.0,323718.0
2025-03-12 21:30:00,5975.0,5982.0,5971.0,5979.0,12600.0,323718.0,325160.0
2025-03-12 22:00:00,5979.0,5985.0,5973.0,5984.0,14215.0,325160.0,326524.0
2025-03-12 22:30:00,5984.0,5988.0,5979.0,5987.0,14507.0,326524.0,327603.0
2025-03-13 09:00:00,5981.0,5981.0,5973.0,5980.0,17848.0,327603.0,328007.0
2025-03-13 09:30:00,5980.0,5980.0,5971.0,5975.0,8780.0,328007.0,327346.0
2025-03-13 10:00:00,5975.0,5979.0,5972.0,5977.0,3183.0,327346.0,327186.0
2025-03-13 10:30:00,5976.0,5995.0,5975.0,5988.0,19195.0,327186.0,329976.0
2025-03-13 11:00:00,5988.0,5991.0,5980.0,5981.0,9568.0,329976.0,329510.0
2025-03-13 13:30:00,5981.0,5994.0,5976.0,5990.0,17228.0,329510.0,331579.0
2025-03-13 14:00:00,5990.0,5993.0,5984.0,5987.0,12123.0,331579.0,330805.0
2025-03-13 14:30:00,5987.0,5998.0,5984.0,5991.0,22989.0,330805.0,329809.0
2025-03-13 21:00:00,6001.0,6017.0,5996.0,6011.0,55629.0,329809.0,339881.0
2025-03-13 21:30:00,6011.0,6030.0,6011.0,6028.0,38481.0,339881.0,349763.0
2025-03-13 22:00:00,6028.0,6029.0,6019.0,6026.0,19902.0,349763.0,349450.0
2025-03-13 22:30:00,6026.0,6028.0,6021.0,6027.0,10855.0,349450.0,347979.0
2025-03-14 09:00:00,6030.0,6050.0,6030.0,6035.0,45038.0,347979.0,354158.0
2025-03-14 09:30:00,6035.0,6038.0,6025.0,6036.0,20297.0,354158.0,354596.0
2025-03-14 10:00:00,6036.0,6040.0,6032.0,6039.0,5016.0,354596.0,354694.0
2025-03-14 10:30:00,6038.0,6038.0,6029.0,6034.0,10800.0,354694.0,354763.0
2025-03-14 11:00:00,6034.0,6036.0,6023.0,6027.0,12793.0,354763.0,355637.0
2025-03-14 13:30:00,6027.0,6032.0,6024.0,6029.0,11750.0,355637.0,355323.0
2025-03-14 14:00:00,6029.0,6033.0,6025.0,6031.0,10606.0,355323.0,355120.0
2025-03-14 14:30:00,6031.0,6035.0,6025.0,6030.0,15890.0,355120.0,354136.0
2025-03-14 21:00:00,6037.0,6041.0,6028.0,6032.0,29696.0,354136.0,355544.0
2025-03-14 21:30:00,6032.0,6032.0,6008.0,6012.0,32722.0,355544.0,355325.0
2025-03-14 22:00:00,6012.0,6021.0,6006.0,6019.0,21423.0,355325.0,354405.0
2025-03-14 22:30:00,6019.0,6021.0,6013.0,6014.0,12108.0,354405.0,352252.0
2025-03-17 09:00:00,6029.0,6032.0,6020.0,6029.0,25613.0,352252.0,352328.0
2025-03-17 09:30:00,6029.0,6033.0,6023.0,6029.0,8611.0,352328.0,353263.0
2025-03-17 10:00:00,6029.0,6029.0,6024.0,6025.0,3894.0,353263.0,352761.0
2025-03-17 10:30:00,6026.0,6028.0,6017.0,6021.0,10099.0,352761.0,352164.0
2025-03-17 11:00:00,6021.0,6024.0,6016.0,6018.0,7135.0,352164.0,351786.0
2025-03-17 13:30:00,6018.0,6018.0,6013.0,6014.0,9021.0,351786.0,350965.0
2025-03-17 14:00:00,6014.0,6018.0,6012.0,6014.0,7420.0,350965.0,350193.0
2025-03-17 14:30:00,6014.0,6022.0,6013.0,6016.0,16605.0,350193.0,346824.0
2025-03-17 21:00:00,6064.0,6076.0,6054.0,6059.0,67177.0,346824.0,358663.0
2025-03-17 21:30:00,6059.0,6088.0,6059.0,6079.0,57508.0,358663.0,373172.0
2025-03-17 22:00:00,6079.0,6092.0,6078.0,6084.0,27705.0,373172.0,378601.0
2025-03-17 22:30:00,6084.0,6085.0,6077.0,6078.0,16100.0,378601.0,375655.0
2025-03-18 09:00:00,6100.0,6100.0,6086.0,6091.0,36751.0,375655.0,378731.0
2025-03-18 09:30:00,6091.0,6096.0,6088.0,6093.0,11729.0,378731.0,380425.0
2025-03-18 10:00:00,6093.0,6099.0,6092.0,6096.0,7488.0,380425.0,380905.0
2025-03-18 10:30:00,6096.0,6103.0,6092.0,6100.0,27706.0,380905.0,382372.0
2025-03-18 11:00:00,6100.0,6106.0,6098.0,6100.0,16603.0,382372.0,383692.0
2025-03-18 13:30:00,6100.0,6111.0,6096.0,6109.0,25178.0,383692.0,389350.0
2025-03-18 14:00:00,6109.0,6115.0,6107.0,6114.0,18477.0,389350.0,393033.0
2025-03-18 14:30:00,6114.0,6118.0,6103.0,6111.0,32092.0,393033.0,391408.0
2025-03-18 21:00:00,6097.0,6111.0,6089.0,6109.0,51908.0,391408.0,391464.0
2025-03-18 21:30:00,6109.0,6116.0,6108.0,6110.0,20009.0,391464.0,393578.0
2025-03-18 22:00:00,6110.0,6125.0,6105.0,6122.0,24172.0,393578.0,395377.0
2025-03-18 22:30:00,6122.0,6126.0,6118.0,6125.0,17435.0,395377.0,394830.0
2025-03-19 09:00:00,6116.0,6135.0,6113.0,6116.0,40550.0,394830.0,396749.0
2025-03-19 09:30:00,6116.0,6123.0,6115.0,6119.0,10067.0,396749.0,397410.0
2025-03-19 10:00:00,6119.0,6120.0,6112.0,6113.0,8474.0,397410.0,396966.0
2025-03-19 10:30:00,6113.0,6114.0,6103.0,6111.0,21497.0,396966.0,394937.0
2025-03-19 11:00:00,6111.0,6112.0,6105.0,6108.0,9350.0,394937.0,394486.0
2025-03-19 13:30:00,6108.0,6118.0,6106.0,6116.0,19124.0,394486.0,391335.0
2025-03-19 14:00:00,6116.0,6121.0,6112.0,6116.0,16108.0,391335.0,388683.0
2025-03-19 14:30:00,6116.0,6117.0,6110.0,6113.0,17463.0,388683.0,386280.0
2025-03-19 21:00:00,6114.0,6118.0,6097.0,6104.0,37645.0,386280.0,388088.0
2025-03-19 21:30:00,6104.0,6108.0,6084.0,6090.0,28295.0,388088.0,386344.0
2025-03-19 22:00:00,6090.0,6093.0,6080.0,6090.0,23768.0,386344.0,384653.0
2025-03-19 22:30:00,6090.0,6093.0,6085.0,6091.0,10984.0,384653.0,383259.0
2025-03-20 09:00:00,6090.0,6099.0,6084.0,6096.0,18253.0,383259.0,383134.0
2025-03-20 09:30:00,6096.0,6098.0,6090.0,6095.0,9239.0,383134.0,383000.0
2025-03-20 10:00:00,6095.0,6100.0,6091.0,6099.0,7550.0,383000.0,383102.0
2025-03-20 10:30:00,6099.0,6105.0,6094.0,6102.0,13658.0,383102.0,383254.0
2025-03-20 11:00:00,6102.0,6113.0,6100.0,6110.0,13672.0,383254.0,382554.0
2025-03-20 13:30:00,6111.0,6112.0,6105.0,6106.0,13414.0,382554.0,382408.0
2025-03-20 14:00:00,6106.0,6107.0,6100.0,6100.0,12004.0,382408.0,381866.0
2025-03-20 14:30:00,6100.0,6107.0,6099.0,6105.0,16962.0,381866.0,378481.0
2025-03-20 21:00:00,6118.0,6137.0,6115.0,6123.0,52281.0,378481.0,384809.0
2025-03-20 21:30:00,6123.0,6155.0,6119.0,6145.0,51817.0,384809.0,392917.0
2025-03-20 22:00:00,6145.0,6166.0,6145.0,6161.0,43315.0,392917.0,400195.0
2025-03-20 22:30:00,6161.0,6165.0,6151.0,6155.0,27076.0,400195.0,396812.0
2025-03-21 09:00:00,6154.0,6154.0,6105.0,6112.0,67831.0,396812.0,383910.0
2025-03-21 09:30:00,6112.0,6114.0,6105.0,6108.0,15451.0,383910.0,382883.0
2025-03-21 10:00:00,6108.0,6109.0,6093.0,6095.0,19355.0,382883.0,382755.0
2025-03-21 10:30:00,6094.0,6098.0,6074.0,6088.0,41952.0,382755.0,375688.0
2025-03-21 11:00:00,6088.0,6095.0,6085.0,6091.0,16146.0,375688.0,372277.0
2025-03-21 13:30:00,6091.0,6091.0,6081.0,6085.0,15295.0,372277.0,369701.0
2025-03-21 14:00:00,6085.0,6086.0,6079.0,6081.0,12550.0,369701.0,368021.0
2025-03-21 14:30:00,6081.0,6085.0,6073.0,6078.0,22186.0,368021.0,364274.0
2025-03-21 21:00:00,6089.0,6094.0,6077.0,6083.0,44313.0,364274.0,365937.0
2025-03-21 21:30:00,6083.0,6085.0,6067.0,6075.0,29936.0,365937.0,366961.0
2025-03-21 22:00:00,6075.0,6079.0,6067.0,6076.0,13607.0,366961.0,366064.0
2025-03-21 22:30:00,6076.0,6080.0,6071.0,6080.0,12194.0,366064.0,363695.0
2025-03-24 09:00:00,6069.0,6069.0,6051.0,6065.0,37000.0,363695.0,357849.0
2025-03-24 09:30:00,6065.0,6069.0,6062.0,6062.0,9412.0,357849.0,357751.0
2025-03-24 10:00:00,6062.0,6069.0,6058.0,6067.0,7096.0,357751.0,357480.0
2025-03-24 10:30:00,6068.0,6077.0,6064.0,6069.0,14631.0,357480.0,357026.0
2025-03-24 11:00:00,6069.0,6075.0,6067.0,6067.0,10408.0,357026.0,356339.0
2025-03-24 13:30:00,6068.0,6079.0,6068.0,6078.0,14899.0,356339.0,356894.0
2025-03-24 14:00:00,6078.0,6079.0,6073.0,6075.0,10333.0,356894.0,356323.0
2025-03-24 14:30:00,6075.0,6078.0,6070.0,6073.0,12637.0,356323.0,354252.0
2025-03-24 21:00:00,6061.0,6066.0,6041.0,6060.0,52314.0,354252.0,348280.0
2025-03-24 21:30:00,6060.0,6060.0,6047.0,6050.0,14732.0,348280.0,346951.0
2025-03-24 22:00:00,6050.0,6051.0,6043.0,6045.0,12994.0,346951.0,346106.0
2025-03-24 22:30:00,6045.0,6055.0,6045.0,6055.0,9974.0,346106.0,344654.0
2025-03-25 09:00:00,6052.0,6052.0,6033.0,6047.0,27304.0,344654.0,343779.0
2025-03-25 09:30:00,6047.0,6052.0,6044.0,6050.0,9043.0,343779.0,343925.0
2025-03-25 10:00:00,6050.0,6053.0,6048.0,6048.0,3379.0,343925.0,343877.0
2025-03-25 10:30:00,6050.0,6052.0,6043.0,6052.0,8902.0,343877.0,343481.0
2025-03-25 11:00:00,6052.0,6054.0,6046.0,6048.0,8184.0,343481.0,343023.0
2025-03-25 13:30:00,6048.0,6058.0,6048.0,6054.0,11602.0,343023.0,342751.0
2025-03-25 14:00:00,6054.0,6059.0,6051.0,6053.0,8719.0,342751.0,342164.0
2025-03-25 14:30:00,6053.0,6056.0,6044.0,6055.0,16944.0,342164.0,339660.0
2025-03-25 21:00:00,6065.0,6086.0,6063.0,6083.0,47542.0,339660.0,341369.0
2025-03-25 21:30:00,6083.0,6096.0,6082.0,6093.0,31460.0,341369.0,343673.0
2025-03-25 22:00:00,6093.0,6104.0,6092.0,6101.0,24625.0,343673.0,346489.0
2025-03-25 22:30:00,6101.0,6102.0,6091.0,6095.0,13817.0,346489.0,342942.0
2025-03-26 09:00:00,6097.0,6101.0,6086.0,6087.0,15527.0,342942.0,341661.0
2025-03-26 09:30:00,6087.0,6087.0,6074.0,6076.0,18156.0,341661.0,338307.0
2025-03-26 10:00:00,6076.0,6079.0,6074.0,6078.0,6075.0,338307.0,337939.0
2025-03-26 10:30:00,6077.0,6084.0,6074.0,6080.0,15938.0,337939.0,336936.0
2025-03-26 11:00:00,6080.0,6091.0,6078.0,6087.0,12576.0,336936.0,335972.0
2025-03-26 13:30:00,6087.0,6095.0,6087.0,6088.0,12063.0,335972.0,336806.0
2025-03-26 14:00:00,6088.0,6095.0,6084.0,6095.0,11001.0,336806.0,335622.0
2025-03-26 14:30:00,6095.0,6106.0,6093.0,6098.0,23453.0,335622.0,335322.0
2025-03-26 21:00:00,6076.0,6087.0,6071.0,6080.0,30457.0,335322.0,336687.0
2025-03-26 21:30:00,6080.0,6086.0,6077.0,6084.0,14300.0,336687.0,336276.0
2025-03-26 22:00:00,6084.0,6090.0,6082.0,6089.0,12861.0,336276.0,336277.0
2025-03-26 22:30:00,6089.0,6096.0,6087.0,6095.0,9709.0,336277.0,335889.0
2025-03-27 09:00:00,6088.0,6093.0,6076.0,6083.0,21269.0,335889.0,333497.0
2025-03-27 09:30:00,6083.0,6084.0,6065.0,6069.0,22038.0,333497.0,330193.0
2025-03-27 10:00:00,6069.0,6071.0,6059.0,6063.0,14555.0,330193.0,327697.0
2025-03-27 10:30:00,6064.0,6070.0,6060.0,6064.0,16859.0,327697.0,325700.0
2025-03-27 11:00:00,6064.0,6070.0,6060.0,6064.0,13387.0,325700.0,324478.0
2025-03-27 13:30:00,6064.0,6065.0,6055.0,6055.0,16620.0,324478.0,322797.0
2025-03-27 14:00:00,6055.0,6063.0,6055.0,6061.0,12504.0,322797.0,321249.0
2025-03-27 14:30:00,6061.0,6078.0,6061.0,6067.0,21538.0,321249.0,318589.0
2025-03-27 21:00:00,6064.0,6065.0,6045.0,6048.0,39422.0,318589.0,319478.0
2025-03-27 21:30:00,6048.0,6057.0,6042.0,6057.0,20768.0,319478.0,319854.0
2025-03-27 22:00:00,6057.0,6062.0,6053.0,6053.0,10281.0,319854.0,320116.0
2025-03-27 22:30:00,6053.0,6061.0,6053.0,6060.0,6591.0,320116.0,318247.0
2025-03-28 09:00:00,6057.0,6070.0,6057.0,6058.0,19258.0,318247.0,316322.0
2025-03-28 09:30:00,6058.0,6062.0,6056.0,6057.0,10114.0,316322.0,315328.0
2025-03-28 10:00:00,6057.0,6057.0,6054.0,6055.0,4578.0,315328.0,315097.0
2025-03-28 10:30:00,6055.0,6057.0,6048.0,6053.0,16142.0,315097.0,312507.0
2025-03-28 11:00:00,6053.0,6073.0,6052.0,6065.0,18606.0,312507.0,311644.0
2025-03-28 13:30:00,6065.0,6078.0,6060.0,6077.0,17192.0,311644.0,314047.0
2025-03-28 14:00:00,6077.0,6085.0,6071.0,6073.0,16237.0,314047.0,315386.0
2025-03-28 14:30:00,6073.0,6081.0,6071.0,6079.0,12192.0,315386.0,313966.0
2025-03-28 21:00:00,6078.0,6082.0,6066.0,6069.0,28086.0,313966.0,314837.0
2025-03-28 21:30:00,6069.0,6091.0,6068.0,6078.0,25500.0,314837.0,317903.0
2025-03-28 22:00:00,6078.0,6086.0,6074.0,6080.0,14022.0,317903.0,317503.0
2025-03-28 22:30:00,6080.0,6091.0,6078.0,6089.0,14225.0,317503.0,317817.0
2025-03-31 09:00:00,6095.0,6130.0,6095.0,6098.0,63779.0,317817.0,324821.0
2025-03-31 09:30:00,6098.0,6102.0,6082.0,6088.0,23260.0,324821.0,324215.0
2025-03-31 10:00:00,6088.0,6092.0,6085.0,6087.0,5631.0,324215.0,324226.0
2025-03-31 10:30:00,6087.0,6089.0,6076.0,6076.0,17874.0,324226.0,321711.0
2025-03-31 11:00:00,6076.0,6086.0,6073.0,6083.0,15489.0,321711.0,318924.0
2025-03-31 13:30:00,6083.0,6088.0,6078.0,6086.0,11842.0,318924.0,318314.0
2025-03-31 14:00:00,6086.0,6087.0,6078.0,6086.0,8774.0,318314.0,317392.0
2025-03-31 14:30:00,6086.0,6086.0,6075.0,6075.0,15148.0,317392.0,314303.0
2025-03-31 21:00:00,6077.0,6099.0,6075.0,6089.0,38160.0,314303.0,315502.0
2025-03-31 21:30:00,6089.0,6124.0,6089.0,6122.0,44125.0,315502.0,319931.0
2025-03-31 22:00:00,6122.0,6129.0,6110.0,6129.0,33358.0,319931.0,321986.0
2025-03-31 22:30:00,6129.0,6149.0,6128.0,6132.0,48843.0,321986.0,323916.0
2025-04-01 09:00:00,6116.0,6116.0,6087.0,6090.0,41166.0,323916.0,316431.0
2025-04-01 09:30:00,6090.0,6109.0,6087.0,6105.0,18359.0,316431.0,314531.0
2025-04-01 10:00:00,6105.0,6115.0,6103.0,6113.0,8958.0,314531.0,314339.0
2025-04-01 10:30:00,6114.0,6124.0,6112.0,6113.0,18817.0,314339.0,314209.0
2025-04-01 11:00:00,6113.0,6121.0,6108.0,6110.0,12683.0,314209.0,313003.0
2025-04-01 13:30:00,6110.0,6125.0,6105.0,6120.0,15863.0,313003.0,313425.0
2025-04-01 14:00:00,6120.0,6129.0,6117.0,6127.0,11279.0,313425.0,313586.0
2025-04-01 14:30:00,6127.0,6135.0,6123.0,6129.0,19290.0,313586.0,313196.0
2025-04-01 21:00:00,6152.0,6158.0,6136.0,6137.0,41679.0,313196.0,316166.0
2025-04-01 21:30:00,6137.0,6153.0,6134.0,6146.0,18968.0,316166.0,317834.0
2025-04-01 22:00:00,6146.0,6156.0,6139.0,6147.0,17336.0,317834.0,317828.0
2025-04-01 22:30:00,6147.0,6152.0,6142.0,6143.0,11765.0,317828.0,315278.0
2025-04-02 09:00:00,6159.0,6184.0,6155.0,6181.0,48931.0,315278.0,323294.0
2025-04-02 09:30:00,6181.0,6198.0,6177.0,6189.0,29236.0,323294.0,326227.0
2025-04-02 10:00:00,6189.0,6190.0,6179.0,6182.0,11088.0,326227.0,324445.0
2025-04-02 10:30:00,6182.0,6185.0,6163.0,6170.0,20924.0,324445.0,319192.0
2025-04-02 11:00:00,6170.0,6172.0,6161.0,6170.0,15272.0,319192.0,316146.0
2025-04-02 13:30:00,6170.0,6171.0,6166.0,6168.0,10114.0,316146.0,315188.0
2025-04-02 14:00:00,6168.0,6172.0,6158.0,6161.0,13009.0,315188.0,313252.0
2025-04-02 14:30:00,6161.0,6166.0,6157.0,6161.0,15081.0,313252.0,309697.0
2025-04-02 21:00:00,6147.0,6173.0,6133.0,6170.0,37490.0,309697.0,310571.0
2025-04-02 21:30:00,6170.0,6179.0,6168.0,6175.0,15541.0,310571.0,311420.0
2025-04-02 22:00:00,6175.0,6185.0,6169.0,6171.0,22450.0,311420.0,311010.0
2025-04-02 22:30:00,6171.0,6179.0,6168.0,6177.0,13437.0,311010.0,308546.0
2025-04-03 09:00:00,6187.0,6190.0,6162.0,6181.0,29929.0,308546.0,308292.0
2025-04-03 09:30:00,6181.0,6184.0,6174.0,6177.0,7522.0,308292.0,308732.0
2025-04-03 10:00:00,6177.0,6180.0,6173.0,6176.0,4349.0,308732.0,308384.0
2025-04-03 10:30:00,6177.0,6194.0,6169.0,6177.0,27491.0,308384.0,308458.0
2025-04-03 11:00:00,6177.0,6178.0,6159.0,6162.0,20548.0,308458.0,306096.0
2025-04-03 13:30:00,6162.0,6182.0,6160.0,6182.0,16875.0,306096.0,306078.0
2025-04-03 14:00:00,6182.0,6184.0,6170.0,6182.0,17157.0,306078.0,303288.0
2025-04-03 14:30:00,6182.0,6189.0,6173.0,6189.0,20127.0,303288.0,302040.0
2025-04-07 09:00:00,6069.0,6110.0,6033.0,6100.0,111941.0,302040.0,276595.0
2025-04-07 09:30:00,6100.0,6119.0,6089.0,6096.0,26273.0,276595.0,272280.0
2025-04-07 10:00:00,6096.0,6114.0,6091.0,6105.0,9979.0,272280.0,270890.0
2025-04-07 10:30:00,6105.0,6120.0,6097.0,6107.0,15629.0,270890.0,269334.0
2025-04-07 11:00:00,6107.0,6109.0,6088.0,6091.0,17531.0,269334.0,267031.0
2025-04-07 13:30:00,6091.0,6091.0,6069.0,6084.0,34467.0,267031.0,260725.0
2025-04-07 14:00:00,6084.0,6090.0,6073.0,6086.0,13475.0,260725.0,258223.0
2025-04-07 14:30:00,6086.0,6104.0,6084.0,6087.0,22060.0,258223.0,253181.0
2025-04-07 21:00:00,6092.0,6102.0,6076.0,6080.0,36884.0,253181.0,253155.0
2025-04-07 21:30:00,6080.0,6092.0,6066.0,6090.0,23589.0,253155.0,251210.0
2025-04-07 22:00:00,6090.0,6120.0,6085.0,6099.0,34284.0,251210.0,248119.0
2025-04-07 22:30:00,6099.0,6109.0,6094.0,6094.0,15023.0,248119.0,245402.0
2025-04-08 09:00:00,6083.0,6083.0,6052.0,6063.0,45853.0,245402.0,241141.0
2025-04-08 09:30:00,6063.0,6066.0,6048.0,6054.0,22733.0,241141.0,239666.0
2025-04-08 10:00:00,6054.0,6054.0,6048.0,6050.0,6606.0,239666.0,238732.0
2025-04-08 10:30:00,6050.0,6059.0,6046.0,6050.0,16069.0,238732.0,237058.0
2025-04-08 11:00:00,6050.0,6054.0,6046.0,6047.0,10193.0,237058.0,234676.0
2025-04-08 13:30:00,6046.0,6058.0,6045.0,6052.0,18260.0,234676.0,230327.0
2025-04-08 14:00:00,6052.0,6057.0,6044.0,6056.0,17323.0,230327.0,227518.0
2025-04-08 14:30:00,6056.0,6060.0,6046.0,6048.0,18565.0,227518.0,223255.0
2025-04-08 21:00:00,6056.0,6070.0,6055.0,6059.0,33959.0,223255.0,219284.0
2025-04-08 21:30:00,6059.0,6063.0,6042.0,6050.0,19663.0,219284.0,218048.0
2025-04-08 22:00:00,6050.0,6054.0,6047.0,6053.0,9126.0,218048.0,217334.0
2025-04-08 22:30:00,6053.0,6055.0,6038.0,6043.0,16592.0,217334.0,215066.0
2025-04-09 09:00:00,6023.0,6023.0,5986.0,6004.0,78643.0,215066.0,196558.0
2025-04-09 09:30:00,6004.0,6016.0,5999.0,6005.0,18686.0,196558.0,193162.0
2025-04-09 10:00:00,6005.0,6013.0,6003.0,6008.0,6352.0,193162.0,192522.0
2025-04-09 10:30:00,6009.0,6018.0,6007.0,6018.0,13783.0,192522.0,190319.0
2025-04-09 11:00:00,6018.0,6022.0,6010.0,6018.0,10665.0,190319.0,188432.0
2025-04-09 13:30:00,6018.0,6018.0,6009.0,6010.0,10027.0,188432.0,186787.0
2025-04-09 14:00:00,6010.0,6016.0,6007.0,6009.0,10491.0,186787.0,185004.0
2025-04-09 14:30:00,6009.0,6010.0,6003.0,6006.0,18171.0,185004.0,178829.0
2025-04-09 21:00:00,5997.0,6001.0,5988.0,6001.0,28171.0,178829.0,175676.0
2025-04-09 21:30:00,6001.0,6011.0,5998.0,6000.0,13546.0,175676.0,173611.0
2025-04-09 22:00:00,6000.0,6004.0,5995.0,5995.0,8732.0,173611.0,172655.0
2025-04-09 22:30:00,5995.0,6001.0,5988.0,5992.0,10098.0,172655.0,171552.0
2025-04-10 09:00:00,5990.0,6057.0,5990.0,6043.0,46619.0,171552.0,170425.0
2025-04-10 09:30:00,6043.0,6065.0,6040.0,6059.0,17694.0,170425.0,171446.0
2025-04-10 10:00:00,6059.0,6077.0,6058.0,6075.0,13825.0,171446.0,169544.0
2025-04-10 10:30:00,6075.0,6075.0,6064.0,6064.0,10078.0,169544.0,167767.0
2025-04-10 11:00:00,6064.0,6067.0,6050.0,6055.0,9871.0,167767.0,165189.0
2025-04-10 13:30:00,6055.0,6068.0,6055.0,6061.0,12473.0,165189.0,161017.0
2025-04-10 14:00:00,6061.0,6069.0,6061.0,6064.0,4902.0,161017.0,160274.0
2025-04-10 14:30:00,6064.0,6089.0,6064.0,6082.0,17064.0,160274.0,159724.0
2025-04-10 21:00:00,6073.0,6076.0,6061.0,6065.0,21685.0,159724.0,157392.0
2025-04-10 21:30:00,6065.0,6070.0,6059.0,6060.0,10146.0,157392.0,156616.0
2025-04-10 22:00:00,6060.0,6073.0,6059.0,6073.0,7913.0,156616.0,155425.0
2025-04-10 22:30:00,6073.0,6075.0,6067.0,6070.0,5503.0,155425.0,154432.0
2025-04-11 09:00:00,6051.0,6058.0,6045.0,6055.0,13388.0,154432.0,152192.0
2025-04-11 09:30:00,6055.0,6061.0,6052.0,6057.0,4962.0,152192.0,152154.0
2025-04-11 10:00:00,6057.0,6065.0,6055.0,6061.0,3275.0,152154.0,152117.0
2025-04-11 10:30:00,6061.0,6070.0,6059.0,6070.0,6540.0,152117.0,151558.0
2025-04-11 11:00:00,6070.0,6075.0,6065.0,6075.0,6054.0,151558.0,150935.0
2025-04-11 13:30:00,6075.0,6088.0,6073.0,6086.0,12782.0,150935.0,152954.0
2025-04-11 14:00:00,6086.0,6094.0,6080.0,6083.0,14841.0,152954.0,147511.0
2025-04-11 14:30:00,6083.0,6091.0,6078.0,6086.0,9191.0,147511.0,145844.0
2025-04-11 21:00:00,5951.0,5956.0,5930.0,5933.0,25103.0,145844.0,273218.0
2025-04-11 21:30:00,5933.0,5939.0,5926.0,5927.0,11630.0,273218.0,274982.0
2025-04-11 22:00:00,5927.0,5929.0,5910.0,5911.0,18872.0,274982.0,274605.0
2025-04-11 22:30:00,5911.0,5919.0,5909.0,5913.0,14150.0,274605.0,272518.0
2025-04-14 09:00:00,5914.0,5933.0,5914.0,5930.0,20240.0,272518.0,273967.0
2025-04-14 09:30:00,5930.0,5934.0,5921.0,5921.0,10541.0,273967.0,275419.0
2025-04-14 10:00:00,5921.0,5926.0,5918.0,5924.0,4890.0,275419.0,275985.0
2025-04-14 10:30:00,5923.0,5924.0,5916.0,5923.0,6094.0,275985.0,276099.0
2025-04-14 11:00:00,5923.0,5928.0,5920.0,5925.0,4420.0,276099.0,276312.0
2025-04-14 13:30:00,5925.0,5930.0,5921.0,5921.0,7096.0,276312.0,276699.0
2025-04-14 14:00:00,5921.0,5934.0,5920.0,5930.0,9098.0,276699.0,277604.0
2025-04-14 14:30:00,5930.0,5933.0,5918.0,5918.0,10779.0,277604.0,277355.0
2025-04-14 21:00:00,5930.0,5942.0,5925.0,5931.0,29532.0,277355.0,282853.0
2025-04-14 21:30:00,5931.0,5933.0,5924.0,5928.0,10936.0,282853.0,283887.0
2025-04-14 22:00:00,5928.0,5930.0,5904.0,5906.0,26508.0,283887.0,288073.0
2025-04-14 22:30:00,5906.0,5914.0,5903.0,5904.0,17917.0,288073.0,288176.0
2025-04-15 09:00:00,5904.0,5908.0,5893.0,5901.0,26497.0,288176.0,289627.0
2025-04-15 09:30:00,5901.0,5905.0,5896.0,5902.0,8127.0,289627.0,289806.0
2025-04-15 10:00:00,5902.0,5909.0,5899.0,5907.0,6736.0,289806.0,289220.0
2025-04-15 10:30:00,5907.0,5907.0,5887.0,5889.0,14841.0,289220.0,289436.0
2025-04-15 11:00:00,5889.0,5900.0,5883.0,5898.0,12786.0,289436.0,288995.0
2025-04-15 13:30:00,5898.0,5900.0,5886.0,5897.0,11783.0,288995.0,289606.0
2025-04-15 14:00:00,5897.0,5898.0,5890.0,5893.0,7161.0,289606.0,289686.0
2025-04-15 14:30:00,5893.0,5903.0,5893.0,5896.0,13192.0,289686.0,289033.0
2025-04-15 21:00:00,5890.0,5895.0,5870.0,5881.0,45208.0,289033.0,292749.0
2025-04-15 21:30:00,5881.0,5883.0,5867.0,5871.0,22085.0,292749.0,294204.0
2025-04-15 22:00:00,5871.0,5874.0,5856.0,5862.0,27732.0,294204.0,295019.0
2025-04-15 22:30:00,5862.0,5875.0,5859.0,5874.0,15926.0,295019.0,293033.0
2025-04-16 09:00:00,5870.0,5880.0,5863.0,5877.0,20861.0,293033.0,293513.0
2025-04-16 09:30:00,5877.0,5885.0,5876.0,5880.0,10610.0,293513.0,294074.0
2025-04-16 10:00:00,5880.0,5882.0,5874.0,5875.0,4556.0,294074.0,294662.0
2025-04-16 10:30:00,5875.0,5878.0,5871.0,5876.0,7989.0,294662.0,294984.0
2025-04-16 11:00:00,5876.0,5877.0,5869.0,5870.0,11724.0,294984.0,295160.0
2025-04-16 13:30:00,5870.0,5873.0,5864.0,5870.0,13673.0,295160.0,295364.0
2025-04-16 14:00:00,5870.0,5876.0,5868.0,5873.0,10369.0,295364.0,296374.0
2025-04-16 14:30:00,5873.0,5887.0,5870.0,5884.0,21304.0,296374.0,295802.0
2025-04-16 21:00:00,5884.0,5910.0,5879.0,5906.0,48586.0,295802.0,297398.0
2025-04-16 21:30:00,5906.0,5909.0,5899.0,5905.0,16545.0,297398.0,299175.0
2025-04-16 22:00:00,5905.0,5917.0,5898.0,5915.0,20474.0,299175.0,298618.0
2025-04-16 22:30:00,5915.0,5916.0,5911.0,5913.0,13192.0,298618.0,298552.0
2025-04-17 09:00:00,5920.0,5927.0,5914.0,5915.0,26174.0,298552.0,300482.0
2025-04-17 09:30:00,5915.0,5926.0,5914.0,5917.0,12333.0,300482.0,299887.0
2025-04-17 10:00:00,5917.0,5919.0,5915.0,5917.0,3818.0,299887.0,299438.0
2025-04-17 10:30:00,5917.0,5923.0,5915.0,5923.0,7002.0,299438.0,299576.0
2025-04-17 11:00:00,5923.0,5942.0,5920.0,5942.0,22175.0,299576.0,301187.0
2025-04-17 13:30:00,5943.0,5946.0,5936.0,5944.0,21862.0,301187.0,302401.0
2025-04-17 14:00:00,5944.0,5945.0,5938.0,5940.0,13889.0,302401.0,303562.0
2025-04-17 14:30:00,5940.0,5944.0,5934.0,5936.0,19812.0,303562.0,303403.0
2025-04-17 21:00:00,5942.0,5964.0,5936.0,5963.0,48786.0,303403.0,310154.0
2025-04-17 21:30:00,5963.0,5965.0,5951.0,5953.0,20262.0,310154.0,310483.0
2025-04-17 22:00:00,5953.0,5956.0,5948.0,5949.0,13449.0,310483.0,311530.0
2025-04-17 22:30:00,5949.0,5951.0,5942.0,5950.0,14076.0,311530.0,310060.0
2025-04-18 09:00:00,5950.0,5962.0,5946.0,5957.0,19052.0,310060.0,312126.0
2025-04-18 09:30:00,5957.0,5962.0,5953.0,5954.0,11174.0,312126.0,312570.0
2025-04-18 10:00:00,5954.0,5959.0,5951.0,5952.0,4094.0,312570.0,312895.0
2025-04-18 10:30:00,5952.0,5959.0,5950.0,5954.0,8008.0,312895.0,313374.0
2025-04-18 11:00:00,5954.0,5959.0,5952.0,5954.0,8219.0,313374.0,313996.0
2025-04-18 13:30:00,5954.0,5958.0,5946.0,5956.0,16747.0,313996.0,315810.0
2025-04-18 14:00:00,5956.0,5959.0,5954.0,5957.0,8074.0,315810.0,316852.0
2025-04-18 14:30:00,5957.0,5959.0,5950.0,5952.0,14764.0,316852.0,315288.0
2025-04-18 21:00:00,5955.0,5970.0,5951.0,5958.0,31111.0,315288.0,317493.0
2025-04-18 21:30:00,5958.0,5976.0,5956.0,5973.0,26398.0,317493.0,318760.0
2025-04-18 22:00:00,5973.0,5974.0,5966.0,5972.0,8902.0,318760.0,318461.0
2025-04-18 22:30:00,5972.0,5975.0,5968.0,5971.0,9795.0,318461.0,317123.0
2025-04-21 09:00:00,5967.0,5992.0,5961.0,5978.0,40766.0,317123.0,319645.0
2025-04-21 09:30:00,5978.0,5999.0,5977.0,5997.0,23956.0,319645.0,323244.0
2025-04-21 10:00:00,5997.0,6014.0,5997.0,6011.0,29367.0,323244.0,329190.0
2025-04-21 10:30:00,6011.0,6024.0,6009.0,6016.0,34613.0,329190.0,334555.0
2025-04-21 11:00:00,6016.0,6018.0,6003.0,6012.0,22721.0,334555.0,333978.0
2025-04-21 13:30:00,6012.0,6012.0,6005.0,6006.0,11142.0,333978.0,334587.0
2025-04-21 14:00:00,6006.0,6010.0,6004.0,6005.0,11661.0,334587.0,333528.0
2025-04-21 14:30:00,6005.0,6010.0,6003.0,6005.0,15983.0,333528.0,332415.0
2025-04-21 21:00:00,6018.0,6019.0,5987.0,5989.0,48414.0,332415.0,336277.0
2025-04-21 21:30:00,5989.0,5992.0,5979.0,5983.0,26084.0,336277.0,335602.0
2025-04-21 22:00:00,5983.0,5985.0,5968.0,5970.0,21370.0,335602.0,335338.0
2025-04-21 22:30:00,5970.0,5981.0,5967.0,5975.0,20948.0,335338.0,333579.0
2025-04-22 09:00:00,5975.0,5991.0,5975.0,5983.0,19764.0,333579.0,335106.0
2025-04-22 09:30:00,5983.0,5989.0,5980.0,5986.0,11697.0,335106.0,336128.0
2025-04-22 10:00:00,5986.0,5987.0,5977.0,5982.0,6764.0,336128.0,335915.0
2025-04-22 10:30:00,5983.0,5986.0,5975.0,5985.0,12172.0,335915.0,336216.0
2025-04-22 11:00:00,5985.0,5990.0,5981.0,5983.0,11393.0,336216.0,335996.0
2025-04-22 13:30:00,5984.0,6000.0,5984.0,5995.0,23617.0,335996.0,337613.0
2025-04-22 14:00:00,5995.0,5999.0,5980.0,5982.0,16704.0,337613.0,336142.0
2025-04-22 14:30:00,5982.0,5987.0,5972.0,5978.0,24340.0,336142.0,334892.0
2025-04-22 21:00:00,5988.0,6003.0,5986.0,5997.0,35618.0,334892.0,338835.0
2025-04-22 21:30:00,5997.0,6005.0,5992.0,5994.0,20824.0,338835.0,340509.0
2025-04-22 22:00:00,5994.0,6009.0,5992.0,6001.0,21169.0,340509.0,342503.0
2025-04-22 22:30:00,6001.0,6002.0,5992.0,5993.0,15765.0,342503.0,341461.0
2025-04-23 09:00:00,5996.0,6008.0,5996.0,6002.0,21114.0,341461.0,344170.0
2025-04-23 09:30:00,6002.0,6004.0,5982.0,5988.0,22907.0,344170.0,345204.0
2025-04-23 10:00:00,5988.0,5989.0,5978.0,5982.0,11672.0,345204.0,346036.0
2025-04-23 10:30:00,5982.0,5990.0,5975.0,5988.0,15733.0,346036.0,345139.0
2025-04-23 11:00:00,5988.0,5991.0,5975.0,5976.0,13784.0,345139.0,344775.0
2025-04-23 13:30:00,5976.0,5987.0,5972.0,5984.0,10563.0,344775.0,344888.0
2025-04-23 14:00:00,5984.0,5985.0,5973.0,5983.0,12407.0,344888.0,344723.0
2025-04-23 14:30:00,5983.0,5988.0,5979.0,5986.0,14382.0,344723.0,343305.0
2025-04-23 21:00:00,5977.0,5979.0,5924.0,5925.0,94524.0,343305.0,339434.0
2025-04-23 21:30:00,5925.0,5934.0,5920.0,5928.0,33523.0,339434.0,336634.0
2025-04-23 22:00:00,5928.0,5934.0,5923.0,5927.0,17186.0,336634.0,334752.0
2025-04-23 22:30:00,5927.0,5938.0,5926.0,5937.0,15452.0,334752.0,331216.0
2025-04-24 09:00:00,5936.0,5950.0,5932.0,5948.0,22995.0,331216.0,330913.0
2025-04-24 09:30:00,5948.0,5956.0,5946.0,5950.0,22841.0,330913.0,331922.0
2025-04-24 10:00:00,5950.0,5954.0,5946.0,5950.0,5634.0,331922.0,331742.0
2025-04-24 10:30:00,5950.0,5952.0,5946.0,5950.0,8420.0,331742.0,331521.0
2025-04-24 11:00:00,5950.0,5951.0,5937.0,5944.0,15801.0,331521.0,330345.0
2025-04-24 13:30:00,5944.0,5945.0,5940.0,5942.0,7997.0,330345.0,329585.0
2025-04-24 14:00:00,5942.0,5947.0,5939.0,5941.0,10248.0,329585.0,329861.0
2025-04-24 14:30:00,5941.0,5948.0,5941.0,5945.0,11577.0,329861.0,328490.0
2025-04-24 21:00:00,5947.0,5961.0,5939.0,5954.0,40507.0,328490.0,328342.0
2025-04-24 21:30:00,5954.0,5955.0,5942.0,5950.0,22086.0,328342.0,328095.0
2025-04-24 22:00:00,5950.0,5956.0,5946.0,5954.0,11439.0,328095.0,328120.0
2025-04-24 22:30:00,5954.0,5954.0,5945.0,5948.0,10718.0,328120.0,326718.0
2025-04-25 09:00:00,5955.0,5974.0,5953.0,5968.0,34004.0,326718.0,329090.0
2025-04-25 09:30:00,5968.0,5970.0,5963.0,5963.0,8707.0,329090.0,328438.0
2025-04-25 10:00:00,5963.0,5967.0,5961.0,5963.0,6338.0,328438.0,329045.0
2025-04-25 10:30:00,5963.0,5974.0,5961.0,5974.0,9349.0,329045.0,329500.0
2025-04-25 11:00:00,5974.0,6009.0,5971.0,5993.0,56655.0,329500.0,336550.0
2025-04-25 13:30:00,5993.0,5995.0,5979.0,5983.0,23803.0,336550.0,336755.0
2025-04-25 14:00:00,5983.0,5984.0,5971.0,5973.0,20571.0,336755.0,333653.0
2025-04-25 14:30:00,5973.0,5982.0,5972.0,5974.0,15055.0,333653.0,332852.0
2025-04-25 21:00:00,5974.0,5976.0,5956.0,5964.0,29169.0,332852.0,333340.0
2025-04-25 21:30:00,5964.0,5970.0,5958.0,5964.0,14719.0,333340.0,334765.0
2025-04-25 22:00:00,5964.0,5979.0,5961.0,5977.0,14877.0,334765.0,335600.0
2025-04-25 22:30:00,5977.0,5979.0,5960.0,5962.0,18568.0,335600.0,334127.0
2025-04-28 09:00:00,5972.0,5995.0,5972.0,5978.0,36905.0,334127.0,338509.0
2025-04-28 09:30:00,5978.0,5987.0,5977.0,5983.0,12243.0,338509.0,339847.0
2025-04-28 10:00:00,5983.0,5990.0,5982.0,5984.0,5537.0,339847.0,340879.0
2025-04-28 10:30:00,5984.0,5989.0,5971.0,5975.0,16052.0,340879.0,341193.0
2025-04-28 11:00:00,5975.0,5980.0,5972.0,5976.0,10009.0,341193.0,340358.0
2025-04-28 13:30:00,5975.0,5978.0,5966.0,5971.0,15754.0,340358.0,338941.0
2025-04-28 14:00:00,5971.0,5983.0,5970.0,5982.0,10514.0,338941.0,339892.0
2025-04-28 14:30:00,5982.0,5985.0,5975.0,5977.0,12983.0,339892.0,338467.0
2025-04-28 21:00:00,5934.0,5935.0,5895.0,5913.0,94210.0,338467.0,331885.0
2025-04-28 21:30:00,5913.0,5918.0,5907.0,5917.0,20033.0,331885.0,330211.0
2025-04-28 22:00:00,5917.0,5928.0,5916.0,5925.0,21193.0,330211.0,328698.0
2025-04-28 22:30:00,5925.0,5927.0,5920.0,5922.0,9378.0,328698.0,326958.0
2025-04-29 09:00:00,5920.0,5921.0,5905.0,5913.0,23968.0,326958.0,326636.0
2025-04-29 09:30:00,5913.0,5916.0,5909.0,5911.0,9866.0,326636.0,326948.0
2025-04-29 10:00:00,5911.0,5918.0,5910.0,5917.0,4120.0,326948.0,326763.0
2025-04-29 10:30:00,5917.0,5924.0,5914.0,5922.0,10344.0,326763.0,325968.0
2025-04-29 11:00:00,5922.0,5927.0,5920.0,5924.0,10268.0,325968.0,325339.0
2025-04-29 13:30:00,5924.0,5943.0,5922.0,5938.0,22823.0,325339.0,325866.0
2025-04-29 14:00:00,5938.0,5938.0,5931.0,5937.0,9613.0,325866.0,325354.0
2025-04-29 14:30:00,5937.0,5939.0,5932.0,5936.0,14792.0,325354.0,322020.0
2025-04-29 21:00:00,5908.0,5918.0,5888.0,5899.0,62668.0,322020.0,322359.0
2025-04-29 21:30:00,5899.0,5906.0,5892.0,5892.0,15284.0,322359.0,321990.0
2025-04-29 22:00:00,5892.0,5894.0,5881.0,5885.0,24495.0,321990.0,323450.0
2025-04-29 22:30:00,5885.0,5888.0,5873.0,5878.0,29278.0,323450.0,323362.0
2025-04-30 09:00:00,5880.0,5885.0,5873.0,5881.0,21062.0,323362.0,319558.0
2025-04-30 09:30:00,5881.0,5883.0,5875.0,5880.0,10973.0,319558.0,319342.0
2025-04-30 10:00:00,5880.0,5885.0,5879.0,5885.0,5142.0,319342.0,319096.0
2025-04-30 10:30:00,5885.0,5886.0,5877.0,5879.0,9371.0,319096.0,318423.0
2025-04-30 11:00:00,5879.0,5881.0,5872.0,5874.0,10283.0,318423.0,317679.0
2025-04-30 13:30:00,5874.0,5884.0,5874.0,5884.0,16201.0,317679.0,314637.0
2025-04-30 14:00:00,5884.0,5894.0,5883.0,5891.0,16751.0,314637.0,312458.0
2025-04-30 14:30:00,5891.0,5898.0,5885.0,5887.0,20326.0,312458.0,306202.0
2025-05-06 09:00:00,5871.0,5907.0,5866.0,5888.0,40940.0,306202.0,308467.0
2025-05-06 09:30:00,5888.0,5898.0,5885.0,5890.0,11357.0,308467.0,308834.0
2025-05-06 10:00:00,5890.0,5899.0,5888.0,5893.0,6740.0,308834.0,307972.0
2025-05-06 10:30:00,5892.0,5898.0,5882.0,5886.0,10238.0,307972.0,307697.0
2025-05-06 11:00:00,5886.0,5888.0,5880.0,5882.0,8196.0,307697.0,307342.0
2025-05-06 13:30:00,5882.0,5888.0,5881.0,5887.0,9174.0,307342.0,306466.0
2025-05-06 14:00:00,5887.0,5896.0,5885.0,5895.0,9707.0,306466.0,306211.0
2025-05-06 14:30:00,5895.0,5899.0,5889.0,5890.0,11612.0,306211.0,305344.0
2025-05-06 21:00:00,5897.0,5912.0,5895.0,5907.0,33510.0,305344.0,311278.0
2025-05-06 21:30:00,5907.0,5907.0,5891.0,5893.0,20518.0,311278.0,311232.0
2025-05-06 22:00:00,5893.0,5894.0,5886.0,5889.0,15610.0,311232.0,312668.0
2025-05-06 22:30:00,5889.0,5896.0,5889.0,5892.0,10564.0,312668.0,311538.0
2025-05-07 09:00:00,5888.0,5900.0,5883.0,5897.0,21864.0,311538.0,311518.0
2025-05-07 09:30:00,5897.0,5898.0,5881.0,5882.0,13121.0,311518.0,312402.0
2025-05-07 10:00:00,5882.0,5883.0,5875.0,5880.0,9148.0,312402.0,313846.0
2025-05-07 10:30:00,5879.0,5883.0,5873.0,5877.0,10063.0,313846.0,314664.0
2025-05-07 11:00:00,5877.0,5880.0,5874.0,5879.0,6598.0,314664.0,315024.0
2025-05-07 13:30:00,5879.0,5883.0,5877.0,5880.0,6249.0,315024.0,314700.0
2025-05-07 14:00:00,5880.0,5885.0,5877.0,5882.0,5210.0,314700.0,314467.0
2025-05-07 14:30:00,5882.0,5887.0,5863.0,5868.0,26771.0,314467.0,316561.0
2025-05-07 21:00:00,5845.0,5849.0,5814.0,5829.0,76225.0,316561.0,326258.0
2025-05-07 21:30:00,5829.0,5830.0,5820.0,5828.0,14899.0,326258.0,326540.0
2025-05-07 22:00:00,5828.0,5833.0,5824.0,5831.0,9714.0,326540.0,324900.0
2025-05-07 22:30:00,5831.0,5832.0,5825.0,5825.0,8406.0,324900.0,323155.0
2025-05-08 09:00:00,5825.0,5829.0,5818.0,5821.0,19827.0,323155.0,324235.0
2025-05-08 09:30:00,5821.0,5829.0,5818.0,5821.0,9525.0,324235.0,324604.0
2025-05-08 10:00:00,5821.0,5828.0,5820.0,5827.0,5515.0,324604.0,324165.0
2025-05-08 10:30:00,5827.0,5831.0,5824.0,5829.0,10047.0,324165.0,323400.0
2025-05-08 11:00:00,5829.0,5832.0,5821.0,5822.0,9884.0,323400.0,323248.0
2025-05-08 13:30:00,5822.0,5823.0,5808.0,5818.0,27046.0,323248.0,326111.0
2025-05-08 14:00:00,5818.0,5820.0,5811.0,5813.0,8264.0,326111.0,326281.0
2025-05-08 14:30:00,5813.0,5817.0,5809.0,5813.0,15467.0,326281.0,327000.0
2025-05-08 21:00:00,5835.0,5840.0,5827.0,5836.0,40846.0,327000.0,327910.0
2025-05-08 21:30:00,5836.0,5845.0,5835.0,5841.0,19117.0,327910.0,328082.0
2025-05-08 22:00:00,5841.0,5846.0,5840.0,5845.0,7552.0,328082.0,327577.0
2025-05-08 22:30:00,5845.0,5845.0,5836.0,5836.0,10423.0,327577.0,325319.0
2025-05-09 09:00:00,5844.0,5854.0,5844.0,5845.0,17257.0,325319.0,323520.0
2025-05-09 09:30:00,5845.0,5848.0,5840.0,5841.0,7665.0,323520.0,322594.0
2025-05-09 10:00:00,5841.0,5842.0,5838.0,5840.0,3346.0,322594.0,322458.0
2025-05-09 10:30:00,5840.0,5843.0,5837.0,5837.0,5671.0,322458.0,322002.0
2025-05-09 11:00:00,5837.0,5842.0,5835.0,5841.0,8015.0,322002.0,320789.0
2025-05-09 13:30:00,5841.0,5849.0,5841.0,5843.0,11312.0,320789.0,319298.0
2025-05-09 14:00:00,5843.0,5845.0,5841.0,5843.0,5547.0,319298.0,318830.0
2025-05-09 14:30:00,5843.0,5844.0,5838.0,5839.0,10165.0,318830.0,317090.0
2025-05-09 21:00:00,5866.0,5875.0,5852.0,5856.0,37239.0,317090.0,318208.0
2025-05-09 21:30:00,5856.0,5860.0,5850.0,5855.0,9286.0,318208.0,318443.0
2025-05-09 22:00:00,5855.0,5855.0,5846.0,5850.0,10053.0,318443.0,318451.0
2025-05-09 22:30:00,5850.0,5852.0,5844.0,5845.0,11700.0,318451.0,315504.0
2025-05-12 09:00:00,5845.0,5879.0,5845.0,5869.0,35817.0,315504.0,315071.0
2025-05-12 09:30:00,5869.0,5869.0,5853.0,5858.0,13052.0,315071.0,315014.0
2025-05-12 10:00:00,5858.0,5869.0,5857.0,5868.0,4582.0,315014.0,315293.0
2025-05-12 10:30:00,5868.0,5876.0,5865.0,5875.0,12771.0,315293.0,315800.0
2025-05-12 11:00:00,5875.0,5879.0,5872.0,5874.0,8219.0,315800.0,315085.0
2025-05-12 13:30:00,5874.0,5878.0,5869.0,5876.0,10446.0,315085.0,313087.0
2025-05-12 14:00:00,5876.0,5889.0,5876.0,5889.0,20151.0,313087.0,311463.0
2025-05-12 14:30:00,5889.0,5893.0,5884.0,5885.0,16353.0,311463.0,308154.0
2025-05-12 21:00:00,5879.0,5892.0,5873.0,5890.0,28297.0,308154.0,308567.0
2025-05-12 21:30:00,5890.0,5895.0,5887.0,5889.0,10707.0,308567.0,308272.0
2025-05-12 22:00:00,5889.0,5892.0,5884.0,5885.0,8905.0,308272.0,308172.0
2025-05-12 22:30:00,5885.0,5887.0,5877.0,5882.0,12540.0,308172.0,306569.0
2025-05-13 09:00:00,5865.0,5877.0,5862.0,5873.0,19404.0,306569.0,305758.0
2025-05-13 09:30:00,5873.0,5875.0,5866.0,5868.0,7091.0,305758.0,305641.0
2025-05-13 10:00:00,5868.0,5868.0,5864.0,5866.0,4748.0,305641.0,305241.0
2025-05-13 10:30:00,5866.0,5866.0,5853.0,5857.0,15780.0,305241.0,306267.0
2025-05-13 11:00:00,5857.0,5861.0,5856.0,5859.0,6840.0,306267.0,306668.0
2025-05-13 13:30:00,5859.0,5861.0,5840.0,5845.0,20976.0,306668.0,308249.0
2025-05-13 14:00:00,5845.0,5854.0,5840.0,5852.0,13387.0,308249.0,309131.0
2025-05-13 14:30:00,5852.0,5858.0,5851.0,5853.0,12180.0,309131.0,309043.0
2025-05-13 21:00:00,5882.0,5901.0,5881.0,5895.0,48488.0,309043.0,311035.0
2025-05-13 21:30:00,5895.0,5908.0,5894.0,5901.0,22613.0,311035.0,310127.0
2025-05-13 22:00:00,5901.0,5906.0,5894.0,5895.0,17587.0,310127.0,308294.0
2025-05-13 22:30:00,5895.0,5898.0,5891.0,5893.0,14839.0,308294.0,305092.0
2025-05-14 09:00:00,5898.0,5903.0,5896.0,5898.0,13561.0,305092.0,304865.0
2025-05-14 09:30:00,5898.0,5926.0,5896.0,5922.0,34663.0,304865.0,300296.0
2025-05-14 10:00:00,5922.0,5924.0,5918.0,5919.0,9181.0,300296.0,299763.0
2025-05-14 10:30:00,5920.0,5922.0,5915.0,5919.0,10208.0,299763.0,300366.0
2025-05-14 11:00:00,5919.0,5921.0,5910.0,5913.0,13819.0,300366.0,300868.0
2025-05-14 13:30:00,5913.0,5916.0,5909.0,5914.0,10238.0,300868.0,300668.0
2025-05-14 14:00:00,5914.0,5914.0,5905.0,5910.0,8834.0,300668.0,300769.0
2025-05-14 14:30:00,5910.0,5912.0,5904.0,5906.0,12291.0,300769.0,299001.0
2025-05-14 21:00:00,5892.0,5894.0,5884.0,5893.0,30949.0,299001.0,301204.0
2025-05-14 21:30:00,5893.0,5893.0,5885.0,5886.0,10419.0,301204.0,300689.0
2025-05-14 22:00:00,5886.0,5890.0,5883.0,5888.0,11908.0,300689.0,300867.0
2025-05-14 22:30:00,5888.0,5891.0,5886.0,5888.0,7428.0,300867.0,299351.0
2025-05-15 09:00:00,5882.0,5885.0,5864.0,5867.0,30176.0,299351.0,298945.0
2025-05-15 09:30:00,5867.0,5880.0,5867.0,5878.0,9502.0,298945.0,299000.0
2025-05-15 10:00:00,5878.0,5886.0,5878.0,5881.0,6751.0,299000.0,299811.0
2025-05-15 10:30:00,5881.0,5883.0,5875.0,5877.0,8632.0,299811.0,299734.0
2025-05-15 11:00:00,5877.0,5884.0,5874.0,5883.0,7797.0,299734.0,300402.0
2025-05-15 13:30:00,5883.0,5883.0,5877.0,5883.0,7768.0,300402.0,300866.0
2025-05-15 14:00:00,5883.0,5889.0,5881.0,5887.0,10603.0,300866.0,301451.0
2025-05-15 14:30:00,5887.0,5893.0,5886.0,5886.0,13781.0,301451.0,301138.0
2025-05-15 21:00:00,5868.0,5874.0,5857.0,5865.0,37310.0,301138.0,301653.0
2025-05-15 21:30:00,5865.0,5867.0,5855.0,5856.0,15318.0,301653.0,301934.0
2025-05-15 22:00:00,5856.0,5858.0,5848.0,5849.0,16846.0,301934.0,302575.0
2025-05-15 22:30:00,5849.0,5858.0,5848.0,5856.0,12091.0,302575.0,301058.0
2025-05-16 09:00:00,5857.0,5864.0,5856.0,5861.0,11103.0,301058.0,300602.0
2025-05-16 09:30:00,5861.0,5863.0,5856.0,5859.0,5753.0,300602.0,300588.0
2025-05-16 10:00:00,5859.0,5859.0,5854.0,5857.0,3398.0,300588.0,300449.0
2025-05-16 10:30:00,5856.0,5857.0,5851.0,5852.0,8060.0,300449.0,301435.0
2025-05-16 11:00:00,5852.0,5855.0,5850.0,5854.0,6665.0,301435.0,302395.0
2025-05-16 13:30:00,5853.0,5857.0,5850.0,5853.0,6976.0,302395.0,302598.0
2025-05-16 14:00:00,5853.0,5859.0,5853.0,5858.0,6810.0,302598.0,302261.0
2025-05-16 14:30:00,5858.0,5861.0,5855.0,5855.0,12051.0,302261.0,301174.0
2025-05-16 21:00:00,5852.0,5872.0,5843.0,5867.0,28867.0,301174.0,300220.0
2025-05-16 21:30:00,5867.0,5870.0,5853.0,5856.0,15386.0,300220.0,300401.0
2025-05-16 22:00:00,5856.0,5860.0,5854.0,5856.0,6166.0,300401.0,300685.0
2025-05-16 22:30:00,5856.0,5856.0,5836.0,5841.0,22318.0,300685.0,301844.0
2025-05-19 09:00:00,5846.0,5869.0,5846.0,5866.0,26160.0,301844.0,302333.0
2025-05-19 09:30:00,5866.0,5871.0,5861.0,5865.0,11638.0,302333.0,302556.0
2025-05-19 10:00:00,5865.0,5866.0,5862.0,5863.0,2320.0,302556.0,302266.0
2025-05-19 10:30:00,5862.0,5864.0,5858.0,5864.0,7783.0,302266.0,301531.0
2025-05-19 11:00:00,5864.0,5865.0,5853.0,5855.0,9289.0,301531.0,300600.0
2025-05-19 13:30:00,5855.0,5860.0,5853.0,5857.0,6932.0,300600.0,300313.0
2025-05-19 14:00:00,5857.0,5861.0,5854.0,5854.0,4771.0,300313.0,300410.0
2025-05-19 14:30:00,5854.0,5856.0,5851.0,5853.0,10352.0,300410.0,299940.0
2025-05-19 21:00:00,5862.0,5878.0,5856.0,5873.0,25567.0,299940.0,301721.0
2025-05-19 21:30:00,5873.0,5875.0,5865.0,5871.0,16576.0,301721.0,302665.0
2025-05-19 22:00:00,5871.0,5873.0,5867.0,5869.0,7175.0,302665.0,302393.0
2025-05-19 22:30:00,5869.0,5873.0,5864.0,5865.0,9164.0,302393.0,301493.0
2025-05-20 09:00:00,5860.0,5860.0,5844.0,5850.0,22418.0,301493.0,300801.0
2025-05-20 09:30:00,5850.0,5858.0,5848.0,5857.0,6815.0,300801.0,300952.0
2025-05-20 10:00:00,5857.0,5860.0,5854.0,5855.0,4563.0,300952.0,300739.0
2025-05-20 10:30:00,5855.0,5857.0,5853.0,5856.0,3947.0,300739.0,301092.0
2025-05-20 11:00:00,5856.0,5860.0,5854.0,5857.0,3899.0,301092.0,301216.0
2025-05-20 13:30:00,5857.0,5861.0,5849.0,5853.0,10145.0,301216.0,301638.0
2025-05-20 14:00:00,5853.0,5853.0,5844.0,5846.0,10178.0,301638.0,301431.0
2025-05-20 14:30:00,5846.0,5851.0,5844.0,5849.0,9234.0,301431.0,299729.0
2025-05-20 21:00:00,5848.0,5852.0,5838.0,5852.0,23426.0,299729.0,302493.0
2025-05-20 21:30:00,5852.0,5852.0,5842.0,5847.0,12564.0,302493.0,302943.0
2025-05-20 22:00:00,5847.0,5855.0,5845.0,5845.0,12143.0,302943.0,301557.0
2025-05-20 22:30:00,5845.0,5846.0,5840.0,5840.0,9306.0,301557.0,301563.0
2025-05-21 09:00:00,5840.0,5851.0,5836.0,5843.0,19874.0,301563.0,301640.0
2025-05-21 09:30:00,5843.0,5847.0,5841.0,5844.0,5245.0,301640.0,300418.0
2025-05-21 10:00:00,5844.0,5845.0,5841.0,5841.0,2433.0,300418.0,300484.0
2025-05-21 10:30:00,5841.0,5861.0,5841.0,5854.0,20484.0,300484.0,298364.0
2025-05-21 11:00:00,5854.0,5863.0,5854.0,5859.0,12324.0,298364.0,298514.0
2025-05-21 13:30:00,5859.0,5868.0,5859.0,5861.0,9587.0,298514.0,297765.0
2025-05-21 14:00:00,5861.0,5862.0,5858.0,5859.0,4244.0,297765.0,297564.0
2025-05-21 14:30:00,5859.0,5863.0,5857.0,5863.0,8066.0,297564.0,296306.0
2025-05-21 21:00:00,5865.0,5868.0,5855.0,5859.0,17661.0,296306.0,295676.0
2025-05-21 21:30:00,5859.0,5867.0,5859.0,5863.0,8672.0,295676.0,295168.0
2025-05-21 22:00:00,5863.0,5875.0,5863.0,5874.0,13360.0,295168.0,295897.0
2025-05-21 22:30:00,5874.0,5882.0,5873.0,5873.0,20668.0,295897.0,294131.0
2025-05-22 09:00:00,5875.0,5880.0,5869.0,5876.0,16614.0,294131.0,295026.0
2025-05-22 09:30:00,5876.0,5879.0,5874.0,5877.0,7065.0,295026.0,295675.0
2025-05-22 10:00:00,5877.0,5883.0,5877.0,5878.0,6020.0,295675.0,296311.0
2025-05-22 10:30:00,5878.0,5882.0,5876.0,5878.0,6250.0,296311.0,296065.0
2025-05-22 11:00:00,5878.0,5879.0,5873.0,5875.0,7088.0,296065.0,296099.0
2025-05-22 13:30:00,5875.0,5875.0,5865.0,5865.0,15471.0,296099.0,294772.0
2025-05-22 14:00:00,5865.0,5866.0,5860.0,5861.0,9579.0,294772.0,294189.0
2025-05-22 14:30:00,5861.0,5863.0,5854.0,5855.0,13536.0,294189.0,292351.0
2025-05-22 21:00:00,5836.0,5848.0,5830.0,5840.0,39294.0,292351.0,294275.0
2025-05-22 21:30:00,5840.0,5840.0,5828.0,5828.0,23662.0,294275.0,295423.0
2025-05-22 22:00:00,5828.0,5840.0,5826.0,5838.0,13724.0,295423.0,296046.0
2025-05-22 22:30:00,5838.0,5843.0,5835.0,5835.0,9934.0,296046.0,294540.0
2025-05-23 09:00:00,5836.0,5840.0,5832.0,5838.0,12345.0,294540.0,294015.0
2025-05-23 09:30:00,5838.0,5841.0,5835.0,5838.0,6157.0,294015.0,293858.0
2025-05-23 10:00:00,5838.0,5842.0,5837.0,5838.0,3073.0,293858.0,293818.0
2025-05-23 10:30:00,5838.0,5841.0,5828.0,5828.0,12713.0,293818.0,295185.0
2025-05-23 11:00:00,5828.0,5841.0,5828.0,5837.0,9775.0,295185.0,295031.0
2025-05-23 13:30:00,5837.0,5842.0,5836.0,5838.0,8033.0,295031.0,294338.0
2025-05-23 14:00:00,5838.0,5839.0,5832.0,5833.0,6512.0,294338.0,294614.0
2025-05-23 14:30:00,5833.0,5835.0,5830.0,5833.0,10056.0,294614.0,293675.0
2025-05-23 21:00:00,5822.0,5825.0,5811.0,5820.0,31836.0,293675.0,300464.0
2025-05-23 21:30:00,5820.0,5828.0,5817.0,5825.0,13535.0,300464.0,301719.0
2025-05-23 22:00:00,5825.0,5830.0,5824.0,5826.0,7999.0,301719.0,301533.0
2025-05-23 22:30:00,5826.0,5828.0,5821.0,5826.0,6080.0,301533.0,301025.0
2025-05-26 09:00:00,5826.0,5831.0,5823.0,5830.0,13465.0,301025.0,302484.0
2025-05-26 09:30:00,5830.0,5839.0,5829.0,5834.0,10618.0,302484.0,302857.0
2025-05-26 10:00:00,5834.0,5837.0,5832.0,5835.0,3136.0,302857.0,302862.0
2025-05-26 10:30:00,5835.0,5836.0,5828.0,5829.0,6816.0,302862.0,301705.0
2025-05-26 11:00:00,5829.0,5831.0,5822.0,5829.0,8070.0,301705.0,302102.0
2025-05-26 13:30:00,5829.0,5831.0,5822.0,5824.0,7913.0,302102.0,302280.0
2025-05-26 14:00:00,5824.0,5826.0,5820.0,5823.0,7618.0,302280.0,303193.0
2025-05-26 14:30:00,5823.0,5836.0,5822.0,5835.0,10621.0,303193.0,302080.0
2025-05-26 21:00:00,5826.0,5832.0,5809.0,5818.0,29628.0,302080.0,304489.0
2025-05-26 21:30:00,5818.0,5827.0,5817.0,5823.0,11361.0,304489.0,304773.0
2025-05-26 22:00:00,5823.0,5823.0,5818.0,5819.0,4165.0,304773.0,304282.0
2025-05-26 22:30:00,5819.0,5820.0,5807.0,5809.0,20144.0,304282.0,305559.0
2025-05-27 09:00:00,5810.0,5816.0,5809.0,5814.0,11956.0,305559.0,306340.0
2025-05-27 09:30:00,5814.0,5820.0,5814.0,5820.0,6702.0,306340.0,305623.0
2025-05-27 10:00:00,5820.0,5822.0,5817.0,5821.0,4584.0,305623.0,305304.0
2025-05-27 10:30:00,5821.0,5841.0,5820.0,5837.0,22241.0,305304.0,307475.0
2025-05-27 11:00:00,5837.0,5842.0,5834.0,5839.0,14684.0,307475.0,307224.0
2025-05-27 13:30:00,5839.0,5845.0,5839.0,5840.0,18262.0,307224.0,307690.0
2025-05-27 14:00:00,5840.0,5844.0,5839.0,5842.0,7704.0,307690.0,306824.0
2025-05-27 14:30:00,5842.0,5844.0,5838.0,5841.0,10580.0,306824.0,304757.0
2025-05-27 21:00:00,5840.0,5844.0,5822.0,5824.0,27995.0,304757.0,302783.0
2025-05-27 21:30:00,5824.0,5824.0,5808.0,5811.0,24862.0,302783.0,304961.0
2025-05-27 22:00:00,5811.0,5811.0,5801.0,5809.0,28774.0,304961.0,307416.0
2025-05-27 22:30:00,5809.0,5809.0,5801.0,5805.0,11901.0,307416.0,307314.0
2025-05-28 09:00:00,5815.0,5818.0,5808.0,5813.0,18020.0,307314.0,306550.0
2025-05-28 09:30:00,5813.0,5814.0,5808.0,5813.0,4435.0,306550.0,306985.0
2025-05-28 10:00:00,5813.0,5813.0,5807.0,5808.0,2253.0,306985.0,307193.0
2025-05-28 10:30:00,5809.0,5817.0,5808.0,5815.0,7167.0,307193.0,306961.0
2025-05-28 11:00:00,5815.0,5815.0,5802.0,5803.0,10907.0,306961.0,307549.0
2025-05-28 13:30:00,5803.0,5806.0,5792.0,5796.0,29783.0,307549.0,310080.0
2025-05-28 14:00:00,5796.0,5797.0,5793.0,5794.0,10289.0,310080.0,309908.0
2025-05-28 14:30:00,5794.0,5801.0,5793.0,5795.0,18540.0,309908.0,308545.0
2025-05-28 21:00:00,5790.0,5795.0,5780.0,5786.0,30359.0,308545.0,313336.0
2025-05-28 21:30:00,5786.0,5793.0,5786.0,5792.0,7938.0,313336.0,313168.0
2025-05-28 22:00:00,5792.0,5798.0,5790.0,5792.0,10967.0,313168.0,311717.0
2025-05-28 22:30:00,5792.0,5793.0,5781.0,5786.0,11620.0,311717.0,310708.0
2025-05-29 09:00:00,5784.0,5786.0,5776.0,5780.0,20984.0,310708.0,312416.0
2025-05-29 09:30:00,5780.0,5790.0,5777.0,5786.0,9806.0,312416.0,311846.0
2025-05-29 10:00:00,5786.0,5790.0,5780.0,5785.0,5900.0,311846.0,311480.0
2025-05-29 10:30:00,5784.0,5786.0,5772.0,5773.0,14162.0,311480.0,312029.0
2025-05-29 11:00:00,5773.0,5780.0,5770.0,5775.0,11393.0,312029.0,311754.0
2025-05-29 13:30:00,5775.0,5783.0,5775.0,5780.0,9508.0,311754.0,310571.0
2025-05-29 14:00:00,5780.0,5781.0,5775.0,5780.0,8116.0,310571.0,310389.0
2025-05-29 14:30:00,5780.0,5784.0,5777.0,5783.0,10289.0,310389.0,308960.0
2025-05-29 21:00:00,5777.0,5780.0,5763.0,5769.0,43364.0,308960.0,318435.0
2025-05-29 21:30:00,5769.0,5775.0,5760.0,5772.0,21937.0,318435.0,321990.0
2025-05-29 22:00:00,5772.0,5777.0,5766.0,5771.0,13855.0,321990.0,322628.0
2025-05-29 22:30:00,5771.0,5774.0,5768.0,5771.0,6762.0,322628.0,321406.0
2025-05-30 09:00:00,5773.0,5774.0,5766.0,5767.0,11827.0,321406.0,321645.0
2025-05-30 09:30:00,5767.0,5770.0,5765.0,5766.0,5488.0,321645.0,322012.0
2025-05-30 10:00:00,5766.0,5769.0,5763.0,5763.0,3996.0,322012.0,322168.0
2025-05-30 10:30:00,5763.0,5773.0,5761.0,5773.0,8330.0,322168.0,321438.0
2025-05-30 11:00:00,5773.0,5777.0,5768.0,5768.0,9138.0,321438.0,320072.0
2025-05-30 13:30:00,5768.0,5772.0,5767.0,5769.0,4379.0,320072.0,319745.0
2025-05-30 14:00:00,5769.0,5770.0,5763.0,5767.0,7510.0,319745.0,319638.0
2025-05-30 14:30:00,5767.0,5773.0,5762.0,5763.0,13707.0,319638.0,316394.0
2025-06-03 09:00:00,5752.0,5755.0,5733.0,5753.0,39360.0,316394.0,323198.0
2025-06-03 09:30:00,5753.0,5756.0,5747.0,5756.0,8657.0,323198.0,323245.0
2025-06-03 10:00:00,5756.0,5757.0,5749.0,5751.0,3827.0,323245.0,322783.0
2025-06-03 10:30:00,5751.0,5758.0,5749.0,5757.0,5800.0,322783.0,323170.0
2025-06-03 11:00:00,5757.0,5758.0,5751.0,5755.0,5761.0,323170.0,322957.0
2025-06-03 13:30:00,5755.0,5757.0,5735.0,5736.0,18309.0,322957.0,325105.0
2025-06-03 14:00:00,5736.0,5736.0,5726.0,5728.0,19019.0,325105.0,328703.0
2025-06-03 14:30:00,5728.0,5733.0,5726.0,5732.0,13753.0,328703.0,330034.0
2025-06-03 21:00:00,5738.0,5740.0,5719.0,5725.0,26600.0,330034.0,330719.0
2025-06-03 21:30:00,5725.0,5726.0,5712.0,5720.0,17803.0,330719.0,332880.0
2025-06-03 22:00:00,5720.0,5725.0,5716.0,5722.0,11075.0,332880.0,333084.0
2025-06-03 22:30:00,5722.0,5723.0,5715.0,5718.0,7558.0,333084.0,333035.0
2025-06-04 09:00:00,5731.0,5733.0,5722.0,5725.0,20390.0,333035.0,334467.0
2025-06-04 09:30:00,5725.0,5735.0,5725.0,5733.0,11236.0,334467.0,335046.0
2025-06-04 10:00:00,5733.0,5736.0,5732.0,5734.0,3581.0,335046.0,335132.0
2025-06-04 10:30:00,5734.0,5736.0,5729.0,5732.0,6317.0,335132.0,335666.0
2025-06-04 11:00:00,5732.0,5748.0,5732.0,5743.0,13762.0,335666.0,335794.0
2025-06-04 13:30:00,5743.0,5749.0,5740.0,5748.0,13384.0,335794.0,337854.0
2025-06-04 14:00:00,5748.0,5749.0,5743.0,5743.0,9546.0,337854.0,337347.0
2025-06-04 14:30:00,5743.0,5754.0,5743.0,5748.0,16120.0,337347.0,335901.0
2025-06-04 21:00:00,5744.0,5753.0,5735.0,5746.0,23217.0,335901.0,335506.0
2025-06-04 21:30:00,5746.0,5751.0,5744.0,5747.0,8364.0,335506.0,335244.0
2025-06-04 22:00:00,5747.0,5747.0,5738.0,5744.0,14366.0,335244.0,334938.0
2025-06-04 22:30:00,5744.0,5749.0,5739.0,5739.0,9841.0,334938.0,333517.0
2025-06-05 09:00:00,5735.0,5735.0,5724.0,5726.0,19097.0,333517.0,334424.0
2025-06-05 09:30:00,5726.0,5734.0,5724.0,5728.0,7786.0,334424.0,334888.0
2025-06-05 10:00:00,5728.0,5734.0,5728.0,5732.0,3796.0,334888.0,335785.0
2025-06-05 10:30:00,5732.0,5734.0,5722.0,5723.0,9171.0,335785.0,335520.0
2025-06-05 11:00:00,5723.0,5729.0,5722.0,5725.0,6768.0,335520.0,335803.0
2025-06-05 13:30:00,5725.0,5728.0,5721.0,5725.0,8166.0,335803.0,336333.0
2025-06-05 14:00:00,5725.0,5730.0,5724.0,5726.0,6205.0,336333.0,337049.0
2025-06-05 14:30:00,5726.0,5735.0,5725.0,5730.0,15002.0,337049.0,336624.0
2025-06-05 21:00:00,5718.0,5723.0,5688.0,5702.0,61263.0,336624.0,344014.0
2025-06-05 21:30:00,5702.0,5713.0,5695.0,5712.0,21241.0,344014.0,343824.0
2025-06-05 22:00:00,5712.0,5725.0,5711.0,5721.0,18229.0,343824.0,342969.0
2025-06-05 22:30:00,5721.0,5725.0,5718.0,5721.0,11045.0,342969.0,342575.0
2025-06-06 09:00:00,5718.0,5732.0,5714.0,5728.0,18484.0,342575.0,342034.0
2025-06-06 09:30:00,5728.0,5739.0,5727.0,5732.0,13780.0,342034.0,341014.0
2025-06-06 10:00:00,5732.0,5736.0,5732.0,5734.0,3019.0,341014.0,340983.0
2025-06-06 10:30:00,5734.0,5740.0,5731.0,5738.0,8807.0,340983.0,341834.0
2025-06-06 11:00:00,5738.0,5741.0,5727.0,5727.0,10862.0,341834.0,341056.0
2025-06-06 13:30:00,5727.0,5728.0,5717.0,5719.0,15838.0,341056.0,342878.0
2025-06-06 14:00:00,5719.0,5727.0,5717.0,5725.0,8042.0,342878.0,343433.0
2025-06-06 14:30:00,5725.0,5737.0,5725.0,5735.0,11690.0,343433.0,342408.0
2025-06-06 21:00:00,5717.0,5735.0,5715.0,5733.0,25050.0,342408.0,343148.0
2025-06-06 21:30:00,5733.0,5745.0,5731.0,5740.0,19411.0,343148.0,342984.0
2025-06-06 22:00:00,5740.0,5741.0,5732.0,5734.0,11561.0,342984.0,341826.0
2025-06-06 22:30:00,5734.0,5736.0,5724.0,5725.0,10475.0,341826.0,341549.0
2025-06-09 09:00:00,5739.0,5744.0,5732.0,5736.0,14048.0,341549.0,341422.0
2025-06-09 09:30:00,5736.0,5739.0,5734.0,5737.0,5958.0,341422.0,341141.0
2025-06-09 10:00:00,5737.0,5744.0,5737.0,5739.0,7006.0,341141.0,341728.0
2025-06-09 10:30:00,5740.0,5740.0,5720.0,5726.0,17821.0,341728.0,343400.0
2025-06-09 11:00:00,5726.0,5728.0,5720.0,5722.0,7622.0,343400.0,343630.0
2025-06-09 13:30:00,5721.0,5736.0,5720.0,5734.0,10294.0,343630.0,343118.0
2025-06-09 14:00:00,5734.0,5735.0,5729.0,5731.0,6414.0,343118.0,343161.0
2025-06-09 14:30:00,5731.0,5737.0,5729.0,5734.0,8696.0,343161.0,341231.0
2025-06-09 21:00:00,5738.0,5740.0,5724.0,5725.0,20845.0,341231.0,340835.0
2025-06-09 21:30:00,5725.0,5727.0,5716.0,5716.0,13207.0,340835.0,341355.0
2025-06-09 22:00:00,5716.0,5722.0,5709.0,5719.0,15683.0,341355.0,341921.0
2025-06-09 22:30:00,5719.0,5720.0,5716.0,5719.0,6829.0,341921.0,341656.0
2025-06-10 09:00:00,5728.0,5733.0,5725.0,5728.0,16507.0,341656.0,341273.0
2025-06-10 09:30:00,5728.0,5729.0,5721.0,5725.0,5869.0,341273.0,342143.0
2025-06-10 10:00:00,5725.0,5729.0,5723.0,5728.0,3137.0,342143.0,341752.0
2025-06-10 10:30:00,5728.0,5737.0,5726.0,5735.0,12772.0,341752.0,341421.0
2025-06-10 11:00:00,5735.0,5735.0,5722.0,5723.0,11473.0,341421.0,342324.0
2025-06-10 13:30:00,5723.0,5723.0,5714.0,5718.0,15751.0,342324.0,343552.0
2025-06-10 14:00:00,5718.0,5723.0,5716.0,5719.0,5459.0,343552.0,343834.0
2025-06-10 14:30:00,5719.0,5723.0,5715.0,5717.0,10505.0,343834.0,342526.0
2025-06-10 21:00:00,5729.0,5733.0,5720.0,5729.0,21828.0,342526.0,342707.0
2025-06-10 21:30:00,5729.0,5734.0,5727.0,5727.0,10193.0,342707.0,342978.0
2025-06-10 22:00:00,5727.0,5734.0,5727.0,5733.0,8248.0,342978.0,343722.0
2025-06-10 22:30:00,5733.0,5733.0,5719.0,5721.0,11095.0,343722.0,341554.0
2025-06-11 09:00:00,5714.0,5714.0,5681.0,5685.0,52967.0,341554.0,347681.0
2025-06-11 09:30:00,5685.0,5689.0,5683.0,5685.0,11145.0,347681.0,348566.0
2025-06-11 10:00:00,5685.0,5686.0,5675.0,5678.0,9890.0,348566.0,350637.0
2025-06-11 10:30:00,5678.0,5679.0,5665.0,5667.0,24986.0,350637.0,355422.0
2025-06-11 11:00:00,5667.0,5673.0,5664.0,5672.0,18351.0,355422.0,357603.0
2025-06-11 13:30:00,5672.0,5673.0,5669.0,5670.0,10780.0,357603.0,359557.0
2025-06-11 14:00:00,5670.0,5675.0,5670.0,5670.0,7454.0,359557.0,359512.0
2025-06-11 14:30:00,5670.0,5673.0,5667.0,5668.0,15138.0,359512.0,358131.0
2025-06-11 21:00:00,5674.0,5677.0,5666.0,5673.0,23281.0,358131.0,360851.0
2025-06-11 21:30:00,5673.0,5673.0,5662.0,5670.0,15740.0,360851.0,362682.0
2025-06-11 22:00:00,5670.0,5673.0,5666.0,5669.0,8202.0,362682.0,363298.0
2025-06-11 22:30:00,5669.0,5674.0,5668.0,5671.0,9191.0,363298.0,361108.0
2025-06-12 09:00:00,5672.0,5672.0,5659.0,5664.0,15200.0,361108.0,361376.0
2025-06-12 09:30:00,5664.0,5667.0,5661.0,5665.0,6899.0,361376.0,362429.0
2025-06-12 10:00:00,5665.0,5665.0,5657.0,5663.0,6744.0,362429.0,363329.0
2025-06-12 10:30:00,5663.0,5664.0,5657.0,5660.0,7095.0,363329.0,363420.0
2025-06-12 11:00:00,5660.0,5660.0,5652.0,5658.0,10424.0,363420.0,364386.0
2025-06-12 13:30:00,5658.0,5664.0,5652.0,5653.0,12306.0,364386.0,364993.0
2025-06-12 14:00:00,5653.0,5657.0,5646.0,5649.0,12812.0,364993.0,367677.0
2025-06-12 14:30:00,5649.0,5650.0,5644.0,5647.0,14460.0,367677.0,367580.0
2025-06-12 21:00:00,5637.0,5640.0,5615.0,5615.0,44611.0,367580.0,374396.0
2025-06-12 21:30:00,5615.0,5623.0,5609.0,5618.0,28241.0,374396.0,377338.0
2025-06-12 22:00:00,5618.0,5624.0,5613.0,5619.0,13685.0,377338.0,377144.0
2025-06-12 22:30:00,5619.0,5637.0,5618.0,5633.0,18703.0,377144.0,372514.0
2025-06-13 09:00:00,5636.0,5663.0,5636.0,5646.0,33542.0,372514.0,369190.0
2025-06-13 09:30:00,5646.0,5647.0,5636.0,5639.0,12883.0,369190.0,370341.0
2025-06-13 10:00:00,5639.0,5645.0,5637.0,5643.0,4556.0,370341.0,370739.0
2025-06-13 10:30:00,5643.0,5678.0,5643.0,5669.0,33742.0,370739.0,368924.0
2025-06-13 11:00:00,5669.0,5672.0,5661.0,5670.0,13244.0,368924.0,369668.0
2025-06-13 13:30:00,5669.0,5669.0,5661.0,5661.0,11923.0,369668.0,369022.0
2025-06-13 14:00:00,5661.0,5665.0,5658.0,5664.0,8613.0,369022.0,369142.0
2025-06-13 14:30:00,5664.0,5668.0,5659.0,5664.0,12033.0,369142.0,368226.0
2025-06-13 21:00:00,5654.0,5665.0,5645.0,5647.0,31162.0,368226.0,369957.0
2025-06-13 21:30:00,5647.0,5657.0,5645.0,5654.0,11580.0,369957.0,369808.0
2025-06-13 22:00:00,5654.0,5660.0,5650.0,5653.0,10356.0,369808.0,369866.0
2025-06-13 22:30:00,5653.0,5654.0,5646.0,5652.0,11336.0,369866.0,369235.0
2025-06-16 09:00:00,5638.0,5642.0,5612.0,5637.0,36690.0,369235.0,370953.0
2025-06-16 09:30:00,5637.0,5648.0,5635.0,5647.0,11147.0,370953.0,370932.0
2025-06-16 10:00:00,5647.0,5657.0,5647.0,5655.0,9055.0,370932.0,370675.0
2025-06-16 10:30:00,5656.0,5670.0,5656.0,5668.0,18042.0,370675.0,370408.0
2025-06-16 11:00:00,5668.0,5672.0,5663.0,5670.0,9688.0,370408.0,369881.0
2025-06-16 13:30:00,5671.0,5673.0,5664.0,5667.0,11111.0,369881.0,371105.0
2025-06-16 14:00:00,5667.0,5674.0,5667.0,5669.0,7486.0,371105.0,371497.0
2025-06-16 14:30:00,5669.0,5673.0,5665.0,5667.0,10366.0,371497.0,370572.0
2025-06-16 21:00:00,5650.0,5659.0,5636.0,5638.0,38160.0,370572.0,371810.0
2025-06-16 21:30:00,5638.0,5656.0,5637.0,5653.0,21807.0,371810.0,370479.0
2025-06-16 22:00:00,5653.0,5666.0,5648.0,5660.0,21378.0,370479.0,371141.0
2025-06-16 22:30:00,5660.0,5667.0,5655.0,5664.0,10504.0,371141.0,371023.0
2025-06-17 09:00:00,5698.0,5715.0,5684.0,5686.0,50910.0,371023.0,369309.0
2025-06-17 09:30:00,5686.0,5696.0,5685.0,5688.0,12213.0,369309.0,369957.0
2025-06-17 10:00:00,5688.0,5690.0,5679.0,5682.0,8088.0,369957.0,369913.0
2025-06-17 10:30:00,5683.0,5689.0,5675.0,5682.0,13098.0,369913.0,370126.0
2025-06-17 11:00:00,5682.0,5684.0,5677.0,5683.0,6574.0,370126.0,370671.0
2025-06-17 13:30:00,5683.0,5687.0,5680.0,5685.0,7426.0,370671.0,371214.0
2025-06-17 14:00:00,5685.0,5688.0,5680.0,5687.0,6747.0,371214.0,371206.0
2025-06-17 14:30:00,5687.0,5692.0,5681.0,5691.0,13883.0,371206.0,369234.0
2025-06-17 21:00:00,5655.0,5668.0,5645.0,5663.0,51470.0,369234.0,373432.0
2025-06-17 21:30:00,5663.0,5667.0,5657.0,5667.0,16599.0,373432.0,374324.0
2025-06-17 22:00:00,5667.0,5674.0,5665.0,5671.0,13475.0,374324.0,374392.0
2025-06-17 22:30:00,5671.0,5673.0,5662.0,5668.0,14614.0,374392.0,373306.0
2025-06-18 09:00:00,5670.0,5684.0,5663.0,5679.0,20900.0,373306.0,374769.0
2025-06-18 09:30:00,5679.0,5685.0,5675.0,5675.0,12604.0,374769.0,373891.0
2025-06-18 10:00:00,5675.0,5687.0,5675.0,5682.0,8258.0,373891.0,373169.0
2025-06-18 10:30:00,5682.0,5689.0,5680.0,5688.0,11459.0,373169.0,373109.0
2025-06-18 11:00:00,5688.0,5692.0,5685.0,5685.0,9181.0,373109.0,372987.0
2025-06-18 13:30:00,5684.0,5685.0,5676.0,5684.0,13357.0,372987.0,373282.0
2025-06-18 14:00:00,5684.0,5685.0,5682.0,5684.0,6087.0,373282.0,373748.0
2025-06-18 14:30:00,5684.0,5685.0,5678.0,5679.0,12967.0,373748.0,371817.0
2025-06-18 21:00:00,5663.0,5677.0,5658.0,5673.0,37092.0,371817.0,377184.0
2025-06-18 21:30:00,5673.0,5681.0,5669.0,5678.0,17872.0,377184.0,378463.0
2025-06-18 22:00:00,5678.0,5679.0,5655.0,5657.0,32743.0,378463.0,381926.0
2025-06-18 22:30:00,5657.0,5664.0,5656.0,5662.0,17003.0,381926.0,382441.0
2025-06-19 09:00:00,5662.0,5673.0,5660.0,5670.0,17433.0,382441.0,382572.0
2025-06-19 09:30:00,5670.0,5672.0,5662.0,5663.0,8923.0,382572.0,382411.0
2025-06-19 10:00:00,5663.0,5664.0,5658.0,5660.0,5377.0,382411.0,382818.0
2025-06-19 10:30:00,5660.0,5665.0,5655.0,5655.0,10116.0,382818.0,384652.0
2025-06-19 11:00:00,5655.0,5655.0,5643.0,5645.0,21803.0,384652.0,387581.0
2025-06-19 13:30:00,5645.0,5652.0,5644.0,5650.0,13201.0,387581.0,388319.0
2025-06-19 14:00:00,5650.0,5654.0,5647.0,5653.0,9779.0,388319.0,388778.0
2025-06-19 14:30:00,5653.0,5659.0,5648.0,5658.0,16705.0,388778.0,384680.0
2025-06-19 21:00:00,5661.0,5670.0,5650.0,5656.0,31009.0,384680.0,386927.0
2025-06-19 21:30:00,5656.0,5660.0,5655.0,5656.0,10485.0,386927.0,387512.0
2025-06-19 22:00:00,5656.0,5673.0,5654.0,5670.0,21847.0,387512.0,387278.0
2025-06-19 22:30:00,5670.0,5675.0,5669.0,5670.0,13247.0,387278.0,384838.0
2025-06-20 09:00:00,5671.0,5710.0,5671.0,5703.0,60767.0,384838.0,384992.0
2025-06-20 09:30:00,5703.0,5704.0,5694.0,5698.0,17554.0,384992.0,382656.0
2025-06-20 10:00:00,5698.0,5701.0,5695.0,5700.0,5141.0,382656.0,382230.0
2025-06-20 10:30:00,5699.0,5706.0,5691.0,5691.0,13195.0,382230.0,381576.0
2025-06-20 11:00:00,5691.0,5705.0,5687.0,5704.0,14735.0,381576.0,379873.0
2025-06-20 13:30:00,5704.0,5715.0,5703.0,5709.0,33196.0,379873.0,378502.0
2025-06-20 14:00:00,5709.0,5732.0,5709.0,5724.0,37722.0,378502.0,374088.0
2025-06-20 14:30:00,5724.0,5726.0,5717.0,5720.0,26480.0,374088.0,368972.0
2025-06-20 21:00:00,5719.0,5743.0,5718.0,5736.0,56696.0,368972.0,365401.0
2025-06-20 21:30:00,5736.0,5739.0,5732.0,5735.0,14690.0,365401.0,362761.0
2025-06-20 22:00:00,5735.0,5736.0,5726.0,5732.0,14149.0,362761.0,360727.0
2025-06-20 22:30:00,5732.0,5734.0,5723.0,5725.0,16394.0,360727.0,356599.0
2025-06-23 09:00:00,5730.0,5735.0,5717.0,5717.0,22171.0,356599.0,356026.0
2025-06-23 09:30:00,5717.0,5720.0,5708.0,5719.0,16905.0,356026.0,355091.0
2025-06-23 10:00:00,5719.0,5723.0,5715.0,5717.0,6428.0,355091.0,355199.0
2025-06-23 10:30:00,5717.0,5723.0,5713.0,5723.0,8511.0,355199.0,354594.0
2025-06-23 11:00:00,5723.0,5723.0,5718.0,5718.0,8605.0,354594.0,354481.0
2025-06-23 13:30:00,5719.0,5719.0,5711.0,5716.0,9486.0,354481.0,354443.0
2025-06-23 14:00:00,5716.0,5718.0,5713.0,5717.0,6415.0,354443.0,354794.0
2025-06-23 14:30:00,5717.0,5722.0,5714.0,5721.0,11607.0,354794.0,353799.0
2025-06-23 21:00:00,5724.0,5735.0,5717.0,5731.0,30852.0,353799.0,356114.0
2025-06-23 21:30:00,5731.0,5736.0,5729.0,5733.0,17678.0,356114.0,355205.0
2025-06-23 22:00:00,5733.0,5735.0,5726.0,5729.0,9649.0,355205.0,354695.0
2025-06-23 22:30:00,5729.0,5735.0,5726.0,5732.0,9251.0,354695.0,352954.0
2025-06-24 09:00:00,5718.0,5721.0,5705.0,5721.0,26659.0,352954.0,350348.0
2025-06-24 09:30:00,5721.0,5722.0,5712.0,5717.0,7856.0,350348.0,350728.0
2025-06-24 10:00:00,5717.0,5718.0,5711.0,5718.0,3472.0,350728.0,350499.0
2025-06-24 10:30:00,5716.0,5719.0,5712.0,5717.0,5029.0,350499.0,350230.0
2025-06-24 11:00:00,5717.0,5717.0,5704.0,5705.0,14179.0,350230.0,349883.0
2025-06-24 13:30:00,5705.0,5705.0,5693.0,5702.0,24062.0,349883.0,351235.0
2025-06-24 14:00:00,5702.0,5707.0,5701.0,5704.0,9195.0,351235.0,350923.0
2025-06-24 14:30:00,5704.0,5716.0,5704.0,5710.0,14003.0,350923.0,349073.0
2025-06-24 21:00:00,5698.0,5706.0,5686.0,5699.0,39019.0,349073.0,351094.0
2025-06-24 21:30:00,5699.0,5711.0,5696.0,5711.0,14711.0,351094.0,350675.0
2025-06-24 22:00:00,5711.0,5712.0,5706.0,5711.0,9700.0,350675.0,350937.0
2025-06-24 22:30:00,5711.0,5715.0,5708.0,5713.0,10916.0,350937.0,349701.0
2025-06-25 09:00:00,5707.0,5727.0,5704.0,5725.0,22387.0,349701.0,351134.0
2025-06-25 09:30:00,5725.0,5730.0,5721.0,5726.0,11407.0,351134.0,351704.0
2025-06-25 10:00:00,5726.0,5732.0,5726.0,5730.0,6194.0,351704.0,351713.0
2025-06-25 10:30:00,5730.0,5742.0,5725.0,5739.0,20312.0,351713.0,352253.0
2025-06-25 11:00:00,5739.0,5754.0,5739.0,5748.0,34948.0,352253.0,350274.0
2025-06-25 13:30:00,5748.0,5748.0,5738.0,5746.0,22557.0,350274.0,345961.0
2025-06-25 14:00:00,5746.0,5751.0,5743.0,5750.0,11594.0,345961.0,344879.0
2025-06-25 14:30:00,5750.0,5757.0,5745.0,5757.0,21831.0,344879.0,342761.0
2025-06-25 21:00:00,5761.0,5776.0,5759.0,5766.0,47333.0,342761.0,342349.0
2025-06-25 21:30:00,5766.0,5770.0,5762.0,5768.0,18056.0,342349.0,341598.0
2025-06-25 22:00:00,5768.0,5772.0,5765.0,5770.0,10617.0,341598.0,341197.0
2025-06-25 22:30:00,5770.0,5774.0,5766.0,5771.0,11537.0,341197.0,340208.0
2025-06-26 09:00:00,5770.0,5783.0,5769.0,5779.0,29619.0,340208.0,339837.0
2025-06-26 09:30:00,5779.0,5782.0,5775.0,5780.0,8569.0,339837.0,340346.0
2025-06-26 10:00:00,5780.0,5781.0,5777.0,5778.0,4308.0,340346.0,339505.0
2025-06-26 10:30:00,5778.0,5789.0,5778.0,5786.0,16023.0,339505.0,338099.0
2025-06-26 11:00:00,5786.0,5792.0,5782.0,5788.0,17402.0,338099.0,335329.0
2025-06-26 13:30:00,5789.0,5795.0,5781.0,5792.0,24429.0,335329.0,333386.0
2025-06-26 14:00:00,5792.0,5796.0,5789.0,5792.0,12444.0,333386.0,332081.0
2025-06-26 14:30:00,5792.0,5794.0,5786.0,5790.0,18668.0,332081.0,326870.0
2025-06-26 21:00:00,5768.0,5777.0,5760.0,5775.0,48886.0,326870.0,324125.0
2025-06-26 21:30:00,5775.0,5782.0,5772.0,5780.0,14610.0,324125.0,324583.0
2025-06-26 22:00:00,5780.0,5793.0,5779.0,5790.0,20188.0,324583.0,326055.0
2025-06-26 22:30:00,5790.0,5795.0,5789.0,5791.0,13750.0,326055.0,325197.0
2025-06-27 09:00:00,5782.0,5805.0,5780.0,5798.0,30065.0,325197.0,325845.0
2025-06-27 09:30:00,5798.0,5799.0,5788.0,5789.0,18122.0,325845.0,323986.0
2025-06-27 10:00:00,5789.0,5794.0,5788.0,5793.0,3562.0,323986.0,323874.0
2025-06-27 10:30:00,5793.0,5802.0,5793.0,5798.0,17066.0,323874.0,323690.0
2025-06-27 11:00:00,5798.0,5800.0,5791.0,5792.0,10716.0,323690.0,320997.0
2025-06-27 13:30:00,5793.0,5795.0,5788.0,5793.0,12042.0,320997.0,319405.0
2025-06-27 14:00:00,5793.0,5800.0,5792.0,5796.0,11716.0,319405.0,319013.0
2025-06-27 14:30:00,5796.0,5798.0,5791.0,5792.0,13139.0,319013.0,315131.0
2025-06-27 21:00:00,5804.0,5815.0,5796.0,5798.0,37392.0,315131.0,316427.0
2025-06-27 21:30:00,5798.0,5798.0,5785.0,5788.0,24197.0,316427.0,317330.0
2025-06-27 22:00:00,5788.0,5794.0,5786.0,5791.0,9472.0,317330.0,317498.0
2025-06-27 22:30:00,5791.0,5795.0,5788.0,5794.0,10053.0,317498.0,316306.0
2025-06-30 09:00:00,5794.0,5803.0,5793.0,5802.0,20348.0,316306.0,317964.0
2025-06-30 09:30:00,5802.0,5805.0,5796.0,5803.0,11149.0,317964.0,317580.0
2025-06-30 10:00:00,5803.0,5806.0,5799.0,5801.0,5845.0,317580.0,317090.0
2025-06-30 10:30:00,5801.0,5803.0,5794.0,5800.0,11177.0,317090.0,315960.0
2025-06-30 11:00:00,5800.0,5808.0,5800.0,5804.0,10203.0,315960.0,315361.0
2025-06-30 13:30:00,5805.0,5815.0,5804.0,5815.0,20242.0,315361.0,315979.0
2025-06-30 14:00:00,5815.0,5816.0,5809.0,5810.0,12886.0,315979.0,314407.0
2025-06-30 14:30:00,5810.0,5811.0,5805.0,5807.0,15894.0,314407.0,312362.0
2025-06-30 21:00:00,5773.0,5791.0,5766.0,5786.0,43915.0,312362.0,314807.0
2025-06-30 21:30:00,5786.0,5793.0,5778.0,5792.0,21237.0,314807.0,315699.0
2025-06-30 22:00:00,5792.0,5795.0,5788.0,5792.0,9513.0,315699.0,314970.0
2025-06-30 22:30:00,5792.0,5794.0,5788.0,5789.0,8372.0,314970.0,314532.0
2025-07-01 09:00:00,5781.0,5789.0,5776.0,5783.0,21074.0,314532.0,314421.0
2025-07-01 09:30:00,5783.0,5789.0,5780.0,5787.0,8464.0,314421.0,313731.0
2025-07-01 10:00:00,5787.0,5790.0,5786.0,5790.0,4630.0,313731.0,313683.0
2025-07-01 10:30:00,5790.0,5793.0,5787.0,5790.0,7706.0,313683.0,313582.0
2025-07-01 11:00:00,5790.0,5791.0,5779.0,5779.0,10810.0,313582.0,313432.0
2025-07-01 13:30:00,5779.0,5782.0,5763.0,5774.0,28632.0,313432.0,311949.0
2025-07-01 14:00:00,5774.0,5776.0,5765.0,5770.0,10862.0,311949.0,311576.0
2025-07-01 14:30:00,5770.0,5776.0,5766.0,5775.0,15146.0,311576.0,309811.0
2025-07-01 21:00:00,5745.0,5746.0,5710.0,5716.0,84311.0,309811.0,311858.0
2025-07-01 21:30:00,5716.0,5718.0,5705.0,5715.0,27316.0,311858.0,311936.0
2025-07-01 22:00:00,5715.0,5718.0,5710.0,5714.0,12912.0,311936.0,312117.0
2025-07-01 22:30:00,5714.0,5723.0,5714.0,5716.0,16877.0,312117.0,309856.0
2025-07-02 09:00:00,5716.0,5731.0,5713.0,5731.0,21133.0,309856.0,309147.0
2025-07-02 09:30:00,5731.0,5737.0,5728.0,5736.0,13676.0,309147.0,307769.0
2025-07-02 10:00:00,5736.0,5743.0,5736.0,5740.0,8607.0,307769.0,307084.0
2025-07-02 10:30:00,5741.0,5755.0,5738.0,5755.0,23705.0,307084.0,303316.0
2025-07-02 11:00:00,5755.0,5764.0,5749.0,5761.0,28077.0,303316.0,301512.0
2025-07-02 13:30:00,5762.0,5770.0,5759.0,5768.0,17585.0,301512.0,300796.0
2025-07-02 14:00:00,5768.0,5772.0,5764.0,5769.0,15491.0,300796.0,303051.0
2025-07-02 14:30:00,5769.0,5771.0,5765.0,5766.0,14332.0,303051.0,302138.0
2025-07-02 21:00:00,5756.0,5770.0,5753.0,5765.0,35147.0,302138.0,304774.0
2025-07-02 21:30:00,5765.0,5767.0,5749.0,5756.0,18837.0,304774.0,304846.0
2025-07-02 22:00:00,5756.0,5762.0,5752.0,5759.0,11404.0,304846.0,304811.0
2025-07-02 22:30:00,5759.0,5761.0,5757.0,5758.0,7211.0,304811.0,303378.0
2025-07-03 09:00:00,5763.0,5765.0,5756.0,5757.0,10822.0,303378.0,303015.0
2025-07-03 09:30:00,5757.0,5778.0,5755.0,5776.0,18940.0,303015.0,304789.0
2025-07-03 10:00:00,5776.0,5778.0,5768.0,5770.0,7629.0,304789.0,304463.0
2025-07-03 10:30:00,5770.0,5773.0,5767.0,5770.0,7694.0,304463.0,305203.0
2025-07-03 11:00:00,5770.0,5772.0,5763.0,5763.0,8018.0,305203.0,304756.0
2025-07-03 13:30:00,5763.0,5766.0,5761.0,5762.0,6811.0,304756.0,304433.0
2025-07-03 14:00:00,5762.0,5768.0,5761.0,5767.0,6328.0,304433.0,304748.0
2025-07-03 14:30:00,5767.0,5769.0,5764.0,5767.0,9136.0,304748.0,304239.0
2025-07-03 21:00:00,5793.0,5810.0,5792.0,5802.0,53556.0,304239.0,304106.0
2025-07-03 21:30:00,5802.0,5807.0,5795.0,5795.0,21273.0,304106.0,304976.0
2025-07-03 22:00:00,5795.0,5798.0,5792.0,5795.0,12472.0,304976.0,303655.0
2025-07-03 22:30:00,5795.0,5798.0,5792.0,5794.0,9713.0,303655.0,302919.0
2025-07-04 09:00:00,5794.0,5804.0,5789.0,5791.0,21133.0,302919.0,303632.0
2025-07-04 09:30:00,5791.0,5792.0,5782.0,5784.0,13051.0,303632.0,302662.0
2025-07-04 10:00:00,5784.0,5787.0,5780.0,5781.0,5602.0,302662.0,302543.0
2025-07-04 10:30:00,5781.0,5785.0,5775.0,5776.0,13132.0,302543.0,303357.0
2025-07-04 11:00:00,5776.0,5782.0,5774.0,5774.0,10254.0,303357.0,303885.0
2025-07-04 13:30:00,5774.0,5780.0,5771.0,5773.0,10420.0,303885.0,303567.0
2025-07-04 14:00:00,5773.0,5777.0,5767.0,5772.0,15711.0,303567.0,303968.0
2025-07-04 14:30:00,5772.0,5773.0,5766.0,5769.0,16447.0,303968.0,301911.0
2025-07-04 21:00:00,5760.0,5778.0,5759.0,5775.0,21732.0,301911.0,300840.0
2025-07-04 21:30:00,5775.0,5785.0,5761.0,5766.0,19649.0,300840.0,300436.0
2025-07-04 22:00:00,5766.0,5770.0,5756.0,5761.0,12517.0,300436.0,300446.0
2025-07-04 22:30:00,5761.0,5772.0,5760.0,5771.0,8210.0,300446.0,298434.0
2025-07-07 09:00:00,5770.0,5771.0,5745.0,5750.0,22938.0,298434.0,298235.0
2025-07-07 09:30:00,5750.0,5751.0,5743.0,5747.0,12700.0,298235.0,299156.0
2025-07-07 10:00:00,5747.0,5748.0,5742.0,5744.0,4865.0,299156.0,298986.0
2025-07-07 10:30:00,5744.0,5745.0,5736.0,5742.0,11204.0,298986.0,298478.0
2025-07-07 11:00:00,5742.0,5745.0,5739.0,5744.0,6639.0,298478.0,297947.0
2025-07-07 13:30:00,5744.0,5756.0,5744.0,5754.0,10968.0,297947.0,298045.0
2025-07-07 14:00:00,5754.0,5760.0,5752.0,5755.0,9090.0,298045.0,297323.0
2025-07-07 14:30:00,5755.0,5757.0,5753.0,5754.0,8192.0,297323.0,296064.0
2025-07-07 21:00:00,5764.0,5766.0,5751.0,5757.0,24568.0,296064.0,297169.0
2025-07-07 21:30:00,5757.0,5759.0,5749.0,5750.0,9628.0,297169.0,296519.0
2025-07-07 22:00:00,5750.0,5750.0,5742.0,5745.0,12892.0,296519.0,297107.0
2025-07-07 22:30:00,5745.0,5751.0,5745.0,5747.0,6540.0,297107.0,295820.0
2025-07-08 09:00:00,5750.0,5750.0,5733.0,5738.0,17071.0,295820.0,296224.0
2025-07-08 09:30:00,5738.0,5741.0,5733.0,5737.0,6398.0,296224.0,296429.0
2025-07-08 10:00:00,5737.0,5738.0,5733.0,5737.0,3533.0,296429.0,296769.0
2025-07-08 10:30:00,5737.0,5738.0,5728.0,5729.0,11996.0,296769.0,297434.0
2025-07-08 11:00:00,5729.0,5740.0,5726.0,5738.0,14847.0,297434.0,297645.0
2025-07-08 13:30:00,5738.0,5744.0,5737.0,5742.0,9455.0,297645.0,296942.0
2025-07-08 14:00:00,5742.0,5745.0,5737.0,5744.0,7803.0,296942.0,296377.0
2025-07-08 14:30:00,5744.0,5750.0,5743.0,5747.0,12318.0,296377.0,294918.0
2025-07-08 21:00:00,5749.0,5760.0,5747.0,5754.0,24781.0,294918.0,294298.0
2025-07-08 21:30:00,5754.0,5760.0,5750.0,5756.0,12238.0,294298.0,293897.0
2025-07-08 22:00:00,5756.0,5759.0,5752.0,5757.0,10149.0,293897.0,293705.0
2025-07-08 22:30:00,5757.0,5765.0,5755.0,5764.0,11300.0,293705.0,292200.0
2025-07-09 09:00:00,5755.0,5761.0,5750.0,5750.0,13549.0,292200.0,291140.0
2025-07-09 09:30:00,5750.0,5762.0,5750.0,5761.0,7944.0,291140.0,290748.0
2025-07-09 10:00:00,5761.0,5761.0,5758.0,5759.0,2119.0,290748.0,290761.0
2025-07-09 10:30:00,5759.0,5765.0,5759.0,5761.0,6516.0,290761.0,290528.0
2025-07-09 11:00:00,5761.0,5775.0,5757.0,5772.0,15127.0,290528.0,289827.0
2025-07-09 13:30:00,5772.0,5780.0,5771.0,5779.0,17023.0,289827.0,289946.0
2025-07-09 14:00:00,5779.0,5780.0,5775.0,5778.0,7223.0,289946.0,289990.0
2025-07-09 14:30:00,5778.0,5783.0,5773.0,5779.0,13762.0,289990.0,287246.0
2025-07-09 21:00:00,5795.0,5798.0,5786.0,5793.0,27094.0,287246.0,290060.0
2025-07-09 21:30:00,5793.0,5794.0,5790.0,5792.0,10372.0,290060.0,290378.0
2025-07-09 22:00:00,5792.0,5799.0,5791.0,5794.0,10837.0,290378.0,290404.0
2025-07-09 22:30:00,5794.0,5796.0,5790.0,5791.0,8049.0,290404.0,289402.0
2025-07-10 09:00:00,5790.0,5801.0,5789.0,5798.0,16249.0,289402.0,291097.0
2025-07-10 09:30:00,5798.0,5805.0,5796.0,5805.0,9839.0,291097.0,292020.0
2025-07-10 10:00:00,5805.0,5807.0,5804.0,5806.0,5484.0,292020.0,293225.0
2025-07-10 10:30:00,5806.0,5812.0,5796.0,5800.0,19830.0,293225.0,294578.0
2025-07-10 11:00:00,5800.0,5806.0,5800.0,5801.0,6639.0,294578.0,295479.0
2025-07-10 13:30:00,5801.0,5808.0,5799.0,5804.0,11094.0,295479.0,295871.0
2025-07-10 14:00:00,5804.0,5815.0,5804.0,5810.0,19797.0,295871.0,299825.0
2025-07-10 14:30:00,5810.0,5813.0,5803.0,5805.0,18619.0,299825.0,298087.0
2025-07-10 21:00:00,5801.0,5815.0,5796.0,5804.0,34051.0,298087.0,301346.0
2025-07-10 21:30:00,5804.0,5809.0,5796.0,5801.0,15244.0,301346.0,304232.0
2025-07-10 22:00:00,5801.0,5806.0,5796.0,5803.0,7577.0,304232.0,305289.0
2025-07-10 22:30:00,5803.0,5806.0,5802.0,5805.0,6987.0,305289.0,304988.0
2025-07-11 09:00:00,5800.0,5804.0,5789.0,5799.0,17453.0,304988.0,305932.0
2025-07-11 09:30:00,5799.0,5811.0,5799.0,5810.0,11839.0,305932.0,309000.0
2025-07-11 10:00:00,5810.0,5819.0,5810.0,5813.0,20284.0,309000.0,310769.0
2025-07-11 10:30:00,5813.0,5820.0,5806.0,5815.0,18965.0,310769.0,311463.0
2025-07-11 11:00:00,5815.0,5820.0,5807.0,5816.0,15326.0,311463.0,311187.0
2025-07-11 13:30:00,5816.0,5820.0,5813.0,5814.0,10479.0,311187.0,312378.0
2025-07-11 14:00:00,5814.0,5815.0,5810.0,5811.0,8238.0,312378.0,311901.0
2025-07-11 14:30:00,5811.0,5812.0,5804.0,5810.0,13693.0,311901.0,309968.0
2025-07-11 21:00:00,5804.0,5828.0,5801.0,5827.0,36583.0,309968.0,317685.0
2025-07-11 21:30:00,5827.0,5833.0,5822.0,5824.0,28652.0,317685.0,318175.0
2025-07-11 22:00:00,5824.0,5824.0,5815.0,5819.0,13866.0,318175.0,317950.0
2025-07-11 22:30:00,5819.0,5826.0,5813.0,5820.0,12923.0,317950.0,316560.0
2025-07-14 09:00:00,5829.0,5829.0,5822.0,5828.0,13120.0,316560.0,318606.0
2025-07-14 09:30:00,5828.0,5832.0,5823.0,5828.0,9757.0,318606.0,320725.0
2025-07-14 10:00:00,5828.0,5833.0,5827.0,5831.0,5628.0,320725.0,322213.0
2025-07-14 10:30:00,5831.0,5837.0,5828.0,5834.0,12859.0,322213.0,324683.0
2025-07-14 11:00:00,5834.0,5837.0,5830.0,5832.0,9088.0,324683.0,326031.0
2025-07-14 13:30:00,5832.0,5835.0,5830.0,5831.0,7993.0,326031.0,327842.0
2025-07-14 14:00:00,5831.0,5832.0,5821.0,5822.0,11276.0,327842.0,327495.0
2025-07-14 14:30:00,5822.0,5822.0,5815.0,5817.0,14206.0,327495.0,327396.0
2025-07-14 21:00:00,5811.0,5818.0,5797.0,5802.0,31476.0,327396.0,326226.0
2025-07-14 21:30:00,5802.0,5807.0,5800.0,5805.0,8934.0,326226.0,326025.0
2025-07-14 22:00:00,5805.0,5805.0,5795.0,5800.0,10978.0,326025.0,325855.0
2025-07-14 22:30:00,5800.0,5802.0,5797.0,5798.0,8697.0,325855.0,324026.0
2025-07-15 09:00:00,5788.0,5809.0,5780.0,5809.0,23244.0,324026.0,321773.0
2025-07-15 09:30:00,5809.0,5814.0,5807.0,5810.0,10838.0,321773.0,322263.0
2025-07-15 10:00:00,5810.0,5812.0,5809.0,5810.0,2665.0,322263.0,322300.0
2025-07-15 10:30:00,5810.0,5814.0,5809.0,5811.0,6339.0,322300.0,322120.0
2025-07-15 11:00:00,5811.0,5813.0,5795.0,5805.0,12952.0,322120.0,320928.0
2025-07-15 13:30:00,5804.0,5807.0,5800.0,5803.0,7566.0,320928.0,320303.0
2025-07-15 14:00:00,5803.0,5806.0,5800.0,5802.0,5697.0,320303.0,318960.0
2025-07-15 14:30:00,5802.0,5803.0,5794.0,5802.0,13830.0,318960.0,317114.0
2025-07-15 21:00:00,5808.0,5820.0,5804.0,5807.0,21020.0,317114.0,316512.0
2025-07-15 21:30:00,5807.0,5810.0,5801.0,5807.0,10963.0,316512.0,316794.0
2025-07-15 22:00:00,5807.0,5809.0,5801.0,5806.0,5896.0,316794.0,316251.0
2025-07-15 22:30:00,5806.0,5810.0,5805.0,5810.0,6198.0,316251.0,315327.0
2025-07-16 09:00:00,5813.0,5825.0,5807.0,5807.0,21712.0,315327.0,315562.0
2025-07-16 09:30:00,5807.0,5809.0,5798.0,5799.0,11827.0,315562.0,316474.0
2025-07-16 10:00:00,5799.0,5799.0,5792.0,5797.0,7432.0,316474.0,316621.0
2025-07-16 10:30:00,5797.0,5798.0,5792.0,5793.0,6731.0,316621.0,315767.0
2025-07-16 11:00:00,5793.0,5801.0,5792.0,5800.0,7154.0,315767.0,315081.0
2025-07-16 13:30:00,5800.0,5801.0,5792.0,5794.0,7452.0,315081.0,314563.0
2025-07-16 14:00:00,5794.0,5799.0,5786.0,5799.0,17812.0,314563.0,313020.0
2025-07-16 14:30:00,5799.0,5810.0,5798.0,5808.0,16757.0,313020.0,312832.0
2025-07-16 21:00:00,5802.0,5802.0,5789.0,5794.0,21242.0,312832.0,314411.0
2025-07-16 21:30:00,5794.0,5796.0,5784.0,5795.0,15132.0,314411.0,315081.0
2025-07-16 22:00:00,5795.0,5795.0,5789.0,5792.0,6304.0,315081.0,314685.0
2025-07-16 22:30:00,5792.0,5805.0,5790.0,5801.0,11672.0,314685.0,313144.0
2025-07-17 09:00:00,5806.0,5824.0,5806.0,5819.0,34598.0,313144.0,315160.0
2025-07-17 09:30:00,5819.0,5831.0,5818.0,5827.0,22513.0,315160.0,319054.0
2025-07-17 10:00:00,5827.0,5829.0,5824.0,5825.0,4649.0,319054.0,319049.0
2025-07-17 10:30:00,5825.0,5833.0,5822.0,5831.0,14619.0,319049.0,322246.0
2025-07-17 11:00:00,5831.0,5832.0,5828.0,5830.0,6525.0,322246.0,323363.0
2025-07-17 13:30:00,5829.0,5830.0,5819.0,5822.0,16543.0,323363.0,323450.0
2025-07-17 14:00:00,5822.0,5824.0,5819.0,5823.0,6928.0,323450.0,323089.0
2025-07-17 14:30:00,5823.0,5829.0,5822.0,5828.0,10839.0,323089.0,321770.0
2025-07-17 21:00:00,5840.0,5845.0,5830.0,5830.0,31825.0,321770.0,325393.0
2025-07-17 21:30:00,5830.0,5835.0,5825.0,5826.0,12751.0,325393.0,325553.0
2025-07-17 22:00:00,5826.0,5830.0,5822.0,5825.0,13496.0,325553.0,326397.0
2025-07-17 22:30:00,5825.0,5830.0,5824.0,5825.0,8032.0,326397.0,325877.0
2025-07-18 09:00:00,5825.0,5836.0,5825.0,5835.0,13072.0,325877.0,326998.0
2025-07-18 09:30:00,5835.0,5838.0,5822.0,5823.0,13707.0,326998.0,327152.0
2025-07-18 10:00:00,5823.0,5824.0,5808.0,5815.0,19966.0,327152.0,325811.0
2025-07-18 10:30:00,5815.0,5830.0,5812.0,5828.0,12268.0,325811.0,327869.0
2025-07-18 11:00:00,5828.0,5829.0,5822.0,5822.0,9032.0,327869.0,329096.0
2025-07-18 13:30:00,5823.0,5826.0,5819.0,5825.0,7663.0,329096.0,329644.0
2025-07-18 14:00:00,5825.0,5829.0,5824.0,5827.0,6413.0,329644.0,330444.0
2025-07-18 14:30:00,5827.0,5830.0,5824.0,5826.0,12870.0,330444.0,329559.0
2025-07-18 21:00:00,5835.0,5843.0,5833.0,5837.0,28653.0,329559.0,331843.0
2025-07-18 21:30:00,5837.0,5846.0,5835.0,5837.0,13425.0,331843.0,332696.0
2025-07-18 22:00:00,5837.0,5849.0,5836.0,5845.0,11971.0,332696.0,332972.0
2025-07-18 22:30:00,5845.0,5850.0,5844.0,5846.0,11932.0,332972.0,333313.0
2025-07-21 09:00:00,5832.0,5845.0,5823.0,5836.0,28777.0,333313.0,332963.0
2025-07-21 09:30:00,5836.0,5843.0,5834.0,5837.0,9681.0,332963.0,332711.0
2025-07-21 10:00:00,5837.0,5840.0,5834.0,5836.0,3451.0,332711.0,332426.0
2025-07-21 10:30:00,5836.0,5849.0,5835.0,5849.0,11340.0,332426.0,334796.0
2025-07-21 11:00:00,5849.0,5853.0,5844.0,5849.0,14381.0,334796.0,337691.0
2025-07-21 13:30:00,5849.0,5854.0,5839.0,5840.0,19082.0,337691.0,337637.0
2025-07-21 14:00:00,5840.0,5842.0,5827.0,5832.0,18390.0,337637.0,335515.0
2025-07-21 14:30:00,5832.0,5841.0,5831.0,5839.0,14818.0,335515.0,336657.0
2025-07-21 21:00:00,5830.0,5846.0,5828.0,5833.0,31185.0,336657.0,338040.0
2025-07-21 21:30:00,5833.0,5833.0,5825.0,5828.0,12503.0,338040.0,338456.0
2025-07-21 22:00:00,5828.0,5833.0,5827.0,5832.0,6126.0,338456.0,338510.0
2025-07-21 22:30:00,5832.0,5833.0,5827.0,5831.0,8659.0,338510.0,338105.0
2025-07-22 09:00:00,5829.0,5836.0,5817.0,5822.0,20273.0,338105.0,336307.0
2025-07-22 09:30:00,5822.0,5825.0,5814.0,5821.0,11450.0,336307.0,335969.0
2025-07-22 10:00:00,5821.0,5822.0,5811.0,5814.0,7542.0,335969.0,336375.0
2025-07-22 10:30:00,5814.0,5825.0,5811.0,5824.0,12373.0,336375.0,335403.0
2025-07-22 11:00:00,5824.0,5826.0,5815.0,5816.0,10236.0,335403.0,335830.0
2025-07-22 13:30:00,5817.0,5827.0,5815.0,5818.0,14938.0,335830.0,335647.0
2025-07-22 14:00:00,5818.0,5820.0,5814.0,5819.0,10343.0,335647.0,335460.0
2025-07-22 14:30:00,5819.0,5828.0,5818.0,5823.0,16341.0,335460.0,334160.0
2025-07-22 21:00:00,5810.0,5824.0,5805.0,5823.0,29161.0,334160.0,334682.0
2025-07-22 21:30:00,5823.0,5833.0,5818.0,5833.0,17158.0,334682.0,335706.0
2025-07-22 22:00:00,5833.0,5834.0,5816.0,5818.0,16652.0,335706.0,335481.0
2025-07-22 22:30:00,5818.0,5820.0,5814.0,5819.0,8598.0,335481.0,334840.0
2025-07-23 09:00:00,5828.0,5844.0,5827.0,5838.0,29103.0,334840.0,334705.0
2025-07-23 09:30:00,5838.0,5838.0,5826.0,5836.0,12973.0,334705.0,333359.0
2025-07-23 10:00:00,5836.0,5840.0,5829.0,5838.0,5793.0,333359.0,333740.0
2025-07-23 10:30:00,5838.0,5838.0,5816.0,5821.0,21457.0,333740.0,330990.0
2025-07-23 11:00:00,5821.0,5832.0,5818.0,5832.0,9138.0,330990.0,331609.0
2025-07-23 13:30:00,5832.0,5835.0,5825.0,5825.0,8080.0,331609.0,332025.0
2025-07-23 14:00:00,5825.0,5833.0,5822.0,5825.0,10406.0,332025.0,331810.0
2025-07-23 14:30:00,5825.0,5836.0,5825.0,5834.0,14049.0,331810.0,331990.0
2025-07-23 21:00:00,5832.0,5835.0,5820.0,5825.0,19840.0,331990.0,330959.0
2025-07-23 21:30:00,5825.0,5845.0,5824.0,5845.0,16884.0,330959.0,333308.0
2025-07-23 22:00:00,5845.0,5882.0,5844.0,5880.0,59068.0,333308.0,345414.0
2025-07-23 22:30:00,5880.0,5884.0,5852.0,5858.0,38208.0,345414.0,343063.0
2025-07-24 09:00:00,5862.0,5865.0,5834.0,5840.0,29952.0,343063.0,339839.0
2025-07-24 09:30:00,5840.0,5846.0,5838.0,5840.0,6860.0,339839.0,340753.0
2025-07-24 10:00:00,5840.0,5842.0,5826.0,5833.0,12393.0,340753.0,339246.0
2025-07-24 10:30:00,5833.0,5839.0,5832.0,5836.0,6613.0,339246.0,339010.0
2025-07-24 11:00:00,5836.0,5846.0,5834.0,5842.0,9947.0,339010.0,338560.0
2025-07-24 13:30:00,5842.0,5855.0,5842.0,5854.0,14252.0,338560.0,339654.0
2025-07-24 14:00:00,5854.0,5867.0,5854.0,5865.0,13810.0,339654.0,341254.0
2025-07-24 14:30:00,5865.0,5870.0,5861.0,5866.0,20668.0,341254.0,342009.0
2025-07-24 21:00:00,5877.0,5881.0,5866.0,5873.0,30468.0,342009.0,342126.0
2025-07-24 21:30:00,5873.0,5884.0,5868.0,5877.0,19531.0,342126.0,343464.0
2025-07-24 22:00:00,5877.0,5882.0,5873.0,5878.0,8434.0,343464.0,343809.0
2025-07-24 22:30:00,5878.0,5887.0,5877.0,5883.0,16282.0,343809.0,346521.0
2025-07-25 09:00:00,5883.0,5887.0,5874.0,5883.0,19202.0,346521.0,347530.0
2025-07-25 09:30:00,5883.0,5886.0,5876.0,5884.0,8327.0,347530.0,348469.0
2025-07-25 10:00:00,5884.0,5885.0,5877.0,5880.0,3578.0,348469.0,348173.0
2025-07-25 10:30:00,5880.0,5885.0,5875.0,5878.0,11167.0,348173.0,348711.0
2025-07-25 11:00:00,5878.0,5879.0,5863.0,5874.0,19365.0,348711.0,348601.0
2025-07-25 13:30:00,5874.0,5877.0,5864.0,5866.0,16632.0,348601.0,349301.0
2025-07-25 14:00:00,5866.0,5874.0,5864.0,5871.0,12456.0,349301.0,345997.0
2025-07-25 14:30:00,5871.0,5879.0,5870.0,5876.0,12844.0,345997.0,343704.0
2025-07-25 21:00:00,5871.0,5890.0,5856.0,5886.0,35661.0,343704.0,344970.0
2025-07-25 21:30:00,5886.0,5893.0,5870.0,5875.0,23506.0,344970.0,344417.0
2025-07-25 22:00:00,5875.0,5880.0,5866.0,5875.0,12985.0,344417.0,343492.0
2025-07-25 22:30:00,5875.0,5876.0,5862.0,5863.0,10879.0,343492.0,342361.0
2025-07-28 09:00:00,5859.0,5859.0,5840.0,5847.0,37768.0,342361.0,340055.0
2025-07-28 09:30:00,5847.0,5849.0,5839.0,5842.0,15169.0,340055.0,338866.0
2025-07-28 10:00:00,5842.0,5848.0,5840.0,5845.0,6831.0,338866.0,337711.0
2025-07-28 10:30:00,5845.0,5847.0,5838.0,5843.0,15637.0,337711.0,335924.0
2025-07-28 11:00:00,5843.0,5851.0,5840.0,5843.0,14097.0,335924.0,332540.0
2025-07-28 13:30:00,5843.0,5848.0,5841.0,5845.0,9933.0,332540.0,330932.0
2025-07-28 14:00:00,5845.0,5848.0,5838.0,5841.0,12087.0,330932.0,329813.0
2025-07-28 14:30:00,5841.0,5847.0,5839.0,5845.0,14384.0,329813.0,324831.0
2025-07-28 21:00:00,5847.0,5854.0,5840.0,5848.0,22820.0,324831.0,324782.0
2025-07-28 21:30:00,5848.0,5859.0,5845.0,5858.0,15007.0,324782.0,327129.0
2025-07-28 22:00:00,5858.0,5870.0,5858.0,5867.0,17434.0,327129.0,329377.0
2025-07-28 22:30:00,5867.0,5870.0,5863.0,5867.0,9788.0,329377.0,328331.0
2025-07-29 09:00:00,5862.0,5866.0,5855.0,5857.0,14109.0,328331.0,326626.0
2025-07-29 09:30:00,5857.0,5860.0,5850.0,5860.0,14077.0,326626.0,324781.0
2025-07-29 10:00:00,5860.0,5860.0,5854.0,5855.0,6354.0,324781.0,323076.0
2025-07-29 10:30:00,5854.0,5862.0,5850.0,5859.0,14776.0,323076.0,319493.0
2025-07-29 11:00:00,5859.0,5860.0,5853.0,5855.0,11510.0,319493.0,315857.0
2025-07-29 13:30:00,5855.0,5863.0,5855.0,5861.0,9089.0,315857.0,314312.0
2025-07-29 14:00:00,5861.0,5863.0,5855.0,5858.0,10952.0,314312.0,312224.0
2025-07-29 14:30:00,5858.0,5868.0,5857.0,5867.0,13690.0,312224.0,310650.0
2025-07-29 21:00:00,5858.0,5865.0,5852.0,5856.0,22516.0,310650.0,309731.0
2025-07-29 21:30:00,5856.0,5859.0,5854.0,5858.0,5936.0,309731.0,309513.0
2025-07-29 22:00:00,5858.0,5876.0,5857.0,5872.0,17384.0,309513.0,309321.0
2025-07-29 22:30:00,5872.0,5878.0,5866.0,5868.0,11218.0,309321.0,308144.0
2025-07-30 09:00:00,5860.0,5873.0,5860.0,5863.0,10170.0,308144.0,308251.0
2025-07-30 09:30:00,5863.0,5867.0,5859.0,5860.0,8557.0,308251.0,306839.0
2025-07-30 10:00:00,5860.0,5864.0,5858.0,5861.0,4027.0,306839.0,305872.0
2025-07-30 10:30:00,5861.0,5861.0,5854.0,5856.0,17061.0,305872.0,303102.0
2025-07-30 11:00:00,5856.0,5857.0,5848.0,5849.0,13789.0,303102.0,300984.0
2025-07-30 13:30:00,5849.0,5849.0,5822.0,5823.0,45902.0,300984.0,293191.0
2025-07-30 14:00:00,5823.0,5823.0,5800.0,5802.0,47570.0,293191.0,284115.0
2025-07-30 14:30:00,5802.0,5812.0,5800.0,5804.0,30035.0,284115.0,277092.0
2025-07-30 21:00:00,5799.0,5822.0,5794.0,5819.0,33959.0,277092.0,276069.0
2025-07-30 21:30:00,5819.0,5822.0,5815.0,5818.0,10112.0,276069.0,274834.0
2025-07-30 22:00:00,5818.0,5820.0,5810.0,5811.0,7569.0,274834.0,274223.0
2025-07-30 22:30:00,5811.0,5818.0,5809.0,5812.0,8899.0,274223.0,273103.0
2025-07-31 09:00:00,5805.0,5812.0,5795.0,5799.0,20838.0,273103.0,270718.0
2025-07-31 09:30:00,5799.0,5804.0,5794.0,5795.0,9319.0,270718.0,269139.0
2025-07-31 10:00:00,5795.0,5795.0,5790.0,5791.0,7466.0,269139.0,266989.0
2025-07-31 10:30:00,5791.0,5795.0,5785.0,5793.0,17187.0,266989.0,263036.0
2025-07-31 11:00:00,5793.0,5793.0,5786.0,5789.0,6830.0,263036.0,261534.0
2025-07-31 13:30:00,5789.0,5792.0,5785.0,5787.0,9011.0,261534.0,259257.0
2025-07-31 14:00:00,5787.0,5790.0,5785.0,5787.0,7468.0,259257.0,257463.0
2025-07-31 14:30:00,5787.0,5796.0,5786.0,5793.0,10935.0,257463.0,255082.0
2025-07-31 21:00:00,5784.0,5787.0,5772.0,5779.0,27405.0,255082.0,252228.0
2025-07-31 21:30:00,5779.0,5793.0,5777.0,5793.0,17072.0,252228.0,251011.0
2025-07-31 22:00:00,5793.0,5794.0,5781.0,5783.0,13765.0,251011.0,249806.0
2025-07-31 22:30:00,5783.0,5789.0,5781.0,5784.0,7250.0,249806.0,247692.0
2025-08-01 09:00:00,5779.0,5781.0,5771.0,5773.0,14914.0,247692.0,246406.0
2025-08-01 09:30:00,5773.0,5777.0,5767.0,5769.0,8661.0,246406.0,245381.0
2025-08-01 10:00:00,5769.0,5769.0,5758.0,5760.0,10317.0,245381.0,243541.0
2025-08-01 10:30:00,5760.0,5760.0,5752.0,5753.0,12565.0,243541.0,241782.0
2025-08-01 11:00:00,5753.0,5754.0,5741.0,5744.0,19701.0,241782.0,238064.0
2025-08-01 13:30:00,5744.0,5744.0,5736.0,5740.0,18391.0,238064.0,236873.0
2025-08-01 14:00:00,5740.0,5741.0,5732.0,5739.0,15290.0,236873.0,233652.0
2025-08-01 14:30:00,5739.0,5744.0,5731.0,5733.0,18264.0,233652.0,231065.0
2025-08-01 21:00:00,5731.0,5735.0,5725.0,5732.0,25354.0,231065.0,230152.0
2025-08-01 21:30:00,5732.0,5733.0,5724.0,5726.0,9489.0,230152.0,229834.0
2025-08-01 22:00:00,5726.0,5727.0,5722.0,5722.0,6201.0,229834.0,230160.0
2025-08-01 22:30:00,5722.0,5726.0,5718.0,5723.0,9098.0,230160.0,228435.0
2025-08-04 09:00:00,5725.0,5727.0,5719.0,5723.0,12420.0,228435.0,227919.0
2025-08-04 09:30:00,5723.0,5727.0,5720.0,5725.0,11760.0,227919.0,226008.0
2025-08-04 10:00:00,5725.0,5726.0,5715.0,5716.0,8325.0,226008.0,224038.0
2025-08-04 10:30:00,5717.0,5723.0,5714.0,5721.0,11816.0,224038.0,220511.0
2025-08-04 11:00:00,5721.0,5723.0,5716.0,5717.0,11057.0,220511.0,216540.0
2025-08-04 13:30:00,5717.0,5721.0,5712.0,5712.0,15670.0,216540.0,212549.0
2025-08-04 14:00:00,5712.0,5719.0,5709.0,5716.0,14816.0,212549.0,208797.0
2025-08-04 14:30:00,5716.0,5721.0,5712.0,5718.0,12900.0,208797.0,205423.0
2025-08-04 21:00:00,5726.0,5730.0,5716.0,5717.0,28754.0,205423.0,199613.0
2025-08-04 21:30:00,5717.0,5720.0,5715.0,5715.0,8758.0,199613.0,198863.0
2025-08-04 22:00:00,5715.0,5717.0,5704.0,5706.0,16730.0,198863.0,197689.0
2025-08-04 22:30:00,5706.0,5709.0,5703.0,5709.0,7862.0,197689.0,196570.0
2025-08-05 09:00:00,5703.0,5709.0,5697.0,5697.0,12861.0,196570.0,193701.0
2025-08-05 09:30:00,5697.0,5709.0,5697.0,5704.0,7523.0,193701.0,192645.0
2025-08-05 10:00:00,5704.0,5707.0,5702.0,5703.0,3519.0,192645.0,191669.0
2025-08-05 10:30:00,5703.0,5708.0,5698.0,5699.0,8742.0,191669.0,189608.0
2025-08-05 11:00:00,5699.0,5699.0,5692.0,5694.0,10228.0,189608.0,187872.0
2025-08-05 13:30:00,5694.0,5707.0,5694.0,5694.0,13700.0,187872.0,186634.0
2025-08-05 14:00:00,5694.0,5699.0,5691.0,5694.0,8121.0,186634.0,185671.0
2025-08-05 14:30:00,5694.0,5701.0,5693.0,5697.0,10665.0,185671.0,185059.0
2025-08-05 21:00:00,5682.0,5692.0,5675.0,5690.0,27333.0,185059.0,183887.0
2025-08-05 21:30:00,5690.0,5700.0,5689.0,5699.0,9948.0,183887.0,183585.0
2025-08-05 22:00:00,5699.0,5699.0,5694.0,5696.0,4914.0,183585.0,182958.0
2025-08-05 22:30:00,5696.0,5702.0,5695.0,5698.0,5949.0,182958.0,182219.0
2025-08-06 09:00:00,5691.0,5700.0,5689.0,5700.0,9819.0,182219.0,180398.0
2025-08-06 09:30:00,5700.0,5701.0,5689.0,5693.0,8976.0,180398.0,177753.0
2025-08-06 10:00:00,5693.0,5693.0,5688.0,5690.0,2762.0,177753.0,177656.0
2025-08-06 10:30:00,5689.0,5690.0,5679.0,5681.0,10777.0,177656.0,177390.0
2025-08-06 11:00:00,5681.0,5685.0,5678.0,5682.0,6428.0,177390.0,176627.0
2025-08-06 13:30:00,5681.0,5692.0,5680.0,5687.0,10566.0,176627.0,175184.0
2025-08-06 14:00:00,5687.0,5688.0,5682.0,5685.0,5774.0,175184.0,174070.0
2025-08-06 14:30:00,5685.0,5687.0,5682.0,5683.0,8426.0,174070.0,172519.0
2025-08-06 21:00:00,5680.0,5691.0,5677.0,5687.0,15791.0,172519.0,170974.0
2025-08-06 21:30:00,5687.0,5697.0,5686.0,5693.0,11604.0,170974.0,171456.0
2025-08-06 22:00:00,5693.0,5694.0,5687.0,5687.0,5136.0,171456.0,170970.0
2025-08-06 22:30:00,5687.0,5692.0,5683.0,5685.0,5390.0,170970.0,169920.0
2025-08-07 09:00:00,5683.0,5687.0,5675.0,5681.0,13416.0,169920.0,168271.0
2025-08-07 09:30:00,5681.0,5683.0,5672.0,5673.0,6587.0,168271.0,166888.0
2025-08-07 10:00:00,5673.0,5674.0,5667.0,5668.0,6845.0,166888.0,167321.0
2025-08-07 10:30:00,5668.0,5668.0,5660.0,5661.0,11899.0,167321.0,166435.0
2025-08-07 11:00:00,5661.0,5666.0,5659.0,5664.0,8041.0,166435.0,165953.0
2025-08-07 13:30:00,5665.0,5665.0,5657.0,5661.0,7015.0,165953.0,165263.0
2025-08-07 14:00:00,5661.0,5665.0,5659.0,5662.0,6410.0,165263.0,163499.0
2025-08-07 14:30:00,5662.0,5668.0,5660.0,5667.0,9657.0,163499.0,161306.0
2025-08-07 21:00:00,5600.0,5603.0,5584.0,5592.0,38810.0,161306.0,289238.0
2025-08-07 21:30:00,5592.0,5593.0,5586.0,5589.0,12690.0,289238.0,291050.0
2025-08-07 22:00:00,5589.0,5593.0,5575.0,5576.0,16149.0,291050.0,293840.0
2025-08-07 22:30:00,5576.0,5577.0,5572.0,5575.0,9157.0,293840.0,294771.0
2025-08-08 09:00:00,5574.0,5577.0,5570.0,5571.0,16327.0,294771.0,296154.0
2025-08-08 09:30:00,5571.0,5571.0,5554.0,5557.0,20217.0,296154.0,296774.0
2025-08-08 10:00:00,5557.0,5558.0,5554.0,5558.0,5463.0,296774.0,297541.0
2025-08-08 10:30:00,5558.0,5572.0,5558.0,5570.0,16239.0,297541.0,297453.0
2025-08-08 11:00:00,5570.0,5578.0,5563.0,5575.0,15496.0,297453.0,296894.0
2025-08-08 13:30:00,5575.0,5578.0,5564.0,5569.0,13891.0,296894.0,297741.0
2025-08-08 14:00:00,5569.0,5573.0,5568.0,5571.0,12386.0,297741.0,299397.0
2025-08-08 14:30:00,5571.0,5576.0,5567.0,5573.0,13153.0,299397.0,300976.0
2025-08-08 21:00:00,5581.0,5584.0,5576.0,5582.0,19928.0,300976.0,304583.0
2025-08-08 21:30:00,5582.0,5587.0,5578.0,5583.0,9763.0,304583.0,305953.0
2025-08-08 22:00:00,5583.0,5587.0,5576.0,5577.0,8011.0,305953.0,306126.0
2025-08-08 22:30:00,5577.0,5580.0,5575.0,5577.0,5492.0,306126.0,306221.0
2025-08-11 09:00:00,5578.0,5587.0,5570.0,5570.0,13912.0,306221.0,306914.0
2025-08-11 09:30:00,5570.0,5577.0,5569.0,5574.0,6538.0,306914.0,306824.0
2025-08-11 10:00:00,5574.0,5576.0,5569.0,5571.0,5954.0,306824.0,307070.0
2025-08-11 10:30:00,5571.0,5575.0,5564.0,5565.0,9273.0,307070.0,307222.0
2025-08-11 11:00:00,5565.0,5567.0,5561.0,5562.0,8933.0,307222.0,307877.0
2025-08-11 13:30:00,5562.0,5573.0,5561.0,5573.0,12349.0,307877.0,306270.0
2025-08-11 14:00:00,5573.0,5573.0,5564.0,5566.0,7638.0,306270.0,307039.0
2025-08-11 14:30:00,5566.0,5574.0,5564.0,5573.0,11871.0,307039.0,307158.0
2025-08-11 21:00:00,5580.0,5589.0,5575.0,5583.0,24664.0,307158.0,307940.0
2025-08-11 21:30:00,5583.0,5584.0,5575.0,5584.0,11286.0,307940.0,310175.0
2025-08-11 22:00:00,5584.0,5588.0,5581.0,5581.0,6634.0,310175.0,309476.0
2025-08-11 22:30:00,5581.0,5584.0,5579.0,5580.0,5329.0,309476.0,309081.0
2025-08-12 09:00:00,5585.0,5594.0,5573.0,5574.0,17840.0,309081.0,310462.0
2025-08-12 09:30:00,5574.0,5586.0,5573.0,5583.0,8852.0,310462.0,309624.0
2025-08-12 10:00:00,5583.0,5583.0,5574.0,5579.0,5032.0,309624.0,309375.0
2025-08-12 10:30:00,5579.0,5582.0,5576.0,5577.0,6839.0,309375.0,309771.0
2025-08-12 11:00:00,5577.0,5586.0,5576.0,5583.0,10206.0,309771.0,310729.0
2025-08-12 13:30:00,5584.0,5605.0,5584.0,5601.0,26435.0,310729.0,309016.0
2025-08-12 14:00:00,5601.0,5609.0,5600.0,5607.0,16648.0,309016.0,308809.0
2025-08-12 14:30:00,5607.0,5612.0,5605.0,5608.0,17943.0,308809.0,306587.0
2025-08-12 21:00:00,5620.0,5629.0,5617.0,5623.0,42809.0,306587.0,308226.0
2025-08-12 21:30:00,5623.0,5628.0,5620.0,5627.0,12659.0,308226.0,308433.0
2025-08-12 22:00:00,5627.0,5643.0,5626.0,5643.0,28694.0,308433.0,313644.0
2025-08-12 22:30:00,5643.0,5649.0,5640.0,5640.0,19405.0,313644.0,313094.0
2025-08-13 09:00:00,5642.0,5660.0,5642.0,5657.0,31611.0,313094.0,314932.0
2025-08-13 09:30:00,5657.0,5668.0,5657.0,5662.0,22782.0,314932.0,315677.0
2025-08-13 10:00:00,5662.0,5662.0,5657.0,5657.0,7495.0,315677.0,314907.0
2025-08-13 10:30:00,5658.0,5666.0,5655.0,5658.0,14389.0,314907.0,315782.0
2025-08-13 11:00:00,5658.0,5662.0,5655.0,5657.0,11023.0,315782.0,314979.0
2025-08-13 13:30:00,5657.0,5660.0,5654.0,5658.0,15090.0,314979.0,313065.0
2025-08-13 14:00:00,5658.0,5659.0,5652.0,5654.0,16355.0,313065.0,311035.0
2025-08-13 14:30:00,5654.0,5661.0,5654.0,5657.0,16250.0,311035.0,310322.0
2025-08-13 21:00:00,5655.0,5661.0,5650.0,5654.0,27699.0,310322.0,313315.0
2025-08-13 21:30:00,5654.0,5657.0,5652.0,5655.0,12030.0,313315.0,315010.0
2025-08-13 22:00:00,5655.0,5657.0,5653.0,5654.0,9879.0,315010.0,316411.0
2025-08-13 22:30:00,5654.0,5666.0,5653.0,5664.0,18237.0,316411.0,318338.0
2025-08-14 09:00:00,5656.0,5661.0,5653.0,5660.0,16544.0,318338.0,319726.0
2025-08-14 09:30:00,5660.0,5663.0,5656.0,5662.0,8731.0,319726.0,320359.0
2025-08-14 10:00:00,5662.0,5672.0,5660.0,5667.0,13889.0,320359.0,321544.0
2025-08-14 10:30:00,5666.0,5671.0,5662.0,5667.0,13431.0,321544.0,321905.0
2025-08-14 11:00:00,5667.0,5669.0,5653.0,5654.0,13318.0,321905.0,320408.0
2025-08-14 13:30:00,5654.0,5663.0,5647.0,5662.0,19286.0,320408.0,318628.0
2025-08-14 14:00:00,5662.0,5665.0,5660.0,5663.0,9300.0,318628.0,319424.0
2025-08-14 14:30:00,5663.0,5665.0,5656.0,5659.0,13708.0,319424.0,319449.0
2025-08-14 21:00:00,5644.0,5654.0,5640.0,5648.0,34189.0,319449.0,321595.0
2025-08-14 21:30:00,5648.0,5650.0,5634.0,5645.0,25913.0,321595.0,319633.0
2025-08-14 22:00:00,5645.0,5650.0,5639.0,5639.0,11938.0,319633.0,319092.0
2025-08-14 22:30:00,5639.0,5645.0,5638.0,5641.0,9398.0,319092.0,318853.0
2025-08-15 09:00:00,5642.0,5654.0,5641.0,5654.0,14698.0,318853.0,319568.0
2025-08-15 09:30:00,5654.0,5654.0,5646.0,5652.0,7482.0,319568.0,319152.0
2025-08-15 10:00:00,5652.0,5653.0,5646.0,5652.0,4155.0,319152.0,318892.0
2025-08-15 10:30:00,5652.0,5652.0,5641.0,5641.0,10570.0,318892.0,318006.0
2025-08-15 11:00:00,5641.0,5653.0,5639.0,5650.0,11539.0,318006.0,318054.0
2025-08-15 13:30:00,5652.0,5654.0,5647.0,5648.0,10924.0,318054.0,316681.0
2025-08-15 14:00:00,5648.0,5651.0,5645.0,5650.0,8103.0,316681.0,315136.0
2025-08-15 14:30:00,5650.0,5666.0,5649.0,5664.0,25140.0,315136.0,315440.0
2025-08-15 21:00:00,5653.0,5659.0,5648.0,5657.0,24794.0,315440.0,316507.0
2025-08-15 21:30:00,5657.0,5663.0,5653.0,5657.0,16050.0,316507.0,318200.0
2025-08-15 22:00:00,5657.0,5665.0,5657.0,5663.0,14890.0,318200.0,318082.0
2025-08-15 22:30:00,5663.0,5665.0,5655.0,5656.0,11995.0,318082.0,318313.0
2025-08-18 09:00:00,5654.0,5655.0,5636.0,5647.0,29654.0,318313.0,314062.0
2025-08-18 09:30:00,5647.0,5657.0,5647.0,5655.0,8606.0,314062.0,314675.0
2025-08-18 10:00:00,5655.0,5658.0,5655.0,5656.0,3239.0,314675.0,314719.0
2025-08-18 10:30:00,5656.0,5659.0,5651.0,5654.0,9155.0,314719.0,315246.0
2025-08-18 11:00:00,5654.0,5661.0,5653.0,5656.0,8240.0,315246.0,316209.0
2025-08-18 13:30:00,5658.0,5663.0,5655.0,5660.0,13178.0,316209.0,317469.0
2025-08-18 14:00:00,5660.0,5669.0,5654.0,5665.0,14475.0,317469.0,318347.0
2025-08-18 14:30:00,5665.0,5674.0,5663.0,5672.0,25554.0,318347.0,322832.0
2025-08-18 21:00:00,5668.0,5683.0,5666.0,5676.0,32900.0,322832.0,328624.0
2025-08-18 21:30:00,5676.0,5682.0,5675.0,5677.0,14421.0,328624.0,331113.0
2025-08-18 22:00:00,5677.0,5679.0,5672.0,5673.0,8194.0,331113.0,331721.0
2025-08-18 22:30:00,5673.0,5679.0,5671.0,5678.0,7880.0,331721.0,331239.0
2025-08-19 09:00:00,5673.0,5680.0,5665.0,5679.0,27401.0,331239.0,335627.0
2025-08-19 09:30:00,5679.0,5681.0,5673.0,5674.0,14383.0,335627.0,337707.0
2025-08-19 10:00:00,5674.0,5677.0,5672.0,5676.0,5004.0,337707.0,337999.0
2025-08-19 10:30:00,5676.0,5680.0,5668.0,5673.0,11392.0,337999.0,339135.0
2025-08-19 11:00:00,5673.0,5679.0,5673.0,5678.0,8295.0,339135.0,340698.0
2025-08-19 13:30:00,5678.0,5678.0,5673.0,5675.0,8005.0,340698.0,341672.0
2025-08-19 14:00:00,5675.0,5676.0,5658.0,5662.0,20541.0,341672.0,339521.0
2025-08-19 14:30:00,5662.0,5664.0,5659.0,5661.0,11864.0,339521.0,338456.0
2025-08-19 21:00:00,5663.0,5667.0,5648.0,5657.0,23513.0,338456.0,340175.0
2025-08-19 21:30:00,5657.0,5666.0,5652.0,5661.0,13861.0,340175.0,340777.0
2025-08-19 22:00:00,5661.0,5665.0,5660.0,5663.0,7918.0,340777.0,341037.0
2025-08-19 22:30:00,5663.0,5664.0,5642.0,5651.0,17992.0,341037.0,336897.0
2025-08-20 09:00:00,5650.0,5664.0,5647.0,5660.0,12110.0,336897.0,337360.0
2025-08-20 09:30:00,5660.0,5661.0,5655.0,5657.0,6775.0,337360.0,338346.0
2025-08-20 10:00:00,5657.0,5658.0,5647.0,5647.0,8208.0,338346.0,338872.0
2025-08-20 10:30:00,5647.0,5656.0,5646.0,5652.0,9648.0,338872.0,339434.0
2025-08-20 11:00:00,5652.0,5654.0,5646.0,5648.0,5726.0,339434.0,339611.0
2025-08-20 13:30:00,5647.0,5662.0,5647.0,5662.0,11396.0,339611.0,338394.0
2025-08-20 14:00:00,5662.0,5671.0,5659.0,5666.0,17290.0,338394.0,340249.0
2025-08-20 14:30:00,5666.0,5678.0,5664.0,5676.0,18945.0,340249.0,343739.0
2025-08-20 21:00:00,5688.0,5703.0,5682.0,5688.0,54460.0,343739.0,350761.0
2025-08-20 21:30:00,5688.0,5693.0,5685.0,5689.0,13325.0,350761.0,352947.0
2025-08-20 22:00:00,5689.0,5689.0,5684.0,5687.0,5928.0,352947.0,353066.0
2025-08-20 22:30:00,5687.0,5690.0,5685.0,5689.0,6748.0,353066.0,352277.0
2025-08-21 09:00:00,5689.0,5699.0,5689.0,5691.0,20769.0,352277.0,354679.0
2025-08-21 09:30:00,5691.0,5694.0,5685.0,5687.0,9714.0,354679.0,355016.0
2025-08-21 10:00:00,5687.0,5689.0,5686.0,5686.0,3050.0,355016.0,354963.0
2025-08-21 10:30:00,5686.0,5694.0,5684.0,5694.0,10090.0,354963.0,355986.0
2025-08-21 11:00:00,5694.0,5695.0,5688.0,5689.0,6515.0,355986.0,356276.0
2025-08-21 13:30:00,5689.0,5696.0,5689.0,5691.0,7925.0,356276.0,357508.0
2025-08-21 14:00:00,5691.0,5694.0,5689.0,5693.0,5789.0,357508.0,358554.0
2025-08-21 14:30:00,5693.0,5693.0,5686.0,5688.0,10588.0,358554.0,358685.0
2025-08-21 21:00:00,5676.0,5686.0,5663.0,5674.0,42818.0,358685.0,359266.0
2025-08-21 21:30:00,5674.0,5676.0,5667.0,5671.0,9989.0,359266.0,359398.0
2025-08-21 22:00:00,5671.0,5679.0,5669.0,5676.0,9398.0,359398.0,360511.0
2025-08-21 22:30:00,5676.0,5683.0,5673.0,5680.0,9054.0,360511.0,359534.0
2025-08-22 09:00:00,5674.0,5680.0,5671.0,5674.0,13197.0,359534.0,360135.0
2025-08-22 09:30:00,5674.0,5677.0,5671.0,5674.0,5202.0,360135.0,360287.0
2025-08-22 10:00:00,5674.0,5675.0,5671.0,5674.0,2179.0,360287.0,360520.0
2025-08-22 10:30:00,5674.0,5677.0,5669.0,5674.0,8117.0,360520.0,360978.0
2025-08-22 11:00:00,5674.0,5676.0,5669.0,5671.0,6869.0,360978.0,361112.0
2025-08-22 13:30:00,5671.0,5673.0,5667.0,5671.0,10510.0,361112.0,362943.0
2025-08-22 14:00:00,5671.0,5673.0,5666.0,5667.0,5608.0,362943.0,363088.0
2025-08-22 14:30:00,5667.0,5671.0,5664.0,5670.0,12469.0,363088.0,361945.0
2025-08-22 21:00:00,5674.0,5693.0,5672.0,5687.0,30960.0,361945.0,364115.0
2025-08-22 21:30:00,5687.0,5687.0,5678.0,5681.0,11164.0,364115.0,365193.0
2025-08-22 22:00:00,5681.0,5690.0,5681.0,5690.0,10906.0,365193.0,365396.0
2025-08-22 22:30:00,5690.0,5693.0,5687.0,5690.0,9450.0,365396.0,364431.0
2025-08-25 09:00:00,5690.0,5696.0,5682.0,5684.0,18973.0,364431.0,365655.0
2025-08-25 09:30:00,5684.0,5690.0,5681.0,5688.0,9514.0,365655.0,366120.0
2025-08-25 10:00:00,5688.0,5689.0,5684.0,5686.0,3798.0,366120.0,366429.0
2025-08-25 10:30:00,5685.0,5689.0,5681.0,5682.0,8844.0,366429.0,366718.0
2025-08-25 11:00:00,5682.0,5686.0,5677.0,5684.0,10067.0,366718.0,368070.0
2025-08-25 13:30:00,5682.0,5683.0,5679.0,5681.0,6234.0,368070.0,367826.0
2025-08-25 14:00:00,5681.0,5685.0,5680.0,5683.0,4524.0,367826.0,367688.0
2025-08-25 14:30:00,5683.0,5688.0,5681.0,5688.0,8655.0,367688.0,367664.0
2025-08-25 21:00:00,5683.0,5685.0,5662.0,5672.0,35524.0,367664.0,370493.0
2025-08-25 21:30:00,5672.0,5679.0,5670.0,5674.0,10596.0,370493.0,369350.0
2025-08-25 22:00:00,5674.0,5682.0,5674.0,5680.0,7088.0,369350.0,368723.0
2025-08-25 22:30:00,5680.0,5681.0,5677.0,5680.0,5920.0,368723.0,368335.0
2025-08-26 09:00:00,5674.0,5679.0,5671.0,5672.0,13690.0,368335.0,369659.0
2025-08-26 09:30:00,5672.0,5678.0,5671.0,5677.0,5238.0,369659.0,369405.0
2025-08-26 10:00:00,5677.0,5680.0,5676.0,5677.0,2719.0,369405.0,369708.0
2025-08-26 10:30:00,5678.0,5678.0,5673.0,5675.0,5740.0,369708.0,370206.0
2025-08-26 11:00:00,5675.0,5688.0,5674.0,5676.0,13605.0,370206.0,371134.0
2025-08-26 13:30:00,5676.0,5678.0,5672.0,5673.0,7685.0,371134.0,371153.0
2025-08-26 14:00:00,5673.0,5676.0,5628.0,5632.0,68032.0,371153.0,371429.0
2025-08-26 14:30:00,5632.0,5633.0,5622.0,5632.0,35291.0,371429.0,366130.0
2025-08-26 21:00:00,5632.0,5639.0,5625.0,5633.0,29624.0,366130.0,366944.0
2025-08-26 21:30:00,5633.0,5635.0,5629.0,5631.0,10727.0,366944.0,366545.0
2025-08-26 22:00:00,5631.0,5633.0,5626.0,5631.0,8415.0,366545.0,366123.0
2025-08-26 22:30:00,5631.0,5637.0,5630.0,5635.0,8381.0,366123.0,364059.0
2025-08-27 09:00:00,5632.0,5637.0,5631.0,5634.0,7444.0,364059.0,363723.0
2025-08-27 09:30:00,5634.0,5637.0,5622.0,5623.0,15515.0,363723.0,365295.0
2025-08-27 10:00:00,5623.0,5626.0,5622.0,5624.0,4535.0,365295.0,365682.0
2025-08-27 10:30:00,5624.0,5624.0,5616.0,5623.0,11721.0,365682.0,365407.0
2025-08-27 11:00:00,5623.0,5628.0,5619.0,5621.0,8507.0,365407.0,366186.0
2025-08-27 13:30:00,5621.0,5622.0,5613.0,5613.0,14442.0,366186.0,366350.0
2025-08-27 14:00:00,5613.0,5618.0,5612.0,5615.0,12811.0,366350.0,365675.0
2025-08-27 14:30:00,5615.0,5621.0,5614.0,5620.0,15344.0,365675.0,363151.0
2025-08-27 21:00:00,5626.0,5629.0,5606.0,5608.0,26568.0,363151.0,363983.0
2025-08-27 21:30:00,5608.0,5611.0,5602.0,5608.0,13419.0,363983.0,364333.0
2025-08-27 22:00:00,5608.0,5611.0,5606.0,5606.0,4910.0,364333.0,364091.0
2025-08-27 22:30:00,5606.0,5610.0,5603.0,5609.0,8180.0,364091.0,363349.0
2025-08-28 09:00:00,5609.0,5609.0,5590.0,5594.0,25691.0,363349.0,360900.0
2025-08-28 09:30:00,5594.0,5603.0,5593.0,5595.0,8383.0,360900.0,360852.0
2025-08-28 10:00:00,5595.0,5601.0,5595.0,5598.0,3758.0,360852.0,361011.0
2025-08-28 10:30:00,5598.0,5601.0,5595.0,5599.0,5919.0,361011.0,360350.0
2025-08-28 11:00:00,5599.0,5599.0,5590.0,5591.0,9433.0,360350.0,358997.0
2025-08-28 13:30:00,5590.0,5595.0,5586.0,5589.0,13756.0,358997.0,359565.0
2025-08-28 14:00:00,5589.0,5596.0,5589.0,5592.0,10300.0,359565.0,360443.0
2025-08-28 14:30:00,5592.0,5604.0,5592.0,5602.0,16189.0,360443.0,359065.0
2025-08-28 21:00:00,5612.0,5616.0,5603.0,5606.0,27472.0,359065.0,356575.0
2025-08-28 21:30:00,5606.0,5607.0,5597.0,5597.0,9652.0,356575.0,357766.0
2025-08-28 22:00:00,5597.0,5598.0,5593.0,5594.0,8480.0,357766.0,358837.0
2025-08-28 22:30:00,5594.0,5596.0,5587.0,5591.0,11848.0,358837.0,359597.0
2025-08-29 09:00:00,5598.0,5605.0,5584.0,5588.0,20379.0,359597.0,360673.0
2025-08-29 09:30:00,5588.0,5595.0,5587.0,5593.0,7815.0,360673.0,360728.0
2025-08-29 10:00:00,5593.0,5596.0,5592.0,5594.0,2742.0,360728.0,360711.0
2025-08-29 10:30:00,5594.0,5608.0,5594.0,5596.0,16002.0,360711.0,359688.0
2025-08-29 11:00:00,5596.0,5602.0,5595.0,5601.0,6564.0,359688.0,359397.0
2025-08-29 13:30:00,5602.0,5610.0,5599.0,5606.0,19493.0,359397.0,358841.0
2025-08-29 14:00:00,5606.0,5606.0,5600.0,5600.0,9553.0,358841.0,358899.0
2025-08-29 14:30:00,5600.0,5605.0,5598.0,5604.0,10509.0,358899.0,357771.0
2025-08-29 21:00:00,5600.0,5611.0,5598.0,5606.0,20850.0,357771.0,360589.0
2025-08-29 21:30:00,5606.0,5606.0,5599.0,5601.0,7730.0,360589.0,360771.0
2025-08-29 22:00:00,5601.0,5603.0,5593.0,5602.0,12418.0,360771.0,360306.0
2025-08-29 22:30:00,5602.0,5607.0,5601.0,5606.0,8811.0,360306.0,359333.0
2025-09-01 09:00:00,5604.0,5606.0,5590.0,5591.0,19946.0,359333.0,358785.0
2025-09-01 09:30:00,5591.0,5595.0,5589.0,5592.0,8308.0,358785.0,358944.0
2025-09-01 10:00:00,5592.0,5602.0,5591.0,5600.0,5971.0,358944.0,358606.0
2025-09-01 10:30:00,5600.0,5606.0,5598.0,5600.0,11322.0,358606.0,360008.0
2025-09-01 11:00:00,5600.0,5608.0,5598.0,5601.0,9611.0,360008.0,360259.0
2025-09-01 13:30:00,5602.0,5611.0,5600.0,5610.0,13766.0,360259.0,358562.0
2025-09-01 14:00:00,5610.0,5612.0,5604.0,5605.0,11228.0,358562.0,360006.0
2025-09-01 14:30:00,5605.0,5609.0,5604.0,5609.0,10148.0,360006.0,358781.0
2025-09-01 21:00:00,5614.0,5624.0,5603.0,5618.0,45850.0,358781.0,361279.0
2025-09-01 21:30:00,5618.0,5620.0,5609.0,5611.0,10697.0,361279.0,361952.0
2025-09-01 22:00:00,5611.0,5612.0,5608.0,5610.0,6606.0,361952.0,361900.0
2025-09-01 22:30:00,5610.0,5613.0,5608.0,5611.0,6391.0,361900.0,361440.0
2025-09-02 09:00:00,5606.0,5606.0,5594.0,5596.0,26986.0,361440.0,361636.0
2025-09-02 09:30:00,5596.0,5598.0,5590.0,5595.0,13045.0,361636.0,362780.0
2025-09-02 10:00:00,5595.0,5595.0,5568.0,5570.0,31912.0,362780.0,365275.0
2025-09-02 10:30:00,5570.0,5594.0,5566.0,5586.0,36367.0,365275.0,363851.0
2025-09-02 11:00:00,5586.0,5593.0,5586.0,5590.0,12554.0,363851.0,362945.0
2025-09-02 13:30:00,5590.0,5593.0,5588.0,5589.0,7182.0,362945.0,362310.0
2025-09-02 14:00:00,5589.0,5592.0,5582.0,5583.0,11563.0,362310.0,359895.0
2025-09-02 14:30:00,5583.0,5603.0,5582.0,5599.0,18062.0,359895.0,356276.0
2025-09-02 21:00:00,5582.0,5586.0,5568.0,5581.0,39995.0,356276.0,357303.0
2025-09-02 21:30:00,5581.0,5581.0,5573.0,5576.0,13783.0,357303.0,358909.0
2025-09-02 22:00:00,5576.0,5580.0,5572.0,5573.0,9475.0,358909.0,359545.0
2025-09-02 22:30:00,5573.0,5579.0,5568.0,5576.0,17567.0,359545.0,358035.0
2025-09-03 09:00:00,5577.0,5577.0,5569.0,5569.0,13220.0,358035.0,359156.0
2025-09-03 09:30:00,5569.0,5570.0,5560.0,5561.0,20519.0,359156.0,361484.0
2025-09-03 10:00:00,5561.0,5566.0,5560.0,5565.0,6127.0,361484.0,361946.0
2025-09-03 10:30:00,5564.0,5572.0,5561.0,5562.0,15615.0,361946.0,362085.0
2025-09-03 11:00:00,5562.0,5566.0,5557.0,5559.0,11911.0,362085.0,363364.0
2025-09-03 13:30:00,5558.0,5562.0,5556.0,5561.0,15727.0,363364.0,363624.0
2025-09-03 14:00:00,5561.0,5566.0,5558.0,5562.0,12393.0,363624.0,362973.0
2025-09-03 14:30:00,5562.0,5568.0,5560.0,5562.0,13493.0,362973.0,362219.0
2025-09-03 21:00:00,5562.0,5566.0,5535.0,5547.0,48592.0,362219.0,369780.0
2025-09-03 21:30:00,5547.0,5550.0,5541.0,5544.0,11918.0,369780.0,370037.0
2025-09-03 22:00:00,5544.0,5546.0,5538.0,5540.0,9374.0,370037.0,370089.0
2025-09-03 22:30:00,5540.0,5542.0,5536.0,5540.0,10802.0,370089.0,369955.0
2025-09-04 09:00:00,5540.0,5544.0,5536.0,5543.0,14268.0,369955.0,370146.0
2025-09-04 09:30:00,5543.0,5544.0,5534.0,5538.0,15473.0,370146.0,369680.0
2025-09-04 10:00:00,5538.0,5538.0,5533.0,5535.0,6663.0,369680.0,369541.0
2025-09-04 10:30:00,5535.0,5542.0,5533.0,5540.0,13868.0,369541.0,367432.0
2025-09-04 11:00:00,5540.0,5544.0,5538.0,5541.0,11198.0,367432.0,366589.0
2025-09-04 13:30:00,5540.0,5547.0,5538.0,5540.0,11595.0,366589.0,366426.0
2025-09-04 14:00:00,5540.0,5540.0,5532.0,5534.0,13047.0,366426.0,368477.0
2025-09-04 14:30:00,5534.0,5537.0,5531.0,5533.0,16469.0,368477.0,369333.0
2025-09-04 21:00:00,5530.0,5537.0,5526.0,5534.0,28733.0,369333.0,371362.0
2025-09-04 21:30:00,5534.0,5534.0,5528.0,5533.0,9733.0,371362.0,371714.0
2025-09-04 22:00:00,5533.0,5533.0,5523.0,5523.0,12635.0,371714.0,373184.0
2025-09-04 22:30:00,5523.0,5526.0,5518.0,5519.0,15705.0,373184.0,372806.0
2025-09-05 09:00:00,5519.0,5525.0,5509.0,5513.0,32570.0,372806.0,374996.0
2025-09-05 09:30:00,5513.0,5520.0,5510.0,5513.0,15730.0,374996.0,375926.0
2025-09-05 10:00:00,5513.0,5514.0,5510.0,5513.0,4264.0,375926.0,376587.0
2025-09-05 10:30:00,5513.0,5516.0,5511.0,5513.0,8809.0,376587.0,377348.0
2025-09-05 11:00:00,5513.0,5519.0,5510.0,5519.0,10852.0,377348.0,377171.0
2025-09-05 13:30:00,5520.0,5528.0,5518.0,5526.0,18633.0,377171.0,374212.0
2025-09-05 14:00:00,5526.0,5528.0,5519.0,5523.0,14261.0,374212.0,375544.0
2025-09-05 14:30:00,5523.0,5527.0,5518.0,5523.0,15823.0,375544.0,374355.0
2025-09-05 21:00:00,5518.0,5520.0,5503.0,5515.0,39905.0,374355.0,382981.0
2025-09-05 21:30:00,5515.0,5524.0,5512.0,5522.0,20133.0,382981.0,382073.0
2025-09-05 22:00:00,5522.0,5533.0,5519.0,5525.0,28855.0,382073.0,378014.0
2025-09-05 22:30:00,5525.0,5535.0,5522.0,5532.0,15515.0,378014.0,377953.0
2025-09-08 09:00:00,5533.0,5539.0,5523.0,5529.0,27351.0,377953.0,377462.0
2025-09-08 09:30:00,5529.0,5534.0,5526.0,5527.0,12709.0,377462.0,377286.0
2025-09-08 10:00:00,5527.0,5528.0,5522.0,5524.0,5581.0,377286.0,377510.0
2025-09-08 10:30:00,5523.0,5529.0,5522.0,5525.0,7609.0,377510.0,377881.0
2025-09-08 11:00:00,5525.0,5527.0,5519.0,5520.0,10725.0,377881.0,379852.0
2025-09-08 13:30:00,5520.0,5522.0,5516.0,5518.0,10893.0,379852.0,381517.0
2025-09-08 14:00:00,5518.0,5521.0,5516.0,5521.0,7461.0,381517.0,382481.0
2025-09-08 14:30:00,5521.0,5529.0,5520.0,5527.0,14512.0,382481.0,381300.0
2025-09-08 21:00:00,5535.0,5538.0,5519.0,5520.0,32849.0,381300.0,384964.0
2025-09-08 21:30:00,5520.0,5520.0,5516.0,5519.0,13073.0,384964.0,387196.0
2025-09-08 22:00:00,5519.0,5521.0,5511.0,5512.0,12566.0,387196.0,387031.0
2025-09-08 22:30:00,5512.0,5519.0,5509.0,5513.0,18584.0,387031.0,386698.0
2025-09-09 09:00:00,5521.0,5527.0,5518.0,5518.0,21930.0,386698.0,388037.0
2025-09-09 09:30:00,5518.0,5521.0,5515.0,5518.0,8679.0,388037.0,389083.0
2025-09-09 10:00:00,5518.0,5523.0,5517.0,5522.0,3823.0,389083.0,389558.0
2025-09-09 10:30:00,5522.0,5525.0,5516.0,5519.0,8770.0,389558.0,389741.0
2025-09-09 11:00:00,5519.0,5520.0,5514.0,5515.0,6703.0,389741.0,390417.0
2025-09-09 13:30:00,5516.0,5523.0,5515.0,5518.0,11276.0,390417.0,389432.0
2025-09-09 14:00:00,5518.0,5519.0,5515.0,5517.0,5758.0,389432.0,389456.0
2025-09-09 14:30:00,5517.0,5520.0,5515.0,5518.0,9798.0,389456.0,388606.0
2025-09-09 21:00:00,5521.0,5534.0,5518.0,5526.0,41953.0,388606.0,389201.0
2025-09-09 21:30:00,5526.0,5536.0,5525.0,5530.0,15837.0,389201.0,388863.0
2025-09-09 22:00:00,5530.0,5534.0,5526.0,5531.0,8995.0,388863.0,388105.0
2025-09-09 22:30:00,5531.0,5534.0,5529.0,5531.0,10679.0,388105.0,387501.0
2025-09-10 09:00:00,5531.0,5533.0,5522.0,5525.0,17785.0,387501.0,389471.0
2025-09-10 09:30:00,5525.0,5527.0,5523.0,5526.0,6900.0,389471.0,389580.0
2025-09-10 10:00:00,5526.0,5529.0,5524.0,5529.0,3657.0,389580.0,389674.0
2025-09-10 10:30:00,5529.0,5546.0,5528.0,5541.0,36701.0,389674.0,389370.0
2025-09-10 11:00:00,5541.0,5544.0,5537.0,5539.0,10361.0,389370.0,389453.0
2025-09-10 13:30:00,5539.0,5548.0,5539.0,5545.0,17104.0,389453.0,389413.0
2025-09-10 14:00:00,5545.0,5546.0,5540.0,5542.0,8960.0,389413.0,388667.0
2025-09-10 14:30:00,5542.0,5543.0,5531.0,5535.0,17351.0,388667.0,389187.0
2025-09-10 21:00:00,5542.0,5545.0,5533.0,5537.0,20248.0,389187.0,393225.0
2025-09-10 21:30:00,5537.0,5541.0,5533.0,5540.0,11126.0,393225.0,394275.0
2025-09-10 22:00:00,5540.0,5542.0,5536.0,5539.0,8362.0,394275.0,395239.0
2025-09-10 22:30:00,5539.0,5542.0,5538.0,5540.0,6046.0,395239.0,394784.0
2025-09-11 09:00:00,5541.0,5541.0,5527.0,5533.0,21029.0,394784.0,399626.0
2025-09-11 09:30:00,5533.0,5539.0,5532.0,5539.0,10244.0,399626.0,398846.0
2025-09-11 10:00:00,5539.0,5546.0,5538.0,5542.0,9320.0,398846.0,397074.0
2025-09-11 10:30:00,5542.0,5545.0,5536.0,5537.0,9777.0,397074.0,397084.0
2025-09-11 11:00:00,5537.0,5544.0,5536.0,5543.0,6995.0,397084.0,396446.0
2025-09-11 13:30:00,5543.0,5552.0,5542.0,5548.0,17294.0,396446.0,393992.0
2025-09-11 14:00:00,5548.0,5558.0,5545.0,5557.0,15070.0,393992.0,394559.0
2025-09-11 14:30:00,5557.0,5558.0,5552.0,5556.0,19900.0,394559.0,391605.0
2025-09-11 21:00:00,5550.0,5554.0,5534.0,5540.0,33601.0,391605.0,392499.0
2025-09-11 21:30:00,5540.0,5545.0,5535.0,5545.0,13181.0,392499.0,392655.0
2025-09-11 22:00:00,5545.0,5545.0,5539.0,5539.0,6543.0,392655.0,392972.0
2025-09-11 22:30:00,5539.0,5549.0,5539.0,5547.0,8007.0,392972.0,391551.0
2025-09-12 09:00:00,5547.0,5547.0,5540.0,5544.0,10469.0,391551.0,391588.0
2025-09-12 09:30:00,5544.0,5553.0,5542.0,5552.0,11860.0,391588.0,389906.0
2025-09-12 10:00:00,5552.0,5553.0,5547.0,5552.0,3981.0,389906.0,389611.0
2025-09-12 10:30:00,5552.0,5554.0,5548.0,5550.0,9094.0,389611.0,389643.0
2025-09-12 11:00:00,5550.0,5555.0,5549.0,5555.0,7512.0,389643.0,387755.0
2025-09-12 13:30:00,5555.0,5555.0,5547.0,5547.0,6646.0,387755.0,386568.0
2025-09-12 14:00:00,5547.0,5548.0,5542.0,5544.0,9900.0,386568.0,385635.0
2025-09-12 14:30:00,5544.0,5545.0,5539.0,5540.0,15477.0,385635.0,384498.0
2025-09-12 21:00:00,5538.0,5543.0,5534.0,5535.0,25028.0,384498.0,390044.0
2025-09-12 21:30:00,5535.0,5546.0,5532.0,5544.0,14980.0,390044.0,389692.0
2025-09-12 22:00:00,5544.0,5549.0,5542.0,5547.0,11091.0,389692.0,387621.0
2025-09-12 22:30:00,5547.0,5549.0,5542.0,5544.0,9162.0,387621.0,386092.0
2025-09-15 09:00:00,5544.0,5564.0,5538.0,5543.0,32118.0,386092.0,383963.0
2025-09-15 09:30:00,5543.0,5543.0,5536.0,5542.0,9543.0,383963.0,385237.0
2025-09-15 10:00:00,5542.0,5547.0,5539.0,5545.0,5413.0,385237.0,384374.0
2025-09-15 10:30:00,5545.0,5547.0,5542.0,5547.0,6496.0,384374.0,383386.0
2025-09-15 11:00:00,5547.0,5549.0,5544.0,5547.0,6188.0,383386.0,382498.0
2025-09-15 13:30:00,5547.0,5553.0,5544.0,5553.0,12093.0,382498.0,381917.0
2025-09-15 14:00:00,5553.0,5554.0,5544.0,5547.0,9206.0,381917.0,382693.0
2025-09-15 14:30:00,5547.0,5550.0,5546.0,5549.0,7856.0,382693.0,381607.0
2025-09-15 21:00:00,5553.0,5563.0,5549.0,5561.0,31205.0,381607.0,382662.0
2025-09-15 21:30:00,5561.0,5562.0,5552.0,5556.0,14284.0,382662.0,383377.0
2025-09-15 22:00:00,5556.0,5564.0,5555.0,5563.0,9431.0,383377.0,383162.0
2025-09-15 22:30:00,5563.0,5572.0,5560.0,5569.0,17571.0,383162.0,379999.0
2025-09-16 09:00:00,5560.0,5567.0,5556.0,5564.0,22139.0,379999.0,382906.0
2025-09-16 09:30:00,5564.0,5564.0,5557.0,5558.0,7334.0,382906.0,382639.0
2025-09-16 10:00:00,5558.0,5559.0,5554.0,5556.0,4756.0,382639.0,382810.0
2025-09-16 10:30:00,5556.0,5556.0,5543.0,5549.0,22484.0,382810.0,384468.0
2025-09-16 11:00:00,5549.0,5554.0,5548.0,5551.0,9618.0,384468.0,385425.0
2025-09-16 13:30:00,5551.0,5555.0,5547.0,5552.0,13728.0,385425.0,383525.0
2025-09-16 14:00:00,5552.0,5553.0,5540.0,5545.0,16584.0,383525.0,385825.0
2025-09-16 14:30:00,5545.0,5548.0,5543.0,5547.0,13161.0,385825.0,385623.0
2025-09-16 21:00:00,5550.0,5552.0,5541.0,5549.0,23296.0,385623.0,386562.0
2025-09-16 21:30:00,5549.0,5551.0,5542.0,5543.0,9898.0,386562.0,387607.0
2025-09-16 22:00:00,5543.0,5545.0,5537.0,5541.0,15114.0,387607.0,388897.0
2025-09-16 22:30:00,5541.0,5545.0,5538.0,5544.0,8691.0,388897.0,386391.0
2025-09-17 09:00:00,5543.0,5549.0,5540.0,5547.0,11163.0,386391.0,385663.0
2025-09-17 09:30:00,5547.0,5549.0,5544.0,5544.0,6155.0,385663.0,385234.0
2025-09-17 10:00:00,5544.0,5545.0,5522.0,5529.0,22714.0,385234.0,387676.0
2025-09-17 10:30:00,5529.0,5542.0,5528.0,5536.0,16092.0,387676.0,384780.0
2025-09-17 11:00:00,5536.0,5538.0,5531.0,5533.0,8101.0,384780.0,384973.0
2025-09-17 13:30:00,5533.0,5534.0,5525.0,5534.0,16052.0,384973.0,387758.0
2025-09-17 14:00:00,5534.0,5537.0,5530.0,5534.0,12420.0,387758.0,388699.0
2025-09-17 14:30:00,5534.0,5534.0,5528.0,5529.0,9811.0,388699.0,388194.0
2025-09-17 21:00:00,5526.0,5530.0,5519.0,5524.0,23241.0,388194.0,391903.0
2025-09-17 21:30:00,5524.0,5526.0,5519.0,5525.0,11592.0,391903.0,393117.0
2025-09-17 22:00:00,5525.0,5532.0,5523.0,5529.0,12019.0,393117.0,392202.0
2025-09-17 22:30:00,5529.0,5536.0,5528.0,5533.0,12059.0,392202.0,389244.0
2025-09-18 09:00:00,5520.0,5522.0,5513.0,5518.0,31290.0,389244.0,396584.0
2025-09-18 09:30:00,5518.0,5521.0,5505.0,5507.0,25226.0,396584.0,402787.0
2025-09-18 10:00:00,5507.0,5511.0,5507.0,5510.0,7019.0,402787.0,403926.0
2025-09-18 10:30:00,5510.0,5516.0,5509.0,5510.0,14201.0,403926.0,404101.0
2025-09-18 11:00:00,5510.0,5511.0,5492.0,5493.0,21486.0,404101.0,410023.0
2025-09-18 13:30:00,5493.0,5495.0,5462.0,5468.0,104245.0,410023.0,430360.0
2025-09-18 14:00:00,5468.0,5476.0,5467.0,5472.0,24698.0,430360.0,433607.0
2025-09-18 14:30:00,5472.0,5484.0,5471.0,5474.0,28382.0,433607.0,432454.0
2025-09-18 21:00:00,5469.0,5470.0,5452.0,5458.0,40660.0,432454.0,441378.0
2025-09-18 21:30:00,5458.0,5463.0,5452.0,5454.0,15803.0,441378.0,444028.0
2025-09-18 22:00:00,5454.0,5462.0,5453.0,5459.0,14856.0,444028.0,442474.0
2025-09-18 22:30:00,5459.0,5460.0,5456.0,5458.0,13606.0,442474.0,441590.0
2025-09-19 09:00:00,5472.0,5475.0,5462.0,5467.0,34900.0,441590.0,443786.0
2025-09-19 09:30:00,5467.0,5469.0,5460.0,5462.0,11462.0,443786.0,444587.0
2025-09-19 10:00:00,5462.0,5466.0,5462.0,5465.0,3764.0,444587.0,444119.0
2025-09-19 10:30:00,5464.0,5471.0,5455.0,5457.0,17209.0,444119.0,447156.0
2025-09-19 11:00:00,5457.0,5459.0,5449.0,5451.0,20031.0,447156.0,450266.0
2025-09-19 13:30:00,5452.0,5454.0,5448.0,5453.0,16858.0,450266.0,452441.0
2025-09-19 14:00:00,5453.0,5463.0,5451.0,5463.0,18475.0,452441.0,452295.0
2025-09-19 14:30:00,5463.0,5466.0,5458.0,5461.0,17864.0,452295.0,450307.0
2025-09-19 21:00:00,5472.0,5478.0,5464.0,5465.0,36721.0,450307.0,449536.0
2025-09-19 21:30:00,5465.0,5466.0,5459.0,5459.0,12710.0,449536.0,451858.0
2025-09-19 22:00:00,5459.0,5467.0,5457.0,5466.0,10402.0,451858.0,451879.0
2025-09-19 22:30:00,5466.0,5467.0,5459.0,5462.0,8428.0,451879.0,451649.0
2025-09-22 09:00:00,5469.0,5473.0,5462.0,5469.0,20026.0,451649.0,451161.0
2025-09-22 09:30:00,5469.0,5470.0,5461.0,5465.0,7869.0,451161.0,451456.0
2025-09-22 10:00:00,5465.0,5465.0,5459.0,5459.0,6150.0,451456.0,452312.0
2025-09-22 10:30:00,5459.0,5461.0,5444.0,5444.0,24387.0,452312.0,457588.0
2025-09-22 11:00:00,5444.0,5458.0,5444.0,5453.0,18692.0,457588.0,456314.0
2025-09-22 13:30:00,5455.0,5465.0,5455.0,5455.0,15949.0,456314.0,455354.0
2025-09-22 14:00:00,5455.0,5461.0,5452.0,5456.0,10380.0,455354.0,455920.0
2025-09-22 14:30:00,5456.0,5456.0,5450.0,5452.0,13657.0,455920.0,456830.0
2025-09-22 21:00:00,5452.0,5455.0,5446.0,5449.0,28472.0,456830.0,460059.0
2025-09-22 21:30:00,5449.0,5455.0,5448.0,5451.0,11803.0,460059.0,461964.0
2025-09-22 22:00:00,5451.0,5451.0,5447.0,5448.0,7888.0,461964.0,463184.0
2025-09-22 22:30:00,5448.0,5457.0,5441.0,5455.0,24932.0,463184.0,461361.0
2025-09-23 09:00:00,5442.0,5442.0,5424.0,5439.0,48500.0,461361.0,469779.0
2025-09-23 09:30:00,5439.0,5440.0,5432.0,5436.0,13498.0,469779.0,472613.0
2025-09-23 10:00:00,5436.0,5445.0,5436.0,5440.0,9332.0,472613.0,471648.0
2025-09-23 10:30:00,5440.0,5443.0,5428.0,5428.0,18518.0,471648.0,474677.0
2025-09-23 11:00:00,5428.0,5434.0,5426.0,5427.0,12173.0,474677.0,475820.0
2025-09-23 13:30:00,5428.0,5435.0,5428.0,5433.0,13616.0,475820.0,476266.0
2025-09-23 14:00:00,5433.0,5439.0,5432.0,5438.0,12428.0,476266.0,476076.0
2025-09-23 14:30:00,5438.0,5445.0,5435.0,5444.0,21051.0,476076.0,474011.0
2025-09-23 21:00:00,5447.0,5461.0,5443.0,5456.0,36472.0,474011.0,473904.0
2025-09-23 21:30:00,5456.0,5484.0,5452.0,5478.0,54903.0,473904.0,467095.0
2025-09-23 22:00:00,5478.0,5487.0,5474.0,5484.0,21394.0,467095.0,465204.0
2025-09-23 22:30:00,5484.0,5488.0,5483.0,5487.0,16519.0,465204.0,461162.0
2025-09-24 09:00:00,5491.0,5495.0,5479.0,5482.0,34848.0,461162.0,456829.0
2025-09-24 09:30:00,5482.0,5486.0,5478.0,5486.0,13192.0,456829.0,455631.0
2025-09-24 10:00:00,5486.0,5487.0,5478.0,5481.0,6928.0,455631.0,456096.0
2025-09-24 10:30:00,5481.0,5490.0,5481.0,5488.0,12627.0,456096.0,455420.0
2025-09-24 11:00:00,5488.0,5500.0,5487.0,5497.0,21428.0,455420.0,452594.0
2025-09-24 13:30:00,5498.0,5506.0,5498.0,5502.0,27159.0,452594.0,447081.0
2025-09-24 14:00:00,5502.0,5508.0,5496.0,5499.0,21558.0,447081.0,443674.0
2025-09-24 14:30:00,5499.0,5499.0,5492.0,5497.0,20538.0,443674.0,439004.0
2025-09-24 21:00:00,5492.0,5504.0,5489.0,5499.0,32169.0,439004.0,436548.0
2025-09-24 21:30:00,5499.0,5508.0,5498.0,5507.0,17112.0,436548.0,435884.0
2025-09-24 22:00:00,5507.0,5518.0,5505.0,5516.0,23964.0,435884.0,433920.0
2025-09-24 22:30:00,5516.0,5517.0,5507.0,5516.0,21042.0,433920.0,430293.0
2025-09-25 09:00:00,5513.0,5513.0,5489.0,5494.0,30872.0,430293.0,428829.0
2025-09-25 09:30:00,5494.0,5494.0,5485.0,5491.0,18443.0,428829.0,429558.0
2025-09-25 10:00:00,5491.0,5492.0,5483.0,5485.0,10695.0,429558.0,429198.0
2025-09-25 10:30:00,5485.0,5492.0,5481.0,5492.0,13892.0,429198.0,430079.0
2025-09-25 11:00:00,5492.0,5494.0,5485.0,5493.0,12070.0,430079.0,430425.0
2025-09-25 13:30:00,5493.0,5493.0,5485.0,5488.0,9895.0,430425.0,430162.0
2025-09-25 14:00:00,5488.0,5490.0,5483.0,5489.0,10453.0,430162.0,430858.0
2025-09-25 14:30:00,5489.0,5491.0,5484.0,5485.0,12388.0,430858.0,431349.0
2025-09-25 21:00:00,5487.0,5492.0,5479.0,5485.0,24977.0,431349.0,433131.0
2025-09-25 21:30:00,5485.0,5490.0,5483.0,5489.0,15086.0,433131.0,434145.0
2025-09-25 22:00:00,5489.0,5494.0,5484.0,5494.0,12323.0,434145.0,433528.0
2025-09-25 22:30:00,5494.0,5497.0,5491.0,5494.0,11366.0,433528.0,432254.0
2025-09-26 09:00:00,5503.0,5510.0,5492.0,5494.0,22065.0,432254.0,431432.0
2025-09-26 09:30:00,5494.0,5499.0,5489.0,5491.0,9579.0,431432.0,431143.0
2025-09-26 10:00:00,5491.0,5494.0,5488.0,5494.0,3748.0,431143.0,430348.0
2025-09-26 10:30:00,5494.0,5495.0,5491.0,5494.0,6391.0,430348.0,429094.0
2025-09-26 11:00:00,5494.0,5502.0,5493.0,5500.0,10525.0,429094.0,428081.0
2025-09-26 13:30:00,5501.0,5503.0,5493.0,5495.0,9667.0,428081.0,427820.0
2025-09-26 14:00:00,5495.0,5495.0,5490.0,5491.0,6840.0,427820.0,427538.0
2025-09-26 14:30:00,5491.0,5491.0,5477.0,5478.0,20738.0,427538.0,427474.0
2025-09-26 21:00:00,5485.0,5505.0,5485.0,5496.0,37391.0,427474.0,427453.0
2025-09-26 21:30:00,5496.0,5501.0,5492.0,5497.0,11286.0,427453.0,425802.0
2025-09-26 22:00:00,5497.0,5501.0,5488.0,5488.0,10975.0,425802.0,424702.0
2025-09-26 22:30:00,5488.0,5496.0,5488.0,5490.0,9837.0,424702.0,422490.0
2025-09-29 09:00:00,5491.0,5491.0,5481.0,5482.0,15860.0,422490.0,422509.0
2025-09-29 09:30:00,5482.0,5486.0,5480.0,5483.0,7203.0,422509.0,422310.0
2025-09-29 10:00:00,5483.0,5489.0,5481.0,5488.0,3102.0,422310.0,421874.0
2025-09-29 10:30:00,5488.0,5490.0,5475.0,5476.0,11926.0,421874.0,422255.0
2025-09-29 11:00:00,5476.0,5484.0,5473.0,5482.0,9968.0,422255.0,421891.0
2025-09-29 13:30:00,5482.0,5487.0,5480.0,5481.0,6706.0,421891.0,421196.0
2025-09-29 14:00:00,5481.0,5487.0,5480.0,5484.0,6663.0,421196.0,420876.0
2025-09-29 14:30:00,5484.0,5487.0,5475.0,5479.0,12785.0,420876.0,417038.0
2025-09-29 21:00:00,5478.0,5483.0,5465.0,5482.0,29969.0,417038.0,416151.0
2025-09-29 21:30:00,5482.0,5485.0,5475.0,5476.0,10681.0,416151.0,416759.0
2025-09-29 22:00:00,5476.0,5495.0,5476.0,5495.0,15764.0,416759.0,413937.0
2025-09-29 22:30:00,5495.0,5504.0,5492.0,5499.0,16760.0,413937.0,409297.0
2025-09-30 09:00:00,5496.0,5499.0,5490.0,5494.0,16001.0,409297.0,404752.0
2025-09-30 09:30:00,5494.0,5502.0,5493.0,5500.0,9692.0,404752.0,403905.0
2025-09-30 10:00:00,5500.0,5503.0,5494.0,5497.0,4441.0,403905.0,403306.0
2025-09-30 10:30:00,5497.0,5502.0,5497.0,5497.0,6938.0,403306.0,401808.0
2025-09-30 11:00:00,5497.0,5498.0,5489.0,5494.0,7091.0,401808.0,400538.0
2025-09-30 13:30:00,5493.0,5497.0,5485.0,5491.0,11746.0,400538.0,398341.0
2025-09-30 14:00:00,5491.0,5498.0,5490.0,5494.0,8614.0,398341.0,396484.0
2025-09-30 14:30:00,5494.0,5501.0,5490.0,5493.0,18964.0,396484.0,388037.0
2025-10-09 09:00:00,5498.0,5507.0,5481.0,5499.0,37915.0,388037.0,391086.0
2025-10-09 09:30:00,5499.0,5518.0,5498.0,5515.0,41820.0,391086.0,386607.0
2025-10-09 10:00:00,5515.0,5526.0,5515.0,5523.0,20847.0,386607.0,383972.0
2025-10-09 10:30:00,5523.0,5542.0,5521.0,5525.0,34411.0,383972.0,379822.0
2025-10-09 11:00:00,5525.0,5535.0,5517.0,5520.0,17343.0,379822.0,381082.0
2025-10-09 13:30:00,5520.0,5530.0,5519.0,5530.0,13219.0,381082.0,379471.0
2025-10-09 14:00:00,5530.0,5536.0,5528.0,5533.0,15697.0,379471.0,377276.0
2025-10-09 14:30:00,5533.0,5534.0,5525.0,5528.0,15344.0,377276.0,373744.0
2025-10-09 21:00:00,5522.0,5537.0,5517.0,5525.0,37615.0,373744.0,380846.0
2025-10-09 21:30:00,5525.0,5529.0,5522.0,5525.0,13604.0,380846.0,381669.0
2025-10-09 22:00:00,5525.0,5527.0,5520.0,5521.0,7382.0,381669.0,381898.0
2025-10-09 22:30:00,5521.0,5528.0,5520.0,5525.0,7193.0,381898.0,381776.0
2025-10-10 09:00:00,5525.0,5532.0,5518.0,5519.0,16724.0,381776.0,383740.0
2025-10-10 09:30:00,5519.0,5524.0,5517.0,5522.0,9612.0,383740.0,384447.0
2025-10-10 10:00:00,5522.0,5525.0,5520.0,5524.0,5270.0,384447.0,384634.0
2025-10-10 10:30:00,5524.0,5526.0,5520.0,5522.0,8413.0,384634.0,386009.0
2025-10-10 11:00:00,5522.0,5525.0,5505.0,5508.0,16220.0,386009.0,384733.0
2025-10-10 13:30:00,5507.0,5507.0,5490.0,5501.0,28302.0,384733.0,386381.0
2025-10-10 14:00:00,5501.0,5505.0,5497.0,5499.0,9344.0,386381.0,385603.0
2025-10-10 14:30:00,5499.0,5500.0,5495.0,5496.0,11039.0,385603.0,385836.0
2025-10-10 21:00:00,5496.0,5502.0,5490.0,5493.0,24909.0,385836.0,387450.0
2025-10-10 21:30:00,5493.0,5503.0,5493.0,5497.0,12076.0,387450.0,389077.0
2025-10-10 22:00:00,5497.0,5497.0,5490.0,5491.0,9621.0,389077.0,389550.0
2025-10-10 22:30:00,5491.0,5496.0,5488.0,5489.0,10384.0,389550.0,388305.0
2025-10-13 09:00:00,5487.0,5487.0,5451.0,5463.0,57446.0,388305.0,390309.0
2025-10-13 09:30:00,5463.0,5476.0,5462.0,5462.0,23013.0,390309.0,390767.0
2025-10-13 10:00:00,5462.0,5464.0,5457.0,5461.0,9802.0,390767.0,392055.0
2025-10-13 10:30:00,5461.0,5471.0,5457.0,5471.0,15832.0,392055.0,394037.0
2025-10-13 11:00:00,5471.0,5479.0,5466.0,5468.0,15703.0,394037.0,392395.0
2025-10-13 13:30:00,5469.0,5484.0,5468.0,5483.0,17196.0,392395.0,391003.0
2025-10-13 14:00:00,5483.0,5484.0,5476.0,5476.0,6624.0,391003.0,391405.0
2025-10-13 14:30:00,5476.0,5477.0,5468.0,5470.0,10731.0,391405.0,390023.0
2025-10-13 21:00:00,5427.0,5432.0,5392.0,5394.0,125899.0,390023.0,410750.0
2025-10-13 21:30:00,5394.0,5399.0,5387.0,5391.0,33718.0,410750.0,415846.0
2025-10-13 22:00:00,5391.0,5401.0,5387.0,5397.0,26626.0,415846.0,413944.0
2025-10-13 22:30:00,5397.0,5401.0,5391.0,5391.0,15646.0,413944.0,413544.0
2025-10-14 09:00:00,5391.0,5397.0,5382.0,5395.0,28893.0,413544.0,419667.0
2025-10-14 09:30:00,5395.0,5400.0,5389.0,5395.0,19389.0,419667.0,421263.0
2025-10-14 10:00:00,5395.0,5406.0,5393.0,5400.0,10163.0,421263.0,419115.0
2025-10-14 10:30:00,5400.0,5406.0,5398.0,5399.0,11611.0,419115.0,419508.0
2025-10-14 11:00:00,5399.0,5406.0,5398.0,5401.0,11697.0,419508.0,419167.0
2025-10-14 13:30:00,5401.0,5402.0,5393.0,5396.0,16333.0,419167.0,419170.0
2025-10-14 14:00:00,5396.0,5399.0,5393.0,5399.0,10406.0,419170.0,420539.0
2025-10-14 14:30:00,5399.0,5401.0,5395.0,5397.0,18527.0,420539.0,422156.0
2025-10-14 21:00:00,5392.0,5399.0,5386.0,5398.0,35542.0,422156.0,428205.0
2025-10-14 21:30:00,5398.0,5398.0,5392.0,5396.0,13272.0,428205.0,429978.0
2025-10-14 22:00:00,5396.0,5405.0,5394.0,5405.0,16151.0,429978.0,431847.0
2025-10-14 22:30:00,5405.0,5412.0,5403.0,5405.0,17441.0,431847.0,431917.0
2025-10-15 09:00:00,5410.0,5416.0,5406.0,5412.0,17022.0,431917.0,431935.0
2025-10-15 09:30:00,5412.0,5414.0,5409.0,5411.0,7604.0,431935.0,431912.0
2025-10-15 10:00:00,5411.0,5415.0,5411.0,5414.0,2747.0,431912.0,431863.0
2025-10-15 10:30:00,5413.0,5414.0,5408.0,5409.0,7667.0,431863.0,432111.0
2025-10-15 11:00:00,5409.0,5410.0,5402.0,5403.0,8140.0,432111.0,432122.0
2025-10-15 13:30:00,5403.0,5409.0,5398.0,5406.0,13413.0,432122.0,433210.0
2025-10-15 14:00:00,5406.0,5406.0,5395.0,5401.0,13016.0,433210.0,433472.0
2025-10-15 14:30:00,5401.0,5405.0,5400.0,5403.0,12174.0,433472.0,433188.0
2025-10-15 21:00:00,5392.0,5403.0,5389.0,5400.0,38947.0,433188.0,435155.0
2025-10-15 21:30:00,5400.0,5405.0,5399.0,5404.0,12283.0,435155.0,436940.0
2025-10-15 22:00:00,5404.0,5406.0,5401.0,5404.0,6554.0,436940.0,437830.0
2025-10-15 22:30:00,5404.0,5409.0,5401.0,5402.0,9304.0,437830.0,437524.0
2025-10-16 09:00:00,5402.0,5407.0,5399.0,5403.0,12821.0,437524.0,438419.0
2025-10-16 09:30:00,5403.0,5409.0,5401.0,5407.0,8000.0,438419.0,439249.0
2025-10-16 10:00:00,5407.0,5410.0,5403.0,5404.0,3829.0,439249.0,438919.0
2025-10-16 10:30:00,5404.0,5411.0,5404.0,5405.0,8087.0,438919.0,438803.0
2025-10-16 11:00:00,5405.0,5406.0,5399.0,5406.0,15169.0,438803.0,438866.0
2025-10-16 13:30:00,5406.0,5412.0,5404.0,5411.0,11669.0,438866.0,439452.0
2025-10-16 14:00:00,5411.0,5412.0,5407.0,5410.0,6969.0,439452.0,439158.0
2025-10-16 14:30:00,5410.0,5410.0,5402.0,5408.0,10811.0,439158.0,438116.0
2025-10-16 21:00:00,5421.0,5430.0,5410.0,5416.0,34318.0,438116.0,441294.0
2025-10-16 21:30:00,5416.0,5427.0,5416.0,5422.0,12043.0,441294.0,441775.0
2025-10-16 22:00:00,5422.0,5424.0,5411.0,5414.0,13961.0,441775.0,441458.0
2025-10-16 22:30:00,5414.0,5419.0,5414.0,5417.0,7129.0,441458.0,440484.0
2025-10-17 09:00:00,5422.0,5425.0,5414.0,5416.0,11347.0,440484.0,441973.0
2025-10-17 09:30:00,5416.0,5425.0,5415.0,5423.0,10730.0,441973.0,442326.0
2025-10-17 10:00:00,5423.0,5423.0,5418.0,5420.0,4330.0,442326.0,442686.0
2025-10-17 10:30:00,5421.0,5421.0,5409.0,5411.0,10556.0,442686.0,443608.0
2025-10-17 11:00:00,5411.0,5416.0,5410.0,5413.0,8944.0,443608.0,444256.0
2025-10-17 13:30:00,5412.0,5413.0,5403.0,5405.0,14480.0,444256.0,443890.0
2025-10-17 14:00:00,5405.0,5414.0,5404.0,5411.0,12454.0,443890.0,443719.0
2025-10-17 14:30:00,5411.0,5414.0,5406.0,5412.0,13040.0,443719.0,441448.0
2025-10-17 21:00:00,5416.0,5445.0,5412.0,5438.0,55517.0,441448.0,436154.0
2025-10-17 21:30:00,5438.0,5450.0,5436.0,5445.0,18736.0,436154.0,435225.0
2025-10-17 22:00:00,5445.0,5451.0,5442.0,5446.0,14323.0,435225.0,434037.0
2025-10-17 22:30:00,5446.0,5447.0,5430.0,5437.0,16046.0,434037.0,430807.0
2025-10-20 09:00:00,5435.0,5440.0,5427.0,5434.0,19256.0,430807.0,429806.0
2025-10-20 09:30:00,5434.0,5436.0,5429.0,5432.0,9321.0,429806.0,428901.0
2025-10-20 10:00:00,5432.0,5434.0,5429.0,5431.0,2888.0,428901.0,428643.0
2025-10-20 10:30:00,5431.0,5440.0,5430.0,5437.0,8335.0,428643.0,429348.0
2025-10-20 11:00:00,5437.0,5440.0,5430.0,5430.0,6367.0,429348.0,429400.0
2025-10-20 13:30:00,5430.0,5433.0,5427.0,5430.0,10346.0,429400.0,428923.0
2025-10-20 14:00:00,5430.0,5431.0,5427.0,5430.0,5313.0,428923.0,428041.0
2025-10-20 14:30:00,5430.0,5432.0,5427.0,5428.0,9324.0,428041.0,426421.0
2025-10-20 21:00:00,5440.0,5441.0,5423.0,5432.0,30548.0,426421.0,429313.0
2025-10-20 21:30:00,5432.0,5438.0,5431.0,5435.0,13152.0,429313.0,428149.0
2025-10-20 22:00:00,5435.0,5435.0,5430.0,5434.0,6882.0,428149.0,428408.0
2025-10-20 22:30:00,5434.0,5444.0,5430.0,5443.0,17065.0,428408.0,428783.0
2025-10-21 09:00:00,5443.0,5445.0,5436.0,5437.0,9854.0,428783.0,428041.0
2025-10-21 09:30:00,5437.0,5444.0,5436.0,5442.0,7800.0,428041.0,426725.0
2025-10-21 10:00:00,5442.0,5443.0,5438.0,5440.0,2850.0,426725.0,426555.0
2025-10-21 10:30:00,5440.0,5441.0,5434.0,5438.0,7648.0,426555.0,426152.0
2025-10-21 11:00:00,5438.0,5439.0,5435.0,5438.0,5019.0,426152.0,425225.0
2025-10-21 13:30:00,5438.0,5441.0,5435.0,5440.0,8614.0,425225.0,425022.0
2025-10-21 14:00:00,5440.0,5445.0,5439.0,5442.0,8459.0,425022.0,423267.0
2025-10-21 14:30:00,5442.0,5445.0,5437.0,5438.0,9608.0,423267.0,421702.0
2025-10-21 21:00:00,5426.0,5430.0,5416.0,5424.0,39179.0,421702.0,421238.0
2025-10-21 21:30:00,5424.0,5425.0,5407.0,5407.0,30556.0,421238.0,426873.0
2025-10-21 22:00:00,5407.0,5408.0,5403.0,5403.0,17660.0,426873.0,430095.0
2025-10-21 22:30:00,5403.0,5404.0,5394.0,5399.0,26333.0,430095.0,430192.0
2025-10-22 09:00:00,5399.0,5418.0,5397.0,5418.0,24725.0,430192.0,426844.0
2025-10-22 09:30:00,5418.0,5421.0,5415.0,5420.0,13412.0,426844.0,425781.0
2025-10-22 10:00:00,5420.0,5434.0,5420.0,5431.0,15467.0,425781.0,424428.0
2025-10-22 10:30:00,5431.0,5433.0,5424.0,5427.0,13274.0,424428.0,421182.0
2025-10-22 11:00:00,5427.0,5431.0,5425.0,5429.0,8345.0,421182.0,419689.0
2025-10-22 13:30:00,5429.0,5430.0,5423.0,5426.0,7199.0,419689.0,419115.0
2025-10-22 14:00:00,5426.0,5427.0,5423.0,5426.0,5025.0,419115.0,418852.0
2025-10-22 14:30:00,5426.0,5428.0,5421.0,5426.0,10403.0,418852.0,417296.0
2025-10-22 21:00:00,5421.0,5424.0,5405.0,5409.0,33427.0,417296.0,420629.0
2025-10-22 21:30:00,5409.0,5413.0,5406.0,5407.0,9680.0,420629.0,420421.0
2025-10-22 22:00:00,5407.0,5411.0,5400.0,5406.0,20022.0,420421.0,424540.0
2025-10-22 22:30:00,5406.0,5411.0,5404.0,5408.0,15696.0,424540.0,423151.0
2025-10-23 09:00:00,5409.0,5421.0,5408.0,5414.0,16106.0,423151.0,423027.0
2025-10-23 09:30:00,5414.0,5422.0,5414.0,5415.0,10767.0,423027.0,423281.0
2025-10-23 10:00:00,5415.0,5417.0,5411.0,5415.0,5308.0,423281.0,423248.0
2025-10-23 10:30:00,5416.0,5421.0,5413.0,5421.0,8909.0,423248.0,423541.0
2025-10-23 11:00:00,5421.0,5427.0,5415.0,5424.0,14214.0,423541.0,422477.0
2025-10-23 13:30:00,5425.0,5432.0,5425.0,5431.0,17263.0,422477.0,421873.0
2025-10-23 14:00:00,5431.0,5464.0,5431.0,5457.0,60966.0,421873.0,422221.0
2025-10-23 14:30:00,5457.0,5464.0,5455.0,5457.0,31703.0,422221.0,420072.0
2025-10-23 21:00:00,5452.0,5464.0,5449.0,5451.0,39856.0,420072.0,416129.0
2025-10-23 21:30:00,5451.0,5456.0,5448.0,5455.0,11260.0,416129.0,416156.0
2025-10-23 22:00:00,5455.0,5462.0,5455.0,5460.0,13149.0,416156.0,416544.0
2025-10-23 22:30:00,5460.0,5461.0,5455.0,5455.0,7970.0,416544.0,414845.0
2025-10-24 09:00:00,5455.0,5460.0,5449.0,5452.0,15574.0,414845.0,412485.0
2025-10-24 09:30:00,5452.0,5454.0,5446.0,5447.0,8371.0,412485.0,411430.0
2025-10-24 10:00:00,5447.0,5448.0,5442.0,5444.0,5743.0,411430.0,411099.0
2025-10-24 10:30:00,5444.0,5445.0,5437.0,5439.0,10388.0,411099.0,410502.0
2025-10-24 11:00:00,5439.0,5441.0,5434.0,5440.0,13388.0,410502.0,410749.0
2025-10-24 13:30:00,5440.0,5451.0,5439.0,5442.0,10018.0,410749.0,409645.0
2025-10-24 14:00:00,5442.0,5449.0,5441.0,5448.0,5069.0,409645.0,409968.0
2025-10-24 14:30:00,5448.0,5450.0,5445.0,5446.0,7081.0,409968.0,408160.0
2025-10-24 21:00:00,5425.0,5435.0,5414.0,5420.0,51213.0,408160.0,408794.0
2025-10-24 21:30:00,5420.0,5428.0,5418.0,5426.0,16949.0,408794.0,410410.0
2025-10-24 22:00:00,5426.0,5428.0,5423.0,5424.0,8438.0,410410.0,410598.0
2025-10-24 22:30:00,5424.0,5433.0,5424.0,5431.0,11598.0,410598.0,408304.0
2025-10-27 09:00:00,5432.0,5451.0,5432.0,5443.0,22969.0,408304.0,405849.0
2025-10-27 09:30:00,5443.0,5445.0,5437.0,5444.0,7624.0,405849.0,404904.0
2025-10-27 10:00:00,5444.0,5445.0,5439.0,5441.0,6242.0,404904.0,404815.0
2025-10-27 10:30:00,5441.0,5444.0,5435.0,5437.0,7173.0,404815.0,404187.0
2025-10-27 11:00:00,5437.0,5440.0,5434.0,5439.0,4392.0,404187.0,403818.0
2025-10-27 13:30:00,5440.0,5444.0,5438.0,5443.0,6160.0,403818.0,403103.0
2025-10-27 14:00:00,5443.0,5447.0,5441.0,5446.0,6879.0,403103.0,402403.0
2025-10-27 14:30:00,5446.0,5447.0,5442.0,5445.0,10804.0,402403.0,401598.0
2025-10-27 21:00:00,5425.0,5435.0,5422.0,5430.0,31799.0,401598.0,407024.0
2025-10-27 21:30:00,5430.0,5438.0,5424.0,5435.0,28862.0,407024.0,406156.0
2025-10-27 22:00:00,5435.0,5439.0,5430.0,5438.0,11401.0,406156.0,407389.0
2025-10-27 22:30:00,5438.0,5449.0,5436.0,5444.0,19990.0,407389.0,404799.0
2025-10-28 09:00:00,5446.0,5457.0,5439.0,5451.0,29984.0,404799.0,403581.0
2025-10-28 09:30:00,5451.0,5453.0,5445.0,5449.0,7095.0,403581.0,403209.0
2025-10-28 10:00:00,5449.0,5450.0,5445.0,5447.0,2040.0,403209.0,403082.0
2025-10-28 10:30:00,5447.0,5450.0,5444.0,5449.0,6399.0,403082.0,402456.0
2025-10-28 11:00:00,5449.0,5454.0,5446.0,5454.0,9308.0,402456.0,402106.0
2025-10-28 13:30:00,5458.0,5492.0,5458.0,5484.0,90551.0,402106.0,405370.0
2025-10-28 14:00:00,5484.0,5487.0,5479.0,5483.0,24561.0,405370.0,403458.0
2025-10-28 14:30:00,5483.0,5486.0,5480.0,5483.0,18955.0,403458.0,400036.0
2025-10-28 21:00:00,5480.0,5489.0,5478.0,5485.0,29639.0,400036.0,402246.0
2025-10-28 21:30:00,5485.0,5486.0,5475.0,5477.0,21615.0,402246.0,400336.0
2025-10-28 22:00:00,5477.0,5487.0,5473.0,5486.0,16882.0,400336.0,400317.0
2025-10-28 22:30:00,5486.0,5487.0,5481.0,5484.0,8750.0,400317.0,399214.0
2025-10-29 09:00:00,5479.0,5494.0,5479.0,5489.0,22029.0,399214.0,399299.0
2025-10-29 09:30:00,5489.0,5498.0,5488.0,5494.0,21369.0,399299.0,399218.0
2025-10-29 10:00:00,5494.0,5498.0,5493.0,5497.0,5062.0,399218.0,398458.0
2025-10-29 10:30:00,5497.0,5499.0,5488.0,5498.0,16041.0,398458.0,397985.0
2025-10-29 11:00:00,5498.0,5500.0,5493.0,5499.0,12429.0,397985.0,397559.0
2025-10-29 13:30:00,5497.0,5499.0,5494.0,5498.0,9452.0,397559.0,396188.0
2025-10-29 14:00:00,5498.0,5498.0,5493.0,5496.0,6644.0,396188.0,393823.0
2025-10-29 14:30:00,5496.0,5500.0,5493.0,5494.0,12291.0,393823.0,391035.0
2025-10-29 21:00:00,5492.0,5496.0,5486.0,5489.0,28929.0,391035.0,390089.0
2025-10-29 21:30:00,5489.0,5495.0,5488.0,5494.0,9885.0,390089.0,389595.0
2025-10-29 22:00:00,5494.0,5499.0,5492.0,5498.0,9126.0,389595.0,389177.0
2025-10-29 22:30:00,5498.0,5500.0,5495.0,5496.0,11016.0,389177.0,386925.0
2025-10-30 09:00:00,5496.0,5496.0,5489.0,5496.0,15504.0,386925.0,385341.0
2025-10-30 09:30:00,5496.0,5500.0,5492.0,5492.0,9820.0,385341.0,384786.0
2025-10-30 10:00:00,5492.0,5494.0,5479.0,5485.0,13729.0,384786.0,382829.0
2025-10-30 10:30:00,5485.0,5490.0,5480.0,5482.0,12150.0,382829.0,382196.0
2025-10-30 11:00:00,5482.0,5484.0,5476.0,5479.0,13405.0,382196.0,382676.0
2025-10-30 13:30:00,5478.0,5479.0,5468.0,5470.0,19125.0,382676.0,381426.0
2025-10-30 14:00:00,5470.0,5472.0,5465.0,5468.0,12972.0,381426.0,380592.0
2025-10-30 14:30:00,5468.0,5473.0,5468.0,5472.0,11703.0,380592.0,379832.0
2025-10-30 21:00:00,5460.0,5475.0,5450.0,5466.0,37059.0,379832.0,381138.0
2025-10-30 21:30:00,5466.0,5472.0,5463.0,5468.0,10205.0,381138.0,382333.0
2025-10-30 22:00:00,5468.0,5475.0,5466.0,5472.0,9371.0,382333.0,383050.0
2025-10-30 22:30:00,5472.0,5485.0,5472.0,5479.0,18547.0,383050.0,379702.0
2025-10-31 09:00:00,5480.0,5483.0,5474.0,5482.0,14132.0,379702.0,378573.0
2025-10-31 09:30:00,5482.0,5489.0,5479.0,5487.0,11476.0,378573.0,378697.0
2025-10-31 10:00:00,5487.0,5492.0,5487.0,5488.0,5012.0,378697.0,378684.0
2025-10-31 10:30:00,5488.0,5495.0,5487.0,5491.0,13537.0,378684.0,377902.0
2025-10-31 11:00:00,5491.0,5492.0,5476.0,5478.0,14344.0,377902.0,374404.0
2025-10-31 13:30:00,5478.0,5484.0,5478.0,5483.0,8565.0,374404.0,373682.0
2025-10-31 14:00:00,5483.0,5488.0,5479.0,5483.0,10985.0,373682.0,374106.0
2025-10-31 14:30:00,5483.0,5484.0,5476.0,5483.0,13766.0,374106.0,372770.0
2025-10-31 21:00:00,5479.0,5483.0,5467.0,5471.0,32396.0,372770.0,373792.0
2025-10-31 21:30:00,5471.0,5473.0,5466.0,5470.0,9542.0,373792.0,373477.0
2025-10-31 22:00:00,5470.0,5470.0,5458.0,5460.0,12062.0,373477.0,373322.0
2025-10-31 22:30:00,5460.0,5466.0,5459.0,5465.0,9452.0,373322.0,372599.0
2025-11-03 09:00:00,5472.0,5477.0,5459.0,5476.0,21411.0,372599.0,371043.0
2025-11-03 09:30:00,5476.0,5482.0,5472.0,5480.0,11199.0,371043.0,370658.0
2025-11-03 10:00:00,5480.0,5489.0,5480.0,5488.0,8799.0,370658.0,371085.0
2025-11-03 10:30:00,5488.0,5491.0,5478.0,5480.0,15425.0,371085.0,370881.0
2025-11-03 11:00:00,5480.0,5486.0,5479.0,5485.0,7892.0,370881.0,370498.0
2025-11-03 13:30:00,5485.0,5489.0,5483.0,5489.0,8152.0,370498.0,369674.0
2025-11-03 14:00:00,5489.0,5492.0,5484.0,5490.0,12320.0,369674.0,369929.0
2025-11-03 14:30:00,5490.0,5504.0,5486.0,5499.0,25344.0,369929.0,372791.0
2025-11-03 21:00:00,5491.0,5497.0,5482.0,5493.0,33533.0,372791.0,372614.0
2025-11-03 21:30:00,5493.0,5494.0,5487.0,5489.0,8887.0,372614.0,373596.0
2025-11-03 22:00:00,5489.0,5492.0,5489.0,5492.0,4471.0,373596.0,373644.0
2025-11-03 22:30:00,5492.0,5492.0,5488.0,5491.0,6057.0,373644.0,372555.0
2025-11-04 09:00:00,5501.0,5508.0,5488.0,5497.0,34519.0,372555.0,371119.0
2025-11-04 09:30:00,5497.0,5502.0,5485.0,5486.0,13477.0,371119.0,370591.0
2025-11-04 10:00:00,5486.0,5487.0,5481.0,5485.0,6488.0,370591.0,370359.0
2025-11-04 10:30:00,5485.0,5485.0,5474.0,5483.0,14492.0,370359.0,370097.0
2025-11-04 11:00:00,5483.0,5486.0,5481.0,5485.0,6998.0,370097.0,369932.0
2025-11-04 13:30:00,5485.0,5485.0,5475.0,5480.0,11160.0,369932.0,370815.0
2025-11-04 14:00:00,5480.0,5482.0,5477.0,5480.0,5541.0,370815.0,370235.0
2025-11-04 14:30:00,5480.0,5485.0,5478.0,5481.0,9222.0,370235.0,368822.0
2025-11-04 21:00:00,5475.0,5477.0,5453.0,5454.0,36971.0,368822.0,366969.0
2025-11-04 21:30:00,5454.0,5460.0,5449.0,5449.0,23033.0,366969.0,365688.0
2025-11-04 22:00:00,5449.0,5450.0,5444.0,5449.0,22474.0,365688.0,365066.0
2025-11-04 22:30:00,5449.0,5456.0,5445.0,5451.0,15531.0,365066.0,362864.0
2025-11-05 09:00:00,5449.0,5450.0,5435.0,5436.0,19922.0,362864.0,363206.0
2025-11-05 09:30:00,5436.0,5445.0,5436.0,5439.0,8863.0,363206.0,362839.0
2025-11-05 10:00:00,5439.0,5440.0,5437.0,5438.0,4137.0,362839.0,363681.0
2025-11-05 10:30:00,5438.0,5444.0,5434.0,5441.0,11487.0,363681.0,364663.0
2025-11-05 11:00:00,5441.0,5446.0,5438.0,5440.0,8491.0,364663.0,364837.0
2025-11-05 13:30:00,5440.0,5445.0,5439.0,5443.0,11914.0,364837.0,366381.0
2025-11-05 14:00:00,5443.0,5447.0,5440.0,5441.0,8423.0,366381.0,366617.0
2025-11-05 14:30:00,5441.0,5443.0,5440.0,5441.0,13230.0,366617.0,367492.0
2025-11-05 21:00:00,5441.0,5445.0,5437.0,5441.0,35457.0,367492.0,369477.0
2025-11-05 21:30:00,5441.0,5444.0,5439.0,5442.0,9615.0,369477.0,369256.0
2025-11-05 22:00:00,5442.0,5444.0,5440.0,5442.0,5595.0,369256.0,368471.0
2025-11-05 22:30:00,5442.0,5442.0,5430.0,5433.0,16829.0,368471.0,369099.0
2025-11-06 09:00:00,5431.0,5437.0,5426.0,5431.0,16501.0,369099.0,369844.0
2025-11-06 09:30:00,5431.0,5435.0,5430.0,5431.0,7991.0,369844.0,370031.0
2025-11-06 10:00:00,5431.0,5440.0,5430.0,5440.0,6008.0,370031.0,370032.0
2025-11-06 10:30:00,5440.0,5444.0,5435.0,5436.0,14186.0,370032.0,370631.0
2025-11-06 11:00:00,5436.0,5440.0,5433.0,5438.0,6951.0,370631.0,371342.0
2025-11-06 13:30:00,5439.0,5446.0,5438.0,5443.0,9473.0,371342.0,371341.0
2025-11-06 14:00:00,5443.0,5454.0,5442.0,5448.0,16226.0,371341.0,372294.0
2025-11-06 14:30:00,5448.0,5451.0,5446.0,5448.0,10444.0,372294.0,372447.0
2025-11-06 21:00:00,5455.0,5457.0,5444.0,5453.0,26555.0,372447.0,374425.0
2025-11-06 21:30:00,5453.0,5460.0,5452.0,5454.0,16940.0,374425.0,375082.0
2025-11-06 22:00:00,5454.0,5455.0,5444.0,5447.0,16968.0,375082.0,374255.0
2025-11-06 22:30:00,5447.0,5450.0,5444.0,5446.0,7273.0,374255.0,373592.0
2025-11-07 09:00:00,5441.0,5450.0,5437.0,5439.0,17301.0,373592.0,374131.0
2025-11-07 09:30:00,5439.0,5447.0,5436.0,5447.0,9608.0,374131.0,374641.0
2025-11-07 10:00:00,5447.0,5450.0,5447.0,5449.0,4591.0,374641.0,375067.0
2025-11-07 10:30:00,5449.0,5450.0,5446.0,5448.0,5563.0,375067.0,374793.0
2025-11-07 11:00:00,5448.0,5453.0,5447.0,5448.0,9707.0,374793.0,374459.0
2025-11-07 13:30:00,5450.0,5453.0,5448.0,5452.0,6162.0,374459.0,373766.0
2025-11-07 14:00:00,5452.0,5455.0,5449.0,5454.0,8050.0,373766.0,373215.0
2025-11-07 14:30:00,5454.0,5458.0,5452.0,5457.0,12019.0,373215.0,371961.0
2025-11-07 21:00:00,5453.0,5459.0,5450.0,5457.0,21258.0,371961.0,372469.0
2025-11-07 21:30:00,5457.0,5467.0,5456.0,5466.0,16668.0,372469.0,373682.0
2025-11-07 22:00:00,5466.0,5475.0,5464.0,5471.0,15658.0,373682.0,373280.0
2025-11-07 22:30:00,5471.0,5471.0,5466.0,5467.0,15200.0,373280.0,373852.0
2025-11-10 09:00:00,5467.0,5467.0,5459.0,5464.0,14688.0,373852.0,373708.0
2025-11-10 09:30:00,5464.0,5473.0,5462.0,5471.0,14602.0,373708.0,374499.0
2025-11-10 10:00:00,5471.0,5471.0,5468.0,5470.0,2071.0,374499.0,374535.0
2025-11-10 10:30:00,5470.0,5473.0,5468.0,5470.0,6577.0,374535.0,374158.0
2025-11-10 11:00:00,5470.0,5477.0,5470.0,5474.0,8950.0,374158.0,374156.0
2025-11-10 13:30:00,5474.0,5477.0,5472.0,5473.0,7294.0,374156.0,373716.0
2025-11-10 14:00:00,5473.0,5474.0,5469.0,5470.0,7264.0,373716.0,373790.0
2025-11-10 14:30:00,5470.0,5476.0,5469.0,5475.0,9315.0,373790.0,373243.0
2025-11-10 21:00:00,5476.0,5486.0,5475.0,5479.0,30895.0,373243.0,378375.0
2025-11-10 21:30:00,5479.0,5484.0,5478.0,5483.0,8247.0,378375.0,378631.0
2025-11-10 22:00:00,5483.0,5488.0,5483.0,5483.0,8864.0,378631.0,379409.0
2025-11-10 22:30:00,5483.0,5489.0,5483.0,5488.0,7768.0,379409.0,378881.0
2025-11-11 09:00:00,5487.0,5490.0,5482.0,5484.0,12655.0,378881.0,379192.0
2025-11-11 09:30:00,5484.0,5488.0,5483.0,5487.0,5982.0,379192.0,379237.0
2025-11-11 10:00:00,5487.0,5489.0,5484.0,5484.0,3216.0,379237.0,379554.0
2025-11-11 10:30:00,5484.0,5486.0,5481.0,5481.0,7421.0,379554.0,378634.0
2025-11-11 11:00:00,5481.0,5486.0,5479.0,5483.0,8302.0,378634.0,377915.0
2025-11-11 13:30:00,5483.0,5485.0,5481.0,5484.0,6039.0,377915.0,377196.0
2025-11-11 14:00:00,5484.0,5484.0,5475.0,5477.0,10731.0,377196.0,377038.0
2025-11-11 14:30:00,5477.0,5480.0,5474.0,5480.0,9883.0,377038.0,376327.0
2025-11-11 21:00:00,5481.0,5485.0,5480.0,5484.0,19024.0,376327.0,378268.0
2025-11-11 21:30:00,5484.0,5485.0,5478.0,5480.0,8071.0,378268.0,378431.0
2025-11-11 22:00:00,5480.0,5481.0,5477.0,5479.0,6109.0,378431.0,378563.0
2025-11-11 22:30:00,5479.0,5484.0,5478.0,5480.0,6421.0,378563.0,377473.0
2025-11-12 09:00:00,5479.0,5484.0,5475.0,5476.0,9792.0,377473.0,376907.0
2025-11-12 09:30:00,5476.0,5480.0,5475.0,5476.0,4513.0,376907.0,376306.0
2025-11-12 10:00:00,5476.0,5480.0,5475.0,5478.0,2687.0,376306.0,375820.0
2025-11-12 10:30:00,5478.0,5478.0,5467.0,5470.0,10116.0,375820.0,375345.0
2025-11-12 11:00:00,5470.0,5471.0,5467.0,5469.0,5611.0,375345.0,375482.0
2025-11-12 13:30:00,5469.0,5476.0,5467.0,5476.0,7405.0,375482.0,374943.0
2025-11-12 14:00:00,5476.0,5481.0,5476.0,5479.0,8469.0,374943.0,374480.0
2025-11-12 14:30:00,5479.0,5480.0,5477.0,5478.0,8293.0,374480.0,372984.0
2025-11-12 21:00:00,5475.0,5478.0,5458.0,5465.0,32217.0,372984.0,375127.0
2025-11-12 21:30:00,5465.0,5471.0,5460.0,5468.0,11732.0,375127.0,374410.0
2025-11-12 22:00:00,5468.0,5475.0,5466.0,5472.0,9245.0,374410.0,373084.0
2025-11-12 22:30:00,5472.0,5475.0,5469.0,5473.0,6387.0,373084.0,372548.0
2025-11-13 09:00:00,5479.0,5493.0,5474.0,5488.0,34371.0,372548.0,377802.0
2025-11-13 09:30:00,5488.0,5492.0,5486.0,5491.0,9137.0,377802.0,378437.0
2025-11-13 10:00:00,5491.0,5491.0,5485.0,5487.0,4598.0,378437.0,378538.0
2025-11-13 10:30:00,5487.0,5491.0,5485.0,5486.0,6353.0,378538.0,377596.0
2025-11-13 11:00:00,5486.0,5500.0,5484.0,5493.0,26518.0,377596.0,379280.0
2025-11-13 13:30:00,5493.0,5498.0,5492.0,5497.0,9312.0,379280.0,378870.0
2025-11-13 14:00:00,5497.0,5507.0,5496.0,5504.0,25018.0,378870.0,380939.0
2025-11-13 14:30:00,5504.0,5515.0,5499.0,5512.0,33228.0,380939.0,381687.0
2025-11-13 21:00:00,5508.0,5509.0,5494.0,5499.0,33107.0,381687.0,383038.0
2025-11-13 21:30:00,5499.0,5503.0,5493.0,5498.0,12115.0,383038.0,383144.0
2025-11-13 22:00:00,5498.0,5499.0,5495.0,5497.0,5455.0,383144.0,383006.0
2025-11-13 22:30:00,5497.0,5500.0,5495.0,5498.0,6854.0,383006.0,382272.0
2025-11-14 09:00:00,5497.0,5504.0,5492.0,5502.0,14118.0,382272.0,382565.0
2025-11-14 09:30:00,5502.0,5502.0,5488.0,5489.0,13005.0,382565.0,380335.0
2025-11-14 10:00:00,5489.0,5492.0,5487.0,5490.0,5700.0,380335.0,380495.0
2025-11-14 10:30:00,5489.0,5495.0,5489.0,5494.0,7364.0,380495.0,380881.0
2025-11-14 11:00:00,5494.0,5495.0,5490.0,5493.0,6844.0,380881.0,379250.0
2025-11-14 13:30:00,5493.0,5493.0,5473.0,5476.0,25034.0,379250.0,376929.0
2025-11-14 14:00:00,5476.0,5480.0,5475.0,5479.0,10760.0,376929.0,375509.0
2025-11-14 14:30:00,5479.0,5479.0,5468.0,5470.0,18783.0,375509.0,370242.0
2025-11-14 21:00:00,5482.0,5485.0,5472.0,5478.0,32147.0,370242.0,368453.0
2025-11-14 21:30:00,5478.0,5479.0,5452.0,5461.0,39640.0,368453.0,364484.0
2025-11-14 22:00:00,5461.0,5464.0,5459.0,5460.0,9952.0,364484.0,363828.0
2025-11-14 22:30:00,5460.0,5464.0,5458.0,5463.0,7653.0,363828.0,362558.0
2025-11-17 09:00:00,5463.0,5471.0,5460.0,5470.0,16789.0,362558.0,361690.0
2025-11-17 09:30:00,5470.0,5474.0,5465.0,5466.0,11519.0,361690.0,361303.0
2025-11-17 10:00:00,5466.0,5467.0,5458.0,5460.0,10529.0,361303.0,362319.0
2025-11-17 10:30:00,5460.0,5462.0,5457.0,5458.0,9402.0,362319.0,362236.0
2025-11-17 11:00:00,5458.0,5459.0,5455.0,5456.0,8605.0,362236.0,361503.0
2025-11-17 13:30:00,5456.0,5459.0,5455.0,5458.0,7709.0,361503.0,362594.0
2025-11-17 14:00:00,5458.0,5459.0,5455.0,5457.0,7461.0,362594.0,361227.0
2025-11-17 14:30:00,5457.0,5461.0,5457.0,5458.0,14420.0,361227.0,359183.0
2025-11-17 21:00:00,5458.0,5469.0,5452.0,5464.0,31108.0,359183.0,355700.0
2025-11-17 21:30:00,5464.0,5464.0,5444.0,5448.0,27969.0,355700.0,354244.0
2025-11-17 22:00:00,5448.0,5448.0,5438.0,5440.0,19466.0,354244.0,354825.0
2025-11-17 22:30:00,5440.0,5445.0,5439.0,5443.0,10619.0,354825.0,354437.0
2025-11-18 09:00:00,5438.0,5444.0,5424.0,5426.0,26917.0,354437.0,354683.0
2025-11-18 09:30:00,5426.0,5427.0,5410.0,5411.0,42635.0,354683.0,357225.0
2025-11-18 10:00:00,5411.0,5413.0,5407.0,5408.0,11582.0,357225.0,357743.0
2025-11-18 10:30:00,5408.0,5413.0,5407.0,5410.0,18044.0,357743.0,359492.0
2025-11-18 11:00:00,5410.0,5411.0,5405.0,5410.0,11879.0,359492.0,360784.0
2025-11-18 13:30:00,5410.0,5416.0,5405.0,5415.0,18657.0,360784.0,361692.0
2025-11-18 14:00:00,5415.0,5415.0,5410.0,5411.0,12247.0,361692.0,363265.0
2025-11-18 14:30:00,5411.0,5415.0,5407.0,5407.0,15482.0,363265.0,363212.0
2025-11-18 21:00:00,5409.0,5419.0,5404.0,5418.0,41781.0,363212.0,367513.0
2025-11-18 21:30:00,5418.0,5418.0,5413.0,5416.0,8231.0,367513.0,368477.0
2025-11-18 22:00:00,5416.0,5417.0,5411.0,5412.0,8602.0,368477.0,369785.0
2025-11-18 22:30:00,5412.0,5416.0,5406.0,5410.0,10101.0,369785.0,370120.0
2025-11-19 09:00:00,5409.0,5409.0,5392.0,5392.0,30298.0,370120.0,373287.0
2025-11-19 09:30:00,5392.0,5394.0,5377.0,5381.0,49387.0,373287.0,376108.0
2025-11-19 10:00:00,5381.0,5384.0,5375.0,5383.0,11319.0,376108.0,377605.0
2025-11-19 10:30:00,5383.0,5407.0,5383.0,5395.0,31616.0,377605.0,378231.0
2025-11-19 11:00:00,5395.0,5400.0,5386.0,5388.0,16810.0,378231.0,381113.0
2025-11-19 13:30:00,5388.0,5393.0,5382.0,5382.0,14042.0,381113.0,383429.0
2025-11-19 14:00:00,5382.0,5389.0,5377.0,5387.0,18429.0,383429.0,385968.0
2025-11-19 14:30:00,5387.0,5390.0,5379.0,5381.0,19284.0,385968.0,388009.0
2025-11-19 21:00:00,5392.0,5398.0,5387.0,5391.0,36863.0,388009.0,391230.0
2025-11-19 21:30:00,5391.0,5392.0,5385.0,5389.0,10867.0,391230.0,392090.0
2025-11-19 22:00:00,5389.0,5391.0,5385.0,5386.0,5828.0,392090.0,391879.0
2025-11-19 22:30:00,5386.0,5388.0,5384.0,5387.0,6416.0,391879.0,390873.0
2025-11-20 09:00:00,5375.0,5388.0,5368.0,5385.0,30901.0,390873.0,394051.0
2025-11-20 09:30:00,5385.0,5386.0,5375.0,5377.0,12977.0,394051.0,397551.0
2025-11-20 10:00:00,5377.0,5380.0,5375.0,5380.0,4345.0,397551.0,398101.0
2025-11-20 10:30:00,5380.0,5382.0,5365.0,5367.0,22016.0,398101.0,402179.0
2025-11-20 11:00:00,5367.0,5378.0,5366.0,5377.0,18570.0,402179.0,401633.0
2025-11-20 13:30:00,5377.0,5378.0,5369.0,5371.0,11575.0,401633.0,402734.0
2025-11-20 14:00:00,5371.0,5373.0,5363.0,5371.0,13303.0,402734.0,403977.0
2025-11-20 14:30:00,5371.0,5373.0,5365.0,5366.0,14640.0,403977.0,402945.0
2025-11-20 21:00:00,5373.0,5388.0,5369.0,5385.0,34850.0,402945.0,406531.0
2025-11-20 21:30:00,5385.0,5389.0,5383.0,5385.0,13938.0,406531.0,406684.0
2025-11-20 22:00:00,5385.0,5386.0,5379.0,5380.0,8396.0,406684.0,406761.0
2025-11-20 22:30:00,5380.0,5382.0,5376.0,5378.0,7201.0,406761.0,406610.0
2025-11-21 09:00:00,5376.0,5379.0,5363.0,5369.0,18316.0,406610.0,410012.0
2025-11-21 09:30:00,5369.0,5370.0,5360.0,5361.0,9874.0,410012.0,409961.0
2025-11-21 10:00:00,5361.0,5362.0,5356.0,5357.0,9815.0,409961.0,411653.0
2025-11-21 10:30:00,5357.0,5359.0,5344.0,5346.0,24631.0,411653.0,417501.0
2025-11-21 11:00:00,5346.0,5350.0,5342.0,5343.0,12642.0,417501.0,420181.0
2025-11-21 13:30:00,5344.0,5357.0,5344.0,5354.0,14927.0,420181.0,420143.0
2025-11-21 14:00:00,5354.0,5356.0,5351.0,5352.0,9039.0,420143.0,420017.0
2025-11-21 14:30:00,5352.0,5359.0,5351.0,5353.0,16061.0,420017.0,416701.0
2025-11-21 21:00:00,5357.0,5360.0,5344.0,5348.0,23347.0,416701.0,421362.0
2025-11-21 21:30:00,5348.0,5351.0,5342.0,5345.0,8094.0,421362.0,422939.0
2025-11-21 22:00:00,5345.0,5347.0,5340.0,5343.0,13761.0,422939.0,424211.0
2025-11-21 22:30:00,5343.0,5343.0,5336.0,5337.0,10621.0,424211.0,424365.0
2025-11-24 09:00:00,5340.0,5362.0,5340.0,5353.0,28225.0,424365.0,424329.0
2025-11-24 09:30:00,5353.0,5357.0,5348.0,5355.0,10997.0,424329.0,425096.0
2025-11-24 10:00:00,5355.0,5357.0,5350.0,5351.0,3532.0,425096.0,424790.0
2025-11-24 10:30:00,5351.0,5362.0,5351.0,5359.0,10327.0,424790.0,424459.0
2025-11-24 11:00:00,5359.0,5361.0,5355.0,5360.0,8043.0,424459.0,425047.0
2025-11-24 13:30:00,5361.0,5385.0,5361.0,5383.0,28509.0,425047.0,421230.0
2025-11-24 14:00:00,5383.0,5387.0,5380.0,5381.0,15068.0,421230.0,419226.0
2025-11-24 14:30:00,5381.0,5382.0,5368.0,5370.0,15461.0,419226.0,417739.0
2025-11-24 21:00:00,5377.0,5382.0,5374.0,5376.0,23223.0,417739.0,418241.0
2025-11-24 21:30:00,5376.0,5380.0,5375.0,5376.0,6656.0,418241.0,418469.0
2025-11-24 22:00:00,5376.0,5378.0,5373.0,5373.0,4482.0,418469.0,418248.0
2025-11-24 22:30:00,5373.0,5377.0,5373.0,5377.0,5783.0,418248.0,417272.0
2025-11-25 09:00:00,5377.0,5385.0,5376.0,5381.0,14949.0,417272.0,414576.0
2025-11-25 09:30:00,5381.0,5384.0,5380.0,5382.0,4609.0,414576.0,414738.0
2025-11-25 10:00:00,5382.0,5398.0,5382.0,5396.0,16062.0,414738.0,412540.0
2025-11-25 10:30:00,5396.0,5404.0,5385.0,5386.0,24539.0,412540.0,409111.0
2025-11-25 11:00:00,5386.0,5389.0,5382.0,5386.0,8233.0,409111.0,408606.0
2025-11-25 13:30:00,5386.0,5393.0,5384.0,5390.0,8867.0,408606.0,407771.0
2025-11-25 14:00:00,5390.0,5391.0,5380.0,5385.0,8777.0,407771.0,408043.0
2025-11-25 14:30:00,5385.0,5387.0,5382.0,5387.0,9197.0,408043.0,406329.0
2025-11-25 21:00:00,5389.0,5399.0,5383.0,5398.0,27965.0,406329.0,406823.0
2025-11-25 21:30:00,5398.0,5402.0,5386.0,5388.0,26892.0,406823.0,407735.0
2025-11-25 22:00:00,5388.0,5389.0,5381.0,5384.0,10724.0,407735.0,406400.0
2025-11-25 22:30:00,5384.0,5389.0,5384.0,5386.0,4725.0,406400.0,405424.0
2025-11-26 09:00:00,5386.0,5393.0,5385.0,5387.0,11229.0,405424.0,404625.0
2025-11-26 09:30:00,5387.0,5393.0,5386.0,5393.0,7651.0,404625.0,402829.0
2025-11-26 10:00:00,5393.0,5395.0,5387.0,5387.0,4508.0,402829.0,402062.0
2025-11-26 10:30:00,5387.0,5394.0,5387.0,5391.0,8581.0,402062.0,399724.0
2025-11-26 11:00:00,5391.0,5396.0,5390.0,5392.0,9938.0,399724.0,397751.0
2025-11-26 13:30:00,5392.0,5398.0,5388.0,5390.0,10836.0,397751.0,396175.0
2025-11-26 14:00:00,5390.0,5393.0,5385.0,5387.0,9095.0,396175.0,395435.0
2025-11-26 14:30:00,5387.0,5388.0,5377.0,5379.0,21320.0,395435.0,394080.0
2025-11-26 21:00:00,5387.0,5390.0,5375.0,5390.0,25260.0,394080.0,395235.0
2025-11-26 21:30:00,5390.0,5398.0,5388.0,5398.0,13237.0,395235.0,396485.0
2025-11-26 22:00:00,5398.0,5402.0,5394.0,5394.0,15136.0,396485.0,395488.0
2025-11-26 22:30:00,5394.0,5397.0,5391.0,5391.0,8158.0,395488.0,393528.0
2025-11-27 09:00:00,5394.0,5413.0,5392.0,5410.0,26445.0,393528.0,387789.0
2025-11-27 09:30:00,5410.0,5411.0,5398.0,5403.0,19198.0,387789.0,384969.0
2025-11-27 10:00:00,5403.0,5405.0,5401.0,5402.0,3903.0,384969.0,383837.0
2025-11-27 10:30:00,5402.0,5409.0,5399.0,5403.0,11787.0,383837.0,381328.0
2025-11-27 11:00:00,5403.0,5408.0,5401.0,5403.0,8545.0,381328.0,380272.0
2025-11-27 13:30:00,5403.0,5403.0,5392.0,5401.0,18730.0,380272.0,380815.0
2025-11-27 14:00:00,5401.0,5407.0,5400.0,5403.0,8421.0,380815.0,379915.0
2025-11-27 14:30:00,5403.0,5405.0,5400.0,5403.0,10542.0,379915.0,377132.0
2025-11-27 21:00:00,5405.0,5412.0,5402.0,5409.0,24838.0,377132.0,375995.0
2025-11-27 21:30:00,5409.0,5412.0,5407.0,5410.0,9390.0,375995.0,374721.0
2025-11-27 22:00:00,5410.0,5418.0,5406.0,5413.0,15320.0,374721.0,374654.0
2025-11-27 22:30:00,5413.0,5418.0,5408.0,5411.0,9677.0,374654.0,373724.0
2025-11-28 09:00:00,5411.0,5416.0,5408.0,5410.0,13985.0,373724.0,371494.0
2025-11-28 09:30:00,5410.0,5411.0,5405.0,5406.0,11183.0,371494.0,371446.0
2025-11-28 10:00:00,5406.0,5413.0,5401.0,5405.0,8695.0,371446.0,369825.0
2025-11-28 10:30:00,5405.0,5409.0,5400.0,5409.0,11497.0,369825.0,367606.0
2025-11-28 11:00:00,5409.0,5410.0,5395.0,5398.0,14488.0,367606.0,365241.0
2025-11-28 13:30:00,5398.0,5403.0,5392.0,5403.0,11727.0,365241.0,364066.0
2025-11-28 14:00:00,5403.0,5405.0,5400.0,5403.0,7109.0,364066.0,363648.0
2025-11-28 14:30:00,5403.0,5406.0,5398.0,5400.0,8994.0,363648.0,361517.0
2025-11-28 21:00:00,5402.0,5405.0,5384.0,5395.0,25967.0,361517.0,361467.0
2025-11-28 21:30:00,5395.0,5399.0,5390.0,5397.0,11642.0,361467.0,360566.0
2025-11-28 22:00:00,5397.0,5400.0,5391.0,5392.0,16690.0,360566.0,360170.0
2025-11-28 22:30:00,5392.0,5400.0,5390.0,5396.0,8129.0,360170.0,359667.0
2025-12-01 09:00:00,5398.0,5405.0,5391.0,5394.0,15275.0,359667.0,358073.0
2025-12-01 09:30:00,5394.0,5394.0,5385.0,5390.0,10287.0,358073.0,357806.0
2025-12-01 10:00:00,5390.0,5397.0,5388.0,5397.0,5132.0,357806.0,356927.0
2025-12-01 10:30:00,5397.0,5400.0,5390.0,5399.0,9385.0,356927.0,355160.0
2025-12-01 11:00:00,5399.0,5404.0,5395.0,5404.0,8748.0,355160.0,353692.0
2025-12-01 13:30:00,5404.0,5405.0,5400.0,5401.0,7381.0,353692.0,352880.0
2025-12-01 14:00:00,5401.0,5404.0,5398.0,5403.0,5283.0,352880.0,352361.0
2025-12-01 14:30:00,5403.0,5407.0,5401.0,5405.0,9818.0,352361.0,350573.0
2025-12-01 21:00:00,5389.0,5390.0,5360.0,5381.0,46536.0,350573.0,352113.0
2025-12-01 21:30:00,5381.0,5388.0,5377.0,5386.0,13127.0,352113.0,351862.0
2025-12-01 22:00:00,5386.0,5393.0,5384.0,5391.0,12243.0,351862.0,350611.0
2025-12-01 22:30:00,5391.0,5400.0,5390.0,5398.0,16420.0,350611.0,348653.0
2025-12-02 09:00:00,5384.0,5388.0,5381.0,5384.0,16239.0,348653.0,348124.0
2025-12-02 09:30:00,5384.0,5390.0,5382.0,5385.0,6740.0,348124.0,347198.0
2025-12-02 10:00:00,5385.0,5393.0,5383.0,5389.0,5408.0,347198.0,346474.0
2025-12-02 10:30:00,5388.0,5388.0,5379.0,5384.0,9665.0,346474.0,344805.0
2025-12-02 11:00:00,5384.0,5388.0,5380.0,5381.0,7255.0,344805.0,343723.0
2025-12-02 13:30:00,5381.0,5383.0,5375.0,5376.0,9371.0,343723.0,343277.0
2025-12-02 14:00:00,5376.0,5390.0,5376.0,5388.0,9669.0,343277.0,341524.0
2025-12-02 14:30:00,5388.0,5391.0,5381.0,5382.0,11300.0,341524.0,338486.0
2025-12-02 21:00:00,5377.0,5380.0,5368.0,5375.0,30803.0,338486.0,338857.0
2025-12-02 21:30:00,5375.0,5377.0,5366.0,5368.0,15845.0,338857.0,338129.0
2025-12-02 22:00:00,5368.0,5377.0,5367.0,5372.0,10479.0,338129.0,337666.0
2025-12-02 22:30:00,5372.0,5374.0,5364.0,5364.0,9145.0,337666.0,337021.0
2025-12-03 09:00:00,5367.0,5373.0,5367.0,5371.0,9484.0,337021.0,336824.0
2025-12-03 09:30:00,5371.0,5372.0,5367.0,5369.0,5581.0,336824.0,336162.0
2025-12-03 10:00:00,5369.0,5371.0,5369.0,5370.0,2658.0,336162.0,335699.0
2025-12-03 10:30:00,5370.0,5373.0,5359.0,5373.0,14221.0,335699.0,335756.0
2025-12-03 11:00:00,5373.0,5374.0,5367.0,5372.0,9541.0,335756.0,333862.0
2025-12-03 13:30:00,5372.0,5376.0,5368.0,5372.0,8141.0,333862.0,332359.0
2025-12-03 14:00:00,5372.0,5373.0,5367.0,5368.0,6099.0,332359.0,331615.0
2025-12-03 14:30:00,5368.0,5370.0,5364.0,5366.0,11089.0,331615.0,330181.0
2025-12-03 21:00:00,5373.0,5373.0,5355.0,5356.0,23996.0,330181.0,332438.0
2025-12-03 21:30:00,5356.0,5357.0,5322.0,5323.0,53042.0,332438.0,334909.0
2025-12-03 22:00:00,5323.0,5325.0,5316.0,5318.0,18264.0,334909.0,337484.0
2025-12-03 22:30:00,5318.0,5318.0,5308.0,5314.0,18436.0,337484.0,339170.0
2025-12-04 09:00:00,5311.0,5333.0,5311.0,5325.0,30019.0,339170.0,339314.0
2025-12-04 09:30:00,5325.0,5327.0,5311.0,5311.0,12789.0,339314.0,340248.0
2025-12-04 10:00:00,5311.0,5328.0,5311.0,5327.0,7726.0,340248.0,339058.0
2025-12-04 10:30:00,5327.0,5334.0,5317.0,5318.0,14131.0,339058.0,336751.0
2025-12-04 11:00:00,5318.0,5319.0,5312.0,5315.0,11968.0,336751.0,336458.0
2025-12-04 13:30:00,5315.0,5320.0,5313.0,5316.0,9484.0,336458.0,335378.0
2025-12-04 14:00:00,5316.0,5340.0,5314.0,5335.0,25562.0,335378.0,331597.0
2025-12-04 14:30:00,5335.0,5338.0,5328.0,5328.0,14206.0,331597.0,329239.0
2025-12-04 21:00:00,5323.0,5341.0,5318.0,5339.0,32477.0,329239.0,328260.0
2025-12-04 21:30:00,5339.0,5339.0,5327.0,5328.0,8941.0,328260.0,328121.0
2025-12-04 22:00:00,5328.0,5329.0,5325.0,5326.0,4347.0,328121.0,328139.0
2025-12-04 22:30:00,5326.0,5327.0,5321.0,5326.0,6262.0,328139.0,327035.0
2025-12-05 09:00:00,5327.0,5331.0,5315.0,5315.0,15860.0,327035.0,327073.0
2025-12-05 09:30:00,5315.0,5321.0,5315.0,5317.0,11137.0,327073.0,326874.0
2025-12-05 10:00:00,5317.0,5319.0,5312.0,5313.0,6873.0,326874.0,326439.0
2025-12-05 10:30:00,5313.0,5316.0,5301.0,5302.0,15842.0,326439.0,326399.0
2025-12-05 11:00:00,5302.0,5319.0,5302.0,5314.0,16154.0,326399.0,324593.0
2025-12-05 13:30:00,5314.0,5318.0,5305.0,5310.0,13289.0,324593.0,322875.0
2025-12-05 14:00:00,5310.0,5310.0,5305.0,5305.0,8860.0,322875.0,321089.0
2025-12-05 14:30:00,5305.0,5308.0,5302.0,5303.0,13002.0,321089.0,317303.0
2025-12-05 21:00:00,5306.0,5321.0,5303.0,5317.0,24694.0,317303.0,315685.0
2025-12-05 21:30:00,5317.0,5332.0,5316.0,5330.0,15901.0,315685.0,315179.0
2025-12-05 22:00:00,5330.0,5332.0,5325.0,5328.0,8290.0,315179.0,314708.0
2025-12-05 22:30:00,5328.0,5332.0,5321.0,5324.0,12058.0,314708.0,310544.0
2025-12-08 09:00:00,5325.0,5327.0,5316.0,5320.0,11036.0,310544.0,309156.0
2025-12-08 09:30:00,5320.0,5328.0,5320.0,5326.0,7323.0,309156.0,308053.0
2025-12-08 10:00:00,5326.0,5335.0,5325.0,5332.0,9505.0,308053.0,306115.0
2025-12-08 10:30:00,5332.0,5346.0,5332.0,5334.0,21748.0,306115.0,301721.0
2025-12-08 11:00:00,5334.0,5349.0,5327.0,5347.0,23373.0,301721.0,298115.0
2025-12-08 13:30:00,5347.0,5354.0,5336.0,5337.0,21905.0,298115.0,293914.0
2025-12-08 14:00:00,5337.0,5342.0,5335.0,5337.0,7949.0,293914.0,292172.0
2025-12-08 14:30:00,5337.0,5340.0,5330.0,5337.0,10003.0,292172.0,289716.0
2025-12-08 21:00:00,5335.0,5344.0,5320.0,5343.0,35252.0,289716.0,284591.0
2025-12-08 21:30:00,5343.0,5345.0,5336.0,5339.0,11125.0,284591.0,282574.0
2025-12-08 22:00:00,5339.0,5341.0,5335.0,5340.0,6573.0,282574.0,281342.0
2025-12-08 22:30:00,5340.0,5340.0,5332.0,5339.0,7358.0,281342.0,279369.0
2025-12-09 09:00:00,5339.0,5346.0,5331.0,5340.0,14726.0,279369.0,276179.0
2025-12-09 09:30:00,5340.0,5349.0,5337.0,5343.0,11536.0,276179.0,274710.0
2025-12-09 10:00:00,5343.0,5344.0,5339.0,5339.0,3887.0,274710.0,273697.0
2025-12-09 10:30:00,5339.0,5344.0,5335.0,5340.0,8366.0,273697.0,272485.0
2025-12-09 11:00:00,5340.0,5350.0,5338.0,5349.0,12712.0,272485.0,270738.0
2025-12-09 13:30:00,5350.0,5356.0,5343.0,5345.0,18193.0,270738.0,265937.0
2025-12-09 14:00:00,5345.0,5349.0,5342.0,5345.0,8624.0,265937.0,263884.0
2025-12-09 14:30:00,5345.0,5349.0,5338.0,5343.0,11100.0,263884.0,260496.0
2025-12-09 21:00:00,5342.0,5345.0,5333.0,5335.0,19135.0,260496.0,259919.0
2025-12-09 21:30:00,5335.0,5339.0,5333.0,5337.0,6737.0,259919.0,259526.0
2025-12-09 22:00:00,5337.0,5341.0,5335.0,5339.0,7256.0,259526.0,258825.0
2025-12-09 22:30:00,5339.0,5345.0,5335.0,5344.0,12449.0,258825.0,255697.0
2025-12-10 09:00:00,5339.0,5343.0,5323.0,5329.0,15939.0,255697.0,253594.0
2025-12-10 09:30:00,5329.0,5331.0,5313.0,5324.0,14102.0,253594.0,252838.0
2025-12-10 10:00:00,5324.0,5331.0,5323.0,5326.0,5842.0,252838.0,251998.0
2025-12-10 10:30:00,5326.0,5330.0,5320.0,5327.0,6764.0,251998.0,250206.0
2025-12-10 11:00:00,5327.0,5329.0,5324.0,5327.0,5661.0,250206.0,248070.0
2025-12-10 13:30:00,5327.0,5339.0,5324.0,5329.0,10006.0,248070.0,245936.0
2025-12-10 14:00:00,5329.0,5331.0,5321.0,5324.0,7038.0,245936.0,244180.0
2025-12-10 14:30:00,5324.0,5330.0,5322.0,5328.0,10741.0,244180.0,241499.0
2025-12-10 21:00:00,5230.0,5246.0,5221.0,5238.0,61134.0,241499.0,357605.0
2025-12-10 21:30:00,5238.0,5240.0,5234.0,5235.0,13782.0,357605.0,360289.0
2025-12-10 22:00:00,5235.0,5237.0,5226.0,5231.0,10827.0,360289.0,362616.0
2025-12-10 22:30:00,5231.0,5234.0,5226.0,5228.0,14739.0,362616.0,367834.0
2025-12-11 09:00:00,5229.0,5235.0,5225.0,5230.0,21335.0,367834.0,371722.0
2025-12-11 09:30:00,5230.0,5230.0,5225.0,5225.0,9078.0,371722.0,374698.0
2025-12-11 10:00:00,5225.0,5226.0,5215.0,5216.0,11023.0,374698.0,379817.0
2025-12-11 10:30:00,5216.0,5232.0,5215.0,5229.0,15788.0,379817.0,380844.0
2025-12-11 11:00:00,5229.0,5238.0,5229.0,5231.0,16658.0,380844.0,382724.0
2025-12-11 13:30:00,5232.0,5234.0,5228.0,5231.0,9147.0,382724.0,384159.0
2025-12-11 14:00:00,5231.0,5233.0,5224.0,5232.0,14611.0,384159.0,388837.0
2025-12-11 14:30:00,5232.0,5245.0,5230.0,5245.0,25381.0,388837.0,391467.0
2025-12-11 21:00:00,5242.0,5249.0,5228.0,5228.0,32950.0,391467.0,397493.0
2025-12-11 21:30:00,5228.0,5231.0,5224.0,5229.0,22362.0,397493.0,401809.0
2025-12-11 22:00:00,5229.0,5236.0,5228.0,5229.0,11963.0,401809.0,401485.0
2025-12-11 22:30:00,5229.0,5231.0,5226.0,5231.0,7525.0,401485.0,400845.0
2025-12-12 09:00:00,5231.0,5247.0,5227.0,5240.0,31662.0,400845.0,399292.0
2025-12-12 09:30:00,5240.0,5243.0,5234.0,5235.0,9163.0,399292.0,400126.0
2025-12-12 10:00:00,5235.0,5244.0,5235.0,5243.0,6490.0,400126.0,400581.0
2025-12-12 10:30:00,5243.0,5243.0,5220.0,5221.0,21882.0,400581.0,404422.0
2025-12-12 11:00:00,5221.0,5225.0,5216.0,5220.0,16112.0,404422.0,408412.0
2025-12-12 13:30:00,5220.0,5223.0,5210.0,5210.0,20466.0,408412.0,412665.0
2025-12-12 14:00:00,5210.0,5216.0,5208.0,5213.0,23122.0,412665.0,418746.0
2025-12-12 14:30:00,5213.0,5219.0,5211.0,5214.0,17043.0,418746.0,416939.0
2025-12-12 21:00:00,5226.0,5242.0,5226.0,5240.0,44086.0,416939.0,415051.0
2025-12-12 21:30:00,5240.0,5241.0,5230.0,5231.0,10261.0,415051.0,415755.0
2025-12-12 22:00:00,5231.0,5234.0,5228.0,5230.0,13790.0,415755.0,416437.0
2025-12-12 22:30:00,5230.0,5231.0,5225.0,5230.0,8831.0,416437.0,416631.0
2025-12-15 09:00:00,5229.0,5234.0,5225.0,5230.0,12911.0,416631.0,418380.0
2025-12-15 09:30:00,5230.0,5236.0,5225.0,5236.0,11660.0,418380.0,419033.0
2025-12-15 10:00:00,5236.0,5237.0,5229.0,5230.0,8562.0,419033.0,419189.0
2025-12-15 10:30:00,5230.0,5234.0,5229.0,5230.0,6924.0,419189.0,419193.0
2025-12-15 11:00:00,5230.0,5233.0,5223.0,5224.0,11578.0,419193.0,420411.0
2025-12-15 13:30:00,5225.0,5230.0,5222.0,5223.0,10888.0,420411.0,421587.0
2025-12-15 14:00:00,5223.0,5226.0,5216.0,5217.0,16705.0,421587.0,423396.0
2025-12-15 14:30:00,5217.0,5218.0,5205.0,5207.0,31886.0,423396.0,429498.0
2025-12-15 21:00:00,5209.0,5211.0,5179.0,5180.0,66093.0,429498.0,445041.0
2025-12-15 21:30:00,5180.0,5180.0,5167.0,5168.0,44783.0,445041.0,453836.0
2025-12-15 22:00:00,5168.0,5169.0,5162.0,5164.0,13891.0,453836.0,457614.0
2025-12-15 22:30:00,5164.0,5168.0,5155.0,5157.0,23251.0,457614.0,459488.0
2025-12-16 09:00:00,5157.0,5166.0,5153.0,5166.0,23479.0,459488.0,461398.0
2025-12-16 09:30:00,5166.0,5175.0,5165.0,5165.0,19864.0,461398.0,460697.0
2025-12-16 10:00:00,5165.0,5171.0,5162.0,5166.0,6622.0,460697.0,460805.0
2025-12-16 10:30:00,5166.0,5174.0,5164.0,5168.0,14154.0,460805.0,462623.0
2025-12-16 11:00:00,5168.0,5169.0,5155.0,5158.0,13857.0,462623.0,466223.0
2025-12-16 13:30:00,5158.0,5158.0,5142.0,5142.0,28353.0,466223.0,473738.0
2025-12-16 14:00:00,5142.0,5146.0,5140.0,5145.0,21164.0,473738.0,475635.0
2025-12-16 14:30:00,5145.0,5145.0,5132.0,5133.0,37622.0,475635.0,481426.0
2025-12-16 21:00:00,5142.0,5144.0,5126.0,5135.0,55831.0,481426.0,487274.0
2025-12-16 21:30:00,5135.0,5136.0,5124.0,5131.0,18758.0,487274.0,488602.0
2025-12-16 22:00:00,5131.0,5136.0,5127.0,5135.0,13929.0,488602.0,490711.0
2025-12-16 22:30:00,5135.0,5137.0,5130.0,5132.0,11092.0,490711.0,488181.0
2025-12-17 09:00:00,5130.0,5131.0,5124.0,5131.0,20788.0,488181.0,488840.0
2025-12-17 09:30:00,5131.0,5139.0,5129.0,5136.0,21433.0,488840.0,488297.0
2025-12-17 10:00:00,5136.0,5137.0,5133.0,5135.0,5265.0,488297.0,488362.0
2025-12-17 10:30:00,5135.0,5136.0,5127.0,5136.0,11495.0,488362.0,488777.0
2025-12-17 11:00:00,5136.0,5151.0,5136.0,5149.0,32265.0,488777.0,488546.0
2025-12-17 13:30:00,5149.0,5160.0,5149.0,5151.0,26207.0,488546.0,486354.0
2025-12-17 14:00:00,5151.0,5152.0,5141.0,5142.0,14956.0,486354.0,486634.0
2025-12-17 14:30:00,5142.0,5143.0,5132.0,5139.0,21384.0,486634.0,487935.0
2025-12-17 21:00:00,5139.0,5150.0,5134.0,5143.0,40691.0,487935.0,489638.0
2025-12-17 21:30:00,5143.0,5156.0,5142.0,5156.0,21048.0,489638.0,491476.0
2025-12-17 22:00:00,5156.0,5165.0,5150.0,5156.0,23513.0,491476.0,488826.0
2025-12-17 22:30:00,5156.0,5159.0,5149.0,5155.0,12575.0,488826.0,488359.0
2025-12-18 09:00:00,5154.0,5157.0,5139.0,5141.0,21420.0,488359.0,489680.0
2025-12-18 09:30:00,5141.0,5145.0,5134.0,5135.0,14912.0,489680.0,491775.0
2025-12-18 10:00:00,5135.0,5137.0,5117.0,5120.0,25083.0,491775.0,495812.0
2025-12-18 10:30:00,5120.0,5121.0,5110.0,5111.0,32898.0,495812.0,503215.0
2025-12-18 11:00:00,5111.0,5115.0,5108.0,5110.0,16464.0,503215.0,506618.0
2025-12-18 13:30:00,5110.0,5114.0,5108.0,5113.0,15587.0,506618.0,509269.0
2025-12-18 14:00:00,5113.0,5115.0,5103.0,5105.0,23716.0,509269.0,513458.0
2025-12-18 14:30:00,5105.0,5110.0,5099.0,5102.0,28026.0,513458.0,518010.0
2025-12-18 21:00:00,5087.0,5095.0,5072.0,5078.0,75621.0,518010.0,525224.0
2025-12-18 21:30:00,5078.0,5092.0,5077.0,5087.0,28489.0,525224.0,522898.0
2025-12-18 22:00:00,5087.0,5092.0,5083.0,5089.0,16152.0,522898.0,523778.0
2025-12-18 22:30:00,5089.0,5095.0,5084.0,5089.0,19614.0,523778.0,520631.0
2025-12-19 09:00:00,5089.0,5106.0,5082.0,5097.0,33247.0,520631.0,519082.0
2025-12-19 09:30:00,5097.0,5104.0,5093.0,5094.0,11842.0,519082.0,520477.0
2025-12-19 10:00:00,5094.0,5099.0,5092.0,5095.0,5712.0,520477.0,520413.0
2025-12-19 10:30:00,5096.0,5096.0,5080.0,5085.0,22660.0,520413.0,521726.0
2025-12-19 11:00:00,5085.0,5086.0,5080.0,5082.0,14352.0,521726.0,522446.0
2025-12-19 13:30:00,5082.0,5086.0,5080.0,5081.0,12595.0,522446.0,523246.0
2025-12-19 14:00:00,5081.0,5091.0,5080.0,5089.0,17067.0,523246.0,524206.0
2025-12-19 14:30:00,5089.0,5092.0,5085.0,5088.0,16783.0,524206.0,523226.0
2025-12-19 21:00:00,5102.0,5128.0,5095.0,5111.0,76386.0,523226.0,521982.0
2025-12-19 21:30:00,5111.0,5116.0,5106.0,5110.0,17433.0,521982.0,523143.0
2025-12-19 22:00:00,5110.0,5114.0,5103.0,5106.0,14031.0,523143.0,523300.0
2025-12-19 22:30:00,5106.0,5114.0,5106.0,5109.0,13353.0,523300.0,521857.0
2025-12-22 09:00:00,5113.0,5138.0,5113.0,5133.0,48164.0,521857.0,517180.0
2025-12-22 09:30:00,5133.0,5145.0,5132.0,5139.0,27922.0,517180.0,514420.0
2025-12-22 10:00:00,5139.0,5144.0,5135.0,5135.0,8520.0,514420.0,513772.0
2025-12-22 10:30:00,5136.0,5143.0,5131.0,5133.0,19338.0,513772.0,512331.0
2025-12-22 11:00:00,5133.0,5136.0,5120.0,5128.0,19288.0,512331.0,512881.0
2025-12-22 13:30:00,5128.0,5138.0,5126.0,5127.0,15823.0,512881.0,514090.0
2025-12-22 14:00:00,5127.0,5130.0,5124.0,5124.0,11432.0,514090.0,514036.0
2025-12-22 14:30:00,5124.0,5129.0,5121.0,5126.0,16099.0,514036.0,513067.0
2025-12-22 21:00:00,5139.0,5147.0,5133.0,5143.0,39439.0,513067.0,511074.0
2025-12-22 21:30:00,5143.0,5151.0,5138.0,5146.0,19768.0,511074.0,510529.0
2025-12-22 22:00:00,5146.0,5148.0,5140.0,5143.0,14842.0,510529.0,509771.0
2025-12-22 22:30:00,5143.0,5146.0,5135.0,5144.0,15725.0,509771.0,508831.0
2025-12-23 09:00:00,5144.0,5145.0,5134.0,5144.0,20194.0,508831.0,510485.0
2025-12-23 09:30:00,5144.0,5145.0,5137.0,5139.0,11995.0,510485.0,510382.0
2025-12-23 10:00:00,5139.0,5140.0,5136.0,5138.0,6463.0,510382.0,510881.0
2025-12-23 10:30:00,5138.0,5143.0,5136.0,5140.0,9541.0,510881.0,509654.0
2025-12-23 11:00:00,5140.0,5145.0,5138.0,5144.0,8322.0,509654.0,509297.0
2025-12-23 13:30:00,5144.0,5151.0,5138.0,5143.0,28482.0,509297.0,512643.0
2025-12-23 14:00:00,5143.0,5151.0,5143.0,5149.0,12636.0,512643.0,511457.0
2025-12-23 14:30:00,5149.0,5155.0,5144.0,5155.0,19968.0,511457.0,508950.0
2025-12-23 21:00:00,5156.0,5194.0,5156.0,5176.0,65068.0,508950.0,499714.0
2025-12-23 21:30:00,5176.0,5196.0,5176.0,5193.0,49172.0,499714.0,496091.0
2025-12-23 22:00:00,5193.0,5194.0,5183.0,5190.0,27910.0,496091.0,493650.0
2025-12-23 22:30:00,5190.0,5193.0,5187.0,5192.0,12755.0,493650.0,491972.0
2025-12-24 09:00:00,5195.0,5210.0,5195.0,5207.0,46550.0,491972.0,487809.0
2025-12-24 09:30:00,5207.0,5223.0,5207.0,5222.0,56884.0,487809.0,483399.0
2025-12-24 10:00:00,5222.0,5230.0,5220.0,5227.0,21666.0,483399.0,480373.0
2025-12-24 10:30:00,5227.0,5231.0,5218.0,5225.0,34800.0,480373.0,477916.0
2025-12-24 11:00:00,5225.0,5238.0,5225.0,5233.0,30671.0,477916.0,475031.0
2025-12-24 13:30:00,5234.0,5247.0,5234.0,5242.0,31527.0,475031.0,473195.0
2025-12-24 14:00:00,5242.0,5260.0,5241.0,5256.0,38762.0,473195.0,470857.0
2025-12-24 14:30:00,5256.0,5263.0,5253.0,5262.0,47333.0,470857.0,466248.0
2025-12-24 21:00:00,5266.0,5276.0,5259.0,5266.0,77094.0,466248.0,462405.0
2025-12-24 21:30:00,5266.0,5272.0,5259.0,5263.0,35064.0,462405.0,463824.0
2025-12-24 22:00:00,5263.0,5272.0,5262.0,5271.0,18121.0,463824.0,462389.0
2025-12-24 22:30:00,5271.0,5276.0,5268.0,5275.0,21824.0,462389.0,460864.0
2025-12-25 09:00:00,5274.0,5278.0,5265.0,5271.0,29507.0,460864.0,459361.0
2025-12-25 09:30:00,5271.0,5272.0,5261.0,5263.0,33812.0,459361.0,459765.0
2025-12-25 10:00:00,5263.0,5266.0,5259.0,5265.0,10617.0,459765.0,457883.0
2025-12-25 10:30:00,5265.0,5271.0,5261.0,5269.0,18991.0,457883.0,458169.0
2025-12-25 11:00:00,5269.0,5271.0,5264.0,5270.0,12862.0,458169.0,458434.0
2025-12-25 13:30:00,5270.0,5271.0,5263.0,5268.0,15430.0,458434.0,458118.0
2025-12-25 14:00:00,5268.0,5269.0,5263.0,5266.0,10069.0,458118.0,457538.0
2025-12-25 14:30:00,5266.0,5270.0,5263.0,5269.0,15335.0,457538.0,455396.0
2025-12-25 21:00:00,5262.0,5272.0,5246.0,5270.0,53743.0,455396.0,456727.0
2025-12-25 21:30:00,5270.0,5272.0,5267.0,5269.0,10310.0,456727.0,456711.0
2025-12-25 22:00:00,5269.0,5274.0,5265.0,5271.0,13624.0,456711.0,453675.0
2025-12-25 22:30:00,5271.0,5274.0,5268.0,5270.0,13600.0,453675.0,452156.0
2025-12-26 09:00:00,5270.0,5286.0,5268.0,5275.0,31941.0,452156.0,452373.0
2025-12-26 09:30:00,5275.0,5287.0,5272.0,5285.0,21440.0,452373.0,452160.0
2025-12-26 10:00:00,5285.0,5295.0,5283.0,5294.0,13756.0,452160.0,453245.0
2025-12-26 10:30:00,5294.0,5295.0,5279.0,5290.0,22403.0,453245.0,452665.0
2025-12-26 11:00:00,5290.0,5295.0,5281.0,5284.0,21978.0,452665.0,452303.0
2025-12-26 13:30:00,5283.0,5294.0,5283.0,5292.0,14297.0,452303.0,452335.0
2025-12-26 14:00:00,5292.0,5296.0,5290.0,5291.0,13233.0,452335.0,452209.0
2025-12-26 14:30:00,5291.0,5291.0,5281.0,5285.0,24179.0,452209.0,448934.0
2025-12-26 21:00:00,5278.0,5279.0,5265.0,5274.0,43239.0,448934.0,446164.0
2025-12-26 21:30:00,5274.0,5280.0,5269.0,5271.0,14065.0,446164.0,446073.0
2025-12-26 22:00:00,5271.0,5273.0,5260.0,5268.0,17868.0,446073.0,445761.0
2025-12-26 22:30:00,5268.0,5275.0,5266.0,5274.0,9475.0,445761.0,444541.0
2025-12-29 09:00:00,5271.0,5272.0,5256.0,5261.0,23963.0,444541.0,443762.0
2025-12-29 09:30:00,5261.0,5263.0,5235.0,5238.0,40027.0,443762.0,440750.0
2025-12-29 10:00:00,5238.0,5241.0,5224.0,5227.0,28106.0,440750.0,438849.0
2025-12-29 10:30:00,5227.0,5245.0,5227.0,5243.0,20461.0,438849.0,437050.0
2025-12-29 11:00:00,5243.0,5252.0,5242.0,5245.0,12032.0,437050.0,436833.0
2025-12-29 13:30:00,5245.0,5253.0,5245.0,5249.0,13414.0,436833.0,436964.0
2025-12-29 14:00:00,5249.0,5257.0,5247.0,5250.0,15533.0,436964.0,435107.0
2025-12-29 14:30:00,5250.0,5255.0,5246.0,5253.0,22891.0,435107.0,432294.0
2025-12-29 21:00:00,5260.0,5260.0,5247.0,5251.0,45400.0,432294.0,434382.0
2025-12-29 21:30:00,5251.0,5254.0,5241.0,5250.0,17787.0,434382.0,434077.0
2025-12-29 22:00:00,5250.0,5251.0,5241.0,5245.0,13476.0,434077.0,433623.0
2025-12-29 22:30:00,5245.0,5267.0,5244.0,5263.0,20491.0,433623.0,430748.0
2025-12-30 09:00:00,5262.0,5267.0,5257.0,5264.0,19602.0,430748.0,428920.0
2025-12-30 09:30:00,5264.0,5267.0,5259.0,5261.0,11779.0,428920.0,427548.0
2025-12-30 10:00:00,5261.0,5265.0,5259.0,5265.0,3476.0,427548.0,426934.0
2025-12-30 10:30:00,5264.0,5271.0,5255.0,5264.0,18207.0,426934.0,426681.0
2025-12-30 11:00:00,5264.0,5266.0,5258.0,5263.0,10842.0,426681.0,427502.0
2025-12-30 13:30:00,5263.0,5266.0,5255.0,5258.0,13698.0,427502.0,426583.0
2025-12-30 14:00:00,5258.0,5262.0,5253.0,5259.0,13942.0,426583.0,426570.0
2025-12-30 14:30:00,5259.0,5262.0,5256.0,5258.0,13565.0,426570.0,425612.0
2025-12-30 21:00:00,5253.0,5256.0,5239.0,5240.0,38303.0,425612.0,426691.0
2025-12-30 21:30:00,5240.0,5244.0,5232.0,5235.0,17807.0,426691.0,427752.0
2025-12-30 22:00:00,5235.0,5245.0,5234.0,5241.0,14407.0,427752.0,425848.0
2025-12-30 22:30:00,5241.0,5247.0,5240.0,5244.0,10108.0,425848.0,424258.0
2025-12-31 09:00:00,5243.0,5246.0,5236.0,5241.0,17967.0,424258.0,423020.0
2025-12-31 09:30:00,5241.0,5250.0,5239.0,5240.0,19709.0,423020.0,422346.0
2025-12-31 10:00:00,5240.0,5245.0,5238.0,5239.0,7633.0,422346.0,421825.0
2025-12-31 10:30:00,5239.0,5247.0,5229.0,5230.0,16311.0,421825.0,421164.0
2025-12-31 11:00:00,5230.0,5241.0,5230.0,5235.0,13444.0,421164.0,420580.0
2025-12-31 13:30:00,5235.0,5246.0,5235.0,5246.0,16824.0,420580.0,418919.0
2025-12-31 14:00:00,5246.0,5253.0,5244.0,5250.0,13732.0,418919.0,418186.0
2025-12-31 14:30:00,5250.0,5255.0,5243.0,5251.0,14108.0,418186.0,415659.0
2026-01-05 09:00:00,5222.0,5235.0,5205.0,5234.0,42835.0,415659.0,417739.0
2026-01-05 09:30:00,5234.0,5236.0,5225.0,5231.0,12343.0,417739.0,419307.0
2026-01-05 10:00:00,5231.0,5240.0,5229.0,5236.0,8787.0,419307.0,419812.0
2026-01-05 10:30:00,5236.0,5239.0,5225.0,5235.0,11555.0,419812.0,421076.0
2026-01-05 11:00:00,5235.0,5244.0,5234.0,5240.0,11224.0,421076.0,422153.0
2026-01-05 13:30:00,5240.0,5246.0,5232.0,5245.0,14778.0,422153.0,422052.0
2026-01-05 14:00:00,5245.0,5246.0,5237.0,5245.0,10828.0,422052.0,422452.0
2026-01-05 14:30:00,5245.0,5260.0,5242.0,5257.0,23756.0,422452.0,422565.0
2026-01-05 21:00:00,5257.0,5257.0,5231.0,5238.0,34873.0,422565.0,424928.0
2026-01-05 21:30:00,5238.0,5245.0,5236.0,5245.0,10500.0,424928.0,425251.0
2026-01-05 22:00:00,5245.0,5247.0,5238.0,5245.0,9157.0,425251.0,425423.0
2026-01-05 22:30:00,5245.0,5251.0,5240.0,5248.0,10322.0,425423.0,424752.0
2026-01-06 09:00:00,5248.0,5263.0,5243.0,5258.0,20778.0,424752.0,426372.0
2026-01-06 09:30:00,5258.0,5267.0,5256.0,5264.0,22980.0,426372.0,428986.0
2026-01-06 10:00:00,5264.0,5265.0,5256.0,5262.0,8992.0,428986.0,427537.0
2026-01-06 10:30:00,5263.0,5263.0,5250.0,5251.0,18737.0,427537.0,427545.0
2026-01-06 11:00:00,5251.0,5257.0,5247.0,5250.0,10125.0,427545.0,427457.0
2026-01-06 13:30:00,5249.0,5256.0,5244.0,5255.0,15355.0,427457.0,427896.0
2026-01-06 14:00:00,5255.0,5261.0,5254.0,5255.0,9244.0,427896.0,428478.0
2026-01-06 14:30:00,5255.0,5262.0,5251.0,5259.0,16841.0,428478.0,427408.0
2026-01-06 21:00:00,5260.0,5283.0,5255.0,5280.0,49158.0,427408.0,431357.0
2026-01-06 21:30:00,5280.0,5285.0,5273.0,5282.0,19938.0,431357.0,433606.0
2026-01-06 22:00:00,5282.0,5284.0,5275.0,5281.0,12884.0,433606.0,433557.0
2026-01-06 22:30:00,5281.0,5288.0,5281.0,5285.0,17180.0,433557.0,434361.0
2026-01-07 09:00:00,5286.0,5286.0,5261.0,5271.0,32904.0,434361.0,432102.0
2026-01-07 09:30:00,5271.0,5275.0,5266.0,5271.0,11089.0,432102.0,431948.0
2026-01-07 10:00:00,5271.0,5277.0,5270.0,5275.0,4786.0,431948.0,431933.0
2026-01-07 10:30:00,5274.0,5282.0,5271.0,5274.0,15307.0,431933.0,434631.0
2026-01-07 11:00:00,5274.0,5275.0,5266.0,5272.0,13962.0,434631.0,435851.0
2026-01-07 13:30:00,5272.0,5275.0,5265.0,5275.0,13765.0,435851.0,436516.0
2026-01-07 14:00:00,5275.0,5287.0,5274.0,5284.0,21753.0,436516.0,439595.0
2026-01-07 14:30:00,5284.0,5285.0,5274.0,5281.0,19183.0,439595.0,439946.0
2026-01-07 21:00:00,5299.0,5308.0,5286.0,5293.0,48513.0,439946.0,442318.0
2026-01-07 21:30:00,5293.0,5301.0,5289.0,5298.0,19740.0,442318.0,443476.0
2026-01-07 22:00:00,5298.0,5298.0,5291.0,5295.0,10818.0,443476.0,442643.0
2026-01-07 22:30:00,5295.0,5296.0,5278.0,5286.0,18435.0,442643.0,439994.0
2026-01-08 09:00:00,5285.0,5291.0,5281.0,5283.0,15448.0,439994.0,439087.0
2026-01-08 09:30:00,5283.0,5287.0,5275.0,5286.0,10723.0,439087.0,438717.0
2026-01-08 10:00:00,5286.0,5290.0,5280.0,5282.0,4616.0,438717.0,438476.0
2026-01-08 10:30:00,5282.0,5284.0,5270.0,5273.0,16578.0,438476.0,436982.0
2026-01-08 11:00:00,5273.0,5275.0,5261.0,5263.0,17046.0,436982.0,433583.0
2026-01-08 13:30:00,5263.0,5273.0,5255.0,5273.0,23087.0,433583.0,430618.0
2026-01-08 14:00:00,5273.0,5284.0,5269.0,5281.0,18594.0,430618.0,429823.0
2026-01-08 14:30:00,5281.0,5286.0,5276.0,5279.0,14772.0,429823.0,429678.0
2026-01-08 21:00:00,5283.0,5288.0,5264.0,5278.0,29659.0,429678.0,431072.0
2026-01-08 21:30:00,5278.0,5278.0,5271.0,5272.0,9815.0,431072.0,430632.0
2026-01-08 22:00:00,5272.0,5277.0,5270.0,5271.0,9849.0,430632.0,430550.0
2026-01-08 22:30:00,5271.0,5279.0,5267.0,5279.0,9469.0,430550.0,429861.0
2026-01-09 09:00:00,5278.0,5296.0,5278.0,5287.0,28973.0,429861.0,430828.0
2026-01-09 09:30:00,5287.0,5298.0,5281.0,5292.0,15323.0,430828.0,431045.0
2026-01-09 10:00:00,5292.0,5296.0,5290.0,5295.0,4794.0,431045.0,431326.0
2026-01-09 10:30:00,5295.0,5300.0,5286.0,5294.0,16022.0,431326.0,432328.0
2026-01-09 11:00:00,5294.0,5294.0,5285.0,5288.0,8501.0,432328.0,431950.0
2026-01-09 13:30:00,5288.0,5294.0,5288.0,5293.0,9509.0,431950.0,432228.0
2026-01-09 14:00:00,5293.0,5293.0,5284.0,5286.0,10683.0,432228.0,433235.0
2026-01-09 14:30:00,5286.0,5288.0,5284.0,5288.0,10274.0,433235.0,432813.0
2026-01-09 21:00:00,5287.0,5300.0,5277.0,5288.0,37152.0,432813.0,435978.0
2026-01-09 21:30:00,5288.0,5289.0,5275.0,5280.0,23893.0,435978.0,436533.0
2026-01-09 22:00:00,5280.0,5288.0,5275.0,5285.0,11831.0,436533.0,435327.0
2026-01-09 22:30:00,5285.0,5292.0,5282.0,5284.0,12289.0,435327.0,434005.0
2026-01-12 09:00:00,5284.0,5293.0,5278.0,5285.0,17825.0,434005.0,435264.0
2026-01-12 09:30:00,5285.0,5286.0,5271.0,5272.0,13444.0,435264.0,435119.0
2026-01-12 10:00:00,5272.0,5282.0,5272.0,5280.0,5232.0,435119.0,435182.0
2026-01-12 10:30:00,5279.0,5291.0,5276.0,5289.0,12939.0,435182.0,435866.0
2026-01-12 11:00:00,5289.0,5292.0,5286.0,5288.0,8728.0,435866.0,435837.0
2026-01-12 13:30:00,5290.0,5292.0,5284.0,5287.0,12790.0,435837.0,434888.0
2026-01-12 14:00:00,5287.0,5297.0,5286.0,5289.0,15466.0,434888.0,435158.0
2026-01-12 14:30:00,5289.0,5290.0,5278.0,5285.0,18938.0,435158.0,431396.0
2026-01-12 21:00:00,5281.0,5284.0,5272.0,5277.0,25441.0,431396.0,434694.0
2026-01-12 21:30:00,5277.0,5277.0,5238.0,5243.0,60942.0,434694.0,437691.0
2026-01-12 22:00:00,5243.0,5253.0,5241.0,5249.0,21525.0,437691.0,436242.0
2026-01-12 22:30:00,5249.0,5262.0,5249.0,5257.0,17423.0,436242.0,433341.0
2026-01-13 09:00:00,5259.0,5272.0,5255.0,5270.0,17775.0,433341.0,433729.0
2026-01-13 09:30:00,5270.0,5274.0,5265.0,5272.0,10275.0,433729.0,433951.0
2026-01-13 10:00:00,5272.0,5272.0,5264.0,5268.0,5285.0,433951.0,433858.0
2026-01-13 10:30:00,5268.0,5273.0,5261.0,5273.0,11571.0,433858.0,433499.0
2026-01-13 11:00:00,5273.0,5277.0,5269.0,5272.0,11330.0,433499.0,433580.0
2026-01-13 13:30:00,5273.0,5275.0,5264.0,5266.0,10716.0,433580.0,432519.0
2026-01-13 14:00:00,5266.0,5266.0,5255.0,5256.0,12219.0,432519.0,431719.0
2026-01-13 14:30:00,5256.0,5261.0,5250.0,5253.0,16744.0,431719.0,429949.0
2026-01-13 21:00:00,5258.0,5271.0,5255.0,5270.0,26128.0,429949.0,432169.0
2026-01-13 21:30:00,5270.0,5275.0,5267.0,5269.0,13523.0,432169.0,431250.0
2026-01-13 22:00:00,5269.0,5275.0,5267.0,5274.0,7192.0,431250.0,430884.0
2026-01-13 22:30:00,5274.0,5277.0,5267.0,5274.0,11961.0,430884.0,429693.0
2026-01-14 09:00:00,5271.0,5279.0,5268.0,5274.0,12468.0,429693.0,430804.0
2026-01-14 09:30:00,5274.0,5287.0,5274.0,5283.0,23229.0,430804.0,430833.0
2026-01-14 10:00:00,5283.0,5286.0,5281.0,5281.0,6319.0,430833.0,431119.0
2026-01-14 10:30:00,5281.0,5294.0,5281.0,5292.0,18952.0,431119.0,431550.0
2026-01-14 11:00:00,5292.0,5313.0,5291.0,5302.0,53491.0,431550.0,435311.0
2026-01-14 13:30:00,5301.0,5301.0,5279.0,5280.0,25331.0,435311.0,432416.0
2026-01-14 14:00:00,5280.0,5294.0,5278.0,5293.0,13624.0,432416.0,431739.0
2026-01-14 14:30:00,5293.0,5299.0,5289.0,5299.0,16655.0,431739.0,428965.0
2026-01-14 21:00:00,5299.0,5299.0,5278.0,5285.0,33003.0,428965.0,427337.0
2026-01-14 21:30:00,5285.0,5290.0,5280.0,5283.0,12840.0,427337.0,427582.0
2026-01-14 22:00:00,5283.0,5287.0,5279.0,5287.0,10924.0,427582.0,426626.0
2026-01-14 22:30:00,5287.0,5287.0,5280.0,5280.0,7834.0,426626.0,425411.0
2026-01-15 09:00:00,5280.0,5282.0,5269.0,5273.0,20084.0,425411.0,424935.0
2026-01-15 09:30:00,5273.0,5273.0,5259.0,5264.0,20441.0,424935.0,423916.0
2026-01-15 10:00:00,5264.0,5271.0,5262.0,5268.0,5819.0,423916.0,423011.0
2026-01-15 10:30:00,5268.0,5272.0,5263.0,5270.0,8086.0,423011.0,423683.0
2026-01-15 11:00:00,5270.0,5272.0,5263.0,5265.0,6402.0,423683.0,423800.0
2026-01-15 13:30:00,5265.0,5277.0,5265.0,5274.0,11073.0,423800.0,423879.0
2026-01-15 14:00:00,5274.0,5283.0,5272.0,5279.0,14161.0,423879.0,425609.0
2026-01-15 14:30:00,5279.0,5283.0,5277.0,5280.0,11815.0,425609.0,425270.0
2026-01-15 21:00:00,5271.0,5275.0,5246.0,5252.0,47348.0,425270.0,426697.0
2026-01-15 21:30:00,5252.0,5270.0,5247.0,5270.0,22248.0,426697.0,425164.0
2026-01-15 22:00:00,5270.0,5276.0,5268.0,5273.0,13171.0,425164.0,426118.0
2026-01-15 22:30:00,5273.0,5279.0,5271.0,5275.0,10048.0,426118.0,425532.0
2026-01-16 09:00:00,5275.0,5279.0,5264.0,5268.0,14839.0,425532.0,425175.0
2026-01-16 09:30:00,5268.0,5277.0,5266.0,5269.0,11631.0,425175.0,425280.0
2026-01-16 10:00:00,5269.0,5272.0,5265.0,5268.0,4550.0,425280.0,425166.0
2026-01-16 10:30:00,5268.0,5268.0,5255.0,5263.0,16908.0,425166.0,425824.0
2026-01-16 11:00:00,5263.0,5264.0,5257.0,5262.0,8357.0,425824.0,426130.0
2026-01-16 13:30:00,5261.0,5263.0,5256.0,5263.0,8610.0,426130.0,426857.0
2026-01-16 14:00:00,5263.0,5264.0,5255.0,5255.0,7720.0,426857.0,426960.0
2026-01-16 14:30:00,5255.0,5259.0,5254.0,5258.0,12339.0,426960.0,426717.0
2026-01-16 21:00:00,5274.0,5278.0,5256.0,5261.0,39582.0,426717.0,431460.0
2026-01-16 21:30:00,5261.0,5265.0,5252.0,5253.0,19153.0,431460.0,433141.0
2026-01-16 22:00:00,5253.0,5256.0,5230.0,5242.0,35879.0,433141.0,432911.0
2026-01-16 22:30:00,5242.0,5248.0,5237.0,5242.0,16385.0,432911.0,432317.0
2026-01-19 09:00:00,5247.0,5270.0,5247.0,5269.0,39286.0,432317.0,428180.0
2026-01-19 09:30:00,5269.0,5271.0,5259.0,5263.0,12551.0,428180.0,428963.0
2026-01-19 10:00:00,5263.0,5263.0,5258.0,5263.0,4197.0,428963.0,429245.0
2026-01-19 10:30:00,5263.0,5263.0,5247.0,5248.0,12307.0,429245.0,429677.0
2026-01-19 11:00:00,5248.0,5253.0,5246.0,5248.0,7909.0,429677.0,429549.0
2026-01-19 13:30:00,5248.0,5255.0,5248.0,5249.0,9729.0,429549.0,429144.0
2026-01-19 14:00:00,5249.0,5253.0,5246.0,5247.0,9438.0,429144.0,429293.0
2026-01-19 14:30:00,5247.0,5253.0,5244.0,5244.0,10764.0,429293.0,427297.0
2026-01-19 21:00:00,5244.0,5249.0,5217.0,5217.0,43295.0,427297.0,432261.0
2026-01-19 21:30:00,5217.0,5225.0,5210.0,5225.0,23971.0,432261.0,432245.0
2026-01-19 22:00:00,5225.0,5229.0,5218.0,5228.0,10336.0,432245.0,431309.0
2026-01-19 22:30:00,5228.0,5240.0,5226.0,5233.0,16155.0,431309.0,428764.0
2026-01-20 09:00:00,5237.0,5238.0,5228.0,5230.0,13005.0,428764.0,429008.0
2026-01-20 09:30:00,5230.0,5232.0,5220.0,5220.0,11758.0,429008.0,428350.0
2026-01-20 10:00:00,5220.0,5226.0,5218.0,5225.0,7312.0,428350.0,429470.0
2026-01-20 10:30:00,5225.0,5226.0,5218.0,5219.0,7057.0,429470.0,429964.0
2026-01-20 11:00:00,5219.0,5224.0,5215.0,5221.0,11366.0,429964.0,429631.0
2026-01-20 13:30:00,5221.0,5226.0,5216.0,5217.0,10934.0,429631.0,429948.0
2026-01-20 14:00:00,5217.0,5219.0,5201.0,5207.0,28917.0,429948.0,434419.0
2026-01-20 14:30:00,5207.0,5209.0,5177.0,5183.0,55683.0,434419.0,438833.0
2026-01-20 21:00:00,5183.0,5204.0,5182.0,5184.0,35060.0,438833.0,440555.0
2026-01-20 21:30:00,5184.0,5186.0,5176.0,5182.0,16969.0,440555.0,443925.0
2026-01-20 22:00:00,5182.0,5191.0,5181.0,5187.0,14976.0,443925.0,442575.0
2026-01-20 22:30:00,5187.0,5190.0,5182.0,5188.0,8316.0,442575.0,442284.0
2026-01-21 09:00:00,5175.0,5178.0,5158.0,5161.0,36689.0,442284.0,445953.0
2026-01-21 09:30:00,5161.0,5164.0,5155.0,5161.0,14632.0,445953.0,447972.0
2026-01-21 10:00:00,5161.0,5162.0,5153.0,5156.0,7481.0,447972.0,449076.0
2026-01-21 10:30:00,5156.0,5159.0,5148.0,5150.0,17361.0,449076.0,451772.0
2026-01-21 11:00:00,5150.0,5161.0,5149.0,5154.0,15709.0,451772.0,450987.0
2026-01-21 13:30:00,5155.0,5161.0,5147.0,5147.0,17469.0,450987.0,453683.0
2026-01-21 14:00:00,5147.0,5153.0,5146.0,5146.0,15161.0,453683.0,457454.0
2026-01-21 14:30:00,5146.0,5148.0,5138.0,5144.0,23527.0,457454.0,461359.0
2026-01-21 21:00:00,5151.0,5154.0,5135.0,5150.0,41416.0,461359.0,462631.0
2026-01-21 21:30:00,5150.0,5152.0,5142.0,5146.0,13594.0,462631.0,462932.0
2026-01-21 22:00:00,5146.0,5151.0,5138.0,5139.0,11656.0,462932.0,464384.0
2026-01-21 22:30:00,5139.0,5142.0,5137.0,5138.0,8029.0,464384.0,464157.0
2026-01-22 09:00:00,5135.0,5140.0,5124.0,5136.0,34469.0,464157.0,468224.0
2026-01-22 09:30:00,5136.0,5140.0,5131.0,5133.0,11116.0,468224.0,469132.0
2026-01-22 10:00:00,5133.0,5141.0,5133.0,5134.0,6806.0,469132.0,469990.0
2026-01-22 10:30:00,5134.0,5138.0,5131.0,5135.0,9726.0,469990.0,471474.0
2026-01-22 11:00:00,5135.0,5140.0,5131.0,5135.0,11840.0,471474.0,473663.0
2026-01-22 13:30:00,5135.0,5140.0,5131.0,5133.0,13624.0,473663.0,476961.0
2026-01-22 14:00:00,5133.0,5138.0,5132.0,5137.0,12349.0,476961.0,479565.0
2026-01-22 14:30:00,5137.0,5160.0,5136.0,5158.0,46576.0,479565.0,477452.0
2026-01-22 21:00:00,5159.0,5168.0,5153.0,5156.0,39463.0,477452.0,476657.0
2026-01-22 21:30:00,5156.0,5174.0,5156.0,5172.0,23097.0,476657.0,475145.0
2026-01-22 22:00:00,5172.0,5175.0,5167.0,5174.0,9775.0,475145.0,475127.0
2026-01-22 22:30:00,5174.0,5175.0,5166.0,5173.0,12734.0,475127.0,474756.0
2026-01-23 09:00:00,5174.0,5184.0,5168.0,5180.0,24755.0,474756.0,474928.0
2026-01-23 09:30:00,5180.0,5189.0,5176.0,5188.0,17381.0,474928.0,473484.0
2026-01-23 10:00:00,5188.0,5192.0,5187.0,5189.0,8046.0,473484.0,473670.0
2026-01-23 10:30:00,5190.0,5198.0,5181.0,5181.0,21787.0,473670.0,470749.0
2026-01-23 11:00:00,5181.0,5189.0,5177.0,5180.0,11512.0,470749.0,470217.0
2026-01-23 13:30:00,5180.0,5189.0,5180.0,5187.0,9798.0,470217.0,469435.0
2026-01-23 14:00:00,5187.0,5187.0,5180.0,5182.0,9171.0,469435.0,468809.0
2026-01-23 14:30:00,5182.0,5185.0,5177.0,5180.0,13464.0,468809.0,466645.0
2026-01-23 21:00:00,5170.0,5180.0,5160.0,5175.0,40129.0,466645.0,467657.0
2026-01-23 21:30:00,5175.0,5181.0,5173.0,5180.0,11647.0,467657.0,468196.0
2026-01-23 22:00:00,5180.0,5184.0,5175.0,5175.0,11145.0,468196.0,467665.0
2026-01-23 22:30:00,5175.0,5176.0,5163.0,5168.0,18268.0,467665.0,468005.0
2026-01-26 09:00:00,5167.0,5193.0,5167.0,5192.0,28573.0,468005.0,469630.0
2026-01-26 09:30:00,5192.0,5195.0,5176.0,5178.0,19333.0,469630.0,468854.0
2026-01-26 10:00:00,5178.0,5182.0,5177.0,5179.0,4408.0,468854.0,469217.0
2026-01-26 10:30:00,5178.0,5185.0,5170.0,5171.0,14842.0,469217.0,467286.0
2026-01-26 11:00:00,5171.0,5178.0,5165.0,5174.0,17485.0,467286.0,466805.0
2026-01-26 13:30:00,5175.0,5175.0,5168.0,5169.0,11305.0,466805.0,468396.0
2026-01-26 14:00:00,5169.0,5174.0,5167.0,5170.0,11386.0,468396.0,468057.0
2026-01-26 14:30:00,5170.0,5173.0,5166.0,5172.0,11614.0,468057.0,467975.0
2026-01-26 21:00:00,5177.0,5181.0,5159.0,5162.0,41611.0,467975.0,470480.0
2026-01-26 21:30:00,5162.0,5168.0,5161.0,5162.0,9658.0,470480.0,471146.0
2026-01-26 22:00:00,5162.0,5185.0,5161.0,5174.0,22829.0,471146.0,469562.0
2026-01-26 22:30:00,5174.0,5179.0,5167.0,5170.0,11004.0,469562.0,469046.0
2026-01-27 09:00:00,5170.0,5172.0,5155.0,5167.0,22686.0,469046.0,472536.0
2026-01-27 09:30:00,5167.0,5171.0,5158.0,5159.0,12275.0,472536.0,473712.0
2026-01-27 10:00:00,5159.0,5164.0,5159.0,5163.0,5479.0,473712.0,473474.0
2026-01-27 10:30:00,5163.0,5164.0,5157.0,5159.0,9461.0,473474.0,474104.0
2026-01-27 11:00:00,5159.0,5162.0,5154.0,5162.0,11605.0,474104.0,474316.0
2026-01-27 13:30:00,5161.0,5175.0,5160.0,5171.0,21392.0,474316.0,473625.0
2026-01-27 14:00:00,5171.0,5174.0,5162.0,5167.0,10445.0,473625.0,472981.0
2026-01-27 14:30:00,5167.0,5172.0,5164.0,5168.0,11981.0,472981.0,472603.0
2026-01-27 21:00:00,5170.0,5183.0,5160.0,5181.0,32729.0,472603.0,474827.0
2026-01-27 21:30:00,5181.0,5182.0,5176.0,5178.0,11578.0,474827.0,475272.0
2026-01-27 22:00:00,5178.0,5179.0,5164.0,5169.0,18874.0,475272.0,473705.0
2026-01-27 22:30:00,5169.0,5172.0,5165.0,5165.0,7798.0,473705.0,472568.0
2026-01-28 09:00:00,5165.0,5175.0,5165.0,5171.0,14269.0,472568.0,472706.0
2026-01-28 09:30:00,5171.0,5176.0,5165.0,5166.0,7352.0,472706.0,472717.0
2026-01-28 10:00:00,5166.0,5173.0,5165.0,5171.0,4483.0,472717.0,472788.0
2026-01-28 10:30:00,5171.0,5175.0,5167.0,5168.0,8879.0,472788.0,473517.0
2026-01-28 11:00:00,5168.0,5177.0,5168.0,5174.0,8939.0,473517.0,473327.0
2026-01-28 13:30:00,5174.0,5177.0,5170.0,5174.0,9776.0,473327.0,473759.0
2026-01-28 14:00:00,5174.0,5189.0,5173.0,5184.0,22456.0,473759.0,475540.0
2026-01-28 14:30:00,5184.0,5194.0,5181.0,5187.0,25368.0,475540.0,473871.0
2026-01-28 21:00:00,5184.0,5198.0,5178.0,5191.0,43103.0,473871.0,473537.0
2026-01-28 21:30:00,5191.0,5219.0,5191.0,5213.0,57086.0,473537.0,472712.0
2026-01-28 22:00:00,5213.0,5231.0,5213.0,5226.0,37691.0,472712.0,469830.0
2026-01-28 22:30:00,5226.0,5228.0,5217.0,5222.0,19839.0,469830.0,466193.0
2026-01-29 09:00:00,5223.0,5240.0,5220.0,5240.0,38814.0,466193.0,465325.0
2026-01-29 09:30:00,5240.0,5252.0,5239.0,5251.0,30240.0,465325.0,466550.0
2026-01-29 10:00:00,5251.0,5254.0,5240.0,5240.0,15740.0,466550.0,464985.0
2026-01-29 10:30:00,5240.0,5258.0,5240.0,5258.0,17355.0,464985.0,465791.0
2026-01-29 11:00:00,5258.0,5262.0,5252.0,5254.0,19031.0,465791.0,464900.0
2026-01-29 13:30:00,5255.0,5266.0,5255.0,5265.0,22959.0,464900.0,466483.0
2026-01-29 14:00:00,5265.0,5266.0,5254.0,5260.0,20198.0,466483.0,465142.0
2026-01-29 14:30:00,5260.0,5262.0,5253.0,5257.0,20711.0,465142.0,463208.0
2026-01-29 21:00:00,5249.0,5271.0,5248.0,5271.0,47492.0,463208.0,463580.0
2026-01-29 21:30:00,5271.0,5273.0,5256.0,5259.0,28486.0,463580.0,464220.0
2026-01-29 22:00:00,5259.0,5277.0,5259.0,5276.0,17907.0,464220.0,463821.0
2026-01-29 22:30:00,5276.0,5280.0,5264.0,5273.0,26536.0,463821.0,462639.0
2026-01-30 09:00:00,5270.0,5281.0,5263.0,5268.0,34646.0,462639.0,463492.0
2026-01-30 09:30:00,5268.0,5274.0,5250.0,5255.0,33448.0,463492.0,464064.0
2026-01-30 10:00:00,5255.0,5264.0,5254.0,5255.0,12038.0,464064.0,462670.0
2026-01-30 10:30:00,5255.0,5262.0,5235.0,5257.0,41246.0,462670.0,456527.0
2026-01-30 11:00:00,5257.0,5269.0,5253.0,5266.0,18203.0,456527.0,457301.0
2026-01-30 13:30:00,5266.0,5271.0,5261.0,5264.0,17348.0,457301.0,456429.0
2026-01-30 14:00:00,5264.0,5264.0,5245.0,5246.0,21697.0,456429.0,454807.0
2026-01-30 14:30:00,5246.0,5254.0,5243.0,5248.0,16242.0,454807.0,452137.0
2026-01-30 21:00:00,5229.0,5232.0,5199.0,5221.0,81993.0,452137.0,454444.0
2026-01-30 21:30:00,5221.0,5229.0,5213.0,5228.0,23559.0,454444.0,455012.0
2026-01-30 22:00:00,5228.0,5238.0,5223.0,5237.0,20443.0,455012.0,455213.0
2026-01-30 22:30:00,5237.0,5243.0,5222.0,5226.0,27707.0,455213.0,452502.0
2026-02-02 09:00:00,5222.0,5222.0,5205.0,5215.0,38393.0,452502.0,450585.0
2026-02-02 09:30:00,5215.0,5224.0,5210.0,5218.0,16827.0,450585.0,450211.0
2026-02-02 10:00:00,5218.0,5223.0,5217.0,5218.0,5407.0,450211.0,450214.0
2026-02-02 10:30:00,5219.0,5221.0,5207.0,5207.0,15550.0,450214.0,450631.0
2026-02-02 11:00:00,5207.0,5212.0,5204.0,5212.0,14390.0,450631.0,449934.0
2026-02-02 13:30:00,5212.0,5215.0,5193.0,5213.0,33894.0,449934.0,446266.0
2026-02-02 14:00:00,5213.0,5221.0,5207.0,5213.0,22887.0,446266.0,443435.0
2026-02-02 14:30:00,5213.0,5215.0,5203.0,5207.0,18705.0,443435.0,441083.0
2026-02-02 21:00:00,5215.0,5219.0,5202.0,5210.0,34673.0,441083.0,442311.0
2026-02-02 21:30:00,5210.0,5215.0,5205.0,5210.0,14121.0,442311.0,443091.0
2026-02-02 22:00:00,5210.0,5213.0,5198.0,5202.0,17080.0,443091.0,444659.0
2026-02-02 22:30:00,5202.0,5202.0,5192.0,5197.0,15999.0,444659.0,443853.0
2026-02-03 09:00:00,5200.0,5218.0,5200.0,5218.0,24134.0,443853.0,444114.0
2026-02-03 09:30:00,5218.0,5221.0,5210.0,5210.0,17340.0,444114.0,445719.0
2026-02-03 10:00:00,5210.0,5213.0,5202.0,5205.0,10289.0,445719.0,445824.0
2026-02-03 10:30:00,5205.0,5205.0,5182.0,5189.0,32833.0,445824.0,445503.0
2026-02-03 11:00:00,5189.0,5191.0,5180.0,5182.0,19767.0,445503.0,446967.0
2026-02-03 13:30:00,5184.0,5187.0,5163.0,5163.0,42475.0,446967.0,452431.0
2026-02-03 14:00:00,5163.0,5166.0,5156.0,5161.0,32332.0,452431.0,453682.0
2026-02-03 14:30:00,5161.0,5170.0,5160.0,5167.0,23281.0,453682.0,451499.0
2026-02-03 21:00:00,5196.0,5231.0,5185.0,5216.0,92723.0,451499.0,455844.0
2026-02-03 21:30:00,5216.0,5218.0,5205.0,5211.0,18913.0,455844.0,454105.0
2026-02-03 22:00:00,5211.0,5212.0,5207.0,5211.0,7222.0,454105.0,454166.0
2026-02-03 22:30:00,5211.0,5211.0,5205.0,5207.0,9889.0,454166.0,453809.0
2026-02-04 09:00:00,5213.0,5213.0,5200.0,5200.0,17309.0,453809.0,453918.0
2026-02-04 09:30:00,5200.0,5204.0,5198.0,5200.0,9866.0,453918.0,454204.0
2026-02-04 10:00:00,5200.0,5205.0,5199.0,5204.0,3344.0,454204.0,454023.0
2026-02-04 10:30:00,5204.0,5208.0,5195.0,5198.0,14551.0,454023.0,453835.0
2026-02-04 11:00:00,5198.0,5212.0,5197.0,5208.0,13509.0,453835.0,452428.0
2026-02-04 13:30:00,5209.0,5212.0,5204.0,5208.0,10027.0,452428.0,452893.0
2026-02-04 14:00:00,5208.0,5209.0,5203.0,5207.0,6391.0,452893.0,451841.0
2026-02-04 14:30:00,5207.0,5212.0,5204.0,5210.0,12107.0,451841.0,451761.0
2026-02-04 21:00:00,5205.0,5219.0,5198.0,5215.0,37639.0,451761.0,457433.0
2026-02-04 21:30:00,5215.0,5229.0,5213.0,5221.0,22819.0,457433.0,457809.0
2026-02-04 22:00:00,5221.0,5225.0,5213.0,5215.0,16226.0,457809.0,455054.0
2026-02-04 22:30:00,5215.0,5216.0,5209.0,5213.0,11481.0,455054.0,453765.0
2026-02-05 09:00:00,5213.0,5218.0,5207.0,5215.0,16771.0,453765.0,453779.0
2026-02-05 09:30:00,5215.0,5238.0,5213.0,5232.0,33159.0,453779.0,455036.0
2026-02-05 10:00:00,5232.0,5235.0,5220.0,5221.0,14229.0,455036.0,453454.0
2026-02-05 10:30:00,5221.0,5236.0,5221.0,5224.0,23625.0,453454.0,451407.0
2026-02-05 11:00:00,5224.0,5235.0,5222.0,5227.0,13686.0,451407.0,450605.0
2026-02-05 13:30:00,5227.0,5235.0,5227.0,5231.0,14237.0,450605.0,449412.0
2026-02-05 14:00:00,5231.0,5237.0,5225.0,5229.0,18173.0,449412.0,446893.0
2026-02-05 14:30:00,5229.0,5232.0,5215.0,5224.0,19442.0,446893.0,443522.0
2026-02-05 21:00:00,5215.0,5243.0,5210.0,5237.0,45292.0,443522.0,445767.0
2026-02-05 21:30:00,5237.0,5249.0,5226.0,5228.0,31646.0,445767.0,445788.0
2026-02-05 22:00:00,5228.0,5244.0,5226.0,5244.0,18576.0,445788.0,446918.0
2026-02-05 22:30:00,5244.0,5250.0,5236.0,5241.0,22130.0,446918.0,447721.0
2026-02-06 09:00:00,5242.0,5242.0,5226.0,5227.0,30010.0,447721.0,448254.0
2026-02-06 09:30:00,5227.0,5242.0,5222.0,5241.0,22972.0,448254.0,448875.0
2026-02-06 10:00:00,5241.0,5242.0,5234.0,5240.0,4898.0,448875.0,448884.0
2026-02-06 10:30:00,5240.0,5240.0,5215.0,5215.0,26579.0,448884.0,449962.0
2026-02-06 11:00:00,5215.0,5226.0,5215.0,5224.0,11816.0,449962.0,449325.0
2026-02-06 13:30:00,5223.0,5232.0,5223.0,5232.0,12897.0,449325.0,448984.0
2026-02-06 14:00:00,5232.0,5239.0,5228.0,5239.0,13652.0,448984.0,449724.0
2026-02-06 14:30:00,5239.0,5239.0,5225.0,5228.0,17657.0,449724.0,446908.0
2026-02-06 21:00:00,5225.0,5243.0,5217.0,5226.0,45161.0,446908.0,449354.0
2026-02-06 21:30:00,5226.0,5241.0,5225.0,5237.0,20631.0,449354.0,451138.0
2026-02-06 22:00:00,5237.0,5242.0,5225.0,5231.0,16569.0,451138.0,449832.0
2026-02-06 22:30:00,5231.0,5235.0,5224.0,5234.0,12484.0,449832.0,448249.0
2026-02-09 09:00:00,5233.0,5238.0,5223.0,5235.0,15549.0,448249.0,449871.0
2026-02-09 09:30:00,5235.0,5236.0,5225.0,5231.0,13281.0,449871.0,448927.0
2026-02-09 10:00:00,5231.0,5233.0,5223.0,5224.0,6265.0,448927.0,448378.0
2026-02-09 10:30:00,5224.0,5237.0,5224.0,5230.0,14151.0,448378.0,447301.0
2026-02-09 11:00:00,5230.0,5241.0,5230.0,5239.0,12436.0,447301.0,447345.0
2026-02-09 13:30:00,5239.0,5272.0,5239.0,5264.0,57760.0,447345.0,454430.0
2026-02-09 14:00:00,5264.0,5265.0,5247.0,5253.0,22628.0,454430.0,455419.0
2026-02-09 14:30:00,5253.0,5261.0,5251.0,5261.0,16509.0,455419.0,453913.0
2026-02-09 21:00:00,5256.0,5275.0,5254.0,5268.0,41467.0,453913.0,459514.0
2026-02-09 21:30:00,5268.0,5275.0,5260.0,5273.0,18627.0,459514.0,460287.0
2026-02-09 22:00:00,5273.0,5290.0,5271.0,5282.0,45337.0,460287.0,463876.0
2026-02-09 22:30:00,5282.0,5291.0,5280.0,5289.0,20935.0,463876.0,462909.0
2026-02-10 09:00:00,5288.0,5295.0,5281.0,5288.0,31446.0,462909.0,466647.0
2026-02-10 09:30:00,5288.0,5293.0,5286.0,5289.0,12234.0,466647.0,465969.0
2026-02-10 10:00:00,5289.0,5290.0,5285.0,5286.0,6706.0,465969.0,466335.0
2026-02-10 10:30:00,5286.0,5286.0,5266.0,5266.0,26188.0,466335.0,463755.0
2026-02-10 11:00:00,5266.0,5278.0,5266.0,5272.0,12933.0,463755.0,462506.0
2026-02-10 13:30:00,5272.0,5279.0,5268.0,5277.0,16356.0,462506.0,460221.0
2026-02-10 14:00:00,5277.0,5282.0,5275.0,5278.0,11679.0,460221.0,459918.0
2026-02-10 14:30:00,5278.0,5281.0,5270.0,5278.0,13931.0,459918.0,458437.0
2026-02-10 21:00:00,5287.0,5290.0,5277.0,5281.0,28322.0,458437.0,459083.0
2026-02-10 21:30:00,5281.0,5284.0,5277.0,5281.0,8683.0,459083.0,458298.0
2026-02-10 22:00:00,5281.0,5286.0,5277.0,5282.0,9267.0,458298.0,458029.0
2026-02-10 22:30:00,5282.0,5284.0,5275.0,5281.0,8023.0,458029.0,456809.0
2026-02-11 09:00:00,5275.0,5281.0,5270.0,5278.0,16558.0,456809.0,456588.0
2026-02-11 09:30:00,5278.0,5284.0,5277.0,5282.0,8773.0,456588.0,456268.0
2026-02-11 10:00:00,5282.0,5283.0,5279.0,5280.0,2838.0,456268.0,456311.0
2026-02-11 10:30:00,5281.0,5284.0,5266.0,5273.0,18183.0,456311.0,456449.0
2026-02-11 11:00:00,5273.0,5274.0,5258.0,5263.0,17358.0,456449.0,454551.0
2026-02-11 13:30:00,5263.0,5274.0,5259.0,5272.0,15287.0,454551.0,453778.0
2026-02-11 14:00:00,5272.0,5278.0,5265.0,5266.0,12485.0,453778.0,453249.0
2026-02-11 14:30:00,5266.0,5269.0,5261.0,5266.0,11391.0,453249.0,451856.0
2026-02-11 21:00:00,5258.0,5261.0,5244.0,5257.0,41281.0,451856.0,450647.0
2026-02-11 21:30:00,5257.0,5262.0,5252.0,5258.0,12513.0,450647.0,449606.0
2026-02-11 22:00:00,5258.0,5264.0,5254.0,5255.0,9076.0,449606.0,449905.0
2026-02-11 22:30:00,5255.0,5260.0,5251.0,5253.0,11728.0,449905.0,448995.0
2026-02-12 09:00:00,5255.0,5267.0,5252.0,5259.0,14305.0,448995.0,449190.0
2026-02-12 09:30:00,5259.0,5264.0,5257.0,5260.0,6229.0,449190.0,449201.0
2026-02-12 10:00:00,5260.0,5261.0,5256.0,5256.0,2633.0,449201.0,448787.0
2026-02-12 10:30:00,5257.0,5266.0,5254.0,5266.0,7546.0,448787.0,448225.0
2026-02-12 11:00:00,5266.0,5269.0,5263.0,5268.0,7158.0,448225.0,448016.0
2026-02-12 13:30:00,5268.0,5268.0,5256.0,5266.0,9962.0,448016.0,446285.0
2026-02-12 14:00:00,5266.0,5267.0,5253.0,5253.0,8407.0,446285.0,445511.0
2026-02-12 14:30:00,5253.0,5260.0,5251.0,5254.0,15598.0,445511.0,443331.0
2026-02-12 21:00:00,5259.0,5260.0,5245.0,5247.0,26586.0,443331.0,442482.0
2026-02-12 21:30:00,5247.0,5250.0,5242.0,5246.0,11291.0,442482.0,440337.0
2026-02-12 22:00:00,5246.0,5252.0,5244.0,5246.0,6869.0,440337.0,439907.0
2026-02-12 22:30:00,5246.0,5247.0,5238.0,5245.0,12639.0,439907.0,438217.0
2026-02-13 09:00:00,5246.0,5246.0,5231.0,5237.0,23702.0,438217.0,432561.0
2026-02-13 09:30:00,5237.0,5238.0,5218.0,5219.0,25773.0,432561.0,431033.0
2026-02-13 10:00:00,5219.0,5222.0,5212.0,5216.0,14846.0,431033.0,428962.0
2026-02-13 10:30:00,5217.0,5224.0,5215.0,5221.0,13619.0,428962.0,427241.0
2026-02-13 11:00:00,5221.0,5227.0,5219.0,5219.0,10345.0,427241.0,425522.0
2026-02-13 13:30:00,5220.0,5220.0,5213.0,5220.0,14063.0,425522.0,424677.0
2026-02-13 14:00:00,5220.0,5221.0,5211.0,5213.0,15501.0,424677.0,423708.0
2026-02-13 14:30:00,5213.0,5215.0,5207.0,5211.0,19621.0,423708.0,420258.0
2026-02-24 09:00:00,5246.0,5264.0,5239.0,5248.0,41877.0,420258.0,421248.0
2026-02-24 09:30:00,5248.0,5266.0,5245.0,5259.0,27941.0,421248.0,423072.0
2026-02-24 10:00:00,5259.0,5271.0,5252.0,5264.0,21410.0,423072.0,424959.0
2026-02-24 10:30:00,5263.0,5270.0,5260.0,5261.0,17954.0,424959.0,423429.0
2026-02-24 11:00:00,5261.0,5264.0,5246.0,5247.0,17573.0,423429.0,423235.0
2026-02-24 13:30:00,5247.0,5254.0,5245.0,5250.0,11469.0,423235.0,424680.0
2026-02-24 14:00:00,5250.0,5256.0,5234.0,5238.0,20722.0,424680.0,428286.0
2026-02-24 14:30:00,5238.0,5238.0,5227.0,5229.0,19995.0,428286.0,431165.0
2026-02-24 21:00:00,5231.0,5243.0,5228.0,5242.0,29291.0,431165.0,438717.0
2026-02-24 21:30:00,5242.0,5246.0,5240.0,5244.0,11361.0,438717.0,440585.0
2026-02-24 22:00:00,5244.0,5245.0,5238.0,5243.0,6961.0,440585.0,440663.0
2026-02-24 22:30:00,5243.0,5257.0,5242.0,5252.0,16413.0,440663.0,439508.0
2026-02-25 09:00:00,5251.0,5256.0,5247.0,5251.0,17566.0,439508.0,440183.0
2026-02-25 09:30:00,5251.0,5262.0,5249.0,5260.0,16709.0,440183.0,442487.0
2026-02-25 10:00:00,5260.0,5264.0,5254.0,5254.0,7039.0,442487.0,443104.0
2026-02-25 10:30:00,5255.0,5262.0,5252.0,5252.0,11759.0,443104.0,443513.0
2026-02-25 11:00:00,5252.0,5255.0,5239.0,5243.0,20189.0,443513.0,444167.0
2026-02-25 13:30:00,5243.0,5249.0,5242.0,5249.0,13338.0,444167.0,446236.0
2026-02-25 14:00:00,5249.0,5251.0,5244.0,5245.0,12989.0,446236.0,446995.0
2026-02-25 14:30:00,5245.0,5249.0,5244.0,5248.0,10897.0,446995.0,446222.0
2026-02-25 21:00:00,5240.0,5247.0,5232.0,5244.0,32428.0,446222.0,447024.0
2026-02-25 21:30:00,5244.0,5252.0,5241.0,5244.0,14212.0,447024.0,445666.0
2026-02-25 22:00:00,5244.0,5248.0,5242.0,5248.0,6264.0,445666.0,445362.0
2026-02-25 22:30:00,5248.0,5330.0,5247.0,5301.0,98506.0,445362.0,445702.0
2026-02-26 09:00:00,5303.0,5303.0,5284.0,5289.0,58888.0,445702.0,452275.0
2026-02-26 09:30:00,5289.0,5289.0,5280.0,5283.0,21601.0,452275.0,453237.0
2026-02-26 10:00:00,5283.0,5291.0,5282.0,5286.0,12162.0,453237.0,455029.0
2026-02-26 10:30:00,5286.0,5293.0,5281.0,5287.0,21312.0,455029.0,456645.0
2026-02-26 11:00:00,5287.0,5288.0,5272.0,5280.0,20853.0,456645.0,454894.0
2026-02-26 13:30:00,5280.0,5295.0,5276.0,5289.0,22610.0,454894.0,458946.0
2026-02-26 14:00:00,5289.0,5291.0,5284.0,5286.0,12193.0,458946.0,461045.0
2026-02-26 14:30:00,5286.0,5289.0,5277.0,5285.0,20044.0,461045.0,462071.0
2026-02-26 21:00:00,5288.0,5325.0,5283.0,5324.0,93334.0,462071.0,481654.0
2026-02-26 21:30:00,5324.0,5338.0,5301.0,5320.0,88022.0,481654.0,481881.0
2026-02-26 22:00:00,5320.0,5325.0,5312.0,5325.0,27765.0,481881.0,483093.0
2026-02-26 22:30:00,5325.0,5325.0,5315.0,5317.0,22500.0,483093.0,479666.0
2026-02-27 09:00:00,5312.0,5320.0,5302.0,5318.0,36675.0,479666.0,481785.0
2026-02-27 09:30:00,5318.0,5319.0,5304.0,5307.0,20721.0,481785.0,479368.0
2026-02-27 10:00:00,5307.0,5314.0,5306.0,5311.0,6373.0,479368.0,479098.0
2026-02-27 10:30:00,5311.0,5320.0,5306.0,5319.0,19280.0,479098.0,477733.0
2026-02-27 11:00:00,5319.0,5323.0,5316.0,5320.0,15175.0,477733.0,477218.0
2026-02-27 13:30:00,5320.0,5324.0,5316.0,5320.0,15915.0,477218.0,476523.0
2026-02-27 14:00:00,5320.0,5322.0,5316.0,5316.0,14488.0,476523.0,476059.0
2026-02-27 14:30:00,5316.0,5325.0,5315.0,5324.0,17460.0,476059.0,473339.0
2026-02-27 21:00:00,5324.0,5334.0,5308.0,5309.0,64342.0,473339.0,480616.0
2026-02-27 21:30:00,5309.0,5316.0,5287.0,5291.0,51029.0,480616.0,477787.0
2026-02-27 22:00:00,5291.0,5305.0,5291.0,5299.0,20143.0,477787.0,476315.0
2026-02-27 22:30:00,5299.0,5303.0,5283.0,5293.0,23010.0,476315.0,471614.0
2026-03-02 09:00:00,5292.0,5322.0,5292.0,5317.0,46494.0,471614.0,467834.0
2026-03-02 09:30:00,5317.0,5326.0,5312.0,5313.0,22111.0,467834.0,467833.0
2026-03-02 10:00:00,5313.0,5319.0,5313.0,5315.0,7534.0,467833.0,467372.0
2026-03-02 10:30:00,5314.0,5330.0,5312.0,5328.0,23743.0,467372.0,466603.0
2026-03-02 11:00:00,5328.0,5328.0,5321.0,5327.0,10176.0,466603.0,466393.0
2026-03-02 13:30:00,5327.0,5336.0,5317.0,5331.0,30445.0,466393.0,467504.0
2026-03-02 14:00:00,5331.0,5344.0,5331.0,5339.0,26042.0,467504.0,471110.0
2026-03-02 14:30:00,5339.0,5348.0,5336.0,5345.0,28765.0,471110.0,469987.0
2026-03-02 21:00:00,5343.0,5344.0,5319.0,5333.0,53673.0,469987.0,470727.0
2026-03-02 21:30:00,5333.0,5339.0,5327.0,5334.0,22530.0,470727.0,470865.0
2026-03-02 22:00:00,5334.0,5336.0,5313.0,5318.0,27663.0,470865.0,465871.0
2026-03-02 22:30:00,5318.0,5320.0,5308.0,5314.0,25818.0,465871.0,465043.0
2026-03-03 09:00:00,5310.0,5331.0,5309.0,5325.0,27412.0,465043.0,463974.0
2026-03-03 09:30:00,5325.0,5329.0,5310.0,5313.0,25412.0,463974.0,463484.0
2026-03-03 10:00:00,5313.0,5317.0,5305.0,5311.0,14980.0,463484.0,462660.0
2026-03-03 10:30:00,5311.0,5325.0,5310.0,5324.0,17480.0,462660.0,463013.0
2026-03-03 11:00:00,5324.0,5330.0,5320.0,5323.0,14879.0,463013.0,461580.0
2026-03-03 13:30:00,5325.0,5331.0,5321.0,5323.0,19051.0,461580.0,460483.0
2026-03-03 14:00:00,5323.0,5326.0,5314.0,5325.0,20084.0,460483.0,456791.0
2026-03-03 14:30:00,5325.0,5326.0,5314.0,5321.0,20775.0,456791.0,453444.0
2026-03-03 21:00:00,5334.0,5360.0,5325.0,5347.0,81846.0,453444.0,456085.0
2026-03-03 21:30:00,5347.0,5349.0,5332.0,5336.0,27403.0,456085.0,457633.0
2026-03-03 22:00:00,5336.0,5338.0,5307.0,5318.0,50389.0,457633.0,456027.0
2026-03-03 22:30:00,5318.0,5319.0,5294.0,5306.0,38270.0,456027.0,454315.0
2026-03-04 09:00:00,5304.0,5310.0,5298.0,5304.0,19499.0,454315.0,454371.0
2026-03-04 09:30:00,5304.0,5308.0,5295.0,5298.0,14397.0,454371.0,453287.0
2026-03-04 10:00:00,5298.0,5307.0,5297.0,5299.0,6718.0,453287.0,453377.0
2026-03-04 10:30:00,5299.0,5301.0,5293.0,5298.0,11886.0,453377.0,451695.0
2026-03-04 11:00:00,5298.0,5302.0,5294.0,5302.0,10582.0,451695.0,451219.0
2026-03-04 13:30:00,5302.0,5315.0,5302.0,5314.0,20158.0,451219.0,449887.0
2026-03-04 14:00:00,5314.0,5315.0,5308.0,5311.0,12351.0,449887.0,448334.0
2026-03-04 14:30:00,5311.0,5313.0,5307.0,5308.0,11736.0,448334.0,446413.0
2026-03-04 21:00:00,5299.0,5308.0,5286.0,5307.0,44538.0,446413.0,448526.0
2026-03-04 21:30:00,5307.0,5314.0,5305.0,5308.0,17957.0,448526.0,448257.0
2026-03-04 22:00:00,5308.0,5317.0,5308.0,5314.0,13700.0,448257.0,448076.0
2026-03-04 22:30:00,5314.0,5322.0,5311.0,5311.0,14243.0,448076.0,447134.0
2026-03-05 09:00:00,5312.0,5326.0,5307.0,5325.0,24886.0,447134.0,449158.0
2026-03-05 09:30:00,5325.0,5340.0,5322.0,5331.0,37781.0,449158.0,451491.0
2026-03-05 10:00:00,5331.0,5340.0,5330.0,5338.0,11305.0,451491.0,451574.0
2026-03-05 10:30:00,5338.0,5347.0,5333.0,5343.0,25732.0,451574.0,451893.0
2026-03-05 11:00:00,5343.0,5345.0,5329.0,5338.0,18429.0,451893.0,452045.0
2026-03-05 13:30:00,5338.0,5350.0,5335.0,5337.0,30554.0,452045.0,449774.0
2026-03-05 14:00:00,5337.0,5343.0,5329.0,5338.0,19235.0,449774.0,447449.0
2026-03-05 14:30:00,5338.0,5340.0,5325.0,5330.0,22813.0,447449.0,442794.0
2026-03-05 21:00:00,5331.0,5345.0,5328.0,5343.0,40597.0,442794.0,447306.0
2026-03-05 21:30:00,5343.0,5346.0,5336.0,5339.0,18256.0,447306.0,448322.0
2026-03-05 22:00:00,5339.0,5357.0,5337.0,5355.0,38590.0,448322.0,452397.0
2026-03-05 22:30:00,5355.0,5375.0,5346.0,5352.0,70039.0,452397.0,452858.0
2026-03-06 09:00:00,5352.0,5392.0,5351.0,5387.0,63928.0,452858.0,459571.0
2026-03-06 09:30:00,5387.0,5389.0,5369.0,5371.0,30794.0,459571.0,458280.0
2026-03-06 10:00:00,5371.0,5379.0,5370.0,5374.0,10606.0,458280.0,458210.0
2026-03-06 10:30:00,5374.0,5385.0,5373.0,5374.0,15576.0,458210.0,457659.0
2026-03-06 11:00:00,5374.0,5379.0,5360.0,5365.0,24919.0,457659.0,456133.0
2026-03-06 13:30:00,5365.0,5374.0,5365.0,5367.0,18612.0,456133.0,453979.0
2026-03-06 14:00:00,5367.0,5371.0,5365.0,5369.0,11281.0,453979.0,453006.0
2026-03-06 14:30:00,5369.0,5371.0,5364.0,5371.0,17370.0,453006.0,451220.0
2026-03-06 21:00:00,5385.0,5395.0,5373.0,5388.0,59532.0,451220.0,456226.0
2026-03-06 21:30:00,5388.0,5393.0,5373.0,5390.0,26496.0,456226.0,455798.0
2026-03-06 22:00:00,5390.0,5404.0,5387.0,5389.0,37602.0,455798.0,456975.0
2026-03-06 22:30:00,5389.0,5396.0,5383.0,5394.0,21977.0,456975.0,454062.0
2026-03-09 09:00:00,5422.0,5541.0,5422.0,5505.0,215732.0,454062.0,459633.0
2026-03-09 09:30:00,5505.0,5524.0,5485.0,5519.0,68151.0,459633.0,459932.0
2026-03-09 10:00:00,5519.0,5522.0,5505.0,5520.0,22667.0,459932.0,460802.0
2026-03-09 10:30:00,5521.0,5542.0,5506.0,5507.0,65737.0,460802.0,462342.0
2026-03-09 11:00:00,5507.0,5528.0,5497.0,5526.0,42030.0,462342.0,463939.0
2026-03-09 13:30:00,5525.0,5525.0,5425.0,5430.0,130072.0,463939.0,449146.0
2026-03-09 14:00:00,5430.0,5435.0,5410.0,5432.0,61896.0,449146.0,441829.0
2026-03-09 14:30:00,5432.0,5441.0,5424.0,5436.0,35499.0,441829.0,438022.0
2026-03-09 21:00:00,5451.0,5455.0,5421.0,5426.0,72534.0,438022.0,431415.0
2026-03-09 21:30:00,5426.0,5435.0,5408.0,5433.0,46548.0,431415.0,427359.0
2026-03-09 22:00:00,5433.0,5445.0,5430.0,5442.0,28623.0,427359.0,426826.0
2026-03-09 22:30:00,5442.0,5456.0,5440.0,5453.0,25859.0,426826.0,425457.0
2026-03-10 09:00:00,5445.0,5445.0,5373.0,5379.0,96366.0,425457.0,413047.0
2026-03-10 09:30:00,5379.0,5380.0,5365.0,5378.0,36625.0,413047.0,410009.0
2026-03-10 10:00:00,5378.0,5384.0,5376.0,5379.0,13943.0,410009.0,410112.0
2026-03-10 10:30:00,5379.0,5397.0,5377.0,5391.0,18980.0,410112.0,410249.0
2026-03-10 11:00:00,5391.0,5399.0,5385.0,5393.0,16277.0,410249.0,409449.0
2026-03-10 13:30:00,5395.0,5410.0,5390.0,5404.0,22508.0,409449.0,410196.0
2026-03-10 14:00:00,5404.0,5421.0,5403.0,5410.0,29254.0,410196.0,411638.0
2026-03-10 14:30:00,5410.0,5419.0,5403.0,5409.0,19800.0,411638.0,409849.0
2026-03-10 21:00:00,5420.0,5429.0,5410.0,5418.0,50466.0,409849.0,418419.0
2026-03-10 21:30:00,5418.0,5419.0,5409.0,5414.0,20587.0,418419.0,418748.0
2026-03-10 22:00:00,5414.0,5431.0,5413.0,5418.0,33911.0,418748.0,419303.0
2026-03-10 22:30:00,5418.0,5422.0,5408.0,5417.0,22439.0,419303.0,417333.0
2026-03-11 09:00:00,5416.0,5419.0,5397.0,5405.0,36721.0,417333.0,415705.0
2026-03-11 09:30:00,5405.0,5412.0,5401.0,5404.0,15600.0,415705.0,416340.0
2026-03-11 10:00:00,5404.0,5414.0,5403.0,5413.0,6190.0,416340.0,415867.0
2026-03-11 10:30:00,5413.0,5417.0,5408.0,5408.0,13942.0,415867.0,415236.0
2026-03-11 11:00:00,5408.0,5417.0,5408.0,5415.0,16166.0,415236.0,414827.0
2026-03-11 13:30:00,5415.0,5423.0,5411.0,5419.0,20716.0,414827.0,413992.0
2026-03-11 14:00:00,5419.0,5422.0,5412.0,5422.0,16140.0,413992.0,413238.0
2026-03-11 14:30:00,5422.0,5424.0,5415.0,5423.0,18300.0,413238.0,414169.0
2026-03-11 21:00:00,5425.0,5448.0,5416.0,5447.0,63976.0,414169.0,423173.0
2026-03-11 21:30:00,5447.0,5447.0,5430.0,5431.0,28404.0,423173.0,423096.0
2026-03-11 22:00:00,5431.0,5438.0,5424.0,5432.0,23107.0,423096.0,421129.0
2026-03-11 22:30:00,5432.0,5434.0,5426.0,5429.0,12020.0,421129.0,418709.0
2026-03-12 09:00:00,5432.0,5447.0,5432.0,5439.0,37721.0,418709.0,419874.0
2026-03-12 09:30:00,5439.0,5447.0,5438.0,5442.0,13508.0,419874.0,420296.0
2026-03-12 10:00:00,5442.0,5454.0,5440.0,5453.0,12892.0,420296.0,420965.0
2026-03-12 10:30:00,5454.0,5455.0,5432.0,5432.0,37091.0,420965.0,420941.0
2026-03-12 11:00:00,5432.0,5438.0,5430.0,5433.0,16116.0,420941.0,420188.0
2026-03-12 13:30:00,5433.0,5435.0,5413.0,5418.0,33737.0,420188.0,416907.0
2026-03-12 14:00:00,5418.0,5421.0,5411.0,5419.0,19756.0,416907.0,416973.0
2026-03-12 14:30:00,5419.0,5422.0,5409.0,5416.0,19869.0,416973.0,413877.0
2026-03-12 21:00:00,5428.0,5434.0,5416.0,5422.0,44123.0,413877.0,419888.0
2026-03-12 21:30:00,5422.0,5441.0,5420.0,5439.0,42139.0,419888.0,421589.0
2026-03-12 22:00:00,5439.0,5448.0,5433.0,5446.0,29827.0,421589.0,421421.0
2026-03-12 22:30:00,5446.0,5456.0,5440.0,5443.0,37231.0,421421.0,418629.0
2026-03-13 09:00:00,5450.0,5472.0,5448.0,5457.0,50301.0,418629.0,420341.0
2026-03-13 09:30:00,5457.0,5474.0,5457.0,5473.0,21220.0,420341.0,421615.0
2026-03-13 10:00:00,5473.0,5487.0,5470.0,5479.0,24618.0,421615.0,422817.0
2026-03-13 10:30:00,5480.0,5482.0,5466.0,5477.0,26389.0,422817.0,422784.0
2026-03-13 11:00:00,5477.0,5478.0,5466.0,5476.0,17242.0,422784.0,422655.0
2026-03-13 13:30:00,5476.0,5476.0,5456.0,5462.0,28729.0,422655.0,420784.0
2026-03-13 14:00:00,5462.0,5464.0,5441.0,5446.0,36322.0,420784.0,417093.0
2026-03-13 14:30:00,5446.0,5450.0,5438.0,5447.0,22616.0,417093.0,416178.0
2026-03-13 21:00:00,5454.0,5467.0,5447.0,5457.0,45029.0,416178.0,418435.0
2026-03-13 21:30:00,5457.0,5460.0,5445.0,5449.0,25678.0,418435.0,417505.0
2026-03-13 22:00:00,5449.0,5457.0,5445.0,5451.0,18070.0,417505.0,416475.0
2026-03-13 22:30:00,5451.0,5453.0,5433.0,5437.0,26160.0,416475.0,414456.0
2026-03-16 09:00:00,5438.0,5458.0,5432.0,5458.0,33301.0,414456.0,415604.0
2026-03-16 09:30:00,5458.0,5472.0,5454.0,5472.0,25847.0,415604.0,417473.0
2026-03-16 10:00:00,5472.0,5472.0,5461.0,5468.0,13191.0,417473.0,416565.0
2026-03-16 10:30:00,5468.0,5472.0,5462.0,5462.0,20135.0,416565.0,417990.0
2026-03-16 11:00:00,5462.0,5479.0,5460.0,5477.0,22688.0,417990.0,419346.0
2026-03-16 13:30:00,5477.0,5490.0,5472.0,5474.0,35799.0,419346.0,422256.0
2026-03-16 14:00:00,5474.0,5479.0,5470.0,5472.0,13159.0,422256.0,420320.0
2026-03-16 14:30:00,5472.0,5475.0,5466.0,5472.0,16656.0,420320.0,418200.0
2026-03-16 21:00:00,5451.0,5459.0,5437.0,5451.0,57658.0,418200.0,424049.0
2026-03-16 21:30:00,5451.0,5454.0,5420.0,5423.0,51747.0,424049.0,421303.0
2026-03-16 22:00:00,5423.0,5438.0,5420.0,5434.0,24220.0,421303.0,418756.0
2026-03-16 22:30:00,5434.0,5438.0,5427.0,5428.0,12136.0,418756.0,416615.0
2026-03-17 09:00:00,5428.0,5435.0,5423.0,5430.0,19264.0,416615.0,418258.0
2026-03-17 09:30:00,5430.0,5436.0,5429.0,5433.0,8733.0,418258.0,418844.0
2026-03-17 10:00:00,5433.0,5439.0,5433.0,5434.0,6818.0,418844.0,419098.0
2026-03-17 10:30:00,5435.0,5437.0,5422.0,5422.0,13346.0,419098.0,420414.0
2026-03-17 11:00:00,5422.0,5422.0,5410.0,5419.0,27110.0,420414.0,418998.0
2026-03-17 13:30:00,5419.0,5419.0,5406.0,5409.0,27714.0,418998.0,419744.0
2026-03-17 14:00:00,5409.0,5414.0,5404.0,5407.0,17287.0,419744.0,419214.0
2026-03-17 14:30:00,5407.0,5413.0,5405.0,5406.0,18298.0,419214.0,416935.0
2026-03-17 21:00:00,5420.0,5426.0,5408.0,5416.0,41853.0,416935.0,416011.0
2026-03-17 21:30:00,5416.0,5418.0,5410.0,5414.0,14209.0,416011.0,415481.0
2026-03-17 22:00:00,5414.0,5424.0,5413.0,5418.0,17691.0,415481.0,414807.0
2026-03-17 22:30:00,5418.0,5421.0,5413.0,5415.0,11942.0,414807.0,412800.0
2026-03-18 09:00:00,5414.0,5418.0,5383.0,5390.0,54437.0,412800.0,409158.0
2026-03-18 09:30:00,5390.0,5391.0,5360.0,5373.0,48373.0,409158.0,407505.0
2026-03-18 10:00:00,5373.0,5377.0,5365.0,5372.0,18416.0,407505.0,404833.0
2026-03-18 10:30:00,5372.0,5372.0,5358.0,5362.0,30450.0,404833.0,402497.0
2026-03-18 11:00:00,5362.0,5365.0,5358.0,5359.0,17279.0,402497.0,401208.0
2026-03-18 13:30:00,5359.0,5360.0,5345.0,5350.0,48539.0,401208.0,398181.0
2026-03-18 14:00:00,5350.0,5353.0,5346.0,5349.0,17670.0,398181.0,397584.0
2026-03-18 14:30:00,5349.0,5349.0,5334.0,5343.0,48475.0,397584.0,387747.0
2026-03-18 21:00:00,5374.0,5382.0,5362.0,5373.0,73945.0,387747.0,385218.0
2026-03-18 21:30:00,5373.0,5382.0,5368.0,5381.0,16393.0,385218.0,385289.0
2026-03-18 22:00:00,5381.0,5393.0,5378.0,5387.0,29698.0,385289.0,385287.0
2026-03-18 22:30:00,5387.0,5404.0,5387.0,5398.0,36162.0,385287.0,381706.0
2026-03-19 09:00:00,5401.0,5434.0,5401.0,5418.0,60021.0,381706.0,377371.0
2026-03-19 09:30:00,5418.0,5424.0,5409.0,5422.0,19107.0,377371.0,375832.0
2026-03-19 10:00:00,5422.0,5424.0,5413.0,5416.0,7202.0,375832.0,376054.0
2026-03-19 10:30:00,5415.0,5419.0,5398.0,5406.0,22312.0,376054.0,375030.0
2026-03-19 11:00:00,5406.0,5416.0,5405.0,5410.0,14913.0,375030.0,373473.0
2026-03-19 13:30:00,5410.0,5414.0,5403.0,5406.0,17713.0,373473.0,372704.0
2026-03-19 14:00:00,5406.0,5410.0,5400.0,5405.0,12780.0,372704.0,372344.0
2026-03-19 14:30:00,5405.0,5419.0,5403.0,5417.0,27488.0,372344.0,372106.0
2026-03-19 21:00:00,5432.0,5452.0,5413.0,5419.0,87080.0,372106.0,368305.0
2026-03-19 21:30:00,5419.0,5437.0,5412.0,5434.0,48729.0,368305.0,368427.0
2026-03-19 22:00:00,5434.0,5439.0,5419.0,5432.0,35639.0,368427.0,366082.0
2026-03-19 22:30:00,5432.0,5436.0,5426.0,5427.0,27811.0,366082.0,359802.0
2026-03-20 09:00:00,5425.0,5425.0,5403.0,5411.0,36088.0,359802.0,359993.0
2026-03-20 09:30:00,5411.0,5430.0,5411.0,5426.0,18233.0,359993.0,358768.0
2026-03-20 10:00:00,5426.0,5433.0,5425.0,5430.0,9331.0,358768.0,358225.0
2026-03-20 10:30:00,5430.0,5436.0,5423.0,5423.0,15264.0,358225.0,356736.0
2026-03-20 11:00:00,5423.0,5433.0,5422.0,5431.0,8751.0,356736.0,355558.0
2026-03-20 13:30:00,5431.0,5443.0,5431.0,5441.0,25939.0,355558.0,354593.0
2026-03-20 14:00:00,5441.0,5441.0,5434.0,5437.0,13466.0,354593.0,354080.0
2026-03-20 14:30:00,5437.0,5439.0,5429.0,5439.0,21293.0,354080.0,354040.0
2026-03-20 21:00:00,5446.0,5463.0,5443.0,5460.0,57543.0,354040.0,357210.0
2026-03-20 21:30:00,5460.0,5468.0,5448.0,5463.0,38794.0,357210.0,354695.0
2026-03-20 22:00:00,5463.0,5463.0,5448.0,5456.0,21646.0,354695.0,354794.0
2026-03-20 22:30:00,5456.0,5461.0,5451.0,5460.0,16089.0,354794.0,351940.0
2026-03-23 09:00:00,5459.0,5508.0,5459.0,5481.0,102966.0,351940.0,358885.0
2026-03-23 09:30:00,5481.0,5495.0,5476.0,5493.0,24645.0,358885.0,357445.0
2026-03-23 10:00:00,5493.0,5495.0,5472.0,5472.0,15850.0,357445.0,356787.0
2026-03-23 10:30:00,5471.0,5476.0,5453.0,5468.0,45026.0,356787.0,351753.0
2026-03-23 11:00:00,5468.0,5479.0,5465.0,5476.0,14274.0,351753.0,350341.0
2026-03-23 13:30:00,5475.0,5476.0,5461.0,5468.0,18961.0,350341.0,347433.0
2026-03-23 14:00:00,5468.0,5475.0,5462.0,5470.0,15318.0,347433.0,345706.0
2026-03-23 14:30:00,5470.0,5476.0,5444.0,5453.0,31460.0,345706.0,340677.0
2026-03-23 21:00:00,5423.0,5437.0,5405.0,5437.0,71938.0,340677.0,339267.0
2026-03-23 21:30:00,5437.0,5445.0,5432.0,5438.0,24477.0,339267.0,341489.0
2026-03-23 22:00:00,5438.0,5440.0,5425.0,5428.0,17088.0,341489.0,339750.0
2026-03-23 22:30:00,5428.0,5435.0,5426.0,5429.0,10583.0,339750.0,338360.0
2026-03-24 09:00:00,5429.0,5460.0,5428.0,5457.0,32160.0,338360.0,337678.0
2026-03-24 09:30:00,5457.0,5466.0,5449.0,5451.0,22316.0,337678.0,337629.0
2026-03-24 10:00:00,5451.0,5455.0,5444.0,5446.0,8438.0,337629.0,336594.0
2026-03-24 10:30:00,5446.0,5451.0,5440.0,5442.0,14791.0,336594.0,335080.0
2026-03-24 11:00:00,5442.0,5451.0,5440.0,5447.0,12311.0,335080.0,334163.0
2026-03-24 13:30:00,5448.0,5455.0,5436.0,5440.0,18998.0,334163.0,333488.0
2026-03-24 14:00:00,5440.0,5447.0,5432.0,5436.0,19399.0,333488.0,331816.0
2026-03-24 14:30:00,5436.0,5437.0,5429.0,5429.0,17824.0,331816.0,328849.0
2026-03-24 21:00:00,5432.0,5453.0,5431.0,5443.0,45251.0,328849.0,332963.0
2026-03-24 21:30:00,5443.0,5452.0,5440.0,5446.0,19687.0,332963.0,331827.0
2026-03-24 22:00:00,5446.0,5447.0,5432.0,5433.0,18889.0,331827.0,329873.0
2026-03-24 22:30:00,5433.0,5436.0,5421.0,5423.0,23163.0,329873.0,327283.0
2026-03-25 09:00:00,5423.0,5427.0,5409.0,5413.0,37004.0,327283.0,327027.0
2026-03-25 09:30:00,5413.0,5429.0,5405.0,5422.0,24696.0,327027.0,326283.0
2026-03-25 10:00:00,5422.0,5432.0,5422.0,5430.0,8449.0,326283.0,326316.0
2026-03-25 10:30:00,5430.0,5439.0,5427.0,5429.0,20038.0,326316.0,324994.0
2026-03-25 11:00:00,5429.0,5433.0,5419.0,5429.0,19229.0,324994.0,323162.0
2026-03-25 13:30:00,5429.0,5441.0,5429.0,5435.0,19076.0,323162.0,322503.0
2026-03-25 14:00:00,5435.0,5441.0,5431.0,5434.0,13464.0,322503.0,320541.0
2026-03-25 14:30:00,5434.0,5435.0,5426.0,5429.0,13975.0,320541.0,318672.0
2026-03-25 21:00:00,5408.0,5427.0,5402.0,5426.0,52590.0,318672.0,323386.0
2026-03-25 21:30:00,5426.0,5441.0,5424.0,5436.0,27666.0,323386.0,325265.0
2026-03-25 22:00:00,5436.0,5437.0,5425.0,5434.0,18076.0,325265.0,324818.0
2026-03-25 22:30:00,5434.0,5438.0,5428.0,5437.0,11741.0,324818.0,323075.0
2026-03-26 09:00:00,5439.0,5444.0,5431.0,5439.0,20123.0,323075.0,323075.0
2026-03-26 09:30:00,5439.0,5451.0,5438.0,5447.0,26703.0,323075.0,321976.0
2026-03-26 10:00:00,5447.0,5455.0,5445.0,5448.0,12713.0,321976.0,321349.0
2026-03-26 10:30:00,5448.0,5449.0,5439.0,5442.0,16393.0,321349.0,320043.0
2026-03-26 11:00:00,5442.0,5460.0,5442.0,5453.0,21860.0,320043.0,321166.0
2026-03-26 13:30:00,5451.0,5459.0,5446.0,5447.0,15743.0,321166.0,319232.0
2026-03-26 14:00:00,5447.0,5454.0,5444.0,5450.0,17298.0,319232.0,318523.0
2026-03-26 14:30:00,5450.0,5465.0,5449.0,5463.0,23420.0,318523.0,317898.0
2026-03-26 21:00:00,5468.0,5473.0,5447.0,5448.0,45992.0,317898.0,318704.0
2026-03-26 21:30:00,5448.0,5450.0,5425.0,5427.0,39883.0,318704.0,316058.0
2026-03-26 22:00:00,5427.0,5441.0,5426.0,5437.0,21489.0,316058.0,313354.0
2026-03-26 22:30:00,5437.0,5448.0,5431.0,5441.0,18527.0,313354.0,310965.0
2026-03-27 09:00:00,5441.0,5458.0,5441.0,5447.0,27515.0,310965.0,311086.0
2026-03-27 09:30:00,5447.0,5465.0,5447.0,5462.0,24231.0,311086.0,311652.0
2026-03-27 10:00:00,5462.0,5465.0,5457.0,5464.0,8434.0,311652.0,311777.0
2026-03-27 10:30:00,5464.0,5464.0,5452.0,5453.0,12859.0,311777.0,311479.0
2026-03-27 11:00:00,5453.0,5465.0,5453.0,5461.0,11102.0,311479.0,311872.0
2026-03-27 13:30:00,5461.0,5468.0,5452.0,5467.0,20234.0,311872.0,313323.0
2026-03-27 14:00:00,5467.0,5468.0,5461.0,5462.0,12448.0,313323.0,313104.0
2026-03-27 14:30:00,5462.0,5467.0,5458.0,5464.0,14622.0,313104.0,312885.0
2026-03-27 21:00:00,5463.0,5488.0,5461.0,5481.0,58518.0,312885.0,321654.0
2026-03-27 21:30:00,5481.0,5488.0,5468.0,5476.0,31280.0,321654.0,319311.0
2026-03-27 22:00:00,5476.0,5481.0,5470.0,5477.0,13680.0,319311.0,318285.0
2026-03-27 22:30:00,5477.0,5486.0,5475.0,5481.0,16850.0,318285.0,316645.0
2026-03-30 09:00:00,5486.0,5533.0,5477.0,5478.0,126793.0,316645.0,324816.0
2026-03-30 09:30:00,5478.0,5486.0,5473.0,5483.0,31603.0,324816.0,323514.0
2026-03-30 10:00:00,5483.0,5486.0,5479.0,5481.0,7160.0,323514.0,322706.0
2026-03-30 10:30:00,5481.0,5486.0,5454.0,5462.0,34904.0,322706.0,318144.0
2026-03-30 11:00:00,5462.0,5468.0,5454.0,5456.0,18150.0,318144.0,315503.0
2026-03-30 13:30:00,5457.0,5457.0,5438.0,5439.0,32207.0,315503.0,311700.0
2026-03-30 14:00:00,5439.0,5451.0,5438.0,5445.0,17172.0,311700.0,308544.0
2026-03-30 14:30:00,5445.0,5446.0,5437.0,5441.0,16930.0,308544.0,304083.0
2026-03-30 21:00:00,5432.0,5443.0,5428.0,5433.0,50150.0,304083.0,302618.0
2026-03-30 21:30:00,5433.0,5437.0,5431.0,5434.0,14093.0,302618.0,300802.0
2026-03-30 22:00:00,5434.0,5435.0,5421.0,5424.0,24142.0,300802.0,296912.0
2026-03-30 22:30:00,5424.0,5433.0,5423.0,5431.0,13715.0,296912.0,293375.0
2026-03-31 09:00:00,5431.0,5432.0,5407.0,5408.0,38312.0,293375.0,288192.0
2026-03-31 09:30:00,5408.0,5411.0,5384.0,5394.0,50446.0,288192.0,281147.0
2026-03-31 10:00:00,5394.0,5398.0,5387.0,5398.0,15013.0,281147.0,278567.0
2026-03-31 10:30:00,5398.0,5398.0,5385.0,5389.0,16989.0,278567.0,277882.0
2026-03-31 11:00:00,5389.0,5391.0,5380.0,5388.0,19516.0,277882.0,275346.0
2026-03-31 13:30:00,5389.0,5405.0,5386.0,5402.0,18947.0,275346.0,274434.0
2026-03-31 14:00:00,5402.0,5409.0,5396.0,5399.0,17254.0,274434.0,273062.0
2026-03-31 14:30:00,5399.0,5405.0,5396.0,5398.0,13494.0,273062.0,269186.0
2026-03-31 21:00:00,5411.0,5415.0,5397.0,5410.0,43461.0,269186.0,268559.0
2026-03-31 21:30:00,5410.0,5412.0,5405.0,5410.0,12258.0,268559.0,268690.0
2026-03-31 22:00:00,5410.0,5422.0,5403.0,5419.0,15363.0,268690.0,268587.0
2026-03-31 22:30:00,5419.0,5425.0,5414.0,5418.0,13647.0,268587.0,265496.0
2026-04-01 09:00:00,5417.0,5417.0,5378.0,5384.0,52626.0,265496.0,260526.0
2026-04-01 09:30:00,5384.0,5390.0,5379.0,5384.0,17570.0,260526.0,259218.0
2026-04-01 10:00:00,5384.0,5385.0,5380.0,5383.0,5068.0,259218.0,258672.0
2026-04-01 10:30:00,5383.0,5383.0,5369.0,5375.0,21541.0,258672.0,255990.0
2026-04-01 11:00:00,5375.0,5378.0,5371.0,5372.0,11655.0,255990.0,254012.0
2026-04-01 13:30:00,5371.0,5373.0,5364.0,5364.0,20483.0,254012.0,250856.0
2026-04-01 14:00:00,5364.0,5366.0,5355.0,5358.0,19511.0,250856.0,247841.0
2026-04-01 14:30:00,5358.0,5359.0,5347.0,5356.0,24916.0,247841.0,243254.0
2026-04-01 21:00:00,5360.0,5364.0,5340.0,5350.0,38671.0,243254.0,243267.0
2026-04-01 21:30:00,5350.0,5355.0,5345.0,5348.0,12920.0,243267.0,241814.0
2026-04-01 22:00:00,5348.0,5352.0,5346.0,5346.0,7176.0,241814.0,240637.0
2026-04-01 22:30:00,5346.0,5353.0,5345.0,5346.0,9506.0,240637.0,238729.0
2026-04-02 09:00:00,5346.0,5361.0,5346.0,5360.0,21958.0,238729.0,236977.0
2026-04-02 09:30:00,5360.0,5377.0,5358.0,5375.0,22075.0,236977.0,233176.0
2026-04-02 10:00:00,5375.0,5381.0,5367.0,5376.0,8994.0,233176.0,232316.0
2026-04-02 10:30:00,5376.0,5383.0,5364.0,5366.0,16631.0,232316.0,230336.0
2026-04-02 11:00:00,5366.0,5370.0,5360.0,5362.0,8642.0,230336.0,228728.0
2026-04-02 13:30:00,5363.0,5374.0,5363.0,5369.0,8266.0,228728.0,227084.0
2026-04-02 14:00:00,5369.0,5375.0,5362.0,5365.0,13018.0,227084.0,225791.0
2026-04-02 14:30:00,5365.0,5371.0,5362.0,5365.0,12530.0,225791.0,221777.0
2026-04-02 21:00:00,5405.0,5410.0,5393.0,5400.0,46304.0,221777.0,370719.0
2026-04-02 21:30:00,5400.0,5400.0,5388.0,5389.0,18214.0,370719.0,371687.0
2026-04-02 22:00:00,5389.0,5397.0,5383.0,5389.0,17176.0,371687.0,372582.0
2026-04-02 22:30:00,5389.0,5391.0,5378.0,5385.0,15861.0,372582.0,372234.0
2026-04-03 09:00:00,5381.0,5381.0,5346.0,5350.0,66458.0,372234.0,379390.0
2026-04-03 09:30:00,5350.0,5354.0,5340.0,5342.0,23486.0,379390.0,383222.0
2026-04-03 10:00:00,5342.0,5344.0,5337.0,5343.0,13493.0,383222.0,385342.0
2026-04-03 10:30:00,5343.0,5350.0,5340.0,5345.0,13541.0,385342.0,387230.0
2026-04-03 11:00:00,5345.0,5347.0,5337.0,5337.0,13863.0,387230.0,389604.0
2026-04-03 13:30:00,5338.0,5345.0,5336.0,5342.0,17041.0,389604.0,391890.0
2026-04-03 14:00:00,5342.0,5350.0,5335.0,5336.0,17478.0,391890.0,393318.0
2026-04-03 14:30:00,5336.0,5340.0,5332.0,5338.0,22314.0,393318.0,394480.0
2026-04-07 09:00:00,5342.0,5358.0,5326.0,5331.0,55255.0,394480.0,403155.0
2026-04-07 09:30:00,5331.0,5333.0,5322.0,5325.0,23482.0,403155.0,404960.0
2026-04-07 10:00:00,5325.0,5330.0,5321.0,5327.0,12107.0,404960.0,406039.0
2026-04-07 10:30:00,5327.0,5348.0,5323.0,5331.0,30289.0,406039.0,406531.0
2026-04-07 11:00:00,5331.0,5337.0,5325.0,5330.0,15102.0,406531.0,407782.0
2026-04-07 13:30:00,5330.0,5341.0,5328.0,5330.0,20220.0,407782.0,411010.0
2026-04-07 14:00:00,5330.0,5339.0,5329.0,5336.0,10591.0,411010.0,411989.0
2026-04-07 14:30:00,5336.0,5340.0,5328.0,5329.0,12018.0,411989.0,412602.0
2026-04-07 21:00:00,5324.0,5328.0,5306.0,5309.0,50695.0,412602.0,421291.0
2026-04-07 21:30:00,5309.0,5324.0,5309.0,5319.0,18508.0,421291.0,422917.0
2026-04-07 22:00:00,5319.0,5319.0,5308.0,5309.0,12331.0,422917.0,423188.0
2026-04-07 22:30:00,5309.0,5315.0,5308.0,5313.0,9002.0,423188.0,423066.0
2026-04-08 09:00:00,5305.0,5305.0,5270.0,5292.0,75574.0,423066.0,430094.0
2026-04-08 09:30:00,5292.0,5303.0,5288.0,5293.0,15331.0,430094.0,431343.0
2026-04-08 10:00:00,5293.0,5303.0,5293.0,5302.0,6362.0,431343.0,431883.0
2026-04-08 10:30:00,5303.0,5309.0,5295.0,5298.0,9316.0,431883.0,432513.0
2026-04-08 11:00:00,5298.0,5301.0,5292.0,5300.0,10471.0,432513.0,433628.0
2026-04-08 13:30:00,5300.0,5305.0,5292.0,5293.0,14156.0,433628.0,435707.0
2026-04-08 14:00:00,5293.0,5302.0,5289.0,5293.0,15515.0,435707.0,438044.0
2026-04-08 14:30:00,5293.0,5295.0,5289.0,5291.0,12756.0,438044.0,437390.0
2026-04-08 21:00:00,5284.0,5286.0,5259.0,5263.0,75297.0,437390.0,441782.0
2026-04-08 21:30:00,5263.0,5273.0,5262.0,5271.0,20305.0,441782.0,441654.0
2026-04-08 22:00:00,5271.0,5275.0,5271.0,5275.0,12412.0,441654.0,441659.0
2026-04-08 22:30:00,5275.0,5282.0,5274.0,5280.0,14525.0,441659.0,440257.0
2026-04-09 09:00:00,5270.0,5281.0,5266.0,5270.0,28991.0,440257.0,442796.0
2026-04-09 09:30:00,5270.0,5281.0,5268.0,5276.0,13865.0,442796.0,443768.0
2026-04-09 10:00:00,5276.0,5282.0,5276.0,5280.0,6988.0,443768.0,443912.0
2026-04-09 10:30:00,5280.0,5281.0,5275.0,5281.0,9612.0,443912.0,445873.0
2026-04-09 11:00:00,5281.0,5282.0,5275.0,5280.0,7455.0,445873.0,446153.0
2026-04-09 13:30:00,5280.0,5303.0,5279.0,5302.0,40793.0,446153.0,450995.0
2026-04-09 14:00:00,5302.0,5335.0,5301.0,5318.0,74481.0,450995.0,455425.0
2026-04-09 14:30:00,5318.0,5324.0,5313.0,5317.0,29061.0,455425.0,455616.0
2026-04-09 21:00:00,5301.0,5313.0,5295.0,5296.0,56975.0,455616.0,462807.0
2026-04-09 21:30:00,5296.0,5321.0,5296.0,5315.0,44637.0,462807.0,470287.0
2026-04-09 22:00:00,5315.0,5316.0,5307.0,5310.0,19886.0,470287.0,470790.0
2026-04-09 22:30:00,5310.0,5313.0,5305.0,5307.0,13805.0,470790.0,469650.0
2026-04-10 09:00:00,5305.0,5317.0,5299.0,5306.0,34953.0,469650.0,471995.0
2026-04-10 09:30:00,5306.0,5306.0,5297.0,5301.0,17117.0,471995.0,474294.0
2026-04-10 10:00:00,5301.0,5325.0,5301.0,5317.0,20760.0,474294.0,476333.0
2026-04-10 10:30:00,5317.0,5318.0,5305.0,5306.0,17871.0,476333.0,478002.0
2026-04-10 11:00:00,5306.0,5318.0,5304.0,5316.0,14980.0,478002.0,479528.0
2026-04-10 13:30:00,5317.0,5323.0,5310.0,5317.0,23731.0,479528.0,483734.0
2026-04-10 14:00:00,5317.0,5325.0,5312.0,5323.0,21338.0,483734.0,488676.0
2026-04-10 14:30:00,5323.0,5329.0,5319.0,5325.0,26879.0,488676.0,489603.0
2026-04-10 21:00:00,5324.0,5329.0,5311.0,5311.0,42503.0,489603.0,493574.0
2026-04-10 21:30:00,5311.0,5320.0,5307.0,5313.0,20314.0,493574.0,494953.0
2026-04-10 22:00:00,5313.0,5318.0,5308.0,5311.0,16903.0,494953.0,495103.0
2026-04-10 22:30:00,5311.0,5314.0,5305.0,5308.0,15900.0,495103.0,492798.0
2026-04-13 09:00:00,5316.0,5334.0,5314.0,5315.0,52341.0,492798.0,496539.0
2026-04-13 09:30:00,5315.0,5315.0,5304.0,5310.0,35051.0,496539.0,498629.0
2026-04-13 10:00:00,5310.0,5312.0,5305.0,5312.0,7761.0,498629.0,499689.0
2026-04-13 10:30:00,5312.0,5317.0,5308.0,5308.0,11012.0,499689.0,499349.0
2026-04-13 11:00:00,5308.0,5314.0,5306.0,5310.0,9336.0,499349.0,500029.0
2026-04-13 13:30:00,5311.0,5318.0,5307.0,5317.0,18351.0,500029.0,501921.0
2026-04-13 14:00:00,5317.0,5327.0,5317.0,5318.0,30744.0,501921.0,503599.0
2026-04-13 14:30:00,5318.0,5320.0,5313.0,5319.0,15429.0,503599.0,504529.0
2026-04-13 21:00:00,5318.0,5319.0,5296.0,5300.0,60641.0,504529.0,513481.0
2026-04-13 21:30:00,5300.0,5309.0,5288.0,5288.0,38423.0,513481.0,517226.0
2026-04-13 22:00:00,5288.0,5297.0,5287.0,5292.0,26356.0,517226.0,517181.0
2026-04-13 22:30:00,5292.0,5297.0,5287.0,5297.0,19989.0,517181.0,513835.0
2026-04-14 09:00:00,5288.0,5300.0,5283.0,5291.0,37095.0,513835.0,517146.0
2026-04-14 09:30:00,5291.0,5298.0,5290.0,5294.0,15565.0,517146.0,520500.0
2026-04-14 10:00:00,5294.0,5296.0,5287.0,5292.0,7923.0,520500.0,521302.0
2026-04-14 10:30:00,5292.0,5296.0,5289.0,5292.0,7675.0,521302.0,522130.0
2026-04-14 11:00:00,5292.0,5297.0,5289.0,5296.0,9191.0,522130.0,523333.0
2026-04-14 13:30:00,5296.0,5296.0,5288.0,5291.0,12081.0,523333.0,525002.0
2026-04-14 14:00:00,5291.0,5299.0,5290.0,5291.0,15916.0,525002.0,526965.0
2026-04-14 14:30:00,5291.0,5293.0,5286.0,5287.0,16910.0,526965.0,528003.0
2026-04-14 21:00:00,5299.0,5317.0,5292.0,5307.0,70164.0,528003.0,534785.0
2026-04-14 21:30:00,5307.0,5307.0,5290.0,5295.0,38297.0,534785.0,536579.0
2026-04-14 22:00:00,5295.0,5306.0,5289.0,5301.0,23270.0,536579.0,537084.0
2026-04-14 22:30:00,5301.0,5306.0,5298.0,5303.0,20527.0,537084.0,536928.0
2026-04-15 09:00:00,5322.0,5330.0,5294.0,5311.0,50696.0,536928.0,536255.0
2026-04-15 09:30:00,5311.0,5314.0,5308.0,5313.0,15253.0,536255.0,537310.0
2026-04-15 10:00:00,5313.0,5313.0,5305.0,5306.0,7955.0,537310.0,537831.0
2026-04-15 10:30:00,5306.0,5319.0,5305.0,5319.0,17657.0,537831.0,537861.0
2026-04-15 11:00:00,5319.0,5322.0,5314.0,5320.0,16965.0,537861.0,538519.0
2026-04-15 13:30:00,5320.0,5322.0,5310.0,5311.0,16600.0,538519.0,536601.0
2026-04-15 14:00:00,5311.0,5317.0,5307.0,5314.0,14191.0,536601.0,537591.0
2026-04-15 14:30:00,5314.0,5320.0,5310.0,5311.0,18188.0,537591.0,537467.0
2026-04-15 21:00:00,5298.0,5302.0,5289.0,5294.0,54467.0,537467.0,542749.0
2026-04-15 21:30:00,5294.0,5298.0,5290.0,5294.0,18991.0,542749.0,543100.0
2026-04-15 22:00:00,5294.0,5298.0,5294.0,5296.0,8699.0,543100.0,542772.0
2026-04-15 22:30:00,5296.0,5301.0,5295.0,5297.0,10116.0,542772.0,540942.0
2026-04-16 09:00:00,5295.0,5312.0,5289.0,5311.0,41372.0,540942.0,541673.0
2026-04-16 09:30:00,5311.0,5319.0,5306.0,5318.0,27787.0,541673.0,542903.0
2026-04-16 10:00:00,5318.0,5319.0,5312.0,5315.0,13071.0,542903.0,541843.0
2026-04-16 10:30:00,5315.0,5320.0,5310.0,5318.0,17541.0,541843.0,541346.0
2026-04-16 11:00:00,5318.0,5329.0,5314.0,5328.0,28421.0,541346.0,538850.0
2026-04-16 13:30:00,5330.0,5344.0,5330.0,5339.0,69962.0,538850.0,542319.0
2026-04-16 14:00:00,5339.0,5361.0,5336.0,5358.0,59340.0,542319.0,546465.0
2026-04-16 14:30:00,5358.0,5381.0,5358.0,5377.0,96650.0,546465.0,545478.0
2026-04-16 21:00:00,5373.0,5378.0,5358.0,5371.0,72948.0,545478.0,547379.0
2026-04-16 21:30:00,5371.0,5381.0,5368.0,5369.0,28885.0,547379.0,548408.0
2026-04-16 22:00:00,5369.0,5373.0,5364.0,5371.0,20625.0,548408.0,549071.0
2026-04-16 22:30:00,5371.0,5374.0,5368.0,5372.0,13300.0,549071.0,546899.0
2026-04-17 09:00:00,5372.0,5376.0,5359.0,5365.0,39325.0,546899.0,544372.0
2026-04-17 09:30:00,5365.0,5367.0,5360.0,5364.0,16044.0,544372.0,543087.0
2026-04-17 10:00:00,5364.0,5368.0,5362.0,5367.0,7593.0,543087.0,542469.0
2026-04-17 10:30:00,5366.0,5366.0,5353.0,5359.0,28567.0,542469.0,542325.0
2026-04-17 11:00:00,5359.0,5359.0,5351.0,5354.0,18659.0,542325.0,538965.0
2026-04-17 13:30:00,5353.0,5354.0,5347.0,5350.0,21673.0,538965.0,538492.0
2026-04-17 14:00:00,5350.0,5353.0,5344.0,5345.0,22090.0,538492.0,538017.0
2026-04-17 14:30:00,5345.0,5352.0,5339.0,5352.0,36528.0,538017.0,532649.0
2026-04-17 21:00:00,5330.0,5332.0,5300.0,5304.0,100266.0,532649.0,541038.0
2026-04-17 21:30:00,5304.0,5308.0,5294.0,5299.0,45774.0,541038.0,545404.0
2026-04-17 22:00:00,5299.0,5302.0,5291.0,5299.0,32701.0,545404.0,549803.0
2026-04-17 22:30:00,5299.0,5305.0,5297.0,5305.0,23901.0,549803.0,548040.0
2026-04-20 09:00:00,5315.0,5326.0,5311.0,5325.0,62526.0,548040.0,546332.0
2026-04-20 09:30:00,5325.0,5329.0,5322.0,5326.0,22181.0,546332.0,546710.0
2026-04-20 10:00:00,5326.0,5329.0,5323.0,5328.0,9612.0,546710.0,547164.0
2026-04-20 10:30:00,5328.0,5328.0,5311.0,5312.0,28603.0,547164.0,547641.0
2026-04-20 11:00:00,5312.0,5315.0,5309.0,5315.0,16043.0,547641.0,549740.0
2026-04-20 13:30:00,5315.0,5322.0,5315.0,5319.0,21054.0,549740.0,551177.0
2026-04-20 14:00:00,5319.0,5325.0,5317.0,5323.0,15285.0,551177.0,553513.0
2026-04-20 14:30:00,5323.0,5324.0,5318.0,5321.0,18261.0,553513.0,551752.0
2026-04-20 21:00:00,5319.0,5336.0,5310.0,5325.0,74915.0,551752.0,563015.0
2026-04-20 21:30:00,5325.0,5329.0,5322.0,5328.0,21838.0,563015.0,564156.0
2026-04-20 22:00:00,5328.0,5333.0,5324.0,5327.0,19965.0,564156.0,565285.0
2026-04-20 22:30:00,5327.0,5330.0,5320.0,5321.0,17196.0,565285.0,564717.0
2026-04-21 09:00:00,5322.0,5350.0,5322.0,5342.0,60327.0,564717.0,570679.0
2026-04-21 09:30:00,5342.0,5344.0,5336.0,5338.0,23030.0,570679.0,570566.0
2026-04-21 10:00:00,5338.0,5355.0,5337.0,5353.0,27614.0,570566.0,573114.0
2026-04-21 10:30:00,5353.0,5353.0,5342.0,5345.0,19738.0,573114.0,573751.0
2026-04-21 11:00:00,5345.0,5349.0,5343.0,5344.0,15021.0,573751.0,573386.0
2026-04-21 13:30:00,5344.0,5369.0,5344.0,5367.0,53963.0,573386.0,580169.0
2026-04-21 14:00:00,5367.0,5370.0,5357.0,5361.0,31618.0,580169.0,579778.0
2026-04-21 14:30:00,5361.0,5375.0,5359.0,5371.0,39501.0,579778.0,581833.0
2026-04-21 21:00:00,5378.0,5408.0,5377.0,5383.0,132123.0,581833.0,589108.0
2026-04-21 21:30:00,5383.0,5395.0,5382.0,5392.0,35274.0,589108.0,590318.0
2026-04-21 22:00:00,5392.0,5395.0,5387.0,5393.0,22007.0,590318.0,590413.0
2026-04-21 22:30:00,5393.0,5394.0,5387.0,5388.0,21522.0,590413.0,586952.0
2026-04-22 09:00:00,5388.0,5405.0,5388.0,5394.0,54888.0,586952.0,595337.0
2026-04-22 09:30:00,5394.0,5406.0,5393.0,5405.0,26942.0,595337.0,597909.0
2026-04-22 10:00:00,5405.0,5416.0,5401.0,5406.0,30331.0,597909.0,601855.0
2026-04-22 10:30:00,5407.0,5414.0,5405.0,5411.0,28160.0,601855.0,601929.0
2026-04-22 11:00:00,5411.0,5419.0,5408.0,5417.0,31316.0,601929.0,601789.0
2026-04-22 13:30:00,5416.0,5416.0,5383.0,5388.0,75832.0,601789.0,599629.0
2026-04-22 14:00:00,5388.0,5406.0,5388.0,5405.0,26301.0,599629.0,599100.0
2026-04-22 14:30:00,5405.0,5408.0,5390.0,5396.0,39260.0,599100.0,594709.0
2026-04-22 21:00:00,5402.0,5422.0,5397.0,5418.0,82447.0,594709.0,606785.0
2026-04-22 21:30:00,5418.0,5434.0,5418.0,5425.0,75662.0,606785.0,612919.0
2026-04-22 22:00:00,5425.0,5428.0,5420.0,5426.0,23799.0,612919.0,611448.0
2026-04-22 22:30:00,5426.0,5430.0,5422.0,5429.0,21754.0,611448.0,608015.0
2026-04-23 09:00:00,5429.0,5430.0,5410.0,5419.0,61609.0,608015.0,602928.0
2026-04-23 09:30:00,5419.0,5420.0,5398.0,5400.0,48798.0,602928.0,598701.0
2026-04-23 10:00:00,5400.0,5405.0,5394.0,5403.0,22390.0,598701.0,597908.0
2026-04-23 10:30:00,5402.0,5412.0,5402.0,5411.0,27685.0,597908.0,600841.0
2026-04-23 11:00:00,5411.0,5415.0,5402.0,5406.0,21070.0,600841.0,599482.0
2026-04-23 13:30:00,5406.0,5414.0,5404.0,5406.0,22443.0,599482.0,599978.0
2026-04-23 14:00:00,5406.0,5414.0,5403.0,5407.0,19016.0,599978.0,599399.0
2026-04-23 14:30:00,5407.0,5408.0,5388.0,5395.0,42375.0,599399.0,591994.0
2026-04-23 21:00:00,5400.0,5430.0,5397.0,5426.0,79151.0,591994.0,600147.0
2026-04-23 21:30:00,5426.0,5427.0,5417.0,5424.0,28618.0,600147.0,602551.0
2026-04-23 22:00:00,5424.0,5426.0,5415.0,5417.0,17645.0,602551.0,600371.0
2026-04-23 22:30:00,5417.0,5424.0,5416.0,5417.0,18037.0,600371.0,598528.0
2026-04-24 09:00:00,5422.0,5432.0,5419.0,5422.0,39696.0,598528.0,598740.0
2026-04-24 09:30:00,5422.0,5425.0,5400.0,5405.0,43478.0,598740.0,594422.0
2026-04-24 10:00:00,5405.0,5410.0,5404.0,5409.0,10634.0,594422.0,594687.0
2026-04-24 10:30:00,5409.0,5409.0,5398.0,5402.0,20354.0,594687.0,593702.0
2026-04-24 11:00:00,5402.0,5404.0,5394.0,5400.0,23185.0,593702.0,591868.0
2026-04-24 13:30:00,5399.0,5407.0,5395.0,5397.0,22757.0,591868.0,592873.0
2026-04-24 14:00:00,5397.0,5400.0,5392.0,5394.0,18514.0,592873.0,591400.0
2026-04-24 14:30:00,5394.0,5398.0,5389.0,5397.0,23964.0,591400.0,589183.0
2026-04-24 21:00:00,5398.0,5400.0,5362.0,5392.0,71456.0,589183.0,594932.0
2026-04-24 21:30:00,5392.0,5396.0,5388.0,5393.0,18243.0,594932.0,596854.0
2026-04-24 22:00:00,5393.0,5412.0,5392.0,5401.0,43890.0,596854.0,597763.0
2026-04-24 22:30:00,5401.0,5403.0,5393.0,5401.0,20139.0,597763.0,596464.0
2026-04-27 09:00:00,5402.0,5425.0,5402.0,5424.0,75534.0,596464.0,606202.0
2026-04-27 09:30:00,5424.0,5427.0,5413.0,5419.0,29139.0,606202.0,608462.0
2026-04-27 10:00:00,5419.0,5423.0,5412.0,5417.0,9972.0,608462.0,609117.0
2026-04-27 10:30:00,5416.0,5417.0,5405.0,5414.0,23003.0,609117.0,611345.0
2026-04-27 11:00:00,5414.0,5416.0,5407.0,5410.0,17028.0,611345.0,613203.0
2026-04-27 13:30:00,5410.0,5422.0,5410.0,5417.0,24722.0,613203.0,617701.0
2026-04-27 14:00:00,5417.0,5437.0,5415.0,5430.0,54736.0,617701.0,623679.0
2026-04-27 14:30:00,5430.0,5432.0,5420.0,5423.0,29566.0,623679.0,622891.0
2026-04-27 21:00:00,5422.0,5425.0,5401.0,5411.0,73606.0,622891.0,629466.0
2026-04-27 21:30:00,5411.0,5418.0,5406.0,5407.0,24550.0,629466.0,630183.0
2026-04-27 22:00:00,5407.0,5417.0,5406.0,5416.0,16066.0,630183.0,631021.0
2026-04-27 22:30:00,5416.0,5417.0,5412.0,5413.0,11320.0,631021.0,629465.0
2026-04-28 09:00:00,5406.0,5412.0,5403.0,5404.0,41125.0,629465.0,629213.0
2026-04-28 09:30:00,5404.0,5407.0,5390.0,5397.0,49110.0,629213.0,628612.0
2026-04-28 10:00:00,5397.0,5398.0,5384.0,5388.0,26137.0,628612.0,629577.0
2026-04-28 10:30:00,5388.0,5399.0,5388.0,5395.0,20519.0,629577.0,628161.0
2026-04-28 11:00:00,5395.0,5406.0,5394.0,5404.0,19420.0,628161.0,627061.0
2026-04-28 13:30:00,5404.0,5416.0,5399.0,5411.0,35329.0,627061.0,624769.0
2026-04-28 14:00:00,5411.0,5421.0,5408.0,5413.0,29077.0,624769.0,624210.0
2026-04-28 14:30:00,5413.0,5414.0,5403.0,5409.0,26192.0,624210.0,619804.0
2026-04-28 21:00:00,5418.0,5421.0,5395.0,5400.0,59238.0,619804.0,626307.0
2026-04-28 21:30:00,5400.0,5404.0,5385.0,5388.0,44734.0,626307.0,628757.0
2026-04-28 22:00:00,5388.0,5400.0,5387.0,5398.0,21122.0,628757.0,630249.0
2026-04-28 22:30:00,5398.0,5399.0,5391.0,5393.0,15258.0,630249.0,627092.0
2026-04-29 09:00:00,5393.0,5410.0,5393.0,5403.0,35292.0,627092.0,623518.0
2026-04-29 09:30:00,5403.0,5407.0,5398.0,5401.0,17880.0,623518.0,621768.0
2026-04-29 10:00:00,5401.0,5403.0,5394.0,5402.0,8935.0,621768.0,622204.0
2026-04-29 10:30:00,5400.0,5407.0,5393.0,5407.0,19122.0,622204.0,622927.0
2026-04-29 11:00:00,5407.0,5408.0,5397.0,5399.0,15153.0,622927.0,621499.0
2026-04-29 13:30:00,5400.0,5404.0,5397.0,5402.0,18711.0,621499.0,620805.0
2026-04-29 14:00:00,5402.0,5408.0,5397.0,5407.0,19642.0,620805.0,621439.0
2026-04-29 14:30:00,5407.0,5414.0,5403.0,5406.0,30479.0,621439.0,619748.0
2026-04-29 21:00:00,5416.0,5432.0,5408.0,5415.0,82834.0,619748.0,620833.0
2026-04-29 21:30:00,5415.0,5416.0,5405.0,5409.0,42385.0,620833.0,624301.0
2026-04-29 22:00:00,5409.0,5416.0,5396.0,5399.0,34509.0,624301.0,623031.0
2026-04-29 22:30:00,5399.0,5411.0,5399.0,5411.0,19569.0,623031.0,620717.0
2026-04-30 09:00:00,5415.0,5427.0,5415.0,5420.0,47008.0,620717.0,617945.0
2026-04-30 09:30:00,5420.0,5421.0,5408.0,5415.0,23029.0,617945.0,618062.0
2026-04-30 10:00:00,5415.0,5417.0,5409.0,5413.0,6902.0,618062.0,617855.0
2026-04-30 10:30:00,5414.0,5423.0,5412.0,5420.0,13771.0,617855.0,617148.0
2026-04-30 11:00:00,5420.0,5422.0,5411.0,5412.0,13425.0,617148.0,615468.0
2026-04-30 13:30:00,5414.0,5417.0,5407.0,5415.0,18938.0,615468.0,613826.0
2026-04-30 14:00:00,5415.0,5415.0,5403.0,5410.0,17993.0,613826.0,612135.0
2026-04-30 14:30:00,5410.0,5412.0,5404.0,5406.0,21016.0,612135.0,607028.0
2026-05-06 09:00:00,5443.0,5472.0,5441.0,5462.0,135252.0,607028.0,617992.0
2026-05-06 09:30:00,5462.0,5462.0,5418.0,5421.0,122065.0,617992.0,619868.0
2026-05-06 10:00:00,5421.0,5425.0,5414.0,5422.0,38659.0,619868.0,628440.0
2026-05-06 10:30:00,5421.0,5433.0,5420.0,5422.0,36733.0,628440.0,632247.0
2026-05-06 11:00:00,5422.0,5424.0,5415.0,5420.0,31197.0,632247.0,638525.0
2026-05-06 13:30:00,5420.0,5431.0,5417.0,5419.0,33243.0,638525.0,641690.0
2026-05-06 14:00:00,5419.0,5428.0,5418.0,5428.0,19688.0,641690.0,641541.0
2026-05-06 14:30:00,5428.0,5430.0,5423.0,5425.0,26442.0,641541.0,639316.0
2026-05-06 21:00:00,5389.0,5418.0,5373.0,5416.0,119378.0,639316.0,647629.0
2026-05-06 21:30:00,5416.0,5428.0,5410.0,5427.0,44386.0,647629.0,647775.0
2026-05-06 22:00:00,5427.0,5430.0,5418.0,5424.0,29966.0,647775.0,644924.0
2026-05-06 22:30:00,5424.0,5425.0,5416.0,5423.0,20148.0,644924.0,640475.0
2026-05-07 09:00:00,5430.0,5441.0,5417.0,5418.0,60517.0,640475.0,637489.0
2026-05-07 09:30:00,5418.0,5420.0,5404.0,5405.0,39355.0,637489.0,637159.0
2026-05-07 10:00:00,5405.0,5411.0,5404.0,5410.0,10334.0,637159.0,638627.0
2026-05-07 10:30:00,5410.0,5411.0,5401.0,5408.0,24967.0,638627.0,638389.0
2026-05-07 11:00:00,5408.0,5426.0,5408.0,5419.0,29748.0,638389.0,636733.0
2026-05-07 13:30:00,5419.0,5422.0,5415.0,5418.0,20398.0,636733.0,638674.0
2026-05-07 14:00:00,5418.0,5424.0,5417.0,5423.0,16229.0,638674.0,638913.0
2026-05-07 14:30:00,5423.0,5450.0,5422.0,5447.0,83958.0,638913.0,640629.0
2026-05-07 21:00:00,5432.0,5458.0,5426.0,5451.0,122901.0,640629.0,657599.0
2026-05-07 21:30:00,5451.0,5470.0,5448.0,5456.0,80008.0,657599.0,664101.0
2026-05-07 22:00:00,5456.0,5460.0,5448.0,5448.0,37869.0,664101.0,661416.0
2026-05-07 22:30:00,5448.0,5460.0,5448.0,5456.0,26474.0,661416.0,660228.0
2026-05-08 09:00:00,5461.0,5481.0,5453.0,5476.0,92525.0,660228.0,668910.0
2026-05-08 09:30:00,5476.0,5483.0,5471.0,5481.0,37834.0,668910.0,670460.0
2026-05-08 10:00:00,5481.0,5482.0,5475.0,5478.0,15361.0,670460.0,670054.0
2026-05-08 10:30:00,5476.0,5477.0,5455.0,5456.0,55538.0,670054.0,665949.0
2026-05-08 11:00:00,5456.0,5461.0,5452.0,5455.0,24468.0,665949.0,665346.0
2026-05-08 13:30:00,5455.0,5459.0,5439.0,5444.0,52703.0,665346.0,659592.0
2026-05-08 14:00:00,5444.0,5447.0,5437.0,5444.0,26698.0,659592.0,658264.0
2026-05-08 14:30:00,5444.0,5445.0,5435.0,5442.0,31043.0,658264.0,652817.0
2026-05-08 21:00:00,5447.0,5465.0,5442.0,5450.0,78027.0,652817.0,662615.0
2026-05-08 21:30:00,5450.0,5461.0,5448.0,5457.0,31881.0,662615.0,665176.0
2026-05-08 22:00:00,5457.0,5467.0,5452.0,5464.0,29697.0,665176.0,665429.0
2026-05-08 22:30:00,5464.0,5467.0,5460.0,5464.0,22987.0,665429.0,661684.0
2026-05-11 09:00:00,5467.0,5475.0,5457.0,5472.0,67250.0,661684.0,665659.0
2026-05-11 09:30:00,5472.0,5475.0,5465.0,5471.0,21791.0,665659.0,666242.0
2026-05-11 10:00:00,5471.0,5477.0,5467.0,5477.0,15176.0,666242.0,667950.0
2026-05-11 10:30:00,5477.0,5483.0,5471.0,5480.0,41437.0,667950.0,669582.0
2026-05-11 11:00:00,5480.0,5480.0,5459.0,5466.0,41783.0,669582.0,668512.0
2026-05-11 13:30:00,5466.0,5476.0,5465.0,5470.0,34555.0,668512.0,670230.0
2026-05-11 14:00:00,5470.0,5479.0,5469.0,5472.0,22275.0,670230.0,671284.0
2026-05-11 14:30:00,5472.0,5478.0,5467.0,5477.0,27576.0,671284.0,669550.0
2026-05-11 21:00:00,5483.0,5489.0,5469.0,5474.0,74396.0,669550.0,673722.0
2026-05-11 21:30:00,5474.0,5476.0,5465.0,5475.0,33097.0,673722.0,672545.0
2026-05-11 22:00:00,5475.0,5483.0,5474.0,5478.0,25707.0,672545.0,672122.0
2026-05-11 22:30:00,5478.0,5482.0,5476.0,5482.0,18167.0,672122.0,671051.0
2026-05-12 09:00:00,5484.0,5507.0,5484.0,5506.0,86598.0,671051.0,687419.0
2026-05-12 09:30:00,5506.0,5513.0,5498.0,5509.0,61863.0,687419.0,690035.0
2026-05-12 10:00:00,5509.0,5509.0,5493.0,5500.0,20794.0,690035.0,687101.0
2026-05-12 10:30:00,5501.0,5514.0,5495.0,5509.0,35116.0,687101.0,686380.0
2026-05-12 11:00:00,5509.0,5512.0,5493.0,5497.0,28239.0,686380.0,682702.0
2026-05-12 13:30:00,5498.0,5499.0,5484.0,5492.0,42605.0,682702.0,679471.0
2026-05-12 14:00:00,5492.0,5501.0,5487.0,5499.0,26081.0,679471.0,678598.0
2026-05-12 14:30:00,5499.0,5505.0,5493.0,5504.0,28257.0,678598.0,678269.0
2026-05-12 21:00:00,5500.0,5519.0,5492.0,5498.0,104825.0,678269.0,683153.0
2026-05-12 21:30:00,5498.0,5502.0,5493.0,5493.0,30231.0,683153.0,681525.0
2026-05-12 22:00:00,5493.0,5502.0,5493.0,5501.0,17926.0,681525.0,681327.0
2026-05-12 22:30:00,5501.0,5509.0,5499.0,5508.0,28016.0,681327.0,679776.0
2026-05-13 09:00:00,5508.0,5513.0,5451.0,5460.0,138350.0,679776.0,659795.0
2026-05-13 09:30:00,5460.0,5468.0,5453.0,5455.0,52427.0,659795.0,662428.0
2026-05-13 10:00:00,5455.0,5464.0,5454.0,5463.0,14458.0,662428.0,661763.0
2026-05-13 10:30:00,5463.0,5465.0,5457.0,5460.0,25090.0,661763.0,662404.0
2026-05-13 11:00:00,5460.0,5473.0,5459.0,5468.0,25155.0,662404.0,659401.0
2026-05-13 13:30:00,5468.0,5472.0,5460.0,5468.0,24681.0,659401.0,659660.0
2026-05-13 14:00:00,5468.0,5478.0,5466.0,5475.0,27743.0,659660.0,660064.0
2026-05-13 14:30:00,5475.0,5481.0,5474.0,5479.0,24807.0,660064.0,656171.0
2026-05-13 21:00:00,5487.0,5490.0,5470.0,5476.0,68196.0,656171.0,661257.0
2026-05-13 21:30:00,5476.0,5482.0,5473.0,5479.0,24987.0,661257.0,661346.0
2026-05-13 22:00:00,5479.0,5498.0,5477.0,5494.0,50550.0,661346.0,664791.0
2026-05-13 22:30:00,5494.0,5496.0,5486.0,5487.0,23570.0,664791.0,663048.0
2026-05-14 09:00:00,5497.0,5537.0,5493.0,5534.0,137306.0,663048.0,677867.0
2026-05-14 09:30:00,5534.0,5538.0,5513.0,5518.0,65986.0,677867.0,673647.0
2026-05-14 10:00:00,5518.0,5526.0,5518.0,5521.0,15681.0,673647.0,674737.0
2026-05-14 10:30:00,5520.0,5535.0,5510.0,5511.0,50271.0,674737.0,675011.0
2026-05-14 11:00:00,5511.0,5512.0,5490.0,5504.0,67756.0,675011.0,668248.0
2026-05-14 13:30:00,5505.0,5512.0,5500.0,5501.0,30877.0,668248.0,669056.0
2026-05-14 14:00:00,5501.0,5503.0,5497.0,5499.0,18595.0,669056.0,669744.0
2026-05-14 14:30:00,5499.0,5503.0,5494.0,5497.0,32859.0,669744.0,668453.0
2026-05-14 21:00:00,5472.0,5486.0,5460.0,5476.0,87851.0,668453.0,669812.0
2026-05-14 21:30:00,5476.0,5488.0,5475.0,5485.0,31808.0,669812.0,667003.0
2026-05-14 22:00:00,5485.0,5490.0,5481.0,5488.0,22938.0,667003.0,665361.0
2026-05-14 22:30:00,5488.0,5488.0,5482.0,5486.0,14912.0,665361.0,662877.0
2026-05-15 09:00:00,5486.0,5489.0,5458.0,5462.0,88567.0,662877.0,663427.0
2026-05-15 09:30:00,5462.0,5462.0,5438.0,5442.0,81523.0,663427.0,654280.0
2026-05-15 10:00:00,5442.0,5449.0,5440.0,5449.0,18401.0,654280.0,654148.0
2026-05-15 10:30:00,5448.0,5459.0,5443.0,5458.0,34833.0,654148.0,652615.0
2026-05-15 11:00:00,5458.0,5463.0,5453.0,5456.0,27605.0,652615.0,653171.0
2026-05-15 13:30:00,5456.0,5456.0,5429.0,5434.0,73949.0,653171.0,648129.0
2026-05-15 14:00:00,5434.0,5439.0,5427.0,5432.0,36138.0,648129.0,645609.0
2026-05-15 14:30:00,5432.0,5439.0,5429.0,5437.0,31015.0,645609.0,640582.0
2026-05-15 21:00:00,5431.0,5440.0,5424.0,5434.0,66876.0,640582.0,642870.0
2026-05-15 21:30:00,5434.0,5452.0,5434.0,5446.0,37642.0,642870.0,647668.0
2026-05-15 22:00:00,5446.0,5447.0,5441.0,5444.0,19324.0,647668.0,646726.0
2026-05-15 22:30:00,5444.0,5444.0,5434.0,5439.0,23246.0,646726.0,642731.0
2026-05-18 09:00:00,5439.0,5453.0,5427.0,5429.0,68438.0,642731.0,639298.0
2026-05-18 09:30:00,5429.0,5440.0,5427.0,5438.0,26216.0,639298.0,639752.0
2026-05-18 10:00:00,5438.0,5443.0,5435.0,5437.0,13424.0,639752.0,638999.0
2026-05-18 10:30:00,5437.0,5445.0,5431.0,5441.0,23822.0,638999.0,637998.0
2026-05-18 11:00:00,5441.0,5444.0,5429.0,5432.0,22876.0,637998.0,635576.0
2026-05-18 13:30:00,5432.0,5436.0,5427.0,5434.0,24457.0,635576.0,636626.0
2026-05-18 14:00:00,5434.0,5435.0,5425.0,5426.0,28419.0,636626.0,635970.0
2026-05-18 14:30:00,5426.0,5430.0,5425.0,5429.0,21830.0,635970.0,632806.0
2026-05-18 21:00:00,5419.0,5424.0,5406.0,5422.0,85981.0,632806.0,635203.0
2026-05-18 21:30:00,5422.0,5425.0,5418.0,5422.0,27441.0,635203.0,636467.0
2026-05-18 22:00:00,5422.0,5431.0,5419.0,5429.0,22734.0,636467.0,635680.0
2026-05-18 22:30:00,5429.0,5432.0,5425.0,5428.0,16468.0,635680.0,632645.0
2026-05-19 09:00:00,5428.0,5441.0,5421.0,5438.0,43960.0,632645.0,633887.0
2026-05-19 09:30:00,5438.0,5438.0,5418.0,5418.0,28067.0,633887.0,632481.0
2026-05-19 10:00:00,5418.0,5421.0,5414.0,5421.0,22078.0,632481.0,632722.0
2026-05-19 10:30:00,5421.0,5421.0,5412.0,5414.0,25889.0,632722.0,633262.0
2026-05-19 11:00:00,5414.0,5425.0,5414.0,5419.0,16042.0,633262.0,632971.0
2026-05-19 13:30:00,5419.0,5431.0,5415.0,5428.0,28063.0,632971.0,633010.0
2026-05-19 14:00:00,5428.0,5431.0,5422.0,5428.0,19618.0,633010.0,632630.0
2026-05-19 14:30:00,5428.0,5433.0,5427.0,5430.0,22944.0,632630.0,631707.0
2026-05-19 21:00:00,5437.0,5439.0,5422.0,5424.0,60537.0,631707.0,639217.0
2026-05-19 21:30:00,5424.0,5438.0,5424.0,5433.0,33268.0,639217.0,640439.0
2026-05-19 22:00:00,5433.0,5437.0,5425.0,5425.0,21324.0,640439.0,640664.0
2026-05-19 22:30:00,5425.0,5432.0,5425.0,5430.0,14895.0,640664.0,639173.0
2026-05-20 09:00:00,5432.0,5438.0,5420.0,5432.0,32860.0,639173.0,641179.0
2026-05-20 09:30:00,5432.0,5433.0,5413.0,5414.0,38988.0,641179.0,642762.0
2026-05-20 10:00:00,5414.0,5415.0,5395.0,5402.0,54466.0,642762.0,643482.0
2026-05-20 10:30:00,5402.0,5407.0,5388.0,5393.0,57943.0,643482.0,644834.0
2026-05-20 11:00:00,5393.0,5393.0,5381.0,5389.0,44560.0,644834.0,645383.0
2026-05-20 13:30:00,5390.0,5399.0,5388.0,5398.0,35003.0,645383.0,643800.0
2026-05-20 14:00:00,5398.0,5401.0,5393.0,5395.0,23205.0,643800.0,641909.0
2026-05-20 14:30:00,5395.0,5396.0,5389.0,5392.0,30226.0,641909.0,640122.0
2026-05-20 21:00:00,5392.0,5398.0,5386.0,5393.0,52318.0,640122.0,643493.0
2026-05-20 21:30:00,5393.0,5398.0,5388.0,5390.0,21165.0,643493.0,643331.0
2026-05-20 22:00:00,5390.0,5393.0,5381.0,5383.0,24207.0,643331.0,645967.0
2026-05-20 22:30:00,5383.0,5386.0,5372.0,5373.0,38590.0,645967.0,641488.0
2026-05-21 09:00:00,5372.0,5382.0,5363.0,5378.0,65909.0,641488.0,645337.0
2026-05-21 09:30:00,5378.0,5386.0,5378.0,5386.0,25811.0,645337.0,640794.0
2026-05-21 10:00:00,5386.0,5400.0,5384.0,5400.0,30084.0,640794.0,638323.0
2026-05-21 10:30:00,5399.0,5404.0,5390.0,5393.0,34726.0,638323.0,638387.0
2026-05-21 11:00:00,5393.0,5396.0,5390.0,5391.0,13098.0,638387.0,638717.0
2026-05-21 13:30:00,5391.0,5395.0,5371.0,5371.0,35566.0,638717.0,638343.0
2026-05-21 14:00:00,5371.0,5376.0,5364.0,5366.0,35310.0,638343.0,637920.0
2026-05-21 14:30:00,5366.0,5371.0,5359.0,5363.0,39255.0,637920.0,634596.0
2026-05-21 21:00:00,5377.0,5388.0,5370.0,5382.0,73304.0,634596.0,644582.0
2026-05-21 21:30:00,5382.0,5383.0,5372.0,5374.0,26574.0,644582.0,645954.0
2026-05-21 22:00:00,5374.0,5379.0,5365.0,5367.0,25198.0,645954.0,646248.0
2026-05-21 22:30:00,5367.0,5371.0,5363.0,5368.0,20202.0,646248.0,644790.0
2026-05-22 09:00:00,5367.0,5371.0,5357.0,5365.0,37671.0,644790.0,647377.0
2026-05-22 09:30:00,5365.0,5374.0,5360.0,5369.0,29271.0,647377.0,650450.0
2026-05-22 10:00:00,5369.0,5372.0,5367.0,5369.0,9939.0,650450.0,650032.0
2026-05-22 10:30:00,5369.0,5376.0,5364.0,5366.0,30703.0,650032.0,647454.0
2026-05-22 11:00:00,5366.0,5371.0,5361.0,5368.0,19167.0,647454.0,647685.0
2026-05-22 13:30:00,5369.0,5376.0,5365.0,5369.0,21037.0,647685.0,649049.0
2026-05-22 14:00:00,5369.0,5374.0,5363.0,5366.0,18800.0,649049.0,650612.0
2026-05-22 14:30:00,5366.0,5370.0,5365.0,5368.0,17360.0,650612.0,650675.0
2026-05-22 21:00:00,5357.0,5364.0,5349.0,5353.0,63873.0,650675.0,654683.0
2026-05-22 21:30:00,5353.0,5367.0,5353.0,5364.0,22440.0,654683.0,656385.0
2026-05-22 22:00:00,5364.0,5367.0,5360.0,5363.0,13334.0,656385.0,657363.0
2026-05-22 22:30:00,5363.0,5365.0,5361.0,5362.0,8913.0,657363.0,655470.0
2026-05-25 09:00:00,5362.0,5377.0,5352.0,5372.0,62768.0,655470.0,659430.0
2026-05-25 09:30:00,5372.0,5378.0,5365.0,5368.0,31826.0,659430.0,664568.0
2026-05-25 10:00:00,5368.0,5373.0,5363.0,5364.0,11245.0,664568.0,665359.0
2026-05-25 10:30:00,5364.0,5368.0,5354.0,5354.0,29277.0,665359.0,668202.0
2026-05-25 11:00:00,5354.0,5362.0,5345.0,5350.0,38673.0,668202.0,666976.0
2026-05-25 13:30:00,5349.0,5351.0,5339.0,5343.0,37623.0,666976.0,670650.0
2026-05-25 14:00:00,5343.0,5352.0,5343.0,5348.0,19644.0,670650.0,671244.0
2026-05-25 14:30:00,5348.0,5350.0,5343.0,5346.0,20212.0,671244.0,672398.0
2026-05-25 21:00:00,5350.0,5353.0,5339.0,5350.0,45166.0,672398.0,674178.0
2026-05-25 21:30:00,5350.0,5350.0,5342.0,5347.0,12229.0,674178.0,674678.0
2026-05-25 22:00:00,5347.0,5351.0,5346.0,5349.0,10686.0,674678.0,675377.0
2026-05-25 22:30:00,5349.0,5358.0,5348.0,5355.0,22479.0,675377.0,674164.0
2026-05-26 09:00:00,5355.0,5371.0,5352.0,5369.0,50439.0,674164.0,678173.0
2026-05-26 09:30:00,5369.0,5375.0,5364.0,5374.0,41759.0,678173.0,680565.0
2026-05-26 10:00:00,5374.0,5376.0,5363.0,5366.0,16902.0,680565.0,679622.0
2026-05-26 10:30:00,5366.0,5372.0,5360.0,5372.0,20540.0,679622.0,679097.0
2026-05-26 11:00:00,5372.0,5380.0,5366.0,5377.0,24211.0,679097.0,681311.0
2026-05-26 13:30:00,5377.0,5390.0,5377.0,5385.0,51765.0,681311.0,681456.0
2026-05-26 14:00:00,5385.0,5394.0,5381.0,5390.0,34977.0,681456.0,684925.0
2026-05-26 14:30:00,5390.0,5392.0,5384.0,5389.0,25388.0,684925.0,682505.0
2026-05-26 21:00:00,5386.0,5399.0,5382.0,5390.0,62364.0,682505.0,686896.0
2026-05-26 21:30:00,5390.0,5395.0,5388.0,5392.0,19110.0,686896.0,687111.0
2026-05-26 22:00:00,5392.0,5394.0,5385.0,5388.0,18810.0,687111.0,686478.0
2026-05-26 22:30:00,5388.0,5389.0,5384.0,5388.0,14174.0,686478.0,684166.0
2026-05-27 09:00:00,5384.0,5387.0,5375.0,5385.0,31861.0,684166.0,683479.0
2026-05-27 09:30:00,5385.0,5406.0,5384.0,5398.0,47217.0,683479.0,683197.0
2026-05-27 10:00:00,5398.0,5408.0,5398.0,5404.0,15156.0,683197.0,682364.0
2026-05-27 10:30:00,5404.0,5407.0,5397.0,5399.0,24180.0,682364.0,679455.0
2026-05-27 11:00:00,5399.0,5401.0,5387.0,5391.0,26925.0,679455.0,675989.0
2026-05-27 13:30:00,5392.0,5393.0,5383.0,5384.0,25293.0,675989.0,674812.0
2026-05-27 14:00:00,5384.0,5387.0,5381.0,5387.0,18762.0,674812.0,674090.0
2026-05-27 14:30:00,5387.0,5389.0,5378.0,5382.0,22263.0,674090.0,671125.0
2026-05-27 21:00:00,5369.0,5378.0,5358.0,5371.0,70142.0,671125.0,678103.0
2026-05-27 21:30:00,5371.0,5376.0,5365.0,5370.0,22818.0,678103.0,680164.0
2026-05-27 22:00:00,5370.0,5371.0,5364.0,5367.0,13732.0,680164.0,681634.0
2026-05-27 22:30:00,5367.0,5372.0,5366.0,5371.0,14342.0,681634.0,681035.0
2026-05-28 09:00:00,5371.0,5378.0,5353.0,5353.0,50018.0,681035.0,685765.0
2026-05-28 09:30:00,5353.0,5364.0,5351.0,5360.0,30213.0,685765.0,684919.0
2026-05-28 10:00:00,5360.0,5364.0,5356.0,5363.0,7909.0,684919.0,685003.0
2026-05-28 10:30:00,5363.0,5366.0,5357.0,5361.0,17577.0,685003.0,685387.0
2026-05-28 11:00:00,5361.0,5371.0,5361.0,5368.0,20706.0,685387.0,686526.0
2026-05-28 13:30:00,5369.0,5374.0,5365.0,5370.0,21347.0,686526.0,687676.0
2026-05-28 14:00:00,5370.0,5385.0,5369.0,5377.0,35652.0,687676.0,688972.0
2026-05-28 14:30:00,5377.0,5380.0,5372.0,5378.0,22401.0,688972.0,688615.0
2026-05-28 21:00:00,5369.0,5413.0,5362.0,5407.0,151135.0,688615.0,704417.0
2026-05-28 21:30:00,5407.0,5413.0,5399.0,5403.0,57924.0,704417.0,704969.0
2026-05-28 22:00:00,5403.0,5416.0,5403.0,5413.0,46546.0,704969.0,703522.0
2026-05-28 22:30:00,5413.0,5419.0,5408.0,5413.0,34527.0,703522.0,700003.0
2026-05-29 09:00:00,5413.0,5420.0,5404.0,5410.0,44202.0,700003.0,698240.0
2026-05-29 09:30:00,5410.0,5413.0,5405.0,5410.0,19623.0,698240.0,696903.0
2026-05-29 10:00:00,5410.0,5410.0,5400.0,5405.0,16405.0,696903.0,693037.0
2026-05-29 10:30:00,5405.0,5412.0,5401.0,5411.0,20815.0,693037.0,691743.0
2026-05-29 11:00:00,5411.0,5412.0,5396.0,5400.0,24618.0,691743.0,689958.0
2026-05-29 13:30:00,5400.0,5407.0,5395.0,5396.0,23989.0,689958.0,688645.0
2026-05-29 14:00:00,5396.0,5398.0,5390.0,5394.0,21727.0,688645.0,685317.0
2026-05-29 14:30:00,5394.0,5412.0,5394.0,5411.0,32257.0,685317.0,683377.0
2026-05-29 21:00:00,5419.0,5433.0,5412.0,5416.0,81984.0,683377.0,681430.0
2026-05-29 21:30:00,5416.0,5419.0,5410.0,5417.0,22379.0,681430.0,682107.0
2026-05-29 22:00:00,5417.0,5418.0,5410.0,5415.0,15698.0,682107.0,680875.0
2026-05-29 22:30:00,5415.0,5417.0,5411.0,5412.0,15679.0,680875.0,677384.0
2026-06-01 09:00:00,5411.0,5436.0,5411.0,5429.0,72211.0,677384.0,679641.0
2026-06-01 09:30:00,5429.0,5435.0,5426.0,5431.0,29189.0,679641.0,678586.0
2026-06-01 10:00:00,5431.0,5440.0,5428.0,5438.0,22338.0,678586.0,677291.0
2026-06-01 10:30:00,5439.0,5454.0,5435.0,5443.0,72578.0,677291.0,675370.0
2026-06-01 11:00:00,5443.0,5446.0,5437.0,5445.0,23893.0,675370.0,674785.0
2026-06-01 13:30:00,5445.0,5450.0,5443.0,5446.0,29833.0,674785.0,675718.0
2026-06-01 14:00:00,5446.0,5449.0,5441.0,5444.0,22094.0,675718.0,675986.0
2026-06-01 14:30:00,5444.0,5447.0,5440.0,5446.0,25107.0,675986.0,673969.0
2026-06-01 21:00:00,5449.0,5451.0,5430.0,5442.0,73807.0,673969.0,672467.0
2026-06-01 21:30:00,5442.0,5445.0,5435.0,5444.0,28563.0,672467.0,672471.0
2026-06-01 22:00:00,5444.0,5444.0,5436.0,5443.0,19488.0,672471.0,672284.0
2026-06-01 22:30:00,5443.0,5451.0,5440.0,5450.0,24565.0,672284.0,669243.0
2026-06-02 09:00:00,5445.0,5446.0,5436.0,5445.0,39768.0,669243.0,669054.0
2026-06-02 09:30:00,5445.0,5448.0,5416.0,5423.0,70786.0,669054.0,665300.0
2026-06-02 10:00:00,5423.0,5430.0,5421.0,5429.0,17306.0,665300.0,663634.0
2026-06-02 10:30:00,5428.0,5440.0,5428.0,5438.0,27158.0,663634.0,662827.0
2026-06-02 11:00:00,5438.0,5441.0,5434.0,5435.0,17162.0,662827.0,660770.0
2026-06-02 13:30:00,5435.0,5438.0,5430.0,5435.0,20228.0,660770.0,658919.0
2026-06-02 14:00:00,5435.0,5437.0,5432.0,5432.0,13548.0,658919.0,657750.0
2026-06-02 14:30:00,5432.0,5435.0,5427.0,5433.0,23216.0,657750.0,657417.0
2026-06-02 21:00:00,5436.0,5446.0,5432.0,5440.0,61044.0,657417.0,662940.0
2026-06-02 21:30:00,5440.0,5443.0,5434.0,5435.0,22733.0,662940.0,662953.0
2026-06-02 22:00:00,5435.0,5442.0,5434.0,5440.0,16721.0,662953.0,661366.0
2026-06-02 22:30:00,5440.0,5441.0,5437.0,5439.0,15900.0,661366.0,658836.0
2026-06-03 09:00:00,5441.0,5455.0,5440.0,5443.0,70456.0,658836.0,659173.0
2026-06-03 09:30:00,5443.0,5448.0,5427.0,5434.0,50850.0,659173.0,662116.0
2026-06-03 10:00:00,5434.0,5437.0,5428.0,5429.0,13120.0,662116.0,663092.0
2026-06-03 10:30:00,5429.0,5442.0,5429.0,5440.0,25963.0,663092.0,662215.0
2026-06-03 11:00:00,5440.0,5445.0,5437.0,5439.0,18354.0,662215.0,659353.0
2026-06-03 13:30:00,5439.0,5446.0,5435.0,5443.0,26868.0,659353.0,659462.0
2026-06-03 14:00:00,5443.0,5445.0,5433.0,5441.0,30947.0,659462.0,659142.0
2026-06-03 14:30:00,5441.0,5442.0,5434.0,5438.0,23670.0,659142.0,656635.0
2026-06-03 21:00:00,5439.0,5446.0,5430.0,5439.0,59927.0,656635.0,664805.0
2026-06-03 21:30:00,5439.0,5441.0,5425.0,5426.0,41712.0,664805.0,663093.0
2026-06-03 22:00:00,5426.0,5433.0,5423.0,5432.0,25921.0,663093.0,660552.0
2026-06-03 22:30:00,5432.0,5435.0,5430.0,5432.0,12864.0,660552.0,657950.0
2026-06-04 09:00:00,5427.0,5427.0,5392.0,5395.0,104853.0,657950.0,661932.0
2026-06-04 09:30:00,5395.0,5399.0,5384.0,5393.0,47266.0,661932.0,662348.0
2026-06-04 10:00:00,5393.0,5402.0,5393.0,5400.0,16728.0,662348.0,661464.0
2026-06-04 10:30:00,5401.0,5401.0,5376.0,5384.0,42948.0,661464.0,663075.0
2026-06-04 11:00:00,5384.0,5387.0,5379.0,5383.0,23550.0,663075.0,664624.0
2026-06-04 13:30:00,5383.0,5385.0,5377.0,5378.0,24524.0,664624.0,666059.0
2026-06-04 14:00:00,5378.0,5379.0,5371.0,5373.0,33693.0,666059.0,665766.0
2026-06-04 14:30:00,5373.0,5376.0,5368.0,5374.0,41922.0,665766.0,659276.0
2026-06-04 21:00:00,5375.0,5390.0,5375.0,5386.0,60829.0,659276.0,663136.0
2026-06-04 21:30:00,5386.0,5387.0,5373.0,5373.0,31870.0,663136.0,665059.0
2026-06-04 22:00:00,5373.0,5376.0,5364.0,5368.0,40987.0,665059.0,664544.0
2026-06-04 22:30:00,5368.0,5369.0,5351.0,5352.0,41355.0,664544.0,663289.0
2026-06-05 09:00:00,5354.0,5354.0,5316.0,5334.0,152559.0,663289.0,675716.0
2026-06-05 09:30:00,5334.0,5341.0,5328.0,5340.0,35215.0,675716.0,674038.0
2026-06-05 10:00:00,5340.0,5344.0,5336.0,5342.0,16174.0,674038.0,673736.0
2026-06-05 10:30:00,5342.0,5350.0,5340.0,5341.0,28632.0,673736.0,672584.0
2026-06-05 11:00:00,5341.0,5349.0,5337.0,5347.0,22390.0,672584.0,674246.0
2026-06-05 13:30:00,5347.0,5353.0,5336.0,5336.0,33794.0,674246.0,672248.0
2026-06-05 14:00:00,5336.0,5340.0,5330.0,5337.0,35237.0,672248.0,675408.0
2026-06-05 14:30:00,5337.0,5341.0,5336.0,5341.0,22172.0,675408.0,672582.0
2026-06-05 21:00:00,5340.0,5341.0,5327.0,5331.0,49492.0,672582.0,679835.0
2026-06-05 21:30:00,5331.0,5331.0,5322.0,5327.0,27256.0,679835.0,680717.0
2026-06-05 22:00:00,5327.0,5328.0,5321.0,5323.0,20004.0,680717.0,682688.0
2026-06-05 22:30:00,5323.0,5329.0,5320.0,5324.0,23346.0,682688.0,682215.0
2026-06-08 09:00:00,5320.0,5335.0,5312.0,5322.0,73119.0,682215.0,686696.0
2026-06-08 09:30:00,5322.0,5327.0,5315.0,5322.0,26930.0,686696.0,686798.0
2026-06-08 10:00:00,5322.0,5325.0,5316.0,5323.0,8202.0,686798.0,688212.0
2026-06-08 10:30:00,5323.0,5334.0,5319.0,5328.0,24440.0,688212.0,690140.0
2026-06-08 11:00:00,5328.0,5331.0,5322.0,5326.0,13712.0,690140.0,691022.0
2026-06-08 13:30:00,5327.0,5330.0,5318.0,5321.0,27557.0,691022.0,689261.0
2026-06-08 14:00:00,5321.0,5334.0,5321.0,5327.0,22126.0,689261.0,690588.0
2026-06-08 14:30:00,5327.0,5330.0,5322.0,5330.0,20711.0,690588.0,689461.0
2026-06-08 21:00:00,5334.0,5348.0,5327.0,5336.0,91168.0,689461.0,701112.0
2026-06-08 21:30:00,5336.0,5341.0,5332.0,5333.0,25301.0,701112.0,702462.0
2026-06-08 22:00:00,5333.0,5340.0,5333.0,5334.0,15724.0,702462.0,703433.0
2026-06-08 22:30:00,5334.0,5341.0,5334.0,5337.0,16235.0,703433.0,702453.0
2026-06-09 09:00:00,5337.0,5343.0,5328.0,5328.0,37056.0,702453.0,703464.0
2026-06-09 09:30:00,5328.0,5332.0,5325.0,5328.0,21888.0,703464.0,700605.0
2026-06-09 10:00:00,5328.0,5328.0,5319.0,5322.0,13715.0,700605.0,701027.0
2026-06-09 10:30:00,5322.0,5328.0,5320.0,5320.0,14834.0,701027.0,701944.0
2026-06-09 11:00:00,5320.0,5325.0,5310.0,5316.0,27874.0,701944.0,698915.0
2026-06-09 13:30:00,5316.0,5320.0,5311.0,5312.0,27495.0,698915.0,701034.0
2026-06-09 14:00:00,5312.0,5317.0,5310.0,5311.0,24944.0,701034.0,703695.0
2026-06-09 14:30:00,5311.0,5315.0,5307.0,5310.0,30819.0,703695.0,706024.0
2026-06-09 21:00:00,5312.0,5321.0,5304.0,5317.0,50366.0,706024.0,712406.0
2026-06-09 21:30:00,5317.0,5320.0,5313.0,5314.0,18567.0,712406.0,712113.0
2026-06-09 22:00:00,5314.0,5319.0,5310.0,5310.0,14276.0,712113.0,712633.0
2026-06-09 22:30:00,5310.0,5312.0,5303.0,5307.0,22357.0,712633.0,711788.0
2026-06-10 09:00:00,5312.0,5318.0,5306.0,5310.0,27498.0,711788.0,711432.0
2026-06-10 09:30:00,5310.0,5323.0,5309.0,5315.0,23749.0,711432.0,712915.0
2026-06-10 10:00:00,5315.0,5321.0,5314.0,5316.0,7238.0,712915.0,712491.0
2026-06-10 10:30:00,5317.0,5317.0,5306.0,5307.0,19620.0,712491.0,714880.0
2026-06-10 11:00:00,5307.0,5313.0,5305.0,5310.0,10695.0,714880.0,716062.0
2026-06-10 13:30:00,5309.0,5313.0,5301.0,5309.0,30414.0,716062.0,718905.0
2026-06-10 14:00:00,5309.0,5313.0,5308.0,5312.0,12003.0,718905.0,719632.0
2026-06-10 14:30:00,5312.0,5318.0,5308.0,5314.0,22216.0,719632.0,718958.0
2026-06-10 21:00:00,5316.0,5318.0,5307.0,5317.0,42833.0,718958.0,724802.0
2026-06-10 21:30:00,5317.0,5322.0,5315.0,5318.0,27633.0,724802.0,726983.0
2026-06-10 22:00:00,5318.0,5321.0,5313.0,5315.0,16157.0,726983.0,726659.0
2026-06-10 22:30:00,5315.0,5319.0,5313.0,5314.0,9135.0,726659.0,725410.0
2026-06-11 09:00:00,5316.0,5318.0,5293.0,5294.0,56674.0,725410.0,729584.0
2026-06-11 09:30:00,5294.0,5298.0,5285.0,5290.0,52524.0,729584.0,729969.0
2026-06-11 10:00:00,5290.0,5291.0,5283.0,5288.0,17105.0,729969.0,731198.0
2026-06-11 10:30:00,5287.0,5291.0,5281.0,5284.0,24412.0,731198.0,732007.0
2026-06-11 11:00:00,5284.0,5286.0,5280.0,5282.0,22634.0,732007.0,734211.0
2026-06-11 13:30:00,5282.0,5283.0,5277.0,5281.0,27883.0,734211.0,739434.0
2026-06-11 14:00:00,5281.0,5298.0,5280.0,5290.0,37614.0,739434.0,737038.0
2026-06-11 14:30:00,5290.0,5294.0,5288.0,5291.0,21909.0,737038.0,735546.0
2026-06-11 21:00:00,5288.0,5293.0,5279.0,5281.0,51517.0,735546.0,744505.0
2026-06-11 21:30:00,5281.0,5285.0,5278.0,5282.0,18645.0,744505.0,746200.0
2026-06-11 22:00:00,5282.0,5283.0,5275.0,5281.0,21034.0,746200.0,749668.0
2026-06-11 22:30:00,5281.0,5284.0,5277.0,5279.0,14874.0,749668.0,749654.0
2026-06-12 09:00:00,5279.0,5284.0,5273.0,5277.0,41037.0,749654.0,755989.0
2026-06-12 09:30:00,5277.0,5285.0,5276.0,5284.0,18370.0,755989.0,756153.0
2026-06-12 10:00:00,5284.0,5284.0,5277.0,5280.0,9091.0,756153.0,756617.0
2026-06-12 10:30:00,5281.0,5286.0,5276.0,5281.0,24525.0,756617.0,756816.0
2026-06-12 11:00:00,5281.0,5331.0,5281.0,5326.0,127899.0,756816.0,755786.0
2026-06-12 13:30:00,5326.0,5328.0,5314.0,5315.0,47840.0,755786.0,751329.0
2026-06-12 14:00:00,5315.0,5317.0,5308.0,5314.0,31402.0,751329.0,749489.0
2026-06-12 14:30:00,5314.0,5316.0,5311.0,5315.0,20645.0,749489.0,748912.0
2026-06-12 21:00:00,5314.0,5327.0,5309.0,5315.0,61505.0,748912.0,758493.0
2026-06-12 21:30:00,5315.0,5321.0,5315.0,5319.0,20219.0,758493.0,755522.0
2026-06-12 22:00:00,5319.0,5323.0,5317.0,5320.0,15723.0,755522.0,753985.0
2026-06-12 22:30:00,5320.0,5321.0,5319.0,5321.0,10310.0,753985.0,752155.0
2026-06-15 09:00:00,5313.0,5316.0,5303.0,5315.0,61502.0,752155.0,753467.0
2026-06-15 09:30:00,5315.0,5325.0,5310.0,5324.0,26318.0,753467.0,755784.0
2026-06-15 10:00:00,5324.0,5325.0,5318.0,5320.0,10711.0,755784.0,756921.0
2026-06-15 10:30:00,5320.0,5325.0,5313.0,5318.0,20680.0,756921.0,755876.0
2026-06-15 11:00:00,5318.0,5318.0,5311.0,5313.0,11472.0,755876.0,756681.0
2026-06-15 13:30:00,5313.0,5327.0,5313.0,5327.0,24851.0,756681.0,754048.0
2026-06-15 14:00:00,5327.0,5332.0,5317.0,5317.0,30460.0,754048.0,755577.0
2026-06-15 14:30:00,5317.0,5324.0,5317.0,5321.0,18262.0,755577.0,754715.0
2026-06-15 21:00:00,5320.0,5333.0,5316.0,5325.0,61894.0,754715.0,758329.0
2026-06-15 21:30:00,5325.0,5335.0,5325.0,5330.0,28589.0,758329.0,758420.0
2026-06-15 22:00:00,5330.0,5330.0,5324.0,5328.0,18858.0,758420.0,756822.0
2026-06-15 22:30:00,5328.0,5332.0,5326.0,5331.0,14172.0,756822.0,754240.0
2026-06-16 09:00:00,5331.0,5331.0,5307.0,5320.0,63868.0,754240.0,755979.0
2026-06-16 09:30:00,5320.0,5321.0,5312.0,5314.0,17409.0,755979.0,755406.0
2026-06-16 10:00:00,5314.0,5320.0,5312.0,5318.0,7745.0,755406.0,754624.0
2026-06-16 10:30:00,5318.0,5321.0,5313.0,5320.0,16259.0,754624.0,754288.0
2026-06-16 11:00:00,5320.0,5326.0,5319.0,5322.0,19829.0,754288.0,752925.0
2026-06-16 13:30:00,5321.0,5321.0,5315.0,5319.0,19886.0,752925.0,752666.0
2026-06-16 14:00:00,5319.0,5320.0,5312.0,5315.0,17976.0,752666.0,754185.0
2026-06-16 14:30:00,5315.0,5320.0,5314.0,5317.0,19884.0,754185.0,752133.0
2026-06-16 21:00:00,5314.0,5342.0,5309.0,5335.0,100481.0,752133.0,763841.0
2026-06-16 21:30:00,5335.0,5353.0,5334.0,5352.0,67725.0,763841.0,763198.0
2026-06-16 22:00:00,5352.0,5354.0,5344.0,5349.0,35520.0,763198.0,756924.0
2026-06-16 22:30:00,5349.0,5351.0,5345.0,5351.0,21340.0,756924.0,754795.0
2026-06-17 09:00:00,5350.0,5351.0,5340.0,5343.0,34604.0,754795.0,751154.0
2026-06-17 09:30:00,5343.0,5346.0,5337.0,5342.0,17548.0,751154.0,750040.0
2026-06-17 10:00:00,5342.0,5344.0,5339.0,5342.0,7366.0,750040.0,749273.0
2026-06-17 10:30:00,5342.0,5347.0,5341.0,5345.0,13465.0,749273.0,747422.0
2026-06-17 11:00:00,5345.0,5347.0,5341.0,5344.0,9050.0,747422.0,746507.0
2026-06-17 13:30:00,5344.0,5348.0,5340.0,5346.0,13623.0,746507.0,745072.0
2026-06-17 14:00:00,5346.0,5347.0,5335.0,5336.0,22047.0,745072.0,742564.0
2026-06-17 14:30:00,5336.0,5339.0,5332.0,5338.0,22411.0,742564.0,737913.0
2026-06-17 21:00:00,5340.0,5353.0,5333.0,5349.0,54272.0,737913.0,744934.0
2026-06-17 21:30:00,5349.0,5351.0,5339.0,5341.0,37811.0,744934.0,742844.0
2026-06-17 22:00:00,5341.0,5341.0,5323.0,5331.0,51074.0,742844.0,739656.0
2026-06-17 22:30:00,5331.0,5335.0,5330.0,5334.0,13776.0,739656.0,739473.0
2026-06-18 09:00:00,5331.0,5335.0,5321.0,5328.0,33491.0,739473.0,738544.0
2026-06-18 09:30:00,5328.0,5345.0,5327.0,5340.0,31012.0,738544.0,737286.0
2026-06-18 10:00:00,5340.0,5343.0,5335.0,5335.0,9619.0,737286.0,737005.0
2026-06-18 10:30:00,5336.0,5340.0,5325.0,5325.0,25088.0,737005.0,735510.0
2026-06-18 11:00:00,5325.0,5331.0,5310.0,5318.0,43975.0,735510.0,735079.0
2026-06-18 13:30:00,5317.0,5325.0,5315.0,5319.0,21111.0,735079.0,733977.0
2026-06-18 14:00:00,5319.0,5322.0,5315.0,5317.0,17865.0,733977.0,731776.0
2026-06-18 14:30:00,5317.0,5325.0,5316.0,5320.0,21163.0,731776.0,727155.0
2026-06-22 09:00:00,5328.0,5344.0,5304.0,5310.0,83896.0,727155.0,726353.0
2026-06-22 09:30:00,5310.0,5318.0,5310.0,5314.0,21271.0,726353.0,725818.0
2026-06-22 10:00:00,5314.0,5328.0,5313.0,5326.0,18073.0,725818.0,726491.0
2026-06-22 10:30:00,5326.0,5326.0,5316.0,5323.0,25291.0,726491.0,724407.0
2026-06-22 11:00:00,5323.0,5339.0,5322.0,5330.0,37291.0,724407.0,718990.0
2026-06-22 13:30:00,5329.0,5332.0,5323.0,5326.0,21947.0,718990.0,718302.0
2026-06-22 14:00:00,5326.0,5331.0,5323.0,5329.0,16591.0,718302.0,717293.0
2026-06-22 14:30:00,5329.0,5346.0,5329.0,5345.0,44598.0,717293.0,712088.0
2026-06-22 21:00:00,5338.0,5340.0,5315.0,5319.0,71855.0,712088.0,720772.0
2026-06-22 21:30:00,5319.0,5323.0,5312.0,5315.0,32429.0,720772.0,726150.0
2026-06-22 22:00:00,5315.0,5317.0,5284.0,5286.0,62115.0,726150.0,737638.0
2026-06-22 22:30:00,5286.0,5288.0,5276.0,5284.0,73093.0,737638.0,746976.0
2026-06-23 09:00:00,5284.0,5293.0,5283.0,5289.0,45009.0,746976.0,750824.0
2026-06-23 09:30:00,5289.0,5292.0,5280.0,5280.0,27373.0,750824.0,752005.0
2026-06-23 10:00:00,5280.0,5288.0,5279.0,5284.0,9328.0,752005.0,751176.0
2026-06-23 10:30:00,5284.0,5290.0,5281.0,5288.0,19155.0,751176.0,752075.0
2026-06-23 11:00:00,5288.0,5288.0,5254.0,5271.0,85830.0,752075.0,754733.0
2026-06-23 13:30:00,5268.0,5271.0,5262.0,5262.0,32808.0,754733.0,751770.0
2026-06-23 14:00:00,5262.0,5263.0,5253.0,5257.0,34424.0,751770.0,751731.0
2026-06-23 14:30:00,5257.0,5271.0,5257.0,5264.0,36351.0,751731.0,751698.0
2026-06-23 21:00:00,5279.0,5286.0,5272.0,5274.0,87698.0,751698.0,747160.0
2026-06-23 21:30:00,5274.0,5278.0,5271.0,5274.0,20169.0,747160.0,751576.0
2026-06-23 22:00:00,5274.0,5279.0,5273.0,5274.0,18306.0,751576.0,750094.0
2026-06-23 22:30:00,5274.0,5283.0,5271.0,5279.0,21401.0,750094.0,746715.0
2026-06-24 09:00:00,5278.0,5284.0,5266.0,5278.0,40079.0,746715.0,746867.0
2026-06-24 09:30:00,5278.0,5280.0,5268.0,5271.0,26096.0,746867.0,747702.0
2026-06-24 10:00:00,5271.0,5272.0,5264.0,5267.0,16576.0,747702.0,749493.0
2026-06-24 10:30:00,5267.0,5267.0,5244.0,5254.0,56597.0,749493.0,753881.0
2026-06-24 11:00:00,5254.0,5255.0,5247.0,5250.0,30490.0,753881.0,754004.0
2026-06-24 13:30:00,5250.0,5258.0,5245.0,5247.0,32228.0,754004.0,755523.0
2026-06-24 14:00:00,5247.0,5255.0,5243.0,5245.0,27580.0,755523.0,757419.0
2026-06-24 14:30:00,5245.0,5249.0,5237.0,5241.0,34680.0,757419.0,758711.0
2026-06-24 21:00:00,5242.0,5243.0,5221.0,5221.0,70245.0,758711.0,764309.0
2026-06-24 21:30:00,5221.0,5231.0,5219.0,5224.0,40444.0,764309.0,764572.0
2026-06-24 22:00:00,5224.0,5239.0,5222.0,5238.0,27072.0,764572.0,763922.0
2026-06-24 22:30:00,5238.0,5243.0,5229.0,5233.0,27701.0,763922.0,761798.0
2026-06-25 09:00:00,5231.0,5231.0,5213.0,5215.0,52274.0,761798.0,762767.0
2026-06-25 09:30:00,5215.0,5217.0,5203.0,5209.0,41253.0,762767.0,765639.0
2026-06-25 10:00:00,5209.0,5211.0,5198.0,5203.0,25040.0,765639.0,764809.0
2026-06-25 10:30:00,5203.0,5210.0,5198.0,5210.0,36972.0,764809.0,767817.0
2026-06-25 11:00:00,5210.0,5217.0,5207.0,5209.0,24086.0,767817.0,767188.0
2026-06-25 13:30:00,5209.0,5214.0,5201.0,5204.0,22319.0,767188.0,767703.0
2026-06-25 14:00:00,5204.0,5210.0,5203.0,5208.0,20269.0,767703.0,768570.0
2026-06-25 14:30:00,5208.0,5212.0,5204.0,5210.0,24248.0,768570.0,764832.0
2026-06-25 21:00:00,5218.0,5225.0,5209.0,5211.0,73775.0,764832.0,776515.0
2026-06-25 21:30:00,5211.0,5217.0,5209.0,5214.0,24200.0,776515.0,778674.0
2026-06-25 22:00:00,5214.0,5217.0,5209.0,5213.0,17127.0,778674.0,780603.0
2026-06-25 22:30:00,5213.0,5219.0,5209.0,5210.0,19493.0,780603.0,779078.0
2026-06-26 09:00:00,5218.0,5241.0,5213.0,5238.0,67508.0,779078.0,774577.0
2026-06-26 09:30:00,5238.0,5247.0,5233.0,5239.0,36937.0,774577.0,773035.0
2026-06-26 10:00:00,5239.0,5244.0,5236.0,5238.0,12359.0,773035.0,771042.0
2026-06-26 10:30:00,5238.0,5238.0,5221.0,5228.0,30318.0,771042.0,766946.0
2026-06-26 11:00:00,5228.0,5230.0,5220.0,5225.0,17363.0,766946.0,767026.0
2026-06-26 13:30:00,5225.0,5229.0,5219.0,5228.0,22568.0,767026.0,768528.0
2026-06-26 14:00:00,5228.0,5233.0,5226.0,5230.0,16429.0,768528.0,768127.0
2026-06-26 14:30:00,5230.0,5231.0,5218.0,5219.0,23344.0,768127.0,766965.0
2026-06-26 21:00:00,5252.0,5272.0,5251.0,5260.0,111058.0,766965.0,763524.0
2026-06-26 21:30:00,5260.0,5265.0,5255.0,5261.0,29415.0,763524.0,763965.0
2026-06-26 22:00:00,5261.0,5268.0,5260.0,5262.0,21439.0,763965.0,762035.0
2026-06-26 22:30:00,5262.0,5265.0,5259.0,5262.0,15569.0,762035.0,757914.0
2026-06-29 09:00:00,5260.0,5266.0,5248.0,5258.0,43845.0,757914.0,760543.0
2026-06-29 09:30:00,5258.0,5264.0,5247.0,5249.0,22796.0,760543.0,761171.0
2026-06-29 10:00:00,5249.0,5258.0,5249.0,5254.0,10018.0,761171.0,760617.0
2026-06-29 10:30:00,5254.0,5258.0,5247.0,5254.0,21868.0,760617.0,760614.0
2026-06-29 11:00:00,5254.0,5265.0,5253.0,5260.0,25192.0,760614.0,759373.0
2026-06-29 13:30:00,5260.0,5262.0,5253.0,5260.0,18900.0,759373.0,758625.0
2026-06-29 14:00:00,5260.0,5269.0,5260.0,5268.0,19526.0,758625.0,759659.0
2026-06-29 14:30:00,5268.0,5285.0,5267.0,5270.0,52141.0,759659.0,748436.0
2026-06-29 21:00:00,5285.0,5304.0,5283.0,5295.0,90948.0,748436.0,746215.0
2026-06-29 21:30:00,5295.0,5297.0,5281.0,5286.0,33438.0,746215.0,744995.0
2026-06-29 22:00:00,5286.0,5291.0,5283.0,5290.0,19638.0,744995.0,745128.0
2026-06-29 22:30:00,5290.0,5292.0,5285.0,5286.0,14880.0,745128.0,741963.0
2026-06-30 09:00:00,5282.0,5286.0,5272.0,5284.0,42832.0,741963.0,737334.0
2026-06-30 09:30:00,5284.0,5285.0,5274.0,5278.0,17563.0,737334.0,736269.0
2026-06-30 10:00:00,5278.0,5286.0,5276.0,5280.0,7831.0,736269.0,735046.0
2026-06-30 10:30:00,5280.0,5291.0,5279.0,5287.0,19477.0,735046.0,735138.0
2026-06-30 11:00:00,5287.0,5293.0,5284.0,5290.0,13930.0,735138.0,733829.0
2026-06-30 13:30:00,5288.0,5288.0,5264.0,5271.0,35042.0,733829.0,732291.0
2026-06-30 14:00:00,5271.0,5274.0,5265.0,5270.0,26005.0,732291.0,730196.0
2026-06-30 14:30:00,5270.0,5273.0,5260.0,5260.0,31625.0,730196.0,724718.0
2026-06-30 21:00:00,5270.0,5278.0,5263.0,5276.0,48853.0,724718.0,729250.0
2026-06-30 21:30:00,5276.0,5276.0,5269.0,5273.0,13395.0,729250.0,730056.0
2026-06-30 22:00:00,5273.0,5275.0,5266.0,5267.0,14317.0,730056.0,730400.0
2026-06-30 22:30:00,5267.0,5269.0,5261.0,5262.0,17703.0,730400.0,728942.0
2026-07-01 09:00:00,5262.0,5264.0,5242.0,5257.0,52982.0,728942.0,729336.0
2026-07-01 09:30:00,5257.0,5282.0,5257.0,5279.0,37884.0,729336.0,726009.0
2026-07-01 10:00:00,5279.0,5280.0,5272.0,5275.0,12928.0,726009.0,725462.0
2026-07-01 10:30:00,5276.0,5293.0,5274.0,5285.0,40356.0,725462.0,722215.0
2026-07-01 11:00:00,5285.0,5295.0,5283.0,5285.0,24210.0,722215.0,720137.0
2026-07-01 13:30:00,5285.0,5293.0,5280.0,5284.0,25128.0,720137.0,717401.0
2026-07-01 14:00:00,5284.0,5287.0,5280.0,5282.0,17433.0,717401.0,715044.0
2026-07-01 14:30:00,5282.0,5283.0,5269.0,5277.0,26588.0,715044.0,711148.0
2026-07-01 21:00:00,5298.0,5304.0,5279.0,5279.0,63205.0,711148.0,714911.0
2026-07-01 21:30:00,5279.0,5292.0,5277.0,5291.0,27009.0,714911.0,716536.0
2026-07-01 22:00:00,5291.0,5292.0,5281.0,5282.0,16668.0,716536.0,716187.0
2026-07-01 22:30:00,5282.0,5286.0,5278.0,5284.0,15098.0,716187.0,715948.0
2026-07-02 09:00:00,5283.0,5300.0,5276.0,5286.0,52643.0,715948.0,715418.0
2026-07-02 09:30:00,5286.0,5292.0,5282.0,5287.0,22168.0,715418.0,715957.0
2026-07-02 10:00:00,5287.0,5288.0,5284.0,5285.0,6820.0,715957.0,716034.0
2026-07-02 10:30:00,5286.0,5287.0,5279.0,5282.0,17612.0,716034.0,717258.0
2026-07-02 11:00:00,5282.0,5283.0,5274.0,5276.0,20158.0,717258.0,717954.0
2026-07-02 13:30:00,5276.0,5281.0,5270.0,5276.0,24191.0,717954.0,716950.0
2026-07-02 14:00:00,5276.0,5277.0,5266.0,5270.0,23441.0,716950.0,717908.0
2026-07-02 14:30:00,5270.0,5271.0,5262.0,5267.0,28894.0,717908.0,719587.0
2026-07-02 21:00:00,5286.0,5293.0,5277.0,5279.0,63063.0,719587.0,720258.0
2026-07-02 21:30:00,5279.0,5287.0,5279.0,5279.0,22376.0,720258.0,722521.0
2026-07-02 22:00:00,5279.0,5281.0,5267.0,5271.0,30232.0,722521.0,723091.0
2026-07-02 22:30:00,5271.0,5271.0,5266.0,5267.0,20070.0,723091.0,724611.0
2026-07-03 09:00:00,5263.0,5275.0,5246.0,5272.0,63559.0,724611.0,725734.0
2026-07-03 09:30:00,5272.0,5288.0,5272.0,5287.0,33437.0,725734.0,724532.0
2026-07-03 10:00:00,5287.0,5287.0,5281.0,5282.0,10773.0,724532.0,723027.0
2026-07-03 10:30:00,5282.0,5286.0,5276.0,5279.0,21579.0,723027.0,722464.0
2026-07-03 11:00:00,5279.0,5312.0,5277.0,5297.0,80094.0,722464.0,717350.0
2026-07-03 13:30:00,5297.0,5310.0,5293.0,5309.0,41503.0,717350.0,715486.0
2026-07-03 14:00:00,5309.0,5316.0,5307.0,5309.0,45460.0,715486.0,710899.0
2026-07-03 14:30:00,5309.0,5313.0,5305.0,5307.0,29122.0,710899.0,704054.0
2026-07-03 21:00:00,5313.0,5321.0,5305.0,5318.0,65727.0,704054.0,703057.0
2026-07-03 21:30:00,5318.0,5324.0,5313.0,5316.0,35097.0,703057.0,702789.0
2026-07-03 22:00:00,5316.0,5318.0,5311.0,5315.0,17314.0,702789.0,702100.0
2026-07-03 22:30:00,5315.0,5319.0,5313.0,5319.0,16068.0,702100.0,698598.0
2026-07-06 09:00:00,5319.0,5326.0,5306.0,5324.0,51116.0,698598.0,699864.0
2026-07-06 09:30:00,5324.0,5326.0,5311.0,5314.0,25326.0,699864.0,699027.0
2026-07-06 10:00:00,5314.0,5315.0,5299.0,5304.0,20649.0,699027.0,699432.0
2026-07-06 10:30:00,5304.0,5305.0,5287.0,5294.0,42341.0,699432.0,702429.0
2026-07-06 11:00:00,5294.0,5299.0,5292.0,5294.0,20517.0,702429.0,702640.0
2026-07-06 13:30:00,5295.0,5310.0,5295.0,5310.0,26540.0,702640.0,704855.0
2026-07-06 14:00:00,5310.0,5324.0,5304.0,5319.0,41530.0,704855.0,705338.0
2026-07-06 14:30:00,5319.0,5329.0,5314.0,5327.0,45272.0,705338.0,705403.0
2026-07-06 21:00:00,5326.0,5332.0,5314.0,5322.0,77319.0,705403.0,709016.0
2026-07-06 21:30:00,5322.0,5328.0,5321.0,5326.0,24548.0,709016.0,710149.0
2026-07-06 22:00:00,5326.0,5331.0,5323.0,5329.0,20595.0,710149.0,711704.0
2026-07-06 22:30:00,5329.0,5333.0,5326.0,5330.0,17994.0,711704.0,710177.0
2026-07-07 09:00:00,5333.0,5336.0,5318.0,5323.0,53770.0,710177.0,707439.0
2026-07-07 09:30:00,5323.0,5328.0,5319.0,5323.0,19946.0,707439.0,707396.0
2026-07-07 10:00:00,5323.0,5329.0,5321.0,5327.0,8789.0,707396.0,707582.0
2026-07-07 10:30:00,5327.0,5327.0,5306.0,5312.0,44226.0,707582.0,705824.0
2026-07-07 11:00:00,5312.0,5317.0,5309.0,5317.0,21530.0,705824.0,702572.0
2026-07-07 13:30:00,5317.0,5322.0,5314.0,5320.0,22366.0,702572.0,700297.0
2026-07-07 14:00:00,5320.0,5325.0,5316.0,5322.0,23640.0,700297.0,697895.0
2026-07-07 14:30:00,5322.0,5322.0,5312.0,5316.0,20807.0,697895.0,694454.0
2026-07-07 21:00:00,5314.0,5315.0,5280.0,5280.0,112086.0,694454.0,708073.0
2026-07-07 21:30:00,5280.0,5286.0,5276.0,5281.0,43611.0,708073.0,712257.0
2026-07-07 22:00:00,5281.0,5291.0,5280.0,5282.0,28781.0,712257.0,711915.0
2026-07-07 22:30:00,5282.0,5284.0,5279.0,5282.0,15233.0,711915.0,710650.0
2026-07-08 09:00:00,5283.0,5290.0,5281.0,5289.0,34601.0,710650.0,705756.0
2026-07-08 09:30:00,5289.0,5303.0,5287.0,5301.0,35048.0,705756.0,701252.0
2026-07-08 10:00:00,5301.0,5304.0,5294.0,5295.0,13034.0,701252.0,700526.0
2026-07-08 10:30:00,5295.0,5297.0,5281.0,5287.0,29801.0,700526.0,701491.0
2026-07-08 11:00:00,5287.0,5296.0,5286.0,5289.0,16530.0,701491.0,702174.0
2026-07-08 13:30:00,5289.0,5291.0,5267.0,5270.0,56890.0,702174.0,702792.0
2026-07-08 14:00:00,5270.0,5274.0,5262.0,5272.0,36281.0,702792.0,704290.0
2026-07-08 14:30:00,5272.0,5275.0,5268.0,5271.0,26601.0,704290.0,703303.0
2026-07-08 21:00:00,5274.0,5277.0,5259.0,5266.0,70320.0,703303.0,712440.0
2026-07-08 21:30:00,5266.0,5267.0,5255.0,5264.0,33057.0,712440.0,711803.0
2026-07-08 22:00:00,5264.0,5276.0,5263.0,5273.0,24250.0,711803.0,711764.0
2026-07-08 22:30:00,5273.0,5275.0,5267.0,5268.0,18250.0,711764.0,707661.0
2026-07-09 09:00:00,5262.0,5274.0,5258.0,5262.0,36151.0,707661.0,708938.0
2026-07-09 09:30:00,5262.0,5267.0,5258.0,5266.0,24849.0,708938.0,708991.0
2026-07-09 10:00:00,5266.0,5266.0,5256.0,5261.0,14309.0,708991.0,708484.0
2026-07-09 10:30:00,5261.0,5264.0,5252.0,5254.0,24182.0,708484.0,709602.0
2026-07-09 11:00:00,5254.0,5256.0,5235.0,5244.0,66510.0,709602.0,709964.0
2026-07-09 13:30:00,5244.0,5254.0,5243.0,5250.0,29526.0,709964.0,708790.0
2026-07-09 14:00:00,5250.0,5254.0,5247.0,5248.0,18222.0,708790.0,708296.0
2026-07-09 14:30:00,5248.0,5253.0,5245.0,5249.0,23530.0,708296.0,706376.0
2026-07-09 21:00:00,5249.0,5257.0,5236.0,5239.0,71143.0,706376.0,716746.0
2026-07-09 21:30:00,5239.0,5250.0,5239.0,5248.0,24889.0,716746.0,719142.0
2026-07-09 22:00:00,5248.0,5248.0,5243.0,5245.0,12981.0,719142.0,717225.0
2026-07-09 22:30:00,5245.0,5249.0,5242.0,5246.0,13000.0,717225.0,718085.0
2026-07-10 09:00:00,5248.0,5255.0,5240.0,5252.0,35826.0,718085.0,720484.0
2026-07-10 09:30:00,5252.0,5267.0,5248.0,5265.0,35259.0,720484.0,720269.0
2026-07-10 10:00:00,5265.0,5270.0,5260.0,5267.0,16744.0,720269.0,717709.0
2026-07-10 10:30:00,5268.0,5281.0,5265.0,5278.0,47563.0,717709.0,710273.0
2026-07-10 11:00:00,5278.0,5284.0,5273.0,5279.0,46155.0,710273.0,703831.0
2026-07-10 13:30:00,5279.0,5282.0,5267.0,5269.0,31140.0,703831.0,697598.0
2026-07-10 14:00:00,5269.0,5273.0,5265.0,5271.0,24746.0,697598.0,696653.0
2026-07-10 14:30:00,5271.0,5288.0,5270.0,5284.0,46448.0,696653.0,691029.0
2026-07-10 21:00:00,5269.0,5279.0,5260.0,5261.0,65547.0,691029.0,692960.0
2026-07-10 21:30:00,5261.0,5269.0,5260.0,5266.0,23528.0,692960.0,693036.0
2026-07-10 22:00:00,5266.0,5267.0,5260.0,5263.0,18280.0,693036.0,692778.0
2026-07-10 22:30:00,5263.0,5265.0,5260.0,5261.0,13226.0,692778.0,691901.0
2026-07-13 09:00:00,5264.0,5275.0,5260.0,5268.0,42281.0,691901.0,691796.0
2026-07-13 09:30:00,5268.0,5275.0,5262.0,5263.0,28526.0,691796.0,690113.0
2026-07-13 10:00:00,5263.0,5272.0,5255.0,5271.0,24370.0,690113.0,689012.0
2026-07-13 10:30:00,5270.0,5273.0,5265.0,5269.0,24532.0,689012.0,686236.0
2026-07-13 11:00:00,5269.0,5272.0,5266.0,5268.0,14820.0,686236.0,685026.0
2026-07-13 13:30:00,5269.0,5270.0,5255.0,5257.0,25787.0,685026.0,686754.0
2026-07-13 14:00:00,5257.0,5261.0,5248.0,5251.0,30769.0,686754.0,687062.0
2026-07-13 14:30:00,5251.0,5257.0,5249.0,5255.0,21853.0,687062.0,685646.0
2026-07-13 21:00:00,5256.0,5260.0,5245.0,5250.0,40607.0,685646.0,691809.0
2026-07-13 21:30:00,5250.0,5257.0,5249.0,5250.0,14620.0,691809.0,690728.0
2026-07-13 22:00:00,5250.0,5252.0,5246.0,5247.0,17153.0,690728.0,692538.0
2026-07-13 22:30:00,5247.0,5250.0,5245.0,5247.0,9207.0,692538.0,692075.0
2026-07-14 09:00:00,5255.0,5266.0,5248.0,5252.0,49489.0,692075.0,691304.0
2026-07-14 09:30:00,5252.0,5253.0,5240.0,5248.0,34562.0,691304.0,694839.0
2026-07-14 10:00:00,5248.0,5250.0,5227.0,5233.0,42141.0,694839.0,700477.0
2026-07-14 10:30:00,5233.0,5236.0,5224.0,5229.0,34938.0,700477.0,703640.0
2026-07-14 11:00:00,5229.0,5237.0,5229.0,5230.0,18604.0,703640.0,702727.0
2026-07-14 13:30:00,5231.0,5237.0,5230.0,5233.0,19407.0,702727.0,703123.0
2026-07-14 14:00:00,5233.0,5237.0,5229.0,5236.0,19151.0,703123.0,702411.0
2026-07-14 14:30:00,5236.0,5238.0,5232.0,5235.0,18944.0,702411.0,701040.0
2026-07-14 21:00:00,5239.0,5239.0,5225.0,5227.0,53351.0,701040.0,709779.0
2026-07-14 21:30:00,5227.0,5236.0,5227.0,5235.0,17534.0,709779.0,710304.0
2026-07-14 22:00:00,5235.0,5236.0,5228.0,5230.0,13165.0,710304.0,712707.0
2026-07-14 22:30:00,5230.0,5233.0,5229.0,5232.0,10302.0,712707.0,710353.0
2026-07-15 09:00:00,5236.0,5246.0,5233.0,5238.0,48096.0,710353.0,707678.0
2026-07-15 09:30:00,5238.0,5240.0,5233.0,5237.0,16801.0,707678.0,708127.0
2026-07-15 10:00:00,5237.0,5246.0,5237.0,5241.0,13536.0,708127.0,706600.0
2026-07-15 10:30:00,5241.0,5246.0,5238.0,5239.0,16025.0,706600.0,707005.0
2026-07-15 11:00:00,5239.0,5242.0,5237.0,5239.0,11322.0,707005.0,707076.0
2026-07-15 13:30:00,5240.0,5244.0,5230.0,5233.0,25926.0,707076.0,709616.0
2026-07-15 14:00:00,5233.0,5233.0,5225.0,5229.0,22907.0,709616.0,711374.0
2026-07-15 14:30:00,5229.0,5232.0,5226.0,5229.0,17045.0,711374.0,711157.0
2026-07-15 21:00:00,5220.0,5222.0,5197.0,5215.0,118800.0,711157.0,730148.0
2026-07-15 21:30:00,5215.0,5218.0,5211.0,5215.0,23333.0,730148.0,731597.0
2026-07-15 22:00:00,5215.0,5225.0,5214.0,5222.0,22381.0,731597.0,730243.0
2026-07-15 22:30:00,5222.0,5223.0,5219.0,5222.0,11560.0,730243.0,728166.0
2026-07-16 09:00:00,5223.0,5232.0,5214.0,5216.0,38998.0,728166.0,728125.0
2026-07-16 09:30:00,5216.0,5216.0,5202.0,5204.0,39063.0,728125.0,735208.0
2026-07-16 10:00:00,5204.0,5206.0,5182.0,5184.0,61613.0,735208.0,747866.0
2026-07-16 10:30:00,5184.0,5184.0,5168.0,5176.0,83864.0,747866.0,764382.0
2026-07-16 11:00:00,5176.0,5178.0,5171.0,5175.0,31135.0,764382.0,771886.0
2026-07-16 13:30:00,5175.0,5175.0,5165.0,5169.0,44320.0,771886.0,779190.0
2026-07-16 14:00:00,5169.0,5170.0,5155.0,5158.0,52837.0,779190.0,789399.0
2026-07-16 14:30:00,5158.0,5162.0,5152.0,5158.0,45311.0,789399.0,785079.0
2026-07-16 21:00:00,5146.0,5162.0,5138.0,5155.0,110841.0,785079.0,785228.0
2026-07-16 21:30:00,5155.0,5156.0,5148.0,5155.0,37464.0,785228.0,784190.0
2026-07-16 22:00:00,5155.0,5161.0,5152.0,5152.0,25547.0,784190.0,780306.0
2026-07-16 22:30:00,5152.0,5155.0,5151.0,5154.0,15852.0,780306.0,777384.0
2026-07-17 09:00:00,5152.0,5153.0,5141.0,5143.0,46574.0,777384.0,782914.0
2026-07-17 09:30:00,5143.0,5146.0,5132.0,5138.0,41693.0,782914.0,781629.0
2026-07-17 10:00:00,5138.0,5139.0,5132.0,5136.0,11893.0,781629.0,781274.0
2026-07-17 10:30:00,5137.0,5137.0,5123.0,5129.0,40602.0,781274.0,777191.0
2026-07-17 11:00:00,5129.0,5138.0,5128.0,5133.0,25388.0,777191.0,774930.0
2026-07-17 13:30:00,5132.0,5136.0,5121.0,5134.0,37339.0,774930.0,772292.0
2026-07-17 14:00:00,5134.0,5137.0,5130.0,5131.0,21497.0,772292.0,771703.0
2026-07-17 14:30:00,5131.0,5134.0,5123.0,5124.0,29420.0,771703.0,765325.0
2026-07-17 21:00:00,5139.0,5145.0,5132.0,5136.0,52158.0,765325.0,766829.0
2026-07-17 21:30:00,5136.0,5149.0,5134.0,5147.0,31341.0,766829.0,766997.0
2026-07-17 22:00:00,5147.0,5150.0,5141.0,5144.0,20349.0,766997.0,767503.0
2026-07-17 22:30:00,5144.0,5147.0,5140.0,5143.0,16912.0,767503.0,767892.0
2026-07-20 09:00:00,5146.0,5157.0,5140.0,5152.0,58582.0,767892.0,764670.0
2026-07-20 09:30:00,5152.0,5169.0,5150.0,5156.0,44529.0,764670.0,759596.0
2026-07-20 10:00:00,5156.0,5160.0,5153.0,5155.0,9964.0,759596.0,759439.0
2026-07-20 10:30:00,5154.0,5162.0,5145.0,5161.0,22300.0,759439.0,757335.0
2026-07-20 11:00:00,5161.0,5174.0,5160.0,5167.0,41744.0,757335.0,746086.0
2026-07-20 13:30:00,5167.0,5170.0,5161.0,5166.0,29025.0,746086.0,741393.0
2026-07-20 14:00:00,5166.0,5168.0,5161.0,5162.0,13260.0,741393.0,739403.0
2026-07-20 14:30:00,5162.0,5162.0,5154.0,5157.0,24582.0,739403.0,736762.0
2026-07-20 21:00:00,5158.0,5162.0,5147.0,5150.0,57399.0,736762.0,740592.0
2026-07-20 21:30:00,5150.0,5157.0,5150.0,5152.0,17328.0,740592.0,741667.0
2026-07-20 22:00:00,5152.0,5157.0,5151.0,5154.0,11306.0,741667.0,741192.0
2026-07-20 22:30:00,5154.0,5158.0,5153.0,5157.0,9702.0,741192.0,740097.0
2026-07-21 09:00:00,5155.0,5162.0,5148.0,5159.0,39580.0,740097.0,738272.0
2026-07-21 09:30:00,5159.0,5174.0,5159.0,5169.0,45238.0,738272.0,733800.0
2026-07-21 10:00:00,5169.0,5170.0,5163.0,5168.0,10685.0,733800.0,730899.0
2026-07-21 10:30:00,5169.0,5174.0,5165.0,5167.0,22731.0,730899.0,728007.0
2026-07-21 11:00:00,5167.0,5174.0,5164.0,5168.0,20843.0,728007.0,723763.0
2026-07-21 13:30:00,5168.0,5182.0,5164.0,5174.0,37480.0,723763.0,719341.0
2026-07-21 14:00:00,5174.0,5180.0,5166.0,5167.0,30239.0,719341.0,714840.0
2026-07-21 14:30:00,5167.0,5170.0,5162.0,5169.0,24277.0,714840.0,712374.0
2026-07-21 21:00:00,5166.0,5169.0,5160.0,5164.0,39838.0,712374.0,714200.0
2026-07-21 21:30:00,5164.0,5170.0,5160.0,5165.0,18386.0,714200.0,713854.0
2026-07-21 22:00:00,5165.0,5166.0,5158.0,5163.0,12540.0,713854.0,712586.0
2026-07-21 22:30:00,5163.0,5167.0,5161.0,5163.0,9224.0,712586.0,710682.0
2026-07-22 09:00:00,5166.0,5179.0,5163.0,5173.0,45485.0,710682.0,709402.0
2026-07-22 09:30:00,5173.0,5181.0,5173.0,5174.0,24186.0,709402.0,705259.0
2026-07-22 10:00:00,5174.0,5175.0,5162.0,5164.0,22286.0,705259.0,705248.0
2026-07-22 10:30:00,5164.0,5166.0,5155.0,5163.0,32913.0,705248.0,703885.0
2026-07-22 11:00:00,5163.0,5174.0,5161.0,5172.0,22540.0,703885.0,699273.0
2026-07-22 13:30:00,5172.0,5175.0,5166.0,5172.0,24059.0,699273.0,695204.0
2026-07-22 14:00:00,5172.0,5172.0,5164.0,5168.0,18679.0,695204.0,693329.0
2026-07-22 14:30:00,5168.0,5172.0,5168.0,5169.0,16173.0,693329.0,689521.0
2026-07-22 21:00:00,5157.0,5171.0,5154.0,5168.0,40958.0,689521.0,691920.0
2026-07-22 21:30:00,5168.0,5175.0,5165.0,5173.0,18627.0,691920.0,691994.0
2026-07-22 22:00:00,5173.0,5178.0,5171.0,5174.0,14058.0,691994.0,689569.0
2026-07-22 22:30:00,5174.0,5174.0,5167.0,5168.0,10813.0,689569.0,687032.0
2026-07-23 09:00:00,5169.0,5183.0,5165.0,5177.0,42478.0,687032.0,685663.0
2026-07-23 09:30:00,5177.0,5180.0,5168.0,5169.0,24505.0,685663.0,684600.0
2026-07-23 10:00:00,5169.0,5177.0,5169.0,5174.0,6620.0,684600.0,683716.0
2026-07-23 10:30:00,5175.0,5184.0,5174.0,5180.0,23432.0,683716.0,681341.0
2026-07-23 11:00:00,5180.0,5186.0,5178.0,5184.0,21168.0,681341.0,678372.0
2026-07-23 13:30:00,5184.0,5187.0,5177.0,5183.0,22675.0,678372.0,676032.0
2026-07-23 14:00:00,5183.0,5190.0,5181.0,5190.0,21205.0,676032.0,673778.0
2026-07-23 14:30:00,5190.0,5197.0,5189.0,5190.0,38190.0,673778.0,665332.0
2026-07-23 21:00:00,5182.0,5189.0,5173.0,5178.0,53252.0,665332.0,665988.0
2026-07-23 21:30:00,5178.0,5179.0,5168.0,5174.0,22181.0,665988.0,667321.0
2026-07-23 22:00:00,5174.0,5180.0,5172.0,5178.0,11245.0,667321.0,666739.0
2026-07-23 22:30:00,5178.0,5181.0,5175.0,5176.0,11217.0,666739.0,664082.0
2026-07-24 09:00:00,5176.0,5179.0,5166.0,5172.0,32747.0,664082.0,664368.0
2026-07-24 09:30:00,5172.0,5175.0,5161.0,5162.0,29004.0,664368.0,662619.0
2026-07-24 10:00:00,5162.0,5164.0,5156.0,5164.0,17970.0,662619.0,661314.0
2026-07-24 10:30:00,5164.0,5165.0,5158.0,5165.0,17774.0,661314.0,660203.0
2026-07-24 11:00:00,5165.0,5172.0,5163.0,5165.0,16889.0,660203.0,656830.0
2026-07-24 13:30:00,5165.0,5169.0,5156.0,5158.0,20526.0,656830.0,658134.0
2026-07-24 14:00:00,5158.0,5160.0,5151.0,5160.0,26159.0,658134.0,656410.0
2026-07-24 14:30:00,5160.0,5166.0,5156.0,5158.0,24589.0,656410.0,652297.0
2026-07-24 21:00:00,5148.0,5158.0,5135.0,5153.0,49896.0,652297.0,654150.0
2026-07-24 21:30:00,5153.0,5156.0,5145.0,5146.0,19295.0,654150.0,654371.0
2026-07-24 22:00:00,5146.0,5152.0,5145.0,5151.0,12711.0,654371.0,654487.0
2026-07-24 22:30:00,5151.0,5158.0,5151.0,5154.0,13268.0,654487.0,651318.0
2026-07-27 09:00:00,5149.0,5167.0,5144.0,5160.0,45280.0,651318.0,649001.0
2026-07-27 09:30:00,5160.0,5174.0,5158.0,5171.0,22166.0,649001.0,646221.0
2026-07-27 10:00:00,5171.0,5174.0,5168.0,5171.0,10280.0,646221.0,644437.0
2026-07-27 10:30:00,5171.0,5173.0,5167.0,5169.0,15460.0,644437.0,641722.0
2026-07-27 11:00:00,5169.0,5172.0,5164.0,5166.0,12587.0,641722.0,640348.0
2026-07-27 13:30:00,5166.0,5166.0,5154.0,5162.0,27453.0,640348.0,639578.0
2026-07-27 14:00:00,5162.0,5176.0,5161.0,5172.0,23675.0,639578.0,633510.0
2026-07-27 14:30:00,5172.0,5174.0,5167.0,5169.0,17998.0,633510.0,626745.0
2026-07-27 21:00:00,5160.0,5167.0,5152.0,5156.0,55578.0,626745.0,631256.0
2026-07-27 21:30:00,5156.0,5162.0,5155.0,5161.0,16762.0,631256.0,630045.0
2026-07-27 22:00:00,5161.0,5162.0,5147.0,5149.0,22660.0,630045.0,631631.0
2026-07-27 22:30:00,5149.0,5151.0,5144.0,5145.0,22761.0,631631.0,633850.0
2026-07-28 09:00:00,5142.0,5148.0,5135.0,5146.0,38051.0,633850.0,635519.0
2026-07-28 09:30:00,5146.0,5164.0,5145.0,5155.0,38818.0,635519.0,626360.0
2026-07-28 10:00:00,5155.0,5157.0,5151.0,5155.0,9237.0,626360.0,625899.0
2026-07-28 10:30:00,5155.0,5155.0,5145.0,5146.0,26195.0,625899.0,623126.0
2026-07-28 11:00:00,5146.0,5148.0,5139.0,5147.0,22617.0,623126.0,622209.0
2026-07-28 13:30:00,5146.0,5149.0,5141.0,5146.0,17716.0,622209.0,620317.0
2026-07-28 14:00:00,5146.0,5150.0,5145.0,5148.0,14067.0,620317.0,617476.0
2026-07-28 14:30:00,5148.0,5149.0,5141.0,5143.0,18120.0,617476.0,615197.0
2026-07-28 21:00:00,5148.0,5150.0,5126.0,5130.0,64244.0,615197.0,624563.0
2026-07-28 21:30:00,5130.0,5135.0,5127.0,5131.0,22281.0,624563.0,624309.0
2026-07-28 22:00:00,5131.0,5132.0,5110.0,5113.0,51755.0,624309.0,628398.0
2026-07-28 22:30:00,5113.0,5114.0,5096.0,5100.0,57108.0,628398.0,628541.0
2026-07-29 09:00:00,5099.0,5110.0,5090.0,5091.0,56216.0,628541.0,628797.0
2026-07-29 09:30:00,5091.0,5103.0,5080.0,5102.0,49273.0,628797.0,629774.0
2026-07-29 10:00:00,5102.0,5114.0,5100.0,5111.0,28187.0,629774.0,622255.0
2026-07-29 10:30:00,5111.0,5111.0,5101.0,5107.0,26637.0,622255.0,619634.0
2026-07-29 11:00:00,5107.0,5111.0,5103.0,5104.0,21042.0,619634.0,615095.0
2026-07-29 13:30:00,5103.0,5125.0,5103.0,5123.0,41845.0,615095.0,606961.0
2026-07-29 14:00:00,5123.0,5129.0,5121.0,5125.0,29506.0,606961.0,604801.0
2026-07-29 14:30:00,5125.0,5127.0,5118.0,5120.0,28104.0,604801.0,598260.0
2026-07-29 21:00:00,5126.0,5128.0,5105.0,5115.0,52092.0,598260.0,599872.0
2026-07-29 21:30:00,5115.0,5119.0,5110.0,5111.0,19567.0,599872.0,599144.0
2026-07-29 22:00:00,5111.0,5114.0,5107.0,5108.0,11857.0,599144.0,598068.0
2026-07-29 22:30:00,5108.0,5110.0,5100.0,5104.0,15295.0,598068.0,598289.0
2026-07-30 09:00:00,5104.0,5110.0,5096.0,5104.0,30059.0,598289.0,599572.0
2026-07-30 09:30:00,5104.0,5107.0,5084.0,5087.0,39784.0,599572.0,600889.0
2026-07-30 10:00:00,5087.0,5090.0,5080.0,5089.0,19200.0,600889.0,602511.0
2026-07-30 10:30:00,5088.0,5089.0,5082.0,5085.0,19302.0,602511.0,603304.0
2026-07-30 11:00:00,5085.0,5088.0,5081.0,5085.0,19245.0,603304.0,600916.0
2026-07-30 13:30:00,5085.0,5091.0,5080.0,5081.0,21973.0,600916.0,600085.0
2026-07-30 14:00:00,5081.0,5096.0,5079.0,5089.0,26244.0,600085.0,598133.0
2026-07-30 14:30:00,5089.0,5091.0,5086.0,5089.0,17542.0,598133.0,594202.0
2026-07-30 21:00:00,5092.0,5099.0,5086.0,5087.0,53189.0,594202.0,594263.0
2026-07-30 21:30:00,5087.0,5089.0,5073.0,5076.0,39663.0,594263.0,596078.0
2026-07-30 22:00:00,5076.0,5080.0,5072.0,5076.0,17482.0,596078.0,596232.0
2026-07-30 22:30:00,5076.0,5080.0,5067.0,5071.0,21120.0,596232.0,594924.0
2026-07-31 09:00:00,5071.0,5087.0,5068.0,5086.0,53146.0,594924.0,592577.0
2026-07-31 09:30:00,5086.0,5086.0,5072.0,5076.0,23289.0,592577.0,589255.0
2026-07-31 10:00:00,5076.0,5077.0,5070.0,5070.0,10151.0,589255.0,589960.0
2026-07-31 10:30:00,5070.0,5072.0,5065.0,5067.0,21212.0,589960.0,591945.0
2026-07-31 11:00:00,5067.0,5070.0,5061.0,5070.0,14936.0,591945.0,589323.0
2026-07-31 13:30:00,5069.0,5071.0,5056.0,5057.0,25381.0,589323.0,589814.0
2026-07-31 14:00:00,5057.0,5062.0,5054.0,5061.0,22530.0,589814.0,588855.0
2026-07-31 14:30:00,5061.0,5062.0,5049.0,5053.0,26970.0,588855.0,584258.0
2026-07-31 21:00:00,5062.0,5072.0,5057.0,5064.0,60875.0,584258.0,584313.0
2026-07-31 21:30:00,5064.0,5068.0,5054.0,5057.0,26318.0,584313.0,585145.0
2026-07-31 22:00:00,5057.0,5066.0,5054.0,5063.0,14256.0,585145.0,584544.0
2026-07-31 22:30:00,5063.0,5068.0,5061.0,5061.0,16180.0,584544.0,583344.0
2026-08-03 09:00:00,5056.0,5070.0,5050.0,5066.0,37477.0,583344.0,581484.0
2026-08-03 09:30:00,5066.0,5077.0,5065.0,5072.0,25241.0,581484.0,580247.0
2026-08-03 10:00:00,5072.0,5073.0,5067.0,5070.0,7428.0,580247.0,579671.0
2026-08-03 10:30:00,5069.0,5072.0,5054.0,5058.0,27220.0,579671.0,578387.0
2026-08-03 11:00:00,5058.0,5063.0,5056.0,5059.0,10156.0,578387.0,577074.0
2026-08-03 13:30:00,5059.0,5066.0,5056.0,5057.0,15232.0,577074.0,576901.0
2026-08-03 14:00:00,5057.0,5068.0,5057.0,5064.0,15656.0,576901.0,573974.0
2026-08-03 14:30:00,5064.0,5066.0,5055.0,5057.0,16223.0,573974.0,571548.0
2026-08-03 21:00:00,5065.0,5072.0,5060.0,5069.0,44476.0,571548.0,571364.0
2026-08-03 21:30:00,5069.0,5074.0,5060.0,5067.0,22531.0,571364.0,571352.0
2026-08-03 22:00:00,5067.0,5068.0,5063.0,5066.0,10632.0,571352.0,571948.0
2026-08-03 22:30:00,5066.0,5066.0,5051.0,5056.0,24943.0,571948.0,572058.0
2026-08-04 09:00:00,5062.0,5070.0,5057.0,5066.0,30188.0,572058.0,569380.0
2026-08-04 09:30:00,5066.0,5071.0,5065.0,5070.0,21108.0,569380.0,565346.0
2026-08-04 10:00:00,5070.0,5071.0,5063.0,5064.0,7664.0,565346.0,564301.0
2026-08-04 10:30:00,5065.0,5073.0,5065.0,5072.0,15427.0,564301.0,562022.0
2026-08-04 11:00:00,5072.0,5075.0,5068.0,5071.0,13773.0,562022.0,559726.0
2026-08-04 13:30:00,5070.0,5097.0,5070.0,5089.0,51588.0,559726.0,553795.0
2026-08-04 14:00:00,5089.0,5097.0,5088.0,5092.0,27542.0,553795.0,551390.0
2026-08-04 14:30:00,5092.0,5093.0,5084.0,5086.0,18236.0,551390.0,547745.0
2026-08-04 21:00:00,5090.0,5091.0,5069.0,5074.0,48418.0,547745.0,549990.0
2026-08-04 21:30:00,5074.0,5078.0,5071.0,5077.0,17130.0,549990.0,549599.0
2026-08-04 22:00:00,5077.0,5087.0,5075.0,5086.0,19138.0,549599.0,549884.0
2026-08-04 22:30:00,5086.0,5086.0,5081.0,5081.0,7486.0,549884.0,548041.0
2026-08-05 09:00:00,5081.0,5090.0,5078.0,5084.0,22382.0,548041.0,547444.0
2026-08-05 09:30:00,5084.0,5096.0,5084.0,5088.0,18898.0,547444.0,546337.0
2026-08-05 10:00:00,5088.0,5093.0,5087.0,5092.0,7611.0,546337.0,544571.0
2026-08-05 10:30:00,5091.0,5111.0,5089.0,5105.0,36750.0,544571.0,536915.0
2026-08-05 11:00:00,5105.0,5118.0,5104.0,5109.0,30710.0,536915.0,529094.0
2026-08-05 13:30:00,5109.0,5116.0,5109.0,5111.0,19261.0,529094.0,524221.0
2026-08-05 14:00:00,5111.0,5112.0,5102.0,5107.0,20603.0,524221.0,518091.0
2026-08-05 14:30:00,5107.0,5109.0,5105.0,5108.0,15992.0,518091.0,513537.0
2026-08-05 21:00:00,5112.0,5124.0,5108.0,5116.0,49300.0,513537.0,510884.0
2026-08-05 21:30:00,5116.0,5119.0,5113.0,5118.0,13204.0,510884.0,510395.0
2026-08-05 22:00:00,5118.0,5121.0,5115.0,5115.0,12421.0,510395.0,509223.0
2026-08-05 22:30:00,5115.0,5119.0,5111.0,5115.0,13924.0,509223.0,507735.0
2026-08-06 09:00:00,5114.0,5126.0,5113.0,5122.0,28009.0,507735.0,503798.0
2026-08-06 09:30:00,5122.0,5130.0,5120.0,5126.0,22841.0,503798.0,499642.0
2026-08-06 10:00:00,5126.0,5128.0,5121.0,5127.0,8111.0,499642.0,497631.0
2026-08-06 10:30:00,5126.0,5129.0,5123.0,5127.0,14322.0,497631.0,495546.0
2026-08-06 11:00:00,5127.0,5128.0,5120.0,5124.0,14042.0,495546.0,492707.0
2026-08-06 13:30:00,5124.0,5126.0,5118.0,5123.0,16029.0,492707.0,489054.0
2026-08-06 14:00:00,5123.0,5129.0,5123.0,5125.0,15697.0,489054.0,483062.0
2026-08-06 14:30:00,5125.0,5128.0,5120.0,5122.0,17483.0,483062.0,478320.0
2026-08-06 21:00:00,5114.0,5125.0,5108.0,5112.0,53596.0,478320.0,478980.0
2026-08-06 21:30:00,5112.0,5123.0,5112.0,5119.0,22968.0,478980.0,478735.0
2026-08-06 22:00:00,5119.0,5124.0,5118.0,5120.0,13389.0,478735.0,477157.0
2026-08-06 22:30:00,5120.0,5140.0,5120.0,5136.0,38357.0,477157.0,470244.0
2026-08-07 09:00:00,5150.0,5168.0,5147.0,5155.0,69516.0,470244.0,457202.0
2026-08-07 09:30:00,5155.0,5170.0,5155.0,5169.0,29192.0,457202.0,453465.0
2026-08-07 10:00:00,5169.0,5179.0,5168.0,5176.0,25349.0,453465.0,446807.0
2026-08-07 10:30:00,5176.0,5183.0,5169.0,5170.0,41884.0,446807.0,436794.0
2026-08-07 11:00:00,5170.0,5175.0,5165.0,5171.0,19861.0,436794.0,432923.0
2026-08-07 13:30:00,5173.0,5174.0,5165.0,5166.0,22383.0,432923.0,427765.0
2026-08-07 14:00:00,5166.0,5168.0,5153.0,5157.0,29286.0,427765.0,423477.0
2026-08-07 14:30:00,5157.0,5160.0,5151.0,5153.0,23118.0,423477.0,418598.0
2026-08-07 21:00:00,5174.0,5180.0,5165.0,5170.0,47731.0,418598.0,414612.0
2026-08-07 21:30:00,5170.0,5177.0,5169.0,5174.0,18410.0,414612.0,413024.0
2026-08-07 22:00:00,5174.0,5181.0,5174.0,5179.0,18945.0,413024.0,411893.0
2026-08-07 22:30:00,5179.0,5185.0,5177.0,5181.0,23608.0,411893.0,407982.0
2026-08-10 09:00:00,5194.0,5212.0,5193.0,5201.0,73428.0,407982.0,401441.0
2026-08-10 09:30:00,5201.0,5213.0,5197.0,5212.0,38755.0,401441.0,393029.0
2026-08-10 10:00:00,5212.0,5216.0,5209.0,5215.0,15904.0,393029.0,390018.0
2026-08-10 10:30:00,5214.0,5218.0,5205.0,5208.0,26964.0,390018.0,385374.0
2026-08-10 11:00:00,5208.0,5215.0,5207.0,5209.0,19785.0,385374.0,380225.0
2026-08-10 13:30:00,5208.0,5211.0,5202.0,5208.0,22380.0,380225.0,375899.0
2026-08-10 14:00:00,5208.0,5214.0,5207.0,5213.0,13949.0,375899.0,372886.0
2026-08-10 14:30:00,5213.0,5214.0,5203.0,5207.0,25454.0,372886.0,365841.0
2026-08-10 21:00:00,5205.0,5226.0,5203.0,5214.0,90037.0,365841.0,355052.0
2026-08-10 21:30:00,5214.0,5215.0,5209.0,5215.0,32625.0,355052.0,349112.0
2026-08-10 22:00:00,5215.0,5215.0,5206.0,5209.0,15948.0,349112.0,345186.0
2026-08-10 22:30:00,5209.0,5217.0,5209.0,5215.0,12502.0,345186.0,341713.0
2026-08-11 09:00:00,5216.0,5221.0,5211.0,5217.0,33734.0,341713.0,334963.0
2026-08-11 09:30:00,5217.0,5219.0,5203.0,5205.0,27421.0,334963.0,326962.0
2026-08-11 10:00:00,5205.0,5208.0,5202.0,5206.0,10925.0,326962.0,326057.0
2026-08-11 10:30:00,5205.0,5210.0,5198.0,5208.0,21498.0,326057.0,320304.0
2026-08-11 11:00:00,5208.0,5215.0,5207.0,5213.0,12316.0,320304.0,318109.0
2026-08-11 13:30:00,5213.0,5213.0,5205.0,5208.0,20352.0,318109.0,316162.0
2026-08-11 14:00:00,5208.0,5212.0,5204.0,5206.0,15833.0,316162.0,312481.0
2026-08-11 14:30:00,5206.0,5208.0,5196.0,5203.0,24549.0,312481.0,307722.0
2026-08-11 21:00:00,5203.0,5209.0,5194.0,5196.0,48327.0,307722.0,303965.0
2026-08-11 21:30:00,5196.0,5203.0,5188.0,5202.0,28937.0,303965.0,300136.0
2026-08-11 22:00:00,5202.0,5206.0,5196.0,5197.0,17167.0,300136.0,297143.0
2026-08-11 22:30:00,5197.0,5204.0,5197.0,5203.0,7119.0,297143.0,295432.0
2026-08-12 09:00:00,5206.0,5212.0,5204.0,5209.0,28424.0,295432.0,290283.0
2026-08-12 09:30:00,5209.0,5210.0,5202.0,5207.0,11113.0,290283.0,287994.0
2026-08-12 10:00:00,5207.0,5209.0,5204.0,5206.0,3556.0,287994.0,286941.0
2026-08-12 10:30:00,5206.0,5208.0,5203.0,5205.0,9019.0,286941.0,285693.0
2026-08-12 11:00:00,5205.0,5207.0,5198.0,5202.0,8760.0,285693.0,284535.0
2026-08-12 13:30:00,5202.0,5202.0,5192.0,5198.0,19257.0,284535.0,281347.0
2026-08-12 14:00:00,5198.0,5200.0,5190.0,5195.0,16936.0,281347.0,276875.0
2026-08-12 14:30:00,5195.0,5195.0,5189.0,5192.0,19233.0,276875.0,272839.0
2026-08-12 21:00:00,5354.0,5358.0,5330.0,5335.0,58473.0,272839.0,487263.0
2026-08-12 21:30:00,5335.0,5339.0,5330.0,5331.0,12813.0,487263.0,487758.0
2026-08-12 22:00:00,5331.0,5335.0,5325.0,5328.0,17740.0,487758.0,488144.0
2026-08-12 22:30:00,5328.0,5328.0,5310.0,5313.0,30510.0,488144.0,487816.0
2026-08-13 09:00:00,5287.0,5298.0,5278.0,5288.0,86010.0,487816.0,485610.0
2026-08-13 09:30:00,5288.0,5289.0,5268.0,5271.0,38488.0,485610.0,485637.0
2026-08-13 10:00:00,5271.0,5279.0,5270.0,5278.0,14806.0,485637.0,487514.0
2026-08-13 10:30:00,5278.0,5290.0,5274.0,5289.0,22970.0,487514.0,489839.0
2026-08-13 11:00:00,5289.0,5298.0,5286.0,5296.0,24762.0,489839.0,492086.0
2026-08-13 13:30:00,5296.0,5301.0,5289.0,5292.0,19316.0,492086.0,492559.0
2026-08-13 14:00:00,5292.0,5294.0,5289.0,5292.0,11820.0,492559.0,493349.0
2026-08-13 14:30:00,5292.0,5295.0,5290.0,5291.0,15455.0,493349.0,493738.0
2026-08-13 21:00:00,5296.0,5298.0,5280.0,5289.0,59827.0,493738.0,501121.0
2026-08-13 21:30:00,5289.0,5315.0,5289.0,5311.0,57454.0,501121.0,504056.0
2026-08-13 22:00:00,5311.0,5320.0,5306.0,5317.0,24706.0,504056.0,506382.0
2026-08-13 22:30:00,5317.0,5321.0,5315.0,5320.0,19943.0,506382.0,506311.0
2026-08-14 09:00:00,5327.0,5332.0,5311.0,5314.0,47409.0,506311.0,503880.0
2026-08-14 09:30:00,5314.0,5314.0,5300.0,5302.0,23120.0,503880.0,503392.0
2026-08-14 10:00:00,5302.0,5306.0,5298.0,5305.0,9369.0,503392.0,503369.0
2026-08-14 10:30:00,5306.0,5313.0,5302.0,5311.0,13567.0,503369.0,503704.0
2026-08-14 11:00:00,5311.0,5314.0,5308.0,5310.0,9565.0,503704.0,503866.0
2026-08-14 13:30:00,5310.0,5317.0,5309.0,5315.0,15982.0,503866.0,504856.0
2026-08-14 14:00:00,5315.0,5318.0,5310.0,5314.0,19305.0,504856.0,509604.0
2026-08-14 14:30:00,5314.0,5316.0,5304.0,5309.0,23372.0,509604.0,509613.0
2026-08-14 21:00:00,5291.0,5309.0,5285.0,5305.0,50701.0,509613.0,516013.0
2026-08-14 21:30:00,5305.0,5305.0,5293.0,5298.0,26037.0,516013.0,517939.0
2026-08-14 22:00:00,5298.0,5302.0,5292.0,5295.0,19252.0,517939.0,519930.0
2026-08-14 22:30:00,5295.0,5297.0,5290.0,5290.0,16246.0,519930.0,520070.0
2026-08-17 09:00:00,5295.0,5313.0,5292.0,5311.0,51392.0,520070.0,526871.0
2026-08-17 09:30:00,5311.0,5313.0,5294.0,5299.0,31752.0,526871.0,528006.0
2026-08-17 10:00:00,5299.0,5305.0,5297.0,5302.0,10333.0,528006.0,529597.0
2026-08-17 10:30:00,5302.0,5304.0,5293.0,5299.0,20749.0,529597.0,532472.0
2026-08-17 11:00:00,5299.0,5300.0,5288.0,5294.0,25782.0,532472.0,533221.0
2026-08-17 13:30:00,5294.0,5298.0,5292.0,5294.0,18573.0,533221.0,535980.0
2026-08-17 14:00:00,5294.0,5307.0,5294.0,5305.0,24331.0,535980.0,540330.0
2026-08-17 14:30:00,5305.0,5313.0,5304.0,5312.0,29256.0,540330.0,542375.0
2026-08-17 21:00:00,5306.0,5306.0,5269.0,5271.0,111568.0,542375.0,557071.0
2026-08-17 21:30:00,5271.0,5279.0,5259.0,5279.0,76719.0,557071.0,559334.0
2026-08-17 22:00:00,5279.0,5288.0,5277.0,5285.0,42212.0,559334.0,559752.0
2026-08-17 22:30:00,5285.0,5290.0,5284.0,5288.0,18277.0,559752.0,557464.0
2026-08-18 09:00:00,5294.0,5301.0,5290.0,5298.0,44894.0,557464.0,557907.0
2026-08-18 09:30:00,5298.0,5308.0,5295.0,5304.0,35522.0,557907.0,560393.0
2026-08-18 10:00:00,5304.0,5306.0,5300.0,5302.0,11337.0,560393.0,561649.0
2026-08-18 10:30:00,5302.0,5305.0,5293.0,5301.0,25043.0,561649.0,562810.0
2026-08-18 11:00:00,5301.0,5324.0,5301.0,5322.0,50469.0,562810.0,567662.0
2026-08-18 13:30:00,5325.0,5328.0,5308.0,5314.0,47075.0,567662.0,569950.0
2026-08-18 14:00:00,5314.0,5319.0,5311.0,5316.0,21196.0,569950.0,572775.0
2026-08-18 14:30:00,5316.0,5320.0,5313.0,5319.0,23439.0,572775.0,570930.0
2026-08-18 21:00:00,5340.0,5375.0,5335.0,5346.0,172014.0,570930.0,591659.0
2026-08-18 21:30:00,5346.0,5352.0,5340.0,5352.0,51817.0,591659.0,596283.0
2026-08-18 22:00:00,5352.0,5379.0,5348.0,5365.0,75419.0,596283.0,595669.0
2026-08-18 22:30:00,5365.0,5380.0,5362.0,5378.0,45841.0,595669.0,593737.0
2026-08-19 09:00:00,5379.0,5393.0,5371.0,5380.0,92595.0,593737.0,594690.0
2026-08-19 09:30:00,5380.0,5390.0,5375.0,5388.0,31566.0,594690.0,595507.0
2026-08-19 10:00:00,5388.0,5397.0,5385.0,5394.0,23137.0,595507.0,594222.0
2026-08-19 10:30:00,5394.0,5394.0,5366.0,5379.0,66593.0,594222.0,590805.0
2026-08-19 11:00:00,5379.0,5380.0,5364.0,5376.0,36603.0,590805.0,587861.0
2026-08-19 13:30:00,5376.0,5377.0,5362.0,5367.0,45945.0,587861.0,587820.0
2026-08-19 14:00:00,5367.0,5378.0,5362.0,5378.0,30208.0,587820.0,585865.0
2026-08-19 14:30:00,5378.0,5383.0,5373.0,5379.0,34835.0,585865.0,586762.0
2026-08-19 21:00:00,5368.0,5386.0,5350.0,5382.0,82745.0,586762.0,594876.0
2026-08-19 21:30:00,5382.0,5387.0,5375.0,5377.0,32371.0,594876.0,595192.0
2026-08-19 22:00:00,5377.0,5380.0,5366.0,5370.0,37942.0,595192.0,590985.0
2026-08-19 22:30:00,5370.0,5376.0,5366.0,5374.0,26999.0,590985.0,587891.0
2026-08-20 09:00:00,5375.0,5387.0,5374.0,5379.0,57053.0,587891.0,591827.0
2026-08-20 09:30:00,5379.0,5392.0,5375.0,5390.0,36691.0,591827.0,596448.0
2026-08-20 10:00:00,5390.0,5391.0,5367.0,5371.0,26822.0,596448.0,594521.0
2026-08-20 10:30:00,5371.0,5382.0,5364.0,5376.0,34469.0,594521.0,596290.0
2026-08-20 11:00:00,5376.0,5379.0,5371.0,5377.0,15645.0,596290.0,595851.0
2026-08-20 13:30:00,5376.0,5385.0,5374.0,5376.0,26412.0,595851.0,594444.0
2026-08-20 14:00:00,5376.0,5385.0,5375.0,5383.0,21424.0,594444.0,594759.0
2026-08-20 14:30:00,5383.0,5397.0,5380.0,5396.0,44951.0,594759.0,600917.0
2026-08-20 21:00:00,5393.0,5395.0,5371.0,5376.0,90267.0,600917.0,608917.0
2026-08-20 21:30:00,5376.0,5418.0,5376.0,5417.0,126433.0,608917.0,618928.0
2026-08-20 22:00:00,5417.0,5429.0,5394.0,5401.0,109538.0,618928.0,622125.0
2026-08-20 22:30:00,5401.0,5406.0,5381.0,5386.0,65991.0,622125.0,615129.0
2026-08-21 09:00:00,5370.0,5375.0,5355.0,5370.0,84487.0,615129.0,615716.0
2026-08-21 09:30:00,5370.0,5371.0,5354.0,5369.0,49754.0,615716.0,615269.0
2026-08-21 10:00:00,5369.0,5380.0,5368.0,5379.0,20288.0,615269.0,616632.0
2026-08-21 10:30:00,5379.0,5383.0,5371.0,5374.0,32549.0,616632.0,615955.0
2026-08-21 11:00:00,5374.0,5374.0,5366.0,5372.0,22794.0,615955.0,613671.0
2026-08-21 13:30:00,5371.0,5389.0,5371.0,5377.0,41444.0,613671.0,614048.0
2026-08-21 14:00:00,5377.0,5385.0,5373.0,5384.0,25406.0,614048.0,612282.0
2026-08-21 14:30:00,5384.0,5389.0,5382.0,5383.0,32323.0,612282.0,608798.0
2026-08-21 21:00:00,5378.0,5386.0,5374.0,5376.0,64620.0,608798.0,617522.0
2026-08-21 21:30:00,5376.0,5381.0,5371.0,5374.0,34207.0,617522.0,618857.0
2026-08-21 22:00:00,5374.0,5387.0,5374.0,5383.0,30700.0,618857.0,619369.0
2026-08-21 22:30:00,5383.0,5386.0,5381.0,5382.0,19118.0,619369.0,617093.0
2026-08-24 09:00:00,5378.0,5405.0,5375.0,5386.0,102823.0,617093.0,622748.0
2026-08-24 09:30:00,5386.0,5395.0,5375.0,5392.0,38499.0,622748.0,624085.0
2026-08-24 10:00:00,5392.0,5393.0,5386.0,5388.0,13375.0,624085.0,626015.0
2026-08-24 10:30:00,5388.0,5391.0,5375.0,5383.0,32858.0,626015.0,629079.0
2026-08-24 11:00:00,5383.0,5394.0,5382.0,5387.0,26634.0,629079.0,626266.0
2026-08-24 13:30:00,5386.0,5388.0,5377.0,5379.0,26465.0,626266.0,624760.0
2026-08-24 14:00:00,5379.0,5383.0,5365.0,5366.0,32810.0,624760.0,625646.0
2026-08-24 14:30:00,5366.0,5379.0,5363.0,5375.0,37763.0,625646.0,622185.0
2026-08-24 21:00:00,5359.0,5362.0,5335.0,5355.0,111277.0,622185.0,626838.0
2026-08-24 21:30:00,5355.0,5368.0,5348.0,5365.0,55077.0,626838.0,625079.0
2026-08-24 22:00:00,5365.0,5368.0,5357.0,5357.0,29600.0,625079.0,625452.0
2026-08-24 22:30:00,5357.0,5360.0,5355.0,5359.0,16216.0,625452.0,622789.0
2026-08-25 09:00:00,5371.0,5380.0,5364.0,5374.0,61563.0,622789.0,619630.0
2026-08-25 09:30:00,5374.0,5383.0,5370.0,5375.0,25556.0,619630.0,620335.0
2026-08-25 10:00:00,5375.0,5378.0,5369.0,5370.0,13207.0,620335.0,620141.0
2026-08-25 10:30:00,5370.0,5371.0,5355.0,5361.0,39711.0,620141.0,615158.0
2026-08-25 11:00:00,5361.0,5370.0,5356.0,5363.0,24082.0,615158.0,612346.0
2026-08-25 13:30:00,5362.0,5369.0,5360.0,5368.0,18644.0,612346.0,611920.0
2026-08-25 14:00:00,5368.0,5369.0,5355.0,5358.0,20011.0,611920.0,609273.0
2026-08-25 14:30:00,5358.0,5359.0,5346.0,5350.0,39981.0,609273.0,608652.0
2026-08-25 21:00:00,5338.0,5340.0,5308.0,5320.0,136629.0,608652.0,606544.0
2026-08-25 21:30:00,5320.0,5338.0,5319.0,5337.0,36436.0,606544.0,603216.0
2026-08-25 22:00:00,5337.0,5345.0,5335.0,5338.0,35009.0,603216.0,600959.0
2026-08-25 22:30:00,5338.0,5340.0,5335.0,5339.0,15000.0,600959.0,597699.0
2026-08-26 09:00:00,5336.0,5336.0,5320.0,5328.0,44104.0,597699.0,602427.0
2026-08-26 09:30:00,5328.0,5344.0,5325.0,5344.0,34008.0,602427.0,605129.0
2026-08-26 10:00:00,5344.0,5344.0,5336.0,5341.0,12395.0,605129.0,604563.0
2026-08-26 10:30:00,5341.0,5350.0,5341.0,5346.0,26692.0,604563.0,605768.0
2026-08-26 11:00:00,5346.0,5348.0,5341.0,5345.0,12663.0,605768.0,605284.0
2026-08-26 13:30:00,5345.0,5354.0,5345.0,5346.0,22740.0,605284.0,608557.0
2026-08-26 14:00:00,5346.0,5347.0,5336.0,5338.0,21058.0,608557.0,607991.0
2026-08-26 14:30:00,5338.0,5342.0,5335.0,5340.0,24220.0,607991.0,606614.0
2026-08-26 21:00:00,5355.0,5368.0,5352.0,5358.0,86438.0,606614.0,611127.0
2026-08-26 21:30:00,5358.0,5372.0,5358.0,5368.0,52589.0,611127.0,614891.0
2026-08-26 22:00:00,5368.0,5369.0,5363.0,5366.0,22565.0,614891.0,613575.0
2026-08-26 22:30:00,5366.0,5368.0,5360.0,5360.0,19870.0,613575.0,611013.0
2026-08-27 09:00:00,5365.0,5385.0,5363.0,5382.0,71652.0,611013.0,617723.0
2026-08-27 09:30:00,5382.0,5385.0,5364.0,5368.0,33330.0,617723.0,613192.0
2026-08-27 10:00:00,5368.0,5375.0,5367.0,5372.0,10187.0,613192.0,614128.0
2026-08-27 10:30:00,5372.0,5380.0,5368.0,5371.0,23380.0,614128.0,616126.0
2026-08-27 11:00:00,5371.0,5376.0,5368.0,5372.0,21661.0,616126.0,620106.0
2026-08-27 13:30:00,5372.0,5372.0,5342.0,5349.0,64684.0,620106.0,621615.0
2026-08-27 14:00:00,5349.0,5356.0,5345.0,5354.0,20768.0,621615.0,621410.0
2026-08-27 14:30:00,5354.0,5366.0,5354.0,5361.0,30827.0,621410.0,618907.0
2026-08-27 21:00:00,5372.0,5378.0,5358.0,5363.0,69033.0,618907.0,618247.0
2026-08-27 21:30:00,5363.0,5370.0,5360.0,5365.0,31304.0,618247.0,619125.0
2026-08-27 22:00:00,5365.0,5380.0,5365.0,5374.0,40014.0,619125.0,623200.0
2026-08-27 22:30:00,5374.0,5383.0,5373.0,5378.0,29905.0,623200.0,622129.0
2026-08-28 09:00:00,5389.0,5415.0,5389.0,5412.0,112400.0,622129.0,632980.0
2026-08-28 09:30:00,5412.0,5412.0,5399.0,5401.0,36316.0,632980.0,629957.0
2026-08-28 10:00:00,5401.0,5408.0,5400.0,5407.0,10732.0,629957.0,628611.0
2026-08-28 10:30:00,5406.0,5410.0,5398.0,5402.0,29141.0,628611.0,626733.0
2026-08-28 11:00:00,5402.0,5405.0,5394.0,5401.0,23622.0,626733.0,625233.0
2026-08-28 13:30:00,5400.0,5420.0,5400.0,5413.0,51812.0,625233.0,626308.0
2026-08-28 14:00:00,5413.0,5422.0,5411.0,5420.0,28740.0,626308.0,624981.0
2026-08-28 14:30:00,5420.0,5420.0,5408.0,5411.0,34055.0,624981.0,621217.0
2026-08-28 21:00:00,5395.0,5399.0,5384.0,5390.0,94116.0,621217.0,623368.0
2026-08-28 21:30:00,5390.0,5394.0,5382.0,5383.0,45888.0,623368.0,626094.0
2026-08-28 22:00:00,5383.0,5388.0,5375.0,5385.0,41950.0,626094.0,625213.0
2026-08-28 22:30:00,5385.0,5389.0,5383.0,5387.0,16941.0,625213.0,623023.0
2026-08-31 09:00:00,5374.0,5381.0,5353.0,5376.0,77149.0,623023.0,625725.0
2026-08-31 09:30:00,5376.0,5385.0,5372.0,5382.0,25014.0,625725.0,627234.0
2026-08-31 10:00:00,5382.0,5391.0,5380.0,5387.0,19763.0,627234.0,626640.0
2026-08-31 10:30:00,5388.0,5392.0,5378.0,5381.0,26115.0,626640.0,623504.0
2026-08-31 11:00:00,5381.0,5389.0,5376.0,5388.0,16904.0,623504.0,623245.0
2026-08-31 13:30:00,5389.0,5391.0,5375.0,5385.0,30141.0,623245.0,624426.0
2026-08-31 14:00:00,5385.0,5398.0,5383.0,5396.0,38492.0,624426.0,626270.0
2026-08-31 14:30:00,5396.0,5403.0,5391.0,5403.0,40561.0,626270.0,625460.0
2026-08-31 21:00:00,5412.0,5414.0,5393.0,5397.0,70475.0,625460.0,629802.0
2026-08-31 21:30:00,5397.0,5406.0,5393.0,5399.0,42546.0,629802.0,631205.0
2026-08-31 22:00:00,5399.0,5402.0,5393.0,5397.0,23150.0,631205.0,629785.0
2026-08-31 22:30:00,5397.0,5397.0,5386.0,5386.0,31180.0,629785.0,624735.0
2026-09-01 09:00:00,5388.0,5395.0,5386.0,5390.0,37941.0,624735.0,628292.0
2026-09-01 09:30:00,5390.0,5391.0,5377.0,5380.0,38365.0,628292.0,627029.0
2026-09-01 10:00:00,5380.0,5396.0,5380.0,5395.0,17009.0,627029.0,626420.0
2026-09-01 10:30:00,5396.0,5400.0,5391.0,5393.0,28005.0,626420.0,626630.0
2026-09-01 11:00:00,5393.0,5400.0,5391.0,5397.0,21940.0,626630.0,628948.0
2026-09-01 13:30:00,5398.0,5433.0,5398.0,5426.0,90745.0,628948.0,635904.0
2026-09-01 14:00:00,5426.0,5427.0,5412.0,5414.0,42226.0,635904.0,637254.0
2026-09-01 14:30:00,5414.0,5415.0,5403.0,5408.0,41651.0,637254.0,636092.0
2026-09-01 21:00:00,5401.0,5411.0,5394.0,5399.0,83463.0,636092.0,641586.0
2026-09-01 21:30:00,5399.0,5411.0,5398.0,5410.0,40131.0,641586.0,642361.0
2026-09-01 22:00:00,5410.0,5410.0,5400.0,5400.0,21984.0,642361.0,643197.0
2026-09-01 22:30:00,5400.0,5408.0,5400.0,5403.0,22734.0,643197.0,641651.0
2026-09-02 09:00:00,5423.0,5440.0,5413.0,5414.0,106576.0,641651.0,639013.0
2026-09-02 09:30:00,5414.0,5416.0,5405.0,5408.0,42570.0,639013.0,638852.0
2026-09-02 10:00:00,5408.0,5415.0,5405.0,5412.0,18854.0,638852.0,636396.0
2026-09-02 10:30:00,5412.0,5412.0,5388.0,5392.0,47217.0,636396.0,635765.0
2026-09-02 11:00:00,5392.0,5401.0,5388.0,5393.0,37645.0,635765.0,632403.0
2026-09-02 13:30:00,5393.0,5397.0,5385.0,5397.0,29286.0,632403.0,633072.0
2026-09-02 14:00:00,5397.0,5397.0,5390.0,5391.0,15846.0,633072.0,634749.0
2026-09-02 14:30:00,5391.0,5391.0,5378.0,5381.0,44566.0,634749.0,627861.0
2026-09-02 21:00:00,5374.0,5397.0,5367.0,5396.0,82195.0,627861.0,634337.0
2026-09-02 21:30:00,5396.0,5412.0,5392.0,5410.0,50137.0,634337.0,633218.0
2026-09-02 22:00:00,5410.0,5429.0,5407.0,5428.0,65413.0,633218.0,633773.0
2026-09-02 22:30:00,5428.0,5430.0,5419.0,5426.0,55068.0,633773.0,630530.0
2026-09-03 09:00:00,5426.0,5435.0,5423.0,5433.0,64585.0,630530.0,635165.0
2026-09-03 09:30:00,5433.0,5444.0,5429.0,5437.0,45396.0,635165.0,638642.0
2026-09-03 10:00:00,5437.0,5439.0,5433.0,5438.0,16068.0,638642.0,637748.0
2026-09-03 10:30:00,5439.0,5442.0,5427.0,5432.0,42376.0,637748.0,634792.0
2026-09-03 11:00:00,5432.0,5445.0,5431.0,5440.0,37089.0,634792.0,637213.0
2026-09-03 13:30:00,5438.0,5438.0,5425.0,5427.0,39292.0,637213.0,630775.0
2026-09-03 14:00:00,5427.0,5437.0,5421.0,5430.0,37204.0,630775.0,627736.0
2026-09-03 14:30:00,5430.0,5438.0,5430.0,5433.0,27856.0,627736.0,629468.0
2026-09-03 21:00:00,5398.0,5409.0,5389.0,5395.0,152937.0,629468.0,633932.0
2026-09-03 21:30:00,5395.0,5400.0,5388.0,5394.0,37637.0,633932.0,634188.0
2026-09-03 22:00:00,5394.0,5400.0,5392.0,5397.0,28961.0,634188.0,634132.0
2026-09-03 22:30:00,5397.0,5408.0,5395.0,5407.0,27142.0,634132.0,632911.0
2026-09-04 09:00:00,5408.0,5430.0,5405.0,5429.0,65761.0,632911.0,635632.0
2026-09-04 09:30:00,5429.0,5438.0,5428.0,5435.0,41957.0,635632.0,634253.0
2026-09-04 10:00:00,5435.0,5442.0,5433.0,5434.0,17987.0,634253.0,634789.0
2026-09-04 10:30:00,5434.0,5441.0,5429.0,5437.0,26979.0,634789.0,632692.0
2026-09-04 11:00:00,5437.0,5441.0,5433.0,5434.0,24589.0,632692.0,633570.0
2026-09-04 13:30:00,5433.0,5442.0,5429.0,5436.0,38653.0,633570.0,633477.0
2026-09-04 14:00:00,5436.0,5449.0,5434.0,5436.0,40132.0,633477.0,633197.0
2026-09-04 14:30:00,5436.0,5438.0,5427.0,5437.0,36444.0,633197.0,627777.0
2026-09-04 21:00:00,5441.0,5469.0,5435.0,5466.0,136619.0,627777.0,637640.0
2026-09-04 21:30:00,5466.0,5470.0,5438.0,5438.0,75906.0,637640.0,628602.0
2026-09-04 22:00:00,5438.0,5449.0,5438.0,5448.0,31328.0,628602.0,628360.0
2026-09-04 22:30:00,5448.0,5455.0,5444.0,5450.0,25942.0,628360.0,624537.0
2026-09-07 09:00:00,5450.0,5466.0,5441.0,5461.0,67884.0,624537.0,632051.0
2026-09-07 09:30:00,5461.0,5467.0,5455.0,5455.0,31983.0,632051.0,631888.0
2026-09-07 10:00:00,5455.0,5464.0,5455.0,5463.0,10144.0,631888.0,631480.0
2026-09-07 10:30:00,5463.0,5463.0,5446.0,5459.0,30750.0,631480.0,633507.0
2026-09-07 11:00:00,5459.0,5460.0,5448.0,5453.0,19492.0,633507.0,633116.0
2026-09-07 13:30:00,5453.0,5457.0,5445.0,5453.0,23515.0,633116.0,635011.0
2026-09-07 14:00:00,5453.0,5459.0,5446.0,5458.0,19272.0,635011.0,634230.0
2026-09-07 14:30:00,5458.0,5463.0,5453.0,5456.0,28762.0,634230.0,632461.0
2026-09-07 21:00:00,5454.0,5470.0,5450.0,5459.0,75279.0,632461.0,643929.0
2026-09-07 21:30:00,5459.0,5461.0,5449.0,5454.0,33837.0,643929.0,645229.0
2026-09-07 22:00:00,5454.0,5464.0,5450.0,5461.0,32777.0,645229.0,645643.0
2026-09-07 22:30:00,5461.0,5461.0,5456.0,5460.0,15133.0,645643.0,644026.0
2026-09-08 09:00:00,5461.0,5484.0,5460.0,5477.0,93702.0,644026.0,653836.0
2026-09-08 09:30:00,5477.0,5495.0,5471.0,5493.0,62603.0,653836.0,656647.0
2026-09-08 10:00:00,5493.0,5497.0,5487.0,5488.0,31416.0,656647.0,654926.0
2026-09-08 10:30:00,5488.0,5496.0,5484.0,5488.0,31006.0,654926.0,656099.0
2026-09-08 11:00:00,5488.0,5494.0,5478.0,5487.0,32940.0,656099.0,657574.0
2026-09-08 13:30:00,5487.0,5498.0,5487.0,5498.0,38116.0,657574.0,659238.0
2026-09-08 14:00:00,5498.0,5510.0,5497.0,5501.0,72256.0,659238.0,665893.0
2026-09-08 14:30:00,5501.0,5507.0,5498.0,5506.0,36919.0,665893.0,663691.0
2026-09-08 21:00:00,5491.0,5499.0,5485.0,5496.0,102789.0,663691.0,672195.0
2026-09-08 21:30:00,5496.0,5501.0,5491.0,5493.0,34591.0,672195.0,674599.0
2026-09-08 22:00:00,5493.0,5501.0,5492.0,5501.0,24619.0,674599.0,674496.0
2026-09-08 22:30:00,5501.0,5504.0,5497.0,5498.0,24523.0,674496.0,671158.0
2026-09-09 09:00:00,5505.0,5505.0,5474.0,5490.0,92163.0,671158.0,666538.0
2026-09-09 09:30:00,5490.0,5493.0,5475.0,5476.0,39725.0,666538.0,666433.0
2026-09-09 10:00:00,5476.0,5480.0,5467.0,5475.0,32779.0,666433.0,663883.0
2026-09-09 10:30:00,5476.0,5484.0,5472.0,5482.0,24888.0,663883.0,663992.0
2026-09-09 11:00:00,5482.0,5484.0,5472.0,5473.0,19290.0,663992.0,663852.0
2026-09-09 13:30:00,5473.0,5479.0,5468.0,5477.0,35292.0,663852.0,663407.0
2026-09-09 14:00:00,5477.0,5484.0,5476.0,5482.0,22008.0,663407.0,662105.0
2026-09-09 14:30:00,5482.0,5486.0,5480.0,5485.0,28123.0,662105.0,658588.0
2026-09-09 21:00:00,5483.0,5490.0,5476.0,5478.0,69063.0,658588.0,666023.0
2026-09-09 21:30:00,5478.0,5480.0,5456.0,5459.0,79912.0,666023.0,664738.0
2026-09-09 22:00:00,5459.0,5465.0,5446.0,5458.0,68944.0,664738.0,654072.0
2026-09-09 22:30:00,5458.0,5469.0,5457.0,5468.0,30245.0,654072.0,651034.0
2026-09-10 09:00:00,5471.0,5482.0,5471.0,5475.0,45169.0,651034.0,648057.0
2026-09-10 09:30:00,5475.0,5479.0,5467.0,5471.0,30564.0,648057.0,648117.0
2026-09-10 10:00:00,5471.0,5475.0,5466.0,5472.0,14185.0,648117.0,646963.0
2026-09-10 10:30:00,5473.0,5481.0,5465.0,5477.0,27207.0,646963.0,647953.0
2026-09-10 11:00:00,5477.0,5479.0,5472.0,5472.0,13849.0,647953.0,647335.0
2026-09-10 13:30:00,5471.0,5471.0,5452.0,5464.0,40413.0,647335.0,644691.0
2026-09-10 14:00:00,5464.0,5465.0,5454.0,5455.0,22146.0,644691.0,645302.0
2026-09-10 14:30:00,5455.0,5458.0,5446.0,5449.0,48956.0,645302.0,645743.0
2026-09-10 21:00:00,5455.0,5470.0,5452.0,5461.0,80188.0,645743.0,651833.0
2026-09-10 21:30:00,5461.0,5462.0,5432.0,5448.0,75962.0,651833.0,648317.0
2026-09-10 22:00:00,5448.0,5449.0,5438.0,5443.0,28405.0,648317.0,651751.0
2026-09-10 22:30:00,5443.0,5455.0,5438.0,5453.0,28085.0,651751.0,651408.0
2026-09-11 09:00:00,5460.0,5473.0,5448.0,5452.0,73976.0,651408.0,649583.0
2026-09-11 09:30:00,5452.0,5455.0,5439.0,5448.0,49094.0,649583.0,647189.0
2026-09-11 10:00:00,5448.0,5450.0,5437.0,5438.0,19650.0,647189.0,647661.0
2026-09-11 10:30:00,5438.0,5438.0,5424.0,5431.0,53096.0,647661.0,644037.0
2026-09-11 11:00:00,5431.0,5441.0,5427.0,5433.0,26796.0,644037.0,643436.0
2026-09-11 13:30:00,5431.0,5448.0,5429.0,5442.0,32304.0,643436.0,640745.0
2026-09-11 14:00:00,5442.0,5446.0,5438.0,5442.0,15709.0,640745.0,639601.0
2026-09-11 14:30:00,5442.0,5444.0,5439.0,5441.0,21725.0,639601.0,637359.0
2026-09-11 21:00:00,5416.0,5436.0,5408.0,5419.0,83262.0,637359.0,646297.0
2026-09-11 21:30:00,5419.0,5427.0,5415.0,5423.0,35533.0,646297.0,644682.0
2026-09-11 22:00:00,5423.0,5424.0,5390.0,5395.0,97771.0,644682.0,640231.0
2026-09-11 22:30:00,5395.0,5396.0,5375.0,5380.0,80917.0,640231.0,627413.0
2026-09-14 09:00:00,5386.0,5393.0,5370.0,5390.0,87948.0,627413.0,629774.0
2026-09-14 09:30:00,5390.0,5393.0,5378.0,5386.0,28404.0,629774.0,629131.0
2026-09-14 10:00:00,5386.0,5390.0,5382.0,5383.0,14417.0,629131.0,628848.0
2026-09-14 10:30:00,5383.0,5388.0,5379.0,5385.0,22187.0,628848.0,629582.0
2026-09-14 11:00:00,5385.0,5391.0,5384.0,5390.0,17068.0,629582.0,628353.0
2026-09-14 13:30:00,5390.0,5390.0,5376.0,5377.0,25781.0,628353.0,626910.0
2026-09-14 14:00:00,5377.0,5384.0,5366.0,5382.0,36755.0,626910.0,621307.0
2026-09-14 14:30:00,5382.0,5390.0,5382.0,5387.0,29625.0,621307.0,617091.0
2026-09-14 21:00:00,5395.0,5398.0,5378.0,5384.0,48816.0,617091.0,618730.0
