datetime,open,high,low,close,volume,open_oi,close_oi
2021-05-24 14:00:00,5603.0,5612.0,5593.0,5597.0,37097.0,487688.0,485159.0
2021-05-24 21:00:00,5605.0,5621.0,5603.0,5606.0,62200.0,485159.0,488527.0
2021-05-24 22:00:00,5606.0,5610.0,5593.0,5601.0,31518.0,488527.0,484846.0
2021-05-25 09:00:00,5602.0,5628.0,5601.0,5624.0,54625.0,484846.0,488320.0
2021-05-25 10:00:00,5624.0,5625.0,5589.0,5594.0,41956.0,488320.0,485717.0
2021-05-25 11:00:00,5594.0,5597.0,5585.0,5586.0,19377.0,485717.0,486175.0
2021-05-25 13:00:00,5586.0,5621.0,5585.0,5615.0,36404.0,486175.0,485546.0
2021-05-25 14:00:00,5615.0,5633.0,5611.0,5623.0,56780.0,485546.0,487598.0
2021-05-25 21:00:00,5643.0,5651.0,5632.0,5644.0,87130.0,487598.0,494311.0
2021-05-25 22:00:00,5644.0,5653.0,5615.0,5618.0,71835.0,494311.0,488807.0
2021-05-26 09:00:00,5619.0,5621.0,5595.0,5616.0,53301.0,488807.0,488548.0
2021-05-26 10:00:00,5616.0,5619.0,5599.0,5602.0,34065.0,488548.0,493137.0
2021-05-26 11:00:00,5602.0,5606.0,5586.0,5587.0,27799.0,493137.0,494543.0
2021-05-26 13:00:00,5588.0,5591.0,5571.0,5572.0,36601.0,494543.0,496573.0
2021-05-26 14:00:00,5572.0,5592.0,5567.0,5573.0,56848.0,496573.0,491955.0
2021-05-26 21:00:00,5560.0,5563.0,5537.0,5539.0,95312.0,491955.0,501595.0
2021-05-26 22:00:00,5539.0,5570.0,5535.0,5561.0,54774.0,501595.0,500064.0
2021-05-27 09:00:00,5561.0,5569.0,5536.0,5537.0,46264.0,500064.0,503496.0
2021-05-27 10:00:00,5537.0,5556.0,5533.0,5544.0,28134.0,503496.0,503489.0
2021-05-27 11:00:00,5544.0,5545.0,5510.0,5511.0,47022.0,503489.0,501399.0
2021-05-27 13:00:00,5510.0,5512.0,5495.0,5507.0,59985.0,501399.0,502539.0
2021-05-27 14:00:00,5507.0,5523.0,5498.0,5516.0,59365.0,502539.0,492942.0
2021-05-27 21:00:00,5539.0,5548.0,5528.0,5543.0,78320.0,492942.0,493453.0
2021-05-27 22:00:00,5543.0,5545.0,5523.0,5523.0,39666.0,493453.0,489851.0
2021-05-28 09:00:00,5534.0,5555.0,5521.0,5522.0,79217.0,489851.0,496555.0
2021-05-28 10:00:00,5522.0,5535.0,5517.0,5524.0,27319.0,496555.0,496877.0
2021-05-28 11:00:00,5524.0,5527.0,5510.0,5523.0,18235.0,496877.0,496372.0
2021-05-28 13:00:00,5523.0,5528.0,5510.0,5512.0,20676.0,496372.0,495905.0
2021-05-28 14:00:00,5512.0,5536.0,5505.0,5529.0,42141.0,495905.0,490419.0
2021-05-28 21:00:00,5560.0,5583.0,5551.0,5570.0,108687.0,490419.0,484735.0
2021-05-28 22:00:00,5570.0,5576.0,5541.0,5547.0,52687.0,484735.0,481795.0
2021-05-31 09:00:00,5547.0,5566.0,5535.0,5545.0,61482.0,481795.0,488021.0
2021-05-31 10:00:00,5545.0,5555.0,5539.0,5554.0,18639.0,488021.0,487831.0
2021-05-31 11:00:00,5554.0,5558.0,5551.0,5554.0,11335.0,487831.0,485696.0
2021-05-31 13:00:00,5554.0,5574.0,5548.0,5571.0,23310.0,485696.0,486146.0
2021-05-31 14:00:00,5571.0,5572.0,5544.0,5548.0,37287.0,486146.0,480899.0
2021-05-31 21:00:00,5552.0,5587.0,5551.0,5585.0,62269.0,480899.0,480704.0
2021-05-31 22:00:00,5585.0,5590.0,5576.0,5584.0,41018.0,480704.0,478753.0
2021-06-01 09:00:00,5584.0,5597.0,5562.0,5571.0,71735.0,478753.0,474541.0
2021-06-01 10:00:00,5571.0,5586.0,5562.0,5585.0,25877.0,474541.0,474253.0
2021-06-01 11:00:00,5585.0,5596.0,5582.0,5596.0,22323.0,474253.0,475722.0
2021-06-01 13:00:00,5595.0,5603.0,5594.0,5600.0,24322.0,475722.0,476969.0
2021-06-01 14:00:00,5600.0,5610.0,5590.0,5609.0,48465.0,476969.0,472744.0
2021-06-01 21:00:00,5626.0,5648.0,5623.0,5639.0,97461.0,472744.0,464271.0
2021-06-01 22:00:00,5639.0,5642.0,5624.0,5631.0,37873.0,464271.0,459758.0
2021-06-02 09:00:00,5631.0,5639.0,5613.0,5628.0,44406.0,459758.0,457728.0
2021-06-02 10:00:00,5628.0,5637.0,5620.0,5621.0,18036.0,457728.0,457751.0
2021-06-02 11:00:00,5621.0,5624.0,5602.0,5602.0,26186.0,457751.0,456239.0
2021-06-02 13:00:00,5602.0,5614.0,5589.0,5592.0,31536.0,456239.0,457360.0
2021-06-02 14:00:00,5592.0,5598.0,5582.0,5587.0,47022.0,457360.0,454614.0
2021-06-02 21:00:00,5593.0,5606.0,5588.0,5589.0,49610.0,454614.0,456018.0
2021-06-02 22:00:00,5589.0,5609.0,5589.0,5600.0,36689.0,456018.0,454127.0
2021-06-03 09:00:00,5601.0,5617.0,5592.0,5616.0,50032.0,454127.0,458717.0
2021-06-03 10:00:00,5616.0,5624.0,5608.0,5618.0,24192.0,458717.0,459904.0
2021-06-03 11:00:00,5618.0,5635.0,5617.0,5630.0,23781.0,459904.0,461608.0
2021-06-03 13:00:00,5631.0,5635.0,5625.0,5634.0,18597.0,461608.0,464129.0
2021-06-03 14:00:00,5634.0,5642.0,5626.0,5636.0,45030.0,464129.0,466093.0
2021-06-03 21:00:00,5615.0,5617.0,5546.0,5547.0,132187.0,466093.0,466137.0
2021-06-03 22:00:00,5547.0,5548.0,5521.0,5529.0,82844.0,466137.0,475394.0
2021-06-04 09:00:00,5529.0,5545.0,5527.0,5539.0,57960.0,475394.0,477976.0
2021-06-04 10:00:00,5539.0,5554.0,5534.0,5545.0,24970.0,477976.0,478663.0
2021-06-04 11:00:00,5545.0,5546.0,5538.0,5543.0,14264.0,478663.0,479204.0
2021-06-04 13:00:00,5544.0,5549.0,5536.0,5537.0,18675.0,479204.0,478257.0
2021-06-04 14:00:00,5537.0,5539.0,5529.0,5532.0,40963.0,478257.0,477180.0
2021-06-04 21:00:00,5539.0,5561.0,5535.0,5552.0,70185.0,477180.0,484709.0
2021-06-04 22:00:00,5552.0,5563.0,5548.0,5557.0,35095.0,484709.0,480820.0
2021-06-07 09:00:00,5558.0,5574.0,5548.0,5555.0,48854.0,480820.0,482041.0
2021-06-07 10:00:00,5555.0,5557.0,5538.0,5552.0,45027.0,482041.0,482447.0
2021-06-07 11:00:00,5552.0,5561.0,5543.0,5545.0,15148.0,482447.0,481625.0
2021-06-07 13:00:00,5545.0,5552.0,5541.0,5549.0,13590.0,481625.0,482399.0
2021-06-07 14:00:00,5549.0,5549.0,5492.0,5492.0,76203.0,482399.0,487877.0
2021-06-07 21:00:00,5491.0,5494.0,5444.0,5449.0,153919.0,487877.0,517099.0
2021-06-07 22:00:00,5449.0,5465.0,5440.0,5464.0,59823.0,517099.0,516863.0
2021-06-08 09:00:00,5464.0,5470.0,5449.0,5459.0,54164.0,516863.0,518537.0
2021-06-08 10:00:00,5459.0,5462.0,5446.0,5454.0,24253.0,518537.0,521037.0
2021-06-08 11:00:00,5454.0,5461.0,5452.0,5455.0,9296.0,521037.0,520484.0
2021-06-08 13:00:00,5455.0,5466.0,5446.0,5447.0,23860.0,520484.0,519987.0
2021-06-08 14:00:00,5447.0,5460.0,5438.0,5442.0,52265.0,519987.0,519891.0
2021-06-08 21:00:00,5455.0,5467.0,5452.0,5463.0,58316.0,519891.0,527859.0
2021-06-08 22:00:00,5463.0,5481.0,5462.0,5469.0,41690.0,527859.0,525152.0
2021-06-09 09:00:00,5473.0,5482.0,5459.0,5464.0,38385.0,525152.0,528908.0
2021-06-09 10:00:00,5464.0,5471.0,5460.0,5471.0,13185.0,528908.0,529469.0
2021-06-09 11:00:00,5471.0,5475.0,5466.0,5472.0,12204.0,529469.0,529560.0
2021-06-09 13:00:00,5473.0,5478.0,5462.0,5478.0,16665.0,529560.0,529803.0
2021-06-09 14:00:00,5478.0,5481.0,5466.0,5469.0,36641.0,529803.0,527317.0
2021-06-09 21:00:00,5466.0,5478.0,5455.0,5468.0,76037.0,527317.0,534176.0
2021-06-09 22:00:00,5468.0,5475.0,5454.0,5457.0,37609.0,534176.0,534454.0
2021-06-10 09:00:00,5458.0,5463.0,5443.0,5448.0,42709.0,534454.0,536803.0
2021-06-10 10:00:00,5448.0,5513.0,5445.0,5510.0,73052.0,536803.0,532483.0
2021-06-10 11:00:00,5510.0,5545.0,5510.0,5531.0,92243.0,532483.0,520615.0
2021-06-10 13:00:00,5531.0,5542.0,5523.0,5527.0,37023.0,520615.0,516670.0
2021-06-10 14:00:00,5527.0,5541.0,5524.0,5529.0,50138.0,516670.0,507965.0
2021-06-10 21:00:00,5529.0,5543.0,5523.0,5535.0,64224.0,507965.0,504595.0
2021-06-10 22:00:00,5535.0,5541.0,5516.0,5525.0,37833.0,504595.0,498147.0
2021-06-11 09:00:00,5526.0,5536.0,5517.0,5527.0,35162.0,498147.0,495535.0
2021-06-11 10:00:00,5527.0,5529.0,5516.0,5519.0,16143.0,495535.0,493402.0
2021-06-11 11:00:00,5519.0,5535.0,5519.0,5532.0,14310.0,493402.0,490809.0
2021-06-11 13:00:00,5533.0,5556.0,5529.0,5554.0,36985.0,490809.0,488345.0
2021-06-11 14:00:00,5554.0,5563.0,5552.0,5561.0,51983.0,488345.0,478278.0
2021-06-15 09:00:00,5519.0,5524.0,5458.0,5480.0,135856.0,478278.0,479401.0
2021-06-15 10:00:00,5480.0,5480.0,5460.0,5469.0,40308.0,479401.0,482972.0
2021-06-15 11:00:00,5469.0,5488.0,5463.0,5485.0,20740.0,482972.0,484139.0
2021-06-15 13:00:00,5485.0,5486.0,5472.0,5484.0,17695.0,484139.0,484596.0
2021-06-15 14:00:00,5484.0,5485.0,5470.0,5479.0,33683.0,484596.0,480749.0
2021-06-15 21:00:00,5477.0,5484.0,5450.0,5454.0,90528.0,480749.0,496297.0
2021-06-15 22:00:00,5454.0,5458.0,5414.0,5415.0,89553.0,496297.0,503937.0
2021-06-16 09:00:00,5415.0,5435.0,5415.0,5424.0,59428.0,503937.0,511520.0
2021-06-16 10:00:00,5424.0,5452.0,5423.0,5439.0,50150.0,511520.0,511812.0
2021-06-16 11:00:00,5439.0,5439.0,5410.0,5411.0,42947.0,511812.0,521558.0
2021-06-16 13:00:00,5412.0,5420.0,5403.0,5415.0,39301.0,521558.0,527993.0
2021-06-16 14:00:00,5415.0,5417.0,5402.0,5407.0,51921.0,527993.0,530613.0
2021-06-16 21:00:00,5426.0,5432.0,5416.0,5417.0,67324.0,530613.0,531501.0
2021-06-16 22:00:00,5417.0,5421.0,5398.0,5409.0,57636.0,531501.0,532694.0
2021-06-17 09:00:00,5408.0,5418.0,5380.0,5383.0,79977.0,532694.0,538559.0
2021-06-17 10:00:00,5383.0,5401.0,5382.0,5396.0,25150.0,538559.0,540220.0
2021-06-17 11:00:00,5396.0,5399.0,5387.0,5394.0,17790.0,540220.0,541704.0
2021-06-17 13:00:00,5396.0,5412.0,5396.0,5408.0,20865.0,541704.0,541563.0
2021-06-17 14:00:00,5408.0,5423.0,5401.0,5413.0,47301.0,541563.0,541401.0
2021-06-17 21:00:00,5374.0,5407.0,5350.0,5407.0,109060.0,541401.0,543894.0
2021-06-17 22:00:00,5407.0,5415.0,5396.0,5401.0,43962.0,543894.0,539818.0
2021-06-18 09:00:00,5395.0,5397.0,5358.0,5359.0,87507.0,539818.0,541771.0
2021-06-18 10:00:00,5359.0,5361.0,5331.0,5346.0,66929.0,541771.0,549932.0
2021-06-18 11:00:00,5346.0,5379.0,5346.0,5375.0,34754.0,549932.0,546353.0
2021-06-18 13:00:00,5376.0,5395.0,5371.0,5392.0,30701.0,546353.0,543773.0
2021-06-18 14:00:00,5392.0,5414.0,5392.0,5406.0,66403.0,543773.0,534956.0
2021-06-18 21:00:00,5403.0,5417.0,5394.0,5398.0,68511.0,534956.0,539143.0
2021-06-18 22:00:00,5398.0,5401.0,5380.0,5382.0,46081.0,539143.0,534731.0
2021-06-21 09:00:00,5381.0,5418.0,5372.0,5414.0,65760.0,534731.0,537672.0
2021-06-21 10:00:00,5414.0,5415.0,5401.0,5413.0,24992.0,537672.0,537349.0
2021-06-21 11:00:00,5413.0,5417.0,5405.0,5407.0,13820.0,537349.0,535983.0
2021-06-21 13:00:00,5406.0,5410.0,5376.0,5383.0,35928.0,535983.0,537199.0
2021-06-21 14:00:00,5383.0,5400.0,5382.0,5389.0,36902.0,537199.0,534870.0
2021-06-21 21:00:00,5377.0,5406.0,5373.0,5399.0,61936.0,534870.0,537816.0
2021-06-21 22:00:00,5399.0,5441.0,5399.0,5436.0,82677.0,537816.0,532823.0
2021-06-22 09:00:00,5436.0,5440.0,5425.0,5431.0,42258.0,532823.0,531589.0
2021-06-22 10:00:00,5431.0,5443.0,5426.0,5440.0,21271.0,531589.0,532133.0
2021-06-22 11:00:00,5440.0,5448.0,5434.0,5436.0,20781.0,532133.0,529494.0
2021-06-22 13:00:00,5435.0,5442.0,5432.0,5440.0,16009.0,529494.0,528683.0
2021-06-22 14:00:00,5440.0,5454.0,5439.0,5446.0,38228.0,528683.0,521094.0
2021-06-22 21:00:00,5431.0,5441.0,5425.0,5434.0,50696.0,521094.0,518834.0
2021-06-22 22:00:00,5434.0,5434.0,5423.0,5430.0,27187.0,518834.0,517754.0
2021-06-23 09:00:00,5433.0,5458.0,5430.0,5458.0,59795.0,517754.0,518370.0
2021-06-23 10:00:00,5458.0,5469.0,5456.0,5464.0,33429.0,518370.0,514051.0
2021-06-23 11:00:00,5464.0,5472.0,5463.0,5472.0,15982.0,514051.0,512468.0
2021-06-23 13:00:00,5472.0,5480.0,5454.0,5469.0,28898.0,512468.0,508953.0
2021-06-23 14:00:00,5469.0,5482.0,5465.0,5475.0,41770.0,508953.0,502003.0
2021-06-23 21:00:00,5483.0,5542.0,5481.0,5539.0,124010.0,502003.0,487430.0
2021-06-23 22:00:00,5539.0,5541.0,5499.0,5514.0,70640.0,487430.0,478605.0
2021-06-24 09:00:00,5517.0,5518.0,5493.0,5500.0,54264.0,478605.0,476373.0
2021-06-24 10:00:00,5500.0,5510.0,5486.0,5505.0,33207.0,476373.0,473233.0
2021-06-24 11:00:00,5505.0,5510.0,5503.0,5507.0,12631.0,473233.0,472768.0
2021-06-24 13:00:00,5507.0,5509.0,5496.0,5509.0,17348.0,472768.0,471679.0
2021-06-24 14:00:00,5509.0,5509.0,5488.0,5498.0,34480.0,471679.0,466390.0
2021-06-24 21:00:00,5494.0,5498.0,5472.0,5482.0,70094.0,466390.0,467091.0
2021-06-24 22:00:00,5482.0,5503.0,5475.0,5500.0,37613.0,467091.0,467303.0
2021-06-25 09:00:00,5518.0,5542.0,5515.0,5538.0,84471.0,467303.0,466649.0
2021-06-25 10:00:00,5538.0,5546.0,5532.0,5546.0,26639.0,466649.0,466587.0
2021-06-25 11:00:00,5546.0,5550.0,5541.0,5550.0,17980.0,466587.0,465977.0
2021-06-25 13:00:00,5549.0,5554.0,5543.0,5548.0,23549.0,465977.0,467209.0
2021-06-25 14:00:00,5548.0,5549.0,5529.0,5539.0,47305.0,467209.0,462754.0
2021-06-25 21:00:00,5537.0,5543.0,5523.0,5534.0,63168.0,462754.0,465788.0
2021-06-25 22:00:00,5534.0,5536.0,5523.0,5530.0,33520.0,465788.0,461860.0
2021-06-28 09:00:00,5535.0,5584.0,5535.0,5556.0,108385.0,461860.0,461391.0
2021-06-28 10:00:00,5556.0,5558.0,5537.0,5546.0,39481.0,461391.0,462068.0
2021-06-28 11:00:00,5546.0,5546.0,5528.0,5534.0,22120.0,462068.0,463132.0
2021-06-28 13:00:00,5533.0,5543.0,5529.0,5531.0,16440.0,463132.0,464143.0
2021-06-28 14:00:00,5531.0,5548.0,5520.0,5545.0,43897.0,464143.0,461271.0
2021-06-28 21:00:00,5545.0,5565.0,5535.0,5562.0,61277.0,461271.0,464293.0
2021-06-28 22:00:00,5562.0,5580.0,5558.0,5578.0,57191.0,464293.0,459050.0
2021-06-29 09:00:00,5580.0,5589.0,5563.0,5589.0,64200.0,459050.0,461081.0
2021-06-29 10:00:00,5589.0,5595.0,5581.0,5581.0,45976.0,461081.0,464768.0
2021-06-29 11:00:00,5581.0,5590.0,5562.0,5574.0,37650.0,464768.0,460209.0
2021-06-29 13:00:00,5573.0,5585.0,5568.0,5581.0,18326.0,460209.0,460960.0
2021-06-29 14:00:00,5581.0,5593.0,5579.0,5588.0,40436.0,460960.0,460847.0
2021-06-29 21:00:00,5590.0,5598.0,5568.0,5573.0,62916.0,460847.0,459626.0
2021-06-29 22:00:00,5573.0,5581.0,5566.0,5576.0,28007.0,459626.0,454443.0
2021-06-30 09:00:00,5575.0,5595.0,5575.0,5582.0,50596.0,454443.0,458056.0
2021-06-30 10:00:00,5582.0,5584.0,5564.0,5568.0,37147.0,458056.0,456558.0
2021-06-30 11:00:00,5568.0,5587.0,5562.0,5585.0,24726.0,456558.0,454392.0
2021-06-30 13:00:00,5586.0,5601.0,5582.0,5595.0,58541.0,454392.0,456926.0
2021-06-30 14:00:00,5595.0,5607.0,5592.0,5605.0,66254.0,456926.0,461122.0
2021-06-30 21:00:00,5606.0,5621.0,5604.0,5618.0,90512.0,461122.0,464868.0
2021-06-30 22:00:00,5618.0,5628.0,5609.0,5613.0,52076.0,464868.0,463157.0
2021-07-01 09:00:00,5629.0,5644.0,5606.0,5617.0,96073.0,463157.0,466642.0
2021-07-01 10:00:00,5617.0,5619.0,5598.0,5604.0,39259.0,466642.0,467283.0
2021-07-01 11:00:00,5604.0,5611.0,5598.0,5610.0,17500.0,467283.0,466795.0
2021-07-01 13:00:00,5612.0,5632.0,5612.0,5628.0,30558.0,466795.0,467294.0
2021-07-01 14:00:00,5628.0,5631.0,5614.0,5616.0,46880.0,467294.0,464729.0
2021-07-01 21:00:00,5640.0,5712.0,5640.0,5694.0,173295.0,464729.0,474727.0
2021-07-01 22:00:00,5694.0,5697.0,5645.0,5659.0,80460.0,474727.0,458102.0
2021-07-02 09:00:00,5650.0,5650.0,5626.0,5632.0,64021.0,458102.0,456027.0
2021-07-02 10:00:00,5632.0,5646.0,5624.0,5646.0,31978.0,456027.0,456358.0
2021-07-02 11:00:00,5646.0,5655.0,5642.0,5654.0,23357.0,456358.0,457097.0
2021-07-02 13:00:00,5653.0,5668.0,5650.0,5651.0,32564.0,457097.0,459461.0
2021-07-02 14:00:00,5651.0,5674.0,5650.0,5668.0,44296.0,459461.0,458368.0
2021-07-02 21:00:00,5692.0,5697.0,5644.0,5645.0,85127.0,458368.0,464132.0
2021-07-02 22:00:00,5645.0,5663.0,5636.0,5652.0,45689.0,464132.0,460069.0
2021-07-05 09:00:00,5653.0,5679.0,5630.0,5634.0,74580.0,460069.0,458246.0
2021-07-05 10:00:00,5634.0,5662.0,5630.0,5651.0,35706.0,458246.0,458207.0
2021-07-05 11:00:00,5651.0,5661.0,5646.0,5650.0,13510.0,458207.0,458922.0
2021-07-05 13:00:00,5650.0,5657.0,5634.0,5635.0,24920.0,458922.0,459939.0
2021-07-05 14:00:00,5635.0,5655.0,5631.0,5648.0,41056.0,459939.0,457496.0
2021-07-05 21:00:00,5649.0,5671.0,5643.0,5658.0,71295.0,457496.0,464692.0
2021-07-05 22:00:00,5658.0,5667.0,5647.0,5661.0,35624.0,464692.0,461567.0
2021-07-06 09:00:00,5662.0,5688.0,5655.0,5659.0,61618.0,461567.0,461575.0
2021-07-06 10:00:00,5659.0,5665.0,5653.0,5659.0,19178.0,461575.0,461836.0
2021-07-06 11:00:00,5659.0,5663.0,5647.0,5651.0,17670.0,461836.0,461997.0
2021-07-06 13:00:00,5651.0,5656.0,5641.0,5650.0,21264.0,461997.0,463751.0
2021-07-06 14:00:00,5650.0,5673.0,5644.0,5672.0,46047.0,463751.0,458551.0
2021-07-06 21:00:00,5668.0,5670.0,5593.0,5595.0,145454.0,458551.0,461904.0
2021-07-06 22:00:00,5595.0,5602.0,5565.0,5596.0,112467.0,461904.0,447103.0
2021-07-07 09:00:00,5595.0,5595.0,5575.0,5583.0,57137.0,447103.0,449100.0
2021-07-07 10:00:00,5583.0,5585.0,5572.0,5575.0,25059.0,449100.0,449117.0
2021-07-07 11:00:00,5575.0,5585.0,5570.0,5574.0,14906.0,449117.0,448558.0
2021-07-07 13:00:00,5575.0,5607.0,5573.0,5603.0,29258.0,448558.0,448445.0
2021-07-07 14:00:00,5603.0,5611.0,5591.0,5604.0,41969.0,448445.0,444054.0
2021-07-07 21:00:00,5586.0,5611.0,5576.0,5605.0,88537.0,444054.0,449440.0
2021-07-07 22:00:00,5605.0,5609.0,5553.0,5579.0,73347.0,449440.0,441132.0
2021-07-08 09:00:00,5594.0,5600.0,5566.0,5574.0,53865.0,441132.0,437823.0
2021-07-08 10:00:00,5574.0,5579.0,5561.0,5573.0,27615.0,437823.0,433956.0
2021-07-08 11:00:00,5573.0,5584.0,5571.0,5575.0,14820.0,433956.0,431855.0
2021-07-08 13:00:00,5576.0,5592.0,5570.0,5591.0,21725.0,431855.0,432419.0
2021-07-08 14:00:00,5591.0,5602.0,5579.0,5592.0,38315.0,432419.0,428772.0
2021-07-08 21:00:00,5578.0,5589.0,5566.0,5589.0,68526.0,428772.0,430791.0
2021-07-08 22:00:00,5589.0,5589.0,5554.0,5557.0,50082.0,430791.0,430765.0
2021-07-09 09:00:00,5547.0,5547.0,5508.0,5514.0,145205.0,430765.0,432152.0
2021-07-09 10:00:00,5514.0,5521.0,5510.0,5511.0,30763.0,432152.0,431097.0
2021-07-09 11:00:00,5511.0,5521.0,5506.0,5520.0,20941.0,431097.0,431577.0
2021-07-09 13:00:00,5521.0,5533.0,5514.0,5517.0,34859.0,431577.0,428440.0
2021-07-09 14:00:00,5517.0,5522.0,5511.0,5517.0,41172.0,428440.0,422705.0
2021-07-09 21:00:00,5506.0,5581.0,5501.0,5572.0,119101.0,422705.0,425892.0
2021-07-09 22:00:00,5572.0,5581.0,5564.0,5569.0,49901.0,425892.0,420225.0
2021-07-12 09:00:00,5559.0,5561.0,5538.0,5541.0,64437.0,420225.0,420492.0
2021-07-12 10:00:00,5541.0,5555.0,5539.0,5554.0,25126.0,420492.0,419776.0
2021-07-12 11:00:00,5554.0,5559.0,5550.0,5551.0,13765.0,419776.0,419563.0
2021-07-12 13:00:00,5551.0,5557.0,5545.0,5554.0,16049.0,419563.0,418156.0
2021-07-12 14:00:00,5554.0,5555.0,5531.0,5554.0,45465.0,418156.0,414294.0
2021-07-12 21:00:00,5539.0,5556.0,5533.0,5548.0,61579.0,414294.0,417365.0
2021-07-12 22:00:00,5548.0,5553.0,5542.0,5546.0,24843.0,417365.0,416951.0
2021-07-13 09:00:00,5545.0,5552.0,5536.0,5544.0,32493.0,416951.0,417362.0
2021-07-13 10:00:00,5544.0,5544.0,5531.0,5537.0,25117.0,417362.0,418248.0
2021-07-13 11:00:00,5537.0,5537.0,5505.0,5507.0,42869.0,418248.0,420105.0
2021-07-13 13:00:00,5506.0,5509.0,5476.0,5479.0,77279.0,420105.0,424858.0
2021-07-13 14:00:00,5479.0,5485.0,5466.0,5481.0,101459.0,424858.0,426750.0
2021-07-13 21:00:00,5466.0,5495.0,5465.0,5481.0,75011.0,426750.0,426967.0
2021-07-13 22:00:00,5481.0,5484.0,5470.0,5472.0,28926.0,426967.0,427570.0
2021-07-14 09:00:00,5488.0,5509.0,5488.0,5504.0,72011.0,427570.0,427414.0
2021-07-14 10:00:00,5504.0,5523.0,5494.0,5520.0,40598.0,427414.0,424744.0
2021-07-14 11:00:00,5520.0,5521.0,5496.0,5503.0,24179.0,424744.0,423129.0
2021-07-14 13:00:00,5503.0,5515.0,5503.0,5508.0,18013.0,423129.0,422956.0
2021-07-14 14:00:00,5508.0,5516.0,5500.0,5510.0,43694.0,422956.0,422308.0
2021-07-14 21:00:00,5514.0,5535.0,5508.0,5527.0,91587.0,422308.0,429771.0
2021-07-14 22:00:00,5527.0,5541.0,5516.0,5524.0,55739.0,429771.0,422902.0
2021-07-15 09:00:00,5513.0,5515.0,5481.0,5487.0,74201.0,422902.0,423836.0
2021-07-15 10:00:00,5487.0,5508.0,5486.0,5501.0,38698.0,423836.0,422581.0
2021-07-15 11:00:00,5501.0,5530.0,5500.0,5516.0,38485.0,422581.0,421748.0
2021-07-15 13:00:00,5516.0,5528.0,5513.0,5524.0,23403.0,421748.0,422816.0
2021-07-15 14:00:00,5524.0,5528.0,5514.0,5520.0,41804.0,422816.0,419641.0
2021-07-15 21:00:00,5516.0,5524.0,5473.0,5488.0,136560.0,419641.0,441691.0
2021-07-15 22:00:00,5488.0,5493.0,5473.0,5491.0,49530.0,441691.0,443684.0
2021-07-16 09:00:00,5507.0,5548.0,5507.0,5543.0,115640.0,443684.0,431966.0
2021-07-16 10:00:00,5543.0,5544.0,5521.0,5523.0,35479.0,431966.0,429292.0
2021-07-16 11:00:00,5523.0,5538.0,5521.0,5532.0,22056.0,429292.0,428371.0
2021-07-16 13:00:00,5532.0,5542.0,5526.0,5537.0,22879.0,428371.0,428251.0
2021-07-16 14:00:00,5537.0,5539.0,5526.0,5526.0,42219.0,428251.0,422840.0
2021-07-16 21:00:00,5538.0,5588.0,5529.0,5583.0,144077.0,422840.0,421302.0
2021-07-16 22:00:00,5583.0,5593.0,5570.0,5591.0,64641.0,421302.0,417546.0
2021-07-19 09:00:00,5593.0,5621.0,5582.0,5597.0,113156.0,417546.0,418386.0
2021-07-19 10:00:00,5597.0,5603.0,5577.0,5584.0,36683.0,418386.0,416338.0
2021-07-19 11:00:00,5584.0,5607.0,5584.0,5602.0,18200.0,416338.0,415758.0
2021-07-19 13:00:00,5602.0,5615.0,5598.0,5613.0,21442.0,415758.0,417798.0
2021-07-19 14:00:00,5613.0,5618.0,5598.0,5609.0,46932.0,417798.0,413073.0
2021-07-19 21:00:00,5580.0,5605.0,5572.0,5581.0,93938.0,413073.0,410000.0
2021-07-19 22:00:00,5581.0,5581.0,5516.0,5540.0,144058.0,410000.0,388472.0
2021-07-20 09:00:00,5536.0,5553.0,5528.0,5549.0,49929.0,388472.0,386750.0
2021-07-20 10:00:00,5549.0,5556.0,5536.0,5555.0,20123.0,386750.0,387539.0
2021-07-20 11:00:00,5555.0,5575.0,5551.0,5558.0,28290.0,387539.0,386637.0
2021-07-20 13:00:00,5558.0,5578.0,5558.0,5578.0,16120.0,386637.0,389328.0
2021-07-20 14:00:00,5578.0,5584.0,5564.0,5570.0,38081.0,389328.0,386081.0
2021-07-20 21:00:00,5573.0,5607.0,5571.0,5595.0,83955.0,386081.0,390202.0
2021-07-20 22:00:00,5595.0,5600.0,5584.0,5594.0,35894.0,390202.0,388607.0
2021-07-21 09:00:00,5595.0,5614.0,5577.0,5613.0,64264.0,388607.0,396605.0
2021-07-21 10:00:00,5613.0,5616.0,5574.0,5581.0,49353.0,396605.0,392925.0
2021-07-21 11:00:00,5581.0,5581.0,5563.0,5576.0,30239.0,392925.0,390902.0
2021-07-21 13:00:00,5575.0,5590.0,5575.0,5586.0,17001.0,390902.0,389853.0
2021-07-21 14:00:00,5586.0,5594.0,5584.0,5594.0,31115.0,389853.0,388119.0
2021-07-21 21:00:00,5597.0,5620.0,5593.0,5612.0,91496.0,388119.0,393103.0
2021-07-21 22:00:00,5612.0,5615.0,5588.0,5604.0,49291.0,393103.0,388175.0
2021-07-22 09:00:00,5615.0,5640.0,5606.0,5628.0,94180.0,388175.0,396185.0
2021-07-22 10:00:00,5628.0,5631.0,5608.0,5616.0,33836.0,396185.0,396575.0
2021-07-22 11:00:00,5616.0,5625.0,5613.0,5617.0,14362.0,396575.0,396210.0
2021-07-22 13:00:00,5616.0,5619.0,5602.0,5607.0,20736.0,396210.0,395185.0
2021-07-22 14:00:00,5607.0,5630.0,5605.0,5625.0,50924.0,395185.0,395146.0
2021-07-22 21:00:00,5625.0,5635.0,5606.0,5614.0,76479.0,395146.0,396538.0
2021-07-22 22:00:00,5614.0,5623.0,5610.0,5613.0,37061.0,396538.0,392685.0
2021-07-23 09:00:00,5611.0,5613.0,5580.0,5592.0,69505.0,392685.0,393655.0
2021-07-23 10:00:00,5592.0,5592.0,5571.0,5580.0,52663.0,393655.0,388997.0
2021-07-23 11:00:00,5580.0,5606.0,5579.0,5601.0,34516.0,388997.0,384130.0
2021-07-23 13:00:00,5601.0,5613.0,5588.0,5597.0,29708.0,384130.0,380921.0
2021-07-23 14:00:00,5597.0,5602.0,5572.0,5599.0,54726.0,380921.0,375437.0
2021-07-23 21:00:00,5636.0,5649.0,5623.0,5627.0,130380.0,375437.0,377509.0
2021-07-23 22:00:00,5627.0,5644.0,5619.0,5628.0,46406.0,377509.0,373535.0
2021-07-26 09:00:00,5630.0,5646.0,5611.0,5615.0,85674.0,373535.0,369676.0
2021-07-26 10:00:00,5615.0,5615.0,5588.0,5588.0,50304.0,369676.0,369282.0
2021-07-26 11:00:00,5588.0,5599.0,5583.0,5590.0,29702.0,369282.0,367218.0
2021-07-26 13:00:00,5589.0,5590.0,5543.0,5545.0,86515.0,367218.0,360784.0
2021-07-26 14:00:00,5545.0,5559.0,5540.0,5544.0,72300.0,360784.0,355311.0
2021-07-26 21:00:00,5575.0,5591.0,5565.0,5588.0,96244.0,355311.0,346502.0
2021-07-26 22:00:00,5588.0,5595.0,5584.0,5592.0,37632.0,346502.0,343081.0
2021-07-27 09:00:00,5608.0,5645.0,5608.0,5645.0,121992.0,343081.0,345220.0
2021-07-27 10:00:00,5645.0,5659.0,5644.0,5654.0,53373.0,345220.0,348080.0
2021-07-27 11:00:00,5654.0,5667.0,5645.0,5652.0,38915.0,348080.0,351013.0
2021-07-27 13:00:00,5650.0,5667.0,5649.0,5656.0,30172.0,351013.0,352764.0
2021-07-27 14:00:00,5656.0,5663.0,5634.0,5654.0,69358.0,352764.0,344736.0
2021-07-27 21:00:00,5659.0,5677.0,5643.0,5644.0,111949.0,344736.0,345854.0
2021-07-27 22:00:00,5644.0,5659.0,5642.0,5651.0,38319.0,345854.0,343728.0
2021-07-28 09:00:00,5634.0,5648.0,5617.0,5647.0,53855.0,343728.0,343618.0
2021-07-28 10:00:00,5647.0,5654.0,5641.0,5646.0,21101.0,343618.0,344572.0
2021-07-28 11:00:00,5646.0,5658.0,5643.0,5647.0,16051.0,344572.0,344710.0
2021-07-28 13:00:00,5647.0,5650.0,5640.0,5647.0,14084.0,344710.0,344372.0
2021-07-28 14:00:00,5647.0,5647.0,5627.0,5641.0,37484.0,344372.0,341220.0
2021-07-28 21:00:00,5659.0,5670.0,5633.0,5638.0,83296.0,341220.0,342168.0
2021-07-28 22:00:00,5638.0,5647.0,5629.0,5644.0,37590.0,342168.0,340257.0
2021-07-29 09:00:00,5645.0,5665.0,5645.0,5657.0,39143.0,340257.0,343146.0
2021-07-29 10:00:00,5657.0,5667.0,5653.0,5662.0,23717.0,343146.0,344781.0
2021-07-29 11:00:00,5662.0,5668.0,5659.0,5660.0,15309.0,344781.0,345659.0
2021-07-29 13:00:00,5660.0,5667.0,5654.0,5666.0,18358.0,345659.0,344576.0
2021-07-29 14:00:00,5666.0,5682.0,5664.0,5675.0,54345.0,344576.0,347166.0
2021-07-29 21:00:00,5664.0,5670.0,5629.0,5639.0,101719.0,347166.0,348752.0
2021-07-29 22:00:00,5639.0,5643.0,5615.0,5626.0,53739.0,348752.0,346508.0
2021-07-30 09:00:00,5625.0,5633.0,5605.0,5612.0,71805.0,346508.0,340744.0
2021-07-30 10:00:00,5612.0,5615.0,5603.0,5612.0,35601.0,340744.0,341202.0
2021-07-30 11:00:00,5612.0,5622.0,5605.0,5606.0,19375.0,341202.0,339991.0
2021-07-30 13:00:00,5607.0,5615.0,5600.0,5614.0,21648.0,339991.0,340161.0
2021-07-30 14:00:00,5614.0,5625.0,5610.0,5621.0,41664.0,340161.0,335790.0
2021-07-30 21:00:00,5617.0,5619.0,5582.0,5615.0,72152.0,335790.0,332286.0
2021-07-30 22:00:00,5615.0,5615.0,5576.0,5598.0,61757.0,332286.0,328143.0
2021-08-02 09:00:00,5579.0,5579.0,5550.0,5555.0,88662.0,328143.0,326316.0
2021-08-02 10:00:00,5555.0,5596.0,5554.0,5592.0,38641.0,326316.0,321049.0
2021-08-02 11:00:00,5592.0,5598.0,5583.0,5597.0,19517.0,321049.0,318114.0
2021-08-02 13:00:00,5597.0,5605.0,5591.0,5595.0,19284.0,318114.0,316768.0
2021-08-02 14:00:00,5595.0,5601.0,5567.0,5582.0,42705.0,316768.0,312817.0
2021-08-02 21:00:00,5590.0,5601.0,5575.0,5578.0,53760.0,312817.0,310741.0
2021-08-02 22:00:00,5578.0,5585.0,5567.0,5569.0,36397.0,310741.0,307282.0
2021-08-03 09:00:00,5570.0,5586.0,5559.0,5580.0,59464.0,307282.0,306467.0
2021-08-03 10:00:00,5580.0,5583.0,5558.0,5561.0,27272.0,306467.0,304804.0
2021-08-03 11:00:00,5561.0,5565.0,5554.0,5556.0,21775.0,304804.0,303832.0
2021-08-03 13:00:00,5556.0,5561.0,5551.0,5554.0,19618.0,303832.0,303511.0
2021-08-03 14:00:00,5554.0,5566.0,5550.0,5556.0,44369.0,303511.0,296324.0
2021-08-03 21:00:00,5555.0,5576.0,5524.0,5561.0,76631.0,296324.0,295376.0
2021-08-03 22:00:00,5561.0,5580.0,5556.0,5577.0,36857.0,295376.0,291906.0
2021-08-04 09:00:00,5569.0,5579.0,5560.0,5567.0,35175.0,291906.0,291216.0
2021-08-04 10:00:00,5567.0,5569.0,5559.0,5562.0,19192.0,291216.0,292538.0
2021-08-04 11:00:00,5562.0,5565.0,5556.0,5565.0,15425.0,292538.0,292948.0
2021-08-04 13:00:00,5565.0,5588.0,5564.0,5585.0,37279.0,292948.0,290747.0
2021-08-04 14:00:00,5585.0,5586.0,5566.0,5576.0,34282.0,290747.0,287795.0
2021-08-04 21:00:00,5570.0,5575.0,5547.0,5551.0,74822.0,287795.0,293963.0
2021-08-04 22:00:00,5551.0,5564.0,5542.0,5558.0,42493.0,293963.0,290954.0
2021-08-05 09:00:00,5557.0,5561.0,5537.0,5557.0,50037.0,290954.0,291126.0
2021-08-05 10:00:00,5557.0,5576.0,5556.0,5572.0,37071.0,291126.0,285254.0
2021-08-05 11:00:00,5572.0,5584.0,5569.0,5575.0,23834.0,285254.0,283214.0
2021-08-05 13:00:00,5575.0,5581.0,5570.0,5575.0,13615.0,283214.0,283149.0
2021-08-05 14:00:00,5575.0,5578.0,5566.0,5578.0,29704.0,283149.0,279226.0
2021-08-05 21:00:00,5607.0,5628.0,5589.0,5622.0,121559.0,279226.0,273566.0
2021-08-05 22:00:00,5622.0,5626.0,5611.0,5619.0,43550.0,273566.0,273323.0
2021-08-06 09:00:00,5630.0,5679.0,5630.0,5679.0,133708.0,273323.0,283816.0
2021-08-06 10:00:00,5679.0,5686.0,5668.0,5674.0,40783.0,283816.0,283191.0
2021-08-06 11:00:00,5674.0,5677.0,5657.0,5665.0,21994.0,283191.0,280123.0
2021-08-06 13:00:00,5664.0,5667.0,5658.0,5664.0,18495.0,280123.0,278565.0
2021-08-06 14:00:00,5664.0,5682.0,5662.0,5680.0,50269.0,278565.0,275329.0
2021-08-06 21:00:00,5688.0,5696.0,5679.0,5684.0,74389.0,275329.0,276304.0
2021-08-06 22:00:00,5684.0,5693.0,5677.0,5693.0,37616.0,276304.0,275968.0
2021-08-09 09:00:00,5685.0,5687.0,5667.0,5671.0,64588.0,275968.0,267922.0
2021-08-09 10:00:00,5671.0,5693.0,5671.0,5688.0,23857.0,267922.0,267955.0
2021-08-09 11:00:00,5688.0,5691.0,5681.0,5688.0,13410.0,267955.0,267764.0
2021-08-09 13:00:00,5688.0,5693.0,5684.0,5691.0,15953.0,267764.0,268446.0
2021-08-09 14:00:00,5691.0,5697.0,5674.0,5690.0,44230.0,268446.0,265078.0
2021-08-09 21:00:00,5661.0,5670.0,5621.0,5629.0,117942.0,265078.0,249965.0
2021-08-09 22:00:00,5629.0,5631.0,5610.0,5611.0,43347.0,249965.0,246682.0
2021-08-10 09:00:00,5620.0,5634.0,5615.0,5630.0,55949.0,246682.0,241362.0
2021-08-10 10:00:00,5630.0,5632.0,5618.0,5620.0,20388.0,241362.0,237850.0
2021-08-10 11:00:00,5620.0,5626.0,5615.0,5623.0,11544.0,237850.0,236803.0
2021-08-10 13:00:00,5624.0,5633.0,5623.0,5624.0,12813.0,236803.0,235223.0
2021-08-10 14:00:00,5624.0,5630.0,5617.0,5628.0,33436.0,235223.0,228925.0
2021-08-10 21:00:00,5686.0,5699.0,5657.0,5670.0,104465.0,228925.0,222419.0
2021-08-10 22:00:00,5670.0,5678.0,5648.0,5670.0,45252.0,222419.0,219406.0
2021-08-11 09:00:00,5679.0,5713.0,5670.0,5670.0,80235.0,219406.0,210337.0
2021-08-11 10:00:00,5670.0,5676.0,5653.0,5660.0,36031.0,210337.0,206506.0
2021-08-11 11:00:00,5660.0,5666.0,5652.0,5661.0,22048.0,206506.0,202955.0
2021-08-11 13:00:00,5663.0,5667.0,5654.0,5661.0,29562.0,202955.0,197074.0
2021-08-11 14:00:00,5661.0,5664.0,5651.0,5652.0,48188.0,197074.0,187201.0
2021-08-11 21:00:00,5939.0,5949.0,5926.0,5939.0,48403.0,187201.0,326794.0
2021-08-11 22:00:00,5939.0,5945.0,5932.0,5937.0,17243.0,326794.0,327250.0
2021-08-12 09:00:00,5938.0,5950.0,5938.0,5946.0,24609.0,327250.0,327824.0
2021-08-12 10:00:00,5946.0,5963.0,5945.0,5959.0,21178.0,327824.0,330634.0
2021-08-12 11:00:00,5959.0,5970.0,5959.0,5970.0,13020.0,330634.0,333387.0
2021-08-12 13:00:00,5970.0,5981.0,5967.0,5968.0,22548.0,333387.0,337445.0
2021-08-12 14:00:00,5968.0,5972.0,5911.0,5920.0,58886.0,337445.0,335409.0
2021-08-12 21:00:00,5929.0,5948.0,5923.0,5941.0,64146.0,335409.0,344605.0
2021-08-12 22:00:00,5941.0,5947.0,5932.0,5940.0,22058.0,344605.0,345639.0
2021-08-13 09:00:00,5943.0,5974.0,5943.0,5959.0,54540.0,345639.0,351012.0
2021-08-13 10:00:00,5959.0,5982.0,5957.0,5967.0,44228.0,351012.0,359035.0
2021-08-13 11:00:00,5967.0,5980.0,5963.0,5973.0,20269.0,359035.0,360593.0
2021-08-13 13:00:00,5973.0,6004.0,5973.0,5987.0,65323.0,360593.0,382602.0
2021-08-13 14:00:00,5987.0,6015.0,5967.0,6007.0,96584.0,382602.0,394993.0
2021-08-13 21:00:00,6017.0,6040.0,5999.0,6020.0,108607.0,394993.0,407237.0
2021-08-13 22:00:00,6020.0,6031.0,6014.0,6019.0,41529.0,407237.0,408686.0
2021-08-16 09:00:00,6033.0,6078.0,6033.0,6052.0,119689.0,408686.0,428840.0
2021-08-16 10:00:00,6052.0,6054.0,6015.0,6018.0,50706.0,428840.0,428127.0
2021-08-16 11:00:00,6018.0,6049.0,6016.0,6048.0,26826.0,428127.0,428765.0
2021-08-16 13:00:00,6049.0,6053.0,6031.0,6037.0,24867.0,428765.0,430611.0
2021-08-16 14:00:00,6037.0,6048.0,6028.0,6039.0,40382.0,430611.0,431555.0
2021-08-16 21:00:00,6030.0,6038.0,6010.0,6020.0,61080.0,431555.0,435358.0
2021-08-16 22:00:00,6020.0,6030.0,6020.0,6027.0,20472.0,435358.0,433701.0
2021-08-17 09:00:00,6027.0,6048.0,6023.0,6042.0,58724.0,433701.0,442895.0
2021-08-17 10:00:00,6042.0,6048.0,6032.0,6037.0,34359.0,442895.0,446503.0
2021-08-17 11:00:00,6037.0,6038.0,6016.0,6028.0,30201.0,446503.0,447100.0
2021-08-17 13:00:00,6027.0,6045.0,6022.0,6041.0,27221.0,447100.0,448400.0
2021-08-17 14:00:00,6041.0,6045.0,6023.0,6034.0,38820.0,448400.0,446085.0
2021-08-17 21:00:00,6042.0,6045.0,6018.0,6027.0,68201.0,446085.0,453122.0
2021-08-17 22:00:00,6027.0,6033.0,6002.0,6024.0,52309.0,453122.0,450702.0
2021-08-18 09:00:00,6022.0,6032.0,5973.0,5974.0,103749.0,450702.0,440729.0
2021-08-18 10:00:00,5974.0,5984.0,5952.0,5984.0,76502.0,440729.0,434191.0
2021-08-18 11:00:00,5984.0,5995.0,5978.0,5983.0,25136.0,434191.0,431678.0
2021-08-18 13:00:00,5985.0,5996.0,5985.0,5987.0,15737.0,431678.0,431155.0
2021-08-18 14:00:00,5987.0,5995.0,5977.0,5988.0,34995.0,431155.0,430827.0
2021-08-18 21:00:00,6001.0,6013.0,5968.0,5987.0,90271.0,430827.0,434468.0
2021-08-18 22:00:00,5987.0,5988.0,5923.0,5959.0,117910.0,434468.0,420958.0
2021-08-19 09:00:00,5960.0,5973.0,5947.0,5963.0,53851.0,420958.0,419056.0
2021-08-19 10:00:00,5963.0,5986.0,5959.0,5978.0,30923.0,419056.0,419295.0
2021-08-19 11:00:00,5978.0,5983.0,5975.0,5979.0,11402.0,419295.0,418705.0
2021-08-19 13:00:00,5979.0,5982.0,5970.0,5978.0,16199.0,418705.0,418220.0
2021-08-19 14:00:00,5978.0,5979.0,5956.0,5958.0,34693.0,418220.0,415795.0
2021-08-19 21:00:00,5932.0,5943.0,5905.0,5913.0,126551.0,415795.0,411052.0
2021-08-19 22:00:00,5913.0,5930.0,5905.0,5919.0,53595.0,411052.0,406114.0
2021-08-20 09:00:00,5919.0,5938.0,5914.0,5922.0,54131.0,406114.0,406571.0
2021-08-20 10:00:00,5922.0,5929.0,5909.0,5912.0,26468.0,406571.0,405822.0
2021-08-20 11:00:00,5912.0,5917.0,5895.0,5900.0,29196.0,405822.0,403437.0
2021-08-20 13:00:00,5900.0,5901.0,5880.0,5882.0,56511.0,403437.0,399965.0
2021-08-20 14:00:00,5882.0,5896.0,5868.0,5892.0,71374.0,399965.0,391648.0
2021-08-20 21:00:00,5877.0,5907.0,5875.0,5900.0,60201.0,391648.0,394650.0
2021-08-20 22:00:00,5900.0,5903.0,5883.0,5886.0,27462.0,394650.0,392808.0
2021-08-23 09:00:00,5868.0,5883.0,5853.0,5865.0,87237.0,392808.0,392430.0
2021-08-23 10:00:00,5865.0,5877.0,5856.0,5876.0,34493.0,392430.0,393461.0
2021-08-23 11:00:00,5876.0,5885.0,5870.0,5874.0,19542.0,393461.0,392457.0
2021-08-23 13:00:00,5874.0,5883.0,5872.0,5875.0,13352.0,392457.0,394163.0
2021-08-23 14:00:00,5875.0,5882.0,5866.0,5878.0,32949.0,394163.0,394145.0
2021-08-23 21:00:00,5878.0,5898.0,5877.0,5887.0,67085.0,394145.0,398864.0
2021-08-23 22:00:00,5887.0,5894.0,5882.0,5883.0,28448.0,398864.0,398358.0
2021-08-24 09:00:00,5890.0,5893.0,5870.0,5888.0,46032.0,398358.0,400930.0
2021-08-24 10:00:00,5888.0,5888.0,5870.0,5876.0,21252.0,400930.0,403000.0
2021-08-24 11:00:00,5876.0,5876.0,5860.0,5861.0,23297.0,403000.0,404097.0
2021-08-24 13:00:00,5861.0,5900.0,5861.0,5900.0,51895.0,404097.0,405332.0
2021-08-24 14:00:00,5900.0,5918.0,5898.0,5916.0,81400.0,405332.0,406899.0
2021-08-24 21:00:00,5922.0,5928.0,5905.0,5910.0,66314.0,406899.0,408891.0
2021-08-24 22:00:00,5910.0,5914.0,5881.0,5888.0,55889.0,408891.0,404991.0
2021-08-25 09:00:00,5883.0,5887.0,5866.0,5869.0,56332.0,404991.0,411834.0
2021-08-25 10:00:00,5869.0,5881.0,5863.0,5881.0,24821.0,411834.0,414438.0
2021-08-25 11:00:00,5881.0,5885.0,5870.0,5873.0,14385.0,414438.0,413985.0
2021-08-25 13:00:00,5874.0,5878.0,5866.0,5866.0,14364.0,413985.0,415666.0
2021-08-25 14:00:00,5866.0,5874.0,5861.0,5862.0,43533.0,415666.0,416287.0
2021-08-25 21:00:00,5873.0,5903.0,5841.0,5850.0,137685.0,416287.0,416895.0
2021-08-25 22:00:00,5850.0,5850.0,5830.0,5832.0,65092.0,416895.0,419468.0
2021-08-26 09:00:00,5859.0,5895.0,5850.0,5880.0,90480.0,419468.0,413304.0
2021-08-26 10:00:00,5880.0,5882.0,5863.0,5864.0,26637.0,413304.0,411719.0
2021-08-26 11:00:00,5864.0,5867.0,5857.0,5863.0,15827.0,411719.0,411333.0
2021-08-26 13:00:00,5863.0,5869.0,5858.0,5859.0,14260.0,411333.0,411854.0
2021-08-26 14:00:00,5859.0,5864.0,5852.0,5857.0,32223.0,411854.0,409134.0
2021-08-26 21:00:00,5854.0,5861.0,5818.0,5822.0,105043.0,409134.0,415236.0
2021-08-26 22:00:00,5822.0,5841.0,5818.0,5824.0,39850.0,415236.0,412803.0
2021-08-27 09:00:00,5829.0,5837.0,5816.0,5830.0,51474.0,412803.0,414611.0
2021-08-27 10:00:00,5830.0,5845.0,5830.0,5836.0,22656.0,414611.0,413477.0
2021-08-27 11:00:00,5836.0,5844.0,5834.0,5838.0,9670.0,413477.0,413405.0
2021-08-27 13:00:00,5839.0,5845.0,5835.0,5839.0,12976.0,413405.0,414815.0
2021-08-27 14:00:00,5839.0,5852.0,5832.0,5842.0,39431.0,414815.0,413481.0
2021-08-27 21:00:00,5860.0,5866.0,5826.0,5835.0,77527.0,413481.0,419438.0
2021-08-27 22:00:00,5835.0,5880.0,5831.0,5878.0,87538.0,419438.0,420307.0
2021-08-30 09:00:00,5881.0,5909.0,5875.0,5883.0,89825.0,420307.0,419716.0
2021-08-30 10:00:00,5883.0,5883.0,5856.0,5873.0,44687.0,419716.0,419539.0
2021-08-30 11:00:00,5873.0,5882.0,5871.0,5871.0,12861.0,419539.0,419012.0
2021-08-30 13:00:00,5874.0,5885.0,5871.0,5873.0,18630.0,419012.0,421633.0
2021-08-30 14:00:00,5873.0,5888.0,5870.0,5881.0,30891.0,421633.0,418911.0
2021-08-30 21:00:00,5892.0,5897.0,5865.0,5866.0,71753.0,418911.0,419244.0
2021-08-30 22:00:00,5866.0,5883.0,5864.0,5878.0,29239.0,419244.0,416838.0
2021-08-31 09:00:00,5879.0,5892.0,5868.0,5877.0,37547.0,416838.0,419872.0
2021-08-31 10:00:00,5877.0,5879.0,5866.0,5872.0,14639.0,419872.0,420392.0
2021-08-31 11:00:00,5872.0,5877.0,5855.0,5863.0,28667.0,420392.0,420908.0
2021-08-31 13:00:00,5863.0,5912.0,5863.0,5893.0,61190.0,420908.0,421972.0
2021-08-31 14:00:00,5893.0,5896.0,5864.0,5871.0,62231.0,421972.0,422555.0
2021-08-31 21:00:00,5865.0,5869.0,5824.0,5825.0,123933.0,422555.0,433119.0
2021-08-31 22:00:00,5825.0,5827.0,5811.0,5819.0,74434.0,433119.0,431971.0
2021-09-01 09:00:00,5821.0,5827.0,5811.0,5811.0,44550.0,431971.0,437700.0
2021-09-01 10:00:00,5811.0,5830.0,5810.0,5827.0,39954.0,437700.0,437582.0
2021-09-01 11:00:00,5827.0,5834.0,5818.0,5823.0,16117.0,437582.0,437964.0
2021-09-01 13:00:00,5823.0,5831.0,5816.0,5820.0,22137.0,437964.0,439044.0
2021-09-01 14:00:00,5820.0,5832.0,5818.0,5824.0,37577.0,439044.0,437853.0
2021-09-01 21:00:00,5829.0,5838.0,5824.0,5835.0,52616.0,437853.0,442589.0
2021-09-01 22:00:00,5835.0,5844.0,5833.0,5839.0,28091.0,442589.0,439633.0
2021-09-02 09:00:00,5827.0,5840.0,5820.0,5829.0,50455.0,439633.0,441735.0
2021-09-02 10:00:00,5829.0,5837.0,5824.0,5835.0,19803.0,441735.0,441846.0
2021-09-02 11:00:00,5835.0,5841.0,5832.0,5835.0,13638.0,441846.0,440732.0
2021-09-02 13:00:00,5835.0,5840.0,5829.0,5830.0,12094.0,440732.0,440934.0
2021-09-02 14:00:00,5830.0,5888.0,5825.0,5884.0,110963.0,440934.0,435110.0
2021-09-02 21:00:00,5881.0,5898.0,5872.0,5890.0,96047.0,435110.0,437770.0
2021-09-02 22:00:00,5890.0,5902.0,5884.0,5900.0,37316.0,437770.0,438210.0
2021-09-03 09:00:00,5900.0,5912.0,5892.0,5897.0,74600.0,438210.0,432382.0
2021-09-03 10:00:00,5897.0,5897.0,5877.0,5886.0,29553.0,432382.0,429947.0
2021-09-03 11:00:00,5886.0,5903.0,5884.0,5897.0,22654.0,429947.0,431221.0
2021-09-03 13:00:00,5897.0,5905.0,5893.0,5900.0,16434.0,431221.0,430668.0
2021-09-03 14:00:00,5900.0,5926.0,5897.0,5913.0,78192.0,430668.0,428521.0
2021-09-03 21:00:00,5905.0,5912.0,5891.0,5902.0,60966.0,428521.0,431501.0
2021-09-03 22:00:00,5902.0,5907.0,5888.0,5896.0,36286.0,431501.0,429157.0
2021-09-06 09:00:00,5890.0,5925.0,5878.0,5910.0,80708.0,429157.0,429366.0
2021-09-06 10:00:00,5910.0,5940.0,5910.0,5938.0,54252.0,429366.0,433802.0
2021-09-06 11:00:00,5938.0,5940.0,5929.0,5936.0,20181.0,433802.0,433224.0
2021-09-06 13:00:00,5935.0,5939.0,5930.0,5937.0,14928.0,433224.0,434770.0
2021-09-06 14:00:00,5937.0,5947.0,5933.0,5942.0,45238.0,434770.0,433632.0
2021-09-06 21:00:00,5945.0,5962.0,5927.0,5932.0,63606.0,433632.0,427434.0
2021-09-06 22:00:00,5932.0,5933.0,5920.0,5924.0,27767.0,427434.0,424764.0
2021-09-07 09:00:00,5923.0,5933.0,5921.0,5928.0,36337.0,424764.0,426631.0
2021-09-07 10:00:00,5928.0,5944.0,5923.0,5937.0,23693.0,426631.0,428589.0
2021-09-07 11:00:00,5937.0,5948.0,5935.0,5944.0,15760.0,428589.0,428674.0
2021-09-07 13:00:00,5945.0,5958.0,5941.0,5955.0,26872.0,428674.0,432436.0
2021-09-07 14:00:00,5955.0,5975.0,5953.0,5961.0,68429.0,432436.0,433776.0
2021-09-07 21:00:00,5957.0,5968.0,5942.0,5957.0,65307.0,433776.0,434317.0
2021-09-07 22:00:00,5957.0,5958.0,5935.0,5944.0,46620.0,434317.0,427490.0
2021-09-08 09:00:00,5935.0,5953.0,5931.0,5948.0,35533.0,427490.0,427580.0
2021-09-08 10:00:00,5948.0,5948.0,5935.0,5937.0,18433.0,427580.0,425168.0
2021-09-08 11:00:00,5937.0,5958.0,5935.0,5951.0,19711.0,425168.0,426345.0
2021-09-08 13:00:00,5951.0,5959.0,5950.0,5953.0,14413.0,426345.0,425996.0
2021-09-08 14:00:00,5953.0,5959.0,5945.0,5953.0,29709.0,425996.0,424810.0
2021-09-08 21:00:00,5961.0,5973.0,5949.0,5959.0,51258.0,424810.0,427676.0
2021-09-08 22:00:00,5959.0,5960.0,5932.0,5936.0,43450.0,427676.0,423498.0
2021-09-09 09:00:00,5935.0,5938.0,5912.0,5933.0,70304.0,423498.0,419505.0
2021-09-09 10:00:00,5933.0,5947.0,5929.0,5932.0,28143.0,419505.0,417996.0
2021-09-09 11:00:00,5932.0,5932.0,5921.0,5923.0,12507.0,417996.0,416337.0
2021-09-09 13:00:00,5923.0,5936.0,5918.0,5920.0,24607.0,416337.0,417396.0
2021-09-09 14:00:00,5920.0,5927.0,5905.0,5926.0,61237.0,417396.0,409982.0
2021-09-09 21:00:00,5894.0,5901.0,5840.0,5876.0,168067.0,409982.0,409679.0
2021-09-09 22:00:00,5876.0,5918.0,5869.0,5907.0,68927.0,409679.0,407963.0
2021-09-10 09:00:00,5889.0,5889.0,5853.0,5853.0,84140.0,407963.0,409842.0
2021-09-10 10:00:00,5853.0,5868.0,5850.0,5861.0,38600.0,409842.0,412867.0
2021-09-10 11:00:00,5861.0,5866.0,5851.0,5853.0,18282.0,412867.0,413427.0
2021-09-10 13:00:00,5854.0,5862.0,5850.0,5855.0,18634.0,413427.0,414850.0
2021-09-10 14:00:00,5855.0,5865.0,5852.0,5863.0,38562.0,414850.0,406953.0
2021-09-10 21:00:00,5848.0,5852.0,5825.0,5837.0,97509.0,406953.0,414491.0
2021-09-10 22:00:00,5837.0,5862.0,5835.0,5861.0,57899.0,414491.0,414160.0
2021-09-13 09:00:00,5861.0,5861.0,5835.0,5850.0,56613.0,414160.0,418408.0
2021-09-13 10:00:00,5850.0,5857.0,5842.0,5845.0,22282.0,418408.0,418671.0
2021-09-13 11:00:00,5845.0,5846.0,5833.0,5837.0,18095.0,418671.0,420914.0
2021-09-13 13:00:00,5837.0,5842.0,5833.0,5836.0,13776.0,420914.0,423380.0
2021-09-13 14:00:00,5836.0,5858.0,5827.0,5828.0,49916.0,423380.0,420486.0
2021-09-13 21:00:00,5834.0,5842.0,5824.0,5836.0,80044.0,420486.0,425804.0
2021-09-13 22:00:00,5836.0,5837.0,5819.0,5829.0,42447.0,425804.0,426368.0
2021-09-14 09:00:00,5849.0,5870.0,5841.0,5857.0,79064.0,426368.0,423161.0
2021-09-14 10:00:00,5857.0,5868.0,5844.0,5845.0,41625.0,423161.0,425498.0
2021-09-14 11:00:00,5845.0,5848.0,5836.0,5842.0,18405.0,425498.0,428372.0
2021-09-14 13:00:00,5842.0,5847.0,5834.0,5835.0,14849.0,428372.0,429380.0
2021-09-14 14:00:00,5835.0,5842.0,5830.0,5838.0,37022.0,429380.0,429239.0
2021-09-14 21:00:00,5825.0,5829.0,5769.0,5808.0,164969.0,429239.0,440118.0
2021-09-14 22:00:00,5808.0,5828.0,5801.0,5815.0,69901.0,440118.0,434693.0
2021-09-15 09:00:00,5817.0,5820.0,5795.0,5799.0,53579.0,434693.0,438302.0
2021-09-15 10:00:00,5799.0,5817.0,5798.0,5817.0,25916.0,438302.0,437168.0
2021-09-15 11:00:00,5817.0,5817.0,5799.0,5800.0,15687.0,437168.0,438353.0
2021-09-15 13:00:00,5800.0,5801.0,5780.0,5785.0,33847.0,438353.0,440492.0
2021-09-15 14:00:00,5785.0,5789.0,5774.0,5779.0,61412.0,440492.0,438945.0
2021-09-15 21:00:00,5818.0,5883.0,5810.0,5873.0,160183.0,438945.0,426117.0
2021-09-15 22:00:00,5873.0,5886.0,5866.0,5880.0,60642.0,426117.0,419866.0
2021-09-16 09:00:00,5885.0,5888.0,5869.0,5876.0,60382.0,419866.0,415664.0
2021-09-16 10:00:00,5876.0,5881.0,5872.0,5876.0,19928.0,415664.0,413379.0
2021-09-16 11:00:00,5876.0,5882.0,5874.0,5882.0,14099.0,413379.0,412048.0
2021-09-16 13:00:00,5882.0,5883.0,5861.0,5868.0,27424.0,412048.0,409636.0
2021-09-16 14:00:00,5868.0,5888.0,5861.0,5885.0,54129.0,409636.0,404812.0
2021-09-16 21:00:00,5881.0,5894.0,5852.0,5853.0,89777.0,404812.0,400011.0
2021-09-16 22:00:00,5853.0,5854.0,5820.0,5837.0,83809.0,400011.0,397485.0
2021-09-17 09:00:00,5847.0,5855.0,5831.0,5840.0,50457.0,397485.0,397113.0
2021-09-17 10:00:00,5840.0,5847.0,5838.0,5840.0,22427.0,397113.0,397140.0
2021-09-17 11:00:00,5840.0,5846.0,5833.0,5845.0,18533.0,397140.0,395603.0
2021-09-17 13:00:00,5845.0,5854.0,5837.0,5853.0,17917.0,395603.0,395035.0
2021-09-17 14:00:00,5853.0,5859.0,5845.0,5846.0,41100.0,395035.0,388069.0
2021-09-22 09:00:00,5801.0,5807.0,5762.0,5769.0,149294.0,388069.0,408150.0
2021-09-22 10:00:00,5769.0,5775.0,5763.0,5764.0,35654.0,408150.0,413869.0
2021-09-22 11:00:00,5764.0,5768.0,5761.0,5762.0,19464.0,413869.0,417725.0
2021-09-22 13:00:00,5769.0,5782.0,5762.0,5762.0,35695.0,417725.0,419164.0
2021-09-22 14:00:00,5762.0,5767.0,5755.0,5758.0,59652.0,419164.0,423011.0
2021-09-22 21:00:00,5782.0,5795.0,5764.0,5773.0,80370.0,423011.0,424710.0
2021-09-22 22:00:00,5773.0,5785.0,5770.0,5773.0,29087.0,424710.0,422065.0
2021-09-23 09:00:00,5776.0,5781.0,5762.0,5767.0,41404.0,422065.0,425638.0
2021-09-23 10:00:00,5767.0,5770.0,5756.0,5763.0,30608.0,425638.0,427595.0
2021-09-23 11:00:00,5763.0,5766.0,5753.0,5755.0,19203.0,427595.0,427412.0
2021-09-23 13:00:00,5755.0,5763.0,5751.0,5752.0,23169.0,427412.0,429425.0
2021-09-23 14:00:00,5752.0,5753.0,5737.0,5752.0,67310.0,429425.0,428355.0
2021-09-23 21:00:00,5752.0,5786.0,5751.0,5772.0,83120.0,428355.0,430563.0
2021-09-23 22:00:00,5772.0,5775.0,5761.0,5768.0,34555.0,430563.0,429826.0
2021-09-24 09:00:00,5771.0,5783.0,5768.0,5771.0,41416.0,429826.0,428627.0
2021-09-24 10:00:00,5771.0,5786.0,5767.0,5782.0,26817.0,428627.0,429027.0
2021-09-24 11:00:00,5782.0,5790.0,5781.0,5787.0,18085.0,429027.0,428868.0
2021-09-24 13:00:00,5790.0,5807.0,5784.0,5804.0,30019.0,428868.0,426046.0
2021-09-24 14:00:00,5804.0,5816.0,5803.0,5809.0,50592.0,426046.0,421917.0
2021-09-24 21:00:00,5786.0,5789.0,5710.0,5712.0,163619.0,421917.0,437195.0
2021-09-24 22:00:00,5712.0,5729.0,5709.0,5719.0,59888.0,437195.0,438318.0
2021-09-27 09:00:00,5720.0,5756.0,5720.0,5752.0,88015.0,438318.0,434887.0
2021-09-27 10:00:00,5752.0,5774.0,5745.0,5773.0,40500.0,434887.0,431242.0
2021-09-27 11:00:00,5773.0,5788.0,5769.0,5774.0,30524.0,431242.0,426159.0
2021-09-27 13:00:00,5776.0,5786.0,5772.0,5784.0,21383.0,426159.0,424842.0
2021-09-27 14:00:00,5784.0,5796.0,5774.0,5793.0,46206.0,424842.0,418810.0
2021-09-27 21:00:00,5763.0,5801.0,5749.0,5795.0,100561.0,418810.0,420650.0
2021-09-27 22:00:00,5795.0,5797.0,5777.0,5786.0,40168.0,420650.0,418102.0
2021-09-28 09:00:00,5780.0,5787.0,5752.0,5753.0,67039.0,418102.0,415567.0
2021-09-28 10:00:00,5753.0,5759.0,5732.0,5734.0,49331.0,415567.0,417760.0
2021-09-28 11:00:00,5734.0,5739.0,5715.0,5728.0,46801.0,417760.0,420271.0
2021-09-28 13:00:00,5729.0,5749.0,5727.0,5746.0,27775.0,420271.0,420294.0
2021-09-28 14:00:00,5746.0,5750.0,5732.0,5747.0,37689.0,420294.0,418353.0
2021-09-28 21:00:00,5738.0,5771.0,5734.0,5752.0,83922.0,418353.0,411967.0
2021-09-28 22:00:00,5752.0,5760.0,5740.0,5745.0,44474.0,411967.0,409448.0
2021-09-29 09:00:00,5753.0,5760.0,5742.0,5756.0,41117.0,409448.0,407808.0
2021-09-29 10:00:00,5756.0,5764.0,5739.0,5748.0,27773.0,407808.0,404672.0
2021-09-29 11:00:00,5748.0,5755.0,5743.0,5751.0,10309.0,404672.0,403628.0
2021-09-29 13:00:00,5752.0,5761.0,5747.0,5756.0,21845.0,403628.0,401465.0
2021-09-29 14:00:00,5756.0,5796.0,5755.0,5781.0,85438.0,401465.0,394931.0
2021-09-29 21:00:00,5787.0,5787.0,5747.0,5758.0,63835.0,394931.0,391691.0
2021-09-29 22:00:00,5758.0,5772.0,5755.0,5769.0,28111.0,391691.0,388924.0
2021-09-30 09:00:00,5760.0,5775.0,5746.0,5774.0,52302.0,388924.0,389722.0
2021-09-30 10:00:00,5774.0,5843.0,5773.0,5825.0,104390.0,389722.0,379523.0
2021-09-30 11:00:00,5825.0,5826.0,5807.0,5813.0,25416.0,379523.0,374703.0
2021-09-30 13:00:00,5812.0,5820.0,5805.0,5819.0,18522.0,374703.0,372813.0
2021-09-30 14:00:00,5819.0,5824.0,5787.0,5812.0,50506.0,372813.0,362755.0
2021-10-08 09:00:00,5820.0,5885.0,5818.0,5851.0,125784.0,362755.0,360176.0
2021-10-08 10:00:00,5851.0,5864.0,5835.0,5864.0,35382.0,360176.0,359945.0
2021-10-08 11:00:00,5864.0,5870.0,5859.0,5866.0,18107.0,359945.0,358771.0
2021-10-08 13:00:00,5865.0,5865.0,5857.0,5864.0,20175.0,358771.0,359392.0
2021-10-08 14:00:00,5864.0,5900.0,5864.0,5874.0,74356.0,359392.0,360736.0
2021-10-08 21:00:00,5882.0,5883.0,5850.0,5867.0,85111.0,360736.0,368910.0
2021-10-08 22:00:00,5867.0,5911.0,5864.0,5909.0,78718.0,368910.0,374118.0
2021-10-11 09:00:00,5913.0,5953.0,5913.0,5936.0,136361.0,374118.0,385276.0
2021-10-11 10:00:00,5936.0,5941.0,5915.0,5929.0,38572.0,385276.0,384918.0
2021-10-11 11:00:00,5929.0,5946.0,5926.0,5940.0,21096.0,384918.0,386940.0
2021-10-11 13:00:00,5941.0,5948.0,5940.0,5940.0,16300.0,386940.0,388467.0
2021-10-11 14:00:00,5940.0,5962.0,5935.0,5948.0,67693.0,388467.0,391583.0
2021-10-11 21:00:00,5949.0,5995.0,5929.0,5993.0,140791.0,391583.0,399277.0
2021-10-11 22:00:00,5993.0,5996.0,5952.0,5965.0,74579.0,399277.0,393677.0
2021-10-12 09:00:00,5953.0,5960.0,5924.0,5927.0,81866.0,393677.0,390134.0
2021-10-12 10:00:00,5927.0,5949.0,5926.0,5947.0,33885.0,390134.0,390209.0
2021-10-12 11:00:00,5947.0,5965.0,5945.0,5965.0,24999.0,390209.0,393396.0
2021-10-12 13:00:00,5965.0,5973.0,5955.0,5965.0,22548.0,393396.0,393551.0
2021-10-12 14:00:00,5965.0,6025.0,5961.0,6020.0,127301.0,393551.0,405902.0
2021-10-12 21:00:00,6006.0,6014.0,5973.0,5997.0,112915.0,405902.0,410748.0
2021-10-12 22:00:00,5997.0,5999.0,5971.0,5976.0,55448.0,410748.0,407656.0
2021-10-13 09:00:00,5966.0,5992.0,5957.0,5978.0,73439.0,407656.0,406815.0
2021-10-13 10:00:00,5978.0,5989.0,5870.0,5960.0,143321.0,406815.0,394904.0
2021-10-13 11:00:00,5960.0,5988.0,5959.0,5975.0,32558.0,394904.0,395245.0
2021-10-13 13:00:00,5976.0,5980.0,5960.0,5976.0,24486.0,395245.0,397193.0
2021-10-13 14:00:00,5976.0,5984.0,5953.0,5962.0,56786.0,397193.0,390730.0
2021-10-13 21:00:00,5967.0,5995.0,5956.0,5966.0,103208.0,390730.0,392156.0
2021-10-13 22:00:00,5966.0,5974.0,5934.0,5938.0,63272.0,392156.0,386463.0
2021-10-14 09:00:00,5938.0,5971.0,5932.0,5969.0,61215.0,386463.0,388182.0
2021-10-14 10:00:00,5969.0,5969.0,5939.0,5942.0,26883.0,388182.0,385462.0
2021-10-14 11:00:00,5942.0,5950.0,5931.0,5949.0,25147.0,385462.0,384749.0
2021-10-14 13:00:00,5950.0,5965.0,5949.0,5957.0,23650.0,384749.0,386702.0
2021-10-14 14:00:00,5957.0,5970.0,5946.0,5970.0,44228.0,386702.0,385999.0
2021-10-14 21:00:00,5943.0,5955.0,5936.0,5945.0,94603.0,385999.0,394829.0
2021-10-14 22:00:00,5945.0,5959.0,5934.0,5952.0,63543.0,394829.0,390429.0
2021-10-15 09:00:00,5954.0,5958.0,5937.0,5956.0,47914.0,390429.0,392485.0
2021-10-15 10:00:00,5956.0,5962.0,5943.0,5944.0,29220.0,392485.0,391259.0
2021-10-15 11:00:00,5944.0,5958.0,5942.0,5953.0,18413.0,391259.0,389890.0
2021-10-15 13:00:00,5953.0,5988.0,5953.0,5979.0,60067.0,389890.0,397225.0
2021-10-15 14:00:00,5979.0,5983.0,5946.0,5958.0,61751.0,397225.0,391768.0
2021-10-15 21:00:00,5984.0,5999.0,5958.0,5973.0,130106.0,391768.0,388220.0
2021-10-15 22:00:00,5973.0,5974.0,5936.0,5951.0,61911.0,388220.0,385472.0
2021-10-18 09:00:00,5950.0,5965.0,5931.0,5946.0,72047.0,385472.0,385836.0
2021-10-18 10:00:00,5946.0,5957.0,5930.0,5942.0,31878.0,385836.0,385477.0
2021-10-18 11:00:00,5942.0,5947.0,5919.0,5920.0,38352.0,385477.0,381279.0
2021-10-18 13:00:00,5920.0,5941.0,5915.0,5940.0,28623.0,381279.0,379269.0
2021-10-18 14:00:00,5940.0,5966.0,5928.0,5944.0,87540.0,379269.0,371118.0
2021-10-18 21:00:00,5933.0,5956.0,5922.0,5929.0,80076.0,371118.0,375181.0
2021-10-18 22:00:00,5929.0,5934.0,5912.0,5916.0,36291.0,375181.0,372482.0
2021-10-19 09:00:00,5902.0,5928.0,5874.0,5925.0,117092.0,372482.0,368530.0
2021-10-19 10:00:00,5925.0,5928.0,5913.0,5914.0,30855.0,368530.0,368459.0
2021-10-19 11:00:00,5914.0,5914.0,5891.0,5895.0,36233.0,368459.0,364879.0
2021-10-19 13:00:00,5896.0,5910.0,5888.0,5890.0,25961.0,364879.0,365790.0
2021-10-19 14:00:00,5890.0,5920.0,5888.0,5917.0,45900.0,365790.0,363116.0
2021-10-19 21:00:00,5910.0,5910.0,5865.0,5886.0,120952.0,363116.0,365920.0
2021-10-19 22:00:00,5886.0,5926.0,5884.0,5915.0,76976.0,365920.0,364579.0
2021-10-20 09:00:00,5898.0,5905.0,5878.0,5882.0,63268.0,364579.0,363581.0
2021-10-20 10:00:00,5882.0,5892.0,5875.0,5884.0,26406.0,363581.0,363555.0
2021-10-20 11:00:00,5884.0,5902.0,5879.0,5898.0,25364.0,363555.0,363204.0
2021-10-20 13:00:00,5898.0,5903.0,5891.0,5896.0,18556.0,363204.0,364717.0
2021-10-20 14:00:00,5896.0,5905.0,5892.0,5901.0,40930.0,364717.0,364235.0
2021-10-20 21:00:00,5903.0,5946.0,5885.0,5946.0,124709.0,364235.0,376288.0
2021-10-20 22:00:00,5946.0,5948.0,5921.0,5932.0,52989.0,376288.0,374451.0
2021-10-21 09:00:00,5935.0,5972.0,5929.0,5966.0,93300.0,374451.0,382211.0
2021-10-21 10:00:00,5966.0,5986.0,5956.0,5968.0,68244.0,382211.0,385673.0
2021-10-21 11:00:00,5968.0,6028.0,5968.0,6025.0,72623.0,385673.0,398614.0
2021-10-21 13:00:00,6023.0,6072.0,6011.0,6014.0,148366.0,398614.0,411435.0
2021-10-21 14:00:00,6014.0,6024.0,5956.0,5965.0,145983.0,411435.0,395233.0
2021-10-21 21:00:00,5969.0,6037.0,5933.0,5952.0,240211.0,395233.0,391574.0
2021-10-21 22:00:00,5952.0,5975.0,5935.0,5938.0,86331.0,391574.0,385394.0
2021-10-22 09:00:00,5937.0,5965.0,5916.0,5918.0,83228.0,385394.0,382775.0
2021-10-22 10:00:00,5918.0,5922.0,5842.0,5874.0,156048.0,382775.0,364748.0
2021-10-22 11:00:00,5874.0,5896.0,5866.0,5886.0,33380.0,364748.0,364604.0
2021-10-22 13:00:00,5887.0,5892.0,5854.0,5855.0,48095.0,364604.0,360309.0
2021-10-22 14:00:00,5855.0,5873.0,5843.0,5865.0,101031.0,360309.0,351229.0
2021-10-22 21:00:00,5874.0,5903.0,5866.0,5868.0,104720.0,351229.0,350574.0
2021-10-22 22:00:00,5868.0,5875.0,5851.0,5852.0,55824.0,350574.0,348372.0
2021-10-25 09:00:00,5852.0,5910.0,5852.0,5892.0,96890.0,348372.0,351450.0
2021-10-25 10:00:00,5892.0,5898.0,5879.0,5894.0,28968.0,351450.0,351811.0
2021-10-25 11:00:00,5894.0,5898.0,5884.0,5888.0,16157.0,351811.0,351404.0
2021-10-25 13:00:00,5888.0,5895.0,5885.0,5888.0,11596.0,351404.0,351042.0
2021-10-25 14:00:00,5888.0,5897.0,5885.0,5890.0,32000.0,351042.0,347325.0
2021-10-25 21:00:00,5891.0,5896.0,5865.0,5885.0,84634.0,347325.0,352550.0
2021-10-25 22:00:00,5885.0,5922.0,5883.0,5921.0,73469.0,352550.0,357056.0
2021-10-26 09:00:00,5930.0,5943.0,5913.0,5934.0,105732.0,357056.0,355436.0
2021-10-26 10:00:00,5934.0,5938.0,5922.0,5935.0,29288.0,355436.0,354985.0
2021-10-26 11:00:00,5935.0,5942.0,5928.0,5929.0,20370.0,354985.0,354967.0
2021-10-26 13:00:00,5931.0,5935.0,5917.0,5927.0,24959.0,354967.0,353277.0
2021-10-26 14:00:00,5927.0,5934.0,5918.0,5929.0,30688.0,353277.0,351188.0
2021-10-26 21:00:00,5933.0,5998.0,5922.0,5998.0,171702.0,351188.0,368879.0
2021-10-26 22:00:00,5998.0,6018.0,5981.0,5990.0,130335.0,368879.0,365160.0
2021-10-27 09:00:00,5992.0,6038.0,5978.0,6014.0,140875.0,365160.0,376527.0
2021-10-27 10:00:00,6014.0,6093.0,6006.0,6057.0,166347.0,376527.0,399580.0
2021-10-27 11:00:00,6057.0,6096.0,6055.0,6067.0,60969.0,399580.0,405305.0
2021-10-27 13:00:00,6066.0,6067.0,6031.0,6056.0,56310.0,405305.0,398148.0
2021-10-27 14:00:00,6056.0,6079.0,6033.0,6078.0,92888.0,398148.0,398996.0
2021-10-27 21:00:00,6077.0,6080.0,6007.0,6053.0,182478.0,398996.0,389377.0
2021-10-27 22:00:00,6053.0,6066.0,6026.0,6041.0,78914.0,389377.0,384071.0
2021-10-28 09:00:00,6030.0,6047.0,6016.0,6018.0,75694.0,384071.0,383605.0
2021-10-28 10:00:00,6018.0,6023.0,5880.0,5965.0,193263.0,383605.0,348680.0
2021-10-28 11:00:00,5965.0,5965.0,5943.0,5943.0,25672.0,348680.0,347843.0
2021-10-28 13:00:00,5944.0,5982.0,5940.0,5982.0,36073.0,347843.0,347829.0
2021-10-28 14:00:00,5982.0,5988.0,5949.0,5953.0,69711.0,347829.0,342167.0
2021-10-28 21:00:00,5963.0,5998.0,5954.0,5963.0,118742.0,342167.0,348622.0
2021-10-28 22:00:00,5963.0,5981.0,5951.0,5962.0,46212.0,348622.0,345912.0
2021-10-29 09:00:00,5964.0,5978.0,5962.0,5968.0,41897.0,345912.0,348381.0
2021-10-29 10:00:00,5968.0,5984.0,5962.0,5965.0,40696.0,348381.0,347729.0
2021-10-29 11:00:00,5965.0,5974.0,5961.0,5962.0,16159.0,347729.0,347523.0
2021-10-29 13:00:00,5962.0,5974.0,5957.0,5972.0,23303.0,347523.0,347194.0
2021-10-29 14:00:00,5972.0,5979.0,5961.0,5978.0,40584.0,347194.0,344654.0
2021-10-29 21:00:00,5961.0,5961.0,5921.0,5939.0,108761.0,344654.0,344303.0
2021-10-29 22:00:00,5939.0,5940.0,5906.0,5916.0,52693.0,344303.0,333952.0
2021-11-01 09:00:00,5913.0,5946.0,5896.0,5942.0,92890.0,333952.0,338548.0
2021-11-01 10:00:00,5942.0,5959.0,5928.0,5930.0,43290.0,338548.0,337143.0
2021-11-01 11:00:00,5930.0,5940.0,5924.0,5932.0,17206.0,337143.0,336640.0
2021-11-01 13:00:00,5933.0,5940.0,5916.0,5916.0,18686.0,336640.0,336756.0
2021-11-01 14:00:00,5916.0,5930.0,5911.0,5925.0,39406.0,336756.0,332633.0
2021-11-01 21:00:00,5951.0,6028.0,5950.0,5985.0,182000.0,332633.0,346136.0
2021-11-01 22:00:00,5985.0,6005.0,5977.0,5993.0,57676.0,346136.0,343841.0
2021-11-02 09:00:00,5987.0,6008.0,5978.0,5987.0,80033.0,343841.0,344181.0
2021-11-02 10:00:00,5987.0,5998.0,5972.0,5980.0,39103.0,344181.0,342344.0
2021-11-02 11:00:00,5980.0,5993.0,5965.0,5976.0,39093.0,342344.0,338890.0
2021-11-02 13:00:00,5973.0,6001.0,5959.0,5992.0,53441.0,338890.0,340464.0
2021-11-02 14:00:00,5992.0,6003.0,5971.0,5984.0,62694.0,340464.0,336137.0
2021-11-02 21:00:00,5997.0,6008.0,5977.0,5980.0,89653.0,336137.0,340957.0
2021-11-02 22:00:00,5980.0,5980.0,5933.0,5943.0,102351.0,340957.0,336105.0
2021-11-03 09:00:00,5945.0,5957.0,5938.0,5951.0,53988.0,336105.0,336624.0
2021-11-03 10:00:00,5951.0,5963.0,5945.0,5957.0,39730.0,336624.0,340802.0
2021-11-03 11:00:00,5957.0,5957.0,5942.0,5946.0,20850.0,340802.0,340511.0
2021-11-03 13:00:00,5947.0,5961.0,5946.0,5956.0,21145.0,340511.0,338769.0
2021-11-03 14:00:00,5956.0,5962.0,5938.0,5941.0,40044.0,338769.0,335003.0
2021-11-03 21:00:00,5936.0,5943.0,5912.0,5928.0,99912.0,335003.0,338361.0
2021-11-03 22:00:00,5928.0,5937.0,5919.0,5925.0,48161.0,338361.0,332465.0
2021-11-04 09:00:00,5926.0,5944.0,5915.0,5941.0,60635.0,332465.0,333508.0
2021-11-04 10:00:00,5941.0,5955.0,5937.0,5951.0,35149.0,333508.0,332276.0
2021-11-04 11:00:00,5951.0,5964.0,5950.0,5960.0,19370.0,332276.0,330875.0
2021-11-04 13:00:00,5960.0,5974.0,5950.0,5954.0,33200.0,330875.0,328956.0
2021-11-04 14:00:00,5954.0,5966.0,5943.0,5945.0,47130.0,328956.0,324282.0
2021-11-04 21:00:00,5991.0,6023.0,5971.0,6007.0,159219.0,324282.0,336660.0
2021-11-04 22:00:00,6007.0,6012.0,5956.0,5958.0,95241.0,336660.0,327287.0
2021-11-05 09:00:00,5957.0,5989.0,5957.0,5977.0,70038.0,327287.0,327650.0
2021-11-05 10:00:00,5977.0,5987.0,5969.0,5980.0,27994.0,327650.0,326739.0
2021-11-05 11:00:00,5980.0,5985.0,5972.0,5977.0,15767.0,326739.0,326882.0
2021-11-05 13:00:00,5976.0,5996.0,5971.0,5991.0,39321.0,326882.0,332903.0
2021-11-05 14:00:00,5991.0,6004.0,5987.0,6002.0,73888.0,332903.0,337049.0
2021-11-05 21:00:00,6005.0,6024.0,5983.0,5985.0,115728.0,337049.0,344218.0
2021-11-05 22:00:00,5985.0,6048.0,5965.0,6046.0,162203.0,344218.0,359640.0
2021-11-08 09:00:00,6055.0,6117.0,6055.0,6099.0,213185.0,359640.0,392530.0
2021-11-08 10:00:00,6099.0,6100.0,6063.0,6079.0,71101.0,392530.0,388350.0
2021-11-08 11:00:00,6079.0,6096.0,6072.0,6094.0,23198.0,388350.0,390008.0
2021-11-08 13:00:00,6092.0,6097.0,6081.0,6086.0,26871.0,390008.0,391359.0
2021-11-08 14:00:00,6086.0,6098.0,6076.0,6086.0,57387.0,391359.0,388384.0
2021-11-08 21:00:00,6086.0,6092.0,6052.0,6059.0,123022.0,388384.0,390356.0
2021-11-08 22:00:00,6059.0,6068.0,6044.0,6055.0,66584.0,390356.0,388165.0
2021-11-09 09:00:00,6055.0,6088.0,6036.0,6080.0,79285.0,388165.0,392252.0
2021-11-09 10:00:00,6080.0,6082.0,6068.0,6076.0,36200.0,392252.0,393434.0
2021-11-09 11:00:00,6076.0,6080.0,6062.0,6074.0,22130.0,393434.0,391496.0
2021-11-09 13:00:00,6075.0,6099.0,6072.0,6094.0,42776.0,391496.0,397586.0
2021-11-09 14:00:00,6094.0,6125.0,6077.0,6124.0,104454.0,397586.0,408922.0
2021-11-09 21:00:00,6122.0,6137.0,6078.0,6092.0,165676.0,408922.0,409445.0
2021-11-09 22:00:00,6092.0,6095.0,6063.0,6083.0,79053.0,409445.0,402651.0
2021-11-10 09:00:00,6083.0,6107.0,6067.0,6092.0,82436.0,402651.0,403089.0
2021-11-10 10:00:00,6092.0,6116.0,6082.0,6102.0,56317.0,403089.0,410151.0
2021-11-10 11:00:00,6102.0,6107.0,6086.0,6100.0,26291.0,410151.0,408838.0
2021-11-10 13:00:00,6100.0,6118.0,6091.0,6111.0,32325.0,408838.0,411820.0
2021-11-10 14:00:00,6111.0,6133.0,6104.0,6132.0,62779.0,411820.0,417830.0
2021-11-10 21:00:00,6106.0,6112.0,6084.0,6101.0,110395.0,417830.0,418892.0
2021-11-10 22:00:00,6101.0,6104.0,6032.0,6044.0,148063.0,418892.0,399391.0
2021-11-11 09:00:00,6039.0,6048.0,6021.0,6040.0,84282.0,399391.0,393701.0
2021-11-11 10:00:00,6040.0,6042.0,6026.0,6033.0,33617.0,393701.0,390856.0
2021-11-11 11:00:00,6033.0,6041.0,6027.0,6034.0,17541.0,390856.0,388810.0
2021-11-11 13:00:00,6036.0,6050.0,6032.0,6049.0,27919.0,388810.0,388851.0
2021-11-11 14:00:00,6049.0,6053.0,6038.0,6045.0,51803.0,388851.0,382621.0
2021-11-11 21:00:00,6045.0,6060.0,6033.0,6051.0,80344.0,382621.0,387184.0
2021-11-11 22:00:00,6051.0,6086.0,6051.0,6078.0,72203.0,387184.0,384072.0
2021-11-12 09:00:00,6087.0,6121.0,6087.0,6099.0,98832.0,384072.0,386940.0
2021-11-12 10:00:00,6099.0,6105.0,6080.0,6088.0,34803.0,386940.0,385743.0
2021-11-12 11:00:00,6088.0,6094.0,6080.0,6081.0,28300.0,385743.0,385032.0
2021-11-12 13:00:00,6082.0,6106.0,6078.0,6106.0,28231.0,385032.0,388607.0
2021-11-12 14:00:00,6106.0,6118.0,6097.0,6108.0,62869.0,388607.0,391389.0
2021-11-12 21:00:00,6090.0,6105.0,6071.0,6082.0,101388.0,391389.0,386965.0
2021-11-12 22:00:00,6082.0,6139.0,6080.0,6121.0,67266.0,386965.0,396521.0
2021-11-15 09:00:00,6127.0,6157.0,6093.0,6107.0,183009.0,396521.0,397236.0
2021-11-15 10:00:00,6107.0,6114.0,6085.0,6110.0,44404.0,397236.0,393099.0
2021-11-15 11:00:00,6110.0,6118.0,6094.0,6096.0,19777.0,393099.0,391595.0
2021-11-15 13:00:00,6096.0,6115.0,6090.0,6109.0,24889.0,391595.0,392466.0
2021-11-15 14:00:00,6109.0,6112.0,6061.0,6075.0,64456.0,392466.0,383274.0
2021-11-15 21:00:00,6079.0,6102.0,6075.0,6093.0,83625.0,383274.0,387342.0
2021-11-15 22:00:00,6093.0,6115.0,6092.0,6105.0,54674.0,387342.0,386780.0
2021-11-16 09:00:00,6083.0,6088.0,6068.0,6073.0,73008.0,386780.0,376674.0
2021-11-16 10:00:00,6073.0,6080.0,6053.0,6079.0,43348.0,376674.0,371150.0
2021-11-16 11:00:00,6079.0,6094.0,6073.0,6081.0,34082.0,371150.0,369814.0
2021-11-16 13:00:00,6080.0,6090.0,6066.0,6068.0,24572.0,369814.0,368867.0
2021-11-16 14:00:00,6068.0,6075.0,6043.0,6058.0,87548.0,368867.0,355648.0
2021-11-16 21:00:00,6076.0,6092.0,6056.0,6073.0,105757.0,355648.0,359418.0
2021-11-16 22:00:00,6073.0,6075.0,6035.0,6049.0,68592.0,359418.0,361592.0
2021-11-17 09:00:00,6061.0,6080.0,6056.0,6069.0,51034.0,361592.0,357920.0
2021-11-17 10:00:00,6069.0,6080.0,6056.0,6078.0,46056.0,357920.0,357663.0
2021-11-17 11:00:00,6078.0,6084.0,6074.0,6076.0,20151.0,357663.0,355967.0
2021-11-17 13:00:00,6076.0,6084.0,6072.0,6081.0,27848.0,355967.0,356652.0
2021-11-17 14:00:00,6081.0,6094.0,6071.0,6079.0,57526.0,356652.0,353561.0
2021-11-17 21:00:00,6103.0,6120.0,6091.0,6118.0,112920.0,353561.0,363476.0
2021-11-17 22:00:00,6118.0,6148.0,6104.0,6142.0,87160.0,363476.0,377888.0
2021-11-18 09:00:00,6150.0,6153.0,6119.0,6136.0,107307.0,377888.0,378521.0
2021-11-18 10:00:00,6136.0,6145.0,6132.0,6144.0,40082.0,378521.0,380894.0
2021-11-18 11:00:00,6144.0,6150.0,6134.0,6138.0,26016.0,380894.0,383065.0
2021-11-18 13:00:00,6136.0,6140.0,6125.0,6127.0,20068.0,383065.0,382068.0
2021-11-18 14:00:00,6127.0,6147.0,6123.0,6141.0,53996.0,382068.0,385714.0
2021-11-18 21:00:00,6155.0,6167.0,6104.0,6123.0,132485.0,385714.0,386293.0
2021-11-18 22:00:00,6123.0,6123.0,6080.0,6085.0,86735.0,386293.0,374962.0
2021-11-19 09:00:00,6069.0,6086.0,6053.0,6062.0,114729.0,374962.0,370257.0
2021-11-19 10:00:00,6062.0,6064.0,6052.0,6057.0,32246.0,370257.0,370166.0
2021-11-19 11:00:00,6057.0,6064.0,6052.0,6059.0,18066.0,370166.0,369607.0
2021-11-19 13:00:00,6058.0,6068.0,6058.0,6060.0,14264.0,369607.0,369455.0
2021-11-19 14:00:00,6060.0,6070.0,6053.0,6069.0,54303.0,369455.0,362157.0
2021-11-19 21:00:00,6040.0,6059.0,6022.0,6053.0,108939.0,362157.0,358978.0
2021-11-19 22:00:00,6053.0,6056.0,6038.0,6039.0,40446.0,358978.0,356275.0
2021-11-22 09:00:00,6039.0,6052.0,6031.0,6052.0,59260.0,356275.0,357983.0
2021-11-22 10:00:00,6052.0,6052.0,6039.0,6050.0,19635.0,357983.0,356893.0
2021-11-22 11:00:00,6050.0,6057.0,6042.0,6044.0,35282.0,356893.0,356154.0
2021-11-22 13:00:00,6044.0,6060.0,6042.0,6055.0,18218.0,356154.0,355310.0
2021-11-22 14:00:00,6055.0,6075.0,6052.0,6067.0,48871.0,355310.0,349392.0
2021-11-22 21:00:00,6041.0,6047.0,6025.0,6046.0,84096.0,349392.0,354842.0
2021-11-22 22:00:00,6046.0,6054.0,6037.0,6048.0,37033.0,354842.0,350974.0
2021-11-23 09:00:00,6046.0,6063.0,6037.0,6050.0,45505.0,350974.0,349628.0
2021-11-23 10:00:00,6050.0,6054.0,6037.0,6038.0,44214.0,349628.0,345510.0
2021-11-23 11:00:00,6038.0,6058.0,6038.0,6051.0,20761.0,345510.0,344465.0
2021-11-23 13:00:00,6052.0,6064.0,6047.0,6055.0,28770.0,344465.0,342258.0
2021-11-23 14:00:00,6055.0,6063.0,6034.0,6037.0,48113.0,342258.0,334432.0
2021-11-23 21:00:00,6032.0,6034.0,5981.0,5995.0,128574.0,334432.0,329947.0
2021-11-23 22:00:00,5995.0,6017.0,5990.0,6008.0,48748.0,329947.0,325455.0
2021-11-24 09:00:00,6020.0,6028.0,6005.0,6008.0,54557.0,325455.0,323567.0
2021-11-24 10:00:00,6008.0,6018.0,5999.0,6008.0,29831.0,323567.0,322405.0
2021-11-24 11:00:00,6008.0,6011.0,5992.0,5996.0,29985.0,322405.0,323019.0
2021-11-24 13:00:00,5996.0,6005.0,5993.0,5994.0,23695.0,323019.0,319790.0
2021-11-24 14:00:00,5994.0,6001.0,5990.0,5992.0,32721.0,319790.0,314463.0
2021-11-24 21:00:00,5991.0,5995.0,5975.0,5979.0,62810.0,314463.0,318192.0
2021-11-24 22:00:00,5979.0,5979.0,5971.0,5971.0,34052.0,318192.0,315236.0
2021-11-25 09:00:00,5974.0,5981.0,5968.0,5973.0,36461.0,315236.0,313681.0
2021-11-25 10:00:00,5973.0,5988.0,5970.0,5984.0,21285.0,313681.0,311814.0
2021-11-25 11:00:00,5984.0,5987.0,5979.0,5982.0,7358.0,311814.0,311210.0
2021-11-25 13:00:00,5984.0,5986.0,5976.0,5982.0,8019.0,311210.0,310665.0
2021-11-25 14:00:00,5982.0,5987.0,5974.0,5985.0,26103.0,310665.0,305711.0
2021-11-25 21:00:00,5980.0,5995.0,5955.0,5974.0,91012.0,305711.0,309660.0
2021-11-25 22:00:00,5974.0,5980.0,5958.0,5959.0,29411.0,309660.0,308563.0
2021-11-26 09:00:00,5958.0,5965.0,5952.0,5961.0,42976.0,308563.0,308877.0
2021-11-26 10:00:00,5961.0,5973.0,5954.0,5971.0,28730.0,308877.0,305707.0
2021-11-26 11:00:00,5971.0,5975.0,5965.0,5970.0,19015.0,305707.0,301921.0
2021-11-26 13:00:00,5969.0,5971.0,5955.0,5957.0,18601.0,301921.0,298134.0
2021-11-26 14:00:00,5957.0,5958.0,5925.0,5931.0,72418.0,298134.0,291111.0
2021-11-26 21:00:00,5903.0,5942.0,5900.0,5919.0,86317.0,291111.0,288992.0
2021-11-26 22:00:00,5919.0,5920.0,5900.0,5900.0,37727.0,288992.0,286736.0
2021-11-29 09:00:00,5900.0,5923.0,5886.0,5915.0,66353.0,286736.0,281502.0
2021-11-29 10:00:00,5915.0,5926.0,5906.0,5919.0,19952.0,281502.0,279281.0
2021-11-29 11:00:00,5919.0,5923.0,5915.0,5919.0,11426.0,279281.0,278111.0
2021-11-29 13:00:00,5917.0,5922.0,5913.0,5919.0,15205.0,278111.0,276626.0
2021-11-29 14:00:00,5919.0,5931.0,5916.0,5927.0,30557.0,276626.0,274296.0
2021-11-29 21:00:00,5939.0,5951.0,5915.0,5929.0,89433.0,274296.0,267842.0
2021-11-29 22:00:00,5929.0,5931.0,5912.0,5918.0,23858.0,267842.0,264508.0
2021-11-30 09:00:00,5910.0,5913.0,5893.0,5896.0,57098.0,264508.0,260696.0
2021-11-30 10:00:00,5896.0,5899.0,5883.0,5886.0,26607.0,260696.0,261490.0
2021-11-30 11:00:00,5886.0,5886.0,5875.0,5877.0,17825.0,261490.0,260071.0
2021-11-30 13:00:00,5877.0,5899.0,5873.0,5885.0,30485.0,260071.0,256507.0
2021-11-30 14:00:00,5885.0,5898.0,5883.0,5889.0,35153.0,256507.0,253212.0
2021-11-30 21:00:00,5880.0,5897.0,5874.0,5878.0,56660.0,253212.0,255575.0
2021-11-30 22:00:00,5878.0,5881.0,5867.0,5876.0,37608.0,255575.0,252789.0
2021-12-01 09:00:00,5858.0,5858.0,5810.0,5820.0,105384.0,252789.0,244463.0
2021-12-01 10:00:00,5820.0,5832.0,5809.0,5829.0,31105.0,244463.0,242430.0
2021-12-01 11:00:00,5829.0,5845.0,5822.0,5843.0,22246.0,242430.0,240828.0
2021-12-01 13:00:00,5843.0,5853.0,5841.0,5851.0,27665.0,240828.0,239399.0
2021-12-01 14:00:00,5851.0,5864.0,5845.0,5856.0,43681.0,239399.0,236328.0
2021-12-01 21:00:00,5858.0,5869.0,5846.0,5851.0,54924.0,236328.0,237527.0
2021-12-01 22:00:00,5851.0,5861.0,5843.0,5850.0,24802.0,237527.0,235975.0
2021-12-02 09:00:00,5848.0,5848.0,5822.0,5825.0,40429.0,235975.0,232997.0
2021-12-02 10:00:00,5825.0,5829.0,5812.0,5819.0,30732.0,232997.0,231793.0
2021-12-02 11:00:00,5819.0,5820.0,5803.0,5803.0,20427.0,231793.0,231225.0
2021-12-02 13:00:00,5805.0,5822.0,5804.0,5808.0,15746.0,231225.0,230416.0
2021-12-02 14:00:00,5808.0,5808.0,5797.0,5800.0,28785.0,230416.0,227184.0
2021-12-02 21:00:00,5809.0,5811.0,5789.0,5796.0,66243.0,227184.0,225354.0
2021-12-02 22:00:00,5796.0,5805.0,5786.0,5803.0,36683.0,225354.0,222168.0
2021-12-03 09:00:00,5803.0,5813.0,5794.0,5804.0,46514.0,222168.0,221326.0
2021-12-03 10:00:00,5804.0,5808.0,5792.0,5807.0,20242.0,221326.0,220306.0
2021-12-03 11:00:00,5807.0,5809.0,5796.0,5800.0,10106.0,220306.0,219611.0
2021-12-03 13:00:00,5799.0,5817.0,5799.0,5805.0,26774.0,219611.0,216396.0
2021-12-03 14:00:00,5805.0,5818.0,5802.0,5811.0,30276.0,216396.0,211260.0
2021-12-03 21:00:00,5822.0,5847.0,5810.0,5818.0,92447.0,211260.0,195572.0
2021-12-03 22:00:00,5818.0,5818.0,5794.0,5797.0,30854.0,195572.0,193010.0
2021-12-06 09:00:00,5799.0,5815.0,5796.0,5810.0,39990.0,193010.0,186964.0
2021-12-06 10:00:00,5810.0,5819.0,5803.0,5805.0,21202.0,186964.0,183956.0
2021-12-06 11:00:00,5805.0,5807.0,5798.0,5799.0,6057.0,183956.0,183675.0
2021-12-06 13:00:00,5798.0,5802.0,5787.0,5788.0,15765.0,183675.0,184065.0
2021-12-06 14:00:00,5788.0,5824.0,5771.0,5822.0,58892.0,184065.0,177314.0
2021-12-06 21:00:00,5827.0,5841.0,5812.0,5837.0,51622.0,177314.0,176020.0
2021-12-06 22:00:00,5837.0,5840.0,5818.0,5820.0,22026.0,176020.0,174306.0
2021-12-07 09:00:00,5830.0,5848.0,5830.0,5833.0,38870.0,174306.0,168889.0
2021-12-07 10:00:00,5833.0,5837.0,5824.0,5827.0,12823.0,168889.0,167529.0
2021-12-07 11:00:00,5827.0,5832.0,5822.0,5825.0,7609.0,167529.0,166891.0
2021-12-07 13:00:00,5825.0,5837.0,5822.0,5833.0,9177.0,166891.0,167064.0
2021-12-07 14:00:00,5833.0,5836.0,5821.0,5827.0,18996.0,167064.0,164638.0
2021-12-07 21:00:00,5902.0,5915.0,5874.0,5893.0,75758.0,164638.0,317962.0
2021-12-07 22:00:00,5893.0,5895.0,5877.0,5888.0,29251.0,317962.0,317794.0
2021-12-08 09:00:00,5889.0,5907.0,5888.0,5889.0,48824.0,317794.0,319916.0
2021-12-08 10:00:00,5889.0,5889.0,5866.0,5886.0,36871.0,319916.0,323481.0
2021-12-08 11:00:00,5886.0,5901.0,5884.0,5895.0,20385.0,323481.0,323516.0
2021-12-08 13:00:00,5896.0,5897.0,5879.0,5891.0,17607.0,323516.0,323577.0
2021-12-08 14:00:00,5891.0,5898.0,5889.0,5889.0,26954.0,323577.0,320052.0
2021-12-08 21:00:00,5897.0,5912.0,5880.0,5892.0,97886.0,320052.0,323416.0
2021-12-08 22:00:00,5892.0,5893.0,5872.0,5873.0,55850.0,323416.0,330808.0
2021-12-09 09:00:00,5881.0,5902.0,5876.0,5896.0,64579.0,330808.0,335574.0
2021-12-09 10:00:00,5896.0,5942.0,5895.0,5928.0,77313.0,335574.0,338435.0
2021-12-09 11:00:00,5928.0,5931.0,5917.0,5927.0,17315.0,338435.0,338736.0
2021-12-09 13:00:00,5927.0,5929.0,5915.0,5920.0,23222.0,338736.0,337239.0
2021-12-09 14:00:00,5920.0,5928.0,5915.0,5920.0,33565.0,337239.0,336076.0
2021-12-09 21:00:00,5903.0,5906.0,5810.0,5814.0,196311.0,336076.0,363894.0
2021-12-09 22:00:00,5814.0,5829.0,5812.0,5820.0,50177.0,363894.0,365323.0
2021-12-10 09:00:00,5822.0,5834.0,5815.0,5822.0,55405.0,365323.0,371791.0
2021-12-10 10:00:00,5822.0,5825.0,5813.0,5819.0,27964.0,371791.0,372070.0
2021-12-10 11:00:00,5819.0,5827.0,5817.0,5824.0,12797.0,372070.0,371715.0
2021-12-10 13:00:00,5824.0,5830.0,5820.0,5821.0,21756.0,371715.0,370927.0
2021-12-10 14:00:00,5821.0,5823.0,5773.0,5776.0,120665.0,370927.0,384194.0
2021-12-10 21:00:00,5788.0,5875.0,5787.0,5873.0,160111.0,384194.0,377738.0
2021-12-10 22:00:00,5873.0,5883.0,5865.0,5874.0,87211.0,377738.0,370767.0
2021-12-13 09:00:00,5873.0,5874.0,5832.0,5842.0,73736.0,370767.0,368519.0
2021-12-13 10:00:00,5842.0,5843.0,5831.0,5832.0,21334.0,368519.0,369954.0
2021-12-13 11:00:00,5832.0,5841.0,5824.0,5829.0,23094.0,369954.0,371517.0
2021-12-13 13:00:00,5830.0,5841.0,5829.0,5835.0,17313.0,371517.0,373367.0
2021-12-13 14:00:00,5835.0,5845.0,5831.0,5845.0,29848.0,373367.0,368370.0
2021-12-13 21:00:00,5839.0,5841.0,5815.0,5831.0,69050.0,368370.0,368550.0
2021-12-13 22:00:00,5831.0,5833.0,5815.0,5823.0,29740.0,368550.0,367004.0
2021-12-14 09:00:00,5823.0,5831.0,5813.0,5817.0,41060.0,367004.0,369317.0
2021-12-14 10:00:00,5817.0,5827.0,5801.0,5802.0,38782.0,369317.0,371735.0
2021-12-14 11:00:00,5802.0,5811.0,5792.0,5810.0,35551.0,371735.0,376837.0
2021-12-14 13:00:00,5810.0,5813.0,5798.0,5803.0,25614.0,376837.0,376220.0
2021-12-14 14:00:00,5803.0,5810.0,5793.0,5802.0,36220.0,376220.0,376849.0
2021-12-14 21:00:00,5801.0,5809.0,5788.0,5807.0,67703.0,376849.0,388232.0
2021-12-14 22:00:00,5807.0,5809.0,5797.0,5799.0,21787.0,388232.0,386910.0
2021-12-15 09:00:00,5797.0,5804.0,5786.0,5802.0,40310.0,386910.0,390805.0
2021-12-15 10:00:00,5802.0,5821.0,5796.0,5797.0,32039.0,390805.0,392646.0
2021-12-15 11:00:00,5797.0,5808.0,5794.0,5801.0,13454.0,392646.0,393519.0
2021-12-15 13:00:00,5802.0,5809.0,5792.0,5802.0,21704.0,393519.0,393966.0
2021-12-15 14:00:00,5802.0,5807.0,5790.0,5791.0,36406.0,393966.0,393448.0
2021-12-15 21:00:00,5777.0,5779.0,5736.0,5745.0,133131.0,393448.0,412761.0
2021-12-15 22:00:00,5745.0,5748.0,5738.0,5741.0,29554.0,412761.0,411631.0
2021-12-16 09:00:00,5743.0,5766.0,5741.0,5762.0,68029.0,411631.0,413779.0
2021-12-16 10:00:00,5762.0,5763.0,5745.0,5747.0,26159.0,413779.0,414263.0
2021-12-16 11:00:00,5747.0,5765.0,5745.0,5763.0,20245.0,414263.0,413847.0
2021-12-16 13:00:00,5763.0,5775.0,5756.0,5773.0,23285.0,413847.0,414023.0
2021-12-16 14:00:00,5773.0,5783.0,5766.0,5780.0,58608.0,414023.0,412542.0
2021-12-16 21:00:00,5785.0,5788.0,5770.0,5777.0,69447.0,412542.0,421065.0
2021-12-16 22:00:00,5777.0,5786.0,5769.0,5769.0,41379.0,421065.0,421511.0
2021-12-17 09:00:00,5778.0,5820.0,5772.0,5810.0,99449.0,421511.0,415259.0
2021-12-17 10:00:00,5810.0,5819.0,5806.0,5816.0,28479.0,415259.0,415587.0
2021-12-17 11:00:00,5816.0,5830.0,5815.0,5829.0,26809.0,415587.0,414164.0
2021-12-17 13:00:00,5829.0,5832.0,5822.0,5823.0,20449.0,414164.0,411865.0
2021-12-17 14:00:00,5823.0,5829.0,5811.0,5812.0,41038.0,411865.0,408582.0
2021-12-17 21:00:00,5788.0,5810.0,5773.0,5777.0,103519.0,408582.0,418938.0
2021-12-17 22:00:00,5777.0,5783.0,5771.0,5774.0,40712.0,418938.0,421767.0
2021-12-20 09:00:00,5774.0,5779.0,5750.0,5757.0,79773.0,421767.0,429000.0
2021-12-20 10:00:00,5757.0,5759.0,5742.0,5745.0,36952.0,429000.0,433005.0
2021-12-20 11:00:00,5745.0,5747.0,5740.0,5740.0,14339.0,433005.0,435499.0
2021-12-20 13:00:00,5741.0,5746.0,5724.0,5728.0,51472.0,435499.0,435171.0
2021-12-20 14:00:00,5728.0,5730.0,5701.0,5705.0,79281.0,435171.0,444734.0
2021-12-20 21:00:00,5701.0,5725.0,5690.0,5698.0,90560.0,444734.0,452422.0
2021-12-20 22:00:00,5698.0,5707.0,5687.0,5691.0,37171.0,452422.0,452840.0
2021-12-21 09:00:00,5692.0,5705.0,5673.0,5688.0,84605.0,452840.0,457681.0
2021-12-21 10:00:00,5688.0,5693.0,5680.0,5680.0,26320.0,457681.0,460538.0
2021-12-21 11:00:00,5680.0,5687.0,5675.0,5682.0,20917.0,460538.0,462839.0
2021-12-21 13:00:00,5682.0,5696.0,5682.0,5693.0,24873.0,462839.0,463094.0
2021-12-21 14:00:00,5693.0,5707.0,5688.0,5705.0,47753.0,463094.0,460923.0
2021-12-21 21:00:00,5705.0,5726.0,5700.0,5714.0,63416.0,460923.0,458785.0
2021-12-21 22:00:00,5714.0,5725.0,5713.0,5721.0,27122.0,458785.0,455638.0
2021-12-22 09:00:00,5725.0,5738.0,5725.0,5730.0,46606.0,455638.0,454386.0
2021-12-22 10:00:00,5730.0,5750.0,5729.0,5748.0,33121.0,454386.0,451232.0
2021-12-22 11:00:00,5748.0,5751.0,5739.0,5741.0,22204.0,451232.0,448207.0
2021-12-22 13:00:00,5739.0,5741.0,5731.0,5732.0,16152.0,448207.0,448160.0
2021-12-22 14:00:00,5732.0,5737.0,5723.0,5727.0,42701.0,448160.0,444741.0
2021-12-22 21:00:00,5732.0,5758.0,5730.0,5747.0,77719.0,444741.0,445018.0
2021-12-22 22:00:00,5747.0,5747.0,5724.0,5730.0,43022.0,445018.0,443457.0
2021-12-23 09:00:00,5755.0,5767.0,5750.0,5759.0,72595.0,443457.0,443221.0
2021-12-23 10:00:00,5759.0,5763.0,5746.0,5757.0,26335.0,443221.0,441770.0
2021-12-23 11:00:00,5757.0,5761.0,5753.0,5756.0,10870.0,441770.0,439985.0
2021-12-23 13:00:00,5756.0,5758.0,5742.0,5745.0,19629.0,439985.0,439451.0
2021-12-23 14:00:00,5745.0,5753.0,5742.0,5744.0,29816.0,439451.0,435624.0
2021-12-23 21:00:00,5743.0,5765.0,5736.0,5763.0,66712.0,435624.0,437955.0
2021-12-23 22:00:00,5763.0,5769.0,5756.0,5761.0,35544.0,437955.0,434205.0
2021-12-24 09:00:00,5761.0,5763.0,5743.0,5760.0,43127.0,434205.0,434742.0
2021-12-24 10:00:00,5760.0,5765.0,5746.0,5747.0,27306.0,434742.0,432062.0
2021-12-24 11:00:00,5747.0,5756.0,5746.0,5752.0,11499.0,432062.0,431765.0
2021-12-24 13:00:00,5751.0,5758.0,5749.0,5750.0,11921.0,431765.0,431764.0
2021-12-24 14:00:00,5750.0,5756.0,5741.0,5748.0,32169.0,431764.0,431515.0
2021-12-24 21:00:00,5741.0,5771.0,5702.0,5767.0,155887.0,431515.0,437325.0
2021-12-24 22:00:00,5767.0,5779.0,5761.0,5767.0,57019.0,437325.0,431425.0
2021-12-27 09:00:00,5768.0,5791.0,5757.0,5762.0,86316.0,431425.0,432139.0
2021-12-27 10:00:00,5762.0,5764.0,5744.0,5747.0,39631.0,432139.0,433212.0
2021-12-27 11:00:00,5747.0,5751.0,5742.0,5750.0,11964.0,433212.0,433232.0
2021-12-27 13:00:00,5750.0,5762.0,5745.0,5760.0,18662.0,433232.0,434517.0
2021-12-27 14:00:00,5760.0,5767.0,5755.0,5758.0,40855.0,434517.0,429324.0
2021-12-27 21:00:00,5758.0,5764.0,5737.0,5760.0,79418.0,429324.0,439053.0
2021-12-27 22:00:00,5760.0,5796.0,5759.0,5787.0,76009.0,439053.0,437354.0
2021-12-28 09:00:00,5793.0,5797.0,5780.0,5787.0,63305.0,437354.0,435829.0
2021-12-28 10:00:00,5787.0,5788.0,5770.0,5775.0,25222.0,435829.0,434651.0
2021-12-28 11:00:00,5775.0,5775.0,5765.0,5769.0,18727.0,434651.0,434415.0
2021-12-28 13:00:00,5769.0,5784.0,5765.0,5784.0,21610.0,434415.0,435821.0
2021-12-28 14:00:00,5784.0,5784.0,5760.0,5766.0,43083.0,435821.0,434909.0
2021-12-28 21:00:00,5765.0,5776.0,5745.0,5746.0,80626.0,434909.0,444603.0
2021-12-28 22:00:00,5746.0,5758.0,5745.0,5748.0,31095.0,444603.0,445940.0
2021-12-29 09:00:00,5743.0,5753.0,5731.0,5747.0,62686.0,445940.0,452446.0
2021-12-29 10:00:00,5747.0,5757.0,5741.0,5744.0,27061.0,452446.0,452545.0
2021-12-29 11:00:00,5744.0,5751.0,5742.0,5745.0,10430.0,452545.0,452568.0
2021-12-29 13:00:00,5745.0,5756.0,5742.0,5753.0,18314.0,452568.0,451955.0
2021-12-29 14:00:00,5753.0,5756.0,5741.0,5748.0,30950.0,451955.0,449545.0
2021-12-29 21:00:00,5748.0,5748.0,5721.0,5722.0,94309.0,449545.0,462977.0
2021-12-29 22:00:00,5722.0,5733.0,5720.0,5721.0,38500.0,462977.0,461952.0
2021-12-30 09:00:00,5726.0,5737.0,5726.0,5732.0,37839.0,461952.0,462088.0
2021-12-30 10:00:00,5732.0,5744.0,5730.0,5738.0,21524.0,462088.0,459684.0
2021-12-30 11:00:00,5738.0,5739.0,5725.0,5731.0,18915.0,459684.0,459642.0
2021-12-30 13:00:00,5731.0,5741.0,5727.0,5729.0,19600.0,459642.0,457692.0
2021-12-30 14:00:00,5729.0,5750.0,5725.0,5748.0,52073.0,457692.0,452453.0
2021-12-30 21:00:00,5744.0,5766.0,5731.0,5745.0,101026.0,452453.0,454663.0
2021-12-30 22:00:00,5745.0,5765.0,5735.0,5763.0,49440.0,454663.0,454247.0
2021-12-31 09:00:00,5760.0,5764.0,5751.0,5757.0,44052.0,454247.0,450622.0
2021-12-31 10:00:00,5757.0,5767.0,5754.0,5763.0,25296.0,450622.0,448883.0
2021-12-31 11:00:00,5763.0,5773.0,5745.0,5754.0,32142.0,448883.0,445322.0
2021-12-31 13:00:00,5755.0,5772.0,5754.0,5769.0,30472.0,445322.0,446216.0
2021-12-31 14:00:00,5769.0,5783.0,5766.0,5777.0,55683.0,446216.0,435654.0
2022-01-04 09:00:00,5769.0,5838.0,5752.0,5806.0,150955.0,435654.0,432702.0
2022-01-04 10:00:00,5806.0,5813.0,5793.0,5803.0,36398.0,432702.0,433277.0
2022-01-04 11:00:00,5803.0,5812.0,5800.0,5810.0,17778.0,433277.0,433611.0
2022-01-04 13:00:00,5810.0,5810.0,5800.0,5806.0,15523.0,433611.0,432303.0
2022-01-04 14:00:00,5806.0,5811.0,5797.0,5804.0,35648.0,432303.0,430825.0
2022-01-04 21:00:00,5802.0,5820.0,5795.0,5806.0,73557.0,430825.0,434461.0
2022-01-04 22:00:00,5806.0,5808.0,5793.0,5797.0,45189.0,434461.0,431888.0
2022-01-05 09:00:00,5797.0,5813.0,5797.0,5807.0,45962.0,431888.0,432684.0
2022-01-05 10:00:00,5807.0,5808.0,5798.0,5801.0,18289.0,432684.0,432255.0
2022-01-05 11:00:00,5801.0,5801.0,5795.0,5800.0,10339.0,432255.0,431773.0
2022-01-05 13:00:00,5800.0,5800.0,5782.0,5783.0,36199.0,431773.0,430882.0
2022-01-05 14:00:00,5783.0,5786.0,5769.0,5783.0,57302.0,430882.0,430316.0
2022-01-05 21:00:00,5781.0,5796.0,5768.0,5778.0,76907.0,430316.0,432318.0
2022-01-05 22:00:00,5778.0,5781.0,5762.0,5762.0,57225.0,432318.0,434368.0
2022-01-06 09:00:00,5743.0,5747.0,5725.0,5739.0,110788.0,434368.0,448895.0
2022-01-06 10:00:00,5739.0,5743.0,5728.0,5730.0,29714.0,448895.0,451425.0
2022-01-06 11:00:00,5730.0,5731.0,5722.0,5725.0,18018.0,451425.0,454095.0
2022-01-06 13:00:00,5724.0,5729.0,5706.0,5711.0,49577.0,454095.0,459880.0
2022-01-06 14:00:00,5711.0,5722.0,5686.0,5711.0,82875.0,459880.0,463208.0
2022-01-06 21:00:00,5721.0,5734.0,5716.0,5727.0,64238.0,463208.0,466774.0
2022-01-06 22:00:00,5727.0,5732.0,5714.0,5717.0,31683.0,466774.0,467283.0
2022-01-07 09:00:00,5716.0,5720.0,5686.0,5696.0,81084.0,467283.0,476693.0
2022-01-07 10:00:00,5696.0,5704.0,5690.0,5704.0,39614.0,476693.0,479883.0
2022-01-07 11:00:00,5704.0,5707.0,5696.0,5702.0,17246.0,479883.0,480124.0
2022-01-07 13:00:00,5703.0,5711.0,5703.0,5705.0,16367.0,480124.0,482307.0
2022-01-07 14:00:00,5705.0,5724.0,5700.0,5723.0,46945.0,482307.0,476057.0
2022-01-07 21:00:00,5723.0,5723.0,5702.0,5708.0,74253.0,476057.0,484080.0
2022-01-07 22:00:00,5708.0,5713.0,5697.0,5705.0,45545.0,484080.0,481187.0
2022-01-10 09:00:00,5700.0,5727.0,5679.0,5714.0,97549.0,481187.0,482374.0
2022-01-10 10:00:00,5714.0,5722.0,5706.0,5718.0,29082.0,482374.0,483497.0
2022-01-10 11:00:00,5718.0,5724.0,5717.0,5724.0,14407.0,483497.0,482042.0
2022-01-10 13:00:00,5724.0,5733.0,5720.0,5729.0,25605.0,482042.0,479378.0
2022-01-10 14:00:00,5729.0,5749.0,5727.0,5745.0,62557.0,479378.0,476870.0
2022-01-10 21:00:00,5720.0,5730.0,5711.0,5728.0,79156.0,476870.0,475889.0
2022-01-10 22:00:00,5728.0,5728.0,5697.0,5705.0,68864.0,475889.0,476317.0
2022-01-11 09:00:00,5722.0,5750.0,5713.0,5733.0,86194.0,476317.0,471156.0
2022-01-11 10:00:00,5733.0,5742.0,5727.0,5741.0,29404.0,471156.0,469988.0
2022-01-11 11:00:00,5741.0,5748.0,5739.0,5742.0,19934.0,469988.0,466912.0
2022-01-11 13:00:00,5742.0,5747.0,5738.0,5746.0,16134.0,466912.0,466263.0
2022-01-11 14:00:00,5746.0,5752.0,5741.0,5745.0,38166.0,466263.0,461197.0
2022-01-11 21:00:00,5765.0,5776.0,5757.0,5761.0,98710.0,461197.0,460325.0
2022-01-11 22:00:00,5761.0,5769.0,5753.0,5768.0,41597.0,460325.0,457111.0
2022-01-12 09:00:00,5778.0,5798.0,5768.0,5796.0,79839.0,457111.0,452859.0
2022-01-12 10:00:00,5796.0,5799.0,5782.0,5786.0,30485.0,452859.0,451983.0
2022-01-12 11:00:00,5786.0,5790.0,5781.0,5783.0,18200.0,451983.0,451801.0
2022-01-12 13:00:00,5784.0,5793.0,5780.0,5787.0,17793.0,451801.0,451033.0
2022-01-12 14:00:00,5787.0,5798.0,5783.0,5798.0,34680.0,451033.0,447146.0
2022-01-12 21:00:00,5807.0,5819.0,5802.0,5812.0,76824.0,447146.0,449309.0
2022-01-12 22:00:00,5812.0,5817.0,5807.0,5814.0,43039.0,449309.0,448939.0
2022-01-13 09:00:00,5814.0,5816.0,5801.0,5804.0,36384.0,448939.0,447240.0
2022-01-13 10:00:00,5804.0,5815.0,5796.0,5804.0,32976.0,447240.0,442687.0
2022-01-13 11:00:00,5804.0,5811.0,5803.0,5807.0,11709.0,442687.0,440209.0
2022-01-13 13:00:00,5807.0,5813.0,5801.0,5809.0,17902.0,440209.0,438854.0
2022-01-13 14:00:00,5809.0,5812.0,5798.0,5805.0,28232.0,438854.0,434566.0
2022-01-13 21:00:00,5801.0,5822.0,5800.0,5820.0,73112.0,434566.0,437423.0
2022-01-13 22:00:00,5820.0,5821.0,5803.0,5810.0,48927.0,437423.0,436335.0
2022-01-14 09:00:00,5800.0,5822.0,5783.0,5821.0,69909.0,436335.0,438843.0
2022-01-14 10:00:00,5821.0,5826.0,5815.0,5821.0,29105.0,438843.0,438269.0
2022-01-14 11:00:00,5821.0,5826.0,5817.0,5824.0,13428.0,438269.0,437949.0
2022-01-14 13:00:00,5825.0,5829.0,5821.0,5824.0,15842.0,437949.0,438859.0
2022-01-14 14:00:00,5824.0,5830.0,5818.0,5823.0,39414.0,438859.0,436939.0
2022-01-14 21:00:00,5821.0,5850.0,5807.0,5810.0,110478.0,436939.0,433629.0
2022-01-14 22:00:00,5810.0,5821.0,5809.0,5815.0,34975.0,433629.0,430451.0
2022-01-17 09:00:00,5826.0,5849.0,5826.0,5833.0,78823.0,430451.0,430907.0
2022-01-17 10:00:00,5833.0,5835.0,5818.0,5827.0,30793.0,430907.0,429662.0
2022-01-17 11:00:00,5827.0,5833.0,5821.0,5826.0,10588.0,429662.0,429731.0
2022-01-17 13:00:00,5826.0,5831.0,5822.0,5829.0,11324.0,429731.0,430188.0
2022-01-17 14:00:00,5829.0,5830.0,5814.0,5827.0,36759.0,430188.0,427525.0
2022-01-17 21:00:00,5823.0,5827.0,5782.0,5792.0,95762.0,427525.0,425009.0
2022-01-17 22:00:00,5792.0,5810.0,5788.0,5806.0,26485.0,425009.0,421934.0
2022-01-18 09:00:00,5807.0,5821.0,5791.0,5817.0,60365.0,421934.0,422933.0
2022-01-18 10:00:00,5817.0,5830.0,5816.0,5825.0,26885.0,422933.0,422921.0
2022-01-18 11:00:00,5825.0,5826.0,5818.0,5823.0,13270.0,422921.0,422433.0
2022-01-18 13:00:00,5823.0,5826.0,5815.0,5816.0,12561.0,422433.0,421603.0
2022-01-18 14:00:00,5816.0,5828.0,5811.0,5828.0,35379.0,421603.0,419210.0
2022-01-18 21:00:00,5844.0,5859.0,5832.0,5840.0,99508.0,419210.0,425109.0
2022-01-18 22:00:00,5840.0,5845.0,5824.0,5828.0,42652.0,425109.0,424777.0
2022-01-19 09:00:00,5829.0,5842.0,5828.0,5836.0,44103.0,424777.0,426536.0
2022-01-19 10:00:00,5836.0,5844.0,5834.0,5839.0,23335.0,426536.0,427900.0
2022-01-19 11:00:00,5839.0,5845.0,5836.0,5838.0,12278.0,427900.0,426926.0
2022-01-19 13:00:00,5838.0,5840.0,5834.0,5838.0,11850.0,426926.0,425233.0
2022-01-19 14:00:00,5838.0,5845.0,5827.0,5828.0,38362.0,425233.0,421464.0
2022-01-19 21:00:00,5838.0,5857.0,5835.0,5856.0,78365.0,421464.0,429357.0
2022-01-19 22:00:00,5856.0,5860.0,5833.0,5846.0,68000.0,429357.0,428439.0
2022-01-20 09:00:00,5857.0,5870.0,5851.0,5869.0,62868.0,428439.0,431850.0
2022-01-20 10:00:00,5869.0,5878.0,5865.0,5867.0,38308.0,431850.0,426304.0
2022-01-20 11:00:00,5867.0,5870.0,5856.0,5863.0,26522.0,426304.0,422792.0
2022-01-20 13:00:00,5863.0,5867.0,5856.0,5866.0,14003.0,422792.0,422112.0
2022-01-20 14:00:00,5866.0,5873.0,5863.0,5868.0,32626.0,422112.0,420289.0
2022-01-20 21:00:00,5862.0,5864.0,5817.0,5830.0,110505.0,420289.0,429175.0
2022-01-20 22:00:00,5830.0,5843.0,5826.0,5839.0,38157.0,429175.0,427577.0
2022-01-21 09:00:00,5823.0,5823.0,5797.0,5798.0,88913.0,427577.0,427186.0
2022-01-21 10:00:00,5798.0,5810.0,5796.0,5804.0,25138.0,427186.0,428310.0
2022-01-21 11:00:00,5804.0,5804.0,5794.0,5802.0,18973.0,428310.0,426370.0
2022-01-21 13:00:00,5802.0,5816.0,5802.0,5815.0,22053.0,426370.0,428235.0
2022-01-21 14:00:00,5815.0,5817.0,5805.0,5807.0,39282.0,428235.0,422014.0
2022-01-21 21:00:00,5807.0,5819.0,5798.0,5814.0,69617.0,422014.0,429780.0
2022-01-21 22:00:00,5814.0,5815.0,5791.0,5796.0,49412.0,429780.0,426448.0
2022-01-24 09:00:00,5796.0,5814.0,5788.0,5812.0,55798.0,426448.0,426781.0
2022-01-24 10:00:00,5812.0,5817.0,5808.0,5810.0,16987.0,426781.0,426977.0
2022-01-24 11:00:00,5810.0,5811.0,5802.0,5810.0,14578.0,426977.0,424925.0
2022-01-24 13:00:00,5810.0,5815.0,5808.0,5813.0,9222.0,424925.0,425492.0
2022-01-24 14:00:00,5813.0,5822.0,5802.0,5805.0,38464.0,425492.0,419060.0
2022-01-24 21:00:00,5788.0,5790.0,5755.0,5755.0,107919.0,419060.0,423591.0
2022-01-24 22:00:00,5755.0,5759.0,5750.0,5751.0,45319.0,423591.0,420303.0
2022-01-25 09:00:00,5767.0,5783.0,5762.0,5770.0,61654.0,420303.0,416276.0
2022-01-25 10:00:00,5770.0,5776.0,5765.0,5775.0,22144.0,416276.0,417037.0
2022-01-25 11:00:00,5775.0,5776.0,5765.0,5768.0,12771.0,417037.0,416965.0
2022-01-25 13:00:00,5766.0,5773.0,5761.0,5763.0,20756.0,416965.0,417205.0
2022-01-25 14:00:00,5763.0,5770.0,5757.0,5761.0,32878.0,417205.0,413718.0
2022-01-25 21:00:00,5760.0,5761.0,5722.0,5749.0,77148.0,413718.0,417129.0
2022-01-25 22:00:00,5749.0,5749.0,5737.0,5740.0,34675.0,417129.0,417132.0
2022-01-26 09:00:00,5740.0,5750.0,5734.0,5735.0,39351.0,417132.0,420367.0
2022-01-26 10:00:00,5735.0,5746.0,5733.0,5738.0,26149.0,420367.0,422729.0
2022-01-26 11:00:00,5738.0,5738.0,5732.0,5733.0,12557.0,422729.0,423929.0
2022-01-26 13:00:00,5734.0,5743.0,5729.0,5739.0,21856.0,423929.0,426642.0
2022-01-26 14:00:00,5739.0,5740.0,5720.0,5722.0,47885.0,426642.0,427425.0
2022-01-26 21:00:00,5723.0,5729.0,5701.0,5721.0,85409.0,427425.0,430651.0
2022-01-26 22:00:00,5721.0,5722.0,5704.0,5712.0,36548.0,430651.0,430313.0
2022-01-27 09:00:00,5714.0,5717.0,5707.0,5711.0,36151.0,430313.0,435929.0
2022-01-27 10:00:00,5711.0,5714.0,5703.0,5713.0,27361.0,435929.0,439278.0
2022-01-27 11:00:00,5713.0,5717.0,5706.0,5708.0,13700.0,439278.0,438384.0
2022-01-27 13:00:00,5709.0,5710.0,5702.0,5705.0,15172.0,438384.0,439586.0
2022-01-27 14:00:00,5705.0,5710.0,5688.0,5692.0,59614.0,439586.0,440410.0
2022-01-27 21:00:00,5692.0,5726.0,5692.0,5704.0,68794.0,440410.0,438303.0
2022-01-27 22:00:00,5704.0,5715.0,5704.0,5709.0,21808.0,438303.0,435609.0
2022-01-28 09:00:00,5710.0,5710.0,5685.0,5686.0,36258.0,435609.0,439919.0
2022-01-28 10:00:00,5686.0,5687.0,5655.0,5668.0,98824.0,439919.0,441944.0
2022-01-28 11:00:00,5668.0,5676.0,5665.0,5673.0,11972.0,441944.0,441612.0
2022-01-28 13:00:00,5673.0,5696.0,5673.0,5695.0,28563.0,441612.0,437941.0
2022-01-28 14:00:00,5695.0,5709.0,5675.0,5706.0,61794.0,437941.0,425294.0
2022-02-07 09:00:00,5707.0,5730.0,5678.0,5702.0,102764.0,425294.0,441450.0
2022-02-07 10:00:00,5702.0,5705.0,5689.0,5697.0,32601.0,441450.0,447218.0
2022-02-07 11:00:00,5697.0,5703.0,5691.0,5692.0,13817.0,447218.0,449938.0
2022-02-07 13:00:00,5693.0,5697.0,5685.0,5687.0,30770.0,449938.0,455999.0
2022-02-07 14:00:00,5687.0,5689.0,5664.0,5666.0,47657.0,455999.0,467323.0
2022-02-07 21:00:00,5669.0,5683.0,5664.0,5682.0,75258.0,467323.0,481149.0
2022-02-07 22:00:00,5682.0,5695.0,5680.0,5690.0,43900.0,481149.0,479728.0
2022-02-08 09:00:00,5688.0,5721.0,5681.0,5718.0,75821.0,479728.0,486203.0
2022-02-08 10:00:00,5718.0,5729.0,5715.0,5724.0,43461.0,486203.0,487185.0
2022-02-08 11:00:00,5724.0,5734.0,5719.0,5719.0,28521.0,487185.0,483424.0
2022-02-08 13:00:00,5719.0,5729.0,5719.0,5724.0,13485.0,483424.0,483322.0
2022-02-08 14:00:00,5724.0,5728.0,5714.0,5720.0,39881.0,483322.0,481045.0
2022-02-08 21:00:00,5704.0,5720.0,5685.0,5717.0,109363.0,481045.0,488985.0
2022-02-08 22:00:00,5717.0,5725.0,5706.0,5710.0,45319.0,488985.0,485254.0
2022-02-09 09:00:00,5713.0,5741.0,5712.0,5734.0,72599.0,485254.0,489929.0
2022-02-09 10:00:00,5734.0,5740.0,5719.0,5725.0,31871.0,489929.0,487069.0
2022-02-09 11:00:00,5725.0,5730.0,5720.0,5722.0,11239.0,487069.0,486561.0
2022-02-09 13:00:00,5723.0,5723.0,5712.0,5714.0,21420.0,486561.0,485640.0
2022-02-09 14:00:00,5714.0,5720.0,5712.0,5716.0,28842.0,485640.0,485358.0
2022-02-09 21:00:00,5738.0,5747.0,5727.0,5745.0,97786.0,485358.0,488362.0
2022-02-09 22:00:00,5745.0,5748.0,5734.0,5743.0,44390.0,488362.0,485186.0
2022-02-10 09:00:00,5743.0,5748.0,5735.0,5743.0,37379.0,485186.0,486737.0
2022-02-10 10:00:00,5743.0,5755.0,5741.0,5751.0,26890.0,486737.0,487177.0
2022-02-10 11:00:00,5751.0,5757.0,5750.0,5756.0,13607.0,487177.0,486544.0
2022-02-10 13:00:00,5757.0,5777.0,5755.0,5766.0,39986.0,486544.0,483393.0
2022-02-10 14:00:00,5766.0,5783.0,5766.0,5779.0,73699.0,483393.0,482326.0
2022-02-10 21:00:00,5778.0,5792.0,5766.0,5774.0,88852.0,482326.0,484144.0
2022-02-10 22:00:00,5774.0,5775.0,5755.0,5761.0,61768.0,484144.0,479185.0
2022-02-11 09:00:00,5762.0,5765.0,5734.0,5738.0,77822.0,479185.0,475137.0
2022-02-11 10:00:00,5738.0,5756.0,5737.0,5749.0,30679.0,475137.0,474854.0
2022-02-11 11:00:00,5749.0,5757.0,5741.0,5752.0,18235.0,474854.0,474630.0
2022-02-11 13:00:00,5752.0,5756.0,5731.0,5736.0,25518.0,474630.0,472127.0
2022-02-11 14:00:00,5736.0,5739.0,5696.0,5699.0,110539.0,472127.0,470077.0
2022-02-11 21:00:00,5707.0,5728.0,5707.0,5723.0,78581.0,470077.0,467901.0
2022-02-11 22:00:00,5723.0,5732.0,5721.0,5724.0,34367.0,467901.0,466123.0
2022-02-14 09:00:00,5724.0,5738.0,5719.0,5736.0,49582.0,466123.0,468714.0
2022-02-14 10:00:00,5736.0,5739.0,5727.0,5732.0,20904.0,468714.0,469109.0
2022-02-14 11:00:00,5732.0,5735.0,5724.0,5726.0,13019.0,469109.0,468646.0
2022-02-14 13:00:00,5727.0,5736.0,5726.0,5731.0,13852.0,468646.0,467989.0
2022-02-14 14:00:00,5731.0,5732.0,5723.0,5731.0,30484.0,467989.0,465159.0
2022-02-14 21:00:00,5727.0,5746.0,5705.0,5705.0,127545.0,465159.0,471101.0
2022-02-14 22:00:00,5705.0,5713.0,5695.0,5710.0,58340.0,471101.0,471122.0
2022-02-15 09:00:00,5711.0,5724.0,5707.0,5716.0,42984.0,471122.0,468813.0
2022-02-15 10:00:00,5716.0,5727.0,5713.0,5719.0,21874.0,468813.0,467974.0
2022-02-15 11:00:00,5719.0,5720.0,5705.0,5707.0,21124.0,467974.0,468289.0
2022-02-15 13:00:00,5708.0,5710.0,5698.0,5704.0,21961.0,468289.0,470380.0
2022-02-15 14:00:00,5704.0,5721.0,5700.0,5720.0,35188.0,470380.0,464324.0
2022-02-15 21:00:00,5721.0,5724.0,5708.0,5711.0,49286.0,464324.0,467498.0
2022-02-15 22:00:00,5711.0,5718.0,5698.0,5713.0,48367.0,467498.0,466287.0
2022-02-16 09:00:00,5715.0,5730.0,5714.0,5721.0,46360.0,466287.0,466460.0
2022-02-16 10:00:00,5721.0,5728.0,5718.0,5725.0,14639.0,466460.0,465916.0
2022-02-16 11:00:00,5725.0,5725.0,5710.0,5710.0,14285.0,465916.0,465384.0
2022-02-16 13:00:00,5710.0,5721.0,5708.0,5712.0,15206.0,465384.0,465160.0
2022-02-16 14:00:00,5712.0,5725.0,5712.0,5723.0,27608.0,465160.0,462203.0
2022-02-16 21:00:00,5722.0,5728.0,5701.0,5702.0,71742.0,462203.0,473142.0
2022-02-16 22:00:00,5702.0,5725.0,5700.0,5723.0,53871.0,473142.0,465743.0
2022-02-17 09:00:00,5717.0,5718.0,5684.0,5711.0,113703.0,465743.0,472733.0
2022-02-17 10:00:00,5711.0,5714.0,5692.0,5699.0,32236.0,472733.0,470810.0
2022-02-17 11:00:00,5699.0,5708.0,5697.0,5704.0,12049.0,470810.0,470456.0
2022-02-17 13:00:00,5705.0,5708.0,5695.0,5699.0,17839.0,470456.0,471645.0
2022-02-17 14:00:00,5699.0,5701.0,5686.0,5686.0,41658.0,471645.0,473826.0
2022-02-17 21:00:00,5698.0,5704.0,5678.0,5682.0,84369.0,473826.0,482563.0
2022-02-17 22:00:00,5682.0,5693.0,5680.0,5687.0,34302.0,482563.0,481413.0
2022-02-18 09:00:00,5693.0,5722.0,5693.0,5706.0,88674.0,481413.0,464783.0
2022-02-18 10:00:00,5706.0,5707.0,5693.0,5700.0,37693.0,464783.0,466617.0
2022-02-18 11:00:00,5700.0,5707.0,5700.0,5704.0,9903.0,466617.0,466502.0
2022-02-18 13:00:00,5704.0,5712.0,5702.0,5708.0,15880.0,466502.0,466247.0
2022-02-18 14:00:00,5708.0,5713.0,5703.0,5703.0,31602.0,466247.0,462381.0
2022-02-18 21:00:00,5714.0,5721.0,5705.0,5716.0,75090.0,462381.0,465353.0
2022-02-18 22:00:00,5716.0,5725.0,5708.0,5709.0,40667.0,465353.0,462862.0
2022-02-21 09:00:00,5702.0,5702.0,5675.0,5677.0,95329.0,462862.0,484038.0
2022-02-21 10:00:00,5677.0,5710.0,5676.0,5698.0,56469.0,484038.0,476899.0
2022-02-21 11:00:00,5698.0,5707.0,5696.0,5702.0,13894.0,476899.0,475022.0
2022-02-21 13:00:00,5702.0,5707.0,5693.0,5695.0,14065.0,475022.0,473588.0
2022-02-21 14:00:00,5695.0,5702.0,5691.0,5692.0,26731.0,473588.0,471575.0
2022-02-21 21:00:00,5691.0,5696.0,5682.0,5690.0,52170.0,471575.0,481276.0
2022-02-21 22:00:00,5690.0,5698.0,5685.0,5687.0,23761.0,481276.0,481061.0
2022-02-22 09:00:00,5686.0,5712.0,5685.0,5707.0,65487.0,481061.0,476223.0
2022-02-22 10:00:00,5707.0,5732.0,5703.0,5728.0,69170.0,476223.0,463934.0
2022-02-22 11:00:00,5728.0,5731.0,5711.0,5713.0,33790.0,463934.0,457021.0
2022-02-22 13:00:00,5713.0,5722.0,5707.0,5713.0,24853.0,457021.0,456037.0
2022-02-22 14:00:00,5713.0,5722.0,5708.0,5720.0,38568.0,456037.0,451936.0
2022-02-22 21:00:00,5726.0,5741.0,5723.0,5738.0,89750.0,451936.0,455659.0
2022-02-22 22:00:00,5738.0,5738.0,5729.0,5734.0,32263.0,455659.0,455611.0
2022-02-23 09:00:00,5735.0,5744.0,5729.0,5740.0,53259.0,455611.0,458070.0
2022-02-23 10:00:00,5740.0,5742.0,5734.0,5739.0,17364.0,458070.0,456801.0
2022-02-23 11:00:00,5739.0,5743.0,5736.0,5742.0,13452.0,456801.0,455146.0
2022-02-23 13:00:00,5743.0,5748.0,5740.0,5745.0,21619.0,455146.0,454193.0
2022-02-23 14:00:00,5745.0,5749.0,5734.0,5748.0,46445.0,454193.0,448556.0
2022-02-23 21:00:00,5749.0,5751.0,5732.0,5737.0,46935.0,448556.0,452560.0
2022-02-23 22:00:00,5737.0,5748.0,5736.0,5746.0,28704.0,452560.0,451238.0
2022-02-24 09:00:00,5746.0,5755.0,5741.0,5755.0,43250.0,451238.0,453171.0
2022-02-24 10:00:00,5755.0,5759.0,5742.0,5750.0,46253.0,453171.0,448470.0
2022-02-24 11:00:00,5750.0,5754.0,5745.0,5751.0,14575.0,448470.0,447048.0
2022-02-24 13:00:00,5752.0,5774.0,5752.0,5771.0,50484.0,447048.0,448380.0
2022-02-24 14:00:00,5771.0,5780.0,5766.0,5772.0,65339.0,448380.0,441592.0
2022-02-24 21:00:00,5772.0,5803.0,5772.0,5789.0,121552.0,441592.0,450177.0
2022-02-24 22:00:00,5789.0,5791.0,5735.0,5750.0,73078.0,450177.0,442018.0
2022-02-25 09:00:00,5749.0,5751.0,5731.0,5748.0,61219.0,442018.0,435819.0
2022-02-25 10:00:00,5748.0,5750.0,5739.0,5741.0,22028.0,435819.0,432882.0
2022-02-25 11:00:00,5741.0,5747.0,5735.0,5742.0,20587.0,432882.0,431936.0
2022-02-25 13:00:00,5743.0,5750.0,5738.0,5741.0,23041.0,431936.0,431153.0
2022-02-25 14:00:00,5741.0,5754.0,5736.0,5754.0,36364.0,431153.0,427855.0
2022-02-25 21:00:00,5755.0,5759.0,5700.0,5703.0,142760.0,427855.0,430136.0
2022-02-25 22:00:00,5703.0,5709.0,5697.0,5702.0,39846.0,430136.0,430300.0
2022-02-28 09:00:00,5704.0,5717.0,5702.0,5707.0,59566.0,430300.0,431703.0
2022-02-28 10:00:00,5707.0,5708.0,5690.0,5690.0,30141.0,431703.0,433871.0
2022-02-28 11:00:00,5690.0,5699.0,5689.0,5697.0,18028.0,433871.0,436072.0
2022-02-28 13:00:00,5697.0,5703.0,5693.0,5694.0,15650.0,436072.0,436821.0
2022-02-28 14:00:00,5694.0,5707.0,5693.0,5696.0,37031.0,436821.0,435471.0
2022-02-28 21:00:00,5702.0,5707.0,5690.0,5694.0,55659.0,435471.0,444993.0
2022-02-28 22:00:00,5694.0,5702.0,5684.0,5691.0,43467.0,444993.0,445385.0
2022-03-01 09:00:00,5690.0,5696.0,5682.0,5686.0,49682.0,445385.0,453480.0
2022-03-01 10:00:00,5686.0,5697.0,5683.0,5691.0,24881.0,453480.0,455514.0
2022-03-01 11:00:00,5691.0,5695.0,5687.0,5689.0,10378.0,455514.0,455511.0
2022-03-01 13:00:00,5690.0,5695.0,5688.0,5691.0,12094.0,455511.0,456493.0
2022-03-01 14:00:00,5691.0,5706.0,5689.0,5702.0,44814.0,456493.0,450756.0
2022-03-01 21:00:00,5706.0,5738.0,5703.0,5733.0,122986.0,450756.0,445357.0
2022-03-01 22:00:00,5733.0,5745.0,5730.0,5734.0,53654.0,445357.0,441093.0
2022-03-02 09:00:00,5741.0,5766.0,5741.0,5766.0,85865.0,441093.0,435566.0
2022-03-02 10:00:00,5766.0,5791.0,5762.0,5765.0,79452.0,435566.0,433893.0
2022-03-02 11:00:00,5765.0,5770.0,5752.0,5767.0,30333.0,433893.0,430420.0
2022-03-02 13:00:00,5767.0,5780.0,5763.0,5769.0,35959.0,430420.0,429208.0
2022-03-02 14:00:00,5769.0,5788.0,5765.0,5787.0,48490.0,429208.0,424812.0
2022-03-02 21:00:00,5784.0,5797.0,5776.0,5790.0,104760.0,424812.0,425916.0
2022-03-02 22:00:00,5790.0,5793.0,5775.0,5783.0,45183.0,425916.0,423747.0
2022-03-03 09:00:00,5790.0,5820.0,5790.0,5820.0,85459.0,423747.0,425992.0
2022-03-03 10:00:00,5820.0,5837.0,5808.0,5812.0,84035.0,425992.0,420383.0
2022-03-03 11:00:00,5812.0,5827.0,5807.0,5818.0,24781.0,420383.0,418060.0
2022-03-03 13:00:00,5819.0,5825.0,5812.0,5814.0,23904.0,418060.0,414856.0
2022-03-03 14:00:00,5814.0,5827.0,5809.0,5825.0,45085.0,414856.0,412115.0
2022-03-03 21:00:00,5822.0,5824.0,5767.0,5771.0,123668.0,412115.0,412657.0
2022-03-03 22:00:00,5771.0,5788.0,5761.0,5772.0,75358.0,412657.0,410310.0
2022-03-04 09:00:00,5793.0,5818.0,5793.0,5813.0,65533.0,410310.0,410127.0
2022-03-04 10:00:00,5813.0,5827.0,5813.0,5816.0,34136.0,410127.0,408876.0
2022-03-04 11:00:00,5816.0,5822.0,5813.0,5819.0,10866.0,408876.0,407134.0
2022-03-04 13:00:00,5819.0,5824.0,5801.0,5803.0,35898.0,407134.0,402662.0
2022-03-04 14:00:00,5803.0,5809.0,5789.0,5795.0,55809.0,402662.0,399246.0
2022-03-04 21:00:00,5822.0,5843.0,5802.0,5837.0,115339.0,399246.0,414671.0
2022-03-04 22:00:00,5837.0,5848.0,5836.0,5846.0,43393.0,414671.0,412579.0
2022-03-07 09:00:00,5850.0,5917.0,5850.0,5860.0,142942.0,412579.0,419536.0
2022-03-07 10:00:00,5860.0,5878.0,5856.0,5867.0,47011.0,419536.0,415882.0
2022-03-07 11:00:00,5867.0,5873.0,5858.0,5861.0,19593.0,415882.0,413697.0
2022-03-07 13:00:00,5863.0,5895.0,5863.0,5890.0,58264.0,413697.0,419152.0
2022-03-07 14:00:00,5890.0,5915.0,5885.0,5910.0,73397.0,419152.0,416717.0
2022-03-07 21:00:00,5895.0,5905.0,5805.0,5844.0,208099.0,416717.0,412527.0
2022-03-07 22:00:00,5844.0,5850.0,5823.0,5848.0,66324.0,412527.0,409048.0
2022-03-08 09:00:00,5836.0,5853.0,5827.0,5849.0,58841.0,409048.0,407569.0
2022-03-08 10:00:00,5849.0,5875.0,5842.0,5862.0,36380.0,407569.0,407320.0
2022-03-08 11:00:00,5862.0,5871.0,5858.0,5864.0,17955.0,407320.0,405468.0
2022-03-08 13:00:00,5865.0,5877.0,5862.0,5869.0,26892.0,405468.0,404355.0
2022-03-08 14:00:00,5869.0,5876.0,5858.0,5869.0,39693.0,404355.0,397240.0
2022-03-08 21:00:00,5870.0,5892.0,5850.0,5874.0,106357.0,397240.0,397467.0
2022-03-08 22:00:00,5874.0,5895.0,5856.0,5892.0,64229.0,397467.0,395523.0
2022-03-09 09:00:00,5892.0,5894.0,5875.0,5878.0,44194.0,395523.0,395478.0
2022-03-09 10:00:00,5878.0,5920.0,5878.0,5902.0,64734.0,395478.0,395075.0
2022-03-09 11:00:00,5902.0,5902.0,5888.0,5896.0,15108.0,395075.0,394181.0
2022-03-09 13:00:00,5895.0,5905.0,5863.0,5881.0,47840.0,394181.0,390474.0
2022-03-09 14:00:00,5881.0,5905.0,5875.0,5899.0,44048.0,390474.0,388300.0
2022-03-09 21:00:00,5851.0,5866.0,5827.0,5833.0,128629.0,388300.0,386411.0
2022-03-09 22:00:00,5833.0,5851.0,5826.0,5849.0,47171.0,386411.0,384040.0
2022-03-10 09:00:00,5834.0,5840.0,5815.0,5839.0,56966.0,384040.0,384551.0
2022-03-10 10:00:00,5839.0,5845.0,5826.0,5844.0,23301.0,384551.0,383056.0
2022-03-10 11:00:00,5844.0,5854.0,5843.0,5852.0,18874.0,383056.0,382054.0
2022-03-10 13:00:00,5852.0,5852.0,5842.0,5844.0,12452.0,382054.0,380568.0
2022-03-10 14:00:00,5844.0,5857.0,5841.0,5850.0,29350.0,380568.0,376239.0
2022-03-10 21:00:00,5870.0,5895.0,5860.0,5890.0,93133.0,376239.0,379790.0
2022-03-10 22:00:00,5890.0,5892.0,5868.0,5877.0,41255.0,379790.0,376011.0
2022-03-11 09:00:00,5868.0,5868.0,5845.0,5853.0,50282.0,376011.0,373521.0
2022-03-11 10:00:00,5853.0,5862.0,5849.0,5858.0,19864.0,373521.0,372447.0
2022-03-11 11:00:00,5858.0,5859.0,5843.0,5843.0,14882.0,372447.0,370877.0
2022-03-11 13:00:00,5844.0,5858.0,5843.0,5856.0,12534.0,370877.0,369622.0
2022-03-11 14:00:00,5856.0,5861.0,5848.0,5859.0,23482.0,369622.0,366059.0
2022-03-11 21:00:00,5844.0,5856.0,5825.0,5843.0,79567.0,366059.0,370272.0
2022-03-11 22:00:00,5843.0,5861.0,5838.0,5857.0,32124.0,370272.0,369389.0
2022-03-14 09:00:00,5860.0,5880.0,5838.0,5871.0,84168.0,369389.0,372624.0
2022-03-14 10:00:00,5871.0,5882.0,5866.0,5876.0,26705.0,372624.0,375116.0
2022-03-14 11:00:00,5876.0,5888.0,5867.0,5874.0,25531.0,375116.0,374757.0
2022-03-14 13:00:00,5874.0,5879.0,5864.0,5868.0,19205.0,374757.0,373526.0
2022-03-14 14:00:00,5868.0,5877.0,5863.0,5870.0,36717.0,373526.0,370736.0
2022-03-14 21:00:00,5863.0,5890.0,5836.0,5843.0,128599.0,370736.0,374546.0
2022-03-14 22:00:00,5843.0,5847.0,5832.0,5839.0,44444.0,374546.0,372520.0
2022-03-15 09:00:00,5840.0,5845.0,5810.0,5822.0,59945.0,372520.0,363243.0
2022-03-15 10:00:00,5822.0,5840.0,5819.0,5819.0,32787.0,363243.0,359645.0
2022-03-15 11:00:00,5819.0,5831.0,5818.0,5826.0,13286.0,359645.0,358964.0
2022-03-15 13:00:00,5825.0,5827.0,5818.0,5820.0,13223.0,358964.0,358238.0
2022-03-15 14:00:00,5820.0,5825.0,5780.0,5785.0,96764.0,358238.0,334003.0
2022-03-15 21:00:00,5778.0,5783.0,5737.0,5768.0,140045.0,334003.0,324846.0
2022-03-15 22:00:00,5768.0,5779.0,5764.0,5768.0,29385.0,324846.0,321690.0
2022-03-16 09:00:00,5775.0,5784.0,5773.0,5775.0,29820.0,321690.0,323553.0
2022-03-16 10:00:00,5775.0,5783.0,5770.0,5777.0,20131.0,323553.0,322038.0
2022-03-16 11:00:00,5777.0,5779.0,5772.0,5777.0,8081.0,322038.0,320316.0
2022-03-16 13:00:00,5778.0,5786.0,5776.0,5779.0,14896.0,320316.0,320178.0
2022-03-16 14:00:00,5779.0,5790.0,5777.0,5788.0,28684.0,320178.0,317800.0
2022-03-16 21:00:00,5785.0,5797.0,5771.0,5771.0,59470.0,317800.0,317660.0
2022-03-16 22:00:00,5771.0,5778.0,5759.0,5771.0,43083.0,317660.0,314683.0
2022-03-17 09:00:00,5770.0,5777.0,5766.0,5768.0,29692.0,314683.0,315483.0
2022-03-17 10:00:00,5768.0,5774.0,5764.0,5769.0,14876.0,315483.0,315345.0
2022-03-17 11:00:00,5769.0,5771.0,5765.0,5768.0,8398.0,315345.0,316349.0
2022-03-17 13:00:00,5769.0,5770.0,5762.0,5764.0,12501.0,316349.0,315878.0
2022-03-17 14:00:00,5764.0,5769.0,5755.0,5768.0,30162.0,315878.0,314456.0
2022-03-17 21:00:00,5789.0,5794.0,5772.0,5782.0,56292.0,314456.0,315389.0
2022-03-17 22:00:00,5782.0,5786.0,5777.0,5781.0,25644.0,315389.0,312069.0
2022-03-18 09:00:00,5780.0,5796.0,5777.0,5786.0,31634.0,312069.0,312880.0
2022-03-18 10:00:00,5786.0,5794.0,5783.0,5789.0,17606.0,312880.0,313373.0
2022-03-18 11:00:00,5789.0,5796.0,5789.0,5794.0,7864.0,313373.0,313266.0
2022-03-18 13:00:00,5795.0,5799.0,5792.0,5793.0,10958.0,313266.0,314387.0
2022-03-18 14:00:00,5793.0,5796.0,5785.0,5787.0,22385.0,314387.0,309540.0
2022-03-18 21:00:00,5780.0,5783.0,5755.0,5760.0,74873.0,309540.0,309484.0
2022-03-18 22:00:00,5760.0,5776.0,5753.0,5772.0,35744.0,309484.0,308252.0
2022-03-21 09:00:00,5778.0,5807.0,5778.0,5798.0,51698.0,308252.0,307203.0
2022-03-21 10:00:00,5798.0,5811.0,5794.0,5803.0,26010.0,307203.0,305905.0
2022-03-21 11:00:00,5803.0,5805.0,5800.0,5804.0,6528.0,305905.0,304687.0
2022-03-21 13:00:00,5804.0,5808.0,5801.0,5805.0,11228.0,304687.0,304049.0
2022-03-21 14:00:00,5805.0,5813.0,5802.0,5809.0,21976.0,304049.0,299755.0
2022-03-21 21:00:00,5824.0,5827.0,5793.0,5797.0,65069.0,299755.0,304866.0
2022-03-21 22:00:00,5797.0,5810.0,5797.0,5806.0,22021.0,304866.0,303234.0
2022-03-22 09:00:00,5810.0,5821.0,5810.0,5819.0,27096.0,303234.0,302090.0
2022-03-22 10:00:00,5819.0,5822.0,5809.0,5813.0,16851.0,302090.0,300232.0
2022-03-22 11:00:00,5813.0,5816.0,5807.0,5815.0,9473.0,300232.0,299242.0
2022-03-22 13:00:00,5815.0,5818.0,5813.0,5814.0,6521.0,299242.0,299106.0
2022-03-22 14:00:00,5814.0,5824.0,5814.0,5819.0,25549.0,299106.0,296732.0
2022-03-22 21:00:00,5815.0,5820.0,5770.0,5783.0,98969.0,296732.0,297240.0
2022-03-22 22:00:00,5783.0,5791.0,5780.0,5784.0,24915.0,297240.0,294314.0
2022-03-23 09:00:00,5781.0,5789.0,5780.0,5784.0,22664.0,294314.0,294004.0
2022-03-23 10:00:00,5784.0,5798.0,5782.0,5794.0,18434.0,294004.0,292786.0
2022-03-23 11:00:00,5794.0,5796.0,5788.0,5793.0,8269.0,292786.0,291839.0
2022-03-23 13:00:00,5793.0,5801.0,5791.0,5795.0,10275.0,291839.0,292180.0
2022-03-23 14:00:00,5795.0,5797.0,5785.0,5787.0,20143.0,292180.0,288642.0
2022-03-23 21:00:00,5793.0,5824.0,5790.0,5820.0,81188.0,288642.0,296198.0
2022-03-23 22:00:00,5820.0,5822.0,5811.0,5821.0,29198.0,296198.0,293815.0
2022-03-24 09:00:00,5816.0,5826.0,5812.0,5813.0,32316.0,293815.0,293290.0
2022-03-24 10:00:00,5813.0,5814.0,5794.0,5796.0,31247.0,293290.0,290246.0
2022-03-24 11:00:00,5796.0,5800.0,5792.0,5796.0,11136.0,290246.0,288848.0
2022-03-24 13:00:00,5797.0,5803.0,5793.0,5796.0,13078.0,288848.0,288438.0
2022-03-24 14:00:00,5796.0,5798.0,5775.0,5775.0,52468.0,288438.0,286573.0
2022-03-24 21:00:00,5804.0,5811.0,5788.0,5791.0,73094.0,286573.0,287765.0
2022-03-24 22:00:00,5791.0,5798.0,5783.0,5792.0,34868.0,287765.0,286773.0
2022-03-25 09:00:00,5786.0,5794.0,5776.0,5791.0,36078.0,286773.0,284687.0
2022-03-25 10:00:00,5791.0,5801.0,5788.0,5796.0,17118.0,284687.0,283015.0
2022-03-25 11:00:00,5796.0,5797.0,5786.0,5792.0,9848.0,283015.0,283120.0
2022-03-25 13:00:00,5791.0,5800.0,5788.0,5795.0,14511.0,283120.0,283932.0
2022-03-25 14:00:00,5795.0,5817.0,5795.0,5810.0,52598.0,283932.0,282383.0
2022-03-25 21:00:00,5822.0,5841.0,5813.0,5833.0,83273.0,282383.0,283843.0
2022-03-25 22:00:00,5833.0,5845.0,5829.0,5832.0,31921.0,283843.0,281914.0
2022-03-28 09:00:00,5836.0,5876.0,5833.0,5871.0,88507.0,281914.0,288290.0
2022-03-28 10:00:00,5871.0,5875.0,5862.0,5865.0,20391.0,288290.0,286262.0
2022-03-28 11:00:00,5865.0,5868.0,5857.0,5862.0,14334.0,286262.0,284797.0
2022-03-28 13:00:00,5861.0,5867.0,5854.0,5856.0,15943.0,284797.0,282609.0
2022-03-28 14:00:00,5856.0,5860.0,5848.0,5849.0,28786.0,282609.0,276138.0
2022-03-28 21:00:00,5847.0,5849.0,5817.0,5822.0,82721.0,276138.0,279427.0
2022-03-28 22:00:00,5822.0,5828.0,5818.0,5824.0,23681.0,279427.0,276782.0
2022-03-29 09:00:00,5829.0,5840.0,5826.0,5837.0,29779.0,276782.0,274787.0
2022-03-29 10:00:00,5837.0,5843.0,5835.0,5840.0,13505.0,274787.0,274627.0
2022-03-29 11:00:00,5840.0,5845.0,5839.0,5844.0,8377.0,274627.0,272215.0
2022-03-29 13:00:00,5845.0,5848.0,5839.0,5843.0,13957.0,272215.0,269158.0
2022-03-29 14:00:00,5843.0,5867.0,5839.0,5866.0,39255.0,269158.0,262170.0
2022-03-29 21:00:00,5801.0,5806.0,5786.0,5796.0,119955.0,262170.0,254857.0
2022-03-29 22:00:00,5796.0,5812.0,5794.0,5806.0,30964.0,254857.0,254267.0
2022-03-30 09:00:00,5808.0,5822.0,5808.0,5816.0,27603.0,254267.0,252322.0
2022-03-30 10:00:00,5816.0,5818.0,5811.0,5816.0,12278.0,252322.0,251439.0
2022-03-30 11:00:00,5816.0,5825.0,5815.0,5817.0,11014.0,251439.0,250033.0
2022-03-30 13:00:00,5817.0,5825.0,5816.0,5822.0,8154.0,250033.0,248437.0
2022-03-30 14:00:00,5822.0,5829.0,5817.0,5817.0,24405.0,248437.0,242885.0
2022-03-30 21:00:00,5828.0,5839.0,5821.0,5831.0,51640.0,242885.0,241374.0
2022-03-30 22:00:00,5831.0,5835.0,5826.0,5833.0,16859.0,241374.0,239959.0
2022-03-31 09:00:00,5825.0,5825.0,5804.0,5808.0,45303.0,239959.0,238309.0
2022-03-31 10:00:00,5808.0,5812.0,5801.0,5803.0,15602.0,238309.0,236192.0
2022-03-31 11:00:00,5803.0,5808.0,5798.0,5799.0,16200.0,236192.0,232715.0
2022-03-31 13:00:00,5800.0,5800.0,5793.0,5795.0,13732.0,232715.0,232511.0
2022-03-31 14:00:00,5795.0,5800.0,5794.0,5799.0,19735.0,232511.0,229179.0
2022-03-31 21:00:00,5800.0,5819.0,5798.0,5804.0,50634.0,229179.0,225452.0
2022-03-31 22:00:00,5804.0,5810.0,5801.0,5804.0,19647.0,225452.0,222977.0
2022-04-01 09:00:00,5807.0,5812.0,5800.0,5805.0,21196.0,222977.0,222366.0
2022-04-01 10:00:00,5805.0,5807.0,5799.0,5803.0,9614.0,222366.0,222221.0
2022-04-01 11:00:00,5803.0,5807.0,5796.0,5796.0,9150.0,222221.0,220068.0
2022-04-01 13:00:00,5798.0,5798.0,5790.0,5794.0,14149.0,220068.0,218297.0
2022-04-01 14:00:00,5794.0,5800.0,5791.0,5792.0,18063.0,218297.0,212556.0
2022-04-06 09:00:00,5805.0,5874.0,5805.0,5867.0,117116.0,212556.0,200727.0
2022-04-06 10:00:00,5867.0,5869.0,5861.0,5867.0,17011.0,200727.0,200239.0
2022-04-06 11:00:00,5867.0,5872.0,5867.0,5870.0,8437.0,200239.0,199460.0
2022-04-06 13:00:00,5869.0,5870.0,5863.0,5867.0,8309.0,199460.0,199334.0
2022-04-06 14:00:00,5867.0,5885.0,5865.0,5876.0,32936.0,199334.0,197982.0
2022-04-06 21:00:00,5855.0,5875.0,5851.0,5868.0,58628.0,197982.0,188295.0
2022-04-06 22:00:00,5868.0,5882.0,5866.0,5879.0,18551.0,188295.0,187000.0
2022-04-07 09:00:00,5873.0,5878.0,5861.0,5870.0,24175.0,187000.0,184931.0
2022-04-07 10:00:00,5870.0,5878.0,5869.0,5877.0,8030.0,184931.0,183918.0
2022-04-07 11:00:00,5877.0,5878.0,5872.0,5873.0,6282.0,183918.0,183817.0
2022-04-07 13:00:00,5873.0,5874.0,5867.0,5868.0,8205.0,183817.0,183071.0
2022-04-07 14:00:00,5868.0,5872.0,5860.0,5863.0,16276.0,183071.0,178515.0
2022-04-07 21:00:00,5880.0,5915.0,5873.0,5899.0,89011.0,178515.0,176125.0
2022-04-07 22:00:00,5899.0,5903.0,5885.0,5899.0,23189.0,176125.0,171863.0
2022-04-08 09:00:00,5899.0,5914.0,5894.0,5913.0,28993.0,171863.0,172641.0
2022-04-08 10:00:00,5913.0,5922.0,5909.0,5914.0,17891.0,172641.0,171943.0
2022-04-08 11:00:00,5914.0,5922.0,5906.0,5922.0,9228.0,171943.0,172399.0
2022-04-08 13:00:00,5923.0,5930.0,5916.0,5930.0,17286.0,172399.0,172851.0
2022-04-08 14:00:00,5930.0,5950.0,5925.0,5927.0,47038.0,172851.0,169041.0
2022-04-08 21:00:00,6035.0,6048.0,6016.0,6031.0,97797.0,169041.0,345295.0
2022-04-08 22:00:00,6031.0,6039.0,6020.0,6022.0,33858.0,345295.0,343566.0
2022-04-11 09:00:00,6030.0,6046.0,6028.0,6041.0,71415.0,343566.0,353634.0
2022-04-11 10:00:00,6041.0,6053.0,6031.0,6052.0,47748.0,353634.0,361989.0
2022-04-11 11:00:00,6052.0,6053.0,6038.0,6041.0,22572.0,361989.0,361243.0
2022-04-11 13:00:00,6039.0,6043.0,6022.0,6035.0,30840.0,361243.0,361463.0
2022-04-11 14:00:00,6035.0,6036.0,6013.0,6017.0,45310.0,361463.0,360451.0
2022-04-11 21:00:00,6018.0,6020.0,5996.0,6001.0,71322.0,360451.0,363134.0
2022-04-11 22:00:00,6001.0,6019.0,6000.0,6018.0,34308.0,363134.0,362940.0
2022-04-12 09:00:00,6017.0,6023.0,6005.0,6014.0,34014.0,362940.0,365646.0
2022-04-12 10:00:00,6014.0,6035.0,6013.0,6035.0,29352.0,365646.0,369743.0
2022-04-12 11:00:00,6035.0,6040.0,6025.0,6029.0,18784.0,369743.0,371305.0
2022-04-12 13:00:00,6031.0,6045.0,6030.0,6041.0,23884.0,371305.0,375136.0
2022-04-12 14:00:00,6041.0,6050.0,6034.0,6048.0,40084.0,375136.0,376972.0
2022-04-12 21:00:00,6030.0,6036.0,6011.0,6024.0,84962.0,376972.0,378563.0
2022-04-12 22:00:00,6024.0,6027.0,6014.0,6024.0,32238.0,378563.0,377835.0
2022-04-13 09:00:00,6018.0,6027.0,6009.0,6024.0,48508.0,377835.0,383123.0
2022-04-13 10:00:00,6024.0,6027.0,6014.0,6022.0,18036.0,383123.0,385035.0
2022-04-13 11:00:00,6022.0,6024.0,6014.0,6019.0,11786.0,385035.0,385863.0
2022-04-13 13:00:00,6019.0,6026.0,6016.0,6017.0,11032.0,385863.0,386523.0
2022-04-13 14:00:00,6017.0,6025.0,6014.0,6020.0,27679.0,386523.0,385210.0
2022-04-13 21:00:00,6049.0,6070.0,6026.0,6030.0,127379.0,385210.0,394990.0
2022-04-13 22:00:00,6030.0,6031.0,6017.0,6020.0,45787.0,394990.0,393094.0
2022-04-14 09:00:00,6020.0,6032.0,6016.0,6030.0,31839.0,393094.0,395797.0
2022-04-14 10:00:00,6030.0,6041.0,6027.0,6041.0,20185.0,395797.0,399309.0
2022-04-14 11:00:00,6041.0,6049.0,6039.0,6048.0,16134.0,399309.0,402122.0
2022-04-14 13:00:00,6048.0,6050.0,6034.0,6036.0,15118.0,402122.0,401109.0
2022-04-14 14:00:00,6036.0,6042.0,6033.0,6040.0,23475.0,401109.0,398445.0
2022-04-14 21:00:00,6035.0,6060.0,6025.0,6046.0,91385.0,398445.0,406697.0
2022-04-14 22:00:00,6046.0,6053.0,6040.0,6051.0,30303.0,406697.0,406813.0
2022-04-15 09:00:00,6052.0,6063.0,6043.0,6046.0,54664.0,406813.0,414429.0
2022-04-15 10:00:00,6046.0,6058.0,6043.0,6055.0,26711.0,414429.0,418402.0
2022-04-15 11:00:00,6055.0,6060.0,6054.0,6055.0,12266.0,418402.0,419343.0
2022-04-15 13:00:00,6055.0,6062.0,6051.0,6052.0,17020.0,419343.0,419858.0
2022-04-15 14:00:00,6052.0,6067.0,6049.0,6065.0,38928.0,419858.0,423985.0
2022-04-15 21:00:00,6061.0,6085.0,6050.0,6084.0,78236.0,423985.0,428713.0
2022-04-15 22:00:00,6084.0,6086.0,6064.0,6075.0,30682.0,428713.0,425437.0
2022-04-18 09:00:00,6077.0,6088.0,6053.0,6062.0,55760.0,425437.0,424873.0
2022-04-18 10:00:00,6062.0,6064.0,6055.0,6060.0,14578.0,424873.0,426678.0
2022-04-18 11:00:00,6060.0,6064.0,6033.0,6042.0,32129.0,426678.0,422639.0
2022-04-18 13:00:00,6041.0,6049.0,6038.0,6042.0,18525.0,422639.0,424018.0
2022-04-18 14:00:00,6042.0,6047.0,6035.0,6039.0,30902.0,424018.0,422344.0
2022-04-18 21:00:00,6039.0,6063.0,6035.0,6063.0,61662.0,422344.0,430099.0
2022-04-18 22:00:00,6063.0,6068.0,6055.0,6065.0,41590.0,430099.0,429646.0
2022-04-19 09:00:00,6076.0,6090.0,6070.0,6083.0,55215.0,429646.0,436733.0
2022-04-19 10:00:00,6083.0,6092.0,6081.0,6088.0,21555.0,436733.0,439411.0
2022-04-19 11:00:00,6088.0,6092.0,6083.0,6083.0,12174.0,439411.0,439666.0
2022-04-19 13:00:00,6081.0,6095.0,6080.0,6093.0,18375.0,439666.0,444523.0
2022-04-19 14:00:00,6093.0,6096.0,6066.0,6070.0,44858.0,444523.0,439605.0
2022-04-19 21:00:00,6040.0,6041.0,6002.0,6013.0,137408.0,439605.0,434080.0
2022-04-19 22:00:00,6013.0,6022.0,6002.0,6019.0,42681.0,434080.0,428555.0
2022-04-20 09:00:00,6018.0,6018.0,6009.0,6017.0,32833.0,428555.0,429473.0
2022-04-20 10:00:00,6017.0,6028.0,6015.0,6024.0,22983.0,429473.0,429721.0
2022-04-20 11:00:00,6024.0,6026.0,6015.0,6016.0,13616.0,429721.0,429442.0
2022-04-20 13:00:00,6017.0,6025.0,6012.0,6013.0,15126.0,429442.0,426769.0
2022-04-20 14:00:00,6013.0,6025.0,6011.0,6022.0,30982.0,426769.0,423015.0
2022-04-20 21:00:00,6035.0,6037.0,6023.0,6025.0,50191.0,423015.0,425420.0
2022-04-20 22:00:00,6025.0,6025.0,6013.0,6020.0,38093.0,425420.0,424280.0
2022-04-21 09:00:00,6015.0,6017.0,6007.0,6007.0,33637.0,424280.0,423582.0
2022-04-21 10:00:00,6007.0,6011.0,6005.0,6008.0,16326.0,423582.0,423602.0
2022-04-21 11:00:00,6008.0,6012.0,6001.0,6006.0,14558.0,423602.0,423876.0
2022-04-21 13:00:00,6006.0,6011.0,6003.0,6009.0,14705.0,423876.0,422965.0
2022-04-21 14:00:00,6009.0,6012.0,6003.0,6006.0,22968.0,422965.0,417476.0
2022-04-21 21:00:00,6009.0,6039.0,6007.0,6039.0,79399.0,417476.0,418236.0
2022-04-21 22:00:00,6039.0,6046.0,6034.0,6040.0,33583.0,418236.0,416689.0
2022-04-22 09:00:00,6042.0,6047.0,6022.0,6033.0,38419.0,416689.0,413366.0
2022-04-22 10:00:00,6033.0,6033.0,6023.0,6023.0,13821.0,413366.0,412652.0
2022-04-22 11:00:00,6023.0,6024.0,6017.0,6019.0,11700.0,412652.0,411193.0
2022-04-22 13:00:00,6019.0,6022.0,6011.0,6019.0,22355.0,411193.0,409642.0
2022-04-22 14:00:00,6019.0,6019.0,6006.0,6012.0,31488.0,409642.0,406475.0
2022-04-22 21:00:00,5990.0,5993.0,5962.0,5977.0,100908.0,406475.0,403212.0
2022-04-22 22:00:00,5977.0,5977.0,5967.0,5973.0,43754.0,403212.0,398036.0
2022-04-25 09:00:00,5968.0,5968.0,5925.0,5929.0,110828.0,398036.0,390397.0
2022-04-25 10:00:00,5929.0,5929.0,5908.0,5922.0,52665.0,390397.0,389536.0
2022-04-25 11:00:00,5922.0,5923.0,5910.0,5913.0,14122.0,389536.0,389436.0
2022-04-25 13:00:00,5912.0,5913.0,5896.0,5899.0,34525.0,389436.0,386788.0
2022-04-25 14:00:00,5899.0,5911.0,5894.0,5909.0,51658.0,386788.0,380198.0
2022-04-25 21:00:00,5890.0,5905.0,5878.0,5889.0,87013.0,380198.0,389165.0
2022-04-25 22:00:00,5889.0,5890.0,5876.0,5884.0,39587.0,389165.0,385985.0
2022-04-26 09:00:00,5886.0,5903.0,5885.0,5897.0,47603.0,385985.0,386476.0
2022-04-26 10:00:00,5897.0,5913.0,5894.0,5912.0,30470.0,386476.0,383667.0
2022-04-26 11:00:00,5912.0,5912.0,5902.0,5907.0,11708.0,383667.0,384050.0
2022-04-26 13:00:00,5907.0,5909.0,5900.0,5902.0,13354.0,384050.0,384030.0
2022-04-26 14:00:00,5902.0,5903.0,5885.0,5889.0,31377.0,384030.0,384365.0
2022-04-26 21:00:00,5900.0,5918.0,5895.0,5903.0,70991.0,384365.0,385669.0
2022-04-26 22:00:00,5903.0,5905.0,5890.0,5899.0,34814.0,385669.0,383573.0
2022-04-27 09:00:00,5900.0,5907.0,5888.0,5894.0,36680.0,383573.0,387045.0
2022-04-27 10:00:00,5894.0,5895.0,5872.0,5882.0,47116.0,387045.0,391890.0
2022-04-27 11:00:00,5882.0,5882.0,5864.0,5865.0,29865.0,391890.0,394901.0
2022-04-27 13:00:00,5866.0,5876.0,5862.0,5863.0,25171.0,394901.0,396050.0
2022-04-27 14:00:00,5863.0,5871.0,5857.0,5866.0,39084.0,396050.0,397008.0
2022-04-27 21:00:00,5887.0,5896.0,5875.0,5890.0,69480.0,397008.0,399606.0
2022-04-27 22:00:00,5890.0,5896.0,5882.0,5885.0,32258.0,399606.0,397306.0
2022-04-28 09:00:00,5878.0,5887.0,5872.0,5876.0,32058.0,397306.0,398778.0
2022-04-28 10:00:00,5876.0,5880.0,5871.0,5877.0,14878.0,398778.0,400106.0
2022-04-28 11:00:00,5877.0,5881.0,5871.0,5875.0,10300.0,400106.0,398210.0
2022-04-28 13:00:00,5873.0,5876.0,5866.0,5874.0,12987.0,398210.0,398205.0
2022-04-28 14:00:00,5874.0,5875.0,5867.0,5867.0,25990.0,398205.0,396070.0
2022-04-28 21:00:00,5860.0,5866.0,5828.0,5866.0,100633.0,396070.0,400881.0
2022-04-28 22:00:00,5866.0,5881.0,5860.0,5867.0,40031.0,400881.0,398450.0
2022-04-29 09:00:00,5880.0,5902.0,5880.0,5883.0,45717.0,398450.0,399327.0
2022-04-29 10:00:00,5883.0,5886.0,5873.0,5880.0,19683.0,399327.0,401150.0
2022-04-29 11:00:00,5880.0,5888.0,5879.0,5885.0,6777.0,401150.0,401119.0
2022-04-29 13:00:00,5896.0,5898.0,5877.0,5882.0,17682.0,401119.0,400682.0
2022-04-29 14:00:00,5882.0,5885.0,5868.0,5876.0,35043.0,400682.0,398217.0
2022-05-05 09:00:00,5846.0,5883.0,5835.0,5874.0,81828.0,398217.0,411904.0
2022-05-05 10:00:00,5874.0,5885.0,5860.0,5885.0,24395.0,411904.0,411668.0
2022-05-05 11:00:00,5885.0,5895.0,5881.0,5891.0,20997.0,411668.0,410830.0
2022-05-05 13:00:00,5892.0,5897.0,5885.0,5888.0,13046.0,410830.0,409554.0
2022-05-05 14:00:00,5888.0,5892.0,5882.0,5891.0,21553.0,409554.0,409496.0
2022-05-05 21:00:00,5898.0,5899.0,5873.0,5879.0,74892.0,409496.0,416260.0
2022-05-05 22:00:00,5879.0,5882.0,5865.0,5870.0,33385.0,416260.0,417684.0
2022-05-06 09:00:00,5878.0,5880.0,5863.0,5870.0,45231.0,417684.0,422493.0
2022-05-06 10:00:00,5870.0,5871.0,5857.0,5864.0,28294.0,422493.0,429133.0
2022-05-06 11:00:00,5864.0,5865.0,5850.0,5852.0,21143.0,429133.0,433637.0
2022-05-06 13:00:00,5853.0,5862.0,5852.0,5852.0,15078.0,433637.0,435758.0
2022-05-06 14:00:00,5852.0,5857.0,5845.0,5847.0,34788.0,435758.0,439722.0
2022-05-06 21:00:00,5848.0,5867.0,5834.0,5835.0,81615.0,439722.0,447623.0
2022-05-06 22:00:00,5835.0,5871.0,5834.0,5868.0,58339.0,447623.0,446363.0
2022-05-09 09:00:00,5873.0,5883.0,5864.0,5877.0,46349.0,446363.0,446817.0
2022-05-09 10:00:00,5877.0,5878.0,5870.0,5877.0,14509.0,446817.0,447323.0
2022-05-09 11:00:00,5877.0,5878.0,5872.0,5873.0,5570.0,447323.0,447275.0
2022-05-09 13:00:00,5874.0,5876.0,5864.0,5867.0,13370.0,447275.0,446559.0
2022-05-09 14:00:00,5867.0,5870.0,5854.0,5860.0,30354.0,446559.0,446912.0
2022-05-09 21:00:00,5847.0,5847.0,5805.0,5829.0,139815.0,446912.0,460928.0
2022-05-09 22:00:00,5829.0,5830.0,5807.0,5814.0,48308.0,460928.0,459613.0
2022-05-10 09:00:00,5814.0,5822.0,5806.0,5814.0,43194.0,459613.0,464225.0
2022-05-10 10:00:00,5814.0,5821.0,5809.0,5811.0,22372.0,464225.0,466999.0
2022-05-10 11:00:00,5811.0,5816.0,5808.0,5810.0,9214.0,466999.0,467895.0
2022-05-10 13:00:00,5811.0,5825.0,5811.0,5816.0,19826.0,467895.0,469565.0
2022-05-10 14:00:00,5816.0,5823.0,5813.0,5819.0,32074.0,469565.0,469335.0
2022-05-10 21:00:00,5830.0,5835.0,5820.0,5832.0,54990.0,469335.0,474404.0
2022-05-10 22:00:00,5832.0,5835.0,5823.0,5827.0,22308.0,474404.0,472533.0
2022-05-11 09:00:00,5820.0,5822.0,5806.0,5818.0,39852.0,472533.0,475722.0
2022-05-11 10:00:00,5818.0,5819.0,5809.0,5810.0,17331.0,475722.0,477950.0
2022-05-11 11:00:00,5810.0,5812.0,5802.0,5809.0,22068.0,477950.0,481942.0
2022-05-11 13:00:00,5810.0,5834.0,5810.0,5830.0,31600.0,481942.0,484113.0
2022-05-11 14:00:00,5830.0,5843.0,5822.0,5838.0,32732.0,484113.0,482444.0
2022-05-11 21:00:00,5827.0,5838.0,5814.0,5832.0,78270.0,482444.0,483901.0
2022-05-11 22:00:00,5832.0,5836.0,5819.0,5826.0,30309.0,483901.0,483658.0
2022-05-12 09:00:00,5824.0,5824.0,5804.0,5804.0,50598.0,483658.0,492494.0
2022-05-12 10:00:00,5804.0,5811.0,5798.0,5804.0,36069.0,492494.0,495435.0
2022-05-12 11:00:00,5804.0,5813.0,5804.0,5806.0,10257.0,495435.0,495374.0
2022-05-12 13:00:00,5805.0,5807.0,5794.0,5802.0,26089.0,495374.0,499653.0
2022-05-12 14:00:00,5802.0,5809.0,5793.0,5808.0,36116.0,499653.0,498523.0
2022-05-12 21:00:00,5791.0,5810.0,5787.0,5801.0,66372.0,498523.0,499299.0
2022-05-12 22:00:00,5801.0,5813.0,5793.0,5810.0,34076.0,499299.0,496543.0
2022-05-13 09:00:00,5814.0,5828.0,5814.0,5818.0,35639.0,496543.0,495196.0
2022-05-13 10:00:00,5818.0,5820.0,5806.0,5807.0,17310.0,495196.0,495772.0
2022-05-13 11:00:00,5807.0,5813.0,5806.0,5808.0,7970.0,495772.0,496914.0
2022-05-13 13:00:00,5809.0,5816.0,5808.0,5814.0,8280.0,496914.0,498031.0
2022-05-13 14:00:00,5814.0,5817.0,5809.0,5812.0,18722.0,498031.0,496079.0
2022-05-13 21:00:00,5830.0,5870.0,5823.0,5864.0,115390.0,496079.0,483991.0
2022-05-13 22:00:00,5864.0,5874.0,5863.0,5870.0,36263.0,483991.0,478503.0
2022-05-16 09:00:00,5876.0,5907.0,5876.0,5906.0,74384.0,478503.0,472567.0
2022-05-16 10:00:00,5906.0,5915.0,5894.0,5911.0,39515.0,472567.0,465321.0
2022-05-16 11:00:00,5911.0,5917.0,5909.0,5915.0,19334.0,465321.0,460051.0
2022-05-16 13:00:00,5914.0,5915.0,5907.0,5913.0,19267.0,460051.0,456750.0
2022-05-16 14:00:00,5913.0,5921.0,5910.0,5917.0,39499.0,456750.0,449339.0
2022-05-16 21:00:00,5922.0,5937.0,5916.0,5936.0,80806.0,449339.0,445436.0
2022-05-16 22:00:00,5936.0,5943.0,5936.0,5940.0,34747.0,445436.0,440490.0
2022-05-17 09:00:00,5945.0,5950.0,5939.0,5950.0,51219.0,440490.0,431765.0
2022-05-17 10:00:00,5950.0,5955.0,5942.0,5943.0,25114.0,431765.0,425827.0
2022-05-17 11:00:00,5943.0,5951.0,5940.0,5941.0,16384.0,425827.0,421755.0
2022-05-17 13:00:00,5941.0,5946.0,5941.0,5942.0,13074.0,421755.0,419740.0
2022-05-17 14:00:00,5942.0,5945.0,5931.0,5935.0,30898.0,419740.0,415682.0
2022-05-17 21:00:00,5945.0,5950.0,5940.0,5949.0,51595.0,415682.0,416905.0
2022-05-17 22:00:00,5949.0,5955.0,5942.0,5954.0,33063.0,416905.0,413860.0
2022-05-18 09:00:00,5953.0,5962.0,5949.0,5961.0,38357.0,413860.0,413708.0
2022-05-18 10:00:00,5961.0,5962.0,5947.0,5956.0,30086.0,413708.0,411733.0
2022-05-18 11:00:00,5956.0,5960.0,5951.0,5954.0,10540.0,411733.0,412165.0
2022-05-18 13:00:00,5954.0,5955.0,5947.0,5953.0,15284.0,412165.0,413083.0
2022-05-18 14:00:00,5953.0,5955.0,5940.0,5943.0,32966.0,413083.0,409854.0
2022-05-18 21:00:00,5945.0,5953.0,5924.0,5930.0,75324.0,409854.0,405778.0
2022-05-18 22:00:00,5930.0,5935.0,5918.0,5930.0,32671.0,405778.0,402671.0
2022-05-19 09:00:00,5927.0,5934.0,5910.0,5930.0,48123.0,402671.0,401852.0
2022-05-19 10:00:00,5930.0,5947.0,5925.0,5944.0,29204.0,401852.0,400654.0
2022-05-19 11:00:00,5944.0,5957.0,5941.0,5956.0,11690.0,400654.0,400969.0
2022-05-19 13:00:00,5957.0,5961.0,5952.0,5956.0,21749.0,400969.0,400545.0
2022-05-19 14:00:00,5956.0,5960.0,5948.0,5957.0,29199.0,400545.0,395832.0
2022-05-19 21:00:00,5928.0,5945.0,5917.0,5936.0,85523.0,395832.0,399752.0
2022-05-19 22:00:00,5936.0,5945.0,5933.0,5939.0,27547.0,399752.0,397053.0
2022-05-20 09:00:00,5949.0,5970.0,5943.0,5970.0,44790.0,397053.0,397658.0
2022-05-20 10:00:00,5970.0,5978.0,5963.0,5969.0,46948.0,397658.0,396897.0
2022-05-20 11:00:00,5969.0,5973.0,5966.0,5971.0,11317.0,396897.0,394183.0
2022-05-20 13:00:00,5971.0,5976.0,5967.0,5973.0,13882.0,394183.0,393188.0
2022-05-20 14:00:00,5973.0,5982.0,5972.0,5977.0,35597.0,393188.0,390673.0
2022-05-20 21:00:00,5983.0,5986.0,5970.0,5979.0,64229.0,390673.0,391303.0
2022-05-20 22:00:00,5979.0,5982.0,5971.0,5975.0,31885.0,391303.0,390244.0
2022-05-23 09:00:00,5977.0,5992.0,5975.0,5976.0,43889.0,390244.0,390521.0
2022-05-23 10:00:00,5976.0,5989.0,5976.0,5986.0,19133.0,390521.0,387162.0
2022-05-23 11:00:00,5986.0,5990.0,5983.0,5987.0,10694.0,387162.0,386063.0
2022-05-23 13:00:00,5987.0,5992.0,5986.0,5991.0,11022.0,386063.0,386408.0
2022-05-23 14:00:00,5991.0,5998.0,5986.0,5995.0,29637.0,386408.0,385922.0
2022-05-23 21:00:00,5993.0,5998.0,5970.0,5977.0,69443.0,385922.0,384381.0
2022-05-23 22:00:00,5977.0,5986.0,5975.0,5983.0,23938.0,384381.0,382139.0
2022-05-24 09:00:00,5972.0,5994.0,5968.0,5992.0,49767.0,382139.0,381800.0
2022-05-24 10:00:00,5992.0,6000.0,5991.0,5997.0,24177.0,381800.0,380089.0
2022-05-24 11:00:00,5997.0,5998.0,5986.0,5988.0,13553.0,380089.0,377142.0
2022-05-24 13:00:00,5987.0,5992.0,5978.0,5990.0,22216.0,377142.0,378123.0
2022-05-24 14:00:00,5990.0,5994.0,5983.0,5990.0,26795.0,378123.0,375338.0
2022-05-24 21:00:00,6010.0,6010.0,5983.0,5997.0,73607.0,375338.0,377116.0
2022-05-24 22:00:00,5997.0,5997.0,5981.0,5991.0,30422.0,377116.0,374271.0
2022-05-25 09:00:00,5999.0,6015.0,5988.0,6011.0,56881.0,374271.0,378135.0
2022-05-25 10:00:00,6011.0,6018.0,6006.0,6017.0,29266.0,378135.0,378583.0
2022-05-25 11:00:00,6017.0,6019.0,6013.0,6013.0,12924.0,378583.0,377985.0
2022-05-25 13:00:00,6015.0,6017.0,6009.0,6013.0,14080.0,377985.0,377847.0
2022-05-25 14:00:00,6013.0,6018.0,6005.0,6016.0,36969.0,377847.0,378257.0
2022-05-25 21:00:00,5998.0,6009.0,5987.0,6003.0,72633.0,378257.0,380763.0
2022-05-25 22:00:00,6003.0,6015.0,5999.0,6014.0,29279.0,380763.0,380642.0
2022-05-26 09:00:00,6014.0,6014.0,6004.0,6005.0,32031.0,380642.0,379711.0
2022-05-26 10:00:00,6005.0,6028.0,6003.0,6023.0,41365.0,379711.0,381317.0
2022-05-26 11:00:00,6023.0,6027.0,6021.0,6024.0,14977.0,381317.0,380501.0
2022-05-26 13:00:00,6023.0,6027.0,6017.0,6026.0,17830.0,380501.0,381070.0
2022-05-26 14:00:00,6026.0,6030.0,6019.0,6030.0,30787.0,381070.0,380885.0
2022-05-26 21:00:00,6008.0,6019.0,6005.0,6016.0,55261.0,380885.0,382624.0
2022-05-26 22:00:00,6016.0,6034.0,6014.0,6033.0,40161.0,382624.0,384639.0
2022-05-27 09:00:00,6033.0,6037.0,6019.0,6034.0,43597.0,384639.0,389445.0
2022-05-27 10:00:00,6034.0,6049.0,6033.0,6048.0,32104.0,389445.0,391443.0
2022-05-27 11:00:00,6048.0,6050.0,6046.0,6049.0,15201.0,391443.0,394070.0
2022-05-27 13:00:00,6048.0,6052.0,6042.0,6051.0,22409.0,394070.0,395496.0
2022-05-27 14:00:00,6051.0,6052.0,6032.0,6047.0,38784.0,395496.0,391946.0
2022-05-27 21:00:00,6043.0,6047.0,6023.0,6037.0,56449.0,391946.0,395437.0
2022-05-27 22:00:00,6037.0,6043.0,6029.0,6032.0,23391.0,395437.0,393511.0
2022-05-30 09:00:00,6045.0,6057.0,6033.0,6037.0,49662.0,393511.0,391703.0
2022-05-30 10:00:00,6037.0,6059.0,6037.0,6058.0,37865.0,391703.0,391541.0
2022-05-30 11:00:00,6058.0,6062.0,6046.0,6048.0,20604.0,391541.0,390624.0
2022-05-30 13:00:00,6047.0,6048.0,6036.0,6038.0,18734.0,390624.0,390680.0
2022-05-30 14:00:00,6038.0,6039.0,6024.0,6026.0,35815.0,390680.0,388507.0
2022-05-30 21:00:00,6022.0,6066.0,6021.0,6061.0,82177.0,388507.0,384409.0
2022-05-30 22:00:00,6061.0,6070.0,6058.0,6069.0,25757.0,384409.0,383118.0
2022-05-31 09:00:00,6070.0,6074.0,6053.0,6067.0,47143.0,383118.0,382931.0
2022-05-31 10:00:00,6067.0,6079.0,6065.0,6077.0,33423.0,382931.0,388124.0
2022-05-31 11:00:00,6077.0,6090.0,6076.0,6088.0,35320.0,388124.0,396911.0
2022-05-31 13:00:00,6089.0,6091.0,6081.0,6088.0,20401.0,396911.0,398881.0
2022-05-31 14:00:00,6088.0,6094.0,6086.0,6088.0,37571.0,398881.0,398751.0
2022-05-31 21:00:00,6069.0,6075.0,6056.0,6064.0,69502.0,398751.0,401188.0
2022-05-31 22:00:00,6064.0,6069.0,6060.0,6064.0,24838.0,401188.0,400027.0
2022-06-01 09:00:00,6058.0,6058.0,6045.0,6056.0,42406.0,400027.0,398227.0
2022-06-01 10:00:00,6056.0,6076.0,6055.0,6075.0,28513.0,398227.0,402561.0
2022-06-01 11:00:00,6075.0,6078.0,6071.0,6073.0,12474.0,402561.0,402135.0
2022-06-01 13:00:00,6074.0,6082.0,6072.0,6078.0,18247.0,402135.0,402512.0
2022-06-01 14:00:00,6078.0,6079.0,6069.0,6078.0,22429.0,402512.0,401324.0
2022-06-01 21:00:00,6091.0,6114.0,6083.0,6112.0,100405.0,401324.0,410428.0
2022-06-01 22:00:00,6112.0,6116.0,6068.0,6076.0,78333.0,410428.0,403666.0
2022-06-02 09:00:00,6069.0,6086.0,6051.0,6085.0,58886.0,403666.0,404466.0
2022-06-02 10:00:00,6085.0,6093.0,6082.0,6086.0,21578.0,404466.0,405228.0
2022-06-02 11:00:00,6086.0,6096.0,6084.0,6092.0,15653.0,405228.0,408031.0
2022-06-02 13:00:00,6093.0,6093.0,6087.0,6087.0,12317.0,408031.0,407789.0
2022-06-02 14:00:00,6087.0,6097.0,6085.0,6090.0,24229.0,407789.0,406850.0
2022-06-06 09:00:00,6096.0,6110.0,6079.0,6081.0,67426.0,406850.0,413753.0
2022-06-06 10:00:00,6081.0,6091.0,6074.0,6087.0,24335.0,413753.0,413552.0
2022-06-06 11:00:00,6087.0,6090.0,6081.0,6083.0,9584.0,413552.0,413144.0
2022-06-06 13:00:00,6082.0,6087.0,6082.0,6085.0,7950.0,413144.0,413241.0
2022-06-06 14:00:00,6085.0,6087.0,6073.0,6080.0,26652.0,413241.0,411616.0
2022-06-06 21:00:00,6103.0,6129.0,6095.0,6121.0,94366.0,411616.0,423822.0
2022-06-06 22:00:00,6121.0,6127.0,6108.0,6125.0,41360.0,423822.0,422671.0
2022-06-07 09:00:00,6125.0,6125.0,6104.0,6105.0,40904.0,422671.0,422426.0
2022-06-07 10:00:00,6105.0,6112.0,6094.0,6098.0,27334.0,422426.0,422118.0
2022-06-07 11:00:00,6098.0,6105.0,6095.0,6099.0,11319.0,422118.0,421849.0
2022-06-07 13:00:00,6099.0,6104.0,6096.0,6097.0,10141.0,421849.0,421952.0
2022-06-07 14:00:00,6097.0,6100.0,6085.0,6089.0,31570.0,421952.0,419231.0
2022-06-07 21:00:00,6066.0,6076.0,6041.0,6045.0,108188.0,419231.0,420849.0
2022-06-07 22:00:00,6045.0,6054.0,6038.0,6050.0,34611.0,420849.0,418111.0
2022-06-08 09:00:00,6036.0,6044.0,6030.0,6031.0,52656.0,418111.0,416367.0
2022-06-08 10:00:00,6031.0,6041.0,6031.0,6040.0,17717.0,416367.0,418467.0
2022-06-08 11:00:00,6040.0,6041.0,6030.0,6030.0,13116.0,418467.0,417894.0
2022-06-08 13:00:00,6031.0,6040.0,6031.0,6037.0,13231.0,417894.0,418220.0
2022-06-08 14:00:00,6037.0,6040.0,6034.0,6035.0,22530.0,418220.0,414649.0
2022-06-08 21:00:00,6045.0,6063.0,6045.0,6058.0,60998.0,414649.0,414782.0
2022-06-08 22:00:00,6058.0,6071.0,6056.0,6067.0,33370.0,414782.0,414976.0
2022-06-09 09:00:00,6063.0,6064.0,6052.0,6060.0,28464.0,414976.0,412151.0
2022-06-09 10:00:00,6060.0,6065.0,6058.0,6064.0,13056.0,412151.0,411552.0
2022-06-09 11:00:00,6064.0,6066.0,6060.0,6060.0,7927.0,411552.0,410985.0
2022-06-09 13:00:00,6061.0,6064.0,6055.0,6056.0,13186.0,410985.0,411857.0
2022-06-09 14:00:00,6056.0,6061.0,6052.0,6057.0,22393.0,411857.0,408489.0
2022-06-09 21:00:00,6052.0,6117.0,6051.0,6116.0,134416.0,408489.0,426804.0
2022-06-09 22:00:00,6116.0,6119.0,6103.0,6112.0,41963.0,426804.0,425858.0
2022-06-10 09:00:00,6115.0,6119.0,6104.0,6114.0,44978.0,425858.0,427958.0
2022-06-10 10:00:00,6114.0,6116.0,6105.0,6110.0,17573.0,427958.0,426769.0
2022-06-10 11:00:00,6110.0,6118.0,6108.0,6117.0,11571.0,426769.0,428186.0
2022-06-10 13:00:00,6118.0,6120.0,6109.0,6118.0,15096.0,428186.0,428628.0
2022-06-10 14:00:00,6118.0,6126.0,6099.0,6101.0,39819.0,428628.0,426259.0
2022-06-10 21:00:00,6073.0,6076.0,6041.0,6050.0,106013.0,426259.0,414769.0
2022-06-10 22:00:00,6050.0,6050.0,6038.0,6041.0,29741.0,414769.0,410658.0
2022-06-13 09:00:00,6039.0,6042.0,6010.0,6025.0,89194.0,410658.0,407433.0
2022-06-13 10:00:00,6025.0,6030.0,6014.0,6017.0,27403.0,407433.0,406477.0
2022-06-13 11:00:00,6017.0,6018.0,6010.0,6012.0,17658.0,406477.0,405066.0
2022-06-13 13:00:00,6011.0,6014.0,6003.0,6005.0,23832.0,405066.0,401863.0
2022-06-13 14:00:00,6005.0,6009.0,6000.0,6001.0,32646.0,401863.0,397274.0
2022-06-13 21:00:00,6009.0,6020.0,5998.0,6009.0,59663.0,397274.0,395865.0
2022-06-13 22:00:00,6009.0,6009.0,5983.0,5986.0,48166.0,395865.0,392774.0
2022-06-14 09:00:00,5998.0,6001.0,5986.0,5992.0,35310.0,392774.0,392144.0
2022-06-14 10:00:00,5992.0,5996.0,5988.0,5991.0,17512.0,392144.0,389382.0
2022-06-14 11:00:00,5991.0,5991.0,5984.0,5989.0,12912.0,389382.0,387503.0
2022-06-14 13:00:00,5989.0,5998.0,5988.0,5988.0,15492.0,387503.0,388085.0
2022-06-14 14:00:00,5988.0,6008.0,5988.0,6000.0,28718.0,388085.0,386287.0
2022-06-14 21:00:00,6002.0,6008.0,5991.0,6002.0,51703.0,386287.0,391003.0
2022-06-14 22:00:00,6002.0,6007.0,5994.0,5995.0,24098.0,391003.0,388609.0
2022-06-15 09:00:00,5995.0,6025.0,5995.0,6018.0,47705.0,388609.0,392288.0
2022-06-15 10:00:00,6018.0,6022.0,6006.0,6020.0,23581.0,392288.0,393475.0
2022-06-15 11:00:00,6020.0,6021.0,6006.0,6008.0,12288.0,393475.0,392872.0
2022-06-15 13:00:00,6009.0,6009.0,5992.0,5996.0,22671.0,392872.0,391076.0
2022-06-15 14:00:00,5996.0,5999.0,5992.0,5995.0,25652.0,391076.0,386954.0
2022-06-15 21:00:00,5982.0,5989.0,5960.0,5980.0,84928.0,386954.0,387458.0
2022-06-15 22:00:00,5980.0,5983.0,5970.0,5972.0,28540.0,387458.0,385913.0
2022-06-16 09:00:00,5969.0,5980.0,5964.0,5964.0,41981.0,385913.0,388902.0
2022-06-16 10:00:00,5964.0,5975.0,5960.0,5973.0,34153.0,388902.0,389708.0
2022-06-16 11:00:00,5973.0,5974.0,5959.0,5965.0,15322.0,389708.0,390628.0
2022-06-16 13:00:00,5965.0,5965.0,5955.0,5955.0,20488.0,390628.0,390217.0
2022-06-16 14:00:00,5955.0,5963.0,5938.0,5944.0,46419.0,390217.0,388641.0
2022-06-16 21:00:00,5954.0,5958.0,5933.0,5934.0,78561.0,388641.0,393210.0
2022-06-16 22:00:00,5934.0,5946.0,5927.0,5939.0,36289.0,393210.0,391959.0
2022-06-17 09:00:00,5946.0,5953.0,5937.0,5939.0,36192.0,391959.0,390645.0
2022-06-17 10:00:00,5939.0,5942.0,5935.0,5937.0,13747.0,390645.0,389803.0
2022-06-17 11:00:00,5937.0,5938.0,5932.0,5933.0,9475.0,389803.0,390020.0
2022-06-17 13:00:00,5936.0,5940.0,5930.0,5936.0,16363.0,390020.0,389689.0
2022-06-17 14:00:00,5936.0,5940.0,5931.0,5934.0,23920.0,389689.0,388352.0
2022-06-17 21:00:00,5951.0,5954.0,5932.0,5935.0,67462.0,388352.0,389207.0
2022-06-17 22:00:00,5935.0,5940.0,5920.0,5921.0,32850.0,389207.0,390090.0
2022-06-20 09:00:00,5920.0,5935.0,5907.0,5926.0,67728.0,390090.0,387950.0
2022-06-20 10:00:00,5926.0,5933.0,5917.0,5922.0,21159.0,387950.0,387448.0
2022-06-20 11:00:00,5922.0,5928.0,5921.0,5927.0,8045.0,387448.0,387194.0
2022-06-20 13:00:00,5928.0,5928.0,5918.0,5919.0,16931.0,387194.0,385770.0
2022-06-20 14:00:00,5919.0,5923.0,5913.0,5916.0,25898.0,385770.0,383377.0
2022-06-20 21:00:00,5910.0,5925.0,5904.0,5907.0,46143.0,383377.0,383612.0
2022-06-20 22:00:00,5907.0,5924.0,5901.0,5920.0,30780.0,383612.0,383302.0
2022-06-21 09:00:00,5921.0,5930.0,5914.0,5916.0,32257.0,383302.0,383351.0
2022-06-21 10:00:00,5916.0,5923.0,5902.0,5903.0,25992.0,383351.0,384793.0
2022-06-21 11:00:00,5903.0,5917.0,5899.0,5916.0,21385.0,384793.0,383719.0
2022-06-21 13:00:00,5915.0,5919.0,5909.0,5916.0,17499.0,383719.0,385108.0
2022-06-21 14:00:00,5916.0,5919.0,5907.0,5919.0,25465.0,385108.0,384806.0
2022-06-21 21:00:00,5927.0,5935.0,5910.0,5929.0,70136.0,384806.0,389527.0
2022-06-21 22:00:00,5929.0,5934.0,5925.0,5929.0,27107.0,389527.0,387489.0
2022-06-22 09:00:00,5920.0,5921.0,5872.0,5873.0,88780.0,387489.0,395624.0
2022-06-22 10:00:00,5873.0,5878.0,5856.0,5864.0,46232.0,395624.0,397805.0
2022-06-22 11:00:00,5864.0,5885.0,5862.0,5881.0,21317.0,397805.0,398083.0
2022-06-22 13:00:00,5881.0,5882.0,5857.0,5860.0,28535.0,398083.0,398956.0
2022-06-22 14:00:00,5860.0,5869.0,5857.0,5868.0,35161.0,398956.0,397102.0
2022-06-22 21:00:00,5858.0,5879.0,5845.0,5868.0,75573.0,397102.0,400217.0
2022-06-22 22:00:00,5868.0,5872.0,5855.0,5857.0,25908.0,400217.0,398102.0
2022-06-23 09:00:00,5854.0,5876.0,5838.0,5842.0,47363.0,398102.0,401233.0
2022-06-23 10:00:00,5842.0,5854.0,5834.0,5835.0,37566.0,401233.0,403077.0
2022-06-23 11:00:00,5835.0,5853.0,5826.0,5849.0,22678.0,403077.0,403600.0
2022-06-23 13:00:00,5849.0,5862.0,5835.0,5843.0,22015.0,403600.0,403975.0
2022-06-23 14:00:00,5843.0,5873.0,5838.0,5868.0,39147.0,403975.0,405161.0
2022-06-23 21:00:00,5860.0,5878.0,5855.0,5868.0,62432.0,405161.0,407739.0
2022-06-23 22:00:00,5868.0,5879.0,5864.0,5871.0,26926.0,407739.0,406616.0
2022-06-24 09:00:00,5867.0,5867.0,5833.0,5835.0,57782.0,406616.0,407514.0
2022-06-24 10:00:00,5835.0,5838.0,5818.0,5834.0,41079.0,407514.0,411350.0
2022-06-24 11:00:00,5834.0,5847.0,5833.0,5838.0,15774.0,411350.0,410721.0
2022-06-24 13:00:00,5839.0,5861.0,5839.0,5844.0,25820.0,410721.0,412748.0
2022-06-24 14:00:00,5844.0,5852.0,5840.0,5847.0,25324.0,412748.0,410278.0
2022-06-24 21:00:00,5839.0,5854.0,5808.0,5812.0,69727.0,410278.0,412558.0
2022-06-24 22:00:00,5812.0,5873.0,5811.0,5868.0,54753.0,412558.0,408779.0
2022-06-27 09:00:00,5862.0,5873.0,5842.0,5853.0,54584.0,408779.0,410196.0
2022-06-27 10:00:00,5853.0,5862.0,5848.0,5852.0,19369.0,410196.0,411281.0
2022-06-27 11:00:00,5852.0,5853.0,5846.0,5850.0,9464.0,411281.0,413248.0
2022-06-27 13:00:00,5851.0,5857.0,5847.0,5850.0,9455.0,413248.0,414098.0
2022-06-27 14:00:00,5850.0,5857.0,5846.0,5855.0,17810.0,414098.0,413983.0
2022-06-27 21:00:00,5848.0,5852.0,5826.0,5827.0,62576.0,413983.0,421264.0
2022-06-27 22:00:00,5827.0,5862.0,5825.0,5855.0,45436.0,421264.0,422027.0
2022-06-28 09:00:00,5853.0,5855.0,5840.0,5841.0,34854.0,422027.0,425256.0
2022-06-28 10:00:00,5841.0,5852.0,5841.0,5846.0,16434.0,425256.0,427183.0
2022-06-28 11:00:00,5846.0,5847.0,5835.0,5838.0,13152.0,427183.0,428059.0
2022-06-28 13:00:00,5838.0,5866.0,5838.0,5865.0,23554.0,428059.0,431060.0
2022-06-28 14:00:00,5865.0,5887.0,5864.0,5876.0,58773.0,431060.0,426649.0
2022-06-28 21:00:00,5888.0,5895.0,5874.0,5880.0,54037.0,426649.0,429868.0
2022-06-28 22:00:00,5880.0,5883.0,5864.0,5869.0,31011.0,429868.0,427810.0
2022-06-29 09:00:00,5870.0,5873.0,5852.0,5853.0,33266.0,427810.0,428643.0
2022-06-29 10:00:00,5853.0,5856.0,5829.0,5835.0,47388.0,428643.0,434936.0
2022-06-29 11:00:00,5835.0,5838.0,5823.0,5830.0,27283.0,434936.0,438694.0
2022-06-29 13:00:00,5830.0,5844.0,5830.0,5839.0,15332.0,438694.0,439351.0
2022-06-29 14:00:00,5839.0,5851.0,5835.0,5846.0,31576.0,439351.0,436510.0
2022-06-29 21:00:00,5853.0,5864.0,5844.0,5856.0,55041.0,436510.0,433452.0
2022-06-29 22:00:00,5856.0,5859.0,5841.0,5845.0,22931.0,433452.0,432390.0
2022-06-30 09:00:00,5844.0,5856.0,5841.0,5846.0,26723.0,432390.0,434451.0
2022-06-30 10:00:00,5846.0,5855.0,5844.0,5848.0,16821.0,434451.0,435050.0
2022-06-30 11:00:00,5848.0,5851.0,5839.0,5844.0,12306.0,435050.0,435697.0
2022-06-30 13:00:00,5842.0,5852.0,5841.0,5846.0,10974.0,435697.0,436853.0
2022-06-30 14:00:00,5846.0,5850.0,5835.0,5842.0,22370.0,436853.0,436887.0
2022-06-30 21:00:00,5852.0,5856.0,5826.0,5831.0,62561.0,436887.0,442839.0
2022-06-30 22:00:00,5831.0,5844.0,5825.0,5835.0,29554.0,442839.0,442161.0
2022-07-01 09:00:00,5833.0,5844.0,5824.0,5833.0,40788.0,442161.0,441628.0
2022-07-01 10:00:00,5833.0,5836.0,5810.0,5815.0,48287.0,441628.0,448759.0
2022-07-01 11:00:00,5815.0,5818.0,5804.0,5805.0,28403.0,448759.0,452380.0
2022-07-01 13:00:00,5804.0,5815.0,5792.0,5797.0,43585.0,452380.0,459554.0
2022-07-01 14:00:00,5797.0,5819.0,5796.0,5805.0,38082.0,459554.0,456491.0
2022-07-01 21:00:00,5808.0,5844.0,5806.0,5813.0,79543.0,456491.0,454008.0
2022-07-01 22:00:00,5813.0,5814.0,5789.0,5795.0,33863.0,454008.0,455134.0
2022-07-04 09:00:00,5795.0,5812.0,5755.0,5811.0,100791.0,455134.0,455742.0
2022-07-04 10:00:00,5811.0,5827.0,5808.0,5815.0,40990.0,455742.0,450957.0
2022-07-04 11:00:00,5815.0,5825.0,5815.0,5821.0,10643.0,450957.0,451492.0
2022-07-04 13:00:00,5820.0,5823.0,5813.0,5818.0,14462.0,451492.0,452593.0
2022-07-04 14:00:00,5818.0,5823.0,5812.0,5813.0,23446.0,452593.0,451265.0
2022-07-04 21:00:00,5825.0,5831.0,5786.0,5795.0,71887.0,451265.0,452420.0
2022-07-04 22:00:00,5795.0,5812.0,5794.0,5810.0,26953.0,452420.0,451153.0
2022-07-05 09:00:00,5810.0,5814.0,5800.0,5814.0,26288.0,451153.0,452658.0
2022-07-05 10:00:00,5814.0,5814.0,5791.0,5793.0,20661.0,452658.0,454407.0
2022-07-05 11:00:00,5793.0,5797.0,5790.0,5794.0,9787.0,454407.0,455277.0
2022-07-05 13:00:00,5794.0,5796.0,5772.0,5777.0,27299.0,455277.0,461564.0
2022-07-05 14:00:00,5777.0,5797.0,5775.0,5795.0,26954.0,461564.0,458067.0
2022-07-05 21:00:00,5791.0,5793.0,5721.0,5729.0,122337.0,458067.0,469881.0
2022-07-05 22:00:00,5729.0,5745.0,5709.0,5716.0,67281.0,469881.0,471590.0
2022-07-06 09:00:00,5717.0,5727.0,5711.0,5713.0,46693.0,471590.0,471817.0
2022-07-06 10:00:00,5713.0,5720.0,5685.0,5692.0,46000.0,471817.0,476378.0
2022-07-06 11:00:00,5692.0,5713.0,5689.0,5698.0,23174.0,476378.0,473808.0
2022-07-06 13:00:00,5700.0,5713.0,5694.0,5712.0,20722.0,473808.0,472482.0
2022-07-06 14:00:00,5712.0,5733.0,5711.0,5729.0,45519.0,472482.0,464585.0
2022-07-06 21:00:00,5740.0,5748.0,5727.0,5730.0,79425.0,464585.0,467818.0
2022-07-06 22:00:00,5730.0,5733.0,5711.0,5722.0,29691.0,467818.0,465826.0
2022-07-07 09:00:00,5740.0,5744.0,5721.0,5731.0,31718.0,465826.0,467616.0
2022-07-07 10:00:00,5731.0,5745.0,5725.0,5742.0,26735.0,467616.0,467177.0
2022-07-07 11:00:00,5742.0,5753.0,5741.0,5745.0,21674.0,467177.0,468340.0
2022-07-07 13:00:00,5745.0,5750.0,5742.0,5744.0,12829.0,468340.0,468123.0
2022-07-07 14:00:00,5744.0,5751.0,5742.0,5745.0,21940.0,468123.0,465482.0
2022-07-07 21:00:00,5771.0,5777.0,5759.0,5772.0,82309.0,465482.0,461929.0
2022-07-07 22:00:00,5772.0,5784.0,5766.0,5779.0,34895.0,461929.0,456761.0
2022-07-08 09:00:00,5779.0,5786.0,5772.0,5776.0,31153.0,456761.0,456779.0
2022-07-08 10:00:00,5776.0,5780.0,5767.0,5776.0,24133.0,456779.0,455671.0
2022-07-08 11:00:00,5776.0,5785.0,5773.0,5784.0,10575.0,455671.0,454202.0
2022-07-08 13:00:00,5785.0,5794.0,5776.0,5778.0,19395.0,454202.0,452887.0
2022-07-08 14:00:00,5778.0,5781.0,5771.0,5775.0,21161.0,452887.0,450689.0
2022-07-08 21:00:00,5793.0,5822.0,5773.0,5818.0,96684.0,450689.0,449059.0
2022-07-08 22:00:00,5818.0,5828.0,5814.0,5825.0,36135.0,449059.0,444292.0
2022-07-11 09:00:00,5829.0,5831.0,5792.0,5803.0,66694.0,444292.0,442214.0
2022-07-11 10:00:00,5803.0,5803.0,5790.0,5797.0,16462.0,442214.0,442173.0
2022-07-11 11:00:00,5797.0,5797.0,5785.0,5793.0,11488.0,442173.0,441810.0
2022-07-11 13:00:00,5792.0,5795.0,5780.0,5783.0,12290.0,441810.0,440915.0
2022-07-11 14:00:00,5783.0,5796.0,5781.0,5783.0,27032.0,440915.0,436417.0
2022-07-11 21:00:00,5779.0,5805.0,5778.0,5795.0,64033.0,436417.0,433343.0
2022-07-11 22:00:00,5795.0,5799.0,5784.0,5785.0,20928.0,433343.0,431602.0
2022-07-12 09:00:00,5785.0,5813.0,5765.0,5807.0,70997.0,431602.0,433202.0
2022-07-12 10:00:00,5807.0,5808.0,5785.0,5789.0,19036.0,433202.0,431476.0
2022-07-12 11:00:00,5789.0,5793.0,5783.0,5790.0,7248.0,431476.0,431210.0
2022-07-12 13:00:00,5790.0,5792.0,5773.0,5776.0,11613.0,431210.0,432300.0
2022-07-12 14:00:00,5776.0,5786.0,5773.0,5776.0,19174.0,432300.0,430525.0
2022-07-12 21:00:00,5755.0,5770.0,5746.0,5750.0,68188.0,430525.0,433017.0
2022-07-12 22:00:00,5750.0,5752.0,5734.0,5748.0,34846.0,433017.0,432978.0
2022-07-13 09:00:00,5748.0,5748.0,5713.0,5716.0,54280.0,432978.0,439890.0
2022-07-13 10:00:00,5716.0,5721.0,5692.0,5719.0,41304.0,439890.0,449362.0
2022-07-13 11:00:00,5719.0,5728.0,5716.0,5724.0,14753.0,449362.0,447673.0
2022-07-13 13:00:00,5725.0,5769.0,5723.0,5754.0,46378.0,447673.0,443819.0
2022-07-13 14:00:00,5754.0,5806.0,5751.0,5803.0,76037.0,443819.0,433980.0
2022-07-13 21:00:00,5795.0,5805.0,5784.0,5797.0,74748.0,433980.0,435507.0
2022-07-13 22:00:00,5797.0,5815.0,5787.0,5814.0,39275.0,435507.0,433754.0
2022-07-14 09:00:00,5814.0,5816.0,5801.0,5815.0,41839.0,433754.0,432374.0
2022-07-14 10:00:00,5815.0,5826.0,5811.0,5815.0,26128.0,432374.0,430066.0
2022-07-14 11:00:00,5815.0,5821.0,5813.0,5816.0,8547.0,430066.0,429425.0
2022-07-14 13:00:00,5817.0,5817.0,5795.0,5798.0,23321.0,429425.0,429083.0
2022-07-14 14:00:00,5798.0,5801.0,5766.0,5766.0,34624.0,429083.0,425995.0
2022-07-14 21:00:00,5759.0,5772.0,5725.0,5743.0,102449.0,425995.0,428982.0
2022-07-14 22:00:00,5743.0,5748.0,5728.0,5747.0,34608.0,428982.0,428465.0
2022-07-15 09:00:00,5750.0,5765.0,5739.0,5756.0,39163.0,428465.0,428888.0
2022-07-15 10:00:00,5756.0,5794.0,5750.0,5785.0,36465.0,428888.0,424266.0
2022-07-15 11:00:00,5785.0,5787.0,5762.0,5770.0,16241.0,424266.0,422396.0
2022-07-15 13:00:00,5770.0,5772.0,5762.0,5765.0,10448.0,422396.0,422964.0
2022-07-15 14:00:00,5765.0,5769.0,5750.0,5762.0,27941.0,422964.0,420038.0
2022-07-15 21:00:00,5775.0,5797.0,5773.0,5788.0,64930.0,420038.0,419223.0
2022-07-15 22:00:00,5788.0,5823.0,5787.0,5822.0,52893.0,419223.0,414967.0
2022-07-18 09:00:00,5811.0,5839.0,5803.0,5837.0,72413.0,414967.0,408721.0
2022-07-18 10:00:00,5837.0,5846.0,5832.0,5839.0,28845.0,408721.0,406324.0
2022-07-18 11:00:00,5839.0,5843.0,5835.0,5837.0,10001.0,406324.0,404602.0
2022-07-18 13:00:00,5837.0,5844.0,5833.0,5838.0,12531.0,404602.0,403028.0
2022-07-18 14:00:00,5838.0,5846.0,5837.0,5844.0,36401.0,403028.0,398682.0
2022-07-18 21:00:00,5847.0,5868.0,5844.0,5862.0,69735.0,398682.0,400455.0
2022-07-18 22:00:00,5862.0,5869.0,5850.0,5853.0,34497.0,400455.0,397545.0
2022-07-19 09:00:00,5846.0,5853.0,5836.0,5847.0,44832.0,397545.0,390763.0
2022-07-19 10:00:00,5847.0,5849.0,5834.0,5838.0,16336.0,390763.0,389283.0
2022-07-19 11:00:00,5838.0,5840.0,5822.0,5830.0,18668.0,389283.0,388841.0
2022-07-19 13:00:00,5830.0,5838.0,5822.0,5824.0,15302.0,388841.0,388531.0
2022-07-19 14:00:00,5824.0,5837.0,5821.0,5830.0,22697.0,388531.0,386310.0
2022-07-19 21:00:00,5800.0,5804.0,5754.0,5770.0,112301.0,386310.0,397776.0
2022-07-19 22:00:00,5770.0,5793.0,5764.0,5783.0,35302.0,397776.0,396252.0
2022-07-20 09:00:00,5791.0,5792.0,5766.0,5773.0,36459.0,396252.0,398455.0
2022-07-20 10:00:00,5773.0,5798.0,5771.0,5791.0,25397.0,398455.0,396897.0
2022-07-20 11:00:00,5791.0,5805.0,5787.0,5801.0,14751.0,396897.0,397549.0
2022-07-20 13:00:00,5801.0,5802.0,5780.0,5789.0,16203.0,397549.0,397042.0
2022-07-20 14:00:00,5789.0,5796.0,5775.0,5782.0,35573.0,397042.0,395547.0
2022-07-20 21:00:00,5779.0,5803.0,5776.0,5781.0,51568.0,395547.0,400668.0
2022-07-20 22:00:00,5781.0,5782.0,5766.0,5773.0,31188.0,400668.0,400257.0
2022-07-21 09:00:00,5772.0,5772.0,5758.0,5762.0,27228.0,400257.0,402405.0
2022-07-21 10:00:00,5762.0,5766.0,5756.0,5765.0,12470.0,402405.0,403156.0
2022-07-21 11:00:00,5765.0,5770.0,5762.0,5767.0,6487.0,403156.0,402861.0
2022-07-21 13:00:00,5767.0,5776.0,5761.0,5773.0,17181.0,402861.0,402368.0
2022-07-21 14:00:00,5773.0,5785.0,5762.0,5763.0,25696.0,402368.0,401791.0
2022-07-21 21:00:00,5749.0,5783.0,5743.0,5777.0,59213.0,401791.0,404441.0
2022-07-21 22:00:00,5777.0,5780.0,5751.0,5763.0,30068.0,404441.0,404459.0
2022-07-22 09:00:00,5763.0,5781.0,5756.0,5778.0,40980.0,404459.0,398184.0
2022-07-22 10:00:00,5778.0,5790.0,5771.0,5784.0,30505.0,398184.0,392087.0
2022-07-22 11:00:00,5784.0,5793.0,5777.0,5778.0,15590.0,392087.0,391017.0
2022-07-22 13:00:00,5778.0,5781.0,5764.0,5765.0,15904.0,391017.0,390718.0
2022-07-22 14:00:00,5765.0,5772.0,5756.0,5768.0,31898.0,390718.0,386809.0
2022-07-22 21:00:00,5747.0,5756.0,5628.0,5651.0,189355.0,386809.0,413591.0
2022-07-22 22:00:00,5651.0,5664.0,5624.0,5638.0,80726.0,413591.0,421971.0
2022-07-25 09:00:00,5640.0,5688.0,5621.0,5673.0,99291.0,421971.0,419456.0
2022-07-25 10:00:00,5673.0,5682.0,5662.0,5675.0,27199.0,419456.0,417810.0
2022-07-25 11:00:00,5675.0,5687.0,5672.0,5676.0,15740.0,417810.0,414299.0
2022-07-25 13:00:00,5676.0,5683.0,5671.0,5680.0,11853.0,414299.0,412969.0
2022-07-25 14:00:00,5680.0,5682.0,5655.0,5662.0,29938.0,412969.0,407546.0
2022-07-25 21:00:00,5655.0,5676.0,5626.0,5631.0,86110.0,407546.0,414662.0
2022-07-25 22:00:00,5631.0,5634.0,5614.0,5628.0,45427.0,414662.0,418497.0
2022-07-26 09:00:00,5618.0,5666.0,5618.0,5660.0,53238.0,418497.0,415286.0
2022-07-26 10:00:00,5660.0,5678.0,5654.0,5661.0,28098.0,415286.0,411757.0
2022-07-26 11:00:00,5661.0,5677.0,5660.0,5672.0,16786.0,411757.0,410055.0
2022-07-26 13:00:00,5674.0,5681.0,5669.0,5679.0,16038.0,410055.0,407225.0
2022-07-26 14:00:00,5679.0,5693.0,5676.0,5688.0,46455.0,407225.0,395868.0
2022-07-26 21:00:00,5679.0,5716.0,5665.0,5687.0,96707.0,395868.0,397011.0
2022-07-26 22:00:00,5687.0,5693.0,5673.0,5693.0,28454.0,397011.0,394031.0
2022-07-27 09:00:00,5692.0,5704.0,5687.0,5698.0,37380.0,394031.0,389275.0
2022-07-27 10:00:00,5698.0,5709.0,5692.0,5708.0,19210.0,389275.0,386352.0
2022-07-27 11:00:00,5708.0,5715.0,5703.0,5709.0,24565.0,386352.0,383194.0
2022-07-27 13:00:00,5710.0,5724.0,5706.0,5719.0,18324.0,383194.0,378710.0
2022-07-27 14:00:00,5719.0,5737.0,5715.0,5735.0,43355.0,378710.0,368554.0
2022-07-27 21:00:00,5720.0,5768.0,5714.0,5752.0,83814.0,368554.0,358945.0
2022-07-27 22:00:00,5752.0,5756.0,5731.0,5746.0,35235.0,358945.0,356552.0
2022-07-28 09:00:00,5746.0,5763.0,5737.0,5748.0,39025.0,356552.0,356019.0
2022-07-28 10:00:00,5748.0,5762.0,5740.0,5760.0,20445.0,356019.0,352018.0
2022-07-28 11:00:00,5760.0,5780.0,5758.0,5776.0,16233.0,352018.0,346610.0
2022-07-28 13:00:00,5778.0,5785.0,5770.0,5777.0,17274.0,346610.0,343577.0
2022-07-28 14:00:00,5777.0,5810.0,5774.0,5807.0,44575.0,343577.0,330652.0
2022-07-28 21:00:00,5809.0,5825.0,5796.0,5802.0,79187.0,330652.0,324675.0
2022-07-28 22:00:00,5802.0,5819.0,5802.0,5813.0,23033.0,324675.0,324875.0
2022-07-29 09:00:00,5806.0,5820.0,5802.0,5819.0,26254.0,324875.0,322301.0
2022-07-29 10:00:00,5819.0,5820.0,5794.0,5798.0,21430.0,322301.0,319147.0
2022-07-29 11:00:00,5798.0,5811.0,5797.0,5800.0,10291.0,319147.0,317941.0
2022-07-29 13:00:00,5800.0,5811.0,5799.0,5808.0,7567.0,317941.0,317458.0
2022-07-29 14:00:00,5808.0,5811.0,5801.0,5805.0,15059.0,317458.0,315408.0
2022-07-29 21:00:00,5792.0,5803.0,5780.0,5790.0,46010.0,315408.0,316402.0
2022-07-29 22:00:00,5790.0,5802.0,5787.0,5795.0,19894.0,316402.0,314215.0
2022-08-01 09:00:00,5790.0,5790.0,5754.0,5763.0,45373.0,314215.0,309700.0
2022-08-01 10:00:00,5763.0,5775.0,5758.0,5773.0,12965.0,309700.0,308453.0
2022-08-01 11:00:00,5773.0,5776.0,5759.0,5763.0,6433.0,308453.0,308124.0
2022-08-01 13:00:00,5762.0,5768.0,5757.0,5764.0,8183.0,308124.0,307601.0
2022-08-01 14:00:00,5764.0,5773.0,5759.0,5767.0,19964.0,307601.0,305070.0
2022-08-01 21:00:00,5751.0,5793.0,5722.0,5732.0,80851.0,305070.0,302125.0
2022-08-01 22:00:00,5732.0,5732.0,5710.0,5721.0,34562.0,302125.0,299986.0
2022-08-02 09:00:00,5740.0,5774.0,5740.0,5749.0,44424.0,299986.0,295367.0
2022-08-02 10:00:00,5749.0,5752.0,5721.0,5723.0,20424.0,295367.0,293969.0
2022-08-02 11:00:00,5723.0,5729.0,5717.0,5722.0,11128.0,293969.0,293223.0
2022-08-02 13:00:00,5722.0,5733.0,5716.0,5726.0,10608.0,293223.0,292203.0
2022-08-02 14:00:00,5726.0,5737.0,5706.0,5716.0,29223.0,292203.0,287532.0
2022-08-02 21:00:00,5702.0,5710.0,5659.0,5692.0,76784.0,287532.0,283909.0
2022-08-02 22:00:00,5692.0,5721.0,5683.0,5699.0,33579.0,283909.0,279445.0
2022-08-03 09:00:00,5703.0,5708.0,5671.0,5674.0,32925.0,279445.0,278392.0
2022-08-03 10:00:00,5674.0,5679.0,5643.0,5650.0,40503.0,278392.0,275087.0
2022-08-03 11:00:00,5650.0,5652.0,5630.0,5631.0,23843.0,275087.0,275371.0
2022-08-03 13:00:00,5630.0,5645.0,5630.0,5636.0,19916.0,275371.0,273664.0
2022-08-03 14:00:00,5636.0,5638.0,5615.0,5617.0,52003.0,273664.0,272580.0
2022-08-03 21:00:00,5653.0,5665.0,5624.0,5629.0,76966.0,272580.0,271877.0
2022-08-03 22:00:00,5629.0,5630.0,5603.0,5605.0,35623.0,271877.0,277909.0
2022-08-04 09:00:00,5604.0,5611.0,5591.0,5593.0,42162.0,277909.0,280244.0
2022-08-04 10:00:00,5593.0,5614.0,5587.0,5610.0,26182.0,280244.0,277274.0
2022-08-04 11:00:00,5610.0,5614.0,5595.0,5598.0,11514.0,277274.0,275781.0
2022-08-04 13:00:00,5597.0,5606.0,5595.0,5603.0,9103.0,275781.0,276442.0
2022-08-04 14:00:00,5603.0,5611.0,5595.0,5600.0,23934.0,276442.0,274458.0
2022-08-04 21:00:00,5598.0,5623.0,5572.0,5583.0,55255.0,274458.0,276399.0
2022-08-04 22:00:00,5583.0,5595.0,5560.0,5572.0,29362.0,276399.0,275719.0
2022-08-05 09:00:00,5570.0,5584.0,5567.0,5582.0,19218.0,275719.0,274051.0
2022-08-05 10:00:00,5582.0,5592.0,5581.0,5587.0,11803.0,274051.0,272053.0
2022-08-05 11:00:00,5587.0,5591.0,5578.0,5590.0,6510.0,272053.0,271042.0
2022-08-05 13:00:00,5592.0,5611.0,5590.0,5606.0,15015.0,271042.0,268374.0
2022-08-05 14:00:00,5606.0,5606.0,5589.0,5592.0,17462.0,268374.0,267171.0
2022-08-05 21:00:00,5597.0,5606.0,5568.0,5603.0,42290.0,267171.0,268478.0
2022-08-05 22:00:00,5603.0,5630.0,5601.0,5615.0,31254.0,268478.0,262444.0
2022-08-08 09:00:00,5622.0,5634.0,5616.0,5624.0,23621.0,262444.0,260780.0
2022-08-08 10:00:00,5624.0,5632.0,5618.0,5624.0,11788.0,260780.0,259886.0
2022-08-08 11:00:00,5624.0,5625.0,5614.0,5618.0,4363.0,259886.0,259664.0
2022-08-08 13:00:00,5618.0,5628.0,5608.0,5626.0,10434.0,259664.0,258544.0
2022-08-08 14:00:00,5626.0,5630.0,5617.0,5617.0,13145.0,258544.0,255798.0
2022-08-08 21:00:00,5612.0,5645.0,5604.0,5610.0,62113.0,255798.0,253324.0
2022-08-08 22:00:00,5610.0,5615.0,5602.0,5606.0,15192.0,253324.0,253239.0
2022-08-09 09:00:00,5612.0,5625.0,5609.0,5615.0,15260.0,253239.0,251403.0
2022-08-09 10:00:00,5615.0,5626.0,5611.0,5624.0,8629.0,251403.0,249298.0
2022-08-09 11:00:00,5624.0,5625.0,5615.0,5616.0,4279.0,249298.0,248445.0
2022-08-09 13:00:00,5616.0,5621.0,5608.0,5616.0,10550.0,248445.0,246826.0
2022-08-09 14:00:00,5616.0,5622.0,5591.0,5593.0,22243.0,246826.0,246875.0
2022-08-09 21:00:00,5586.0,5618.0,5585.0,5595.0,57954.0,246875.0,237274.0
2022-08-09 22:00:00,5595.0,5610.0,5589.0,5608.0,15361.0,237274.0,235522.0
2022-08-10 09:00:00,5608.0,5617.0,5602.0,5613.0,24562.0,235522.0,229597.0
2022-08-10 10:00:00,5613.0,5618.0,5594.0,5596.0,20200.0,229597.0,224939.0
2022-08-10 11:00:00,5596.0,5598.0,5579.0,5587.0,16066.0,224939.0,221357.0
2022-08-10 13:00:00,5586.0,5597.0,5585.0,5591.0,10701.0,221357.0,217540.0
2022-08-10 14:00:00,5591.0,5603.0,5575.0,5599.0,23872.0,217540.0,211832.0
2022-08-10 21:00:00,5623.0,5641.0,5609.0,5610.0,54570.0,211832.0,198294.0
2022-08-10 22:00:00,5610.0,5616.0,5599.0,5609.0,16923.0,198294.0,195593.0
2022-08-11 09:00:00,5613.0,5628.0,5604.0,5628.0,21091.0,195593.0,189874.0
2022-08-11 10:00:00,5628.0,5633.0,5622.0,5632.0,9988.0,189874.0,185319.0
2022-08-11 11:00:00,5632.0,5648.0,5632.0,5648.0,12330.0,185319.0,180824.0
2022-08-11 13:00:00,5648.0,5672.0,5646.0,5665.0,19452.0,180824.0,173184.0
2022-08-11 14:00:00,5665.0,5666.0,5645.0,5661.0,18759.0,173184.0,167911.0
2022-08-11 21:00:00,5602.0,5607.0,5588.0,5596.0,58833.0,167911.0,361361.0
2022-08-11 22:00:00,5596.0,5598.0,5585.0,5592.0,23154.0,361361.0,364450.0
2022-08-12 09:00:00,5597.0,5626.0,5596.0,5599.0,46246.0,364450.0,365210.0
2022-08-12 10:00:00,5599.0,5600.0,5593.0,5598.0,15586.0,365210.0,367653.0
2022-08-12 11:00:00,5598.0,5598.0,5593.0,5598.0,7069.0,367653.0,368944.0
2022-08-12 13:00:00,5597.0,5606.0,5597.0,5603.0,11979.0,368944.0,370107.0
2022-08-12 14:00:00,5603.0,5615.0,5601.0,5608.0,22382.0,370107.0,372848.0
2022-08-12 21:00:00,5603.0,5620.0,5597.0,5602.0,57613.0,372848.0,377824.0
2022-08-12 22:00:00,5602.0,5604.0,5594.0,5597.0,16504.0,377824.0,378863.0
2022-08-15 09:00:00,5603.0,5616.0,5602.0,5606.0,36011.0,378863.0,382834.0
2022-08-15 10:00:00,5606.0,5618.0,5600.0,5606.0,19094.0,382834.0,383578.0
2022-08-15 11:00:00,5606.0,5610.0,5600.0,5604.0,7932.0,383578.0,384443.0
2022-08-15 13:00:00,5604.0,5607.0,5597.0,5599.0,10385.0,384443.0,388078.0
2022-08-15 14:00:00,5599.0,5600.0,5576.0,5577.0,35582.0,388078.0,395243.0
2022-08-15 21:00:00,5566.0,5595.0,5555.0,5590.0,62669.0,395243.0,400164.0
2022-08-15 22:00:00,5590.0,5605.0,5585.0,5600.0,25118.0,400164.0,398627.0
2022-08-16 09:00:00,5599.0,5603.0,5580.0,5582.0,31696.0,398627.0,402072.0
2022-08-16 10:00:00,5582.0,5590.0,5575.0,5588.0,28825.0,402072.0,405663.0
2022-08-16 11:00:00,5588.0,5591.0,5579.0,5584.0,9413.0,405663.0,405963.0
2022-08-16 13:00:00,5584.0,5588.0,5579.0,5586.0,7479.0,405963.0,406751.0
2022-08-16 14:00:00,5586.0,5586.0,5576.0,5578.0,18507.0,406751.0,408915.0
2022-08-16 21:00:00,5583.0,5605.0,5579.0,5604.0,58490.0,408915.0,412317.0
2022-08-16 22:00:00,5604.0,5607.0,5587.0,5588.0,36540.0,412317.0,411287.0
2022-08-17 09:00:00,5585.0,5585.0,5543.0,5560.0,73297.0,411287.0,423106.0
2022-08-17 10:00:00,5560.0,5589.0,5559.0,5584.0,32370.0,423106.0,419384.0
2022-08-17 11:00:00,5584.0,5587.0,5561.0,5570.0,17135.0,419384.0,418233.0
2022-08-17 13:00:00,5572.0,5579.0,5568.0,5571.0,10272.0,418233.0,418844.0
2022-08-17 14:00:00,5571.0,5572.0,5556.0,5558.0,31295.0,418844.0,422289.0
2022-08-17 21:00:00,5550.0,5562.0,5534.0,5544.0,78457.0,422289.0,433378.0
2022-08-17 22:00:00,5544.0,5558.0,5541.0,5547.0,31852.0,433378.0,432410.0
2022-08-18 09:00:00,5547.0,5554.0,5544.0,5548.0,21803.0,432410.0,435209.0
2022-08-18 10:00:00,5548.0,5548.0,5532.0,5533.0,29609.0,435209.0,442087.0
2022-08-18 11:00:00,5533.0,5535.0,5526.0,5528.0,16034.0,442087.0,447283.0
2022-08-18 13:00:00,5528.0,5541.0,5527.0,5536.0,17850.0,447283.0,450817.0
2022-08-18 14:00:00,5536.0,5541.0,5515.0,5517.0,38211.0,450817.0,455149.0
2022-08-18 21:00:00,5516.0,5523.0,5497.0,5498.0,54636.0,455149.0,465610.0
2022-08-18 22:00:00,5498.0,5515.0,5491.0,5505.0,44763.0,465610.0,463556.0
2022-08-19 09:00:00,5494.0,5507.0,5483.0,5503.0,46896.0,463556.0,466671.0
2022-08-19 10:00:00,5503.0,5506.0,5484.0,5496.0,22347.0,466671.0,466889.0
2022-08-19 11:00:00,5496.0,5500.0,5490.0,5499.0,8211.0,466889.0,467607.0
2022-08-19 13:00:00,5501.0,5502.0,5489.0,5490.0,10951.0,467607.0,468259.0
2022-08-19 14:00:00,5490.0,5497.0,5476.0,5484.0,36941.0,468259.0,469495.0
2022-08-19 21:00:00,5489.0,5515.0,5484.0,5513.0,65125.0,469495.0,466644.0
2022-08-19 22:00:00,5513.0,5546.0,5512.0,5539.0,63365.0,466644.0,458977.0
2022-08-22 09:00:00,5539.0,5545.0,5524.0,5532.0,35032.0,458977.0,459712.0
2022-08-22 10:00:00,5532.0,5535.0,5526.0,5529.0,12628.0,459712.0,460467.0
2022-08-22 11:00:00,5529.0,5531.0,5522.0,5526.0,9700.0,460467.0,462171.0
2022-08-22 13:00:00,5526.0,5531.0,5525.0,5528.0,10127.0,462171.0,464627.0
2022-08-22 14:00:00,5528.0,5533.0,5521.0,5528.0,19542.0,464627.0,463019.0
2022-08-22 21:00:00,5519.0,5527.0,5483.0,5491.0,81552.0,463019.0,473939.0
2022-08-22 22:00:00,5491.0,5498.0,5481.0,5486.0,28779.0,473939.0,476163.0
2022-08-23 09:00:00,5495.0,5516.0,5493.0,5511.0,36478.0,476163.0,475393.0
2022-08-23 10:00:00,5511.0,5514.0,5503.0,5510.0,14780.0,475393.0,476415.0
2022-08-23 11:00:00,5510.0,5530.0,5509.0,5523.0,18072.0,476415.0,474616.0
2022-08-23 13:00:00,5523.0,5526.0,5517.0,5522.0,10598.0,474616.0,473847.0
2022-08-23 14:00:00,5522.0,5532.0,5521.0,5529.0,25754.0,473847.0,470308.0
2022-08-23 21:00:00,5527.0,5538.0,5522.0,5528.0,54377.0,470308.0,468278.0
2022-08-23 22:00:00,5528.0,5543.0,5527.0,5534.0,29143.0,468278.0,466962.0
2022-08-24 09:00:00,5535.0,5540.0,5517.0,5523.0,27288.0,466962.0,467987.0
2022-08-24 10:00:00,5523.0,5524.0,5504.0,5512.0,23963.0,467987.0,471282.0
2022-08-24 11:00:00,5512.0,5512.0,5508.0,5511.0,9390.0,471282.0,473051.0
2022-08-24 13:00:00,5511.0,5513.0,5499.0,5507.0,17100.0,473051.0,476527.0
2022-08-24 14:00:00,5507.0,5515.0,5504.0,5513.0,21452.0,476527.0,474310.0
2022-08-24 21:00:00,5525.0,5541.0,5513.0,5523.0,50991.0,474310.0,474881.0
2022-08-24 22:00:00,5523.0,5536.0,5522.0,5523.0,33689.0,474881.0,471143.0
2022-08-25 09:00:00,5524.0,5530.0,5514.0,5519.0,25036.0,471143.0,472990.0
2022-08-25 10:00:00,5519.0,5521.0,5507.0,5511.0,19071.0,472990.0,475162.0
2022-08-25 11:00:00,5511.0,5513.0,5506.0,5512.0,10049.0,475162.0,477299.0
2022-08-25 13:00:00,5512.0,5513.0,5504.0,5506.0,13180.0,477299.0,479443.0
2022-08-25 14:00:00,5506.0,5507.0,5490.0,5493.0,39295.0,479443.0,485987.0
2022-08-25 21:00:00,5483.0,5504.0,5472.0,5477.0,84519.0,485987.0,491934.0
2022-08-25 22:00:00,5477.0,5492.0,5475.0,5487.0,30406.0,491934.0,490738.0
2022-08-26 09:00:00,5488.0,5517.0,5478.0,5516.0,46379.0,490738.0,482694.0
2022-08-26 10:00:00,5516.0,5537.0,5515.0,5525.0,50431.0,482694.0,473430.0
2022-08-26 11:00:00,5525.0,5528.0,5515.0,5520.0,14337.0,473430.0,472087.0
2022-08-26 13:00:00,5520.0,5525.0,5517.0,5522.0,10153.0,472087.0,471282.0
2022-08-26 14:00:00,5522.0,5525.0,5519.0,5525.0,17476.0,471282.0,470370.0
2022-08-26 21:00:00,5546.0,5563.0,5539.0,5559.0,90007.0,470370.0,461156.0
2022-08-26 22:00:00,5559.0,5568.0,5550.0,5566.0,48596.0,461156.0,460089.0
2022-08-29 09:00:00,5564.0,5575.0,5554.0,5568.0,55408.0,460089.0,455474.0
2022-08-29 10:00:00,5568.0,5571.0,5564.0,5567.0,12413.0,455474.0,454768.0
2022-08-29 11:00:00,5567.0,5571.0,5566.0,5570.0,6867.0,454768.0,454611.0
2022-08-29 13:00:00,5570.0,5570.0,5546.0,5550.0,21099.0,454611.0,453546.0
2022-08-29 14:00:00,5550.0,5552.0,5536.0,5548.0,41598.0,453546.0,453331.0
2022-08-29 21:00:00,5547.0,5548.0,5528.0,5542.0,51197.0,453331.0,455467.0
2022-08-29 22:00:00,5542.0,5554.0,5529.0,5534.0,37100.0,455467.0,452738.0
2022-08-30 09:00:00,5534.0,5546.0,5528.0,5537.0,32473.0,452738.0,454308.0
2022-08-30 10:00:00,5537.0,5538.0,5509.0,5513.0,39121.0,454308.0,458305.0
2022-08-30 11:00:00,5513.0,5517.0,5497.0,5503.0,26234.0,458305.0,462783.0
2022-08-30 13:00:00,5501.0,5509.0,5496.0,5505.0,18744.0,462783.0,465825.0
2022-08-30 14:00:00,5505.0,5506.0,5493.0,5498.0,32871.0,465825.0,470990.0
2022-08-30 21:00:00,5495.0,5512.0,5488.0,5506.0,64762.0,470990.0,473649.0
2022-08-30 22:00:00,5506.0,5508.0,5498.0,5501.0,23940.0,473649.0,474682.0
2022-08-31 09:00:00,5498.0,5502.0,5488.0,5495.0,36726.0,474682.0,478067.0
2022-08-31 10:00:00,5495.0,5501.0,5490.0,5501.0,18499.0,478067.0,478959.0
2022-08-31 11:00:00,5501.0,5505.0,5496.0,5497.0,11394.0,478959.0,480143.0
2022-08-31 13:00:00,5498.0,5507.0,5498.0,5504.0,13316.0,480143.0,480014.0
2022-08-31 14:00:00,5504.0,5533.0,5503.0,5532.0,50853.0,480014.0,467861.0
2022-08-31 21:00:00,5516.0,5540.0,5514.0,5519.0,69533.0,467861.0,463639.0
2022-08-31 22:00:00,5519.0,5526.0,5517.0,5520.0,26890.0,463639.0,463060.0
2022-09-01 09:00:00,5519.0,5524.0,5491.0,5494.0,57869.0,463060.0,469273.0
2022-09-01 10:00:00,5494.0,5504.0,5492.0,5500.0,17872.0,469273.0,470033.0
2022-09-01 11:00:00,5500.0,5507.0,5497.0,5499.0,11791.0,470033.0,470089.0
2022-09-01 13:00:00,5500.0,5500.0,5493.0,5495.0,12810.0,470089.0,470603.0
2022-09-01 14:00:00,5495.0,5498.0,5492.0,5494.0,19911.0,470603.0,469585.0
2022-09-01 21:00:00,5488.0,5498.0,5478.0,5482.0,58339.0,469585.0,474729.0
2022-09-01 22:00:00,5482.0,5502.0,5480.0,5482.0,34546.0,474729.0,472689.0
2022-09-02 09:00:00,5494.0,5503.0,5481.0,5483.0,45349.0,472689.0,471920.0
2022-09-02 10:00:00,5483.0,5491.0,5457.0,5490.0,70312.0,471920.0,477477.0
2022-09-02 11:00:00,5490.0,5505.0,5490.0,5503.0,29279.0,477477.0,472348.0
2022-09-02 13:00:00,5502.0,5504.0,5492.0,5493.0,12318.0,472348.0,472556.0
2022-09-02 14:00:00,5493.0,5504.0,5492.0,5494.0,23080.0,472556.0,469191.0
2022-09-02 21:00:00,5513.0,5532.0,5512.0,5525.0,78364.0,469191.0,460556.0
2022-09-02 22:00:00,5525.0,5537.0,5521.0,5525.0,38462.0,460556.0,453927.0
2022-09-05 09:00:00,5521.0,5524.0,5500.0,5503.0,49194.0,453927.0,457779.0
2022-09-05 10:00:00,5503.0,5509.0,5500.0,5501.0,23312.0,457779.0,462996.0
2022-09-05 11:00:00,5501.0,5505.0,5492.0,5501.0,19370.0,462996.0,465486.0
2022-09-05 13:00:00,5501.0,5511.0,5500.0,5508.0,15527.0,465486.0,467792.0
2022-09-05 14:00:00,5508.0,5525.0,5505.0,5519.0,55991.0,467792.0,464034.0
2022-09-05 21:00:00,5520.0,5526.0,5506.0,5518.0,64774.0,464034.0,469032.0
2022-09-05 22:00:00,5518.0,5521.0,5513.0,5515.0,28501.0,469032.0,468776.0
2022-09-06 09:00:00,5516.0,5533.0,5513.0,5524.0,44772.0,468776.0,468691.0
2022-09-06 10:00:00,5524.0,5530.0,5520.0,5526.0,26530.0,468691.0,468085.0
2022-09-06 11:00:00,5526.0,5531.0,5520.0,5528.0,13868.0,468085.0,467800.0
2022-09-06 13:00:00,5528.0,5541.0,5512.0,5512.0,49735.0,467800.0,468122.0
2022-09-06 14:00:00,5512.0,5527.0,5509.0,5525.0,43492.0,468122.0,465893.0
2022-09-06 21:00:00,5520.0,5532.0,5506.0,5513.0,79466.0,465893.0,468032.0
2022-09-06 22:00:00,5513.0,5515.0,5499.0,5500.0,41232.0,468032.0,467759.0
2022-09-07 09:00:00,5499.0,5501.0,5478.0,5495.0,57731.0,467759.0,472947.0
2022-09-07 10:00:00,5495.0,5508.0,5495.0,5495.0,31479.0,472947.0,470884.0
2022-09-07 11:00:00,5495.0,5496.0,5485.0,5487.0,16443.0,470884.0,475479.0
2022-09-07 13:00:00,5488.0,5492.0,5481.0,5486.0,20457.0,475479.0,480595.0
2022-09-07 14:00:00,5486.0,5490.0,5482.0,5486.0,27788.0,480595.0,481497.0
2022-09-07 21:00:00,5506.0,5508.0,5489.0,5495.0,84535.0,481497.0,484281.0
2022-09-07 22:00:00,5495.0,5505.0,5492.0,5494.0,40603.0,484281.0,480966.0
2022-09-08 09:00:00,5490.0,5500.0,5484.0,5487.0,27079.0,480966.0,482434.0
2022-09-08 10:00:00,5487.0,5488.0,5475.0,5485.0,34286.0,482434.0,489982.0
2022-09-08 11:00:00,5485.0,5486.0,5475.0,5476.0,13508.0,489982.0,492735.0
2022-09-08 13:00:00,5476.0,5499.0,5471.0,5494.0,36442.0,492735.0,489131.0
2022-09-08 14:00:00,5494.0,5496.0,5483.0,5486.0,26928.0,489131.0,485310.0
2022-09-08 21:00:00,5491.0,5501.0,5480.0,5485.0,58796.0,485310.0,485766.0
2022-09-08 22:00:00,5485.0,5486.0,5476.0,5480.0,36054.0,485766.0,489769.0
2022-09-09 09:00:00,5480.0,5491.0,5480.0,5490.0,25943.0,489769.0,486685.0
2022-09-09 10:00:00,5490.0,5506.0,5489.0,5506.0,32653.0,486685.0,478563.0
2022-09-09 11:00:00,5506.0,5508.0,5499.0,5507.0,17733.0,478563.0,472875.0
2022-09-09 13:00:00,5506.0,5519.0,5506.0,5517.0,23345.0,472875.0,468101.0
2022-09-09 14:00:00,5517.0,5531.0,5517.0,5529.0,62002.0,468101.0,455088.0
2022-09-13 09:00:00,5542.0,5562.0,5535.0,5560.0,89136.0,455088.0,450653.0
2022-09-13 10:00:00,5560.0,5565.0,5546.0,5551.0,30839.0,450653.0,448151.0
2022-09-13 11:00:00,5551.0,5559.0,5546.0,5554.0,12752.0,448151.0,446842.0
2022-09-13 13:00:00,5555.0,5563.0,5551.0,5559.0,27374.0,446842.0,445777.0
2022-09-13 14:00:00,5559.0,5568.0,5557.0,5564.0,35031.0,445777.0,441029.0
2022-09-13 21:00:00,5559.0,5571.0,5552.0,5564.0,69346.0,441029.0,444437.0
2022-09-13 22:00:00,5564.0,5565.0,5545.0,5557.0,27853.0,444437.0,441916.0
2022-09-14 09:00:00,5558.0,5566.0,5547.0,5564.0,26974.0,441916.0,441672.0
2022-09-14 10:00:00,5564.0,5580.0,5562.0,5575.0,33077.0,441672.0,442273.0
2022-09-14 11:00:00,5575.0,5582.0,5574.0,5580.0,19378.0,442273.0,445207.0
2022-09-14 13:00:00,5579.0,5586.0,5571.0,5575.0,22591.0,445207.0,446199.0
2022-09-14 14:00:00,5575.0,5585.0,5571.0,5583.0,24568.0,446199.0,444725.0
2022-09-14 21:00:00,5585.0,5614.0,5583.0,5613.0,82079.0,444725.0,448969.0
2022-09-14 22:00:00,5613.0,5619.0,5602.0,5618.0,34867.0,448969.0,447293.0
2022-09-15 09:00:00,5616.0,5620.0,5608.0,5619.0,40573.0,447293.0,448796.0
2022-09-15 10:00:00,5619.0,5634.0,5617.0,5624.0,53221.0,448796.0,447331.0
2022-09-15 11:00:00,5624.0,5630.0,5622.0,5627.0,15624.0,447331.0,448238.0
2022-09-15 13:00:00,5626.0,5630.0,5619.0,5622.0,18628.0,448238.0,446570.0
2022-09-15 14:00:00,5622.0,5634.0,5621.0,5628.0,33907.0,446570.0,445380.0
2022-09-15 21:00:00,5622.0,5640.0,5615.0,5637.0,67172.0,445380.0,445785.0
2022-09-15 22:00:00,5637.0,5642.0,5625.0,5633.0,32219.0,445785.0,441176.0
2022-09-16 09:00:00,5632.0,5633.0,5622.0,5626.0,32438.0,441176.0,439841.0
2022-09-16 10:00:00,5626.0,5638.0,5621.0,5634.0,30664.0,439841.0,437889.0
2022-09-16 11:00:00,5634.0,5635.0,5626.0,5634.0,8309.0,437889.0,437037.0
2022-09-16 13:00:00,5631.0,5635.0,5610.0,5612.0,22581.0,437037.0,433114.0
2022-09-16 14:00:00,5612.0,5623.0,5603.0,5611.0,48922.0,433114.0,428939.0
2022-09-16 21:00:00,5602.0,5606.0,5583.0,5595.0,79681.0,428939.0,427109.0
2022-09-16 22:00:00,5595.0,5610.0,5594.0,5600.0,27484.0,427109.0,425861.0
2022-09-19 09:00:00,5595.0,5606.0,5589.0,5599.0,34677.0,425861.0,425782.0
2022-09-19 10:00:00,5599.0,5608.0,5595.0,5603.0,17960.0,425782.0,425996.0
2022-09-19 11:00:00,5603.0,5606.0,5595.0,5597.0,8787.0,425996.0,425132.0
2022-09-19 13:00:00,5596.0,5605.0,5595.0,5600.0,10223.0,425132.0,423624.0
2022-09-19 14:00:00,5600.0,5600.0,5584.0,5591.0,33295.0,423624.0,419837.0
2022-09-19 21:00:00,5575.0,5587.0,5570.0,5578.0,53946.0,419837.0,422175.0
2022-09-19 22:00:00,5578.0,5579.0,5566.0,5570.0,27603.0,422175.0,421331.0
2022-09-20 09:00:00,5570.0,5605.0,5570.0,5603.0,41630.0,421331.0,421976.0
2022-09-20 10:00:00,5603.0,5604.0,5588.0,5591.0,16384.0,421976.0,417814.0
2022-09-20 11:00:00,5591.0,5592.0,5584.0,5586.0,9052.0,417814.0,418234.0
2022-09-20 13:00:00,5585.0,5590.0,5583.0,5587.0,5920.0,418234.0,418423.0
2022-09-20 14:00:00,5587.0,5587.0,5574.0,5586.0,24081.0,418423.0,415834.0
2022-09-20 21:00:00,5595.0,5598.0,5576.0,5578.0,46825.0,415834.0,418054.0
2022-09-20 22:00:00,5578.0,5594.0,5574.0,5593.0,21335.0,418054.0,416240.0
2022-09-21 09:00:00,5596.0,5646.0,5596.0,5622.0,90056.0,416240.0,419603.0
2022-09-21 10:00:00,5622.0,5629.0,5618.0,5621.0,18871.0,419603.0,419554.0
2022-09-21 11:00:00,5621.0,5627.0,5616.0,5625.0,11098.0,419554.0,419878.0
2022-09-21 13:00:00,5627.0,5641.0,5625.0,5639.0,24272.0,419878.0,419815.0
2022-09-21 14:00:00,5639.0,5645.0,5634.0,5639.0,34193.0,419815.0,419118.0
2022-09-21 21:00:00,5642.0,5645.0,5623.0,5623.0,44296.0,419118.0,420432.0
2022-09-21 22:00:00,5623.0,5635.0,5620.0,5626.0,24691.0,420432.0,419480.0
2022-09-22 09:00:00,5634.0,5641.0,5616.0,5639.0,31986.0,419480.0,418962.0
2022-09-22 10:00:00,5639.0,5641.0,5631.0,5639.0,11845.0,418962.0,418806.0
2022-09-22 11:00:00,5639.0,5645.0,5636.0,5640.0,13240.0,418806.0,420161.0
2022-09-22 13:00:00,5640.0,5646.0,5635.0,5640.0,10760.0,420161.0,419345.0
2022-09-22 14:00:00,5640.0,5645.0,5633.0,5638.0,22872.0,419345.0,414655.0
2022-09-22 21:00:00,5646.0,5653.0,5639.0,5641.0,39570.0,414655.0,418086.0
2022-09-22 22:00:00,5641.0,5648.0,5637.0,5644.0,19256.0,418086.0,416776.0
2022-09-23 09:00:00,5648.0,5660.0,5624.0,5643.0,51015.0,416776.0,416440.0
2022-09-23 10:00:00,5643.0,5643.0,5623.0,5626.0,16283.0,416440.0,415514.0
2022-09-23 11:00:00,5626.0,5636.0,5625.0,5634.0,10662.0,415514.0,414300.0
2022-09-23 13:00:00,5636.0,5646.0,5634.0,5643.0,15168.0,414300.0,414455.0
2022-09-23 14:00:00,5643.0,5646.0,5620.0,5623.0,27740.0,414455.0,412297.0
2022-09-23 21:00:00,5605.0,5607.0,5555.0,5556.0,104115.0,412297.0,403434.0
2022-09-23 22:00:00,5556.0,5567.0,5555.0,5566.0,30767.0,403434.0,400725.0
2022-09-26 09:00:00,5574.0,5587.0,5565.0,5569.0,48382.0,400725.0,397799.0
2022-09-26 10:00:00,5569.0,5576.0,5565.0,5566.0,15700.0,397799.0,397427.0
2022-09-26 11:00:00,5566.0,5567.0,5556.0,5556.0,20123.0,397427.0,395384.0
2022-09-26 13:00:00,5556.0,5560.0,5551.0,5556.0,17437.0,395384.0,393834.0
2022-09-26 14:00:00,5556.0,5563.0,5535.0,5539.0,55444.0,393834.0,389454.0
2022-09-26 21:00:00,5561.0,5580.0,5550.0,5573.0,61225.0,389454.0,385940.0
2022-09-26 22:00:00,5573.0,5580.0,5571.0,5578.0,16654.0,385940.0,383577.0
2022-09-27 09:00:00,5560.0,5560.0,5533.0,5535.0,61312.0,383577.0,387178.0
2022-09-27 10:00:00,5535.0,5540.0,5525.0,5531.0,26135.0,387178.0,389134.0
2022-09-27 11:00:00,5531.0,5535.0,5526.0,5533.0,10104.0,389134.0,390155.0
2022-09-27 13:00:00,5533.0,5541.0,5529.0,5535.0,16124.0,390155.0,391875.0
2022-09-27 14:00:00,5535.0,5546.0,5533.0,5539.0,32786.0,391875.0,389768.0
2022-09-27 21:00:00,5555.0,5559.0,5536.0,5544.0,48813.0,389768.0,390232.0
2022-09-27 22:00:00,5544.0,5545.0,5533.0,5536.0,21416.0,390232.0,390786.0
2022-09-28 09:00:00,5531.0,5533.0,5512.0,5514.0,42947.0,390786.0,392449.0
2022-09-28 10:00:00,5514.0,5522.0,5506.0,5506.0,28970.0,392449.0,397842.0
2022-09-28 11:00:00,5506.0,5519.0,5506.0,5516.0,14239.0,397842.0,397541.0
2022-09-28 13:00:00,5516.0,5516.0,5504.0,5504.0,14298.0,397541.0,398305.0
2022-09-28 14:00:00,5504.0,5508.0,5494.0,5496.0,30571.0,398305.0,402310.0
2022-09-28 21:00:00,5505.0,5518.0,5502.0,5513.0,49046.0,402310.0,401421.0
2022-09-28 22:00:00,5513.0,5517.0,5505.0,5505.0,18472.0,401421.0,400491.0
2022-09-29 09:00:00,5506.0,5518.0,5506.0,5509.0,24114.0,400491.0,400551.0
2022-09-29 10:00:00,5509.0,5510.0,5501.0,5503.0,18372.0,400551.0,400300.0
2022-09-29 11:00:00,5503.0,5503.0,5489.0,5497.0,19525.0,400300.0,403949.0
2022-09-29 13:00:00,5496.0,5497.0,5487.0,5494.0,19884.0,403949.0,408164.0
2022-09-29 14:00:00,5494.0,5495.0,5481.0,5487.0,31210.0,408164.0,407712.0
2022-09-29 21:00:00,5485.0,5491.0,5469.0,5475.0,64200.0,407712.0,408299.0
2022-09-29 22:00:00,5475.0,5475.0,5460.0,5466.0,35813.0,408299.0,410540.0
2022-09-30 09:00:00,5466.0,5482.0,5461.0,5466.0,40567.0,410540.0,413552.0
2022-09-30 10:00:00,5466.0,5467.0,5450.0,5454.0,34794.0,413552.0,419654.0
2022-09-30 11:00:00,5454.0,5456.0,5440.0,5454.0,30760.0,419654.0,426595.0
2022-09-30 13:00:00,5460.0,5468.0,5454.0,5455.0,20401.0,426595.0,426396.0
2022-09-30 14:00:00,5455.0,5457.0,5440.0,5442.0,40315.0,426396.0,424562.0
2022-10-10 09:00:00,5538.0,5563.0,5508.0,5556.0,155838.0,424562.0,411452.0
2022-10-10 10:00:00,5556.0,5565.0,5551.0,5560.0,30332.0,411452.0,408170.0
2022-10-10 11:00:00,5560.0,5572.0,5560.0,5570.0,25090.0,408170.0,405917.0
2022-10-10 13:00:00,5571.0,5578.0,5566.0,5577.0,21352.0,405917.0,401308.0
2022-10-10 14:00:00,5577.0,5583.0,5564.0,5577.0,43472.0,401308.0,395205.0
2022-10-10 21:00:00,5581.0,5590.0,5571.0,5581.0,61598.0,395205.0,391792.0
2022-10-10 22:00:00,5581.0,5595.0,5580.0,5591.0,33680.0,391792.0,393686.0
2022-10-11 09:00:00,5587.0,5599.0,5581.0,5594.0,39562.0,393686.0,391895.0
2022-10-11 10:00:00,5594.0,5597.0,5582.0,5587.0,17726.0,391895.0,389214.0
2022-10-11 11:00:00,5587.0,5600.0,5586.0,5594.0,17796.0,389214.0,386030.0
2022-10-11 13:00:00,5593.0,5598.0,5590.0,5594.0,11095.0,386030.0,385026.0
2022-10-11 14:00:00,5594.0,5597.0,5579.0,5580.0,26357.0,385026.0,381667.0
2022-10-11 21:00:00,5580.0,5589.0,5575.0,5586.0,50166.0,381667.0,377835.0
2022-10-11 22:00:00,5586.0,5591.0,5583.0,5585.0,19849.0,377835.0,376763.0
2022-10-12 09:00:00,5586.0,5603.0,5586.0,5597.0,41172.0,376763.0,379121.0
2022-10-12 10:00:00,5597.0,5602.0,5596.0,5601.0,13298.0,379121.0,378535.0
2022-10-12 11:00:00,5601.0,5602.0,5592.0,5600.0,8762.0,378535.0,376528.0
2022-10-12 13:00:00,5600.0,5605.0,5598.0,5601.0,10005.0,376528.0,376719.0
2022-10-12 14:00:00,5601.0,5605.0,5596.0,5602.0,23008.0,376719.0,373949.0
2022-10-12 21:00:00,5602.0,5609.0,5593.0,5602.0,41858.0,373949.0,375636.0
2022-10-12 22:00:00,5602.0,5605.0,5568.0,5576.0,42023.0,375636.0,373245.0
2022-10-13 09:00:00,5576.0,5591.0,5576.0,5583.0,25656.0,373245.0,372119.0
2022-10-13 10:00:00,5583.0,5588.0,5579.0,5585.0,11303.0,372119.0,371513.0
2022-10-13 11:00:00,5585.0,5593.0,5585.0,5591.0,9562.0,371513.0,371451.0
2022-10-13 13:00:00,5591.0,5599.0,5588.0,5595.0,12230.0,371451.0,371854.0
2022-10-13 14:00:00,5595.0,5597.0,5578.0,5583.0,27661.0,371854.0,370013.0
2022-10-13 21:00:00,5566.0,5625.0,5562.0,5617.0,111079.0,370013.0,382696.0
2022-10-13 22:00:00,5617.0,5630.0,5613.0,5625.0,28522.0,382696.0,382824.0
2022-10-14 09:00:00,5631.0,5641.0,5626.0,5639.0,52233.0,382824.0,387358.0
2022-10-14 10:00:00,5639.0,5646.0,5637.0,5644.0,23523.0,387358.0,388705.0
2022-10-14 11:00:00,5644.0,5670.0,5643.0,5660.0,49104.0,388705.0,395625.0
2022-10-14 13:00:00,5660.0,5667.0,5660.0,5664.0,19120.0,395625.0,395523.0
2022-10-14 14:00:00,5664.0,5669.0,5658.0,5666.0,34709.0,395523.0,391681.0
2022-10-14 21:00:00,5656.0,5664.0,5634.0,5636.0,59095.0,391681.0,391974.0
2022-10-14 22:00:00,5636.0,5652.0,5633.0,5639.0,27135.0,391974.0,389466.0
2022-10-17 09:00:00,5640.0,5653.0,5638.0,5641.0,31485.0,389466.0,389037.0
2022-10-17 10:00:00,5641.0,5674.0,5641.0,5673.0,39740.0,389037.0,390349.0
2022-10-17 11:00:00,5673.0,5674.0,5648.0,5653.0,17549.0,390349.0,387931.0
2022-10-17 13:00:00,5653.0,5665.0,5651.0,5660.0,11951.0,387931.0,388358.0
2022-10-17 14:00:00,5660.0,5670.0,5658.0,5664.0,22278.0,388358.0,387719.0
2022-10-17 21:00:00,5660.0,5676.0,5652.0,5666.0,39842.0,387719.0,391538.0
2022-10-17 22:00:00,5666.0,5669.0,5656.0,5667.0,20717.0,391538.0,391612.0
2022-10-18 09:00:00,5652.0,5658.0,5636.0,5639.0,45030.0,391612.0,392093.0
2022-10-18 10:00:00,5639.0,5662.0,5637.0,5657.0,23607.0,392093.0,390609.0
2022-10-18 11:00:00,5657.0,5659.0,5647.0,5652.0,10597.0,390609.0,390010.0
2022-10-18 13:00:00,5652.0,5659.0,5650.0,5650.0,8580.0,390010.0,389816.0
2022-10-18 14:00:00,5650.0,5653.0,5639.0,5641.0,21709.0,389816.0,386527.0
2022-10-18 21:00:00,5633.0,5644.0,5612.0,5616.0,62934.0,386527.0,384512.0
2022-10-18 22:00:00,5616.0,5636.0,5613.0,5632.0,25552.0,384512.0,381005.0
2022-10-19 09:00:00,5636.0,5651.0,5629.0,5648.0,31769.0,381005.0,381264.0
2022-10-19 10:00:00,5648.0,5666.0,5647.0,5656.0,28120.0,381264.0,382691.0
2022-10-19 11:00:00,5656.0,5658.0,5648.0,5650.0,14686.0,382691.0,380394.0
2022-10-19 13:00:00,5650.0,5655.0,5640.0,5643.0,14673.0,380394.0,378627.0
2022-10-19 14:00:00,5643.0,5652.0,5640.0,5646.0,20765.0,378627.0,377541.0
2022-10-19 21:00:00,5633.0,5651.0,5624.0,5645.0,55807.0,377541.0,380833.0
2022-10-19 22:00:00,5645.0,5662.0,5643.0,5658.0,30949.0,380833.0,383263.0
2022-10-20 09:00:00,5659.0,5669.0,5645.0,5654.0,39853.0,383263.0,384061.0
2022-10-20 10:00:00,5654.0,5664.0,5647.0,5660.0,19211.0,384061.0,384847.0
2022-10-20 11:00:00,5660.0,5667.0,5655.0,5661.0,11883.0,384847.0,386865.0
2022-10-20 13:00:00,5662.0,5670.0,5660.0,5664.0,18556.0,386865.0,387578.0
2022-10-20 14:00:00,5664.0,5669.0,5660.0,5667.0,21951.0,387578.0,387150.0
2022-10-20 21:00:00,5646.0,5655.0,5622.0,5639.0,75534.0,387150.0,382957.0
2022-10-20 22:00:00,5639.0,5646.0,5636.0,5641.0,18621.0,382957.0,381467.0
2022-10-21 09:00:00,5638.0,5658.0,5628.0,5653.0,40073.0,381467.0,383017.0
2022-10-21 10:00:00,5653.0,5661.0,5648.0,5655.0,14060.0,383017.0,384653.0
2022-10-21 11:00:00,5655.0,5663.0,5651.0,5655.0,10982.0,384653.0,383495.0
2022-10-21 13:00:00,5653.0,5655.0,5635.0,5637.0,16995.0,383495.0,382192.0
2022-10-21 14:00:00,5637.0,5641.0,5631.0,5640.0,27430.0,382192.0,378112.0
2022-10-21 21:00:00,5649.0,5656.0,5630.0,5652.0,55729.0,378112.0,379525.0
2022-10-21 22:00:00,5652.0,5656.0,5634.0,5635.0,23920.0,379525.0,378273.0
2022-10-24 09:00:00,5636.0,5643.0,5603.0,5603.0,61343.0,378273.0,376806.0
2022-10-24 10:00:00,5603.0,5606.0,5595.0,5598.0,31984.0,376806.0,375090.0
2022-10-24 11:00:00,5598.0,5604.0,5580.0,5582.0,20509.0,375090.0,372985.0
2022-10-24 13:00:00,5580.0,5587.0,5570.0,5575.0,32229.0,372985.0,369304.0
2022-10-24 14:00:00,5575.0,5593.0,5572.0,5580.0,34093.0,369304.0,362809.0
2022-10-24 21:00:00,5577.0,5598.0,5574.0,5581.0,50276.0,362809.0,365078.0
2022-10-24 22:00:00,5581.0,5584.0,5571.0,5580.0,16612.0,365078.0,364581.0
2022-10-25 09:00:00,5574.0,5587.0,5568.0,5586.0,34584.0,364581.0,367295.0
2022-10-25 10:00:00,5586.0,5586.0,5554.0,5560.0,35197.0,367295.0,367712.0
2022-10-25 11:00:00,5560.0,5569.0,5552.0,5562.0,17116.0,367712.0,367116.0
2022-10-25 13:00:00,5563.0,5563.0,5550.0,5554.0,12377.0,367116.0,368046.0
2022-10-25 14:00:00,5554.0,5554.0,5543.0,5549.0,32876.0,368046.0,368283.0
2022-10-25 21:00:00,5547.0,5567.0,5544.0,5565.0,36749.0,368283.0,369781.0
2022-10-25 22:00:00,5565.0,5567.0,5558.0,5559.0,15737.0,369781.0,368775.0
2022-10-26 09:00:00,5557.0,5557.0,5542.0,5542.0,26665.0,368775.0,370192.0
2022-10-26 10:00:00,5542.0,5549.0,5536.0,5539.0,22310.0,370192.0,373514.0
2022-10-26 11:00:00,5539.0,5540.0,5534.0,5536.0,12010.0,373514.0,374998.0
2022-10-26 13:00:00,5536.0,5536.0,5525.0,5527.0,19135.0,374998.0,377755.0
2022-10-26 14:00:00,5527.0,5530.0,5524.0,5528.0,22122.0,377755.0,376862.0
2022-10-26 21:00:00,5528.0,5531.0,5513.0,5521.0,42666.0,376862.0,379565.0
2022-10-26 22:00:00,5521.0,5532.0,5517.0,5525.0,19719.0,379565.0,379556.0
2022-10-27 09:00:00,5524.0,5526.0,5512.0,5512.0,25204.0,379556.0,380997.0
2022-10-27 10:00:00,5512.0,5513.0,5504.0,5509.0,21353.0,380997.0,383892.0
2022-10-27 11:00:00,5509.0,5510.0,5500.0,5500.0,12207.0,383892.0,386605.0
2022-10-27 13:00:00,5501.0,5505.0,5500.0,5501.0,10612.0,386605.0,388477.0
2022-10-27 14:00:00,5501.0,5515.0,5500.0,5511.0,30781.0,388477.0,387813.0
2022-10-27 21:00:00,5515.0,5525.0,5502.0,5507.0,43866.0,387813.0,386314.0
2022-10-27 22:00:00,5507.0,5513.0,5501.0,5507.0,17527.0,386314.0,386262.0
2022-10-28 09:00:00,5505.0,5506.0,5491.0,5492.0,31752.0,386262.0,390327.0
2022-10-28 10:00:00,5492.0,5496.0,5486.0,5486.0,23319.0,390327.0,393527.0
2022-10-28 11:00:00,5486.0,5491.0,5480.0,5483.0,17741.0,393527.0,397493.0
2022-10-28 13:00:00,5483.0,5489.0,5481.0,5483.0,11987.0,397493.0,398506.0
2022-10-28 14:00:00,5483.0,5508.0,5481.0,5506.0,30582.0,398506.0,396821.0
2022-10-28 21:00:00,5501.0,5510.0,5482.0,5493.0,49010.0,396821.0,396525.0
2022-10-28 22:00:00,5493.0,5495.0,5485.0,5490.0,18254.0,396525.0,395495.0
2022-10-31 09:00:00,5497.0,5538.0,5497.0,5511.0,64270.0,395495.0,392252.0
2022-10-31 10:00:00,5511.0,5531.0,5505.0,5526.0,25443.0,392252.0,391535.0
2022-10-31 11:00:00,5526.0,5527.0,5515.0,5520.0,10180.0,391535.0,391037.0
2022-10-31 13:00:00,5520.0,5524.0,5512.0,5518.0,12010.0,391037.0,391987.0
2022-10-31 14:00:00,5518.0,5522.0,5510.0,5511.0,21710.0,391987.0,391069.0
2022-10-31 21:00:00,5530.0,5531.0,5505.0,5521.0,55403.0,391069.0,392802.0
2022-10-31 22:00:00,5521.0,5546.0,5518.0,5543.0,37578.0,392802.0,392419.0
2022-11-01 09:00:00,5545.0,5548.0,5531.0,5539.0,30665.0,392419.0,391703.0
2022-11-01 10:00:00,5539.0,5543.0,5532.0,5533.0,12661.0,391703.0,390914.0
2022-11-01 11:00:00,5533.0,5536.0,5526.0,5529.0,10487.0,390914.0,390097.0
2022-11-01 13:00:00,5528.0,5533.0,5521.0,5525.0,11516.0,390097.0,390840.0
2022-11-01 14:00:00,5525.0,5536.0,5521.0,5532.0,24771.0,390840.0,390849.0
2022-11-01 21:00:00,5554.0,5577.0,5550.0,5570.0,71149.0,390849.0,385727.0
2022-11-01 22:00:00,5570.0,5588.0,5562.0,5584.0,32007.0,385727.0,383957.0
2022-11-02 09:00:00,5584.0,5586.0,5572.0,5578.0,30635.0,383957.0,378980.0
2022-11-02 10:00:00,5578.0,5586.0,5577.0,5582.0,15989.0,378980.0,378899.0
2022-11-02 11:00:00,5582.0,5588.0,5581.0,5584.0,13234.0,378899.0,378730.0
2022-11-02 13:00:00,5585.0,5594.0,5585.0,5591.0,19174.0,378730.0,376632.0
2022-11-02 14:00:00,5591.0,5593.0,5577.0,5582.0,34112.0,376632.0,369552.0
2022-11-02 21:00:00,5571.0,5573.0,5524.0,5525.0,97327.0,369552.0,374376.0
2022-11-02 22:00:00,5525.0,5548.0,5523.0,5543.0,38234.0,374376.0,368314.0
2022-11-03 09:00:00,5552.0,5584.0,5552.0,5574.0,55060.0,368314.0,365162.0
2022-11-03 10:00:00,5574.0,5582.0,5570.0,5577.0,11830.0,365162.0,364313.0
2022-11-03 11:00:00,5577.0,5581.0,5573.0,5579.0,7917.0,364313.0,364391.0
2022-11-03 13:00:00,5579.0,5583.0,5575.0,5578.0,9151.0,364391.0,364495.0
2022-11-03 14:00:00,5578.0,5584.0,5568.0,5581.0,25750.0,364495.0,359733.0
2022-11-03 21:00:00,5567.0,5571.0,5555.0,5559.0,52273.0,359733.0,358508.0
2022-11-03 22:00:00,5559.0,5580.0,5557.0,5573.0,30322.0,358508.0,360265.0
2022-11-04 09:00:00,5584.0,5593.0,5577.0,5592.0,33853.0,360265.0,364939.0
2022-11-04 10:00:00,5592.0,5595.0,5585.0,5591.0,18758.0,364939.0,366206.0
2022-11-04 11:00:00,5591.0,5606.0,5591.0,5598.0,21425.0,366206.0,367995.0
2022-11-04 13:00:00,5597.0,5607.0,5594.0,5604.0,20576.0,367995.0,367729.0
2022-11-04 14:00:00,5604.0,5605.0,5595.0,5602.0,21987.0,367729.0,364009.0
2022-11-04 21:00:00,5617.0,5618.0,5597.0,5604.0,56484.0,364009.0,363034.0
2022-11-04 22:00:00,5604.0,5607.0,5597.0,5601.0,15600.0,363034.0,361689.0
2022-11-07 09:00:00,5598.0,5603.0,5562.0,5586.0,64666.0,361689.0,357277.0
2022-11-07 10:00:00,5586.0,5595.0,5575.0,5595.0,18666.0,357277.0,358012.0
2022-11-07 11:00:00,5595.0,5596.0,5587.0,5591.0,8946.0,358012.0,357587.0
2022-11-07 13:00:00,5592.0,5599.0,5590.0,5595.0,10505.0,357587.0,358921.0
2022-11-07 14:00:00,5595.0,5603.0,5589.0,5597.0,19559.0,358921.0,357108.0
2022-11-07 21:00:00,5598.0,5608.0,5586.0,5594.0,39420.0,357108.0,359329.0
2022-11-07 22:00:00,5594.0,5605.0,5594.0,5602.0,16392.0,359329.0,359226.0
2022-11-08 09:00:00,5602.0,5606.0,5587.0,5596.0,38081.0,359226.0,359039.0
2022-11-08 10:00:00,5596.0,5598.0,5589.0,5597.0,12776.0,359039.0,357941.0
2022-11-08 11:00:00,5597.0,5597.0,5576.0,5581.0,20432.0,357941.0,357486.0
2022-11-08 13:00:00,5582.0,5582.0,5564.0,5571.0,22427.0,357486.0,358196.0
2022-11-08 14:00:00,5571.0,5573.0,5556.0,5562.0,29508.0,358196.0,355494.0
2022-11-08 21:00:00,5578.0,5594.0,5571.0,5591.0,47315.0,355494.0,356523.0
2022-11-08 22:00:00,5591.0,5598.0,5589.0,5591.0,17529.0,356523.0,356944.0
2022-11-09 09:00:00,5598.0,5622.0,5598.0,5619.0,54287.0,356944.0,361483.0
2022-11-09 10:00:00,5619.0,5630.0,5610.0,5629.0,29626.0,361483.0,363518.0
2022-11-09 11:00:00,5629.0,5643.0,5629.0,5642.0,28537.0,363518.0,368067.0
2022-11-09 13:00:00,5639.0,5644.0,5635.0,5643.0,21860.0,368067.0,370502.0
2022-11-09 14:00:00,5643.0,5660.0,5618.0,5623.0,81695.0,370502.0,366243.0
2022-11-09 21:00:00,5610.0,5631.0,5605.0,5630.0,66058.0,366243.0,361309.0
2022-11-09 22:00:00,5630.0,5636.0,5623.0,5627.0,22641.0,361309.0,359409.0
2022-11-10 09:00:00,5636.0,5652.0,5634.0,5652.0,36320.0,359409.0,361701.0
2022-11-10 10:00:00,5652.0,5664.0,5651.0,5661.0,34031.0,361701.0,364270.0
2022-11-10 11:00:00,5661.0,5667.0,5660.0,5666.0,18925.0,364270.0,365431.0
2022-11-10 13:00:00,5660.0,5667.0,5646.0,5648.0,18941.0,365431.0,362864.0
2022-11-10 14:00:00,5648.0,5661.0,5643.0,5647.0,31051.0,362864.0,358997.0
2022-11-10 21:00:00,5650.0,5679.0,5644.0,5669.0,81042.0,358997.0,363498.0
2022-11-10 22:00:00,5669.0,5670.0,5653.0,5664.0,32832.0,363498.0,362070.0
2022-11-11 09:00:00,5675.0,5697.0,5675.0,5696.0,59209.0,362070.0,369923.0
2022-11-11 10:00:00,5696.0,5712.0,5694.0,5709.0,46101.0,369923.0,370465.0
2022-11-11 11:00:00,5709.0,5718.0,5707.0,5710.0,19951.0,370465.0,371404.0
2022-11-11 13:00:00,5710.0,5719.0,5703.0,5718.0,22992.0,371404.0,371984.0
2022-11-11 14:00:00,5718.0,5719.0,5700.0,5714.0,47342.0,371984.0,363553.0
2022-11-11 21:00:00,5720.0,5750.0,5713.0,5731.0,91634.0,363553.0,366045.0
2022-11-11 22:00:00,5731.0,5744.0,5730.0,5732.0,39121.0,366045.0,363699.0
2022-11-14 09:00:00,5729.0,5729.0,5710.0,5717.0,45414.0,363699.0,363140.0
2022-11-14 10:00:00,5717.0,5728.0,5713.0,5723.0,21757.0,363140.0,365348.0
2022-11-14 11:00:00,5723.0,5734.0,5720.0,5724.0,21769.0,365348.0,367357.0
2022-11-14 13:00:00,5725.0,5725.0,5713.0,5722.0,20263.0,367357.0,367565.0
2022-11-14 14:00:00,5722.0,5724.0,5704.0,5708.0,33725.0,367565.0,367285.0
2022-11-14 21:00:00,5711.0,5739.0,5708.0,5737.0,61368.0,367285.0,373041.0
2022-11-14 22:00:00,5737.0,5742.0,5730.0,5735.0,24174.0,373041.0,371925.0
2022-11-15 09:00:00,5730.0,5745.0,5726.0,5741.0,38602.0,371925.0,373358.0
2022-11-15 10:00:00,5741.0,5749.0,5740.0,5747.0,18627.0,373358.0,374875.0
2022-11-15 11:00:00,5747.0,5747.0,5737.0,5744.0,8066.0,374875.0,374225.0
2022-11-15 13:00:00,5744.0,5748.0,5733.0,5734.0,14605.0,374225.0,374035.0
2022-11-15 14:00:00,5734.0,5739.0,5728.0,5734.0,17827.0,374035.0,371571.0
2022-11-15 21:00:00,5737.0,5738.0,5709.0,5719.0,69067.0,371571.0,368099.0
2022-11-15 22:00:00,5719.0,5740.0,5716.0,5736.0,30544.0,368099.0,367765.0
2022-11-16 09:00:00,5750.0,5773.0,5750.0,5751.0,59654.0,367765.0,370129.0
2022-11-16 10:00:00,5751.0,5770.0,5746.0,5767.0,37327.0,370129.0,370414.0
2022-11-16 11:00:00,5767.0,5771.0,5764.0,5769.0,13641.0,370414.0,370579.0
2022-11-16 13:00:00,5769.0,5776.0,5767.0,5774.0,19756.0,370579.0,370332.0
2022-11-16 14:00:00,5774.0,5774.0,5757.0,5760.0,24732.0,370332.0,365383.0
2022-11-16 21:00:00,5762.0,5774.0,5753.0,5764.0,60865.0,365383.0,367627.0
2022-11-16 22:00:00,5764.0,5769.0,5755.0,5766.0,33645.0,367627.0,367515.0
2022-11-17 09:00:00,5763.0,5763.0,5747.0,5758.0,37649.0,367515.0,368940.0
2022-11-17 10:00:00,5758.0,5765.0,5751.0,5762.0,20402.0,368940.0,370987.0
2022-11-17 11:00:00,5762.0,5771.0,5761.0,5768.0,20873.0,370987.0,372779.0
2022-11-17 13:00:00,5770.0,5771.0,5760.0,5761.0,11847.0,372779.0,373178.0
2022-11-17 14:00:00,5761.0,5767.0,5755.0,5761.0,20248.0,373178.0,371896.0
2022-11-17 21:00:00,5719.0,5727.0,5688.0,5691.0,125519.0,371896.0,356063.0
2022-11-17 22:00:00,5691.0,5694.0,5675.0,5685.0,46578.0,356063.0,349191.0
2022-11-18 09:00:00,5676.0,5685.0,5664.0,5668.0,53997.0,349191.0,343629.0
2022-11-18 10:00:00,5668.0,5677.0,5666.0,5673.0,19389.0,343629.0,338301.0
2022-11-18 11:00:00,5673.0,5675.0,5660.0,5663.0,16866.0,338301.0,334001.0
2022-11-18 13:00:00,5664.0,5674.0,5661.0,5673.0,13841.0,334001.0,333618.0
2022-11-18 14:00:00,5673.0,5679.0,5664.0,5672.0,29674.0,333618.0,329264.0
2022-11-18 21:00:00,5683.0,5689.0,5670.0,5671.0,68318.0,329264.0,327505.0
2022-11-18 22:00:00,5671.0,5696.0,5666.0,5688.0,48936.0,327505.0,325212.0
2022-11-21 09:00:00,5682.0,5693.0,5673.0,5685.0,47181.0,325212.0,323720.0
2022-11-21 10:00:00,5685.0,5690.0,5672.0,5680.0,18683.0,323720.0,321055.0
2022-11-21 11:00:00,5680.0,5683.0,5672.0,5674.0,13050.0,321055.0,319621.0
2022-11-21 13:00:00,5673.0,5673.0,5664.0,5673.0,16720.0,319621.0,318706.0
2022-11-21 14:00:00,5673.0,5681.0,5665.0,5666.0,23688.0,318706.0,313192.0
2022-11-21 21:00:00,5653.0,5660.0,5630.0,5645.0,82114.0,313192.0,308158.0
2022-11-21 22:00:00,5645.0,5647.0,5632.0,5637.0,25140.0,308158.0,305848.0
2022-11-22 09:00:00,5643.0,5650.0,5636.0,5638.0,25663.0,305848.0,304211.0
2022-11-22 10:00:00,5638.0,5641.0,5631.0,5639.0,16859.0,304211.0,302087.0
2022-11-22 11:00:00,5639.0,5640.0,5634.0,5638.0,5671.0,302087.0,301038.0
2022-11-22 13:00:00,5638.0,5641.0,5632.0,5635.0,11564.0,301038.0,300028.0
2022-11-22 14:00:00,5635.0,5645.0,5634.0,5636.0,17562.0,300028.0,297217.0
2022-11-22 21:00:00,5637.0,5675.0,5637.0,5674.0,69909.0,297217.0,291190.0
2022-11-22 22:00:00,5674.0,5679.0,5666.0,5674.0,22876.0,291190.0,289069.0
2022-11-23 09:00:00,5663.0,5673.0,5661.0,5665.0,20470.0,289069.0,289301.0
2022-11-23 10:00:00,5665.0,5672.0,5662.0,5672.0,11595.0,289301.0,288336.0
2022-11-23 11:00:00,5672.0,5675.0,5668.0,5670.0,8910.0,288336.0,288681.0
2022-11-23 13:00:00,5670.0,5671.0,5656.0,5662.0,16613.0,288681.0,286461.0
2022-11-23 14:00:00,5662.0,5665.0,5658.0,5661.0,13702.0,286461.0,285653.0
2022-11-23 21:00:00,5639.0,5641.0,5622.0,5627.0,56866.0,285653.0,281082.0
2022-11-23 22:00:00,5627.0,5636.0,5625.0,5629.0,19902.0,281082.0,278099.0
2022-11-24 09:00:00,5631.0,5646.0,5626.0,5638.0,26955.0,278099.0,278830.0
2022-11-24 10:00:00,5638.0,5640.0,5625.0,5626.0,15612.0,278830.0,278042.0
2022-11-24 11:00:00,5626.0,5628.0,5619.0,5622.0,13913.0,278042.0,276883.0
2022-11-24 13:00:00,5622.0,5628.0,5617.0,5622.0,12431.0,276883.0,276223.0
2022-11-24 14:00:00,5622.0,5623.0,5615.0,5616.0,21118.0,276223.0,272021.0
2022-11-24 21:00:00,5620.0,5655.0,5618.0,5654.0,58722.0,272021.0,274341.0
2022-11-24 22:00:00,5654.0,5657.0,5646.0,5647.0,20923.0,274341.0,274434.0
2022-11-25 09:00:00,5650.0,5653.0,5641.0,5647.0,15991.0,274434.0,273524.0
2022-11-25 10:00:00,5647.0,5652.0,5634.0,5636.0,12340.0,273524.0,271494.0
2022-11-25 11:00:00,5636.0,5639.0,5624.0,5628.0,15028.0,271494.0,270086.0
2022-11-25 13:00:00,5629.0,5630.0,5624.0,5626.0,6436.0,270086.0,270115.0
2022-11-25 14:00:00,5626.0,5632.0,5620.0,5628.0,21294.0,270115.0,265889.0
2022-11-25 21:00:00,5608.0,5636.0,5582.0,5635.0,67072.0,265889.0,411953.0
2022-11-25 22:00:00,5635.0,5635.0,5611.0,5613.0,24339.0,411953.0,411391.0
2022-11-28 09:00:00,5600.0,5600.0,5537.0,5538.0,100605.0,411391.0,412190.0
2022-11-28 10:00:00,5538.0,5541.0,5526.0,5526.0,48380.0,412190.0,414485.0
2022-11-28 11:00:00,5526.0,5527.0,5516.0,5518.0,26070.0,414485.0,418290.0
2022-11-28 13:00:00,5519.0,5530.0,5515.0,5529.0,17855.0,418290.0,418329.0
2022-11-28 14:00:00,5529.0,5538.0,5522.0,5528.0,32846.0,418329.0,420565.0
2022-11-28 21:00:00,5525.0,5530.0,5496.0,5523.0,84955.0,420565.0,426453.0
2022-11-28 22:00:00,5523.0,5532.0,5520.0,5525.0,23741.0,426453.0,428429.0
2022-11-29 09:00:00,5536.0,5550.0,5534.0,5538.0,50084.0,428429.0,432478.0
2022-11-29 10:00:00,5538.0,5553.0,5524.0,5529.0,56392.0,432478.0,433320.0
2022-11-29 11:00:00,5529.0,5535.0,5525.0,5533.0,15635.0,433320.0,433674.0
2022-11-29 13:00:00,5535.0,5545.0,5535.0,5537.0,21955.0,433674.0,434301.0
2022-11-29 14:00:00,5537.0,5548.0,5536.0,5536.0,23701.0,434301.0,434295.0
2022-11-29 21:00:00,5514.0,5529.0,5510.0,5526.0,72247.0,434295.0,440738.0
2022-11-29 22:00:00,5526.0,5535.0,5522.0,5528.0,28999.0,440738.0,441059.0
2022-11-30 09:00:00,5540.0,5549.0,5528.0,5530.0,39403.0,441059.0,441017.0
2022-11-30 10:00:00,5530.0,5533.0,5514.0,5516.0,26795.0,441017.0,444958.0
2022-11-30 11:00:00,5516.0,5518.0,5507.0,5509.0,13652.0,444958.0,446888.0
2022-11-30 13:00:00,5509.0,5513.0,5506.0,5509.0,14504.0,446888.0,448992.0
2022-11-30 14:00:00,5509.0,5526.0,5509.0,5524.0,31228.0,448992.0,449817.0
2022-11-30 21:00:00,5545.0,5573.0,5524.0,5572.0,99121.0,449817.0,452565.0
2022-11-30 22:00:00,5572.0,5576.0,5553.0,5558.0,35897.0,452565.0,449686.0
2022-12-01 09:00:00,5559.0,5561.0,5546.0,5549.0,37590.0,449686.0,448764.0
2022-12-01 10:00:00,5549.0,5549.0,5535.0,5540.0,32046.0,448764.0,449632.0
2022-12-01 11:00:00,5540.0,5542.0,5536.0,5538.0,6308.0,449632.0,449574.0
2022-12-01 13:00:00,5537.0,5539.0,5533.0,5538.0,14367.0,449574.0,450510.0
2022-12-01 14:00:00,5538.0,5538.0,5526.0,5527.0,30740.0,450510.0,454018.0
2022-12-01 21:00:00,5526.0,5532.0,5508.0,5513.0,65784.0,454018.0,459617.0
2022-12-01 22:00:00,5513.0,5516.0,5502.0,5506.0,52171.0,459617.0,461322.0
2022-12-02 09:00:00,5510.0,5517.0,5507.0,5508.0,34535.0,461322.0,460858.0
2022-12-02 10:00:00,5508.0,5522.0,5507.0,5513.0,28684.0,460858.0,460740.0
2022-12-02 11:00:00,5513.0,5514.0,5510.0,5513.0,7989.0,460740.0,460733.0
2022-12-02 13:00:00,5513.0,5521.0,5513.0,5519.0,14793.0,460733.0,459999.0
2022-12-02 14:00:00,5519.0,5533.0,5516.0,5520.0,44599.0,459999.0,457444.0
2022-12-02 21:00:00,5515.0,5534.0,5508.0,5517.0,101111.0,457444.0,448260.0
2022-12-02 22:00:00,5517.0,5530.0,5516.0,5525.0,27972.0,448260.0,448536.0
2022-12-05 09:00:00,5527.0,5549.0,5525.0,5533.0,43131.0,448536.0,448661.0
2022-12-05 10:00:00,5533.0,5538.0,5526.0,5532.0,18704.0,448661.0,449430.0
2022-12-05 11:00:00,5532.0,5533.0,5517.0,5524.0,21916.0,449430.0,450812.0
2022-12-05 13:00:00,5524.0,5529.0,5519.0,5522.0,15638.0,450812.0,450825.0
2022-12-05 14:00:00,5522.0,5543.0,5520.0,5542.0,36955.0,450825.0,449516.0
2022-12-05 21:00:00,5561.0,5578.0,5556.0,5568.0,83920.0,449516.0,444730.0
2022-12-05 22:00:00,5568.0,5570.0,5553.0,5555.0,43387.0,444730.0,442472.0
2022-12-06 09:00:00,5545.0,5545.0,5528.0,5537.0,43461.0,442472.0,445320.0
2022-12-06 10:00:00,5537.0,5541.0,5531.0,5537.0,19545.0,445320.0,446770.0
2022-12-06 11:00:00,5537.0,5541.0,5535.0,5535.0,8455.0,446770.0,446715.0
2022-12-06 13:00:00,5535.0,5536.0,5523.0,5530.0,21902.0,446715.0,449596.0
2022-12-06 14:00:00,5530.0,5538.0,5525.0,5534.0,25062.0,449596.0,448803.0
2022-12-06 21:00:00,5538.0,5547.0,5521.0,5532.0,66341.0,448803.0,452816.0
2022-12-06 22:00:00,5532.0,5554.0,5527.0,5548.0,50352.0,452816.0,449080.0
2022-12-07 09:00:00,5532.0,5543.0,5525.0,5529.0,39724.0,449080.0,450904.0
2022-12-07 10:00:00,5529.0,5530.0,5513.0,5522.0,42796.0,450904.0,455145.0
2022-12-07 11:00:00,5522.0,5522.0,5515.0,5521.0,15501.0,455145.0,455523.0
2022-12-07 13:00:00,5521.0,5526.0,5517.0,5519.0,14566.0,455523.0,456819.0
2022-12-07 14:00:00,5519.0,5520.0,5508.0,5510.0,40828.0,456819.0,461269.0
2022-12-07 21:00:00,5510.0,5525.0,5505.0,5517.0,56012.0,461269.0,463326.0
2022-12-07 22:00:00,5517.0,5532.0,5513.0,5529.0,40592.0,463326.0,462539.0
2022-12-08 09:00:00,5530.0,5542.0,5523.0,5536.0,40446.0,462539.0,459991.0
2022-12-08 10:00:00,5536.0,5540.0,5522.0,5536.0,24859.0,459991.0,459060.0
2022-12-08 11:00:00,5536.0,5539.0,5527.0,5529.0,13047.0,459060.0,459572.0
2022-12-08 13:00:00,5528.0,5530.0,5523.0,5525.0,12910.0,459572.0,458909.0
2022-12-08 14:00:00,5525.0,5526.0,5515.0,5524.0,37299.0,458909.0,459241.0
2022-12-08 21:00:00,5540.0,5554.0,5533.0,5549.0,82560.0,459241.0,459945.0
2022-12-08 22:00:00,5549.0,5553.0,5540.0,5545.0,43293.0,459945.0,456312.0
2022-12-09 09:00:00,5540.0,5580.0,5538.0,5578.0,69990.0,456312.0,454838.0
2022-12-09 10:00:00,5578.0,5599.0,5569.0,5595.0,67318.0,454838.0,446405.0
2022-12-09 11:00:00,5595.0,5621.0,5595.0,5615.0,61874.0,446405.0,440905.0
2022-12-09 13:00:00,5615.0,5631.0,5613.0,5618.0,39332.0,440905.0,434421.0
2022-12-09 14:00:00,5618.0,5643.0,5618.0,5640.0,72526.0,434421.0,428989.0
2022-12-09 21:00:00,5640.0,5655.0,5623.0,5651.0,92596.0,428989.0,420284.0
2022-12-09 22:00:00,5651.0,5660.0,5644.0,5660.0,43492.0,420284.0,418759.0
2022-12-12 09:00:00,5655.0,5667.0,5636.0,5662.0,73563.0,418759.0,413316.0
2022-12-12 10:00:00,5662.0,5681.0,5660.0,5676.0,38592.0,413316.0,411973.0
2022-12-12 11:00:00,5676.0,5690.0,5671.0,5676.0,29283.0,411973.0,412629.0
2022-12-12 13:00:00,5674.0,5684.0,5673.0,5678.0,14507.0,412629.0,412282.0
2022-12-12 14:00:00,5678.0,5682.0,5663.0,5673.0,38306.0,412282.0,409505.0
2022-12-12 21:00:00,5670.0,5670.0,5652.0,5658.0,77673.0,409505.0,406682.0
2022-12-12 22:00:00,5658.0,5669.0,5652.0,5665.0,26316.0,406682.0,406619.0
2022-12-13 09:00:00,5665.0,5680.0,5657.0,5677.0,35492.0,406619.0,409502.0
2022-12-13 10:00:00,5677.0,5692.0,5677.0,5688.0,35742.0,409502.0,410793.0
2022-12-13 11:00:00,5688.0,5695.0,5684.0,5693.0,15642.0,410793.0,411165.0
2022-12-13 13:00:00,5693.0,5697.0,5690.0,5692.0,18597.0,411165.0,412119.0
2022-12-13 14:00:00,5692.0,5695.0,5681.0,5692.0,37025.0,412119.0,410745.0
2022-12-13 21:00:00,5694.0,5699.0,5680.0,5697.0,82700.0,410745.0,411939.0
2022-12-13 22:00:00,5697.0,5705.0,5689.0,5698.0,38320.0,411939.0,412462.0
2022-12-14 09:00:00,5703.0,5715.0,5702.0,5710.0,43124.0,412462.0,417667.0
2022-12-14 10:00:00,5710.0,5730.0,5706.0,5728.0,40947.0,417667.0,426180.0
2022-12-14 11:00:00,5728.0,5736.0,5725.0,5732.0,19770.0,426180.0,429707.0
2022-12-14 13:00:00,5735.0,5735.0,5697.0,5701.0,46898.0,429707.0,429513.0
2022-12-14 14:00:00,5701.0,5704.0,5688.0,5696.0,55700.0,429513.0,430514.0
2022-12-14 21:00:00,5704.0,5740.0,5703.0,5713.0,69620.0,430514.0,431962.0
2022-12-14 22:00:00,5713.0,5719.0,5707.0,5715.0,22001.0,431962.0,431525.0
2022-12-15 09:00:00,5733.0,5756.0,5722.0,5735.0,68881.0,431525.0,434730.0
2022-12-15 10:00:00,5735.0,5748.0,5730.0,5742.0,26715.0,434730.0,440609.0
2022-12-15 11:00:00,5742.0,5746.0,5732.0,5740.0,16309.0,440609.0,441322.0
2022-12-15 13:00:00,5739.0,5747.0,5736.0,5746.0,12621.0,441322.0,443621.0
2022-12-15 14:00:00,5746.0,5749.0,5735.0,5735.0,27163.0,443621.0,443451.0
2022-12-15 21:00:00,5746.0,5775.0,5738.0,5770.0,93529.0,443451.0,447865.0
2022-12-15 22:00:00,5770.0,5771.0,5745.0,5760.0,47981.0,447865.0,446548.0
2022-12-16 09:00:00,5730.0,5730.0,5682.0,5720.0,95061.0,446548.0,444469.0
2022-12-16 10:00:00,5720.0,5730.0,5715.0,5724.0,22110.0,444469.0,446972.0
2022-12-16 11:00:00,5724.0,5724.0,5711.0,5714.0,18280.0,446972.0,448019.0
2022-12-16 13:00:00,5712.0,5722.0,5705.0,5719.0,19344.0,448019.0,449266.0
2022-12-16 14:00:00,5719.0,5726.0,5713.0,5719.0,28464.0,449266.0,450282.0
2022-12-16 21:00:00,5718.0,5745.0,5701.0,5703.0,71936.0,450282.0,448885.0
2022-12-16 22:00:00,5703.0,5739.0,5696.0,5734.0,50594.0,448885.0,448068.0
2022-12-19 09:00:00,5727.0,5744.0,5721.0,5743.0,37628.0,448068.0,451596.0
2022-12-19 10:00:00,5743.0,5753.0,5712.0,5715.0,48000.0,451596.0,451732.0
2022-12-19 11:00:00,5715.0,5716.0,5693.0,5705.0,30311.0,451732.0,448275.0
2022-12-19 13:00:00,5703.0,5706.0,5698.0,5704.0,12363.0,448275.0,449144.0
2022-12-19 14:00:00,5704.0,5706.0,5691.0,5698.0,28650.0,449144.0,448703.0
2022-12-19 21:00:00,5724.0,5725.0,5699.0,5706.0,60888.0,448703.0,447320.0
2022-12-19 22:00:00,5706.0,5712.0,5684.0,5693.0,46625.0,447320.0,446399.0
2022-12-20 09:00:00,5692.0,5728.0,5691.0,5722.0,45346.0,446399.0,445529.0
2022-12-20 10:00:00,5722.0,5728.0,5712.0,5727.0,22713.0,445529.0,446521.0
2022-12-20 11:00:00,5727.0,5734.0,5723.0,5729.0,16984.0,446521.0,448695.0
2022-12-20 13:00:00,5730.0,5731.0,5720.0,5728.0,18780.0,448695.0,449795.0
2022-12-20 14:00:00,5728.0,5733.0,5720.0,5720.0,26881.0,449795.0,447392.0
2022-12-20 21:00:00,5725.0,5745.0,5721.0,5737.0,58476.0,447392.0,450160.0
2022-12-20 22:00:00,5737.0,5754.0,5736.0,5747.0,35149.0,450160.0,452025.0
2022-12-21 09:00:00,5747.0,5759.0,5740.0,5750.0,46406.0,452025.0,454734.0
2022-12-21 10:00:00,5750.0,5760.0,5750.0,5754.0,20522.0,454734.0,456462.0
2022-12-21 11:00:00,5754.0,5757.0,5746.0,5757.0,15650.0,456462.0,456089.0
2022-12-21 13:00:00,5750.0,5757.0,5746.0,5754.0,11359.0,456089.0,457847.0
2022-12-21 14:00:00,5754.0,5762.0,5751.0,5760.0,27874.0,457847.0,459274.0
2022-12-21 21:00:00,5755.0,5757.0,5730.0,5746.0,67772.0,459274.0,458941.0
2022-12-21 22:00:00,5746.0,5748.0,5734.0,5742.0,18446.0,458941.0,458205.0
2022-12-22 09:00:00,5747.0,5762.0,5742.0,5760.0,31794.0,458205.0,461063.0
2022-12-22 10:00:00,5760.0,5761.0,5749.0,5752.0,17133.0,461063.0,460475.0
2022-12-22 11:00:00,5752.0,5756.0,5743.0,5746.0,19253.0,460475.0,460962.0
2022-12-22 13:00:00,5744.0,5753.0,5742.0,5752.0,15298.0,460962.0,460953.0
2022-12-22 14:00:00,5752.0,5755.0,5736.0,5753.0,33119.0,460953.0,459435.0
2022-12-22 21:00:00,5753.0,5760.0,5709.0,5710.0,84565.0,459435.0,460140.0
2022-12-22 22:00:00,5710.0,5726.0,5704.0,5725.0,47292.0,460140.0,456418.0
2022-12-23 09:00:00,5725.0,5758.0,5725.0,5748.0,67267.0,456418.0,462997.0
2022-12-23 10:00:00,5748.0,5751.0,5740.0,5746.0,13709.0,462997.0,463239.0
2022-12-23 11:00:00,5746.0,5768.0,5745.0,5763.0,26471.0,463239.0,468292.0
2022-12-23 13:00:00,5763.0,5769.0,5760.0,5764.0,19478.0,468292.0,472166.0
2022-12-23 14:00:00,5764.0,5785.0,5755.0,5777.0,57979.0,472166.0,477187.0
2022-12-23 21:00:00,5773.0,5778.0,5758.0,5766.0,50130.0,477187.0,478679.0
2022-12-23 22:00:00,5766.0,5800.0,5766.0,5787.0,57694.0,478679.0,481388.0
2022-12-26 09:00:00,5788.0,5799.0,5754.0,5771.0,62347.0,481388.0,476109.0
2022-12-26 10:00:00,5771.0,5781.0,5763.0,5776.0,22572.0,476109.0,475925.0
2022-12-26 11:00:00,5776.0,5777.0,5762.0,5772.0,12981.0,475925.0,474892.0
2022-12-26 13:00:00,5773.0,5773.0,5735.0,5748.0,46754.0,474892.0,470489.0
2022-12-26 14:00:00,5748.0,5767.0,5744.0,5766.0,32683.0,470489.0,470229.0
2022-12-26 21:00:00,5768.0,5815.0,5765.0,5798.0,98091.0,470229.0,485999.0
2022-12-26 22:00:00,5798.0,5807.0,5797.0,5805.0,17241.0,485999.0,484407.0
2022-12-27 09:00:00,5808.0,5828.0,5802.0,5825.0,53278.0,484407.0,488352.0
2022-12-27 10:00:00,5825.0,5831.0,5811.0,5827.0,35890.0,488352.0,486461.0
2022-12-27 11:00:00,5827.0,5827.0,5814.0,5826.0,18853.0,486461.0,485712.0
2022-12-27 13:00:00,5824.0,5844.0,5824.0,5842.0,30369.0,485712.0,489595.0
2022-12-27 14:00:00,5842.0,5844.0,5819.0,5826.0,40238.0,489595.0,483965.0
2022-12-27 21:00:00,5792.0,5805.0,5768.0,5784.0,95247.0,483965.0,479413.0
2022-12-27 22:00:00,5784.0,5786.0,5759.0,5768.0,33668.0,479413.0,476356.0
2022-12-28 09:00:00,5758.0,5758.0,5725.0,5730.0,71559.0,476356.0,468731.0
2022-12-28 10:00:00,5730.0,5735.0,5722.0,5726.0,34268.0,468731.0,465457.0
2022-12-28 11:00:00,5726.0,5740.0,5724.0,5729.0,24840.0,465457.0,463033.0
2022-12-28 13:00:00,5731.0,5737.0,5726.0,5731.0,18651.0,463033.0,462167.0
2022-12-28 14:00:00,5731.0,5738.0,5728.0,5731.0,35784.0,462167.0,455921.0
2022-12-28 21:00:00,5737.0,5769.0,5735.0,5751.0,70338.0,455921.0,458410.0
2022-12-28 22:00:00,5751.0,5758.0,5743.0,5748.0,23663.0,458410.0,455992.0
2022-12-29 09:00:00,5748.0,5751.0,5737.0,5742.0,26236.0,455992.0,456303.0
2022-12-29 10:00:00,5742.0,5752.0,5738.0,5750.0,15652.0,456303.0,456044.0
2022-12-29 11:00:00,5750.0,5765.0,5749.0,5762.0,11960.0,456044.0,456112.0
2022-12-29 13:00:00,5763.0,5780.0,5761.0,5773.0,28231.0,456112.0,459454.0
2022-12-29 14:00:00,5773.0,5777.0,5767.0,5773.0,21153.0,459454.0,459105.0
2022-12-29 21:00:00,5773.0,5784.0,5762.0,5768.0,47146.0,459105.0,457664.0
2022-12-29 22:00:00,5768.0,5782.0,5763.0,5781.0,22282.0,457664.0,455804.0
2022-12-30 09:00:00,5780.0,5792.0,5777.0,5786.0,28891.0,455804.0,456810.0
2022-12-30 10:00:00,5786.0,5789.0,5767.0,5782.0,17534.0,456810.0,455774.0
2022-12-30 11:00:00,5782.0,5793.0,5778.0,5792.0,10350.0,455774.0,455989.0
2022-12-30 13:00:00,5793.0,5797.0,5789.0,5794.0,13578.0,455989.0,455666.0
2022-12-30 14:00:00,5794.0,5800.0,5783.0,5783.0,33278.0,455666.0,453102.0
2023-01-03 09:00:00,5755.0,5790.0,5750.0,5789.0,61827.0,453102.0,454055.0
2023-01-03 10:00:00,5789.0,5813.0,5786.0,5803.0,42726.0,454055.0,459937.0
2023-01-03 11:00:00,5803.0,5804.0,5795.0,5797.0,11133.0,459937.0,460771.0
2023-01-03 13:00:00,5798.0,5802.0,5791.0,5801.0,11760.0,460771.0,460416.0
2023-01-03 14:00:00,5801.0,5806.0,5769.0,5784.0,49205.0,460416.0,460058.0
2023-01-03 21:00:00,5767.0,5770.0,5746.0,5748.0,61913.0,460058.0,455466.0
2023-01-03 22:00:00,5748.0,5748.0,5730.0,5735.0,37908.0,455466.0,449997.0
2023-01-04 09:00:00,5729.0,5729.0,5710.0,5718.0,58620.0,449997.0,443817.0
2023-01-04 10:00:00,5718.0,5720.0,5694.0,5695.0,48246.0,443817.0,434409.0
2023-01-04 11:00:00,5695.0,5695.0,5688.0,5693.0,17614.0,434409.0,432370.0
2023-01-04 13:00:00,5691.0,5701.0,5690.0,5693.0,28206.0,432370.0,427578.0
2023-01-04 14:00:00,5693.0,5700.0,5687.0,5698.0,33589.0,427578.0,422517.0
2023-01-04 21:00:00,5710.0,5711.0,5678.0,5680.0,59483.0,422517.0,418958.0
2023-01-04 22:00:00,5680.0,5690.0,5671.0,5672.0,28353.0,418958.0,415962.0
2023-01-05 09:00:00,5671.0,5680.0,5659.0,5659.0,46897.0,415962.0,414959.0
2023-01-05 10:00:00,5659.0,5663.0,5652.0,5661.0,31001.0,414959.0,411753.0
2023-01-05 11:00:00,5661.0,5661.0,5652.0,5654.0,12171.0,411753.0,410903.0
2023-01-05 13:00:00,5654.0,5668.0,5653.0,5668.0,18110.0,410903.0,410345.0
2023-01-05 14:00:00,5668.0,5677.0,5664.0,5674.0,33868.0,410345.0,407994.0
2023-01-05 21:00:00,5675.0,5681.0,5662.0,5662.0,40169.0,407994.0,407511.0
2023-01-05 22:00:00,5662.0,5675.0,5660.0,5666.0,26962.0,407511.0,406617.0
2023-01-06 09:00:00,5663.0,5670.0,5657.0,5665.0,30357.0,406617.0,405601.0
2023-01-06 10:00:00,5665.0,5669.0,5654.0,5657.0,21802.0,405601.0,406476.0
2023-01-06 11:00:00,5657.0,5666.0,5654.0,5665.0,11670.0,406476.0,407038.0
2023-01-06 13:00:00,5664.0,5665.0,5660.0,5663.0,9281.0,407038.0,407516.0
2023-01-06 14:00:00,5663.0,5675.0,5663.0,5667.0,29635.0,407516.0,406934.0
2023-01-06 21:00:00,5656.0,5675.0,5648.0,5671.0,56544.0,406934.0,407540.0
2023-01-06 22:00:00,5671.0,5677.0,5661.0,5665.0,22808.0,407540.0,407177.0
2023-01-09 09:00:00,5655.0,5665.0,5645.0,5655.0,34822.0,407177.0,407412.0
2023-01-09 10:00:00,5655.0,5664.0,5654.0,5661.0,13839.0,407412.0,406659.0
2023-01-09 11:00:00,5661.0,5662.0,5650.0,5650.0,10032.0,406659.0,405711.0
2023-01-09 13:00:00,5650.0,5660.0,5650.0,5657.0,8326.0,405711.0,405032.0
2023-01-09 14:00:00,5657.0,5669.0,5657.0,5667.0,20728.0,405032.0,404537.0
2023-01-09 21:00:00,5670.0,5682.0,5656.0,5657.0,41987.0,404537.0,407895.0
2023-01-09 22:00:00,5657.0,5661.0,5653.0,5654.0,16884.0,407895.0,406562.0
2023-01-10 09:00:00,5655.0,5669.0,5643.0,5648.0,47980.0,406562.0,405748.0
2023-01-10 10:00:00,5648.0,5649.0,5638.0,5639.0,19966.0,405748.0,406394.0
2023-01-10 11:00:00,5639.0,5643.0,5635.0,5638.0,13430.0,406394.0,406818.0
2023-01-10 13:00:00,5638.0,5639.0,5632.0,5634.0,10192.0,406818.0,407146.0
2023-01-10 14:00:00,5634.0,5635.0,5624.0,5626.0,32839.0,407146.0,400989.0
2023-01-10 21:00:00,5644.0,5647.0,5635.0,5637.0,49114.0,400989.0,398030.0
2023-01-10 22:00:00,5637.0,5643.0,5626.0,5627.0,34269.0,398030.0,394515.0
2023-01-11 09:00:00,5638.0,5640.0,5621.0,5625.0,34220.0,394515.0,396594.0
2023-01-11 10:00:00,5625.0,5626.0,5612.0,5612.0,19990.0,396594.0,395762.0
2023-01-11 11:00:00,5612.0,5622.0,5610.0,5620.0,15218.0,395762.0,394320.0
2023-01-11 13:00:00,5619.0,5623.0,5612.0,5618.0,15467.0,394320.0,393685.0
2023-01-11 14:00:00,5618.0,5628.0,5617.0,5622.0,24935.0,393685.0,391582.0
2023-01-11 21:00:00,5635.0,5648.0,5624.0,5645.0,55318.0,391582.0,394175.0
2023-01-11 22:00:00,5645.0,5657.0,5642.0,5648.0,41898.0,394175.0,390889.0
2023-01-12 09:00:00,5641.0,5645.0,5631.0,5635.0,26008.0,390889.0,391237.0
2023-01-12 10:00:00,5635.0,5635.0,5618.0,5619.0,20694.0,391237.0,390633.0
2023-01-12 11:00:00,5619.0,5629.0,5617.0,5627.0,8923.0,390633.0,390499.0
2023-01-12 13:00:00,5627.0,5633.0,5625.0,5628.0,11966.0,390499.0,390565.0
2023-01-12 14:00:00,5628.0,5638.0,5622.0,5625.0,25334.0,390565.0,389984.0
2023-01-12 21:00:00,5622.0,5629.0,5611.0,5624.0,60132.0,389984.0,393585.0
2023-01-12 22:00:00,5624.0,5625.0,5596.0,5597.0,65423.0,393585.0,392205.0
2023-01-13 09:00:00,5598.0,5619.0,5593.0,5610.0,40113.0,392205.0,392436.0
2023-01-13 10:00:00,5610.0,5611.0,5598.0,5603.0,17779.0,392436.0,391191.0
2023-01-13 11:00:00,5603.0,5605.0,5594.0,5599.0,10222.0,391191.0,391039.0
2023-01-13 13:00:00,5597.0,5599.0,5591.0,5595.0,11070.0,391039.0,391271.0
2023-01-13 14:00:00,5595.0,5607.0,5594.0,5604.0,21242.0,391271.0,388489.0
2023-01-13 21:00:00,5603.0,5626.0,5601.0,5614.0,48863.0,388489.0,389480.0
2023-01-13 22:00:00,5614.0,5614.0,5605.0,5605.0,23449.0,389480.0,387722.0
2023-01-16 09:00:00,5605.0,5622.0,5602.0,5607.0,33808.0,387722.0,387086.0
2023-01-16 10:00:00,5607.0,5612.0,5597.0,5606.0,24949.0,387086.0,384700.0
2023-01-16 11:00:00,5606.0,5611.0,5603.0,5609.0,6851.0,384700.0,383662.0
2023-01-16 13:00:00,5609.0,5619.0,5608.0,5618.0,12020.0,383662.0,382865.0
2023-01-16 14:00:00,5618.0,5643.0,5615.0,5624.0,50715.0,382865.0,375435.0
2023-01-16 21:00:00,5621.0,5639.0,5616.0,5634.0,49432.0,375435.0,374155.0
2023-01-16 22:00:00,5634.0,5639.0,5630.0,5635.0,17282.0,374155.0,370909.0
2023-01-17 09:00:00,5635.0,5647.0,5625.0,5630.0,39181.0,370909.0,367305.0
2023-01-17 10:00:00,5630.0,5638.0,5625.0,5630.0,22368.0,367305.0,366600.0
2023-01-17 11:00:00,5630.0,5630.0,5623.0,5629.0,9045.0,366600.0,366679.0
2023-01-17 13:00:00,5629.0,5641.0,5626.0,5640.0,11788.0,366679.0,366560.0
2023-01-17 14:00:00,5640.0,5644.0,5633.0,5634.0,26603.0,366560.0,363016.0
2023-01-17 21:00:00,5632.0,5660.0,5631.0,5653.0,65166.0,363016.0,350687.0
2023-01-17 22:00:00,5653.0,5655.0,5648.0,5650.0,18425.0,350687.0,347675.0
2023-01-18 09:00:00,5660.0,5687.0,5657.0,5686.0,62745.0,347675.0,331397.0
2023-01-18 10:00:00,5686.0,5690.0,5675.0,5684.0,27336.0,331397.0,324724.0
2023-01-18 11:00:00,5684.0,5689.0,5680.0,5684.0,12197.0,324724.0,321689.0
2023-01-18 13:00:00,5683.0,5694.0,5683.0,5687.0,14546.0,321689.0,318702.0
2023-01-18 14:00:00,5687.0,5688.0,5673.0,5675.0,23559.0,318702.0,314584.0
2023-01-18 21:00:00,5681.0,5688.0,5665.0,5673.0,54752.0,314584.0,302415.0
2023-01-18 22:00:00,5673.0,5677.0,5664.0,5671.0,25150.0,302415.0,297295.0
2023-01-19 09:00:00,5664.0,5664.0,5645.0,5657.0,40769.0,297295.0,293035.0
2023-01-19 10:00:00,5657.0,5665.0,5654.0,5664.0,17806.0,293035.0,289998.0
2023-01-19 11:00:00,5664.0,5671.0,5661.0,5663.0,8505.0,289998.0,288551.0
2023-01-19 13:00:00,5662.0,5668.0,5658.0,5663.0,12818.0,288551.0,285467.0
2023-01-19 14:00:00,5663.0,5665.0,5656.0,5663.0,23567.0,285467.0,280424.0
2023-01-19 21:00:00,5672.0,5674.0,5657.0,5658.0,42443.0,280424.0,270569.0
2023-01-19 22:00:00,5658.0,5661.0,5651.0,5660.0,30328.0,270569.0,263918.0
2023-01-20 09:00:00,5659.0,5670.0,5650.0,5667.0,27779.0,263918.0,259573.0
2023-01-20 10:00:00,5667.0,5670.0,5658.0,5660.0,10961.0,259573.0,257997.0
2023-01-20 11:00:00,5660.0,5665.0,5654.0,5663.0,8371.0,257997.0,255848.0
2023-01-20 13:00:00,5662.0,5675.0,5658.0,5675.0,9246.0,255848.0,253588.0
2023-01-20 14:00:00,5675.0,5715.0,5675.0,5708.0,66884.0,253588.0,235023.0
2023-01-30 09:00:00,5822.0,5878.0,5812.0,5871.0,149571.0,235023.0,220329.0
2023-01-30 10:00:00,5871.0,5873.0,5856.0,5870.0,44660.0,220329.0,215719.0
2023-01-30 11:00:00,5870.0,5872.0,5855.0,5859.0,21627.0,215719.0,211680.0
2023-01-30 13:00:00,5859.0,5860.0,5848.0,5854.0,17712.0,211680.0,209075.0
2023-01-30 14:00:00,5854.0,5871.0,5851.0,5856.0,39177.0,209075.0,206521.0
2023-01-30 21:00:00,5871.0,5875.0,5838.0,5847.0,103113.0,206521.0,184190.0
2023-01-30 22:00:00,5847.0,5864.0,5846.0,5861.0,36219.0,184190.0,176814.0
2023-01-31 09:00:00,5856.0,5877.0,5851.0,5873.0,46314.0,176814.0,170163.0
2023-01-31 10:00:00,5873.0,5889.0,5871.0,5884.0,38429.0,170163.0,164677.0
2023-01-31 11:00:00,5884.0,5888.0,5869.0,5872.0,18285.0,164677.0,161103.0
2023-01-31 13:00:00,5872.0,5880.0,5864.0,5868.0,22386.0,161103.0,156518.0
2023-01-31 14:00:00,5868.0,5872.0,5858.0,5864.0,27417.0,156518.0,149183.0
2023-01-31 21:00:00,5893.0,5895.0,5870.0,5886.0,60584.0,149183.0,134801.0
2023-01-31 22:00:00,5886.0,5892.0,5870.0,5882.0,21135.0,134801.0,132455.0
2023-02-01 09:00:00,5894.0,5908.0,5892.0,5898.0,30308.0,132455.0,130043.0
2023-02-01 10:00:00,5898.0,5911.0,5897.0,5907.0,14384.0,130043.0,129514.0
2023-02-01 11:00:00,5907.0,5915.0,5906.0,5913.0,8850.0,129514.0,128814.0
2023-02-01 13:00:00,5912.0,5917.0,5906.0,5906.0,10498.0,128814.0,127912.0
2023-02-01 14:00:00,5906.0,5909.0,5896.0,5899.0,17510.0,127912.0,123643.0
2023-02-01 21:00:00,5902.0,5914.0,5886.0,5907.0,63149.0,123643.0,351005.0
2023-02-01 22:00:00,5907.0,5909.0,5898.0,5904.0,20601.0,351005.0,350276.0
2023-02-02 09:00:00,5899.0,5903.0,5890.0,5899.0,45168.0,350276.0,357772.0
2023-02-02 10:00:00,5899.0,5912.0,5897.0,5909.0,24640.0,357772.0,362077.0
2023-02-02 11:00:00,5909.0,5914.0,5906.0,5909.0,11999.0,362077.0,364359.0
2023-02-02 13:00:00,5910.0,5913.0,5900.0,5902.0,13576.0,364359.0,365000.0
2023-02-02 14:00:00,5902.0,5906.0,5875.0,5882.0,49855.0,365000.0,365340.0
2023-02-02 21:00:00,5900.0,5944.0,5898.0,5917.0,89197.0,365340.0,370322.0
2023-02-02 22:00:00,5917.0,5928.0,5907.0,5917.0,33452.0,370322.0,368362.0
2023-02-03 09:00:00,5921.0,5928.0,5914.0,5919.0,39921.0,368362.0,372170.0
2023-02-03 10:00:00,5919.0,5936.0,5918.0,5934.0,29424.0,372170.0,382052.0
2023-02-03 11:00:00,5934.0,5936.0,5928.0,5934.0,14827.0,382052.0,384871.0
2023-02-03 13:00:00,5932.0,5935.0,5927.0,5932.0,12097.0,384871.0,386927.0
2023-02-03 14:00:00,5932.0,5938.0,5922.0,5929.0,35075.0,386927.0,386300.0
2023-02-03 21:00:00,5916.0,5920.0,5906.0,5914.0,57189.0,386300.0,388407.0
2023-02-03 22:00:00,5914.0,5923.0,5906.0,5920.0,38538.0,388407.0,393624.0
2023-02-06 09:00:00,5910.0,5918.0,5897.0,5906.0,43759.0,393624.0,395176.0
2023-02-06 10:00:00,5906.0,5906.0,5878.0,5894.0,40243.0,395176.0,391390.0
2023-02-06 11:00:00,5894.0,5895.0,5882.0,5884.0,12760.0,391390.0,390215.0
2023-02-06 13:00:00,5884.0,5905.0,5882.0,5902.0,17634.0,390215.0,393338.0
2023-02-06 14:00:00,5902.0,5910.0,5900.0,5905.0,27378.0,393338.0,394948.0
2023-02-06 21:00:00,5903.0,5909.0,5881.0,5883.0,57263.0,394948.0,397150.0
2023-02-06 22:00:00,5883.0,5887.0,5874.0,5885.0,35126.0,397150.0,396451.0
2023-02-07 09:00:00,5877.0,5886.0,5870.0,5884.0,32247.0,396451.0,399062.0
2023-02-07 10:00:00,5884.0,5884.0,5878.0,5880.0,9338.0,399062.0,398911.0
2023-02-07 11:00:00,5880.0,5893.0,5875.0,5888.0,11981.0,398911.0,401405.0
2023-02-07 13:00:00,5888.0,5892.0,5876.0,5892.0,19090.0,401405.0,403693.0
2023-02-07 14:00:00,5892.0,5896.0,5887.0,5889.0,19921.0,403693.0,404247.0
2023-02-07 21:00:00,5890.0,5917.0,5886.0,5914.0,57254.0,404247.0,415582.0
2023-02-07 22:00:00,5914.0,5921.0,5909.0,5913.0,40302.0,415582.0,417851.0
2023-02-08 09:00:00,5926.0,5942.0,5912.0,5913.0,59490.0,417851.0,422466.0
2023-02-08 10:00:00,5913.0,5932.0,5909.0,5927.0,26102.0,422466.0,424353.0
2023-02-08 11:00:00,5927.0,5929.0,5920.0,5926.0,10183.0,424353.0,426523.0
2023-02-08 13:00:00,5926.0,5926.0,5916.0,5920.0,9068.0,426523.0,426590.0
2023-02-08 14:00:00,5920.0,5925.0,5913.0,5916.0,19444.0,426590.0,424045.0
2023-02-08 21:00:00,5918.0,5935.0,5916.0,5924.0,43057.0,424045.0,427155.0
2023-02-08 22:00:00,5924.0,5926.0,5914.0,5920.0,22335.0,427155.0,427132.0
2023-02-09 09:00:00,5940.0,5955.0,5925.0,5936.0,46806.0,427132.0,432416.0
2023-02-09 10:00:00,5936.0,5937.0,5926.0,5933.0,14436.0,432416.0,434543.0
2023-02-09 11:00:00,5933.0,5937.0,5922.0,5931.0,14348.0,434543.0,435103.0
2023-02-09 13:00:00,5932.0,5942.0,5932.0,5934.0,16680.0,435103.0,438257.0
2023-02-09 14:00:00,5934.0,5938.0,5924.0,5928.0,25196.0,438257.0,436843.0
2023-02-09 21:00:00,5932.0,5949.0,5919.0,5948.0,63065.0,436843.0,447640.0
2023-02-09 22:00:00,5948.0,5950.0,5933.0,5942.0,30763.0,447640.0,445179.0
2023-02-10 09:00:00,5940.0,5944.0,5928.0,5936.0,27762.0,445179.0,445625.0
2023-02-10 10:00:00,5936.0,5944.0,5925.0,5940.0,25011.0,445625.0,447365.0
2023-02-10 11:00:00,5940.0,5946.0,5929.0,5935.0,15066.0,447365.0,447187.0
2023-02-10 13:00:00,5935.0,5946.0,5931.0,5944.0,15253.0,447187.0,450952.0
2023-02-10 14:00:00,5944.0,5976.0,5924.0,5939.0,116509.0,450952.0,449900.0
2023-02-10 21:00:00,5932.0,5952.0,5926.0,5947.0,55478.0,449900.0,459585.0
2023-02-10 22:00:00,5947.0,5955.0,5939.0,5950.0,25068.0,459585.0,458432.0
2023-02-13 09:00:00,5948.0,5952.0,5939.0,5946.0,35885.0,458432.0,459716.0
2023-02-13 10:00:00,5946.0,5947.0,5937.0,5944.0,15315.0,459716.0,458995.0
2023-02-13 11:00:00,5944.0,5944.0,5937.0,5939.0,6169.0,458995.0,458436.0
2023-02-13 13:00:00,5939.0,5940.0,5930.0,5932.0,14898.0,458436.0,459379.0
2023-02-13 14:00:00,5932.0,5938.0,5916.0,5917.0,46282.0,459379.0,454077.0
2023-02-13 21:00:00,5918.0,5920.0,5888.0,5901.0,97347.0,454077.0,455719.0
2023-02-13 22:00:00,5901.0,5910.0,5895.0,5906.0,30537.0,455719.0,453173.0
2023-02-14 09:00:00,5904.0,5908.0,5893.0,5901.0,27909.0,453173.0,454241.0
2023-02-14 10:00:00,5901.0,5907.0,5897.0,5907.0,10301.0,454241.0,455073.0
2023-02-14 11:00:00,5907.0,5917.0,5905.0,5912.0,14911.0,455073.0,456191.0
2023-02-14 13:00:00,5912.0,5915.0,5902.0,5914.0,12831.0,456191.0,455235.0
2023-02-14 14:00:00,5914.0,5930.0,5912.0,5928.0,44808.0,455235.0,453289.0
2023-02-14 21:00:00,5934.0,5955.0,5931.0,5953.0,92564.0,453289.0,462347.0
2023-02-14 22:00:00,5953.0,5955.0,5941.0,5952.0,33025.0,462347.0,461717.0
2023-02-15 09:00:00,5954.0,5958.0,5946.0,5947.0,29981.0,461717.0,464224.0
2023-02-15 10:00:00,5947.0,5948.0,5924.0,5925.0,62284.0,464224.0,458972.0
2023-02-15 11:00:00,5925.0,5928.0,5915.0,5924.0,18690.0,458972.0,456818.0
2023-02-15 13:00:00,5922.0,5923.0,5907.0,5909.0,19265.0,456818.0,457170.0
2023-02-15 14:00:00,5909.0,5912.0,5902.0,5907.0,41162.0,457170.0,453598.0
2023-02-15 21:00:00,5896.0,5904.0,5880.0,5887.0,84812.0,453598.0,450381.0
2023-02-15 22:00:00,5887.0,5896.0,5880.0,5882.0,29829.0,450381.0,445114.0
2023-02-16 09:00:00,5882.0,5908.0,5876.0,5896.0,42234.0,445114.0,444809.0
2023-02-16 10:00:00,5896.0,5910.0,5895.0,5909.0,34162.0,444809.0,446183.0
2023-02-16 11:00:00,5909.0,5920.0,5907.0,5915.0,12677.0,446183.0,446928.0
2023-02-16 13:00:00,5914.0,5928.0,5914.0,5922.0,21933.0,446928.0,447487.0
2023-02-16 14:00:00,5922.0,5924.0,5906.0,5917.0,31119.0,447487.0,444536.0
2023-02-16 21:00:00,5925.0,5938.0,5892.0,5896.0,61419.0,444536.0,444051.0
2023-02-16 22:00:00,5896.0,5908.0,5895.0,5904.0,24416.0,444051.0,442065.0
2023-02-17 09:00:00,5901.0,5919.0,5901.0,5914.0,34033.0,442065.0,445425.0
2023-02-17 10:00:00,5914.0,5922.0,5910.0,5916.0,13170.0,445425.0,445336.0
2023-02-17 11:00:00,5916.0,5917.0,5908.0,5909.0,7667.0,445336.0,444791.0
2023-02-17 13:00:00,5910.0,5914.0,5900.0,5902.0,17598.0,444791.0,444706.0
2023-02-17 14:00:00,5902.0,5904.0,5884.0,5890.0,40150.0,444706.0,443039.0
2023-02-17 21:00:00,5912.0,5925.0,5905.0,5917.0,57307.0,443039.0,447208.0
2023-02-17 22:00:00,5917.0,5918.0,5905.0,5915.0,23610.0,447208.0,445325.0
2023-02-20 09:00:00,5916.0,5956.0,5916.0,5945.0,96758.0,445325.0,451959.0
2023-02-20 10:00:00,5945.0,5947.0,5938.0,5946.0,17322.0,451959.0,453892.0
2023-02-20 11:00:00,5946.0,5949.0,5945.0,5946.0,9466.0,453892.0,454468.0
2023-02-20 13:00:00,5947.0,5950.0,5942.0,5949.0,13929.0,454468.0,455545.0
2023-02-20 14:00:00,5949.0,5950.0,5939.0,5944.0,19904.0,455545.0,453263.0
2023-02-20 21:00:00,5944.0,5947.0,5918.0,5932.0,63972.0,453263.0,448219.0
2023-02-20 22:00:00,5932.0,5942.0,5930.0,5936.0,19884.0,448219.0,447035.0
2023-02-21 09:00:00,5935.0,5937.0,5927.0,5933.0,21140.0,447035.0,446480.0
2023-02-21 10:00:00,5933.0,5941.0,5932.0,5935.0,13471.0,446480.0,445164.0
2023-02-21 11:00:00,5935.0,5936.0,5928.0,5935.0,8820.0,445164.0,443677.0
2023-02-21 13:00:00,5935.0,5935.0,5926.0,5934.0,10389.0,443677.0,443034.0
2023-02-21 14:00:00,5934.0,5936.0,5929.0,5932.0,15257.0,443034.0,441290.0
2023-02-21 21:00:00,5943.0,5953.0,5936.0,5948.0,55777.0,441290.0,444530.0
2023-02-21 22:00:00,5948.0,5995.0,5946.0,5989.0,103350.0,444530.0,461407.0
2023-02-22 09:00:00,5983.0,5991.0,5978.0,5985.0,44453.0,461407.0,460190.0
2023-02-22 10:00:00,5985.0,5990.0,5982.0,5988.0,17228.0,460190.0,460707.0
2023-02-22 11:00:00,5988.0,5991.0,5987.0,5987.0,6451.0,460707.0,461643.0
2023-02-22 13:00:00,5987.0,5990.0,5978.0,5980.0,17963.0,461643.0,461258.0
2023-02-22 14:00:00,5980.0,5985.0,5966.0,5968.0,35747.0,461258.0,454829.0
2023-02-22 21:00:00,5973.0,5979.0,5961.0,5978.0,55020.0,454829.0,454303.0
2023-02-22 22:00:00,5978.0,5984.0,5974.0,5976.0,21903.0,454303.0,456043.0
2023-02-23 09:00:00,5972.0,5982.0,5966.0,5980.0,25443.0,456043.0,458414.0
2023-02-23 10:00:00,5980.0,5985.0,5957.0,5958.0,27561.0,458414.0,456655.0
2023-02-23 11:00:00,5958.0,5963.0,5954.0,5956.0,19007.0,456655.0,452994.0
2023-02-23 13:00:00,5957.0,5960.0,5943.0,5944.0,22547.0,452994.0,449460.0
2023-02-23 14:00:00,5944.0,5956.0,5938.0,5953.0,32370.0,449460.0,444804.0
2023-02-23 21:00:00,5960.0,5970.0,5952.0,5968.0,56546.0,444804.0,448758.0
2023-02-23 22:00:00,5968.0,5975.0,5964.0,5970.0,30212.0,448758.0,446940.0
2023-02-24 09:00:00,5982.0,5989.0,5969.0,5974.0,51647.0,446940.0,446419.0
2023-02-24 10:00:00,5974.0,5980.0,5970.0,5973.0,10548.0,446419.0,446014.0
2023-02-24 11:00:00,5973.0,5977.0,5967.0,5975.0,10647.0,446014.0,445527.0
2023-02-24 13:00:00,5974.0,5978.0,5970.0,5976.0,9058.0,445527.0,446503.0
2023-02-24 14:00:00,5976.0,5981.0,5965.0,5966.0,22219.0,446503.0,444454.0
2023-02-24 21:00:00,5947.0,5947.0,5912.0,5917.0,113644.0,444454.0,440161.0
2023-02-24 22:00:00,5917.0,5929.0,5907.0,5915.0,46090.0,440161.0,434871.0
2023-02-27 09:00:00,5911.0,5912.0,5890.0,5905.0,63408.0,434871.0,430264.0
2023-02-27 10:00:00,5905.0,5908.0,5901.0,5905.0,12245.0,430264.0,430639.0
2023-02-27 11:00:00,5905.0,5906.0,5897.0,5903.0,10419.0,430639.0,429024.0
2023-02-27 13:00:00,5900.0,5907.0,5898.0,5899.0,12692.0,429024.0,427454.0
2023-02-27 14:00:00,5899.0,5904.0,5898.0,5902.0,20417.0,427454.0,422790.0
2023-02-27 21:00:00,5913.0,5925.0,5910.0,5913.0,67222.0,422790.0,423478.0
2023-02-27 22:00:00,5913.0,5917.0,5911.0,5911.0,14250.0,423478.0,423935.0
2023-02-28 09:00:00,5935.0,5965.0,5935.0,5956.0,87964.0,423935.0,429217.0
2023-02-28 10:00:00,5956.0,5960.0,5955.0,5959.0,16380.0,429217.0,428492.0
2023-02-28 11:00:00,5959.0,5960.0,5953.0,5958.0,9918.0,428492.0,427359.0
2023-02-28 13:00:00,5958.0,5959.0,5944.0,5947.0,16262.0,427359.0,425463.0
2023-02-28 14:00:00,5947.0,5951.0,5942.0,5949.0,22020.0,425463.0,420396.0
2023-02-28 21:00:00,5937.0,5942.0,5921.0,5939.0,57861.0,420396.0,415207.0
2023-02-28 22:00:00,5939.0,5947.0,5934.0,5938.0,23306.0,415207.0,414204.0
2023-03-01 09:00:00,5935.0,5937.0,5926.0,5936.0,22398.0,414204.0,413189.0
2023-03-01 10:00:00,5936.0,5943.0,5932.0,5940.0,13560.0,413189.0,412378.0
2023-03-01 11:00:00,5940.0,5943.0,5939.0,5942.0,5662.0,412378.0,411709.0
2023-03-01 13:00:00,5942.0,5944.0,5937.0,5940.0,11810.0,411709.0,411455.0
2023-03-01 14:00:00,5940.0,5960.0,5939.0,5959.0,33496.0,411455.0,413888.0
2023-03-01 21:00:00,5971.0,5998.0,5970.0,5977.0,130050.0,413888.0,428972.0
2023-03-01 22:00:00,5977.0,5978.0,5967.0,5975.0,34116.0,428972.0,423718.0
2023-03-02 09:00:00,5978.0,5987.0,5974.0,5986.0,31543.0,423718.0,426683.0
2023-03-02 10:00:00,5986.0,5989.0,5983.0,5987.0,14353.0,426683.0,427542.0
2023-03-02 11:00:00,5987.0,5992.0,5986.0,5991.0,7175.0,427542.0,428764.0
2023-03-02 13:00:00,5991.0,5993.0,5979.0,5986.0,17956.0,428764.0,428641.0
2023-03-02 14:00:00,5986.0,5992.0,5986.0,5990.0,21182.0,428641.0,430690.0
2023-03-02 21:00:00,5980.0,5989.0,5976.0,5978.0,50609.0,430690.0,437018.0
2023-03-02 22:00:00,5978.0,5991.0,5978.0,5985.0,22649.0,437018.0,436938.0
2023-03-03 09:00:00,5989.0,6004.0,5985.0,6000.0,36708.0,436938.0,443591.0
2023-03-03 10:00:00,6000.0,6024.0,6000.0,6018.0,51362.0,443591.0,451150.0
2023-03-03 11:00:00,6018.0,6020.0,6015.0,6017.0,6463.0,451150.0,451632.0
2023-03-03 13:00:00,6016.0,6027.0,6016.0,6025.0,27281.0,451632.0,457652.0
2023-03-03 14:00:00,6025.0,6044.0,6024.0,6040.0,54022.0,457652.0,467008.0
2023-03-03 21:00:00,6057.0,6074.0,6048.0,6070.0,84686.0,467008.0,479842.0
2023-03-03 22:00:00,6070.0,6085.0,6065.0,6083.0,45429.0,479842.0,486870.0
2023-03-06 09:00:00,6085.0,6114.0,6085.0,6113.0,91788.0,486870.0,493723.0
2023-03-06 10:00:00,6113.0,6116.0,6107.0,6113.0,35781.0,493723.0,495317.0
2023-03-06 11:00:00,6113.0,6120.0,6110.0,6116.0,20956.0,495317.0,496287.0
2023-03-06 13:00:00,6116.0,6121.0,6113.0,6117.0,25042.0,496287.0,499757.0
2023-03-06 14:00:00,6117.0,6134.0,6117.0,6127.0,68703.0,499757.0,505267.0
2023-03-06 21:00:00,6116.0,6150.0,6113.0,6145.0,110401.0,505267.0,519255.0
2023-03-06 22:00:00,6145.0,6174.0,6138.0,6169.0,73778.0,519255.0,521567.0
2023-03-07 09:00:00,6172.0,6195.0,6164.0,6189.0,93513.0,521567.0,533881.0
2023-03-07 10:00:00,6189.0,6191.0,6174.0,6178.0,40562.0,533881.0,532571.0
2023-03-07 11:00:00,6178.0,6178.0,6170.0,6171.0,26403.0,532571.0,529328.0
2023-03-07 13:00:00,6171.0,6178.0,6167.0,6171.0,28701.0,529328.0,529946.0
2023-03-07 14:00:00,6171.0,6188.0,6161.0,6169.0,74730.0,529946.0,528746.0
2023-03-07 21:00:00,6170.0,6190.0,6169.0,6184.0,81787.0,528746.0,536065.0
2023-03-07 22:00:00,6184.0,6215.0,6183.0,6211.0,91118.0,536065.0,542398.0
2023-03-08 09:00:00,6207.0,6210.0,6179.0,6193.0,96359.0,542398.0,536688.0
2023-03-08 10:00:00,6193.0,6203.0,6189.0,6194.0,32311.0,536688.0,539084.0
2023-03-08 11:00:00,6194.0,6198.0,6187.0,6191.0,18372.0,539084.0,537376.0
2023-03-08 13:00:00,6191.0,6194.0,6180.0,6189.0,29487.0,537376.0,535502.0
2023-03-08 14:00:00,6189.0,6198.0,6183.0,6186.0,45107.0,535502.0,533932.0
2023-03-08 21:00:00,6184.0,6207.0,6180.0,6192.0,84740.0,533932.0,541143.0
2023-03-08 22:00:00,6192.0,6226.0,6179.0,6221.0,95935.0,541143.0,551031.0
2023-03-09 09:00:00,6221.0,6226.0,6195.0,6208.0,104646.0,551031.0,557122.0
2023-03-09 10:00:00,6208.0,6229.0,6207.0,6211.0,71860.0,557122.0,560053.0
2023-03-09 11:00:00,6211.0,6212.0,6193.0,6197.0,53408.0,560053.0,550526.0
2023-03-09 13:00:00,6197.0,6210.0,6196.0,6202.0,26711.0,550526.0,548126.0
2023-03-09 14:00:00,6202.0,6222.0,6197.0,6207.0,54298.0,548126.0,544803.0
2023-03-09 21:00:00,6206.0,6279.0,6202.0,6275.0,181867.0,544803.0,563540.0
2023-03-09 22:00:00,6275.0,6303.0,6271.0,6298.0,181121.0,563540.0,571000.0
2023-03-10 09:00:00,6291.0,6343.0,6281.0,6319.0,191430.0,571000.0,581053.0
2023-03-10 10:00:00,6319.0,6326.0,6291.0,6304.0,105751.0,581053.0,574206.0
2023-03-10 11:00:00,6304.0,6305.0,6292.0,6300.0,35625.0,574206.0,570754.0
2023-03-10 13:00:00,6300.0,6311.0,6299.0,6304.0,30784.0,570754.0,571711.0
2023-03-10 14:00:00,6304.0,6330.0,6303.0,6315.0,95559.0,571711.0,566403.0
2023-03-10 21:00:00,6303.0,6304.0,6255.0,6272.0,224685.0,566403.0,552179.0
2023-03-10 22:00:00,6272.0,6309.0,6264.0,6304.0,116371.0,552179.0,548263.0
2023-03-13 09:00:00,6306.0,6328.0,6290.0,6303.0,105272.0,548263.0,552990.0
2023-03-13 10:00:00,6303.0,6310.0,6296.0,6301.0,26362.0,552990.0,554097.0
2023-03-13 11:00:00,6301.0,6306.0,6295.0,6304.0,14692.0,554097.0,552243.0
2023-03-13 13:00:00,6304.0,6310.0,6294.0,6297.0,24331.0,552243.0,551562.0
2023-03-13 14:00:00,6297.0,6306.0,6292.0,6296.0,47121.0,551562.0,543461.0
2023-03-13 21:00:00,6242.0,6293.0,6203.0,6292.0,182711.0,543461.0,537217.0
2023-03-13 22:00:00,6292.0,6319.0,6290.0,6296.0,107516.0,537217.0,538179.0
2023-03-14 09:00:00,6290.0,6295.0,6259.0,6262.0,89248.0,538179.0,524099.0
2023-03-14 10:00:00,6262.0,6272.0,6252.0,6259.0,50154.0,524099.0,516932.0
2023-03-14 11:00:00,6259.0,6264.0,6251.0,6256.0,24708.0,516932.0,513937.0
2023-03-14 13:00:00,6256.0,6273.0,6252.0,6264.0,29619.0,513937.0,514309.0
2023-03-14 14:00:00,6264.0,6269.0,6253.0,6253.0,50638.0,514309.0,509307.0
2023-03-14 21:00:00,6261.0,6278.0,6240.0,6276.0,132684.0,509307.0,513652.0
2023-03-14 22:00:00,6276.0,6286.0,6260.0,6263.0,72152.0,513652.0,511031.0
2023-03-15 09:00:00,6252.0,6262.0,6209.0,6215.0,144815.0,511031.0,492136.0
2023-03-15 10:00:00,6215.0,6224.0,6186.0,6192.0,104589.0,492136.0,475001.0
2023-03-15 11:00:00,6192.0,6199.0,6188.0,6192.0,29281.0,475001.0,471430.0
2023-03-15 13:00:00,6192.0,6213.0,6191.0,6198.0,40054.0,471430.0,467805.0
2023-03-15 14:00:00,6198.0,6202.0,6188.0,6196.0,62800.0,467805.0,457035.0
2023-03-15 21:00:00,6178.0,6182.0,6144.0,6157.0,155934.0,457035.0,439716.0
2023-03-15 22:00:00,6157.0,6157.0,6116.0,6120.0,105333.0,439716.0,424770.0
2023-03-16 09:00:00,6120.0,6136.0,6092.0,6095.0,104860.0,424770.0,412965.0
2023-03-16 10:00:00,6095.0,6122.0,6085.0,6114.0,74033.0,412965.0,404959.0
2023-03-16 11:00:00,6114.0,6124.0,6105.0,6110.0,29169.0,404959.0,400270.0
2023-03-16 13:00:00,6112.0,6127.0,6108.0,6110.0,34600.0,400270.0,393263.0
2023-03-16 14:00:00,6110.0,6123.0,6106.0,6114.0,34212.0,393263.0,391719.0
2023-03-16 21:00:00,6118.0,6134.0,6095.0,6107.0,93008.0,391719.0,388494.0
2023-03-16 22:00:00,6107.0,6144.0,6105.0,6130.0,96227.0,388494.0,392701.0
2023-03-17 09:00:00,6135.0,6162.0,6135.0,6139.0,81817.0,392701.0,385479.0
2023-03-17 10:00:00,6139.0,6150.0,6132.0,6133.0,26345.0,385479.0,381803.0
2023-03-17 11:00:00,6133.0,6147.0,6131.0,6147.0,16064.0,381803.0,379358.0
2023-03-17 13:00:00,6146.0,6153.0,6139.0,6142.0,23845.0,379358.0,376246.0
2023-03-17 14:00:00,6142.0,6145.0,6132.0,6142.0,34001.0,376246.0,370657.0
2023-03-17 21:00:00,6133.0,6159.0,6123.0,6145.0,78055.0,370657.0,367982.0
2023-03-17 22:00:00,6145.0,6156.0,6125.0,6132.0,45001.0,367982.0,359222.0
2023-03-20 09:00:00,6140.0,6205.0,6140.0,6170.0,119342.0,359222.0,357203.0
2023-03-20 10:00:00,6170.0,6182.0,6162.0,6175.0,32012.0,357203.0,351435.0
2023-03-20 11:00:00,6175.0,6181.0,6166.0,6173.0,14599.0,351435.0,349154.0
2023-03-20 13:00:00,6171.0,6173.0,6152.0,6154.0,22867.0,349154.0,346113.0
2023-03-20 14:00:00,6154.0,6157.0,6131.0,6132.0,42793.0,346113.0,335295.0
2023-03-20 21:00:00,6131.0,6169.0,6129.0,6167.0,91439.0,335295.0,333215.0
2023-03-20 22:00:00,6167.0,6184.0,6167.0,6180.0,48353.0,333215.0,336281.0
2023-03-21 09:00:00,6182.0,6182.0,6159.0,6174.0,41373.0,336281.0,336298.0
2023-03-21 10:00:00,6174.0,6183.0,6156.0,6157.0,33227.0,336298.0,332147.0
2023-03-21 11:00:00,6157.0,6173.0,6156.0,6168.0,13766.0,332147.0,329550.0
2023-03-21 13:00:00,6169.0,6170.0,6151.0,6156.0,24671.0,329550.0,328678.0
2023-03-21 14:00:00,6156.0,6163.0,6151.0,6158.0,28508.0,328678.0,321689.0
2023-03-21 21:00:00,6187.0,6196.0,6172.0,6181.0,79488.0,321689.0,319283.0
2023-03-21 22:00:00,6181.0,6184.0,6169.0,6174.0,30967.0,319283.0,314856.0
2023-03-22 09:00:00,6174.0,6184.0,6162.0,6168.0,33173.0,314856.0,312976.0
2023-03-22 10:00:00,6168.0,6177.0,6164.0,6164.0,23238.0,312976.0,311420.0
2023-03-22 11:00:00,6164.0,6168.0,6157.0,6164.0,14723.0,311420.0,309682.0
2023-03-22 13:00:00,6164.0,6170.0,6157.0,6162.0,16182.0,309682.0,308587.0
2023-03-22 14:00:00,6162.0,6182.0,6157.0,6172.0,36117.0,308587.0,303299.0
2023-03-22 21:00:00,6222.0,6248.0,6204.0,6208.0,142984.0,303299.0,297381.0
2023-03-22 22:00:00,6208.0,6244.0,6208.0,6233.0,68218.0,297381.0,295488.0
2023-03-23 09:00:00,6234.0,6238.0,6209.0,6213.0,42934.0,295488.0,289899.0
2023-03-23 10:00:00,6213.0,6225.0,6208.0,6218.0,20345.0,289899.0,288761.0
2023-03-23 11:00:00,6218.0,6220.0,6213.0,6214.0,14422.0,288761.0,288400.0
2023-03-23 13:00:00,6215.0,6217.0,6192.0,6200.0,26040.0,288400.0,287547.0
2023-03-23 14:00:00,6200.0,6203.0,6189.0,6193.0,32064.0,287547.0,283216.0
2023-03-23 21:00:00,6202.0,6209.0,6177.0,6196.0,81438.0,283216.0,278682.0
2023-03-23 22:00:00,6196.0,6207.0,6180.0,6187.0,33811.0,278682.0,276514.0
2023-03-24 09:00:00,6185.0,6187.0,6152.0,6156.0,55361.0,276514.0,272726.0
2023-03-24 10:00:00,6156.0,6194.0,6155.0,6188.0,42492.0,272726.0,273978.0
2023-03-24 11:00:00,6188.0,6188.0,6178.0,6184.0,10343.0,273978.0,272750.0
2023-03-24 13:00:00,6185.0,6191.0,6175.0,6179.0,17135.0,272750.0,270322.0
2023-03-24 14:00:00,6179.0,6190.0,6177.0,6188.0,30665.0,270322.0,264173.0
2023-03-24 21:00:00,6180.0,6191.0,6140.0,6187.0,101994.0,264173.0,423364.0
2023-03-24 22:00:00,6187.0,6188.0,6157.0,6164.0,49531.0,423364.0,424549.0
2023-03-27 09:00:00,6168.0,6184.0,6161.0,6167.0,79321.0,424549.0,434256.0
2023-03-27 10:00:00,6167.0,6184.0,6162.0,6180.0,43498.0,434256.0,436990.0
2023-03-27 11:00:00,6180.0,6186.0,6174.0,6179.0,17988.0,436990.0,439486.0
2023-03-27 13:00:00,6179.0,6180.0,6155.0,6158.0,35536.0,439486.0,442204.0
2023-03-27 14:00:00,6158.0,6175.0,6156.0,6160.0,54905.0,442204.0,445714.0
2023-03-27 21:00:00,6179.0,6187.0,6152.0,6158.0,89264.0,445714.0,448469.0
2023-03-27 22:00:00,6158.0,6187.0,6158.0,6183.0,49396.0,448469.0,449410.0
2023-03-28 09:00:00,6186.0,6228.0,6185.0,6212.0,133744.0,449410.0,463064.0
2023-03-28 10:00:00,6212.0,6213.0,6201.0,6211.0,38550.0,463064.0,464993.0
2023-03-28 11:00:00,6211.0,6216.0,6201.0,6211.0,29583.0,464993.0,465736.0
2023-03-28 13:00:00,6209.0,6214.0,6201.0,6209.0,21840.0,465736.0,466474.0
2023-03-28 14:00:00,6209.0,6217.0,6206.0,6209.0,34617.0,466474.0,466148.0
2023-03-28 21:00:00,6220.0,6247.0,6214.0,6244.0,97814.0,466148.0,471306.0
2023-03-28 22:00:00,6244.0,6250.0,6227.0,6244.0,72726.0,471306.0,471970.0
2023-03-29 09:00:00,6254.0,6290.0,6254.0,6273.0,105138.0,471970.0,481151.0
2023-03-29 10:00:00,6273.0,6296.0,6272.0,6290.0,60121.0,481151.0,491225.0
2023-03-29 11:00:00,6290.0,6292.0,6275.0,6278.0,31172.0,491225.0,491971.0
2023-03-29 13:00:00,6277.0,6295.0,6275.0,6288.0,33049.0,491971.0,494042.0
2023-03-29 14:00:00,6288.0,6300.0,6279.0,6299.0,59324.0,494042.0,503641.0
2023-03-29 21:00:00,6280.0,6324.0,6278.0,6321.0,190029.0,503641.0,522712.0
2023-03-29 22:00:00,6321.0,6334.0,6319.0,6323.0,87011.0,522712.0,528054.0
2023-03-30 09:00:00,6327.0,6332.0,6304.0,6315.0,85808.0,528054.0,529998.0
2023-03-30 10:00:00,6315.0,6323.0,6311.0,6317.0,33308.0,529998.0,534555.0
2023-03-30 11:00:00,6317.0,6330.0,6316.0,6326.0,27496.0,534555.0,540051.0
2023-03-30 13:00:00,6327.0,6330.0,6320.0,6329.0,27608.0,540051.0,545317.0
2023-03-30 14:00:00,6329.0,6384.0,6327.0,6381.0,149697.0,545317.0,570121.0
2023-03-30 21:00:00,6442.0,6483.0,6417.0,6434.0,344557.0,570121.0,604154.0
2023-03-30 22:00:00,6434.0,6461.0,6423.0,6448.0,132617.0,604154.0,606620.0
2023-03-31 09:00:00,6455.0,6472.0,6452.0,6458.0,93841.0,606620.0,615754.0
2023-03-31 10:00:00,6458.0,6465.0,6451.0,6461.0,41043.0,615754.0,618422.0
2023-03-31 11:00:00,6461.0,6463.0,6454.0,6461.0,24889.0,618422.0,618578.0
2023-03-31 13:00:00,6459.0,6485.0,6459.0,6468.0,86984.0,618578.0,631173.0
2023-03-31 14:00:00,6468.0,6471.0,6420.0,6448.0,208379.0,631173.0,621805.0
2023-03-31 21:00:00,6448.0,6478.0,6440.0,6475.0,134316.0,621805.0,631172.0
2023-03-31 22:00:00,6475.0,6538.0,6469.0,6528.0,182498.0,631172.0,642600.0
2023-04-03 09:00:00,6561.0,6612.0,6527.0,6558.0,224783.0,642600.0,640643.0
2023-04-03 10:00:00,6558.0,6564.0,6534.0,6534.0,78178.0,640643.0,643361.0
2023-04-03 11:00:00,6534.0,6548.0,6534.0,6539.0,53872.0,643361.0,643981.0
2023-04-03 13:00:00,6536.0,6546.0,6531.0,6541.0,32361.0,643981.0,643162.0
2023-04-03 14:00:00,6541.0,6549.0,6478.0,6493.0,181785.0,643162.0,630627.0
2023-04-03 21:00:00,6489.0,6545.0,6464.0,6531.0,267558.0,630627.0,638506.0
2023-04-03 22:00:00,6531.0,6544.0,6506.0,6521.0,129647.0,638506.0,632081.0
2023-04-04 09:00:00,6535.0,6537.0,6471.0,6489.0,168394.0,632081.0,629271.0
2023-04-04 10:00:00,6489.0,6494.0,6435.0,6436.0,151589.0,629271.0,627854.0
2023-04-04 11:00:00,6436.0,6439.0,6396.0,6402.0,152737.0,627854.0,620048.0
2023-04-04 13:00:00,6400.0,6436.0,6389.0,6429.0,120167.0,620048.0,628217.0
2023-04-04 14:00:00,6429.0,6448.0,6415.0,6430.0,147005.0,628217.0,613002.0
2023-04-06 09:00:00,6502.0,6532.0,6471.0,6511.0,255316.0,613002.0,622661.0
2023-04-06 10:00:00,6511.0,6521.0,6481.0,6488.0,132013.0,622661.0,627023.0
2023-04-06 11:00:00,6488.0,6497.0,6472.0,6481.0,55854.0,627023.0,632425.0
2023-04-06 13:00:00,6481.0,6493.0,6473.0,6484.0,67192.0,632425.0,634071.0
2023-04-06 14:00:00,6484.0,6556.0,6479.0,6546.0,196858.0,634071.0,638395.0
2023-04-06 21:00:00,6544.0,6587.0,6537.0,6581.0,292875.0,638395.0,657112.0
2023-04-06 22:00:00,6581.0,6641.0,6571.0,6634.0,291219.0,657112.0,675128.0
2023-04-07 09:00:00,6657.0,6700.0,6650.0,6684.0,276899.0,675128.0,690419.0
2023-04-07 10:00:00,6684.0,6722.0,6678.0,6685.0,208952.0,690419.0,700722.0
2023-04-07 11:00:00,6685.0,6713.0,6685.0,6699.0,89710.0,700722.0,706049.0
2023-04-07 13:00:00,6699.0,6714.0,6686.0,6708.0,81368.0,706049.0,717559.0
2023-04-07 14:00:00,6708.0,6723.0,6696.0,6719.0,158978.0,717559.0,718899.0
2023-04-07 21:00:00,6719.0,6719.0,6719.0,6719.0,0.0,718899.0,718899.0
2023-04-07 22:00:00,6719.0,6719.0,6719.0,6719.0,0.0,718899.0,718899.0
2023-04-10 09:00:00,6751.0,6759.0,6537.0,6732.0,937018.0,718899.0,719459.0
2023-04-10 10:00:00,6732.0,6750.0,6725.0,6729.0,109663.0,719459.0,722454.0
2023-04-10 11:00:00,6729.0,6735.0,6718.0,6719.0,54106.0,722454.0,720162.0
2023-04-10 13:00:00,6721.0,6728.0,6690.0,6695.0,90112.0,720162.0,715789.0
2023-04-10 14:00:00,6695.0,6704.0,6658.0,6676.0,307441.0,715789.0,698769.0
2023-04-10 21:00:00,6684.0,6716.0,6667.0,6687.0,286634.0,698769.0,707693.0
2023-04-10 22:00:00,6687.0,6711.0,6680.0,6700.0,129828.0,707693.0,704263.0
2023-04-11 09:00:00,6699.0,6706.0,6653.0,6670.0,216407.0,704263.0,703834.0
2023-04-11 10:00:00,6670.0,6725.0,6669.0,6712.0,192700.0,703834.0,717595.0
2023-04-11 11:00:00,6712.0,6734.0,6711.0,6726.0,58922.0,717595.0,721913.0
2023-04-11 13:00:00,6729.0,6742.0,6713.0,6723.0,97788.0,721913.0,723670.0
2023-04-11 14:00:00,6723.0,6739.0,6718.0,6722.0,127990.0,723670.0,723299.0
2023-04-11 21:00:00,6707.0,6754.0,6700.0,6752.0,352069.0,723299.0,725331.0
2023-04-11 22:00:00,6752.0,6755.0,6692.0,6709.0,330712.0,725331.0,711093.0
2023-04-12 09:00:00,6745.0,6777.0,6739.0,6768.0,288824.0,711093.0,731229.0
2023-04-12 10:00:00,6768.0,6778.0,6720.0,6737.0,188204.0,731229.0,724856.0
2023-04-12 11:00:00,6737.0,6743.0,6721.0,6734.0,78592.0,724856.0,720694.0
2023-04-12 13:00:00,6737.0,6755.0,6726.0,6751.0,81649.0,720694.0,723822.0
2023-04-12 14:00:00,6751.0,6764.0,6743.0,6758.0,113495.0,723822.0,719043.0
2023-04-12 21:00:00,6748.0,6749.0,6671.0,6696.0,425397.0,719043.0,711899.0
2023-04-12 22:00:00,6696.0,6699.0,6677.0,6688.0,208464.0,711899.0,702961.0
2023-04-13 09:00:00,6691.0,6714.0,6676.0,6706.0,174818.0,702961.0,708061.0
2023-04-13 10:00:00,6706.0,6718.0,6683.0,6694.0,133675.0,708061.0,706549.0
2023-04-13 11:00:00,6694.0,6707.0,6689.0,6703.0,68127.0,706549.0,710992.0
2023-04-13 13:00:00,6702.0,6702.0,6663.0,6672.0,134017.0,710992.0,708522.0
2023-04-13 14:00:00,6672.0,6699.0,6669.0,6696.0,143741.0,708522.0,699606.0
2023-04-13 21:00:00,6735.0,6754.0,6716.0,6745.0,365552.0,699606.0,724324.0
2023-04-13 22:00:00,6745.0,6775.0,6742.0,6768.0,244700.0,724324.0,735311.0
2023-04-14 09:00:00,6728.0,6728.0,6679.0,6698.0,322495.0,735311.0,716840.0
2023-04-14 10:00:00,6698.0,6699.0,6672.0,6688.0,118376.0,716840.0,716338.0
2023-04-14 11:00:00,6688.0,6692.0,6675.0,6685.0,56045.0,716338.0,715564.0
2023-04-14 13:00:00,6685.0,6719.0,6681.0,6711.0,107173.0,715564.0,716557.0
2023-04-14 14:00:00,6711.0,6716.0,6699.0,6707.0,145918.0,716557.0,708750.0
2023-04-14 21:00:00,6714.0,6718.0,6682.0,6712.0,259427.0,708750.0,714801.0
2023-04-14 22:00:00,6712.0,6727.0,6649.0,6671.0,301225.0,714801.0,694768.0
2023-04-17 09:00:00,6685.0,6764.0,6684.0,6748.0,296010.0,694768.0,729590.0
2023-04-17 10:00:00,6748.0,6772.0,6735.0,6759.0,116551.0,729590.0,744169.0
2023-04-17 11:00:00,6759.0,6779.0,6752.0,6767.0,75246.0,744169.0,749837.0
2023-04-17 13:00:00,6770.0,6786.0,6764.0,6767.0,114914.0,749837.0,759363.0
2023-04-17 14:00:00,6767.0,6825.0,6764.0,6819.0,235702.0,759363.0,779320.0
2023-04-17 21:00:00,6807.0,6843.0,6804.0,6827.0,292578.0,779320.0,786879.0
2023-04-17 22:00:00,6827.0,6842.0,6805.0,6830.0,181267.0,786879.0,774676.0
2023-04-18 09:00:00,6830.0,6838.0,6767.0,6783.0,267517.0,774676.0,748538.0
2023-04-18 10:00:00,6783.0,6791.0,6769.0,6781.0,89001.0,748538.0,747963.0
2023-04-18 11:00:00,6781.0,6799.0,6781.0,6786.0,52720.0,747963.0,749279.0
2023-04-18 13:00:00,6790.0,6809.0,6786.0,6808.0,59672.0,749279.0,756006.0
2023-04-18 14:00:00,6808.0,6838.0,6804.0,6829.0,203406.0,756006.0,770460.0
2023-04-18 21:00:00,6806.0,6813.0,6774.0,6785.0,269920.0,770460.0,753773.0
2023-04-18 22:00:00,6785.0,6836.0,6778.0,6832.0,207619.0,753773.0,767174.0
2023-04-19 09:00:00,6852.0,6881.0,6820.0,6831.0,252724.0,767174.0,770703.0
2023-04-19 10:00:00,6831.0,6844.0,6823.0,6832.0,79071.0,770703.0,773294.0
2023-04-19 11:00:00,6832.0,6839.0,6827.0,6833.0,32742.0,773294.0,772771.0
2023-04-19 13:00:00,6833.0,6840.0,6796.0,6798.0,90891.0,772771.0,767306.0
2023-04-19 14:00:00,6798.0,6803.0,6780.0,6787.0,264422.0,767306.0,742588.0
2023-04-19 21:00:00,6823.0,6828.0,6763.0,6783.0,290348.0,742588.0,729586.0
2023-04-19 22:00:00,6783.0,6818.0,6775.0,6807.0,159373.0,729586.0,719776.0
2023-04-20 09:00:00,6785.0,6803.0,6778.0,6784.0,142292.0,719776.0,714550.0
2023-04-20 10:00:00,6784.0,6787.0,6769.0,6777.0,109187.0,714550.0,705365.0
2023-04-20 11:00:00,6777.0,6790.0,6774.0,6777.0,34947.0,705365.0,702077.0
2023-04-20 13:00:00,6776.0,6796.0,6762.0,6793.0,88707.0,702077.0,696860.0
2023-04-20 14:00:00,6793.0,6805.0,6777.0,6781.0,111705.0,696860.0,691559.0
2023-04-20 21:00:00,6800.0,6852.0,6776.0,6825.0,443694.0,691559.0,699455.0
2023-04-20 22:00:00,6825.0,6856.0,6823.0,6844.0,213031.0,699455.0,700967.0
2023-04-21 09:00:00,6880.0,6946.0,6880.0,6936.0,324504.0,700967.0,728748.0
2023-04-21 10:00:00,6936.0,6952.0,6928.0,6943.0,94811.0,728748.0,734092.0
2023-04-21 11:00:00,6943.0,6943.0,6923.0,6937.0,64993.0,734092.0,729958.0
2023-04-21 13:00:00,6937.0,6937.0,6900.0,6925.0,120824.0,729958.0,723288.0
2023-04-21 14:00:00,6925.0,6933.0,6897.0,6903.0,149642.0,723288.0,707627.0
2023-04-21 21:00:00,6884.0,6893.0,6829.0,6840.0,394198.0,707627.0,681694.0
2023-04-21 22:00:00,6840.0,6841.0,6775.0,6787.0,324578.0,681694.0,650940.0
2023-04-24 09:00:00,6788.0,6836.0,6788.0,6819.0,217289.0,650940.0,651400.0
2023-04-24 10:00:00,6819.0,6825.0,6794.0,6798.0,81516.0,651400.0,653131.0
2023-04-24 11:00:00,6798.0,6812.0,6788.0,6790.0,41523.0,653131.0,652198.0
2023-04-24 13:00:00,6789.0,6810.0,6778.0,6795.0,90174.0,652198.0,652726.0
2023-04-24 14:00:00,6795.0,6810.0,6733.0,6740.0,244865.0,652726.0,632041.0
2023-04-24 21:00:00,6773.0,6813.0,6742.0,6802.0,283834.0,632041.0,640718.0
2023-04-24 22:00:00,6802.0,6834.0,6793.0,6828.0,196589.0,640718.0,636657.0
2023-04-25 09:00:00,6845.0,6883.0,6845.0,6870.0,193806.0,636657.0,646103.0
2023-04-25 10:00:00,6870.0,6879.0,6839.0,6849.0,107373.0,646103.0,647495.0
2023-04-25 11:00:00,6849.0,6855.0,6836.0,6848.0,49507.0,647495.0,644941.0
2023-04-25 13:00:00,6846.0,6846.0,6819.0,6831.0,80045.0,644941.0,643847.0
2023-04-25 14:00:00,6831.0,6845.0,6810.0,6814.0,117618.0,643847.0,636272.0
2023-04-25 21:00:00,6801.0,6836.0,6778.0,6791.0,376367.0,636272.0,633670.0
2023-04-25 22:00:00,6791.0,6823.0,6790.0,6813.0,159469.0,633670.0,628856.0
2023-04-26 09:00:00,6913.0,6946.0,6885.0,6932.0,410846.0,628856.0,664141.0
2023-04-26 10:00:00,6932.0,6933.0,6896.0,6912.0,145126.0,664141.0,661537.0
2023-04-26 11:00:00,6912.0,6914.0,6903.0,6907.0,42654.0,661537.0,659403.0
2023-04-26 13:00:00,6908.0,6915.0,6898.0,6904.0,67241.0,659403.0,660528.0
2023-04-26 14:00:00,6904.0,6945.0,6898.0,6910.0,222448.0,660528.0,655704.0
2023-04-26 21:00:00,6900.0,6940.0,6893.0,6923.0,265270.0,655704.0,662251.0
2023-04-26 22:00:00,6923.0,6924.0,6883.0,6918.0,220828.0,662251.0,642831.0
2023-04-27 09:00:00,6901.0,6911.0,6869.0,6878.0,162723.0,642831.0,633452.0
2023-04-27 10:00:00,6878.0,6893.0,6875.0,6883.0,70664.0,633452.0,629583.0
2023-04-27 11:00:00,6883.0,6894.0,6867.0,6881.0,65880.0,629583.0,626807.0
2023-04-27 13:00:00,6881.0,6905.0,6881.0,6893.0,50975.0,626807.0,628829.0
2023-04-27 14:00:00,6893.0,6913.0,6888.0,6898.0,91858.0,628829.0,626301.0
2023-04-27 21:00:00,7001.0,7018.0,6968.0,6988.0,314072.0,626301.0,650304.0
2023-04-27 22:00:00,6988.0,7000.0,6926.0,6937.0,286984.0,650304.0,627925.0
2023-04-28 09:00:00,6944.0,6966.0,6940.0,6960.0,111127.0,627925.0,627536.0
2023-04-28 10:00:00,6960.0,6983.0,6953.0,6979.0,70128.0,627536.0,628260.0
2023-04-28 11:00:00,6979.0,6998.0,6976.0,6997.0,58837.0,628260.0,633411.0
2023-04-28 13:00:00,6999.0,7004.0,6986.0,7002.0,83468.0,633411.0,636432.0
2023-04-28 14:00:00,7002.0,7037.0,6986.0,7035.0,210071.0,636432.0,622940.0
2023-05-04 09:00:00,6901.0,6936.0,6888.0,6908.0,333142.0,622940.0,584839.0
2023-05-04 10:00:00,6908.0,6920.0,6834.0,6845.0,178588.0,584839.0,568672.0
2023-05-04 11:00:00,6845.0,6890.0,6844.0,6880.0,105763.0,568672.0,562820.0
2023-05-04 13:00:00,6882.0,6907.0,6881.0,6890.0,78979.0,562820.0,563238.0
2023-05-04 14:00:00,6890.0,6913.0,6877.0,6907.0,97009.0,563238.0,560103.0
2023-05-04 21:00:00,6920.0,6920.0,6848.0,6867.0,285303.0,560103.0,533515.0
2023-05-04 22:00:00,6867.0,6877.0,6833.0,6864.0,188232.0,533515.0,524481.0
2023-05-05 09:00:00,6892.0,6906.0,6879.0,6898.0,149035.0,524481.0,528022.0
2023-05-05 10:00:00,6898.0,6905.0,6865.0,6883.0,90954.0,528022.0,528602.0
2023-05-05 11:00:00,6883.0,6902.0,6881.0,6889.0,47147.0,528602.0,525323.0
2023-05-05 13:00:00,6890.0,6944.0,6890.0,6938.0,121370.0,525323.0,536595.0
2023-05-05 14:00:00,6938.0,6955.0,6920.0,6925.0,154935.0,536595.0,528327.0
2023-05-05 21:00:00,6943.0,6977.0,6931.0,6967.0,229680.0,528327.0,529261.0
2023-05-05 22:00:00,6967.0,6986.0,6956.0,6983.0,115345.0,529261.0,532838.0
2023-05-08 09:00:00,6999.0,7018.0,6946.0,6978.0,216891.0,532838.0,530769.0
2023-05-08 10:00:00,6978.0,6992.0,6972.0,6984.0,50601.0,530769.0,532599.0
2023-05-08 11:00:00,6984.0,6991.0,6976.0,6976.0,26721.0,532599.0,531440.0
2023-05-08 13:00:00,6980.0,6980.0,6962.0,6969.0,50921.0,531440.0,526603.0
2023-05-08 14:00:00,6969.0,6979.0,6952.0,6956.0,82900.0,526603.0,518403.0
2023-05-08 21:00:00,6949.0,6962.0,6932.0,6944.0,197462.0,518403.0,513012.0
2023-05-08 22:00:00,6944.0,6952.0,6931.0,6941.0,108959.0,513012.0,507674.0
2023-05-09 09:00:00,6932.0,6946.0,6903.0,6918.0,192714.0,507674.0,503309.0
2023-05-09 10:00:00,6918.0,6932.0,6907.0,6930.0,60080.0,503309.0,499461.0
2023-05-09 11:00:00,6930.0,6939.0,6922.0,6931.0,32426.0,499461.0,498811.0
2023-05-09 13:00:00,6931.0,6943.0,6921.0,6929.0,44547.0,498811.0,497982.0
2023-05-09 14:00:00,6929.0,6944.0,6903.0,6906.0,105845.0,497982.0,489945.0
2023-05-09 21:00:00,6929.0,6942.0,6910.0,6918.0,191922.0,489945.0,480731.0
2023-05-09 22:00:00,6918.0,6919.0,6883.0,6911.0,169624.0,480731.0,472815.0
2023-05-10 09:00:00,6915.0,6925.0,6898.0,6912.0,91638.0,472815.0,466632.0
2023-05-10 10:00:00,6912.0,6928.0,6912.0,6917.0,41367.0,466632.0,466661.0
2023-05-10 11:00:00,6917.0,6951.0,6916.0,6947.0,81746.0,466661.0,475312.0
2023-05-10 13:00:00,6948.0,6964.0,6938.0,6949.0,79353.0,475312.0,475487.0
2023-05-10 14:00:00,6949.0,6972.0,6941.0,6954.0,109724.0,475487.0,472535.0
2023-05-10 21:00:00,6947.0,6955.0,6922.0,6941.0,200652.0,472535.0,453785.0
2023-05-10 22:00:00,6941.0,6974.0,6940.0,6964.0,152475.0,453785.0,457937.0
2023-05-11 09:00:00,6979.0,6985.0,6941.0,6945.0,125880.0,457937.0,454839.0
2023-05-11 10:00:00,6945.0,6945.0,6903.0,6929.0,163842.0,454839.0,440212.0
2023-05-11 11:00:00,6929.0,6962.0,6928.0,6960.0,85793.0,440212.0,444197.0
2023-05-11 13:00:00,6962.0,6969.0,6957.0,6963.0,51470.0,444197.0,450125.0
2023-05-11 14:00:00,6963.0,6967.0,6947.0,6952.0,72567.0,450125.0,440975.0
2023-05-11 21:00:00,6923.0,6927.0,6835.0,6855.0,391929.0,440975.0,421538.0
2023-05-11 22:00:00,6855.0,6900.0,6850.0,6891.0,180738.0,421538.0,415627.0
2023-05-12 09:00:00,6850.0,6869.0,6834.0,6844.0,172429.0,415627.0,421501.0
2023-05-12 10:00:00,6844.0,6859.0,6831.0,6846.0,82391.0,421501.0,416456.0
2023-05-12 11:00:00,6846.0,6847.0,6814.0,6827.0,97013.0,416456.0,411231.0
2023-05-12 13:00:00,6825.0,6838.0,6816.0,6823.0,44528.0,411231.0,410318.0
2023-05-12 14:00:00,6823.0,6841.0,6788.0,6792.0,140383.0,410318.0,395218.0
2023-05-12 21:00:00,6811.0,6826.0,6770.0,6788.0,272823.0,395218.0,394461.0
2023-05-12 22:00:00,6788.0,6828.0,6780.0,6815.0,228490.0,394461.0,388836.0
2023-05-15 09:00:00,6801.0,6882.0,6800.0,6859.0,194335.0,388836.0,392448.0
2023-05-15 10:00:00,6859.0,6870.0,6840.0,6850.0,61790.0,392448.0,390865.0
2023-05-15 11:00:00,6850.0,6857.0,6842.0,6854.0,25209.0,390865.0,389803.0
2023-05-15 13:00:00,6855.0,6894.0,6855.0,6885.0,66014.0,389803.0,385442.0
2023-05-15 14:00:00,6885.0,6887.0,6862.0,6875.0,65002.0,385442.0,382370.0
2023-05-15 21:00:00,6845.0,6856.0,6820.0,6842.0,170740.0,382370.0,384835.0
2023-05-15 22:00:00,6842.0,6869.0,6835.0,6850.0,85468.0,384835.0,380706.0
2023-05-16 09:00:00,6870.0,6888.0,6857.0,6885.0,88188.0,380706.0,388358.0
2023-05-16 10:00:00,6885.0,6886.0,6867.0,6875.0,38208.0,388358.0,388888.0
2023-05-16 11:00:00,6875.0,6880.0,6868.0,6877.0,18317.0,388888.0,387920.0
2023-05-16 13:00:00,6876.0,6878.0,6857.0,6864.0,35307.0,387920.0,386315.0
2023-05-16 14:00:00,6864.0,6878.0,6859.0,6871.0,59133.0,386315.0,386528.0
2023-05-16 21:00:00,6888.0,6914.0,6864.0,6904.0,205214.0,386528.0,402970.0
2023-05-16 22:00:00,6904.0,6919.0,6855.0,6865.0,184617.0,402970.0,388960.0
2023-05-17 09:00:00,6853.0,6897.0,6846.0,6894.0,111098.0,388960.0,391674.0
2023-05-17 10:00:00,6894.0,6942.0,6893.0,6934.0,118071.0,391674.0,413258.0
2023-05-17 11:00:00,6934.0,6935.0,6919.0,6925.0,41514.0,413258.0,414177.0
2023-05-17 13:00:00,6923.0,6924.0,6904.0,6913.0,49696.0,414177.0,409897.0
2023-05-17 14:00:00,6913.0,6944.0,6908.0,6943.0,97878.0,409897.0,410712.0
2023-05-17 21:00:00,6913.0,6942.0,6912.0,6936.0,129667.0,410712.0,415413.0
2023-05-17 22:00:00,6936.0,6953.0,6919.0,6933.0,110305.0,415413.0,408126.0
2023-05-18 09:00:00,6938.0,6938.0,6918.0,6933.0,61818.0,408126.0,409641.0
2023-05-18 10:00:00,6933.0,6937.0,6921.0,6924.0,31630.0,409641.0,408155.0
2023-05-18 11:00:00,6924.0,6934.0,6923.0,6929.0,19359.0,408155.0,406648.0
2023-05-18 13:00:00,6928.0,6951.0,6918.0,6948.0,45838.0,406648.0,413469.0
2023-05-18 14:00:00,6948.0,6989.0,6945.0,6968.0,131452.0,413469.0,419558.0
2023-05-18 21:00:00,6945.0,6976.0,6920.0,6971.0,189648.0,419558.0,423765.0
2023-05-18 22:00:00,6971.0,6984.0,6960.0,6969.0,85290.0,423765.0,423876.0
2023-05-19 09:00:00,6973.0,6981.0,6906.0,6919.0,138059.0,423876.0,411862.0
2023-05-19 10:00:00,6919.0,6977.0,6919.0,6977.0,113152.0,411862.0,416294.0
2023-05-19 11:00:00,6977.0,6980.0,6943.0,6956.0,78744.0,416294.0,416124.0
2023-05-19 13:00:00,6955.0,6963.0,6944.0,6953.0,41810.0,416124.0,414053.0
2023-05-19 14:00:00,6953.0,6968.0,6944.0,6947.0,59766.0,414053.0,407258.0
2023-05-19 21:00:00,7004.0,7032.0,6964.0,6989.0,166865.0,407258.0,413387.0
2023-05-19 22:00:00,6989.0,7019.0,6971.0,7000.0,146455.0,413387.0,414470.0
2023-05-22 09:00:00,6987.0,7015.0,6979.0,6986.0,118432.0,414470.0,412334.0
2023-05-22 10:00:00,6986.0,7031.0,6972.0,7024.0,91954.0,412334.0,418444.0
2023-05-22 11:00:00,7024.0,7063.0,7016.0,7047.0,105878.0,418444.0,417832.0
2023-05-22 13:00:00,7048.0,7090.0,7032.0,7088.0,94804.0,417832.0,423265.0
2023-05-22 14:00:00,7088.0,7156.0,7086.0,7129.0,222818.0,423265.0,423300.0
2023-05-22 21:00:00,7115.0,7186.0,7112.0,7169.0,217023.0,423300.0,436192.0
2023-05-22 22:00:00,7169.0,7176.0,7141.0,7171.0,122247.0,436192.0,426566.0
2023-05-23 09:00:00,7183.0,7202.0,7172.0,7186.0,129382.0,426566.0,431873.0
2023-05-23 10:00:00,7186.0,7187.0,7166.0,7182.0,44967.0,431873.0,430261.0
2023-05-23 11:00:00,7182.0,7186.0,7174.0,7183.0,21151.0,430261.0,431076.0
2023-05-23 13:00:00,7184.0,7192.0,7168.0,7189.0,44854.0,431076.0,430620.0
2023-05-23 14:00:00,7189.0,7193.0,7164.0,7166.0,75266.0,430620.0,419455.0
2023-05-23 21:00:00,7164.0,7187.0,7146.0,7186.0,154864.0,419455.0,405086.0
2023-05-23 22:00:00,7186.0,7186.0,7166.0,7182.0,58946.0,405086.0,399837.0
2023-05-24 09:00:00,7166.0,7182.0,7156.0,7168.0,76322.0,399837.0,398257.0
2023-05-24 10:00:00,7168.0,7174.0,7143.0,7162.0,62096.0,398257.0,396656.0
2023-05-24 11:00:00,7162.0,7172.0,7153.0,7161.0,28870.0,396656.0,394733.0
2023-05-24 13:00:00,7161.0,7166.0,7151.0,7152.0,24118.0,394733.0,393511.0
2023-05-24 14:00:00,7152.0,7159.0,7111.0,7121.0,116318.0,393511.0,385010.0
2023-05-24 21:00:00,7054.0,7066.0,7014.0,7057.0,171425.0,385010.0,609376.0
2023-05-24 22:00:00,7057.0,7077.0,7038.0,7055.0,101585.0,609376.0,608975.0
2023-05-25 09:00:00,7040.0,7040.0,6966.0,6992.0,191153.0,608975.0,603017.0
2023-05-25 10:00:00,6992.0,7013.0,6955.0,6961.0,83049.0,603017.0,596231.0
2023-05-25 11:00:00,6961.0,6961.0,6940.0,6953.0,54360.0,596231.0,593378.0
2023-05-25 13:00:00,6951.0,6959.0,6932.0,6940.0,50278.0,593378.0,594003.0
2023-05-25 14:00:00,6940.0,6980.0,6936.0,6968.0,85118.0,594003.0,590926.0
2023-05-25 21:00:00,6924.0,6935.0,6802.0,6830.0,434053.0,590926.0,595622.0
2023-05-25 22:00:00,6830.0,6879.0,6810.0,6868.0,232593.0,595622.0,589314.0
2023-05-26 09:00:00,6868.0,6876.0,6830.0,6836.0,129571.0,589314.0,596507.0
2023-05-26 10:00:00,6836.0,6851.0,6826.0,6834.0,58606.0,596507.0,594268.0
2023-05-26 11:00:00,6834.0,6850.0,6831.0,6841.0,38367.0,594268.0,591476.0
2023-05-26 13:00:00,6843.0,6915.0,6843.0,6877.0,129693.0,591476.0,592973.0
2023-05-26 14:00:00,6877.0,6890.0,6861.0,6866.0,86892.0,592973.0,591895.0
2023-05-26 21:00:00,6888.0,6898.0,6844.0,6880.0,236163.0,591895.0,604004.0
2023-05-26 22:00:00,6880.0,6906.0,6872.0,6901.0,115908.0,604004.0,601859.0
2023-05-29 09:00:00,6905.0,6955.0,6905.0,6928.0,212993.0,601859.0,605361.0
2023-05-29 10:00:00,6928.0,6947.0,6924.0,6930.0,46992.0,605361.0,602841.0
2023-05-29 11:00:00,6930.0,6932.0,6911.0,6919.0,35785.0,602841.0,603039.0
2023-05-29 13:00:00,6918.0,6924.0,6907.0,6909.0,30430.0,603039.0,603994.0
2023-05-29 14:00:00,6909.0,6929.0,6903.0,6918.0,61620.0,603994.0,597815.0
2023-05-29 21:00:00,6918.0,6933.0,6874.0,6893.0,193467.0,597815.0,604463.0
2023-05-29 22:00:00,6893.0,6896.0,6882.0,6884.0,48836.0,604463.0,599991.0
2023-05-30 09:00:00,6883.0,6912.0,6859.0,6892.0,132181.0,599991.0,597347.0
2023-05-30 10:00:00,6892.0,6915.0,6875.0,6887.0,61731.0,597347.0,598939.0
2023-05-30 11:00:00,6887.0,6893.0,6858.0,6860.0,46104.0,598939.0,598064.0
2023-05-30 13:00:00,6859.0,6862.0,6830.0,6853.0,107620.0,598064.0,595193.0
2023-05-30 14:00:00,6853.0,6884.0,6853.0,6870.0,106072.0,595193.0,587321.0
2023-05-30 21:00:00,6908.0,6918.0,6838.0,6856.0,228641.0,587321.0,588756.0
2023-05-30 22:00:00,6856.0,6883.0,6849.0,6868.0,99800.0,588756.0,588226.0
2023-05-31 09:00:00,6864.0,6878.0,6846.0,6855.0,94470.0,588226.0,584425.0
2023-05-31 10:00:00,6855.0,6862.0,6841.0,6853.0,51585.0,584425.0,582345.0
2023-05-31 11:00:00,6853.0,6866.0,6851.0,6865.0,23733.0,582345.0,581772.0
2023-05-31 13:00:00,6862.0,6895.0,6853.0,6891.0,60718.0,581772.0,581127.0
2023-05-31 14:00:00,6891.0,6891.0,6863.0,6878.0,67405.0,581127.0,576896.0
2023-05-31 21:00:00,6850.0,6914.0,6834.0,6868.0,224188.0,576896.0,582211.0
2023-05-31 22:00:00,6868.0,6883.0,6854.0,6871.0,77027.0,582211.0,578192.0
2023-06-01 09:00:00,6865.0,6866.0,6819.0,6857.0,177380.0,578192.0,579954.0
2023-06-01 10:00:00,6857.0,6860.0,6836.0,6848.0,61114.0,579954.0,576528.0
2023-06-01 11:00:00,6848.0,6890.0,6845.0,6860.0,88511.0,576528.0,566724.0
2023-06-01 13:00:00,6861.0,6872.0,6843.0,6850.0,42759.0,566724.0,567137.0
2023-06-01 14:00:00,6850.0,6910.0,6847.0,6907.0,166286.0,567137.0,563729.0
2023-06-01 21:00:00,6935.0,6943.0,6863.0,6865.0,196674.0,563729.0,558733.0
2023-06-01 22:00:00,6865.0,6869.0,6673.0,6686.0,535527.0,558733.0,564608.0
2023-06-02 09:00:00,6688.0,6737.0,6679.0,6690.0,296325.0,564608.0,576023.0
2023-06-02 10:00:00,6690.0,6702.0,6666.0,6688.0,118270.0,576023.0,576920.0
2023-06-02 11:00:00,6688.0,6755.0,6685.0,6745.0,132561.0,576920.0,569185.0
2023-06-02 13:00:00,6746.0,6792.0,6746.0,6758.0,174923.0,569185.0,573502.0
2023-06-02 14:00:00,6758.0,6760.0,6719.0,6750.0,172208.0,573502.0,565600.0
2023-06-02 21:00:00,6740.0,6777.0,6730.0,6761.0,206471.0,565600.0,576350.0
2023-06-02 22:00:00,6761.0,6812.0,6707.0,6759.0,287059.0,576350.0,566643.0
2023-06-05 09:00:00,6769.0,6779.0,6730.0,6753.0,142255.0,566643.0,569109.0
2023-06-05 10:00:00,6753.0,6787.0,6744.0,6769.0,89055.0,569109.0,569804.0
2023-06-05 11:00:00,6769.0,6772.0,6745.0,6750.0,46125.0,569804.0,568260.0
2023-06-05 13:00:00,6750.0,6781.0,6750.0,6776.0,58363.0,568260.0,572711.0
2023-06-05 14:00:00,6776.0,6799.0,6774.0,6777.0,108449.0,572711.0,573814.0
2023-06-05 21:00:00,6760.0,6764.0,6715.0,6716.0,239390.0,573814.0,575035.0
2023-06-05 22:00:00,6716.0,6751.0,6716.0,6742.0,114441.0,575035.0,566390.0
2023-06-06 09:00:00,6738.0,6743.0,6717.0,6729.0,109948.0,566390.0,562924.0
2023-06-06 10:00:00,6729.0,6750.0,6728.0,6738.0,51194.0,562924.0,561641.0
2023-06-06 11:00:00,6738.0,6762.0,6730.0,6754.0,48744.0,561641.0,559298.0
2023-06-06 13:00:00,6754.0,6794.0,6750.0,6782.0,108523.0,559298.0,567908.0
2023-06-06 14:00:00,6782.0,6824.0,6778.0,6784.0,193002.0,567908.0,563211.0
2023-06-06 21:00:00,6802.0,6886.0,6776.0,6855.0,357606.0,563211.0,574672.0
2023-06-06 22:00:00,6855.0,6861.0,6834.0,6846.0,101679.0,574672.0,566201.0
2023-06-07 09:00:00,6865.0,6876.0,6848.0,6872.0,107206.0,566201.0,569326.0
2023-06-07 10:00:00,6872.0,6875.0,6846.0,6851.0,52164.0,569326.0,568719.0
2023-06-07 11:00:00,6851.0,6856.0,6842.0,6850.0,25466.0,568719.0,568517.0
2023-06-07 13:00:00,6852.0,6862.0,6840.0,6844.0,50381.0,568517.0,568494.0
2023-06-07 14:00:00,6844.0,6873.0,6844.0,6856.0,77593.0,568494.0,563959.0
2023-06-07 21:00:00,6866.0,6882.0,6833.0,6871.0,169739.0,563959.0,568142.0
2023-06-07 22:00:00,6871.0,6879.0,6846.0,6855.0,74360.0,568142.0,560296.0
2023-06-08 09:00:00,6860.0,6873.0,6843.0,6864.0,88468.0,560296.0,559213.0
2023-06-08 10:00:00,6864.0,6885.0,6857.0,6872.0,46719.0,559213.0,561278.0
2023-06-08 11:00:00,6872.0,6916.0,6868.0,6875.0,112835.0,561278.0,556590.0
2023-06-08 13:00:00,6875.0,6884.0,6861.0,6877.0,59169.0,556590.0,556058.0
2023-06-08 14:00:00,6877.0,6880.0,6863.0,6871.0,47962.0,556058.0,551468.0
2023-06-08 21:00:00,6919.0,6959.0,6902.0,6952.0,266614.0,551468.0,564351.0
2023-06-08 22:00:00,6952.0,6969.0,6943.0,6968.0,130805.0,564351.0,559932.0
2023-06-09 09:00:00,6994.0,7006.0,6979.0,6985.0,175736.0,559932.0,562299.0
2023-06-09 10:00:00,6985.0,7007.0,6983.0,6997.0,58789.0,562299.0,565155.0
2023-06-09 11:00:00,6997.0,7008.0,6995.0,6996.0,34275.0,565155.0,564688.0
2023-06-09 13:00:00,6996.0,6998.0,6970.0,6987.0,58517.0,564688.0,563316.0
2023-06-09 14:00:00,6987.0,7009.0,6982.0,7006.0,74059.0,563316.0,561407.0
2023-06-09 21:00:00,6985.0,6999.0,6955.0,6988.0,165282.0,561407.0,562019.0
2023-06-09 22:00:00,6988.0,7002.0,6975.0,6998.0,84685.0,562019.0,557855.0
2023-06-12 09:00:00,6963.0,6984.0,6951.0,6959.0,111220.0,557855.0,550528.0
2023-06-12 10:00:00,6959.0,6972.0,6945.0,6964.0,55155.0,550528.0,548494.0
2023-06-12 11:00:00,6964.0,6989.0,6962.0,6984.0,42336.0,548494.0,553452.0
2023-06-12 13:00:00,6984.0,6985.0,6966.0,6971.0,48539.0,553452.0,553876.0
2023-06-12 14:00:00,6971.0,6981.0,6953.0,6954.0,71228.0,553876.0,547697.0
2023-06-12 21:00:00,6986.0,6996.0,6958.0,6968.0,134900.0,547697.0,549607.0
2023-06-12 22:00:00,6968.0,6987.0,6955.0,6975.0,95987.0,549607.0,548305.0
2023-06-13 09:00:00,6966.0,6981.0,6958.0,6975.0,80480.0,548305.0,545101.0
2023-06-13 10:00:00,6975.0,7002.0,6964.0,6989.0,53182.0,545101.0,546955.0
2023-06-13 11:00:00,6989.0,6998.0,6964.0,6990.0,71495.0,546955.0,548738.0
2023-06-13 13:00:00,6990.0,6995.0,6982.0,6995.0,31444.0,548738.0,551826.0
2023-06-13 14:00:00,6995.0,7007.0,6963.0,6969.0,106542.0,551826.0,544613.0
2023-06-13 21:00:00,6953.0,6962.0,6898.0,6940.0,287440.0,544613.0,543665.0
2023-06-13 22:00:00,6940.0,6958.0,6927.0,6949.0,88849.0,543665.0,542480.0
2023-06-14 09:00:00,6937.0,6955.0,6926.0,6954.0,78066.0,542480.0,544091.0
2023-06-14 10:00:00,6954.0,6969.0,6938.0,6969.0,56419.0,544091.0,546288.0
2023-06-14 11:00:00,6969.0,6979.0,6964.0,6969.0,51438.0,546288.0,549940.0
2023-06-14 13:00:00,6970.0,6975.0,6943.0,6947.0,38988.0,549940.0,547439.0
2023-06-14 14:00:00,6947.0,6965.0,6946.0,6951.0,54667.0,547439.0,545968.0
2023-06-14 21:00:00,6977.0,6998.0,6960.0,6967.0,153858.0,545968.0,549128.0
2023-06-14 22:00:00,6967.0,6994.0,6964.0,6984.0,81486.0,549128.0,549332.0
2023-06-15 09:00:00,6997.0,7022.0,6973.0,7001.0,176314.0,549332.0,554619.0
2023-06-15 10:00:00,7001.0,7005.0,6978.0,6987.0,53758.0,554619.0,553455.0
2023-06-15 11:00:00,6987.0,6989.0,6976.0,6982.0,19933.0,553455.0,552168.0
2023-06-15 13:00:00,6983.0,6989.0,6973.0,6980.0,21076.0,552168.0,552026.0
2023-06-15 14:00:00,6980.0,6997.0,6977.0,6984.0,51982.0,552026.0,550158.0
2023-06-15 21:00:00,7013.0,7026.0,6987.0,6994.0,154923.0,550158.0,556374.0
2023-06-15 22:00:00,6994.0,6998.0,6950.0,6959.0,120511.0,556374.0,546923.0
2023-06-16 09:00:00,6970.0,6986.0,6967.0,6975.0,66722.0,546923.0,546831.0
2023-06-16 10:00:00,6975.0,6976.0,6936.0,6972.0,86032.0,546831.0,547158.0
2023-06-16 11:00:00,6972.0,6975.0,6962.0,6974.0,21961.0,547158.0,546774.0
2023-06-16 13:00:00,6974.0,6977.0,6933.0,6945.0,56562.0,546774.0,541796.0
2023-06-16 14:00:00,6945.0,6961.0,6931.0,6940.0,79863.0,541796.0,537736.0
2023-06-16 21:00:00,6956.0,6978.0,6929.0,6968.0,131436.0,537736.0,541469.0
2023-06-16 22:00:00,6968.0,6991.0,6960.0,6981.0,81971.0,541469.0,537145.0
2023-06-19 09:00:00,6982.0,7000.0,6950.0,6953.0,126354.0,537145.0,534310.0
2023-06-19 10:00:00,6953.0,6960.0,6943.0,6947.0,43186.0,534310.0,530938.0
2023-06-19 11:00:00,6947.0,6952.0,6936.0,6940.0,26414.0,530938.0,530491.0
2023-06-19 13:00:00,6941.0,6948.0,6915.0,6919.0,43215.0,530491.0,530227.0
2023-06-19 14:00:00,6919.0,6939.0,6911.0,6918.0,75383.0,530227.0,527907.0
2023-06-19 21:00:00,6918.0,6972.0,6916.0,6957.0,119388.0,527907.0,530462.0
2023-06-19 22:00:00,6957.0,6970.0,6949.0,6967.0,42701.0,530462.0,527202.0
2023-06-20 09:00:00,6968.0,6982.0,6967.0,6977.0,60866.0,527202.0,532752.0
2023-06-20 10:00:00,6977.0,6979.0,6960.0,6969.0,30409.0,532752.0,529284.0
2023-06-20 11:00:00,6969.0,6970.0,6957.0,6969.0,13753.0,529284.0,527610.0
2023-06-20 13:00:00,6965.0,6969.0,6943.0,6958.0,32011.0,527610.0,526456.0
2023-06-20 14:00:00,6958.0,6967.0,6945.0,6963.0,48266.0,526456.0,522317.0
2023-06-20 21:00:00,6963.0,6971.0,6934.0,6944.0,86109.0,522317.0,521303.0
2023-06-20 22:00:00,6944.0,6954.0,6903.0,6928.0,159738.0,521303.0,519137.0
2023-06-21 09:00:00,6926.0,6943.0,6911.0,6940.0,72368.0,519137.0,511944.0
2023-06-21 10:00:00,6940.0,6952.0,6931.0,6939.0,34513.0,511944.0,510547.0
2023-06-21 11:00:00,6939.0,6948.0,6938.0,6947.0,12163.0,510547.0,510165.0
2023-06-21 13:00:00,6947.0,6961.0,6943.0,6953.0,31454.0,510165.0,510663.0
2023-06-21 14:00:00,6953.0,6957.0,6937.0,6957.0,45084.0,510663.0,503651.0
2023-06-26 09:00:00,6835.0,6860.0,6783.0,6785.0,250057.0,503651.0,501141.0
2023-06-26 10:00:00,6785.0,6817.0,6782.0,6795.0,69588.0,501141.0,499095.0
2023-06-26 11:00:00,6795.0,6816.0,6786.0,6808.0,43617.0,499095.0,498255.0
2023-06-26 13:00:00,6805.0,6811.0,6788.0,6792.0,30477.0,498255.0,498828.0
2023-06-26 14:00:00,6792.0,6848.0,6791.0,6841.0,83500.0,498828.0,486164.0
2023-06-26 21:00:00,6845.0,6887.0,6833.0,6856.0,132113.0,486164.0,490340.0
2023-06-26 22:00:00,6856.0,6858.0,6818.0,6823.0,56752.0,490340.0,486270.0
2023-06-27 09:00:00,6776.0,6776.0,6698.0,6704.0,258985.0,486270.0,477099.0
2023-06-27 10:00:00,6704.0,6707.0,6693.0,6705.0,66114.0,477099.0,479025.0
2023-06-27 11:00:00,6705.0,6713.0,6702.0,6712.0,23763.0,479025.0,474524.0
2023-06-27 13:00:00,6713.0,6727.0,6702.0,6704.0,43656.0,474524.0,469178.0
2023-06-27 14:00:00,6704.0,6705.0,6688.0,6692.0,90094.0,469178.0,468259.0
2023-06-27 21:00:00,6643.0,6680.0,6630.0,6648.0,229242.0,468259.0,483291.0
2023-06-27 22:00:00,6648.0,6676.0,6644.0,6663.0,127883.0,483291.0,481577.0
2023-06-28 09:00:00,6666.0,6676.0,6656.0,6666.0,65233.0,481577.0,484549.0
2023-06-28 10:00:00,6666.0,6695.0,6665.0,6672.0,59349.0,484549.0,482008.0
2023-06-28 11:00:00,6672.0,6673.0,6663.0,6670.0,20415.0,482008.0,481116.0
2023-06-28 13:00:00,6672.0,6673.0,6656.0,6668.0,24680.0,481116.0,481398.0
2023-06-28 14:00:00,6668.0,6671.0,6654.0,6657.0,50685.0,481398.0,478567.0
2023-06-28 21:00:00,6640.0,6653.0,6618.0,6643.0,183820.0,478567.0,483545.0
2023-06-28 22:00:00,6643.0,6646.0,6628.0,6631.0,73038.0,483545.0,475050.0
2023-06-29 09:00:00,6632.0,6684.0,6632.0,6659.0,111545.0,475050.0,472198.0
2023-06-29 10:00:00,6659.0,6666.0,6646.0,6655.0,25125.0,472198.0,472141.0
2023-06-29 11:00:00,6655.0,6658.0,6649.0,6655.0,8490.0,472141.0,471990.0
2023-06-29 13:00:00,6655.0,6663.0,6651.0,6656.0,15829.0,471990.0,471822.0
2023-06-29 14:00:00,6656.0,6666.0,6652.0,6661.0,37871.0,471822.0,468728.0
2023-06-29 21:00:00,6648.0,6676.0,6637.0,6670.0,123717.0,468728.0,469633.0
2023-06-29 22:00:00,6670.0,6672.0,6635.0,6651.0,93772.0,469633.0,465471.0
2023-06-30 09:00:00,6652.0,6710.0,6642.0,6701.0,106746.0,465471.0,466992.0
2023-06-30 10:00:00,6701.0,6736.0,6688.0,6734.0,105114.0,466992.0,464942.0
2023-06-30 11:00:00,6734.0,6788.0,6726.0,6782.0,103698.0,464942.0,456983.0
2023-06-30 13:00:00,6783.0,6784.0,6745.0,6747.0,66399.0,456983.0,449701.0
2023-06-30 14:00:00,6747.0,6753.0,6716.0,6730.0,93385.0,449701.0,440520.0
2023-06-30 21:00:00,6735.0,6764.0,6725.0,6743.0,115511.0,440520.0,442996.0
2023-06-30 22:00:00,6743.0,6776.0,6733.0,6765.0,80153.0,442996.0,437856.0
2023-07-03 09:00:00,6755.0,6818.0,6755.0,6816.0,107878.0,437856.0,443439.0
2023-07-03 10:00:00,6816.0,6826.0,6803.0,6815.0,50949.0,443439.0,447141.0
2023-07-03 11:00:00,6815.0,6824.0,6811.0,6814.0,19282.0,447141.0,449250.0
2023-07-03 13:00:00,6818.0,6835.0,6811.0,6829.0,28458.0,449250.0,451623.0
2023-07-03 14:00:00,6829.0,6835.0,6812.0,6832.0,47587.0,451623.0,447741.0
2023-07-03 21:00:00,6835.0,6847.0,6812.0,6834.0,97755.0,447741.0,453489.0
2023-07-03 22:00:00,6834.0,6840.0,6821.0,6828.0,52727.0,453489.0,453622.0
2023-07-04 09:00:00,6814.0,6828.0,6804.0,6807.0,62819.0,453622.0,455391.0
2023-07-04 10:00:00,6807.0,6819.0,6792.0,6795.0,41498.0,455391.0,451152.0
2023-07-04 11:00:00,6795.0,6810.0,6791.0,6803.0,18377.0,451152.0,449532.0
2023-07-04 13:00:00,6803.0,6807.0,6785.0,6798.0,22568.0,449532.0,448990.0
2023-07-04 14:00:00,6798.0,6799.0,6784.0,6784.0,42013.0,448990.0,442612.0
2023-07-04 21:00:00,6791.0,6792.0,6740.0,6747.0,111438.0,442612.0,442796.0
2023-07-04 22:00:00,6747.0,6768.0,6747.0,6762.0,46755.0,442796.0,439204.0
2023-07-05 09:00:00,6759.0,6779.0,6754.0,6776.0,48663.0,439204.0,438163.0
2023-07-05 10:00:00,6776.0,6776.0,6759.0,6767.0,23870.0,438163.0,439378.0
2023-07-05 11:00:00,6767.0,6774.0,6763.0,6767.0,12942.0,439378.0,439682.0
2023-07-05 13:00:00,6767.0,6784.0,6762.0,6769.0,20744.0,439682.0,439895.0
2023-07-05 14:00:00,6769.0,6805.0,6767.0,6780.0,103338.0,439895.0,440987.0
2023-07-05 21:00:00,6800.0,6825.0,6790.0,6818.0,109427.0,440987.0,450933.0
2023-07-05 22:00:00,6818.0,6820.0,6798.0,6807.0,52307.0,450933.0,447001.0
2023-07-06 09:00:00,6808.0,6812.0,6793.0,6803.0,40582.0,447001.0,448114.0
2023-07-06 10:00:00,6803.0,6804.0,6777.0,6788.0,29550.0,448114.0,445269.0
2023-07-06 11:00:00,6788.0,6797.0,6784.0,6791.0,10745.0,445269.0,445420.0
2023-07-06 13:00:00,6790.0,6793.0,6774.0,6775.0,20415.0,445420.0,445184.0
2023-07-06 14:00:00,6775.0,6786.0,6769.0,6770.0,35967.0,445184.0,441485.0
2023-07-06 21:00:00,6758.0,6788.0,6755.0,6769.0,77514.0,441485.0,439867.0
2023-07-06 22:00:00,6769.0,6769.0,6731.0,6749.0,81561.0,439867.0,439493.0
2023-07-07 09:00:00,6749.0,6769.0,6739.0,6742.0,55429.0,439493.0,440510.0
2023-07-07 10:00:00,6742.0,6759.0,6735.0,6757.0,28781.0,440510.0,439171.0
2023-07-07 11:00:00,6757.0,6781.0,6755.0,6768.0,28498.0,439171.0,440640.0
2023-07-07 13:00:00,6770.0,6775.0,6757.0,6765.0,14524.0,440640.0,440834.0
2023-07-07 14:00:00,6765.0,6774.0,6733.0,6733.0,36296.0,440834.0,437672.0
2023-07-07 21:00:00,6759.0,6806.0,6754.0,6798.0,102674.0,437672.0,445864.0
2023-07-07 22:00:00,6798.0,6800.0,6778.0,6790.0,40670.0,445864.0,440805.0
2023-07-10 09:00:00,6783.0,6783.0,6737.0,6755.0,72848.0,440805.0,436483.0
2023-07-10 10:00:00,6755.0,6772.0,6750.0,6770.0,51834.0,436483.0,437248.0
2023-07-10 11:00:00,6770.0,6779.0,6764.0,6772.0,20697.0,437248.0,437052.0
2023-07-10 13:00:00,6772.0,6776.0,6764.0,6766.0,13327.0,437052.0,438397.0
2023-07-10 14:00:00,6766.0,6769.0,6737.0,6738.0,36586.0,438397.0,433627.0
2023-07-10 21:00:00,6724.0,6751.0,6716.0,6731.0,90066.0,433627.0,431520.0
2023-07-10 22:00:00,6731.0,6734.0,6713.0,6719.0,59877.0,431520.0,427496.0
2023-07-11 09:00:00,6726.0,6755.0,6726.0,6730.0,51646.0,427496.0,426499.0
2023-07-11 10:00:00,6730.0,6746.0,6723.0,6743.0,25926.0,426499.0,427928.0
2023-07-11 11:00:00,6743.0,6744.0,6733.0,6736.0,9905.0,427928.0,427325.0
2023-07-11 13:00:00,6737.0,6759.0,6736.0,6743.0,25860.0,427325.0,427400.0
2023-07-11 14:00:00,6743.0,6772.0,6741.0,6768.0,47442.0,427400.0,426636.0
2023-07-11 21:00:00,6764.0,6784.0,6756.0,6764.0,95079.0,426636.0,426723.0
2023-07-11 22:00:00,6764.0,6795.0,6764.0,6779.0,70642.0,426723.0,426335.0
2023-07-12 09:00:00,6785.0,6801.0,6780.0,6795.0,36794.0,426335.0,428177.0
2023-07-12 10:00:00,6795.0,6805.0,6789.0,6804.0,23389.0,428177.0,429066.0
2023-07-12 11:00:00,6804.0,6814.0,6802.0,6806.0,29313.0,429066.0,426179.0
2023-07-12 13:00:00,6805.0,6805.0,6785.0,6789.0,19443.0,426179.0,424808.0
2023-07-12 14:00:00,6789.0,6805.0,6789.0,6796.0,28193.0,424808.0,422719.0
2023-07-12 21:00:00,6793.0,6820.0,6782.0,6804.0,75317.0,422719.0,425137.0
2023-07-12 22:00:00,6804.0,6845.0,6791.0,6837.0,87000.0,425137.0,426473.0
2023-07-13 09:00:00,6837.0,6844.0,6814.0,6833.0,56719.0,426473.0,423201.0
2023-07-13 10:00:00,6833.0,6888.0,6829.0,6881.0,86214.0,423201.0,431239.0
2023-07-13 11:00:00,6881.0,6890.0,6874.0,6879.0,38225.0,431239.0,432814.0
2023-07-13 13:00:00,6883.0,6894.0,6874.0,6888.0,30051.0,432814.0,433448.0
2023-07-13 14:00:00,6888.0,6899.0,6876.0,6886.0,59230.0,433448.0,427710.0
2023-07-13 21:00:00,6884.0,6898.0,6865.0,6886.0,80140.0,427710.0,427935.0
2023-07-13 22:00:00,6886.0,6889.0,6863.0,6871.0,44498.0,427935.0,422445.0
2023-07-14 09:00:00,6876.0,6896.0,6875.0,6893.0,49661.0,422445.0,420001.0
2023-07-14 10:00:00,6893.0,6926.0,6887.0,6919.0,49599.0,420001.0,422591.0
2023-07-14 11:00:00,6919.0,6925.0,6914.0,6923.0,20432.0,422591.0,423974.0
2023-07-14 13:00:00,6922.0,6927.0,6915.0,6924.0,20190.0,423974.0,424978.0
2023-07-14 14:00:00,6924.0,6927.0,6901.0,6915.0,51093.0,424978.0,420460.0
2023-07-14 21:00:00,6933.0,6962.0,6920.0,6951.0,94234.0,420460.0,424312.0
2023-07-14 22:00:00,6951.0,6952.0,6918.0,6921.0,48549.0,424312.0,420983.0
2023-07-17 09:00:00,6928.0,6934.0,6907.0,6918.0,54744.0,420983.0,423759.0
2023-07-17 10:00:00,6918.0,6933.0,6909.0,6922.0,32281.0,423759.0,423001.0
2023-07-17 11:00:00,6922.0,6927.0,6909.0,6910.0,17045.0,423001.0,421599.0
2023-07-17 13:00:00,6910.0,6910.0,6887.0,6900.0,30335.0,421599.0,420512.0
2023-07-17 14:00:00,6900.0,6902.0,6878.0,6882.0,32844.0,420512.0,418058.0
2023-07-17 21:00:00,6859.0,6870.0,6842.0,6846.0,81521.0,418058.0,409962.0
2023-07-17 22:00:00,6846.0,6856.0,6827.0,6851.0,60430.0,409962.0,404800.0
2023-07-18 09:00:00,6851.0,6863.0,6845.0,6851.0,27284.0,404800.0,402949.0
2023-07-18 10:00:00,6851.0,6860.0,6844.0,6850.0,13996.0,402949.0,402157.0
2023-07-18 11:00:00,6850.0,6853.0,6842.0,6849.0,6645.0,402157.0,401950.0
2023-07-18 13:00:00,6849.0,6886.0,6849.0,6857.0,36059.0,401950.0,401112.0
2023-07-18 14:00:00,6857.0,6883.0,6856.0,6875.0,28547.0,401112.0,399074.0
2023-07-18 21:00:00,6875.0,6880.0,6835.0,6835.0,66632.0,399074.0,398878.0
2023-07-18 22:00:00,6835.0,6858.0,6834.0,6852.0,41746.0,398878.0,393572.0
2023-07-19 09:00:00,6854.0,6882.0,6854.0,6877.0,32569.0,393572.0,394389.0
2023-07-19 10:00:00,6877.0,6881.0,6862.0,6862.0,25881.0,394389.0,394724.0
2023-07-19 11:00:00,6862.0,6894.0,6856.0,6892.0,18654.0,394724.0,395443.0
2023-07-19 13:00:00,6891.0,6895.0,6881.0,6883.0,20028.0,395443.0,396597.0
2023-07-19 14:00:00,6883.0,6885.0,6872.0,6877.0,23361.0,396597.0,392947.0
2023-07-19 21:00:00,6892.0,6914.0,6881.0,6884.0,80939.0,392947.0,394652.0
2023-07-19 22:00:00,6884.0,6891.0,6866.0,6884.0,49079.0,394652.0,393238.0
2023-07-20 09:00:00,6880.0,6896.0,6857.0,6867.0,43829.0,393238.0,393853.0
2023-07-20 10:00:00,6867.0,6881.0,6853.0,6880.0,26330.0,393853.0,391417.0
2023-07-20 11:00:00,6880.0,6882.0,6863.0,6864.0,7789.0,391417.0,391172.0
2023-07-20 13:00:00,6864.0,6875.0,6858.0,6869.0,9381.0,391172.0,390444.0
2023-07-20 14:00:00,6869.0,6881.0,6855.0,6856.0,25308.0,390444.0,388442.0
2023-07-20 21:00:00,6872.0,6903.0,6867.0,6875.0,62205.0,388442.0,388661.0
2023-07-20 22:00:00,6875.0,6882.0,6863.0,6868.0,24168.0,388661.0,386755.0
2023-07-21 09:00:00,6871.0,6882.0,6860.0,6880.0,39587.0,386755.0,386791.0
2023-07-21 10:00:00,6880.0,6880.0,6842.0,6843.0,41087.0,386791.0,384369.0
2023-07-21 11:00:00,6843.0,6844.0,6802.0,6814.0,70599.0,384369.0,382200.0
2023-07-21 13:00:00,6814.0,6825.0,6790.0,6796.0,43940.0,382200.0,377716.0
2023-07-21 14:00:00,6796.0,6806.0,6782.0,6784.0,53049.0,377716.0,373138.0
2023-07-21 21:00:00,6783.0,6828.0,6783.0,6822.0,78170.0,373138.0,370290.0
2023-07-21 22:00:00,6822.0,6870.0,6819.0,6862.0,83050.0,370290.0,366712.0
2023-07-24 09:00:00,6882.0,6899.0,6866.0,6867.0,91060.0,366712.0,369387.0
2023-07-24 10:00:00,6867.0,6870.0,6844.0,6847.0,37553.0,369387.0,365281.0
2023-07-24 11:00:00,6847.0,6851.0,6842.0,6846.0,12098.0,365281.0,364110.0
2023-07-24 13:00:00,6845.0,6854.0,6826.0,6828.0,23095.0,364110.0,363399.0
2023-07-24 14:00:00,6828.0,6834.0,6814.0,6826.0,63897.0,363399.0,360750.0
2023-07-24 21:00:00,6839.0,6845.0,6816.0,6833.0,67539.0,360750.0,360843.0
2023-07-24 22:00:00,6833.0,6856.0,6826.0,6840.0,54020.0,360843.0,353602.0
2023-07-25 09:00:00,6835.0,6841.0,6824.0,6829.0,40700.0,353602.0,352803.0
2023-07-25 10:00:00,6829.0,6836.0,6812.0,6830.0,35100.0,352803.0,351832.0
2023-07-25 11:00:00,6830.0,6835.0,6811.0,6818.0,29982.0,351832.0,351455.0
2023-07-25 13:00:00,6818.0,6824.0,6812.0,6816.0,14091.0,351455.0,352752.0
2023-07-25 14:00:00,6816.0,6830.0,6815.0,6826.0,40361.0,352752.0,349880.0
2023-07-25 21:00:00,6814.0,6823.0,6786.0,6808.0,79583.0,349880.0,350512.0
2023-07-25 22:00:00,6808.0,6854.0,6805.0,6843.0,69328.0,350512.0,347210.0
2023-07-26 09:00:00,6839.0,6885.0,6833.0,6873.0,66832.0,347210.0,348462.0
2023-07-26 10:00:00,6873.0,6882.0,6864.0,6875.0,45401.0,348462.0,347283.0
2023-07-26 11:00:00,6875.0,6876.0,6853.0,6858.0,17247.0,347283.0,345267.0
2023-07-26 13:00:00,6858.0,6865.0,6844.0,6855.0,22443.0,345267.0,343609.0
2023-07-26 14:00:00,6855.0,6878.0,6855.0,6872.0,26709.0,343609.0,342268.0
2023-07-26 21:00:00,6868.0,6871.0,6830.0,6839.0,62372.0,342268.0,340066.0
2023-07-26 22:00:00,6839.0,6870.0,6828.0,6861.0,40510.0,340066.0,337413.0
2023-07-27 09:00:00,6859.0,6872.0,6850.0,6863.0,32643.0,337413.0,337398.0
2023-07-27 10:00:00,6863.0,6865.0,6837.0,6839.0,24326.0,337398.0,334810.0
2023-07-27 11:00:00,6839.0,6847.0,6835.0,6837.0,22650.0,334810.0,332376.0
2023-07-27 13:00:00,6837.0,6847.0,6834.0,6835.0,10550.0,332376.0,332155.0
2023-07-27 14:00:00,6835.0,6854.0,6825.0,6827.0,45000.0,332155.0,329246.0
2023-07-27 21:00:00,6813.0,6832.0,6802.0,6814.0,70005.0,329246.0,329065.0
2023-07-27 22:00:00,6814.0,6834.0,6812.0,6820.0,30556.0,329065.0,325481.0
2023-07-28 09:00:00,6830.0,6841.0,6809.0,6811.0,36108.0,325481.0,322209.0
2023-07-28 10:00:00,6811.0,6814.0,6801.0,6802.0,27161.0,322209.0,321713.0
2023-07-28 11:00:00,6802.0,6815.0,6791.0,6812.0,23310.0,321713.0,318859.0
2023-07-28 13:00:00,6811.0,6812.0,6793.0,6798.0,15577.0,318859.0,317798.0
2023-07-28 14:00:00,6798.0,6808.0,6786.0,6807.0,40042.0,317798.0,312342.0
2023-07-28 21:00:00,6780.0,6814.0,6760.0,6783.0,93039.0,312342.0,308638.0
2023-07-28 22:00:00,6783.0,6787.0,6764.0,6773.0,42138.0,308638.0,305258.0
2023-07-31 09:00:00,6768.0,6774.0,6700.0,6707.0,98268.0,305258.0,301637.0
2023-07-31 10:00:00,6707.0,6735.0,6705.0,6709.0,40501.0,301637.0,298340.0
2023-07-31 11:00:00,6709.0,6716.0,6703.0,6715.0,16819.0,298340.0,296769.0
2023-07-31 13:00:00,6715.0,6721.0,6704.0,6707.0,19039.0,296769.0,294396.0
2023-07-31 14:00:00,6707.0,6722.0,6690.0,6714.0,45479.0,294396.0,289347.0
2023-07-31 21:00:00,6598.0,6630.0,6596.0,6620.0,63266.0,289347.0,367615.0
2023-07-31 22:00:00,6620.0,6636.0,6615.0,6626.0,23156.0,367615.0,367656.0
2023-08-01 09:00:00,6628.0,6659.0,6628.0,6649.0,52839.0,367656.0,369304.0
2023-08-01 10:00:00,6649.0,6655.0,6637.0,6642.0,26247.0,369304.0,371686.0
2023-08-01 11:00:00,6642.0,6650.0,6636.0,6646.0,12901.0,371686.0,372980.0
2023-08-01 13:00:00,6645.0,6649.0,6635.0,6645.0,12723.0,372980.0,373375.0
2023-08-01 14:00:00,6645.0,6646.0,6624.0,6632.0,31318.0,373375.0,373853.0
2023-08-01 21:00:00,6629.0,6650.0,6615.0,6641.0,93282.0,373853.0,387109.0
2023-08-01 22:00:00,6641.0,6656.0,6638.0,6649.0,54880.0,387109.0,390102.0
2023-08-02 09:00:00,6650.0,6675.0,6649.0,6673.0,58512.0,390102.0,400866.0
2023-08-02 10:00:00,6673.0,6674.0,6662.0,6668.0,32445.0,400866.0,407518.0
2023-08-02 11:00:00,6668.0,6672.0,6654.0,6656.0,27007.0,407518.0,409221.0
2023-08-02 13:00:00,6656.0,6662.0,6651.0,6661.0,17365.0,409221.0,410823.0
2023-08-02 14:00:00,6661.0,6668.0,6658.0,6665.0,27269.0,410823.0,410780.0
2023-08-02 21:00:00,6666.0,6686.0,6635.0,6637.0,76140.0,410780.0,413346.0
2023-08-02 22:00:00,6637.0,6659.0,6637.0,6647.0,54191.0,413346.0,414076.0
2023-08-03 09:00:00,6648.0,6673.0,6638.0,6664.0,67201.0,414076.0,420109.0
2023-08-03 10:00:00,6664.0,6688.0,6659.0,6683.0,51564.0,420109.0,429389.0
2023-08-03 11:00:00,6683.0,6685.0,6666.0,6674.0,21945.0,429389.0,429784.0
2023-08-03 13:00:00,6675.0,6684.0,6672.0,6674.0,19802.0,429784.0,432525.0
2023-08-03 14:00:00,6674.0,6681.0,6646.0,6654.0,79146.0,432525.0,428867.0
2023-08-03 21:00:00,6638.0,6645.0,6606.0,6613.0,138357.0,428867.0,426958.0
2023-08-03 22:00:00,6613.0,6645.0,6612.0,6639.0,63898.0,426958.0,426716.0
2023-08-04 09:00:00,6648.0,6695.0,6646.0,6695.0,120202.0,426716.0,443076.0
2023-08-04 10:00:00,6695.0,6695.0,6675.0,6680.0,45250.0,443076.0,444005.0
2023-08-04 11:00:00,6680.0,6685.0,6675.0,6681.0,14464.0,444005.0,444880.0
2023-08-04 13:00:00,6682.0,6688.0,6681.0,6684.0,17867.0,444880.0,447689.0
2023-08-04 14:00:00,6684.0,6689.0,6676.0,6682.0,41219.0,447689.0,447623.0
2023-08-04 21:00:00,6660.0,6678.0,6652.0,6665.0,91285.0,447623.0,444255.0
2023-08-04 22:00:00,6665.0,6684.0,6652.0,6682.0,56243.0,444255.0,446221.0
2023-08-07 09:00:00,6683.0,6696.0,6658.0,6674.0,76326.0,446221.0,448705.0
2023-08-07 10:00:00,6674.0,6676.0,6658.0,6663.0,27453.0,448705.0,448647.0
2023-08-07 11:00:00,6663.0,6670.0,6658.0,6663.0,14363.0,448647.0,448961.0
2023-08-07 13:00:00,6662.0,6663.0,6630.0,6645.0,68779.0,448961.0,444974.0
2023-08-07 14:00:00,6645.0,6668.0,6639.0,6662.0,50780.0,444974.0,445813.0
2023-08-07 21:00:00,6671.0,6768.0,6670.0,6738.0,244089.0,445813.0,492786.0
2023-08-07 22:00:00,6738.0,6757.0,6730.0,6746.0,87567.0,492786.0,493506.0
2023-08-08 09:00:00,6744.0,6764.0,6732.0,6750.0,94713.0,493506.0,505447.0
2023-08-08 10:00:00,6750.0,6763.0,6745.0,6752.0,42232.0,505447.0,512004.0
2023-08-08 11:00:00,6752.0,6755.0,6748.0,6752.0,21471.0,512004.0,513263.0
2023-08-08 13:00:00,6750.0,6751.0,6737.0,6739.0,28192.0,513263.0,510425.0
2023-08-08 14:00:00,6739.0,6743.0,6721.0,6731.0,80797.0,510425.0,501472.0
2023-08-08 21:00:00,6719.0,6740.0,6715.0,6724.0,102041.0,501472.0,499309.0
2023-08-08 22:00:00,6724.0,6754.0,6723.0,6741.0,72184.0,499309.0,502157.0
2023-08-09 09:00:00,6750.0,6750.0,6733.0,6742.0,53288.0,502157.0,503739.0
2023-08-09 10:00:00,6742.0,6762.0,6739.0,6759.0,44677.0,503739.0,514227.0
2023-08-09 11:00:00,6759.0,6826.0,6754.0,6823.0,140485.0,514227.0,555196.0
2023-08-09 13:00:00,6825.0,6868.0,6823.0,6852.0,161703.0,555196.0,595704.0
2023-08-09 14:00:00,6852.0,6885.0,6849.0,6877.0,168106.0,595704.0,613287.0
2023-08-09 21:00:00,6876.0,6897.0,6871.0,6888.0,143635.0,613287.0,633940.0
2023-08-09 22:00:00,6888.0,6894.0,6863.0,6881.0,113637.0,633940.0,626443.0
2023-08-10 09:00:00,6898.0,6902.0,6871.0,6891.0,81000.0,626443.0,633813.0
2023-08-10 10:00:00,6891.0,6893.0,6880.0,6886.0,34654.0,633813.0,637496.0
2023-08-10 11:00:00,6886.0,6888.0,6876.0,6883.0,25718.0,637496.0,638679.0
2023-08-10 13:00:00,6880.0,6885.0,6875.0,6884.0,23698.0,638679.0,640543.0
2023-08-10 14:00:00,6884.0,6890.0,6878.0,6889.0,52256.0,640543.0,642367.0
2023-08-10 21:00:00,6901.0,6925.0,6874.0,6894.0,143309.0,642367.0,651131.0
2023-08-10 22:00:00,6894.0,6935.0,6856.0,6889.0,272907.0,651131.0,647618.0
2023-08-11 09:00:00,6872.0,6903.0,6872.0,6895.0,65848.0,647618.0,653209.0
2023-08-11 10:00:00,6895.0,6908.0,6889.0,6896.0,44471.0,653209.0,654692.0
2023-08-11 11:00:00,6896.0,6907.0,6895.0,6905.0,20204.0,654692.0,657150.0
2023-08-11 13:00:00,6904.0,6919.0,6902.0,6909.0,35581.0,657150.0,662044.0
2023-08-11 14:00:00,6909.0,6922.0,6906.0,6910.0,66625.0,662044.0,660903.0
2023-08-11 21:00:00,6914.0,6917.0,6889.0,6898.0,122610.0,660903.0,667862.0
2023-08-11 22:00:00,6898.0,6909.0,6892.0,6898.0,57560.0,667862.0,660901.0
2023-08-14 09:00:00,6918.0,6923.0,6878.0,6881.0,121565.0,660901.0,654100.0
2023-08-14 10:00:00,6881.0,6890.0,6865.0,6873.0,65393.0,654100.0,646191.0
2023-08-14 11:00:00,6873.0,6887.0,6865.0,6882.0,40460.0,646191.0,643112.0
2023-08-14 13:00:00,6883.0,6889.0,6877.0,6886.0,23130.0,643112.0,644980.0
2023-08-14 14:00:00,6886.0,6889.0,6875.0,6881.0,48473.0,644980.0,642640.0
2023-08-14 21:00:00,6884.0,6885.0,6836.0,6865.0,162573.0,642640.0,634441.0
2023-08-14 22:00:00,6865.0,6882.0,6858.0,6873.0,72595.0,634441.0,633328.0
2023-08-15 09:00:00,6873.0,6880.0,6855.0,6859.0,49186.0,633328.0,631781.0
2023-08-15 10:00:00,6859.0,6869.0,6852.0,6864.0,32586.0,631781.0,630800.0
2023-08-15 11:00:00,6864.0,6873.0,6862.0,6868.0,15780.0,630800.0,630427.0
2023-08-15 13:00:00,6865.0,6868.0,6838.0,6848.0,66047.0,630427.0,622108.0
2023-08-15 14:00:00,6848.0,6870.0,6841.0,6844.0,66710.0,622108.0,616966.0
2023-08-15 21:00:00,6844.0,6866.0,6824.0,6843.0,125563.0,616966.0,618876.0
2023-08-15 22:00:00,6843.0,6852.0,6828.0,6842.0,67269.0,618876.0,613833.0
2023-08-16 09:00:00,6836.0,6855.0,6832.0,6852.0,47196.0,613833.0,615209.0
2023-08-16 10:00:00,6852.0,6860.0,6847.0,6851.0,28146.0,615209.0,615353.0
2023-08-16 11:00:00,6851.0,6856.0,6848.0,6850.0,9704.0,615353.0,614384.0
2023-08-16 13:00:00,6850.0,6856.0,6843.0,6850.0,18826.0,614384.0,614290.0
2023-08-16 14:00:00,6850.0,6857.0,6841.0,6844.0,38329.0,614290.0,607126.0
2023-08-16 21:00:00,6852.0,6894.0,6849.0,6883.0,142498.0,607126.0,622381.0
2023-08-16 22:00:00,6883.0,6898.0,6881.0,6888.0,80513.0,622381.0,621705.0
2023-08-17 09:00:00,6888.0,6895.0,6874.0,6889.0,69685.0,621705.0,624181.0
2023-08-17 10:00:00,6889.0,6898.0,6887.0,6894.0,29449.0,624181.0,626776.0
2023-08-17 11:00:00,6894.0,6896.0,6885.0,6888.0,15573.0,626776.0,626351.0
2023-08-17 13:00:00,6887.0,6890.0,6855.0,6864.0,47919.0,626351.0,619097.0
2023-08-17 14:00:00,6864.0,6917.0,6864.0,6880.0,133703.0,619097.0,617263.0
2023-08-17 21:00:00,6901.0,6910.0,6884.0,6888.0,98147.0,617263.0,623757.0
2023-08-17 22:00:00,6888.0,6898.0,6878.0,6894.0,62523.0,623757.0,622572.0
2023-08-18 09:00:00,6875.0,6891.0,6870.0,6888.0,44845.0,622572.0,622847.0
2023-08-18 10:00:00,6888.0,6904.0,6884.0,6903.0,32761.0,622847.0,626912.0
2023-08-18 11:00:00,6903.0,6908.0,6893.0,6898.0,29200.0,626912.0,627804.0
2023-08-18 13:00:00,6897.0,6902.0,6892.0,6897.0,16650.0,627804.0,628270.0
2023-08-18 14:00:00,6897.0,6906.0,6881.0,6884.0,59559.0,628270.0,622850.0
2023-08-18 21:00:00,6875.0,6889.0,6862.0,6885.0,79427.0,622850.0,624386.0
2023-08-18 22:00:00,6885.0,6897.0,6883.0,6896.0,43755.0,624386.0,625848.0
2023-08-21 09:00:00,6898.0,6929.0,6897.0,6918.0,115308.0,625848.0,629330.0
2023-08-21 10:00:00,6918.0,6967.0,6907.0,6951.0,89149.0,629330.0,639164.0
2023-08-21 11:00:00,6951.0,6962.0,6937.0,6950.0,59287.0,639164.0,641469.0
2023-08-21 13:00:00,6951.0,6996.0,6951.0,6987.0,83743.0,641469.0,656004.0
2023-08-21 14:00:00,6987.0,6990.0,6961.0,6975.0,77676.0,656004.0,647052.0
2023-08-21 21:00:00,6978.0,7013.0,6967.0,7004.0,118638.0,647052.0,658935.0
2023-08-21 22:00:00,7004.0,7006.0,6978.0,6991.0,78724.0,658935.0,653762.0
2023-08-22 09:00:00,6967.0,6979.0,6952.0,6956.0,94696.0,653762.0,649798.0
2023-08-22 10:00:00,6956.0,6958.0,6931.0,6937.0,77089.0,649798.0,646456.0
2023-08-22 11:00:00,6937.0,6938.0,6884.0,6887.0,104127.0,646456.0,631982.0
2023-08-22 13:00:00,6885.0,6891.0,6848.0,6858.0,121133.0,631982.0,618972.0
2023-08-22 14:00:00,6858.0,6861.0,6789.0,6823.0,210958.0,618972.0,595217.0
2023-08-22 21:00:00,6839.0,6844.0,6811.0,6825.0,154628.0,595217.0,601270.0
2023-08-22 22:00:00,6825.0,6830.0,6807.0,6827.0,77280.0,601270.0,599582.0
2023-08-23 09:00:00,6826.0,6833.0,6813.0,6829.0,54643.0,599582.0,596843.0
2023-08-23 10:00:00,6829.0,6857.0,6827.0,6846.0,61289.0,596843.0,595975.0
2023-08-23 11:00:00,6846.0,6866.0,6841.0,6855.0,41341.0,595975.0,597356.0
2023-08-23 13:00:00,6856.0,6856.0,6835.0,6841.0,31467.0,597356.0,595472.0
2023-08-23 14:00:00,6841.0,6845.0,6812.0,6819.0,62778.0,595472.0,589935.0
2023-08-23 21:00:00,6888.0,6961.0,6885.0,6951.0,369540.0,589935.0,619600.0
2023-08-23 22:00:00,6951.0,6953.0,6905.0,6917.0,153827.0,619600.0,605326.0
2023-08-24 09:00:00,6926.0,6939.0,6920.0,6925.0,79596.0,605326.0,608266.0
2023-08-24 10:00:00,6925.0,6927.0,6914.0,6920.0,36077.0,608266.0,607553.0
2023-08-24 11:00:00,6920.0,6920.0,6890.0,6907.0,47308.0,607553.0,604521.0
2023-08-24 13:00:00,6907.0,6908.0,6861.0,6877.0,69444.0,604521.0,598848.0
2023-08-24 14:00:00,6877.0,6891.0,6853.0,6866.0,80793.0,598848.0,590853.0
2023-08-24 21:00:00,6892.0,6897.0,6842.0,6860.0,135059.0,590853.0,599250.0
2023-08-24 22:00:00,6860.0,6874.0,6854.0,6873.0,60777.0,599250.0,593949.0
2023-08-25 09:00:00,6888.0,6899.0,6880.0,6889.0,75249.0,593949.0,593624.0
2023-08-25 10:00:00,6889.0,6917.0,6884.0,6915.0,48409.0,593624.0,595975.0
2023-08-25 11:00:00,6915.0,6920.0,6907.0,6910.0,30961.0,595975.0,597820.0
2023-08-25 13:00:00,6910.0,6911.0,6893.0,6897.0,32059.0,597820.0,595163.0
2023-08-25 14:00:00,6897.0,6908.0,6886.0,6890.0,40014.0,595163.0,590438.0
2023-08-25 21:00:00,6898.0,6917.0,6874.0,6914.0,116307.0,590438.0,598917.0
2023-08-25 22:00:00,6914.0,6916.0,6883.0,6904.0,80462.0,598917.0,594074.0
2023-08-28 09:00:00,6926.0,6968.0,6910.0,6910.0,155851.0,594074.0,602700.0
2023-08-28 10:00:00,6910.0,6932.0,6905.0,6925.0,38820.0,602700.0,603515.0
2023-08-28 11:00:00,6925.0,6927.0,6912.0,6919.0,18770.0,603515.0,602922.0
2023-08-28 13:00:00,6918.0,6924.0,6906.0,6909.0,27962.0,602922.0,602254.0
2023-08-28 14:00:00,6909.0,6916.0,6885.0,6908.0,81069.0,602254.0,595824.0
2023-08-28 21:00:00,6939.0,6945.0,6905.0,6920.0,114002.0,595824.0,601906.0
2023-08-28 22:00:00,6920.0,6960.0,6913.0,6945.0,119507.0,601906.0,613819.0
2023-08-29 09:00:00,6960.0,6966.0,6944.0,6947.0,82553.0,613819.0,623193.0
2023-08-29 10:00:00,6947.0,6955.0,6942.0,6953.0,32071.0,623193.0,625967.0
2023-08-29 11:00:00,6953.0,6959.0,6932.0,6946.0,38087.0,625967.0,625113.0
2023-08-29 13:00:00,6946.0,6950.0,6935.0,6938.0,26519.0,625113.0,625082.0
2023-08-29 14:00:00,6938.0,6947.0,6901.0,6913.0,109290.0,625082.0,612405.0
2023-08-29 21:00:00,6897.0,6926.0,6883.0,6918.0,117820.0,612405.0,612618.0
2023-08-29 22:00:00,6918.0,6925.0,6906.0,6914.0,57086.0,612618.0,608368.0
2023-08-30 09:00:00,6920.0,6924.0,6899.0,6916.0,63364.0,608368.0,609828.0
2023-08-30 10:00:00,6916.0,6916.0,6892.0,6901.0,44391.0,609828.0,609183.0
2023-08-30 11:00:00,6901.0,6916.0,6900.0,6913.0,21921.0,609183.0,606076.0
2023-08-30 13:00:00,6916.0,6958.0,6915.0,6956.0,89733.0,606076.0,622068.0
2023-08-30 14:00:00,6956.0,6970.0,6949.0,6959.0,124810.0,622068.0,626274.0
2023-08-30 21:00:00,6974.0,6981.0,6952.0,6971.0,118229.0,626274.0,632374.0
2023-08-30 22:00:00,6971.0,6973.0,6949.0,6962.0,77947.0,632374.0,626837.0
2023-08-31 09:00:00,6941.0,6941.0,6896.0,6911.0,168287.0,626837.0,608024.0
2023-08-31 10:00:00,6911.0,6931.0,6905.0,6926.0,42958.0,608024.0,607855.0
2023-08-31 11:00:00,6926.0,6940.0,6916.0,6931.0,30633.0,607855.0,606626.0
2023-08-31 13:00:00,6932.0,6953.0,6930.0,6950.0,51827.0,606626.0,608540.0
2023-08-31 14:00:00,6950.0,6962.0,6940.0,6951.0,80154.0,608540.0,612585.0
2023-08-31 21:00:00,6959.0,6987.0,6942.0,6972.0,146077.0,612585.0,626397.0
2023-08-31 22:00:00,6972.0,6975.0,6956.0,6967.0,74554.0,626397.0,624723.0
2023-09-01 09:00:00,6956.0,6980.0,6946.0,6975.0,75842.0,624723.0,626236.0
2023-09-01 10:00:00,6975.0,6986.0,6969.0,6985.0,47445.0,626236.0,629963.0
2023-09-01 11:00:00,6985.0,6996.0,6982.0,6991.0,47999.0,629963.0,634202.0
2023-09-01 13:00:00,6991.0,7040.0,6991.0,7025.0,135063.0,634202.0,656379.0
2023-09-01 14:00:00,7025.0,7034.0,7003.0,7025.0,110673.0,656379.0,662731.0
2023-09-01 21:00:00,7039.0,7040.0,7005.0,7013.0,119452.0,662731.0,660091.0
2023-09-01 22:00:00,7013.0,7026.0,7010.0,7026.0,51356.0,660091.0,658044.0
2023-09-04 09:00:00,7058.0,7061.0,7020.0,7024.0,138177.0,658044.0,661220.0
2023-09-04 10:00:00,7024.0,7043.0,7020.0,7030.0,40686.0,661220.0,663483.0
2023-09-04 11:00:00,7030.0,7030.0,7021.0,7028.0,20618.0,663483.0,661803.0
2023-09-04 13:00:00,7027.0,7035.0,7013.0,7020.0,45703.0,661803.0,663850.0
2023-09-04 14:00:00,7020.0,7051.0,7019.0,7038.0,102594.0,663850.0,673398.0
2023-09-04 21:00:00,7047.0,7075.0,7042.0,7061.0,147525.0,673398.0,694913.0
2023-09-04 22:00:00,7061.0,7063.0,7022.0,7048.0,110799.0,694913.0,685148.0
2023-09-05 09:00:00,7054.0,7065.0,7044.0,7060.0,47761.0,685148.0,690201.0
2023-09-05 10:00:00,7060.0,7063.0,7050.0,7062.0,22984.0,690201.0,690583.0
2023-09-05 11:00:00,7062.0,7068.0,7059.0,7066.0,23954.0,690583.0,692583.0
2023-09-05 13:00:00,7066.0,7067.0,7042.0,7050.0,33736.0,692583.0,688932.0
2023-09-05 14:00:00,7050.0,7060.0,7043.0,7058.0,55272.0,688932.0,690344.0
2023-09-05 21:00:00,7080.0,7092.0,7070.0,7084.0,167752.0,690344.0,703390.0
2023-09-05 22:00:00,7084.0,7087.0,7058.0,7082.0,112856.0,703390.0,700607.0
2023-09-06 09:00:00,7082.0,7095.0,7074.0,7084.0,86884.0,700607.0,702438.0
2023-09-06 10:00:00,7084.0,7118.0,7080.0,7111.0,114322.0,702438.0,723389.0
2023-09-06 11:00:00,7111.0,7111.0,7091.0,7102.0,48276.0,723389.0,714039.0
2023-09-06 13:00:00,7104.0,7126.0,7104.0,7120.0,71148.0,714039.0,729409.0
2023-09-06 14:00:00,7120.0,7131.0,7115.0,7117.0,85181.0,729409.0,728810.0
2023-09-06 21:00:00,7110.0,7113.0,7081.0,7091.0,155256.0,728810.0,720519.0
2023-09-06 22:00:00,7091.0,7100.0,7072.0,7077.0,88842.0,720519.0,712423.0
2023-09-07 09:00:00,7073.0,7078.0,7053.0,7065.0,94210.0,712423.0,702504.0
2023-09-07 10:00:00,7065.0,7071.0,7054.0,7062.0,41691.0,702504.0,701856.0
2023-09-07 11:00:00,7062.0,7063.0,7042.0,7054.0,51829.0,701856.0,698366.0
2023-09-07 13:00:00,7054.0,7062.0,7032.0,7059.0,68750.0,698366.0,695351.0
2023-09-07 14:00:00,7059.0,7075.0,7054.0,7062.0,57987.0,695351.0,690074.0
2023-09-07 21:00:00,7074.0,7085.0,7038.0,7047.0,122486.0,690074.0,689004.0
2023-09-07 22:00:00,7047.0,7073.0,7044.0,7060.0,85336.0,689004.0,687601.0
2023-09-08 09:00:00,7097.0,7119.0,7085.0,7100.0,153618.0,687601.0,702927.0
2023-09-08 10:00:00,7100.0,7109.0,7090.0,7096.0,49325.0,702927.0,701294.0
2023-09-08 11:00:00,7096.0,7102.0,7087.0,7099.0,30157.0,701294.0,700779.0
2023-09-08 13:00:00,7100.0,7104.0,7090.0,7100.0,26845.0,700779.0,703514.0
2023-09-08 14:00:00,7100.0,7103.0,7079.0,7085.0,57826.0,703514.0,696446.0
2023-09-08 21:00:00,7078.0,7099.0,7062.0,7095.0,121690.0,696446.0,702015.0
2023-09-08 22:00:00,7095.0,7114.0,7056.0,7072.0,172202.0,702015.0,693777.0
2023-09-11 09:00:00,7072.0,7078.0,7038.0,7051.0,116634.0,693777.0,693007.0
2023-09-11 10:00:00,7051.0,7061.0,7043.0,7050.0,32249.0,693007.0,693677.0
2023-09-11 11:00:00,7050.0,7054.0,7040.0,7050.0,22618.0,693677.0,691980.0
2023-09-11 13:00:00,7053.0,7055.0,7000.0,7003.0,106905.0,691980.0,687962.0
2023-09-11 14:00:00,7003.0,7007.0,6973.0,6991.0,170347.0,687962.0,675753.0
2023-09-11 21:00:00,6945.0,6981.0,6936.0,6952.0,189574.0,675753.0,675038.0
2023-09-11 22:00:00,6952.0,6966.0,6946.0,6959.0,89413.0,675038.0,673229.0
2023-09-12 09:00:00,6964.0,6973.0,6931.0,6940.0,104810.0,673229.0,667700.0
2023-09-12 10:00:00,6940.0,6947.0,6908.0,6937.0,106485.0,667700.0,663910.0
2023-09-12 11:00:00,6937.0,6943.0,6929.0,6934.0,22084.0,663910.0,662548.0
2023-09-12 13:00:00,6933.0,6940.0,6923.0,6937.0,32851.0,662548.0,662465.0
2023-09-12 14:00:00,6937.0,6959.0,6934.0,6956.0,65529.0,662465.0,657050.0
2023-09-12 21:00:00,6965.0,6995.0,6952.0,6978.0,177112.0,657050.0,661665.0
2023-09-12 22:00:00,6978.0,6984.0,6967.0,6981.0,69130.0,661665.0,655674.0
2023-09-13 09:00:00,6973.0,6987.0,6955.0,6958.0,69592.0,655674.0,654156.0
2023-09-13 10:00:00,6958.0,6958.0,6913.0,6917.0,99966.0,654156.0,651738.0
2023-09-13 11:00:00,6917.0,6926.0,6892.0,6907.0,83616.0,651738.0,647500.0
2023-09-13 13:00:00,6907.0,6917.0,6894.0,6897.0,43913.0,647500.0,648077.0
2023-09-13 14:00:00,6897.0,6914.0,6885.0,6903.0,95124.0,648077.0,638343.0
2023-09-13 21:00:00,6909.0,6928.0,6894.0,6907.0,120486.0,638343.0,640825.0
2023-09-13 22:00:00,6907.0,6911.0,6875.0,6895.0,98107.0,640825.0,634527.0
2023-09-14 09:00:00,6896.0,6909.0,6889.0,6906.0,48082.0,634527.0,631393.0
2023-09-14 10:00:00,6906.0,6910.0,6874.0,6880.0,46385.0,631393.0,631939.0
2023-09-14 11:00:00,6880.0,6880.0,6868.0,6878.0,50810.0,631939.0,631545.0
2023-09-14 13:00:00,6879.0,6889.0,6872.0,6876.0,35879.0,631545.0,628513.0
2023-09-14 14:00:00,6876.0,6883.0,6866.0,6872.0,61868.0,628513.0,619784.0
2023-09-14 21:00:00,6888.0,6915.0,6882.0,6904.0,154700.0,619784.0,628045.0
2023-09-14 22:00:00,6904.0,6911.0,6886.0,6904.0,94196.0,628045.0,624663.0
2023-09-15 09:00:00,6904.0,6913.0,6890.0,6891.0,59636.0,624663.0,622545.0
2023-09-15 10:00:00,6891.0,6910.0,6887.0,6904.0,38391.0,622545.0,621675.0
2023-09-15 11:00:00,6904.0,6905.0,6897.0,6905.0,13308.0,621675.0,621097.0
2023-09-15 13:00:00,6904.0,6924.0,6900.0,6920.0,48539.0,621097.0,622247.0
2023-09-15 14:00:00,6920.0,6934.0,6911.0,6928.0,83742.0,622247.0,615985.0
2023-09-15 21:00:00,6951.0,6960.0,6906.0,6912.0,124355.0,615985.0,615964.0
2023-09-15 22:00:00,6912.0,6921.0,6900.0,6901.0,68740.0,615964.0,614519.0
2023-09-18 09:00:00,6886.0,6893.0,6860.0,6887.0,125859.0,614519.0,606497.0
2023-09-18 10:00:00,6887.0,6908.0,6879.0,6882.0,42877.0,606497.0,603351.0
2023-09-18 11:00:00,6882.0,6884.0,6866.0,6874.0,24941.0,603351.0,603052.0
2023-09-18 13:00:00,6875.0,6899.0,6873.0,6891.0,27571.0,603052.0,604724.0
2023-09-18 14:00:00,6891.0,6899.0,6884.0,6886.0,35347.0,604724.0,601884.0
2023-09-18 21:00:00,6901.0,6916.0,6881.0,6885.0,108576.0,601884.0,602742.0
2023-09-18 22:00:00,6885.0,6915.0,6885.0,6906.0,66830.0,602742.0,602669.0
2023-09-19 09:00:00,6906.0,6913.0,6892.0,6899.0,45699.0,602669.0,602047.0
2023-09-19 10:00:00,6899.0,6901.0,6884.0,6890.0,30732.0,602047.0,600986.0
2023-09-19 11:00:00,6890.0,6916.0,6882.0,6883.0,40522.0,600986.0,600840.0
2023-09-19 13:00:00,6883.0,6884.0,6871.0,6879.0,39504.0,600840.0,603104.0
2023-09-19 14:00:00,6879.0,6904.0,6877.0,6896.0,59573.0,603104.0,598502.0
2023-09-19 21:00:00,6896.0,6911.0,6887.0,6907.0,84928.0,598502.0,603857.0
2023-09-19 22:00:00,6907.0,6923.0,6900.0,6918.0,70455.0,603857.0,599911.0
2023-09-20 09:00:00,6916.0,6944.0,6915.0,6925.0,89545.0,599911.0,601597.0
2023-09-20 10:00:00,6925.0,6926.0,6910.0,6917.0,36630.0,601597.0,599242.0
2023-09-20 11:00:00,6917.0,6930.0,6915.0,6928.0,18941.0,599242.0,599321.0
2023-09-20 13:00:00,6928.0,6931.0,6921.0,6927.0,24848.0,599321.0,599695.0
2023-09-20 14:00:00,6927.0,6934.0,6917.0,6928.0,42825.0,599695.0,597995.0
2023-09-20 21:00:00,6910.0,6920.0,6877.0,6915.0,135447.0,597995.0,597151.0
2023-09-20 22:00:00,6915.0,6924.0,6909.0,6915.0,48962.0,597151.0,594345.0
2023-09-21 09:00:00,6903.0,6904.0,6880.0,6886.0,76764.0,594345.0,594630.0
2023-09-21 10:00:00,6886.0,6890.0,6834.0,6836.0,142756.0,594630.0,596646.0
2023-09-21 11:00:00,6836.0,6847.0,6821.0,6832.0,53591.0,596646.0,592148.0
2023-09-21 13:00:00,6831.0,6837.0,6821.0,6823.0,33214.0,592148.0,593020.0
2023-09-21 14:00:00,6823.0,6829.0,6804.0,6821.0,98936.0,593020.0,592670.0
2023-09-21 21:00:00,6820.0,6832.0,6809.0,6816.0,105111.0,592670.0,595223.0
2023-09-21 22:00:00,6816.0,6839.0,6801.0,6834.0,96423.0,595223.0,594600.0
2023-09-22 09:00:00,6832.0,6857.0,6832.0,6852.0,80307.0,594600.0,592623.0
2023-09-22 10:00:00,6852.0,6868.0,6851.0,6864.0,45206.0,592623.0,592011.0
2023-09-22 11:00:00,6864.0,6876.0,6864.0,6870.0,28595.0,592011.0,594330.0
2023-09-22 13:00:00,6871.0,6894.0,6864.0,6894.0,52929.0,594330.0,595601.0
2023-09-22 14:00:00,6894.0,6906.0,6885.0,6888.0,81099.0,595601.0,588565.0
2023-09-22 21:00:00,6914.0,6957.0,6908.0,6935.0,147231.0,588565.0,589388.0
2023-09-22 22:00:00,6935.0,6944.0,6929.0,6940.0,54397.0,589388.0,586880.0
2023-09-25 09:00:00,6941.0,6944.0,6902.0,6905.0,104107.0,586880.0,583185.0
2023-09-25 10:00:00,6905.0,6915.0,6895.0,6911.0,36581.0,583185.0,581325.0
2023-09-25 11:00:00,6911.0,6914.0,6902.0,6906.0,11161.0,581325.0,580161.0
2023-09-25 13:00:00,6906.0,6906.0,6889.0,6894.0,32017.0,580161.0,578409.0
2023-09-25 14:00:00,6894.0,6908.0,6887.0,6901.0,46710.0,578409.0,574591.0
2023-09-25 21:00:00,6887.0,6901.0,6862.0,6892.0,110952.0,574591.0,578027.0
2023-09-25 22:00:00,6892.0,6899.0,6854.0,6868.0,90731.0,578027.0,567996.0
2023-09-26 09:00:00,6867.0,6915.0,6856.0,6898.0,100311.0,567996.0,566442.0
2023-09-26 10:00:00,6898.0,6902.0,6888.0,6897.0,34315.0,566442.0,565619.0
2023-09-26 11:00:00,6897.0,6907.0,6893.0,6901.0,17981.0,565619.0,564258.0
2023-09-26 13:00:00,6901.0,6906.0,6895.0,6901.0,18582.0,564258.0,564922.0
2023-09-26 14:00:00,6901.0,6910.0,6892.0,6909.0,56478.0,564922.0,561789.0
2023-09-26 21:00:00,6891.0,6930.0,6879.0,6919.0,113643.0,561789.0,560598.0
2023-09-26 22:00:00,6919.0,6940.0,6910.0,6931.0,68238.0,560598.0,556227.0
2023-09-27 09:00:00,6910.0,6926.0,6907.0,6924.0,52247.0,556227.0,553690.0
2023-09-27 10:00:00,6924.0,6936.0,6921.0,6935.0,37961.0,553690.0,549478.0
2023-09-27 11:00:00,6935.0,6940.0,6927.0,6936.0,20284.0,549478.0,548310.0
2023-09-27 13:00:00,6935.0,6950.0,6927.0,6934.0,40428.0,548310.0,546465.0
2023-09-27 14:00:00,6934.0,6937.0,6916.0,6930.0,52580.0,546465.0,542869.0
2023-09-27 21:00:00,6935.0,6938.0,6903.0,6925.0,75534.0,542869.0,541294.0
2023-09-27 22:00:00,6925.0,6942.0,6923.0,6928.0,40100.0,541294.0,540730.0
2023-09-28 09:00:00,6936.0,6938.0,6915.0,6916.0,48017.0,540730.0,536061.0
2023-09-28 10:00:00,6916.0,6918.0,6880.0,6892.0,73302.0,536061.0,530909.0
2023-09-28 11:00:00,6892.0,6904.0,6891.0,6902.0,18849.0,530909.0,530817.0
2023-09-28 13:00:00,6900.0,6912.0,6899.0,6909.0,18750.0,530817.0,529504.0
2023-09-28 14:00:00,6909.0,6948.0,6909.0,6947.0,73050.0,529504.0,523025.0
2023-10-09 09:00:00,6955.0,7022.0,6936.0,7016.0,191279.0,523025.0,551112.0
2023-10-09 10:00:00,7016.0,7019.0,6952.0,6952.0,85257.0,551112.0,545983.0
2023-10-09 11:00:00,6952.0,6956.0,6905.0,6911.0,86315.0,545983.0,536621.0
2023-10-09 13:00:00,6911.0,6917.0,6871.0,6881.0,65690.0,536621.0,535371.0
2023-10-09 14:00:00,6881.0,6895.0,6870.0,6886.0,75396.0,535371.0,533461.0
2023-10-09 21:00:00,6893.0,6898.0,6865.0,6878.0,116616.0,533461.0,549672.0
2023-10-09 22:00:00,6878.0,6885.0,6863.0,6874.0,57062.0,549672.0,549233.0
2023-10-10 09:00:00,6892.0,6909.0,6854.0,6862.0,113555.0,549233.0,554954.0
2023-10-10 10:00:00,6862.0,6882.0,6859.0,6861.0,73231.0,554954.0,556391.0
2023-10-10 11:00:00,6861.0,6864.0,6849.0,6857.0,42070.0,556391.0,556963.0
2023-10-10 13:00:00,6856.0,6863.0,6841.0,6841.0,44322.0,556963.0,558643.0
2023-10-10 14:00:00,6841.0,6853.0,6834.0,6838.0,90346.0,558643.0,556925.0
2023-10-10 21:00:00,6835.0,6857.0,6805.0,6811.0,187868.0,556925.0,574455.0
2023-10-10 22:00:00,6811.0,6853.0,6807.0,6847.0,101706.0,574455.0,575722.0
2023-10-11 09:00:00,6851.0,6868.0,6839.0,6844.0,94874.0,575722.0,577428.0
2023-10-11 10:00:00,6844.0,6851.0,6838.0,6844.0,25795.0,577428.0,576566.0
2023-10-11 11:00:00,6844.0,6851.0,6837.0,6849.0,15542.0,576566.0,575850.0
2023-10-11 13:00:00,6848.0,6851.0,6823.0,6825.0,32302.0,575850.0,576871.0
2023-10-11 14:00:00,6825.0,6835.0,6764.0,6777.0,198333.0,576871.0,576566.0
2023-10-11 21:00:00,6775.0,6799.0,6760.0,6765.0,165183.0,576566.0,592891.0
2023-10-11 22:00:00,6765.0,6776.0,6757.0,6766.0,86133.0,592891.0,592283.0
2023-10-12 09:00:00,6747.0,6766.0,6740.0,6757.0,122840.0,592283.0,595614.0
2023-10-12 10:00:00,6757.0,6765.0,6742.0,6753.0,41122.0,595614.0,594865.0
2023-10-12 11:00:00,6753.0,6785.0,6749.0,6780.0,47558.0,594865.0,590633.0
2023-10-12 13:00:00,6782.0,6795.0,6774.0,6776.0,41559.0,590633.0,594035.0
2023-10-12 14:00:00,6776.0,6819.0,6772.0,6816.0,97441.0,594035.0,584305.0
2023-10-12 21:00:00,6820.0,6821.0,6763.0,6765.0,149673.0,584305.0,588864.0
2023-10-12 22:00:00,6765.0,6785.0,6762.0,6765.0,85570.0,588864.0,587445.0
2023-10-13 09:00:00,6758.0,6778.0,6756.0,6771.0,58873.0,587445.0,588728.0
2023-10-13 10:00:00,6771.0,6794.0,6766.0,6787.0,52147.0,588728.0,587291.0
2023-10-13 11:00:00,6787.0,6790.0,6774.0,6776.0,20792.0,587291.0,587585.0
2023-10-13 13:00:00,6776.0,6780.0,6764.0,6772.0,25900.0,587585.0,588978.0
2023-10-13 14:00:00,6772.0,6789.0,6768.0,6784.0,67256.0,588978.0,584148.0
2023-10-13 21:00:00,6817.0,6926.0,6814.0,6831.0,220468.0,584148.0,574230.0
2023-10-13 22:00:00,6831.0,6835.0,6816.0,6831.0,58418.0,574230.0,570392.0
2023-10-16 09:00:00,6845.0,6850.0,6826.0,6829.0,76568.0,570392.0,569640.0
2023-10-16 10:00:00,6829.0,6838.0,6813.0,6818.0,34729.0,569640.0,570782.0
2023-10-16 11:00:00,6818.0,6828.0,6815.0,6826.0,20067.0,570782.0,570654.0
2023-10-16 13:00:00,6826.0,6827.0,6794.0,6804.0,45406.0,570654.0,572557.0
2023-10-16 14:00:00,6804.0,6822.0,6790.0,6818.0,67751.0,572557.0,568543.0
2023-10-16 21:00:00,6816.0,6823.0,6783.0,6803.0,126125.0,568543.0,575595.0
2023-10-16 22:00:00,6803.0,6815.0,6790.0,6794.0,61261.0,575595.0,572761.0
2023-10-17 09:00:00,6795.0,6812.0,6772.0,6783.0,80891.0,572761.0,577000.0
2023-10-17 10:00:00,6783.0,6803.0,6781.0,6782.0,60131.0,577000.0,576015.0
2023-10-17 11:00:00,6782.0,6806.0,6782.0,6799.0,29556.0,576015.0,574091.0
2023-10-17 13:00:00,6798.0,6806.0,6794.0,6803.0,22261.0,574091.0,574834.0
2023-10-17 14:00:00,6803.0,6810.0,6790.0,6790.0,44668.0,574834.0,569210.0
2023-10-17 21:00:00,6820.0,6839.0,6804.0,6820.0,122070.0,569210.0,574977.0
2023-10-17 22:00:00,6820.0,6838.0,6818.0,6824.0,58342.0,574977.0,572971.0
2023-10-18 09:00:00,6834.0,6838.0,6812.0,6819.0,53817.0,572971.0,572463.0
2023-10-18 10:00:00,6819.0,6830.0,6813.0,6818.0,28331.0,572463.0,571754.0
2023-10-18 11:00:00,6818.0,6825.0,6811.0,6816.0,16317.0,571754.0,571473.0
2023-10-18 13:00:00,6816.0,6817.0,6801.0,6813.0,34036.0,571473.0,574210.0
2023-10-18 14:00:00,6813.0,6821.0,6805.0,6816.0,44803.0,574210.0,570651.0
2023-10-18 21:00:00,6821.0,6825.0,6760.0,6765.0,172877.0,570651.0,586237.0
2023-10-18 22:00:00,6765.0,6783.0,6765.0,6778.0,80932.0,586237.0,583750.0
2023-10-19 09:00:00,6778.0,6862.0,6774.0,6852.0,215639.0,583750.0,581990.0
2023-10-19 10:00:00,6852.0,6894.0,6846.0,6889.0,135188.0,581990.0,585177.0
2023-10-19 11:00:00,6889.0,6892.0,6879.0,6889.0,41508.0,585177.0,586254.0
2023-10-19 13:00:00,6889.0,6892.0,6866.0,6872.0,46230.0,586254.0,585431.0
2023-10-19 14:00:00,6872.0,6880.0,6867.0,6878.0,55970.0,585431.0,578081.0
2023-10-19 21:00:00,6854.0,6877.0,6852.0,6865.0,105035.0,578081.0,583526.0
2023-10-19 22:00:00,6865.0,6873.0,6854.0,6866.0,66013.0,583526.0,577717.0
2023-10-20 09:00:00,6875.0,6887.0,6835.0,6841.0,111212.0,577717.0,571336.0
2023-10-20 10:00:00,6841.0,6848.0,6827.0,6842.0,53375.0,571336.0,568680.0
2023-10-20 11:00:00,6842.0,6842.0,6827.0,6839.0,26004.0,568680.0,566319.0
2023-10-20 13:00:00,6839.0,6844.0,6831.0,6840.0,23505.0,566319.0,565771.0
2023-10-20 14:00:00,6840.0,6844.0,6819.0,6825.0,68186.0,565771.0,560622.0
2023-10-20 21:00:00,6812.0,6825.0,6792.0,6816.0,141547.0,560622.0,570266.0
2023-10-20 22:00:00,6816.0,6839.0,6814.0,6822.0,77786.0,570266.0,563547.0
2023-10-23 09:00:00,6815.0,6817.0,6774.0,6783.0,136343.0,563547.0,571883.0
2023-10-23 10:00:00,6783.0,6795.0,6781.0,6781.0,33236.0,571883.0,572792.0
2023-10-23 11:00:00,6781.0,6785.0,6770.0,6777.0,24937.0,572792.0,573838.0
2023-10-23 13:00:00,6777.0,6781.0,6750.0,6758.0,61498.0,573838.0,578669.0
2023-10-23 14:00:00,6758.0,6774.0,6717.0,6720.0,173548.0,578669.0,584002.0
2023-10-23 21:00:00,6741.0,6752.0,6724.0,6732.0,150196.0,584002.0,597374.0
2023-10-23 22:00:00,6732.0,6763.0,6731.0,6753.0,80577.0,597374.0,594639.0
2023-10-24 09:00:00,6762.0,6774.0,6751.0,6758.0,90912.0,594639.0,597179.0
2023-10-24 10:00:00,6758.0,6763.0,6746.0,6749.0,39831.0,597179.0,595197.0
2023-10-24 11:00:00,6749.0,6757.0,6744.0,6754.0,18007.0,595197.0,594770.0
2023-10-24 13:00:00,6753.0,6754.0,6740.0,6751.0,27327.0,594770.0,594438.0
2023-10-24 14:00:00,6751.0,6786.0,6750.0,6778.0,80583.0,594438.0,587482.0
2023-10-24 21:00:00,6781.0,6794.0,6767.0,6786.0,127500.0,587482.0,597915.0
2023-10-24 22:00:00,6786.0,6830.0,6786.0,6827.0,168445.0,597915.0,585824.0
2023-10-25 09:00:00,6830.0,6846.0,6821.0,6829.0,93890.0,585824.0,589985.0
2023-10-25 10:00:00,6829.0,6829.0,6811.0,6817.0,42236.0,589985.0,588968.0
2023-10-25 11:00:00,6817.0,6822.0,6813.0,6815.0,16948.0,588968.0,588443.0
2023-10-25 13:00:00,6815.0,6815.0,6805.0,6809.0,21230.0,588443.0,588472.0
2023-10-25 14:00:00,6809.0,6821.0,6808.0,6819.0,42581.0,588472.0,584186.0
2023-10-25 21:00:00,6828.0,6840.0,6792.0,6796.0,118248.0,584186.0,591332.0
2023-10-25 22:00:00,6796.0,6804.0,6785.0,6790.0,67109.0,591332.0,584299.0
2023-10-26 09:00:00,6800.0,6818.0,6794.0,6801.0,68664.0,584299.0,584000.0
2023-10-26 10:00:00,6801.0,6804.0,6791.0,6795.0,32183.0,584000.0,586093.0
2023-10-26 11:00:00,6795.0,6796.0,6781.0,6793.0,29865.0,586093.0,586054.0
2023-10-26 13:00:00,6793.0,6802.0,6790.0,6798.0,21867.0,586054.0,584381.0
2023-10-26 14:00:00,6798.0,6821.0,6795.0,6813.0,64965.0,584381.0,580635.0
2023-10-26 21:00:00,6791.0,6798.0,6771.0,6795.0,146801.0,580635.0,587174.0
2023-10-26 22:00:00,6795.0,6806.0,6782.0,6793.0,62246.0,587174.0,584806.0
2023-10-27 09:00:00,6778.0,6781.0,6749.0,6761.0,137757.0,584806.0,582202.0
2023-10-27 10:00:00,6761.0,6771.0,6759.0,6767.0,24300.0,582202.0,582048.0
2023-10-27 11:00:00,6767.0,6770.0,6754.0,6757.0,20411.0,582048.0,582065.0
2023-10-27 13:00:00,6759.0,6784.0,6759.0,6778.0,46793.0,582065.0,578926.0
2023-10-27 14:00:00,6778.0,6803.0,6774.0,6785.0,72666.0,578926.0,572416.0
2023-10-27 21:00:00,6792.0,6800.0,6778.0,6788.0,81503.0,572416.0,574256.0
2023-10-27 22:00:00,6788.0,6795.0,6774.0,6783.0,60185.0,574256.0,570331.0
2023-10-30 09:00:00,6788.0,6829.0,6785.0,6823.0,124790.0,570331.0,570832.0
2023-10-30 10:00:00,6823.0,6828.0,6813.0,6825.0,36727.0,570832.0,571926.0
2023-10-30 11:00:00,6825.0,6828.0,6817.0,6827.0,19805.0,571926.0,572615.0
2023-10-30 13:00:00,6827.0,6862.0,6825.0,6848.0,87296.0,572615.0,573147.0
2023-10-30 14:00:00,6848.0,6862.0,6845.0,6861.0,63340.0,573147.0,572368.0
2023-10-30 21:00:00,6846.0,6856.0,6833.0,6836.0,92697.0,572368.0,575098.0
2023-10-30 22:00:00,6836.0,6836.0,6801.0,6807.0,70872.0,575098.0,566134.0
2023-10-31 09:00:00,6800.0,6803.0,6781.0,6792.0,98588.0,566134.0,564788.0
2023-10-31 10:00:00,6792.0,6800.0,6774.0,6778.0,44389.0,564788.0,564786.0
2023-10-31 11:00:00,6778.0,6784.0,6772.0,6780.0,28188.0,564786.0,564363.0
2023-10-31 13:00:00,6780.0,6792.0,6777.0,6790.0,23799.0,564363.0,562331.0
2023-10-31 14:00:00,6790.0,6802.0,6786.0,6788.0,52049.0,562331.0,559350.0
2023-10-31 21:00:00,6790.0,6799.0,6774.0,6789.0,105784.0,559350.0,566891.0
2023-10-31 22:00:00,6789.0,6814.0,6785.0,6808.0,67211.0,566891.0,559630.0
2023-11-01 09:00:00,6814.0,6836.0,6805.0,6814.0,89912.0,559630.0,560202.0
2023-11-01 10:00:00,6814.0,6819.0,6802.0,6807.0,36862.0,560202.0,559628.0
2023-11-01 11:00:00,6807.0,6819.0,6806.0,6808.0,18485.0,559628.0,558772.0
2023-11-01 13:00:00,6808.0,6810.0,6792.0,6797.0,36539.0,558772.0,559816.0
2023-11-01 14:00:00,6797.0,6803.0,6785.0,6788.0,62170.0,559816.0,556172.0
2023-11-01 21:00:00,6816.0,6827.0,6805.0,6822.0,122416.0,556172.0,563337.0
2023-11-01 22:00:00,6822.0,6832.0,6814.0,6825.0,60506.0,563337.0,565648.0
2023-11-02 09:00:00,6822.0,6850.0,6819.0,6839.0,86535.0,565648.0,572779.0
2023-11-02 10:00:00,6839.0,6844.0,6827.0,6843.0,36189.0,572779.0,571795.0
2023-11-02 11:00:00,6843.0,6858.0,6841.0,6844.0,50993.0,571795.0,575509.0
2023-11-02 13:00:00,6844.0,6849.0,6840.0,6845.0,19623.0,575509.0,575672.0
2023-11-02 14:00:00,6845.0,6850.0,6836.0,6843.0,49811.0,575672.0,572117.0
2023-11-02 21:00:00,6839.0,6849.0,6829.0,6842.0,81700.0,572117.0,573768.0
2023-11-02 22:00:00,6842.0,6845.0,6834.0,6843.0,39654.0,573768.0,571561.0
2023-11-03 09:00:00,6860.0,6893.0,6856.0,6889.0,137131.0,571561.0,581100.0
2023-11-03 10:00:00,6889.0,6897.0,6885.0,6895.0,39763.0,581100.0,581543.0
2023-11-03 11:00:00,6895.0,6897.0,6884.0,6885.0,23240.0,581543.0,582665.0
2023-11-03 13:00:00,6886.0,6888.0,6877.0,6887.0,27700.0,582665.0,581901.0
2023-11-03 14:00:00,6887.0,6908.0,6885.0,6900.0,70238.0,581901.0,579572.0
2023-11-03 21:00:00,6899.0,6904.0,6885.0,6904.0,86142.0,579572.0,582992.0
2023-11-03 22:00:00,6904.0,6914.0,6896.0,6907.0,57106.0,582992.0,577829.0
2023-11-06 09:00:00,6910.0,6918.0,6882.0,6896.0,74958.0,577829.0,576820.0
2023-11-06 10:00:00,6896.0,6915.0,6894.0,6906.0,34229.0,576820.0,580369.0
2023-11-06 11:00:00,6906.0,6914.0,6904.0,6907.0,13901.0,580369.0,581025.0
2023-11-06 13:00:00,6906.0,6914.0,6901.0,6911.0,19758.0,581025.0,584047.0
2023-11-06 14:00:00,6911.0,6925.0,6908.0,6923.0,65583.0,584047.0,586475.0
2023-11-06 21:00:00,6932.0,6948.0,6918.0,6944.0,103093.0,586475.0,592812.0
2023-11-06 22:00:00,6944.0,6945.0,6932.0,6938.0,43095.0,592812.0,587862.0
2023-11-07 09:00:00,6936.0,6965.0,6933.0,6959.0,74170.0,587862.0,593524.0
2023-11-07 10:00:00,6959.0,6976.0,6955.0,6963.0,46865.0,593524.0,596344.0
2023-11-07 11:00:00,6963.0,6972.0,6961.0,6961.0,19978.0,596344.0,596077.0
2023-11-07 13:00:00,6961.0,6965.0,6955.0,6959.0,24698.0,596077.0,597366.0
2023-11-07 14:00:00,6959.0,6971.0,6943.0,6949.0,70436.0,597366.0,595144.0
2023-11-07 21:00:00,6950.0,6950.0,6924.0,6944.0,90684.0,595144.0,596512.0
2023-11-07 22:00:00,6944.0,6945.0,6932.0,6939.0,34056.0,596512.0,593594.0
2023-11-08 09:00:00,6927.0,6927.0,6894.0,6917.0,88704.0,593594.0,587377.0
2023-11-08 10:00:00,6917.0,6928.0,6913.0,6925.0,28058.0,587377.0,589495.0
2023-11-08 11:00:00,6925.0,6933.0,6923.0,6927.0,16024.0,589495.0,590514.0
2023-11-08 13:00:00,6926.0,6941.0,6919.0,6937.0,23638.0,590514.0,592160.0
2023-11-08 14:00:00,6937.0,6945.0,6932.0,6940.0,35900.0,592160.0,590297.0
2023-11-08 21:00:00,6928.0,6961.0,6924.0,6953.0,87681.0,590297.0,598447.0
2023-11-08 22:00:00,6953.0,6954.0,6934.0,6950.0,43341.0,598447.0,596050.0
2023-11-09 09:00:00,6939.0,6953.0,6931.0,6947.0,42778.0,596050.0,597567.0
2023-11-09 10:00:00,6947.0,6954.0,6933.0,6939.0,32652.0,597567.0,596707.0
2023-11-09 11:00:00,6939.0,6945.0,6934.0,6940.0,14901.0,596707.0,597008.0
2023-11-09 13:00:00,6938.0,6944.0,6928.0,6933.0,29375.0,597008.0,597900.0
2023-11-09 14:00:00,6933.0,6952.0,6931.0,6948.0,44651.0,597900.0,597119.0
2023-11-09 21:00:00,6958.0,7011.0,6956.0,7010.0,157714.0,597119.0,616964.0
2023-11-09 22:00:00,7010.0,7027.0,6991.0,6995.0,110508.0,616964.0,608503.0
2023-11-10 09:00:00,6991.0,7004.0,6980.0,7002.0,56762.0,608503.0,608663.0
2023-11-10 10:00:00,7002.0,7013.0,6992.0,6992.0,36835.0,608663.0,610158.0
2023-11-10 11:00:00,6992.0,7006.0,6990.0,7005.0,17149.0,610158.0,611662.0
2023-11-10 13:00:00,7004.0,7016.0,7000.0,7011.0,26141.0,611662.0,615812.0
2023-11-10 14:00:00,7011.0,7012.0,6998.0,7003.0,37338.0,615812.0,610650.0
2023-11-10 21:00:00,6997.0,6999.0,6980.0,6995.0,56319.0,610650.0,610293.0
2023-11-10 22:00:00,6995.0,7005.0,6982.0,6988.0,46123.0,610293.0,607722.0
2023-11-13 09:00:00,6987.0,6987.0,6921.0,6930.0,121401.0,607722.0,591007.0
2023-11-13 10:00:00,6930.0,6932.0,6906.0,6912.0,49122.0,591007.0,581477.0
2023-11-13 11:00:00,6912.0,6920.0,6906.0,6918.0,19774.0,581477.0,579725.0
2023-11-13 13:00:00,6918.0,6929.0,6918.0,6921.0,19063.0,579725.0,577994.0
2023-11-13 14:00:00,6921.0,6923.0,6908.0,6919.0,39816.0,577994.0,573118.0
2023-11-13 21:00:00,6917.0,6929.0,6901.0,6909.0,84745.0,573118.0,576562.0
2023-11-13 22:00:00,6909.0,6919.0,6897.0,6906.0,39594.0,576562.0,574570.0
2023-11-14 09:00:00,6929.0,6953.0,6929.0,6941.0,79013.0,574570.0,573097.0
2023-11-14 10:00:00,6941.0,6941.0,6926.0,6931.0,27264.0,573097.0,571802.0
2023-11-14 11:00:00,6931.0,6931.0,6919.0,6922.0,15688.0,571802.0,569895.0
2023-11-14 13:00:00,6922.0,6924.0,6914.0,6918.0,19882.0,569895.0,568126.0
2023-11-14 14:00:00,6918.0,6929.0,6916.0,6927.0,27271.0,568126.0,564655.0
2023-11-14 21:00:00,6918.0,6935.0,6895.0,6926.0,105916.0,564655.0,563449.0
2023-11-14 22:00:00,6926.0,6933.0,6911.0,6926.0,51336.0,563449.0,560659.0
2023-11-15 09:00:00,6910.0,6916.0,6885.0,6890.0,68099.0,560659.0,559135.0
2023-11-15 10:00:00,6890.0,6897.0,6871.0,6883.0,81612.0,559135.0,550924.0
2023-11-15 11:00:00,6883.0,6905.0,6883.0,6894.0,30752.0,550924.0,548398.0
2023-11-15 13:00:00,6894.0,6913.0,6893.0,6908.0,30295.0,548398.0,549180.0
2023-11-15 14:00:00,6908.0,6931.0,6902.0,6930.0,50624.0,549180.0,548715.0
2023-11-15 21:00:00,6930.0,6942.0,6914.0,6923.0,75922.0,548715.0,558385.0
2023-11-15 22:00:00,6923.0,6926.0,6911.0,6921.0,40925.0,558385.0,556351.0
2023-11-16 09:00:00,6921.0,6922.0,6904.0,6912.0,38934.0,556351.0,555806.0
2023-11-16 10:00:00,6912.0,6912.0,6891.0,6899.0,40046.0,555806.0,551822.0
2023-11-16 11:00:00,6899.0,6900.0,6885.0,6887.0,28479.0,551822.0,548867.0
2023-11-16 13:00:00,6887.0,6903.0,6884.0,6896.0,23727.0,548867.0,546262.0
2023-11-16 14:00:00,6896.0,6906.0,6894.0,6899.0,34550.0,546262.0,541890.0
2023-11-16 21:00:00,6896.0,6921.0,6886.0,6915.0,92737.0,541890.0,543065.0
2023-11-16 22:00:00,6915.0,6918.0,6897.0,6906.0,51320.0,543065.0,539063.0
2023-11-17 09:00:00,6907.0,6907.0,6872.0,6882.0,79765.0,539063.0,532571.0
2023-11-17 10:00:00,6882.0,6892.0,6878.0,6888.0,28287.0,532571.0,530317.0
2023-11-17 11:00:00,6888.0,6894.0,6886.0,6888.0,16358.0,530317.0,527249.0
2023-11-17 13:00:00,6890.0,6891.0,6879.0,6883.0,18689.0,527249.0,525781.0
2023-11-17 14:00:00,6883.0,6884.0,6846.0,6851.0,120758.0,525781.0,510281.0
2023-11-17 21:00:00,6847.0,6859.0,6835.0,6849.0,88024.0,510281.0,509353.0
2023-11-17 22:00:00,6849.0,6853.0,6835.0,6844.0,42651.0,509353.0,504754.0
2023-11-20 09:00:00,6845.0,6867.0,6835.0,6842.0,68042.0,504754.0,502240.0
2023-11-20 10:00:00,6842.0,6864.0,6842.0,6860.0,25493.0,502240.0,500822.0
2023-11-20 11:00:00,6860.0,6878.0,6854.0,6873.0,26250.0,500822.0,498741.0
2023-11-20 13:00:00,6872.0,6881.0,6865.0,6872.0,25174.0,498741.0,498050.0
2023-11-20 14:00:00,6872.0,6875.0,6854.0,6855.0,35331.0,498050.0,495866.0
2023-11-20 21:00:00,6853.0,6868.0,6845.0,6859.0,61289.0,495866.0,496024.0
2023-11-20 22:00:00,6859.0,6867.0,6848.0,6863.0,44240.0,496024.0,494244.0
2023-11-21 09:00:00,6875.0,6918.0,6875.0,6892.0,105157.0,494244.0,493200.0
2023-11-21 10:00:00,6892.0,6893.0,6874.0,6875.0,33367.0,493200.0,491486.0
2023-11-21 11:00:00,6875.0,6882.0,6864.0,6871.0,24230.0,491486.0,489683.0
2023-11-21 13:00:00,6870.0,6870.0,6853.0,6853.0,28512.0,489683.0,487870.0
2023-11-21 14:00:00,6853.0,6864.0,6841.0,6843.0,59401.0,487870.0,483893.0
2023-11-21 21:00:00,6830.0,6851.0,6822.0,6846.0,90184.0,483893.0,481637.0
2023-11-21 22:00:00,6846.0,6859.0,6842.0,6858.0,41014.0,481637.0,478424.0
2023-11-22 09:00:00,6858.0,6876.0,6856.0,6867.0,53332.0,478424.0,476082.0
2023-11-22 10:00:00,6867.0,6868.0,6840.0,6842.0,31604.0,476082.0,472893.0
2023-11-22 11:00:00,6842.0,6853.0,6835.0,6843.0,27085.0,472893.0,469132.0
2023-11-22 13:00:00,6843.0,6850.0,6838.0,6849.0,16779.0,469132.0,467993.0
2023-11-22 14:00:00,6849.0,6866.0,6849.0,6861.0,44296.0,467993.0,463288.0
2023-11-22 21:00:00,6854.0,6860.0,6833.0,6841.0,86849.0,463288.0,463564.0
2023-11-22 22:00:00,6841.0,6854.0,6835.0,6838.0,47911.0,463564.0,461574.0
2023-11-23 09:00:00,6835.0,6841.0,6818.0,6826.0,72968.0,461574.0,457968.0
2023-11-23 10:00:00,6826.0,6829.0,6811.0,6814.0,49416.0,457968.0,451357.0
2023-11-23 11:00:00,6814.0,6814.0,6802.0,6808.0,33494.0,451357.0,448986.0
2023-11-23 13:00:00,6807.0,6812.0,6800.0,6800.0,26288.0,448986.0,445636.0
2023-11-23 14:00:00,6800.0,6818.0,6795.0,6814.0,70694.0,445636.0,439635.0
2023-11-23 21:00:00,6820.0,6836.0,6816.0,6827.0,70738.0,439635.0,444621.0
2023-11-23 22:00:00,6827.0,6846.0,6826.0,6845.0,52068.0,444621.0,443317.0
2023-11-24 09:00:00,6842.0,6848.0,6823.0,6828.0,39674.0,443317.0,439363.0
2023-11-24 10:00:00,6828.0,6842.0,6828.0,6835.0,20924.0,439363.0,438111.0
2023-11-24 11:00:00,6835.0,6835.0,6826.0,6832.0,11135.0,438111.0,437021.0
2023-11-24 13:00:00,6832.0,6835.0,6825.0,6830.0,11217.0,437021.0,436571.0
2023-11-24 14:00:00,6830.0,6885.0,6829.0,6880.0,94383.0,436571.0,441308.0
2023-11-24 21:00:00,6874.0,6883.0,6836.0,6841.0,90944.0,441308.0,437760.0
2023-11-24 22:00:00,6841.0,6843.0,6825.0,6829.0,40656.0,437760.0,432650.0
2023-11-27 09:00:00,6828.0,6840.0,6808.0,6815.0,62258.0,432650.0,428191.0
2023-11-27 10:00:00,6815.0,6818.0,6804.0,6811.0,23046.0,428191.0,425986.0
2023-11-27 11:00:00,6811.0,6818.0,6804.0,6805.0,16362.0,425986.0,424395.0
2023-11-27 13:00:00,6805.0,6811.0,6801.0,6806.0,15786.0,424395.0,422956.0
2023-11-27 14:00:00,6806.0,6823.0,6804.0,6806.0,34519.0,422956.0,418854.0
2023-11-27 21:00:00,6814.0,6829.0,6792.0,6826.0,88351.0,418854.0,422028.0
2023-11-27 22:00:00,6826.0,6834.0,6816.0,6820.0,28966.0,422028.0,420209.0
2023-11-28 09:00:00,6822.0,6829.0,6805.0,6811.0,33915.0,420209.0,420615.0
2023-11-28 10:00:00,6811.0,6818.0,6804.0,6818.0,16896.0,420615.0,420178.0
2023-11-28 11:00:00,6818.0,6852.0,6816.0,6835.0,48775.0,420178.0,418269.0
2023-11-28 13:00:00,6834.0,6848.0,6823.0,6848.0,22357.0,418269.0,414937.0
2023-11-28 14:00:00,6848.0,6849.0,6837.0,6838.0,34525.0,414937.0,411844.0
2023-11-28 21:00:00,6825.0,6828.0,6803.0,6816.0,81323.0,411844.0,410808.0
2023-11-28 22:00:00,6816.0,6823.0,6799.0,6802.0,42844.0,410808.0,408810.0
2023-11-29 09:00:00,6809.0,6838.0,6807.0,6835.0,56953.0,408810.0,407850.0
2023-11-29 10:00:00,6835.0,6842.0,6808.0,6815.0,43866.0,407850.0,402472.0
2023-11-29 11:00:00,6815.0,6819.0,6805.0,6809.0,21345.0,402472.0,399856.0
2023-11-29 13:00:00,6808.0,6812.0,6805.0,6807.0,12026.0,399856.0,398619.0
2023-11-29 14:00:00,6807.0,6815.0,6790.0,6810.0,65885.0,398619.0,391609.0
2023-11-29 21:00:00,6813.0,6828.0,6806.0,6812.0,61441.0,391609.0,394335.0
2023-11-29 22:00:00,6812.0,6814.0,6781.0,6783.0,57562.0,394335.0,393446.0
2023-11-30 09:00:00,6782.0,6787.0,6754.0,6763.0,84049.0,393446.0,397504.0
2023-11-30 10:00:00,6763.0,6786.0,6761.0,6773.0,37654.0,397504.0,392593.0
2023-11-30 11:00:00,6773.0,6773.0,6766.0,6768.0,14329.0,392593.0,389592.0
2023-11-30 13:00:00,6767.0,6767.0,6747.0,6751.0,31785.0,389592.0,384379.0
2023-11-30 14:00:00,6751.0,6756.0,6732.0,6738.0,54091.0,384379.0,378227.0
2023-11-30 21:00:00,6736.0,6737.0,6715.0,6722.0,95149.0,378227.0,379209.0
2023-11-30 22:00:00,6722.0,6723.0,6705.0,6705.0,46868.0,379209.0,377234.0
2023-12-01 09:00:00,6681.0,6684.0,6635.0,6662.0,146843.0,377234.0,372991.0
2023-12-01 10:00:00,6662.0,6665.0,6603.0,6610.0,78710.0,372991.0,365312.0
2023-12-01 11:00:00,6610.0,6621.0,6599.0,6605.0,34318.0,365312.0,357752.0
2023-12-01 13:00:00,6605.0,6610.0,6590.0,6599.0,28893.0,357752.0,352842.0
2023-12-01 14:00:00,6599.0,6634.0,6597.0,6620.0,62624.0,352842.0,342864.0
2023-12-01 21:00:00,6611.0,6621.0,6576.0,6602.0,135825.0,342864.0,337019.0
2023-12-01 22:00:00,6602.0,6608.0,6569.0,6589.0,67110.0,337019.0,329655.0
2023-12-04 09:00:00,6580.0,6614.0,6555.0,6595.0,96449.0,329655.0,319935.0
2023-12-04 10:00:00,6595.0,6611.0,6586.0,6600.0,36310.0,319935.0,316644.0
2023-12-04 11:00:00,6600.0,6640.0,6598.0,6624.0,36755.0,316644.0,314265.0
2023-12-04 13:00:00,6625.0,6626.0,6603.0,6609.0,21957.0,314265.0,313077.0
2023-12-04 14:00:00,6609.0,6617.0,6601.0,6609.0,31744.0,313077.0,304902.0
2023-12-04 21:00:00,6645.0,6655.0,6591.0,6602.0,97007.0,304902.0,299996.0
2023-12-04 22:00:00,6602.0,6607.0,6589.0,6603.0,25342.0,299996.0,295309.0
2023-12-05 09:00:00,6628.0,6640.0,6602.0,6609.0,55240.0,295309.0,289525.0
2023-12-05 10:00:00,6609.0,6611.0,6579.0,6589.0,31528.0,289525.0,286530.0
2023-12-05 11:00:00,6589.0,6597.0,6586.0,6594.0,10877.0,286530.0,284264.0
2023-12-05 13:00:00,6594.0,6599.0,6564.0,6580.0,32005.0,284264.0,282859.0
2023-12-05 14:00:00,6580.0,6584.0,6557.0,6574.0,42195.0,282859.0,272228.0
2023-12-05 21:00:00,6434.0,6448.0,6327.0,6334.0,228935.0,272228.0,443792.0
2023-12-05 22:00:00,6334.0,6352.0,6284.0,6351.0,175209.0,443792.0,441102.0
2023-12-06 09:00:00,6349.0,6374.0,6316.0,6356.0,104781.0,441102.0,448499.0
2023-12-06 10:00:00,6356.0,6369.0,6350.0,6355.0,32262.0,448499.0,452524.0
2023-12-06 11:00:00,6355.0,6367.0,6336.0,6343.0,26114.0,452524.0,453647.0
2023-12-06 13:00:00,6344.0,6346.0,6316.0,6339.0,42577.0,453647.0,455976.0
2023-12-06 14:00:00,6339.0,6361.0,6332.0,6356.0,52728.0,455976.0,455771.0
2023-12-06 21:00:00,6314.0,6338.0,6287.0,6327.0,175671.0,455771.0,468292.0
2023-12-06 22:00:00,6327.0,6342.0,6272.0,6282.0,110613.0,468292.0,466166.0
2023-12-07 09:00:00,6250.0,6258.0,6159.0,6186.0,208018.0,466166.0,465191.0
2023-12-07 10:00:00,6186.0,6195.0,6174.0,6184.0,33338.0,465191.0,465507.0
2023-12-07 11:00:00,6184.0,6225.0,6184.0,6224.0,48124.0,465507.0,463992.0
2023-12-07 13:00:00,6224.0,6236.0,6219.0,6233.0,38766.0,463992.0,463617.0
2023-12-07 14:00:00,6233.0,6307.0,6233.0,6282.0,133650.0,463617.0,458812.0
2023-12-07 21:00:00,6277.0,6306.0,6223.0,6299.0,202334.0,458812.0,467387.0
2023-12-07 22:00:00,6299.0,6300.0,6261.0,6275.0,101997.0,467387.0,463865.0
2023-12-08 09:00:00,6277.0,6322.0,6266.0,6320.0,114519.0,463865.0,464451.0
2023-12-08 10:00:00,6320.0,6352.0,6310.0,6323.0,82535.0,464451.0,463117.0
2023-12-08 11:00:00,6323.0,6325.0,6308.0,6313.0,26890.0,463117.0,460799.0
2023-12-08 13:00:00,6313.0,6340.0,6313.0,6331.0,35652.0,460799.0,461831.0
2023-12-08 14:00:00,6331.0,6394.0,6328.0,6371.0,124394.0,461831.0,456419.0
2023-12-08 21:00:00,6357.0,6367.0,6312.0,6323.0,153904.0,456419.0,463271.0
2023-12-08 22:00:00,6323.0,6340.0,6304.0,6325.0,89111.0,463271.0,461626.0
2023-12-11 09:00:00,6322.0,6344.0,6310.0,6313.0,96621.0,461626.0,463169.0
2023-12-11 10:00:00,6313.0,6322.0,6275.0,6278.0,79184.0,463169.0,467614.0
2023-12-11 11:00:00,6278.0,6293.0,6273.0,6278.0,29263.0,467614.0,468194.0
2023-12-11 13:00:00,6277.0,6310.0,6275.0,6302.0,39205.0,468194.0,466880.0
2023-12-11 14:00:00,6302.0,6314.0,6286.0,6294.0,55840.0,466880.0,465890.0
2023-12-11 21:00:00,6230.0,6261.0,6205.0,6237.0,241421.0,465890.0,482221.0
2023-12-11 22:00:00,6237.0,6251.0,6230.0,6237.0,65378.0,482221.0,478664.0
2023-12-12 09:00:00,6239.0,6267.0,6226.0,6256.0,76553.0,478664.0,475809.0
2023-12-12 10:00:00,6256.0,6271.0,6252.0,6253.0,34585.0,475809.0,476800.0
2023-12-12 11:00:00,6253.0,6257.0,6241.0,6248.0,21301.0,476800.0,478330.0
2023-12-12 13:00:00,6249.0,6255.0,6234.0,6248.0,28030.0,478330.0,477702.0
2023-12-12 14:00:00,6248.0,6259.0,6243.0,6252.0,41129.0,477702.0,476308.0
2023-12-12 21:00:00,6198.0,6249.0,6183.0,6242.0,170125.0,476308.0,484509.0
2023-12-12 22:00:00,6242.0,6250.0,6226.0,6249.0,65196.0,484509.0,481581.0
2023-12-13 09:00:00,6270.0,6303.0,6256.0,6262.0,106126.0,481581.0,482470.0
2023-12-13 10:00:00,6262.0,6296.0,6260.0,6281.0,73345.0,482470.0,488253.0
2023-12-13 11:00:00,6281.0,6290.0,6272.0,6281.0,28262.0,488253.0,486596.0
2023-12-13 13:00:00,6281.0,6282.0,6271.0,6278.0,26297.0,486596.0,486375.0
2023-12-13 14:00:00,6278.0,6289.0,6272.0,6279.0,49621.0,486375.0,485275.0
2023-12-13 21:00:00,6313.0,6324.0,6276.0,6285.0,141515.0,485275.0,492620.0
2023-12-13 22:00:00,6285.0,6285.0,6254.0,6264.0,86177.0,492620.0,491626.0
2023-12-14 09:00:00,6229.0,6277.0,6210.0,6267.0,99722.0,491626.0,487364.0
2023-12-14 10:00:00,6267.0,6268.0,6237.0,6256.0,60502.0,487364.0,484746.0
2023-12-14 11:00:00,6256.0,6265.0,6243.0,6247.0,21902.0,484746.0,483712.0
2023-12-14 13:00:00,6249.0,6251.0,6235.0,6240.0,23976.0,483712.0,486000.0
2023-12-14 14:00:00,6240.0,6244.0,6230.0,6239.0,38176.0,486000.0,485768.0
2023-12-14 21:00:00,6242.0,6256.0,6219.0,6227.0,136999.0,485768.0,485979.0
2023-12-14 22:00:00,6227.0,6232.0,6190.0,6200.0,176429.0,485979.0,496354.0
2023-12-15 09:00:00,6271.0,6290.0,6238.0,6251.0,162091.0,496354.0,490353.0
2023-12-15 10:00:00,6251.0,6265.0,6246.0,6246.0,38217.0,490353.0,491246.0
2023-12-15 11:00:00,6246.0,6254.0,6242.0,6246.0,20821.0,491246.0,492544.0
2023-12-15 13:00:00,6245.0,6245.0,6222.0,6225.0,44874.0,492544.0,497711.0
2023-12-15 14:00:00,6225.0,6240.0,6222.0,6238.0,67180.0,497711.0,488345.0
2023-12-15 21:00:00,6228.0,6242.0,6215.0,6239.0,102201.0,488345.0,492345.0
2023-12-15 22:00:00,6239.0,6260.0,6227.0,6251.0,87134.0,492345.0,481656.0
2023-12-18 09:00:00,6225.0,6250.0,6185.0,6218.0,146938.0,481656.0,487520.0
2023-12-18 10:00:00,6218.0,6236.0,6218.0,6223.0,46438.0,487520.0,485098.0
2023-12-18 11:00:00,6223.0,6224.0,6207.0,6208.0,27447.0,485098.0,486484.0
2023-12-18 13:00:00,6208.0,6215.0,6201.0,6203.0,24880.0,486484.0,488985.0
2023-12-18 14:00:00,6203.0,6215.0,6181.0,6214.0,96636.0,488985.0,490094.0
2023-12-18 21:00:00,6181.0,6207.0,6138.0,6145.0,245921.0,490094.0,528986.0
2023-12-18 22:00:00,6145.0,6167.0,6141.0,6166.0,90921.0,528986.0,518981.0
2023-12-19 09:00:00,6156.0,6162.0,6146.0,6158.0,73471.0,518981.0,517874.0
2023-12-19 10:00:00,6158.0,6204.0,6157.0,6179.0,116607.0,517874.0,506443.0
2023-12-19 11:00:00,6179.0,6186.0,6179.0,6179.0,15109.0,506443.0,506780.0
2023-12-19 13:00:00,6179.0,6179.0,6153.0,6157.0,57672.0,506780.0,508725.0
2023-12-19 14:00:00,6157.0,6163.0,6105.0,6106.0,152432.0,508725.0,523702.0
2023-12-19 21:00:00,6124.0,6138.0,6116.0,6125.0,155341.0,523702.0,526538.0
2023-12-19 22:00:00,6125.0,6144.0,6117.0,6126.0,85307.0,526538.0,517894.0
2023-12-20 09:00:00,6136.0,6167.0,6134.0,6144.0,136227.0,517894.0,519605.0
2023-12-20 10:00:00,6144.0,6150.0,6133.0,6148.0,47287.0,519605.0,515966.0
2023-12-20 11:00:00,6148.0,6159.0,6146.0,6157.0,22394.0,515966.0,513712.0
2023-12-20 13:00:00,6158.0,6182.0,6158.0,6169.0,57434.0,513712.0,513920.0
2023-12-20 14:00:00,6169.0,6182.0,6166.0,6170.0,55761.0,513920.0,509731.0
2023-12-20 21:00:00,6170.0,6215.0,6162.0,6199.0,201280.0,509731.0,512140.0
2023-12-20 22:00:00,6199.0,6210.0,6183.0,6206.0,87401.0,512140.0,505761.0
2023-12-21 09:00:00,6161.0,6168.0,6137.0,6162.0,125207.0,505761.0,500113.0
2023-12-21 10:00:00,6162.0,6173.0,6142.0,6150.0,54384.0,500113.0,498163.0
2023-12-21 11:00:00,6150.0,6160.0,6148.0,6155.0,19816.0,498163.0,496335.0
2023-12-21 13:00:00,6156.0,6185.0,6156.0,6178.0,44994.0,496335.0,493646.0
2023-12-21 14:00:00,6178.0,6198.0,6173.0,6195.0,69900.0,493646.0,488422.0
2023-12-21 21:00:00,6152.0,6185.0,6147.0,6180.0,153005.0,488422.0,497337.0
2023-12-21 22:00:00,6180.0,6202.0,6170.0,6187.0,107733.0,497337.0,498433.0
2023-12-22 09:00:00,6203.0,6210.0,6177.0,6192.0,72772.0,498433.0,498430.0
2023-12-22 10:00:00,6192.0,6247.0,6186.0,6242.0,98560.0,498430.0,490433.0
2023-12-22 11:00:00,6242.0,6253.0,6232.0,6244.0,42591.0,490433.0,486048.0
2023-12-22 13:00:00,6243.0,6267.0,6235.0,6262.0,42633.0,486048.0,485303.0
2023-12-22 14:00:00,6262.0,6263.0,6231.0,6248.0,66688.0,485303.0,480249.0
2023-12-22 21:00:00,6255.0,6283.0,6241.0,6246.0,151616.0,480249.0,484465.0
2023-12-22 22:00:00,6246.0,6268.0,6245.0,6260.0,49734.0,484465.0,477810.0
2023-12-25 09:00:00,6260.0,6277.0,6246.0,6253.0,76639.0,477810.0,479435.0
2023-12-25 10:00:00,6253.0,6258.0,6227.0,6230.0,53808.0,479435.0,484183.0
2023-12-25 11:00:00,6230.0,6242.0,6229.0,6242.0,17572.0,484183.0,483581.0
2023-12-25 13:00:00,6242.0,6249.0,6235.0,6238.0,20264.0,483581.0,484508.0
2023-12-25 14:00:00,6238.0,6242.0,6230.0,6237.0,31664.0,484508.0,481316.0
2023-12-25 21:00:00,6237.0,6250.0,6217.0,6231.0,107832.0,481316.0,485440.0
2023-12-25 22:00:00,6231.0,6243.0,6230.0,6240.0,38397.0,485440.0,480180.0
2023-12-26 09:00:00,6241.0,6247.0,6233.0,6238.0,41116.0,480180.0,480501.0
2023-12-26 10:00:00,6238.0,6262.0,6238.0,6260.0,39569.0,480501.0,480316.0
2023-12-26 11:00:00,6260.0,6290.0,6259.0,6282.0,57507.0,480316.0,483296.0
2023-12-26 13:00:00,6282.0,6305.0,6282.0,6298.0,72838.0,483296.0,482262.0
2023-12-26 14:00:00,6298.0,6300.0,6274.0,6288.0,58285.0,482262.0,476235.0
2023-12-26 21:00:00,6290.0,6294.0,6256.0,6266.0,122045.0,476235.0,482616.0
2023-12-26 22:00:00,6266.0,6283.0,6261.0,6272.0,63039.0,482616.0,477610.0
2023-12-27 09:00:00,6271.0,6283.0,6263.0,6276.0,45937.0,477610.0,478504.0
2023-12-27 10:00:00,6276.0,6279.0,6258.0,6275.0,36665.0,478504.0,478254.0
2023-12-27 11:00:00,6275.0,6280.0,6272.0,6277.0,9547.0,478254.0,477449.0
2023-12-27 13:00:00,6277.0,6287.0,6275.0,6284.0,19216.0,477449.0,476033.0
2023-12-27 14:00:00,6284.0,6286.0,6275.0,6280.0,23046.0,476033.0,473032.0
2023-12-27 21:00:00,6262.0,6302.0,6261.0,6279.0,120784.0,473032.0,471359.0
2023-12-27 22:00:00,6279.0,6322.0,6278.0,6316.0,94157.0,471359.0,469690.0
2023-12-28 09:00:00,6316.0,6320.0,6291.0,6293.0,76585.0,469690.0,467269.0
2023-12-28 10:00:00,6293.0,6307.0,6292.0,6297.0,32342.0,467269.0,465901.0
2023-12-28 11:00:00,6297.0,6300.0,6280.0,6289.0,26726.0,465901.0,463621.0
2023-12-28 13:00:00,6289.0,6296.0,6285.0,6291.0,17006.0,463621.0,463102.0
2023-12-28 14:00:00,6291.0,6299.0,6283.0,6298.0,34038.0,463102.0,458783.0
2023-12-28 21:00:00,6295.0,6299.0,6269.0,6277.0,87594.0,458783.0,460890.0
2023-12-28 22:00:00,6277.0,6291.0,6273.0,6286.0,41041.0,460890.0,457718.0
2023-12-29 09:00:00,6363.0,6385.0,6330.0,6333.0,192899.0,457718.0,464097.0
2023-12-29 10:00:00,6333.0,6348.0,6327.0,6342.0,41007.0,464097.0,464558.0
2023-12-29 11:00:00,6342.0,6351.0,6334.0,6336.0,22749.0,464558.0,461918.0
2023-12-29 13:00:00,6337.0,6339.0,6311.0,6317.0,38851.0,461918.0,463127.0
2023-12-29 14:00:00,6317.0,6319.0,6299.0,6307.0,58241.0,463127.0,456067.0
2024-01-02 09:00:00,6260.0,6277.0,6233.0,6256.0,113487.0,456067.0,460085.0
2024-01-02 10:00:00,6256.0,6282.0,6243.0,6280.0,44241.0,460085.0,460797.0
2024-01-02 11:00:00,6280.0,6296.0,6277.0,6291.0,31095.0,460797.0,455791.0
2024-01-02 13:00:00,6290.0,6290.0,6275.0,6285.0,19680.0,455791.0,452780.0
2024-01-02 14:00:00,6285.0,6305.0,6285.0,6304.0,46077.0,452780.0,449414.0
2024-01-02 21:00:00,6302.0,6333.0,6292.0,6328.0,98711.0,449414.0,456624.0
2024-01-02 22:00:00,6328.0,6328.0,6308.0,6315.0,45058.0,456624.0,454728.0
2024-01-03 09:00:00,6293.0,6315.0,6285.0,6311.0,69598.0,454728.0,453543.0
2024-01-03 10:00:00,6311.0,6317.0,6304.0,6310.0,20911.0,453543.0,455225.0
2024-01-03 11:00:00,6310.0,6324.0,6307.0,6318.0,16132.0,455225.0,455413.0
2024-01-03 13:00:00,6317.0,6326.0,6317.0,6319.0,16204.0,455413.0,457704.0
2024-01-03 14:00:00,6319.0,6332.0,6315.0,6330.0,45464.0,457704.0,451670.0
2024-01-03 21:00:00,6338.0,6342.0,6312.0,6330.0,87529.0,451670.0,458349.0
2024-01-03 22:00:00,6330.0,6330.0,6314.0,6319.0,32531.0,458349.0,453699.0
2024-01-04 09:00:00,6309.0,6327.0,6301.0,6307.0,47083.0,453699.0,454506.0
2024-01-04 10:00:00,6307.0,6319.0,6286.0,6290.0,39847.0,454506.0,453312.0
2024-01-04 11:00:00,6290.0,6305.0,6288.0,6296.0,17599.0,453312.0,452449.0
2024-01-04 13:00:00,6296.0,6306.0,6288.0,6305.0,20463.0,452449.0,452717.0
2024-01-04 14:00:00,6305.0,6330.0,6303.0,6324.0,49269.0,452717.0,449451.0
2024-01-04 21:00:00,6331.0,6343.0,6326.0,6331.0,73750.0,449451.0,455929.0
2024-01-04 22:00:00,6331.0,6332.0,6302.0,6311.0,61465.0,455929.0,452129.0
2024-01-05 09:00:00,6311.0,6332.0,6310.0,6329.0,38047.0,452129.0,454714.0
2024-01-05 10:00:00,6329.0,6336.0,6308.0,6317.0,34569.0,454714.0,454431.0
2024-01-05 11:00:00,6317.0,6323.0,6313.0,6315.0,9046.0,454431.0,454369.0
2024-01-05 13:00:00,6314.0,6319.0,6298.0,6317.0,23773.0,454369.0,455136.0
2024-01-05 14:00:00,6317.0,6326.0,6304.0,6308.0,41212.0,455136.0,451745.0
2024-01-05 21:00:00,6291.0,6310.0,6272.0,6303.0,121918.0,451745.0,456670.0
2024-01-05 22:00:00,6303.0,6322.0,6296.0,6322.0,42650.0,456670.0,453275.0
2024-01-08 09:00:00,6325.0,6338.0,6306.0,6309.0,67528.0,453275.0,455195.0
2024-01-08 10:00:00,6309.0,6313.0,6292.0,6305.0,37446.0,455195.0,455627.0
2024-01-08 11:00:00,6305.0,6314.0,6299.0,6305.0,15081.0,455627.0,456430.0
2024-01-08 13:00:00,6305.0,6323.0,6304.0,6321.0,18517.0,456430.0,457136.0
2024-01-08 14:00:00,6321.0,6329.0,6307.0,6313.0,42279.0,457136.0,451980.0
2024-01-08 21:00:00,6328.0,6344.0,6302.0,6315.0,103714.0,451980.0,455733.0
2024-01-08 22:00:00,6315.0,6325.0,6305.0,6309.0,51185.0,455733.0,448583.0
2024-01-09 09:00:00,6318.0,6347.0,6306.0,6313.0,123559.0,448583.0,448985.0
2024-01-09 10:00:00,6313.0,6333.0,6311.0,6328.0,30308.0,448985.0,446905.0
2024-01-09 11:00:00,6328.0,6334.0,6324.0,6333.0,12216.0,446905.0,445441.0
2024-01-09 13:00:00,6334.0,6334.0,6310.0,6312.0,28383.0,445441.0,441506.0
2024-01-09 14:00:00,6312.0,6318.0,6308.0,6316.0,39875.0,441506.0,436387.0
2024-01-09 21:00:00,6324.0,6332.0,6317.0,6318.0,67442.0,436387.0,431365.0
2024-01-09 22:00:00,6318.0,6338.0,6316.0,6328.0,64479.0,431365.0,426814.0
2024-01-10 09:00:00,6326.0,6326.0,6267.0,6275.0,134602.0,426814.0,429602.0
2024-01-10 10:00:00,6275.0,6286.0,6263.0,6267.0,40759.0,429602.0,429300.0
2024-01-10 11:00:00,6267.0,6268.0,6228.0,6238.0,69759.0,429300.0,429821.0
2024-01-10 13:00:00,6237.0,6237.0,6213.0,6216.0,48367.0,429821.0,437125.0
2024-01-10 14:00:00,6216.0,6220.0,6197.0,6218.0,87089.0,437125.0,433600.0
2024-01-10 21:00:00,6239.0,6253.0,6225.0,6245.0,113911.0,433600.0,436751.0
2024-01-10 22:00:00,6245.0,6248.0,6229.0,6232.0,43068.0,436751.0,436385.0
2024-01-11 09:00:00,6203.0,6238.0,6203.0,6222.0,59576.0,436385.0,435102.0
2024-01-11 10:00:00,6222.0,6249.0,6219.0,6245.0,39246.0,435102.0,433307.0
2024-01-11 11:00:00,6245.0,6288.0,6243.0,6286.0,64700.0,433307.0,429077.0
2024-01-11 13:00:00,6285.0,6299.0,6275.0,6282.0,59146.0,429077.0,427214.0
2024-01-11 14:00:00,6282.0,6285.0,6272.0,6282.0,38020.0,427214.0,421125.0
2024-01-11 21:00:00,6284.0,6286.0,6269.0,6279.0,59550.0,421125.0,421441.0
2024-01-11 22:00:00,6279.0,6292.0,6273.0,6279.0,53307.0,421441.0,416746.0
2024-01-12 09:00:00,6286.0,6295.0,6278.0,6289.0,47524.0,416746.0,417345.0
2024-01-12 10:00:00,6289.0,6294.0,6272.0,6276.0,32787.0,417345.0,414836.0
2024-01-12 11:00:00,6276.0,6287.0,6260.0,6274.0,36471.0,414836.0,411151.0
2024-01-12 13:00:00,6273.0,6276.0,6265.0,6270.0,19357.0,411151.0,408985.0
2024-01-12 14:00:00,6270.0,6286.0,6268.0,6281.0,37635.0,408985.0,402779.0
2024-01-12 21:00:00,6276.0,6315.0,6274.0,6305.0,89487.0,402779.0,401167.0
2024-01-12 22:00:00,6305.0,6319.0,6295.0,6311.0,44328.0,401167.0,399148.0
2024-01-15 09:00:00,6304.0,6304.0,6266.0,6282.0,88658.0,399148.0,391562.0
2024-01-15 10:00:00,6282.0,6289.0,6264.0,6271.0,36020.0,391562.0,392261.0
2024-01-15 11:00:00,6271.0,6278.0,6256.0,6266.0,24743.0,392261.0,393315.0
2024-01-15 13:00:00,6266.0,6279.0,6258.0,6276.0,22194.0,393315.0,392443.0
2024-01-15 14:00:00,6276.0,6278.0,6263.0,6269.0,31280.0,392443.0,388910.0
2024-01-15 21:00:00,6272.0,6278.0,6242.0,6263.0,99608.0,388910.0,395789.0
2024-01-15 22:00:00,6263.0,6272.0,6259.0,6264.0,28035.0,395789.0,394111.0
2024-01-16 09:00:00,6258.0,6288.0,6250.0,6283.0,71587.0,394111.0,393466.0
2024-01-16 10:00:00,6283.0,6295.0,6277.0,6293.0,37919.0,393466.0,393078.0
2024-01-16 11:00:00,6293.0,6298.0,6286.0,6289.0,19949.0,393078.0,393958.0
2024-01-16 13:00:00,6288.0,6298.0,6285.0,6295.0,20353.0,393958.0,395780.0
2024-01-16 14:00:00,6295.0,6296.0,6284.0,6293.0,32130.0,395780.0,392082.0
2024-01-16 21:00:00,6316.0,6334.0,6306.0,6313.0,105246.0,392082.0,402517.0
2024-01-16 22:00:00,6313.0,6321.0,6309.0,6313.0,32766.0,402517.0,400850.0
2024-01-17 09:00:00,6335.0,6358.0,6328.0,6349.0,119713.0,400850.0,410800.0
2024-01-17 10:00:00,6349.0,6355.0,6330.0,6347.0,45003.0,410800.0,411987.0
2024-01-17 11:00:00,6347.0,6355.0,6343.0,6345.0,15616.0,411987.0,412658.0
2024-01-17 13:00:00,6345.0,6351.0,6336.0,6348.0,21313.0,412658.0,413153.0
2024-01-17 14:00:00,6348.0,6356.0,6342.0,6345.0,46070.0,413153.0,408591.0
2024-01-17 21:00:00,6354.0,6364.0,6343.0,6349.0,92588.0,408591.0,413740.0
2024-01-17 22:00:00,6349.0,6356.0,6339.0,6345.0,51411.0,413740.0,410625.0
2024-01-18 09:00:00,6332.0,6345.0,6325.0,6343.0,54840.0,410625.0,408293.0
2024-01-18 10:00:00,6343.0,6345.0,6318.0,6325.0,35702.0,408293.0,404055.0
2024-01-18 11:00:00,6325.0,6331.0,6319.0,6330.0,17708.0,404055.0,403856.0
2024-01-18 13:00:00,6330.0,6335.0,6324.0,6331.0,15949.0,403856.0,402549.0
2024-01-18 14:00:00,6331.0,6346.0,6329.0,6340.0,34416.0,402549.0,398621.0
2024-01-18 21:00:00,6352.0,6355.0,6337.0,6343.0,66666.0,398621.0,404843.0
2024-01-18 22:00:00,6343.0,6356.0,6340.0,6343.0,37536.0,404843.0,404180.0
2024-01-19 09:00:00,6378.0,6391.0,6369.0,6380.0,113023.0,404180.0,412632.0
2024-01-19 10:00:00,6380.0,6398.0,6376.0,6395.0,44703.0,412632.0,415740.0
2024-01-19 11:00:00,6395.0,6402.0,6392.0,6392.0,30005.0,415740.0,417579.0
2024-01-19 13:00:00,6391.0,6401.0,6383.0,6398.0,30823.0,417579.0,416544.0
2024-01-19 14:00:00,6398.0,6401.0,6388.0,6390.0,38484.0,416544.0,411418.0
2024-01-19 21:00:00,6392.0,6409.0,6385.0,6406.0,92249.0,411418.0,419217.0
2024-01-19 22:00:00,6406.0,6420.0,6402.0,6418.0,52773.0,419217.0,419777.0
2024-01-22 09:00:00,6418.0,6425.0,6403.0,6424.0,60868.0,419777.0,419711.0
2024-01-22 10:00:00,6424.0,6435.0,6413.0,6430.0,37334.0,419711.0,419904.0
2024-01-22 11:00:00,6430.0,6444.0,6428.0,6432.0,25388.0,419904.0,419713.0
2024-01-22 13:00:00,6430.0,6438.0,6424.0,6438.0,20657.0,419713.0,421085.0
2024-01-22 14:00:00,6438.0,6450.0,6435.0,6448.0,51005.0,421085.0,421710.0
2024-01-22 21:00:00,6445.0,6445.0,6427.0,6440.0,76002.0,421710.0,427640.0
2024-01-22 22:00:00,6440.0,6450.0,6430.0,6433.0,39891.0,427640.0,427659.0
2024-01-23 09:00:00,6431.0,6437.0,6422.0,6433.0,49009.0,427659.0,427788.0
2024-01-23 10:00:00,6433.0,6442.0,6431.0,6437.0,20434.0,427788.0,429243.0
2024-01-23 11:00:00,6437.0,6444.0,6437.0,6442.0,13278.0,429243.0,429567.0
2024-01-23 13:00:00,6443.0,6447.0,6436.0,6444.0,16187.0,429567.0,432484.0
2024-01-23 14:00:00,6444.0,6449.0,6439.0,6443.0,29382.0,432484.0,431359.0
2024-01-23 21:00:00,6440.0,6445.0,6423.0,6442.0,71992.0,431359.0,437525.0
2024-01-23 22:00:00,6442.0,6477.0,6434.0,6472.0,86906.0,437525.0,441185.0
2024-01-24 09:00:00,6469.0,6477.0,6459.0,6475.0,55555.0,441185.0,443452.0
2024-01-24 10:00:00,6475.0,6490.0,6469.0,6487.0,39151.0,443452.0,449002.0
2024-01-24 11:00:00,6487.0,6489.0,6481.0,6482.0,17020.0,449002.0,449577.0
2024-01-24 13:00:00,6481.0,6487.0,6477.0,6482.0,13942.0,449577.0,450749.0
2024-01-24 14:00:00,6482.0,6486.0,6473.0,6474.0,34180.0,450749.0,447454.0
2024-01-24 21:00:00,6484.0,6490.0,6461.0,6463.0,71777.0,447454.0,451877.0
2024-01-24 22:00:00,6463.0,6475.0,6446.0,6448.0,61680.0,451877.0,446839.0
2024-01-25 09:00:00,6499.0,6527.0,6490.0,6494.0,146258.0,446839.0,451731.0
2024-01-25 10:00:00,6494.0,6505.0,6485.0,6505.0,31771.0,451731.0,452072.0
2024-01-25 11:00:00,6505.0,6513.0,6501.0,6507.0,15990.0,452072.0,452226.0
2024-01-25 13:00:00,6507.0,6513.0,6498.0,6500.0,18962.0,452226.0,453615.0
2024-01-25 14:00:00,6500.0,6511.0,6499.0,6506.0,26522.0,453615.0,454811.0
2024-01-25 21:00:00,6514.0,6537.0,6501.0,6537.0,111191.0,454811.0,469013.0
2024-01-25 22:00:00,6537.0,6539.0,6506.0,6512.0,81681.0,469013.0,461057.0
2024-01-26 09:00:00,6496.0,6496.0,6436.0,6444.0,126396.0,461057.0,447101.0
2024-01-26 10:00:00,6444.0,6452.0,6439.0,6450.0,25237.0,447101.0,444422.0
2024-01-26 11:00:00,6450.0,6453.0,6446.0,6449.0,13064.0,444422.0,444573.0
2024-01-26 13:00:00,6447.0,6460.0,6446.0,6457.0,17624.0,444573.0,443986.0
2024-01-26 14:00:00,6457.0,6459.0,6437.0,6439.0,37958.0,443986.0,443338.0
2024-01-26 21:00:00,6454.0,6464.0,6430.0,6435.0,84760.0,443338.0,447984.0
2024-01-26 22:00:00,6435.0,6453.0,6426.0,6449.0,63092.0,447984.0,447988.0
2024-01-29 09:00:00,6448.0,6481.0,6439.0,6469.0,70144.0,447988.0,448241.0
2024-01-29 10:00:00,6469.0,6494.0,6468.0,6488.0,37240.0,448241.0,449868.0
2024-01-29 11:00:00,6488.0,6488.0,6471.0,6472.0,15578.0,449868.0,449823.0
2024-01-29 13:00:00,6470.0,6471.0,6446.0,6448.0,30452.0,449823.0,451831.0
2024-01-29 14:00:00,6448.0,6481.0,6445.0,6473.0,47085.0,451831.0,448852.0
2024-01-29 21:00:00,6497.0,6502.0,6476.0,6482.0,80633.0,448852.0,455261.0
2024-01-29 22:00:00,6482.0,6483.0,6449.0,6453.0,60565.0,455261.0,450209.0
2024-01-30 09:00:00,6450.0,6461.0,6437.0,6459.0,52518.0,450209.0,451679.0
2024-01-30 10:00:00,6459.0,6468.0,6447.0,6455.0,24900.0,451679.0,450198.0
2024-01-30 11:00:00,6455.0,6465.0,6451.0,6453.0,12297.0,450198.0,449906.0
2024-01-30 13:00:00,6454.0,6456.0,6443.0,6446.0,17193.0,449906.0,451778.0
2024-01-30 14:00:00,6446.0,6458.0,6435.0,6439.0,40740.0,451778.0,450715.0
2024-01-30 21:00:00,6445.0,6458.0,6435.0,6439.0,77285.0,450715.0,455976.0
2024-01-30 22:00:00,6439.0,6457.0,6415.0,6451.0,95856.0,455976.0,453650.0
2024-01-31 09:00:00,6478.0,6496.0,6457.0,6459.0,61939.0,453650.0,451717.0
2024-01-31 10:00:00,6459.0,6462.0,6452.0,6460.0,20755.0,451717.0,449605.0
2024-01-31 11:00:00,6460.0,6474.0,6460.0,6467.0,18587.0,449605.0,448452.0
2024-01-31 13:00:00,6468.0,6478.0,6463.0,6475.0,17678.0,448452.0,448304.0
2024-01-31 14:00:00,6475.0,6480.0,6457.0,6461.0,36127.0,448304.0,443521.0
2024-01-31 21:00:00,6456.0,6485.0,6451.0,6483.0,73698.0,443521.0,451380.0
2024-01-31 22:00:00,6483.0,6485.0,6470.0,6480.0,41113.0,451380.0,451441.0
2024-02-01 09:00:00,6480.0,6490.0,6459.0,6464.0,52539.0,451441.0,446250.0
2024-02-01 10:00:00,6464.0,6485.0,6463.0,6484.0,26063.0,446250.0,450167.0
2024-02-01 11:00:00,6484.0,6489.0,6480.0,6485.0,15338.0,450167.0,453205.0
2024-02-01 13:00:00,6483.0,6485.0,6465.0,6469.0,22771.0,453205.0,449651.0
2024-02-01 14:00:00,6469.0,6477.0,6460.0,6471.0,29410.0,449651.0,447027.0
2024-02-01 21:00:00,6472.0,6522.0,6464.0,6517.0,133542.0,447027.0,473741.0
2024-02-01 22:00:00,6517.0,6524.0,6489.0,6507.0,102119.0,473741.0,468446.0
2024-02-02 09:00:00,6485.0,6486.0,6452.0,6469.0,105952.0,468446.0,461279.0
2024-02-02 10:00:00,6469.0,6478.0,6456.0,6465.0,30249.0,461279.0,459000.0
2024-02-02 11:00:00,6465.0,6467.0,6458.0,6465.0,9134.0,459000.0,458701.0
2024-02-02 13:00:00,6459.0,6467.0,6451.0,6465.0,24961.0,458701.0,457537.0
2024-02-02 14:00:00,6465.0,6500.0,6463.0,6482.0,73982.0,457537.0,458440.0
2024-02-02 21:00:00,6480.0,6517.0,6475.0,6509.0,98228.0,458440.0,474415.0
2024-02-02 22:00:00,6509.0,6525.0,6502.0,6523.0,60036.0,474415.0,476386.0
2024-02-05 09:00:00,6527.0,6588.0,6527.0,6577.0,150435.0,476386.0,491534.0
2024-02-05 10:00:00,6577.0,6584.0,6543.0,6543.0,56182.0,491534.0,481987.0
2024-02-05 11:00:00,6543.0,6551.0,6537.0,6550.0,34055.0,481987.0,475131.0
2024-02-05 13:00:00,6553.0,6556.0,6545.0,6549.0,17662.0,475131.0,474248.0
2024-02-05 14:00:00,6549.0,6549.0,6525.0,6538.0,55260.0,474248.0,467985.0
2024-02-05 21:00:00,6547.0,6550.0,6514.0,6525.0,84921.0,467985.0,468999.0
2024-02-05 22:00:00,6525.0,6530.0,6506.0,6513.0,53924.0,468999.0,462455.0
2024-02-06 09:00:00,6501.0,6514.0,6490.0,6510.0,71229.0,462455.0,457055.0
2024-02-06 10:00:00,6510.0,6515.0,6484.0,6488.0,44234.0,457055.0,449781.0
2024-02-06 11:00:00,6488.0,6499.0,6485.0,6490.0,19991.0,449781.0,448971.0
2024-02-06 13:00:00,6492.0,6507.0,6492.0,6501.0,21493.0,448971.0,448136.0
2024-02-06 14:00:00,6501.0,6505.0,6491.0,6494.0,31847.0,448136.0,443880.0
2024-02-06 21:00:00,6514.0,6527.0,6486.0,6490.0,83281.0,443880.0,442987.0
2024-02-06 22:00:00,6490.0,6508.0,6488.0,6505.0,34058.0,442987.0,439182.0
2024-02-07 09:00:00,6506.0,6515.0,6496.0,6513.0,33545.0,439182.0,436742.0
2024-02-07 10:00:00,6513.0,6526.0,6513.0,6525.0,40741.0,436742.0,435843.0
2024-02-07 11:00:00,6525.0,6525.0,6504.0,6518.0,21842.0,435843.0,431165.0
2024-02-07 13:00:00,6519.0,6530.0,6513.0,6525.0,16846.0,431165.0,431194.0
2024-02-07 14:00:00,6525.0,6547.0,6521.0,6547.0,42286.0,431194.0,428806.0
2024-02-07 21:00:00,6559.0,6596.0,6550.0,6579.0,98073.0,428806.0,433199.0
2024-02-07 22:00:00,6579.0,6585.0,6570.0,6584.0,24605.0,433199.0,431351.0
2024-02-08 09:00:00,6567.0,6576.0,6560.0,6568.0,33986.0,431351.0,426938.0
2024-02-08 10:00:00,6568.0,6569.0,6557.0,6560.0,14168.0,426938.0,424120.0
2024-02-08 11:00:00,6560.0,6566.0,6556.0,6562.0,7572.0,424120.0,422601.0
2024-02-08 13:00:00,6561.0,6564.0,6549.0,6563.0,16567.0,422601.0,419774.0
2024-02-08 14:00:00,6563.0,6576.0,6557.0,6566.0,31574.0,419774.0,410414.0
2024-02-19 09:00:00,6506.0,6527.0,6485.0,6489.0,94181.0,410414.0,416816.0
2024-02-19 10:00:00,6489.0,6502.0,6481.0,6489.0,35078.0,416816.0,416808.0
2024-02-19 11:00:00,6489.0,6505.0,6488.0,6499.0,13271.0,416808.0,417182.0
2024-02-19 13:00:00,6499.0,6499.0,6487.0,6492.0,13871.0,417182.0,416928.0
2024-02-19 14:00:00,6492.0,6499.0,6482.0,6497.0,26971.0,416928.0,415105.0
2024-02-19 21:00:00,6489.0,6495.0,6426.0,6427.0,114496.0,415105.0,426201.0
2024-02-19 22:00:00,6427.0,6439.0,6425.0,6430.0,31303.0,426201.0,422810.0
2024-02-20 09:00:00,6429.0,6433.0,6396.0,6401.0,82685.0,422810.0,420228.0
2024-02-20 10:00:00,6401.0,6402.0,6385.0,6388.0,51078.0,420228.0,418809.0
2024-02-20 11:00:00,6388.0,6397.0,6388.0,6395.0,14452.0,418809.0,416671.0
2024-02-20 13:00:00,6395.0,6395.0,6381.0,6385.0,19774.0,416671.0,417341.0
2024-02-20 14:00:00,6385.0,6387.0,6363.0,6369.0,60814.0,417341.0,412610.0
2024-02-20 21:00:00,6370.0,6382.0,6361.0,6374.0,76752.0,412610.0,418388.0
2024-02-20 22:00:00,6374.0,6376.0,6350.0,6355.0,47201.0,418388.0,415325.0
2024-02-21 09:00:00,6362.0,6367.0,6341.0,6343.0,53606.0,415325.0,416273.0
2024-02-21 10:00:00,6343.0,6374.0,6334.0,6372.0,61605.0,416273.0,405116.0
2024-02-21 11:00:00,6372.0,6385.0,6366.0,6373.0,30087.0,405116.0,401733.0
2024-02-21 13:00:00,6375.0,6376.0,6356.0,6359.0,21895.0,401733.0,401710.0
2024-02-21 14:00:00,6359.0,6369.0,6352.0,6362.0,34931.0,401710.0,398185.0
2024-02-21 21:00:00,6353.0,6370.0,6343.0,6365.0,83092.0,398185.0,399003.0
2024-02-21 22:00:00,6365.0,6372.0,6357.0,6365.0,33725.0,399003.0,394743.0
2024-02-22 09:00:00,6373.0,6379.0,6360.0,6368.0,33988.0,394743.0,395364.0
2024-02-22 10:00:00,6368.0,6371.0,6355.0,6368.0,22034.0,395364.0,395064.0
2024-02-22 11:00:00,6368.0,6372.0,6363.0,6364.0,8329.0,395064.0,394563.0
2024-02-22 13:00:00,6365.0,6366.0,6350.0,6355.0,19555.0,394563.0,393618.0
2024-02-22 14:00:00,6355.0,6369.0,6347.0,6368.0,36064.0,393618.0,389383.0
2024-02-22 21:00:00,6332.0,6334.0,6288.0,6299.0,170017.0,389383.0,396912.0
2024-02-22 22:00:00,6299.0,6307.0,6285.0,6303.0,56893.0,396912.0,392118.0
2024-02-23 09:00:00,6326.0,6360.0,6308.0,6311.0,76598.0,392118.0,389956.0
2024-02-23 10:00:00,6311.0,6316.0,6296.0,6299.0,26311.0,389956.0,390226.0
2024-02-23 11:00:00,6299.0,6304.0,6291.0,6296.0,20249.0,390226.0,388518.0
2024-02-23 13:00:00,6297.0,6301.0,6288.0,6294.0,22162.0,388518.0,387594.0
2024-02-23 14:00:00,6294.0,6298.0,6281.0,6282.0,45714.0,387594.0,383097.0
2024-02-23 21:00:00,6289.0,6292.0,6267.0,6279.0,77248.0,383097.0,387485.0
2024-02-23 22:00:00,6279.0,6280.0,6258.0,6265.0,40553.0,387485.0,384093.0
2024-02-26 09:00:00,6264.0,6264.0,6242.0,6245.0,63918.0,384093.0,386703.0
2024-02-26 10:00:00,6245.0,6253.0,6237.0,6239.0,21905.0,386703.0,385817.0
2024-02-26 11:00:00,6239.0,6240.0,6227.0,6235.0,30348.0,385817.0,387028.0
2024-02-26 13:00:00,6236.0,6243.0,6231.0,6239.0,22040.0,387028.0,382705.0
2024-02-26 14:00:00,6239.0,6246.0,6229.0,6233.0,36991.0,382705.0,376414.0
2024-02-26 21:00:00,6251.0,6268.0,6245.0,6260.0,74336.0,376414.0,374893.0
2024-02-26 22:00:00,6260.0,6279.0,6259.0,6271.0,41398.0,374893.0,370124.0
2024-02-27 09:00:00,6271.0,6279.0,6257.0,6260.0,39853.0,370124.0,369692.0
2024-02-27 10:00:00,6260.0,6265.0,6250.0,6253.0,21212.0,369692.0,368745.0
2024-02-27 11:00:00,6253.0,6256.0,6248.0,6249.0,14815.0,368745.0,368112.0
2024-02-27 13:00:00,6248.0,6256.0,6245.0,6251.0,16018.0,368112.0,368533.0
2024-02-27 14:00:00,6251.0,6254.0,6246.0,6248.0,28489.0,368533.0,365120.0
2024-02-27 21:00:00,6261.0,6274.0,6252.0,6270.0,75596.0,365120.0,365393.0
2024-02-27 22:00:00,6270.0,6286.0,6269.0,6279.0,53873.0,365393.0,360442.0
2024-02-28 09:00:00,6293.0,6313.0,6280.0,6301.0,72575.0,360442.0,357685.0
2024-02-28 10:00:00,6301.0,6301.0,6283.0,6286.0,27383.0,357685.0,357879.0
2024-02-28 11:00:00,6286.0,6287.0,6281.0,6284.0,12895.0,357879.0,358468.0
2024-02-28 13:00:00,6285.0,6286.0,6267.0,6277.0,28826.0,358468.0,359209.0
2024-02-28 14:00:00,6277.0,6280.0,6267.0,6276.0,30520.0,359209.0,358847.0
2024-02-28 21:00:00,6276.0,6281.0,6256.0,6259.0,72441.0,358847.0,368239.0
2024-02-28 22:00:00,6259.0,6275.0,6258.0,6271.0,29180.0,368239.0,366381.0
2024-02-29 09:00:00,6271.0,6279.0,6258.0,6264.0,35824.0,366381.0,371363.0
2024-02-29 10:00:00,6264.0,6291.0,6260.0,6291.0,31112.0,371363.0,370029.0
2024-02-29 11:00:00,6291.0,6294.0,6279.0,6282.0,20474.0,370029.0,369015.0
2024-02-29 13:00:00,6282.0,6289.0,6277.0,6280.0,12495.0,369015.0,369139.0
2024-02-29 14:00:00,6280.0,6291.0,6273.0,6289.0,25111.0,369139.0,367152.0
2024-02-29 21:00:00,6252.0,6255.0,6210.0,6216.0,167303.0,367152.0,380634.0
2024-02-29 22:00:00,6216.0,6232.0,6209.0,6222.0,52742.0,380634.0,379398.0
2024-03-01 09:00:00,6210.0,6242.0,6204.0,6233.0,73114.0,379398.0,382031.0
2024-03-01 10:00:00,6233.0,6244.0,6228.0,6244.0,21272.0,382031.0,382078.0
2024-03-01 11:00:00,6244.0,6244.0,6232.0,6241.0,13607.0,382078.0,381101.0
2024-03-01 13:00:00,6241.0,6258.0,6238.0,6247.0,28001.0,381101.0,379614.0
2024-03-01 14:00:00,6247.0,6255.0,6243.0,6254.0,34205.0,379614.0,374605.0
2024-03-01 21:00:00,6226.0,6273.0,6225.0,6266.0,97008.0,374605.0,381813.0
2024-03-01 22:00:00,6266.0,6275.0,6255.0,6258.0,53287.0,381813.0,378838.0
2024-03-04 09:00:00,6254.0,6254.0,6231.0,6237.0,51862.0,378838.0,378431.0
2024-03-04 10:00:00,6237.0,6256.0,6235.0,6256.0,22337.0,378431.0,378797.0
2024-03-04 11:00:00,6256.0,6266.0,6255.0,6258.0,16583.0,378797.0,380281.0
2024-03-04 13:00:00,6259.0,6270.0,6255.0,6264.0,16372.0,380281.0,380416.0
2024-03-04 14:00:00,6264.0,6281.0,6262.0,6274.0,32434.0,380416.0,379762.0
2024-03-04 21:00:00,6272.0,6302.0,6268.0,6299.0,76037.0,379762.0,384870.0
2024-03-04 22:00:00,6299.0,6301.0,6284.0,6289.0,36986.0,384870.0,379590.0
2024-03-05 09:00:00,6251.0,6275.0,6236.0,6272.0,68769.0,379590.0,376538.0
2024-03-05 10:00:00,6272.0,6293.0,6263.0,6291.0,28606.0,376538.0,380029.0
2024-03-05 11:00:00,6291.0,6302.0,6282.0,6284.0,26476.0,380029.0,379501.0
2024-03-05 13:00:00,6283.0,6292.0,6278.0,6291.0,14832.0,379501.0,379424.0
2024-03-05 14:00:00,6291.0,6297.0,6274.0,6283.0,35134.0,379424.0,375476.0
2024-03-05 21:00:00,6283.0,6325.0,6280.0,6316.0,104634.0,375476.0,379287.0
2024-03-05 22:00:00,6316.0,6322.0,6308.0,6314.0,38237.0,379287.0,375444.0
2024-03-06 09:00:00,6320.0,6324.0,6285.0,6293.0,71978.0,375444.0,371992.0
2024-03-06 10:00:00,6293.0,6304.0,6290.0,6294.0,21990.0,371992.0,371860.0
2024-03-06 11:00:00,6294.0,6295.0,6268.0,6283.0,35992.0,371860.0,372121.0
2024-03-06 13:00:00,6283.0,6286.0,6275.0,6277.0,13881.0,372121.0,372153.0
2024-03-06 14:00:00,6277.0,6286.0,6260.0,6265.0,43953.0,372153.0,370313.0
2024-03-06 21:00:00,6280.0,6312.0,6275.0,6299.0,90852.0,370313.0,367748.0
2024-03-06 22:00:00,6299.0,6303.0,6288.0,6292.0,35722.0,367748.0,365067.0
2024-03-07 09:00:00,6298.0,6316.0,6293.0,6309.0,37578.0,365067.0,365462.0
2024-03-07 10:00:00,6309.0,6313.0,6297.0,6299.0,17639.0,365462.0,364867.0
2024-03-07 11:00:00,6299.0,6301.0,6292.0,6300.0,12167.0,364867.0,364005.0
2024-03-07 13:00:00,6300.0,6301.0,6282.0,6284.0,20099.0,364005.0,363883.0
2024-03-07 14:00:00,6284.0,6285.0,6265.0,6266.0,58329.0,363883.0,369440.0
2024-03-07 21:00:00,6255.0,6290.0,6250.0,6284.0,76158.0,369440.0,373711.0
2024-03-07 22:00:00,6284.0,6291.0,6279.0,6284.0,33713.0,373711.0,371285.0
2024-03-08 09:00:00,6287.0,6287.0,6271.0,6272.0,32833.0,371285.0,371619.0
2024-03-08 10:00:00,6272.0,6279.0,6265.0,6267.0,19251.0,371619.0,371781.0
2024-03-08 11:00:00,6267.0,6276.0,6266.0,6271.0,9549.0,371781.0,372057.0
2024-03-08 13:00:00,6274.0,6304.0,6272.0,6302.0,36925.0,372057.0,372196.0
2024-03-08 14:00:00,6302.0,6310.0,6293.0,6305.0,45717.0,372196.0,368356.0
2024-03-08 21:00:00,6298.0,6319.0,6286.0,6301.0,81291.0,368356.0,369785.0
2024-03-08 22:00:00,6301.0,6307.0,6288.0,6291.0,43189.0,369785.0,366299.0
2024-03-11 09:00:00,6286.0,6298.0,6274.0,6282.0,55407.0,366299.0,366636.0
2024-03-11 10:00:00,6282.0,6288.0,6276.0,6281.0,16278.0,366636.0,367020.0
2024-03-11 11:00:00,6281.0,6281.0,6269.0,6276.0,16999.0,367020.0,367081.0
2024-03-11 13:00:00,6277.0,6291.0,6274.0,6288.0,17021.0,367081.0,365907.0
2024-03-11 14:00:00,6288.0,6309.0,6288.0,6306.0,54605.0,365907.0,365175.0
2024-03-11 21:00:00,6329.0,6361.0,6316.0,6359.0,130933.0,365175.0,369566.0
2024-03-11 22:00:00,6359.0,6395.0,6358.0,6383.0,117448.0,369566.0,374186.0
2024-03-12 09:00:00,6398.0,6425.0,6388.0,6422.0,100032.0,374186.0,380096.0
2024-03-12 10:00:00,6422.0,6424.0,6410.0,6422.0,37942.0,380096.0,379854.0
2024-03-12 11:00:00,6422.0,6432.0,6422.0,6430.0,24875.0,379854.0,379481.0
2024-03-12 13:00:00,6430.0,6438.0,6424.0,6436.0,31959.0,379481.0,379350.0
2024-03-12 14:00:00,6436.0,6449.0,6429.0,6447.0,64866.0,379350.0,375747.0
2024-03-12 21:00:00,6452.0,6455.0,6432.0,6443.0,89580.0,375747.0,378918.0
2024-03-12 22:00:00,6443.0,6461.0,6443.0,6445.0,63447.0,378918.0,377890.0
2024-03-13 09:00:00,6445.0,6465.0,6438.0,6457.0,55999.0,377890.0,377885.0
2024-03-13 10:00:00,6457.0,6469.0,6450.0,6468.0,29242.0,377885.0,376261.0
2024-03-13 11:00:00,6468.0,6471.0,6459.0,6471.0,19377.0,376261.0,375806.0
2024-03-13 13:00:00,6471.0,6479.0,6468.0,6478.0,25153.0,375806.0,376363.0
2024-03-13 14:00:00,6478.0,6480.0,6465.0,6474.0,46647.0,376363.0,372142.0
2024-03-13 21:00:00,6458.0,6459.0,6418.0,6423.0,125761.0,372142.0,363800.0
2024-03-13 22:00:00,6423.0,6443.0,6421.0,6438.0,44804.0,363800.0,360187.0
2024-03-14 09:00:00,6461.0,6490.0,6460.0,6483.0,88019.0,360187.0,363912.0
2024-03-14 10:00:00,6483.0,6494.0,6479.0,6484.0,33405.0,363912.0,365150.0
2024-03-14 11:00:00,6484.0,6496.0,6483.0,6486.0,22378.0,365150.0,365716.0
2024-03-14 13:00:00,6484.0,6510.0,6476.0,6502.0,44985.0,365716.0,371282.0
2024-03-14 14:00:00,6502.0,6515.0,6488.0,6491.0,61071.0,371282.0,367890.0
2024-03-14 21:00:00,6505.0,6505.0,6484.0,6489.0,68119.0,367890.0,372383.0
2024-03-14 22:00:00,6489.0,6502.0,6484.0,6500.0,35449.0,372383.0,370655.0
2024-03-15 09:00:00,6476.0,6513.0,6460.0,6504.0,73860.0,370655.0,376527.0
2024-03-15 10:00:00,6504.0,6520.0,6492.0,6512.0,37064.0,376527.0,377904.0
2024-03-15 11:00:00,6512.0,6528.0,6511.0,6528.0,35131.0,377904.0,380838.0
2024-03-15 13:00:00,6528.0,6537.0,6522.0,6533.0,30841.0,380838.0,384607.0
2024-03-15 14:00:00,6533.0,6547.0,6532.0,6536.0,59365.0,384607.0,388491.0
2024-03-15 21:00:00,6540.0,6556.0,6530.0,6534.0,85407.0,388491.0,393262.0
2024-03-15 22:00:00,6534.0,6545.0,6525.0,6538.0,45508.0,393262.0,388800.0
2024-03-18 09:00:00,6546.0,6563.0,6531.0,6560.0,60233.0,388800.0,391768.0
2024-03-18 10:00:00,6560.0,6561.0,6537.0,6541.0,32508.0,391768.0,393116.0
2024-03-18 11:00:00,6541.0,6564.0,6534.0,6560.0,30297.0,393116.0,394967.0
2024-03-18 13:00:00,6559.0,6569.0,6553.0,6562.0,22313.0,394967.0,398010.0
2024-03-18 14:00:00,6562.0,6564.0,6546.0,6556.0,38412.0,398010.0,395857.0
2024-03-18 21:00:00,6560.0,6577.0,6541.0,6545.0,74877.0,395857.0,402010.0
2024-03-18 22:00:00,6545.0,6566.0,6540.0,6552.0,39358.0,402010.0,400715.0
2024-03-19 09:00:00,6552.0,6557.0,6531.0,6550.0,53616.0,400715.0,402213.0
2024-03-19 10:00:00,6550.0,6559.0,6544.0,6554.0,21682.0,402213.0,402987.0
2024-03-19 11:00:00,6554.0,6572.0,6553.0,6568.0,26975.0,402987.0,408328.0
2024-03-19 13:00:00,6567.0,6569.0,6560.0,6565.0,16498.0,408328.0,410096.0
2024-03-19 14:00:00,6565.0,6586.0,6562.0,6570.0,56264.0,410096.0,409861.0
2024-03-19 21:00:00,6536.0,6556.0,6506.0,6509.0,145075.0,409861.0,417449.0
2024-03-19 22:00:00,6509.0,6517.0,6497.0,6510.0,74621.0,417449.0,413042.0
2024-03-20 09:00:00,6503.0,6511.0,6475.0,6478.0,72768.0,413042.0,411146.0
2024-03-20 10:00:00,6478.0,6497.0,6471.0,6494.0,41835.0,411146.0,407965.0
2024-03-20 11:00:00,6494.0,6508.0,6492.0,6501.0,25056.0,407965.0,407620.0
2024-03-20 13:00:00,6499.0,6503.0,6490.0,6496.0,18717.0,407620.0,409118.0
2024-03-20 14:00:00,6496.0,6498.0,6486.0,6489.0,31846.0,409118.0,404649.0
2024-03-20 21:00:00,6456.0,6492.0,6450.0,6481.0,99316.0,404649.0,406609.0
2024-03-20 22:00:00,6481.0,6507.0,6476.0,6505.0,47259.0,406609.0,403514.0
2024-03-21 09:00:00,6517.0,6569.0,6505.0,6519.0,83083.0,403514.0,397959.0
2024-03-21 10:00:00,6519.0,6535.0,6515.0,6516.0,28280.0,397959.0,397511.0
2024-03-21 11:00:00,6516.0,6528.0,6514.0,6520.0,11469.0,397511.0,397242.0
2024-03-21 13:00:00,6521.0,6523.0,6512.0,6519.0,18555.0,397242.0,396569.0
2024-03-21 14:00:00,6519.0,6540.0,6518.0,6526.0,39334.0,396569.0,393759.0
2024-03-21 21:00:00,6539.0,6552.0,6515.0,6516.0,77179.0,393759.0,394782.0
2024-03-21 22:00:00,6516.0,6531.0,6510.0,6527.0,36832.0,394782.0,390768.0
2024-03-22 09:00:00,6525.0,6525.0,6507.0,6508.0,41716.0,390768.0,392524.0
2024-03-22 10:00:00,6508.0,6541.0,6507.0,6540.0,35541.0,392524.0,394214.0
2024-03-22 11:00:00,6540.0,6550.0,6532.0,6536.0,29321.0,394214.0,395631.0
2024-03-22 13:00:00,6538.0,6545.0,6531.0,6545.0,17146.0,395631.0,396869.0
2024-03-22 14:00:00,6545.0,6557.0,6533.0,6542.0,52739.0,396869.0,395853.0
2024-03-22 21:00:00,6555.0,6560.0,6532.0,6536.0,62120.0,395853.0,399672.0
2024-03-22 22:00:00,6536.0,6545.0,6507.0,6521.0,54266.0,399672.0,393064.0
2024-03-25 09:00:00,6522.0,6522.0,6485.0,6487.0,64823.0,393064.0,389473.0
2024-03-25 10:00:00,6487.0,6492.0,6467.0,6467.0,35654.0,389473.0,384167.0
2024-03-25 11:00:00,6467.0,6469.0,6440.0,6442.0,53074.0,384167.0,379352.0
2024-03-25 13:00:00,6441.0,6449.0,6428.0,6445.0,41692.0,379352.0,372900.0
2024-03-25 14:00:00,6445.0,6463.0,6444.0,6461.0,40620.0,372900.0,365402.0
2024-03-25 21:00:00,6462.0,6487.0,6451.0,6480.0,69995.0,365402.0,368465.0
2024-03-25 22:00:00,6480.0,6495.0,6474.0,6491.0,40343.0,368465.0,368862.0
2024-03-26 09:00:00,6492.0,6493.0,6469.0,6470.0,37593.0,368862.0,370649.0
2024-03-26 10:00:00,6470.0,6473.0,6456.0,6460.0,21802.0,370649.0,367641.0
2024-03-26 11:00:00,6460.0,6462.0,6453.0,6455.0,14542.0,367641.0,364657.0
2024-03-26 13:00:00,6455.0,6468.0,6450.0,6463.0,19589.0,364657.0,362843.0
2024-03-26 14:00:00,6463.0,6471.0,6452.0,6462.0,30713.0,362843.0,357251.0
2024-03-26 21:00:00,6481.0,6516.0,6474.0,6489.0,87315.0,357251.0,358860.0
2024-03-26 22:00:00,6489.0,6508.0,6488.0,6500.0,33726.0,358860.0,358283.0
2024-03-27 09:00:00,6499.0,6525.0,6482.0,6489.0,74903.0,358283.0,359831.0
2024-03-27 10:00:00,6489.0,6492.0,6475.0,6477.0,38150.0,359831.0,353954.0
2024-03-27 11:00:00,6477.0,6481.0,6461.0,6476.0,28513.0,353954.0,350067.0
2024-03-27 13:00:00,6473.0,6482.0,6467.0,6467.0,19737.0,350067.0,346551.0
2024-03-27 14:00:00,6467.0,6485.0,6455.0,6483.0,46870.0,346551.0,337977.0
2024-03-27 21:00:00,6450.0,6469.0,6433.0,6465.0,90107.0,337977.0,336804.0
2024-03-27 22:00:00,6465.0,6468.0,6441.0,6448.0,33904.0,336804.0,334018.0
2024-03-28 09:00:00,6453.0,6467.0,6447.0,6462.0,37878.0,334018.0,334277.0
2024-03-28 10:00:00,6462.0,6478.0,6458.0,6467.0,24156.0,334277.0,333653.0
2024-03-28 11:00:00,6467.0,6473.0,6453.0,6467.0,16876.0,333653.0,332062.0
2024-03-28 13:00:00,6468.0,6483.0,6467.0,6482.0,16242.0,332062.0,331742.0
2024-03-28 14:00:00,6482.0,6491.0,6471.0,6472.0,29058.0,331742.0,329600.0
2024-03-28 21:00:00,6493.0,6517.0,6475.0,6502.0,77523.0,329600.0,327450.0
2024-03-28 22:00:00,6502.0,6505.0,6485.0,6490.0,41903.0,327450.0,324754.0
2024-03-29 09:00:00,6501.0,6512.0,6489.0,6504.0,38172.0,324754.0,326572.0
2024-03-29 10:00:00,6504.0,6538.0,6496.0,6536.0,41846.0,326572.0,330339.0
2024-03-29 11:00:00,6536.0,6539.0,6521.0,6527.0,19526.0,330339.0,328647.0
2024-03-29 13:00:00,6527.0,6528.0,6515.0,6516.0,16750.0,328647.0,326731.0
2024-03-29 14:00:00,6516.0,6523.0,6505.0,6510.0,30159.0,326731.0,323106.0
2024-03-29 21:00:00,6520.0,6546.0,6505.0,6540.0,73789.0,323106.0,328420.0
2024-03-29 22:00:00,6540.0,6795.0,6535.0,6645.0,322593.0,328420.0,342440.0
2024-04-01 09:00:00,6651.0,6674.0,6610.0,6632.0,122236.0,342440.0,339853.0
2024-04-01 10:00:00,6632.0,6645.0,6621.0,6623.0,47872.0,339853.0,339969.0
2024-04-01 11:00:00,6623.0,6642.0,6619.0,6630.0,28607.0,339969.0,338208.0
2024-04-01 13:00:00,6629.0,6648.0,6623.0,6647.0,29421.0,338208.0,336343.0
2024-04-01 14:00:00,6647.0,6649.0,6626.0,6638.0,39745.0,336343.0,331720.0
2024-04-01 21:00:00,6654.0,6672.0,6633.0,6645.0,104365.0,331720.0,327356.0
2024-04-01 22:00:00,6645.0,6646.0,6626.0,6636.0,41685.0,327356.0,323474.0
2024-04-02 09:00:00,6629.0,6630.0,6591.0,6608.0,96136.0,323474.0,317634.0
2024-04-02 10:00:00,6608.0,6618.0,6602.0,6604.0,31886.0,317634.0,310643.0
2024-04-02 11:00:00,6604.0,6610.0,6595.0,6600.0,20089.0,310643.0,305574.0
2024-04-02 13:00:00,6600.0,6605.0,6593.0,6599.0,17105.0,305574.0,301836.0
2024-04-02 14:00:00,6599.0,6622.0,6595.0,6621.0,58691.0,301836.0,285805.0
2024-04-02 21:00:00,6604.0,6626.0,6594.0,6614.0,74815.0,285805.0,281434.0
2024-04-02 22:00:00,6614.0,6617.0,6599.0,6600.0,24566.0,281434.0,277878.0
2024-04-03 09:00:00,6590.0,6612.0,6576.0,6605.0,49464.0,277878.0,273390.0
2024-04-03 10:00:00,6605.0,6623.0,6604.0,6619.0,26444.0,273390.0,269085.0
2024-04-03 11:00:00,6619.0,6624.0,6611.0,6616.0,12085.0,269085.0,266771.0
2024-04-03 13:00:00,6616.0,6630.0,6616.0,6626.0,16357.0,266771.0,265237.0
2024-04-03 14:00:00,6626.0,6626.0,6589.0,6598.0,40351.0,265237.0,251557.0
2024-04-08 09:00:00,6570.0,6643.0,6552.0,6625.0,112281.0,251557.0,243501.0
2024-04-08 10:00:00,6625.0,6644.0,6623.0,6633.0,35882.0,243501.0,240111.0
2024-04-08 11:00:00,6633.0,6635.0,6625.0,6631.0,10592.0,240111.0,237328.0
2024-04-08 13:00:00,6632.0,6633.0,6617.0,6624.0,16736.0,237328.0,233679.0
2024-04-08 14:00:00,6624.0,6625.0,6584.0,6604.0,49554.0,233679.0,224301.0
2024-04-08 21:00:00,6517.0,6532.0,6485.0,6489.0,73123.0,224301.0,321483.0
2024-04-08 22:00:00,6489.0,6500.0,6480.0,6491.0,30375.0,321483.0,322275.0
2024-04-09 09:00:00,6488.0,6499.0,6473.0,6487.0,35477.0,322275.0,326147.0
2024-04-09 10:00:00,6487.0,6506.0,6481.0,6483.0,31297.0,326147.0,331915.0
2024-04-09 11:00:00,6483.0,6486.0,6471.0,6481.0,20267.0,331915.0,333894.0
2024-04-09 13:00:00,6480.0,6494.0,6480.0,6491.0,14754.0,333894.0,337251.0
2024-04-09 14:00:00,6491.0,6505.0,6491.0,6502.0,27387.0,337251.0,341700.0
2024-04-09 21:00:00,6496.0,6517.0,6477.0,6491.0,92578.0,341700.0,353838.0
2024-04-09 22:00:00,6491.0,6518.0,6488.0,6499.0,65850.0,353838.0,357623.0
2024-04-10 09:00:00,6494.0,6503.0,6485.0,6499.0,54473.0,357623.0,366433.0
2024-04-10 10:00:00,6499.0,6510.0,6489.0,6507.0,31113.0,366433.0,370845.0
2024-04-10 11:00:00,6507.0,6509.0,6495.0,6497.0,17399.0,370845.0,371095.0
2024-04-10 13:00:00,6497.0,6501.0,6484.0,6494.0,22156.0,371095.0,370687.0
2024-04-10 14:00:00,6494.0,6506.0,6489.0,6503.0,33798.0,370687.0,371521.0
2024-04-10 21:00:00,6508.0,6528.0,6408.0,6423.0,203481.0,371521.0,376163.0
2024-04-10 22:00:00,6423.0,6445.0,6417.0,6426.0,99772.0,376163.0,372191.0
2024-04-11 09:00:00,6425.0,6434.0,6418.0,6425.0,50002.0,372191.0,376542.0
2024-04-11 10:00:00,6425.0,6451.0,6424.0,6445.0,30360.0,376542.0,373966.0
2024-04-11 11:00:00,6445.0,6482.0,6445.0,6478.0,45756.0,373966.0,370826.0
2024-04-11 13:00:00,6480.0,6493.0,6468.0,6478.0,40450.0,370826.0,369870.0
2024-04-11 14:00:00,6478.0,6481.0,6450.0,6455.0,46475.0,369870.0,364568.0
2024-04-11 21:00:00,6433.0,6445.0,6418.0,6420.0,99513.0,364568.0,377334.0
2024-04-11 22:00:00,6420.0,6430.0,6416.0,6427.0,36976.0,377334.0,374955.0
2024-04-12 09:00:00,6418.0,6418.0,6368.0,6392.0,119986.0,374955.0,376746.0
2024-04-12 10:00:00,6392.0,6401.0,6384.0,6390.0,38536.0,376746.0,379123.0
2024-04-12 11:00:00,6390.0,6398.0,6389.0,6391.0,14780.0,379123.0,379670.0
2024-04-12 13:00:00,6391.0,6399.0,6381.0,6393.0,30844.0,379670.0,380941.0
2024-04-12 14:00:00,6393.0,6398.0,6386.0,6394.0,37945.0,380941.0,374864.0
2024-04-12 21:00:00,6382.0,6416.0,6376.0,6400.0,105277.0,374864.0,378218.0
2024-04-12 22:00:00,6400.0,6414.0,6397.0,6404.0,46088.0,378218.0,374742.0
2024-04-15 09:00:00,6389.0,6389.0,6334.0,6343.0,128118.0,374742.0,383351.0
2024-04-15 10:00:00,6343.0,6345.0,6323.0,6333.0,52591.0,383351.0,385499.0
2024-04-15 11:00:00,6333.0,6334.0,6315.0,6326.0,40504.0,385499.0,388240.0
2024-04-15 13:00:00,6326.0,6331.0,6321.0,6322.0,16775.0,388240.0,388173.0
2024-04-15 14:00:00,6322.0,6344.0,6316.0,6333.0,55829.0,388173.0,381516.0
2024-04-15 21:00:00,6330.0,6346.0,6326.0,6329.0,87348.0,381516.0,383116.0
2024-04-15 22:00:00,6329.0,6334.0,6308.0,6321.0,58332.0,383116.0,382933.0
2024-04-16 09:00:00,6305.0,6305.0,6262.0,6275.0,127680.0,382933.0,393760.0
2024-04-16 10:00:00,6275.0,6280.0,6266.0,6277.0,31271.0,393760.0,391101.0
2024-04-16 11:00:00,6277.0,6287.0,6269.0,6279.0,32049.0,391101.0,385527.0
2024-04-16 13:00:00,6279.0,6293.0,6277.0,6291.0,32202.0,385527.0,382139.0
2024-04-16 14:00:00,6291.0,6307.0,6288.0,6303.0,51644.0,382139.0,374037.0
2024-04-16 21:00:00,6233.0,6273.0,6225.0,6249.0,141399.0,374037.0,390323.0
2024-04-16 22:00:00,6249.0,6269.0,6249.0,6266.0,46794.0,390323.0,385823.0
2024-04-17 09:00:00,6256.0,6278.0,6249.0,6254.0,50993.0,385823.0,384947.0
2024-04-17 10:00:00,6254.0,6268.0,6253.0,6258.0,21498.0,384947.0,383089.0
2024-04-17 11:00:00,6258.0,6258.0,6244.0,6250.0,22563.0,383089.0,383744.0
2024-04-17 13:00:00,6252.0,6254.0,6239.0,6244.0,26474.0,383744.0,381376.0
2024-04-17 14:00:00,6244.0,6256.0,6237.0,6252.0,43217.0,381376.0,377127.0
2024-04-17 21:00:00,6228.0,6230.0,6205.0,6224.0,125622.0,377127.0,383731.0
2024-04-17 22:00:00,6224.0,6231.0,6213.0,6221.0,58044.0,383731.0,383394.0
2024-04-18 09:00:00,6211.0,6224.0,6176.0,6183.0,117040.0,383394.0,394471.0
2024-04-18 10:00:00,6183.0,6189.0,6176.0,6179.0,42896.0,394471.0,396591.0
2024-04-18 11:00:00,6179.0,6190.0,6175.0,6187.0,27561.0,396591.0,393528.0
2024-04-18 13:00:00,6186.0,6188.0,6179.0,6183.0,16801.0,393528.0,392307.0
2024-04-18 14:00:00,6183.0,6183.0,6163.0,6166.0,50526.0,392307.0,390201.0
2024-04-18 21:00:00,6194.0,6218.0,6185.0,6212.0,152000.0,390201.0,380537.0
2024-04-18 22:00:00,6212.0,6224.0,6209.0,6218.0,56736.0,380537.0,377769.0
2024-04-19 09:00:00,6220.0,6241.0,6216.0,6223.0,89822.0,377769.0,372931.0
2024-04-19 10:00:00,6223.0,6237.0,6215.0,6229.0,30092.0,372931.0,370760.0
2024-04-19 11:00:00,6229.0,6231.0,6215.0,6223.0,20921.0,370760.0,370292.0
2024-04-19 13:00:00,6222.0,6226.0,6216.0,6220.0,14896.0,370292.0,370671.0
2024-04-19 14:00:00,6220.0,6223.0,6211.0,6216.0,32219.0,370671.0,370199.0
2024-04-19 21:00:00,6203.0,6214.0,6185.0,6194.0,109510.0,370199.0,378894.0
2024-04-19 22:00:00,6194.0,6211.0,6190.0,6198.0,47435.0,378894.0,376619.0
2024-04-22 09:00:00,6212.0,6222.0,6193.0,6202.0,74024.0,376619.0,383534.0
2024-04-22 10:00:00,6202.0,6215.0,6201.0,6213.0,33151.0,383534.0,383688.0
2024-04-22 11:00:00,6213.0,6213.0,6198.0,6205.0,18934.0,383688.0,383923.0
2024-04-22 13:00:00,6206.0,6211.0,6203.0,6210.0,15764.0,383923.0,384081.0
2024-04-22 14:00:00,6210.0,6226.0,6209.0,6212.0,55524.0,384081.0,385003.0
2024-04-22 21:00:00,6223.0,6234.0,6192.0,6200.0,127815.0,385003.0,390397.0
2024-04-22 22:00:00,6200.0,6223.0,6194.0,6214.0,69849.0,390397.0,385938.0
2024-04-23 09:00:00,6212.0,6219.0,6204.0,6216.0,61270.0,385938.0,392001.0
2024-04-23 10:00:00,6216.0,6221.0,6209.0,6215.0,28184.0,392001.0,391100.0
2024-04-23 11:00:00,6215.0,6218.0,6196.0,6205.0,37258.0,391100.0,391306.0
2024-04-23 13:00:00,6204.0,6211.0,6196.0,6200.0,29064.0,391306.0,390820.0
2024-04-23 14:00:00,6200.0,6204.0,6176.0,6182.0,68355.0,390820.0,391598.0
2024-04-23 21:00:00,6185.0,6203.0,6172.0,6186.0,104794.0,391598.0,402591.0
2024-04-23 22:00:00,6186.0,6195.0,6175.0,6186.0,42133.0,402591.0,400448.0
2024-04-24 09:00:00,6187.0,6215.0,6187.0,6199.0,69327.0,400448.0,395148.0
2024-04-24 10:00:00,6199.0,6216.0,6197.0,6208.0,36546.0,395148.0,391961.0
2024-04-24 11:00:00,6208.0,6213.0,6202.0,6204.0,12625.0,391961.0,390256.0
2024-04-24 13:00:00,6205.0,6210.0,6196.0,6202.0,18073.0,390256.0,391537.0
2024-04-24 14:00:00,6202.0,6204.0,6187.0,6192.0,41114.0,391537.0,392401.0
2024-04-24 21:00:00,6193.0,6205.0,6184.0,6196.0,74962.0,392401.0,399355.0
2024-04-24 22:00:00,6196.0,6207.0,6192.0,6201.0,38379.0,399355.0,394767.0
2024-04-25 09:00:00,6201.0,6208.0,6105.0,6113.0,176398.0,394767.0,405525.0
2024-04-25 10:00:00,6113.0,6159.0,6092.0,6158.0,157515.0,405525.0,399687.0
2024-04-25 11:00:00,6158.0,6159.0,6132.0,6140.0,39636.0,399687.0,395326.0
2024-04-25 13:00:00,6139.0,6165.0,6139.0,6160.0,33948.0,395326.0,396932.0
2024-04-25 14:00:00,6160.0,6162.0,6147.0,6158.0,40189.0,396932.0,393130.0
2024-04-25 21:00:00,6111.0,6138.0,6102.0,6126.0,129463.0,393130.0,399603.0
2024-04-25 22:00:00,6126.0,6189.0,6124.0,6176.0,124726.0,399603.0,389186.0
2024-04-26 09:00:00,6150.0,6175.0,6140.0,6149.0,71542.0,389186.0,388894.0
2024-04-26 10:00:00,6149.0,6162.0,6147.0,6157.0,26208.0,388894.0,389685.0
2024-04-26 11:00:00,6157.0,6164.0,6151.0,6160.0,14441.0,389685.0,389335.0
2024-04-26 13:00:00,6159.0,6174.0,6156.0,6166.0,20996.0,389335.0,388345.0
2024-04-26 14:00:00,6166.0,6175.0,6160.0,6174.0,33013.0,388345.0,384088.0
2024-04-26 21:00:00,6196.0,6205.0,6157.0,6165.0,99519.0,384088.0,381138.0
2024-04-26 22:00:00,6165.0,6169.0,6152.0,6165.0,51070.0,381138.0,379557.0
2024-04-29 09:00:00,6151.0,6164.0,6133.0,6151.0,77031.0,379557.0,379926.0
2024-04-29 10:00:00,6151.0,6158.0,6142.0,6148.0,21314.0,379926.0,380705.0
2024-04-29 11:00:00,6148.0,6148.0,6136.0,6140.0,17947.0,380705.0,382824.0
2024-04-29 13:00:00,6140.0,6145.0,6118.0,6122.0,38197.0,382824.0,387837.0
2024-04-29 14:00:00,6122.0,6138.0,6122.0,6130.0,42325.0,387837.0,388439.0
2024-04-29 21:00:00,6137.0,6169.0,6137.0,6161.0,93761.0,388439.0,378282.0
2024-04-29 22:00:00,6161.0,6171.0,6154.0,6156.0,45353.0,378282.0,374079.0
2024-04-30 09:00:00,6166.0,6174.0,6152.0,6155.0,56967.0,374079.0,375387.0
2024-04-30 10:00:00,6155.0,6167.0,6151.0,6162.0,21627.0,375387.0,374959.0
2024-04-30 11:00:00,6162.0,6171.0,6158.0,6170.0,17192.0,374959.0,373916.0
2024-04-30 13:00:00,6171.0,6173.0,6164.0,6166.0,21671.0,373916.0,371457.0
2024-04-30 14:00:00,6166.0,6173.0,6157.0,6168.0,40076.0,371457.0,361947.0
2024-05-06 09:00:00,6162.0,6225.0,6145.0,6202.0,145344.0,361947.0,368388.0
2024-05-06 10:00:00,6202.0,6204.0,6177.0,6181.0,32626.0,368388.0,370158.0
2024-05-06 11:00:00,6181.0,6181.0,6165.0,6173.0,26069.0,370158.0,372467.0
2024-05-06 13:00:00,6173.0,6190.0,6173.0,6184.0,22627.0,372467.0,371608.0
2024-05-06 14:00:00,6184.0,6190.0,6178.0,6185.0,27733.0,371608.0,370478.0
2024-05-06 21:00:00,6184.0,6256.0,6180.0,6251.0,198026.0,370478.0,372876.0
2024-05-06 22:00:00,6251.0,6253.0,6241.0,6245.0,49184.0,372876.0,368890.0
2024-05-07 09:00:00,6252.0,6271.0,6233.0,6241.0,80396.0,368890.0,366506.0
2024-05-07 10:00:00,6241.0,6245.0,6228.0,6230.0,30664.0,366506.0,366681.0
2024-05-07 11:00:00,6230.0,6239.0,6229.0,6237.0,13099.0,366681.0,368036.0
2024-05-07 13:00:00,6238.0,6252.0,6238.0,6252.0,22762.0,368036.0,369576.0
2024-05-07 14:00:00,6252.0,6285.0,6241.0,6282.0,68804.0,369576.0,365592.0
2024-05-07 21:00:00,6286.0,6321.0,6274.0,6309.0,164632.0,365592.0,376835.0
2024-05-07 22:00:00,6309.0,6319.0,6307.0,6314.0,51623.0,376835.0,370969.0
2024-05-08 09:00:00,6320.0,6322.0,6286.0,6297.0,98425.0,370969.0,360419.0
2024-05-08 10:00:00,6297.0,6311.0,6288.0,6311.0,32542.0,360419.0,360287.0
2024-05-08 11:00:00,6311.0,6317.0,6310.0,6312.0,17701.0,360287.0,358518.0
2024-05-08 13:00:00,6312.0,6317.0,6305.0,6315.0,19454.0,358518.0,356289.0
2024-05-08 14:00:00,6315.0,6322.0,6298.0,6309.0,59534.0,356289.0,350434.0
2024-05-08 21:00:00,6277.0,6306.0,6261.0,6296.0,119694.0,350434.0,351762.0
2024-05-08 22:00:00,6296.0,6311.0,6292.0,6309.0,57765.0,351762.0,352552.0
2024-05-09 09:00:00,6311.0,6316.0,6301.0,6304.0,57792.0,352552.0,353754.0
2024-05-09 10:00:00,6304.0,6318.0,6300.0,6315.0,23376.0,353754.0,354439.0
2024-05-09 11:00:00,6315.0,6325.0,6314.0,6318.0,27815.0,354439.0,355612.0
2024-05-09 13:00:00,6319.0,6323.0,6304.0,6308.0,23415.0,355612.0,352414.0
2024-05-09 14:00:00,6308.0,6314.0,6294.0,6300.0,41459.0,352414.0,347685.0
2024-05-09 21:00:00,6299.0,6317.0,6291.0,6297.0,80991.0,347685.0,357096.0
2024-05-09 22:00:00,6297.0,6302.0,6271.0,6279.0,57238.0,357096.0,353712.0
2024-05-10 09:00:00,6285.0,6309.0,6282.0,6284.0,64389.0,353712.0,351861.0
2024-05-10 10:00:00,6284.0,6319.0,6283.0,6313.0,56077.0,351861.0,352616.0
2024-05-10 11:00:00,6313.0,6334.0,6312.0,6316.0,53314.0,352616.0,353856.0
2024-05-10 13:00:00,6317.0,6331.0,6315.0,6324.0,29258.0,353856.0,354875.0
2024-05-10 14:00:00,6324.0,6348.0,6323.0,6347.0,69281.0,354875.0,356141.0
2024-05-10 21:00:00,6336.0,6337.0,6308.0,6320.0,101688.0,356141.0,358715.0
2024-05-10 22:00:00,6320.0,6346.0,6306.0,6313.0,97539.0,358715.0,357270.0
2024-05-13 09:00:00,6304.0,6305.0,6277.0,6302.0,82301.0,357270.0,355602.0
2024-05-13 10:00:00,6302.0,6314.0,6297.0,6313.0,28842.0,355602.0,358411.0
2024-05-13 11:00:00,6313.0,6324.0,6312.0,6318.0,24275.0,358411.0,358473.0
2024-05-13 13:00:00,6318.0,6331.0,6318.0,6329.0,20566.0,358473.0,360324.0
2024-05-13 14:00:00,6329.0,6331.0,6315.0,6321.0,30608.0,360324.0,357450.0
2024-05-13 21:00:00,6290.0,6302.0,6265.0,6273.0,189678.0,357450.0,364601.0
2024-05-13 22:00:00,6273.0,6280.0,6244.0,6248.0,91504.0,364601.0,357975.0
2024-05-14 09:00:00,6235.0,6236.0,6201.0,6206.0,115496.0,357975.0,357360.0
2024-05-14 10:00:00,6206.0,6206.0,6190.0,6195.0,48315.0,357360.0,358898.0
2024-05-14 11:00:00,6195.0,6211.0,6194.0,6210.0,21181.0,358898.0,359069.0
2024-05-14 13:00:00,6209.0,6214.0,6201.0,6207.0,19358.0,359069.0,358929.0
2024-05-14 14:00:00,6207.0,6210.0,6176.0,6181.0,63750.0,358929.0,359148.0
2024-05-14 21:00:00,6186.0,6206.0,6168.0,6179.0,121771.0,359148.0,359611.0
2024-05-14 22:00:00,6179.0,6193.0,6178.0,6189.0,40586.0,359611.0,353886.0
2024-05-15 09:00:00,6198.0,6206.0,6184.0,6189.0,51878.0,353886.0,352765.0
2024-05-15 10:00:00,6189.0,6197.0,6181.0,6183.0,24477.0,352765.0,352415.0
2024-05-15 11:00:00,6183.0,6189.0,6176.0,6181.0,16906.0,352415.0,351575.0
2024-05-15 13:00:00,6181.0,6182.0,6162.0,6169.0,30370.0,351575.0,354123.0
2024-05-15 14:00:00,6169.0,6182.0,6165.0,6172.0,39852.0,354123.0,354226.0
2024-05-15 21:00:00,6154.0,6175.0,6150.0,6158.0,95443.0,354226.0,362204.0
2024-05-15 22:00:00,6158.0,6161.0,6141.0,6149.0,60541.0,362204.0,364511.0
2024-05-16 09:00:00,6150.0,6155.0,6131.0,6135.0,62227.0,364511.0,372956.0
2024-05-16 10:00:00,6135.0,6151.0,6133.0,6146.0,30819.0,372956.0,373427.0
2024-05-16 11:00:00,6146.0,6151.0,6136.0,6146.0,17840.0,373427.0,374360.0
2024-05-16 13:00:00,6148.0,6162.0,6146.0,6160.0,32403.0,374360.0,373774.0
2024-05-16 14:00:00,6160.0,6167.0,6155.0,6161.0,42400.0,373774.0,371452.0
2024-05-16 21:00:00,6102.0,6145.0,6090.0,6144.0,157073.0,371452.0,389204.0
2024-05-16 22:00:00,6144.0,6156.0,6135.0,6147.0,53566.0,389204.0,381633.0
2024-05-17 09:00:00,6132.0,6163.0,6132.0,6159.0,67408.0,381633.0,379430.0
2024-05-17 10:00:00,6159.0,6167.0,6152.0,6159.0,28797.0,379430.0,378696.0
2024-05-17 11:00:00,6159.0,6162.0,6153.0,6155.0,11924.0,378696.0,377665.0
2024-05-17 13:00:00,6156.0,6158.0,6141.0,6146.0,26825.0,377665.0,378642.0
2024-05-17 14:00:00,6146.0,6162.0,6138.0,6160.0,49921.0,378642.0,376614.0
2024-05-17 21:00:00,6153.0,6192.0,6151.0,6171.0,126535.0,376614.0,383208.0
2024-05-17 22:00:00,6171.0,6183.0,6144.0,6150.0,65004.0,383208.0,377260.0
2024-05-20 09:00:00,6160.0,6179.0,6151.0,6176.0,82801.0,377260.0,379213.0
2024-05-20 10:00:00,6176.0,6181.0,6163.0,6172.0,29361.0,379213.0,380125.0
2024-05-20 11:00:00,6172.0,6173.0,6160.0,6171.0,20083.0,380125.0,379555.0
2024-05-20 13:00:00,6172.0,6190.0,6172.0,6183.0,35348.0,379555.0,382505.0
2024-05-20 14:00:00,6183.0,6196.0,6175.0,6194.0,49445.0,382505.0,382784.0
2024-05-20 21:00:00,6206.0,6223.0,6195.0,6215.0,121820.0,382784.0,384339.0
2024-05-20 22:00:00,6215.0,6229.0,6209.0,6225.0,55121.0,384339.0,379281.0
2024-05-21 09:00:00,6228.0,6236.0,6192.0,6197.0,97918.0,379281.0,370709.0
2024-05-21 10:00:00,6197.0,6199.0,6159.0,6176.0,68207.0,370709.0,372529.0
2024-05-21 11:00:00,6176.0,6188.0,6171.0,6185.0,16816.0,372529.0,374429.0
2024-05-21 13:00:00,6187.0,6201.0,6187.0,6197.0,31218.0,374429.0,371906.0
2024-05-21 14:00:00,6197.0,6212.0,6194.0,6206.0,46379.0,371906.0,366967.0
2024-05-21 21:00:00,6200.0,6215.0,6185.0,6197.0,91423.0,366967.0,369591.0
2024-05-21 22:00:00,6197.0,6214.0,6195.0,6206.0,39988.0,369591.0,367374.0
2024-05-22 09:00:00,6207.0,6223.0,6194.0,6204.0,62973.0,367374.0,371633.0
2024-05-22 10:00:00,6204.0,6207.0,6187.0,6198.0,31611.0,371633.0,372242.0
2024-05-22 11:00:00,6198.0,6204.0,6195.0,6201.0,11787.0,372242.0,371388.0
2024-05-22 13:00:00,6201.0,6201.0,6181.0,6187.0,27931.0,371388.0,374987.0
2024-05-22 14:00:00,6187.0,6197.0,6184.0,6188.0,35482.0,374987.0,375705.0
2024-05-22 21:00:00,6181.0,6186.0,6163.0,6173.0,111021.0,375705.0,388801.0
2024-05-22 22:00:00,6173.0,6173.0,6136.0,6152.0,108805.0,388801.0,394798.0
2024-05-23 09:00:00,6138.0,6154.0,6122.0,6142.0,99301.0,394798.0,403949.0
2024-05-23 10:00:00,6142.0,6145.0,6130.0,6133.0,26768.0,403949.0,403952.0
2024-05-23 11:00:00,6133.0,6134.0,6125.0,6125.0,25291.0,403952.0,410764.0
2024-05-23 13:00:00,6124.0,6126.0,6102.0,6115.0,68356.0,410764.0,421112.0
2024-05-23 14:00:00,6115.0,6133.0,6113.0,6128.0,61093.0,421112.0,417793.0
2024-05-23 21:00:00,6142.0,6156.0,6135.0,6140.0,113836.0,417793.0,416740.0
2024-05-23 22:00:00,6140.0,6148.0,6136.0,6139.0,43157.0,416740.0,415655.0
2024-05-24 09:00:00,6130.0,6149.0,6120.0,6145.0,50822.0,415655.0,415328.0
2024-05-24 10:00:00,6145.0,6153.0,6139.0,6151.0,26613.0,415328.0,413714.0
2024-05-24 11:00:00,6151.0,6160.0,6150.0,6156.0,23025.0,413714.0,412440.0
2024-05-24 13:00:00,6156.0,6167.0,6153.0,6158.0,25696.0,412440.0,411366.0
2024-05-24 14:00:00,6158.0,6161.0,6143.0,6149.0,44495.0,411366.0,409786.0
2024-05-24 21:00:00,6135.0,6157.0,6133.0,6148.0,87069.0,409786.0,412263.0
2024-05-24 22:00:00,6148.0,6161.0,6146.0,6159.0,35920.0,412263.0,409175.0
2024-05-27 09:00:00,6175.0,6199.0,6171.0,6185.0,117268.0,409175.0,395753.0
2024-05-27 10:00:00,6185.0,6196.0,6182.0,6191.0,23625.0,395753.0,394085.0
2024-05-27 11:00:00,6191.0,6199.0,6184.0,6198.0,16219.0,394085.0,393805.0
2024-05-27 13:00:00,6199.0,6226.0,6199.0,6216.0,73270.0,393805.0,389022.0
2024-05-27 14:00:00,6216.0,6217.0,6195.0,6201.0,54496.0,389022.0,382915.0
2024-05-27 21:00:00,6205.0,6230.0,6204.0,6208.0,84804.0,382915.0,384554.0
2024-05-27 22:00:00,6208.0,6220.0,6207.0,6217.0,31223.0,384554.0,383621.0
2024-05-28 09:00:00,6220.0,6225.0,6208.0,6224.0,48418.0,383621.0,384513.0
2024-05-28 10:00:00,6224.0,6225.0,6213.0,6216.0,23092.0,384513.0,383857.0
2024-05-28 11:00:00,6216.0,6223.0,6210.0,6223.0,16088.0,383857.0,383749.0
2024-05-28 13:00:00,6223.0,6243.0,6219.0,6230.0,70031.0,383749.0,382824.0
2024-05-28 14:00:00,6230.0,6230.0,6195.0,6225.0,85328.0,382824.0,377451.0
2024-05-28 21:00:00,6227.0,6236.0,6200.0,6203.0,91541.0,377451.0,380447.0
2024-05-28 22:00:00,6203.0,6217.0,6185.0,6213.0,73420.0,380447.0,378645.0
2024-05-29 09:00:00,6213.0,6219.0,6205.0,6211.0,42093.0,378645.0,379508.0
2024-05-29 10:00:00,6211.0,6224.0,6199.0,6220.0,33896.0,379508.0,377865.0
2024-05-29 11:00:00,6220.0,6226.0,6216.0,6222.0,17358.0,377865.0,376597.0
2024-05-29 13:00:00,6222.0,6226.0,6214.0,6218.0,17110.0,376597.0,373817.0
2024-05-29 14:00:00,6218.0,6224.0,6207.0,6222.0,37058.0,373817.0,370384.0
2024-05-29 21:00:00,6185.0,6188.0,6155.0,6175.0,135925.0,370384.0,376544.0
2024-05-29 22:00:00,6175.0,6214.0,6171.0,6199.0,90222.0,376544.0,371521.0
2024-05-30 09:00:00,6197.0,6216.0,6194.0,6215.0,49925.0,371521.0,372975.0
2024-05-30 10:00:00,6215.0,6220.0,6197.0,6202.0,33908.0,372975.0,370226.0
2024-05-30 11:00:00,6202.0,6203.0,6191.0,6196.0,20360.0,370226.0,369973.0
2024-05-30 13:00:00,6193.0,6198.0,6174.0,6175.0,42405.0,369973.0,370331.0
2024-05-30 14:00:00,6175.0,6207.0,6173.0,6205.0,49836.0,370331.0,367382.0
2024-05-30 21:00:00,6198.0,6217.0,6195.0,6202.0,87877.0,367382.0,371258.0
2024-05-30 22:00:00,6202.0,6208.0,6192.0,6202.0,39357.0,371258.0,366275.0
2024-05-31 09:00:00,6199.0,6199.0,6163.0,6166.0,82327.0,366275.0,374200.0
2024-05-31 10:00:00,6166.0,6170.0,6120.0,6132.0,123366.0,374200.0,395943.0
2024-05-31 11:00:00,6132.0,6142.0,6131.0,6140.0,27627.0,395943.0,396255.0
2024-05-31 13:00:00,6140.0,6149.0,6138.0,6146.0,24253.0,396255.0,396505.0
2024-05-31 14:00:00,6146.0,6148.0,6118.0,6120.0,61984.0,396505.0,401328.0
2024-05-31 21:00:00,6136.0,6156.0,6125.0,6146.0,115575.0,401328.0,407212.0
2024-05-31 22:00:00,6146.0,6154.0,6135.0,6142.0,58730.0,407212.0,398117.0
2024-06-03 09:00:00,6142.0,6196.0,6142.0,6194.0,135292.0,398117.0,387172.0
2024-06-03 10:00:00,6194.0,6216.0,6187.0,6211.0,76325.0,387172.0,383501.0
2024-06-03 11:00:00,6211.0,6213.0,6188.0,6193.0,43629.0,383501.0,374061.0
2024-06-03 13:00:00,6194.0,6197.0,6175.0,6188.0,39709.0,374061.0,372608.0
2024-06-03 14:00:00,6188.0,6199.0,6179.0,6186.0,49921.0,372608.0,372833.0
2024-06-03 21:00:00,6215.0,6249.0,6208.0,6225.0,250213.0,372833.0,385100.0
2024-06-03 22:00:00,6225.0,6240.0,6220.0,6230.0,76324.0,385100.0,384978.0
2024-06-04 09:00:00,6231.0,6232.0,6161.0,6162.0,145722.0,384978.0,382550.0
2024-06-04 10:00:00,6162.0,6181.0,6156.0,6179.0,60427.0,382550.0,387747.0
2024-06-04 11:00:00,6179.0,6184.0,6173.0,6181.0,14887.0,387747.0,387486.0
2024-06-04 13:00:00,6181.0,6182.0,6159.0,6170.0,32379.0,387486.0,390971.0
2024-06-04 14:00:00,6170.0,6200.0,6169.0,6196.0,59794.0,390971.0,386208.0
2024-06-04 21:00:00,6198.0,6206.0,6186.0,6202.0,90288.0,386208.0,389451.0
2024-06-04 22:00:00,6202.0,6227.0,6202.0,6220.0,85109.0,389451.0,386691.0
2024-06-05 09:00:00,6226.0,6242.0,6219.0,6223.0,87743.0,386691.0,387710.0
2024-06-05 10:00:00,6223.0,6238.0,6220.0,6234.0,33920.0,387710.0,390173.0
2024-06-05 11:00:00,6234.0,6246.0,6230.0,6230.0,34281.0,390173.0,390577.0
2024-06-05 13:00:00,6230.0,6238.0,6226.0,6236.0,20933.0,390577.0,390130.0
2024-06-05 14:00:00,6236.0,6245.0,6229.0,6244.0,65903.0,390130.0,386735.0
2024-06-05 21:00:00,6242.0,6288.0,6233.0,6285.0,226310.0,386735.0,399800.0
2024-06-05 22:00:00,6285.0,6286.0,6256.0,6283.0,95790.0,399800.0,389456.0
2024-06-06 09:00:00,6288.0,6299.0,6276.0,6294.0,99914.0,389456.0,394519.0
2024-06-06 10:00:00,6294.0,6298.0,6289.0,6296.0,25555.0,394519.0,393739.0
2024-06-06 11:00:00,6296.0,6310.0,6294.0,6302.0,52894.0,393739.0,398617.0
2024-06-06 13:00:00,6302.0,6309.0,6297.0,6300.0,22124.0,398617.0,398341.0
2024-06-06 14:00:00,6300.0,6304.0,6294.0,6302.0,48373.0,398341.0,396675.0
2024-06-06 21:00:00,6296.0,6316.0,6296.0,6306.0,89204.0,396675.0,407169.0
2024-06-06 22:00:00,6306.0,6314.0,6284.0,6294.0,72259.0,407169.0,396872.0
2024-06-07 09:00:00,6297.0,6303.0,6277.0,6300.0,78620.0,396872.0,395279.0
2024-06-07 10:00:00,6300.0,6301.0,6282.0,6295.0,35682.0,395279.0,394657.0
2024-06-07 11:00:00,6295.0,6305.0,6290.0,6303.0,22013.0,394657.0,395039.0
2024-06-07 13:00:00,6304.0,6308.0,6299.0,6306.0,25153.0,395039.0,397584.0
2024-06-07 14:00:00,6306.0,6319.0,6292.0,6301.0,78404.0,397584.0,392086.0
2024-06-11 09:00:00,6261.0,6264.0,6183.0,6209.0,262835.0,392086.0,375461.0
2024-06-11 10:00:00,6209.0,6212.0,6187.0,6192.0,51327.0,375461.0,371516.0
2024-06-11 11:00:00,6192.0,6195.0,6187.0,6192.0,14649.0,371516.0,370059.0
2024-06-11 13:00:00,6192.0,6199.0,6190.0,6193.0,19273.0,370059.0,368597.0
2024-06-11 14:00:00,6193.0,6204.0,6191.0,6194.0,45503.0,368597.0,362635.0
2024-06-11 21:00:00,6208.0,6211.0,6195.0,6196.0,83422.0,362635.0,365138.0
2024-06-11 22:00:00,6196.0,6202.0,6185.0,6197.0,43326.0,365138.0,363264.0
2024-06-12 09:00:00,6197.0,6198.0,6176.0,6188.0,66594.0,363264.0,363255.0
2024-06-12 10:00:00,6188.0,6190.0,6170.0,6177.0,40432.0,363255.0,364098.0
2024-06-12 11:00:00,6177.0,6186.0,6177.0,6182.0,17143.0,364098.0,362812.0
2024-06-12 13:00:00,6184.0,6188.0,6182.0,6185.0,11797.0,362812.0,362833.0
2024-06-12 14:00:00,6185.0,6196.0,6183.0,6187.0,34166.0,362833.0,358621.0
2024-06-12 21:00:00,6210.0,6218.0,6195.0,6199.0,104344.0,358621.0,359189.0
2024-06-12 22:00:00,6199.0,6217.0,6199.0,6209.0,44010.0,359189.0,354227.0
2024-06-13 09:00:00,6208.0,6211.0,6181.0,6189.0,68050.0,354227.0,356570.0
2024-06-13 10:00:00,6189.0,6193.0,6176.0,6178.0,29398.0,356570.0,359745.0
2024-06-13 11:00:00,6178.0,6186.0,6178.0,6184.0,10559.0,359745.0,359188.0
2024-06-13 13:00:00,6183.0,6188.0,6182.0,6184.0,10158.0,359188.0,358601.0
2024-06-13 14:00:00,6184.0,6185.0,6159.0,6164.0,46074.0,358601.0,359968.0
2024-06-13 21:00:00,6172.0,6203.0,6170.0,6201.0,107955.0,359968.0,360060.0
2024-06-13 22:00:00,6201.0,6202.0,6182.0,6183.0,44939.0,360060.0,360906.0
2024-06-14 09:00:00,6200.0,6242.0,6198.0,6233.0,135793.0,360906.0,358526.0
2024-06-14 10:00:00,6233.0,6237.0,6216.0,6221.0,37995.0,358526.0,356203.0
2024-06-14 11:00:00,6221.0,6225.0,6215.0,6221.0,16879.0,356203.0,355842.0
2024-06-14 13:00:00,6220.0,6223.0,6212.0,6222.0,23291.0,355842.0,357302.0
2024-06-14 14:00:00,6222.0,6239.0,6220.0,6237.0,50317.0,357302.0,356963.0
2024-06-14 21:00:00,6221.0,6240.0,6215.0,6222.0,105984.0,356963.0,361997.0
2024-06-14 22:00:00,6222.0,6232.0,6189.0,6202.0,106349.0,361997.0,354463.0
2024-06-17 09:00:00,6198.0,6215.0,6194.0,6196.0,54195.0,354463.0,357656.0
2024-06-17 10:00:00,6196.0,6197.0,6186.0,6195.0,25747.0,357656.0,357965.0
2024-06-17 11:00:00,6195.0,6197.0,6183.0,6187.0,17296.0,357965.0,357704.0
2024-06-17 13:00:00,6188.0,6190.0,6176.0,6183.0,23349.0,357704.0,360696.0
2024-06-17 14:00:00,6183.0,6188.0,6175.0,6176.0,35828.0,360696.0,361278.0
2024-06-17 21:00:00,6135.0,6157.0,6108.0,6134.0,195902.0,361278.0,383214.0
2024-06-17 22:00:00,6134.0,6158.0,6128.0,6148.0,58113.0,383214.0,377673.0
2024-06-18 09:00:00,6150.0,6159.0,6122.0,6124.0,67270.0,377673.0,382921.0
2024-06-18 10:00:00,6124.0,6128.0,6063.0,6067.0,173762.0,382921.0,415681.0
2024-06-18 11:00:00,6067.0,6080.0,6051.0,6060.0,84520.0,415681.0,425128.0
2024-06-18 13:00:00,6059.0,6069.0,6048.0,6048.0,86791.0,425128.0,435142.0
2024-06-18 14:00:00,6048.0,6051.0,6000.0,6004.0,214408.0,435142.0,442827.0
2024-06-18 21:00:00,6028.0,6059.0,6023.0,6055.0,190494.0,442827.0,446361.0
2024-06-18 22:00:00,6055.0,6055.0,6033.0,6037.0,76552.0,446361.0,444875.0
2024-06-19 09:00:00,6030.0,6040.0,6010.0,6026.0,103235.0,444875.0,456642.0
2024-06-19 10:00:00,6026.0,6030.0,6005.0,6013.0,45772.0,456642.0,463780.0
2024-06-19 11:00:00,6013.0,6047.0,6013.0,6045.0,59913.0,463780.0,457148.0
2024-06-19 13:00:00,6044.0,6056.0,6044.0,6046.0,53189.0,457148.0,455274.0
2024-06-19 14:00:00,6046.0,6050.0,6037.0,6049.0,55590.0,455274.0,447879.0
2024-06-19 21:00:00,6054.0,6088.0,6051.0,6067.0,132614.0,447879.0,442964.0
2024-06-19 22:00:00,6067.0,6085.0,6066.0,6082.0,50342.0,442964.0,436334.0
2024-06-20 09:00:00,6085.0,6086.0,6055.0,6056.0,73236.0,436334.0,439142.0
2024-06-20 10:00:00,6056.0,6070.0,6052.0,6056.0,44390.0,439142.0,439633.0
2024-06-20 11:00:00,6056.0,6063.0,6047.0,6062.0,31422.0,439633.0,438670.0
2024-06-20 13:00:00,6061.0,6068.0,6044.0,6050.0,39272.0,438670.0,439006.0
2024-06-20 14:00:00,6050.0,6067.0,6043.0,6055.0,53638.0,439006.0,433171.0
2024-06-20 21:00:00,6092.0,6139.0,6088.0,6131.0,185177.0,433171.0,408560.0
2024-06-20 22:00:00,6131.0,6133.0,6110.0,6122.0,74547.0,408560.0,399480.0
2024-06-21 09:00:00,6094.0,6098.0,6072.0,6085.0,106143.0,399480.0,395244.0
2024-06-21 10:00:00,6085.0,6093.0,6082.0,6089.0,21712.0,395244.0,395518.0
2024-06-21 11:00:00,6089.0,6092.0,6081.0,6089.0,12882.0,395518.0,395862.0
2024-06-21 13:00:00,6089.0,6092.0,6084.0,6090.0,15336.0,395862.0,395759.0
2024-06-21 14:00:00,6090.0,6092.0,6074.0,6079.0,40161.0,395759.0,390768.0
2024-06-21 21:00:00,6086.0,6087.0,6068.0,6074.0,72927.0,390768.0,392452.0
2024-06-21 22:00:00,6074.0,6095.0,6069.0,6093.0,43591.0,392452.0,385773.0
2024-06-24 09:00:00,6099.0,6114.0,6089.0,6093.0,69825.0,385773.0,386589.0
2024-06-24 10:00:00,6093.0,6095.0,6073.0,6077.0,35117.0,386589.0,389070.0
2024-06-24 11:00:00,6077.0,6080.0,6070.0,6077.0,20069.0,389070.0,391898.0
2024-06-24 13:00:00,6078.0,6082.0,6061.0,6077.0,39546.0,391898.0,396451.0
2024-06-24 14:00:00,6077.0,6088.0,6071.0,6071.0,41293.0,396451.0,394810.0
2024-06-24 21:00:00,6099.0,6126.0,6090.0,6114.0,109572.0,394810.0,393379.0
2024-06-24 22:00:00,6114.0,6128.0,6112.0,6121.0,50586.0,393379.0,391376.0
2024-06-25 09:00:00,6127.0,6134.0,6098.0,6115.0,73313.0,391376.0,391881.0
2024-06-25 10:00:00,6115.0,6115.0,6103.0,6108.0,17346.0,391881.0,391606.0
2024-06-25 11:00:00,6108.0,6111.0,6102.0,6110.0,11115.0,391606.0,390723.0
2024-06-25 13:00:00,6110.0,6121.0,6108.0,6119.0,18028.0,390723.0,389841.0
2024-06-25 14:00:00,6119.0,6124.0,6105.0,6119.0,39883.0,389841.0,383319.0
2024-06-25 21:00:00,6110.0,6112.0,6085.0,6090.0,92012.0,383319.0,383900.0
2024-06-25 22:00:00,6090.0,6095.0,6083.0,6087.0,35435.0,383900.0,383872.0
2024-06-26 09:00:00,6098.0,6117.0,6092.0,6098.0,72785.0,383872.0,380674.0
2024-06-26 10:00:00,6098.0,6114.0,6094.0,6105.0,20822.0,380674.0,380496.0
2024-06-26 11:00:00,6105.0,6124.0,6103.0,6123.0,21991.0,380496.0,381574.0
2024-06-26 13:00:00,6123.0,6147.0,6121.0,6124.0,59166.0,381574.0,375834.0
2024-06-26 14:00:00,6124.0,6133.0,6116.0,6120.0,45291.0,375834.0,368886.0
2024-06-26 21:00:00,6115.0,6118.0,6098.0,6107.0,66628.0,368886.0,368149.0
2024-06-26 22:00:00,6107.0,6108.0,6089.0,6095.0,48858.0,368149.0,370664.0
2024-06-27 09:00:00,6100.0,6119.0,6099.0,6112.0,49491.0,370664.0,365067.0
2024-06-27 10:00:00,6112.0,6115.0,6092.0,6092.0,29651.0,365067.0,365749.0
2024-06-27 11:00:00,6092.0,6093.0,6076.0,6090.0,46709.0,365749.0,372741.0
2024-06-27 13:00:00,6089.0,6094.0,6082.0,6092.0,18700.0,372741.0,373710.0
2024-06-27 14:00:00,6092.0,6094.0,6075.0,6077.0,43144.0,373710.0,376221.0
2024-06-27 21:00:00,6132.0,6150.0,6120.0,6129.0,147726.0,376221.0,372466.0
2024-06-27 22:00:00,6129.0,6144.0,6127.0,6132.0,56055.0,372466.0,369515.0
2024-06-28 09:00:00,6133.0,6220.0,6133.0,6208.0,224487.0,369515.0,370042.0
2024-06-28 10:00:00,6208.0,6217.0,6205.0,6216.0,42521.0,370042.0,375692.0
2024-06-28 11:00:00,6216.0,6225.0,6215.0,6219.0,27768.0,375692.0,376935.0
2024-06-28 13:00:00,6219.0,6223.0,6205.0,6216.0,38241.0,376935.0,374738.0
2024-06-28 14:00:00,6216.0,6219.0,6207.0,6212.0,47579.0,374738.0,368605.0
2024-06-28 21:00:00,6228.0,6233.0,6216.0,6218.0,86241.0,368605.0,373196.0
2024-06-28 22:00:00,6218.0,6218.0,6177.0,6192.0,107414.0,373196.0,365396.0
2024-07-01 09:00:00,6208.0,6211.0,6192.0,6210.0,58300.0,365396.0,361985.0
2024-07-01 10:00:00,6210.0,6210.0,6199.0,6207.0,21244.0,361985.0,361662.0
2024-07-01 11:00:00,6207.0,6210.0,6201.0,6202.0,9352.0,361662.0,360219.0
2024-07-01 13:00:00,6204.0,6205.0,6197.0,6198.0,13431.0,360219.0,359111.0
2024-07-01 14:00:00,6198.0,6207.0,6193.0,6196.0,31033.0,359111.0,353774.0
2024-07-01 21:00:00,6187.0,6201.0,6180.0,6198.0,67085.0,353774.0,351663.0
2024-07-01 22:00:00,6198.0,6200.0,6188.0,6192.0,31822.0,351663.0,347181.0
2024-07-02 09:00:00,6190.0,6193.0,6173.0,6185.0,49314.0,347181.0,345907.0
2024-07-02 10:00:00,6185.0,6193.0,6178.0,6182.0,21153.0,345907.0,344134.0
2024-07-02 11:00:00,6182.0,6190.0,6182.0,6190.0,10336.0,344134.0,343561.0
2024-07-02 13:00:00,6189.0,6195.0,6188.0,6193.0,16077.0,343561.0,342400.0
2024-07-02 14:00:00,6193.0,6204.0,6192.0,6197.0,33076.0,342400.0,340805.0
2024-07-02 21:00:00,6188.0,6194.0,6168.0,6184.0,96145.0,340805.0,341378.0
2024-07-02 22:00:00,6184.0,6195.0,6178.0,6188.0,40959.0,341378.0,337784.0
2024-07-03 09:00:00,6210.0,6239.0,6210.0,6218.0,107482.0,337784.0,339772.0
2024-07-03 10:00:00,6218.0,6224.0,6207.0,6219.0,33654.0,339772.0,340052.0
2024-07-03 11:00:00,6219.0,6232.0,6217.0,6228.0,23664.0,340052.0,340579.0
2024-07-03 13:00:00,6227.0,6234.0,6223.0,6232.0,16491.0,340579.0,340094.0
2024-07-03 14:00:00,6232.0,6234.0,6226.0,6227.0,34346.0,340094.0,333963.0
2024-07-03 21:00:00,6223.0,6247.0,6221.0,6245.0,79182.0,333963.0,333956.0
2024-07-03 22:00:00,6245.0,6271.0,6244.0,6258.0,84904.0,333956.0,334675.0
2024-07-04 09:00:00,6246.0,6275.0,6244.0,6270.0,53338.0,334675.0,338231.0
2024-07-04 10:00:00,6270.0,6271.0,6258.0,6270.0,30671.0,338231.0,339604.0
2024-07-04 11:00:00,6270.0,6274.0,6265.0,6270.0,18333.0,339604.0,340626.0
2024-07-04 13:00:00,6270.0,6270.0,6261.0,6265.0,20326.0,340626.0,342002.0
2024-07-04 14:00:00,6265.0,6269.0,6249.0,6261.0,57622.0,342002.0,343069.0
2024-07-04 21:00:00,6266.0,6278.0,6247.0,6259.0,76018.0,343069.0,345196.0
2024-07-04 22:00:00,6259.0,6264.0,6244.0,6255.0,37357.0,345196.0,344772.0
2024-07-05 09:00:00,6253.0,6267.0,6240.0,6260.0,55545.0,344772.0,346018.0
2024-07-05 10:00:00,6260.0,6265.0,6255.0,6261.0,22761.0,346018.0,347352.0
2024-07-05 11:00:00,6261.0,6273.0,6260.0,6268.0,21853.0,347352.0,349039.0
2024-07-05 13:00:00,6268.0,6282.0,6263.0,6280.0,29264.0,349039.0,350260.0
2024-07-05 14:00:00,6280.0,6282.0,6260.0,6261.0,39847.0,350260.0,346293.0
2024-07-05 21:00:00,6256.0,6262.0,6244.0,6258.0,70113.0,346293.0,351363.0
2024-07-05 22:00:00,6258.0,6284.0,6254.0,6274.0,59606.0,351363.0,351829.0
2024-07-08 09:00:00,6248.0,6248.0,6209.0,6217.0,96243.0,351829.0,341361.0
2024-07-08 10:00:00,6217.0,6223.0,6210.0,6215.0,26114.0,341361.0,339477.0
2024-07-08 11:00:00,6215.0,6224.0,6208.0,6216.0,19042.0,339477.0,337469.0
2024-07-08 13:00:00,6217.0,6225.0,6216.0,6225.0,12973.0,337469.0,338380.0
2024-07-08 14:00:00,6225.0,6233.0,6217.0,6225.0,32854.0,338380.0,338492.0
2024-07-08 21:00:00,6235.0,6237.0,6195.0,6199.0,86287.0,338492.0,341234.0
2024-07-08 22:00:00,6199.0,6219.0,6197.0,6216.0,43974.0,341234.0,339568.0
2024-07-09 09:00:00,6226.0,6244.0,6220.0,6227.0,68717.0,339568.0,341737.0
2024-07-09 10:00:00,6227.0,6228.0,6202.0,6205.0,32086.0,341737.0,340577.0
2024-07-09 11:00:00,6205.0,6223.0,6203.0,6220.0,27547.0,340577.0,337877.0
2024-07-09 13:00:00,6220.0,6234.0,6220.0,6232.0,27865.0,337877.0,337306.0
2024-07-09 14:00:00,6232.0,6254.0,6232.0,6247.0,56558.0,337306.0,344916.0
2024-07-09 21:00:00,6219.0,6227.0,6202.0,6203.0,82593.0,344916.0,343815.0
2024-07-09 22:00:00,6203.0,6207.0,6182.0,6188.0,89228.0,343815.0,337049.0
2024-07-10 09:00:00,6181.0,6181.0,6145.0,6150.0,110222.0,337049.0,328891.0
2024-07-10 10:00:00,6150.0,6160.0,6145.0,6147.0,37473.0,328891.0,325358.0
2024-07-10 11:00:00,6147.0,6147.0,6133.0,6141.0,29789.0,325358.0,322960.0
2024-07-10 13:00:00,6143.0,6149.0,6135.0,6148.0,20872.0,322960.0,321397.0
2024-07-10 14:00:00,6148.0,6155.0,6144.0,6150.0,38003.0,321397.0,315580.0
2024-07-10 21:00:00,6170.0,6191.0,6163.0,6186.0,90198.0,315580.0,313040.0
2024-07-10 22:00:00,6186.0,6202.0,6186.0,6194.0,61855.0,313040.0,311270.0
2024-07-11 09:00:00,6178.0,6189.0,6173.0,6185.0,45079.0,311270.0,311252.0
2024-07-11 10:00:00,6185.0,6205.0,6184.0,6195.0,35082.0,311252.0,312802.0
2024-07-11 11:00:00,6195.0,6208.0,6193.0,6205.0,17736.0,312802.0,313981.0
2024-07-11 13:00:00,6204.0,6206.0,6192.0,6194.0,16060.0,313981.0,314168.0
2024-07-11 14:00:00,6194.0,6197.0,6185.0,6194.0,31672.0,314168.0,312118.0
2024-07-11 21:00:00,6179.0,6188.0,6164.0,6174.0,76357.0,312118.0,313721.0
2024-07-11 22:00:00,6174.0,6190.0,6173.0,6174.0,42237.0,313721.0,310407.0
2024-07-12 09:00:00,6156.0,6159.0,6137.0,6150.0,69506.0,310407.0,307027.0
2024-07-12 10:00:00,6150.0,6155.0,6141.0,6142.0,21062.0,307027.0,306841.0
2024-07-12 11:00:00,6142.0,6150.0,6139.0,6146.0,13903.0,306841.0,305320.0
2024-07-12 13:00:00,6146.0,6155.0,6145.0,6145.0,14964.0,305320.0,303815.0
2024-07-12 14:00:00,6145.0,6163.0,6144.0,6162.0,32310.0,303815.0,300749.0
2024-07-12 21:00:00,6146.0,6157.0,6140.0,6150.0,47623.0,300749.0,304802.0
2024-07-12 22:00:00,6150.0,6156.0,6127.0,6145.0,60808.0,304802.0,300625.0
2024-07-15 09:00:00,6130.0,6140.0,6120.0,6134.0,51486.0,300625.0,300118.0
2024-07-15 10:00:00,6134.0,6139.0,6112.0,6118.0,32841.0,300118.0,301419.0
2024-07-15 11:00:00,6118.0,6121.0,6115.0,6115.0,10327.0,301419.0,300915.0
2024-07-15 13:00:00,6115.0,6127.0,6115.0,6119.0,12850.0,300915.0,300091.0
2024-07-15 14:00:00,6119.0,6124.0,6112.0,6121.0,34588.0,300091.0,299655.0
2024-07-15 21:00:00,6135.0,6156.0,6128.0,6151.0,67459.0,299655.0,302274.0
2024-07-15 22:00:00,6151.0,6159.0,6146.0,6150.0,39735.0,302274.0,300786.0
2024-07-16 09:00:00,6154.0,6172.0,6140.0,6141.0,57086.0,300786.0,301573.0
2024-07-16 10:00:00,6141.0,6148.0,6137.0,6143.0,19348.0,301573.0,301937.0
2024-07-16 11:00:00,6143.0,6150.0,6142.0,6147.0,9983.0,301937.0,302328.0
2024-07-16 13:00:00,6147.0,6154.0,6147.0,6152.0,13831.0,302328.0,303484.0
2024-07-16 14:00:00,6152.0,6155.0,6140.0,6143.0,25943.0,303484.0,301507.0
2024-07-16 21:00:00,6134.0,6146.0,6129.0,6138.0,53586.0,301507.0,305261.0
2024-07-16 22:00:00,6138.0,6147.0,6137.0,6145.0,22512.0,305261.0,303521.0
2024-07-17 09:00:00,6144.0,6144.0,6126.0,6135.0,38541.0,303521.0,304764.0
2024-07-17 10:00:00,6135.0,6145.0,6131.0,6133.0,19470.0,304764.0,305161.0
2024-07-17 11:00:00,6133.0,6133.0,6122.0,6127.0,20495.0,305161.0,305991.0
2024-07-17 13:00:00,6127.0,6130.0,6124.0,6124.0,11839.0,305991.0,305845.0
2024-07-17 14:00:00,6124.0,6129.0,6118.0,6128.0,33804.0,305845.0,303866.0
2024-07-17 21:00:00,6107.0,6132.0,6105.0,6128.0,63170.0,303866.0,305888.0
2024-07-17 22:00:00,6128.0,6129.0,6106.0,6108.0,41786.0,305888.0,305712.0
2024-07-18 09:00:00,6110.0,6115.0,6101.0,6113.0,43394.0,305712.0,308317.0
2024-07-18 10:00:00,6113.0,6130.0,6111.0,6119.0,35344.0,308317.0,309647.0
2024-07-18 11:00:00,6119.0,6127.0,6115.0,6125.0,14102.0,309647.0,308971.0
2024-07-18 13:00:00,6125.0,6129.0,6118.0,6119.0,14822.0,308971.0,309416.0
2024-07-18 14:00:00,6119.0,6138.0,6113.0,6135.0,31876.0,309416.0,306513.0
2024-07-18 21:00:00,6115.0,6132.0,6108.0,6129.0,55317.0,306513.0,310204.0
2024-07-18 22:00:00,6129.0,6131.0,6117.0,6123.0,26144.0,310204.0,308208.0
2024-07-19 09:00:00,6119.0,6126.0,6106.0,6116.0,39065.0,308208.0,308235.0
2024-07-19 10:00:00,6116.0,6130.0,6115.0,6117.0,22965.0,308235.0,308312.0
2024-07-19 11:00:00,6117.0,6144.0,6115.0,6124.0,33686.0,308312.0,305269.0
2024-07-19 13:00:00,6124.0,6125.0,6116.0,6116.0,13896.0,305269.0,305670.0
2024-07-19 14:00:00,6116.0,6124.0,6113.0,6122.0,28622.0,305670.0,302166.0
2024-07-19 21:00:00,6098.0,6104.0,6077.0,6084.0,80812.0,302166.0,309302.0
2024-07-19 22:00:00,6084.0,6089.0,6073.0,6079.0,38971.0,309302.0,310021.0
2024-07-22 09:00:00,6084.0,6097.0,6081.0,6084.0,46981.0,310021.0,308234.0
2024-07-22 10:00:00,6084.0,6106.0,6081.0,6105.0,25153.0,308234.0,308581.0
2024-07-22 11:00:00,6105.0,6111.0,6103.0,6107.0,16596.0,308581.0,307820.0
2024-07-22 13:00:00,6107.0,6108.0,6098.0,6101.0,12578.0,307820.0,307246.0
2024-07-22 14:00:00,6101.0,6110.0,6096.0,6104.0,26193.0,307246.0,304065.0
2024-07-22 21:00:00,6083.0,6095.0,6079.0,6085.0,57237.0,304065.0,303578.0
2024-07-22 22:00:00,6085.0,6092.0,6081.0,6084.0,20319.0,303578.0,303629.0
2024-07-23 09:00:00,6082.0,6090.0,6077.0,6087.0,33772.0,303629.0,305214.0
2024-07-23 10:00:00,6087.0,6097.0,6082.0,6093.0,20712.0,305214.0,306077.0
2024-07-23 11:00:00,6093.0,6095.0,6086.0,6087.0,9108.0,306077.0,304393.0
2024-07-23 13:00:00,6087.0,6087.0,6066.0,6074.0,39648.0,304393.0,307188.0
2024-07-23 14:00:00,6074.0,6077.0,6064.0,6069.0,33799.0,307188.0,305522.0
2024-07-23 21:00:00,6081.0,6101.0,6076.0,6087.0,61303.0,305522.0,308071.0
2024-07-23 22:00:00,6087.0,6091.0,6071.0,6072.0,29993.0,308071.0,305552.0
2024-07-24 09:00:00,6075.0,6083.0,6068.0,6079.0,27597.0,305552.0,307423.0
2024-07-24 10:00:00,6079.0,6088.0,6077.0,6086.0,20967.0,307423.0,308522.0
2024-07-24 11:00:00,6086.0,6102.0,6085.0,6099.0,28800.0,308522.0,310115.0
2024-07-24 13:00:00,6098.0,6125.0,6097.0,6124.0,48379.0,310115.0,309112.0
2024-07-24 14:00:00,6124.0,6165.0,6122.0,6150.0,127766.0,309112.0,304611.0
2024-07-24 21:00:00,6137.0,6148.0,6126.0,6128.0,62379.0,304611.0,302559.0
2024-07-24 22:00:00,6128.0,6133.0,6103.0,6116.0,65504.0,302559.0,296500.0
2024-07-25 09:00:00,6118.0,6125.0,6105.0,6125.0,46319.0,296500.0,294477.0
2024-07-25 10:00:00,6125.0,6129.0,6113.0,6120.0,26878.0,294477.0,292508.0
2024-07-25 11:00:00,6120.0,6122.0,6113.0,6117.0,16041.0,292508.0,291718.0
2024-07-25 13:00:00,6117.0,6123.0,6112.0,6121.0,16331.0,291718.0,289937.0
2024-07-25 14:00:00,6121.0,6139.0,6120.0,6134.0,53409.0,289937.0,287162.0
2024-07-25 21:00:00,6171.0,6226.0,6168.0,6185.0,187608.0,287162.0,289819.0
2024-07-25 22:00:00,6185.0,6198.0,6185.0,6193.0,37779.0,289819.0,288971.0
2024-07-26 09:00:00,6195.0,6219.0,6190.0,6209.0,64742.0,288971.0,295458.0
2024-07-26 10:00:00,6209.0,6214.0,6206.0,6207.0,18252.0,295458.0,295743.0
2024-07-26 11:00:00,6207.0,6210.0,6204.0,6209.0,12884.0,295743.0,296352.0
2024-07-26 13:00:00,6207.0,6208.0,6200.0,6203.0,13250.0,296352.0,295440.0
2024-07-26 14:00:00,6203.0,6203.0,6165.0,6174.0,54592.0,295440.0,280663.0
2024-07-26 21:00:00,6164.0,6173.0,6141.0,6143.0,71588.0,280663.0,279660.0
2024-07-26 22:00:00,6143.0,6147.0,6123.0,6126.0,55294.0,279660.0,273600.0
2024-07-29 09:00:00,6135.0,6143.0,6113.0,6140.0,61037.0,273600.0,275949.0
2024-07-29 10:00:00,6140.0,6145.0,6135.0,6140.0,18502.0,275949.0,275567.0
2024-07-29 11:00:00,6140.0,6144.0,6134.0,6139.0,8693.0,275567.0,274567.0
2024-07-29 13:00:00,6139.0,6152.0,6135.0,6144.0,16303.0,274567.0,274072.0
2024-07-29 14:00:00,6144.0,6155.0,6144.0,6147.0,23768.0,274072.0,270686.0
2024-07-29 21:00:00,6177.0,6180.0,6157.0,6171.0,66012.0,270686.0,275208.0
2024-07-29 22:00:00,6171.0,6179.0,6167.0,6172.0,26119.0,275208.0,274254.0
2024-07-30 09:00:00,6175.0,6189.0,6164.0,6187.0,48541.0,274254.0,276816.0
2024-07-30 10:00:00,6187.0,6195.0,6181.0,6187.0,26202.0,276816.0,277988.0
2024-07-30 11:00:00,6187.0,6190.0,6174.0,6177.0,13659.0,277988.0,277986.0
2024-07-30 13:00:00,6177.0,6184.0,6170.0,6181.0,14130.0,277986.0,279292.0
2024-07-30 14:00:00,6181.0,6187.0,6178.0,6181.0,24906.0,279292.0,277937.0
2024-07-30 21:00:00,6185.0,6194.0,6177.0,6189.0,55954.0,277937.0,283836.0
2024-07-30 22:00:00,6189.0,6204.0,6180.0,6183.0,42507.0,283836.0,282007.0
2024-07-31 09:00:00,6210.0,6210.0,6184.0,6191.0,46754.0,282007.0,281240.0
2024-07-31 10:00:00,6191.0,6200.0,6185.0,6198.0,17547.0,281240.0,280077.0
2024-07-31 11:00:00,6198.0,6205.0,6192.0,6199.0,16256.0,280077.0,279123.0
2024-07-31 13:00:00,6200.0,6206.0,6196.0,6205.0,16895.0,279123.0,278770.0
2024-07-31 14:00:00,6205.0,6208.0,6195.0,6196.0,25324.0,278770.0,276240.0
2024-07-31 21:00:00,6190.0,6193.0,6159.0,6163.0,83347.0,276240.0,272858.0
2024-07-31 22:00:00,6163.0,6171.0,6158.0,6171.0,27466.0,272858.0,269580.0
2024-08-01 09:00:00,6173.0,6199.0,6173.0,6186.0,46175.0,269580.0,267958.0
2024-08-01 10:00:00,6186.0,6188.0,6176.0,6186.0,18946.0,267958.0,266398.0
2024-08-01 11:00:00,6186.0,6186.0,6165.0,6166.0,16581.0,266398.0,264964.0
2024-08-01 13:00:00,6166.0,6168.0,6154.0,6163.0,21761.0,264964.0,264152.0
2024-08-01 14:00:00,6163.0,6169.0,6157.0,6164.0,22804.0,264152.0,261075.0
2024-08-01 21:00:00,6151.0,6156.0,6134.0,6147.0,49678.0,261075.0,261432.0
2024-08-01 22:00:00,6147.0,6149.0,6128.0,6138.0,43421.0,261432.0,261410.0
2024-08-02 09:00:00,6145.0,6145.0,6119.0,6125.0,35682.0,261410.0,259693.0
2024-08-02 10:00:00,6125.0,6148.0,6124.0,6141.0,23495.0,259693.0,256399.0
2024-08-02 11:00:00,6141.0,6165.0,6141.0,6162.0,23233.0,256399.0,253740.0
2024-08-02 13:00:00,6162.0,6164.0,6153.0,6160.0,13764.0,253740.0,253472.0
2024-08-02 14:00:00,6160.0,6169.0,6157.0,6160.0,22115.0,253472.0,251991.0
2024-08-02 21:00:00,6140.0,6149.0,6115.0,6124.0,58624.0,251991.0,255738.0
2024-08-02 22:00:00,6124.0,6133.0,6116.0,6128.0,30217.0,255738.0,252874.0
2024-08-05 09:00:00,6129.0,6157.0,6122.0,6145.0,43684.0,252874.0,250728.0
2024-08-05 10:00:00,6145.0,6192.0,6140.0,6174.0,69123.0,250728.0,254641.0
2024-08-05 11:00:00,6174.0,6175.0,6167.0,6172.0,13822.0,254641.0,254258.0
2024-08-05 13:00:00,6166.0,6170.0,6155.0,6156.0,17431.0,254258.0,252927.0
2024-08-05 14:00:00,6156.0,6158.0,6138.0,6143.0,35321.0,252927.0,247572.0
2024-08-05 21:00:00,6117.0,6132.0,6110.0,6126.0,66013.0,247572.0,250616.0
2024-08-05 22:00:00,6126.0,6134.0,6125.0,6129.0,19836.0,250616.0,249754.0
2024-08-06 09:00:00,6123.0,6146.0,6122.0,6130.0,33425.0,249754.0,251032.0
2024-08-06 10:00:00,6130.0,6131.0,6117.0,6118.0,20437.0,251032.0,250238.0
2024-08-06 11:00:00,6118.0,6131.0,6116.0,6126.0,10619.0,250238.0,249536.0
2024-08-06 13:00:00,6125.0,6139.0,6122.0,6138.0,14115.0,249536.0,248767.0
2024-08-06 14:00:00,6138.0,6142.0,6122.0,6125.0,32228.0,248767.0,245898.0
2024-08-06 21:00:00,6120.0,6138.0,6111.0,6130.0,51889.0,245898.0,248970.0
2024-08-06 22:00:00,6130.0,6132.0,6059.0,6075.0,118940.0,248970.0,254929.0
2024-08-07 09:00:00,6074.0,6077.0,6032.0,6045.0,71118.0,254929.0,260201.0
2024-08-07 10:00:00,6045.0,6053.0,6033.0,6036.0,36153.0,260201.0,259713.0
2024-08-07 11:00:00,6036.0,6038.0,6025.0,6035.0,21471.0,259713.0,259562.0
2024-08-07 13:00:00,6038.0,6047.0,6037.0,6041.0,20970.0,259562.0,257677.0
2024-08-07 14:00:00,6041.0,6042.0,6031.0,6036.0,30720.0,257677.0,255924.0
2024-08-07 21:00:00,6065.0,6069.0,6045.0,6053.0,51412.0,255924.0,257469.0
2024-08-07 22:00:00,6053.0,6055.0,6038.0,6042.0,19618.0,257469.0,256053.0
2024-08-08 09:00:00,6050.0,6052.0,6011.0,6018.0,63420.0,256053.0,260389.0
2024-08-08 10:00:00,6018.0,6037.0,6015.0,6027.0,25399.0,260389.0,259385.0
2024-08-08 11:00:00,6027.0,6034.0,6027.0,6030.0,8419.0,259385.0,257289.0
2024-08-08 13:00:00,6031.0,6038.0,6026.0,6034.0,18039.0,257289.0,252263.0
2024-08-08 14:00:00,6034.0,6037.0,6026.0,6028.0,20360.0,252263.0,251571.0
2024-08-08 21:00:00,6062.0,6077.0,6047.0,6068.0,65161.0,251571.0,248363.0
2024-08-08 22:00:00,6068.0,6091.0,6067.0,6078.0,41160.0,248363.0,239458.0
2024-08-09 09:00:00,6069.0,6071.0,6054.0,6055.0,44445.0,239458.0,237078.0
2024-08-09 10:00:00,6055.0,6069.0,6055.0,6065.0,19227.0,237078.0,236526.0
2024-08-09 11:00:00,6065.0,6069.0,6052.0,6053.0,11241.0,236526.0,234937.0
2024-08-09 13:00:00,6053.0,6054.0,6045.0,6048.0,12058.0,234937.0,235069.0
2024-08-09 14:00:00,6048.0,6063.0,6046.0,6061.0,21499.0,235069.0,231017.0
2024-08-09 21:00:00,6072.0,6076.0,6035.0,6037.0,51910.0,231017.0,225239.0
2024-08-09 22:00:00,6037.0,6049.0,6021.0,6028.0,26882.0,225239.0,222565.0
2024-08-12 09:00:00,6044.0,6044.0,5965.0,6009.0,126278.0,222565.0,222728.0
2024-08-12 10:00:00,6009.0,6034.0,5998.0,6031.0,35427.0,222728.0,214476.0
2024-08-12 11:00:00,6031.0,6035.0,6025.0,6033.0,8622.0,214476.0,213561.0
2024-08-12 13:00:00,6034.0,6037.0,6024.0,6027.0,14753.0,213561.0,208948.0
2024-08-12 14:00:00,6027.0,6029.0,6017.0,6024.0,21407.0,208948.0,204433.0
2024-08-12 21:00:00,6025.0,6028.0,5998.0,6011.0,45269.0,204433.0,204747.0
2024-08-12 22:00:00,6011.0,6021.0,6006.0,6013.0,18142.0,204747.0,201381.0
2024-08-13 09:00:00,6009.0,6021.0,6002.0,6010.0,24825.0,201381.0,197824.0
2024-08-13 10:00:00,6010.0,6013.0,5999.0,6005.0,14981.0,197824.0,197570.0
2024-08-13 11:00:00,6005.0,6013.0,5997.0,6004.0,10779.0,197570.0,196158.0
2024-08-13 13:00:00,6001.0,6017.0,6000.0,6013.0,14974.0,196158.0,194111.0
2024-08-13 14:00:00,6013.0,6036.0,6013.0,6023.0,42795.0,194111.0,185662.0
2024-08-13 21:00:00,6039.0,6047.0,6011.0,6014.0,41016.0,185662.0,184149.0
2024-08-13 22:00:00,6014.0,6018.0,6006.0,6011.0,20303.0,184149.0,180930.0
2024-08-14 09:00:00,6010.0,6017.0,5997.0,6005.0,31025.0,180930.0,179830.0
2024-08-14 10:00:00,6005.0,6006.0,5986.0,5987.0,18566.0,179830.0,179284.0
2024-08-14 11:00:00,5987.0,5997.0,5986.0,5993.0,8782.0,179284.0,177166.0
2024-08-14 13:00:00,5993.0,5999.0,5989.0,5998.0,9699.0,177166.0,176093.0
2024-08-14 14:00:00,5998.0,6005.0,5985.0,5987.0,25969.0,176093.0,172794.0
2024-08-14 21:00:00,5993.0,6001.0,5981.0,5983.0,39054.0,172794.0,167046.0
2024-08-14 22:00:00,5983.0,5988.0,5967.0,5970.0,22366.0,167046.0,164033.0
2024-08-15 09:00:00,5965.0,5974.0,5956.0,5971.0,30292.0,164033.0,157507.0
2024-08-15 10:00:00,5971.0,5983.0,5970.0,5972.0,15357.0,157507.0,152510.0
2024-08-15 11:00:00,5972.0,5981.0,5971.0,5979.0,8497.0,152510.0,148326.0
2024-08-15 13:00:00,5979.0,5979.0,5965.0,5970.0,9894.0,148326.0,145866.0
2024-08-15 14:00:00,5970.0,5983.0,5969.0,5978.0,22040.0,145866.0,137363.0
2024-08-15 21:00:00,5643.0,5668.0,5625.0,5648.0,69968.0,137363.0,292795.0
2024-08-15 22:00:00,5648.0,5671.0,5647.0,5661.0,29948.0,292795.0,290064.0
2024-08-16 09:00:00,5655.0,5659.0,5641.0,5655.0,29667.0,290064.0,295011.0
2024-08-16 10:00:00,5655.0,5657.0,5648.0,5654.0,11602.0,295011.0,296807.0
2024-08-16 11:00:00,5654.0,5664.0,5652.0,5660.0,12292.0,296807.0,297585.0
2024-08-16 13:00:00,5660.0,5667.0,5652.0,5662.0,11867.0,297585.0,298720.0
2024-08-16 14:00:00,5662.0,5667.0,5635.0,5636.0,35470.0,298720.0,304647.0
2024-08-16 21:00:00,5660.0,5686.0,5651.0,5669.0,76377.0,304647.0,300151.0
2024-08-16 22:00:00,5669.0,5675.0,5654.0,5655.0,28588.0,300151.0,300682.0
2024-08-19 09:00:00,5655.0,5680.0,5649.0,5673.0,49479.0,300682.0,301162.0
2024-08-19 10:00:00,5673.0,5679.0,5666.0,5678.0,16908.0,301162.0,301581.0
2024-08-19 11:00:00,5678.0,5683.0,5675.0,5680.0,10698.0,301581.0,303122.0
2024-08-19 13:00:00,5679.0,5679.0,5660.0,5662.0,15160.0,303122.0,303672.0
2024-08-19 14:00:00,5662.0,5666.0,5658.0,5662.0,23158.0,303672.0,305206.0
2024-08-19 21:00:00,5660.0,5671.0,5654.0,5670.0,39191.0,305206.0,309931.0
2024-08-19 22:00:00,5670.0,5670.0,5659.0,5663.0,14658.0,309931.0,309431.0
2024-08-20 09:00:00,5662.0,5662.0,5643.0,5658.0,35994.0,309431.0,313918.0
2024-08-20 10:00:00,5658.0,5661.0,5646.0,5650.0,15613.0,313918.0,314836.0
2024-08-20 11:00:00,5650.0,5651.0,5636.0,5639.0,22756.0,314836.0,321093.0
2024-08-20 13:00:00,5640.0,5643.0,5620.0,5627.0,30215.0,321093.0,329189.0
2024-08-20 14:00:00,5627.0,5655.0,5621.0,5640.0,64996.0,329189.0,322381.0
2024-08-20 21:00:00,5610.0,5620.0,5580.0,5593.0,132019.0,322381.0,347894.0
2024-08-20 22:00:00,5593.0,5601.0,5585.0,5594.0,43668.0,347894.0,344745.0
2024-08-21 09:00:00,5595.0,5595.0,5563.0,5575.0,76511.0,344745.0,355986.0
2024-08-21 10:00:00,5575.0,5591.0,5568.0,5589.0,31516.0,355986.0,351655.0
2024-08-21 11:00:00,5589.0,5595.0,5584.0,5584.0,16557.0,351655.0,350662.0
2024-08-21 13:00:00,5583.0,5592.0,5583.0,5589.0,12817.0,350662.0,351998.0
2024-08-21 14:00:00,5589.0,5590.0,5580.0,5586.0,37683.0,351998.0,354366.0
2024-08-21 21:00:00,5586.0,5590.0,5555.0,5563.0,112437.0,354366.0,368607.0
2024-08-21 22:00:00,5563.0,5571.0,5554.0,5566.0,56581.0,368607.0,366060.0
2024-08-22 09:00:00,5575.0,5582.0,5567.0,5571.0,48652.0,366060.0,363509.0
2024-08-22 10:00:00,5571.0,5574.0,5558.0,5563.0,29781.0,363509.0,368113.0
2024-08-22 11:00:00,5563.0,5567.0,5557.0,5561.0,23111.0,368113.0,369095.0
2024-08-22 13:00:00,5561.0,5568.0,5555.0,5556.0,20784.0,369095.0,369238.0
2024-08-22 14:00:00,5556.0,5563.0,5553.0,5558.0,43839.0,369238.0,367388.0
2024-08-22 21:00:00,5575.0,5580.0,5561.0,5572.0,69702.0,367388.0,371336.0
2024-08-22 22:00:00,5572.0,5574.0,5555.0,5559.0,37486.0,371336.0,370148.0
2024-08-23 09:00:00,5553.0,5553.0,5534.0,5536.0,67015.0,370148.0,378242.0
2024-08-23 10:00:00,5536.0,5540.0,5508.0,5510.0,58460.0,378242.0,385363.0
2024-08-23 11:00:00,5510.0,5529.0,5509.0,5527.0,28187.0,385363.0,384083.0
2024-08-23 13:00:00,5525.0,5533.0,5524.0,5531.0,17560.0,384083.0,382406.0
2024-08-23 14:00:00,5531.0,5541.0,5529.0,5536.0,34120.0,382406.0,377860.0
2024-08-23 21:00:00,5562.0,5577.0,5557.0,5570.0,92296.0,377860.0,375757.0
2024-08-23 22:00:00,5570.0,5577.0,5559.0,5566.0,57993.0,375757.0,368975.0
2024-08-26 09:00:00,5573.0,5595.0,5572.0,5578.0,58586.0,368975.0,371206.0
2024-08-26 10:00:00,5578.0,5578.0,5565.0,5572.0,24682.0,371206.0,375366.0
2024-08-26 11:00:00,5572.0,5572.0,5563.0,5568.0,11772.0,375366.0,375460.0
2024-08-26 13:00:00,5568.0,5577.0,5568.0,5573.0,14013.0,375460.0,376626.0
2024-08-26 14:00:00,5573.0,5577.0,5568.0,5573.0,28128.0,376626.0,377378.0
2024-08-26 21:00:00,5606.0,5615.0,5593.0,5598.0,84659.0,377378.0,374714.0
2024-08-26 22:00:00,5598.0,5628.0,5597.0,5609.0,69540.0,374714.0,368862.0
2024-08-27 09:00:00,5610.0,5615.0,5603.0,5609.0,36610.0,368862.0,370647.0
2024-08-27 10:00:00,5609.0,5616.0,5601.0,5601.0,20587.0,370647.0,372070.0
2024-08-27 11:00:00,5601.0,5607.0,5595.0,5606.0,18141.0,372070.0,373230.0
2024-08-27 13:00:00,5607.0,5623.0,5607.0,5622.0,30448.0,373230.0,371798.0
2024-08-27 14:00:00,5622.0,5625.0,5608.0,5613.0,43911.0,371798.0,368796.0
2024-08-27 21:00:00,5620.0,5632.0,5615.0,5624.0,55106.0,368796.0,372661.0
2024-08-27 22:00:00,5624.0,5638.0,5619.0,5629.0,44167.0,372661.0,370012.0
2024-08-28 09:00:00,5642.0,5669.0,5641.0,5663.0,94778.0,370012.0,369998.0
2024-08-28 10:00:00,5663.0,5665.0,5653.0,5658.0,22562.0,369998.0,367829.0
2024-08-28 11:00:00,5658.0,5659.0,5641.0,5652.0,26085.0,367829.0,366285.0
2024-08-28 13:00:00,5651.0,5656.0,5641.0,5645.0,17152.0,366285.0,365993.0
2024-08-28 14:00:00,5645.0,5645.0,5633.0,5633.0,32721.0,365993.0,366283.0
2024-08-28 21:00:00,5627.0,5644.0,5617.0,5641.0,55890.0,366283.0,364838.0
2024-08-28 22:00:00,5641.0,5647.0,5628.0,5640.0,50493.0,364838.0,362405.0
2024-08-29 09:00:00,5662.0,5662.0,5643.0,5656.0,44819.0,362405.0,359445.0
2024-08-29 10:00:00,5656.0,5657.0,5650.0,5650.0,20369.0,359445.0,358511.0
2024-08-29 11:00:00,5650.0,5654.0,5638.0,5647.0,15871.0,358511.0,358576.0
2024-08-29 13:00:00,5647.0,5659.0,5644.0,5655.0,13462.0,358576.0,358311.0
2024-08-29 14:00:00,5655.0,5659.0,5648.0,5649.0,28974.0,358311.0,354435.0
2024-08-29 21:00:00,5648.0,5656.0,5640.0,5652.0,44718.0,354435.0,358308.0
2024-08-29 22:00:00,5652.0,5658.0,5647.0,5654.0,30561.0,358308.0,355734.0
2024-08-30 09:00:00,5659.0,5685.0,5656.0,5664.0,69796.0,355734.0,352845.0
2024-08-30 10:00:00,5664.0,5671.0,5660.0,5666.0,15874.0,352845.0,353383.0
2024-08-30 11:00:00,5666.0,5667.0,5658.0,5662.0,10255.0,353383.0,354880.0
2024-08-30 13:00:00,5663.0,5669.0,5652.0,5656.0,21870.0,354880.0,357235.0
2024-08-30 14:00:00,5656.0,5659.0,5648.0,5652.0,34465.0,357235.0,357236.0
2024-08-30 21:00:00,5652.0,5653.0,5629.0,5631.0,58239.0,357236.0,356264.0
2024-08-30 22:00:00,5631.0,5653.0,5630.0,5642.0,33450.0,356264.0,353251.0
2024-09-02 09:00:00,5623.0,5643.0,5603.0,5635.0,59372.0,353251.0,353618.0
2024-09-02 10:00:00,5635.0,5656.0,5632.0,5648.0,25572.0,353618.0,353475.0
2024-09-02 11:00:00,5648.0,5653.0,5642.0,5650.0,12230.0,353475.0,353578.0
2024-09-02 13:00:00,5649.0,5658.0,5648.0,5650.0,18757.0,353578.0,353844.0
2024-09-02 14:00:00,5650.0,5656.0,5633.0,5635.0,32604.0,353844.0,350455.0
2024-09-02 21:00:00,5624.0,5628.0,5587.0,5590.0,88030.0,350455.0,356190.0
2024-09-02 22:00:00,5590.0,5619.0,5589.0,5619.0,40599.0,356190.0,351806.0
2024-09-03 09:00:00,5617.0,5618.0,5604.0,5606.0,30570.0,351806.0,351985.0
2024-09-03 10:00:00,5606.0,5611.0,5594.0,5605.0,28119.0,351985.0,352398.0
2024-09-03 11:00:00,5605.0,5612.0,5600.0,5612.0,13216.0,352398.0,351622.0
2024-09-03 13:00:00,5612.0,5640.0,5612.0,5620.0,43731.0,351622.0,349313.0
2024-09-03 14:00:00,5620.0,5626.0,5612.0,5624.0,28300.0,349313.0,347561.0
2024-09-03 21:00:00,5633.0,5651.0,5618.0,5624.0,80788.0,347561.0,353852.0
2024-09-03 22:00:00,5624.0,5627.0,5596.0,5606.0,53422.0,353852.0,354587.0
2024-09-04 09:00:00,5590.0,5619.0,5588.0,5608.0,46924.0,354587.0,357109.0
2024-09-04 10:00:00,5608.0,5608.0,5576.0,5581.0,55849.0,357109.0,362089.0
2024-09-04 11:00:00,5581.0,5587.0,5577.0,5578.0,32951.0,362089.0,365532.0
2024-09-04 13:00:00,5578.0,5578.0,5564.0,5566.0,28421.0,365532.0,365917.0
2024-09-04 14:00:00,5566.0,5570.0,5543.0,5568.0,65175.0,365917.0,361551.0
2024-09-04 21:00:00,5577.0,5592.0,5572.0,5575.0,74715.0,361551.0,365247.0
2024-09-04 22:00:00,5575.0,5586.0,5568.0,5576.0,32094.0,365247.0,363939.0
2024-09-05 09:00:00,5575.0,5614.0,5564.0,5612.0,60020.0,363939.0,365327.0
2024-09-05 10:00:00,5612.0,5619.0,5600.0,5607.0,47828.0,365327.0,363888.0
2024-09-05 11:00:00,5607.0,5609.0,5598.0,5603.0,10413.0,363888.0,363318.0
2024-09-05 13:00:00,5602.0,5614.0,5598.0,5612.0,23443.0,363318.0,363794.0
2024-09-05 14:00:00,5612.0,5615.0,5604.0,5609.0,33957.0,363794.0,360425.0
2024-09-05 21:00:00,5613.0,5626.0,5599.0,5612.0,71505.0,360425.0,362512.0
2024-09-05 22:00:00,5612.0,5640.0,5612.0,5635.0,52520.0,362512.0,356327.0
2024-09-06 09:00:00,5629.0,5629.0,5611.0,5624.0,41076.0,356327.0,352494.0
2024-09-06 10:00:00,5624.0,5625.0,5610.0,5615.0,21548.0,352494.0,350485.0
2024-09-06 11:00:00,5615.0,5621.0,5612.0,5620.0,9097.0,350485.0,350136.0
2024-09-06 13:00:00,5619.0,5624.0,5615.0,5623.0,16917.0,350136.0,350663.0
2024-09-06 14:00:00,5623.0,5623.0,5603.0,5619.0,41240.0,350663.0,348724.0
2024-09-06 21:00:00,5643.0,5666.0,5640.0,5658.0,109077.0,348724.0,352848.0
2024-09-06 22:00:00,5658.0,5661.0,5606.0,5614.0,73012.0,352848.0,346500.0
2024-09-09 09:00:00,5602.0,5606.0,5575.0,5592.0,79272.0,346500.0,345385.0
2024-09-09 10:00:00,5592.0,5595.0,5577.0,5587.0,23345.0,345385.0,347036.0
2024-09-09 11:00:00,5587.0,5590.0,5584.0,5586.0,8182.0,347036.0,346592.0
2024-09-09 13:00:00,5586.0,5586.0,5571.0,5581.0,21523.0,346592.0,348946.0
2024-09-09 14:00:00,5581.0,5594.0,5580.0,5590.0,28622.0,348946.0,345953.0
2024-09-09 21:00:00,5582.0,5606.0,5575.0,5598.0,63525.0,345953.0,346196.0
2024-09-09 22:00:00,5598.0,5602.0,5591.0,5597.0,22202.0,346196.0,344477.0
2024-09-10 09:00:00,5610.0,5630.0,5599.0,5618.0,55480.0,344477.0,342270.0
2024-09-10 10:00:00,5618.0,5625.0,5614.0,5623.0,18978.0,342270.0,341420.0
2024-09-10 11:00:00,5623.0,5637.0,5622.0,5636.0,20830.0,341420.0,343036.0
2024-09-10 13:00:00,5635.0,5656.0,5635.0,5644.0,50704.0,343036.0,347313.0
2024-09-10 14:00:00,5644.0,5653.0,5637.0,5647.0,46010.0,347313.0,347144.0
2024-09-10 21:00:00,5639.0,5648.0,5624.0,5629.0,74537.0,347144.0,346604.0
2024-09-10 22:00:00,5629.0,5632.0,5601.0,5612.0,62048.0,346604.0,340123.0
2024-09-11 09:00:00,5598.0,5628.0,5595.0,5623.0,50926.0,340123.0,340582.0
2024-09-11 10:00:00,5623.0,5633.0,5613.0,5632.0,24043.0,340582.0,341153.0
2024-09-11 11:00:00,5632.0,5636.0,5630.0,5636.0,12695.0,341153.0,340727.0
2024-09-11 13:00:00,5637.0,5644.0,5634.0,5638.0,16590.0,340727.0,341271.0
2024-09-11 14:00:00,5638.0,5647.0,5631.0,5645.0,32276.0,341271.0,342091.0
2024-09-11 21:00:00,5668.0,5715.0,5666.0,5683.0,198501.0,342091.0,354764.0
2024-09-11 22:00:00,5683.0,5686.0,5662.0,5672.0,63031.0,354764.0,350892.0
2024-09-12 09:00:00,5684.0,5694.0,5680.0,5683.0,49802.0,350892.0,350597.0
2024-09-12 10:00:00,5683.0,5702.0,5682.0,5699.0,29561.0,350597.0,349821.0
2024-09-12 11:00:00,5699.0,5703.0,5693.0,5696.0,17483.0,349821.0,349759.0
2024-09-12 13:00:00,5696.0,5702.0,5693.0,5698.0,14521.0,349759.0,348511.0
2024-09-12 14:00:00,5698.0,5703.0,5690.0,5692.0,41531.0,348511.0,344567.0
2024-09-12 21:00:00,5707.0,5710.0,5670.0,5684.0,119168.0,344567.0,354923.0
2024-09-12 22:00:00,5684.0,5693.0,5678.0,5689.0,37566.0,354923.0,353148.0
2024-09-13 09:00:00,5678.0,5698.0,5678.0,5693.0,34438.0,353148.0,352007.0
2024-09-13 10:00:00,5693.0,5698.0,5687.0,5691.0,18416.0,352007.0,349659.0
2024-09-13 11:00:00,5691.0,5704.0,5688.0,5696.0,23167.0,349659.0,351088.0
2024-09-13 13:00:00,5695.0,5696.0,5690.0,5693.0,8943.0,351088.0,349645.0
2024-09-13 14:00:00,5693.0,5696.0,5685.0,5688.0,29045.0,349645.0,343267.0
2024-09-18 09:00:00,5748.0,5785.0,5746.0,5754.0,134684.0,343267.0,347952.0
2024-09-18 10:00:00,5754.0,5761.0,5741.0,5743.0,33541.0,347952.0,344922.0
2024-09-18 11:00:00,5743.0,5746.0,5732.0,5733.0,20521.0,344922.0,341702.0
2024-09-18 13:00:00,5735.0,5735.0,5725.0,5729.0,19050.0,341702.0,338451.0
2024-09-18 14:00:00,5729.0,5748.0,5729.0,5742.0,38282.0,338451.0,333673.0
2024-09-18 21:00:00,5778.0,5784.0,5753.0,5767.0,113371.0,333673.0,345787.0
2024-09-18 22:00:00,5767.0,5802.0,5767.0,5796.0,69759.0,345787.0,350665.0
2024-09-19 09:00:00,5809.0,5821.0,5794.0,5816.0,112794.0,350665.0,356512.0
2024-09-19 10:00:00,5816.0,5818.0,5801.0,5803.0,41536.0,356512.0,349932.0
2024-09-19 11:00:00,5803.0,5817.0,5803.0,5816.0,16553.0,349932.0,350374.0
2024-09-19 13:00:00,5818.0,5825.0,5812.0,5821.0,32501.0,350374.0,352336.0
2024-09-19 14:00:00,5821.0,5824.0,5809.0,5812.0,40977.0,352336.0,347362.0
2024-09-19 21:00:00,5800.0,5817.0,5790.0,5811.0,89242.0,347362.0,346740.0
2024-09-19 22:00:00,5811.0,5828.0,5810.0,5814.0,59567.0,346740.0,346940.0
2024-09-20 09:00:00,5817.0,5845.0,5816.0,5842.0,81879.0,346940.0,353059.0
2024-09-20 10:00:00,5842.0,5863.0,5839.0,5859.0,57169.0,353059.0,361032.0
2024-09-20 11:00:00,5859.0,5864.0,5858.0,5858.0,18505.0,361032.0,363357.0
2024-09-20 13:00:00,5858.0,5866.0,5848.0,5855.0,27317.0,363357.0,361061.0
2024-09-20 14:00:00,5855.0,5858.0,5843.0,5843.0,39736.0,361061.0,357390.0
2024-09-20 21:00:00,5856.0,5859.0,5834.0,5848.0,75238.0,357390.0,357293.0
2024-09-20 22:00:00,5848.0,5851.0,5831.0,5832.0,44580.0,357293.0,351384.0
2024-09-23 09:00:00,5845.0,5861.0,5843.0,5857.0,58178.0,351384.0,357279.0
2024-09-23 10:00:00,5857.0,5859.0,5841.0,5842.0,22839.0,357279.0,357966.0
2024-09-23 11:00:00,5842.0,5853.0,5839.0,5850.0,14134.0,357966.0,357580.0
2024-09-23 13:00:00,5849.0,5859.0,5849.0,5859.0,17116.0,357580.0,360305.0
2024-09-23 14:00:00,5859.0,5859.0,5846.0,5849.0,29747.0,360305.0,358636.0
2024-09-23 21:00:00,5863.0,5887.0,5856.0,5865.0,112054.0,358636.0,373136.0
2024-09-23 22:00:00,5865.0,5873.0,5859.0,5869.0,44798.0,373136.0,370463.0
2024-09-24 09:00:00,5865.0,5870.0,5850.0,5868.0,48840.0,370463.0,370717.0
2024-09-24 10:00:00,5868.0,5873.0,5865.0,5872.0,14875.0,370717.0,371765.0
2024-09-24 11:00:00,5872.0,5875.0,5864.0,5875.0,10783.0,371765.0,371166.0
2024-09-24 13:00:00,5878.0,5883.0,5855.0,5866.0,30183.0,371166.0,368893.0
2024-09-24 14:00:00,5866.0,5872.0,5857.0,5871.0,30585.0,368893.0,364709.0
2024-09-24 21:00:00,5886.0,5948.0,5885.0,5941.0,143474.0,364709.0,376125.0
2024-09-24 22:00:00,5941.0,5942.0,5918.0,5931.0,58125.0,376125.0,370703.0
2024-09-25 09:00:00,5934.0,5964.0,5915.0,5932.0,76589.0,370703.0,370914.0
2024-09-25 10:00:00,5932.0,5939.0,5905.0,5919.0,30968.0,370914.0,368569.0
2024-09-25 11:00:00,5919.0,5922.0,5913.0,5915.0,12599.0,368569.0,367658.0
2024-09-25 13:00:00,5917.0,5917.0,5904.0,5907.0,23822.0,367658.0,365411.0
2024-09-25 14:00:00,5907.0,5923.0,5906.0,5921.0,26606.0,365411.0,364487.0
2024-09-25 21:00:00,5909.0,5925.0,5897.0,5924.0,69916.0,364487.0,367364.0
2024-09-25 22:00:00,5924.0,5925.0,5910.0,5923.0,38108.0,367364.0,364659.0
2024-09-26 09:00:00,5936.0,5946.0,5928.0,5946.0,45531.0,364659.0,367665.0
2024-09-26 10:00:00,5946.0,5957.0,5930.0,5934.0,39436.0,367665.0,368246.0
2024-09-26 11:00:00,5934.0,5939.0,5932.0,5935.0,10058.0,368246.0,367947.0
2024-09-26 13:00:00,5936.0,5944.0,5920.0,5929.0,30517.0,367947.0,368537.0
2024-09-26 14:00:00,5929.0,5934.0,5918.0,5926.0,29253.0,368537.0,366717.0
2024-09-26 21:00:00,5916.0,5933.0,5912.0,5920.0,70604.0,366717.0,364973.0
2024-09-26 22:00:00,5920.0,5944.0,5917.0,5940.0,43758.0,364973.0,366097.0
2024-09-27 09:00:00,5920.0,5942.0,5919.0,5931.0,42355.0,366097.0,364872.0
2024-09-27 10:00:00,5931.0,5945.0,5924.0,5939.0,20861.0,364872.0,365975.0
2024-09-27 11:00:00,5939.0,5947.0,5936.0,5945.0,12857.0,365975.0,365302.0
2024-09-27 13:00:00,5944.0,5946.0,5925.0,5945.0,27811.0,365302.0,362549.0
2024-09-27 14:00:00,5945.0,5977.0,5936.0,5942.0,81776.0,362549.0,360325.0
2024-09-27 21:00:00,5906.0,5928.0,5890.0,5926.0,82046.0,360325.0,356447.0
2024-09-27 22:00:00,5926.0,5935.0,5918.0,5925.0,40799.0,356447.0,351287.0
2024-09-30 09:00:00,5939.0,5967.0,5921.0,5930.0,63563.0,351287.0,349576.0
2024-09-30 10:00:00,5930.0,5955.0,5924.0,5948.0,23222.0,349576.0,348893.0
2024-09-30 11:00:00,5948.0,5960.0,5946.0,5948.0,15924.0,348893.0,349222.0
2024-09-30 13:00:00,5948.0,5953.0,5944.0,5944.0,13753.0,349222.0,347213.0
2024-09-30 14:00:00,5944.0,5945.0,5910.0,5915.0,50258.0,347213.0,339946.0
2024-10-08 09:00:00,5912.0,5943.0,5893.0,5919.0,104437.0,339946.0,345442.0
2024-10-08 10:00:00,5919.0,5919.0,5882.0,5896.0,42241.0,345442.0,345092.0
2024-10-08 11:00:00,5896.0,5925.0,5891.0,5908.0,19520.0,345092.0,345038.0
2024-10-08 13:00:00,5908.0,5941.0,5901.0,5916.0,41381.0,345038.0,345349.0
2024-10-08 14:00:00,5916.0,5937.0,5911.0,5929.0,29834.0,345349.0,346682.0
2024-10-08 21:00:00,5934.0,5966.0,5904.0,5952.0,134131.0,346682.0,365310.0
2024-10-08 22:00:00,5952.0,5967.0,5934.0,5961.0,78393.0,365310.0,368503.0
2024-10-09 09:00:00,5963.0,6025.0,5963.0,6024.0,154543.0,368503.0,397384.0
2024-10-09 10:00:00,6024.0,6028.0,6001.0,6019.0,49299.0,397384.0,400579.0
2024-10-09 11:00:00,6019.0,6025.0,5973.0,5997.0,58097.0,400579.0,395536.0
2024-10-09 13:00:00,6000.0,6007.0,5980.0,6000.0,29514.0,395536.0,395498.0
2024-10-09 14:00:00,6000.0,6024.0,5998.0,6020.0,55662.0,395498.0,397622.0
2024-10-09 21:00:00,5979.0,5982.0,5859.0,5875.0,234134.0,397622.0,372795.0
2024-10-09 22:00:00,5875.0,5880.0,5857.0,5874.0,66937.0,372795.0,363098.0
2024-10-10 09:00:00,5879.0,5906.0,5879.0,5893.0,64219.0,363098.0,355188.0
2024-10-10 10:00:00,5893.0,5911.0,5890.0,5907.0,21511.0,355188.0,353676.0
2024-10-10 11:00:00,5907.0,5917.0,5901.0,5901.0,18362.0,353676.0,352419.0
2024-10-10 13:00:00,5902.0,5902.0,5878.0,5884.0,31331.0,352419.0,354869.0
2024-10-10 14:00:00,5884.0,5884.0,5853.0,5859.0,57866.0,354869.0,353385.0
2024-10-10 21:00:00,5887.0,5897.0,5854.0,5857.0,82535.0,353385.0,354363.0
2024-10-10 22:00:00,5857.0,5882.0,5846.0,5873.0,65356.0,354363.0,351279.0
2024-10-11 09:00:00,5872.0,5889.0,5866.0,5885.0,42544.0,351279.0,348391.0
2024-10-11 10:00:00,5885.0,5909.0,5878.0,5909.0,33079.0,348391.0,345006.0
2024-10-11 11:00:00,5909.0,5926.0,5903.0,5905.0,37115.0,345006.0,346926.0
2024-10-11 13:00:00,5906.0,5928.0,5904.0,5914.0,30289.0,346926.0,348714.0
2024-10-11 14:00:00,5914.0,5919.0,5906.0,5917.0,42513.0,348714.0,345743.0
2024-10-11 21:00:00,5946.0,5956.0,5932.0,5935.0,74537.0,345743.0,350084.0
2024-10-11 22:00:00,5935.0,5951.0,5932.0,5949.0,33061.0,350084.0,347575.0
2024-10-14 09:00:00,5937.0,5937.0,5911.0,5929.0,60746.0,347575.0,345673.0
2024-10-14 10:00:00,5929.0,5935.0,5919.0,5929.0,21010.0,345673.0,346769.0
2024-10-14 11:00:00,5929.0,5941.0,5929.0,5939.0,13655.0,346769.0,346813.0
2024-10-14 13:00:00,5941.0,5945.0,5938.0,5942.0,13204.0,346813.0,348092.0
2024-10-14 14:00:00,5942.0,5948.0,5934.0,5939.0,26264.0,348092.0,347689.0
2024-10-14 21:00:00,5929.0,5935.0,5899.0,5918.0,77696.0,347689.0,346895.0
2024-10-14 22:00:00,5918.0,5944.0,5914.0,5940.0,39402.0,346895.0,344958.0
2024-10-15 09:00:00,5939.0,5942.0,5910.0,5929.0,43152.0,344958.0,343858.0
2024-10-15 10:00:00,5929.0,5938.0,5925.0,5933.0,19898.0,343858.0,345011.0
2024-10-15 11:00:00,5933.0,5937.0,5925.0,5937.0,10349.0,345011.0,345622.0
2024-10-15 13:00:00,5936.0,5947.0,5921.0,5931.0,24846.0,345622.0,345424.0
2024-10-15 14:00:00,5931.0,5934.0,5911.0,5913.0,33601.0,345424.0,343615.0
2024-10-15 21:00:00,5902.0,5933.0,5892.0,5929.0,71507.0,343615.0,346227.0
2024-10-15 22:00:00,5929.0,5932.0,5910.0,5916.0,35742.0,346227.0,343878.0
2024-10-16 09:00:00,5948.0,5963.0,5947.0,5955.0,66991.0,343878.0,346260.0
2024-10-16 10:00:00,5955.0,5957.0,5940.0,5953.0,20408.0,346260.0,344993.0
2024-10-16 11:00:00,5953.0,5973.0,5950.0,5962.0,25503.0,344993.0,346446.0
2024-10-16 13:00:00,5962.0,5973.0,5962.0,5963.0,21287.0,346446.0,349133.0
2024-10-16 14:00:00,5963.0,5964.0,5932.0,5934.0,46398.0,349133.0,342437.0
2024-10-16 21:00:00,5910.0,5933.0,5905.0,5925.0,70739.0,342437.0,345670.0
2024-10-16 22:00:00,5925.0,5935.0,5909.0,5911.0,37291.0,345670.0,345170.0
2024-10-17 09:00:00,5896.0,5896.0,5881.0,5890.0,64261.0,345170.0,344809.0
2024-10-17 10:00:00,5890.0,5897.0,5881.0,5893.0,27034.0,344809.0,343894.0
2024-10-17 11:00:00,5893.0,5897.0,5886.0,5889.0,11137.0,343894.0,343714.0
2024-10-17 13:00:00,5889.0,5890.0,5881.0,5885.0,16442.0,343714.0,344290.0
2024-10-17 14:00:00,5885.0,5885.0,5871.0,5878.0,46818.0,344290.0,341436.0
2024-10-17 21:00:00,5872.0,5873.0,5825.0,5853.0,124330.0,341436.0,340776.0
2024-10-17 22:00:00,5853.0,5855.0,5830.0,5837.0,38944.0,340776.0,338742.0
2024-10-18 09:00:00,5862.0,5878.0,5836.0,5840.0,64925.0,338742.0,335013.0
2024-10-18 10:00:00,5840.0,5849.0,5836.0,5840.0,25566.0,335013.0,334205.0
2024-10-18 11:00:00,5840.0,5844.0,5835.0,5839.0,11049.0,334205.0,333809.0
2024-10-18 13:00:00,5850.0,5850.0,5840.0,5842.0,15402.0,333809.0,332599.0
2024-10-18 14:00:00,5842.0,5881.0,5841.0,5866.0,47030.0,332599.0,328346.0
2024-10-18 21:00:00,5884.0,5885.0,5847.0,5851.0,53547.0,328346.0,330895.0
2024-10-18 22:00:00,5851.0,5857.0,5837.0,5840.0,28690.0,330895.0,328821.0
2024-10-21 09:00:00,5829.0,5841.0,5812.0,5817.0,53321.0,328821.0,329447.0
2024-10-21 10:00:00,5817.0,5842.0,5816.0,5835.0,20426.0,329447.0,328127.0
2024-10-21 11:00:00,5835.0,5837.0,5826.0,5831.0,11394.0,328127.0,328678.0
2024-10-21 13:00:00,5830.0,5834.0,5825.0,5829.0,10312.0,328678.0,329257.0
2024-10-21 14:00:00,5829.0,5842.0,5829.0,5840.0,26663.0,329257.0,329137.0
2024-10-21 21:00:00,5844.0,5852.0,5835.0,5850.0,51162.0,329137.0,330391.0
2024-10-21 22:00:00,5850.0,5856.0,5835.0,5838.0,30836.0,330391.0,328319.0
2024-10-22 09:00:00,5831.0,5836.0,5823.0,5829.0,27906.0,328319.0,328616.0
2024-10-22 10:00:00,5829.0,5842.0,5827.0,5835.0,18964.0,328616.0,327495.0
2024-10-22 11:00:00,5835.0,5843.0,5834.0,5838.0,6946.0,327495.0,326949.0
2024-10-22 13:00:00,5839.0,5839.0,5830.0,5838.0,10461.0,326949.0,327014.0
2024-10-22 14:00:00,5838.0,5847.0,5826.0,5844.0,27262.0,327014.0,324429.0
2024-10-22 21:00:00,5854.0,5866.0,5842.0,5849.0,48065.0,324429.0,327000.0
2024-10-22 22:00:00,5849.0,5852.0,5843.0,5849.0,19383.0,327000.0,325493.0
2024-10-23 09:00:00,5838.0,5849.0,5833.0,5847.0,22435.0,325493.0,326206.0
2024-10-23 10:00:00,5847.0,5862.0,5843.0,5859.0,20249.0,326206.0,326563.0
2024-10-23 11:00:00,5859.0,5878.0,5858.0,5872.0,37357.0,326563.0,326754.0
2024-10-23 13:00:00,5873.0,5876.0,5865.0,5868.0,13796.0,326754.0,326596.0
2024-10-23 14:00:00,5868.0,5874.0,5862.0,5869.0,21120.0,326596.0,324032.0
2024-10-23 21:00:00,5888.0,5911.0,5882.0,5901.0,97816.0,324032.0,325442.0
2024-10-23 22:00:00,5901.0,5906.0,5888.0,5890.0,30749.0,325442.0,324093.0
2024-10-24 09:00:00,5896.0,5928.0,5896.0,5924.0,56385.0,324093.0,329577.0
2024-10-24 10:00:00,5924.0,5958.0,5924.0,5938.0,65909.0,329577.0,339263.0
2024-10-24 11:00:00,5938.0,5945.0,5929.0,5944.0,26631.0,339263.0,338767.0
2024-10-24 13:00:00,5944.0,5944.0,5934.0,5935.0,14578.0,338767.0,338778.0
2024-10-24 14:00:00,5935.0,5938.0,5930.0,5936.0,28740.0,338778.0,335387.0
2024-10-24 21:00:00,5936.0,5947.0,5929.0,5936.0,58482.0,335387.0,340346.0
2024-10-24 22:00:00,5936.0,5945.0,5913.0,5919.0,42461.0,340346.0,338350.0
2024-10-25 09:00:00,5913.0,5929.0,5907.0,5918.0,35591.0,338350.0,340084.0
2024-10-25 10:00:00,5918.0,5922.0,5902.0,5912.0,21726.0,340084.0,339206.0
2024-10-25 11:00:00,5912.0,5923.0,5902.0,5919.0,13888.0,339206.0,339269.0
2024-10-25 13:00:00,5919.0,5924.0,5915.0,5918.0,9891.0,339269.0,340043.0
2024-10-25 14:00:00,5918.0,5922.0,5908.0,5919.0,19137.0,340043.0,338715.0
2024-10-25 21:00:00,5907.0,5935.0,5903.0,5930.0,52819.0,338715.0,342735.0
2024-10-25 22:00:00,5930.0,5932.0,5912.0,5931.0,27708.0,342735.0,341121.0
2024-10-28 09:00:00,5920.0,5923.0,5863.0,5867.0,84826.0,341121.0,334698.0
2024-10-28 10:00:00,5867.0,5873.0,5854.0,5873.0,29340.0,334698.0,333152.0
2024-10-28 11:00:00,5873.0,5875.0,5863.0,5865.0,12365.0,333152.0,331855.0
2024-10-28 13:00:00,5866.0,5870.0,5858.0,5868.0,10778.0,331855.0,331988.0
2024-10-28 14:00:00,5868.0,5878.0,5867.0,5868.0,20010.0,331988.0,329721.0
2024-10-28 21:00:00,5859.0,5870.0,5846.0,5870.0,53007.0,329721.0,327152.0
2024-10-28 22:00:00,5870.0,5889.0,5868.0,5885.0,35146.0,327152.0,327294.0
2024-10-29 09:00:00,5886.0,5886.0,5867.0,5870.0,24224.0,327294.0,327017.0
2024-10-29 10:00:00,5870.0,5886.0,5867.0,5880.0,14779.0,327017.0,326733.0
2024-10-29 11:00:00,5880.0,5886.0,5875.0,5875.0,9170.0,326733.0,327063.0
2024-10-29 13:00:00,5876.0,5876.0,5859.0,5862.0,15927.0,327063.0,325962.0
2024-10-29 14:00:00,5862.0,5863.0,5853.0,5853.0,20934.0,325962.0,323717.0
2024-10-29 21:00:00,5867.0,5876.0,5856.0,5858.0,45021.0,323717.0,324262.0
2024-10-29 22:00:00,5858.0,5861.0,5849.0,5854.0,29964.0,324262.0,322789.0
2024-10-30 09:00:00,5859.0,5866.0,5851.0,5863.0,22302.0,322789.0,322905.0
2024-10-30 10:00:00,5863.0,5870.0,5855.0,5856.0,18483.0,322905.0,322565.0
2024-10-30 11:00:00,5856.0,5857.0,5847.0,5848.0,13710.0,322565.0,321195.0
2024-10-30 13:00:00,5848.0,5851.0,5842.0,5847.0,15432.0,321195.0,322136.0
2024-10-30 14:00:00,5847.0,5853.0,5843.0,5847.0,25024.0,322136.0,319439.0
2024-10-30 21:00:00,5833.0,5844.0,5828.0,5841.0,49314.0,319439.0,322297.0
2024-10-30 22:00:00,5841.0,5846.0,5835.0,5841.0,21727.0,322297.0,321758.0
2024-10-31 09:00:00,5866.0,5869.0,5844.0,5854.0,33167.0,321758.0,321399.0
2024-10-31 10:00:00,5854.0,5862.0,5850.0,5861.0,11841.0,321399.0,319314.0
2024-10-31 11:00:00,5861.0,5876.0,5856.0,5858.0,17392.0,319314.0,318245.0
2024-10-31 13:00:00,5858.0,5865.0,5856.0,5865.0,6384.0,318245.0,318138.0
2024-10-31 14:00:00,5865.0,5875.0,5863.0,5870.0,23185.0,318138.0,318179.0
2024-10-31 21:00:00,5896.0,5923.0,5883.0,5923.0,108574.0,318179.0,330095.0
2024-10-31 22:00:00,5923.0,5930.0,5913.0,5923.0,50797.0,330095.0,331982.0
2024-11-01 09:00:00,5926.0,5933.0,5909.0,5916.0,38094.0,331982.0,331997.0
2024-11-01 10:00:00,5916.0,5928.0,5912.0,5927.0,18010.0,331997.0,333248.0
2024-11-01 11:00:00,5927.0,5932.0,5923.0,5924.0,17141.0,333248.0,335390.0
2024-11-01 13:00:00,5924.0,5926.0,5916.0,5925.0,12911.0,335390.0,336586.0
2024-11-01 14:00:00,5925.0,5927.0,5917.0,5921.0,23433.0,336586.0,336221.0
2024-11-01 21:00:00,5906.0,5918.0,5903.0,5909.0,43928.0,336221.0,335782.0
2024-11-01 22:00:00,5909.0,5910.0,5874.0,5879.0,54041.0,335782.0,328406.0
2024-11-04 09:00:00,5866.0,5866.0,5832.0,5840.0,78492.0,328406.0,325110.0
2024-11-04 10:00:00,5840.0,5848.0,5834.0,5847.0,22310.0,325110.0,323952.0
2024-11-04 11:00:00,5847.0,5847.0,5835.0,5838.0,11435.0,323952.0,322893.0
2024-11-04 13:00:00,5839.0,5843.0,5836.0,5841.0,14381.0,322893.0,321131.0
2024-11-04 14:00:00,5841.0,5848.0,5838.0,5843.0,25224.0,321131.0,314567.0
2024-11-04 21:00:00,5836.0,5839.0,5801.0,5805.0,111139.0,314567.0,321302.0
2024-11-04 22:00:00,5805.0,5810.0,5787.0,5806.0,63903.0,321302.0,320122.0
2024-11-05 09:00:00,5807.0,5811.0,5797.0,5805.0,38172.0,320122.0,316898.0
2024-11-05 10:00:00,5805.0,5819.0,5802.0,5814.0,18839.0,316898.0,316006.0
2024-11-05 11:00:00,5814.0,5820.0,5812.0,5818.0,8281.0,316006.0,313443.0
2024-11-05 13:00:00,5819.0,5827.0,5816.0,5820.0,17849.0,313443.0,310850.0
2024-11-05 14:00:00,5820.0,5825.0,5815.0,5815.0,29497.0,310850.0,306596.0
2024-11-05 21:00:00,5815.0,5833.0,5810.0,5824.0,44067.0,306596.0,307056.0
2024-11-05 22:00:00,5824.0,5830.0,5818.0,5820.0,19605.0,307056.0,305788.0
2024-11-06 09:00:00,5824.0,5830.0,5819.0,5823.0,21910.0,305788.0,304981.0
2024-11-06 10:00:00,5823.0,5827.0,5812.0,5816.0,21605.0,304981.0,304872.0
2024-11-06 11:00:00,5816.0,5818.0,5811.0,5817.0,9176.0,304872.0,304538.0
2024-11-06 13:00:00,5818.0,5818.0,5805.0,5812.0,17381.0,304538.0,304166.0
2024-11-06 14:00:00,5812.0,5818.0,5804.0,5814.0,25679.0,304166.0,301125.0
2024-11-06 21:00:00,5801.0,5814.0,5791.0,5807.0,48353.0,301125.0,302494.0
2024-11-06 22:00:00,5807.0,5816.0,5805.0,5811.0,19917.0,302494.0,300957.0
2024-11-07 09:00:00,5835.0,5840.0,5819.0,5825.0,37889.0,300957.0,300090.0
2024-11-07 10:00:00,5825.0,5843.0,5822.0,5839.0,30892.0,300090.0,298978.0
2024-11-07 11:00:00,5839.0,5848.0,5839.0,5841.0,14396.0,298978.0,298347.0
2024-11-07 13:00:00,5841.0,5844.0,5835.0,5839.0,10757.0,298347.0,296222.0
2024-11-07 14:00:00,5839.0,5845.0,5834.0,5845.0,15224.0,296222.0,294021.0
2024-11-07 21:00:00,5853.0,5859.0,5838.0,5839.0,51465.0,294021.0,293427.0
2024-11-07 22:00:00,5839.0,5842.0,5832.0,5840.0,22533.0,293427.0,294581.0
2024-11-08 09:00:00,5839.0,5849.0,5839.0,5849.0,28449.0,294581.0,296468.0
2024-11-08 10:00:00,5849.0,5849.0,5835.0,5838.0,17897.0,296468.0,295782.0
2024-11-08 11:00:00,5838.0,5840.0,5833.0,5836.0,8324.0,295782.0,295613.0
2024-11-08 13:00:00,5842.0,5843.0,5833.0,5834.0,8818.0,295613.0,295733.0
2024-11-08 14:00:00,5834.0,5835.0,5811.0,5817.0,33441.0,295733.0,292868.0
2024-11-08 21:00:00,5828.0,5904.0,5828.0,5887.0,123838.0,292868.0,298007.0
2024-11-08 22:00:00,5887.0,5906.0,5886.0,5898.0,59455.0,298007.0,299367.0
2024-11-11 09:00:00,5889.0,5947.0,5889.0,5926.0,100043.0,299367.0,316724.0
2024-11-11 10:00:00,5926.0,5937.0,5918.0,5936.0,29898.0,316724.0,321403.0
2024-11-11 11:00:00,5936.0,5940.0,5933.0,5934.0,13426.0,321403.0,324259.0
2024-11-11 13:00:00,5934.0,5945.0,5934.0,5938.0,20151.0,324259.0,329316.0
2024-11-11 14:00:00,5938.0,5944.0,5936.0,5942.0,34740.0,329316.0,334714.0
2024-11-11 21:00:00,5931.0,5934.0,5902.0,5905.0,80614.0,334714.0,334868.0
2024-11-11 22:00:00,5905.0,5923.0,5904.0,5923.0,31688.0,334868.0,333080.0
2024-11-12 09:00:00,5924.0,5931.0,5915.0,5931.0,35098.0,333080.0,333744.0
2024-11-12 10:00:00,5931.0,5932.0,5917.0,5925.0,22401.0,333744.0,334949.0
2024-11-12 11:00:00,5925.0,5938.0,5924.0,5936.0,15772.0,334949.0,336247.0
2024-11-12 13:00:00,5935.0,5942.0,5928.0,5933.0,17936.0,336247.0,338013.0
2024-11-12 14:00:00,5933.0,5938.0,5924.0,5932.0,22365.0,338013.0,337192.0
2024-11-12 21:00:00,5934.0,5981.0,5928.0,5978.0,119066.0,337192.0,351624.0
2024-11-12 22:00:00,5978.0,5980.0,5944.0,5955.0,59856.0,351624.0,347525.0
2024-11-13 09:00:00,5957.0,5968.0,5945.0,5963.0,42187.0,347525.0,345272.0
2024-11-13 10:00:00,5963.0,5966.0,5945.0,5965.0,25275.0,345272.0,346156.0
2024-11-13 11:00:00,5965.0,5966.0,5958.0,5961.0,8319.0,346156.0,346606.0
2024-11-13 13:00:00,5959.0,5966.0,5955.0,5964.0,13585.0,346606.0,347743.0
2024-11-13 14:00:00,5964.0,5964.0,5930.0,5931.0,44145.0,347743.0,345577.0
2024-11-13 21:00:00,5935.0,5943.0,5930.0,5937.0,44680.0,345577.0,348936.0
2024-11-13 22:00:00,5937.0,5938.0,5918.0,5919.0,27922.0,348936.0,346532.0
2024-11-14 09:00:00,5924.0,5942.0,5920.0,5938.0,35929.0,346532.0,345916.0
2024-11-14 10:00:00,5938.0,5943.0,5933.0,5936.0,13618.0,345916.0,347298.0
2024-11-14 11:00:00,5936.0,5941.0,5932.0,5938.0,8976.0,347298.0,348400.0
2024-11-14 13:00:00,5937.0,5938.0,5926.0,5929.0,17877.0,348400.0,348990.0
2024-11-14 14:00:00,5929.0,5929.0,5855.0,5869.0,122259.0,348990.0,326970.0
2024-11-14 21:00:00,5878.0,5903.0,5867.0,5901.0,58237.0,326970.0,328610.0
2024-11-14 22:00:00,5901.0,5907.0,5888.0,5900.0,31714.0,328610.0,327824.0
2024-11-15 09:00:00,5907.0,5914.0,5887.0,5888.0,33041.0,327824.0,329897.0
2024-11-15 10:00:00,5888.0,5891.0,5881.0,5884.0,15887.0,329897.0,328746.0
2024-11-15 11:00:00,5884.0,5885.0,5876.0,5877.0,8466.0,328746.0,328956.0
2024-11-15 13:00:00,5879.0,5879.0,5863.0,5866.0,22325.0,328956.0,328071.0
2024-11-15 14:00:00,5866.0,5867.0,5850.0,5864.0,36858.0,328071.0,321453.0
2024-11-15 21:00:00,5853.0,5860.0,5836.0,5851.0,53740.0,321453.0,318773.0
2024-11-15 22:00:00,5851.0,5853.0,5845.0,5850.0,17660.0,318773.0,315094.0
2024-11-18 09:00:00,5850.0,5854.0,5840.0,5841.0,27683.0,315094.0,312744.0
2024-11-18 10:00:00,5841.0,5846.0,5835.0,5838.0,15708.0,312744.0,310121.0
2024-11-18 11:00:00,5838.0,5838.0,5828.0,5832.0,16073.0,310121.0,307850.0
2024-11-18 13:00:00,5833.0,5833.0,5819.0,5821.0,18561.0,307850.0,306446.0
2024-11-18 14:00:00,5821.0,5836.0,5819.0,5833.0,25508.0,306446.0,304227.0
2024-11-18 21:00:00,5843.0,5864.0,5839.0,5858.0,51723.0,304227.0,306259.0
2024-11-18 22:00:00,5858.0,5864.0,5857.0,5860.0,21164.0,306259.0,302406.0
2024-11-19 09:00:00,5878.0,5881.0,5863.0,5863.0,35578.0,302406.0,299073.0
2024-11-19 10:00:00,5863.0,5865.0,5853.0,5855.0,18650.0,299073.0,297393.0
2024-11-19 11:00:00,5855.0,5857.0,5848.0,5852.0,10216.0,297393.0,296797.0
2024-11-19 13:00:00,5852.0,5861.0,5850.0,5853.0,9891.0,296797.0,296834.0
2024-11-19 14:00:00,5853.0,5865.0,5851.0,5863.0,24330.0,296834.0,294886.0
2024-11-19 21:00:00,5859.0,5876.0,5853.0,5869.0,37840.0,294886.0,297876.0
2024-11-19 22:00:00,5869.0,5891.0,5861.0,5866.0,37140.0,297876.0,297445.0
2024-11-20 09:00:00,5859.0,5879.0,5859.0,5877.0,18268.0,297445.0,297144.0
2024-11-20 10:00:00,5877.0,5918.0,5877.0,5909.0,58761.0,297144.0,300749.0
2024-11-20 11:00:00,5909.0,5916.0,5905.0,5907.0,15080.0,300749.0,300711.0
2024-11-20 13:00:00,5907.0,5926.0,5907.0,5915.0,23461.0,300711.0,303985.0
2024-11-20 14:00:00,5915.0,5935.0,5912.0,5931.0,39169.0,303985.0,308390.0
2024-11-20 21:00:00,5926.0,5949.0,5920.0,5939.0,72273.0,308390.0,320950.0
2024-11-20 22:00:00,5939.0,5952.0,5936.0,5946.0,32346.0,320950.0,321546.0
2024-11-21 09:00:00,5940.0,5961.0,5930.0,5956.0,52105.0,321546.0,330172.0
2024-11-21 10:00:00,5956.0,5974.0,5952.0,5958.0,47216.0,330172.0,334518.0
2024-11-21 11:00:00,5958.0,5972.0,5958.0,5966.0,13046.0,334518.0,337311.0
2024-11-21 13:00:00,5966.0,5971.0,5958.0,5969.0,14512.0,337311.0,339829.0
2024-11-21 14:00:00,5969.0,5974.0,5959.0,5971.0,32820.0,339829.0,339981.0
2024-11-21 21:00:00,5959.0,5965.0,5942.0,5954.0,71727.0,339981.0,342110.0
2024-11-21 22:00:00,5954.0,5969.0,5948.0,5965.0,25030.0,342110.0,341200.0
2024-11-22 09:00:00,5966.0,5990.0,5961.0,5977.0,66178.0,341200.0,344755.0
2024-11-22 10:00:00,5977.0,5988.0,5970.0,5974.0,21993.0,344755.0,346229.0
2024-11-22 11:00:00,5974.0,5978.0,5964.0,5967.0,13801.0,346229.0,345803.0
2024-11-22 13:00:00,5962.0,5966.0,5955.0,5963.0,20141.0,345803.0,344285.0
2024-11-22 14:00:00,5963.0,5964.0,5879.0,5897.0,116451.0,344285.0,323742.0
2024-11-22 21:00:00,5907.0,5930.0,5898.0,5918.0,58230.0,323742.0,321294.0
2024-11-22 22:00:00,5918.0,5929.0,5915.0,5928.0,20795.0,321294.0,319809.0
2024-11-25 09:00:00,5918.0,5934.0,5912.0,5922.0,41067.0,319809.0,318753.0
2024-11-25 10:00:00,5922.0,5932.0,5921.0,5925.0,14740.0,318753.0,316774.0
2024-11-25 11:00:00,5925.0,5939.0,5924.0,5927.0,18159.0,316774.0,315314.0
2024-11-25 13:00:00,5926.0,5932.0,5918.0,5930.0,14646.0,315314.0,314862.0
2024-11-25 14:00:00,5930.0,5946.0,5921.0,5942.0,40395.0,314862.0,310168.0
2024-11-25 21:00:00,5930.0,5934.0,5914.0,5925.0,51057.0,310168.0,307236.0
2024-11-25 22:00:00,5925.0,5950.0,5918.0,5943.0,39384.0,307236.0,307872.0
2024-11-26 09:00:00,5936.0,5941.0,5924.0,5939.0,32241.0,307872.0,306117.0
2024-11-26 10:00:00,5939.0,5941.0,5932.0,5938.0,19323.0,306117.0,303399.0
2024-11-26 11:00:00,5938.0,5947.0,5935.0,5943.0,16889.0,303399.0,301801.0
2024-11-26 13:00:00,5943.0,5963.0,5941.0,5960.0,27683.0,301801.0,302203.0
2024-11-26 14:00:00,5960.0,5967.0,5946.0,5963.0,43638.0,302203.0,298978.0
2024-11-26 21:00:00,5989.0,6038.0,5971.0,5989.0,204820.0,298978.0,313675.0
2024-11-26 22:00:00,5989.0,6001.0,5978.0,5991.0,46535.0,313675.0,311730.0
2024-11-27 09:00:00,6000.0,6007.0,5966.0,5968.0,55913.0,311730.0,308444.0
2024-11-27 10:00:00,5968.0,5970.0,5948.0,5955.0,43748.0,308444.0,303476.0
2024-11-27 11:00:00,5955.0,5962.0,5947.0,5962.0,15408.0,303476.0,301717.0
2024-11-27 13:00:00,5962.0,5964.0,5943.0,5950.0,25124.0,301717.0,298442.0
2024-11-27 14:00:00,5950.0,5963.0,5947.0,5958.0,38411.0,298442.0,290756.0
2024-11-27 21:00:00,5972.0,5978.0,5950.0,5953.0,50216.0,290756.0,292797.0
2024-11-27 22:00:00,5953.0,5956.0,5937.0,5952.0,30458.0,292797.0,288232.0
2024-11-28 09:00:00,5950.0,5972.0,5947.0,5966.0,35559.0,288232.0,287192.0
2024-11-28 10:00:00,5966.0,5981.0,5961.0,5978.0,28051.0,287192.0,285143.0
2024-11-28 11:00:00,5978.0,5982.0,5965.0,5966.0,15139.0,285143.0,283030.0
2024-11-28 13:00:00,5967.0,5971.0,5954.0,5970.0,14815.0,283030.0,281563.0
2024-11-28 14:00:00,5970.0,6015.0,5965.0,6013.0,49552.0,281563.0,283284.0
2024-11-28 21:00:00,6018.0,6085.0,6012.0,6084.0,216792.0,283284.0,305882.0
2024-11-28 22:00:00,6084.0,6088.0,6060.0,6079.0,88949.0,305882.0,307343.0
2024-11-29 09:00:00,6079.0,6106.0,6066.0,6097.0,72527.0,307343.0,313711.0
2024-11-29 10:00:00,6097.0,6144.0,6092.0,6129.0,86239.0,313711.0,320431.0
2024-11-29 11:00:00,6129.0,6131.0,6112.0,6120.0,30117.0,320431.0,317732.0
2024-11-29 13:00:00,6119.0,6124.0,6108.0,6120.0,23771.0,317732.0,317672.0
2024-11-29 14:00:00,6120.0,6136.0,6112.0,6135.0,54317.0,317672.0,317777.0
2024-11-29 21:00:00,6109.0,6125.0,6084.0,6092.0,129019.0,317777.0,315975.0
2024-11-29 22:00:00,6092.0,6113.0,6090.0,6106.0,54800.0,315975.0,311151.0
2024-12-02 09:00:00,6105.0,6109.0,6085.0,6097.0,55040.0,311151.0,307205.0
2024-12-02 10:00:00,6097.0,6097.0,6053.0,6063.0,50464.0,307205.0,301300.0
2024-12-02 11:00:00,6063.0,6072.0,6050.0,6068.0,31856.0,301300.0,296831.0
2024-12-02 13:00:00,6068.0,6072.0,6059.0,6060.0,15822.0,296831.0,296161.0
2024-12-02 14:00:00,6060.0,6090.0,6060.0,6082.0,45817.0,296161.0,293454.0
2024-12-02 21:00:00,6088.0,6096.0,6071.0,6074.0,74898.0,293454.0,291500.0
2024-12-02 22:00:00,6074.0,6078.0,6057.0,6062.0,33314.0,291500.0,288582.0
2024-12-03 09:00:00,6074.0,6090.0,6066.0,6082.0,43710.0,288582.0,286891.0
2024-12-03 10:00:00,6082.0,6100.0,6076.0,6082.0,26716.0,286891.0,286363.0
2024-12-03 11:00:00,6082.0,6083.0,6058.0,6061.0,32828.0,286363.0,282061.0
2024-12-03 13:00:00,6062.0,6072.0,6059.0,6071.0,17063.0,282061.0,280932.0
2024-12-03 14:00:00,6071.0,6075.0,6058.0,6066.0,33422.0,280932.0,275671.0
2024-12-03 21:00:00,6081.0,6105.0,6071.0,6089.0,79360.0,275671.0,278010.0
2024-12-03 22:00:00,6089.0,6108.0,6088.0,6097.0,39005.0,278010.0,277778.0
2024-12-04 09:00:00,6097.0,6097.0,6066.0,6079.0,51843.0,277778.0,272941.0
2024-12-04 10:00:00,6079.0,6081.0,6027.0,6037.0,81536.0,272941.0,263377.0
2024-12-04 11:00:00,6037.0,6041.0,6030.0,6032.0,21876.0,263377.0,260852.0
2024-12-04 13:00:00,6033.0,6041.0,6026.0,6039.0,23772.0,260852.0,256604.0
2024-12-04 14:00:00,6039.0,6045.0,6031.0,6034.0,33429.0,256604.0,251219.0
2024-12-04 21:00:00,6029.0,6041.0,5976.0,5980.0,93967.0,251219.0,242266.0
2024-12-04 22:00:00,5980.0,5997.0,5977.0,5988.0,41193.0,242266.0,239558.0
2024-12-05 09:00:00,5986.0,5993.0,5954.0,5969.0,68487.0,239558.0,232472.0
2024-12-05 10:00:00,5969.0,5987.0,5965.0,5982.0,24134.0,232472.0,232170.0
2024-12-05 11:00:00,5982.0,5987.0,5976.0,5983.0,9620.0,232170.0,232220.0
2024-12-05 13:00:00,5984.0,5991.0,5979.0,5982.0,13547.0,232220.0,231602.0
2024-12-05 14:00:00,5982.0,5993.0,5974.0,5984.0,27908.0,231602.0,227044.0
2024-12-05 21:00:00,5972.0,5979.0,5916.0,5947.0,80769.0,227044.0,218897.0
2024-12-05 22:00:00,5947.0,5965.0,5946.0,5961.0,20469.0,218897.0,218245.0
2024-12-06 09:00:00,5983.0,5983.0,5947.0,5951.0,32327.0,218245.0,218484.0
2024-12-06 10:00:00,5951.0,5956.0,5945.0,5946.0,16001.0,218484.0,215932.0
2024-12-06 11:00:00,5946.0,5958.0,5941.0,5956.0,12008.0,215932.0,214673.0
2024-12-06 13:00:00,5956.0,5969.0,5956.0,5969.0,12630.0,214673.0,214393.0
2024-12-06 14:00:00,5969.0,6012.0,5964.0,6008.0,45580.0,214393.0,211791.0
2024-12-06 21:00:00,6003.0,6012.0,5988.0,6010.0,47156.0,211791.0,213072.0
2024-12-06 22:00:00,6010.0,6019.0,5994.0,6002.0,37478.0,213072.0,211413.0
2024-12-09 09:00:00,6003.0,6016.0,5992.0,6014.0,33589.0,211413.0,208012.0
2024-12-09 10:00:00,6014.0,6024.0,6006.0,6013.0,17586.0,208012.0,206936.0
2024-12-09 11:00:00,6013.0,6013.0,6005.0,6008.0,6051.0,206936.0,204964.0
2024-12-09 13:00:00,6009.0,6021.0,6005.0,6017.0,8371.0,204964.0,204096.0
2024-12-09 14:00:00,6017.0,6047.0,6015.0,6038.0,45414.0,204096.0,198037.0
2024-12-09 21:00:00,6048.0,6065.0,6035.0,6039.0,41846.0,198037.0,194908.0
2024-12-09 22:00:00,6039.0,6054.0,6036.0,6046.0,23029.0,194908.0,191746.0
2024-12-10 09:00:00,6040.0,6057.0,6036.0,6041.0,23242.0,191746.0,189206.0
2024-12-10 10:00:00,6041.0,6064.0,6040.0,6058.0,18352.0,189206.0,188486.0
2024-12-10 11:00:00,6058.0,6070.0,6050.0,6056.0,11264.0,188486.0,187913.0
2024-12-10 13:00:00,6056.0,6056.0,6039.0,6044.0,10496.0,187913.0,186247.0
2024-12-10 14:00:00,6044.0,6045.0,6029.0,6034.0,19794.0,186247.0,183076.0
2024-12-10 21:00:00,6029.0,6036.0,5969.0,5986.0,130601.0,183076.0,380974.0
2024-12-10 22:00:00,5986.0,6006.0,5981.0,6004.0,41471.0,380974.0,380510.0
2024-12-11 09:00:00,6006.0,6056.0,5997.0,6053.0,108117.0,380510.0,387848.0
2024-12-11 10:00:00,6053.0,6056.0,6034.0,6037.0,31331.0,387848.0,390638.0
2024-12-11 11:00:00,6037.0,6041.0,6034.0,6037.0,14103.0,390638.0,391501.0
2024-12-11 13:00:00,6038.0,6068.0,6038.0,6055.0,57751.0,391501.0,403119.0
2024-12-11 14:00:00,6055.0,6066.0,6053.0,6063.0,42980.0,403119.0,406291.0
2024-12-11 21:00:00,6052.0,6071.0,6045.0,6060.0,78487.0,406291.0,408046.0
2024-12-11 22:00:00,6060.0,6066.0,6053.0,6064.0,33497.0,408046.0,407820.0
2024-12-12 09:00:00,6068.0,6140.0,6068.0,6121.0,185917.0,407820.0,439803.0
2024-12-12 10:00:00,6121.0,6131.0,6097.0,6113.0,55594.0,439803.0,442566.0
2024-12-12 11:00:00,6113.0,6118.0,6105.0,6107.0,20622.0,442566.0,443547.0
2024-12-12 13:00:00,6107.0,6117.0,6107.0,6115.0,21953.0,443547.0,447180.0
2024-12-12 14:00:00,6115.0,6139.0,6109.0,6125.0,54105.0,447180.0,453812.0
2024-12-12 21:00:00,6123.0,6144.0,6117.0,6130.0,96133.0,453812.0,461873.0
2024-12-12 22:00:00,6130.0,6132.0,6111.0,6113.0,67625.0,461873.0,463978.0
2024-12-13 09:00:00,6114.0,6125.0,6101.0,6114.0,43931.0,463978.0,466249.0
2024-12-13 10:00:00,6114.0,6118.0,6076.0,6086.0,55035.0,466249.0,462786.0
2024-12-13 11:00:00,6086.0,6100.0,6084.0,6100.0,19317.0,462786.0,462701.0
2024-12-13 13:00:00,6100.0,6102.0,6091.0,6096.0,18211.0,462701.0,464216.0
2024-12-13 14:00:00,6096.0,6099.0,6082.0,6083.0,36650.0,464216.0,461561.0
2024-12-13 21:00:00,6080.0,6085.0,6047.0,6058.0,87170.0,461561.0,457566.0
2024-12-13 22:00:00,6058.0,6064.0,6052.0,6057.0,32211.0,457566.0,454410.0
2024-12-16 09:00:00,6060.0,6060.0,6012.0,6018.0,88632.0,454410.0,444717.0
2024-12-16 10:00:00,6018.0,6026.0,6011.0,6017.0,26866.0,444717.0,443570.0
2024-12-16 11:00:00,6017.0,6022.0,6007.0,6007.0,18920.0,443570.0,441012.0
2024-12-16 13:00:00,6008.0,6008.0,5995.0,5998.0,36366.0,441012.0,436245.0
2024-12-16 14:00:00,5998.0,6020.0,5997.0,6017.0,40954.0,436245.0,432332.0
2024-12-16 21:00:00,5991.0,6008.0,5983.0,5997.0,77953.0,432332.0,435321.0
2024-12-16 22:00:00,5997.0,6003.0,5985.0,5999.0,30721.0,435321.0,432605.0
2024-12-17 09:00:00,6000.0,6023.0,5999.0,6022.0,46049.0,432605.0,435353.0
2024-12-17 10:00:00,6022.0,6031.0,6012.0,6022.0,45538.0,435353.0,436458.0
2024-12-17 11:00:00,6022.0,6026.0,6012.0,6013.0,15477.0,436458.0,434407.0
2024-12-17 13:00:00,6014.0,6023.0,6012.0,6017.0,13813.0,434407.0,435644.0
2024-12-17 14:00:00,6017.0,6031.0,5996.0,6005.0,60083.0,435644.0,430281.0
2024-12-17 21:00:00,5993.0,5995.0,5952.0,5957.0,111547.0,430281.0,424936.0
2024-12-17 22:00:00,5957.0,5959.0,5944.0,5947.0,45726.0,424936.0,421482.0
2024-12-18 09:00:00,5943.0,5943.0,5903.0,5903.0,98958.0,421482.0,421829.0
2024-12-18 10:00:00,5903.0,5910.0,5893.0,5902.0,46398.0,421829.0,420374.0
2024-12-18 11:00:00,5902.0,5905.0,5886.0,5902.0,32437.0,420374.0,417870.0
2024-12-18 13:00:00,5902.0,5915.0,5899.0,5901.0,26410.0,417870.0,415935.0
2024-12-18 14:00:00,5901.0,5907.0,5884.0,5899.0,54567.0,415935.0,406773.0
2024-12-18 21:00:00,5897.0,5908.0,5890.0,5896.0,51336.0,406773.0,407428.0
2024-12-18 22:00:00,5896.0,5900.0,5873.0,5885.0,59061.0,407428.0,400937.0
2024-12-19 09:00:00,5876.0,5880.0,5856.0,5867.0,58705.0,400937.0,400777.0
2024-12-19 10:00:00,5867.0,5871.0,5861.0,5864.0,18820.0,400777.0,397967.0
2024-12-19 11:00:00,5864.0,5879.0,5858.0,5875.0,19084.0,397967.0,394314.0
2024-12-19 13:00:00,5876.0,5880.0,5864.0,5868.0,16248.0,394314.0,393559.0
2024-12-19 14:00:00,5868.0,5898.0,5864.0,5894.0,58411.0,393559.0,387714.0
2024-12-19 21:00:00,5885.0,5893.0,5872.0,5884.0,61797.0,387714.0,386854.0
2024-12-19 22:00:00,5884.0,5892.0,5880.0,5881.0,24825.0,386854.0,383014.0
2024-12-20 09:00:00,5880.0,5887.0,5870.0,5877.0,38794.0,383014.0,380734.0
2024-12-20 10:00:00,5877.0,5882.0,5874.0,5874.0,13345.0,380734.0,379302.0
2024-12-20 11:00:00,5874.0,5890.0,5871.0,5888.0,15394.0,379302.0,377985.0
2024-12-20 13:00:00,5888.0,5889.0,5881.0,5887.0,16214.0,377985.0,376157.0
2024-12-20 14:00:00,5887.0,5888.0,5878.0,5882.0,26153.0,376157.0,373476.0
2024-12-20 21:00:00,5881.0,5896.0,5874.0,5889.0,47616.0,373476.0,375759.0
2024-12-20 22:00:00,5889.0,5891.0,5877.0,5887.0,30428.0,375759.0,374187.0
2024-12-23 09:00:00,5892.0,5928.0,5892.0,5918.0,77555.0,374187.0,372355.0
2024-12-23 10:00:00,5918.0,5933.0,5917.0,5929.0,29519.0,372355.0,373233.0
2024-12-23 11:00:00,5929.0,5936.0,5927.0,5936.0,17471.0,373233.0,372707.0
2024-12-23 13:00:00,5936.0,5938.0,5931.0,5933.0,15087.0,372707.0,371921.0
2024-12-23 14:00:00,5933.0,5944.0,5920.0,5941.0,45603.0,371921.0,370498.0
2024-12-23 21:00:00,5948.0,5953.0,5938.0,5941.0,53097.0,370498.0,373234.0
2024-12-23 22:00:00,5941.0,5942.0,5924.0,5926.0,34211.0,373234.0,370567.0
2024-12-24 09:00:00,5925.0,5943.0,5923.0,5941.0,28055.0,370567.0,371350.0
2024-12-24 10:00:00,5941.0,5944.0,5936.0,5938.0,15005.0,371350.0,371477.0
2024-12-24 11:00:00,5938.0,5946.0,5935.0,5938.0,14279.0,371477.0,371339.0
2024-12-24 13:00:00,5939.0,5943.0,5929.0,5942.0,16078.0,371339.0,369347.0
2024-12-24 14:00:00,5942.0,5945.0,5936.0,5944.0,19277.0,369347.0,369249.0
2024-12-24 21:00:00,5960.0,5970.0,5946.0,5953.0,40735.0,369249.0,370345.0
2024-12-24 22:00:00,5953.0,5953.0,5945.0,5946.0,13080.0,370345.0,369320.0
2024-12-25 09:00:00,5942.0,5944.0,5930.0,5932.0,31717.0,369320.0,369217.0
2024-12-25 10:00:00,5932.0,5961.0,5928.0,5955.0,35582.0,369217.0,368927.0
2024-12-25 11:00:00,5955.0,5959.0,5950.0,5958.0,11033.0,368927.0,369427.0
2024-12-25 13:00:00,5959.0,5980.0,5958.0,5971.0,40355.0,369427.0,370547.0
2024-12-25 14:00:00,5971.0,5989.0,5969.0,5982.0,50411.0,370547.0,373419.0
2024-12-25 21:00:00,5979.0,5983.0,5963.0,5979.0,43756.0,373419.0,374631.0
2024-12-25 22:00:00,5979.0,5981.0,5971.0,5974.0,19464.0,374631.0,372534.0
2024-12-26 09:00:00,5974.0,5981.0,5956.0,5978.0,46206.0,372534.0,371222.0
2024-12-26 10:00:00,5978.0,5993.0,5975.0,5988.0,21954.0,371222.0,372662.0
2024-12-26 11:00:00,5988.0,5993.0,5983.0,5983.0,14886.0,372662.0,373168.0
2024-12-26 13:00:00,5983.0,5983.0,5975.0,5979.0,15322.0,373168.0,371305.0
2024-12-26 14:00:00,5979.0,5985.0,5969.0,5976.0,24620.0,371305.0,370276.0
2024-12-26 21:00:00,5972.0,5977.0,5935.0,5949.0,90379.0,370276.0,373493.0
2024-12-26 22:00:00,5949.0,5952.0,5931.0,5936.0,44621.0,373493.0,370174.0
2024-12-27 09:00:00,5934.0,5946.0,5924.0,5941.0,51493.0,370174.0,368949.0
2024-12-27 10:00:00,5941.0,5943.0,5925.0,5936.0,27518.0,368949.0,367793.0
2024-12-27 11:00:00,5936.0,5954.0,5936.0,5941.0,23144.0,367793.0,366314.0
2024-12-27 13:00:00,5941.0,5951.0,5940.0,5950.0,13037.0,366314.0,367820.0
2024-12-27 14:00:00,5950.0,5953.0,5942.0,5944.0,24511.0,367820.0,367453.0
2024-12-27 21:00:00,5945.0,5950.0,5915.0,5917.0,66091.0,367453.0,369843.0
2024-12-27 22:00:00,5917.0,5935.0,5908.0,5931.0,46163.0,369843.0,366464.0
2024-12-30 09:00:00,5933.0,5960.0,5927.0,5947.0,72310.0,366464.0,368592.0
2024-12-30 10:00:00,5947.0,5965.0,5911.0,5954.0,75987.0,368592.0,365636.0
2024-12-30 11:00:00,5954.0,5963.0,5943.0,5950.0,21388.0,365636.0,367063.0
2024-12-30 13:00:00,5951.0,5965.0,5949.0,5963.0,16605.0,367063.0,369238.0
2024-12-30 14:00:00,5963.0,5979.0,5962.0,5969.0,48253.0,369238.0,369702.0
2024-12-30 21:00:00,5977.0,5983.0,5945.0,5951.0,68489.0,369702.0,374174.0
2024-12-30 22:00:00,5951.0,5964.0,5943.0,5949.0,38209.0,374174.0,371554.0
2024-12-31 09:00:00,5937.0,5938.0,5922.0,5927.0,51414.0,371554.0,371870.0
2024-12-31 10:00:00,5927.0,5949.0,5926.0,5946.0,25322.0,371870.0,370611.0
2024-12-31 11:00:00,5946.0,5952.0,5935.0,5950.0,15742.0,370611.0,369223.0
2024-12-31 13:00:00,5951.0,5961.0,5950.0,5958.0,16736.0,369223.0,369498.0
2024-12-31 14:00:00,5958.0,5964.0,5954.0,5961.0,30042.0,369498.0,367499.0
2025-01-02 09:00:00,5975.0,6024.0,5970.0,6003.0,131510.0,367499.0,380780.0
2025-01-02 10:00:00,6003.0,6017.0,6003.0,6015.0,23903.0,380780.0,385840.0
2025-01-02 11:00:00,6015.0,6017.0,6003.0,6005.0,15791.0,385840.0,387260.0
2025-01-02 13:00:00,6005.0,6005.0,5985.0,5994.0,24263.0,387260.0,387314.0
2025-01-02 14:00:00,5994.0,6004.0,5988.0,6002.0,30193.0,387314.0,387663.0
2025-01-02 21:00:00,6011.0,6029.0,5981.0,5988.0,93008.0,387663.0,395997.0
2025-01-02 22:00:00,5988.0,6001.0,5985.0,5989.0,38059.0,395997.0,397127.0
2025-01-03 09:00:00,5989.0,6012.0,5989.0,5997.0,34666.0,397127.0,399953.0
2025-01-03 10:00:00,5997.0,6001.0,5960.0,5970.0,55145.0,399953.0,400012.0
2025-01-03 11:00:00,5970.0,5983.0,5969.0,5974.0,14270.0,400012.0,399997.0
2025-01-03 13:00:00,5975.0,5982.0,5974.0,5979.0,11088.0,399997.0,400600.0
2025-01-03 14:00:00,5979.0,6002.0,5966.0,5995.0,51478.0,400600.0,396965.0
2025-01-03 21:00:00,5984.0,6009.0,5973.0,6006.0,64638.0,396965.0,403985.0
2025-01-03 22:00:00,6006.0,6036.0,6004.0,6009.0,76217.0,403985.0,408989.0
2025-01-06 09:00:00,6010.0,6021.0,5995.0,6012.0,50717.0,408989.0,410622.0
2025-01-06 10:00:00,6012.0,6025.0,6001.0,6007.0,26506.0,410622.0,412798.0
2025-01-06 11:00:00,6007.0,6012.0,5983.0,5983.0,27659.0,412798.0,408365.0
2025-01-06 13:00:00,5983.0,5983.0,5951.0,5958.0,64395.0,408365.0,400891.0
2025-01-06 14:00:00,5958.0,5958.0,5936.0,5946.0,58428.0,400891.0,394612.0
2025-01-06 21:00:00,5954.0,5973.0,5948.0,5948.0,58894.0,394612.0,394485.0
2025-01-06 22:00:00,5948.0,5948.0,5916.0,5928.0,66962.0,394485.0,389051.0
2025-01-07 09:00:00,5923.0,5930.0,5905.0,5923.0,51047.0,389051.0,385659.0
2025-01-07 10:00:00,5923.0,5934.0,5919.0,5926.0,20861.0,385659.0,383496.0
2025-01-07 11:00:00,5926.0,5934.0,5925.0,5932.0,10607.0,383496.0,384149.0
2025-01-07 13:00:00,5932.0,5939.0,5926.0,5928.0,15555.0,384149.0,383127.0
2025-01-07 14:00:00,5928.0,5936.0,5921.0,5935.0,26205.0,383127.0,380180.0
2025-01-07 21:00:00,5943.0,5949.0,5930.0,5931.0,44808.0,380180.0,383755.0
2025-01-07 22:00:00,5931.0,5932.0,5913.0,5922.0,45294.0,383755.0,381971.0
2025-01-08 09:00:00,5928.0,5936.0,5925.0,5930.0,22701.0,381971.0,379754.0
2025-01-08 10:00:00,5930.0,5939.0,5923.0,5930.0,19026.0,379754.0,379877.0
2025-01-08 11:00:00,5930.0,5930.0,5917.0,5919.0,15043.0,379877.0,378785.0
2025-01-08 13:00:00,5920.0,5933.0,5919.0,5931.0,14058.0,378785.0,378201.0
2025-01-08 14:00:00,5931.0,5941.0,5921.0,5926.0,28061.0,378201.0,376412.0
2025-01-08 21:00:00,5920.0,5931.0,5875.0,5889.0,118569.0,376412.0,378251.0
2025-01-08 22:00:00,5889.0,5901.0,5885.0,5893.0,25317.0,378251.0,376481.0
2025-01-09 09:00:00,5884.0,5891.0,5873.0,5881.0,42025.0,376481.0,374316.0
2025-01-09 10:00:00,5881.0,5896.0,5879.0,5881.0,20550.0,374316.0,372877.0
2025-01-09 11:00:00,5881.0,5892.0,5881.0,5887.0,10208.0,372877.0,372094.0
2025-01-09 13:00:00,5887.0,5887.0,5862.0,5866.0,35143.0,372094.0,374099.0
2025-01-09 14:00:00,5866.0,5879.0,5853.0,5872.0,56190.0,374099.0,369460.0
2025-01-09 21:00:00,5863.0,5884.0,5847.0,5876.0,81337.0,369460.0,365105.0
2025-01-09 22:00:00,5876.0,5881.0,5865.0,5874.0,26692.0,365105.0,363657.0
2025-01-10 09:00:00,5879.0,5911.0,5879.0,5906.0,53213.0,363657.0,361009.0
2025-01-10 10:00:00,5906.0,5907.0,5894.0,5895.0,17347.0,361009.0,358898.0
2025-01-10 11:00:00,5895.0,5896.0,5884.0,5891.0,16508.0,358898.0,355313.0
2025-01-10 13:00:00,5891.0,5895.0,5881.0,5885.0,12083.0,355313.0,354595.0
2025-01-10 14:00:00,5885.0,5892.0,5875.0,5891.0,34285.0,354595.0,348356.0
2025-01-10 21:00:00,5892.0,5896.0,5859.0,5869.0,56240.0,348356.0,348686.0
2025-01-10 22:00:00,5869.0,5898.0,5866.0,5871.0,47121.0,348686.0,346045.0
2025-01-13 09:00:00,5885.0,5919.0,5875.0,5906.0,64009.0,346045.0,342218.0
2025-01-13 10:00:00,5906.0,5940.0,5905.0,5930.0,40879.0,342218.0,343539.0
2025-01-13 11:00:00,5930.0,5937.0,5926.0,5927.0,17137.0,343539.0,343275.0
2025-01-13 13:00:00,5927.0,5947.0,5923.0,5943.0,18669.0,343275.0,343499.0
2025-01-13 14:00:00,5943.0,5946.0,5937.0,5945.0,34326.0,343499.0,340130.0
2025-01-13 21:00:00,5925.0,5932.0,5913.0,5918.0,55661.0,340130.0,339930.0
2025-01-13 22:00:00,5918.0,5923.0,5909.0,5912.0,26921.0,339930.0,337487.0
2025-01-14 09:00:00,5914.0,5923.0,5907.0,5921.0,32643.0,337487.0,336549.0
2025-01-14 10:00:00,5921.0,5934.0,5919.0,5929.0,20368.0,336549.0,336647.0
2025-01-14 11:00:00,5929.0,5937.0,5926.0,5928.0,12579.0,336647.0,336441.0
2025-01-14 13:00:00,5928.0,5933.0,5922.0,5932.0,11791.0,336441.0,337273.0
2025-01-14 14:00:00,5932.0,5939.0,5924.0,5926.0,23446.0,337273.0,335407.0
2025-01-14 21:00:00,5886.0,5889.0,5822.0,5838.0,161531.0,335407.0,341855.0
2025-01-14 22:00:00,5838.0,5839.0,5826.0,5831.0,47351.0,341855.0,338052.0
2025-01-15 09:00:00,5830.0,5833.0,5806.0,5815.0,65817.0,338052.0,344069.0
2025-01-15 10:00:00,5815.0,5817.0,5806.0,5810.0,26532.0,344069.0,344211.0
2025-01-15 11:00:00,5810.0,5811.0,5799.0,5801.0,26491.0,344211.0,344779.0
2025-01-15 13:00:00,5801.0,5807.0,5790.0,5795.0,34512.0,344779.0,342779.0
2025-01-15 14:00:00,5795.0,5797.0,5780.0,5781.0,57460.0,342779.0,345932.0
2025-01-15 21:00:00,5783.0,5807.0,5780.0,5793.0,86166.0,345932.0,343033.0
2025-01-15 22:00:00,5793.0,5797.0,5785.0,5795.0,34523.0,343033.0,342101.0
2025-01-16 09:00:00,5788.0,5792.0,5756.0,5766.0,104147.0,342101.0,346547.0
2025-01-16 10:00:00,5766.0,5772.0,5759.0,5761.0,24995.0,346547.0,345382.0
2025-01-16 11:00:00,5761.0,5764.0,5751.0,5758.0,21220.0,345382.0,346281.0
2025-01-16 13:00:00,5755.0,5758.0,5742.0,5745.0,24970.0,346281.0,347286.0
2025-01-16 14:00:00,5745.0,5788.0,5742.0,5781.0,60924.0,347286.0,338725.0
2025-01-16 21:00:00,5803.0,5826.0,5793.0,5807.0,100026.0,338725.0,337081.0
2025-01-16 22:00:00,5807.0,5817.0,5806.0,5817.0,23934.0,337081.0,335266.0
2025-01-17 09:00:00,5802.0,5811.0,5788.0,5792.0,45892.0,335266.0,334406.0
2025-01-17 10:00:00,5792.0,5796.0,5783.0,5785.0,20058.0,334406.0,335552.0
2025-01-17 11:00:00,5785.0,5789.0,5781.0,5788.0,14305.0,335552.0,335942.0
2025-01-17 13:00:00,5790.0,5814.0,5790.0,5799.0,34206.0,335942.0,334971.0
2025-01-17 14:00:00,5799.0,5822.0,5793.0,5809.0,47676.0,334971.0,332627.0
2025-01-17 21:00:00,5786.0,5799.0,5769.0,5791.0,62156.0,332627.0,339212.0
2025-01-17 22:00:00,5791.0,5797.0,5776.0,5788.0,31667.0,339212.0,337703.0
2025-01-20 09:00:00,5793.0,5793.0,5752.0,5770.0,67333.0,337703.0,338560.0
2025-01-20 10:00:00,5770.0,5786.0,5756.0,5775.0,36200.0,338560.0,339518.0
2025-01-20 11:00:00,5775.0,5780.0,5774.0,5778.0,6991.0,339518.0,338302.0
2025-01-20 13:00:00,5779.0,5784.0,5769.0,5778.0,12504.0,338302.0,338634.0
2025-01-20 14:00:00,5778.0,5779.0,5768.0,5772.0,23265.0,338634.0,335285.0
2025-01-20 21:00:00,5745.0,5768.0,5741.0,5760.0,47327.0,335285.0,339575.0
2025-01-20 22:00:00,5760.0,5790.0,5760.0,5789.0,33985.0,339575.0,334132.0
2025-01-21 09:00:00,5787.0,5789.0,5776.0,5776.0,20374.0,334132.0,333847.0
2025-01-21 10:00:00,5776.0,5793.0,5775.0,5790.0,18413.0,333847.0,333427.0
2025-01-21 11:00:00,5790.0,5794.0,5785.0,5786.0,11548.0,333427.0,330359.0
2025-01-21 13:00:00,5787.0,5798.0,5784.0,5793.0,11224.0,330359.0,330413.0
2025-01-21 14:00:00,5793.0,5799.0,5782.0,5798.0,25586.0,330413.0,327309.0
2025-01-21 21:00:00,5767.0,5779.0,5731.0,5743.0,98665.0,327309.0,335984.0
2025-01-21 22:00:00,5743.0,5743.0,5725.0,5731.0,38880.0,335984.0,340055.0
2025-01-22 09:00:00,5738.0,5764.0,5738.0,5753.0,47975.0,340055.0,332114.0
2025-01-22 10:00:00,5753.0,5760.0,5751.0,5753.0,11991.0,332114.0,332015.0
2025-01-22 11:00:00,5753.0,5755.0,5748.0,5752.0,8967.0,332015.0,331070.0
2025-01-22 13:00:00,5751.0,5759.0,5750.0,5755.0,9424.0,331070.0,330350.0
2025-01-22 14:00:00,5755.0,5763.0,5753.0,5757.0,23807.0,330350.0,326142.0
2025-01-22 21:00:00,5769.0,5778.0,5761.0,5775.0,41673.0,326142.0,326339.0
2025-01-22 22:00:00,5775.0,5784.0,5773.0,5778.0,29187.0,326339.0,325138.0
2025-01-23 09:00:00,5778.0,5794.0,5778.0,5783.0,31833.0,325138.0,325805.0
2025-01-23 10:00:00,5783.0,5787.0,5774.0,5776.0,14868.0,325805.0,326885.0
2025-01-23 11:00:00,5776.0,5781.0,5772.0,5778.0,10354.0,326885.0,327006.0
2025-01-23 13:00:00,5778.0,5788.0,5776.0,5786.0,10431.0,327006.0,326173.0
2025-01-23 14:00:00,5786.0,5787.0,5774.0,5776.0,21755.0,326173.0,320781.0
2025-01-23 21:00:00,5804.0,5817.0,5792.0,5803.0,60103.0,320781.0,312311.0
2025-01-23 22:00:00,5803.0,5810.0,5800.0,5804.0,21297.0,312311.0,309807.0
2025-01-24 09:00:00,5811.0,5814.0,5791.0,5797.0,27450.0,309807.0,308533.0
2025-01-24 10:00:00,5797.0,5838.0,5797.0,5828.0,57528.0,308533.0,304476.0
2025-01-24 11:00:00,5828.0,5834.0,5826.0,5834.0,11395.0,304476.0,302068.0
2025-01-24 13:00:00,5834.0,5835.0,5829.0,5833.0,10983.0,302068.0,300282.0
2025-01-24 14:00:00,5833.0,5837.0,5819.0,5826.0,38349.0,300282.0,286326.0
2025-01-24 21:00:00,5846.0,5869.0,5838.0,5864.0,59736.0,286326.0,288092.0
2025-01-24 22:00:00,5864.0,5866.0,5851.0,5854.0,19001.0,288092.0,284400.0
2025-01-27 09:00:00,5852.0,5854.0,5829.0,5831.0,23182.0,284400.0,282032.0
2025-01-27 10:00:00,5831.0,5835.0,5820.0,5825.0,11855.0,282032.0,280383.0
2025-01-27 11:00:00,5825.0,5830.0,5817.0,5828.0,7093.0,280383.0,279239.0
2025-01-27 13:00:00,5828.0,5829.0,5823.0,5824.0,7143.0,279239.0,277189.0
2025-01-27 14:00:00,5824.0,5834.0,5816.0,5817.0,25038.0,277189.0,267791.0
2025-02-05 09:00:00,5857.0,5907.0,5855.0,5899.0,70970.0,267791.0,269159.0
2025-02-05 10:00:00,5899.0,5901.0,5879.0,5890.0,17385.0,269159.0,271204.0
2025-02-05 11:00:00,5890.0,5891.0,5882.0,5891.0,7621.0,271204.0,272042.0
2025-02-05 13:00:00,5891.0,5894.0,5877.0,5886.0,14282.0,272042.0,273657.0
2025-02-05 14:00:00,5886.0,5888.0,5877.0,5879.0,20711.0,273657.0,272566.0
2025-02-05 21:00:00,5877.0,5894.0,5874.0,5875.0,40461.0,272566.0,278131.0
2025-02-05 22:00:00,5875.0,5881.0,5872.0,5876.0,17785.0,278131.0,278387.0
2025-02-06 09:00:00,5875.0,5885.0,5858.0,5859.0,28399.0,278387.0,281731.0
2025-02-06 10:00:00,5859.0,5873.0,5857.0,5871.0,16200.0,281731.0,280598.0
2025-02-06 11:00:00,5871.0,5875.0,5867.0,5867.0,6585.0,280598.0,280239.0
2025-02-06 13:00:00,5867.0,5870.0,5860.0,5868.0,7630.0,280239.0,280683.0
2025-02-06 14:00:00,5868.0,5875.0,5861.0,5863.0,16676.0,280683.0,279583.0
2025-02-06 21:00:00,5891.0,5897.0,5876.0,5877.0,39278.0,279583.0,279220.0
2025-02-06 22:00:00,5877.0,5881.0,5871.0,5871.0,14259.0,279220.0,277860.0
2025-02-07 09:00:00,5848.0,5854.0,5821.0,5851.0,57969.0,277860.0,278774.0
2025-02-07 10:00:00,5851.0,5861.0,5840.0,5858.0,21946.0,278774.0,276773.0
2025-02-07 11:00:00,5858.0,5862.0,5854.0,5855.0,9854.0,276773.0,276816.0
2025-02-07 13:00:00,5855.0,5858.0,5849.0,5856.0,7745.0,276816.0,277673.0
2025-02-07 14:00:00,5856.0,5867.0,5835.0,5836.0,37239.0,277673.0,273977.0
2025-02-07 21:00:00,5849.0,5852.0,5837.0,5840.0,34873.0,273977.0,272742.0
2025-02-07 22:00:00,5840.0,5856.0,5833.0,5852.0,28082.0,272742.0,270320.0
2025-02-10 09:00:00,5835.0,5875.0,5828.0,5869.0,47241.0,270320.0,271307.0
2025-02-10 10:00:00,5869.0,5880.0,5865.0,5866.0,17343.0,271307.0,271481.0
2025-02-10 11:00:00,5866.0,5867.0,5859.0,5862.0,9875.0,271481.0,271678.0
2025-02-10 13:00:00,5862.0,5871.0,5859.0,5867.0,8885.0,271678.0,271799.0
2025-02-10 14:00:00,5867.0,5873.0,5865.0,5870.0,16510.0,271799.0,272765.0
2025-02-10 21:00:00,5879.0,5884.0,5861.0,5865.0,31234.0,272765.0,275864.0
2025-02-10 22:00:00,5865.0,5894.0,5861.0,5893.0,44505.0,275864.0,277836.0
2025-02-11 09:00:00,5881.0,5896.0,5877.0,5892.0,30324.0,277836.0,279070.0
2025-02-11 10:00:00,5892.0,5909.0,5879.0,5896.0,50966.0,279070.0,280783.0
2025-02-11 11:00:00,5896.0,5900.0,5884.0,5892.0,14503.0,280783.0,279181.0
2025-02-11 13:00:00,5891.0,5892.0,5872.0,5887.0,18097.0,279181.0,277261.0
2025-02-11 14:00:00,5887.0,5899.0,5887.0,5897.0,25655.0,277261.0,275759.0
2025-02-11 21:00:00,5910.0,5924.0,5902.0,5919.0,58925.0,275759.0,279265.0
2025-02-11 22:00:00,5919.0,5930.0,5917.0,5928.0,32776.0,279265.0,278699.0
2025-02-12 09:00:00,5930.0,5940.0,5926.0,5939.0,40907.0,278699.0,283394.0
2025-02-12 10:00:00,5939.0,5940.0,5924.0,5927.0,19554.0,283394.0,283826.0
2025-02-12 11:00:00,5927.0,5934.0,5924.0,5925.0,10052.0,283826.0,283459.0
2025-02-12 13:00:00,5925.0,5937.0,5920.0,5933.0,14004.0,283459.0,284356.0
2025-02-12 14:00:00,5933.0,5939.0,5928.0,5934.0,24689.0,284356.0,286271.0
2025-02-12 21:00:00,5941.0,5945.0,5924.0,5931.0,47772.0,286271.0,292208.0
2025-02-12 22:00:00,5931.0,5932.0,5923.0,5929.0,16305.0,292208.0,290808.0
2025-02-13 09:00:00,5919.0,5933.0,5916.0,5925.0,30406.0,290808.0,293883.0
2025-02-13 10:00:00,5925.0,5935.0,5918.0,5933.0,18846.0,293883.0,295326.0
2025-02-13 11:00:00,5933.0,5938.0,5932.0,5936.0,10653.0,295326.0,297712.0
2025-02-13 13:00:00,5936.0,5939.0,5928.0,5935.0,13165.0,297712.0,299230.0
2025-02-13 14:00:00,5935.0,5936.0,5922.0,5923.0,22835.0,299230.0,298041.0
2025-02-13 21:00:00,5930.0,5963.0,5927.0,5960.0,77643.0,298041.0,308949.0
2025-02-13 22:00:00,5960.0,5969.0,5955.0,5969.0,28761.0,308949.0,309942.0
2025-02-14 09:00:00,5976.0,5995.0,5970.0,5987.0,61038.0,309942.0,317981.0
2025-02-14 10:00:00,5987.0,5993.0,5974.0,5985.0,23288.0,317981.0,317553.0
2025-02-14 11:00:00,5985.0,5994.0,5984.0,5984.0,12701.0,317553.0,320834.0
2025-02-14 13:00:00,5984.0,5995.0,5982.0,5994.0,13897.0,320834.0,323969.0
2025-02-14 14:00:00,5994.0,5996.0,5980.0,5981.0,35299.0,323969.0,325704.0
2025-02-14 21:00:00,5985.0,5989.0,5970.0,5976.0,36343.0,325704.0,327596.0
2025-02-14 22:00:00,5976.0,5987.0,5973.0,5979.0,22981.0,327596.0,327926.0
2025-02-17 09:00:00,5978.0,5998.0,5978.0,5995.0,38308.0,327926.0,333199.0
2025-02-17 10:00:00,5995.0,6005.0,5989.0,5998.0,26898.0,333199.0,339826.0
2025-02-17 11:00:00,5998.0,6001.0,5990.0,5991.0,11237.0,339826.0,341056.0
2025-02-17 13:00:00,5990.0,5994.0,5981.0,5985.0,16917.0,341056.0,341659.0
2025-02-17 14:00:00,5985.0,5995.0,5984.0,5988.0,24437.0,341659.0,342982.0
2025-02-17 21:00:00,5984.0,5987.0,5970.0,5976.0,41358.0,342982.0,344891.0
2025-02-17 22:00:00,5976.0,5979.0,5965.0,5974.0,24564.0,344891.0,343708.0
2025-02-18 09:00:00,5975.0,5988.0,5974.0,5981.0,21374.0,343708.0,346557.0
2025-02-18 10:00:00,5981.0,5993.0,5981.0,5992.0,14877.0,346557.0,350444.0
2025-02-18 11:00:00,5992.0,5994.0,5984.0,5986.0,10286.0,350444.0,351268.0
2025-02-18 13:00:00,5985.0,5991.0,5982.0,5989.0,8575.0,351268.0,351952.0
2025-02-18 14:00:00,5989.0,5990.0,5976.0,5978.0,23700.0,351952.0,353077.0
2025-02-18 21:00:00,5985.0,5991.0,5968.0,5975.0,36357.0,353077.0,356309.0
2025-02-18 22:00:00,5975.0,5981.0,5965.0,5968.0,23346.0,356309.0,355450.0
2025-02-19 09:00:00,5964.0,5992.0,5960.0,5988.0,40981.0,355450.0,360310.0
2025-02-19 10:00:00,5988.0,5993.0,5985.0,5992.0,15081.0,360310.0,362921.0
2025-02-19 11:00:00,5992.0,5999.0,5990.0,5994.0,17926.0,362921.0,367865.0
2025-02-19 13:00:00,5993.0,6013.0,5992.0,6002.0,44024.0,367865.0,376678.0
2025-02-19 14:00:00,6002.0,6003.0,5993.0,5995.0,25177.0,376678.0,375964.0
2025-02-19 21:00:00,6005.0,6009.0,5994.0,6001.0,34634.0,375964.0,379687.0
2025-02-19 22:00:00,6001.0,6012.0,5996.0,6008.0,20267.0,379687.0,380543.0
2025-02-20 09:00:00,6010.0,6016.0,5997.0,5998.0,25043.0,380543.0,381871.0
2025-02-20 10:00:00,5998.0,5998.0,5986.0,5993.0,22353.0,381871.0,381531.0
2025-02-20 11:00:00,5993.0,5995.0,5990.0,5991.0,6158.0,381531.0,381423.0
2025-02-20 13:00:00,5992.0,5999.0,5990.0,5992.0,8609.0,381423.0,381294.0
2025-02-20 14:00:00,5992.0,5999.0,5983.0,5985.0,23407.0,381294.0,381195.0
2025-02-20 21:00:00,5997.0,6018.0,5992.0,5997.0,51833.0,381195.0,384735.0
2025-02-20 22:00:00,5997.0,6017.0,5996.0,6016.0,26164.0,384735.0,386884.0
2025-02-21 09:00:00,6021.0,6044.0,6014.0,6017.0,71566.0,386884.0,391853.0
2025-02-21 10:00:00,6017.0,6022.0,6008.0,6011.0,15868.0,391853.0,390709.0
2025-02-21 11:00:00,6011.0,6015.0,6008.0,6009.0,7917.0,390709.0,390750.0
2025-02-21 13:00:00,6009.0,6009.0,5997.0,5997.0,15484.0,390750.0,390921.0
2025-02-21 14:00:00,5997.0,6005.0,5995.0,6004.0,23295.0,390921.0,389790.0
2025-02-21 21:00:00,6002.0,6010.0,5991.0,5999.0,32282.0,389790.0,391744.0
2025-02-21 22:00:00,5999.0,6016.0,5994.0,6013.0,19818.0,391744.0,390676.0
2025-02-24 09:00:00,6015.0,6017.0,5994.0,5998.0,27598.0,390676.0,391158.0
2025-02-24 10:00:00,5998.0,6011.0,5994.0,6003.0,13299.0,391158.0,390337.0
2025-02-24 11:00:00,6003.0,6009.0,5977.0,5983.0,25915.0,390337.0,389252.0
2025-02-24 13:00:00,5983.0,5986.0,5977.0,5984.0,12571.0,389252.0,389684.0
2025-02-24 14:00:00,5984.0,5992.0,5971.0,5977.0,32685.0,389684.0,387661.0
2025-02-24 21:00:00,5987.0,5988.0,5968.0,5981.0,41517.0,387661.0,387559.0
2025-02-24 22:00:00,5981.0,5992.0,5977.0,5980.0,23982.0,387559.0,386318.0
2025-02-25 09:00:00,5960.0,5964.0,5941.0,5962.0,61665.0,386318.0,380251.0
2025-02-25 10:00:00,5962.0,5965.0,5953.0,5963.0,13143.0,380251.0,378197.0
2025-02-25 11:00:00,5963.0,5975.0,5960.0,5972.0,13590.0,378197.0,379553.0
2025-02-25 13:00:00,5970.0,5975.0,5968.0,5974.0,9781.0,379553.0,380387.0
2025-02-25 14:00:00,5974.0,5977.0,5966.0,5971.0,19660.0,380387.0,379290.0
2025-02-25 21:00:00,5973.0,5988.0,5971.0,5984.0,45847.0,379290.0,382522.0
2025-02-25 22:00:00,5984.0,6000.0,5981.0,5983.0,45038.0,382522.0,382866.0
2025-02-26 09:00:00,5999.0,6020.0,5994.0,5995.0,61413.0,382866.0,383072.0
2025-02-26 10:00:00,5995.0,6001.0,5988.0,5990.0,16386.0,383072.0,382621.0
2025-02-26 11:00:00,5990.0,5994.0,5975.0,5982.0,18087.0,382621.0,379802.0
2025-02-26 13:00:00,5981.0,5987.0,5980.0,5986.0,10669.0,379802.0,378314.0
2025-02-26 14:00:00,5986.0,6007.0,5984.0,6002.0,33260.0,378314.0,377680.0
2025-02-26 21:00:00,5978.0,5988.0,5967.0,5984.0,51840.0,377680.0,376728.0
2025-02-26 22:00:00,5984.0,5993.0,5982.0,5989.0,20130.0,376728.0,376843.0
2025-02-27 09:00:00,5982.0,5982.0,5963.0,5966.0,39026.0,376843.0,376495.0
2025-02-27 10:00:00,5966.0,5983.0,5960.0,5974.0,22142.0,376495.0,374133.0
2025-02-27 11:00:00,5974.0,5980.0,5972.0,5979.0,6585.0,374133.0,373793.0
2025-02-27 13:00:00,5979.0,5989.0,5976.0,5987.0,10971.0,373793.0,373584.0
2025-02-27 14:00:00,5987.0,5999.0,5986.0,5998.0,28848.0,373584.0,376684.0
2025-02-27 21:00:00,5964.0,5971.0,5943.0,5945.0,86652.0,376684.0,375226.0
2025-02-27 22:00:00,5945.0,5947.0,5931.0,5941.0,56273.0,375226.0,368428.0
2025-02-28 09:00:00,5940.0,5941.0,5931.0,5933.0,30305.0,368428.0,366417.0
2025-02-28 10:00:00,5933.0,5943.0,5920.0,5924.0,29852.0,366417.0,362497.0
2025-02-28 11:00:00,5924.0,5931.0,5921.0,5931.0,13942.0,362497.0,359841.0
2025-02-28 13:00:00,5929.0,5929.0,5918.0,5922.0,19170.0,359841.0,357094.0
2025-02-28 14:00:00,5922.0,5932.0,5919.0,5931.0,30127.0,357094.0,351232.0
2025-02-28 21:00:00,5914.0,5924.0,5909.0,5912.0,48425.0,351232.0,354820.0
2025-02-28 22:00:00,5912.0,5922.0,5910.0,5913.0,22982.0,354820.0,352154.0
2025-03-03 09:00:00,5914.0,5947.0,5903.0,5941.0,61345.0,352154.0,348707.0
2025-03-03 10:00:00,5941.0,5946.0,5923.0,5927.0,29266.0,348707.0,345401.0
2025-03-03 11:00:00,5927.0,5927.0,5921.0,5924.0,9347.0,345401.0,344869.0
2025-03-03 13:00:00,5924.0,5928.0,5917.0,5922.0,10755.0,344869.0,343844.0
2025-03-03 14:00:00,5922.0,5935.0,5916.0,5932.0,22856.0,343844.0,341277.0
2025-03-03 21:00:00,5917.0,5939.0,5906.0,5932.0,47981.0,341277.0,343919.0
2025-03-03 22:00:00,5932.0,5937.0,5926.0,5932.0,17186.0,343919.0,342863.0
2025-03-04 09:00:00,5923.0,5930.0,5913.0,5922.0,27022.0,342863.0,341234.0
2025-03-04 10:00:00,5922.0,5924.0,5911.0,5919.0,16663.0,341234.0,340601.0
2025-03-04 11:00:00,5919.0,5920.0,5913.0,5915.0,5228.0,340601.0,339746.0
2025-03-04 13:00:00,5911.0,5931.0,5911.0,5920.0,16966.0,339746.0,338762.0
2025-03-04 14:00:00,5920.0,5925.0,5916.0,5919.0,17953.0,338762.0,335272.0
2025-03-04 21:00:00,5919.0,5926.0,5896.0,5898.0,70513.0,335272.0,332321.0
2025-03-04 22:00:00,5898.0,5901.0,5886.0,5887.0,42182.0,332321.0,327784.0
2025-03-05 09:00:00,5898.0,5917.0,5893.0,5899.0,45144.0,327784.0,323649.0
2025-03-05 10:00:00,5899.0,5903.0,5887.0,5889.0,20613.0,323649.0,321798.0
2025-03-05 11:00:00,5889.0,5901.0,5884.0,5898.0,15111.0,321798.0,318730.0
2025-03-05 13:00:00,5898.0,5901.0,5894.0,5898.0,10340.0,318730.0,316636.0
2025-03-05 14:00:00,5898.0,5905.0,5893.0,5901.0,24438.0,316636.0,314402.0
2025-03-05 21:00:00,5917.0,5924.0,5911.0,5918.0,55797.0,314402.0,316604.0
2025-03-05 22:00:00,5918.0,5918.0,5900.0,5905.0,26921.0,316604.0,315130.0
2025-03-06 09:00:00,5905.0,5924.0,5901.0,5924.0,37990.0,315130.0,319596.0
2025-03-06 10:00:00,5924.0,5929.0,5912.0,5914.0,23966.0,319596.0,317034.0
2025-03-06 11:00:00,5914.0,5918.0,5911.0,5916.0,6352.0,317034.0,316762.0
2025-03-06 13:00:00,5916.0,5919.0,5904.0,5905.0,14333.0,316762.0,316230.0
2025-03-06 14:00:00,5905.0,5916.0,5905.0,5915.0,20383.0,316230.0,314212.0
2025-03-06 21:00:00,5916.0,5924.0,5907.0,5916.0,40464.0,314212.0,317027.0
2025-03-06 22:00:00,5916.0,5917.0,5896.0,5909.0,41951.0,317027.0,316769.0
2025-03-07 09:00:00,5925.0,5935.0,5913.0,5925.0,43964.0,316769.0,318491.0
2025-03-07 10:00:00,5925.0,5939.0,5923.0,5935.0,29633.0,318491.0,324538.0
2025-03-07 11:00:00,5935.0,5938.0,5931.0,5933.0,8716.0,324538.0,325236.0
2025-03-07 13:00:00,5933.0,5934.0,5924.0,5925.0,10296.0,325236.0,323704.0
2025-03-07 14:00:00,5925.0,5926.0,5919.0,5920.0,24165.0,323704.0,320336.0
2025-03-07 21:00:00,5922.0,5924.0,5908.0,5918.0,33953.0,320336.0,318052.0
2025-03-07 22:00:00,5918.0,5936.0,5916.0,5936.0,23959.0,318052.0,318033.0
2025-03-10 09:00:00,5935.0,5965.0,5935.0,5948.0,61554.0,318033.0,320660.0
2025-03-10 10:00:00,5948.0,5948.0,5926.0,5927.0,26685.0,320660.0,317565.0
2025-03-10 11:00:00,5927.0,5929.0,5923.0,5924.0,10738.0,317565.0,317279.0
2025-03-10 13:00:00,5924.0,5930.0,5921.0,5928.0,11947.0,317279.0,317270.0
2025-03-10 14:00:00,5928.0,5934.0,5922.0,5931.0,19814.0,317270.0,315439.0
2025-03-10 21:00:00,5962.0,5993.0,5957.0,5984.0,102765.0,315439.0,327901.0
2025-03-10 22:00:00,5984.0,5984.0,5967.0,5972.0,32759.0,327901.0,324032.0
2025-03-11 09:00:00,5968.0,5976.0,5953.0,5960.0,35633.0,324032.0,323832.0
2025-03-11 10:00:00,5960.0,5969.0,5955.0,5969.0,14819.0,323832.0,323864.0
2025-03-11 11:00:00,5969.0,5974.0,5963.0,5963.0,11389.0,323864.0,325002.0
2025-03-11 13:00:00,5963.0,5970.0,5961.0,5968.0,10037.0,325002.0,325566.0
2025-03-11 14:00:00,5968.0,5972.0,5964.0,5967.0,19439.0,325566.0,324425.0
2025-03-11 21:00:00,5969.0,5974.0,5950.0,5955.0,48434.0,324425.0,324619.0
2025-03-11 22:00:00,5955.0,5955.0,5936.0,5943.0,31875.0,324619.0,319189.0
2025-03-12 09:00:00,5943.0,5956.0,5942.0,5951.0,20688.0,319189.0,317988.0
2025-03-12 10:00:00,5951.0,5959.0,5949.0,5958.0,11818.0,317988.0,318385.0
2025-03-12 11:00:00,5958.0,5960.0,5956.0,5958.0,6430.0,318385.0,318627.0
2025-03-12 13:00:00,5958.0,5970.0,5958.0,5967.0,18125.0,318627.0,320605.0
2025-03-12 14:00:00,5967.0,5969.0,5955.0,5955.0,19631.0,320605.0,319481.0
2025-03-12 21:00:00,5970.0,5984.0,5965.0,5979.0,48146.0,319481.0,325160.0
2025-03-12 22:00:00,5979.0,5988.0,5973.0,5987.0,28722.0,325160.0,327603.0
2025-03-13 09:00:00,5981.0,5981.0,5971.0,5975.0,26628.0,327603.0,327346.0
2025-03-13 10:00:00,5975.0,5995.0,5972.0,5988.0,22378.0,327346.0,329976.0
2025-03-13 11:00:00,5988.0,5991.0,5980.0,5981.0,9568.0,329976.0,329510.0
2025-03-13 13:00:00,5981.0,5994.0,5976.0,5990.0,17228.0,329510.0,331579.0
2025-03-13 14:00:00,5990.0,5998.0,5984.0,5991.0,35112.0,331579.0,329809.0
2025-03-13 21:00:00,6001.0,6030.0,5996.0,6028.0,94110.0,329809.0,349763.0
2025-03-13 22:00:00,6028.0,6029.0,6019.0,6027.0,30757.0,349763.0,347979.0
2025-03-14 09:00:00,6030.0,6050.0,6025.0,6036.0,65335.0,347979.0,354596.0
2025-03-14 10:00:00,6036.0,6040.0,6029.0,6034.0,15816.0,354596.0,354763.0
2025-03-14 11:00:00,6034.0,6036.0,6023.0,6027.0,12793.0,354763.0,355637.0
2025-03-14 13:00:00,6027.0,6032.0,6024.0,6029.0,11750.0,355637.0,355323.0
2025-03-14 14:00:00,6029.0,6035.0,6025.0,6030.0,26496.0,355323.0,354136.0
2025-03-14 21:00:00,6037.0,6041.0,6008.0,6012.0,62418.0,354136.0,355325.0
2025-03-14 22:00:00,6012.0,6021.0,6006.0,6014.0,33531.0,355325.0,352252.0
2025-03-17 09:00:00,6029.0,6033.0,6020.0,6029.0,34224.0,352252.0,353263.0
2025-03-17 10:00:00,6029.0,6029.0,6017.0,6021.0,13993.0,353263.0,352164.0
2025-03-17 11:00:00,6021.0,6024.0,6016.0,6018.0,7135.0,352164.0,351786.0
2025-03-17 13:00:00,6018.0,6018.0,6013.0,6014.0,9021.0,351786.0,350965.0
2025-03-17 14:00:00,6014.0,6022.0,6012.0,6016.0,24025.0,350965.0,346824.0
2025-03-17 21:00:00,6064.0,6088.0,6054.0,6079.0,124685.0,346824.0,373172.0
2025-03-17 22:00:00,6079.0,6092.0,6077.0,6078.0,43805.0,373172.0,375655.0
2025-03-18 09:00:00,6100.0,6100.0,6086.0,6093.0,48480.0,375655.0,380425.0
2025-03-18 10:00:00,6093.0,6103.0,6092.0,6100.0,35194.0,380425.0,382372.0
2025-03-18 11:00:00,6100.0,6106.0,6098.0,6100.0,16603.0,382372.0,383692.0
2025-03-18 13:00:00,6100.0,6111.0,6096.0,6109.0,25178.0,383692.0,389350.0
2025-03-18 14:00:00,6109.0,6118.0,6103.0,6111.0,50569.0,389350.0,391408.0
2025-03-18 21:00:00,6097.0,6116.0,6089.0,6110.0,71917.0,391408.0,393578.0
2025-03-18 22:00:00,6110.0,6126.0,6105.0,6125.0,41607.0,393578.0,394830.0
2025-03-19 09:00:00,6116.0,6135.0,6113.0,6119.0,50617.0,394830.0,397410.0
2025-03-19 10:00:00,6119.0,6120.0,6103.0,6111.0,29971.0,397410.0,394937.0
2025-03-19 11:00:00,6111.0,6112.0,6105.0,6108.0,9350.0,394937.0,394486.0
2025-03-19 13:00:00,6108.0,6118.0,6106.0,6116.0,19124.0,394486.0,391335.0
2025-03-19 14:00:00,6116.0,6121.0,6110.0,6113.0,33571.0,391335.0,386280.0
2025-03-19 21:00:00,6114.0,6118.0,6084.0,6090.0,65940.0,386280.0,386344.0
2025-03-19 22:00:00,6090.0,6093.0,6080.0,6091.0,34752.0,386344.0,383259.0
2025-03-20 09:00:00,6090.0,6099.0,6084.0,6095.0,27492.0,383259.0,383000.0
2025-03-20 10:00:00,6095.0,6105.0,6091.0,6102.0,21208.0,383000.0,383254.0
2025-03-20 11:00:00,6102.0,6113.0,6100.0,6110.0,13672.0,383254.0,382554.0
2025-03-20 13:00:00,6111.0,6112.0,6105.0,6106.0,13414.0,382554.0,382408.0
2025-03-20 14:00:00,6106.0,6107.0,6099.0,6105.0,28966.0,382408.0,378481.0
2025-03-20 21:00:00,6118.0,6155.0,6115.0,6145.0,104098.0,378481.0,392917.0
2025-03-20 22:00:00,6145.0,6166.0,6145.0,6155.0,70391.0,392917.0,396812.0
2025-03-21 09:00:00,6154.0,6154.0,6105.0,6108.0,83282.0,396812.0,382883.0
2025-03-21 10:00:00,6108.0,6109.0,6074.0,6088.0,61307.0,382883.0,375688.0
2025-03-21 11:00:00,6088.0,6095.0,6085.0,6091.0,16146.0,375688.0,372277.0
2025-03-21 13:00:00,6091.0,6091.0,6081.0,6085.0,15295.0,372277.0,369701.0
2025-03-21 14:00:00,6085.0,6086.0,6073.0,6078.0,34736.0,369701.0,364274.0
2025-03-21 21:00:00,6089.0,6094.0,6067.0,6075.0,74249.0,364274.0,366961.0
2025-03-21 22:00:00,6075.0,6080.0,6067.0,6080.0,25801.0,366961.0,363695.0
2025-03-24 09:00:00,6069.0,6069.0,6051.0,6062.0,46412.0,363695.0,357751.0
2025-03-24 10:00:00,6062.0,6077.0,6058.0,6069.0,21727.0,357751.0,357026.0
2025-03-24 11:00:00,6069.0,6075.0,6067.0,6067.0,10408.0,357026.0,356339.0
2025-03-24 13:00:00,6068.0,6079.0,6068.0,6078.0,14899.0,356339.0,356894.0
2025-03-24 14:00:00,6078.0,6079.0,6070.0,6073.0,22970.0,356894.0,354252.0
2025-03-24 21:00:00,6061.0,6066.0,6041.0,6050.0,67046.0,354252.0,346951.0
2025-03-24 22:00:00,6050.0,6055.0,6043.0,6055.0,22968.0,346951.0,344654.0
2025-03-25 09:00:00,6052.0,6052.0,6033.0,6050.0,36347.0,344654.0,343925.0
2025-03-25 10:00:00,6050.0,6053.0,6043.0,6052.0,12281.0,343925.0,343481.0
2025-03-25 11:00:00,6052.0,6054.0,6046.0,6048.0,8184.0,343481.0,343023.0
2025-03-25 13:00:00,6048.0,6058.0,6048.0,6054.0,11602.0,343023.0,342751.0
2025-03-25 14:00:00,6054.0,6059.0,6044.0,6055.0,25663.0,342751.0,339660.0
2025-03-25 21:00:00,6065.0,6096.0,6063.0,6093.0,79002.0,339660.0,343673.0
2025-03-25 22:00:00,6093.0,6104.0,6091.0,6095.0,38442.0,343673.0,342942.0
2025-03-26 09:00:00,6097.0,6101.0,6074.0,6076.0,33683.0,342942.0,338307.0
2025-03-26 10:00:00,6076.0,6084.0,6074.0,6080.0,22013.0,338307.0,336936.0
2025-03-26 11:00:00,6080.0,6091.0,6078.0,6087.0,12576.0,336936.0,335972.0
2025-03-26 13:00:00,6087.0,6095.0,6087.0,6088.0,12063.0,335972.0,336806.0
2025-03-26 14:00:00,6088.0,6106.0,6084.0,6098.0,34454.0,336806.0,335322.0
2025-03-26 21:00:00,6076.0,6087.0,6071.0,6084.0,44757.0,335322.0,336276.0
2025-03-26 22:00:00,6084.0,6096.0,6082.0,6095.0,22570.0,336276.0,335889.0
2025-03-27 09:00:00,6088.0,6093.0,6065.0,6069.0,43307.0,335889.0,330193.0
2025-03-27 10:00:00,6069.0,6071.0,6059.0,6064.0,31414.0,330193.0,325700.0
2025-03-27 11:00:00,6064.0,6070.0,6060.0,6064.0,13387.0,325700.0,324478.0
2025-03-27 13:00:00,6064.0,6065.0,6055.0,6055.0,16620.0,324478.0,322797.0
2025-03-27 14:00:00,6055.0,6078.0,6055.0,6067.0,34042.0,322797.0,318589.0
2025-03-27 21:00:00,6064.0,6065.0,6042.0,6057.0,60190.0,318589.0,319854.0
2025-03-27 22:00:00,6057.0,6062.0,6053.0,6060.0,16872.0,319854.0,318247.0
2025-03-28 09:00:00,6057.0,6070.0,6056.0,6057.0,29372.0,318247.0,315328.0
2025-03-28 10:00:00,6057.0,6057.0,6048.0,6053.0,20720.0,315328.0,312507.0
2025-03-28 11:00:00,6053.0,6073.0,6052.0,6065.0,18606.0,312507.0,311644.0
2025-03-28 13:00:00,6065.0,6078.0,6060.0,6077.0,17192.0,311644.0,314047.0
2025-03-28 14:00:00,6077.0,6085.0,6071.0,6079.0,28429.0,314047.0,313966.0
2025-03-28 21:00:00,6078.0,6091.0,6066.0,6078.0,53586.0,313966.0,317903.0
2025-03-28 22:00:00,6078.0,6091.0,6074.0,6089.0,28247.0,317903.0,317817.0
2025-03-31 09:00:00,6095.0,6130.0,6082.0,6088.0,87039.0,317817.0,324215.0
2025-03-31 10:00:00,6088.0,6092.0,6076.0,6076.0,23505.0,324215.0,321711.0
2025-03-31 11:00:00,6076.0,6086.0,6073.0,6083.0,15489.0,321711.0,318924.0
2025-03-31 13:00:00,6083.0,6088.0,6078.0,6086.0,11842.0,318924.0,318314.0
2025-03-31 14:00:00,6086.0,6087.0,6075.0,6075.0,23922.0,318314.0,314303.0
2025-03-31 21:00:00,6077.0,6124.0,6075.0,6122.0,82285.0,314303.0,319931.0
2025-03-31 22:00:00,6122.0,6149.0,6110.0,6132.0,82201.0,319931.0,323916.0
2025-04-01 09:00:00,6116.0,6116.0,6087.0,6105.0,59525.0,323916.0,314531.0
2025-04-01 10:00:00,6105.0,6124.0,6103.0,6113.0,27775.0,314531.0,314209.0
2025-04-01 11:00:00,6113.0,6121.0,6108.0,6110.0,12683.0,314209.0,313003.0
2025-04-01 13:00:00,6110.0,6125.0,6105.0,6120.0,15863.0,313003.0,313425.0
2025-04-01 14:00:00,6120.0,6135.0,6117.0,6129.0,30569.0,313425.0,313196.0
2025-04-01 21:00:00,6152.0,6158.0,6134.0,6146.0,60647.0,313196.0,317834.0
2025-04-01 22:00:00,6146.0,6156.0,6139.0,6143.0,29101.0,317834.0,315278.0
2025-04-02 09:00:00,6159.0,6198.0,6155.0,6189.0,78167.0,315278.0,326227.0
2025-04-02 10:00:00,6189.0,6190.0,6163.0,6170.0,32012.0,326227.0,319192.0
2025-04-02 11:00:00,6170.0,6172.0,6161.0,6170.0,15272.0,319192.0,316146.0
2025-04-02 13:00:00,6170.0,6171.0,6166.0,6168.0,10114.0,316146.0,315188.0
2025-04-02 14:00:00,6168.0,6172.0,6157.0,6161.0,28090.0,315188.0,309697.0
2025-04-02 21:00:00,6147.0,6179.0,6133.0,6175.0,53031.0,309697.0,311420.0
2025-04-02 22:00:00,6175.0,6185.0,6168.0,6177.0,35887.0,311420.0,308546.0
2025-04-03 09:00:00,6187.0,6190.0,6162.0,6177.0,37451.0,308546.0,308732.0
2025-04-03 10:00:00,6177.0,6194.0,6169.0,6177.0,31840.0,308732.0,308458.0
2025-04-03 11:00:00,6177.0,6178.0,6159.0,6162.0,20548.0,308458.0,306096.0
2025-04-03 13:00:00,6162.0,6182.0,6160.0,6182.0,16875.0,306096.0,306078.0
2025-04-03 14:00:00,6182.0,6189.0,6170.0,6189.0,37284.0,306078.0,302040.0
2025-04-07 09:00:00,6069.0,6119.0,6033.0,6096.0,138214.0,302040.0,272280.0
2025-04-07 10:00:00,6096.0,6120.0,6091.0,6107.0,25608.0,272280.0,269334.0
2025-04-07 11:00:00,6107.0,6109.0,6088.0,6091.0,17531.0,269334.0,267031.0
2025-04-07 13:00:00,6091.0,6091.0,6069.0,6084.0,34467.0,267031.0,260725.0
2025-04-07 14:00:00,6084.0,6104.0,6073.0,6087.0,35535.0,260725.0,253181.0
2025-04-07 21:00:00,6092.0,6102.0,6066.0,6090.0,60473.0,253181.0,251210.0
2025-04-07 22:00:00,6090.0,6120.0,6085.0,6094.0,49307.0,251210.0,245402.0
2025-04-08 09:00:00,6083.0,6083.0,6048.0,6054.0,68586.0,245402.0,239666.0
2025-04-08 10:00:00,6054.0,6059.0,6046.0,6050.0,22675.0,239666.0,237058.0
2025-04-08 11:00:00,6050.0,6054.0,6046.0,6047.0,10193.0,237058.0,234676.0
2025-04-08 13:00:00,6046.0,6058.0,6045.0,6052.0,18260.0,234676.0,230327.0
2025-04-08 14:00:00,6052.0,6060.0,6044.0,6048.0,35888.0,230327.0,223255.0
2025-04-08 21:00:00,6056.0,6070.0,6042.0,6050.0,53622.0,223255.0,218048.0
2025-04-08 22:00:00,6050.0,6055.0,6038.0,6043.0,25718.0,218048.0,215066.0
2025-04-09 09:00:00,6023.0,6023.0,5986.0,6005.0,97329.0,215066.0,193162.0
2025-04-09 10:00:00,6005.0,6018.0,6003.0,6018.0,20135.0,193162.0,190319.0
2025-04-09 11:00:00,6018.0,6022.0,6010.0,6018.0,10665.0,190319.0,188432.0
2025-04-09 13:00:00,6018.0,6018.0,6009.0,6010.0,10027.0,188432.0,186787.0
2025-04-09 14:00:00,6010.0,6016.0,6003.0,6006.0,28662.0,186787.0,178829.0
2025-04-09 21:00:00,5997.0,6011.0,5988.0,6000.0,41717.0,178829.0,173611.0
2025-04-09 22:00:00,6000.0,6004.0,5988.0,5992.0,18830.0,173611.0,171552.0
2025-04-10 09:00:00,5990.0,6065.0,5990.0,6059.0,64313.0,171552.0,171446.0
2025-04-10 10:00:00,6059.0,6077.0,6058.0,6064.0,23903.0,171446.0,167767.0
2025-04-10 11:00:00,6064.0,6067.0,6050.0,6055.0,9871.0,167767.0,165189.0
2025-04-10 13:00:00,6055.0,6068.0,6055.0,6061.0,12473.0,165189.0,161017.0
2025-04-10 14:00:00,6061.0,6089.0,6061.0,6082.0,21966.0,161017.0,159724.0
2025-04-10 21:00:00,6073.0,6076.0,6059.0,6060.0,31831.0,159724.0,156616.0
2025-04-10 22:00:00,6060.0,6075.0,6059.0,6070.0,13416.0,156616.0,154432.0
2025-04-11 09:00:00,6051.0,6061.0,6045.0,6057.0,18350.0,154432.0,152154.0
2025-04-11 10:00:00,6057.0,6070.0,6055.0,6070.0,9815.0,152154.0,151558.0
2025-04-11 11:00:00,6070.0,6075.0,6065.0,6075.0,6054.0,151558.0,150935.0
2025-04-11 13:00:00,6075.0,6088.0,6073.0,6086.0,12782.0,150935.0,152954.0
2025-04-11 14:00:00,6086.0,6094.0,6078.0,6086.0,24032.0,152954.0,145844.0
2025-04-11 21:00:00,5951.0,5956.0,5926.0,5927.0,36733.0,145844.0,274982.0
2025-04-11 22:00:00,5927.0,5929.0,5909.0,5913.0,33022.0,274982.0,272518.0
2025-04-14 09:00:00,5914.0,5934.0,5914.0,5921.0,30781.0,272518.0,275419.0
2025-04-14 10:00:00,5921.0,5926.0,5916.0,5923.0,10984.0,275419.0,276099.0
2025-04-14 11:00:00,5923.0,5928.0,5920.0,5925.0,4420.0,276099.0,276312.0
2025-04-14 13:00:00,5925.0,5930.0,5921.0,5921.0,7096.0,276312.0,276699.0
2025-04-14 14:00:00,5921.0,5934.0,5918.0,5918.0,19877.0,276699.0,277355.0
2025-04-14 21:00:00,5930.0,5942.0,5924.0,5928.0,40468.0,277355.0,283887.0
2025-04-14 22:00:00,5928.0,5930.0,5903.0,5904.0,44425.0,283887.0,288176.0
2025-04-15 09:00:00,5904.0,5908.0,5893.0,5902.0,34624.0,288176.0,289806.0
2025-04-15 10:00:00,5902.0,5909.0,5887.0,5889.0,21577.0,289806.0,289436.0
2025-04-15 11:00:00,5889.0,5900.0,5883.0,5898.0,12786.0,289436.0,288995.0
2025-04-15 13:00:00,5898.0,5900.0,5886.0,5897.0,11783.0,288995.0,289606.0
2025-04-15 14:00:00,5897.0,5903.0,5890.0,5896.0,20353.0,289606.0,289033.0
2025-04-15 21:00:00,5890.0,5895.0,5867.0,5871.0,67293.0,289033.0,294204.0
2025-04-15 22:00:00,5871.0,5875.0,5856.0,5874.0,43658.0,294204.0,293033.0
2025-04-16 09:00:00,5870.0,5885.0,5863.0,5880.0,31471.0,293033.0,294074.0
2025-04-16 10:00:00,5880.0,5882.0,5871.0,5876.0,12545.0,294074.0,294984.0
2025-04-16 11:00:00,5876.0,5877.0,5869.0,5870.0,11724.0,294984.0,295160.0
2025-04-16 13:00:00,5870.0,5873.0,5864.0,5870.0,13673.0,295160.0,295364.0
2025-04-16 14:00:00,5870.0,5887.0,5868.0,5884.0,31673.0,295364.0,295802.0
2025-04-16 21:00:00,5884.0,5910.0,5879.0,5905.0,65131.0,295802.0,299175.0
2025-04-16 22:00:00,5905.0,5917.0,5898.0,5913.0,33666.0,299175.0,298552.0
2025-04-17 09:00:00,5920.0,5927.0,5914.0,5917.0,38507.0,298552.0,299887.0
2025-04-17 10:00:00,5917.0,5923.0,5915.0,5923.0,10820.0,299887.0,299576.0
2025-04-17 11:00:00,5923.0,5942.0,5920.0,5942.0,22175.0,299576.0,301187.0
2025-04-17 13:00:00,5943.0,5946.0,5936.0,5944.0,21862.0,301187.0,302401.0
2025-04-17 14:00:00,5944.0,5945.0,5934.0,5936.0,33701.0,302401.0,303403.0
2025-04-17 21:00:00,5942.0,5965.0,5936.0,5953.0,69048.0,303403.0,310483.0
2025-04-17 22:00:00,5953.0,5956.0,5942.0,5950.0,27525.0,310483.0,310060.0
2025-04-18 09:00:00,5950.0,5962.0,5946.0,5954.0,30226.0,310060.0,312570.0
2025-04-18 10:00:00,5954.0,5959.0,5950.0,5954.0,12102.0,312570.0,313374.0
2025-04-18 11:00:00,5954.0,5959.0,5952.0,5954.0,8219.0,313374.0,313996.0
2025-04-18 13:00:00,5954.0,5958.0,5946.0,5956.0,16747.0,313996.0,315810.0
2025-04-18 14:00:00,5956.0,5959.0,5950.0,5952.0,22838.0,315810.0,315288.0
2025-04-18 21:00:00,5955.0,5976.0,5951.0,5973.0,57509.0,315288.0,318760.0
2025-04-18 22:00:00,5973.0,5975.0,5966.0,5971.0,18697.0,318760.0,317123.0
2025-04-21 09:00:00,5967.0,5999.0,5961.0,5997.0,64722.0,317123.0,323244.0
2025-04-21 10:00:00,5997.0,6024.0,5997.0,6016.0,63980.0,323244.0,334555.0
2025-04-21 11:00:00,6016.0,6018.0,6003.0,6012.0,22721.0,334555.0,333978.0
2025-04-21 13:00:00,6012.0,6012.0,6005.0,6006.0,11142.0,333978.0,334587.0
2025-04-21 14:00:00,6006.0,6010.0,6003.0,6005.0,27644.0,334587.0,332415.0
2025-04-21 21:00:00,6018.0,6019.0,5979.0,5983.0,74498.0,332415.0,335602.0
2025-04-21 22:00:00,5983.0,5985.0,5967.0,5975.0,42318.0,335602.0,333579.0
2025-04-22 09:00:00,5975.0,5991.0,5975.0,5986.0,31461.0,333579.0,336128.0
2025-04-22 10:00:00,5986.0,5987.0,5975.0,5985.0,18936.0,336128.0,336216.0
2025-04-22 11:00:00,5985.0,5990.0,5981.0,5983.0,11393.0,336216.0,335996.0
2025-04-22 13:00:00,5984.0,6000.0,5984.0,5995.0,23617.0,335996.0,337613.0
2025-04-22 14:00:00,5995.0,5999.0,5972.0,5978.0,41044.0,337613.0,334892.0
2025-04-22 21:00:00,5988.0,6005.0,5986.0,5994.0,56442.0,334892.0,340509.0
2025-04-22 22:00:00,5994.0,6009.0,5992.0,5993.0,36934.0,340509.0,341461.0
2025-04-23 09:00:00,5996.0,6008.0,5982.0,5988.0,44021.0,341461.0,345204.0
2025-04-23 10:00:00,5988.0,5990.0,5975.0,5988.0,27405.0,345204.0,345139.0
2025-04-23 11:00:00,5988.0,5991.0,5975.0,5976.0,13784.0,345139.0,344775.0
2025-04-23 13:00:00,5976.0,5987.0,5972.0,5984.0,10563.0,344775.0,344888.0
2025-04-23 14:00:00,5984.0,5988.0,5973.0,5986.0,26789.0,344888.0,343305.0
2025-04-23 21:00:00,5977.0,5979.0,5920.0,5928.0,128047.0,343305.0,336634.0
2025-04-23 22:00:00,5928.0,5938.0,5923.0,5937.0,32638.0,336634.0,331216.0
2025-04-24 09:00:00,5936.0,5956.0,5932.0,5950.0,45836.0,331216.0,331922.0
2025-04-24 10:00:00,5950.0,5954.0,5946.0,5950.0,14054.0,331922.0,331521.0
2025-04-24 11:00:00,5950.0,5951.0,5937.0,5944.0,15801.0,331521.0,330345.0
2025-04-24 13:00:00,5944.0,5945.0,5940.0,5942.0,7997.0,330345.0,329585.0
2025-04-24 14:00:00,5942.0,5948.0,5939.0,5945.0,21825.0,329585.0,328490.0
2025-04-24 21:00:00,5947.0,5961.0,5939.0,5950.0,62593.0,328490.0,328095.0
2025-04-24 22:00:00,5950.0,5956.0,5945.0,5948.0,22157.0,328095.0,326718.0
2025-04-25 09:00:00,5955.0,5974.0,5953.0,5963.0,42711.0,326718.0,328438.0
2025-04-25 10:00:00,5963.0,5974.0,5961.0,5974.0,15687.0,328438.0,329500.0
2025-04-25 11:00:00,5974.0,6009.0,5971.0,5993.0,56655.0,329500.0,336550.0
2025-04-25 13:00:00,5993.0,5995.0,5979.0,5983.0,23803.0,336550.0,336755.0
2025-04-25 14:00:00,5983.0,5984.0,5971.0,5974.0,35626.0,336755.0,332852.0
2025-04-25 21:00:00,5974.0,5976.0,5956.0,5964.0,43888.0,332852.0,334765.0
2025-04-25 22:00:00,5964.0,5979.0,5960.0,5962.0,33445.0,334765.0,334127.0
2025-04-28 09:00:00,5972.0,5995.0,5972.0,5983.0,49148.0,334127.0,339847.0
2025-04-28 10:00:00,5983.0,5990.0,5971.0,5975.0,21589.0,339847.0,341193.0
2025-04-28 11:00:00,5975.0,5980.0,5972.0,5976.0,10009.0,341193.0,340358.0
2025-04-28 13:00:00,5975.0,5978.0,5966.0,5971.0,15754.0,340358.0,338941.0
2025-04-28 14:00:00,5971.0,5985.0,5970.0,5977.0,23497.0,338941.0,338467.0
2025-04-28 21:00:00,5934.0,5935.0,5895.0,5917.0,114243.0,338467.0,330211.0
2025-04-28 22:00:00,5917.0,5928.0,5916.0,5922.0,30571.0,330211.0,326958.0
2025-04-29 09:00:00,5920.0,5921.0,5905.0,5911.0,33834.0,326958.0,326948.0
2025-04-29 10:00:00,5911.0,5924.0,5910.0,5922.0,14464.0,326948.0,325968.0
2025-04-29 11:00:00,5922.0,5927.0,5920.0,5924.0,10268.0,325968.0,325339.0
2025-04-29 13:00:00,5924.0,5943.0,5922.0,5938.0,22823.0,325339.0,325866.0
2025-04-29 14:00:00,5938.0,5939.0,5931.0,5936.0,24405.0,325866.0,322020.0
2025-04-29 21:00:00,5908.0,5918.0,5888.0,5892.0,77952.0,322020.0,321990.0
2025-04-29 22:00:00,5892.0,5894.0,5873.0,5878.0,53773.0,321990.0,323362.0
2025-04-30 09:00:00,5880.0,5885.0,5873.0,5880.0,32035.0,323362.0,319342.0
2025-04-30 10:00:00,5880.0,5886.0,5877.0,5879.0,14513.0,319342.0,318423.0
2025-04-30 11:00:00,5879.0,5881.0,5872.0,5874.0,10283.0,318423.0,317679.0
2025-04-30 13:00:00,5874.0,5884.0,5874.0,5884.0,16201.0,317679.0,314637.0
2025-04-30 14:00:00,5884.0,5898.0,5883.0,5887.0,37077.0,314637.0,306202.0
2025-05-06 09:00:00,5871.0,5907.0,5866.0,5890.0,52297.0,306202.0,308834.0
2025-05-06 10:00:00,5890.0,5899.0,5882.0,5886.0,16978.0,308834.0,307697.0
2025-05-06 11:00:00,5886.0,5888.0,5880.0,5882.0,8196.0,307697.0,307342.0
2025-05-06 13:00:00,5882.0,5888.0,5881.0,5887.0,9174.0,307342.0,306466.0
2025-05-06 14:00:00,5887.0,5899.0,5885.0,5890.0,21319.0,306466.0,305344.0
2025-05-06 21:00:00,5897.0,5912.0,5891.0,5893.0,54028.0,305344.0,311232.0
2025-05-06 22:00:00,5893.0,5896.0,5886.0,5892.0,26174.0,311232.0,311538.0
2025-05-07 09:00:00,5888.0,5900.0,5881.0,5882.0,34985.0,311538.0,312402.0
2025-05-07 10:00:00,5882.0,5883.0,5873.0,5877.0,19211.0,312402.0,314664.0
2025-05-07 11:00:00,5877.0,5880.0,5874.0,5879.0,6598.0,314664.0,315024.0
2025-05-07 13:00:00,5879.0,5883.0,5877.0,5880.0,6249.0,315024.0,314700.0
2025-05-07 14:00:00,5880.0,5887.0,5863.0,5868.0,31981.0,314700.0,316561.0
2025-05-07 21:00:00,5845.0,5849.0,5814.0,5828.0,91124.0,316561.0,326540.0
2025-05-07 22:00:00,5828.0,5833.0,5824.0,5825.0,18120.0,326540.0,323155.0
2025-05-08 09:00:00,5825.0,5829.0,5818.0,5821.0,29352.0,323155.0,324604.0
2025-05-08 10:00:00,5821.0,5831.0,5820.0,5829.0,15562.0,324604.0,323400.0
2025-05-08 11:00:00,5829.0,5832.0,5821.0,5822.0,9884.0,323400.0,323248.0
2025-05-08 13:00:00,5822.0,5823.0,5808.0,5818.0,27046.0,323248.0,326111.0
2025-05-08 14:00:00,5818.0,5820.0,5809.0,5813.0,23731.0,326111.0,327000.0
2025-05-08 21:00:00,5835.0,5845.0,5827.0,5841.0,59963.0,327000.0,328082.0
2025-05-08 22:00:00,5841.0,5846.0,5836.0,5836.0,17975.0,328082.0,325319.0
2025-05-09 09:00:00,5844.0,5854.0,5840.0,5841.0,24922.0,325319.0,322594.0
2025-05-09 10:00:00,5841.0,5843.0,5837.0,5837.0,9017.0,322594.0,322002.0
2025-05-09 11:00:00,5837.0,5842.0,5835.0,5841.0,8015.0,322002.0,320789.0
2025-05-09 13:00:00,5841.0,5849.0,5841.0,5843.0,11312.0,320789.0,319298.0
2025-05-09 14:00:00,5843.0,5845.0,5838.0,5839.0,15712.0,319298.0,317090.0
2025-05-09 21:00:00,5866.0,5875.0,5850.0,5855.0,46525.0,317090.0,318443.0
2025-05-09 22:00:00,5855.0,5855.0,5844.0,5845.0,21753.0,318443.0,315504.0
2025-05-12 09:00:00,5845.0,5879.0,5845.0,5858.0,48869.0,315504.0,315014.0
2025-05-12 10:00:00,5858.0,5876.0,5857.0,5875.0,17353.0,315014.0,315800.0
2025-05-12 11:00:00,5875.0,5879.0,5872.0,5874.0,8219.0,315800.0,315085.0
2025-05-12 13:00:00,5874.0,5878.0,5869.0,5876.0,10446.0,315085.0,313087.0
2025-05-12 14:00:00,5876.0,5893.0,5876.0,5885.0,36504.0,313087.0,308154.0
2025-05-12 21:00:00,5879.0,5895.0,5873.0,5889.0,39004.0,308154.0,308272.0
2025-05-12 22:00:00,5889.0,5892.0,5877.0,5882.0,21445.0,308272.0,306569.0
2025-05-13 09:00:00,5865.0,5877.0,5862.0,5868.0,26495.0,306569.0,305641.0
2025-05-13 10:00:00,5868.0,5868.0,5853.0,5857.0,20528.0,305641.0,306267.0
2025-05-13 11:00:00,5857.0,5861.0,5856.0,5859.0,6840.0,306267.0,306668.0
2025-05-13 13:00:00,5859.0,5861.0,5840.0,5845.0,20976.0,306668.0,308249.0
2025-05-13 14:00:00,5845.0,5858.0,5840.0,5853.0,25567.0,308249.0,309043.0
2025-05-13 21:00:00,5882.0,5908.0,5881.0,5901.0,71101.0,309043.0,310127.0
2025-05-13 22:00:00,5901.0,5906.0,5891.0,5893.0,32426.0,310127.0,305092.0
2025-05-14 09:00:00,5898.0,5926.0,5896.0,5922.0,48224.0,305092.0,300296.0
2025-05-14 10:00:00,5922.0,5924.0,5915.0,5919.0,19389.0,300296.0,300366.0
2025-05-14 11:00:00,5919.0,5921.0,5910.0,5913.0,13819.0,300366.0,300868.0
2025-05-14 13:00:00,5913.0,5916.0,5909.0,5914.0,10238.0,300868.0,300668.0
2025-05-14 14:00:00,5914.0,5914.0,5904.0,5906.0,21125.0,300668.0,299001.0
2025-05-14 21:00:00,5892.0,5894.0,5884.0,5886.0,41368.0,299001.0,300689.0
2025-05-14 22:00:00,5886.0,5891.0,5883.0,5888.0,19336.0,300689.0,299351.0
2025-05-15 09:00:00,5882.0,5885.0,5864.0,5878.0,39678.0,299351.0,299000.0
2025-05-15 10:00:00,5878.0,5886.0,5875.0,5877.0,15383.0,299000.0,299734.0
2025-05-15 11:00:00,5877.0,5884.0,5874.0,5883.0,7797.0,299734.0,300402.0
2025-05-15 13:00:00,5883.0,5883.0,5877.0,5883.0,7768.0,300402.0,300866.0
2025-05-15 14:00:00,5883.0,5893.0,5881.0,5886.0,24384.0,300866.0,301138.0
2025-05-15 21:00:00,5868.0,5874.0,5855.0,5856.0,52628.0,301138.0,301934.0
2025-05-15 22:00:00,5856.0,5858.0,5848.0,5856.0,28937.0,301934.0,301058.0
2025-05-16 09:00:00,5857.0,5864.0,5856.0,5859.0,16856.0,301058.0,300588.0
2025-05-16 10:00:00,5859.0,5859.0,5851.0,5852.0,11458.0,300588.0,301435.0
2025-05-16 11:00:00,5852.0,5855.0,5850.0,5854.0,6665.0,301435.0,302395.0
2025-05-16 13:00:00,5853.0,5857.0,5850.0,5853.0,6976.0,302395.0,302598.0
2025-05-16 14:00:00,5853.0,5861.0,5853.0,5855.0,18861.0,302598.0,301174.0
2025-05-16 21:00:00,5852.0,5872.0,5843.0,5856.0,44253.0,301174.0,300401.0
2025-05-16 22:00:00,5856.0,5860.0,5836.0,5841.0,28484.0,300401.0,301844.0
2025-05-19 09:00:00,5846.0,5871.0,5846.0,5865.0,37798.0,301844.0,302556.0
2025-05-19 10:00:00,5865.0,5866.0,5858.0,5864.0,10103.0,302556.0,301531.0
2025-05-19 11:00:00,5864.0,5865.0,5853.0,5855.0,9289.0,301531.0,300600.0
2025-05-19 13:00:00,5855.0,5860.0,5853.0,5857.0,6932.0,300600.0,300313.0
2025-05-19 14:00:00,5857.0,5861.0,5851.0,5853.0,15123.0,300313.0,299940.0
2025-05-19 21:00:00,5862.0,5878.0,5856.0,5871.0,42143.0,299940.0,302665.0
2025-05-19 22:00:00,5871.0,5873.0,5864.0,5865.0,16339.0,302665.0,301493.0
2025-05-20 09:00:00,5860.0,5860.0,5844.0,5857.0,29233.0,301493.0,300952.0
2025-05-20 10:00:00,5857.0,5860.0,5853.0,5856.0,8510.0,300952.0,301092.0
2025-05-20 11:00:00,5856.0,5860.0,5854.0,5857.0,3899.0,301092.0,301216.0
2025-05-20 13:00:00,5857.0,5861.0,5849.0,5853.0,10145.0,301216.0,301638.0
2025-05-20 14:00:00,5853.0,5853.0,5844.0,5849.0,19412.0,301638.0,299729.0
2025-05-20 21:00:00,5848.0,5852.0,5838.0,5847.0,35990.0,299729.0,302943.0
2025-05-20 22:00:00,5847.0,5855.0,5840.0,5840.0,21449.0,302943.0,301563.0
2025-05-21 09:00:00,5840.0,5851.0,5836.0,5844.0,25119.0,301563.0,300418.0
2025-05-21 10:00:00,5844.0,5861.0,5841.0,5854.0,22917.0,300418.0,298364.0
2025-05-21 11:00:00,5854.0,5863.0,5854.0,5859.0,12324.0,298364.0,298514.0
2025-05-21 13:00:00,5859.0,5868.0,5859.0,5861.0,9587.0,298514.0,297765.0
2025-05-21 14:00:00,5861.0,5863.0,5857.0,5863.0,12310.0,297765.0,296306.0
2025-05-21 21:00:00,5865.0,5868.0,5855.0,5863.0,26333.0,296306.0,295168.0
2025-05-21 22:00:00,5863.0,5882.0,5863.0,5873.0,34028.0,295168.0,294131.0
2025-05-22 09:00:00,5875.0,5880.0,5869.0,5877.0,23679.0,294131.0,295675.0
2025-05-22 10:00:00,5877.0,5883.0,5876.0,5878.0,12270.0,295675.0,296065.0
2025-05-22 11:00:00,5878.0,5879.0,5873.0,5875.0,7088.0,296065.0,296099.0
2025-05-22 13:00:00,5875.0,5875.0,5865.0,5865.0,15471.0,296099.0,294772.0
2025-05-22 14:00:00,5865.0,5866.0,5854.0,5855.0,23115.0,294772.0,292351.0
2025-05-22 21:00:00,5836.0,5848.0,5828.0,5828.0,62956.0,292351.0,295423.0
2025-05-22 22:00:00,5828.0,5843.0,5826.0,5835.0,23658.0,295423.0,294540.0
2025-05-23 09:00:00,5836.0,5841.0,5832.0,5838.0,18502.0,294540.0,293858.0
2025-05-23 10:00:00,5838.0,5842.0,5828.0,5828.0,15786.0,293858.0,295185.0
2025-05-23 11:00:00,5828.0,5841.0,5828.0,5837.0,9775.0,295185.0,295031.0
2025-05-23 13:00:00,5837.0,5842.0,5836.0,5838.0,8033.0,295031.0,294338.0
2025-05-23 14:00:00,5838.0,5839.0,5830.0,5833.0,16568.0,294338.0,293675.0
2025-05-23 21:00:00,5822.0,5828.0,5811.0,5825.0,45371.0,293675.0,301719.0
2025-05-23 22:00:00,5825.0,5830.0,5821.0,5826.0,14079.0,301719.0,301025.0
2025-05-26 09:00:00,5826.0,5839.0,5823.0,5834.0,24083.0,301025.0,302857.0
2025-05-26 10:00:00,5834.0,5837.0,5828.0,5829.0,9952.0,302857.0,301705.0
2025-05-26 11:00:00,5829.0,5831.0,5822.0,5829.0,8070.0,301705.0,302102.0
2025-05-26 13:00:00,5829.0,5831.0,5822.0,5824.0,7913.0,302102.0,302280.0
2025-05-26 14:00:00,5824.0,5836.0,5820.0,5835.0,18239.0,302280.0,302080.0
2025-05-26 21:00:00,5826.0,5832.0,5809.0,5823.0,40989.0,302080.0,304773.0
2025-05-26 22:00:00,5823.0,5823.0,5807.0,5809.0,24309.0,304773.0,305559.0
2025-05-27 09:00:00,5810.0,5820.0,5809.0,5820.0,18658.0,305559.0,305623.0
2025-05-27 10:00:00,5820.0,5841.0,5817.0,5837.0,26825.0,305623.0,307475.0
2025-05-27 11:00:00,5837.0,5842.0,5834.0,5839.0,14684.0,307475.0,307224.0
2025-05-27 13:00:00,5839.0,5845.0,5839.0,5840.0,18262.0,307224.0,307690.0
2025-05-27 14:00:00,5840.0,5844.0,5838.0,5841.0,18284.0,307690.0,304757.0
2025-05-27 21:00:00,5840.0,5844.0,5808.0,5811.0,52857.0,304757.0,304961.0
2025-05-27 22:00:00,5811.0,5811.0,5801.0,5805.0,40675.0,304961.0,307314.0
2025-05-28 09:00:00,5815.0,5818.0,5808.0,5813.0,22455.0,307314.0,306985.0
2025-05-28 10:00:00,5813.0,5817.0,5807.0,5815.0,9420.0,306985.0,306961.0
2025-05-28 11:00:00,5815.0,5815.0,5802.0,5803.0,10907.0,306961.0,307549.0
2025-05-28 13:00:00,5803.0,5806.0,5792.0,5796.0,29783.0,307549.0,310080.0
2025-05-28 14:00:00,5796.0,5801.0,5793.0,5795.0,28829.0,310080.0,308545.0
2025-05-28 21:00:00,5790.0,5795.0,5780.0,5792.0,38297.0,308545.0,313168.0
2025-05-28 22:00:00,5792.0,5798.0,5781.0,5786.0,22587.0,313168.0,310708.0
2025-05-29 09:00:00,5784.0,5790.0,5776.0,5786.0,30790.0,310708.0,311846.0
2025-05-29 10:00:00,5786.0,5790.0,5772.0,5773.0,20062.0,311846.0,312029.0
2025-05-29 11:00:00,5773.0,5780.0,5770.0,5775.0,11393.0,312029.0,311754.0
2025-05-29 13:00:00,5775.0,5783.0,5775.0,5780.0,9508.0,311754.0,310571.0
2025-05-29 14:00:00,5780.0,5784.0,5775.0,5783.0,18405.0,310571.0,308960.0
2025-05-29 21:00:00,5777.0,5780.0,5760.0,5772.0,65301.0,308960.0,321990.0
2025-05-29 22:00:00,5772.0,5777.0,5766.0,5771.0,20617.0,321990.0,321406.0
2025-05-30 09:00:00,5773.0,5774.0,5765.0,5766.0,17315.0,321406.0,322012.0
2025-05-30 10:00:00,5766.0,5773.0,5761.0,5773.0,12326.0,322012.0,321438.0
2025-05-30 11:00:00,5773.0,5777.0,5768.0,5768.0,9138.0,321438.0,320072.0
2025-05-30 13:00:00,5768.0,5772.0,5767.0,5769.0,4379.0,320072.0,319745.0
2025-05-30 14:00:00,5769.0,5773.0,5762.0,5763.0,21217.0,319745.0,316394.0
2025-06-03 09:00:00,5752.0,5756.0,5733.0,5756.0,48017.0,316394.0,323245.0
2025-06-03 10:00:00,5756.0,5758.0,5749.0,5757.0,9627.0,323245.0,323170.0
2025-06-03 11:00:00,5757.0,5758.0,5751.0,5755.0,5761.0,323170.0,322957.0
2025-06-03 13:00:00,5755.0,5757.0,5735.0,5736.0,18309.0,322957.0,325105.0
2025-06-03 14:00:00,5736.0,5736.0,5726.0,5732.0,32772.0,325105.0,330034.0
2025-06-03 21:00:00,5738.0,5740.0,5712.0,5720.0,44403.0,330034.0,332880.0
2025-06-03 22:00:00,5720.0,5725.0,5715.0,5718.0,18633.0,332880.0,333035.0
2025-06-04 09:00:00,5731.0,5735.0,5722.0,5733.0,31626.0,333035.0,335046.0
2025-06-04 10:00:00,5733.0,5736.0,5729.0,5732.0,9898.0,335046.0,335666.0
2025-06-04 11:00:00,5732.0,5748.0,5732.0,5743.0,13762.0,335666.0,335794.0
2025-06-04 13:00:00,5743.0,5749.0,5740.0,5748.0,13384.0,335794.0,337854.0
2025-06-04 14:00:00,5748.0,5754.0,5743.0,5748.0,25666.0,337854.0,335901.0
2025-06-04 21:00:00,5744.0,5753.0,5735.0,5747.0,31581.0,335901.0,335244.0
2025-06-04 22:00:00,5747.0,5749.0,5738.0,5739.0,24207.0,335244.0,333517.0
2025-06-05 09:00:00,5735.0,5735.0,5724.0,5728.0,26883.0,333517.0,334888.0
2025-06-05 10:00:00,5728.0,5734.0,5722.0,5723.0,12967.0,334888.0,335520.0
2025-06-05 11:00:00,5723.0,5729.0,5722.0,5725.0,6768.0,335520.0,335803.0
2025-06-05 13:00:00,5725.0,5728.0,5721.0,5725.0,8166.0,335803.0,336333.0
2025-06-05 14:00:00,5725.0,5735.0,5724.0,5730.0,21207.0,336333.0,336624.0
2025-06-05 21:00:00,5718.0,5723.0,5688.0,5712.0,82504.0,336624.0,343824.0
2025-06-05 22:00:00,5712.0,5725.0,5711.0,5721.0,29274.0,343824.0,342575.0
2025-06-06 09:00:00,5718.0,5739.0,5714.0,5732.0,32264.0,342575.0,341014.0
2025-06-06 10:00:00,5732.0,5740.0,5731.0,5738.0,11826.0,341014.0,341834.0
2025-06-06 11:00:00,5738.0,5741.0,5727.0,5727.0,10862.0,341834.0,341056.0
2025-06-06 13:00:00,5727.0,5728.0,5717.0,5719.0,15838.0,341056.0,342878.0
2025-06-06 14:00:00,5719.0,5737.0,5717.0,5735.0,19732.0,342878.0,342408.0
2025-06-06 21:00:00,5717.0,5745.0,5715.0,5740.0,44461.0,342408.0,342984.0
2025-06-06 22:00:00,5740.0,5741.0,5724.0,5725.0,22036.0,342984.0,341549.0
2025-06-09 09:00:00,5739.0,5744.0,5732.0,5737.0,20006.0,341549.0,341141.0
2025-06-09 10:00:00,5737.0,5744.0,5720.0,5726.0,24827.0,341141.0,343400.0
2025-06-09 11:00:00,5726.0,5728.0,5720.0,5722.0,7622.0,343400.0,343630.0
2025-06-09 13:00:00,5721.0,5736.0,5720.0,5734.0,10294.0,343630.0,343118.0
2025-06-09 14:00:00,5734.0,5737.0,5729.0,5734.0,15110.0,343118.0,341231.0
2025-06-09 21:00:00,5738.0,5740.0,5716.0,5716.0,34052.0,341231.0,341355.0
2025-06-09 22:00:00,5716.0,5722.0,5709.0,5719.0,22512.0,341355.0,341656.0
2025-06-10 09:00:00,5728.0,5733.0,5721.0,5725.0,22376.0,341656.0,342143.0
2025-06-10 10:00:00,5725.0,5737.0,5723.0,5735.0,15909.0,342143.0,341421.0
2025-06-10 11:00:00,5735.0,5735.0,5722.0,5723.0,11473.0,341421.0,342324.0
2025-06-10 13:00:00,5723.0,5723.0,5714.0,5718.0,15751.0,342324.0,343552.0
2025-06-10 14:00:00,5718.0,5723.0,5715.0,5717.0,15964.0,343552.0,342526.0
2025-06-10 21:00:00,5729.0,5734.0,5720.0,5727.0,32021.0,342526.0,342978.0
2025-06-10 22:00:00,5727.0,5734.0,5719.0,5721.0,19343.0,342978.0,341554.0
2025-06-11 09:00:00,5714.0,5714.0,5681.0,5685.0,64112.0,341554.0,348566.0
2025-06-11 10:00:00,5685.0,5686.0,5665.0,5667.0,34876.0,348566.0,355422.0
2025-06-11 11:00:00,5667.0,5673.0,5664.0,5672.0,18351.0,355422.0,357603.0
2025-06-11 13:00:00,5672.0,5673.0,5669.0,5670.0,10780.0,357603.0,359557.0
2025-06-11 14:00:00,5670.0,5675.0,5667.0,5668.0,22592.0,359557.0,358131.0
2025-06-11 21:00:00,5674.0,5677.0,5662.0,5670.0,39021.0,358131.0,362682.0
2025-06-11 22:00:00,5670.0,5674.0,5666.0,5671.0,17393.0,362682.0,361108.0
2025-06-12 09:00:00,5672.0,5672.0,5659.0,5665.0,22099.0,361108.0,362429.0
2025-06-12 10:00:00,5665.0,5665.0,5657.0,5660.0,13839.0,362429.0,363420.0
2025-06-12 11:00:00,5660.0,5660.0,5652.0,5658.0,10424.0,363420.0,364386.0
2025-06-12 13:00:00,5658.0,5664.0,5652.0,5653.0,12306.0,364386.0,364993.0
2025-06-12 14:00:00,5653.0,5657.0,5644.0,5647.0,27272.0,364993.0,367580.0
2025-06-12 21:00:00,5637.0,5640.0,5609.0,5618.0,72852.0,367580.0,377338.0
2025-06-12 22:00:00,5618.0,5637.0,5613.0,5633.0,32388.0,377338.0,372514.0
2025-06-13 09:00:00,5636.0,5663.0,5636.0,5639.0,46425.0,372514.0,370341.0
2025-06-13 10:00:00,5639.0,5678.0,5637.0,5669.0,38298.0,370341.0,368924.0
2025-06-13 11:00:00,5669.0,5672.0,5661.0,5670.0,13244.0,368924.0,369668.0
2025-06-13 13:00:00,5669.0,5669.0,5661.0,5661.0,11923.0,369668.0,369022.0
2025-06-13 14:00:00,5661.0,5668.0,5658.0,5664.0,20646.0,369022.0,368226.0
2025-06-13 21:00:00,5654.0,5665.0,5645.0,5654.0,42742.0,368226.0,369808.0
2025-06-13 22:00:00,5654.0,5660.0,5646.0,5652.0,21692.0,369808.0,369235.0
2025-06-16 09:00:00,5638.0,5648.0,5612.0,5647.0,47837.0,369235.0,370932.0
2025-06-16 10:00:00,5647.0,5670.0,5647.0,5668.0,27097.0,370932.0,370408.0
2025-06-16 11:00:00,5668.0,5672.0,5663.0,5670.0,9688.0,370408.0,369881.0
2025-06-16 13:00:00,5671.0,5673.0,5664.0,5667.0,11111.0,369881.0,371105.0
2025-06-16 14:00:00,5667.0,5674.0,5665.0,5667.0,17852.0,371105.0,370572.0
2025-06-16 21:00:00,5650.0,5659.0,5636.0,5653.0,59967.0,370572.0,370479.0
2025-06-16 22:00:00,5653.0,5667.0,5648.0,5664.0,31882.0,370479.0,371023.0
2025-06-17 09:00:00,5698.0,5715.0,5684.0,5688.0,63123.0,371023.0,369957.0
2025-06-17 10:00:00,5688.0,5690.0,5675.0,5682.0,21186.0,369957.0,370126.0
2025-06-17 11:00:00,5682.0,5684.0,5677.0,5683.0,6574.0,370126.0,370671.0
2025-06-17 13:00:00,5683.0,5687.0,5680.0,5685.0,7426.0,370671.0,371214.0
2025-06-17 14:00:00,5685.0,5692.0,5680.0,5691.0,20630.0,371214.0,369234.0
2025-06-17 21:00:00,5655.0,5668.0,5645.0,5667.0,68069.0,369234.0,374324.0
2025-06-17 22:00:00,5667.0,5674.0,5662.0,5668.0,28089.0,374324.0,373306.0
2025-06-18 09:00:00,5670.0,5685.0,5663.0,5675.0,33504.0,373306.0,373891.0
2025-06-18 10:00:00,5675.0,5689.0,5675.0,5688.0,19717.0,373891.0,373109.0
2025-06-18 11:00:00,5688.0,5692.0,5685.0,5685.0,9181.0,373109.0,372987.0
2025-06-18 13:00:00,5684.0,5685.0,5676.0,5684.0,13357.0,372987.0,373282.0
2025-06-18 14:00:00,5684.0,5685.0,5678.0,5679.0,19054.0,373282.0,371817.0
2025-06-18 21:00:00,5663.0,5681.0,5658.0,5678.0,54964.0,371817.0,378463.0
2025-06-18 22:00:00,5678.0,5679.0,5655.0,5662.0,49746.0,378463.0,382441.0
2025-06-19 09:00:00,5662.0,5673.0,5660.0,5663.0,26356.0,382441.0,382411.0
2025-06-19 10:00:00,5663.0,5665.0,5655.0,5655.0,15493.0,382411.0,384652.0
2025-06-19 11:00:00,5655.0,5655.0,5643.0,5645.0,21803.0,384652.0,387581.0
2025-06-19 13:00:00,5645.0,5652.0,5644.0,5650.0,13201.0,387581.0,388319.0
2025-06-19 14:00:00,5650.0,5659.0,5647.0,5658.0,26484.0,388319.0,384680.0
2025-06-19 21:00:00,5661.0,5670.0,5650.0,5656.0,41494.0,384680.0,387512.0
2025-06-19 22:00:00,5656.0,5675.0,5654.0,5670.0,35094.0,387512.0,384838.0
2025-06-20 09:00:00,5671.0,5710.0,5671.0,5698.0,78321.0,384838.0,382656.0
2025-06-20 10:00:00,5698.0,5706.0,5691.0,5691.0,18336.0,382656.0,381576.0
2025-06-20 11:00:00,5691.0,5705.0,5687.0,5704.0,14735.0,381576.0,379873.0
2025-06-20 13:00:00,5704.0,5715.0,5703.0,5709.0,33196.0,379873.0,378502.0
2025-06-20 14:00:00,5709.0,5732.0,5709.0,5720.0,64202.0,378502.0,368972.0
2025-06-20 21:00:00,5719.0,5743.0,5718.0,5735.0,71386.0,368972.0,362761.0
2025-06-20 22:00:00,5735.0,5736.0,5723.0,5725.0,30543.0,362761.0,356599.0
2025-06-23 09:00:00,5730.0,5735.0,5708.0,5719.0,39076.0,356599.0,355091.0
2025-06-23 10:00:00,5719.0,5723.0,5713.0,5723.0,14939.0,355091.0,354594.0
2025-06-23 11:00:00,5723.0,5723.0,5718.0,5718.0,8605.0,354594.0,354481.0
2025-06-23 13:00:00,5719.0,5719.0,5711.0,5716.0,9486.0,354481.0,354443.0
2025-06-23 14:00:00,5716.0,5722.0,5713.0,5721.0,18022.0,354443.0,353799.0
2025-06-23 21:00:00,5724.0,5736.0,5717.0,5733.0,48530.0,353799.0,355205.0
2025-06-23 22:00:00,5733.0,5735.0,5726.0,5732.0,18900.0,355205.0,352954.0
2025-06-24 09:00:00,5718.0,5722.0,5705.0,5717.0,34515.0,352954.0,350728.0
2025-06-24 10:00:00,5717.0,5719.0,5711.0,5717.0,8501.0,350728.0,350230.0
2025-06-24 11:00:00,5717.0,5717.0,5704.0,5705.0,14179.0,350230.0,349883.0
2025-06-24 13:00:00,5705.0,5705.0,5693.0,5702.0,24062.0,349883.0,351235.0
2025-06-24 14:00:00,5702.0,5716.0,5701.0,5710.0,23198.0,351235.0,349073.0
2025-06-24 21:00:00,5698.0,5711.0,5686.0,5711.0,53730.0,349073.0,350675.0
2025-06-24 22:00:00,5711.0,5715.0,5706.0,5713.0,20616.0,350675.0,349701.0
2025-06-25 09:00:00,5707.0,5730.0,5704.0,5726.0,33794.0,349701.0,351704.0
2025-06-25 10:00:00,5726.0,5742.0,5725.0,5739.0,26506.0,351704.0,352253.0
2025-06-25 11:00:00,5739.0,5754.0,5739.0,5748.0,34948.0,352253.0,350274.0
2025-06-25 13:00:00,5748.0,5748.0,5738.0,5746.0,22557.0,350274.0,345961.0
2025-06-25 14:00:00,5746.0,5757.0,5743.0,5757.0,33425.0,345961.0,342761.0
2025-06-25 21:00:00,5761.0,5776.0,5759.0,5768.0,65389.0,342761.0,341598.0
2025-06-25 22:00:00,5768.0,5774.0,5765.0,5771.0,22154.0,341598.0,340208.0
2025-06-26 09:00:00,5770.0,5783.0,5769.0,5780.0,38188.0,340208.0,340346.0
2025-06-26 10:00:00,5780.0,5789.0,5777.0,5786.0,20331.0,340346.0,338099.0
2025-06-26 11:00:00,5786.0,5792.0,5782.0,5788.0,17402.0,338099.0,335329.0
2025-06-26 13:00:00,5789.0,5795.0,5781.0,5792.0,24429.0,335329.0,333386.0
2025-06-26 14:00:00,5792.0,5796.0,5786.0,5790.0,31112.0,333386.0,326870.0
2025-06-26 21:00:00,5768.0,5782.0,5760.0,5780.0,63496.0,326870.0,324583.0
2025-06-26 22:00:00,5780.0,5795.0,5779.0,5791.0,33938.0,324583.0,325197.0
2025-06-27 09:00:00,5782.0,5805.0,5780.0,5789.0,48187.0,325197.0,323986.0
2025-06-27 10:00:00,5789.0,5802.0,5788.0,5798.0,20628.0,323986.0,323690.0
2025-06-27 11:00:00,5798.0,5800.0,5791.0,5792.0,10716.0,323690.0,320997.0
2025-06-27 13:00:00,5793.0,5795.0,5788.0,5793.0,12042.0,320997.0,319405.0
2025-06-27 14:00:00,5793.0,5800.0,5791.0,5792.0,24855.0,319405.0,315131.0
2025-06-27 21:00:00,5804.0,5815.0,5785.0,5788.0,61589.0,315131.0,317330.0
2025-06-27 22:00:00,5788.0,5795.0,5786.0,5794.0,19525.0,317330.0,316306.0
2025-06-30 09:00:00,5794.0,5805.0,5793.0,5803.0,31497.0,316306.0,317580.0
2025-06-30 10:00:00,5803.0,5806.0,5794.0,5800.0,17022.0,317580.0,315960.0
2025-06-30 11:00:00,5800.0,5808.0,5800.0,5804.0,10203.0,315960.0,315361.0
2025-06-30 13:00:00,5805.0,5815.0,5804.0,5815.0,20242.0,315361.0,315979.0
2025-06-30 14:00:00,5815.0,5816.0,5805.0,5807.0,28780.0,315979.0,312362.0
2025-06-30 21:00:00,5773.0,5793.0,5766.0,5792.0,65152.0,312362.0,315699.0
2025-06-30 22:00:00,5792.0,5795.0,5788.0,5789.0,17885.0,315699.0,314532.0
2025-07-01 09:00:00,5781.0,5789.0,5776.0,5787.0,29538.0,314532.0,313731.0
2025-07-01 10:00:00,5787.0,5793.0,5786.0,5790.0,12336.0,313731.0,313582.0
2025-07-01 11:00:00,5790.0,5791.0,5779.0,5779.0,10810.0,313582.0,313432.0
2025-07-01 13:00:00,5779.0,5782.0,5763.0,5774.0,28632.0,313432.0,311949.0
2025-07-01 14:00:00,5774.0,5776.0,5765.0,5775.0,26008.0,311949.0,309811.0
2025-07-01 21:00:00,5745.0,5746.0,5705.0,5715.0,111627.0,309811.0,311936.0
2025-07-01 22:00:00,5715.0,5723.0,5710.0,5716.0,29789.0,311936.0,309856.0
2025-07-02 09:00:00,5716.0,5737.0,5713.0,5736.0,34809.0,309856.0,307769.0
2025-07-02 10:00:00,5736.0,5755.0,5736.0,5755.0,32312.0,307769.0,303316.0
2025-07-02 11:00:00,5755.0,5764.0,5749.0,5761.0,28077.0,303316.0,301512.0
2025-07-02 13:00:00,5762.0,5770.0,5759.0,5768.0,17585.0,301512.0,300796.0
2025-07-02 14:00:00,5768.0,5772.0,5764.0,5766.0,29823.0,300796.0,302138.0
2025-07-02 21:00:00,5756.0,5770.0,5749.0,5756.0,53984.0,302138.0,304846.0
2025-07-02 22:00:00,5756.0,5762.0,5752.0,5758.0,18615.0,304846.0,303378.0
2025-07-03 09:00:00,5763.0,5778.0,5755.0,5776.0,29762.0,303378.0,304789.0
2025-07-03 10:00:00,5776.0,5778.0,5767.0,5770.0,15323.0,304789.0,305203.0
2025-07-03 11:00:00,5770.0,5772.0,5763.0,5763.0,8018.0,305203.0,304756.0
2025-07-03 13:00:00,5763.0,5766.0,5761.0,5762.0,6811.0,304756.0,304433.0
2025-07-03 14:00:00,5762.0,5769.0,5761.0,5767.0,15464.0,304433.0,304239.0
2025-07-03 21:00:00,5793.0,5810.0,5792.0,5795.0,74829.0,304239.0,304976.0
2025-07-03 22:00:00,5795.0,5798.0,5792.0,5794.0,22185.0,304976.0,302919.0
2025-07-04 09:00:00,5794.0,5804.0,5782.0,5784.0,34184.0,302919.0,302662.0
2025-07-04 10:00:00,5784.0,5787.0,5775.0,5776.0,18734.0,302662.0,303357.0
2025-07-04 11:00:00,5776.0,5782.0,5774.0,5774.0,10254.0,303357.0,303885.0
2025-07-04 13:00:00,5774.0,5780.0,5771.0,5773.0,10420.0,303885.0,303567.0
2025-07-04 14:00:00,5773.0,5777.0,5766.0,5769.0,32158.0,303567.0,301911.0
2025-07-04 21:00:00,5760.0,5785.0,5759.0,5766.0,41381.0,301911.0,300436.0
2025-07-04 22:00:00,5766.0,5772.0,5756.0,5771.0,20727.0,300436.0,298434.0
2025-07-07 09:00:00,5770.0,5771.0,5743.0,5747.0,35638.0,298434.0,299156.0
2025-07-07 10:00:00,5747.0,5748.0,5736.0,5742.0,16069.0,299156.0,298478.0
2025-07-07 11:00:00,5742.0,5745.0,5739.0,5744.0,6639.0,298478.0,297947.0
2025-07-07 13:00:00,5744.0,5756.0,5744.0,5754.0,10968.0,297947.0,298045.0
2025-07-07 14:00:00,5754.0,5760.0,5752.0,5754.0,17282.0,298045.0,296064.0
2025-07-07 21:00:00,5764.0,5766.0,5749.0,5750.0,34196.0,296064.0,296519.0
2025-07-07 22:00:00,5750.0,5751.0,5742.0,5747.0,19432.0,296519.0,295820.0
2025-07-08 09:00:00,5750.0,5750.0,5733.0,5737.0,23469.0,295820.0,296429.0
2025-07-08 10:00:00,5737.0,5738.0,5728.0,5729.0,15529.0,296429.0,297434.0
2025-07-08 11:00:00,5729.0,5740.0,5726.0,5738.0,14847.0,297434.0,297645.0
2025-07-08 13:00:00,5738.0,5744.0,5737.0,5742.0,9455.0,297645.0,296942.0
2025-07-08 14:00:00,5742.0,5750.0,5737.0,5747.0,20121.0,296942.0,294918.0
2025-07-08 21:00:00,5749.0,5760.0,5747.0,5756.0,37019.0,294918.0,293897.0
2025-07-08 22:00:00,5756.0,5765.0,5752.0,5764.0,21449.0,293897.0,292200.0
2025-07-09 09:00:00,5755.0,5762.0,5750.0,5761.0,21493.0,292200.0,290748.0
2025-07-09 10:00:00,5761.0,5765.0,5758.0,5761.0,8635.0,290748.0,290528.0
2025-07-09 11:00:00,5761.0,5775.0,5757.0,5772.0,15127.0,290528.0,289827.0
2025-07-09 13:00:00,5772.0,5780.0,5771.0,5779.0,17023.0,289827.0,289946.0
2025-07-09 14:00:00,5779.0,5783.0,5773.0,5779.0,20985.0,289946.0,287246.0
2025-07-09 21:00:00,5795.0,5798.0,5786.0,5792.0,37466.0,287246.0,290378.0
2025-07-09 22:00:00,5792.0,5799.0,5790.0,5791.0,18886.0,290378.0,289402.0
2025-07-10 09:00:00,5790.0,5805.0,5789.0,5805.0,26088.0,289402.0,292020.0
2025-07-10 10:00:00,5805.0,5812.0,5796.0,5800.0,25314.0,292020.0,294578.0
2025-07-10 11:00:00,5800.0,5806.0,5800.0,5801.0,6639.0,294578.0,295479.0
2025-07-10 13:00:00,5801.0,5808.0,5799.0,5804.0,11094.0,295479.0,295871.0
2025-07-10 14:00:00,5804.0,5815.0,5803.0,5805.0,38416.0,295871.0,298087.0
2025-07-10 21:00:00,5801.0,5815.0,5796.0,5801.0,49295.0,298087.0,304232.0
2025-07-10 22:00:00,5801.0,5806.0,5796.0,5805.0,14564.0,304232.0,304988.0
2025-07-11 09:00:00,5800.0,5811.0,5789.0,5810.0,29292.0,304988.0,309000.0
2025-07-11 10:00:00,5810.0,5820.0,5806.0,5815.0,39249.0,309000.0,311463.0
2025-07-11 11:00:00,5815.0,5820.0,5807.0,5816.0,15326.0,311463.0,311187.0
2025-07-11 13:00:00,5816.0,5820.0,5813.0,5814.0,10479.0,311187.0,312378.0
2025-07-11 14:00:00,5814.0,5815.0,5804.0,5810.0,21931.0,312378.0,309968.0
2025-07-11 21:00:00,5804.0,5833.0,5801.0,5824.0,65235.0,309968.0,318175.0
2025-07-11 22:00:00,5824.0,5826.0,5813.0,5820.0,26789.0,318175.0,316560.0
2025-07-14 09:00:00,5829.0,5832.0,5822.0,5828.0,22877.0,316560.0,320725.0
2025-07-14 10:00:00,5828.0,5837.0,5827.0,5834.0,18487.0,320725.0,324683.0
2025-07-14 11:00:00,5834.0,5837.0,5830.0,5832.0,9088.0,324683.0,326031.0
2025-07-14 13:00:00,5832.0,5835.0,5830.0,5831.0,7993.0,326031.0,327842.0
2025-07-14 14:00:00,5831.0,5832.0,5815.0,5817.0,25482.0,327842.0,327396.0
2025-07-14 21:00:00,5811.0,5818.0,5797.0,5805.0,40410.0,327396.0,326025.0
2025-07-14 22:00:00,5805.0,5805.0,5795.0,5798.0,19675.0,326025.0,324026.0
2025-07-15 09:00:00,5788.0,5814.0,5780.0,5810.0,34082.0,324026.0,322263.0
2025-07-15 10:00:00,5810.0,5814.0,5809.0,5811.0,9004.0,322263.0,322120.0
2025-07-15 11:00:00,5811.0,5813.0,5795.0,5805.0,12952.0,322120.0,320928.0
2025-07-15 13:00:00,5804.0,5807.0,5800.0,5803.0,7566.0,320928.0,320303.0
2025-07-15 14:00:00,5803.0,5806.0,5794.0,5802.0,19527.0,320303.0,317114.0
2025-07-15 21:00:00,5808.0,5820.0,5801.0,5807.0,31983.0,317114.0,316794.0
2025-07-15 22:00:00,5807.0,5810.0,5801.0,5810.0,12094.0,316794.0,315327.0
2025-07-16 09:00:00,5813.0,5825.0,5798.0,5799.0,33539.0,315327.0,316474.0
2025-07-16 10:00:00,5799.0,5799.0,5792.0,5793.0,14163.0,316474.0,315767.0
2025-07-16 11:00:00,5793.0,5801.0,5792.0,5800.0,7154.0,315767.0,315081.0
2025-07-16 13:00:00,5800.0,5801.0,5792.0,5794.0,7452.0,315081.0,314563.0
2025-07-16 14:00:00,5794.0,5810.0,5786.0,5808.0,34569.0,314563.0,312832.0
2025-07-16 21:00:00,5802.0,5802.0,5784.0,5795.0,36374.0,312832.0,315081.0
2025-07-16 22:00:00,5795.0,5805.0,5789.0,5801.0,17976.0,315081.0,313144.0
2025-07-17 09:00:00,5806.0,5831.0,5806.0,5827.0,57111.0,313144.0,319054.0
2025-07-17 10:00:00,5827.0,5833.0,5822.0,5831.0,19268.0,319054.0,322246.0
2025-07-17 11:00:00,5831.0,5832.0,5828.0,5830.0,6525.0,322246.0,323363.0
2025-07-17 13:00:00,5829.0,5830.0,5819.0,5822.0,16543.0,323363.0,323450.0
2025-07-17 14:00:00,5822.0,5829.0,5819.0,5828.0,17767.0,323450.0,321770.0
2025-07-17 21:00:00,5840.0,5845.0,5825.0,5826.0,44576.0,321770.0,325553.0
2025-07-17 22:00:00,5826.0,5830.0,5822.0,5825.0,21528.0,325553.0,325877.0
2025-07-18 09:00:00,5825.0,5838.0,5822.0,5823.0,26779.0,325877.0,327152.0
2025-07-18 10:00:00,5823.0,5830.0,5808.0,5828.0,32234.0,327152.0,327869.0
2025-07-18 11:00:00,5828.0,5829.0,5822.0,5822.0,9032.0,327869.0,329096.0
2025-07-18 13:00:00,5823.0,5826.0,5819.0,5825.0,7663.0,329096.0,329644.0
2025-07-18 14:00:00,5825.0,5830.0,5824.0,5826.0,19283.0,329644.0,329559.0
2025-07-18 21:00:00,5835.0,5846.0,5833.0,5837.0,42078.0,329559.0,332696.0
2025-07-18 22:00:00,5837.0,5850.0,5836.0,5846.0,23903.0,332696.0,333313.0
2025-07-21 09:00:00,5832.0,5845.0,5823.0,5837.0,38458.0,333313.0,332711.0
2025-07-21 10:00:00,5837.0,5849.0,5834.0,5849.0,14791.0,332711.0,334796.0
2025-07-21 11:00:00,5849.0,5853.0,5844.0,5849.0,14381.0,334796.0,337691.0
2025-07-21 13:00:00,5849.0,5854.0,5839.0,5840.0,19082.0,337691.0,337637.0
2025-07-21 14:00:00,5840.0,5842.0,5827.0,5839.0,33208.0,337637.0,336657.0
2025-07-21 21:00:00,5830.0,5846.0,5825.0,5828.0,43688.0,336657.0,338456.0
2025-07-21 22:00:00,5828.0,5833.0,5827.0,5831.0,14785.0,338456.0,338105.0
2025-07-22 09:00:00,5829.0,5836.0,5814.0,5821.0,31723.0,338105.0,335969.0
2025-07-22 10:00:00,5821.0,5825.0,5811.0,5824.0,19915.0,335969.0,335403.0
2025-07-22 11:00:00,5824.0,5826.0,5815.0,5816.0,10236.0,335403.0,335830.0
2025-07-22 13:00:00,5817.0,5827.0,5815.0,5818.0,14938.0,335830.0,335647.0
2025-07-22 14:00:00,5818.0,5828.0,5814.0,5823.0,26684.0,335647.0,334160.0
2025-07-22 21:00:00,5810.0,5833.0,5805.0,5833.0,46319.0,334160.0,335706.0
2025-07-22 22:00:00,5833.0,5834.0,5814.0,5819.0,25250.0,335706.0,334840.0
2025-07-23 09:00:00,5828.0,5844.0,5826.0,5836.0,42076.0,334840.0,333359.0
2025-07-23 10:00:00,5836.0,5840.0,5816.0,5821.0,27250.0,333359.0,330990.0
2025-07-23 11:00:00,5821.0,5832.0,5818.0,5832.0,9138.0,330990.0,331609.0
2025-07-23 13:00:00,5832.0,5835.0,5825.0,5825.0,8080.0,331609.0,332025.0
2025-07-23 14:00:00,5825.0,5836.0,5822.0,5834.0,24455.0,332025.0,331990.0
2025-07-23 21:00:00,5832.0,5845.0,5820.0,5845.0,36724.0,331990.0,333308.0
2025-07-23 22:00:00,5845.0,5884.0,5844.0,5858.0,97276.0,333308.0,343063.0
2025-07-24 09:00:00,5862.0,5865.0,5834.0,5840.0,36812.0,343063.0,340753.0
2025-07-24 10:00:00,5840.0,5842.0,5826.0,5836.0,19006.0,340753.0,339010.0
2025-07-24 11:00:00,5836.0,5846.0,5834.0,5842.0,9947.0,339010.0,338560.0
2025-07-24 13:00:00,5842.0,5855.0,5842.0,5854.0,14252.0,338560.0,339654.0
2025-07-24 14:00:00,5854.0,5870.0,5854.0,5866.0,34478.0,339654.0,342009.0
2025-07-24 21:00:00,5877.0,5884.0,5866.0,5877.0,49999.0,342009.0,343464.0
2025-07-24 22:00:00,5877.0,5887.0,5873.0,5883.0,24716.0,343464.0,346521.0
2025-07-25 09:00:00,5883.0,5887.0,5874.0,5884.0,27529.0,346521.0,348469.0
2025-07-25 10:00:00,5884.0,5885.0,5875.0,5878.0,14745.0,348469.0,348711.0
2025-07-25 11:00:00,5878.0,5879.0,5863.0,5874.0,19365.0,348711.0,348601.0
2025-07-25 13:00:00,5874.0,5877.0,5864.0,5866.0,16632.0,348601.0,349301.0
2025-07-25 14:00:00,5866.0,5879.0,5864.0,5876.0,25300.0,349301.0,343704.0
2025-07-25 21:00:00,5871.0,5893.0,5856.0,5875.0,59167.0,343704.0,344417.0
2025-07-25 22:00:00,5875.0,5880.0,5862.0,5863.0,23864.0,344417.0,342361.0
2025-07-28 09:00:00,5859.0,5859.0,5839.0,5842.0,52937.0,342361.0,338866.0
2025-07-28 10:00:00,5842.0,5848.0,5838.0,5843.0,22468.0,338866.0,335924.0
2025-07-28 11:00:00,5843.0,5851.0,5840.0,5843.0,14097.0,335924.0,332540.0
2025-07-28 13:00:00,5843.0,5848.0,5841.0,5845.0,9933.0,332540.0,330932.0
2025-07-28 14:00:00,5845.0,5848.0,5838.0,5845.0,26471.0,330932.0,324831.0
2025-07-28 21:00:00,5847.0,5859.0,5840.0,5858.0,37827.0,324831.0,327129.0
2025-07-28 22:00:00,5858.0,5870.0,5858.0,5867.0,27222.0,327129.0,328331.0
2025-07-29 09:00:00,5862.0,5866.0,5850.0,5860.0,28186.0,328331.0,324781.0
2025-07-29 10:00:00,5860.0,5862.0,5850.0,5859.0,21130.0,324781.0,319493.0
2025-07-29 11:00:00,5859.0,5860.0,5853.0,5855.0,11510.0,319493.0,315857.0
2025-07-29 13:00:00,5855.0,5863.0,5855.0,5861.0,9089.0,315857.0,314312.0
2025-07-29 14:00:00,5861.0,5868.0,5855.0,5867.0,24642.0,314312.0,310650.0
2025-07-29 21:00:00,5858.0,5865.0,5852.0,5858.0,28452.0,310650.0,309513.0
2025-07-29 22:00:00,5858.0,5878.0,5857.0,5868.0,28602.0,309513.0,308144.0
2025-07-30 09:00:00,5860.0,5873.0,5859.0,5860.0,18727.0,308144.0,306839.0
2025-07-30 10:00:00,5860.0,5864.0,5854.0,5856.0,21088.0,306839.0,303102.0
2025-07-30 11:00:00,5856.0,5857.0,5848.0,5849.0,13789.0,303102.0,300984.0
2025-07-30 13:00:00,5849.0,5849.0,5822.0,5823.0,45902.0,300984.0,293191.0
2025-07-30 14:00:00,5823.0,5823.0,5800.0,5804.0,77605.0,293191.0,277092.0
2025-07-30 21:00:00,5799.0,5822.0,5794.0,5818.0,44071.0,277092.0,274834.0
2025-07-30 22:00:00,5818.0,5820.0,5809.0,5812.0,16468.0,274834.0,273103.0
2025-07-31 09:00:00,5805.0,5812.0,5794.0,5795.0,30157.0,273103.0,269139.0
2025-07-31 10:00:00,5795.0,5795.0,5785.0,5793.0,24653.0,269139.0,263036.0
2025-07-31 11:00:00,5793.0,5793.0,5786.0,5789.0,6830.0,263036.0,261534.0
2025-07-31 13:00:00,5789.0,5792.0,5785.0,5787.0,9011.0,261534.0,259257.0
2025-07-31 14:00:00,5787.0,5796.0,5785.0,5793.0,18403.0,259257.0,255082.0
2025-07-31 21:00:00,5784.0,5793.0,5772.0,5793.0,44477.0,255082.0,251011.0
2025-07-31 22:00:00,5793.0,5794.0,5781.0,5784.0,21015.0,251011.0,247692.0
2025-08-01 09:00:00,5779.0,5781.0,5767.0,5769.0,23575.0,247692.0,245381.0
2025-08-01 10:00:00,5769.0,5769.0,5752.0,5753.0,22882.0,245381.0,241782.0
2025-08-01 11:00:00,5753.0,5754.0,5741.0,5744.0,19701.0,241782.0,238064.0
2025-08-01 13:00:00,5744.0,5744.0,5736.0,5740.0,18391.0,238064.0,236873.0
2025-08-01 14:00:00,5740.0,5744.0,5731.0,5733.0,33554.0,236873.0,231065.0
2025-08-01 21:00:00,5731.0,5735.0,5724.0,5726.0,34843.0,231065.0,229834.0
2025-08-01 22:00:00,5726.0,5727.0,5718.0,5723.0,15299.0,229834.0,228435.0
2025-08-04 09:00:00,5725.0,5727.0,5719.0,5725.0,24180.0,228435.0,226008.0
2025-08-04 10:00:00,5725.0,5726.0,5714.0,5721.0,20141.0,226008.0,220511.0
2025-08-04 11:00:00,5721.0,5723.0,5716.0,5717.0,11057.0,220511.0,216540.0
2025-08-04 13:00:00,5717.0,5721.0,5712.0,5712.0,15670.0,216540.0,212549.0
2025-08-04 14:00:00,5712.0,5721.0,5709.0,5718.0,27716.0,212549.0,205423.0
2025-08-04 21:00:00,5726.0,5730.0,5715.0,5715.0,37512.0,205423.0,198863.0
2025-08-04 22:00:00,5715.0,5717.0,5703.0,5709.0,24592.0,198863.0,196570.0
2025-08-05 09:00:00,5703.0,5709.0,5697.0,5704.0,20384.0,196570.0,192645.0
2025-08-05 10:00:00,5704.0,5708.0,5698.0,5699.0,12261.0,192645.0,189608.0
2025-08-05 11:00:00,5699.0,5699.0,5692.0,5694.0,10228.0,189608.0,187872.0
2025-08-05 13:00:00,5694.0,5707.0,5694.0,5694.0,13700.0,187872.0,186634.0
2025-08-05 14:00:00,5694.0,5701.0,5691.0,5697.0,18786.0,186634.0,185059.0
2025-08-05 21:00:00,5682.0,5700.0,5675.0,5699.0,37281.0,185059.0,183585.0
2025-08-05 22:00:00,5699.0,5702.0,5694.0,5698.0,10863.0,183585.0,182219.0
2025-08-06 09:00:00,5691.0,5701.0,5689.0,5693.0,18795.0,182219.0,177753.0
2025-08-06 10:00:00,5693.0,5693.0,5679.0,5681.0,13539.0,177753.0,177390.0
2025-08-06 11:00:00,5681.0,5685.0,5678.0,5682.0,6428.0,177390.0,176627.0
2025-08-06 13:00:00,5681.0,5692.0,5680.0,5687.0,10566.0,176627.0,175184.0
2025-08-06 14:00:00,5687.0,5688.0,5682.0,5683.0,14200.0,175184.0,172519.0
2025-08-06 21:00:00,5680.0,5697.0,5677.0,5693.0,27395.0,172519.0,171456.0
2025-08-06 22:00:00,5693.0,5694.0,5683.0,5685.0,10526.0,171456.0,169920.0
2025-08-07 09:00:00,5683.0,5687.0,5672.0,5673.0,20003.0,169920.0,166888.0
2025-08-07 10:00:00,5673.0,5674.0,5660.0,5661.0,18744.0,166888.0,166435.0
2025-08-07 11:00:00,5661.0,5666.0,5659.0,5664.0,8041.0,166435.0,165953.0
2025-08-07 13:00:00,5665.0,5665.0,5657.0,5661.0,7015.0,165953.0,165263.0
2025-08-07 14:00:00,5661.0,5668.0,5659.0,5667.0,16067.0,165263.0,161306.0
2025-08-07 21:00:00,5600.0,5603.0,5584.0,5589.0,51500.0,161306.0,291050.0
2025-08-07 22:00:00,5589.0,5593.0,5572.0,5575.0,25306.0,291050.0,294771.0
2025-08-08 09:00:00,5574.0,5577.0,5554.0,5557.0,36544.0,294771.0,296774.0
2025-08-08 10:00:00,5557.0,5572.0,5554.0,5570.0,21702.0,296774.0,297453.0
2025-08-08 11:00:00,5570.0,5578.0,5563.0,5575.0,15496.0,297453.0,296894.0
2025-08-08 13:00:00,5575.0,5578.0,5564.0,5569.0,13891.0,296894.0,297741.0
2025-08-08 14:00:00,5569.0,5576.0,5567.0,5573.0,25539.0,297741.0,300976.0
2025-08-08 21:00:00,5581.0,5587.0,5576.0,5583.0,29691.0,300976.0,305953.0
2025-08-08 22:00:00,5583.0,5587.0,5575.0,5577.0,13503.0,305953.0,306221.0
2025-08-11 09:00:00,5578.0,5587.0,5569.0,5574.0,20450.0,306221.0,306824.0
2025-08-11 10:00:00,5574.0,5576.0,5564.0,5565.0,15227.0,306824.0,307222.0
2025-08-11 11:00:00,5565.0,5567.0,5561.0,5562.0,8933.0,307222.0,307877.0
2025-08-11 13:00:00,5562.0,5573.0,5561.0,5573.0,12349.0,307877.0,306270.0
2025-08-11 14:00:00,5573.0,5574.0,5564.0,5573.0,19509.0,306270.0,307158.0
2025-08-11 21:00:00,5580.0,5589.0,5575.0,5584.0,35950.0,307158.0,310175.0
2025-08-11 22:00:00,5584.0,5588.0,5579.0,5580.0,11963.0,310175.0,309081.0
2025-08-12 09:00:00,5585.0,5594.0,5573.0,5583.0,26692.0,309081.0,309624.0
2025-08-12 10:00:00,5583.0,5583.0,5574.0,5577.0,11871.0,309624.0,309771.0
2025-08-12 11:00:00,5577.0,5586.0,5576.0,5583.0,10206.0,309771.0,310729.0
2025-08-12 13:00:00,5584.0,5605.0,5584.0,5601.0,26435.0,310729.0,309016.0
2025-08-12 14:00:00,5601.0,5612.0,5600.0,5608.0,34591.0,309016.0,306587.0
2025-08-12 21:00:00,5620.0,5629.0,5617.0,5627.0,55468.0,306587.0,308433.0
2025-08-12 22:00:00,5627.0,5649.0,5626.0,5640.0,48099.0,308433.0,313094.0
2025-08-13 09:00:00,5642.0,5668.0,5642.0,5662.0,54393.0,313094.0,315677.0
2025-08-13 10:00:00,5662.0,5666.0,5655.0,5658.0,21884.0,315677.0,315782.0
2025-08-13 11:00:00,5658.0,5662.0,5655.0,5657.0,11023.0,315782.0,314979.0
2025-08-13 13:00:00,5657.0,5660.0,5654.0,5658.0,15090.0,314979.0,313065.0
2025-08-13 14:00:00,5658.0,5661.0,5652.0,5657.0,32605.0,313065.0,310322.0
2025-08-13 21:00:00,5655.0,5661.0,5650.0,5655.0,39729.0,310322.0,315010.0
2025-08-13 22:00:00,5655.0,5666.0,5653.0,5664.0,28116.0,315010.0,318338.0
2025-08-14 09:00:00,5656.0,5663.0,5653.0,5662.0,25275.0,318338.0,320359.0
2025-08-14 10:00:00,5662.0,5672.0,5660.0,5667.0,27320.0,320359.0,321905.0
2025-08-14 11:00:00,5667.0,5669.0,5653.0,5654.0,13318.0,321905.0,320408.0
2025-08-14 13:00:00,5654.0,5663.0,5647.0,5662.0,19286.0,320408.0,318628.0
2025-08-14 14:00:00,5662.0,5665.0,5656.0,5659.0,23008.0,318628.0,319449.0
2025-08-14 21:00:00,5644.0,5654.0,5634.0,5645.0,60102.0,319449.0,319633.0
2025-08-14 22:00:00,5645.0,5650.0,5638.0,5641.0,21336.0,319633.0,318853.0
2025-08-15 09:00:00,5642.0,5654.0,5641.0,5652.0,22180.0,318853.0,319152.0
2025-08-15 10:00:00,5652.0,5653.0,5641.0,5641.0,14725.0,319152.0,318006.0
2025-08-15 11:00:00,5641.0,5653.0,5639.0,5650.0,11539.0,318006.0,318054.0
2025-08-15 13:00:00,5652.0,5654.0,5647.0,5648.0,10924.0,318054.0,316681.0
2025-08-15 14:00:00,5648.0,5666.0,5645.0,5664.0,33243.0,316681.0,315440.0
2025-08-15 21:00:00,5653.0,5663.0,5648.0,5657.0,40844.0,315440.0,318200.0
2025-08-15 22:00:00,5657.0,5665.0,5655.0,5656.0,26885.0,318200.0,318313.0
2025-08-18 09:00:00,5654.0,5657.0,5636.0,5655.0,38260.0,318313.0,314675.0
2025-08-18 10:00:00,5655.0,5659.0,5651.0,5654.0,12394.0,314675.0,315246.0
2025-08-18 11:00:00,5654.0,5661.0,5653.0,5656.0,8240.0,315246.0,316209.0
2025-08-18 13:00:00,5658.0,5663.0,5655.0,5660.0,13178.0,316209.0,317469.0
2025-08-18 14:00:00,5660.0,5674.0,5654.0,5672.0,40029.0,317469.0,322832.0
2025-08-18 21:00:00,5668.0,5683.0,5666.0,5677.0,47321.0,322832.0,331113.0
2025-08-18 22:00:00,5677.0,5679.0,5671.0,5678.0,16074.0,331113.0,331239.0
2025-08-19 09:00:00,5673.0,5681.0,5665.0,5674.0,41784.0,331239.0,337707.0
2025-08-19 10:00:00,5674.0,5680.0,5668.0,5673.0,16396.0,337707.0,339135.0
2025-08-19 11:00:00,5673.0,5679.0,5673.0,5678.0,8295.0,339135.0,340698.0
2025-08-19 13:00:00,5678.0,5678.0,5673.0,5675.0,8005.0,340698.0,341672.0
2025-08-19 14:00:00,5675.0,5676.0,5658.0,5661.0,32405.0,341672.0,338456.0
2025-08-19 21:00:00,5663.0,5667.0,5648.0,5661.0,37374.0,338456.0,340777.0
2025-08-19 22:00:00,5661.0,5665.0,5642.0,5651.0,25910.0,340777.0,336897.0
2025-08-20 09:00:00,5650.0,5664.0,5647.0,5657.0,18885.0,336897.0,338346.0
2025-08-20 10:00:00,5657.0,5658.0,5646.0,5652.0,17856.0,338346.0,339434.0
2025-08-20 11:00:00,5652.0,5654.0,5646.0,5648.0,5726.0,339434.0,339611.0
2025-08-20 13:00:00,5647.0,5662.0,5647.0,5662.0,11396.0,339611.0,338394.0
2025-08-20 14:00:00,5662.0,5678.0,5659.0,5676.0,36235.0,338394.0,343739.0
2025-08-20 21:00:00,5688.0,5703.0,5682.0,5689.0,67785.0,343739.0,352947.0
2025-08-20 22:00:00,5689.0,5690.0,5684.0,5689.0,12676.0,352947.0,352277.0
2025-08-21 09:00:00,5689.0,5699.0,5685.0,5687.0,30483.0,352277.0,355016.0
2025-08-21 10:00:00,5687.0,5694.0,5684.0,5694.0,13140.0,355016.0,355986.0
2025-08-21 11:00:00,5694.0,5695.0,5688.0,5689.0,6515.0,355986.0,356276.0
2025-08-21 13:00:00,5689.0,5696.0,5689.0,5691.0,7925.0,356276.0,357508.0
2025-08-21 14:00:00,5691.0,5694.0,5686.0,5688.0,16377.0,357508.0,358685.0
2025-08-21 21:00:00,5676.0,5686.0,5663.0,5671.0,52807.0,358685.0,359398.0
2025-08-21 22:00:00,5671.0,5683.0,5669.0,5680.0,18452.0,359398.0,359534.0
2025-08-22 09:00:00,5674.0,5680.0,5671.0,5674.0,18399.0,359534.0,360287.0
2025-08-22 10:00:00,5674.0,5677.0,5669.0,5674.0,10296.0,360287.0,360978.0
2025-08-22 11:00:00,5674.0,5676.0,5669.0,5671.0,6869.0,360978.0,361112.0
2025-08-22 13:00:00,5671.0,5673.0,5667.0,5671.0,10510.0,361112.0,362943.0
2025-08-22 14:00:00,5671.0,5673.0,5664.0,5670.0,18077.0,362943.0,361945.0
2025-08-22 21:00:00,5674.0,5693.0,5672.0,5681.0,42124.0,361945.0,365193.0
2025-08-22 22:00:00,5681.0,5693.0,5681.0,5690.0,20356.0,365193.0,364431.0
2025-08-25 09:00:00,5690.0,5696.0,5681.0,5688.0,28487.0,364431.0,366120.0
2025-08-25 10:00:00,5688.0,5689.0,5681.0,5682.0,12642.0,366120.0,366718.0
2025-08-25 11:00:00,5682.0,5686.0,5677.0,5684.0,10067.0,366718.0,368070.0
2025-08-25 13:00:00,5682.0,5683.0,5679.0,5681.0,6234.0,368070.0,367826.0
2025-08-25 14:00:00,5681.0,5688.0,5680.0,5688.0,13179.0,367826.0,367664.0
2025-08-25 21:00:00,5683.0,5685.0,5662.0,5674.0,46120.0,367664.0,369350.0
2025-08-25 22:00:00,5674.0,5682.0,5674.0,5680.0,13008.0,369350.0,368335.0
2025-08-26 09:00:00,5674.0,5679.0,5671.0,5677.0,18928.0,368335.0,369405.0
2025-08-26 10:00:00,5677.0,5680.0,5673.0,5675.0,8459.0,369405.0,370206.0
2025-08-26 11:00:00,5675.0,5688.0,5674.0,5676.0,13605.0,370206.0,371134.0
2025-08-26 13:00:00,5676.0,5678.0,5672.0,5673.0,7685.0,371134.0,371153.0
2025-08-26 14:00:00,5673.0,5676.0,5622.0,5632.0,103323.0,371153.0,366130.0
2025-08-26 21:00:00,5632.0,5639.0,5625.0,5631.0,40351.0,366130.0,366545.0
2025-08-26 22:00:00,5631.0,5637.0,5626.0,5635.0,16796.0,366545.0,364059.0
2025-08-27 09:00:00,5632.0,5637.0,5622.0,5623.0,22959.0,364059.0,365295.0
2025-08-27 10:00:00,5623.0,5626.0,5616.0,5623.0,16256.0,365295.0,365407.0
2025-08-27 11:00:00,5623.0,5628.0,5619.0,5621.0,8507.0,365407.0,366186.0
2025-08-27 13:00:00,5621.0,5622.0,5613.0,5613.0,14442.0,366186.0,366350.0
2025-08-27 14:00:00,5613.0,5621.0,5612.0,5620.0,28155.0,366350.0,363151.0
2025-08-27 21:00:00,5626.0,5629.0,5602.0,5608.0,39987.0,363151.0,364333.0
2025-08-27 22:00:00,5608.0,5611.0,5603.0,5609.0,13090.0,364333.0,363349.0
2025-08-28 09:00:00,5609.0,5609.0,5590.0,5595.0,34074.0,363349.0,360852.0
2025-08-28 10:00:00,5595.0,5601.0,5595.0,5599.0,9677.0,360852.0,360350.0
2025-08-28 11:00:00,5599.0,5599.0,5590.0,5591.0,9433.0,360350.0,358997.0
2025-08-28 13:00:00,5590.0,5595.0,5586.0,5589.0,13756.0,358997.0,359565.0
2025-08-28 14:00:00,5589.0,5604.0,5589.0,5602.0,26489.0,359565.0,359065.0
2025-08-28 21:00:00,5612.0,5616.0,5597.0,5597.0,37124.0,359065.0,357766.0
2025-08-28 22:00:00,5597.0,5598.0,5587.0,5591.0,20328.0,357766.0,359597.0
2025-08-29 09:00:00,5598.0,5605.0,5584.0,5593.0,28194.0,359597.0,360728.0
2025-08-29 10:00:00,5593.0,5608.0,5592.0,5596.0,18744.0,360728.0,359688.0
2025-08-29 11:00:00,5596.0,5602.0,5595.0,5601.0,6564.0,359688.0,359397.0
2025-08-29 13:00:00,5602.0,5610.0,5599.0,5606.0,19493.0,359397.0,358841.0
2025-08-29 14:00:00,5606.0,5606.0,5598.0,5604.0,20062.0,358841.0,357771.0
2025-08-29 21:00:00,5600.0,5611.0,5598.0,5601.0,28580.0,357771.0,360771.0
2025-08-29 22:00:00,5601.0,5607.0,5593.0,5606.0,21229.0,360771.0,359333.0
2025-09-01 09:00:00,5604.0,5606.0,5589.0,5592.0,28254.0,359333.0,358944.0
2025-09-01 10:00:00,5592.0,5606.0,5591.0,5600.0,17293.0,358944.0,360008.0
2025-09-01 11:00:00,5600.0,5608.0,5598.0,5601.0,9611.0,360008.0,360259.0
2025-09-01 13:00:00,5602.0,5611.0,5600.0,5610.0,13766.0,360259.0,358562.0
2025-09-01 14:00:00,5610.0,5612.0,5604.0,5609.0,21376.0,358562.0,358781.0
2025-09-01 21:00:00,5614.0,5624.0,5603.0,5611.0,56547.0,358781.0,361952.0
2025-09-01 22:00:00,5611.0,5613.0,5608.0,5611.0,12997.0,361952.0,361440.0
2025-09-02 09:00:00,5606.0,5606.0,5590.0,5595.0,40031.0,361440.0,362780.0
2025-09-02 10:00:00,5595.0,5595.0,5566.0,5586.0,68279.0,362780.0,363851.0
2025-09-02 11:00:00,5586.0,5593.0,5586.0,5590.0,12554.0,363851.0,362945.0
2025-09-02 13:00:00,5590.0,5593.0,5588.0,5589.0,7182.0,362945.0,362310.0
2025-09-02 14:00:00,5589.0,5603.0,5582.0,5599.0,29625.0,362310.0,356276.0
2025-09-02 21:00:00,5582.0,5586.0,5568.0,5576.0,53778.0,356276.0,358909.0
2025-09-02 22:00:00,5576.0,5580.0,5568.0,5576.0,27042.0,358909.0,358035.0
2025-09-03 09:00:00,5577.0,5577.0,5560.0,5561.0,33739.0,358035.0,361484.0
2025-09-03 10:00:00,5561.0,5572.0,5560.0,5562.0,21742.0,361484.0,362085.0
2025-09-03 11:00:00,5562.0,5566.0,5557.0,5559.0,11911.0,362085.0,363364.0
2025-09-03 13:00:00,5558.0,5562.0,5556.0,5561.0,15727.0,363364.0,363624.0
2025-09-03 14:00:00,5561.0,5568.0,5558.0,5562.0,25886.0,363624.0,362219.0
2025-09-03 21:00:00,5562.0,5566.0,5535.0,5544.0,60510.0,362219.0,370037.0
2025-09-03 22:00:00,5544.0,5546.0,5536.0,5540.0,20176.0,370037.0,369955.0
2025-09-04 09:00:00,5540.0,5544.0,5534.0,5538.0,29741.0,369955.0,369680.0
2025-09-04 10:00:00,5538.0,5542.0,5533.0,5540.0,20531.0,369680.0,367432.0
2025-09-04 11:00:00,5540.0,5544.0,5538.0,5541.0,11198.0,367432.0,366589.0
2025-09-04 13:00:00,5540.0,5547.0,5538.0,5540.0,11595.0,366589.0,366426.0
2025-09-04 14:00:00,5540.0,5540.0,5531.0,5533.0,29516.0,366426.0,369333.0
2025-09-04 21:00:00,5530.0,5537.0,5526.0,5533.0,38466.0,369333.0,371714.0
2025-09-04 22:00:00,5533.0,5533.0,5518.0,5519.0,28340.0,371714.0,372806.0
2025-09-05 09:00:00,5519.0,5525.0,5509.0,5513.0,48300.0,372806.0,375926.0
2025-09-05 10:00:00,5513.0,5516.0,5510.0,5513.0,13073.0,375926.0,377348.0
2025-09-05 11:00:00,5513.0,5519.0,5510.0,5519.0,10852.0,377348.0,377171.0
2025-09-05 13:00:00,5520.0,5528.0,5518.0,5526.0,18633.0,377171.0,374212.0
2025-09-05 14:00:00,5526.0,5528.0,5518.0,5523.0,30084.0,374212.0,374355.0
2025-09-05 21:00:00,5518.0,5524.0,5503.0,5522.0,60038.0,374355.0,382073.0
2025-09-05 22:00:00,5522.0,5535.0,5519.0,5532.0,44370.0,382073.0,377953.0
2025-09-08 09:00:00,5533.0,5539.0,5523.0,5527.0,40060.0,377953.0,377286.0
2025-09-08 10:00:00,5527.0,5529.0,5522.0,5525.0,13190.0,377286.0,377881.0
2025-09-08 11:00:00,5525.0,5527.0,5519.0,5520.0,10725.0,377881.0,379852.0
2025-09-08 13:00:00,5520.0,5522.0,5516.0,5518.0,10893.0,379852.0,381517.0
2025-09-08 14:00:00,5518.0,5529.0,5516.0,5527.0,21973.0,381517.0,381300.0
2025-09-08 21:00:00,5535.0,5538.0,5516.0,5519.0,45922.0,381300.0,387196.0
2025-09-08 22:00:00,5519.0,5521.0,5509.0,5513.0,31150.0,387196.0,386698.0
2025-09-09 09:00:00,5521.0,5527.0,5515.0,5518.0,30609.0,386698.0,389083.0
2025-09-09 10:00:00,5518.0,5525.0,5516.0,5519.0,12593.0,389083.0,389741.0
2025-09-09 11:00:00,5519.0,5520.0,5514.0,5515.0,6703.0,389741.0,390417.0
2025-09-09 13:00:00,5516.0,5523.0,5515.0,5518.0,11276.0,390417.0,389432.0
2025-09-09 14:00:00,5518.0,5520.0,5515.0,5518.0,15556.0,389432.0,388606.0
2025-09-09 21:00:00,5521.0,5536.0,5518.0,5530.0,57790.0,388606.0,388863.0
2025-09-09 22:00:00,5530.0,5534.0,5526.0,5531.0,19674.0,388863.0,387501.0
2025-09-10 09:00:00,5531.0,5533.0,5522.0,5526.0,24685.0,387501.0,389580.0
2025-09-10 10:00:00,5526.0,5546.0,5524.0,5541.0,40358.0,389580.0,389370.0
2025-09-10 11:00:00,5541.0,5544.0,5537.0,5539.0,10361.0,389370.0,389453.0
2025-09-10 13:00:00,5539.0,5548.0,5539.0,5545.0,17104.0,389453.0,389413.0
2025-09-10 14:00:00,5545.0,5546.0,5531.0,5535.0,26311.0,389413.0,389187.0
2025-09-10 21:00:00,5542.0,5545.0,5533.0,5540.0,31374.0,389187.0,394275.0
2025-09-10 22:00:00,5540.0,5542.0,5536.0,5540.0,14408.0,394275.0,394784.0
2025-09-11 09:00:00,5541.0,5541.0,5527.0,5539.0,31273.0,394784.0,398846.0
2025-09-11 10:00:00,5539.0,5546.0,5536.0,5537.0,19097.0,398846.0,397084.0
2025-09-11 11:00:00,5537.0,5544.0,5536.0,5543.0,6995.0,397084.0,396446.0
2025-09-11 13:00:00,5543.0,5552.0,5542.0,5548.0,17294.0,396446.0,393992.0
2025-09-11 14:00:00,5548.0,5558.0,5545.0,5556.0,34970.0,393992.0,391605.0
2025-09-11 21:00:00,5550.0,5554.0,5534.0,5545.0,46782.0,391605.0,392655.0
2025-09-11 22:00:00,5545.0,5549.0,5539.0,5547.0,14550.0,392655.0,391551.0
2025-09-12 09:00:00,5547.0,5553.0,5540.0,5552.0,22329.0,391551.0,389906.0
2025-09-12 10:00:00,5552.0,5554.0,5547.0,5550.0,13075.0,389906.0,389643.0
2025-09-12 11:00:00,5550.0,5555.0,5549.0,5555.0,7512.0,389643.0,387755.0
2025-09-12 13:00:00,5555.0,5555.0,5547.0,5547.0,6646.0,387755.0,386568.0
2025-09-12 14:00:00,5547.0,5548.0,5539.0,5540.0,25377.0,386568.0,384498.0
2025-09-12 21:00:00,5538.0,5546.0,5532.0,5544.0,40008.0,384498.0,389692.0
2025-09-12 22:00:00,5544.0,5549.0,5542.0,5544.0,20253.0,389692.0,386092.0
2025-09-15 09:00:00,5544.0,5564.0,5536.0,5542.0,41661.0,386092.0,385237.0
2025-09-15 10:00:00,5542.0,5547.0,5539.0,5547.0,11909.0,385237.0,383386.0
2025-09-15 11:00:00,5547.0,5549.0,5544.0,5547.0,6188.0,383386.0,382498.0
2025-09-15 13:00:00,5547.0,5553.0,5544.0,5553.0,12093.0,382498.0,381917.0
2025-09-15 14:00:00,5553.0,5554.0,5544.0,5549.0,17062.0,381917.0,381607.0
2025-09-15 21:00:00,5553.0,5563.0,5549.0,5556.0,45489.0,381607.0,383377.0
2025-09-15 22:00:00,5556.0,5572.0,5555.0,5569.0,27002.0,383377.0,379999.0
2025-09-16 09:00:00,5560.0,5567.0,5556.0,5558.0,29473.0,379999.0,382639.0
2025-09-16 10:00:00,5558.0,5559.0,5543.0,5549.0,27240.0,382639.0,384468.0
2025-09-16 11:00:00,5549.0,5554.0,5548.0,5551.0,9618.0,384468.0,385425.0
2025-09-16 13:00:00,5551.0,5555.0,5547.0,5552.0,13728.0,385425.0,383525.0
2025-09-16 14:00:00,5552.0,5553.0,5540.0,5547.0,29745.0,383525.0,385623.0
2025-09-16 21:00:00,5550.0,5552.0,5541.0,5543.0,33194.0,385623.0,387607.0
2025-09-16 22:00:00,5543.0,5545.0,5537.0,5544.0,23805.0,387607.0,386391.0
2025-09-17 09:00:00,5543.0,5549.0,5540.0,5544.0,17318.0,386391.0,385234.0
2025-09-17 10:00:00,5544.0,5545.0,5522.0,5536.0,38806.0,385234.0,384780.0
2025-09-17 11:00:00,5536.0,5538.0,5531.0,5533.0,8101.0,384780.0,384973.0
2025-09-17 13:00:00,5533.0,5534.0,5525.0,5534.0,16052.0,384973.0,387758.0
2025-09-17 14:00:00,5534.0,5537.0,5528.0,5529.0,22231.0,387758.0,388194.0
2025-09-17 21:00:00,5526.0,5530.0,5519.0,5525.0,34833.0,388194.0,393117.0
2025-09-17 22:00:00,5525.0,5536.0,5523.0,5533.0,24078.0,393117.0,389244.0
2025-09-18 09:00:00,5520.0,5522.0,5505.0,5507.0,56516.0,389244.0,402787.0
2025-09-18 10:00:00,5507.0,5516.0,5507.0,5510.0,21220.0,402787.0,404101.0
2025-09-18 11:00:00,5510.0,5511.0,5492.0,5493.0,21486.0,404101.0,410023.0
2025-09-18 13:00:00,5493.0,5495.0,5462.0,5468.0,104245.0,410023.0,430360.0
2025-09-18 14:00:00,5468.0,5484.0,5467.0,5474.0,53080.0,430360.0,432454.0
2025-09-18 21:00:00,5469.0,5470.0,5452.0,5454.0,56463.0,432454.0,444028.0
2025-09-18 22:00:00,5454.0,5462.0,5453.0,5458.0,28462.0,444028.0,441590.0
2025-09-19 09:00:00,5472.0,5475.0,5460.0,5462.0,46362.0,441590.0,444587.0
2025-09-19 10:00:00,5462.0,5471.0,5455.0,5457.0,20973.0,444587.0,447156.0
2025-09-19 11:00:00,5457.0,5459.0,5449.0,5451.0,20031.0,447156.0,450266.0
2025-09-19 13:00:00,5452.0,5454.0,5448.0,5453.0,16858.0,450266.0,452441.0
2025-09-19 14:00:00,5453.0,5466.0,5451.0,5461.0,36339.0,452441.0,450307.0
2025-09-19 21:00:00,5472.0,5478.0,5459.0,5459.0,49431.0,450307.0,451858.0
2025-09-19 22:00:00,5459.0,5467.0,5457.0,5462.0,18830.0,451858.0,451649.0
2025-09-22 09:00:00,5469.0,5473.0,5461.0,5465.0,27895.0,451649.0,451456.0
2025-09-22 10:00:00,5465.0,5465.0,5444.0,5444.0,30537.0,451456.0,457588.0
2025-09-22 11:00:00,5444.0,5458.0,5444.0,5453.0,18692.0,457588.0,456314.0
2025-09-22 13:00:00,5455.0,5465.0,5455.0,5455.0,15949.0,456314.0,455354.0
2025-09-22 14:00:00,5455.0,5461.0,5450.0,5452.0,24037.0,455354.0,456830.0
2025-09-22 21:00:00,5452.0,5455.0,5446.0,5451.0,40275.0,456830.0,461964.0
2025-09-22 22:00:00,5451.0,5457.0,5441.0,5455.0,32820.0,461964.0,461361.0
2025-09-23 09:00:00,5442.0,5442.0,5424.0,5436.0,61998.0,461361.0,472613.0
2025-09-23 10:00:00,5436.0,5445.0,5428.0,5428.0,27850.0,472613.0,474677.0
2025-09-23 11:00:00,5428.0,5434.0,5426.0,5427.0,12173.0,474677.0,475820.0
2025-09-23 13:00:00,5428.0,5435.0,5428.0,5433.0,13616.0,475820.0,476266.0
2025-09-23 14:00:00,5433.0,5445.0,5432.0,5444.0,33479.0,476266.0,474011.0
2025-09-23 21:00:00,5447.0,5484.0,5443.0,5478.0,91375.0,474011.0,467095.0
2025-09-23 22:00:00,5478.0,5488.0,5474.0,5487.0,37913.0,467095.0,461162.0
2025-09-24 09:00:00,5491.0,5495.0,5478.0,5486.0,48040.0,461162.0,455631.0
2025-09-24 10:00:00,5486.0,5490.0,5478.0,5488.0,19555.0,455631.0,455420.0
2025-09-24 11:00:00,5488.0,5500.0,5487.0,5497.0,21428.0,455420.0,452594.0
2025-09-24 13:00:00,5498.0,5506.0,5498.0,5502.0,27159.0,452594.0,447081.0
2025-09-24 14:00:00,5502.0,5508.0,5492.0,5497.0,42096.0,447081.0,439004.0
2025-09-24 21:00:00,5492.0,5508.0,5489.0,5507.0,49281.0,439004.0,435884.0
2025-09-24 22:00:00,5507.0,5518.0,5505.0,5516.0,45006.0,435884.0,430293.0
2025-09-25 09:00:00,5513.0,5513.0,5485.0,5491.0,49315.0,430293.0,429558.0
2025-09-25 10:00:00,5491.0,5492.0,5481.0,5492.0,24587.0,429558.0,430079.0
2025-09-25 11:00:00,5492.0,5494.0,5485.0,5493.0,12070.0,430079.0,430425.0
2025-09-25 13:00:00,5493.0,5493.0,5485.0,5488.0,9895.0,430425.0,430162.0
2025-09-25 14:00:00,5488.0,5491.0,5483.0,5485.0,22841.0,430162.0,431349.0
2025-09-25 21:00:00,5487.0,5492.0,5479.0,5489.0,40063.0,431349.0,434145.0
2025-09-25 22:00:00,5489.0,5497.0,5484.0,5494.0,23689.0,434145.0,432254.0
2025-09-26 09:00:00,5503.0,5510.0,5489.0,5491.0,31644.0,432254.0,431143.0
2025-09-26 10:00:00,5491.0,5495.0,5488.0,5494.0,10139.0,431143.0,429094.0
2025-09-26 11:00:00,5494.0,5502.0,5493.0,5500.0,10525.0,429094.0,428081.0
2025-09-26 13:00:00,5501.0,5503.0,5493.0,5495.0,9667.0,428081.0,427820.0
2025-09-26 14:00:00,5495.0,5495.0,5477.0,5478.0,27578.0,427820.0,427474.0
2025-09-26 21:00:00,5485.0,5505.0,5485.0,5497.0,48677.0,427474.0,425802.0
2025-09-26 22:00:00,5497.0,5501.0,5488.0,5490.0,20812.0,425802.0,422490.0
2025-09-29 09:00:00,5491.0,5491.0,5480.0,5483.0,23063.0,422490.0,422310.0
2025-09-29 10:00:00,5483.0,5490.0,5475.0,5476.0,15028.0,422310.0,422255.0
2025-09-29 11:00:00,5476.0,5484.0,5473.0,5482.0,9968.0,422255.0,421891.0
2025-09-29 13:00:00,5482.0,5487.0,5480.0,5481.0,6706.0,421891.0,421196.0
2025-09-29 14:00:00,5481.0,5487.0,5475.0,5479.0,19448.0,421196.0,417038.0
2025-09-29 21:00:00,5478.0,5485.0,5465.0,5476.0,40650.0,417038.0,416759.0
2025-09-29 22:00:00,5476.0,5504.0,5476.0,5499.0,32524.0,416759.0,409297.0
2025-09-30 09:00:00,5496.0,5502.0,5490.0,5500.0,25693.0,409297.0,403905.0
2025-09-30 10:00:00,5500.0,5503.0,5494.0,5497.0,11379.0,403905.0,401808.0
2025-09-30 11:00:00,5497.0,5498.0,5489.0,5494.0,7091.0,401808.0,400538.0
2025-09-30 13:00:00,5493.0,5497.0,5485.0,5491.0,11746.0,400538.0,398341.0
2025-09-30 14:00:00,5491.0,5501.0,5490.0,5493.0,27578.0,398341.0,388037.0
2025-10-09 09:00:00,5498.0,5518.0,5481.0,5515.0,79735.0,388037.0,386607.0
2025-10-09 10:00:00,5515.0,5542.0,5515.0,5525.0,55258.0,386607.0,379822.0
2025-10-09 11:00:00,5525.0,5535.0,5517.0,5520.0,17343.0,379822.0,381082.0
2025-10-09 13:00:00,5520.0,5530.0,5519.0,5530.0,13219.0,381082.0,379471.0
2025-10-09 14:00:00,5530.0,5536.0,5525.0,5528.0,31041.0,379471.0,373744.0
2025-10-09 21:00:00,5522.0,5537.0,5517.0,5525.0,51219.0,373744.0,381669.0
2025-10-09 22:00:00,5525.0,5528.0,5520.0,5525.0,14575.0,381669.0,381776.0
2025-10-10 09:00:00,5525.0,5532.0,5517.0,5522.0,26336.0,381776.0,384447.0
2025-10-10 10:00:00,5522.0,5526.0,5520.0,5522.0,13683.0,384447.0,386009.0
2025-10-10 11:00:00,5522.0,5525.0,5505.0,5508.0,16220.0,386009.0,384733.0
2025-10-10 13:00:00,5507.0,5507.0,5490.0,5501.0,28302.0,384733.0,386381.0
2025-10-10 14:00:00,5501.0,5505.0,5495.0,5496.0,20383.0,386381.0,385836.0
2025-10-10 21:00:00,5496.0,5503.0,5490.0,5497.0,36985.0,385836.0,389077.0
2025-10-10 22:00:00,5497.0,5497.0,5488.0,5489.0,20005.0,389077.0,388305.0
2025-10-13 09:00:00,5487.0,5487.0,5451.0,5462.0,80459.0,388305.0,390767.0
2025-10-13 10:00:00,5462.0,5471.0,5457.0,5471.0,25634.0,390767.0,394037.0
2025-10-13 11:00:00,5471.0,5479.0,5466.0,5468.0,15703.0,394037.0,392395.0
2025-10-13 13:00:00,5469.0,5484.0,5468.0,5483.0,17196.0,392395.0,391003.0
2025-10-13 14:00:00,5483.0,5484.0,5468.0,5470.0,17355.0,391003.0,390023.0
2025-10-13 21:00:00,5427.0,5432.0,5387.0,5391.0,159617.0,390023.0,415846.0
2025-10-13 22:00:00,5391.0,5401.0,5387.0,5391.0,42272.0,415846.0,413544.0
2025-10-14 09:00:00,5391.0,5400.0,5382.0,5395.0,48282.0,413544.0,421263.0
2025-10-14 10:00:00,5395.0,5406.0,5393.0,5399.0,21774.0,421263.0,419508.0
2025-10-14 11:00:00,5399.0,5406.0,5398.0,5401.0,11697.0,419508.0,419167.0
2025-10-14 13:00:00,5401.0,5402.0,5393.0,5396.0,16333.0,419167.0,419170.0
2025-10-14 14:00:00,5396.0,5401.0,5393.0,5397.0,28933.0,419170.0,422156.0
2025-10-14 21:00:00,5392.0,5399.0,5386.0,5396.0,48814.0,422156.0,429978.0
2025-10-14 22:00:00,5396.0,5412.0,5394.0,5405.0,33592.0,429978.0,431917.0
2025-10-15 09:00:00,5410.0,5416.0,5406.0,5411.0,24626.0,431917.0,431912.0
2025-10-15 10:00:00,5411.0,5415.0,5408.0,5409.0,10414.0,431912.0,432111.0
2025-10-15 11:00:00,5409.0,5410.0,5402.0,5403.0,8140.0,432111.0,432122.0
2025-10-15 13:00:00,5403.0,5409.0,5398.0,5406.0,13413.0,432122.0,433210.0
2025-10-15 14:00:00,5406.0,5406.0,5395.0,5403.0,25190.0,433210.0,433188.0
2025-10-15 21:00:00,5392.0,5405.0,5389.0,5404.0,51230.0,433188.0,436940.0
2025-10-15 22:00:00,5404.0,5409.0,5401.0,5402.0,15858.0,436940.0,437524.0
2025-10-16 09:00:00,5402.0,5409.0,5399.0,5407.0,20821.0,437524.0,439249.0
2025-10-16 10:00:00,5407.0,5411.0,5403.0,5405.0,11916.0,439249.0,438803.0
2025-10-16 11:00:00,5405.0,5406.0,5399.0,5406.0,15169.0,438803.0,438866.0
2025-10-16 13:00:00,5406.0,5412.0,5404.0,5411.0,11669.0,438866.0,439452.0
2025-10-16 14:00:00,5411.0,5412.0,5402.0,5408.0,17780.0,439452.0,438116.0
2025-10-16 21:00:00,5421.0,5430.0,5410.0,5422.0,46361.0,438116.0,441775.0
2025-10-16 22:00:00,5422.0,5424.0,5411.0,5417.0,21090.0,441775.0,440484.0
2025-10-17 09:00:00,5422.0,5425.0,5414.0,5423.0,22077.0,440484.0,442326.0
2025-10-17 10:00:00,5423.0,5423.0,5409.0,5411.0,14886.0,442326.0,443608.0
2025-10-17 11:00:00,5411.0,5416.0,5410.0,5413.0,8944.0,443608.0,444256.0
2025-10-17 13:00:00,5412.0,5413.0,5403.0,5405.0,14480.0,444256.0,443890.0
2025-10-17 14:00:00,5405.0,5414.0,5404.0,5412.0,25494.0,443890.0,441448.0
2025-10-17 21:00:00,5416.0,5450.0,5412.0,5445.0,74253.0,441448.0,435225.0
2025-10-17 22:00:00,5445.0,5451.0,5430.0,5437.0,30369.0,435225.0,430807.0
2025-10-20 09:00:00,5435.0,5440.0,5427.0,5432.0,28577.0,430807.0,428901.0
2025-10-20 10:00:00,5432.0,5440.0,5429.0,5437.0,11223.0,428901.0,429348.0
2025-10-20 11:00:00,5437.0,5440.0,5430.0,5430.0,6367.0,429348.0,429400.0
2025-10-20 13:00:00,5430.0,5433.0,5427.0,5430.0,10346.0,429400.0,428923.0
2025-10-20 14:00:00,5430.0,5432.0,5427.0,5428.0,14637.0,428923.0,426421.0
2025-10-20 21:00:00,5440.0,5441.0,5423.0,5435.0,43700.0,426421.0,428149.0
2025-10-20 22:00:00,5435.0,5444.0,5430.0,5443.0,23947.0,428149.0,428783.0
2025-10-21 09:00:00,5443.0,5445.0,5436.0,5442.0,17654.0,428783.0,426725.0
2025-10-21 10:00:00,5442.0,5443.0,5434.0,5438.0,10498.0,426725.0,426152.0
2025-10-21 11:00:00,5438.0,5439.0,5435.0,5438.0,5019.0,426152.0,425225.0
2025-10-21 13:00:00,5438.0,5441.0,5435.0,5440.0,8614.0,425225.0,425022.0
2025-10-21 14:00:00,5440.0,5445.0,5437.0,5438.0,18067.0,425022.0,421702.0
2025-10-21 21:00:00,5426.0,5430.0,5407.0,5407.0,69735.0,421702.0,426873.0
2025-10-21 22:00:00,5407.0,5408.0,5394.0,5399.0,43993.0,426873.0,430192.0
2025-10-22 09:00:00,5399.0,5421.0,5397.0,5420.0,38137.0,430192.0,425781.0
2025-10-22 10:00:00,5420.0,5434.0,5420.0,5427.0,28741.0,425781.0,421182.0
2025-10-22 11:00:00,5427.0,5431.0,5425.0,5429.0,8345.0,421182.0,419689.0
2025-10-22 13:00:00,5429.0,5430.0,5423.0,5426.0,7199.0,419689.0,419115.0
2025-10-22 14:00:00,5426.0,5428.0,5421.0,5426.0,15428.0,419115.0,417296.0
2025-10-22 21:00:00,5421.0,5424.0,5405.0,5407.0,43107.0,417296.0,420421.0
2025-10-22 22:00:00,5407.0,5411.0,5400.0,5408.0,35718.0,420421.0,423151.0
2025-10-23 09:00:00,5409.0,5422.0,5408.0,5415.0,26873.0,423151.0,423281.0
2025-10-23 10:00:00,5415.0,5421.0,5411.0,5421.0,14217.0,423281.0,423541.0
2025-10-23 11:00:00,5421.0,5427.0,5415.0,5424.0,14214.0,423541.0,422477.0
2025-10-23 13:00:00,5425.0,5432.0,5425.0,5431.0,17263.0,422477.0,421873.0
2025-10-23 14:00:00,5431.0,5464.0,5431.0,5457.0,92669.0,421873.0,420072.0
2025-10-23 21:00:00,5452.0,5464.0,5448.0,5455.0,51116.0,420072.0,416156.0
2025-10-23 22:00:00,5455.0,5462.0,5455.0,5455.0,21119.0,416156.0,414845.0
2025-10-24 09:00:00,5455.0,5460.0,5446.0,5447.0,23945.0,414845.0,411430.0
2025-10-24 10:00:00,5447.0,5448.0,5437.0,5439.0,16131.0,411430.0,410502.0
2025-10-24 11:00:00,5439.0,5441.0,5434.0,5440.0,13388.0,410502.0,410749.0
2025-10-24 13:00:00,5440.0,5451.0,5439.0,5442.0,10018.0,410749.0,409645.0
2025-10-24 14:00:00,5442.0,5450.0,5441.0,5446.0,12150.0,409645.0,408160.0
2025-10-24 21:00:00,5425.0,5435.0,5414.0,5426.0,68162.0,408160.0,410410.0
2025-10-24 22:00:00,5426.0,5433.0,5423.0,5431.0,20036.0,410410.0,408304.0
2025-10-27 09:00:00,5432.0,5451.0,5432.0,5444.0,30593.0,408304.0,404904.0
2025-10-27 10:00:00,5444.0,5445.0,5435.0,5437.0,13415.0,404904.0,404187.0
2025-10-27 11:00:00,5437.0,5440.0,5434.0,5439.0,4392.0,404187.0,403818.0
2025-10-27 13:00:00,5440.0,5444.0,5438.0,5443.0,6160.0,403818.0,403103.0
2025-10-27 14:00:00,5443.0,5447.0,5441.0,5445.0,17683.0,403103.0,401598.0
2025-10-27 21:00:00,5425.0,5438.0,5422.0,5435.0,60661.0,401598.0,406156.0
2025-10-27 22:00:00,5435.0,5449.0,5430.0,5444.0,31391.0,406156.0,404799.0
2025-10-28 09:00:00,5446.0,5457.0,5439.0,5449.0,37079.0,404799.0,403209.0
2025-10-28 10:00:00,5449.0,5450.0,5444.0,5449.0,8439.0,403209.0,402456.0
2025-10-28 11:00:00,5449.0,5454.0,5446.0,5454.0,9308.0,402456.0,402106.0
2025-10-28 13:00:00,5458.0,5492.0,5458.0,5484.0,90551.0,402106.0,405370.0
2025-10-28 14:00:00,5484.0,5487.0,5479.0,5483.0,43516.0,405370.0,400036.0
2025-10-28 21:00:00,5480.0,5489.0,5475.0,5477.0,51254.0,400036.0,400336.0
2025-10-28 22:00:00,5477.0,5487.0,5473.0,5484.0,25632.0,400336.0,399214.0
2025-10-29 09:00:00,5479.0,5498.0,5479.0,5494.0,43398.0,399214.0,399218.0
2025-10-29 10:00:00,5494.0,5499.0,5488.0,5498.0,21103.0,399218.0,397985.0
2025-10-29 11:00:00,5498.0,5500.0,5493.0,5499.0,12429.0,397985.0,397559.0
2025-10-29 13:00:00,5497.0,5499.0,5494.0,5498.0,9452.0,397559.0,396188.0
2025-10-29 14:00:00,5498.0,5500.0,5493.0,5494.0,18935.0,396188.0,391035.0
2025-10-29 21:00:00,5492.0,5496.0,5486.0,5494.0,38814.0,391035.0,389595.0
2025-10-29 22:00:00,5494.0,5500.0,5492.0,5496.0,20142.0,389595.0,386925.0
2025-10-30 09:00:00,5496.0,5500.0,5489.0,5492.0,25324.0,386925.0,384786.0
2025-10-30 10:00:00,5492.0,5494.0,5479.0,5482.0,25879.0,384786.0,382196.0
2025-10-30 11:00:00,5482.0,5484.0,5476.0,5479.0,13405.0,382196.0,382676.0
2025-10-30 13:00:00,5478.0,5479.0,5468.0,5470.0,19125.0,382676.0,381426.0
2025-10-30 14:00:00,5470.0,5473.0,5465.0,5472.0,24675.0,381426.0,379832.0
2025-10-30 21:00:00,5460.0,5475.0,5450.0,5468.0,47264.0,379832.0,382333.0
2025-10-30 22:00:00,5468.0,5485.0,5466.0,5479.0,27918.0,382333.0,379702.0
2025-10-31 09:00:00,5480.0,5489.0,5474.0,5487.0,25608.0,379702.0,378697.0
2025-10-31 10:00:00,5487.0,5495.0,5487.0,5491.0,18549.0,378697.0,377902.0
2025-10-31 11:00:00,5491.0,5492.0,5476.0,5478.0,14344.0,377902.0,374404.0
2025-10-31 13:00:00,5478.0,5484.0,5478.0,5483.0,8565.0,374404.0,373682.0
2025-10-31 14:00:00,5483.0,5488.0,5476.0,5483.0,24751.0,373682.0,372770.0
2025-10-31 21:00:00,5479.0,5483.0,5466.0,5470.0,41938.0,372770.0,373477.0
2025-10-31 22:00:00,5470.0,5470.0,5458.0,5465.0,21514.0,373477.0,372599.0
2025-11-03 09:00:00,5472.0,5482.0,5459.0,5480.0,32610.0,372599.0,370658.0
2025-11-03 10:00:00,5480.0,5491.0,5478.0,5480.0,24224.0,370658.0,370881.0
2025-11-03 11:00:00,5480.0,5486.0,5479.0,5485.0,7892.0,370881.0,370498.0
2025-11-03 13:00:00,5485.0,5489.0,5483.0,5489.0,8152.0,370498.0,369674.0
2025-11-03 14:00:00,5489.0,5504.0,5484.0,5499.0,37664.0,369674.0,372791.0
2025-11-03 21:00:00,5491.0,5497.0,5482.0,5489.0,42420.0,372791.0,373596.0
2025-11-03 22:00:00,5489.0,5492.0,5488.0,5491.0,10528.0,373596.0,372555.0
2025-11-04 09:00:00,5501.0,5508.0,5485.0,5486.0,47996.0,372555.0,370591.0
2025-11-04 10:00:00,5486.0,5487.0,5474.0,5483.0,20980.0,370591.0,370097.0
2025-11-04 11:00:00,5483.0,5486.0,5481.0,5485.0,6998.0,370097.0,369932.0
2025-11-04 13:00:00,5485.0,5485.0,5475.0,5480.0,11160.0,369932.0,370815.0
2025-11-04 14:00:00,5480.0,5485.0,5477.0,5481.0,14763.0,370815.0,368822.0
2025-11-04 21:00:00,5475.0,5477.0,5449.0,5449.0,60004.0,368822.0,365688.0
2025-11-04 22:00:00,5449.0,5456.0,5444.0,5451.0,38005.0,365688.0,362864.0
2025-11-05 09:00:00,5449.0,5450.0,5435.0,5439.0,28785.0,362864.0,362839.0
2025-11-05 10:00:00,5439.0,5444.0,5434.0,5441.0,15624.0,362839.0,364663.0
2025-11-05 11:00:00,5441.0,5446.0,5438.0,5440.0,8491.0,364663.0,364837.0
2025-11-05 13:00:00,5440.0,5445.0,5439.0,5443.0,11914.0,364837.0,366381.0
2025-11-05 14:00:00,5443.0,5447.0,5440.0,5441.0,21653.0,366381.0,367492.0
2025-11-05 21:00:00,5441.0,5445.0,5437.0,5442.0,45072.0,367492.0,369256.0
2025-11-05 22:00:00,5442.0,5444.0,5430.0,5433.0,22424.0,369256.0,369099.0
2025-11-06 09:00:00,5431.0,5437.0,5426.0,5431.0,24492.0,369099.0,370031.0
2025-11-06 10:00:00,5431.0,5444.0,5430.0,5436.0,20194.0,370031.0,370631.0
2025-11-06 11:00:00,5436.0,5440.0,5433.0,5438.0,6951.0,370631.0,371342.0
2025-11-06 13:00:00,5439.0,5446.0,5438.0,5443.0,9473.0,371342.0,371341.0
2025-11-06 14:00:00,5443.0,5454.0,5442.0,5448.0,26670.0,371341.0,372447.0
2025-11-06 21:00:00,5455.0,5460.0,5444.0,5454.0,43495.0,372447.0,375082.0
2025-11-06 22:00:00,5454.0,5455.0,5444.0,5446.0,24241.0,375082.0,373592.0
2025-11-07 09:00:00,5441.0,5450.0,5436.0,5447.0,26909.0,373592.0,374641.0
2025-11-07 10:00:00,5447.0,5450.0,5446.0,5448.0,10154.0,374641.0,374793.0
2025-11-07 11:00:00,5448.0,5453.0,5447.0,5448.0,9707.0,374793.0,374459.0
2025-11-07 13:00:00,5450.0,5453.0,5448.0,5452.0,6162.0,374459.0,373766.0
2025-11-07 14:00:00,5452.0,5458.0,5449.0,5457.0,20069.0,373766.0,371961.0
2025-11-07 21:00:00,5453.0,5467.0,5450.0,5466.0,37926.0,371961.0,373682.0
2025-11-07 22:00:00,5466.0,5475.0,5464.0,5467.0,30858.0,373682.0,373852.0
2025-11-10 09:00:00,5467.0,5473.0,5459.0,5471.0,29290.0,373852.0,374499.0
2025-11-10 10:00:00,5471.0,5473.0,5468.0,5470.0,8648.0,374499.0,374158.0
2025-11-10 11:00:00,5470.0,5477.0,5470.0,5474.0,8950.0,374158.0,374156.0
2025-11-10 13:00:00,5474.0,5477.0,5472.0,5473.0,7294.0,374156.0,373716.0
2025-11-10 14:00:00,5473.0,5476.0,5469.0,5475.0,16579.0,373716.0,373243.0
2025-11-10 21:00:00,5476.0,5486.0,5475.0,5483.0,39142.0,373243.0,378631.0
2025-11-10 22:00:00,5483.0,5489.0,5483.0,5488.0,16632.0,378631.0,378881.0
2025-11-11 09:00:00,5487.0,5490.0,5482.0,5487.0,18637.0,378881.0,379237.0
2025-11-11 10:00:00,5487.0,5489.0,5481.0,5481.0,10637.0,379237.0,378634.0
2025-11-11 11:00:00,5481.0,5486.0,5479.0,5483.0,8302.0,378634.0,377915.0
2025-11-11 13:00:00,5483.0,5485.0,5481.0,5484.0,6039.0,377915.0,377196.0
2025-11-11 14:00:00,5484.0,5484.0,5474.0,5480.0,20614.0,377196.0,376327.0
2025-11-11 21:00:00,5481.0,5485.0,5478.0,5480.0,27095.0,376327.0,378431.0
2025-11-11 22:00:00,5480.0,5484.0,5477.0,5480.0,12530.0,378431.0,377473.0
2025-11-12 09:00:00,5479.0,5484.0,5475.0,5476.0,14305.0,377473.0,376306.0
2025-11-12 10:00:00,5476.0,5480.0,5467.0,5470.0,12803.0,376306.0,375345.0
2025-11-12 11:00:00,5470.0,5471.0,5467.0,5469.0,5611.0,375345.0,375482.0
2025-11-12 13:00:00,5469.0,5476.0,5467.0,5476.0,7405.0,375482.0,374943.0
2025-11-12 14:00:00,5476.0,5481.0,5476.0,5478.0,16762.0,374943.0,372984.0
2025-11-12 21:00:00,5475.0,5478.0,5458.0,5468.0,43949.0,372984.0,374410.0
2025-11-12 22:00:00,5468.0,5475.0,5466.0,5473.0,15632.0,374410.0,372548.0
2025-11-13 09:00:00,5479.0,5493.0,5474.0,5491.0,43508.0,372548.0,378437.0
2025-11-13 10:00:00,5491.0,5491.0,5485.0,5486.0,10951.0,378437.0,377596.0
2025-11-13 11:00:00,5486.0,5500.0,5484.0,5493.0,26518.0,377596.0,379280.0
2025-11-13 13:00:00,5493.0,5498.0,5492.0,5497.0,9312.0,379280.0,378870.0
2025-11-13 14:00:00,5497.0,5515.0,5496.0,5512.0,58246.0,378870.0,381687.0
2025-11-13 21:00:00,5508.0,5509.0,5493.0,5498.0,45222.0,381687.0,383144.0
2025-11-13 22:00:00,5498.0,5500.0,5495.0,5498.0,12309.0,383144.0,382272.0
2025-11-14 09:00:00,5497.0,5504.0,5488.0,5489.0,27123.0,382272.0,380335.0
2025-11-14 10:00:00,5489.0,5495.0,5487.0,5494.0,13064.0,380335.0,380881.0
2025-11-14 11:00:00,5494.0,5495.0,5490.0,5493.0,6844.0,380881.0,379250.0
2025-11-14 13:00:00,5493.0,5493.0,5473.0,5476.0,25034.0,379250.0,376929.0
2025-11-14 14:00:00,5476.0,5480.0,5468.0,5470.0,29543.0,376929.0,370242.0
2025-11-14 21:00:00,5482.0,5485.0,5452.0,5461.0,71787.0,370242.0,364484.0
2025-11-14 22:00:00,5461.0,5464.0,5458.0,5463.0,17605.0,364484.0,362558.0
2025-11-17 09:00:00,5463.0,5474.0,5460.0,5466.0,28308.0,362558.0,361303.0
2025-11-17 10:00:00,5466.0,5467.0,5457.0,5458.0,19931.0,361303.0,362236.0
2025-11-17 11:00:00,5458.0,5459.0,5455.0,5456.0,8605.0,362236.0,361503.0
2025-11-17 13:00:00,5456.0,5459.0,5455.0,5458.0,7709.0,361503.0,362594.0
2025-11-17 14:00:00,5458.0,5461.0,5455.0,5458.0,21881.0,362594.0,359183.0
2025-11-17 21:00:00,5458.0,5469.0,5444.0,5448.0,59077.0,359183.0,354244.0
2025-11-17 22:00:00,5448.0,5448.0,5438.0,5443.0,30085.0,354244.0,354437.0
2025-11-18 09:00:00,5438.0,5444.0,5410.0,5411.0,69552.0,354437.0,357225.0
2025-11-18 10:00:00,5411.0,5413.0,5407.0,5410.0,29626.0,357225.0,359492.0
2025-11-18 11:00:00,5410.0,5411.0,5405.0,5410.0,11879.0,359492.0,360784.0
2025-11-18 13:00:00,5410.0,5416.0,5405.0,5415.0,18657.0,360784.0,361692.0
2025-11-18 14:00:00,5415.0,5415.0,5407.0,5407.0,27729.0,361692.0,363212.0
2025-11-18 21:00:00,5409.0,5419.0,5404.0,5416.0,50012.0,363212.0,368477.0
2025-11-18 22:00:00,5416.0,5417.0,5406.0,5410.0,18703.0,368477.0,370120.0
2025-11-19 09:00:00,5409.0,5409.0,5377.0,5381.0,79685.0,370120.0,376108.0
2025-11-19 10:00:00,5381.0,5407.0,5375.0,5395.0,42935.0,376108.0,378231.0
2025-11-19 11:00:00,5395.0,5400.0,5386.0,5388.0,16810.0,378231.0,381113.0
2025-11-19 13:00:00,5388.0,5393.0,5382.0,5382.0,14042.0,381113.0,383429.0
2025-11-19 14:00:00,5382.0,5390.0,5377.0,5381.0,37713.0,383429.0,388009.0
2025-11-19 21:00:00,5392.0,5398.0,5385.0,5389.0,47730.0,388009.0,392090.0
2025-11-19 22:00:00,5389.0,5391.0,5384.0,5387.0,12244.0,392090.0,390873.0
2025-11-20 09:00:00,5375.0,5388.0,5368.0,5377.0,43878.0,390873.0,397551.0
2025-11-20 10:00:00,5377.0,5382.0,5365.0,5367.0,26361.0,397551.0,402179.0
2025-11-20 11:00:00,5367.0,5378.0,5366.0,5377.0,18570.0,402179.0,401633.0
2025-11-20 13:00:00,5377.0,5378.0,5369.0,5371.0,11575.0,401633.0,402734.0
2025-11-20 14:00:00,5371.0,5373.0,5363.0,5366.0,27943.0,402734.0,402945.0
2025-11-20 21:00:00,5373.0,5389.0,5369.0,5385.0,48788.0,402945.0,406684.0
2025-11-20 22:00:00,5385.0,5386.0,5376.0,5378.0,15597.0,406684.0,406610.0
2025-11-21 09:00:00,5376.0,5379.0,5360.0,5361.0,28190.0,406610.0,409961.0
2025-11-21 10:00:00,5361.0,5362.0,5344.0,5346.0,34446.0,409961.0,417501.0
2025-11-21 11:00:00,5346.0,5350.0,5342.0,5343.0,12642.0,417501.0,420181.0
2025-11-21 13:00:00,5344.0,5357.0,5344.0,5354.0,14927.0,420181.0,420143.0
2025-11-21 14:00:00,5354.0,5359.0,5351.0,5353.0,25100.0,420143.0,416701.0
2025-11-21 21:00:00,5357.0,5360.0,5342.0,5345.0,31441.0,416701.0,422939.0
2025-11-21 22:00:00,5345.0,5347.0,5336.0,5337.0,24382.0,422939.0,424365.0
2025-11-24 09:00:00,5340.0,5362.0,5340.0,5355.0,39222.0,424365.0,425096.0
2025-11-24 10:00:00,5355.0,5362.0,5350.0,5359.0,13859.0,425096.0,424459.0
2025-11-24 11:00:00,5359.0,5361.0,5355.0,5360.0,8043.0,424459.0,425047.0
2025-11-24 13:00:00,5361.0,5385.0,5361.0,5383.0,28509.0,425047.0,421230.0
2025-11-24 14:00:00,5383.0,5387.0,5368.0,5370.0,30529.0,421230.0,417739.0
2025-11-24 21:00:00,5377.0,5382.0,5374.0,5376.0,29879.0,417739.0,418469.0
2025-11-24 22:00:00,5376.0,5378.0,5373.0,5377.0,10265.0,418469.0,417272.0
2025-11-25 09:00:00,5377.0,5385.0,5376.0,5382.0,19558.0,417272.0,414738.0
2025-11-25 10:00:00,5382.0,5404.0,5382.0,5386.0,40601.0,414738.0,409111.0
2025-11-25 11:00:00,5386.0,5389.0,5382.0,5386.0,8233.0,409111.0,408606.0
2025-11-25 13:00:00,5386.0,5393.0,5384.0,5390.0,8867.0,408606.0,407771.0
2025-11-25 14:00:00,5390.0,5391.0,5380.0,5387.0,17974.0,407771.0,406329.0
2025-11-25 21:00:00,5389.0,5402.0,5383.0,5388.0,54857.0,406329.0,407735.0
2025-11-25 22:00:00,5388.0,5389.0,5381.0,5386.0,15449.0,407735.0,405424.0
2025-11-26 09:00:00,5386.0,5393.0,5385.0,5393.0,18880.0,405424.0,402829.0
2025-11-26 10:00:00,5393.0,5395.0,5387.0,5391.0,13089.0,402829.0,399724.0
2025-11-26 11:00:00,5391.0,5396.0,5390.0,5392.0,9938.0,399724.0,397751.0
2025-11-26 13:00:00,5392.0,5398.0,5388.0,5390.0,10836.0,397751.0,396175.0
2025-11-26 14:00:00,5390.0,5393.0,5377.0,5379.0,30415.0,396175.0,394080.0
2025-11-26 21:00:00,5387.0,5398.0,5375.0,5398.0,38497.0,394080.0,396485.0
2025-11-26 22:00:00,5398.0,5402.0,5391.0,5391.0,23294.0,396485.0,393528.0
2025-11-27 09:00:00,5394.0,5413.0,5392.0,5403.0,45643.0,393528.0,384969.0
2025-11-27 10:00:00,5403.0,5409.0,5399.0,5403.0,15690.0,384969.0,381328.0
2025-11-27 11:00:00,5403.0,5408.0,5401.0,5403.0,8545.0,381328.0,380272.0
2025-11-27 13:00:00,5403.0,5403.0,5392.0,5401.0,18730.0,380272.0,380815.0
2025-11-27 14:00:00,5401.0,5407.0,5400.0,5403.0,18963.0,380815.0,377132.0
2025-11-27 21:00:00,5405.0,5412.0,5402.0,5410.0,34228.0,377132.0,374721.0
2025-11-27 22:00:00,5410.0,5418.0,5406.0,5411.0,24997.0,374721.0,373724.0
2025-11-28 09:00:00,5411.0,5416.0,5405.0,5406.0,25168.0,373724.0,371446.0
2025-11-28 10:00:00,5406.0,5413.0,5400.0,5409.0,20192.0,371446.0,367606.0
2025-11-28 11:00:00,5409.0,5410.0,5395.0,5398.0,14488.0,367606.0,365241.0
2025-11-28 13:00:00,5398.0,5403.0,5392.0,5403.0,11727.0,365241.0,364066.0
2025-11-28 14:00:00,5403.0,5406.0,5398.0,5400.0,16103.0,364066.0,361517.0
2025-11-28 21:00:00,5402.0,5405.0,5384.0,5397.0,37609.0,361517.0,360566.0
2025-11-28 22:00:00,5397.0,5400.0,5390.0,5396.0,24819.0,360566.0,359667.0
2025-12-01 09:00:00,5398.0,5405.0,5385.0,5390.0,25562.0,359667.0,357806.0
2025-12-01 10:00:00,5390.0,5400.0,5388.0,5399.0,14517.0,357806.0,355160.0
2025-12-01 11:00:00,5399.0,5404.0,5395.0,5404.0,8748.0,355160.0,353692.0
2025-12-01 13:00:00,5404.0,5405.0,5400.0,5401.0,7381.0,353692.0,352880.0
2025-12-01 14:00:00,5401.0,5407.0,5398.0,5405.0,15101.0,352880.0,350573.0
2025-12-01 21:00:00,5389.0,5390.0,5360.0,5386.0,59663.0,350573.0,351862.0
2025-12-01 22:00:00,5386.0,5400.0,5384.0,5398.0,28663.0,351862.0,348653.0
2025-12-02 09:00:00,5384.0,5390.0,5381.0,5385.0,22979.0,348653.0,347198.0
2025-12-02 10:00:00,5385.0,5393.0,5379.0,5384.0,15073.0,347198.0,344805.0
2025-12-02 11:00:00,5384.0,5388.0,5380.0,5381.0,7255.0,344805.0,343723.0
2025-12-02 13:00:00,5381.0,5383.0,5375.0,5376.0,9371.0,343723.0,343277.0
2025-12-02 14:00:00,5376.0,5391.0,5376.0,5382.0,20969.0,343277.0,338486.0
2025-12-02 21:00:00,5377.0,5380.0,5366.0,5368.0,46648.0,338486.0,338129.0
2025-12-02 22:00:00,5368.0,5377.0,5364.0,5364.0,19624.0,338129.0,337021.0
2025-12-03 09:00:00,5367.0,5373.0,5367.0,5369.0,15065.0,337021.0,336162.0
2025-12-03 10:00:00,5369.0,5373.0,5359.0,5373.0,16879.0,336162.0,335756.0
2025-12-03 11:00:00,5373.0,5374.0,5367.0,5372.0,9541.0,335756.0,333862.0
2025-12-03 13:00:00,5372.0,5376.0,5368.0,5372.0,8141.0,333862.0,332359.0
2025-12-03 14:00:00,5372.0,5373.0,5364.0,5366.0,17188.0,332359.0,330181.0
2025-12-03 21:00:00,5373.0,5373.0,5322.0,5323.0,77038.0,330181.0,334909.0
2025-12-03 22:00:00,5323.0,5325.0,5308.0,5314.0,36700.0,334909.0,339170.0
2025-12-04 09:00:00,5311.0,5333.0,5311.0,5311.0,42808.0,339170.0,340248.0
2025-12-04 10:00:00,5311.0,5334.0,5311.0,5318.0,21857.0,340248.0,336751.0
2025-12-04 11:00:00,5318.0,5319.0,5312.0,5315.0,11968.0,336751.0,336458.0
2025-12-04 13:00:00,5315.0,5320.0,5313.0,5316.0,9484.0,336458.0,335378.0
2025-12-04 14:00:00,5316.0,5340.0,5314.0,5328.0,39768.0,335378.0,329239.0
2025-12-04 21:00:00,5323.0,5341.0,5318.0,5328.0,41418.0,329239.0,328121.0
2025-12-04 22:00:00,5328.0,5329.0,5321.0,5326.0,10609.0,328121.0,327035.0
2025-12-05 09:00:00,5327.0,5331.0,5315.0,5317.0,26997.0,327035.0,326874.0
2025-12-05 10:00:00,5317.0,5319.0,5301.0,5302.0,22715.0,326874.0,326399.0
2025-12-05 11:00:00,5302.0,5319.0,5302.0,5314.0,16154.0,326399.0,324593.0
2025-12-05 13:00:00,5314.0,5318.0,5305.0,5310.0,13289.0,324593.0,322875.0
2025-12-05 14:00:00,5310.0,5310.0,5302.0,5303.0,21862.0,322875.0,317303.0
2025-12-05 21:00:00,5306.0,5332.0,5303.0,5330.0,40595.0,317303.0,315179.0
2025-12-05 22:00:00,5330.0,5332.0,5321.0,5324.0,20348.0,315179.0,310544.0
2025-12-08 09:00:00,5325.0,5328.0,5316.0,5326.0,18359.0,310544.0,308053.0
2025-12-08 10:00:00,5326.0,5346.0,5325.0,5334.0,31253.0,308053.0,301721.0
2025-12-08 11:00:00,5334.0,5349.0,5327.0,5347.0,23373.0,301721.0,298115.0
2025-12-08 13:00:00,5347.0,5354.0,5336.0,5337.0,21905.0,298115.0,293914.0
2025-12-08 14:00:00,5337.0,5342.0,5330.0,5337.0,17952.0,293914.0,289716.0
2025-12-08 21:00:00,5335.0,5345.0,5320.0,5339.0,46377.0,289716.0,282574.0
2025-12-08 22:00:00,5339.0,5341.0,5332.0,5339.0,13931.0,282574.0,279369.0
2025-12-09 09:00:00,5339.0,5349.0,5331.0,5343.0,26262.0,279369.0,274710.0
2025-12-09 10:00:00,5343.0,5344.0,5335.0,5340.0,12253.0,274710.0,272485.0
2025-12-09 11:00:00,5340.0,5350.0,5338.0,5349.0,12712.0,272485.0,270738.0
2025-12-09 13:00:00,5350.0,5356.0,5343.0,5345.0,18193.0,270738.0,265937.0
2025-12-09 14:00:00,5345.0,5349.0,5338.0,5343.0,19724.0,265937.0,260496.0
2025-12-09 21:00:00,5342.0,5345.0,5333.0,5337.0,25872.0,260496.0,259526.0
2025-12-09 22:00:00,5337.0,5345.0,5335.0,5344.0,19705.0,259526.0,255697.0
2025-12-10 09:00:00,5339.0,5343.0,5313.0,5324.0,30041.0,255697.0,252838.0
2025-12-10 10:00:00,5324.0,5331.0,5320.0,5327.0,12606.0,252838.0,250206.0
2025-12-10 11:00:00,5327.0,5329.0,5324.0,5327.0,5661.0,250206.0,248070.0
2025-12-10 13:00:00,5327.0,5339.0,5324.0,5329.0,10006.0,248070.0,245936.0
2025-12-10 14:00:00,5329.0,5331.0,5321.0,5328.0,17779.0,245936.0,241499.0
2025-12-10 21:00:00,5230.0,5246.0,5221.0,5235.0,74916.0,241499.0,360289.0
2025-12-10 22:00:00,5235.0,5237.0,5226.0,5228.0,25566.0,360289.0,367834.0
2025-12-11 09:00:00,5229.0,5235.0,5225.0,5225.0,30413.0,367834.0,374698.0
2025-12-11 10:00:00,5225.0,5232.0,5215.0,5229.0,26811.0,374698.0,380844.0
2025-12-11 11:00:00,5229.0,5238.0,5229.0,5231.0,16658.0,380844.0,382724.0
2025-12-11 13:00:00,5232.0,5234.0,5228.0,5231.0,9147.0,382724.0,384159.0
2025-12-11 14:00:00,5231.0,5245.0,5224.0,5245.0,39992.0,384159.0,391467.0
2025-12-11 21:00:00,5242.0,5249.0,5224.0,5229.0,55312.0,391467.0,401809.0
2025-12-11 22:00:00,5229.0,5236.0,5226.0,5231.0,19488.0,401809.0,400845.0
2025-12-12 09:00:00,5231.0,5247.0,5227.0,5235.0,40825.0,400845.0,400126.0
2025-12-12 10:00:00,5235.0,5244.0,5220.0,5221.0,28372.0,400126.0,404422.0
2025-12-12 11:00:00,5221.0,5225.0,5216.0,5220.0,16112.0,404422.0,408412.0
2025-12-12 13:00:00,5220.0,5223.0,5210.0,5210.0,20466.0,408412.0,412665.0
2025-12-12 14:00:00,5210.0,5219.0,5208.0,5214.0,40165.0,412665.0,416939.0
2025-12-12 21:00:00,5226.0,5242.0,5226.0,5231.0,54347.0,416939.0,415755.0
2025-12-12 22:00:00,5231.0,5234.0,5225.0,5230.0,22621.0,415755.0,416631.0
2025-12-15 09:00:00,5229.0,5236.0,5225.0,5236.0,24571.0,416631.0,419033.0
2025-12-15 10:00:00,5236.0,5237.0,5229.0,5230.0,15486.0,419033.0,419193.0
2025-12-15 11:00:00,5230.0,5233.0,5223.0,5224.0,11578.0,419193.0,420411.0
2025-12-15 13:00:00,5225.0,5230.0,5222.0,5223.0,10888.0,420411.0,421587.0
2025-12-15 14:00:00,5223.0,5226.0,5205.0,5207.0,48591.0,421587.0,429498.0
2025-12-15 21:00:00,5209.0,5211.0,5167.0,5168.0,110876.0,429498.0,453836.0
2025-12-15 22:00:00,5168.0,5169.0,5155.0,5157.0,37142.0,453836.0,459488.0
2025-12-16 09:00:00,5157.0,5175.0,5153.0,5165.0,43343.0,459488.0,460697.0
2025-12-16 10:00:00,5165.0,5174.0,5162.0,5168.0,20776.0,460697.0,462623.0
2025-12-16 11:00:00,5168.0,5169.0,5155.0,5158.0,13857.0,462623.0,466223.0
2025-12-16 13:00:00,5158.0,5158.0,5142.0,5142.0,28353.0,466223.0,473738.0
2025-12-16 14:00:00,5142.0,5146.0,5132.0,5133.0,58786.0,473738.0,481426.0
2025-12-16 21:00:00,5142.0,5144.0,5124.0,5131.0,74589.0,481426.0,488602.0
2025-12-16 22:00:00,5131.0,5137.0,5127.0,5132.0,25021.0,488602.0,488181.0
2025-12-17 09:00:00,5130.0,5139.0,5124.0,5136.0,42221.0,488181.0,488297.0
2025-12-17 10:00:00,5136.0,5137.0,5127.0,5136.0,16760.0,488297.0,488777.0
2025-12-17 11:00:00,5136.0,5151.0,5136.0,5149.0,32265.0,488777.0,488546.0
2025-12-17 13:00:00,5149.0,5160.0,5149.0,5151.0,26207.0,488546.0,486354.0
2025-12-17 14:00:00,5151.0,5152.0,5132.0,5139.0,36340.0,486354.0,487935.0
2025-12-17 21:00:00,5139.0,5156.0,5134.0,5156.0,61739.0,487935.0,491476.0
2025-12-17 22:00:00,5156.0,5165.0,5149.0,5155.0,36088.0,491476.0,488359.0
2025-12-18 09:00:00,5154.0,5157.0,5134.0,5135.0,36332.0,488359.0,491775.0
2025-12-18 10:00:00,5135.0,5137.0,5110.0,5111.0,57981.0,491775.0,503215.0
2025-12-18 11:00:00,5111.0,5115.0,5108.0,5110.0,16464.0,503215.0,506618.0
2025-12-18 13:00:00,5110.0,5114.0,5108.0,5113.0,15587.0,506618.0,509269.0
2025-12-18 14:00:00,5113.0,5115.0,5099.0,5102.0,51742.0,509269.0,518010.0
2025-12-18 21:00:00,5087.0,5095.0,5072.0,5087.0,104110.0,518010.0,522898.0
2025-12-18 22:00:00,5087.0,5095.0,5083.0,5089.0,35766.0,522898.0,520631.0
2025-12-19 09:00:00,5089.0,5106.0,5082.0,5094.0,45089.0,520631.0,520477.0
2025-12-19 10:00:00,5094.0,5099.0,5080.0,5085.0,28372.0,520477.0,521726.0
2025-12-19 11:00:00,5085.0,5086.0,5080.0,5082.0,14352.0,521726.0,522446.0
2025-12-19 13:00:00,5082.0,5086.0,5080.0,5081.0,12595.0,522446.0,523246.0
2025-12-19 14:00:00,5081.0,5092.0,5080.0,5088.0,33850.0,523246.0,523226.0
2025-12-19 21:00:00,5102.0,5128.0,5095.0,5110.0,93819.0,523226.0,523143.0
2025-12-19 22:00:00,5110.0,5114.0,5103.0,5109.0,27384.0,523143.0,521857.0
2025-12-22 09:00:00,5113.0,5145.0,5113.0,5139.0,76086.0,521857.0,514420.0
2025-12-22 10:00:00,5139.0,5144.0,5131.0,5133.0,27858.0,514420.0,512331.0
2025-12-22 11:00:00,5133.0,5136.0,5120.0,5128.0,19288.0,512331.0,512881.0
2025-12-22 13:00:00,5128.0,5138.0,5126.0,5127.0,15823.0,512881.0,514090.0
2025-12-22 14:00:00,5127.0,5130.0,5121.0,5126.0,27531.0,514090.0,513067.0
2025-12-22 21:00:00,5139.0,5151.0,5133.0,5146.0,59207.0,513067.0,510529.0
2025-12-22 22:00:00,5146.0,5148.0,5135.0,5144.0,30567.0,510529.0,508831.0
2025-12-23 09:00:00,5144.0,5145.0,5134.0,5139.0,32189.0,508831.0,510382.0
2025-12-23 10:00:00,5139.0,5143.0,5136.0,5140.0,16004.0,510382.0,509654.0
2025-12-23 11:00:00,5140.0,5145.0,5138.0,5144.0,8322.0,509654.0,509297.0
2025-12-23 13:00:00,5144.0,5151.0,5138.0,5143.0,28482.0,509297.0,512643.0
2025-12-23 14:00:00,5143.0,5155.0,5143.0,5155.0,32604.0,512643.0,508950.0
2025-12-23 21:00:00,5156.0,5196.0,5156.0,5193.0,114240.0,508950.0,496091.0
2025-12-23 22:00:00,5193.0,5194.0,5183.0,5192.0,40665.0,496091.0,491972.0
2025-12-24 09:00:00,5195.0,5223.0,5195.0,5222.0,103434.0,491972.0,483399.0
2025-12-24 10:00:00,5222.0,5231.0,5218.0,5225.0,56466.0,483399.0,477916.0
2025-12-24 11:00:00,5225.0,5238.0,5225.0,5233.0,30671.0,477916.0,475031.0
2025-12-24 13:00:00,5234.0,5247.0,5234.0,5242.0,31527.0,475031.0,473195.0
2025-12-24 14:00:00,5242.0,5263.0,5241.0,5262.0,86095.0,473195.0,466248.0
2025-12-24 21:00:00,5266.0,5276.0,5259.0,5263.0,112158.0,466248.0,463824.0
2025-12-24 22:00:00,5263.0,5276.0,5262.0,5275.0,39945.0,463824.0,460864.0
2025-12-25 09:00:00,5274.0,5278.0,5261.0,5263.0,63319.0,460864.0,459765.0
2025-12-25 10:00:00,5263.0,5271.0,5259.0,5269.0,29608.0,459765.0,458169.0
2025-12-25 11:00:00,5269.0,5271.0,5264.0,5270.0,12862.0,458169.0,458434.0
2025-12-25 13:00:00,5270.0,5271.0,5263.0,5268.0,15430.0,458434.0,458118.0
2025-12-25 14:00:00,5268.0,5270.0,5263.0,5269.0,25404.0,458118.0,455396.0
2025-12-25 21:00:00,5262.0,5272.0,5246.0,5269.0,64053.0,455396.0,456711.0
2025-12-25 22:00:00,5269.0,5274.0,5265.0,5270.0,27224.0,456711.0,452156.0
2025-12-26 09:00:00,5270.0,5287.0,5268.0,5285.0,53381.0,452156.0,452160.0
2025-12-26 10:00:00,5285.0,5295.0,5279.0,5290.0,36159.0,452160.0,452665.0
2025-12-26 11:00:00,5290.0,5295.0,5281.0,5284.0,21978.0,452665.0,452303.0
2025-12-26 13:00:00,5283.0,5294.0,5283.0,5292.0,14297.0,452303.0,452335.0
2025-12-26 14:00:00,5292.0,5296.0,5281.0,5285.0,37412.0,452335.0,448934.0
2025-12-26 21:00:00,5278.0,5280.0,5265.0,5271.0,57304.0,448934.0,446073.0
2025-12-26 22:00:00,5271.0,5275.0,5260.0,5274.0,27343.0,446073.0,444541.0
2025-12-29 09:00:00,5271.0,5272.0,5235.0,5238.0,63990.0,444541.0,440750.0
2025-12-29 10:00:00,5238.0,5245.0,5224.0,5243.0,48567.0,440750.0,437050.0
2025-12-29 11:00:00,5243.0,5252.0,5242.0,5245.0,12032.0,437050.0,436833.0
2025-12-29 13:00:00,5245.0,5253.0,5245.0,5249.0,13414.0,436833.0,436964.0
2025-12-29 14:00:00,5249.0,5257.0,5246.0,5253.0,38424.0,436964.0,432294.0
2025-12-29 21:00:00,5260.0,5260.0,5241.0,5250.0,63187.0,432294.0,434077.0
2025-12-29 22:00:00,5250.0,5267.0,5241.0,5263.0,33967.0,434077.0,430748.0
2025-12-30 09:00:00,5262.0,5267.0,5257.0,5261.0,31381.0,430748.0,427548.0
2025-12-30 10:00:00,5261.0,5271.0,5255.0,5264.0,21683.0,427548.0,426681.0
2025-12-30 11:00:00,5264.0,5266.0,5258.0,5263.0,10842.0,426681.0,427502.0
2025-12-30 13:00:00,5263.0,5266.0,5255.0,5258.0,13698.0,427502.0,426583.0
2025-12-30 14:00:00,5258.0,5262.0,5253.0,5258.0,27507.0,426583.0,425612.0
2025-12-30 21:00:00,5253.0,5256.0,5232.0,5235.0,56110.0,425612.0,427752.0
2025-12-30 22:00:00,5235.0,5247.0,5234.0,5244.0,24515.0,427752.0,424258.0
2025-12-31 09:00:00,5243.0,5250.0,5236.0,5240.0,37676.0,424258.0,422346.0
2025-12-31 10:00:00,5240.0,5247.0,5229.0,5230.0,23944.0,422346.0,421164.0
2025-12-31 11:00:00,5230.0,5241.0,5230.0,5235.0,13444.0,421164.0,420580.0
2025-12-31 13:00:00,5235.0,5246.0,5235.0,5246.0,16824.0,420580.0,418919.0
2025-12-31 14:00:00,5246.0,5255.0,5243.0,5251.0,27840.0,418919.0,415659.0
2026-01-05 09:00:00,5222.0,5236.0,5205.0,5231.0,55178.0,415659.0,419307.0
2026-01-05 10:00:00,5231.0,5240.0,5225.0,5235.0,20342.0,419307.0,421076.0
2026-01-05 11:00:00,5235.0,5244.0,5234.0,5240.0,11224.0,421076.0,422153.0
2026-01-05 13:00:00,5240.0,5246.0,5232.0,5245.0,14778.0,422153.0,422052.0
2026-01-05 14:00:00,5245.0,5260.0,5237.0,5257.0,34584.0,422052.0,422565.0
2026-01-05 21:00:00,5257.0,5257.0,5231.0,5245.0,45373.0,422565.0,425251.0
2026-01-05 22:00:00,5245.0,5251.0,5238.0,5248.0,19479.0,425251.0,424752.0
2026-01-06 09:00:00,5248.0,5267.0,5243.0,5264.0,43758.0,424752.0,428986.0
2026-01-06 10:00:00,5264.0,5265.0,5250.0,5251.0,27729.0,428986.0,427545.0
2026-01-06 11:00:00,5251.0,5257.0,5247.0,5250.0,10125.0,427545.0,427457.0
2026-01-06 13:00:00,5249.0,5256.0,5244.0,5255.0,15355.0,427457.0,427896.0
2026-01-06 14:00:00,5255.0,5262.0,5251.0,5259.0,26085.0,427896.0,427408.0
2026-01-06 21:00:00,5260.0,5285.0,5255.0,5282.0,69096.0,427408.0,433606.0
2026-01-06 22:00:00,5282.0,5288.0,5275.0,5285.0,30064.0,433606.0,434361.0
2026-01-07 09:00:00,5286.0,5286.0,5261.0,5271.0,43993.0,434361.0,431948.0
2026-01-07 10:00:00,5271.0,5282.0,5270.0,5274.0,20093.0,431948.0,434631.0
2026-01-07 11:00:00,5274.0,5275.0,5266.0,5272.0,13962.0,434631.0,435851.0
2026-01-07 13:00:00,5272.0,5275.0,5265.0,5275.0,13765.0,435851.0,436516.0
2026-01-07 14:00:00,5275.0,5287.0,5274.0,5281.0,40936.0,436516.0,439946.0
2026-01-07 21:00:00,5299.0,5308.0,5286.0,5298.0,68253.0,439946.0,443476.0
2026-01-07 22:00:00,5298.0,5298.0,5278.0,5286.0,29253.0,443476.0,439994.0
2026-01-08 09:00:00,5285.0,5291.0,5275.0,5286.0,26171.0,439994.0,438717.0
2026-01-08 10:00:00,5286.0,5290.0,5270.0,5273.0,21194.0,438717.0,436982.0
2026-01-08 11:00:00,5273.0,5275.0,5261.0,5263.0,17046.0,436982.0,433583.0
2026-01-08 13:00:00,5263.0,5273.0,5255.0,5273.0,23087.0,433583.0,430618.0
2026-01-08 14:00:00,5273.0,5286.0,5269.0,5279.0,33366.0,430618.0,429678.0
2026-01-08 21:00:00,5283.0,5288.0,5264.0,5272.0,39474.0,429678.0,430632.0
2026-01-08 22:00:00,5272.0,5279.0,5267.0,5279.0,19318.0,430632.0,429861.0
2026-01-09 09:00:00,5278.0,5298.0,5278.0,5292.0,44296.0,429861.0,431045.0
2026-01-09 10:00:00,5292.0,5300.0,5286.0,5294.0,20816.0,431045.0,432328.0
2026-01-09 11:00:00,5294.0,5294.0,5285.0,5288.0,8501.0,432328.0,431950.0
2026-01-09 13:00:00,5288.0,5294.0,5288.0,5293.0,9509.0,431950.0,432228.0
2026-01-09 14:00:00,5293.0,5293.0,5284.0,5288.0,20957.0,432228.0,432813.0
2026-01-09 21:00:00,5287.0,5300.0,5275.0,5280.0,61045.0,432813.0,436533.0
2026-01-09 22:00:00,5280.0,5292.0,5275.0,5284.0,24120.0,436533.0,434005.0
2026-01-12 09:00:00,5284.0,5293.0,5271.0,5272.0,31269.0,434005.0,435119.0
2026-01-12 10:00:00,5272.0,5291.0,5272.0,5289.0,18171.0,435119.0,435866.0
2026-01-12 11:00:00,5289.0,5292.0,5286.0,5288.0,8728.0,435866.0,435837.0
2026-01-12 13:00:00,5290.0,5292.0,5284.0,5287.0,12790.0,435837.0,434888.0
2026-01-12 14:00:00,5287.0,5297.0,5278.0,5285.0,34404.0,434888.0,431396.0
2026-01-12 21:00:00,5281.0,5284.0,5238.0,5243.0,86383.0,431396.0,437691.0
2026-01-12 22:00:00,5243.0,5262.0,5241.0,5257.0,38948.0,437691.0,433341.0
2026-01-13 09:00:00,5259.0,5274.0,5255.0,5272.0,28050.0,433341.0,433951.0
2026-01-13 10:00:00,5272.0,5273.0,5261.0,5273.0,16856.0,433951.0,433499.0
2026-01-13 11:00:00,5273.0,5277.0,5269.0,5272.0,11330.0,433499.0,433580.0
2026-01-13 13:00:00,5273.0,5275.0,5264.0,5266.0,10716.0,433580.0,432519.0
2026-01-13 14:00:00,5266.0,5266.0,5250.0,5253.0,28963.0,432519.0,429949.0
2026-01-13 21:00:00,5258.0,5275.0,5255.0,5269.0,39651.0,429949.0,431250.0
2026-01-13 22:00:00,5269.0,5277.0,5267.0,5274.0,19153.0,431250.0,429693.0
2026-01-14 09:00:00,5271.0,5287.0,5268.0,5283.0,35697.0,429693.0,430833.0
2026-01-14 10:00:00,5283.0,5294.0,5281.0,5292.0,25271.0,430833.0,431550.0
2026-01-14 11:00:00,5292.0,5313.0,5291.0,5302.0,53491.0,431550.0,435311.0
2026-01-14 13:00:00,5301.0,5301.0,5279.0,5280.0,25331.0,435311.0,432416.0
2026-01-14 14:00:00,5280.0,5299.0,5278.0,5299.0,30279.0,432416.0,428965.0
2026-01-14 21:00:00,5299.0,5299.0,5278.0,5283.0,45843.0,428965.0,427582.0
2026-01-14 22:00:00,5283.0,5287.0,5279.0,5280.0,18758.0,427582.0,425411.0
2026-01-15 09:00:00,5280.0,5282.0,5259.0,5264.0,40525.0,425411.0,423916.0
2026-01-15 10:00:00,5264.0,5272.0,5262.0,5270.0,13905.0,423916.0,423683.0
2026-01-15 11:00:00,5270.0,5272.0,5263.0,5265.0,6402.0,423683.0,423800.0
2026-01-15 13:00:00,5265.0,5277.0,5265.0,5274.0,11073.0,423800.0,423879.0
2026-01-15 14:00:00,5274.0,5283.0,5272.0,5280.0,25976.0,423879.0,425270.0
2026-01-15 21:00:00,5271.0,5275.0,5246.0,5270.0,69596.0,425270.0,425164.0
2026-01-15 22:00:00,5270.0,5279.0,5268.0,5275.0,23219.0,425164.0,425532.0
2026-01-16 09:00:00,5275.0,5279.0,5264.0,5269.0,26470.0,425532.0,425280.0
2026-01-16 10:00:00,5269.0,5272.0,5255.0,5263.0,21458.0,425280.0,425824.0
2026-01-16 11:00:00,5263.0,5264.0,5257.0,5262.0,8357.0,425824.0,426130.0
2026-01-16 13:00:00,5261.0,5263.0,5256.0,5263.0,8610.0,426130.0,426857.0
2026-01-16 14:00:00,5263.0,5264.0,5254.0,5258.0,20059.0,426857.0,426717.0
2026-01-16 21:00:00,5274.0,5278.0,5252.0,5253.0,58735.0,426717.0,433141.0
2026-01-16 22:00:00,5253.0,5256.0,5230.0,5242.0,52264.0,433141.0,432317.0
2026-01-19 09:00:00,5247.0,5271.0,5247.0,5263.0,51837.0,432317.0,428963.0
2026-01-19 10:00:00,5263.0,5263.0,5247.0,5248.0,16504.0,428963.0,429677.0
2026-01-19 11:00:00,5248.0,5253.0,5246.0,5248.0,7909.0,429677.0,429549.0
2026-01-19 13:00:00,5248.0,5255.0,5248.0,5249.0,9729.0,429549.0,429144.0
2026-01-19 14:00:00,5249.0,5253.0,5244.0,5244.0,20202.0,429144.0,427297.0
2026-01-19 21:00:00,5244.0,5249.0,5210.0,5225.0,67266.0,427297.0,432245.0
2026-01-19 22:00:00,5225.0,5240.0,5218.0,5233.0,26491.0,432245.0,428764.0
2026-01-20 09:00:00,5237.0,5238.0,5220.0,5220.0,24763.0,428764.0,428350.0
2026-01-20 10:00:00,5220.0,5226.0,5218.0,5219.0,14369.0,428350.0,429964.0
2026-01-20 11:00:00,5219.0,5224.0,5215.0,5221.0,11366.0,429964.0,429631.0
2026-01-20 13:00:00,5221.0,5226.0,5216.0,5217.0,10934.0,429631.0,429948.0
2026-01-20 14:00:00,5217.0,5219.0,5177.0,5183.0,84600.0,429948.0,438833.0
2026-01-20 21:00:00,5183.0,5204.0,5176.0,5182.0,52029.0,438833.0,443925.0
2026-01-20 22:00:00,5182.0,5191.0,5181.0,5188.0,23292.0,443925.0,442284.0
2026-01-21 09:00:00,5175.0,5178.0,5155.0,5161.0,51321.0,442284.0,447972.0
2026-01-21 10:00:00,5161.0,5162.0,5148.0,5150.0,24842.0,447972.0,451772.0
2026-01-21 11:00:00,5150.0,5161.0,5149.0,5154.0,15709.0,451772.0,450987.0
2026-01-21 13:00:00,5155.0,5161.0,5147.0,5147.0,17469.0,450987.0,453683.0
2026-01-21 14:00:00,5147.0,5153.0,5138.0,5144.0,38688.0,453683.0,461359.0
2026-01-21 21:00:00,5151.0,5154.0,5135.0,5146.0,55010.0,461359.0,462932.0
2026-01-21 22:00:00,5146.0,5151.0,5137.0,5138.0,19685.0,462932.0,464157.0
2026-01-22 09:00:00,5135.0,5140.0,5124.0,5133.0,45585.0,464157.0,469132.0
2026-01-22 10:00:00,5133.0,5141.0,5131.0,5135.0,16532.0,469132.0,471474.0
2026-01-22 11:00:00,5135.0,5140.0,5131.0,5135.0,11840.0,471474.0,473663.0
2026-01-22 13:00:00,5135.0,5140.0,5131.0,5133.0,13624.0,473663.0,476961.0
2026-01-22 14:00:00,5133.0,5160.0,5132.0,5158.0,58925.0,476961.0,477452.0
2026-01-22 21:00:00,5159.0,5174.0,5153.0,5172.0,62560.0,477452.0,475145.0
2026-01-22 22:00:00,5172.0,5175.0,5166.0,5173.0,22509.0,475145.0,474756.0
2026-01-23 09:00:00,5174.0,5189.0,5168.0,5188.0,42136.0,474756.0,473484.0
2026-01-23 10:00:00,5188.0,5198.0,5181.0,5181.0,29833.0,473484.0,470749.0
2026-01-23 11:00:00,5181.0,5189.0,5177.0,5180.0,11512.0,470749.0,470217.0
2026-01-23 13:00:00,5180.0,5189.0,5180.0,5187.0,9798.0,470217.0,469435.0
2026-01-23 14:00:00,5187.0,5187.0,5177.0,5180.0,22635.0,469435.0,466645.0
2026-01-23 21:00:00,5170.0,5181.0,5160.0,5180.0,51776.0,466645.0,468196.0
2026-01-23 22:00:00,5180.0,5184.0,5163.0,5168.0,29413.0,468196.0,468005.0
2026-01-26 09:00:00,5167.0,5195.0,5167.0,5178.0,47906.0,468005.0,468854.0
2026-01-26 10:00:00,5178.0,5185.0,5170.0,5171.0,19250.0,468854.0,467286.0
2026-01-26 11:00:00,5171.0,5178.0,5165.0,5174.0,17485.0,467286.0,466805.0
2026-01-26 13:00:00,5175.0,5175.0,5168.0,5169.0,11305.0,466805.0,468396.0
2026-01-26 14:00:00,5169.0,5174.0,5166.0,5172.0,23000.0,468396.0,467975.0
2026-01-26 21:00:00,5177.0,5181.0,5159.0,5162.0,51269.0,467975.0,471146.0
2026-01-26 22:00:00,5162.0,5185.0,5161.0,5170.0,33833.0,471146.0,469046.0
2026-01-27 09:00:00,5170.0,5172.0,5155.0,5159.0,34961.0,469046.0,473712.0
2026-01-27 10:00:00,5159.0,5164.0,5157.0,5159.0,14940.0,473712.0,474104.0
2026-01-27 11:00:00,5159.0,5162.0,5154.0,5162.0,11605.0,474104.0,474316.0
2026-01-27 13:00:00,5161.0,5175.0,5160.0,5171.0,21392.0,474316.0,473625.0
2026-01-27 14:00:00,5171.0,5174.0,5162.0,5168.0,22426.0,473625.0,472603.0
2026-01-27 21:00:00,5170.0,5183.0,5160.0,5178.0,44307.0,472603.0,475272.0
2026-01-27 22:00:00,5178.0,5179.0,5164.0,5165.0,26672.0,475272.0,472568.0
2026-01-28 09:00:00,5165.0,5176.0,5165.0,5166.0,21621.0,472568.0,472717.0
2026-01-28 10:00:00,5166.0,5175.0,5165.0,5168.0,13362.0,472717.0,473517.0
2026-01-28 11:00:00,5168.0,5177.0,5168.0,5174.0,8939.0,473517.0,473327.0
2026-01-28 13:00:00,5174.0,5177.0,5170.0,5174.0,9776.0,473327.0,473759.0
2026-01-28 14:00:00,5174.0,5194.0,5173.0,5187.0,47824.0,473759.0,473871.0
2026-01-28 21:00:00,5184.0,5219.0,5178.0,5213.0,100189.0,473871.0,472712.0
2026-01-28 22:00:00,5213.0,5231.0,5213.0,5222.0,57530.0,472712.0,466193.0
2026-01-29 09:00:00,5223.0,5252.0,5220.0,5251.0,69054.0,466193.0,466550.0
2026-01-29 10:00:00,5251.0,5258.0,5240.0,5258.0,33095.0,466550.0,465791.0
2026-01-29 11:00:00,5258.0,5262.0,5252.0,5254.0,19031.0,465791.0,464900.0
2026-01-29 13:00:00,5255.0,5266.0,5255.0,5265.0,22959.0,464900.0,466483.0
2026-01-29 14:00:00,5265.0,5266.0,5253.0,5257.0,40909.0,466483.0,463208.0
2026-01-29 21:00:00,5249.0,5273.0,5248.0,5259.0,75978.0,463208.0,464220.0
2026-01-29 22:00:00,5259.0,5280.0,5259.0,5273.0,44443.0,464220.0,462639.0
2026-01-30 09:00:00,5270.0,5281.0,5250.0,5255.0,68094.0,462639.0,464064.0
2026-01-30 10:00:00,5255.0,5264.0,5235.0,5257.0,53284.0,464064.0,456527.0
2026-01-30 11:00:00,5257.0,5269.0,5253.0,5266.0,18203.0,456527.0,457301.0
2026-01-30 13:00:00,5266.0,5271.0,5261.0,5264.0,17348.0,457301.0,456429.0
2026-01-30 14:00:00,5264.0,5264.0,5243.0,5248.0,37939.0,456429.0,452137.0
2026-01-30 21:00:00,5229.0,5232.0,5199.0,5228.0,105552.0,452137.0,455012.0
2026-01-30 22:00:00,5228.0,5243.0,5222.0,5226.0,48150.0,455012.0,452502.0
2026-02-02 09:00:00,5222.0,5224.0,5205.0,5218.0,55220.0,452502.0,450211.0
2026-02-02 10:00:00,5218.0,5223.0,5207.0,5207.0,20957.0,450211.0,450631.0
2026-02-02 11:00:00,5207.0,5212.0,5204.0,5212.0,14390.0,450631.0,449934.0
2026-02-02 13:00:00,5212.0,5215.0,5193.0,5213.0,33894.0,449934.0,446266.0
2026-02-02 14:00:00,5213.0,5221.0,5203.0,5207.0,41592.0,446266.0,441083.0
2026-02-02 21:00:00,5215.0,5219.0,5202.0,5210.0,48794.0,441083.0,443091.0
2026-02-02 22:00:00,5210.0,5213.0,5192.0,5197.0,33079.0,443091.0,443853.0
2026-02-03 09:00:00,5200.0,5221.0,5200.0,5210.0,41474.0,443853.0,445719.0
2026-02-03 10:00:00,5210.0,5213.0,5182.0,5189.0,43122.0,445719.0,445503.0
2026-02-03 11:00:00,5189.0,5191.0,5180.0,5182.0,19767.0,445503.0,446967.0
2026-02-03 13:00:00,5184.0,5187.0,5163.0,5163.0,42475.0,446967.0,452431.0
2026-02-03 14:00:00,5163.0,5170.0,5156.0,5167.0,55613.0,452431.0,451499.0
2026-02-03 21:00:00,5196.0,5231.0,5185.0,5211.0,111636.0,451499.0,454105.0
2026-02-03 22:00:00,5211.0,5212.0,5205.0,5207.0,17111.0,454105.0,453809.0
2026-02-04 09:00:00,5213.0,5213.0,5198.0,5200.0,27175.0,453809.0,454204.0
2026-02-04 10:00:00,5200.0,5208.0,5195.0,5198.0,17895.0,454204.0,453835.0
2026-02-04 11:00:00,5198.0,5212.0,5197.0,5208.0,13509.0,453835.0,452428.0
2026-02-04 13:00:00,5209.0,5212.0,5204.0,5208.0,10027.0,452428.0,452893.0
2026-02-04 14:00:00,5208.0,5212.0,5203.0,5210.0,18498.0,452893.0,451761.0
2026-02-04 21:00:00,5205.0,5229.0,5198.0,5221.0,60458.0,451761.0,457809.0
2026-02-04 22:00:00,5221.0,5225.0,5209.0,5213.0,27707.0,457809.0,453765.0
2026-02-05 09:00:00,5213.0,5238.0,5207.0,5232.0,49930.0,453765.0,455036.0
2026-02-05 10:00:00,5232.0,5236.0,5220.0,5224.0,37854.0,455036.0,451407.0
2026-02-05 11:00:00,5224.0,5235.0,5222.0,5227.0,13686.0,451407.0,450605.0
2026-02-05 13:00:00,5227.0,5235.0,5227.0,5231.0,14237.0,450605.0,449412.0
2026-02-05 14:00:00,5231.0,5237.0,5215.0,5224.0,37615.0,449412.0,443522.0
2026-02-05 21:00:00,5215.0,5249.0,5210.0,5228.0,76938.0,443522.0,445788.0
2026-02-05 22:00:00,5228.0,5250.0,5226.0,5241.0,40706.0,445788.0,447721.0
2026-02-06 09:00:00,5242.0,5242.0,5222.0,5241.0,52982.0,447721.0,448875.0
2026-02-06 10:00:00,5241.0,5242.0,5215.0,5215.0,31477.0,448875.0,449962.0
2026-02-06 11:00:00,5215.0,5226.0,5215.0,5224.0,11816.0,449962.0,449325.0
2026-02-06 13:00:00,5223.0,5232.0,5223.0,5232.0,12897.0,449325.0,448984.0
2026-02-06 14:00:00,5232.0,5239.0,5225.0,5228.0,31309.0,448984.0,446908.0
2026-02-06 21:00:00,5225.0,5243.0,5217.0,5237.0,65792.0,446908.0,451138.0
2026-02-06 22:00:00,5237.0,5242.0,5224.0,5234.0,29053.0,451138.0,448249.0
2026-02-09 09:00:00,5233.0,5238.0,5223.0,5231.0,28830.0,448249.0,448927.0
2026-02-09 10:00:00,5231.0,5237.0,5223.0,5230.0,20416.0,448927.0,447301.0
2026-02-09 11:00:00,5230.0,5241.0,5230.0,5239.0,12436.0,447301.0,447345.0
2026-02-09 13:00:00,5239.0,5272.0,5239.0,5264.0,57760.0,447345.0,454430.0
2026-02-09 14:00:00,5264.0,5265.0,5247.0,5261.0,39137.0,454430.0,453913.0
2026-02-09 21:00:00,5256.0,5275.0,5254.0,5273.0,60094.0,453913.0,460287.0
2026-02-09 22:00:00,5273.0,5291.0,5271.0,5289.0,66272.0,460287.0,462909.0
2026-02-10 09:00:00,5288.0,5295.0,5281.0,5289.0,43680.0,462909.0,465969.0
2026-02-10 10:00:00,5289.0,5290.0,5266.0,5266.0,32894.0,465969.0,463755.0
2026-02-10 11:00:00,5266.0,5278.0,5266.0,5272.0,12933.0,463755.0,462506.0
2026-02-10 13:00:00,5272.0,5279.0,5268.0,5277.0,16356.0,462506.0,460221.0
2026-02-10 14:00:00,5277.0,5282.0,5270.0,5278.0,25610.0,460221.0,458437.0
2026-02-10 21:00:00,5287.0,5290.0,5277.0,5281.0,37005.0,458437.0,458298.0
2026-02-10 22:00:00,5281.0,5286.0,5275.0,5281.0,17290.0,458298.0,456809.0
2026-02-11 09:00:00,5275.0,5284.0,5270.0,5282.0,25331.0,456809.0,456268.0
2026-02-11 10:00:00,5282.0,5284.0,5266.0,5273.0,21021.0,456268.0,456449.0
2026-02-11 11:00:00,5273.0,5274.0,5258.0,5263.0,17358.0,456449.0,454551.0
2026-02-11 13:00:00,5263.0,5274.0,5259.0,5272.0,15287.0,454551.0,453778.0
2026-02-11 14:00:00,5272.0,5278.0,5261.0,5266.0,23876.0,453778.0,451856.0
2026-02-11 21:00:00,5258.0,5262.0,5244.0,5258.0,53794.0,451856.0,449606.0
2026-02-11 22:00:00,5258.0,5264.0,5251.0,5253.0,20804.0,449606.0,448995.0
2026-02-12 09:00:00,5255.0,5267.0,5252.0,5260.0,20534.0,448995.0,449201.0
2026-02-12 10:00:00,5260.0,5266.0,5254.0,5266.0,10179.0,449201.0,448225.0
2026-02-12 11:00:00,5266.0,5269.0,5263.0,5268.0,7158.0,448225.0,448016.0
2026-02-12 13:00:00,5268.0,5268.0,5256.0,5266.0,9962.0,448016.0,446285.0
2026-02-12 14:00:00,5266.0,5267.0,5251.0,5254.0,24005.0,446285.0,443331.0
2026-02-12 21:00:00,5259.0,5260.0,5242.0,5246.0,37877.0,443331.0,440337.0
2026-02-12 22:00:00,5246.0,5252.0,5238.0,5245.0,19508.0,440337.0,438217.0
2026-02-13 09:00:00,5246.0,5246.0,5218.0,5219.0,49475.0,438217.0,431033.0
2026-02-13 10:00:00,5219.0,5224.0,5212.0,5221.0,28465.0,431033.0,427241.0
2026-02-13 11:00:00,5221.0,5227.0,5219.0,5219.0,10345.0,427241.0,425522.0
2026-02-13 13:00:00,5220.0,5220.0,5213.0,5220.0,14063.0,425522.0,424677.0
2026-02-13 14:00:00,5220.0,5221.0,5207.0,5211.0,35122.0,424677.0,420258.0
2026-02-24 09:00:00,5246.0,5266.0,5239.0,5259.0,69818.0,420258.0,423072.0
2026-02-24 10:00:00,5259.0,5271.0,5252.0,5261.0,39364.0,423072.0,423429.0
2026-02-24 11:00:00,5261.0,5264.0,5246.0,5247.0,17573.0,423429.0,423235.0
2026-02-24 13:00:00,5247.0,5254.0,5245.0,5250.0,11469.0,423235.0,424680.0
2026-02-24 14:00:00,5250.0,5256.0,5227.0,5229.0,40717.0,424680.0,431165.0
2026-02-24 21:00:00,5231.0,5246.0,5228.0,5244.0,40652.0,431165.0,440585.0
2026-02-24 22:00:00,5244.0,5257.0,5238.0,5252.0,23374.0,440585.0,439508.0
2026-02-25 09:00:00,5251.0,5262.0,5247.0,5260.0,34275.0,439508.0,442487.0
2026-02-25 10:00:00,5260.0,5264.0,5252.0,5252.0,18798.0,442487.0,443513.0
2026-02-25 11:00:00,5252.0,5255.0,5239.0,5243.0,20189.0,443513.0,444167.0
2026-02-25 13:00:00,5243.0,5249.0,5242.0,5249.0,13338.0,444167.0,446236.0
2026-02-25 14:00:00,5249.0,5251.0,5244.0,5248.0,23886.0,446236.0,446222.0
2026-02-25 21:00:00,5240.0,5252.0,5232.0,5244.0,46640.0,446222.0,445666.0
2026-02-25 22:00:00,5244.0,5330.0,5242.0,5301.0,104770.0,445666.0,445702.0
2026-02-26 09:00:00,5303.0,5303.0,5280.0,5283.0,80489.0,445702.0,453237.0
2026-02-26 10:00:00,5283.0,5293.0,5281.0,5287.0,33474.0,453237.0,456645.0
2026-02-26 11:00:00,5287.0,5288.0,5272.0,5280.0,20853.0,456645.0,454894.0
2026-02-26 13:00:00,5280.0,5295.0,5276.0,5289.0,22610.0,454894.0,458946.0
2026-02-26 14:00:00,5289.0,5291.0,5277.0,5285.0,32237.0,458946.0,462071.0
2026-02-26 21:00:00,5288.0,5338.0,5283.0,5320.0,181356.0,462071.0,481881.0
2026-02-26 22:00:00,5320.0,5325.0,5312.0,5317.0,50265.0,481881.0,479666.0
2026-02-27 09:00:00,5312.0,5320.0,5302.0,5307.0,57396.0,479666.0,479368.0
2026-02-27 10:00:00,5307.0,5320.0,5306.0,5319.0,25653.0,479368.0,477733.0
2026-02-27 11:00:00,5319.0,5323.0,5316.0,5320.0,15175.0,477733.0,477218.0
2026-02-27 13:00:00,5320.0,5324.0,5316.0,5320.0,15915.0,477218.0,476523.0
2026-02-27 14:00:00,5320.0,5325.0,5315.0,5324.0,31948.0,476523.0,473339.0
2026-02-27 21:00:00,5324.0,5334.0,5287.0,5291.0,115371.0,473339.0,477787.0
2026-02-27 22:00:00,5291.0,5305.0,5283.0,5293.0,43153.0,477787.0,471614.0
2026-03-02 09:00:00,5292.0,5326.0,5292.0,5313.0,68605.0,471614.0,467833.0
2026-03-02 10:00:00,5313.0,5330.0,5312.0,5328.0,31277.0,467833.0,466603.0
2026-03-02 11:00:00,5328.0,5328.0,5321.0,5327.0,10176.0,466603.0,466393.0
2026-03-02 13:00:00,5327.0,5336.0,5317.0,5331.0,30445.0,466393.0,467504.0
2026-03-02 14:00:00,5331.0,5348.0,5331.0,5345.0,54807.0,467504.0,469987.0
2026-03-02 21:00:00,5343.0,5344.0,5319.0,5334.0,76203.0,469987.0,470865.0
2026-03-02 22:00:00,5334.0,5336.0,5308.0,5314.0,53481.0,470865.0,465043.0
2026-03-03 09:00:00,5310.0,5331.0,5309.0,5313.0,52824.0,465043.0,463484.0
2026-03-03 10:00:00,5313.0,5325.0,5305.0,5324.0,32460.0,463484.0,463013.0
2026-03-03 11:00:00,5324.0,5330.0,5320.0,5323.0,14879.0,463013.0,461580.0
2026-03-03 13:00:00,5325.0,5331.0,5321.0,5323.0,19051.0,461580.0,460483.0
2026-03-03 14:00:00,5323.0,5326.0,5314.0,5321.0,40859.0,460483.0,453444.0
2026-03-03 21:00:00,5334.0,5360.0,5325.0,5336.0,109249.0,453444.0,457633.0
2026-03-03 22:00:00,5336.0,5338.0,5294.0,5306.0,88659.0,457633.0,454315.0
2026-03-04 09:00:00,5304.0,5310.0,5295.0,5298.0,33896.0,454315.0,453287.0
2026-03-04 10:00:00,5298.0,5307.0,5293.0,5298.0,18604.0,453287.0,451695.0
2026-03-04 11:00:00,5298.0,5302.0,5294.0,5302.0,10582.0,451695.0,451219.0
2026-03-04 13:00:00,5302.0,5315.0,5302.0,5314.0,20158.0,451219.0,449887.0
2026-03-04 14:00:00,5314.0,5315.0,5307.0,5308.0,24087.0,449887.0,446413.0
2026-03-04 21:00:00,5299.0,5314.0,5286.0,5308.0,62495.0,446413.0,448257.0
2026-03-04 22:00:00,5308.0,5322.0,5308.0,5311.0,27943.0,448257.0,447134.0
2026-03-05 09:00:00,5312.0,5340.0,5307.0,5331.0,62667.0,447134.0,451491.0
2026-03-05 10:00:00,5331.0,5347.0,5330.0,5343.0,37037.0,451491.0,451893.0
2026-03-05 11:00:00,5343.0,5345.0,5329.0,5338.0,18429.0,451893.0,452045.0
2026-03-05 13:00:00,5338.0,5350.0,5335.0,5337.0,30554.0,452045.0,449774.0
2026-03-05 14:00:00,5337.0,5343.0,5325.0,5330.0,42048.0,449774.0,442794.0
2026-03-05 21:00:00,5331.0,5346.0,5328.0,5339.0,58853.0,442794.0,448322.0
2026-03-05 22:00:00,5339.0,5375.0,5337.0,5352.0,108629.0,448322.0,452858.0
2026-03-06 09:00:00,5352.0,5392.0,5351.0,5371.0,94722.0,452858.0,458280.0
2026-03-06 10:00:00,5371.0,5385.0,5370.0,5374.0,26182.0,458280.0,457659.0
2026-03-06 11:00:00,5374.0,5379.0,5360.0,5365.0,24919.0,457659.0,456133.0
2026-03-06 13:00:00,5365.0,5374.0,5365.0,5367.0,18612.0,456133.0,453979.0
2026-03-06 14:00:00,5367.0,5371.0,5364.0,5371.0,28651.0,453979.0,451220.0
2026-03-06 21:00:00,5385.0,5395.0,5373.0,5390.0,86028.0,451220.0,455798.0
2026-03-06 22:00:00,5390.0,5404.0,5383.0,5394.0,59579.0,455798.0,454062.0
2026-03-09 09:00:00,5422.0,5541.0,5422.0,5519.0,283883.0,454062.0,459932.0
2026-03-09 10:00:00,5519.0,5542.0,5505.0,5507.0,88404.0,459932.0,462342.0
2026-03-09 11:00:00,5507.0,5528.0,5497.0,5526.0,42030.0,462342.0,463939.0
2026-03-09 13:00:00,5525.0,5525.0,5425.0,5430.0,130072.0,463939.0,449146.0
2026-03-09 14:00:00,5430.0,5441.0,5410.0,5436.0,97395.0,449146.0,438022.0
2026-03-09 21:00:00,5451.0,5455.0,5408.0,5433.0,119082.0,438022.0,427359.0
2026-03-09 22:00:00,5433.0,5456.0,5430.0,5453.0,54482.0,427359.0,425457.0
2026-03-10 09:00:00,5445.0,5445.0,5365.0,5378.0,132991.0,425457.0,410009.0
2026-03-10 10:00:00,5378.0,5397.0,5376.0,5391.0,32923.0,410009.0,410249.0
2026-03-10 11:00:00,5391.0,5399.0,5385.0,5393.0,16277.0,410249.0,409449.0
2026-03-10 13:00:00,5395.0,5410.0,5390.0,5404.0,22508.0,409449.0,410196.0
2026-03-10 14:00:00,5404.0,5421.0,5403.0,5409.0,49054.0,410196.0,409849.0
2026-03-10 21:00:00,5420.0,5429.0,5409.0,5414.0,71053.0,409849.0,418748.0
2026-03-10 22:00:00,5414.0,5431.0,5408.0,5417.0,56350.0,418748.0,417333.0
2026-03-11 09:00:00,5416.0,5419.0,5397.0,5404.0,52321.0,417333.0,416340.0
2026-03-11 10:00:00,5404.0,5417.0,5403.0,5408.0,20132.0,416340.0,415236.0
2026-03-11 11:00:00,5408.0,5417.0,5408.0,5415.0,16166.0,415236.0,414827.0
2026-03-11 13:00:00,5415.0,5423.0,5411.0,5419.0,20716.0,414827.0,413992.0
2026-03-11 14:00:00,5419.0,5424.0,5412.0,5423.0,34440.0,413992.0,414169.0
2026-03-11 21:00:00,5425.0,5448.0,5416.0,5431.0,92380.0,414169.0,423096.0
2026-03-11 22:00:00,5431.0,5438.0,5424.0,5429.0,35127.0,423096.0,418709.0
2026-03-12 09:00:00,5432.0,5447.0,5432.0,5442.0,51229.0,418709.0,420296.0
2026-03-12 10:00:00,5442.0,5455.0,5432.0,5432.0,49983.0,420296.0,420941.0
2026-03-12 11:00:00,5432.0,5438.0,5430.0,5433.0,16116.0,420941.0,420188.0
2026-03-12 13:00:00,5433.0,5435.0,5413.0,5418.0,33737.0,420188.0,416907.0
2026-03-12 14:00:00,5418.0,5422.0,5409.0,5416.0,39625.0,416907.0,413877.0
2026-03-12 21:00:00,5428.0,5441.0,5416.0,5439.0,86262.0,413877.0,421589.0
2026-03-12 22:00:00,5439.0,5456.0,5433.0,5443.0,67058.0,421589.0,418629.0
2026-03-13 09:00:00,5450.0,5474.0,5448.0,5473.0,71521.0,418629.0,421615.0
2026-03-13 10:00:00,5473.0,5487.0,5466.0,5477.0,51007.0,421615.0,422784.0
2026-03-13 11:00:00,5477.0,5478.0,5466.0,5476.0,17242.0,422784.0,422655.0
2026-03-13 13:00:00,5476.0,5476.0,5456.0,5462.0,28729.0,422655.0,420784.0
2026-03-13 14:00:00,5462.0,5464.0,5438.0,5447.0,58938.0,420784.0,416178.0
2026-03-13 21:00:00,5454.0,5467.0,5445.0,5449.0,70707.0,416178.0,417505.0
2026-03-13 22:00:00,5449.0,5457.0,5433.0,5437.0,44230.0,417505.0,414456.0
2026-03-16 09:00:00,5438.0,5472.0,5432.0,5472.0,59148.0,414456.0,417473.0
2026-03-16 10:00:00,5472.0,5472.0,5461.0,5462.0,33326.0,417473.0,417990.0
2026-03-16 11:00:00,5462.0,5479.0,5460.0,5477.0,22688.0,417990.0,419346.0
2026-03-16 13:00:00,5477.0,5490.0,5472.0,5474.0,35799.0,419346.0,422256.0
2026-03-16 14:00:00,5474.0,5479.0,5466.0,5472.0,29815.0,422256.0,418200.0
2026-03-16 21:00:00,5451.0,5459.0,5420.0,5423.0,109405.0,418200.0,421303.0
2026-03-16 22:00:00,5423.0,5438.0,5420.0,5428.0,36356.0,421303.0,416615.0
2026-03-17 09:00:00,5428.0,5436.0,5423.0,5433.0,27997.0,416615.0,418844.0
2026-03-17 10:00:00,5433.0,5439.0,5422.0,5422.0,20164.0,418844.0,420414.0
2026-03-17 11:00:00,5422.0,5422.0,5410.0,5419.0,27110.0,420414.0,418998.0
2026-03-17 13:00:00,5419.0,5419.0,5406.0,5409.0,27714.0,418998.0,419744.0
2026-03-17 14:00:00,5409.0,5414.0,5404.0,5406.0,35585.0,419744.0,416935.0
2026-03-17 21:00:00,5420.0,5426.0,5408.0,5414.0,56062.0,416935.0,415481.0
2026-03-17 22:00:00,5414.0,5424.0,5413.0,5415.0,29633.0,415481.0,412800.0
2026-03-18 09:00:00,5414.0,5418.0,5360.0,5373.0,102810.0,412800.0,407505.0
2026-03-18 10:00:00,5373.0,5377.0,5358.0,5362.0,48866.0,407505.0,402497.0
2026-03-18 11:00:00,5362.0,5365.0,5358.0,5359.0,17279.0,402497.0,401208.0
2026-03-18 13:00:00,5359.0,5360.0,5345.0,5350.0,48539.0,401208.0,398181.0
2026-03-18 14:00:00,5350.0,5353.0,5334.0,5343.0,66145.0,398181.0,387747.0
2026-03-18 21:00:00,5374.0,5382.0,5362.0,5381.0,90338.0,387747.0,385289.0
2026-03-18 22:00:00,5381.0,5404.0,5378.0,5398.0,65860.0,385289.0,381706.0
2026-03-19 09:00:00,5401.0,5434.0,5401.0,5422.0,79128.0,381706.0,375832.0
2026-03-19 10:00:00,5422.0,5424.0,5398.0,5406.0,29514.0,375832.0,375030.0
2026-03-19 11:00:00,5406.0,5416.0,5405.0,5410.0,14913.0,375030.0,373473.0
2026-03-19 13:00:00,5410.0,5414.0,5403.0,5406.0,17713.0,373473.0,372704.0
2026-03-19 14:00:00,5406.0,5419.0,5400.0,5417.0,40268.0,372704.0,372106.0
2026-03-19 21:00:00,5432.0,5452.0,5412.0,5434.0,135809.0,372106.0,368427.0
2026-03-19 22:00:00,5434.0,5439.0,5419.0,5427.0,63450.0,368427.0,359802.0
2026-03-20 09:00:00,5425.0,5430.0,5403.0,5426.0,54321.0,359802.0,358768.0
2026-03-20 10:00:00,5426.0,5436.0,5423.0,5423.0,24595.0,358768.0,356736.0
2026-03-20 11:00:00,5423.0,5433.0,5422.0,5431.0,8751.0,356736.0,355558.0
2026-03-20 13:00:00,5431.0,5443.0,5431.0,5441.0,25939.0,355558.0,354593.0
2026-03-20 14:00:00,5441.0,5441.0,5429.0,5439.0,34759.0,354593.0,354040.0
2026-03-20 21:00:00,5446.0,5468.0,5443.0,5463.0,96337.0,354040.0,354695.0
2026-03-20 22:00:00,5463.0,5463.0,5448.0,5460.0,37735.0,354695.0,351940.0
2026-03-23 09:00:00,5459.0,5508.0,5459.0,5493.0,127611.0,351940.0,357445.0
2026-03-23 10:00:00,5493.0,5495.0,5453.0,5468.0,60876.0,357445.0,351753.0
2026-03-23 11:00:00,5468.0,5479.0,5465.0,5476.0,14274.0,351753.0,350341.0
2026-03-23 13:00:00,5475.0,5476.0,5461.0,5468.0,18961.0,350341.0,347433.0
2026-03-23 14:00:00,5468.0,5476.0,5444.0,5453.0,46778.0,347433.0,340677.0
2026-03-23 21:00:00,5423.0,5445.0,5405.0,5438.0,96415.0,340677.0,341489.0
2026-03-23 22:00:00,5438.0,5440.0,5425.0,5429.0,27671.0,341489.0,338360.0
2026-03-24 09:00:00,5429.0,5466.0,5428.0,5451.0,54476.0,338360.0,337629.0
2026-03-24 10:00:00,5451.0,5455.0,5440.0,5442.0,23229.0,337629.0,335080.0
2026-03-24 11:00:00,5442.0,5451.0,5440.0,5447.0,12311.0,335080.0,334163.0
2026-03-24 13:00:00,5448.0,5455.0,5436.0,5440.0,18998.0,334163.0,333488.0
2026-03-24 14:00:00,5440.0,5447.0,5429.0,5429.0,37223.0,333488.0,328849.0
2026-03-24 21:00:00,5432.0,5453.0,5431.0,5446.0,64938.0,328849.0,331827.0
2026-03-24 22:00:00,5446.0,5447.0,5421.0,5423.0,42052.0,331827.0,327283.0
2026-03-25 09:00:00,5423.0,5429.0,5405.0,5422.0,61700.0,327283.0,326283.0
2026-03-25 10:00:00,5422.0,5439.0,5422.0,5429.0,28487.0,326283.0,324994.0
2026-03-25 11:00:00,5429.0,5433.0,5419.0,5429.0,19229.0,324994.0,323162.0
2026-03-25 13:00:00,5429.0,5441.0,5429.0,5435.0,19076.0,323162.0,322503.0
2026-03-25 14:00:00,5435.0,5441.0,5426.0,5429.0,27439.0,322503.0,318672.0
2026-03-25 21:00:00,5408.0,5441.0,5402.0,5436.0,80256.0,318672.0,325265.0
2026-03-25 22:00:00,5436.0,5438.0,5425.0,5437.0,29817.0,325265.0,323075.0
2026-03-26 09:00:00,5439.0,5451.0,5431.0,5447.0,46826.0,323075.0,321976.0
2026-03-26 10:00:00,5447.0,5455.0,5439.0,5442.0,29106.0,321976.0,320043.0
2026-03-26 11:00:00,5442.0,5460.0,5442.0,5453.0,21860.0,320043.0,321166.0
2026-03-26 13:00:00,5451.0,5459.0,5446.0,5447.0,15743.0,321166.0,319232.0
2026-03-26 14:00:00,5447.0,5465.0,5444.0,5463.0,40718.0,319232.0,317898.0
2026-03-26 21:00:00,5468.0,5473.0,5425.0,5427.0,85875.0,317898.0,316058.0
2026-03-26 22:00:00,5427.0,5448.0,5426.0,5441.0,40016.0,316058.0,310965.0
2026-03-27 09:00:00,5441.0,5465.0,5441.0,5462.0,51746.0,310965.0,311652.0
2026-03-27 10:00:00,5462.0,5465.0,5452.0,5453.0,21293.0,311652.0,311479.0
2026-03-27 11:00:00,5453.0,5465.0,5453.0,5461.0,11102.0,311479.0,311872.0
2026-03-27 13:00:00,5461.0,5468.0,5452.0,5467.0,20234.0,311872.0,313323.0
2026-03-27 14:00:00,5467.0,5468.0,5458.0,5464.0,27070.0,313323.0,312885.0
2026-03-27 21:00:00,5463.0,5488.0,5461.0,5476.0,89798.0,312885.0,319311.0
2026-03-27 22:00:00,5476.0,5486.0,5470.0,5481.0,30530.0,319311.0,316645.0
2026-03-30 09:00:00,5486.0,5533.0,5473.0,5483.0,158396.0,316645.0,323514.0
2026-03-30 10:00:00,5483.0,5486.0,5454.0,5462.0,42064.0,323514.0,318144.0
2026-03-30 11:00:00,5462.0,5468.0,5454.0,5456.0,18150.0,318144.0,315503.0
2026-03-30 13:00:00,5457.0,5457.0,5438.0,5439.0,32207.0,315503.0,311700.0
2026-03-30 14:00:00,5439.0,5451.0,5437.0,5441.0,34102.0,311700.0,304083.0
2026-03-30 21:00:00,5432.0,5443.0,5428.0,5434.0,64243.0,304083.0,300802.0
2026-03-30 22:00:00,5434.0,5435.0,5421.0,5431.0,37857.0,300802.0,293375.0
2026-03-31 09:00:00,5431.0,5432.0,5384.0,5394.0,88758.0,293375.0,281147.0
2026-03-31 10:00:00,5394.0,5398.0,5385.0,5389.0,32002.0,281147.0,277882.0
2026-03-31 11:00:00,5389.0,5391.0,5380.0,5388.0,19516.0,277882.0,275346.0
2026-03-31 13:00:00,5389.0,5405.0,5386.0,5402.0,18947.0,275346.0,274434.0
2026-03-31 14:00:00,5402.0,5409.0,5396.0,5398.0,30748.0,274434.0,269186.0
2026-03-31 21:00:00,5411.0,5415.0,5397.0,5410.0,55719.0,269186.0,268690.0
2026-03-31 22:00:00,5410.0,5425.0,5403.0,5418.0,29010.0,268690.0,265496.0
2026-04-01 09:00:00,5417.0,5417.0,5378.0,5384.0,70196.0,265496.0,259218.0
2026-04-01 10:00:00,5384.0,5385.0,5369.0,5375.0,26609.0,259218.0,255990.0
2026-04-01 11:00:00,5375.0,5378.0,5371.0,5372.0,11655.0,255990.0,254012.0
2026-04-01 13:00:00,5371.0,5373.0,5364.0,5364.0,20483.0,254012.0,250856.0
2026-04-01 14:00:00,5364.0,5366.0,5347.0,5356.0,44427.0,250856.0,243254.0
2026-04-01 21:00:00,5360.0,5364.0,5340.0,5348.0,51591.0,243254.0,241814.0
2026-04-01 22:00:00,5348.0,5353.0,5345.0,5346.0,16682.0,241814.0,238729.0
2026-04-02 09:00:00,5346.0,5377.0,5346.0,5375.0,44033.0,238729.0,233176.0
2026-04-02 10:00:00,5375.0,5383.0,5364.0,5366.0,25625.0,233176.0,230336.0
2026-04-02 11:00:00,5366.0,5370.0,5360.0,5362.0,8642.0,230336.0,228728.0
2026-04-02 13:00:00,5363.0,5374.0,5363.0,5369.0,8266.0,228728.0,227084.0
2026-04-02 14:00:00,5369.0,5375.0,5362.0,5365.0,25548.0,227084.0,221777.0
2026-04-02 21:00:00,5405.0,5410.0,5388.0,5389.0,64518.0,221777.0,371687.0
2026-04-02 22:00:00,5389.0,5397.0,5378.0,5385.0,33037.0,371687.0,372234.0
2026-04-03 09:00:00,5381.0,5381.0,5340.0,5342.0,89944.0,372234.0,383222.0
2026-04-03 10:00:00,5342.0,5350.0,5337.0,5345.0,27034.0,383222.0,387230.0
2026-04-03 11:00:00,5345.0,5347.0,5337.0,5337.0,13863.0,387230.0,389604.0
2026-04-03 13:00:00,5338.0,5345.0,5336.0,5342.0,17041.0,389604.0,391890.0
2026-04-03 14:00:00,5342.0,5350.0,5332.0,5338.0,39792.0,391890.0,394480.0
2026-04-07 09:00:00,5342.0,5358.0,5322.0,5325.0,78737.0,394480.0,404960.0
2026-04-07 10:00:00,5325.0,5348.0,5321.0,5331.0,42396.0,404960.0,406531.0
2026-04-07 11:00:00,5331.0,5337.0,5325.0,5330.0,15102.0,406531.0,407782.0
2026-04-07 13:00:00,5330.0,5341.0,5328.0,5330.0,20220.0,407782.0,411010.0
2026-04-07 14:00:00,5330.0,5340.0,5328.0,5329.0,22609.0,411010.0,412602.0
2026-04-07 21:00:00,5324.0,5328.0,5306.0,5319.0,69203.0,412602.0,422917.0
2026-04-07 22:00:00,5319.0,5319.0,5308.0,5313.0,21333.0,422917.0,423066.0
2026-04-08 09:00:00,5305.0,5305.0,5270.0,5293.0,90905.0,423066.0,431343.0
2026-04-08 10:00:00,5293.0,5309.0,5293.0,5298.0,15678.0,431343.0,432513.0
2026-04-08 11:00:00,5298.0,5301.0,5292.0,5300.0,10471.0,432513.0,433628.0
2026-04-08 13:00:00,5300.0,5305.0,5292.0,5293.0,14156.0,433628.0,435707.0
2026-04-08 14:00:00,5293.0,5302.0,5289.0,5291.0,28271.0,435707.0,437390.0
2026-04-08 21:00:00,5284.0,5286.0,5259.0,5271.0,95602.0,437390.0,441654.0
2026-04-08 22:00:00,5271.0,5282.0,5271.0,5280.0,26937.0,441654.0,440257.0
2026-04-09 09:00:00,5270.0,5281.0,5266.0,5276.0,42856.0,440257.0,443768.0
2026-04-09 10:00:00,5276.0,5282.0,5275.0,5281.0,16600.0,443768.0,445873.0
2026-04-09 11:00:00,5281.0,5282.0,5275.0,5280.0,7455.0,445873.0,446153.0
2026-04-09 13:00:00,5280.0,5303.0,5279.0,5302.0,40793.0,446153.0,450995.0
2026-04-09 14:00:00,5302.0,5335.0,5301.0,5317.0,103542.0,450995.0,455616.0
2026-04-09 21:00:00,5301.0,5321.0,5295.0,5315.0,101612.0,455616.0,470287.0
2026-04-09 22:00:00,5315.0,5316.0,5305.0,5307.0,33691.0,470287.0,469650.0
2026-04-10 09:00:00,5305.0,5317.0,5297.0,5301.0,52070.0,469650.0,474294.0
2026-04-10 10:00:00,5301.0,5325.0,5301.0,5306.0,38631.0,474294.0,478002.0
2026-04-10 11:00:00,5306.0,5318.0,5304.0,5316.0,14980.0,478002.0,479528.0
2026-04-10 13:00:00,5317.0,5323.0,5310.0,5317.0,23731.0,479528.0,483734.0
2026-04-10 14:00:00,5317.0,5329.0,5312.0,5325.0,48217.0,483734.0,489603.0
2026-04-10 21:00:00,5324.0,5329.0,5307.0,5313.0,62817.0,489603.0,494953.0
2026-04-10 22:00:00,5313.0,5318.0,5305.0,5308.0,32803.0,494953.0,492798.0
2026-04-13 09:00:00,5316.0,5334.0,5304.0,5310.0,87392.0,492798.0,498629.0
2026-04-13 10:00:00,5310.0,5317.0,5305.0,5308.0,18773.0,498629.0,499349.0
2026-04-13 11:00:00,5308.0,5314.0,5306.0,5310.0,9336.0,499349.0,500029.0
2026-04-13 13:00:00,5311.0,5318.0,5307.0,5317.0,18351.0,500029.0,501921.0
2026-04-13 14:00:00,5317.0,5327.0,5313.0,5319.0,46173.0,501921.0,504529.0
2026-04-13 21:00:00,5318.0,5319.0,5288.0,5288.0,99064.0,504529.0,517226.0
2026-04-13 22:00:00,5288.0,5297.0,5287.0,5297.0,46345.0,517226.0,513835.0
2026-04-14 09:00:00,5288.0,5300.0,5283.0,5294.0,52660.0,513835.0,520500.0
2026-04-14 10:00:00,5294.0,5296.0,5287.0,5292.0,15598.0,520500.0,522130.0
2026-04-14 11:00:00,5292.0,5297.0,5289.0,5296.0,9191.0,522130.0,523333.0
2026-04-14 13:00:00,5296.0,5296.0,5288.0,5291.0,12081.0,523333.0,525002.0
2026-04-14 14:00:00,5291.0,5299.0,5286.0,5287.0,32826.0,525002.0,528003.0
2026-04-14 21:00:00,5299.0,5317.0,5290.0,5295.0,108461.0,528003.0,536579.0
2026-04-14 22:00:00,5295.0,5306.0,5289.0,5303.0,43797.0,536579.0,536928.0
2026-04-15 09:00:00,5322.0,5330.0,5294.0,5313.0,65949.0,536928.0,537310.0
2026-04-15 10:00:00,5313.0,5319.0,5305.0,5319.0,25612.0,537310.0,537861.0
2026-04-15 11:00:00,5319.0,5322.0,5314.0,5320.0,16965.0,537861.0,538519.0
2026-04-15 13:00:00,5320.0,5322.0,5310.0,5311.0,16600.0,538519.0,536601.0
2026-04-15 14:00:00,5311.0,5320.0,5307.0,5311.0,32379.0,536601.0,537467.0
2026-04-15 21:00:00,5298.0,5302.0,5289.0,5294.0,73458.0,537467.0,543100.0
2026-04-15 22:00:00,5294.0,5301.0,5294.0,5297.0,18815.0,543100.0,540942.0
2026-04-16 09:00:00,5295.0,5319.0,5289.0,5318.0,69159.0,540942.0,542903.0
2026-04-16 10:00:00,5318.0,5320.0,5310.0,5318.0,30612.0,542903.0,541346.0
2026-04-16 11:00:00,5318.0,5329.0,5314.0,5328.0,28421.0,541346.0,538850.0
2026-04-16 13:00:00,5330.0,5344.0,5330.0,5339.0,69962.0,538850.0,542319.0
2026-04-16 14:00:00,5339.0,5381.0,5336.0,5377.0,155990.0,542319.0,545478.0
2026-04-16 21:00:00,5373.0,5381.0,5358.0,5369.0,101833.0,545478.0,548408.0
2026-04-16 22:00:00,5369.0,5374.0,5364.0,5372.0,33925.0,548408.0,546899.0
2026-04-17 09:00:00,5372.0,5376.0,5359.0,5364.0,55369.0,546899.0,543087.0
2026-04-17 10:00:00,5364.0,5368.0,5353.0,5359.0,36160.0,543087.0,542325.0
2026-04-17 11:00:00,5359.0,5359.0,5351.0,5354.0,18659.0,542325.0,538965.0
2026-04-17 13:00:00,5353.0,5354.0,5347.0,5350.0,21673.0,538965.0,538492.0
2026-04-17 14:00:00,5350.0,5353.0,5339.0,5352.0,58618.0,538492.0,532649.0
2026-04-17 21:00:00,5330.0,5332.0,5294.0,5299.0,146040.0,532649.0,545404.0
2026-04-17 22:00:00,5299.0,5305.0,5291.0,5305.0,56602.0,545404.0,548040.0
2026-04-20 09:00:00,5315.0,5329.0,5311.0,5326.0,84707.0,548040.0,546710.0
2026-04-20 10:00:00,5326.0,5329.0,5311.0,5312.0,38215.0,546710.0,547641.0
2026-04-20 11:00:00,5312.0,5315.0,5309.0,5315.0,16043.0,547641.0,549740.0
2026-04-20 13:00:00,5315.0,5322.0,5315.0,5319.0,21054.0,549740.0,551177.0
2026-04-20 14:00:00,5319.0,5325.0,5317.0,5321.0,33546.0,551177.0,551752.0
2026-04-20 21:00:00,5319.0,5336.0,5310.0,5328.0,96753.0,551752.0,564156.0
2026-04-20 22:00:00,5328.0,5333.0,5320.0,5321.0,37161.0,564156.0,564717.0
2026-04-21 09:00:00,5322.0,5350.0,5322.0,5338.0,83357.0,564717.0,570566.0
2026-04-21 10:00:00,5338.0,5355.0,5337.0,5345.0,47352.0,570566.0,573751.0
2026-04-21 11:00:00,5345.0,5349.0,5343.0,5344.0,15021.0,573751.0,573386.0
2026-04-21 13:00:00,5344.0,5369.0,5344.0,5367.0,53963.0,573386.0,580169.0
2026-04-21 14:00:00,5367.0,5375.0,5357.0,5371.0,71119.0,580169.0,581833.0
2026-04-21 21:00:00,5378.0,5408.0,5377.0,5392.0,167397.0,581833.0,590318.0
2026-04-21 22:00:00,5392.0,5395.0,5387.0,5388.0,43529.0,590318.0,586952.0
2026-04-22 09:00:00,5388.0,5406.0,5388.0,5405.0,81830.0,586952.0,597909.0
2026-04-22 10:00:00,5405.0,5416.0,5401.0,5411.0,58491.0,597909.0,601929.0
2026-04-22 11:00:00,5411.0,5419.0,5408.0,5417.0,31316.0,601929.0,601789.0
2026-04-22 13:00:00,5416.0,5416.0,5383.0,5388.0,75832.0,601789.0,599629.0
2026-04-22 14:00:00,5388.0,5408.0,5388.0,5396.0,65561.0,599629.0,594709.0
2026-04-22 21:00:00,5402.0,5434.0,5397.0,5425.0,158109.0,594709.0,612919.0
2026-04-22 22:00:00,5425.0,5430.0,5420.0,5429.0,45553.0,612919.0,608015.0
2026-04-23 09:00:00,5429.0,5430.0,5398.0,5400.0,110407.0,608015.0,598701.0
2026-04-23 10:00:00,5400.0,5412.0,5394.0,5411.0,50075.0,598701.0,600841.0
2026-04-23 11:00:00,5411.0,5415.0,5402.0,5406.0,21070.0,600841.0,599482.0
2026-04-23 13:00:00,5406.0,5414.0,5404.0,5406.0,22443.0,599482.0,599978.0
2026-04-23 14:00:00,5406.0,5414.0,5388.0,5395.0,61391.0,599978.0,591994.0
2026-04-23 21:00:00,5400.0,5430.0,5397.0,5424.0,107769.0,591994.0,602551.0
2026-04-23 22:00:00,5424.0,5426.0,5415.0,5417.0,35682.0,602551.0,598528.0
2026-04-24 09:00:00,5422.0,5432.0,5400.0,5405.0,83174.0,598528.0,594422.0
2026-04-24 10:00:00,5405.0,5410.0,5398.0,5402.0,30988.0,594422.0,593702.0
2026-04-24 11:00:00,5402.0,5404.0,5394.0,5400.0,23185.0,593702.0,591868.0
2026-04-24 13:00:00,5399.0,5407.0,5395.0,5397.0,22757.0,591868.0,592873.0
2026-04-24 14:00:00,5397.0,5400.0,5389.0,5397.0,42478.0,592873.0,589183.0
2026-04-24 21:00:00,5398.0,5400.0,5362.0,5393.0,89699.0,589183.0,596854.0
2026-04-24 22:00:00,5393.0,5412.0,5392.0,5401.0,64029.0,596854.0,596464.0
2026-04-27 09:00:00,5402.0,5427.0,5402.0,5419.0,104673.0,596464.0,608462.0
2026-04-27 10:00:00,5419.0,5423.0,5405.0,5414.0,32975.0,608462.0,611345.0
2026-04-27 11:00:00,5414.0,5416.0,5407.0,5410.0,17028.0,611345.0,613203.0
2026-04-27 13:00:00,5410.0,5422.0,5410.0,5417.0,24722.0,613203.0,617701.0
2026-04-27 14:00:00,5417.0,5437.0,5415.0,5423.0,84302.0,617701.0,622891.0
2026-04-27 21:00:00,5422.0,5425.0,5401.0,5407.0,98156.0,622891.0,630183.0
2026-04-27 22:00:00,5407.0,5417.0,5406.0,5413.0,27386.0,630183.0,629465.0
2026-04-28 09:00:00,5406.0,5412.0,5390.0,5397.0,90235.0,629465.0,628612.0
2026-04-28 10:00:00,5397.0,5399.0,5384.0,5395.0,46656.0,628612.0,628161.0
2026-04-28 11:00:00,5395.0,5406.0,5394.0,5404.0,19420.0,628161.0,627061.0
2026-04-28 13:00:00,5404.0,5416.0,5399.0,5411.0,35329.0,627061.0,624769.0
2026-04-28 14:00:00,5411.0,5421.0,5403.0,5409.0,55269.0,624769.0,619804.0
2026-04-28 21:00:00,5418.0,5421.0,5385.0,5388.0,103972.0,619804.0,628757.0
2026-04-28 22:00:00,5388.0,5400.0,5387.0,5393.0,36380.0,628757.0,627092.0
2026-04-29 09:00:00,5393.0,5410.0,5393.0,5401.0,53172.0,627092.0,621768.0
2026-04-29 10:00:00,5401.0,5407.0,5393.0,5407.0,28057.0,621768.0,622927.0
2026-04-29 11:00:00,5407.0,5408.0,5397.0,5399.0,15153.0,622927.0,621499.0
2026-04-29 13:00:00,5400.0,5404.0,5397.0,5402.0,18711.0,621499.0,620805.0
2026-04-29 14:00:00,5402.0,5414.0,5397.0,5406.0,50121.0,620805.0,619748.0
2026-04-29 21:00:00,5416.0,5432.0,5405.0,5409.0,125219.0,619748.0,624301.0
2026-04-29 22:00:00,5409.0,5416.0,5396.0,5411.0,54078.0,624301.0,620717.0
2026-04-30 09:00:00,5415.0,5427.0,5408.0,5415.0,70037.0,620717.0,618062.0
2026-04-30 10:00:00,5415.0,5423.0,5409.0,5420.0,20673.0,618062.0,617148.0
2026-04-30 11:00:00,5420.0,5422.0,5411.0,5412.0,13425.0,617148.0,615468.0
2026-04-30 13:00:00,5414.0,5417.0,5407.0,5415.0,18938.0,615468.0,613826.0
2026-04-30 14:00:00,5415.0,5415.0,5403.0,5406.0,39009.0,613826.0,607028.0
2026-05-06 09:00:00,5443.0,5472.0,5418.0,5421.0,257317.0,607028.0,619868.0
2026-05-06 10:00:00,5421.0,5433.0,5414.0,5422.0,75392.0,619868.0,632247.0
2026-05-06 11:00:00,5422.0,5424.0,5415.0,5420.0,31197.0,632247.0,638525.0
2026-05-06 13:00:00,5420.0,5431.0,5417.0,5419.0,33243.0,638525.0,641690.0
2026-05-06 14:00:00,5419.0,5430.0,5418.0,5425.0,46130.0,641690.0,639316.0
2026-05-06 21:00:00,5389.0,5428.0,5373.0,5427.0,163764.0,639316.0,647775.0
2026-05-06 22:00:00,5427.0,5430.0,5416.0,5423.0,50114.0,647775.0,640475.0
2026-05-07 09:00:00,5430.0,5441.0,5404.0,5405.0,99872.0,640475.0,637159.0
2026-05-07 10:00:00,5405.0,5411.0,5401.0,5408.0,35301.0,637159.0,638389.0
2026-05-07 11:00:00,5408.0,5426.0,5408.0,5419.0,29748.0,638389.0,636733.0
2026-05-07 13:00:00,5419.0,5422.0,5415.0,5418.0,20398.0,636733.0,638674.0
2026-05-07 14:00:00,5418.0,5450.0,5417.0,5447.0,100187.0,638674.0,640629.0
2026-05-07 21:00:00,5432.0,5470.0,5426.0,5456.0,202909.0,640629.0,664101.0
2026-05-07 22:00:00,5456.0,5460.0,5448.0,5456.0,64343.0,664101.0,660228.0
2026-05-08 09:00:00,5461.0,5483.0,5453.0,5481.0,130359.0,660228.0,670460.0
2026-05-08 10:00:00,5481.0,5482.0,5455.0,5456.0,70899.0,670460.0,665949.0
2026-05-08 11:00:00,5456.0,5461.0,5452.0,5455.0,24468.0,665949.0,665346.0
2026-05-08 13:00:00,5455.0,5459.0,5439.0,5444.0,52703.0,665346.0,659592.0
2026-05-08 14:00:00,5444.0,5447.0,5435.0,5442.0,57741.0,659592.0,652817.0
2026-05-08 21:00:00,5447.0,5465.0,5442.0,5457.0,109908.0,652817.0,665176.0
2026-05-08 22:00:00,5457.0,5467.0,5452.0,5464.0,52684.0,665176.0,661684.0
2026-05-11 09:00:00,5467.0,5475.0,5457.0,5471.0,89041.0,661684.0,666242.0
2026-05-11 10:00:00,5471.0,5483.0,5467.0,5480.0,56613.0,666242.0,669582.0
2026-05-11 11:00:00,5480.0,5480.0,5459.0,5466.0,41783.0,669582.0,668512.0
2026-05-11 13:00:00,5466.0,5476.0,5465.0,5470.0,34555.0,668512.0,670230.0
2026-05-11 14:00:00,5470.0,5479.0,5467.0,5477.0,49851.0,670230.0,669550.0
2026-05-11 21:00:00,5483.0,5489.0,5465.0,5475.0,107493.0,669550.0,672545.0
2026-05-11 22:00:00,5475.0,5483.0,5474.0,5482.0,43874.0,672545.0,671051.0
2026-05-12 09:00:00,5484.0,5513.0,5484.0,5509.0,148461.0,671051.0,690035.0
2026-05-12 10:00:00,5509.0,5514.0,5493.0,5509.0,55910.0,690035.0,686380.0
2026-05-12 11:00:00,5509.0,5512.0,5493.0,5497.0,28239.0,686380.0,682702.0
2026-05-12 13:00:00,5498.0,5499.0,5484.0,5492.0,42605.0,682702.0,679471.0
2026-05-12 14:00:00,5492.0,5505.0,5487.0,5504.0,54338.0,679471.0,678269.0
2026-05-12 21:00:00,5500.0,5519.0,5492.0,5493.0,135056.0,678269.0,681525.0
2026-05-12 22:00:00,5493.0,5509.0,5493.0,5508.0,45942.0,681525.0,679776.0
2026-05-13 09:00:00,5508.0,5513.0,5451.0,5455.0,190777.0,679776.0,662428.0
2026-05-13 10:00:00,5455.0,5465.0,5454.0,5460.0,39548.0,662428.0,662404.0
2026-05-13 11:00:00,5460.0,5473.0,5459.0,5468.0,25155.0,662404.0,659401.0
2026-05-13 13:00:00,5468.0,5472.0,5460.0,5468.0,24681.0,659401.0,659660.0
2026-05-13 14:00:00,5468.0,5481.0,5466.0,5479.0,52550.0,659660.0,656171.0
2026-05-13 21:00:00,5487.0,5490.0,5470.0,5479.0,93183.0,656171.0,661346.0
2026-05-13 22:00:00,5479.0,5498.0,5477.0,5487.0,74120.0,661346.0,663048.0
2026-05-14 09:00:00,5497.0,5538.0,5493.0,5518.0,203292.0,663048.0,673647.0
2026-05-14 10:00:00,5518.0,5535.0,5510.0,5511.0,65952.0,673647.0,675011.0
2026-05-14 11:00:00,5511.0,5512.0,5490.0,5504.0,67756.0,675011.0,668248.0
2026-05-14 13:00:00,5505.0,5512.0,5500.0,5501.0,30877.0,668248.0,669056.0
2026-05-14 14:00:00,5501.0,5503.0,5494.0,5497.0,51454.0,669056.0,668453.0
2026-05-14 21:00:00,5472.0,5488.0,5460.0,5485.0,119659.0,668453.0,667003.0
2026-05-14 22:00:00,5485.0,5490.0,5481.0,5486.0,37850.0,667003.0,662877.0
2026-05-15 09:00:00,5486.0,5489.0,5438.0,5442.0,170090.0,662877.0,654280.0
2026-05-15 10:00:00,5442.0,5459.0,5440.0,5458.0,53234.0,654280.0,652615.0
2026-05-15 11:00:00,5458.0,5463.0,5453.0,5456.0,27605.0,652615.0,653171.0
2026-05-15 13:00:00,5456.0,5456.0,5429.0,5434.0,73949.0,653171.0,648129.0
2026-05-15 14:00:00,5434.0,5439.0,5427.0,5437.0,67153.0,648129.0,640582.0
2026-05-15 21:00:00,5431.0,5452.0,5424.0,5446.0,104518.0,640582.0,647668.0
2026-05-15 22:00:00,5446.0,5447.0,5434.0,5439.0,42570.0,647668.0,642731.0
2026-05-18 09:00:00,5439.0,5453.0,5427.0,5438.0,94654.0,642731.0,639752.0
2026-05-18 10:00:00,5438.0,5445.0,5431.0,5441.0,37246.0,639752.0,637998.0
2026-05-18 11:00:00,5441.0,5444.0,5429.0,5432.0,22876.0,637998.0,635576.0
2026-05-18 13:00:00,5432.0,5436.0,5427.0,5434.0,24457.0,635576.0,636626.0
2026-05-18 14:00:00,5434.0,5435.0,5425.0,5429.0,50249.0,636626.0,632806.0
2026-05-18 21:00:00,5419.0,5425.0,5406.0,5422.0,113422.0,632806.0,636467.0
2026-05-18 22:00:00,5422.0,5432.0,5419.0,5428.0,39202.0,636467.0,632645.0
2026-05-19 09:00:00,5428.0,5441.0,5418.0,5418.0,72027.0,632645.0,632481.0
2026-05-19 10:00:00,5418.0,5421.0,5412.0,5414.0,47967.0,632481.0,633262.0
2026-05-19 11:00:00,5414.0,5425.0,5414.0,5419.0,16042.0,633262.0,632971.0
2026-05-19 13:00:00,5419.0,5431.0,5415.0,5428.0,28063.0,632971.0,633010.0
2026-05-19 14:00:00,5428.0,5433.0,5422.0,5430.0,42562.0,633010.0,631707.0
2026-05-19 21:00:00,5437.0,5439.0,5422.0,5433.0,93805.0,631707.0,640439.0
2026-05-19 22:00:00,5433.0,5437.0,5425.0,5430.0,36219.0,640439.0,639173.0
2026-05-20 09:00:00,5432.0,5438.0,5413.0,5414.0,71848.0,639173.0,642762.0
2026-05-20 10:00:00,5414.0,5415.0,5388.0,5393.0,112409.0,642762.0,644834.0
2026-05-20 11:00:00,5393.0,5393.0,5381.0,5389.0,44560.0,644834.0,645383.0
2026-05-20 13:00:00,5390.0,5399.0,5388.0,5398.0,35003.0,645383.0,643800.0
2026-05-20 14:00:00,5398.0,5401.0,5389.0,5392.0,53431.0,643800.0,640122.0
2026-05-20 21:00:00,5392.0,5398.0,5386.0,5390.0,73483.0,640122.0,643331.0
2026-05-20 22:00:00,5390.0,5393.0,5372.0,5373.0,62797.0,643331.0,641488.0
2026-05-21 09:00:00,5372.0,5386.0,5363.0,5386.0,91720.0,641488.0,640794.0
2026-05-21 10:00:00,5386.0,5404.0,5384.0,5393.0,64810.0,640794.0,638387.0
2026-05-21 11:00:00,5393.0,5396.0,5390.0,5391.0,13098.0,638387.0,638717.0
2026-05-21 13:00:00,5391.0,5395.0,5371.0,5371.0,35566.0,638717.0,638343.0
2026-05-21 14:00:00,5371.0,5376.0,5359.0,5363.0,74565.0,638343.0,634596.0
2026-05-21 21:00:00,5377.0,5388.0,5370.0,5374.0,99878.0,634596.0,645954.0
2026-05-21 22:00:00,5374.0,5379.0,5363.0,5368.0,45400.0,645954.0,644790.0
2026-05-22 09:00:00,5367.0,5374.0,5357.0,5369.0,66942.0,644790.0,650450.0
2026-05-22 10:00:00,5369.0,5376.0,5364.0,5366.0,40642.0,650450.0,647454.0
2026-05-22 11:00:00,5366.0,5371.0,5361.0,5368.0,19167.0,647454.0,647685.0
2026-05-22 13:00:00,5369.0,5376.0,5365.0,5369.0,21037.0,647685.0,649049.0
2026-05-22 14:00:00,5369.0,5374.0,5363.0,5368.0,36160.0,649049.0,650675.0
2026-05-22 21:00:00,5357.0,5367.0,5349.0,5364.0,86313.0,650675.0,656385.0
2026-05-22 22:00:00,5364.0,5367.0,5360.0,5362.0,22247.0,656385.0,655470.0
2026-05-25 09:00:00,5362.0,5378.0,5352.0,5368.0,94594.0,655470.0,664568.0
2026-05-25 10:00:00,5368.0,5373.0,5354.0,5354.0,40522.0,664568.0,668202.0
2026-05-25 11:00:00,5354.0,5362.0,5345.0,5350.0,38673.0,668202.0,666976.0
2026-05-25 13:00:00,5349.0,5351.0,5339.0,5343.0,37623.0,666976.0,670650.0
2026-05-25 14:00:00,5343.0,5352.0,5343.0,5346.0,39856.0,670650.0,672398.0
2026-05-25 21:00:00,5350.0,5353.0,5339.0,5347.0,57395.0,672398.0,674678.0
2026-05-25 22:00:00,5347.0,5358.0,5346.0,5355.0,33165.0,674678.0,674164.0
2026-05-26 09:00:00,5355.0,5375.0,5352.0,5374.0,92198.0,674164.0,680565.0
2026-05-26 10:00:00,5374.0,5376.0,5360.0,5372.0,37442.0,680565.0,679097.0
2026-05-26 11:00:00,5372.0,5380.0,5366.0,5377.0,24211.0,679097.0,681311.0
2026-05-26 13:00:00,5377.0,5390.0,5377.0,5385.0,51765.0,681311.0,681456.0
2026-05-26 14:00:00,5385.0,5394.0,5381.0,5389.0,60365.0,681456.0,682505.0
2026-05-26 21:00:00,5386.0,5399.0,5382.0,5392.0,81474.0,682505.0,687111.0
2026-05-26 22:00:00,5392.0,5394.0,5384.0,5388.0,32984.0,687111.0,684166.0
2026-05-27 09:00:00,5384.0,5406.0,5375.0,5398.0,79078.0,684166.0,683197.0
2026-05-27 10:00:00,5398.0,5408.0,5397.0,5399.0,39336.0,683197.0,679455.0
2026-05-27 11:00:00,5399.0,5401.0,5387.0,5391.0,26925.0,679455.0,675989.0
2026-05-27 13:00:00,5392.0,5393.0,5383.0,5384.0,25293.0,675989.0,674812.0
2026-05-27 14:00:00,5384.0,5389.0,5378.0,5382.0,41025.0,674812.0,671125.0
2026-05-27 21:00:00,5369.0,5378.0,5358.0,5370.0,92960.0,671125.0,680164.0
2026-05-27 22:00:00,5370.0,5372.0,5364.0,5371.0,28074.0,680164.0,681035.0
2026-05-28 09:00:00,5371.0,5378.0,5351.0,5360.0,80231.0,681035.0,684919.0
2026-05-28 10:00:00,5360.0,5366.0,5356.0,5361.0,25486.0,684919.0,685387.0
2026-05-28 11:00:00,5361.0,5371.0,5361.0,5368.0,20706.0,685387.0,686526.0
2026-05-28 13:00:00,5369.0,5374.0,5365.0,5370.0,21347.0,686526.0,687676.0
2026-05-28 14:00:00,5370.0,5385.0,5369.0,5378.0,58053.0,687676.0,688615.0
2026-05-28 21:00:00,5369.0,5413.0,5362.0,5403.0,209059.0,688615.0,704969.0
2026-05-28 22:00:00,5403.0,5419.0,5403.0,5413.0,81073.0,704969.0,700003.0
2026-05-29 09:00:00,5413.0,5420.0,5404.0,5410.0,63825.0,700003.0,696903.0
2026-05-29 10:00:00,5410.0,5412.0,5400.0,5411.0,37220.0,696903.0,691743.0
2026-05-29 11:00:00,5411.0,5412.0,5396.0,5400.0,24618.0,691743.0,689958.0
2026-05-29 13:00:00,5400.0,5407.0,5395.0,5396.0,23989.0,689958.0,688645.0
2026-05-29 14:00:00,5396.0,5412.0,5390.0,5411.0,53984.0,688645.0,683377.0
2026-05-29 21:00:00,5419.0,5433.0,5410.0,5417.0,104363.0,683377.0,682107.0
2026-05-29 22:00:00,5417.0,5418.0,5410.0,5412.0,31377.0,682107.0,677384.0
2026-06-01 09:00:00,5411.0,5436.0,5411.0,5431.0,101400.0,677384.0,678586.0
2026-06-01 10:00:00,5431.0,5454.0,5428.0,5443.0,94916.0,678586.0,675370.0
2026-06-01 11:00:00,5443.0,5446.0,5437.0,5445.0,23893.0,675370.0,674785.0
2026-06-01 13:00:00,5445.0,5450.0,5443.0,5446.0,29833.0,674785.0,675718.0
2026-06-01 14:00:00,5446.0,5449.0,5440.0,5446.0,47201.0,675718.0,673969.0
2026-06-01 21:00:00,5449.0,5451.0,5430.0,5444.0,102370.0,673969.0,672471.0
2026-06-01 22:00:00,5444.0,5451.0,5436.0,5450.0,44053.0,672471.0,669243.0
2026-06-02 09:00:00,5445.0,5448.0,5416.0,5423.0,110554.0,669243.0,665300.0
2026-06-02 10:00:00,5423.0,5440.0,5421.0,5438.0,44464.0,665300.0,662827.0
2026-06-02 11:00:00,5438.0,5441.0,5434.0,5435.0,17162.0,662827.0,660770.0
2026-06-02 13:00:00,5435.0,5438.0,5430.0,5435.0,20228.0,660770.0,658919.0
2026-06-02 14:00:00,5435.0,5437.0,5427.0,5433.0,36764.0,658919.0,657417.0
2026-06-02 21:00:00,5436.0,5446.0,5432.0,5435.0,83777.0,657417.0,662953.0
2026-06-02 22:00:00,5435.0,5442.0,5434.0,5439.0,32621.0,662953.0,658836.0
2026-06-03 09:00:00,5441.0,5455.0,5427.0,5434.0,121306.0,658836.0,662116.0
2026-06-03 10:00:00,5434.0,5442.0,5428.0,5440.0,39083.0,662116.0,662215.0
2026-06-03 11:00:00,5440.0,5445.0,5437.0,5439.0,18354.0,662215.0,659353.0
2026-06-03 13:00:00,5439.0,5446.0,5435.0,5443.0,26868.0,659353.0,659462.0
2026-06-03 14:00:00,5443.0,5445.0,5433.0,5438.0,54617.0,659462.0,656635.0
2026-06-03 21:00:00,5439.0,5446.0,5425.0,5426.0,101639.0,656635.0,663093.0
2026-06-03 22:00:00,5426.0,5435.0,5423.0,5432.0,38785.0,663093.0,657950.0
2026-06-04 09:00:00,5427.0,5427.0,5384.0,5393.0,152119.0,657950.0,662348.0
2026-06-04 10:00:00,5393.0,5402.0,5376.0,5384.0,59676.0,662348.0,663075.0
2026-06-04 11:00:00,5384.0,5387.0,5379.0,5383.0,23550.0,663075.0,664624.0
2026-06-04 13:00:00,5383.0,5385.0,5377.0,5378.0,24524.0,664624.0,666059.0
2026-06-04 14:00:00,5378.0,5379.0,5368.0,5374.0,75615.0,666059.0,659276.0
2026-06-04 21:00:00,5375.0,5390.0,5373.0,5373.0,92699.0,659276.0,665059.0
2026-06-04 22:00:00,5373.0,5376.0,5351.0,5352.0,82342.0,665059.0,663289.0
2026-06-05 09:00:00,5354.0,5354.0,5316.0,5340.0,187774.0,663289.0,674038.0
2026-06-05 10:00:00,5340.0,5350.0,5336.0,5341.0,44806.0,674038.0,672584.0
2026-06-05 11:00:00,5341.0,5349.0,5337.0,5347.0,22390.0,672584.0,674246.0
2026-06-05 13:00:00,5347.0,5353.0,5336.0,5336.0,33794.0,674246.0,672248.0
2026-06-05 14:00:00,5336.0,5341.0,5330.0,5341.0,57409.0,672248.0,672582.0
2026-06-05 21:00:00,5340.0,5341.0,5322.0,5327.0,76748.0,672582.0,680717.0
2026-06-05 22:00:00,5327.0,5329.0,5320.0,5324.0,43350.0,680717.0,682215.0
2026-06-08 09:00:00,5320.0,5335.0,5312.0,5322.0,100049.0,682215.0,686798.0
2026-06-08 10:00:00,5322.0,5334.0,5316.0,5328.0,32642.0,686798.0,690140.0
2026-06-08 11:00:00,5328.0,5331.0,5322.0,5326.0,13712.0,690140.0,691022.0
2026-06-08 13:00:00,5327.0,5330.0,5318.0,5321.0,27557.0,691022.0,689261.0
2026-06-08 14:00:00,5321.0,5334.0,5321.0,5330.0,42837.0,689261.0,689461.0
2026-06-08 21:00:00,5334.0,5348.0,5327.0,5333.0,116469.0,689461.0,702462.0
2026-06-08 22:00:00,5333.0,5341.0,5333.0,5337.0,31959.0,702462.0,702453.0
2026-06-09 09:00:00,5337.0,5343.0,5325.0,5328.0,58944.0,702453.0,700605.0
2026-06-09 10:00:00,5328.0,5328.0,5319.0,5320.0,28549.0,700605.0,701944.0
2026-06-09 11:00:00,5320.0,5325.0,5310.0,5316.0,27874.0,701944.0,698915.0
2026-06-09 13:00:00,5316.0,5320.0,5311.0,5312.0,27495.0,698915.0,701034.0
2026-06-09 14:00:00,5312.0,5317.0,5307.0,5310.0,55763.0,701034.0,706024.0
2026-06-09 21:00:00,5312.0,5321.0,5304.0,5314.0,68933.0,706024.0,712113.0
2026-06-09 22:00:00,5314.0,5319.0,5303.0,5307.0,36633.0,712113.0,711788.0
2026-06-10 09:00:00,5312.0,5323.0,5306.0,5315.0,51247.0,711788.0,712915.0
2026-06-10 10:00:00,5315.0,5321.0,5306.0,5307.0,26858.0,712915.0,714880.0
2026-06-10 11:00:00,5307.0,5313.0,5305.0,5310.0,10695.0,714880.0,716062.0
2026-06-10 13:00:00,5309.0,5313.0,5301.0,5309.0,30414.0,716062.0,718905.0
2026-06-10 14:00:00,5309.0,5318.0,5308.0,5314.0,34219.0,718905.0,718958.0
2026-06-10 21:00:00,5316.0,5322.0,5307.0,5318.0,70466.0,718958.0,726983.0
2026-06-10 22:00:00,5318.0,5321.0,5313.0,5314.0,25292.0,726983.0,725410.0
2026-06-11 09:00:00,5316.0,5318.0,5285.0,5290.0,109198.0,725410.0,729969.0
2026-06-11 10:00:00,5290.0,5291.0,5281.0,5284.0,41517.0,729969.0,732007.0
2026-06-11 11:00:00,5284.0,5286.0,5280.0,5282.0,22634.0,732007.0,734211.0
2026-06-11 13:00:00,5282.0,5283.0,5277.0,5281.0,27883.0,734211.0,739434.0
2026-06-11 14:00:00,5281.0,5298.0,5280.0,5291.0,59523.0,739434.0,735546.0
2026-06-11 21:00:00,5288.0,5293.0,5278.0,5282.0,70162.0,735546.0,746200.0
2026-06-11 22:00:00,5282.0,5284.0,5275.0,5279.0,35908.0,746200.0,749654.0
2026-06-12 09:00:00,5279.0,5285.0,5273.0,5284.0,59407.0,749654.0,756153.0
2026-06-12 10:00:00,5284.0,5286.0,5276.0,5281.0,33616.0,756153.0,756816.0
2026-06-12 11:00:00,5281.0,5331.0,5281.0,5326.0,127899.0,756816.0,755786.0
2026-06-12 13:00:00,5326.0,5328.0,5314.0,5315.0,47840.0,755786.0,751329.0
2026-06-12 14:00:00,5315.0,5317.0,5308.0,5315.0,52047.0,751329.0,748912.0
2026-06-12 21:00:00,5314.0,5327.0,5309.0,5319.0,81724.0,748912.0,755522.0
2026-06-12 22:00:00,5319.0,5323.0,5317.0,5321.0,26033.0,755522.0,752155.0
2026-06-15 09:00:00,5313.0,5325.0,5303.0,5324.0,87820.0,752155.0,755784.0
2026-06-15 10:00:00,5324.0,5325.0,5313.0,5318.0,31391.0,755784.0,755876.0
2026-06-15 11:00:00,5318.0,5318.0,5311.0,5313.0,11472.0,755876.0,756681.0
2026-06-15 13:00:00,5313.0,5327.0,5313.0,5327.0,24851.0,756681.0,754048.0
2026-06-15 14:00:00,5327.0,5332.0,5317.0,5321.0,48722.0,754048.0,754715.0
2026-06-15 21:00:00,5320.0,5335.0,5316.0,5330.0,90483.0,754715.0,758420.0
2026-06-15 22:00:00,5330.0,5332.0,5324.0,5331.0,33030.0,758420.0,754240.0
2026-06-16 09:00:00,5331.0,5331.0,5307.0,5314.0,81277.0,754240.0,755406.0
2026-06-16 10:00:00,5314.0,5321.0,5312.0,5320.0,24004.0,755406.0,754288.0
2026-06-16 11:00:00,5320.0,5326.0,5319.0,5322.0,19829.0,754288.0,752925.0
2026-06-16 13:00:00,5321.0,5321.0,5315.0,5319.0,19886.0,752925.0,752666.0
2026-06-16 14:00:00,5319.0,5320.0,5312.0,5317.0,37860.0,752666.0,752133.0
2026-06-16 21:00:00,5314.0,5353.0,5309.0,5352.0,168206.0,752133.0,763198.0
2026-06-16 22:00:00,5352.0,5354.0,5344.0,5351.0,56860.0,763198.0,754795.0
2026-06-17 09:00:00,5350.0,5351.0,5337.0,5342.0,52152.0,754795.0,750040.0
2026-06-17 10:00:00,5342.0,5347.0,5339.0,5345.0,20831.0,750040.0,747422.0
2026-06-17 11:00:00,5345.0,5347.0,5341.0,5344.0,9050.0,747422.0,746507.0
2026-06-17 13:00:00,5344.0,5348.0,5340.0,5346.0,13623.0,746507.0,745072.0
2026-06-17 14:00:00,5346.0,5347.0,5332.0,5338.0,44458.0,745072.0,737913.0
2026-06-17 21:00:00,5340.0,5353.0,5333.0,5341.0,92083.0,737913.0,742844.0
2026-06-17 22:00:00,5341.0,5341.0,5323.0,5334.0,64850.0,742844.0,739473.0
2026-06-18 09:00:00,5331.0,5345.0,5321.0,5340.0,64503.0,739473.0,737286.0
2026-06-18 10:00:00,5340.0,5343.0,5325.0,5325.0,34707.0,737286.0,735510.0
2026-06-18 11:00:00,5325.0,5331.0,5310.0,5318.0,43975.0,735510.0,735079.0
2026-06-18 13:00:00,5317.0,5325.0,5315.0,5319.0,21111.0,735079.0,733977.0
2026-06-18 14:00:00,5319.0,5325.0,5315.0,5320.0,39028.0,733977.0,727155.0
2026-06-22 09:00:00,5328.0,5344.0,5304.0,5314.0,105167.0,727155.0,725818.0
2026-06-22 10:00:00,5314.0,5328.0,5313.0,5323.0,43364.0,725818.0,724407.0
2026-06-22 11:00:00,5323.0,5339.0,5322.0,5330.0,37291.0,724407.0,718990.0
2026-06-22 13:00:00,5329.0,5332.0,5323.0,5326.0,21947.0,718990.0,718302.0
2026-06-22 14:00:00,5326.0,5346.0,5323.0,5345.0,61189.0,718302.0,712088.0
2026-06-22 21:00:00,5338.0,5340.0,5312.0,5315.0,104284.0,712088.0,726150.0
2026-06-22 22:00:00,5315.0,5317.0,5276.0,5284.0,135208.0,726150.0,746976.0
2026-06-23 09:00:00,5284.0,5293.0,5280.0,5280.0,72382.0,746976.0,752005.0
2026-06-23 10:00:00,5280.0,5290.0,5279.0,5288.0,28483.0,752005.0,752075.0
2026-06-23 11:00:00,5288.0,5288.0,5254.0,5271.0,85830.0,752075.0,754733.0
2026-06-23 13:00:00,5268.0,5271.0,5262.0,5262.0,32808.0,754733.0,751770.0
2026-06-23 14:00:00,5262.0,5271.0,5253.0,5264.0,70775.0,751770.0,751698.0
2026-06-23 21:00:00,5279.0,5286.0,5271.0,5274.0,107867.0,751698.0,751576.0
2026-06-23 22:00:00,5274.0,5283.0,5271.0,5279.0,39707.0,751576.0,746715.0
2026-06-24 09:00:00,5278.0,5284.0,5266.0,5271.0,66175.0,746715.0,747702.0
2026-06-24 10:00:00,5271.0,5272.0,5244.0,5254.0,73173.0,747702.0,753881.0
2026-06-24 11:00:00,5254.0,5255.0,5247.0,5250.0,30490.0,753881.0,754004.0
2026-06-24 13:00:00,5250.0,5258.0,5245.0,5247.0,32228.0,754004.0,755523.0
2026-06-24 14:00:00,5247.0,5255.0,5237.0,5241.0,62260.0,755523.0,758711.0
2026-06-24 21:00:00,5242.0,5243.0,5219.0,5224.0,110689.0,758711.0,764572.0
2026-06-24 22:00:00,5224.0,5243.0,5222.0,5233.0,54773.0,764572.0,761798.0
2026-06-25 09:00:00,5231.0,5231.0,5203.0,5209.0,93527.0,761798.0,765639.0
2026-06-25 10:00:00,5209.0,5211.0,5198.0,5210.0,62012.0,765639.0,767817.0
2026-06-25 11:00:00,5210.0,5217.0,5207.0,5209.0,24086.0,767817.0,767188.0
2026-06-25 13:00:00,5209.0,5214.0,5201.0,5204.0,22319.0,767188.0,767703.0
2026-06-25 14:00:00,5204.0,5212.0,5203.0,5210.0,44517.0,767703.0,764832.0
2026-06-25 21:00:00,5218.0,5225.0,5209.0,5214.0,97975.0,764832.0,778674.0
2026-06-25 22:00:00,5214.0,5219.0,5209.0,5210.0,36620.0,778674.0,779078.0
2026-06-26 09:00:00,5218.0,5247.0,5213.0,5239.0,104445.0,779078.0,773035.0
2026-06-26 10:00:00,5239.0,5244.0,5221.0,5228.0,42677.0,773035.0,766946.0
2026-06-26 11:00:00,5228.0,5230.0,5220.0,5225.0,17363.0,766946.0,767026.0
2026-06-26 13:00:00,5225.0,5229.0,5219.0,5228.0,22568.0,767026.0,768528.0
2026-06-26 14:00:00,5228.0,5233.0,5218.0,5219.0,39773.0,768528.0,766965.0
2026-06-26 21:00:00,5252.0,5272.0,5251.0,5261.0,140473.0,766965.0,763965.0
2026-06-26 22:00:00,5261.0,5268.0,5259.0,5262.0,37008.0,763965.0,757914.0
2026-06-29 09:00:00,5260.0,5266.0,5247.0,5249.0,66641.0,757914.0,761171.0
2026-06-29 10:00:00,5249.0,5258.0,5247.0,5254.0,31886.0,761171.0,760614.0
2026-06-29 11:00:00,5254.0,5265.0,5253.0,5260.0,25192.0,760614.0,759373.0
2026-06-29 13:00:00,5260.0,5262.0,5253.0,5260.0,18900.0,759373.0,758625.0
2026-06-29 14:00:00,5260.0,5285.0,5260.0,5270.0,71667.0,758625.0,748436.0
2026-06-29 21:00:00,5285.0,5304.0,5281.0,5286.0,124386.0,748436.0,744995.0
2026-06-29 22:00:00,5286.0,5292.0,5283.0,5286.0,34518.0,744995.0,741963.0
2026-06-30 09:00:00,5282.0,5286.0,5272.0,5278.0,60395.0,741963.0,736269.0
2026-06-30 10:00:00,5278.0,5291.0,5276.0,5287.0,27308.0,736269.0,735138.0
2026-06-30 11:00:00,5287.0,5293.0,5284.0,5290.0,13930.0,735138.0,733829.0
2026-06-30 13:00:00,5288.0,5288.0,5264.0,5271.0,35042.0,733829.0,732291.0
2026-06-30 14:00:00,5271.0,5274.0,5260.0,5260.0,57630.0,732291.0,724718.0
2026-06-30 21:00:00,5270.0,5278.0,5263.0,5273.0,62248.0,724718.0,730056.0
2026-06-30 22:00:00,5273.0,5275.0,5261.0,5262.0,32020.0,730056.0,728942.0
2026-07-01 09:00:00,5262.0,5282.0,5242.0,5279.0,90866.0,728942.0,726009.0
2026-07-01 10:00:00,5279.0,5293.0,5272.0,5285.0,53284.0,726009.0,722215.0
2026-07-01 11:00:00,5285.0,5295.0,5283.0,5285.0,24210.0,722215.0,720137.0
2026-07-01 13:00:00,5285.0,5293.0,5280.0,5284.0,25128.0,720137.0,717401.0
2026-07-01 14:00:00,5284.0,5287.0,5269.0,5277.0,44021.0,717401.0,711148.0
2026-07-01 21:00:00,5298.0,5304.0,5277.0,5291.0,90214.0,711148.0,716536.0
2026-07-01 22:00:00,5291.0,5292.0,5278.0,5284.0,31766.0,716536.0,715948.0
2026-07-02 09:00:00,5283.0,5300.0,5276.0,5287.0,74811.0,715948.0,715957.0
2026-07-02 10:00:00,5287.0,5288.0,5279.0,5282.0,24432.0,715957.0,717258.0
2026-07-02 11:00:00,5282.0,5283.0,5274.0,5276.0,20158.0,717258.0,717954.0
2026-07-02 13:00:00,5276.0,5281.0,5270.0,5276.0,24191.0,717954.0,716950.0
2026-07-02 14:00:00,5276.0,5277.0,5262.0,5267.0,52335.0,716950.0,719587.0
2026-07-02 21:00:00,5286.0,5293.0,5277.0,5279.0,85439.0,719587.0,722521.0
2026-07-02 22:00:00,5279.0,5281.0,5266.0,5267.0,50302.0,722521.0,724611.0
2026-07-03 09:00:00,5263.0,5288.0,5246.0,5287.0,96996.0,724611.0,724532.0
2026-07-03 10:00:00,5287.0,5287.0,5276.0,5279.0,32352.0,724532.0,722464.0
2026-07-03 11:00:00,5279.0,5312.0,5277.0,5297.0,80094.0,722464.0,717350.0
2026-07-03 13:00:00,5297.0,5310.0,5293.0,5309.0,41503.0,717350.0,715486.0
2026-07-03 14:00:00,5309.0,5316.0,5305.0,5307.0,74582.0,715486.0,704054.0
2026-07-03 21:00:00,5313.0,5324.0,5305.0,5316.0,100824.0,704054.0,702789.0
2026-07-03 22:00:00,5316.0,5319.0,5311.0,5319.0,33382.0,702789.0,698598.0
2026-07-06 09:00:00,5319.0,5326.0,5306.0,5314.0,76442.0,698598.0,699027.0
2026-07-06 10:00:00,5314.0,5315.0,5287.0,5294.0,62990.0,699027.0,702429.0
2026-07-06 11:00:00,5294.0,5299.0,5292.0,5294.0,20517.0,702429.0,702640.0
2026-07-06 13:00:00,5295.0,5310.0,5295.0,5310.0,26540.0,702640.0,704855.0
2026-07-06 14:00:00,5310.0,5329.0,5304.0,5327.0,86802.0,704855.0,705403.0
2026-07-06 21:00:00,5326.0,5332.0,5314.0,5326.0,101867.0,705403.0,710149.0
2026-07-06 22:00:00,5326.0,5333.0,5323.0,5330.0,38589.0,710149.0,710177.0
2026-07-07 09:00:00,5333.0,5336.0,5318.0,5323.0,73716.0,710177.0,707396.0
2026-07-07 10:00:00,5323.0,5329.0,5306.0,5312.0,53015.0,707396.0,705824.0
2026-07-07 11:00:00,5312.0,5317.0,5309.0,5317.0,21530.0,705824.0,702572.0
2026-07-07 13:00:00,5317.0,5322.0,5314.0,5320.0,22366.0,702572.0,700297.0
2026-07-07 14:00:00,5320.0,5325.0,5312.0,5316.0,44447.0,700297.0,694454.0
2026-07-07 21:00:00,5314.0,5315.0,5276.0,5281.0,155697.0,694454.0,712257.0
2026-07-07 22:00:00,5281.0,5291.0,5279.0,5282.0,44014.0,712257.0,710650.0
2026-07-08 09:00:00,5283.0,5303.0,5281.0,5301.0,69649.0,710650.0,701252.0
2026-07-08 10:00:00,5301.0,5304.0,5281.0,5287.0,42835.0,701252.0,701491.0
2026-07-08 11:00:00,5287.0,5296.0,5286.0,5289.0,16530.0,701491.0,702174.0
2026-07-08 13:00:00,5289.0,5291.0,5267.0,5270.0,56890.0,702174.0,702792.0
2026-07-08 14:00:00,5270.0,5275.0,5262.0,5271.0,62882.0,702792.0,703303.0
2026-07-08 21:00:00,5274.0,5277.0,5255.0,5264.0,103377.0,703303.0,711803.0
2026-07-08 22:00:00,5264.0,5276.0,5263.0,5268.0,42500.0,711803.0,707661.0
2026-07-09 09:00:00,5262.0,5274.0,5258.0,5266.0,61000.0,707661.0,708991.0
2026-07-09 10:00:00,5266.0,5266.0,5252.0,5254.0,38491.0,708991.0,709602.0
2026-07-09 11:00:00,5254.0,5256.0,5235.0,5244.0,66510.0,709602.0,709964.0
2026-07-09 13:00:00,5244.0,5254.0,5243.0,5250.0,29526.0,709964.0,708790.0
2026-07-09 14:00:00,5250.0,5254.0,5245.0,5249.0,41752.0,708790.0,706376.0
2026-07-09 21:00:00,5249.0,5257.0,5236.0,5248.0,96032.0,706376.0,719142.0
2026-07-09 22:00:00,5248.0,5249.0,5242.0,5246.0,25981.0,719142.0,718085.0
2026-07-10 09:00:00,5248.0,5267.0,5240.0,5265.0,71085.0,718085.0,720269.0
2026-07-10 10:00:00,5265.0,5281.0,5260.0,5278.0,64307.0,720269.0,710273.0
2026-07-10 11:00:00,5278.0,5284.0,5273.0,5279.0,46155.0,710273.0,703831.0
2026-07-10 13:00:00,5279.0,5282.0,5267.0,5269.0,31140.0,703831.0,697598.0
2026-07-10 14:00:00,5269.0,5288.0,5265.0,5284.0,71194.0,697598.0,691029.0
2026-07-10 21:00:00,5269.0,5279.0,5260.0,5266.0,89075.0,691029.0,693036.0
2026-07-10 22:00:00,5266.0,5267.0,5260.0,5261.0,31506.0,693036.0,691901.0
2026-07-13 09:00:00,5264.0,5275.0,5260.0,5263.0,70807.0,691901.0,690113.0
2026-07-13 10:00:00,5263.0,5273.0,5255.0,5269.0,48902.0,690113.0,686236.0
2026-07-13 11:00:00,5269.0,5272.0,5266.0,5268.0,14820.0,686236.0,685026.0
2026-07-13 13:00:00,5269.0,5270.0,5255.0,5257.0,25787.0,685026.0,686754.0
2026-07-13 14:00:00,5257.0,5261.0,5248.0,5255.0,52622.0,686754.0,685646.0
2026-07-13 21:00:00,5256.0,5260.0,5245.0,5250.0,55227.0,685646.0,690728.0
2026-07-13 22:00:00,5250.0,5252.0,5245.0,5247.0,26360.0,690728.0,692075.0
2026-07-14 09:00:00,5255.0,5266.0,5240.0,5248.0,84051.0,692075.0,694839.0
2026-07-14 10:00:00,5248.0,5250.0,5224.0,5229.0,77079.0,694839.0,703640.0
2026-07-14 11:00:00,5229.0,5237.0,5229.0,5230.0,18604.0,703640.0,702727.0
2026-07-14 13:00:00,5231.0,5237.0,5230.0,5233.0,19407.0,702727.0,703123.0
2026-07-14 14:00:00,5233.0,5238.0,5229.0,5235.0,38095.0,703123.0,701040.0
2026-07-14 21:00:00,5239.0,5239.0,5225.0,5235.0,70885.0,701040.0,710304.0
2026-07-14 22:00:00,5235.0,5236.0,5228.0,5232.0,23467.0,710304.0,710353.0
2026-07-15 09:00:00,5236.0,5246.0,5233.0,5237.0,64897.0,710353.0,708127.0
2026-07-15 10:00:00,5237.0,5246.0,5237.0,5239.0,29561.0,708127.0,707005.0
2026-07-15 11:00:00,5239.0,5242.0,5237.0,5239.0,11322.0,707005.0,707076.0
2026-07-15 13:00:00,5240.0,5244.0,5230.0,5233.0,25926.0,707076.0,709616.0
2026-07-15 14:00:00,5233.0,5233.0,5225.0,5229.0,39952.0,709616.0,711157.0
2026-07-15 21:00:00,5220.0,5222.0,5197.0,5215.0,142133.0,711157.0,731597.0
2026-07-15 22:00:00,5215.0,5225.0,5214.0,5222.0,33941.0,731597.0,728166.0
2026-07-16 09:00:00,5223.0,5232.0,5202.0,5204.0,78061.0,728166.0,735208.0
2026-07-16 10:00:00,5204.0,5206.0,5168.0,5176.0,145477.0,735208.0,764382.0
2026-07-16 11:00:00,5176.0,5178.0,5171.0,5175.0,31135.0,764382.0,771886.0
2026-07-16 13:00:00,5175.0,5175.0,5165.0,5169.0,44320.0,771886.0,779190.0
2026-07-16 14:00:00,5169.0,5170.0,5152.0,5158.0,98148.0,779190.0,785079.0
2026-07-16 21:00:00,5146.0,5162.0,5138.0,5155.0,148305.0,785079.0,784190.0
2026-07-16 22:00:00,5155.0,5161.0,5151.0,5154.0,41399.0,784190.0,777384.0
2026-07-17 09:00:00,5152.0,5153.0,5132.0,5138.0,88267.0,777384.0,781629.0
2026-07-17 10:00:00,5138.0,5139.0,5123.0,5129.0,52495.0,781629.0,777191.0
2026-07-17 11:00:00,5129.0,5138.0,5128.0,5133.0,25388.0,777191.0,774930.0
2026-07-17 13:00:00,5132.0,5136.0,5121.0,5134.0,37339.0,774930.0,772292.0
2026-07-17 14:00:00,5134.0,5137.0,5123.0,5124.0,50917.0,772292.0,765325.0
2026-07-17 21:00:00,5139.0,5149.0,5132.0,5147.0,83499.0,765325.0,766997.0
2026-07-17 22:00:00,5147.0,5150.0,5140.0,5143.0,37261.0,766997.0,767892.0
2026-07-20 09:00:00,5146.0,5169.0,5140.0,5156.0,103111.0,767892.0,759596.0
2026-07-20 10:00:00,5156.0,5162.0,5145.0,5161.0,32264.0,759596.0,757335.0
2026-07-20 11:00:00,5161.0,5174.0,5160.0,5167.0,41744.0,757335.0,746086.0
2026-07-20 13:00:00,5167.0,5170.0,5161.0,5166.0,29025.0,746086.0,741393.0
2026-07-20 14:00:00,5166.0,5168.0,5154.0,5157.0,37842.0,741393.0,736762.0
2026-07-20 21:00:00,5158.0,5162.0,5147.0,5152.0,74727.0,736762.0,741667.0
2026-07-20 22:00:00,5152.0,5158.0,5151.0,5157.0,21008.0,741667.0,740097.0
2026-07-21 09:00:00,5155.0,5174.0,5148.0,5169.0,84818.0,740097.0,733800.0
2026-07-21 10:00:00,5169.0,5174.0,5163.0,5167.0,33416.0,733800.0,728007.0
2026-07-21 11:00:00,5167.0,5174.0,5164.0,5168.0,20843.0,728007.0,723763.0
2026-07-21 13:00:00,5168.0,5182.0,5164.0,5174.0,37480.0,723763.0,719341.0
2026-07-21 14:00:00,5174.0,5180.0,5162.0,5169.0,54516.0,719341.0,712374.0
2026-07-21 21:00:00,5166.0,5170.0,5160.0,5165.0,58224.0,712374.0,713854.0
2026-07-21 22:00:00,5165.0,5167.0,5158.0,5163.0,21764.0,713854.0,710682.0
2026-07-22 09:00:00,5166.0,5181.0,5163.0,5174.0,69671.0,710682.0,705259.0
2026-07-22 10:00:00,5174.0,5175.0,5155.0,5163.0,55199.0,705259.0,703885.0
2026-07-22 11:00:00,5163.0,5174.0,5161.0,5172.0,22540.0,703885.0,699273.0
2026-07-22 13:00:00,5172.0,5175.0,5166.0,5172.0,24059.0,699273.0,695204.0
2026-07-22 14:00:00,5172.0,5172.0,5164.0,5169.0,34852.0,695204.0,689521.0
2026-07-22 21:00:00,5157.0,5175.0,5154.0,5173.0,59585.0,689521.0,691994.0
2026-07-22 22:00:00,5173.0,5178.0,5167.0,5168.0,24871.0,691994.0,687032.0
2026-07-23 09:00:00,5169.0,5183.0,5165.0,5169.0,66983.0,687032.0,684600.0
2026-07-23 10:00:00,5169.0,5184.0,5169.0,5180.0,30052.0,684600.0,681341.0
2026-07-23 11:00:00,5180.0,5186.0,5178.0,5184.0,21168.0,681341.0,678372.0
2026-07-23 13:00:00,5184.0,5187.0,5177.0,5183.0,22675.0,678372.0,676032.0
2026-07-23 14:00:00,5183.0,5197.0,5181.0,5190.0,59395.0,676032.0,665332.0
2026-07-23 21:00:00,5182.0,5189.0,5168.0,5174.0,75433.0,665332.0,667321.0
2026-07-23 22:00:00,5174.0,5181.0,5172.0,5176.0,22462.0,667321.0,664082.0
2026-07-24 09:00:00,5176.0,5179.0,5161.0,5162.0,61751.0,664082.0,662619.0
2026-07-24 10:00:00,5162.0,5165.0,5156.0,5165.0,35744.0,662619.0,660203.0
2026-07-24 11:00:00,5165.0,5172.0,5163.0,5165.0,16889.0,660203.0,656830.0
2026-07-24 13:00:00,5165.0,5169.0,5156.0,5158.0,20526.0,656830.0,658134.0
2026-07-24 14:00:00,5158.0,5166.0,5151.0,5158.0,50748.0,658134.0,652297.0
2026-07-24 21:00:00,5148.0,5158.0,5135.0,5146.0,69191.0,652297.0,654371.0
2026-07-24 22:00:00,5146.0,5158.0,5145.0,5154.0,25979.0,654371.0,651318.0
2026-07-27 09:00:00,5149.0,5174.0,5144.0,5171.0,67446.0,651318.0,646221.0
2026-07-27 10:00:00,5171.0,5174.0,5167.0,5169.0,25740.0,646221.0,641722.0
2026-07-27 11:00:00,5169.0,5172.0,5164.0,5166.0,12587.0,641722.0,640348.0
2026-07-27 13:00:00,5166.0,5166.0,5154.0,5162.0,27453.0,640348.0,639578.0
2026-07-27 14:00:00,5162.0,5176.0,5161.0,5169.0,41673.0,639578.0,626745.0
2026-07-27 21:00:00,5160.0,5167.0,5152.0,5161.0,72340.0,626745.0,630045.0
2026-07-27 22:00:00,5161.0,5162.0,5144.0,5145.0,45421.0,630045.0,633850.0
2026-07-28 09:00:00,5142.0,5164.0,5135.0,5155.0,76869.0,633850.0,626360.0
2026-07-28 10:00:00,5155.0,5157.0,5145.0,5146.0,35432.0,626360.0,623126.0
2026-07-28 11:00:00,5146.0,5148.0,5139.0,5147.0,22617.0,623126.0,622209.0
2026-07-28 13:00:00,5146.0,5149.0,5141.0,5146.0,17716.0,622209.0,620317.0
2026-07-28 14:00:00,5146.0,5150.0,5141.0,5143.0,32187.0,620317.0,615197.0
2026-07-28 21:00:00,5148.0,5150.0,5126.0,5131.0,86525.0,615197.0,624309.0
2026-07-28 22:00:00,5131.0,5132.0,5096.0,5100.0,108863.0,624309.0,628541.0
2026-07-29 09:00:00,5099.0,5110.0,5080.0,5102.0,105489.0,628541.0,629774.0
2026-07-29 10:00:00,5102.0,5114.0,5100.0,5107.0,54824.0,629774.0,619634.0
2026-07-29 11:00:00,5107.0,5111.0,5103.0,5104.0,21042.0,619634.0,615095.0
2026-07-29 13:00:00,5103.0,5125.0,5103.0,5123.0,41845.0,615095.0,606961.0
2026-07-29 14:00:00,5123.0,5129.0,5118.0,5120.0,57610.0,606961.0,598260.0
2026-07-29 21:00:00,5126.0,5128.0,5105.0,5111.0,71659.0,598260.0,599144.0
2026-07-29 22:00:00,5111.0,5114.0,5100.0,5104.0,27152.0,599144.0,598289.0
2026-07-30 09:00:00,5104.0,5110.0,5084.0,5087.0,69843.0,598289.0,600889.0
2026-07-30 10:00:00,5087.0,5090.0,5080.0,5085.0,38502.0,600889.0,603304.0
2026-07-30 11:00:00,5085.0,5088.0,5081.0,5085.0,19245.0,603304.0,600916.0
2026-07-30 13:00:00,5085.0,5091.0,5080.0,5081.0,21973.0,600916.0,600085.0
2026-07-30 14:00:00,5081.0,5096.0,5079.0,5089.0,43786.0,600085.0,594202.0
2026-07-30 21:00:00,5092.0,5099.0,5073.0,5076.0,92852.0,594202.0,596078.0
2026-07-30 22:00:00,5076.0,5080.0,5067.0,5071.0,38602.0,596078.0,594924.0
2026-07-31 09:00:00,5071.0,5087.0,5068.0,5076.0,76435.0,594924.0,589255.0
2026-07-31 10:00:00,5076.0,5077.0,5065.0,5067.0,31363.0,589255.0,591945.0
2026-07-31 11:00:00,5067.0,5070.0,5061.0,5070.0,14936.0,591945.0,589323.0
2026-07-31 13:00:00,5069.0,5071.0,5056.0,5057.0,25381.0,589323.0,589814.0
2026-07-31 14:00:00,5057.0,5062.0,5049.0,5053.0,49500.0,589814.0,584258.0
2026-07-31 21:00:00,5062.0,5072.0,5054.0,5057.0,87193.0,584258.0,585145.0
2026-07-31 22:00:00,5057.0,5068.0,5054.0,5061.0,30436.0,585145.0,583344.0
2026-08-03 09:00:00,5056.0,5077.0,5050.0,5072.0,62718.0,583344.0,580247.0
2026-08-03 10:00:00,5072.0,5073.0,5054.0,5058.0,34648.0,580247.0,578387.0
2026-08-03 11:00:00,5058.0,5063.0,5056.0,5059.0,10156.0,578387.0,577074.0
2026-08-03 13:00:00,5059.0,5066.0,5056.0,5057.0,15232.0,577074.0,576901.0
2026-08-03 14:00:00,5057.0,5068.0,5055.0,5057.0,31879.0,576901.0,571548.0
2026-08-03 21:00:00,5065.0,5074.0,5060.0,5067.0,67007.0,571548.0,571352.0
2026-08-03 22:00:00,5067.0,5068.0,5051.0,5056.0,35575.0,571352.0,572058.0
2026-08-04 09:00:00,5062.0,5071.0,5057.0,5070.0,51296.0,572058.0,565346.0
2026-08-04 10:00:00,5070.0,5073.0,5063.0,5072.0,23091.0,565346.0,562022.0
2026-08-04 11:00:00,5072.0,5075.0,5068.0,5071.0,13773.0,562022.0,559726.0
2026-08-04 13:00:00,5070.0,5097.0,5070.0,5089.0,51588.0,559726.0,553795.0
2026-08-04 14:00:00,5089.0,5097.0,5084.0,5086.0,45778.0,553795.0,547745.0
2026-08-04 21:00:00,5090.0,5091.0,5069.0,5077.0,65548.0,547745.0,549599.0
2026-08-04 22:00:00,5077.0,5087.0,5075.0,5081.0,26624.0,549599.0,548041.0
2026-08-05 09:00:00,5081.0,5096.0,5078.0,5088.0,41280.0,548041.0,546337.0
2026-08-05 10:00:00,5088.0,5111.0,5087.0,5105.0,44361.0,546337.0,536915.0
2026-08-05 11:00:00,5105.0,5118.0,5104.0,5109.0,30710.0,536915.0,529094.0
2026-08-05 13:00:00,5109.0,5116.0,5109.0,5111.0,19261.0,529094.0,524221.0
2026-08-05 14:00:00,5111.0,5112.0,5102.0,5108.0,36595.0,524221.0,513537.0
2026-08-05 21:00:00,5112.0,5124.0,5108.0,5118.0,62504.0,513537.0,510395.0
2026-08-05 22:00:00,5118.0,5121.0,5111.0,5115.0,26345.0,510395.0,507735.0
2026-08-06 09:00:00,5114.0,5130.0,5113.0,5126.0,50850.0,507735.0,499642.0
2026-08-06 10:00:00,5126.0,5129.0,5121.0,5127.0,22433.0,499642.0,495546.0
2026-08-06 11:00:00,5127.0,5128.0,5120.0,5124.0,14042.0,495546.0,492707.0
2026-08-06 13:00:00,5124.0,5126.0,5118.0,5123.0,16029.0,492707.0,489054.0
2026-08-06 14:00:00,5123.0,5129.0,5120.0,5122.0,33180.0,489054.0,478320.0
2026-08-06 21:00:00,5114.0,5125.0,5108.0,5119.0,76564.0,478320.0,478735.0
2026-08-06 22:00:00,5119.0,5140.0,5118.0,5136.0,51746.0,478735.0,470244.0
2026-08-07 09:00:00,5150.0,5170.0,5147.0,5169.0,98708.0,470244.0,453465.0
2026-08-07 10:00:00,5169.0,5183.0,5168.0,5170.0,67233.0,453465.0,436794.0
2026-08-07 11:00:00,5170.0,5175.0,5165.0,5171.0,19861.0,436794.0,432923.0
2026-08-07 13:00:00,5173.0,5174.0,5165.0,5166.0,22383.0,432923.0,427765.0
2026-08-07 14:00:00,5166.0,5168.0,5151.0,5153.0,52404.0,427765.0,418598.0
2026-08-07 21:00:00,5174.0,5180.0,5165.0,5174.0,66141.0,418598.0,413024.0
2026-08-07 22:00:00,5174.0,5185.0,5174.0,5181.0,42553.0,413024.0,407982.0
2026-08-10 09:00:00,5194.0,5213.0,5193.0,5212.0,112183.0,407982.0,393029.0
2026-08-10 10:00:00,5212.0,5218.0,5205.0,5208.0,42868.0,393029.0,385374.0
2026-08-10 11:00:00,5208.0,5215.0,5207.0,5209.0,19785.0,385374.0,380225.0
2026-08-10 13:00:00,5208.0,5211.0,5202.0,5208.0,22380.0,380225.0,375899.0
2026-08-10 14:00:00,5208.0,5214.0,5203.0,5207.0,39403.0,375899.0,365841.0
2026-08-10 21:00:00,5205.0,5226.0,5203.0,5215.0,122662.0,365841.0,349112.0
2026-08-10 22:00:00,5215.0,5217.0,5206.0,5215.0,28450.0,349112.0,341713.0
2026-08-11 09:00:00,5216.0,5221.0,5203.0,5205.0,61155.0,341713.0,326962.0
2026-08-11 10:00:00,5205.0,5210.0,5198.0,5208.0,32423.0,326962.0,320304.0
2026-08-11 11:00:00,5208.0,5215.0,5207.0,5213.0,12316.0,320304.0,318109.0
2026-08-11 13:00:00,5213.0,5213.0,5205.0,5208.0,20352.0,318109.0,316162.0
2026-08-11 14:00:00,5208.0,5212.0,5196.0,5203.0,40382.0,316162.0,307722.0
2026-08-11 21:00:00,5203.0,5209.0,5188.0,5202.0,77264.0,307722.0,300136.0
2026-08-11 22:00:00,5202.0,5206.0,5196.0,5203.0,24286.0,300136.0,295432.0
2026-08-12 09:00:00,5206.0,5212.0,5202.0,5207.0,39537.0,295432.0,287994.0
2026-08-12 10:00:00,5207.0,5209.0,5203.0,5205.0,12575.0,287994.0,285693.0
2026-08-12 11:00:00,5205.0,5207.0,5198.0,5202.0,8760.0,285693.0,284535.0
2026-08-12 13:00:00,5202.0,5202.0,5192.0,5198.0,19257.0,284535.0,281347.0
2026-08-12 14:00:00,5198.0,5200.0,5189.0,5192.0,36169.0,281347.0,272839.0
2026-08-12 21:00:00,5354.0,5358.0,5330.0,5331.0,71286.0,272839.0,487758.0
2026-08-12 22:00:00,5331.0,5335.0,5310.0,5313.0,48250.0,487758.0,487816.0
2026-08-13 09:00:00,5287.0,5298.0,5268.0,5271.0,124498.0,487816.0,485637.0
2026-08-13 10:00:00,5271.0,5290.0,5270.0,5289.0,37776.0,485637.0,489839.0
2026-08-13 11:00:00,5289.0,5298.0,5286.0,5296.0,24762.0,489839.0,492086.0
2026-08-13 13:00:00,5296.0,5301.0,5289.0,5292.0,19316.0,492086.0,492559.0
2026-08-13 14:00:00,5292.0,5295.0,5289.0,5291.0,27275.0,492559.0,493738.0
2026-08-13 21:00:00,5296.0,5315.0,5280.0,5311.0,117281.0,493738.0,504056.0
2026-08-13 22:00:00,5311.0,5321.0,5306.0,5320.0,44649.0,504056.0,506311.0
2026-08-14 09:00:00,5327.0,5332.0,5300.0,5302.0,70529.0,506311.0,503392.0
2026-08-14 10:00:00,5302.0,5313.0,5298.0,5311.0,22936.0,503392.0,503704.0
2026-08-14 11:00:00,5311.0,5314.0,5308.0,5310.0,9565.0,503704.0,503866.0
2026-08-14 13:00:00,5310.0,5317.0,5309.0,5315.0,15982.0,503866.0,504856.0
2026-08-14 14:00:00,5315.0,5318.0,5304.0,5309.0,42677.0,504856.0,509613.0
2026-08-14 21:00:00,5291.0,5309.0,5285.0,5298.0,76738.0,509613.0,517939.0
2026-08-14 22:00:00,5298.0,5302.0,5290.0,5290.0,35498.0,517939.0,520070.0
2026-08-17 09:00:00,5295.0,5313.0,5292.0,5299.0,83144.0,520070.0,528006.0
2026-08-17 10:00:00,5299.0,5305.0,5293.0,5299.0,31082.0,528006.0,532472.0
2026-08-17 11:00:00,5299.0,5300.0,5288.0,5294.0,25782.0,532472.0,533221.0
2026-08-17 13:00:00,5294.0,5298.0,5292.0,5294.0,18573.0,533221.0,535980.0
2026-08-17 14:00:00,5294.0,5313.0,5294.0,5312.0,53587.0,535980.0,542375.0
2026-08-17 21:00:00,5306.0,5306.0,5259.0,5279.0,188287.0,542375.0,559334.0
2026-08-17 22:00:00,5279.0,5290.0,5277.0,5288.0,60489.0,559334.0,557464.0
2026-08-18 09:00:00,5294.0,5308.0,5290.0,5304.0,80416.0,557464.0,560393.0
2026-08-18 10:00:00,5304.0,5306.0,5293.0,5301.0,36380.0,560393.0,562810.0
2026-08-18 11:00:00,5301.0,5324.0,5301.0,5322.0,50469.0,562810.0,567662.0
2026-08-18 13:00:00,5325.0,5328.0,5308.0,5314.0,47075.0,567662.0,569950.0
2026-08-18 14:00:00,5314.0,5320.0,5311.0,5319.0,44635.0,569950.0,570930.0
2026-08-18 21:00:00,5340.0,5375.0,5335.0,5352.0,223831.0,570930.0,596283.0
2026-08-18 22:00:00,5352.0,5380.0,5348.0,5378.0,121260.0,596283.0,593737.0
2026-08-19 09:00:00,5379.0,5393.0,5371.0,5388.0,124161.0,593737.0,595507.0
2026-08-19 10:00:00,5388.0,5397.0,5366.0,5379.0,89730.0,595507.0,590805.0
2026-08-19 11:00:00,5379.0,5380.0,5364.0,5376.0,36603.0,590805.0,587861.0
2026-08-19 13:00:00,5376.0,5377.0,5362.0,5367.0,45945.0,587861.0,587820.0
2026-08-19 14:00:00,5367.0,5383.0,5362.0,5379.0,65043.0,587820.0,586762.0
2026-08-19 21:00:00,5368.0,5387.0,5350.0,5377.0,115116.0,586762.0,595192.0
2026-08-19 22:00:00,5377.0,5380.0,5366.0,5374.0,64941.0,595192.0,587891.0
2026-08-20 09:00:00,5375.0,5392.0,5374.0,5390.0,93744.0,587891.0,596448.0
2026-08-20 10:00:00,5390.0,5391.0,5364.0,5376.0,61291.0,596448.0,596290.0
2026-08-20 11:00:00,5376.0,5379.0,5371.0,5377.0,15645.0,596290.0,595851.0
2026-08-20 13:00:00,5376.0,5385.0,5374.0,5376.0,26412.0,595851.0,594444.0
2026-08-20 14:00:00,5376.0,5397.0,5375.0,5396.0,66375.0,594444.0,600917.0
2026-08-20 21:00:00,5393.0,5418.0,5371.0,5417.0,216700.0,600917.0,618928.0
2026-08-20 22:00:00,5417.0,5429.0,5381.0,5386.0,175529.0,618928.0,615129.0
2026-08-21 09:00:00,5370.0,5375.0,5354.0,5369.0,134241.0,615129.0,615269.0
2026-08-21 10:00:00,5369.0,5383.0,5368.0,5374.0,52837.0,615269.0,615955.0
2026-08-21 11:00:00,5374.0,5374.0,5366.0,5372.0,22794.0,615955.0,613671.0
2026-08-21 13:00:00,5371.0,5389.0,5371.0,5377.0,41444.0,613671.0,614048.0
2026-08-21 14:00:00,5377.0,5389.0,5373.0,5383.0,57729.0,614048.0,608798.0
2026-08-21 21:00:00,5378.0,5386.0,5371.0,5374.0,98827.0,608798.0,618857.0
2026-08-21 22:00:00,5374.0,5387.0,5374.0,5382.0,49818.0,618857.0,617093.0
2026-08-24 09:00:00,5378.0,5405.0,5375.0,5392.0,141322.0,617093.0,624085.0
2026-08-24 10:00:00,5392.0,5393.0,5375.0,5383.0,46233.0,624085.0,629079.0
2026-08-24 11:00:00,5383.0,5394.0,5382.0,5387.0,26634.0,629079.0,626266.0
2026-08-24 13:00:00,5386.0,5388.0,5377.0,5379.0,26465.0,626266.0,624760.0
2026-08-24 14:00:00,5379.0,5383.0,5363.0,5375.0,70573.0,624760.0,622185.0
2026-08-24 21:00:00,5359.0,5368.0,5335.0,5365.0,166354.0,622185.0,625079.0
2026-08-24 22:00:00,5365.0,5368.0,5355.0,5359.0,45816.0,625079.0,622789.0
2026-08-25 09:00:00,5371.0,5383.0,5364.0,5375.0,87119.0,622789.0,620335.0
2026-08-25 10:00:00,5375.0,5378.0,5355.0,5361.0,52918.0,620335.0,615158.0
2026-08-25 11:00:00,5361.0,5370.0,5356.0,5363.0,24082.0,615158.0,612346.0
2026-08-25 13:00:00,5362.0,5369.0,5360.0,5368.0,18644.0,612346.0,611920.0
2026-08-25 14:00:00,5368.0,5369.0,5346.0,5350.0,59992.0,611920.0,608652.0
2026-08-25 21:00:00,5338.0,5340.0,5308.0,5337.0,173065.0,608652.0,603216.0
2026-08-25 22:00:00,5337.0,5345.0,5335.0,5339.0,50009.0,603216.0,597699.0
2026-08-26 09:00:00,5336.0,5344.0,5320.0,5344.0,78112.0,597699.0,605129.0
2026-08-26 10:00:00,5344.0,5350.0,5336.0,5346.0,39087.0,605129.0,605768.0
2026-08-26 11:00:00,5346.0,5348.0,5341.0,5345.0,12663.0,605768.0,605284.0
2026-08-26 13:00:00,5345.0,5354.0,5345.0,5346.0,22740.0,605284.0,608557.0
2026-08-26 14:00:00,5346.0,5347.0,5335.0,5340.0,45278.0,608557.0,606614.0
2026-08-26 21:00:00,5355.0,5372.0,5352.0,5368.0,139027.0,606614.0,614891.0
2026-08-26 22:00:00,5368.0,5369.0,5360.0,5360.0,42435.0,614891.0,611013.0
2026-08-27 09:00:00,5365.0,5385.0,5363.0,5368.0,104982.0,611013.0,613192.0
2026-08-27 10:00:00,5368.0,5380.0,5367.0,5371.0,33567.0,613192.0,616126.0
2026-08-27 11:00:00,5371.0,5376.0,5368.0,5372.0,21661.0,616126.0,620106.0
2026-08-27 13:00:00,5372.0,5372.0,5342.0,5349.0,64684.0,620106.0,621615.0
2026-08-27 14:00:00,5349.0,5366.0,5345.0,5361.0,51595.0,621615.0,618907.0
2026-08-27 21:00:00,5372.0,5378.0,5358.0,5365.0,100337.0,618907.0,619125.0
2026-08-27 22:00:00,5365.0,5383.0,5365.0,5378.0,69919.0,619125.0,622129.0
2026-08-28 09:00:00,5389.0,5415.0,5389.0,5401.0,148716.0,622129.0,629957.0
2026-08-28 10:00:00,5401.0,5410.0,5398.0,5402.0,39873.0,629957.0,626733.0
2026-08-28 11:00:00,5402.0,5405.0,5394.0,5401.0,23622.0,626733.0,625233.0
2026-08-28 13:00:00,5400.0,5420.0,5400.0,5413.0,51812.0,625233.0,626308.0
2026-08-28 14:00:00,5413.0,5422.0,5408.0,5411.0,62795.0,626308.0,621217.0
2026-08-28 21:00:00,5395.0,5399.0,5382.0,5383.0,140004.0,621217.0,626094.0
2026-08-28 22:00:00,5383.0,5389.0,5375.0,5387.0,58891.0,626094.0,623023.0
2026-08-31 09:00:00,5374.0,5385.0,5353.0,5382.0,102163.0,623023.0,627234.0
2026-08-31 10:00:00,5382.0,5392.0,5378.0,5381.0,45878.0,627234.0,623504.0
2026-08-31 11:00:00,5381.0,5389.0,5376.0,5388.0,16904.0,623504.0,623245.0
2026-08-31 13:00:00,5389.0,5391.0,5375.0,5385.0,30141.0,623245.0,624426.0
2026-08-31 14:00:00,5385.0,5403.0,5383.0,5403.0,79053.0,624426.0,625460.0
2026-08-31 21:00:00,5412.0,5414.0,5393.0,5399.0,113021.0,625460.0,631205.0
2026-08-31 22:00:00,5399.0,5402.0,5386.0,5386.0,54330.0,631205.0,624735.0
2026-09-01 09:00:00,5388.0,5395.0,5377.0,5380.0,76306.0,624735.0,627029.0
2026-09-01 10:00:00,5380.0,5400.0,5380.0,5393.0,45014.0,627029.0,626630.0
2026-09-01 11:00:00,5393.0,5400.0,5391.0,5397.0,21940.0,626630.0,628948.0
2026-09-01 13:00:00,5398.0,5433.0,5398.0,5426.0,90745.0,628948.0,635904.0
2026-09-01 14:00:00,5426.0,5427.0,5403.0,5408.0,83877.0,635904.0,636092.0
2026-09-01 21:00:00,5401.0,5411.0,5394.0,5410.0,123594.0,636092.0,642361.0
2026-09-01 22:00:00,5410.0,5410.0,5400.0,5403.0,44718.0,642361.0,641651.0
2026-09-02 09:00:00,5423.0,5440.0,5405.0,5408.0,149146.0,641651.0,638852.0
2026-09-02 10:00:00,5408.0,5415.0,5388.0,5392.0,66071.0,638852.0,635765.0
2026-09-02 11:00:00,5392.0,5401.0,5388.0,5393.0,37645.0,635765.0,632403.0
2026-09-02 13:00:00,5393.0,5397.0,5385.0,5397.0,29286.0,632403.0,633072.0
2026-09-02 14:00:00,5397.0,5397.0,5378.0,5381.0,60412.0,633072.0,627861.0
2026-09-02 21:00:00,5374.0,5412.0,5367.0,5410.0,132332.0,627861.0,633218.0
2026-09-02 22:00:00,5410.0,5430.0,5407.0,5426.0,120481.0,633218.0,630530.0
2026-09-03 09:00:00,5426.0,5444.0,5423.0,5437.0,109981.0,630530.0,638642.0
2026-09-03 10:00:00,5437.0,5442.0,5427.0,5432.0,58444.0,638642.0,634792.0
2026-09-03 11:00:00,5432.0,5445.0,5431.0,5440.0,37089.0,634792.0,637213.0
2026-09-03 13:00:00,5438.0,5438.0,5425.0,5427.0,39292.0,637213.0,630775.0
2026-09-03 14:00:00,5427.0,5438.0,5421.0,5433.0,65060.0,630775.0,629468.0
2026-09-03 21:00:00,5398.0,5409.0,5388.0,5394.0,190574.0,629468.0,634188.0
2026-09-03 22:00:00,5394.0,5408.0,5392.0,5407.0,56103.0,634188.0,632911.0
2026-09-04 09:00:00,5408.0,5438.0,5405.0,5435.0,107718.0,632911.0,634253.0
2026-09-04 10:00:00,5435.0,5442.0,5429.0,5437.0,44966.0,634253.0,632692.0
2026-09-04 11:00:00,5437.0,5441.0,5433.0,5434.0,24589.0,632692.0,633570.0
2026-09-04 13:00:00,5433.0,5442.0,5429.0,5436.0,38653.0,633570.0,633477.0
2026-09-04 14:00:00,5436.0,5449.0,5427.0,5437.0,76576.0,633477.0,627777.0
2026-09-04 21:00:00,5441.0,5470.0,5435.0,5438.0,212525.0,627777.0,628602.0
2026-09-04 22:00:00,5438.0,5455.0,5438.0,5450.0,57270.0,628602.0,624537.0
2026-09-07 09:00:00,5450.0,5467.0,5441.0,5455.0,99867.0,624537.0,631888.0
2026-09-07 10:00:00,5455.0,5464.0,5446.0,5459.0,40894.0,631888.0,633507.0
2026-09-07 11:00:00,5459.0,5460.0,5448.0,5453.0,19492.0,633507.0,633116.0
2026-09-07 13:00:00,5453.0,5457.0,5445.0,5453.0,23515.0,633116.0,635011.0
2026-09-07 14:00:00,5453.0,5463.0,5446.0,5456.0,48034.0,635011.0,632461.0
2026-09-07 21:00:00,5454.0,5470.0,5449.0,5454.0,109116.0,632461.0,645229.0
2026-09-07 22:00:00,5454.0,5464.0,5450.0,5460.0,47910.0,645229.0,644026.0
2026-09-08 09:00:00,5461.0,5495.0,5460.0,5493.0,156305.0,644026.0,656647.0
2026-09-08 10:00:00,5493.0,5497.0,5484.0,5488.0,62422.0,656647.0,656099.0
2026-09-08 11:00:00,5488.0,5494.0,5478.0,5487.0,32940.0,656099.0,657574.0
2026-09-08 13:00:00,5487.0,5498.0,5487.0,5498.0,38116.0,657574.0,659238.0
2026-09-08 14:00:00,5498.0,5510.0,5497.0,5506.0,109175.0,659238.0,663691.0
2026-09-08 21:00:00,5491.0,5501.0,5485.0,5493.0,137380.0,663691.0,674599.0
2026-09-08 22:00:00,5493.0,5504.0,5492.0,5498.0,49142.0,674599.0,671158.0
2026-09-09 09:00:00,5505.0,5505.0,5474.0,5476.0,131888.0,671158.0,666433.0
2026-09-09 10:00:00,5476.0,5484.0,5467.0,5482.0,57667.0,666433.0,663992.0
2026-09-09 11:00:00,5482.0,5484.0,5472.0,5473.0,19290.0,663992.0,663852.0
2026-09-09 13:00:00,5473.0,5479.0,5468.0,5477.0,35292.0,663852.0,663407.0
2026-09-09 14:00:00,5477.0,5486.0,5476.0,5485.0,50131.0,663407.0,658588.0
2026-09-09 21:00:00,5483.0,5490.0,5456.0,5459.0,148975.0,658588.0,664738.0
2026-09-09 22:00:00,5459.0,5469.0,5446.0,5468.0,99189.0,664738.0,651034.0
2026-09-10 09:00:00,5471.0,5482.0,5467.0,5471.0,75733.0,651034.0,648117.0
2026-09-10 10:00:00,5471.0,5481.0,5465.0,5477.0,41392.0,648117.0,647953.0
2026-09-10 11:00:00,5477.0,5479.0,5472.0,5472.0,13849.0,647953.0,647335.0
2026-09-10 13:00:00,5471.0,5471.0,5452.0,5464.0,40413.0,647335.0,644691.0
2026-09-10 14:00:00,5464.0,5465.0,5446.0,5449.0,71102.0,644691.0,645743.0
2026-09-10 21:00:00,5455.0,5470.0,5432.0,5448.0,156150.0,645743.0,648317.0
2026-09-10 22:00:00,5448.0,5455.0,5438.0,5453.0,56490.0,648317.0,651408.0
2026-09-11 09:00:00,5460.0,5473.0,5439.0,5448.0,123070.0,651408.0,647189.0
2026-09-11 10:00:00,5448.0,5450.0,5424.0,5431.0,72746.0,647189.0,644037.0
2026-09-11 11:00:00,5431.0,5441.0,5427.0,5433.0,26796.0,644037.0,643436.0
2026-09-11 13:00:00,5431.0,5448.0,5429.0,5442.0,32304.0,643436.0,640745.0
2026-09-11 14:00:00,5442.0,5446.0,5438.0,5441.0,37434.0,640745.0,637359.0
2026-09-11 21:00:00,5416.0,5436.0,5408.0,5423.0,118795.0,637359.0,644682.0
2026-09-11 22:00:00,5423.0,5424.0,5375.0,5380.0,178688.0,644682.0,627413.0
2026-09-14 09:00:00,5386.0,5393.0,5370.0,5386.0,116352.0,627413.0,629131.0
2026-09-14 10:00:00,5386.0,5390.0,5379.0,5385.0,36604.0,629131.0,629582.0
2026-09-14 11:00:00,5385.0,5391.0,5384.0,5390.0,17068.0,629582.0,628353.0
2026-09-14 13:00:00,5390.0,5390.0,5376.0,5377.0,25781.0,628353.0,626910.0
2026-09-14 14:00:00,5377.0,5390.0,5366.0,5387.0,66380.0,626910.0,617091.0
2026-09-14 21:00:00,5395.0,5398.0,5378.0,5384.0,90751.0,617091.0,619762.0
